mapped_id,word,sentence_id,location_in_sentence,bundle_id,xmin,ymin,xmax,ymax,Page
0,#A,548,1,0,250.11903381347656,330.8940734863281,292.1193542480469,340.8566589355469,2
1,#E,548,0,0,250.11903381347656,330.8940734863281,292.1193542480469,340.8566589355469,2
2,(#A),539,1,0,244.38302612304688,281.6824035644531,412.6624450683594,291.6449890136719,2
3,"(#E),",538,1,0,244.38302612304688,269.8069763183594,412.4680786132813,279.7695617675781,2
4,(1),51,1,0,53.67857360839844,401.8160705566406,221.66989135742188,411.7786560058594,0
5,(1),292,1,0,208.9598846435547,572.3267211914062,221.71600341796875,582.2893676757812,1
6,"(1),",304,1,0,244.36697387695312,102.74958801269533,412.5057678222656,112.71218872070312,1
7,(2),55,1,0,53.67857360839844,425.8059997558594,221.74766540527344,435.7685852050781,0
8,(2),319,1,0,244.35987854003903,234.64952087402344,412.8335266113281,244.61212158203125,1
9,(3),64,1,0,53.67857360839844,461.6713562011719,221.71376037597656,471.6339416503906,0
10,(3),324,0,0,399.6360778808594,296.8031005859375,412.3921813964844,306.76568603515625,1
11,(5),325,1,0,399.6360778808594,296.8031005859375,412.3921813964844,306.76568603515625,1
12,(KKT),320,1,0,244.35987854003903,246.5249481201172,412.5803527832031,256.487548828125,1
13,"(NB,",974,1,0,53.67893981933594,509.1951599121094,221.72805786132807,519.1577758789062,4
14,"(NB,",1027,1,0,244.36309814453125,537.070556640625,382.1559448242188,547.033203125,4
15,(SVDD),79,0,0,53.67857360839844,621.2422485351562,221.81529235839844,631.2048950195312,0
16,(SVDD),208,0,0,53.67903137207031,114.7489776611328,221.8297576904297,124.71157836914062,1
17,(SVDD),253,0,0,53.679046630859375,383.9485168457031,221.8278350830078,393.9111022949219,1
18,"0.2,",1048,0,0,244.3630828857422,620.6766967773438,278.83660888671875,630.6393432617188,4
19,0.396,927,0,0,303.6390380859375,311.37994384765625,321.74298095703125,318.3537292480469,4
20,"0.4,",1048,1,0,244.3630828857422,620.6766967773438,278.83660888671875,630.6393432617188,4
21,0.407,852,1,0,267.51904296875,112.179931640625,285.6229858398437,119.15373229980467,4
22,0.409,926,1,0,160.71902465820312,311.37994384765625,178.82301330566406,318.3537292480469,4
23,0.423,927,1,0,303.6390380859375,311.37994384765625,321.74298095703125,318.3537292480469,4
24,0.469,920,0,0,230.19903564453125,295.5399475097656,250.9014892578125,302.51373291015625,4
25,0.479,870,1,0,267.51904296875,159.93994140625,285.6229858398437,166.9137420654297,4
26,0.483,933,1,0,231.39903259277344,327.3399353027344,249.5030212402344,334.313720703125,4
27,0.512,881,1,0,116.07903289794922,191.8599548339844,136.64476013183594,198.8337554931641,4
28,0.514,930,0,0,196.11903381347656,319.4199523925781,214.2230224609375,326.39373779296875,4
29,0.514,930,1,0,196.11903381347656,319.4199523925781,214.2230224609375,326.39373779296875,4
30,0.521,934,1,0,231.39903259277344,327.3399353027344,249.5030212402344,334.313720703125,4
31,0.523,919,1,0,230.19903564453125,295.5399475097656,250.9014892578125,302.51373291015625,4
32,0.536,934,0,0,231.39903259277344,327.3399353027344,249.5030212402344,334.313720703125,4
33,0.537,920,1,0,230.19903564453125,295.5399475097656,250.9014892578125,302.51373291015625,4
34,0.541,931,0,0,339.0390319824219,319.4199523925781,357.1429748535156,326.39373779296875,4
35,0.548,923,0,0,266.31903076171875,303.4599304199219,287.0214233398437,310.4337158203125,4
36,0.551,892,1,0,303.6390380859375,215.73992919921875,321.74298095703125,222.71372985839844,4
37,0.553,923,1,0,266.31903076171875,303.4599304199219,287.0214233398437,310.4337158203125,4
38,0.557,924,0,0,266.31903076171875,303.4599304199219,287.0214233398437,310.4337158203125,4
39,0.559,867,1,0,120.51902770996094,159.93994140625,131.96791076660156,166.9137420654297,4
40,0.560,869,1,0,267.51904296875,159.93994140625,285.6229858398437,166.9137420654297,4
41,0.569,874,0,0,303.6390380859375,167.97991943359375,321.74298095703125,174.95372009277344,4
42,0.576,881,0,0,116.07903289794922,191.8599548339844,136.64476013183594,198.8337554931641,4
43,0.582,866,0,0,230.19903564453125,152.01995849609375,250.9014892578125,158.99375915527344,4
44,0.593,867,0,0,120.51902770996094,159.93994140625,131.96791076660156,166.9137420654297,4
45,"0.6,",1049,0,0,244.3630828857422,620.6766967773438,278.83660888671875,630.6393432617188,4
46,0.600,909,0,0,303.6390380859375,263.61993408203125,321.74298095703125,270.5937194824219,4
47,0.604,902,0,0,231.39903259277344,247.65994262695312,249.5030212402344,254.6337432861328,4
48,0.606,902,1,0,231.39903259277344,247.65994262695312,249.5030212402344,254.6337432861328,4
49,0.607,851,0,0,267.51904296875,112.179931640625,285.6229858398437,119.15373229980467,4
50,0.608,908,1,0,160.71902465820312,263.61993408203125,178.82301330566406,270.5937194824219,4
51,0.611,909,1,0,303.6390380859375,263.61993408203125,321.74298095703125,270.5937194824219,4
52,0.612,859,1,0,337.7190246582031,128.13995361328125,358.4214172363281,135.11375427246094,4
53,0.613,880,0,0,230.19903564453125,183.93994140625,250.9014892578125,190.9137420654297,4
54,0.615,873,0,0,303.6390380859375,167.97991943359375,321.74298095703125,174.95372009277344,4
55,0.617,912,1,0,196.11903381347656,271.5399475097656,214.2230224609375,278.51373291015625,4
56,0.620,865,1,0,230.19903564453125,152.01995849609375,250.9014892578125,158.99375915527344,4
57,0.620,905,1,0,265.5990295410156,255.57992553710935,287.6571044921875,262.5537109375,4
58,0.622,901,1,0,231.39903259277344,247.65994262695312,249.5030212402344,254.6337432861328,4
59,0.623,874,1,0,303.6390380859375,167.97991943359375,321.74298095703125,174.95372009277344,4
60,0.623,905,0,0,265.5990295410156,255.57992553710935,287.6571044921875,262.5537109375,4
61,0.625,906,0,0,265.5990295410156,255.57992553710935,287.6571044921875,262.5537109375,4
62,0.625,916,0,0,231.39903259277344,279.5799255371094,249.5030212402344,286.5537109375,4
63,0.629,858,0,0,196.11903381347656,128.13995361328125,214.2230224609375,135.11375427246094,4
64,0.629,912,0,0,196.11903381347656,271.5399475097656,214.2230224609375,278.51373291015625,4
65,0.629,913,0,0,337.7190246582031,271.5399475097656,358.4214172363281,278.51373291015625,4
66,0.631,916,1,0,231.39903259277344,279.5799255371094,249.5030212402344,286.5537109375,4
67,0.632,915,1,0,231.39903259277344,279.5799255371094,249.5030212402344,286.5537109375,4
68,0.640,882,0,0,116.07903289794922,191.8599548339844,136.64476013183594,198.8337554931641,4
69,0.642,872,1,0,160.71902465820312,167.97991943359375,178.82301330566406,174.95372009277344,4
70,0.645,875,0,0,196.11903381347656,175.89996337890625,214.2230224609375,182.87376403808597,4
71,0.651,873,1,0,303.6390380859375,167.97991943359375,321.74298095703125,174.95372009277344,4
72,0.652,866,1,0,230.19903564453125,152.01995849609375,250.9014892578125,158.99375915527344,4
73,0.663,871,1,0,160.71902465820312,167.97991943359375,178.82301330566406,174.95372009277344,4
74,0.663,876,1,0,196.11903381347656,175.89996337890625,214.2230224609375,182.87376403808597,4
75,0.665,877,1,0,337.7190246582031,175.89996337890625,358.4214172363281,182.87376403808597,4
76,0.668,855,0,0,303.6390380859375,120.09991455078124,321.74298095703125,127.07371520996094,4
77,0.673,871,0,0,160.71902465820312,167.97991943359375,178.82301330566406,174.95372009277344,4
78,0.676,877,0,0,337.7190246582031,175.89996337890625,358.4214172363281,182.87376403808597,4
79,0.678,879,1,0,230.19903564453125,183.93994140625,250.9014892578125,190.9137420654297,4
80,0.678,880,1,0,230.19903564453125,183.93994140625,250.9014892578125,190.9137420654297,4
81,0.689,869,0,0,267.51904296875,159.93994140625,285.6229858398437,166.9137420654297,4
82,0.689,878,0,0,337.7190246582031,175.89996337890625,358.4214172363281,182.87376403808597,4
83,0.699,876,0,0,196.11903381347656,175.89996337890625,214.2230224609375,182.87376403808597,4
84,0.701,868,0,0,120.51902770996094,159.93994140625,131.96791076660156,166.9137420654297,4
85,0.715,870,0,0,267.51904296875,159.93994140625,285.6229858398437,166.9137420654297,4
86,0.719,878,1,0,337.7190246582031,175.89996337890625,358.4214172363281,182.87376403808597,4
87,0.722,854,1,0,160.71902465820312,120.09991455078124,178.82301330566406,127.07371520996094,4
88,0.723,892,0,0,303.6390380859375,215.73992919921875,321.74298095703125,222.71372985839844,4
89,0.726,891,0,0,303.6390380859375,215.73992919921875,321.74298095703125,222.71372985839844,4
90,0.726,893,0,0,194.7990264892578,223.77993774414065,215.50148010253903,230.7537384033203,4
91,0.728,861,1,0,230.19903564453125,136.0599365234375,250.9014892578125,143.0337371826172,4
92,0.730,863,0,0,116.31903076171876,144.09991455078125,136.21669006347656,151.07371520996094,4
93,0.760,858,1,0,196.11903381347656,128.13995361328125,214.2230224609375,135.11375427246094,4
94,0.766,847,1,0,230.19903564453125,104.25994873046876,250.9014892578125,111.23374938964844,4
95,0.775,890,1,0,160.71902465820312,215.73992919921875,178.82301330566406,222.71372985839844,4
96,0.783,895,0,0,339.0390319824219,223.77993774414065,357.1429748535156,230.7537384033203,4
97,0.784,891,1,0,303.6390380859375,215.73992919921875,321.74298095703125,222.71372985839844,4
98,0.786,859,0,0,337.7190246582031,128.13995361328125,358.4214172363281,135.11375427246094,4
99,0.787,894,0,0,194.7990264892578,223.77993774414065,215.50148010253903,230.7537384033203,4
100,0.788,849,0,0,120.51902770996094,112.179931640625,131.96791076660156,119.15373229980467,4
101,0.790,894,1,0,194.7990264892578,223.77993774414065,215.50148010253903,230.7537384033203,4
102,0.794,896,1,0,339.0390319824219,223.77993774414065,357.1429748535156,230.7537384033203,4
103,0.795,904,0,0,120.51902770996094,255.57992553710935,131.96791076660156,262.5537109375,4
104,0.795,921,1,0,120.51902770996094,303.4599304199219,131.96791076660156,310.4337158203125,4
105,0.796,910,1,0,303.6390380859375,263.61993408203125,321.74298095703125,270.5937194824219,4
106,0.797,856,0,0,303.6390380859375,120.09991455078124,321.74298095703125,127.07371520996094,4
107,0.797,903,1,0,120.51902770996094,255.57992553710935,131.96791076660156,262.5537109375,4
108,0.797,928,0,0,303.6390380859375,311.37994384765625,321.74298095703125,318.3537292480469,4
109,0.798,928,1,0,303.6390380859375,311.37994384765625,321.74298095703125,318.3537292480469,4
110,0.8.,1049,1,0,244.3630828857422,620.6766967773438,278.83660888671875,630.6393432617188,4
111,0.801,929,0,0,196.11903381347656,319.4199523925781,214.2230224609375,326.39373779296875,4
112,0.802,917,1,0,112.3590316772461,287.4999389648437,140.15658569335938,294.4737243652344,4
113,0.803,895,1,0,339.0390319824219,223.77993774414065,357.1429748535156,230.7537384033203,4
114,0.804,896,0,0,339.0390319824219,223.77993774414065,357.1429748535156,230.7537384033203,4
115,0.804,903,0,0,120.51902770996094,255.57992553710935,131.96791076660156,262.5537109375,4
116,0.805,855,1,0,303.6390380859375,120.09991455078124,321.74298095703125,127.07371520996094,4
117,0.807,910,0,0,303.6390380859375,263.61993408203125,321.74298095703125,270.5937194824219,4
118,0.808,925,0,0,160.71902465820312,311.37994384765625,178.82301330566406,318.3537292480469,4
119,0.809,848,0,0,230.19903564453125,104.25994873046876,250.9014892578125,111.23374938964844,4
120,0.809,862,0,0,230.19903564453125,136.0599365234375,250.9014892578125,143.0337371826172,4
121,0.809,911,0,0,196.11903381347656,271.5399475097656,214.2230224609375,278.51373291015625,4
122,0.816,917,0,0,112.3590316772461,287.4999389648437,140.15658569335938,294.4737243652344,4
123,0.816,918,0,0,112.3590316772461,287.4999389648437,140.15658569335938,294.4737243652344,4
124,0.817,907,0,0,160.71902465820312,263.61993408203125,178.82301330566406,270.5937194824219,4
125,0.821,887,0,0,267.51904296875,207.8199462890625,285.6229858398437,214.7937469482422,4
126,0.822,922,0,0,120.51902770996094,303.4599304199219,131.96791076660156,310.4337158203125,4
127,0.823,935,0,0,80.31893157958984,345.9281005859375,385.8937377929688,355.89068603515625,4
128,0.8236,906,1,0,265.5990295410156,255.57992553710935,287.6571044921875,262.5537109375,4
129,0.824,914,0,0,337.7190246582031,271.5399475097656,358.4214172363281,278.51373291015625,4
130,0.826,887,1,0,267.51904296875,207.8199462890625,285.6229858398437,214.7937469482422,4
131,0.828,921,0,0,120.51902770996094,303.4599304199219,131.96791076660156,310.4337158203125,4
132,0.829,888,0,0,267.51904296875,207.8199462890625,285.6229858398437,214.7937469482422,4
133,0.829,935,1,0,80.31893157958984,345.9281005859375,385.8937377929688,355.89068603515625,4
134,0.830,925,1,0,160.71902465820312,311.37994384765625,178.82301330566406,318.3537292480469,4
135,0.830,936,0,0,80.31893157958984,345.9281005859375,385.8937377929688,355.89068603515625,4
136,0.831,889,0,0,160.71902465820312,215.73992919921875,178.82301330566406,222.71372985839844,4
137,0.832,907,1,0,160.71902465820312,263.61993408203125,178.82301330566406,270.5937194824219,4
138,0.832,913,1,0,337.7190246582031,271.5399475097656,358.4214172363281,278.51373291015625,4
139,0.832,914,1,0,337.7190246582031,271.5399475097656,358.4214172363281,278.51373291015625,4
140,0.832,932,1,0,339.0390319824219,319.4199523925781,357.1429748535156,326.39373779296875,4
141,0.833,888,1,0,267.51904296875,207.8199462890625,285.6229858398437,214.7937469482422,4
142,0.835,924,1,0,266.31903076171875,303.4599304199219,287.0214233398437,310.4337158203125,4
143,0.836,931,1,0,339.0390319824219,319.4199523925781,357.1429748535156,326.39373779296875,4
144,0.836,932,0,0,339.0390319824219,319.4199523925781,357.1429748535156,326.39373779296875,4
145,0.837,889,1,0,160.71902465820312,215.73992919921875,178.82301330566406,222.71372985839844,4
146,0.848,862,1,0,230.19903564453125,136.0599365234375,250.9014892578125,143.0337371826172,4
147,0.849,851,1,0,267.51904296875,112.179931640625,285.6229858398437,119.15373229980467,4
148,0.861,852,0,0,267.51904296875,112.179931640625,285.6229858398437,119.15373229980467,4
149,0.863,848,1,0,230.19903564453125,104.25994873046876,250.9014892578125,111.23374938964844,4
150,0.873,856,1,0,303.6390380859375,120.09991455078124,321.74298095703125,127.07371520996094,4
151,0.878,898,0,0,230.19903564453125,231.699951171875,250.9014892578125,238.6737518310547,4
152,0.880,899,1,0,111.15902709960938,239.73992919921875,141.54457092285156,246.71372985839844,4
153,0.892,863,1,0,116.31903076171876,144.09991455078125,136.21669006347656,151.07371520996094,4
154,0.897,860,0,0,337.7190246582031,128.13995361328125,358.4214172363281,135.11375427246094,4
155,0.902,849,1,0,120.51902770996094,112.179931640625,131.96791076660156,119.15373229980467,4
156,0.905,860,1,0,337.7190246582031,128.13995361328125,358.4214172363281,135.11375427246094,4
157,0.909,853,0,0,160.71902465820312,120.09991455078124,178.82301330566406,127.07371520996094,4
158,0.910,857,0,0,196.11903381347656,128.13995361328125,214.2230224609375,135.11375427246094,4
159,0.914,853,1,0,160.71902465820312,120.09991455078124,178.82301330566406,127.07371520996094,4
160,0.918,864,0,0,116.31903076171876,144.09991455078125,136.21669006347656,151.07371520996094,4
161,0.925,850,0,0,120.51902770996094,112.179931640625,131.96791076660156,119.15373229980467,4
162,0.926,884,0,0,231.39903259277344,199.89993286132807,249.5030212402344,206.8737335205078,4
163,0.928,884,1,0,231.39903259277344,199.89993286132807,249.5030212402344,206.8737335205078,4
164,0.929,885,1,0,120.51902770996094,207.8199462890625,131.96791076660156,214.7937469482422,4
165,0.930,886,0,0,120.51902770996094,207.8199462890625,131.96791076660156,214.7937469482422,4
166,0.936,883,1,0,231.39903259277344,199.89993286132807,249.5030212402344,206.8737335205078,4
167,0.936,897,1,0,230.19903564453125,231.699951171875,250.9014892578125,238.6737518310547,4
168,0.939,885,0,0,120.51902770996094,207.8199462890625,131.96791076660156,214.7937469482422,4
169,0.939,899,0,0,111.15902709960938,239.73992919921875,141.54457092285156,246.71372985839844,4
170,0.941,898,1,0,230.19903564453125,231.699951171875,250.9014892578125,238.6737518310547,4
171,0.943,900,0,0,111.15902709960938,239.73992919921875,141.54457092285156,246.71372985839844,4
172,1,4,1,0,59.678932189941406,159.85992431640625,63.64702606201172,166.83372497558594,0
173,1,531,1,0,281.0693359375,245.8170318603516,412.4203186035156,255.77963256835935,2
174,1,620,1,0,53.67903137207031,100.85108947753906,221.8507232666016,110.81369018554688,3
175,1,779,1,0,244.35324096679688,354.7182922363281,412.4581298828125,364.6808776855469,3
176,1,1186,1,0,53.467041015625,430.396728515625,111.43939971923828,440.35931396484375,6
177,1),842,0,0,275.0790405273437,79.9000244140625,348.8576354980469,86.87382507324219,4
178,"1,",125,0,0,244.36273193359372,367.1262512207031,412.4916687011719,377.0888366699219,0
179,"1,",225,1,0,53.679046630859375,210.3501739501953,221.90557861328125,220.31277465820312,1
180,1.,79,1,0,53.67857360839844,621.2422485351562,221.81529235839844,631.2048950195312,0
181,1.,344,1,0,244.36383056640625,395.7838745117188,412.4451293945313,405.7464599609375,1
182,10%,1039,0,0,244.3630828857422,584.8113403320312,412.4980773925781,594.7739868164062,4
183,1000,555,1,0,337.95904541015625,354.7740783691406,358.060546875,364.7366638183594,2
184,1000,560,1,0,384.3990173339844,378.7740783691406,405.5466003417969,388.7366638183594,2
185,12.6%,556,1,0,306.3990173339844,366.7740783691406,324.63055419921875,376.7366638183594,2
186,1:,362,0,0,244.3590240478516,556.2741088867188,404.95806884765625,565.2405395507812,1
187,1:,562,1,0,246.15902709960935,400.49407958984375,410.5498046875,410.4566650390625,2
188,2,658,1,0,63.76118087768555,246.1158599853516,221.8028564453125,256.0784606933594,3
189,2,749,0,0,244.34329223632807,222.5245513916016,412.4721374511719,232.48715209960935,3
190,2,1194,0,0,53.47700500488281,478.1375122070313,221.6974334716797,488.10009765625,6
191,2),843,0,0,238.71902465820312,88.1325912475586,242.11526489257807,95.10638427734376,4
192,"2,",774,1,0,254.3158416748047,342.8428649902344,412.517822265625,352.8054504394531,3
193,"2,",782,1,0,244.35324096679688,366.7132568359375,392.42138671875,376.67584228515625,3
194,2.,133,1,0,254.3253326416016,392.5607604980469,412.4217224121094,402.5233459472656,0
195,2.,246,0,0,53.679046630859375,341.48046875,175.33035278320312,351.4430847167969,1
196,2.1.,247,0,0,53.679046630859375,341.48046875,175.33035278320312,351.4430847167969,1
197,2.2.,363,1,0,244.3590240478516,588.525634765625,393.3497314453125,598.4882202148438,1
198,"20%,",698,0,0,53.68901062011719,439.36041259765625,221.75802612304688,449.322998046875,3
199,"20%,",707,0,0,53.68901062011719,499.0961608886719,138.04237365722656,509.0587463378906,3
200,20.2%,554,0,0,337.95904541015625,354.7740783691406,358.060546875,364.7366638183594,2
201,2006.,1210,0,0,53.47700500488281,549.8682250976562,221.5480194091797,559.8308715820312,6
202,2008.,1239,0,0,244.15122985839844,450.21234130859375,412.3598327636719,460.1749267578125,6
203,"200800060005,",1178,0,0,244.3602600097656,633.5875854492188,317.6908569335937,643.5502319335938,5
204,20091102120014.,1178,1,0,244.3602600097656,633.5875854492188,317.6908569335937,643.5502319335938,5
205,2010,201,1,0,90.98399353027344,78.88356018066406,114.78962707519533,88.84616088867188,1
206,2010,374,1,0,53.7465705871582,50.71527862548828,290.1668395996094,58.69527816772461,1
207,2010,616,1,0,179.65542602539062,50.71527862548828,416.0758361816406,58.69527816772461,2
208,2010,837,1,0,53.7465705871582,50.71527862548828,290.1668395996094,58.69527816772461,3
209,2010,1053,1,0,179.65542602539062,50.71527862548828,416.0758361816406,58.69527816772461,4
210,2010,1180,0,0,53.7465705871582,50.71527862548828,290.1668395996094,58.69527816772461,5
211,2010,1277,0,0,179.6551971435547,50.71527862548828,416.07562255859375,58.69527816772461,6
212,2010.,1275,1,0,259.7526550292969,629.4195556640625,282.6825256347656,639.3822021484375,6
213,208,553,0,0,364.95904541015625,342.8940734863281,374.98040771484375,352.8566589355469,2
214,24,561,0,0,384.3990173339844,378.7740783691406,405.5466003417969,388.7366638183594,2
215,2:,937,0,0,80.31893157958984,345.9281005859375,385.8937377929688,355.89068603515625,4
216,2:,1057,0,0,100.83902740478516,274.64508056640625,220.2607421875,284.607666015625,5
217,3,145,1,0,244.36273193359372,428.4261169433594,412.4933776855469,438.3887023925781,0
218,3,1022,1,0,244.36309814453125,513.2001342773438,388.0028381347656,523.1627807617188,4
219,3,1050,1,0,254.32568359375,633.7576293945312,412.392333984375,643.7202758789062,4
220,3,1210,1,0,53.47700500488281,549.8682250976562,221.5480194091797,559.8308715820312,6
221,3.,494,1,0,244.38302612304688,78.58729553222656,367.3314514160156,88.54989624023438,2
222,3.1.,619,0,0,53.67903137207031,78.77650451660156,145.55613708496094,88.73910522460938,3
223,3.2.,748,0,0,244.34329223632807,190.8560028076172,336.22039794921875,200.818603515625,3
224,3.3.,1021,1,0,244.36309814453125,492.79931640625,336.2402038574219,502.7619323730469,4
225,34,551,0,0,381.8790283203125,330.8940734863281,408.0666809082031,340.8566589355469,2
226,351,550,1,0,381.8790283203125,330.8940734863281,408.0666809082031,340.8566589355469,2
227,"371–378,",1209,1,0,69.07843780517578,537.9927368164062,132.9366912841797,547.9553833007812,6
228,3:,1184,0,0,66.06973266601562,370.6310729980469,254.4505615234375,380.5936584472656,6
229,4,208,1,0,53.67903137207031,114.7489776611328,221.8297576904297,124.71157836914062,1
230,4,1225,1,0,53.477012634277344,609.6039428710938,172.3477783203125,619.5665893554688,6
231,4.,263,1,0,111.6417236328125,419.4638977050781,115.07881927490234,429.426513671875,1
232,4.,1101,0,0,53.67609405517578,562.5568237304688,123.26087951660156,572.5194091796875,5
233,41.3%,551,1,0,381.8790283203125,330.8940734863281,408.0666809082031,340.8566589355469,2
234,491,199,1,0,53.587158203125,659.6309204101562,124.6115493774414,667.618896484375,0
235,492,373,1,0,53.7465705871582,50.71527862548828,290.1668395996094,58.69527816772461,1
236,493,615,1,0,179.65542602539062,50.71527862548828,416.0758361816406,58.69527816772461,2
237,494,836,1,0,53.7465705871582,50.71527862548828,290.1668395996094,58.69527816772461,3
238,495,1052,1,0,400.8610229492188,659.7967529296875,414.1780395507813,667.7767333984375,4
239,496,1179,0,0,53.7465705871582,50.71527862548828,290.1668395996094,58.69527816772461,5
240,497,1276,0,0,179.6551971435547,50.71527862548828,416.07562255859375,58.69527816772461,6
241,5,226,0,0,53.679046630859375,210.3501739501953,221.90557861328125,220.31277465820312,1
242,5,1233,0,0,328.9330749511719,402.3520202636719,412.3958129882813,412.3146057128906,6
243,5.7%,561,1,0,384.3990173339844,378.7740783691406,405.5466003417969,388.7366638183594,2
244,6,1239,1,0,244.15122985839844,450.21234130859375,412.3598327636719,460.1749267578125,6
245,"6,",230,1,0,53.679046630859375,222.3451385498047,221.7909698486328,232.3077392578125,1
246,60,553,1,0,364.95904541015625,342.8940734863281,374.98040771484375,352.8566589355469,2
247,60,556,0,0,306.3990173339844,366.7740783691406,324.63055419921875,376.7366638183594,2
248,7,231,0,0,53.679046630859375,222.3451385498047,221.7909698486328,232.3077392578125,1
249,7,1248,1,0,244.15121459960935,497.953125,270.3229675292969,507.9157104492188,6
250,7.9%,559,0,0,253.47903442382807,378.7740783691406,288.5374450683594,388.7366638183594,2
251,"70901002,",1170,0,0,244.36024475097656,597.7222290039062,412.5288696289063,607.6848754882812,5
252,768,558,0,0,253.47903442382807,378.7740783691406,288.5374450683594,388.7366638183594,2
253,8,558,1,0,253.47903442382807,378.7740783691406,288.5374450683594,388.7366638183594,2
254,8,1257,1,0,244.15121459960935,545.8134155273438,377.2744140625,555.7760620117188,6
255,"8,",245,0,0,53.679046630859375,293.9563293457031,124.8418960571289,303.9189147949219,1
256,9,1266,1,0,244.15122985839844,593.55419921875,412.3507385253906,603.516845703125,6
257,9.,245,1,0,53.679046630859375,293.9563293457031,124.8418960571289,303.9189147949219,1
258,"90924020,",1170,1,0,244.36024475097656,597.7222290039062,412.5288696289063,607.6848754882812,5
259,A,2,0,0,67.11360168457031,102.16719818115234,399.3141784667969,122.09249877929688,0
260,A.,1201,1,0,69.07843780517578,502.12744140625,221.57797241210935,512.0900268554688,6
261,ACM,1264,1,0,259.7526550292969,569.683837890625,282.7164611816406,579.646484375,6
262,Abstract,5,0,0,53.67857360839844,222.6088104248047,221.7615509033203,232.5714111328125,0
263,According,321,0,0,244.35987854003903,246.5249481201172,412.5803527832031,256.487548828125,1
264,Acknowledgements,1161,1,0,244.3602600097656,561.8568725585938,412.4193420410156,571.8195190429688,5
265,After,435,1,0,117.47644805908205,379.036865234375,221.81082153320312,388.99945068359375,2
266,After,646,1,0,53.67903137207031,184.4573211669922,221.756103515625,194.419921875,3
267,"Alejo,",1196,0,0,53.47700500488281,478.1375122070313,221.6974334716797,488.10009765625,6
268,An-,802,0,0,244.353271484375,474.1798095703125,412.721435546875,484.1423950195313,3
269,And,818,1,0,244.3532867431641,557.9054565429688,412.4443359375,567.8681030273438,3
270,Another,693,1,0,63.77115249633789,415.3704833984375,221.81890869140625,425.33306884765625,3
271,Appl.,1238,1,0,244.15122985839844,450.21234130859375,412.3598327636719,460.1749267578125,6
272,As,67,0,0,53.67857360839844,473.5467834472656,221.88113403320312,483.5093688964844,0
273,As,680,1,0,53.67903137207031,317.8465881347656,221.6385040283203,327.8091735839844,3
274,As,986,1,0,53.67893981933594,545.0604858398438,221.80584716796875,555.0231323242188,4
275,As,1059,1,0,53.67608642578125,318.440673828125,221.87466430664065,328.4032592773437,5
276,As,1083,0,0,53.67609024047852,449.9071350097656,222.0839385986328,459.8697204589844,5
277,Atlantis,200,1,0,53.587158203125,659.6309204101562,124.6115493774414,667.618896484375,0
278,Batista,1212,0,0,53.47700500488281,549.8682250976562,221.5480194091797,559.8308715820312,6
279,Boundaries,362,1,0,244.3590240478516,556.2741088867188,404.95806884765625,565.2405395507812,1
280,"Boutell,",1240,1,0,244.15122985839844,450.21234130859375,412.3598327636719,460.1749267578125,6
281,Browm.,1245,1,0,259.7526550292969,462.0877685546875,412.1953125,472.0503540039063,6
282,But,981,1,0,53.67893981933594,533.1851196289062,221.78582763671875,543.1477661132812,4
283,But,1007,1,0,244.36309814453125,389.62408447265625,412.32464599609375,399.586669921875,4
284,By,1126,0,0,244.3602600097656,366.19140625,412.5928039550781,376.1539916992188,5
285,C.L.,1187,1,0,53.467041015625,430.396728515625,111.43939971923828,440.35931396484375,6
286,C.M.,1245,0,0,259.7526550292969,462.0877685546875,412.1953125,472.0503540039063,6
287,C4.5,613,0,0,244.35580444335935,630.6898803710938,392.2615051269531,640.6525268554688,2
288,C4.5,847,0,0,230.19903564453125,104.25994873046876,250.9014892578125,111.23374938964844,4
289,C4.5,865,0,0,230.19903564453125,152.01995849609375,250.9014892578125,158.99375915527344,4
290,C4.5,883,0,0,231.39903259277344,199.89993286132807,249.5030212402344,206.8737335205078,4
291,C4.5,901,0,0,231.39903259277344,247.65994262695312,249.5030212402344,254.6337432861328,4
292,C4.5,919,0,0,230.19903564453125,295.5399475097656,250.9014892578125,302.51373291015625,4
293,C4.5,945,0,0,91.14826965332033,389.72369384765625,221.7778778076172,399.686279296875,4
294,C4.5,955,1,0,53.678932189941406,413.5940856933594,221.65235900878903,423.5566711425781,4
295,C4.5.,972,0,0,53.678932189941406,497.31976318359375,162.15672302246094,507.2823486328125,4
296,CAI,1225,0,0,53.477012634277344,609.6039428710938,172.3477783203125,619.5665893554688,6
297,Characteristics,564,0,0,244.3557891845703,414.7704772949219,363.7395629882813,424.7330627441406,2
298,Chen.,1271,1,0,259.7526550292969,605.5491943359375,412.224365234375,615.5118408203125,6
299,China,1168,0,0,244.3602600097656,585.7272338867188,357.9219665527344,595.6898803710938,5
300,China,1176,0,0,244.36024475097656,621.5925903320312,338.48492431640625,631.5552368164062,5
301,Class,1,0,0,67.11360168457031,102.16719818115234,399.3141784667969,122.09249877929688,0
302,Class,5,1,0,53.67857360839844,222.6088104248047,221.7615509033203,232.5714111328125,0
303,Class,75,0,0,53.67857360839844,559.4442749023438,221.72569274902344,569.4069213867188,0
304,Class,76,0,0,53.67857360839844,559.4442749023438,221.72569274902344,569.4069213867188,0
305,Class,1216,0,0,117.25757598876952,561.8631591796875,221.70541381835935,571.8258056640625,6
306,Class,1262,0,0,259.7526550292969,557.6888427734375,412.1604309082031,567.6514892578125,6
307,Classiﬁcation,0,0,0,113.67903137207033,78.29671478271484,352.7089538574219,98.22201538085938,0
308,Classiﬁcation,937,1,0,80.31893157958984,345.9281005859375,385.8937377929688,355.89068603515625,4
309,Classiﬁcation;,74,1,0,53.67857360839844,547.4492797851562,114.2452163696289,557.4119262695312,0
310,Classiﬁers.,941,1,0,53.67893981933594,377.8482666015625,221.7360076904297,387.8108520507813,4
311,Cog:,1272,0,0,259.7526550292969,605.5491943359375,412.224365234375,615.5118408203125,6
312,Combined,1202,1,0,69.07843780517578,502.12744140625,221.57797241210935,512.0900268554688,6
313,Conclusion,1101,1,0,53.67609405517578,562.5568237304688,123.26087951660156,572.5194091796875,5
314,Conference,375,1,0,53.7465705871582,50.71527862548828,290.1668395996094,58.69527816772461,1
315,Conference,617,1,0,179.65542602539062,50.71527862548828,416.0758361816406,58.69527816772461,2
316,Conference,838,1,0,53.7465705871582,50.71527862548828,290.1668395996094,58.69527816772461,3
317,Conference,1054,1,0,179.65542602539062,50.71527862548828,416.0758361816406,58.69527816772461,4
318,Conference,1181,0,0,53.7465705871582,50.71527862548828,290.1668395996094,58.69527816772461,5
319,Conference,1278,0,0,179.6551971435547,50.71527862548828,416.07562255859375,58.69527816772461,6
320,Contract,1177,0,0,244.3602600097656,633.5875854492188,317.6908569335937,643.5502319335938,5
321,D.,1226,0,0,53.477012634277344,609.6039428710938,172.3477783203125,619.5665893554688,6
322,Data,78,0,0,53.67857360839844,571.4392700195312,142.6585235595703,581.4019165039062,0
323,Data,207,0,0,53.67903137207031,102.75398254394533,221.82774353027344,112.71658325195312,1
324,Data,252,0,0,53.679046630859375,383.9485168457031,221.8278350830078,393.9111022949219,1
325,Data,546,1,0,298.8390197753906,318.53662109375,332.2635803222656,328.4992370605469,2
326,Data,563,0,0,244.3557891845703,414.7704772949219,363.7395629882813,424.7330627441406,2
327,Data,765,1,0,244.35324096679688,306.250244140625,412.5220031738281,316.2128295898437,3
328,Data,784,1,0,244.353271484375,390.5836486816406,412.468994140625,400.5462341308594,3
329,Data,840,0,0,107.79903411865234,84.34002685546875,144.6981201171875,91.31382751464844,4
330,Description,78,1,0,53.67857360839844,571.4392700195312,142.6585235595703,581.4019165039062,0
331,Description,207,1,0,53.67903137207031,102.75398254394533,221.82774353027344,112.71658325195312,1
332,Description,252,1,0,53.679046630859375,383.9485168457031,221.8278350830078,393.9111022949219,1
333,Diabetes,557,0,0,306.3990173339844,366.7740783691406,324.63055419921875,376.7366638183594,2
334,Diabetes,900,1,0,111.15902709960938,239.73992919921875,141.54457092285156,246.71372985839844,4
335,Duin.,1229,1,0,69.07844543457031,621.5989379882812,175.42120361328125,631.5615844726562,6
336,E-Business,376,0,0,53.678932189941406,78.77394104003906,221.83071899414065,88.73654174804688,2
337,E-Business,618,0,0,53.67903137207031,78.77650451660156,145.55613708496094,88.73910522460938,3
338,E-Business,839,0,0,107.79903411865234,84.34002685546875,144.6981201171875,91.31382751464844,4
339,E-Business,1055,0,0,100.83902740478516,274.64508056640625,220.2607421875,284.607666015625,5
340,E-Business,1182,0,0,66.06973266601562,370.6310729980469,254.4505615234375,380.5936584472656,6
341,E-Business,1279,0,0,179.6551971435547,50.71527862548828,416.07562255859375,58.69527816772461,6
342,Each,418,1,0,53.68890380859375,282.9476013183594,221.75799560546875,292.9101867675781,2
343,Each,453,0,0,53.68890380859375,450.767578125,221.8276824951172,460.7301635742188,2
344,Each,484,0,0,53.69886779785156,594.7171630859375,221.6972503662109,604.6798095703125,2
345,Education,1175,0,0,244.36024475097656,609.5975952148438,412.4202575683594,619.5602416992188,5
346,Eq.,304,0,0,244.36697387695312,102.74958801269533,412.5057678222656,112.71218872070312,1
347,Experiment,620,0,0,53.67903137207031,100.85108947753906,221.8507232666016,110.81369018554688,3
348,Experiment,748,1,0,244.34329223632807,190.8560028076172,336.22039794921875,200.818603515625,3
349,Experiment,1022,0,0,244.36309814453125,513.2001342773438,388.0028381347656,523.1627807617188,4
350,Experimental,495,0,0,244.38302612304688,101.7477569580078,412.2927551269531,111.71035766601562,2
351,Experiments,544,0,0,320.5171813964844,293.6773681640625,412.3883361816406,303.63995361328125,2
352,Expert,1237,1,0,259.7526550292969,426.222412109375,341.1770324707031,436.18499755859375,6
353,Explorations,1265,1,0,244.15122985839844,593.55419921875,412.3507385253906,603.516845703125,6
354,Extensive,46,0,0,53.67857360839844,389.9406433105469,221.87713623046875,399.9032287597656,0
355,F-measure,602,1,0,367.0921325683594,570.8345947265625,412.5534973144531,580.7972412109375,2
356,F-measure,654,1,0,53.67903137207031,220.3226776123047,221.7092742919922,230.2852783203125,3
357,F-measure,780,0,0,244.35324096679688,354.7182922363281,412.4581298828125,364.6808776855469,3
358,F-measure,812,1,0,244.3532867431641,522.0401000976562,379.4760437011719,532.0027465820312,3
359,F-measure,816,1,0,244.3532867431641,545.9104614257812,367.6544799804688,555.8731079101562,3
360,F-measure,1063,0,0,53.67608642578125,342.3110656738281,114.52766418457033,352.2736511230469,5
361,F-measure(class,841,1,0,275.0790405273437,79.9000244140625,348.8576354980469,86.87382507324219,4
362,F-measure(class,842,1,0,275.0790405273437,79.9000244140625,348.8576354980469,86.87382507324219,4
363,F-measure.,730,0,0,254.30589294433597,78.56483459472656,412.3228149414063,88.52743530273438,3
364,F-measures,681,1,0,53.67903137207031,317.8465881347656,221.6385040283203,327.8091735839844,3
365,F1,775,0,0,254.3158416748047,342.8428649902344,412.517822265625,352.8054504394531,3
366,F2,778,0,0,244.35324096679688,354.7182922363281,412.4581298828125,364.6808776855469,3
367,Fig.,344,0,0,244.36383056640625,395.7838745117188,412.4451293945313,405.7464599609375,1
368,Fig.,361,1,0,244.3590240478516,556.2741088867188,404.95806884765625,565.2405395507812,1
369,Fig.,774,0,0,254.3158416748047,342.8428649902344,412.517822265625,352.8054504394531,3
370,Fig.,1050,0,0,254.32568359375,633.7576293945312,412.392333984375,643.7202758789062,4
371,Fig.,1056,0,0,100.83902740478516,274.64508056640625,220.2607421875,284.607666015625,5
372,Fig.,1183,0,0,66.06973266601562,370.6310729980469,254.4505615234375,380.5936584472656,6
373,"Finally,",236,1,0,53.679046630859375,246.2155303955078,221.8716278076172,256.1781311035156,1
374,"Finally,",1150,0,0,244.3602600097656,449.7975463867188,412.50201416015625,459.7601318359375,5
375,"First,",202,1,0,90.98399353027344,78.88356018066406,114.78962707519533,88.84616088867188,1
376,Five,35,1,0,53.67857360839844,342.080322265625,221.66297912597656,352.0429077148437,0
377,Five,941,0,0,53.67893981933594,377.8482666015625,221.7360076904297,387.8108520507813,4
378,Five,942,0,0,53.67893981933594,377.8482666015625,221.7360076904297,387.8108520507813,4
379,Following,1023,0,0,244.36309814453125,513.2001342773438,388.0028381347656,523.1627807617188,4
380,For,307,1,0,244.36697387695312,114.7445831298828,412.80364990234375,124.70718383789062,1
381,For,534,0,0,244.38302612304688,257.81201171875,412.3196411132813,267.77459716796875,2
382,For,631,1,0,53.67903137207031,136.59693908691406,221.90548706054688,146.55953979492188,3
383,For,972,1,0,53.678932189941406,497.31976318359375,162.15672302246094,507.2823486328125,4
384,Foun-,1174,0,0,244.36024475097656,609.5975952148438,412.4202575683594,619.5602416992188,5
385,Foundation,1167,0,0,244.3602600097656,573.7322387695312,412.4881286621094,583.6948852539062,5
386,From,326,0,0,244.35899353027344,312.1654357910156,412.4767150878906,322.1280212402344,1
387,G.,1249,0,0,335.966552734375,497.953125,352.06610107421875,507.9157104492188,6
388,"G.E.,",1212,1,0,53.47700500488281,549.8682250976562,221.5480194091797,559.8308715820312,6
389,"García,",1195,0,0,53.47700500488281,478.1375122070313,221.6974334716797,488.10009765625,6
390,German,559,1,0,253.47903442382807,378.7740783691406,288.5374450683594,388.7366638183594,2
391,German,918,1,0,112.3590316772461,287.4999389648437,140.15658569335938,294.4737243652344,4
392,Given,134,1,0,254.3253326416016,392.5607604980469,412.4217224121094,402.5233459472656,0
393,Grant,1169,0,0,244.36024475097656,597.7222290039062,412.5288696289063,607.6848754882812,5
394,H.,1268,0,0,244.15122985839844,593.55419921875,412.3507385253906,603.516845703125,6
395,Haitao,3,1,0,59.678932189941406,159.85992431640625,63.64702606201172,166.83372497558594,0
396,Hierarchical,1234,1,0,328.9330749511719,402.3520202636719,412.3958129882813,412.3146057128906,6
397,"However,",1085,1,0,53.67609024047852,461.902099609375,144.06178283691406,471.86468505859375,5
398,I.,1252,0,0,321.85552978515625,509.9480895996094,379.6366271972656,519.9107055664062,6
399,I.T.,1233,1,0,328.9330749511719,402.3520202636719,412.3958129882813,412.3146057128906,6
400,If,457,0,0,53.68890380859375,462.7625427246094,221.79183959960935,472.7251281738281,2
401,If,723,1,0,53.66909790039063,594.697265625,221.9872589111328,604.659912109375,3
402,"Imbalance,",76,1,0,53.67857360839844,559.4442749023438,221.72569274902344,569.4069213867188,0
403,In,24,0,0,53.67857360839844,306.2149658203125,221.79147338867188,316.17755126953125,0
404,In,267,0,0,53.669342041015625,443.7934875488281,221.7413482666016,453.7560729980469,1
405,In,398,0,0,63.76108169555664,174.8633575439453,221.8416290283203,184.82595825195312,2
406,In,832,0,0,254.31588745117188,618.3684692382812,412.5218505859375,628.3311157226562,3
407,In,1013,0,0,254.32569885253903,426.5753784179688,412.4599914550781,436.5379638671875,4
408,In,1032,1,0,244.3630828857422,548.9459838867188,412.3861389160156,558.9086303710938,4
409,In,1091,1,0,53.67609405517578,485.7724914550781,221.74517822265625,495.7350769042969,5
410,In,1102,0,0,53.67609405517578,585.8368530273438,221.7770233154297,595.7994995117188,5
411,In,1209,0,0,69.07843780517578,537.9927368164062,132.9366912841797,547.9553833007812,6
412,In,1224,1,0,191.38528442382807,585.7335815429688,200.52297973632807,595.6962280273438,6
413,"Indeed,",115,1,0,244.36273193359372,319.3854675292969,412.4537658691406,329.3480529785156,0
414,Inosphere,549,1,0,250.11903381347656,330.8940734863281,292.1193542480469,340.8566589355469,2
415,Inosphere,846,1,0,109.59902954101562,96.219970703125,143.14163208007812,103.19377136230467,4
416,Intelligence,376,1,0,53.678932189941406,78.77394104003906,221.83071899414065,88.73654174804688,2
417,Intelligence,618,1,0,53.67903137207031,78.77650451660156,145.55613708496094,88.73910522460938,3
418,Intelligence,839,1,0,107.79903411865234,84.34002685546875,144.6981201171875,91.31382751464844,4
419,Intelligence,1055,1,0,100.83902740478516,274.64508056640625,220.2607421875,284.607666015625,5
420,Intelligence,1182,1,0,66.06973266601562,370.6310729980469,254.4505615234375,380.5936584472656,6
421,Intelligence,1279,1,0,179.6551971435547,50.71527862548828,416.07562255859375,58.69527816772461,6
422,International,375,0,0,53.7465705871582,50.71527862548828,290.1668395996094,58.69527816772461,1
423,International,617,0,0,179.65542602539062,50.71527862548828,416.0758361816406,58.69527816772461,2
424,International,838,0,0,53.7465705871582,50.71527862548828,290.1668395996094,58.69527816772461,3
425,International,1054,0,0,179.65542602539062,50.71527862548828,416.0758361816406,58.69527816772461,4
426,International,1180,1,0,53.7465705871582,50.71527862548828,290.1668395996094,58.69527816772461,5
427,International,1277,1,0,179.6551971435547,50.71527862548828,416.07562255859375,58.69527816772461,6
428,Introduction,80,0,0,53.67857360839844,621.2422485351562,221.81529235839844,631.2048950195312,0
429,It,472,0,0,53.69886779785156,546.8568115234375,221.78782653808597,556.8194580078125,2
430,J.,1196,1,0,53.47700500488281,478.1375122070313,221.6974334716797,488.10009765625,6
431,J.,1198,0,0,69.07843780517578,490.1324768066406,221.6865234375,500.0950622558594,6
432,J.,1241,0,0,244.15122985839844,450.21234130859375,412.3598327636719,460.1749267578125,6
433,J.,1267,0,0,244.15122985839844,593.55419921875,412.3507385253906,603.516845703125,6
434,J.,1271,0,0,259.7526550292969,605.5491943359375,412.224365234375,615.5118408203125,6
435,Japkowicz.,1261,1,0,259.7526550292969,557.6888427734375,412.1604309082031,567.6514892578125,6
436,Jo,1258,1,0,244.15121459960935,545.8134155273438,377.2744140625,555.7760620117188,6
437,Karush-Kuhn-Tucker,320,0,0,244.35987854003903,246.5249481201172,412.5803527832031,256.487548828125,1
438,Katakis.,1252,1,0,321.85552978515625,509.9480895996094,379.6366271972656,519.9107055664062,6
439,Keywords,74,0,0,53.67857360839844,547.4492797851562,114.2452163696289,557.4119262695312,0
440,LIBSVM,523,0,0,244.38302612304688,221.94664001464844,412.7211608886719,231.90924072265625,2
441,LIBSVM,555,0,0,337.95904541015625,354.7740783691406,358.060546875,364.7366638183594,2
442,LIBSVM,560,0,0,384.3990173339844,378.7740783691406,405.5466003417969,388.7366638183594,2
443,Lagrange,333,1,0,244.35899353027344,348.0307922363281,300.5380554199219,357.9933776855469,1
444,Lagrangian,305,0,0,244.36697387695312,102.74958801269533,412.5057678222656,112.71218872070312,1
445,Lagrangian,309,0,0,244.36697387695312,138.61500549316406,343.8952941894531,148.57760620117188,1
446,Learning,1232,1,0,69.07844543457031,633.5938720703125,107.01504516601562,643.5565185546875,6
447,Learning,1246,0,0,259.7526550292969,462.0877685546875,412.1953125,472.0503540039063,6
448,Let,264,0,0,111.6417236328125,419.4638977050781,115.07881927490234,429.426513671875,1
449,Liu.,1188,0,0,69.06847381591797,442.3916931152344,221.82505798339844,452.3542785644531,6
450,"Luo,",1241,1,0,244.15122985839844,450.21234130859375,412.3598327636719,460.1749267578125,6
451,M.,1198,1,0,69.07843780517578,490.1324768066406,221.6865234375,500.0950622558594,6
452,M.C.,1215,0,0,117.25757598876952,561.8631591796875,221.70541381835935,571.8258056640625,6
453,M.R.,1240,0,0,244.15122985839844,450.21234130859375,412.3598327636719,460.1749267578125,6
454,Machine,1232,0,0,69.07844543457031,633.5938720703125,107.01504516601562,643.5565185546875,6
455,Methodology,246,1,0,53.679046630859375,341.48046875,175.33035278320312,351.4430847167969,1
456,Min.,1257,0,0,244.15121459960935,545.8134155273438,377.2744140625,555.7760620117188,6
457,Ministry,1175,1,0,244.36024475097656,609.5975952148438,412.4202575683594,619.5602416992188,5
458,Mollineda.,1202,0,0,69.07843780517578,502.12744140625,221.57797241210935,512.0900268554688,6
459,Monard.,1215,1,0,117.25757598876952,561.8631591796875,221.70541381835935,571.8258056640625,6
460,"Moreover,",1069,1,0,109.96477508544922,378.1764221191406,172.74009704589844,388.1390075683594,5
461,Multi–label,1253,0,0,321.85552978515625,509.9480895996094,379.6366271972656,519.9107055664062,6
462,N.,1261,0,0,259.7526550292969,557.6888427734375,412.1604309082031,567.6514892578125,6
463,NB,850,1,0,120.51902770996094,112.179931640625,131.96791076660156,119.15373229980467,4
464,NB,868,1,0,120.51902770996094,159.93994140625,131.96791076660156,166.9137420654297,4
465,NB,886,1,0,120.51902770996094,207.8199462890625,131.96791076660156,214.7937469482422,4
466,NB,904,1,0,120.51902770996094,255.57992553710935,131.96791076660156,262.5537109375,4
467,NB,922,1,0,120.51902770996094,303.4599304199219,131.96791076660156,310.4337158203125,4
468,NB,1086,0,0,53.67609024047852,461.902099609375,144.06178283691406,471.86468505859375,5
469,"NB,",611,1,0,244.3557891845703,618.6948852539062,292.7181701660156,628.6575317382812,2
470,"NB,",951,1,0,53.67893981933594,401.7186584472656,146.31915283203125,411.6812438964844,4
471,"NB,",995,0,0,53.67893981933594,616.791259765625,103.38434600830078,626.75390625,4
472,Na-,1165,0,0,244.3602600097656,573.7322387695312,412.4881286621094,583.6948852539062,5
473,Natural,1166,0,0,244.3602600097656,573.7322387695312,412.4881286621094,583.6948852539062,5
474,Newsletter,1266,0,0,244.15122985839844,593.55419921875,412.3507385253906,603.516845703125,6
475,Nos.,1169,1,0,244.36024475097656,597.7222290039062,412.5288696289063,607.6848754882812,5
476,Nos.,1177,1,0,244.3602600097656,633.5875854492188,317.6908569335937,643.5502319335938,5
477,One,383,0,0,53.678932189941406,102.64436340332033,221.7280120849609,112.60696411132812,2
478,One,443,1,0,53.68890380859375,414.9022216796875,221.78790283203125,424.8648071289063,2
479,One,474,1,0,53.69886779785156,546.8568115234375,221.78782653808597,556.8194580078125,2
480,One,793,1,0,270.1623840332031,414.45404052734375,412.5716857910156,424.4166259765625,3
481,Our,192,0,0,254.3253326416016,609.087890625,412.3561706542969,619.050537109375,0
482,"Overlapping,",75,1,0,53.67857360839844,559.4442749023438,221.72569274902344,569.4069213867188,0
483,Overlapping:,1,1,0,67.11360168457031,102.16719818115234,399.3141784667969,122.09249877929688,0
484,PER,999,1,0,53.67893981933594,628.7861938476562,221.8954925537109,638.7488403320312,4
485,Partial,1188,1,0,69.06847381591797,442.3916931152344,221.82505798339844,452.3542785644531,6
486,Performances,1057,1,0,100.83902740478516,274.64508056640625,220.2607421875,284.607666015625,5
487,PhD,1173,0,0,244.36024475097656,609.5975952148438,412.4202575683594,619.5602416992188,5
488,Podolak.,1234,0,0,328.9330749511719,402.3520202636719,412.3958129882813,412.3146057128906,6
489,Prati,144,0,0,244.36273193359372,428.4261169433594,412.4933776855469,438.3887023925781,0
490,"Prati,",1211,1,0,53.47700500488281,549.8682250976562,221.5480194091797,559.8308715820312,6
491,"Press,",201,0,0,90.98399353027344,78.88356018066406,114.78962707519533,88.84616088867188,1
492,Program,1173,1,0,244.36024475097656,609.5975952148438,412.4202575683594,619.5602416992188,5
493,"R,ξ",288,0,0,92.19902801513672,556.50390625,96.64234924316406,566.4664916992188,1
494,R.,1195,1,0,53.47700500488281,478.1375122070313,221.6974334716797,488.10009765625,6
495,R.,1201,0,0,69.07843780517578,502.12744140625,221.57797241210935,512.0900268554688,6
496,R.,1229,0,0,69.07844543457031,621.5989379882812,175.42120361328125,631.5615844726562,6
497,R.C.,1211,0,0,53.47700500488281,549.8682250976562,221.5480194091797,559.8308715820312,6
498,RIP-,999,0,0,53.67893981933594,628.7861938476562,221.8954925537109,638.7488403320312,4
499,RIPPER,861,0,0,230.19903564453125,136.0599365234375,250.9014892578125,143.0337371826172,4
500,RIPPER,879,0,0,230.19903564453125,183.93994140625,250.9014892578125,190.9137420654297,4
501,RIPPER,897,0,0,230.19903564453125,231.699951171875,250.9014892578125,238.6737518310547,4
502,RIPPER,915,0,0,231.39903259277344,279.5799255371094,249.5030212402344,286.5537109375,4
503,RIPPER,933,0,0,231.39903259277344,327.3399353027344,249.5030212402344,334.313720703125,4
504,RIPPER,947,0,0,91.14826965332033,389.72369384765625,221.7778778076172,399.686279296875,4
505,"RIPPER),",977,0,0,53.67893981933594,509.1951599121094,221.72805786132807,519.1577758789062,4
506,RIPPER.,615,0,0,179.65542602539062,50.71527862548828,416.0758361816406,58.69527816772461,2
507,RIPPER.,986,0,0,53.67893981933594,545.0604858398438,221.80584716796875,555.0231323242188,4
508,Red,345,0,0,244.36383056640625,395.7838745117188,412.4451293945313,405.7464599609375,1
509,References,1186,0,0,53.467041015625,430.396728515625,111.43939971923828,440.35931396484375,6
510,Results,154,1,0,244.36273193359372,452.2965087890625,412.342041015625,462.2590942382813,0
511,Results,495,1,0,244.38302612304688,101.7477569580078,412.2927551269531,111.71035766601562,2
512,Results,939,0,0,80.31893157958984,345.9281005859375,385.8937377929688,355.89068603515625,4
513,S.,1197,0,0,53.47700500488281,478.1375122070313,221.6974334716797,488.10009765625,6
514,SIGKDD,1265,0,0,244.15122985839844,593.55419921875,412.3507385253906,603.516845703125,6
515,SVDD,339,1,0,244.36383056640625,371.9134826660156,412.4030456542969,381.8760681152344,1
516,SVDD,527,0,0,244.38302612304688,233.9416046142578,412.5127258300781,243.9042053222656,2
517,SVDD,1111,0,0,53.67609405517578,621.7022094726562,221.75509643554688,631.6648559570312,5
518,SVDD.,363,0,0,244.3590240478516,588.525634765625,393.3497314453125,598.4882202148438,1
519,SVDD.,638,0,0,53.67903137207031,148.59193420410156,221.7082061767578,158.55453491210938,3
520,SVMs,857,1,0,196.11903381347656,128.13995361328125,214.2230224609375,135.11375427246094,4
521,SVMs,875,1,0,196.11903381347656,175.89996337890625,214.2230224609375,182.87376403808597,4
522,SVMs,893,1,0,194.7990264892578,223.77993774414065,215.50148010253903,230.7537384033203,4
523,SVMs,911,1,0,196.11903381347656,271.5399475097656,214.2230224609375,278.51373291015625,4
524,SVMs,929,1,0,196.11903381347656,319.4199523925781,214.2230224609375,326.39373779296875,4
525,SVMs,1084,0,0,53.67609024047852,449.9071350097656,222.0839385986328,459.8697204589844,5
526,SVMs,1134,1,0,244.3602600097656,390.0617980957031,412.4890747070313,400.0243835449219,5
527,SVMs),1030,0,0,244.3630828857422,548.9459838867188,412.3861389160156,558.9086303710938,4
528,SVMs.,73,1,0,53.67857360839844,547.4492797851562,114.2452163696289,557.4119262695312,0
529,SVMs.,998,0,0,112.0179443359375,616.791259765625,221.7938690185547,626.75390625,4
530,SVMs.,1100,1,0,53.67609405517578,562.5568237304688,123.26087951660156,572.5194091796875,5
531,SVMs.,1161,0,0,244.3602600097656,561.8568725585938,412.4193420410156,571.8195190429688,5
532,Schemes,247,1,0,53.679046630859375,341.48046875,175.33035278320312,351.4430847167969,1
533,Schemes,364,1,0,244.3590240478516,588.525634765625,393.3497314453125,598.4882202148438,1
534,Schemes,938,1,0,80.31893157958984,345.9281005859375,385.8937377929688,355.89068603515625,4
535,Science,1166,1,0,244.3602600097656,573.7322387695312,412.4881286621094,583.6948852539062,5
536,Sec-,214,0,0,53.67903137207031,138.61940002441406,221.78993225097656,148.58200073242188,1
537,Set,547,0,0,298.8390197753906,318.53662109375,332.2635803222656,328.4992370605469,2
538,Sets.,563,1,0,244.3557891845703,414.7704772949219,363.7395629882813,424.7330627441406,2
539,"Shen,",1242,1,0,244.15122985839844,450.21234130859375,412.3598327636719,460.1749267578125,6
540,So,638,1,0,53.67903137207031,148.59193420410156,221.7082061767578,158.55453491210938,3
541,So,966,0,0,135.61932373046875,461.4544067382813,221.74208068847656,471.4169921875,4
542,"So,",339,0,0,244.36383056640625,371.9134826660156,412.4030456542969,381.8760681152344,1
543,"So,",441,1,0,53.68890380859375,403.02679443359375,221.71815490722656,412.9893798828125,2
544,Sonar,552,0,0,364.95904541015625,342.8940734863281,374.98040771484375,352.8566589355469,2
545,Sonar,864,1,0,116.31903076171876,144.09991455078125,136.21669006347656,151.07371520996094,4
546,"Sotoca,",1199,0,0,69.07843780517578,490.1324768066406,221.6865234375,500.0950622558594,6
547,Source,547,1,0,298.8390197753906,318.53662109375,332.2635803222656,328.4992370605469,2
548,"Speciﬁcally,",196,0,0,345.2370300292969,621.0828247070312,412.5254211425781,631.0454711914062,0
549,Splice,554,1,0,337.95904541015625,354.7740783691406,358.060546875,364.7366638183594,2
550,Splice,882,1,0,116.07903289794922,191.8599548339844,136.64476013183594,198.8337554931641,4
551,Study,3,0,0,59.678932189941406,159.85992431640625,63.64702606201172,166.83372497558594,0
552,Support,77,0,0,53.67857360839844,571.4392700195312,142.6585235595703,581.4019165039062,0
553,Support,205,1,0,53.67903137207031,90.87855529785156,221.7839813232422,100.84115600585938,1
554,Support,251,0,0,53.679046630859375,383.9485168457031,221.8278350830078,393.9111022949219,1
555,Support,335,1,0,244.36383056640625,359.91851806640625,412.47857666015625,369.881103515625,1
556,Support,1230,0,0,69.07844543457031,621.5989379882812,175.42120361328125,631.5615844726562,6
557,Suppose,284,1,0,53.669342041015625,503.52923583984375,71.95470428466797,513.4918212890625,1
558,Syst.,1238,0,0,244.15122985839844,450.21234130859375,412.3598327636719,460.1749267578125,6
559,Systematic,2,1,0,67.11360168457031,102.16719818115234,399.3141784667969,122.09249877929688,0
560,"Sánchez,",1197,1,0,53.47700500488281,478.1375122070313,221.6974334716797,488.10009765625,6
561,T.,1258,0,0,244.15121459960935,545.8134155273438,377.2744140625,555.7760620117188,6
562,Table,531,0,0,281.0693359375,245.8170318603516,412.4203186035156,255.77963256835935,2
563,Table,562,0,0,246.15902709960935,400.49407958984375,410.5498046875,410.4566650390625,2
564,Table,657,1,0,63.76118087768555,246.1158599853516,221.8028564453125,256.0784606933594,3
565,Table,936,1,0,80.31893157958984,345.9281005859375,385.8937377929688,355.89068603515625,4
566,Tax,1226,1,0,53.477012634277344,609.6039428710938,172.3477783203125,619.5665893554688,6
567,The,52,0,0,53.67857360839844,413.81103515625,221.78350830078125,423.7736206054688,0
568,The,56,0,0,53.67857360839844,437.6814270019531,221.74758911132807,447.6440124511719,0
569,The,249,1,0,53.679046630859375,372.0730895996094,221.73812866210935,382.0356750488281,1
570,The,353,0,0,244.36383056640625,407.7788391113281,412.4468688964844,417.7414245605469,1
571,The,367,1,0,244.3590240478516,618.8790893554688,412.4281921386719,628.8417358398438,1
572,The,374,0,0,53.7465705871582,50.71527862548828,290.1668395996094,58.69527816772461,1
573,The,390,1,0,151.22276306152344,126.63435363769533,221.68821716308597,136.59695434570312,2
574,The,409,0,0,53.68890380859375,259.07720947265625,222.0329132080078,269.039794921875,2
575,The,422,1,0,53.68890380859375,331.29608154296875,221.937255859375,341.2586669921875,2
576,The,465,0,0,53.69886779785156,522.9863891601562,221.9851531982422,532.9490356445312,2
577,The,496,0,0,244.38302612304688,101.7477569580078,412.2927551269531,111.71035766601562,2
578,The,566,0,0,372.9689331054688,414.7704772949219,412.5045471191406,424.7330627441406,2
579,The,578,1,0,244.3557891845703,462.63079833984375,412.4747009277344,472.5933837890625,2
580,The,589,0,0,244.3557891845703,510.3715515136719,412.49462890625,520.3341674804688,2
581,The,598,0,0,254.31838989257807,558.9591674804688,412.3561401367188,568.9218139648438,2
582,The,616,0,0,179.65542602539062,50.71527862548828,416.0758361816406,58.69527816772461,2
583,The,621,0,0,53.67903137207031,100.85108947753906,221.8507232666016,110.81369018554688,3
584,The,667,0,0,53.67903137207031,281.9812316894531,221.95437622070312,291.9438171386719,3
585,The,740,1,0,244.34327697753903,126.4252471923828,392.4920043945313,136.38784790039062,3
586,The,749,1,0,244.34329223632807,222.5245513916016,412.4721374511719,232.48715209960935,3
587,The,757,1,0,276.27838134765625,270.3848876953125,412.420166015625,280.34747314453125,3
588,The,837,0,0,53.7465705871582,50.71527862548828,290.1668395996094,58.69527816772461,3
589,The,955,0,0,53.678932189941406,413.5940856933594,221.65235900878903,423.5566711425781,4
590,The,998,1,0,112.0179443359375,616.791259765625,221.7938690185547,626.75390625,4
591,The,1045,1,0,244.3630828857422,608.80126953125,412.51068115234375,618.763916015625,4
592,The,1053,0,0,179.65542602539062,50.71527862548828,416.0758361816406,58.69527816772461,4
593,The,1162,1,0,244.3602600097656,561.8568725585938,412.4193420410156,571.8195190429688,5
594,The,1179,1,0,53.7465705871582,50.71527862548828,290.1668395996094,58.69527816772461,5
595,The,1184,1,0,66.06973266601562,370.6310729980469,254.4505615234375,380.5936584472656,6
596,The,1276,1,0,179.6551971435547,50.71527862548828,416.07562255859375,58.69527816772461,6
597,Then,431,0,0,53.68890380859375,355.1664733886719,221.70118713378903,365.1290588378906,2
598,"Therefore,",173,0,0,332.1293029785156,535.9026489257812,412.4598083496094,545.8652954101562,0
599,These,96,1,0,244.36273193359372,235.65977478027344,412.44573974609375,245.62237548828125,0
600,These,162,0,0,244.36273193359372,488.161865234375,412.5504150390625,498.12445068359375,0
601,These,221,1,0,97.69182586669922,186.4797821044922,221.77700805664065,196.4423828125,1
602,These,730,1,0,254.30589294433597,78.56483459472656,412.3228149414063,88.52743530273438,3
603,They,105,0,0,244.36273193359372,271.525146484375,412.384033203125,281.4877319335937,0
604,This,716,1,0,53.66909790039063,570.707275390625,221.6644287109375,580.669921875,3
605,This,814,0,0,244.3532867431641,534.0350952148438,412.6213989257813,543.9977416992188,3
606,Three,938,0,0,80.31893157958984,345.9281005859375,385.8937377929688,355.89068603515625,4
607,To,515,1,0,254.3456268310547,198.0762481689453,412.5617370605469,208.03884887695312,2
608,Tsoumakas,1249,1,0,335.966552734375,497.953125,352.06610107421875,507.9157104492188,6
609,UCI,520,0,0,244.38302612304688,210.0712127685547,412.5617370605469,220.0338134765625,2
610,UCI,550,0,0,381.8790283203125,330.8940734863281,408.0666809082031,340.8566589355469,2
611,UCI,552,1,0,364.95904541015625,342.8940734863281,374.98040771484375,352.8566589355469,2
612,UCI,557,1,0,306.3990173339844,366.7740783691406,324.63055419921875,376.7366638183594,2
613,V.,1194,1,0,53.47700500488281,478.1375122070313,221.6974334716797,488.10009765625,6
614,Vec-,206,0,0,53.67903137207031,102.75398254394533,221.82774353027344,112.71658325195312,1
615,Vector,77,1,0,53.67857360839844,571.4392700195312,142.6585235595703,581.4019165039062,0
616,Vector,251,1,0,53.679046630859375,383.9485168457031,221.8278350830078,393.9111022949219,1
617,We,507,1,0,244.38302612304688,137.61317443847656,412.3873291015625,147.57577514648438,2
618,We,1115,1,0,343.1392822265625,306.4556579589844,412.458984375,316.4182434082031,5
619,When,12,1,0,53.67857360839844,258.47418212890625,221.76161193847656,268.436767578125,0
620,When,80,1,0,53.67857360839844,621.2422485351562,221.81529235839844,631.2048950195312,0
621,While,702,1,0,53.68901062011719,475.1062316894531,221.7600555419922,485.0688171386719,3
622,"Wu,",1267,1,0,244.15122985839844,593.55419921875,412.3507385253906,603.516845703125,6
623,X.,1242,0,0,244.15122985839844,450.21234130859375,412.3598327636719,460.1749267578125,6
624,Xiong,4,0,0,59.678932189941406,159.85992431640625,63.64702606201172,166.83372497558594,0
625,"Xiong,",1268,1,0,244.15122985839844,593.55419921875,412.3507385253906,603.516845703125,6
626,\x0f,289,1,0,184.71902465820312,556.50390625,189.0826416015625,566.4664916992188,1
627,a,27,0,0,53.67857360839844,306.2149658203125,221.79147338867188,316.17755126953125,0
628,a,131,0,0,244.36273193359372,367.1262512207031,412.4916687011719,377.0888366699219,0
629,a,148,0,0,244.36273193359372,440.3015441894531,412.4118041992188,450.2641296386719,0
630,a,151,0,0,244.36273193359372,440.3015441894531,412.4118041992188,450.2641296386719,0
631,a,159,0,0,244.36273193359372,476.1669006347656,412.5374450683594,486.1294860839844,0
632,a,174,0,0,332.1293029785156,535.9026489257812,412.4598083496094,545.8652954101562,0
633,a,179,0,0,244.36273193359372,547.8975830078125,412.4794921875,557.8602294921875,0
634,a,183,0,0,244.36273193359372,559.7730102539062,412.4576721191406,569.7356567382812,0
635,a,256,0,0,53.679046630859375,383.9485168457031,221.8278350830078,393.9111022949219,1
636,a,278,0,0,53.669342041015625,479.6588439941406,221.7513427734375,489.6214294433594,1
637,a,316,0,0,293.6858825683594,199.0197906494141,298.9560852050781,208.98239135742188,1
638,a,384,0,0,53.678932189941406,102.64436340332033,221.7280120849609,112.60696411132812,2
639,a,428,0,0,53.68890380859375,343.1715087890625,221.72604370117188,353.13409423828125,2
640,a,600,0,0,254.31838989257807,558.9591674804688,412.3561401367188,568.9218139648438,2
641,a,624,0,0,53.67903137207031,100.85108947753906,221.8507232666016,110.81369018554688,3
642,a,958,0,0,53.678932189941406,425.5890502929688,221.69029235839844,435.5516357421875,4
643,a,963,0,0,53.678932189941406,449.4594421386719,221.887451171875,459.4220275878906,4
644,a,984,0,0,53.67893981933594,533.1851196289062,221.78582763671875,543.1477661132812,4
645,a,1105,0,0,53.67609405517578,585.8368530273438,221.7770233154297,595.7994995117188,5
646,a,1146,0,0,244.3602600097656,425.9271545410156,412.5291137695313,435.8897399902344,5
647,a,1222,0,0,69.07843780517578,573.7385864257812,221.5580139160156,583.7012329101562,6
648,above,327,0,0,244.35899353027344,312.1654357910156,412.4767150878906,322.1280212402344,1
649,above,626,0,0,53.67903137207031,112.7265167236328,221.71820068359372,122.68911743164062,3
650,added.,435,0,0,117.47644805908205,379.036865234375,221.81082153320312,388.99945068359375,2
651,"addition,",832,1,0,254.31588745117188,618.3684692382812,412.5218505859375,628.3311157226562,3
652,additional,688,0,0,53.689002990722656,377.5823364257813,221.84376525878903,387.544921875,3
653,addressing,23,0,0,53.67857360839844,306.2149658203125,221.79147338867188,316.17755126953125,0
654,adds,446,0,0,53.68890380859375,426.8971862792969,221.80178833007807,436.8597717285156,2
655,adopt,599,0,0,254.31838989257807,558.9591674804688,412.3561401367188,568.9218139648438,2
656,after,670,0,0,53.67903137207031,281.9812316894531,221.95437622070312,291.9438171386719,3
657,aims,193,1,0,254.3253326416016,609.087890625,412.3561706542969,619.050537109375,0
658,al.,145,0,0,244.36273193359372,428.4261169433594,412.4933776855469,438.3887023925781,0
659,algorithm,205,0,0,53.67903137207031,90.87855529785156,221.7839813232422,100.84115600585938,1
660,algorithm,956,0,0,53.678932189941406,425.5890502929688,221.69029235839844,435.5516357421875,4
661,algorithm.,965,1,0,53.678932189941406,461.4544067382813,122.187744140625,471.4169921875,4
662,algorithms,609,1,0,244.3557891845703,606.699951171875,412.5135192871094,616.66259765625,2
663,all,261,0,0,53.679046630859375,407.8189086914063,221.75003051757807,417.781494140625,1
664,all,796,0,0,244.353271484375,426.4490051269531,373.2552795410156,436.4115905761719,3
665,almost,700,1,0,192.84661865234372,451.23583984375,221.7979431152344,461.1984252929688,3
666,also,105,1,0,244.36273193359372,271.525146484375,412.384033203125,281.4877319335937,0
667,also,752,0,0,244.34329223632807,234.5195159912109,412.4562377929688,244.48211669921875,3
668,also,833,1,0,254.31588745117188,618.3684692382812,412.5218505859375,628.3311157226562,3
669,also,987,0,0,53.67893981933594,545.0604858398438,221.80584716796875,555.0231323242188,4
670,although,232,0,0,53.679046630859375,222.3451385498047,221.7909698486328,232.3077392578125,1
671,always,686,0,0,53.67902755737305,353.7119445800781,91.49506378173828,363.6745300292969,3
672,among,53,1,0,53.67857360839844,425.8059997558594,221.74766540527344,435.7685852050781,0
673,among,738,1,0,244.34327697753903,114.43025207519533,412.4920043945313,124.39285278320312,3
674,an,1219,0,0,69.07843780517578,573.7385864257812,221.5580139160156,583.7012329101562,6
675,an,1255,0,0,401.7097778320313,509.9480895996094,412.2861022949219,519.9107055664062,6
676,anal-,1192,1,0,69.06847381591797,466.2620849609375,87.79019165039062,476.22467041015625,6
677,analysis,1220,0,0,69.07843780517578,573.7385864257812,221.5580139160156,583.7012329101562,6
678,analysis.,1275,0,0,259.7526550292969,629.4195556640625,282.6825256347656,639.3822021484375,6
679,and,32,0,0,53.67857360839844,330.20489501953125,221.71774291992188,340.16748046875,0
680,and,38,0,0,53.67857360839844,354.0752868652344,222.04248046875,364.0378723144531,0
681,and,88,0,0,244.36273193359372,199.7944183349609,412.56939697265625,209.75701904296875,0
682,and,113,0,0,244.36273193359372,307.3905029296875,412.5315551757813,317.35308837890625,0
683,and,126,0,0,244.36273193359372,367.1262512207031,412.4916687011719,377.0888366699219,0
684,and,137,0,0,254.3253326416016,392.5607604980469,412.4217224121094,402.5233459472656,0
685,and,167,0,0,244.36273193359372,512.0322265625,412.41607666015625,521.994873046875,0
686,and,188,0,0,244.36273193359372,583.762939453125,412.44183349609375,593.7255859375,0
687,and,228,0,0,53.679046630859375,210.3501739501953,221.90557861328125,220.31277465820312,1
688,and,241,0,0,53.679046630859375,282.0809020996094,221.83782958984372,292.0434875488281,1
689,and,281,0,0,53.669342041015625,479.6588439941406,221.7513427734375,489.6214294433594,1
690,and,298,0,0,53.68280792236328,630.876953125,221.79376220703125,640.839599609375,1
691,and,302,0,0,244.36697387695312,78.87916564941406,412.6683349609375,88.84176635742188,1
692,and,347,0,0,244.36383056640625,395.7838745117188,412.4451293945313,405.7464599609375,1
693,and,387,0,0,53.678932189941406,114.6393585205078,221.6303558349609,124.60195922851562,2
694,and,400,0,0,63.76108169555664,174.8633575439453,221.8416290283203,184.82595825195312,2
695,and,414,0,0,53.68890380859375,270.95263671875,221.83773803710935,280.91522216796875,2
696,and,448,0,0,53.68890380859375,426.8971862792969,221.80178833007807,436.8597717285156,2
697,and,469,0,0,53.69886779785156,534.9813842773438,221.87545776367188,544.9440307617188,2
698,and,479,0,0,53.69886779785156,570.7271728515625,221.77783203125,580.6898193359375,2
699,and,504,0,0,244.38302612304688,125.61817932128906,412.7499694824219,135.58078002929688,2
700,and,522,0,0,244.38302612304688,210.0712127685547,412.5617370605469,220.0338134765625,2
701,and,541,0,0,244.38302612304688,281.6824035644531,412.6624450683594,291.6449890136719,2
702,and,571,0,0,244.3557891845703,426.7654418945313,412.485595703125,436.72802734375,2
703,and,585,0,0,244.3557891845703,498.49615478515625,412.3849792480469,508.458740234375,2
704,and,614,0,0,244.35580444335935,630.6898803710938,392.2615051269531,640.6525268554688,2
705,and,645,0,0,53.67903137207031,172.4623565673828,185.91259765625,182.42495727539065,3
706,and,652,0,0,53.67903137207031,208.3277130126953,221.72219848632807,218.29031372070312,3
707,and,663,0,0,53.67903137207031,258.11083984375,221.8676300048828,268.07342529296875,3
708,and,676,0,0,53.67903137207031,293.9761962890625,221.76800537109372,303.93878173828125,3
709,and,736,0,0,244.34327697753903,102.4352569580078,412.5019226074219,112.39785766601562,3
710,and,746,0,0,244.34329223632807,162.29066467285156,358.03448486328125,172.25326538085938,3
711,and,767,0,0,244.35324096679688,306.250244140625,412.5220031738281,316.2128295898437,3
712,and,777,0,0,254.3158416748047,342.8428649902344,412.517822265625,352.8054504394531,3
713,and,781,0,0,244.35324096679688,354.7182922363281,412.4581298828125,364.6808776855469,3
714,and,798,0,0,244.353271484375,426.4490051269531,373.2552795410156,436.4115905761719,3
715,and,810,0,0,244.3532867431641,510.0451354980469,412.4124755859375,520.0077514648438,3
716,and,940,0,0,80.31893157958984,345.9281005859375,385.8937377929688,355.89068603515625,4
717,and,946,0,0,91.14826965332033,389.72369384765625,221.7778778076172,399.686279296875,4
718,and,976,0,0,53.67893981933594,509.1951599121094,221.72805786132807,519.1577758789062,4
719,and,997,0,0,53.67893981933594,616.791259765625,103.38434600830078,626.75390625,4
720,and,1004,0,0,244.36309814453125,377.7486572265625,412.4322509765625,387.7112426757813,4
721,and,1029,0,0,244.3630828857422,548.9459838867188,412.3861389160156,558.9086303710938,4
722,and,1042,0,0,244.3630828857422,584.8113403320312,412.4980773925781,594.7739868164062,4
723,and,1076,0,0,53.67609024047852,414.0417785644531,222.0669860839844,424.0043640136719,5
724,and,1088,0,0,53.67609024047852,461.902099609375,144.06178283691406,471.86468505859375,5
725,and,1119,0,0,244.3602600097656,318.3310852050781,412.5328979492188,328.2936706542969,5
726,and,1136,0,0,244.3602600097656,390.0617980957031,412.4890747070313,400.0243835449219,5
727,and,1143,0,0,244.3602600097656,413.9321899414063,412.5708618164063,423.894775390625,5
728,and,1172,0,0,244.36024475097656,597.7222290039062,412.5288696289063,607.6848754882812,5
729,and,1200,0,0,69.07843780517578,490.1324768066406,221.6865234375,500.0950622558594,6
730,and,1206,0,0,69.07843780517578,514.0028686523438,221.73529052734372,523.9655151367188,6
731,and,1214,0,0,53.47700500488281,549.8682250976562,221.5480194091797,559.8308715820312,6
732,and,1228,0,0,53.477012634277344,609.6039428710938,172.3477783203125,619.5665893554688,6
733,and,1244,0,0,244.15122985839844,450.21234130859375,412.3598327636719,460.1749267578125,6
734,and,1251,0,0,335.966552734375,497.953125,352.06610107421875,507.9157104492188,6
735,and,1260,0,0,244.15121459960935,545.8134155273438,377.2744140625,555.7760620117188,6
736,and,1270,0,0,244.15122985839844,593.55419921875,412.3507385253906,603.516845703125,6
737,arately.,471,1,0,53.69886779785156,546.8568115234375,221.78782653808597,556.8194580078125,2
738,arating,742,0,0,244.34329223632807,150.29566955566406,412.4422912597656,160.25827026367188,3
739,arating,784,0,0,244.353271484375,390.5836486816406,412.468994140625,400.5462341308594,3
740,are,43,0,0,53.67857360839844,366.07025146484375,221.757568359375,376.0328369140625,0
741,are,59,0,0,53.67857360839844,437.6814270019531,221.74758911132807,447.6440124511719,0
742,are,99,0,0,244.36273193359372,247.6547393798828,412.37298583984375,257.6173400878906,0
743,are,350,0,0,244.36383056640625,395.7838745117188,412.4451293945313,405.7464599609375,1
744,are,529,0,0,244.38302612304688,233.9416046142578,412.5127258300781,243.9042053222656,2
745,are,545,0,0,320.5171813964844,293.6773681640625,412.3883361816406,303.63995361328125,2
746,are,636,0,0,53.67903137207031,148.59193420410156,221.7082061767578,158.55453491210938,3
747,are,671,0,0,53.67903137207031,281.9812316894531,221.95437622070312,291.9438171386719,3
748,are,685,0,0,53.67902755737305,341.71697998046875,221.75808715820312,351.6795654296875,3
749,are,771,0,0,244.35324096679688,318.12567138671875,412.4302978515625,328.0882568359375,3
750,are,789,0,0,244.353271484375,390.5836486816406,412.468994140625,400.5462341308594,3
751,are,824,0,0,244.3532867431641,569.7808837890625,412.7651062011719,579.7435302734375,3
752,are,949,0,0,91.14826965332033,389.72369384765625,221.7778778076172,399.686279296875,4
753,are,953,0,0,53.678932189941406,413.5940856933594,221.65235900878903,423.5566711425781,4
754,are,1016,0,0,244.36309814453125,438.4508056640625,412.4389343261719,448.4133911132813,4
755,are.,1069,0,0,109.96477508544922,378.1764221191406,172.74009704589844,388.1390075683594,5
756,aries,121,1,0,244.36273193359372,355.1312866210937,412.4556579589844,365.0938720703125,0
757,artiﬁcially,153,0,0,244.36273193359372,452.2965087890625,412.342041015625,462.2590942382813,0
758,artiﬁcially,164,0,0,244.36273193359372,512.0322265625,412.41607666015625,521.994873046875,0
759,as,8,1,0,53.67857360839844,234.6037750244141,221.78854370117188,244.56637573242188,0
760,as,83,1,0,53.67857360839844,633.2372436523438,221.8064727783203,643.1998901367188,0
761,as,124,0,0,244.36273193359372,367.1262512207031,412.4916687011719,377.0888366699219,0
762,as,198,1,0,244.36273193359372,633.0778198242188,412.4955139160156,643.0404663085938,0
763,as,342,1,0,244.36383056640625,383.908447265625,412.5623779296875,393.87103271484375,1
764,as,356,1,0,244.36383056640625,431.6492309570313,412.4726867675781,441.61181640625,1
765,as,426,1,0,53.68890380859375,343.1715087890625,221.72604370117188,353.13409423828125,2
766,as,459,0,0,53.68890380859375,474.6379699707031,221.72613525390625,484.6005554199219,2
767,as,772,1,0,244.35324096679688,330.1206359863281,373.2692565917969,340.0832214355469,3
768,as,801,1,0,244.353271484375,462.3143615722656,306.4839782714844,472.2769470214844,3
769,as,803,0,0,244.353271484375,474.1798095703125,412.721435546875,484.1423950195313,3
770,as,1092,1,0,53.67609405517578,485.7724914550781,221.74517822265625,495.7350769042969,5
771,as,1134,0,0,244.3602600097656,390.0617980957031,412.4890747070313,400.0243835449219,5
772,as,1154,0,0,244.3602600097656,473.6679382324219,412.4771118164063,483.6305236816406,5
773,ascending,792,0,0,270.1623840332031,414.45404052734375,412.5716857910156,424.4166259765625,3
774,ated,594,0,0,244.3557891845703,534.3615112304688,412.5084838867188,544.3241577148438,2
775,atic,184,1,0,244.36273193359372,571.7680053710938,412.4318237304688,581.7306518554688,0
776,atively,209,1,0,53.67903137207031,114.7489776611328,221.8297576904297,124.71157836914062,1
777,attributes,539,0,0,244.38302612304688,281.6824035644531,412.6624450683594,291.6449890136719,2
778,aﬀect,511,1,0,244.38302612304688,161.4835968017578,412.42230224609375,171.44619750976562,2
779,aﬀect,587,0,0,244.3557891845703,510.3715515136719,412.49462890625,520.3341674804688,2
780,aﬀect,761,0,0,244.35324096679688,282.26031494140625,412.4005126953125,292.222900390625,3
781,aﬀect,835,1,0,244.3532867431641,630.3634643554688,412.4363098144531,640.3261108398438,3
782,based,57,0,0,53.67857360839844,437.6814270019531,221.74758911132807,447.6440124511719,0
783,based,950,1,0,53.67893981933594,401.7186584472656,146.31915283203125,411.6812438964844,4
784,based,1018,1,0,244.36309814453125,450.4457702636719,412.6543273925781,460.4083557128906,4
785,basic,170,0,0,244.36273193359372,524.0271606445312,412.4438171386719,533.9898071289062,0
786,be-,389,1,0,53.678932189941406,126.63435363769533,141.9874267578125,136.59695434570312,2
787,be-,819,0,0,244.3532867431641,557.9054565429688,412.4443359375,567.8681030273438,3
788,because,717,0,0,53.66909790039063,570.707275390625,221.6644287109375,580.669921875,3
789,become,109,0,0,244.36273193359372,295.3955383300781,412.4615478515625,305.3581237792969,0
790,become,691,1,0,53.689002990722656,389.5773010253906,221.7281951904297,399.5398864746094,3
791,becomes,17,1,0,53.67857360839844,270.349609375,221.7575836181641,280.31219482421875,0
792,behavior.,1224,0,0,191.38528442382807,585.7335815429688,200.52297973632807,595.6962280273438,6
793,bels,235,1,0,53.679046630859375,246.2155303955078,221.8716278076172,256.1781311035156,1
794,best,53,0,0,53.67857360839844,425.8059997558594,221.74766540527344,435.7685852050781,0
795,best,239,0,0,53.679046630859375,282.0809020996094,221.83782958984372,292.0434875488281,1
796,best,582,0,0,244.3557891845703,486.5011901855469,412.4179382324219,496.4637756347656,2
797,best,679,0,0,53.67903137207031,317.8465881347656,221.6385040283203,327.8091735839844,3
798,best,738,0,0,244.34327697753903,114.43025207519533,412.4920043945313,124.39285278320312,3
799,best,754,0,0,244.34329223632807,246.5144805908203,412.73919677734375,256.4770812988281,3
800,best,1122,0,0,244.3602600097656,342.20147705078125,412.5050659179688,352.1640625,5
801,better,701,0,0,53.68900680541992,463.2308044433594,129.05807495117188,473.1933898925781,3
802,better,713,1,0,53.66909790039063,546.8369140625,182.54928588867188,556.799560546875,3
803,better,989,1,0,53.67893981933594,569.0504760742188,180.4750213623047,579.0131225585938,4
804,better,1071,1,0,53.67609405517578,390.17138671875,221.6854553222656,400.1339721679688,5
805,better,1147,1,0,244.3602600097656,437.8025817871094,327.5181579589844,447.7651672363281,5
806,between,240,0,0,53.679046630859375,282.0809020996094,221.83782958984372,292.0434875488281,1
807,between,276,1,0,53.669342041015625,479.6588439941406,221.7513427734375,489.6214294433594,1
808,between,807,1,0,244.353271484375,498.1697387695313,258.1474914550781,508.13232421875,3
809,binary,519,0,0,244.38302612304688,210.0712127685547,412.5617370605469,220.0338134765625,2
810,binary,627,0,0,53.67903137207031,112.7265167236328,221.71820068359372,122.68911743164062,3
811,binary,665,1,0,53.67903137207031,270.1058044433594,164.70924377441406,280.0683898925781,3
812,binary,683,0,0,53.67902755737305,341.71697998046875,221.75808715820312,351.6795654296875,3
813,binative,597,0,0,244.3557891845703,546.2368774414062,308.33453369140625,556.1995239257812,2
814,blue,348,0,0,244.36383056640625,395.7838745117188,412.4451293945313,405.7464599609375,1
815,bold,678,0,0,53.67903137207031,305.85162353515625,221.8198089599609,315.814208984375,3
816,borrowed,223,1,0,53.679046630859375,198.35520935058597,221.95928955078125,208.31781005859372,1
817,both,355,0,0,244.36383056640625,419.7738037109375,412.3851623535156,429.73638916015625,1
818,both,604,0,0,244.3557891845703,582.8295288085938,412.3063659667969,592.7921752929688,2
819,both,655,0,0,53.67903137207031,220.3226776123047,221.7092742919922,230.2852783203125,3
820,bound-,121,0,0,244.36273193359372,355.1312866210937,412.4556579589844,365.0938720703125,0
821,boundaries,351,0,0,244.36383056640625,407.7788391113281,412.4468688964844,417.7414245605469,1
822,boundary,337,0,0,244.36383056640625,359.91851806640625,412.47857666015625,369.881103515625,1
823,boundary,389,0,0,53.678932189941406,126.63435363769533,141.9874267578125,136.59695434570312,2
824,boundary,395,1,0,53.678932189941406,150.50477600097656,221.75689697265625,160.46737670898438,2
825,bring,729,0,0,254.30589294433597,78.56483459472656,412.3228149414063,88.52743530273438,3
826,broad.,716,0,0,53.66909790039063,570.707275390625,221.6644287109375,580.669921875,3
827,build,1005,1,0,244.36309814453125,377.7486572265625,412.4322509765625,387.7112426757813,4
828,builds,1000,1,0,53.67893981933594,628.7861938476562,221.8954925537109,638.7488403320312,4
829,cal-,656,0,0,53.67903137207031,232.19810485839844,156.1942138671875,242.16070556640625,3
830,calculated,526,0,0,244.38302612304688,233.9416046142578,412.5127258300781,243.9042053222656,2
831,called,100,0,0,244.36273193359372,247.6547393798828,412.37298583984375,257.6173400878906,0
832,called,756,1,0,244.34329223632807,258.3899230957031,325.10015869140625,268.3525085449219,3
833,capture,210,0,0,53.67903137207031,114.7489776611328,221.8297576904297,124.71157836914062,1
834,case,92,0,0,244.36273193359372,211.7893829345703,412.4707336425781,221.75198364257807,0
835,cation,118,1,0,244.36273193359372,343.255859375,412.32720947265625,353.21844482421875,0
836,cation,588,0,0,244.3557891845703,510.3715515136719,412.49462890625,520.3341674804688,2
837,cation,961,1,0,53.678932189941406,449.4594421386719,221.887451171875,459.4220275878906,4
838,cause,106,0,0,244.36273193359372,271.525146484375,412.384033203125,281.4877319335937,0
839,cause,687,0,0,53.688995361328125,365.7069091796875,95.89454650878906,375.6694946289063,3
840,cause,819,1,0,244.3532867431641,557.9054565429688,412.4443359375,567.8681030273438,3
841,center,279,0,0,53.669342041015625,479.6588439941406,221.7513427734375,489.6214294433594,1
842,centrates,591,0,0,244.3557891845703,522.3665161132812,412.5125732421875,532.3291625976562,2
843,character,89,0,0,244.36273193359372,211.7893829345703,412.4707336425781,221.75198364257807,0
844,characteristics.,96,0,0,244.36273193359372,235.65977478027344,412.44573974609375,245.62237548828125,0
845,clas-,458,0,0,53.68890380859375,474.6379699707031,221.72613525390625,484.6005554199219,2
846,clas-,608,1,0,244.3557891845703,606.699951171875,412.5135192871094,616.66259765625,2
847,clas-,1014,1,0,244.36309814453125,438.4508056640625,412.4389343261719,448.4133911132813,4
848,class,14,0,0,53.67857360839844,258.47418212890625,221.76161193847656,268.436767578125,0
849,class,29,0,0,53.67857360839844,330.20489501953125,221.71774291992188,340.16748046875,0
850,class,34,0,0,53.67857360839844,342.080322265625,221.66297912597656,352.0429077148437,0
851,class,40,0,0,53.67857360839844,366.07025146484375,221.757568359375,376.0328369140625,0
852,class,62,0,0,53.67857360839844,461.6713562011719,221.71376037597656,471.6339416503906,0
853,class,66,0,0,53.67857360839844,473.5467834472656,221.88113403320312,483.5093688964844,0
854,class,120,1,0,244.36273193359372,355.1312866210937,412.4556579589844,365.0938720703125,0
855,class,142,0,0,244.36273193359372,428.4261169433594,412.4933776855469,438.3887023925781,0
856,class,157,0,0,244.36273193359372,476.1669006347656,412.5374450683594,486.1294860839844,0
857,class,161,0,0,244.36273193359372,488.161865234375,412.5504150390625,498.12445068359375,0
858,class,172,0,0,332.1293029785156,535.9026489257812,412.4598083496094,545.8652954101562,0
859,class,220,0,0,97.69182586669922,186.4797821044922,221.77700805664065,196.4423828125,1
860,class,244,0,0,53.679046630859375,293.9563293457031,124.8418960571289,303.9189147949219,1
861,class,366,0,0,244.3590240478516,618.8790893554688,412.4281921386719,628.8417358398438,1
862,class,373,0,0,53.7465705871582,50.71527862548828,290.1668395996094,58.69527816772461,1
863,class,406,1,0,53.67893981933594,222.7236785888672,221.78282165527344,232.686279296875,2
864,class,434,1,0,117.47644805908205,379.036865234375,221.81082153320312,388.99945068359375,2
865,class,500,0,0,244.38302612304688,125.61817932128906,412.7499694824219,135.58078002929688,2
866,class,506,0,0,244.38302612304688,137.61317443847656,412.3873291015625,147.57577514648438,2
867,class,510,0,0,244.38302612304688,161.4835968017578,412.42230224609375,171.44619750976562,2
868,class,574,0,0,244.3557891845703,450.6358337402344,412.385009765625,460.5984191894531,2
869,class,630,0,0,53.67903137207031,124.72151184082033,221.7590789794922,134.68411254882812,3
870,class,688,1,0,53.689002990722656,377.5823364257813,221.84376525878903,387.544921875,3
871,class,750,0,0,244.34329223632807,222.5245513916016,412.4721374511719,232.48715209960935,3
872,class,755,0,0,244.34329223632807,258.3899230957031,325.10015869140625,268.3525085449219,3
873,class,779,0,0,244.35324096679688,354.7182922363281,412.4581298828125,364.6808776855469,3
874,class,782,0,0,244.35324096679688,366.7132568359375,392.42138671875,376.67584228515625,3
875,class,969,0,0,53.678932189941406,485.3247985839844,195.20767211914065,495.2873840332031,4
876,class,979,0,0,53.67893981933594,521.1901245117188,221.74301147460935,531.1527709960938,4
877,class,1002,1,0,244.36309814453125,377.7486572265625,412.4322509765625,387.7112426757813,4
878,class,1008,1,0,244.36309814453125,389.62408447265625,412.32464599609375,399.586669921875,4
879,class,1011,1,0,244.36309814453125,413.4944763183594,366.3699340820313,423.4570617675781,4
880,class,1020,0,0,244.36309814453125,492.79931640625,336.2402038574219,502.7619323730469,4
881,class,1044,1,0,244.3630828857422,596.8063354492188,412.4012145996094,606.7689819335938,4
882,class,1095,0,0,53.67609405517578,497.7674560546875,174.36106872558594,507.7300415039063,5
883,class,1109,1,0,53.67609405517578,621.7022094726562,221.75509643554688,631.6648559570312,5
884,class,1124,0,0,244.3602600097656,354.1964416503906,412.6713562011719,364.1590270996094,5
885,class,1140,0,0,244.3602600097656,413.9321899414063,412.5708618164063,423.894775390625,5
886,class,1151,0,0,244.3602600097656,461.7925109863281,412.5079956054688,471.7550964355469,5
887,class,1185,0,0,66.06973266601562,370.6310729980469,254.4505615234375,380.5936584472656,6
888,class,1204,0,0,69.07843780517578,514.0028686523438,221.73529052734372,523.9655151367188,6
889,class,1207,0,0,69.07843780517578,514.0028686523438,221.73529052734372,523.9655151367188,6
890,class,1217,1,0,69.07843780517578,573.7385864257812,221.5580139160156,583.7012329101562,6
891,class,1236,1,0,259.7526550292969,426.222412109375,341.1770324707031,436.18499755859375,6
892,class,1274,1,0,259.7526550292969,629.4195556640625,282.6825256347656,639.3822021484375,6
893,"class,",429,1,0,53.68890380859375,355.1664733886719,221.70118713378903,365.1290588378906,2
894,"class,",447,0,0,53.68890380859375,426.8971862792969,221.80178833007807,436.8597717285156,2
895,"class,",1081,1,0,53.67609024047852,437.91217041015625,221.73519897460935,447.874755859375,5
896,class.,464,1,0,53.68890380859375,498.6278991699219,112.73824310302734,508.5904846191406,2
897,class.,1006,1,0,244.36309814453125,389.62408447265625,412.32464599609375,399.586669921875,4
898,classes,94,1,0,244.36273193359372,223.7843475341797,412.5903625488281,233.7469482421875,0
899,classes,382,1,0,53.678932189941406,102.64436340332033,221.7280120849609,112.60696411132812,2
900,classes,393,1,0,53.678932189941406,138.50978088378906,221.6991729736328,148.47238159179688,2
901,classes,604,1,0,244.3557891845703,582.8295288085938,412.3063659667969,592.7921752929688,2
902,classes,655,1,0,53.67903137207031,220.3226776123047,221.7092742919922,230.2852783203125,3
903,classes,1193,0,0,69.06847381591797,466.2620849609375,87.79019165039062,476.22467041015625,6
904,classes.,352,1,0,244.36383056640625,407.7788391113281,412.4468688964844,417.7414245605469,1
905,classes.,390,0,0,151.22276306152344,126.63435363769533,221.68821716308597,136.59695434570312,2
906,classes.,723,0,0,53.66909790039063,594.697265625,221.9872589111328,604.659912109375,3
907,classi-,1130,1,0,244.3602600097656,366.19140625,412.5928039550781,376.1539916992188,5
908,classi-,1235,0,0,259.7526550292969,414.3469848632813,412.44439697265625,424.3095703125,6
909,classiﬁ-,587,1,0,244.3557891845703,510.3715515136719,412.49462890625,520.3341674804688,2
910,classiﬁ-,961,0,0,53.678932189941406,449.4594421386719,221.887451171875,459.4220275878906,4
911,classiﬁca-,229,1,0,53.679046630859375,222.3451385498047,221.7909698486328,232.3077392578125,1
912,classiﬁca-,964,1,0,53.678932189941406,461.4544067382813,122.187744140625,471.4169921875,4
913,classiﬁcation,71,0,0,53.67857360839844,497.4171752929688,221.88507080078125,507.3797607421875,0
914,classiﬁcation,82,0,0,53.67857360839844,633.2372436523438,221.8064727783203,643.1998901367188,0
915,classiﬁcation,204,1,0,53.67903137207031,90.87855529785156,221.7839813232422,100.84115600585938,1
916,classiﬁcation,395,0,0,53.678932189941406,150.50477600097656,221.75689697265625,160.46737670898438,2
917,classiﬁcation,691,0,0,53.689002990722656,389.5773010253906,221.7281951904297,399.5398864746094,3
918,classiﬁcation,1051,0,0,400.8610229492188,659.7967529296875,414.1780395507813,667.7767333984375,4
919,classiﬁcation,1098,0,0,53.67609405517578,521.6378173828125,221.88259887695312,531.6004638671875,5
920,classiﬁcation,1159,0,0,244.3602600097656,509.5332946777344,391.7987976074219,519.4959106445312,5
921,classiﬁcation,1190,0,0,69.06847381591797,442.3916931152344,221.82505798339844,452.3542785644531,6
922,classiﬁcation.,12,0,0,53.67857360839844,258.47418212890625,221.76161193847656,268.436767578125,0
923,classiﬁcation.,981,0,0,53.67893981933594,533.1851196289062,221.78582763671875,543.1477661132812,4
924,classiﬁcation.,1208,1,0,69.07843780517578,537.9927368164062,132.9366912841797,547.9553833007812,6
925,classiﬁcation.,1247,1,0,244.15121459960935,497.953125,270.3229675292969,507.9157104492188,6
926,classiﬁcation:,1253,1,0,321.85552978515625,509.9480895996094,379.6366271972656,519.9107055664062,6
927,classiﬁer,974,0,0,53.67893981933594,509.1951599121094,221.72805786132807,519.1577758789062,4
928,classiﬁers,37,0,0,53.67857360839844,354.0752868652344,222.04248046875,364.0378723144531,0
929,classiﬁers,57,1,0,53.67857360839844,437.6814270019531,221.74758911132807,447.6440124511719,0
930,classiﬁers,170,1,0,244.36273193359372,524.0271606445312,412.4438171386719,533.9898071289062,0
931,classiﬁers,575,0,0,244.3557891845703,450.6358337402344,412.385009765625,460.5984191894531,2
932,classiﬁers,658,0,0,63.76118087768555,246.1158599853516,221.8028564453125,256.0784606933594,3
933,classiﬁers,664,1,0,53.67903137207031,270.1058044433594,164.70924377441406,280.0683898925781,3
934,classiﬁers,768,0,0,244.35324096679688,318.12567138671875,412.4302978515625,328.0882568359375,3
935,classiﬁers,835,0,0,244.3532867431641,630.3634643554688,412.4363098144531,640.3261108398438,3
936,classiﬁers,942,1,0,53.67893981933594,377.8482666015625,221.7360076904297,387.8108520507813,4
937,classiﬁers,1027,0,0,244.36309814453125,537.070556640625,382.1559448242188,547.033203125,4
938,classiﬁers,1132,1,0,244.3602600097656,390.0617980957031,412.4890747070313,400.0243835449219,5
939,"classiﬁers,",799,0,0,244.353271484375,426.4490051269531,373.2552795410156,436.4115905761719,3
940,classiﬁers.,951,0,0,53.67893981933594,401.7186584472656,146.31915283203125,411.6812438964844,4
941,classiﬁers.,954,1,0,53.678932189941406,413.5940856933594,221.65235900878903,423.5566711425781,4
942,close,358,0,0,244.36383056640625,443.6441955566406,412.5045471191406,453.6067810058594,1
943,close,708,0,0,53.67906188964844,510.9715881347656,116.63770294189452,520.9342041015625,3
944,collection,625,0,0,53.67903137207031,112.7265167236328,221.71820068359372,122.68911743164062,3
945,com-,596,1,0,244.3557891845703,546.2368774414062,308.33453369140625,556.1995239257812,2
946,combinative,22,0,0,53.67857360839844,306.2149658203125,221.79147338867188,316.17755126953125,0
947,combined,13,0,0,53.67857360839844,258.47418212890625,221.76161193847656,268.436767578125,0
948,combined,1152,0,0,244.3602600097656,461.7925109863281,412.5079956054688,471.7550964355469,5
949,communities.,115,0,0,244.36273193359372,319.3854675292969,412.4537658691406,329.3480529785156,0
950,compara-,1127,0,0,244.3602600097656,366.19140625,412.5928039550781,376.1539916992188,5
951,comparative,45,0,0,53.67857360839844,389.9406433105469,221.87713623046875,399.9032287597656,0
952,comparative,408,0,0,53.68890380859375,259.07720947265625,222.0329132080078,269.039794921875,2
953,compare,606,0,0,244.3557891845703,594.8245239257812,412.4148864746094,604.7871704101562,2
954,compared,752,1,0,244.34329223632807,234.5195159912109,412.4562377929688,244.48211669921875,3
955,compares,580,1,0,244.3557891845703,474.5062255859375,412.4648742675781,484.46881103515625,2
956,comparing,783,0,0,244.35324096679688,366.7132568359375,392.42138671875,376.67584228515625,3
957,"comparison,",517,0,0,244.38302612304688,210.0712127685547,412.5617370605469,220.0338134765625,2
958,comparison.,657,0,0,63.76118087768555,246.1158599853516,221.8028564453125,256.0784606933594,3
959,"complicated,",19,0,0,53.67857360839844,282.3445739746094,221.68588256835935,292.3071594238281,0
960,complicated.,693,0,0,63.77115249633789,415.3704833984375,221.81890869140625,425.33306884765625,3
961,con-,260,0,0,53.679046630859375,407.8189086914063,221.75003051757807,417.781494140625,1
962,con-,590,1,0,244.3557891845703,510.3715515136719,412.49462890625,520.3341674804688,2
963,concentrates,1025,1,0,368.7402648925781,525.0756225585938,379.3175659179688,535.0382690429688,4
964,condi-,514,1,0,254.3456268310547,198.0762481689453,412.5617370605469,208.03884887695312,2
965,"conditions,",322,0,0,257.7994384765625,263.5899658203125,263.3336486816406,273.5525817871094,1
966,conducting,181,0,0,244.36273193359372,559.7730102539062,412.4576721191406,569.7356567382812,0
967,consistently,1064,0,0,53.67608642578125,354.3060302734375,182.8830108642578,364.26861572265625,5
968,constraint,275,0,0,53.669342041015625,467.7834167480469,221.78219604492188,477.7460021972656,1
969,continues,437,1,0,53.68890380859375,391.0318298339844,222.05487060546875,400.9944152832031,2
970,contributions,198,0,0,244.36273193359372,633.0778198242188,412.4955139160156,643.0404663085938,0
971,converse,993,1,0,53.67893981933594,604.7962646484375,192.6173553466797,614.7589111328125,4
972,correlation,160,1,0,244.36273193359372,476.1669006347656,412.5374450683594,486.1294860839844,0
973,costing.,747,1,0,244.34329223632807,190.8560028076172,336.22039794921875,200.818603515625,3
974,cre-,209,0,0,53.67903137207031,114.7489776611328,221.8297576904297,124.71157836914062,1
975,creasing,629,1,0,53.67903137207031,124.72151184082033,221.7590789794922,134.68411254882812,3
976,critical,180,0,0,244.36273193359372,559.7730102539062,412.4576721191406,569.7356567382812,0
977,cross-validation,601,1,0,367.0921325683594,570.8345947265625,412.5534973144531,580.7972412109375,2
978,crucial,195,0,0,345.2370300292969,621.0828247070312,412.5254211425781,631.0454711914062,0
979,culated,656,1,0,53.67903137207031,232.19810485839844,156.1942138671875,242.16070556640625,3
980,cuses,370,1,0,244.3590240478516,630.8740844726562,412.4142456054688,640.8367309570312,1
981,d,843,1,0,238.71902465820312,88.1325912475586,242.11526489257807,95.10638427734376,4
982,d,845,0,0,109.59902954101562,96.219970703125,143.14163208007812,103.19377136230467,4
983,dashed,348,1,0,244.36383056640625,395.7838745117188,412.4451293945313,405.7464599609375,1
984,data,49,1,0,53.67857360839844,401.8160705566406,221.66989135742188,411.7786560058594,0
985,data,114,0,0,244.36273193359372,319.3854675292969,412.4537658691406,329.3480529785156,0
986,data,190,1,0,244.36273193359372,595.6483154296875,332.93218994140625,605.6109619140625,0
987,data,212,1,0,53.67903137207031,126.74397277832033,190.95867919921875,136.70657348632812,1
988,data,263,0,0,111.6417236328125,419.4638977050781,115.07881927490234,429.426513671875,1
989,data,266,0,0,53.67930603027344,431.9180603027344,142.99600219726562,441.8806457519531,1
990,data,282,0,0,53.669342041015625,491.65380859375,175.82077026367188,501.6163940429688,1
991,data,353,1,0,244.36383056640625,407.7788391113281,412.4468688964844,417.7414245605469,1
992,data,357,1,0,244.36383056640625,431.6492309570313,412.4726867675781,441.61181640625,1
993,data,411,0,0,53.68890380859375,259.07720947265625,222.0329132080078,269.039794921875,2
994,data,416,0,0,53.68890380859375,270.95263671875,221.83773803710935,280.91522216796875,2
995,data,419,1,0,53.68890380859375,282.9476013183594,221.75799560546875,292.9101867675781,2
996,data,424,0,0,53.68890380859375,331.29608154296875,221.937255859375,341.2586669921875,2
997,data,433,1,0,53.68890380859375,367.1614379882813,222.1266632080078,377.1240234375,2
998,data,439,0,0,53.68890380859375,391.0318298339844,222.05487060546875,400.9944152832031,2
999,data,445,0,0,53.68890380859375,414.9022216796875,221.78790283203125,424.8648071289063,2
1000,data,451,0,0,53.68890380859375,438.7726135253906,222.0569000244141,448.7351989746094,2
1001,data,454,0,0,53.68890380859375,450.767578125,221.8276824951172,460.7301635742188,2
1002,data,466,0,0,53.69886779785156,522.9863891601562,221.9851531982422,532.9490356445312,2
1003,data,476,0,0,53.69886779785156,558.8517456054688,221.85763549804688,568.8143920898438,2
1004,data,482,0,0,53.69886779785156,582.72216796875,222.03985595703125,592.684814453125,2
1005,data,485,0,0,53.69886779785156,594.7171630859375,221.6972503662109,604.6798095703125,2
1006,data,490,1,0,53.69886779785156,618.5875244140625,221.8276824951172,628.5501708984375,2
1007,data,519,1,0,244.38302612304688,210.0712127685547,412.5617370605469,220.0338134765625,2
1008,data,533,0,0,244.38302612304688,257.81201171875,412.3196411132813,267.77459716796875,2
1009,data,535,0,0,244.38302612304688,257.81201171875,412.3196411132813,267.77459716796875,2
1010,data,576,0,0,244.3557891845703,450.6358337402344,412.385009765625,460.5984191894531,2
1011,data,592,1,0,244.3557891845703,522.3665161132812,412.5125732421875,532.3291625976562,2
1012,data,627,1,0,53.67903137207031,112.7265167236328,221.71820068359372,122.68911743164062,3
1013,data,632,1,0,53.67903137207031,136.59693908691406,221.90548706054688,146.55953979492188,3
1014,data,639,1,0,53.67903137207031,148.59193420410156,221.7082061767578,158.55453491210938,3
1015,data,666,0,0,53.67903137207031,270.1058044433594,164.70924377441406,280.0683898925781,3
1016,data,669,0,0,53.67903137207031,281.9812316894531,221.95437622070312,291.9438171386719,3
1017,data,673,1,0,53.67903137207031,293.9761962890625,221.76800537109372,303.93878173828125,3
1018,data,683,1,0,53.67902755737305,341.71697998046875,221.75808715820312,351.6795654296875,3
1019,data,689,0,0,53.689002990722656,377.5823364257813,221.84376525878903,387.544921875,3
1020,data,694,1,0,53.689002990722656,427.3654479980469,97.11597442626952,437.3280334472656,3
1021,data,704,0,0,53.68901062011719,475.1062316894531,221.7600555419922,485.0688171386719,3
1022,data,718,0,0,53.66909790039063,582.7022705078125,221.78501892089844,592.6649169921875,3
1023,data,737,1,0,244.34327697753903,114.43025207519533,412.4920043945313,124.39285278320312,3
1024,data,741,0,0,244.34327697753903,126.4252471923828,392.4920043945313,136.38784790039062,3
1025,data,796,1,0,244.353271484375,426.4490051269531,373.2552795410156,436.4115905761719,3
1026,data,825,1,0,244.3532867431641,569.7808837890625,412.7651062011719,579.7435302734375,3
1027,data,990,0,0,53.67893981933594,580.9258422851562,90.5286102294922,590.8884887695312,4
1028,data,992,0,0,53.67893981933594,604.7962646484375,192.6173553466797,614.7589111328125,4
1029,data,1031,1,0,244.3630828857422,548.9459838867188,412.3861389160156,558.9086303710938,4
1030,data,1035,0,0,244.3630828857422,560.9409790039062,412.3453063964844,570.9036254882812,4
1031,data,1036,0,0,244.3630828857422,572.9359130859375,412.5007629394531,582.8985595703125,4
1032,data,1061,0,0,53.67608642578125,318.440673828125,221.87466430664065,328.4032592773437,5
1033,data,1231,0,0,69.07844543457031,633.5938720703125,107.01504516601562,643.5565185546875,6
1034,data.,338,1,0,244.36383056640625,371.9134826660156,412.4030456542969,381.8760681152344,1
1035,data.,1115,0,0,343.1392822265625,306.4556579589844,412.458984375,316.4182434082031,5
1036,datasets,165,1,0,244.36273193359372,512.0322265625,412.41607666015625,521.994873046875,0
1037,datasets.,154,0,0,244.36273193359372,452.2965087890625,412.342041015625,462.2590942382813,0
1038,dation,1174,1,0,244.36024475097656,609.5975952148438,412.4202575683594,619.5602416992188,5
1039,de-,328,1,0,244.35899353027344,324.160400390625,412.54339599609375,334.1229858398437,1
1040,de-,629,0,0,53.67903137207031,124.72151184082033,221.7590789794922,134.68411254882812,3
1041,de-,759,0,0,244.35324096679688,282.26031494140625,412.4005126953125,292.222900390625,3
1042,de-,1094,0,0,53.67609405517578,497.7674560546875,174.36106872558594,507.7300415039063,5
1043,deal,573,0,0,244.3557891845703,438.7604064941406,412.380126953125,448.7229919433594,2
1044,dealing,81,0,0,53.67857360839844,621.2422485351562,221.81529235839844,631.2048950195312,0
1045,dealing,365,0,0,244.3590240478516,588.525634765625,393.3497314453125,598.4882202148438,1
1046,dealing,372,0,0,244.3590240478516,630.8740844726562,412.4142456054688,640.8367309570312,1
1047,dealing,509,1,0,244.38302612304688,149.60816955566406,412.4103393554688,159.57077026367188,2
1048,dealing,754,1,0,244.34329223632807,246.5144805908203,412.73919677734375,256.4770812988281,3
1049,dealing,968,0,0,53.678932189941406,473.4493713378906,221.8885040283203,483.4119567871094,4
1050,dealing,978,0,0,53.67893981933594,509.1951599121094,221.72805786132807,519.1577758789062,4
1051,decision,960,1,0,53.678932189941406,437.5840148925781,221.811767578125,447.5466003417969,4
1052,decomposition,1273,0,0,259.7526550292969,605.5491943359375,412.224365234375,615.5118408203125,6
1053,dedicated,141,0,0,244.36273193359372,416.43115234375,412.5493774414063,426.3937377929688,0
1054,degree,156,0,0,244.36273193359372,464.17193603515625,412.7178039550781,474.134521484375,0
1055,degree,1156,0,0,244.3602600097656,473.6679382324219,412.4771118164063,483.6305236816406,5
1056,der,271,0,0,53.669342041015625,455.7884521484375,221.89378356933597,465.75103759765625,1
1057,der.,793,0,0,270.1623840332031,414.45404052734375,412.5716857910156,424.4166259765625,3
1058,described,364,0,0,244.3590240478516,588.525634765625,393.3497314453125,598.4882202148438,1
1059,described,649,1,0,53.67903137207031,196.4522857666016,221.7719573974609,206.41488647460935,3
1060,description.,1231,1,0,69.07844543457031,633.5938720703125,107.01504516601562,643.5565185546875,6
1061,"detection,",84,1,0,53.67857360839844,633.2372436523438,221.8064727783203,643.1998901367188,0
1062,"detection,",86,1,0,244.36273193359372,199.7944183349609,412.56939697265625,209.75701904296875,0
1063,determine,463,0,0,53.68890380859375,498.6278991699219,112.73824310302734,508.5904846191406,2
1064,determined,488,0,0,53.69886779785156,606.5925903320312,221.79376220703125,616.5552368164062,2
1065,devel-,146,0,0,244.36273193359372,440.3015441894531,412.4118041992188,450.2641296386719,0
1066,deﬁne,336,1,0,244.36383056640625,359.91851806640625,412.47857666015625,369.881103515625,1
1067,di-,379,0,0,53.678932189941406,90.76893615722656,168.81668090820312,100.73153686523438,2
1068,di-,546,0,0,298.8390197753906,318.53662109375,332.2635803222656,328.4992370605469,2
1069,discarded,728,0,0,53.66909790039063,618.567626953125,221.89749145507807,628.5302734375,3
1070,discriminative,1189,0,0,69.06847381591797,442.3916931152344,221.82505798339844,452.3542785644531,6
1071,disjuncts.,1264,0,0,259.7526550292969,569.683837890625,282.7164611816406,579.646484375,6
1072,distance,276,0,0,53.669342041015625,479.6588439941406,221.7513427734375,489.6214294433594,1
1073,distance-,56,1,0,53.67857360839844,437.6814270019531,221.74758911132807,447.6440124511719,0
1074,distance-based,954,0,0,53.678932189941406,413.5940856933594,221.65235900878903,423.5566711425781,4
1075,distance-based,1014,0,0,244.36309814453125,438.4508056640625,412.4389343261719,448.4133911132813,4
1076,distance-based,1026,1,0,244.36309814453125,537.070556640625,382.1559448242188,547.033203125,4
1077,distance-based,1132,0,0,244.3602600097656,390.0617980957031,412.4890747070313,400.0243835449219,5
1078,distinct,572,1,0,244.3557891845703,438.7604064941406,412.380126953125,448.7229919433594,2
1079,distinct,610,0,0,244.3557891845703,618.6948852539062,292.7181701660156,628.6575317382812,2
1080,distinct,653,1,0,53.67903137207031,208.3277130126953,221.72219848632807,218.29031372070312,3
1081,dius,273,1,0,53.669342041015625,467.7834167480469,221.78219604492188,477.7460021972656,1
1082,divided,641,0,0,53.67903137207031,160.58692932128906,194.2294006347656,170.54953002929688,3
1083,divided,943,0,0,53.67893981933594,377.8482666015625,221.7360076904297,387.8108520507813,4
1084,diﬀerent,94,0,0,244.36273193359372,223.7843475341797,412.5903625488281,233.7469482421875,0
1085,diﬀerent,402,1,0,53.678932189941406,186.8583221435547,222.14146423339844,196.8209228515625,2
1086,diﬀerent,524,0,0,244.38302612304688,233.9416046142578,412.5127258300781,243.9042053222656,2
1087,diﬀerent,568,1,0,244.3557891845703,426.7654418945313,412.485595703125,436.72802734375,2
1088,diﬀerent,577,0,0,244.3557891845703,462.63079833984375,412.4747009277344,472.5933837890625,2
1089,diﬃcultly,817,0,0,244.3532867431641,545.9104614257812,367.6544799804688,555.8731079101562,3
1090,"diﬃculty,",138,0,0,244.36273193359372,404.4361877441406,412.4778747558594,414.3987731933594,0
1091,document,1192,0,0,69.06847381591797,466.2620849609375,87.79019165039062,476.22467041015625,6
1092,domain,258,0,0,53.679046630859375,395.9434814453125,221.72021484375,405.9060668945313,1
1093,domain,269,0,0,53.669342041015625,443.7934875488281,221.7413482666016,453.7560729980469,1
1094,domain,328,0,0,244.35899353027344,324.160400390625,412.54339599609375,334.1229858398437,1
1095,dotted,345,1,0,244.36383056640625,395.7838745117188,412.4451293945313,405.7464599609375,1
1096,dropped,354,0,0,244.36383056640625,419.7738037109375,412.3851623535156,429.73638916015625,1
1097,duced.,306,1,0,244.36697387695312,114.7445831298828,412.80364990234375,124.70718383789062,1
1098,each,360,0,0,244.3590240478516,556.2741088867188,404.95806884765625,565.2405395507812,1
1099,each,534,1,0,244.38302612304688,257.81201171875,412.3196411132813,267.77459716796875,2
1100,each,632,0,0,53.67903137207031,136.59693908691406,221.90548706054688,146.55953979492188,3
1101,each,639,0,0,53.67903137207031,148.59193420410156,221.7082061767578,158.55453491210938,3
1102,each,673,0,0,53.67903137207031,293.9761962890625,221.76800537109372,303.93878173828125,3
1103,each,722,0,0,53.66909790039063,594.697265625,221.9872589111328,604.659912109375,3
1104,ef-,22,1,0,53.67857360839844,306.2149658203125,221.79147338867188,316.17755126953125,0
1105,eling,764,1,0,244.35324096679688,306.250244140625,412.5220031738281,316.2128295898437,3
1106,employed,44,0,0,53.67857360839844,377.9456787109375,221.9478912353516,387.90826416015625,0
1107,employed,1112,1,0,53.67609405517578,633.6971435546875,221.84475708007807,643.6597900390625,5
1108,employs,956,1,0,53.678932189941406,425.5890502929688,221.69029235839844,435.5516357421875,4
1109,enjoyed,1144,1,0,244.3602600097656,425.9271545410156,412.5291137695313,435.8897399902344,5
1110,erature,21,1,0,53.67857360839844,294.33953857421875,221.61415100097656,304.3021240234375,0
1111,"error,",300,0,0,244.36697387695312,78.87916564941406,412.6683349609375,88.84176635742188,1
1112,est,110,1,0,244.36273193359372,307.3905029296875,412.5315551757813,317.35308837890625,0
1113,et,144,1,0,244.36273193359372,428.4261169433594,412.4933776855469,438.3887023925781,0
1114,eval-,401,0,0,53.678932189941406,186.8583221435547,222.14146423339844,196.8209228515625,2
1115,even,18,0,0,53.67857360839844,270.349609375,221.7575836181641,280.31219482421875,0
1116,examples,538,0,0,244.38302612304688,269.8069763183594,412.4680786132813,279.7695617675781,2
1117,except,813,0,0,244.3532867431641,522.0401000976562,379.4760437011719,532.0027465820312,3
1118,experi-,583,1,0,244.3557891845703,498.49615478515625,412.3849792480469,508.458740234375,2
1119,experiment,622,0,0,53.67903137207031,100.85108947753906,221.8507232666016,110.81369018554688,3
1120,experiment,758,1,0,276.27838134765625,270.3848876953125,412.420166015625,280.34747314453125,3
1121,experiment,769,0,0,244.35324096679688,318.12567138671875,412.4302978515625,328.0882568359375,3
1122,experiment,1025,0,0,368.7402648925781,525.0756225585938,379.3175659179688,535.0382690429688,4
1123,"experiment,",1024,0,0,396.2787780761719,513.2001342773438,412.3494567871094,523.1627807617188,4
1124,experiment.,773,1,0,254.3158416748047,342.8428649902344,412.517822265625,352.8054504394531,3
1125,experimental,46,1,0,53.67857360839844,389.9406433105469,221.87713623046875,399.9032287597656,0
1126,experiments,598,1,0,254.31838989257807,558.9591674804688,412.3561401367188,568.9218139648438,2
1127,eﬀect,1187,0,0,53.467041015625,430.396728515625,111.43939971923828,440.35931396484375,6
1128,eﬀect.,597,1,0,244.3557891845703,546.2368774414062,308.33453369140625,556.1995239257812,2
1129,eﬀectiveness,169,0,0,244.36273193359372,524.0271606445312,412.4438171386719,533.9898071289062,0
1130,eﬀects,1203,0,0,69.07843780517578,502.12744140625,221.57797241210935,512.0900268554688,6
1131,eﬀorts,140,1,0,244.36273193359372,404.4361877441406,412.4778747558594,414.3987731933594,0
1132,fea-,132,0,0,244.36273193359372,379.1212158203125,343.4048156738281,389.0838012695313,0
1133,feature,104,0,0,244.36273193359372,271.525146484375,412.384033203125,281.4877319335937,0
1134,feature,396,0,0,63.76108169555664,174.8633575439453,221.8416290283203,184.82595825195312,2
1135,fect.,23,1,0,53.67857360839844,306.2149658203125,221.79147338867188,316.17755126953125,0
1136,few,20,0,0,53.67857360839844,282.3445739746094,221.68588256835935,292.3071594238281,0
1137,fo-,370,0,0,244.3590240478516,630.8740844726562,412.4142456054688,640.8367309570312,1
1138,focus,168,0,0,244.36273193359372,512.0322265625,412.41607666015625,521.994873046875,0
1139,focus,432,1,0,53.68890380859375,367.1614379882813,222.1266632080078,377.1240234375,2
1140,fol-,199,0,0,53.587158203125,659.6309204101562,124.6115493774414,667.618896484375,0
1141,following,286,0,0,53.65938568115234,515.524169921875,221.8241271972656,525.48681640625,1
1142,formance,1082,1,0,53.67609024047852,449.9071350097656,222.0839385986328,459.8697204589844,5
1143,formance,1148,1,0,244.3602600097656,437.8025817871094,327.5181579589844,447.7651672363281,5
1144,"formance,",1162,0,0,244.3602600097656,561.8568725585938,412.4193420410156,571.8195190429688,5
1145,forms,712,0,0,53.66909790039063,546.8369140625,182.54928588867188,556.799560546875,3
1146,found,117,0,0,244.36273193359372,331.2608947753906,412.4080810546875,341.2234802246094,0
1147,found,233,0,0,53.679046630859375,234.22056579589844,221.8178558349609,244.18316650390625,1
1148,found,1118,0,0,244.3602600097656,318.3310852050781,412.5328979492188,328.2936706542969,5
1149,found,1133,0,0,244.3602600097656,390.0617980957031,412.4890747070313,400.0243835449219,5
1150,found,1153,1,0,244.3602600097656,461.7925109863281,412.5079956054688,471.7550964355469,5
1151,four,973,1,0,53.678932189941406,497.31976318359375,162.15672302246094,507.2823486328125,4
1152,fraud,84,0,0,53.67857360839844,633.2372436523438,221.8064727783203,643.1998901367188,0
1153,function,286,1,0,53.65938568115234,515.524169921875,221.8241271972656,525.48681640625,1
1154,function,309,1,0,244.36697387695312,138.61500549316406,343.8952941894531,148.57760620117188,1
1155,further,1126,1,0,244.3602600097656,366.19140625,412.5928039550781,376.1539916992188,5
1156,gain,499,0,0,244.38302612304688,113.74275207519533,412.7212524414063,123.70535278320312,2
1157,gained,637,0,0,53.67903137207031,148.59193420410156,221.7082061767578,158.55453491210938,3
1158,gap,807,0,0,244.353271484375,498.1697387695313,258.1474914550781,508.13232421875,3
1159,gap,1083,1,0,53.67609024047852,449.9071350097656,222.0839385986328,459.8697204589844,5
1160,gap,1089,1,0,53.67609405517578,473.7775268554688,222.1037750244141,483.7401123046875,5
1161,garded,7,1,0,53.67857360839844,234.6037750244141,221.78854370117188,244.56637573242188,0
1162,gener-,593,1,0,244.3557891845703,522.3665161132812,412.5125732421875,532.3291625976562,2
1163,generate,1034,0,0,244.3630828857422,560.9409790039062,412.3453063964844,570.9036254882812,4
1164,generated,153,1,0,244.36273193359372,452.2965087890625,412.342041015625,462.2590942382813,0
1165,generated,164,1,0,244.36273193359372,512.0322265625,412.41607666015625,521.994873046875,0
1166,get,473,0,0,53.69886779785156,546.8568115234375,221.78782653808597,556.8194580078125,2
1167,"gion,",478,0,0,53.69886779785156,570.7271728515625,221.77783203125,580.6898193359375,2
1168,gions,213,0,0,53.67903137207031,126.74397277832033,190.95867919921875,136.70657348632812,1
1169,gions,494,0,0,244.38302612304688,78.58729553222656,367.3314514160156,88.54989624023438,2
1170,gions,1114,1,0,244.3602600097656,306.4556579589844,329.82525634765625,316.4182434082031,5
1171,given,234,0,0,53.679046630859375,246.2155303955078,221.8716278076172,256.1781311035156,1
1172,given,265,0,0,53.67930603027344,431.9180603027344,142.99600219726562,441.8806457519531,1
1173,goal,497,0,0,244.38302612304688,101.7477569580078,412.2927551269531,111.71035766601562,2
1174,good,743,0,0,244.34329223632807,150.29566955566406,412.4422912597656,160.25827026367188,3
1175,got.,443,0,0,53.68890380859375,414.9022216796875,221.78790283203125,424.8648071289063,2
1176,great,139,1,0,244.36273193359372,404.4361877441406,412.4778747558594,414.3987731933594,0
1177,gree,1094,1,0,53.67609405517578,497.7674560546875,174.36106872558594,507.7300415039063,5
1178,greedy,959,0,0,53.678932189941406,437.5840148925781,221.811767578125,447.5466003417969,4
1179,groups.,1237,0,0,259.7526550292969,426.222412109375,341.1770324707031,436.18499755859375,6
1180,handle,189,0,0,244.36273193359372,583.762939453125,412.44183349609375,593.7255859375,0
1181,handle,406,0,0,53.67893981933594,222.7236785888672,221.78282165527344,232.686279296875,2
1182,handling,1109,0,0,53.67609405517578,621.7022094726562,221.75509643554688,631.6648559570312,5
1183,handwriting,224,0,0,53.679046630859375,210.3501739501953,221.90557861328125,220.31277465820312,1
1184,hard,128,0,0,244.36273193359372,367.1262512207031,412.4916687011719,377.0888366699219,0
1185,hardly,830,0,0,244.3532867431641,593.7708129882812,412.39642333984375,603.7334594726562,3
1186,hardly,970,0,0,53.678932189941406,485.3247985839844,195.20767211914065,495.2873840332031,4
1187,have:,323,0,0,257.7994384765625,263.5899658203125,263.3336486816406,273.5525817871094,1
1188,here.,757,0,0,276.27838134765625,270.3848876953125,412.420166015625,280.34747314453125,3
1189,high,812,0,0,244.3532867431641,522.0401000976562,379.4760437011719,532.0027465820312,3
1190,high,816,0,0,244.3532867431641,545.9104614257812,367.6544799804688,555.8731079101562,3
1191,high,1062,0,0,53.67608642578125,330.4356384277344,221.95635986328125,340.3982238769531,5
1192,"high,",725,0,0,53.66909790039063,606.5726928710938,221.807861328125,616.5353393554688,3
1193,high.,1078,1,0,53.67609024047852,426.0367431640625,221.92449951171875,435.9993286132813,5
1194,higher,69,1,0,53.67857360839844,485.541748046875,221.70181274414065,495.50433349609375,0
1195,higher,686,1,0,53.67902755737305,353.7119445800781,91.49506378173828,363.6745300292969,3
1196,higher,1064,1,0,53.67608642578125,354.3060302734375,182.8830108642578,364.26861572265625,5
1197,higher,1097,0,0,53.67609405517578,509.6429138183594,221.69932556152344,519.6055297851562,5
1198,how,508,1,0,244.38302612304688,149.60816955566406,412.4103393554688,159.57077026367188,2
1199,how,834,1,0,254.31588745117188,618.3684692382812,412.5218505859375,628.3311157226562,3
1200,"however,",163,0,0,244.36273193359372,500.0372924804688,412.6817626953125,509.9998779296875,0
1201,i,264,1,0,111.6417236328125,419.4638977050781,115.07881927490234,429.426513671875,1
1202,i,290,0,0,184.71902465820312,556.50390625,189.0826416015625,566.4664916992188,1
1203,i,314,0,0,293.6858825683594,199.0197906494141,298.9560852050781,208.98239135742188,1
1204,i,317,1,0,300.27032470703125,217.2654266357422,306.6463928222656,227.22802734375,1
1205,if,489,0,0,53.69886779785156,606.5925903320312,221.79376220703125,616.5552368164062,2
1206,ignore,388,0,0,53.678932189941406,114.6393585205078,221.6303558349609,124.60195922851562,2
1207,ignores,410,0,0,53.68890380859375,259.07720947265625,222.0329132080078,269.039794921875,2
1208,ignoring,717,1,0,53.66909790039063,570.707275390625,221.6644287109375,580.669921875,3
1209,imbalance,14,1,0,53.67857360839844,258.47418212890625,221.76161193847656,268.436767578125,0
1210,imbalance,34,1,0,53.67857360839844,342.080322265625,221.66297912597656,352.0429077148437,0
1211,imbalance,66,1,0,53.67857360839844,473.5467834472656,221.88113403320312,483.5093688964844,0
1212,imbalance,244,1,0,53.679046630859375,293.9563293457031,124.8418960571289,303.9189147949219,1
1213,imbalance,506,1,0,244.38302612304688,137.61317443847656,412.3873291015625,147.57577514648438,2
1214,imbalance,592,0,0,244.3557891845703,522.3665161132812,412.5125732421875,532.3291625976562,2
1215,imbalance,1031,0,0,244.3630828857422,548.9459838867188,412.3861389160156,558.9086303710938,4
1216,imbalance,1034,1,0,244.3630828857422,560.9409790039062,412.3453063964844,570.9036254882812,4
1217,imbalance,1151,1,0,244.3602600097656,461.7925109863281,412.5079956054688,471.7550964355469,5
1218,imbalance,1185,1,0,66.06973266601562,370.6310729980469,254.4505615234375,380.5936584472656,6
1219,imbalance,1204,1,0,69.07843780517578,514.0028686523438,221.73529052734372,523.9655151367188,6
1220,imbalance,1216,1,0,117.25757598876952,561.8631591796875,221.70541381835935,571.8258056640625,6
1221,"imbalance,",1095,1,0,53.67609405517578,497.7674560546875,174.36106872558594,507.7300415039063,5
1222,"imbalance,",1157,0,0,244.3602600097656,485.6629028320313,258.15447998046875,495.62548828125,5
1223,imbalance.,161,1,0,244.36273193359372,488.161865234375,412.5504150390625,498.12445068359375,0
1224,imbalances,1262,1,0,259.7526550292969,557.6888427734375,412.1604309082031,567.6514892578125,6
1225,impact,243,0,0,53.679046630859375,282.0809020996094,221.83782958984372,292.0434875488281,1
1226,importance,135,1,0,254.3253326416016,392.5607604980469,412.4217224121094,402.5233459472656,0
1227,important,720,0,0,53.66909790039063,582.7022705078125,221.78501892089844,592.6649169921875,3
1228,improve,830,1,0,244.3532867431641,593.7708129882812,412.39642333984375,603.7334594726562,3
1229,improved.,818,0,0,244.3532867431641,557.9054565429688,412.4443359375,567.8681030273438,3
1230,improvements,70,0,0,53.67857360839844,485.541748046875,221.70181274414065,495.50433349609375,0
1231,improvements,1097,1,0,53.67609405517578,509.6429138183594,221.69932556152344,519.6055297851562,5
1232,improvements,1158,0,0,244.3602600097656,497.6578674316406,412.4463195800781,507.6204528808594,5
1233,increase,65,0,0,53.67857360839844,461.6713562011719,221.71376037597656,471.6339416503906,0
1234,increase,709,0,0,53.67905426025391,522.9664916992188,222.0370635986328,532.9291381835938,3
1235,increase,1079,0,0,53.67609024047852,437.91217041015625,221.73519897460935,447.874755859375,5
1236,increase,1093,0,0,53.67609405517578,485.7724914550781,221.74517822265625,495.7350769042969,5
1237,increase,1155,0,0,244.3602600097656,473.6679382324219,412.4771118164063,483.6305236816406,5
1238,"increases,",806,0,0,244.353271484375,486.1747741699219,412.3804931640625,496.1373596191406,3
1239,indicate,678,1,0,53.67903137207031,305.85162353515625,221.8198089599609,315.814208984375,3
1240,induce,960,0,0,53.678932189941406,437.5840148925781,221.811767578125,447.5466003417969,4
1241,informa-,720,1,0,53.66909790039063,582.7022705078125,221.78501892089844,592.6649169921875,3
1242,informa-,726,1,0,53.66909790039063,606.5726928710938,221.807861328125,616.5353393554688,3
1243,ing,239,1,0,53.679046630859375,282.0809020996094,221.83782958984372,292.0434875488281,1
1244,ing,405,0,0,53.67893981933594,222.7236785888672,221.78282165527344,232.686279296875,2
1245,ing,715,0,0,53.66909790039063,570.707275390625,221.6644287109375,580.669921875,3
1246,ing,800,0,0,244.353271484375,462.3143615722656,306.4839782714844,472.2769470214844,3
1247,ing,829,0,0,244.3532867431641,593.7708129882812,412.39642333984375,603.7334594726562,3
1248,ing,1256,1,0,244.15121459960935,545.8134155273438,377.2744140625,555.7760620117188,6
1249,insights,501,0,0,244.38302612304688,125.61817932128906,412.7499694824219,135.58078002929688,2
1250,instance-based,1208,0,0,69.07843780517578,537.9927368164062,132.9366912841797,547.9553833007812,6
1251,inter-,238,0,0,53.679046630859375,258.21051025390625,184.7709045410156,268.173095703125,1
1252,interrelationship,33,1,0,53.67857360839844,330.20489501953125,221.71774291992188,340.16748046875,0
1253,interrelationship,505,1,0,244.38302612304688,137.61317443847656,412.3873291015625,147.57577514648438,2
1254,intro-,306,0,0,244.36697387695312,114.7445831298828,412.80364990234375,124.70718383789062,1
1255,intru-,85,1,0,53.67857360839844,633.2372436523438,221.8064727783203,643.1998901367188,0
1256,investigate,508,0,0,244.38302612304688,149.60816955566406,412.4103393554688,159.57077026367188,2
1257,investigate,834,0,0,254.31588745117188,618.3684692382812,412.5218505859375,628.3311157226562,3
1258,it,15,0,0,53.67857360839844,258.47418212890625,221.76161193847656,268.436767578125,0
1259,it,127,0,0,244.36273193359372,367.1262512207031,412.4916687011719,377.0888366699219,0
1260,it,133,0,0,254.3253326416016,392.5607604980469,412.4217224121094,402.5233459472656,0
1261,it,457,1,0,53.68890380859375,462.7625427246094,221.79183959960935,472.7251281738281,2
1262,it,460,0,0,53.68890380859375,474.6379699707031,221.72613525390625,484.6005554199219,2
1263,it,536,0,0,244.38302612304688,257.81201171875,412.3196411132813,267.77459716796875,2
1264,its,33,0,0,53.67857360839844,330.20489501953125,221.71774291992188,340.16748046875,0
1265,its,135,0,0,254.3253326416016,392.5607604980469,412.4217224121094,402.5233459472656,0
1266,its,463,1,0,53.68890380859375,498.6278991699219,112.73824310302734,508.5904846191406,2
1267,its,505,0,0,244.38302612304688,137.61317443847656,412.3873291015625,147.57577514648438,2
1268,k,854,0,0,160.71902465820312,120.09991455078124,178.82301330566406,127.07371520996094,4
1269,k,872,0,0,160.71902465820312,167.97991943359375,178.82301330566406,174.95372009277344,4
1270,k,890,0,0,160.71902465820312,215.73992919921875,178.82301330566406,222.71372985839844,4
1271,k,908,0,0,160.71902465820312,263.61993408203125,178.82301330566406,270.5937194824219,4
1272,k,926,0,0,160.71902465820312,311.37994384765625,178.82301330566406,318.3537292480469,4
1273,k-NN,1137,0,0,244.3602600097656,390.0617980957031,412.4890747070313,400.0243835449219,5
1274,"kernel),",612,1,0,244.35580444335935,630.6898803710938,392.2615051269531,640.6525268554688,2
1275,l,289,0,0,184.71902465820312,556.50390625,189.0826416015625,566.4664916992188,1
1276,l,313,1,0,310.95904541015625,166.85491943359375,313.4765930175781,173.82872009277344,1
1277,l,317,0,0,300.27032470703125,217.2654266357422,306.6463928222656,227.22802734375,1
1278,la-,234,1,0,53.679046630859375,246.2155303955078,221.8716278076172,256.1781311035156,1
1279,labeled,430,0,0,53.68890380859375,355.1664733886719,221.70118713378903,365.1290588378906,2
1280,lapping,143,0,0,244.36273193359372,428.4261169433594,412.4933776855469,438.3887023925781,0
1281,lapping,440,1,0,53.68890380859375,403.02679443359375,221.71815490722656,412.9893798828125,2
1282,lapping,672,1,0,53.67903137207031,293.9761962890625,221.76800537109372,303.93878173828125,3
1283,lapping,724,1,0,53.66909790039063,606.5726928710938,221.807861328125,616.5353393554688,3
1284,lapping,1125,0,0,244.3602600097656,354.1964416503906,412.6713562011719,364.1590270996094,5
1285,lapping,1191,1,0,69.06847381591797,454.2671203613281,221.6895446777344,464.2297058105469,6
1286,lapping(ratio).,543,1,0,320.5171813964844,293.6773681640625,412.3883361816406,303.63995361328125,2
1287,lapping.,221,0,0,97.69182586669922,186.4797821044922,221.77700805664065,196.4423828125,1
1288,largest,1006,0,0,244.36309814453125,389.62408447265625,412.32464599609375,399.586669921875,4
1289,largest,1008,0,0,244.36309814453125,389.62408447265625,412.32464599609375,399.586669921875,4
1290,largest,1011,0,0,244.36309814453125,413.4944763183594,366.3699340820313,423.4570617675781,4
1291,leads,312,1,0,310.95904541015625,166.85491943359375,313.4765930175781,173.82872009277344,1
1292,learn,438,0,0,53.68890380859375,391.0318298339844,222.05487060546875,400.9944152832031,2
1293,learned,421,1,0,53.68890380859375,294.94256591796875,221.68817138671875,304.9051513671875,2
1294,learning,111,1,0,244.36273193359372,307.3905029296875,412.5315551757813,317.35308837890625,0
1295,learning,513,0,0,244.38302612304688,173.4785919189453,412.535888671875,183.44119262695312,2
1296,learning,744,1,0,244.34329223632807,162.29066467285156,358.03448486328125,172.25326538085938,3
1297,learning,1223,0,0,191.38528442382807,585.7335815429688,200.52297973632807,595.6962280273438,6
1298,learns,415,0,0,53.68890380859375,270.95263671875,221.83773803710935,280.91522216796875,2
1299,learns,468,0,0,53.69886779785156,534.9813842773438,221.87545776367188,544.9440307617188,2
1300,learns,733,0,0,296.5473022460937,90.55982971191406,412.4561767578125,100.52243041992188,3
1301,lected.,530,1,0,281.0693359375,245.8170318603516,412.4203186035156,255.77963256835935,2
1302,left,786,0,0,244.353271484375,390.5836486816406,412.468994140625,400.5462341308594,3
1303,lem,30,1,0,53.67857360839844,330.20489501953125,221.71774291992188,340.16748046875,0
1304,"lem,",16,0,0,53.67857360839844,270.349609375,221.7575836181641,280.31219482421875,0
1305,less,706,0,0,53.68901062011719,487.1011962890625,221.8606414794922,497.0637817382813,3
1306,line,349,0,0,244.36383056640625,395.7838745117188,412.4451293945313,405.7464599609375,1
1307,linear,612,0,0,244.35580444335935,630.6898803710938,392.2615051269531,640.6525268554688,2
1308,lit-,21,0,0,53.67857360839844,294.33953857421875,221.61415100097656,304.3021240234375,0
1309,"literature,",139,0,0,244.36273193359372,404.4361877441406,412.4778747558594,414.3987731933594,0
1310,little,825,0,0,244.3532867431641,569.7808837890625,412.7651062011719,579.7435302734375,3
1311,local,1272,1,0,259.7526550292969,605.5491943359375,412.224365234375,615.5118408203125,6
1312,locally,964,0,0,53.678932189941406,461.4544067382813,122.187744140625,471.4169921875,4
1313,long,6,0,0,53.67857360839844,222.6088104248047,221.7615509033203,232.5714111328125,0
1314,lose,719,0,0,53.66909790039063,582.7022705078125,221.78501892089844,592.6649169921875,3
1315,low,820,0,0,244.3532867431641,557.9054565429688,412.4443359375,567.8681030273438,3
1316,lower,729,1,0,254.30589294433597,78.56483459472656,412.3228149414063,88.52743530273438,3
1317,lows.,202,0,0,90.98399353027344,78.88356018066406,114.78962707519533,88.84616088867188,1
1318,lying,491,0,0,53.69886779785156,618.5875244140625,221.8276824951172,628.5501708984375,2
1319,lying,827,0,0,244.3532867431641,581.7758178710938,412.4432067871094,591.7384643554688,3
1320,lν,319,0,0,244.35987854003903,234.64952087402344,412.8335266113281,244.61212158203125,1
1321,m,844,0,0,238.71902465820312,88.1325912475586,242.11526489257807,95.10638427734376,4
1322,m,845,1,0,109.59902954101562,96.219970703125,143.14163208007812,103.19377136230467,4
1323,machine,111,0,0,244.36273193359372,307.3905029296875,412.5315551757813,317.35308837890625,0
1324,main,496,1,0,244.38302612304688,101.7477569580078,412.2927551269531,111.71035766601562,2
1325,mainly,163,1,0,244.36273193359372,500.0372924804688,412.6817626953125,509.9998779296875,0
1326,mainly,223,0,0,53.679046630859375,198.35520935058597,221.95928955078125,208.31781005859372,1
1327,mainly,369,1,0,244.3590240478516,630.8740844726562,412.4142456054688,640.8367309570312,1
1328,major,197,1,0,244.36273193359372,633.0778198242188,412.4955139160156,643.0404663085938,0
1329,make,516,0,0,254.3456268310547,198.0762481689453,412.5617370605469,208.03884887695312,2
1330,makes,690,0,0,53.689002990722656,389.5773010253906,221.7281951904297,399.5398864746094,3
1331,mance,1089,0,0,53.67609405517578,473.7775268554688,222.1037750244141,483.7401123046875,5
1332,matter,1067,0,0,53.67608642578125,366.3009948730469,221.76901245117188,376.2635803222656,5
1333,means,778,1,0,244.35324096679688,354.7182922363281,412.4581298828125,364.6808776855469,3
1334,means,821,1,0,244.3532867431641,557.9054565429688,412.4443359375,567.8681030273438,3
1335,ment,584,0,0,244.3557891845703,498.49615478515625,412.3849792480469,508.458740234375,2
1336,merge,381,0,0,53.678932189941406,102.64436340332033,221.7280120849609,112.60696411132812,2
1337,merges,423,1,0,53.68890380859375,331.29608154296875,221.937255859375,341.2586669921875,2
1338,meta-class,385,0,0,53.678932189941406,114.6393585205078,221.6303558349609,124.60195922851562,2
1339,method.,602,0,0,367.0921325683594,570.8345947265625,412.5534973144531,580.7972412109375,2
1340,metric,603,0,0,244.3557891845703,582.8295288085938,412.3063659667969,592.7921752929688,2
1341,min,287,1,0,92.19902801513672,556.50390625,96.64234924316406,566.4664916992188,1
1342,minimize,272,0,0,53.669342041015625,455.7884521484375,221.89378356933597,465.75103759765625,1
1343,minimized:,287,0,0,92.19902801513672,556.50390625,96.64234924316406,566.4664916992188,1
1344,minimizing,308,0,0,244.36697387695312,114.7445831298828,412.80364990234375,124.70718383789062,1
1345,minimum,259,0,0,53.679046630859375,407.8189086914063,221.75003051757807,417.781494140625,1
1346,minimum,270,0,0,53.669342041015625,455.7884521484375,221.89378356933597,465.75103759765625,1
1347,mining,114,1,0,244.36273193359372,319.3854675292969,412.4537658691406,329.3480529785156,0
1348,misclassiﬁ-,118,0,0,244.36273193359372,343.255859375,412.32720947265625,353.21844482421875,0
1349,mod-,763,1,0,244.35324096679688,306.250244140625,412.5220031738281,316.2128295898437,3
1350,model,421,0,0,53.68890380859375,294.94256591796875,221.68817138671875,304.9051513671875,2
1351,model,444,0,0,53.68890380859375,414.9022216796875,221.78790283203125,424.8648071289063,2
1352,model,450,0,0,53.68890380859375,438.7726135253906,222.0569000244141,448.7351989746094,2
1353,model,462,1,0,53.68890380859375,486.6329345703125,221.66732788085935,496.5955200195313,2
1354,model,475,0,0,53.69886779785156,558.8517456054688,221.85763549804688,568.8143920898438,2
1355,model,481,0,0,53.69886779785156,570.7271728515625,221.77783203125,580.6898193359375,2
1356,model,487,0,0,53.69886779785156,606.5925903320312,221.79376220703125,616.5552368164062,2
1357,model-,828,1,0,244.3532867431641,593.7708129882812,412.39642333984375,603.7334594726562,3
1358,model.,456,1,0,53.68890380859375,462.7625427246094,221.79183959960935,472.7251281738281,2
1359,modeling,40,1,0,53.67857360839844,366.07025146484375,221.757568359375,376.0328369140625,0
1360,modeling,403,1,0,53.678932189941406,198.8532867431641,184.8763732910156,208.81588745117188,2
1361,modeling,648,1,0,53.67903137207031,196.4522857666016,221.7719573974609,206.41488647460935,3
1362,modeling,1107,0,0,53.67609405517578,597.831787109375,221.74114990234372,607.79443359375,5
1363,modeling,1116,0,0,244.3602600097656,318.3310852050781,412.5328979492188,328.2936706542969,5
1364,models,442,1,0,53.68890380859375,403.02679443359375,221.71815490722656,412.9893798828125,2
1365,models.,474,0,0,53.69886779785156,546.8568115234375,221.78782653808597,556.8194580078125,2
1366,more,18,1,0,53.67857360839844,270.349609375,221.7575836181641,280.31219482421875,0
1367,more,60,0,0,53.67857360839844,449.6763916015625,221.9827117919922,459.6389770507813,0
1368,more,692,1,0,53.689002990722656,389.5773010253906,221.7281951904297,399.5398864746094,3
1369,more,697,0,0,53.68901062011719,439.36041259765625,221.75802612304688,449.322998046875,3
1370,more,725,1,0,53.66909790039063,606.5726928710938,221.807861328125,616.5353393554688,3
1371,more,808,0,0,244.3532867431641,510.0451354980469,412.4124755859375,520.0077514648438,3
1372,more,811,0,0,244.3532867431641,510.0451354980469,412.4124755859375,520.0077514648438,3
1373,more,1017,0,0,244.36309814453125,438.4508056640625,412.4389343261719,448.4133911132813,4
1374,more,1038,0,0,244.3630828857422,584.8113403320312,412.4980773925781,594.7739868164062,4
1375,more,1138,0,0,244.3602600097656,402.0567626953125,412.4363708496094,412.0193481445313,5
1376,most,262,0,0,53.679046630859375,407.8189086914063,221.75003051757807,417.781494140625,1
1377,much,712,1,0,53.66909790039063,546.8369140625,182.54928588867188,556.799560546875,3
1378,much,1071,0,0,53.67609405517578,390.17138671875,221.6854553222656,400.1339721679688,5
1379,much,1147,0,0,244.3602600097656,437.8025817871094,327.5181579589844,447.7651672363281,5
1380,multi-,334,0,0,244.35899353027344,348.0307922363281,300.5380554199219,357.9933776855469,1
1381,multi-label,229,0,0,53.679046630859375,222.3451385498047,221.7909698486328,232.3077392578125,1
1382,multilabel,1246,1,0,259.7526550292969,462.0877685546875,412.1953125,472.0503540039063,6
1383,na-,610,1,0,244.3557891845703,618.6948852539062,292.7181701660156,628.6575317382812,2
1384,name,668,0,0,53.67903137207031,281.9812316894531,221.95437622070312,291.9438171386719,3
1385,namely,217,1,0,53.67903137207031,150.61439514160156,105.04818725585938,160.57699584960938,1
1386,namely,404,1,0,53.678932189941406,198.8532867431641,184.8763732910156,208.81588745117188,2
1387,narrowed.,1085,0,0,53.67609024047852,461.902099609375,144.06178283691406,471.86468505859375,5
1388,narrowed.,1091,0,0,53.67609405517578,485.7724914550781,221.74517822265625,495.7350769042969,5
1389,near,120,0,0,244.36273193359372,355.1312866210937,412.4556579589844,365.0938720703125,0
1390,need,180,1,0,244.36273193359372,559.7730102539062,412.4576721191406,569.7356567382812,0
1391,network,85,0,0,53.67857360839844,633.2372436523438,221.8064727783203,643.1998901367188,0
1392,new,429,0,0,53.68890380859375,355.1664733886719,221.70118713378903,365.1290588378906,2
1393,nit.,1248,0,0,244.15121459960935,497.953125,270.3229675292969,507.9157104492188,6
1394,nition,225,0,0,53.679046630859375,210.3501739501953,221.90557861328125,220.31277465820312,1
1395,no,1066,1,0,53.67608642578125,366.3009948730469,221.76901245117188,376.2635803222656,5
1396,non-,417,0,0,53.68890380859375,282.9476013183594,221.75799560546875,292.9101867675781,2
1397,non-,643,0,0,53.67903137207031,172.4623565673828,185.91259765625,182.42495727539065,3
1398,non-,1120,0,0,244.3602600097656,330.3260498046875,412.38958740234375,340.28863525390625,5
1399,non-overlapping,470,0,0,53.69886779785156,546.8568115234375,221.78782653808597,556.8194580078125,2
1400,non-overlapping,483,0,0,53.69886779785156,594.7171630859375,221.6972503662109,604.6798095703125,2
1401,non-overlapping,492,0,0,53.69886779785156,630.58251953125,178.395751953125,640.545166015625,2
1402,non-overlapping,737,0,0,244.34327697753903,114.43025207519533,412.4920043945313,124.39285278320312,3
1403,not,1005,0,0,244.36309814453125,377.7486572265625,412.4322509765625,387.7112426757813,4
1404,not,1010,0,0,244.36309814453125,401.6190490722656,412.6541442871094,411.5816345214844,4
1405,not,1090,0,0,53.67609405517578,485.7724914550781,221.74517822265625,495.7350769042969,5
1406,number,299,0,0,244.36697387695312,78.87916564941406,412.6683349609375,88.84176635742188,1
1407,number,537,0,0,244.38302612304688,269.8069763183594,412.4680786132813,279.7695617675781,2
1408,number,540,0,0,244.38302612304688,281.6824035644531,412.6624450683594,291.6449890136719,2
1409,objective,250,0,0,53.679046630859375,372.0730895996094,221.73812866210935,382.0356750488281,1
1410,observation,695,0,0,53.689002990722656,427.3654479980469,97.11597442626952,437.3280334472656,3
1411,observation,794,0,0,270.1623840332031,414.45404052734375,412.5716857910156,424.4166259765625,3
1412,observation,805,0,0,244.353271484375,486.1747741699219,412.3804931640625,496.1373596191406,3
1413,observations,731,0,0,254.30589294433597,78.56483459472656,412.3228149414063,88.52743530273438,3
1414,obvious,811,1,0,244.3532867431641,510.0451354980469,412.4124755859375,520.0077514648438,3
1415,obviously,1090,1,0,53.67609405517578,485.7724914550781,221.74517822265625,495.7350769042969,5
1416,occurs,119,1,0,244.36273193359372,343.255859375,412.32720947265625,353.21844482421875,0
1417,occurs,123,1,0,244.36273193359372,355.1312866210937,412.4556579589844,365.0938720703125,0
1418,often,91,0,0,244.36273193359372,211.7893829345703,412.4707336425781,221.75198364257807,0
1419,often,119,0,0,244.36273193359372,343.255859375,412.32720947265625,353.21844482421875,0
1420,ond,579,1,0,244.3557891845703,474.5062255859375,412.4648742675781,484.46881103515625,2
1421,"ond,",214,1,0,53.67903137207031,138.61940002441406,221.78993225097656,148.58200073242188,1
1422,one,9,0,0,53.67857360839844,234.6037750244141,221.78854370117188,244.56637573242188,0
1423,one,109,1,0,244.36273193359372,295.3955383300781,412.4615478515625,305.3581237792969,0
1424,one,567,0,0,244.3557891845703,426.7654418945313,412.485595703125,436.72802734375,2
1425,one,580,0,0,244.3557891845703,474.5062255859375,412.4648742675781,484.46881103515625,2
1426,one,590,0,0,244.3557891845703,510.3715515136719,412.49462890625,520.3341674804688,2
1427,one,985,1,0,53.67893981933594,545.0604858398438,221.80584716796875,555.0231323242188,4
1428,one-class,204,0,0,53.67903137207031,90.87855529785156,221.7839813232422,100.84115600585938,1
1429,ones,61,1,0,53.67857360839844,449.6763916015625,221.9827117919922,459.6389770507813,0
1430,ones,1019,1,0,244.36309814453125,450.4457702636719,412.6543273925781,460.4083557128906,4
1431,ones,1139,1,0,244.3602600097656,413.9321899414063,412.5708618164063,423.894775390625,5
1432,only,331,0,0,244.35899353027344,336.03582763671875,412.306396484375,345.9984130859375,1
1433,only.,236,0,0,53.679046630859375,246.2155303955078,221.8716278076172,256.1781311035156,1
1434,oped,146,1,0,244.36273193359372,440.3015441894531,412.4118041992188,450.2641296386719,0
1435,optimality,321,1,0,244.35987854003903,246.5249481201172,412.5803527832031,256.487548828125,1
1436,or-,267,1,0,53.669342041015625,443.7934875488281,221.7413482666016,453.7560729980469,1
1437,or-,792,1,0,270.1623840332031,414.45404052734375,412.5716857910156,424.4166259765625,3
1438,order,1033,0,0,244.3630828857422,560.9409790039062,412.3453063964844,570.9036254882812,4
1439,original,464,0,0,53.68890380859375,498.6278991699219,112.73824310302734,508.5904846191406,2
1440,original,581,0,0,244.3557891845703,486.5011901855469,412.4179382324219,496.4637756347656,2
1441,original,800,1,0,244.353271484375,462.3143615722656,306.4839782714844,472.2769470214844,3
1442,original,1073,0,0,53.67609024047852,414.0417785644531,222.0669860839844,424.0043640136719,5
1443,other,391,1,0,151.22276306152344,126.63435363769533,221.68821716308597,136.59695434570312,2
1444,other,449,0,0,53.68890380859375,438.7726135253906,222.0569000244141,448.7351989746094,2
1445,other,480,0,0,53.69886779785156,570.7271728515625,221.77783203125,580.6898193359375,2
1446,other,802,1,0,244.353271484375,474.1798095703125,412.721435546875,484.1423950195313,3
1447,other,973,0,0,53.678932189941406,497.31976318359375,162.15672302246094,507.2823486328125,4
1448,other.,360,1,0,244.3590240478516,556.2741088867188,404.95806884765625,565.2405395507812,1
1449,out,760,1,0,244.35324096679688,282.26031494140625,412.4005126953125,292.222900390625,3
1450,over-,142,1,0,244.36273193359372,428.4261169433594,412.4933776855469,438.3887023925781,0
1451,over-,220,1,0,97.69182586669922,186.4797821044922,221.77700805664065,196.4423828125,1
1452,over-,440,0,0,53.68890380859375,403.02679443359375,221.71815490722656,412.9893798828125,2
1453,over-,543,0,0,320.5171813964844,293.6773681640625,412.3883361816406,303.63995361328125,2
1454,over-,672,0,0,53.67903137207031,293.9761962890625,221.76800537109372,303.93878173828125,3
1455,over-,724,0,0,53.66909790039063,606.5726928710938,221.807861328125,616.5353393554688,3
1456,over-,1124,1,0,244.3602600097656,354.1964416503906,412.6713562011719,364.1590270996094,5
1457,over-,1191,0,0,69.06847381591797,454.2671203613281,221.6895446777344,464.2297058105469,6
1458,overall,831,0,0,254.31588745117188,618.3684692382812,412.5218505859375,628.3311157226562,3
1459,overall,1009,0,0,244.36309814453125,401.6190490722656,412.6541442871094,411.5816345214844,4
1460,overlap,1207,1,0,69.07843780517578,514.0028686523438,221.73529052734372,523.9655151367188,6
1461,overlap-,62,1,0,53.67857360839844,461.6713562011719,221.71376037597656,471.6339416503906,0
1462,overlap-,157,1,0,244.36273193359372,476.1669006347656,412.5374450683594,486.1294860839844,0
1463,overlap-,425,0,0,53.68890380859375,343.1715087890625,221.72604370117188,353.13409423828125,2
1464,overlap-,467,0,0,53.69886779785156,534.9813842773438,221.87545776367188,544.9440307617188,2
1465,overlap-,500,1,0,244.38302612304688,125.61817932128906,412.7499694824219,135.58078002929688,2
1466,overlap-,524,1,0,244.38302612304688,233.9416046142578,412.5127258300781,243.9042053222656,2
1467,overlap-,711,0,0,53.67905426025391,534.9614868164062,117.54928588867188,544.9241333007812,3
1468,overlap-,804,0,0,244.353271484375,486.1747741699219,412.3804931640625,496.1373596191406,3
1469,overlap-,826,0,0,244.3532867431641,581.7758178710938,412.4432067871094,591.7384643554688,3
1470,overlapping,8,0,0,53.67857360839844,234.6037750244141,221.78854370117188,244.56637573242188,0
1471,overlapping,29,1,0,53.67857360839844,330.20489501953125,221.71774291992188,340.16748046875,0
1472,overlapping,100,1,0,244.36273193359372,247.6547393798828,412.37298583984375,257.6173400878906,0
1473,overlapping,103,0,0,244.36273193359372,259.5301818847656,412.4197692871094,269.4927673339844,0
1474,overlapping,108,0,0,244.36273193359372,283.5201110839844,412.5076293945313,293.4826965332031,0
1475,overlapping,122,1,0,244.36273193359372,355.1312866210937,412.4556579589844,365.0938720703125,0
1476,overlapping,189,1,0,244.36273193359372,583.762939453125,412.44183349609375,593.7255859375,0
1477,overlapping,211,0,0,53.67903137207031,126.74397277832033,190.95867919921875,136.70657348632812,1
1478,overlapping,233,1,0,53.679046630859375,234.22056579589844,221.8178558349609,244.18316650390625,1
1479,overlapping,248,1,0,53.679046630859375,372.0730895996094,221.73812866210935,382.0356750488281,1
1480,overlapping,341,1,0,244.36383056640625,383.908447265625,412.5623779296875,393.87103271484375,1
1481,overlapping,357,0,0,244.36383056640625,431.6492309570313,412.4726867675781,441.61181640625,1
1482,overlapping,366,1,0,244.3590240478516,618.8790893554688,412.4281921386719,628.8417358398438,1
1483,overlapping,377,0,0,53.678932189941406,78.77394104003906,221.83071899414065,88.73654174804688,2
1484,overlapping,382,0,0,53.678932189941406,102.64436340332033,221.7280120849609,112.60696411132812,2
1485,overlapping,393,0,0,53.678932189941406,138.50978088378906,221.6991729736328,148.47238159179688,2
1486,overlapping,407,0,0,53.67893981933594,222.7236785888672,221.78282165527344,232.686279296875,2
1487,overlapping,412,0,0,53.68890380859375,270.95263671875,221.83773803710935,280.91522216796875,2
1488,overlapping,417,1,0,53.68890380859375,282.9476013183594,221.75799560546875,292.9101867675781,2
1489,overlapping,452,0,0,53.68890380859375,450.767578125,221.8276824951172,460.7301635742188,2
1490,overlapping,477,0,0,53.69886779785156,570.7271728515625,221.77783203125,580.6898193359375,2
1491,overlapping,493,0,0,244.38302612304688,78.58729553222656,367.3314514160156,88.54989624023438,2
1492,overlapping,510,1,0,244.38302612304688,161.4835968017578,412.42230224609375,171.44619750976562,2
1493,overlapping,574,1,0,244.3557891845703,450.6358337402344,412.385009765625,460.5984191894531,2
1494,overlapping,577,1,0,244.3557891845703,462.63079833984375,412.4747009277344,472.5933837890625,2
1495,overlapping,630,1,0,53.67903137207031,124.72151184082033,221.7590789794922,134.68411254882812,3
1496,overlapping,634,0,0,53.67903137207031,148.59193420410156,221.7082061767578,158.55453491210938,3
1497,overlapping,643,1,0,53.67903137207031,172.4623565673828,185.91259765625,182.42495727539065,3
1498,overlapping,696,0,0,53.68901062011719,439.36041259765625,221.75802612304688,449.322998046875,3
1499,overlapping,705,0,0,53.68901062011719,487.1011962890625,221.8606414794922,497.0637817382813,3
1500,overlapping,734,0,0,244.34327697753903,102.4352569580078,412.5019226074219,112.39785766601562,3
1501,overlapping,750,1,0,244.34329223632807,222.5245513916016,412.4721374511719,232.48715209960935,3
1502,overlapping,755,1,0,244.34329223632807,258.3899230957031,325.10015869140625,268.3525085449219,3
1503,overlapping,791,0,0,244.353271484375,402.57861328125,412.6256103515625,412.5411987304688,3
1504,overlapping,820,1,0,244.3532867431641,557.9054565429688,412.4443359375,567.8681030273438,3
1505,overlapping,969,1,0,53.678932189941406,485.3247985839844,195.20767211914065,495.2873840332031,4
1506,overlapping,979,1,0,53.67893981933594,521.1901245117188,221.74301147460935,531.1527709960938,4
1507,overlapping,1012,0,0,254.32569885253903,426.5753784179688,412.4599914550781,436.5379638671875,4
1508,overlapping,1020,1,0,244.36309814453125,492.79931640625,336.2402038574219,502.7619323730469,4
1509,overlapping,1037,0,0,244.3630828857422,584.8113403320312,412.4980773925781,594.7739868164062,4
1510,overlapping,1062,1,0,53.67608642578125,330.4356384277344,221.95635986328125,340.3982238769531,5
1511,overlapping,1077,0,0,53.67609024047852,426.0367431640625,221.92449951171875,435.9993286132813,5
1512,overlapping,1110,0,0,53.67609405517578,621.7022094726562,221.75509643554688,631.6648559570312,5
1513,overlapping,1113,1,0,244.3602600097656,306.4556579589844,329.82525634765625,316.4182434082031,5
1514,overlapping,1117,0,0,244.3602600097656,318.3310852050781,412.5328979492188,328.2936706542969,5
1515,overlapping,1120,1,0,244.3602600097656,330.3260498046875,412.38958740234375,340.28863525390625,5
1516,overlapping,1140,1,0,244.3602600097656,413.9321899414063,412.5708618164063,423.894775390625,5
1517,overlapping,1236,0,0,259.7526550292969,426.222412109375,341.1770324707031,436.18499755859375,6
1518,overlapping-,39,1,0,53.67857360839844,366.07025146484375,221.757568359375,376.0328369140625,0
1519,overlapping-class,403,0,0,53.678932189941406,198.8532867431641,184.8763732910156,208.81588745117188,2
1520,overlapping-class,648,0,0,53.67903137207031,196.4522857666016,221.7719573974609,206.41488647460935,3
1521,overlapping-class,763,0,0,244.35324096679688,306.250244140625,412.5220031738281,316.2128295898437,3
1522,overlapping-class,828,0,0,244.3532867431641,593.7708129882812,412.39642333984375,603.7334594726562,3
1523,overlapping.,172,1,0,332.1293029785156,535.9026489257812,412.4598083496094,545.8652954101562,0
1524,overlapping.,646,0,0,53.67903137207031,184.4573211669922,221.756103515625,194.419921875,3
1525,overlapping:,1218,0,0,69.07843780517578,573.7385864257812,221.5580139160156,583.7012329101562,6
1526,overlaps,359,0,0,244.36383056640625,443.6441955566406,412.5045471191406,453.6067810058594,1
1527,overview.,1256,0,0,244.15121459960935,545.8134155273438,377.2744140625,555.7760620117188,6
1528,oﬀbetween,294,1,0,53.68280792236328,630.876953125,221.79376220703125,640.839599609375,1
1529,paper,193,0,0,254.3253326416016,609.087890625,412.3561706542969,619.050537109375,0
1530,"paper,",25,0,0,53.67857360839844,306.2149658203125,221.79147338867188,316.17755126953125,0
1531,"paper,",397,0,0,63.76108169555664,174.8633575439453,221.8416290283203,184.82595825195312,2
1532,"paper,",1103,0,0,53.67609405517578,585.8368530273438,221.7770233154297,595.7994995117188,5
1533,par-,72,0,0,53.67857360839844,509.4121398925781,198.3514862060547,519.374755859375,0
1534,par-,1099,0,0,53.67609405517578,533.5132446289062,198.3489990234375,543.4758911132812,5
1535,parameter,294,0,0,53.68280792236328,630.876953125,221.79376220703125,640.839599609375,1
1536,part,742,1,0,244.34329223632807,150.29566955566406,412.4422912597656,160.25827026367188,3
1537,particular,1160,0,0,244.3602600097656,509.5332946777344,391.7987976074219,519.4959106445312,5
1538,parts:,642,1,0,53.67903137207031,172.4623565673828,185.91259765625,182.42495727539065,3
1539,pay,26,0,0,53.67857360839844,306.2149658203125,221.79147338867188,316.17755126953125,0
1540,per-,1082,0,0,53.67609024047852,449.9071350097656,222.0839385986328,459.8697204589844,5
1541,per-,1148,0,0,244.3602600097656,437.8025817871094,327.5181579589844,447.7651672363281,5
1542,per-,1159,1,0,244.3602600097656,509.5332946777344,391.7987976074219,519.4959106445312,5
1543,performance,512,0,0,244.38302612304688,173.4785919189453,412.535888671875,183.44119262695312,2
1544,performance,607,0,0,244.3557891845703,594.8245239257812,412.4148864746094,604.7871704101562,2
1545,performance,707,1,0,53.68901062011719,499.0961608886719,138.04237365722656,509.0587463378906,3
1546,performance,762,0,0,244.35324096679688,294.2552795410156,412.3008117675781,304.2178649902344,3
1547,"performance,",71,1,0,53.67857360839844,497.4171752929688,221.88507080078125,507.3797607421875,0
1548,"performance,",1098,1,0,53.67609405517578,521.6378173828125,221.88259887695312,531.6004638671875,5
1549,performance.,588,1,0,244.3557891845703,510.3715515136719,412.49462890625,520.3341674804688,2
1550,performance.,831,1,0,254.31588745117188,618.3684692382812,412.5218505859375,628.3311157226562,3
1551,performance.,836,0,0,53.7465705871582,50.71527862548828,290.1668395996094,58.69527816772461,3
1552,performances,660,0,0,63.76118087768555,246.1158599853516,221.8028564453125,256.0784606933594,3
1553,performs,700,0,0,192.84661865234372,451.23583984375,221.7979431152344,461.1984252929688,3
1554,performs,751,1,0,244.34329223632807,234.5195159912109,412.4562377929688,244.48211669921875,3
1555,performs,989,0,0,53.67893981933594,569.0504760742188,180.4750213623047,579.0131225585938,4
1556,performs,1070,1,0,53.67609405517578,390.17138671875,221.6854553222656,400.1339721679688,5
1557,perva-,10,1,0,53.67857360839844,246.4792022705078,221.69888305664065,256.4418029785156,0
1558,pervious,773,0,0,254.3158416748047,342.8428649902344,412.517822265625,352.8054504394531,3
1559,ping,63,1,0,53.67857360839844,461.6713562011719,221.71376037597656,471.6339416503906,0
1560,ping,158,0,0,244.36273193359372,476.1669006347656,412.5374450683594,486.1294860839844,0
1561,ping,425,1,0,53.68890380859375,343.1715087890625,221.72604370117188,353.13409423828125,2
1562,ping,467,1,0,53.69886779785156,534.9813842773438,221.87545776367188,544.9440307617188,2
1563,ping,501,1,0,244.38302612304688,125.61817932128906,412.7499694824219,135.58078002929688,2
1564,ping,525,0,0,244.38302612304688,233.9416046142578,412.5127258300781,243.9042053222656,2
1565,ping,711,1,0,53.67905426025391,534.9614868164062,117.54928588867188,544.9241333007812,3
1566,ping,804,1,0,244.353271484375,486.1747741699219,412.3804931640625,496.1373596191406,3
1567,ping,826,1,0,244.3532867431641,581.7758178710938,412.4432067871094,591.7384643554688,3
1568,pliers,334,1,0,244.35899353027344,348.0307922363281,300.5380554199219,357.9933776855469,1
1569,point,175,1,0,244.36273193359372,547.8975830078125,412.4794921875,557.8602294921875,0
1570,practice,175,0,0,244.36273193359372,547.8975830078125,412.4794921875,557.8602294921875,0
1571,precisely,744,0,0,244.34329223632807,162.29066467285156,358.03448486328125,172.25326538085938,3
1572,presence,171,0,0,244.36273193359372,524.0271606445312,412.4438171386719,533.9898071289062,0
1573,presence,219,0,0,53.679046630859375,174.4848175048828,221.9374237060547,184.44741821289065,1
1574,present,215,1,0,53.67903137207031,138.61940002441406,221.78993225097656,148.58200073242188,1
1575,previous,650,0,0,53.67903137207031,208.3277130126953,221.72219848632807,218.29031372070312,3
1576,previous,1023,1,0,244.36309814453125,513.2001342773438,388.0028381347656,523.1627807617188,4
1577,prob-,15,1,0,53.67857360839844,258.47418212890625,221.76161193847656,268.436767578125,0
1578,prob-,30,0,0,53.67857360839844,330.20489501953125,221.71774291992188,340.16748046875,0
1579,problem,367,0,0,244.3590240478516,618.8790893554688,412.4281921386719,628.8417358398438,1
1580,problem,407,1,0,53.67893981933594,222.7236785888672,221.78282165527344,232.686279296875,2
1581,problem,502,0,0,244.38302612304688,125.61817932128906,412.7499694824219,135.58078002929688,2
1582,problem,511,0,0,244.38302612304688,161.4835968017578,412.42230224609375,171.44619750976562,2
1583,problem,575,1,0,244.3557891845703,450.6358337402344,412.385009765625,460.5984191894531,2
1584,problem,751,0,0,244.34329223632807,234.5195159912109,412.4562377929688,244.48211669921875,3
1585,problem,756,0,0,244.34329223632807,258.3899230957031,325.10015869140625,268.3525085449219,3
1586,problem,971,0,0,53.678932189941406,485.3247985839844,195.20767211914065,495.2873840332031,4
1587,problem,982,0,0,53.67893981933594,533.1851196289062,221.78582763671875,543.1477661132812,4
1588,"problem,",378,0,0,53.678932189941406,78.77394104003906,221.83071899414065,88.73654174804688,2
1589,"problem,",1141,1,0,244.3602600097656,413.9321899414063,412.5708618164063,423.894775390625,5
1590,"problem,",1152,1,0,244.3602600097656,461.7925109863281,412.5079956054688,471.7550964355469,5
1591,problem.,35,0,0,53.67857360839844,342.080322265625,221.66297912597656,352.0429077148437,0
1592,problem.,143,1,0,244.36273193359372,428.4261169433594,412.4933776855469,438.3887023925781,0
1593,problem.,507,0,0,244.38302612304688,137.61317443847656,412.3873291015625,147.57577514648438,2
1594,problem.,1021,0,0,244.36309814453125,492.79931640625,336.2402038574219,502.7619323730469,4
1595,problem.,1110,1,0,53.67609405517578,621.7022094726562,221.75509643554688,631.6648559570312,5
1596,problem.,1125,1,0,244.3602600097656,354.1964416503906,412.6713562011719,364.1590270996094,5
1597,problem;,64,0,0,53.67857360839844,461.6713562011719,221.71376037597656,471.6339416503906,0
1598,problems,11,1,0,53.67857360839844,246.4792022705078,221.69888305664065,256.4418029785156,0
1599,problems,112,0,0,244.36273193359372,307.3905029296875,412.5315551757813,317.35308837890625,0
1600,"problem”,",108,1,0,244.36273193359372,283.5201110839844,412.5076293945313,293.4826965332031,0
1601,propose,398,1,0,63.76108169555664,174.8633575439453,221.8416290283203,184.82595825195312,2
1602,proposed,1108,0,0,53.67609405517578,609.7072143554688,221.7750701904297,619.6698608398438,5
1603,q,288,1,0,92.19902801513672,556.50390625,96.64234924316406,566.4664916992188,1
1604,ra-,273,0,0,53.669342041015625,467.7834167480469,221.78219604492188,477.7460021972656,1
1605,radius.,284,0,0,53.669342041015625,503.52923583984375,71.95470428466797,513.4918212890625,1
1606,random,595,0,0,244.3557891845703,534.3615112304688,412.5084838867188,544.3241577148438,2
1607,random,1043,0,0,244.3630828857422,596.8063354492188,412.4012145996094,606.7689819335938,4
1608,rare,1081,0,0,53.67609024047852,437.91217041015625,221.73519897460935,447.874755859375,5
1609,rare,1274,0,0,259.7526550292969,629.4195556640625,282.6825256347656,639.3822021484375,6
1610,ratio,542,0,0,244.38302612304688,281.6824035644531,412.6624450683594,291.6449890136719,2
1611,ratio,549,0,0,250.11903381347656,330.8940734863281,292.1193542480469,340.8566589355469,2
1612,ratio,674,0,0,53.67903137207031,293.9761962890625,221.76800537109372,303.93878173828125,3
1613,ratio,696,1,0,53.68901062011719,439.36041259765625,221.75802612304688,449.322998046875,3
1614,ratio,705,1,0,53.68901062011719,487.1011962890625,221.8606414794922,497.0637817382813,3
1615,ratio,726,0,0,53.66909790039063,606.5726928710938,221.807861328125,616.5353393554688,3
1616,ratio,791,1,0,244.353271484375,402.57861328125,412.6256103515625,412.5411987304688,3
1617,ratio,805,1,0,244.353271484375,486.1747741699219,412.3804931640625,496.1373596191406,3
1618,ratio,821,0,0,244.3532867431641,557.9054565429688,412.4443359375,567.8681030273438,3
1619,ratio,1037,1,0,244.3630828857422,584.8113403320312,412.4980773925781,594.7739868164062,4
1620,ratio,1046,1,0,244.3630828857422,608.80126953125,412.51068115234375,618.763916015625,4
1621,ratio,1077,1,0,53.67609024047852,426.0367431640625,221.92449951171875,435.9993286132813,5
1622,"ratio,",67,1,0,53.67857360839844,473.5467834472656,221.88113403320312,483.5093688964844,0
1623,"ratio,",713,0,0,53.66909790039063,546.8369140625,182.54928588867188,556.799560546875,3
1624,ratios,525,1,0,244.38302612304688,233.9416046142578,412.5127258300781,243.9042053222656,2
1625,ratios,1068,1,0,109.96477508544922,378.1764221191406,172.74009704589844,388.1390075683594,5
1626,"ratios,",1065,0,0,53.67608642578125,354.3060302734375,182.8830108642578,364.26861572265625,5
1627,ratios.,578,0,0,244.3557891845703,462.63079833984375,412.4747009277344,472.5933837890625,2
1628,ratios.,631,0,0,53.67903137207031,136.59693908691406,221.90548706054688,146.55953979492188,3
1629,re-,7,0,0,53.67857360839844,234.6037750244141,221.78854370117188,244.56637573242188,0
1630,re-,116,0,0,244.36273193359372,331.2608947753906,412.4080810546875,341.2234802246094,0
1631,re-,211,1,0,53.67903137207031,126.74397277832033,190.95867919921875,136.70657348632812,1
1632,re-,394,0,0,53.678932189941406,150.50477600097656,221.75689697265625,160.46737670898438,2
1633,re-,477,1,0,53.69886779785156,570.7271728515625,221.77783203125,580.6898193359375,2
1634,re-,492,1,0,53.69886779785156,630.58251953125,178.395751953125,640.545166015625,2
1635,re-,1114,0,0,244.3602600097656,306.4556579589844,329.82525634765625,316.4182434082031,5
1636,real-,48,1,0,53.67857360839844,401.8160705566406,221.66989135742188,411.7786560058594,0
1637,real-,518,0,0,244.38302612304688,210.0712127685547,412.5617370605469,220.0338134765625,2
1638,real-world,190,0,0,244.36273193359372,595.6483154296875,332.93218994140625,605.6109619140625,0
1639,real-world,212,0,0,53.67903137207031,126.74397277832033,190.95867919921875,136.70657348632812,1
1640,reason,1000,0,0,53.67893981933594,628.7861938476562,221.8954925537109,638.7488403320312,4
1641,reasonable,815,0,0,244.3532867431641,534.0350952148438,412.6213989257813,543.9977416992188,3
1642,recog-,224,1,0,53.679046630859375,210.3501739501953,221.90557861328125,220.31277465820312,1
1643,recogni-,89,1,0,244.36273193359372,211.7893829345703,412.4707336425781,221.75198364257807,0
1644,"region,",342,0,0,244.36383056640625,383.908447265625,412.5623779296875,393.87103271484375,1
1645,"region,",827,1,0,244.3532867431641,581.7758178710938,412.4432067871094,591.7384643554688,3
1646,region.,418,0,0,53.68890380859375,282.9476013183594,221.75799560546875,292.9101867675781,2
1647,region.,441,0,0,53.68890380859375,403.02679443359375,221.71815490722656,412.9893798828125,2
1648,region.,452,1,0,53.68890380859375,450.767578125,221.8276824951172,460.7301635742188,2
1649,region.,483,1,0,53.69886779785156,594.7171630859375,221.6972503662109,604.6798095703125,2
1650,regions,103,1,0,244.36273193359372,259.5301818847656,412.4197692871094,269.4927673339844,0
1651,regions,191,0,0,244.36273193359372,595.6483154296875,332.93218994140625,605.6109619140625,0
1652,regions,249,0,0,53.679046630859375,372.0730895996094,221.73812866210935,382.0356750488281,1
1653,regions,412,1,0,53.68890380859375,270.95263671875,221.83773803710935,280.91522216796875,2
1654,regions,426,0,0,53.68890380859375,343.1715087890625,221.72604370117188,353.13409423828125,2
1655,regions,470,1,0,53.69886779785156,546.8568115234375,221.78782653808597,556.8194580078125,2
1656,regions,634,1,0,53.67903137207031,148.59193420410156,221.7082061767578,158.55453491210938,3
1657,regions,1009,1,0,244.36309814453125,401.6190490722656,412.6541442871094,411.5816345214844,4
1658,regions,1121,0,0,244.3602600097656,330.3260498046875,412.38958740234375,340.28863525390625,5
1659,regions.,493,1,0,244.38302612304688,78.58729553222656,367.3314514160156,88.54989624023438,2
1660,regions.,1012,1,0,254.32569885253903,426.5753784179688,412.4599914550781,436.5379638671875,4
1661,relationships,238,1,0,53.679046630859375,258.21051025390625,184.7709045410156,268.173095703125,1
1662,relatively,1074,0,0,53.67609024047852,414.0417785644531,222.0669860839844,424.0043640136719,5
1663,relatively,1078,0,0,53.67609024047852,426.0367431640625,221.92449951171875,435.9993286132813,5
1664,remaining,703,0,0,53.68901062011719,475.1062316894531,221.7600555419922,485.0688171386719,3
1665,represented,329,0,0,244.35899353027344,324.160400390625,412.54339599609375,334.1229858398437,1
1666,research,140,0,0,244.36273193359372,404.4361877441406,412.4778747558594,414.3987731933594,0
1667,research,368,0,0,244.3590240478516,618.8790893554688,412.4281921386719,628.8417358398438,1
1668,research,498,0,0,244.38302612304688,101.7477569580078,412.2927551269531,111.71035766601562,2
1669,research,1163,0,0,244.3602600097656,561.8568725585938,412.4193420410156,571.8195190429688,5
1670,"researches,",162,1,0,244.36273193359372,488.161865234375,412.5504150390625,498.12445068359375,0
1671,reside,102,1,0,244.36273193359372,259.5301818847656,412.4197692871094,269.4927673339844,0
1672,respect,311,0,0,244.36697387695312,138.61500549316406,343.8952941894531,148.57760620117188,1
1673,"respectively,",285,0,0,53.65938568115234,515.524169921875,221.8241271972656,525.48681640625,1
1674,results,677,0,0,53.67903137207031,305.85162353515625,221.8198089599609,315.814208984375,3
1675,results,783,1,0,244.35324096679688,366.7132568359375,392.42138671875,376.67584228515625,3
1676,results,801,0,0,244.353271484375,462.3143615722656,306.4839782714844,472.2769470214844,3
1677,results,994,0,0,53.67893981933594,604.7962646484375,192.6173553466797,614.7589111328125,4
1678,results,1051,1,0,400.8610229492188,659.7967529296875,414.1780395507813,667.7767333984375,4
1679,"results,",327,1,0,244.35899353027344,312.1654357910156,412.4767150878906,322.1280212402344,1
1680,reveal,50,1,0,53.67857360839844,401.8160705566406,221.66989135742188,411.7786560058594,0
1681,right,787,0,0,244.353271484375,390.5836486816406,412.468994140625,400.5462341308594,3
1682,rule-,950,0,0,53.67893981933594,401.7186584472656,146.31915283203125,411.6812438964844,4
1683,rule-,1018,0,0,244.36309814453125,450.4457702636719,412.6543273925781,460.4083557128906,4
1684,rule-based,61,0,0,53.67857360839844,449.6763916015625,221.9827117919922,459.6389770507813,0
1685,rule-based,1139,0,0,244.3602600097656,413.9321899414063,412.5708618164063,423.894775390625,5
1686,rules,1001,0,0,53.67893981933594,628.7861938476562,221.8954925537109,638.7488403320312,4
1687,rules,1007,0,0,244.36309814453125,389.62408447265625,412.32464599609375,399.586669921875,4
1688,s,291,0,0,208.9598846435547,572.3267211914062,221.71600341796875,582.2893676757812,1
1689,s,844,1,0,238.71902465820312,88.1325912475586,242.11526489257807,95.10638427734376,4
1690,s,846,0,0,109.59902954101562,96.219970703125,143.14163208007812,103.19377136230467,4
1691,same,772,0,0,244.35324096679688,330.1206359863281,373.2692565917969,340.0832214355469,3
1692,same,991,0,0,53.67893981933594,592.9208374023438,143.93511962890625,602.8834838867188,4
1693,samples,93,1,0,244.36273193359372,223.7843475341797,412.5903625488281,233.7469482421875,0
1694,samples,97,0,0,244.36273193359372,247.6547393798828,412.37298583984375,257.6173400878906,0
1695,samples,102,0,0,244.36273193359372,259.5301818847656,412.4197692871094,269.4927673339844,0
1696,samples,235,0,0,53.679046630859375,246.2155303955078,221.8716278076172,256.1781311035156,1
1697,samples.,1059,0,0,53.67608642578125,318.440673828125,221.87466430664065,328.4032592773437,5
1698,sampling,595,1,0,244.3557891845703,534.3615112304688,412.5084838867188,544.3241577148438,2
1699,sampling,1043,1,0,244.3630828857422,596.8063354492188,412.4012145996094,606.7689819335938,4
1700,sampling,1046,0,0,244.3630828857422,608.80126953125,412.51068115234375,618.763916015625,4
1701,sampling,1068,0,0,109.96477508544922,378.1764221191406,172.74009704589844,388.1390075683594,5
1702,satisfy,335,0,0,244.36383056640625,359.91851806640625,412.47857666015625,369.881103515625,1
1703,scenarios.,565,1,0,372.9689331054688,414.7704772949219,412.5045471191406,424.7330627441406,2
1704,scene,1247,0,0,244.15121459960935,497.953125,270.3229675292969,507.9157104492188,6
1705,scheme,55,0,0,53.67857360839844,425.8059997558594,221.74766540527344,435.7685852050781,0
1706,scheme,68,1,0,53.67857360839844,485.541748046875,221.70181274414065,495.50433349609375,0
1707,scheme,409,1,0,53.68890380859375,259.07720947265625,222.0329132080078,269.039794921875,2
1708,scheme,423,0,0,53.68890380859375,331.29608154296875,221.937255859375,341.2586669921875,2
1709,scheme,432,0,0,53.68890380859375,367.1614379882813,222.1266632080078,377.1240234375,2
1710,scheme,437,0,0,53.68890380859375,391.0318298339844,222.05487060546875,400.9944152832031,2
1711,scheme,465,1,0,53.69886779785156,522.9863891601562,221.9851531982422,532.9490356445312,2
1712,scheme,581,1,0,244.3557891845703,486.5011901855469,412.4179382324219,496.4637756347656,2
1713,scheme,582,1,0,244.3557891845703,486.5011901855469,412.4179382324219,496.4637756347656,2
1714,scheme,699,1,0,192.84661865234372,451.23583984375,221.7979431152344,461.1984252929688,3
1715,scheme,732,1,0,296.5473022460937,90.55982971191406,412.4561767578125,100.52243041992188,3
1716,scheme,753,0,0,244.34329223632807,246.5144805908203,412.73919677734375,256.4770812988281,3
1717,scheme,967,0,0,135.61932373046875,461.4544067382813,221.74208068847656,471.4169921875,4
1718,scheme,977,1,0,53.67893981933594,509.1951599121094,221.72805786132807,519.1577758789062,4
1719,scheme,1070,0,0,53.67609405517578,390.17138671875,221.6854553222656,400.1339721679688,5
1720,scheme,1096,0,0,53.67609405517578,509.6429138183594,221.69932556152344,519.6055297851562,5
1721,scheme,1122,1,0,244.3602600097656,342.20147705078125,412.5050659179688,352.1640625,5
1722,"scheme,",1066,0,0,53.67608642578125,366.3009948730469,221.76901245117188,376.2635803222656,5
1723,scheme.,422,0,0,53.68890380859375,331.29608154296875,221.937255859375,341.2586669921875,2
1724,scheme.,702,0,0,53.68901062011719,475.1062316894531,221.7600555419922,485.0688171386719,3
1725,schemes,41,0,0,53.67857360839844,366.07025146484375,221.757568359375,376.0328369140625,0
1726,schemes,185,0,0,244.36273193359372,571.7680053710938,412.4318237304688,581.7306518554688,0
1727,schemes,222,0,0,97.69182586669922,186.4797821044922,221.77700805664065,196.4423828125,1
1728,schemes,371,0,0,244.3590240478516,630.8740844726562,412.4142456054688,640.8367309570312,1
1729,schemes,509,0,0,244.38302612304688,149.60816955566406,412.4103393554688,159.57077026367188,2
1730,schemes,569,0,0,244.3557891845703,426.7654418945313,412.485595703125,436.72802734375,2
1731,schemes,649,0,0,53.67903137207031,196.4522857666016,221.7719573974609,206.41488647460935,3
1732,schemes,661,1,0,53.67903137207031,258.11083984375,221.8676300048828,268.07342529296875,3
1733,schemes,829,1,0,244.3532867431641,593.7708129882812,412.39642333984375,603.7334594726562,3
1734,schemes,1058,1,0,53.67608642578125,306.56524658203125,221.7631378173828,316.52783203125,5
1735,schemes,1107,1,0,53.67609405517578,597.831787109375,221.74114990234372,607.79443359375,5
1736,"schemes,",217,0,0,53.67903137207031,150.61439514160156,105.04818725585938,160.57699584960938,1
1737,"schemes,",404,0,0,53.678932189941406,198.8532867431641,184.8763732910156,208.81588745117188,2
1738,schemes.,739,1,0,244.34327697753903,126.4252471923828,392.4920043945313,136.38784790039062,3
1739,schemes.,765,0,0,244.35324096679688,306.250244140625,412.5220031738281,316.2128295898437,3
1740,schemes;,54,1,0,53.67857360839844,425.8059997558594,221.74766540527344,435.7685852050781,0
1741,scription,332,0,0,244.35899353027344,336.03582763671875,412.306396484375,345.9984130859375,1
1742,se-,530,0,0,281.0693359375,245.8170318603516,412.4203186035156,255.77963256835935,2
1743,searchers,116,1,0,244.36273193359372,331.2608947753906,412.4080810546875,341.2234802246094,0
1744,sec-,579,0,0,244.3557891845703,474.5062255859375,412.4648742675781,484.46881103515625,2
1745,second,462,0,0,53.68890380859375,486.6329345703125,221.66732788085935,496.5955200195313,2
1746,second,758,0,0,276.27838134765625,270.3848876953125,412.420166015625,280.34747314453125,3
1747,section,650,1,0,53.67903137207031,208.3277130126953,221.72219848632807,218.29031372070312,3
1748,"seen,",681,0,0,53.67903137207031,317.8465881347656,221.6385040283203,327.8091735839844,3
1749,"seen,",988,0,0,53.67893981933594,557.0554809570312,94.0065460205078,567.0181274414062,4
1750,"seen,",1060,0,0,53.67608642578125,318.440673828125,221.87466430664065,328.4032592773437,5
1751,selected,1040,0,0,244.3630828857422,584.8113403320312,412.4980773925781,594.7739868164062,4
1752,sensitive,60,1,0,53.67857360839844,449.6763916015625,221.9827117919922,459.6389770507813,0
1753,sensitive,1017,1,0,244.36309814453125,438.4508056640625,412.4389343261719,448.4133911132813,4
1754,sensitive,1138,1,0,244.3602600097656,402.0567626953125,412.4363708496094,412.0193481445313,5
1755,sep-,471,0,0,53.69886779785156,546.8568115234375,221.78782653808597,556.8194580078125,2
1756,separate,392,0,0,53.678932189941406,138.50978088378906,221.6991729736328,148.47238159179688,2
1757,separately,740,0,0,244.34327697753903,126.4252471923828,392.4920043945313,136.38784790039062,3
1758,separately,1121,1,0,244.3602600097656,330.3260498046875,412.38958740234375,340.28863525390625,5
1759,separating,52,1,0,53.67857360839844,413.81103515625,221.78350830078125,423.7736206054688,0
1760,separating,68,0,0,53.67857360839844,485.541748046875,221.70181274414065,495.50433349609375,0
1761,separating,218,0,0,53.679046630859375,174.4848175048828,221.9374237060547,184.44741821289065,1
1762,separating,682,0,0,53.67902755737305,341.71697998046875,221.75808715820312,351.6795654296875,3
1763,separating,699,0,0,192.84661865234372,451.23583984375,221.7979431152344,461.1984252929688,3
1764,separating,732,0,0,296.5473022460937,90.55982971191406,412.4561767578125,100.52243041992188,3
1765,set,152,0,0,244.36273193359372,440.3015441894531,412.4118041992188,450.2641296386719,0
1766,set,266,1,0,53.67930603027344,431.9180603027344,142.99600219726562,441.8806457519531,1
1767,set,640,0,0,53.67903137207031,160.58692932128906,194.2294006347656,170.54953002929688,3
1768,set,669,1,0,53.67903137207031,281.9812316894531,221.95437622070312,291.9438171386719,3
1769,set,674,1,0,53.67903137207031,293.9761962890625,221.76800537109372,303.93878173828125,3
1770,set,990,1,0,53.67893981933594,580.9258422851562,90.5286102294922,590.8884887695312,4
1771,set,992,1,0,53.67893981933594,604.7962646484375,192.6173553466797,614.7589111328125,4
1772,set,1036,1,0,244.3630828857422,572.9359130859375,412.5007629394531,582.8985595703125,4
1773,set,1047,0,0,244.3630828857422,608.80126953125,412.51068115234375,618.763916015625,4
1774,"set,",535,1,0,244.38302612304688,257.81201171875,412.3196411132813,267.77459716796875,2
1775,"set,",633,0,0,53.67903137207031,136.59693908691406,221.90548706054688,146.55953979492188,3
1776,"set,",689,1,0,53.689002990722656,377.5823364257813,221.84376525878903,387.544921875,3
1777,"set,",1035,1,0,244.3630828857422,560.9409790039062,412.3453063964844,570.9036254882812,4
1778,set.,1032,0,0,244.3630828857422,548.9459838867188,412.3861389160156,558.9086303710938,4
1779,sets,50,0,0,53.67857360839844,401.8160705566406,221.66989135742188,411.7786560058594,0
1780,sets,218,1,0,53.679046630859375,174.4848175048828,221.9374237060547,184.44741821289065,1
1781,sets,521,0,0,244.38302612304688,210.0712127685547,412.5617370605469,220.0338134765625,2
1782,sets,576,1,0,244.3557891845703,450.6358337402344,412.385009765625,460.5984191894531,2
1783,sets,593,0,0,244.3557891845703,522.3665161132812,412.5125732421875,532.3291625976562,2
1784,sets,628,0,0,53.67903137207031,112.7265167236328,221.71820068359372,122.68911743164062,3
1785,sets,684,0,0,53.67902755737305,341.71697998046875,221.75808715820312,351.6795654296875,3
1786,sets,704,1,0,53.68901062011719,475.1062316894531,221.7600555419922,485.0688171386719,3
1787,sets,741,1,0,244.34327697753903,126.4252471923828,392.4920043945313,136.38784790039062,3
1788,sets,766,0,0,244.35324096679688,306.250244140625,412.5220031738281,316.2128295898437,3
1789,sets,785,1,0,244.353271484375,390.5836486816406,412.468994140625,400.5462341308594,3
1790,sets,797,0,0,244.353271484375,426.4490051269531,373.2552795410156,436.4115905761719,3
1791,sets,841,0,0,275.0790405273437,79.9000244140625,348.8576354980469,86.87382507324219,4
1792,sets,1061,1,0,53.67608642578125,318.440673828125,221.87466430664065,328.4032592773437,5
1793,"sets,",695,1,0,53.689002990722656,427.3654479980469,97.11597442626952,437.3280334472656,3
1794,sets.,191,1,0,244.36273193359372,595.6483154296875,332.93218994140625,605.6109619140625,0
1795,sets.,213,1,0,53.67903137207031,126.74397277832033,190.95867919921875,136.70657348632812,1
1796,sets.,533,1,0,244.38302612304688,257.81201171875,412.3196411132813,267.77459716796875,2
1797,sets.,666,1,0,53.67903137207031,270.1058044433594,164.70924377441406,280.0683898925781,3
1798,showed,69,0,0,53.67857360839844,485.541748046875,221.70181274414065,495.50433349609375,0
1799,showed,155,0,0,244.36273193359372,464.17193603515625,412.7178039550781,474.134521484375,0
1800,showed,1096,1,0,53.67609405517578,509.6429138183594,221.69932556152344,519.6055297851562,5
1801,shown,343,0,0,244.36383056640625,383.908447265625,412.5623779296875,393.87103271484375,1
1802,shows,536,1,0,244.38302612304688,257.81201171875,412.3196411132813,267.77459716796875,2
1803,shows,659,0,0,63.76118087768555,246.1158599853516,221.8028564453125,256.0784606933594,3
1804,shows,785,0,0,244.353271484375,390.5836486816406,412.468994140625,400.5462341308594,3
1805,shows,1052,0,0,400.8610229492188,659.7967529296875,414.1780395507813,667.7767333984375,4
1806,sible,132,1,0,244.36273193359372,379.1212158203125,343.4048156738281,389.0838012695313,0
1807,signed,759,1,0,244.35324096679688,282.26031494140625,412.4005126953125,292.222900390625,3
1808,similar,95,1,0,244.36273193359372,235.65977478027344,412.44573974609375,245.62237548828125,0
1809,simple,216,1,0,53.67903137207031,150.61439514160156,105.04818725585938,160.57699584960938,1
1810,sion,86,0,0,244.36273193359372,199.7944183349609,412.56939697265625,209.75701904296875,0
1811,situation,17,0,0,53.67857360839844,270.349609375,221.7575836181641,280.31219482421875,0
1812,sive,11,0,0,53.67857360839844,246.4792022705078,221.69888305664065,256.4418029785156,0
1813,size,1080,0,0,53.67609024047852,437.91217041015625,221.73519897460935,447.874755859375,5
1814,siﬁcation,609,0,0,244.3557891845703,606.699951171875,412.5135192871094,616.66259765625,2
1815,siﬁed,458,1,0,53.68890380859375,474.6379699707031,221.72613525390625,484.6005554199219,2
1816,siﬁers,1015,0,0,244.36309814453125,438.4508056640625,412.4389343261719,448.4133911132813,4
1817,slack,303,0,0,244.36697387695312,102.74958801269533,412.5057678222656,112.71218872070312,1
1818,small,1044,0,0,244.3630828857422,596.8063354492188,412.4012145996094,606.7689819335938,4
1819,small,1074,1,0,53.67609024047852,414.0417785644531,222.0669860839844,424.0043640136719,5
1820,small,1263,1,0,259.7526550292969,569.683837890625,282.7164611816406,579.646484375,6
1821,smaller,283,0,0,53.669342041015625,491.65380859375,175.82077026367188,501.6163940429688,1
1822,smallest,1002,0,0,244.36309814453125,377.7486572265625,412.4322509765625,387.7112426757813,4
1823,so-called,107,0,0,244.36273193359372,283.5201110839844,412.5076293945313,293.4826965332031,0
1824,solution,134,0,0,254.3253326416016,392.5607604980469,412.4217224121094,402.5233459472656,0
1825,solving,1123,0,0,244.3602600097656,342.20147705078125,412.5050659179688,352.1640625,5
1826,some,93,0,0,244.36273193359372,223.7843475341797,412.5903625488281,233.7469482421875,0
1827,some,499,1,0,244.38302612304688,113.74275207519533,412.7212524414063,123.70535278320312,2
1828,some,719,1,0,53.66909790039063,582.7022705078125,221.78501892089844,592.6649169921875,3
1829,sorted,790,0,0,244.353271484375,390.5836486816406,412.468994140625,400.5462341308594,3
1830,space.,104,1,0,244.36273193359372,271.525146484375,412.384033203125,281.4877319335937,0
1831,space.,396,1,0,63.76108169555664,174.8633575439453,221.8416290283203,184.82595825195312,2
1832,special,985,0,0,53.67893981933594,545.0604858398438,221.80584716796875,555.0231323242188,4
1833,speciﬁcally,1108,1,0,53.67609405517578,609.7072143554688,221.7750701904297,619.6698608398438,5
1834,"spectively,",312,0,0,310.95904541015625,166.85491943359375,313.4765930175781,173.82872009277344,1
1835,sphere,257,0,0,53.679046630859375,395.9434814453125,221.72021484375,405.9060668945313,1
1836,sphere,274,0,0,53.669342041015625,467.7834167480469,221.78219604492188,477.7460021972656,1
1837,sphere,296,0,0,53.68280792236328,630.876953125,221.79376220703125,640.839599609375,1
1838,spheres,361,0,0,244.3590240478516,556.2741088867188,404.95806884765625,565.2405395507812,1
1839,still,177,0,0,244.36273193359372,547.8975830078125,412.4794921875,557.8602294921875,0
1840,strategies.,380,1,0,178.28611755371094,90.76893615722656,221.703125,100.73153686523438,2
1841,strong,160,0,0,244.36273193359372,476.1669006347656,412.5374450683594,486.1294860839844,0
1842,studies,47,0,0,53.67857360839844,389.9406433105469,221.87713623046875,399.9032287597656,0
1843,studies,1128,0,0,244.3602600097656,366.19140625,412.5928039550781,376.1539916992188,5
1844,"studies,",231,1,0,53.679046630859375,222.3451385498047,221.7909698486328,232.3077392578125,1
1845,study,28,1,0,53.67857360839844,318.2099304199219,221.84722900390625,328.1725158691406,0
1846,study,149,1,0,244.36273193359372,440.3015441894531,412.4118041992188,450.2641296386719,0
1847,study,187,0,0,244.36273193359372,583.762939453125,412.44183349609375,593.7255859375,0
1848,study,237,1,0,53.679046630859375,246.2155303955078,221.8716278076172,256.1781311035156,1
1849,study,1106,1,0,53.67609405517578,597.831787109375,221.74114990234372,607.79443359375,5
1850,study.,45,1,0,53.67857360839844,389.9406433105469,221.87713623046875,399.9032287597656,0
1851,study.,408,1,0,53.68890380859375,259.07720947265625,222.0329132080078,269.039794921875,2
1852,such,83,0,0,53.67857360839844,633.2372436523438,221.8064727783203,643.1998901367188,0
1853,such,514,0,0,254.3456268310547,198.0762481689453,412.5617370605469,208.03884887695312,2
1854,such,1133,1,0,244.3602600097656,390.0617980957031,412.4890747070313,400.0243835449219,5
1855,summarizes,532,0,0,281.0693359375,245.8170318603516,412.4203186035156,255.77963256835935,2
1856,"summary,",1013,1,0,254.32569885253903,426.5753784179688,412.4599914550781,436.5379638671875,4
1857,"summary,",1092,0,0,53.67609405517578,485.7724914550781,221.74517822265625,495.7350769042969,5
1858,support,331,1,0,244.35899353027344,336.03582763671875,412.306396484375,345.9984130859375,1
1859,support,731,1,0,254.30589294433597,78.56483459472656,412.3228149414063,88.52743530273438,3
1860,supported,1164,0,0,244.3602600097656,561.8568725585938,412.4193420410156,571.8195190429688,5
1861,system,1223,1,0,191.38528442382807,585.7335815429688,200.52297973632807,595.6962280273438,6
1862,system-,184,0,0,244.36273193359372,571.7680053710938,412.4318237304688,581.7306518554688,0
1863,systematic,28,0,0,53.67857360839844,318.2099304199219,221.84722900390625,328.1725158691406,0
1864,systematic,149,0,0,244.36273193359372,440.3015441894531,412.4118041992188,450.2641296386719,0
1865,systematic,1106,0,0,53.67609405517578,597.831787109375,221.74114990234372,607.79443359375,5
1866,taining,260,1,0,53.679046630859375,407.8189086914063,221.75003051757807,417.781494140625,1
1867,tasks,82,1,0,53.67857360839844,633.2372436523438,221.8064727783203,643.1998901367188,0
1868,technique,959,1,0,53.678932189941406,437.5840148925781,221.811767578125,447.5466003417969,4
1869,ten-fold,601,0,0,367.0921325683594,570.8345947265625,412.5534973144531,580.7972412109375,2
1870,terms,330,0,0,244.35899353027344,324.160400390625,412.54339599609375,334.1229858398437,1
1871,test,419,0,0,53.68890380859375,282.9476013183594,221.75799560546875,292.9101867675781,2
1872,test,453,1,0,53.68890380859375,450.767578125,221.8276824951172,460.7301635742188,2
1873,test,484,1,0,53.69886779785156,594.7171630859375,221.6972503662109,604.6798095703125,2
1874,test,490,0,0,53.69886779785156,618.5875244140625,221.8276824951172,628.5501708984375,2
1875,tested,420,0,0,53.68890380859375,294.94256591796875,221.68817138671875,304.9051513671875,2
1876,tested,455,1,0,53.68890380859375,462.7625427246094,221.79183959960935,472.7251281738281,2
1877,tested,461,0,0,53.68890380859375,486.6329345703125,221.66732788085935,496.5955200195313,2
1878,tested,486,0,0,53.69886779785156,594.7171630859375,221.6972503662109,604.6798095703125,2
1879,than,63,0,0,53.67857360839844,461.6713562011719,221.71376037597656,471.6339416503906,0
1880,than,283,1,0,53.669342041015625,491.65380859375,175.82077026367188,501.6163940429688,1
1881,than,692,0,0,53.689002990722656,389.5773010253906,221.7281951904297,399.5398864746094,3
1882,than,697,1,0,53.68901062011719,439.36041259765625,221.75802612304688,449.322998046875,3
1883,than,701,1,0,53.68900680541992,463.2308044433594,129.05807495117188,473.1933898925781,3
1884,than,706,1,0,53.68901062011719,487.1011962890625,221.8606414794922,497.0637817382813,3
1885,than,714,0,0,53.66909790039063,546.8369140625,182.54928588867188,556.799560546875,3
1886,than,993,0,0,53.67893981933594,604.7962646484375,192.6173553466797,614.7589111328125,4
1887,than,1019,0,0,244.36309814453125,450.4457702636719,412.6543273925781,460.4083557128906,4
1888,than,1038,1,0,244.3630828857422,584.8113403320312,412.4980773925781,594.7739868164062,4
1889,than,1065,1,0,53.67608642578125,354.3060302734375,182.8830108642578,364.26861572265625,5
1890,than,1072,0,0,53.67609405517578,390.17138671875,221.6854553222656,400.1339721679688,5
1891,than,1141,0,0,244.3602600097656,413.9321899414063,412.5708618164063,423.894775390625,5
1892,"that,",436,0,0,117.47644805908205,379.036865234375,221.81082153320312,388.99945068359375,2
1893,"that,",647,0,0,53.67903137207031,184.4573211669922,221.756103515625,194.419921875,3
1894,"that,",795,0,0,270.1623840332031,414.45404052734375,412.5716857910156,424.4166259765625,3
1895,that:,51,0,0,53.67857360839844,401.8160705566406,221.66989135742188,411.7786560058594,0
1896,there,90,1,0,244.36273193359372,211.7893829345703,412.4707336425781,221.75198364257807,0
1897,there,176,1,0,244.36273193359372,547.8975830078125,412.4794921875,557.8602294921875,0
1898,there,822,0,0,244.3532867431641,569.7808837890625,412.7651062011719,579.7435302734375,3
1899,there,982,1,0,53.67893981933594,533.1851196289062,221.78582763671875,543.1477661132812,4
1900,therefore,1144,0,0,244.3602600097656,425.9271545410156,412.5291137695313,435.8897399902344,5
1901,they,101,0,0,244.36273193359372,259.5301818847656,412.4197692871094,269.4927673339844,0
1902,they,232,1,0,53.679046630859375,222.3451385498047,221.7909698486328,232.3077392578125,1
1903,third,589,1,0,244.3557891845703,510.3715515136719,412.49462890625,520.3341674804688,2
1904,thought,356,0,0,244.36383056640625,431.6492309570313,412.4726867675781,441.61181640625,1
1905,three,39,0,0,53.67857360839844,366.07025146484375,221.757568359375,376.0328369140625,0
1906,three,54,0,0,53.67857360839844,425.8059997558594,221.74766540527344,435.7685852050781,0
1907,three,197,0,0,244.36273193359372,633.0778198242188,412.4955139160156,643.0404663085938,0
1908,three,216,0,0,53.67903137207031,150.61439514160156,105.04818725585938,160.57699584960938,1
1909,three,402,0,0,53.678932189941406,186.8583221435547,222.14146423339844,196.8209228515625,2
1910,three,565,0,0,372.9689331054688,414.7704772949219,412.5045471191406,424.7330627441406,2
1911,three,568,0,0,244.3557891845703,426.7654418945313,412.485595703125,436.72802734375,2
1912,three,647,1,0,53.67903137207031,184.4573211669922,221.756103515625,194.419921875,3
1913,three,661,0,0,53.67903137207031,258.11083984375,221.8676300048828,268.07342529296875,3
1914,three,703,1,0,53.68901062011719,475.1062316894531,221.7600555419922,485.0688171386719,3
1915,three,739,0,0,244.34327697753903,126.4252471923828,392.4920043945313,136.38784790039062,3
1916,three,1026,0,0,244.36309814453125,537.070556640625,382.1559448242188,547.033203125,4
1917,ticular,72,1,0,53.67857360839844,509.4121398925781,198.3514862060547,519.374755859375,0
1918,ticular,1099,1,0,53.67609405517578,533.5132446289062,198.3489990234375,543.4758911132812,5
1919,time,747,0,0,244.34329223632807,190.8560028076172,336.22039794921875,200.818603515625,3
1920,tion,230,0,0,53.679046630859375,222.3451385498047,221.7909698486328,232.3077392578125,1
1921,tion,721,0,0,53.66909790039063,594.697265625,221.9872589111328,604.659912109375,3
1922,tion,727,0,0,53.66909790039063,618.567626953125,221.89749145507807,628.5302734375,3
1923,tion,965,0,0,53.678932189941406,461.4544067382813,122.187744140625,471.4169921875,4
1924,"tion,",90,0,0,244.36273193359372,211.7893829345703,412.4707336425781,221.75198364257807,0
1925,tional,1165,1,0,244.3602600097656,573.7322387695312,412.4881286621094,583.6948852539062,5
1926,tions.,515,0,0,254.3456268310547,198.0762481689453,412.5617370605469,208.03884887695312,2
1927,tive,1127,1,0,244.3602600097656,366.19140625,412.5928039550781,376.1539916992188,5
1928,to:,313,0,0,310.95904541015625,166.85491943359375,313.4765930175781,173.82872009277344,1
1929,took,1104,0,0,53.67609405517578,585.8368530273438,221.7770233154297,595.7994995117188,5
1930,topic,369,0,0,244.3590240478516,630.8740844726562,412.4142456054688,640.8367309570312,1
1931,tor,206,1,0,53.67903137207031,102.75398254394533,221.82774353027344,112.71658325195312,1
1932,tough-,110,0,0,244.36273193359372,307.3905029296875,412.5315551757813,317.35308837890625,0
1933,toughest,10,0,0,53.67857360839844,246.4792022705078,221.69888305664065,256.4418029785156,0
1934,training,265,1,0,53.67930603027344,431.9180603027344,142.99600219726562,441.8806457519531,1
1935,training,338,0,0,244.36383056640625,371.9134826660156,412.4030456542969,381.8760681152344,1
1936,training,1189,1,0,69.06847381591797,442.3916931152344,221.82505798339844,452.3542785644531,6
1937,trees,962,0,0,53.678932189941406,449.4594421386719,221.887451171875,459.4220275878906,4
1938,tures:,611,0,0,244.3557891845703,618.6948852539062,292.7181701660156,628.6575317382812,2
1939,tween,391,0,0,151.22276306152344,126.63435363769533,221.68821716308597,136.59695434570312,2
1940,two,352,0,0,244.36383056640625,407.7788391113281,412.4468688964844,417.7414245605469,1
1941,two,355,1,0,244.36383056640625,419.7738037109375,412.3851623535156,429.73638916015625,1
1942,two,380,0,0,178.28611755371094,90.76893615722656,221.703125,100.73153686523438,2
1943,two,442,0,0,53.68890380859375,403.02679443359375,221.71815490722656,412.9893798828125,2
1944,two,473,1,0,53.69886779785156,546.8568115234375,221.78782653808597,556.8194580078125,2
1945,two,642,0,0,53.67903137207031,172.4623565673828,185.91259765625,182.42495727539065,3
1946,two,694,0,0,53.689002990722656,427.3654479980469,97.11597442626952,437.3280334472656,3
1947,two,722,1,0,53.66909790039063,594.697265625,221.9872589111328,604.659912109375,3
1948,two,944,0,0,91.14826965332033,389.72369384765625,221.7778778076172,399.686279296875,4
1949,two,1058,0,0,53.67608642578125,306.56524658203125,221.7631378173828,316.52783203125,5
1950,types.,944,1,0,91.14826965332033,389.72369384765625,221.7778778076172,399.686279296875,4
1951,uate,401,1,0,53.678932189941406,186.8583221435547,222.14146423339844,196.8209228515625,2
1952,ues.,680,0,0,53.67903137207031,317.8465881347656,221.6385040283203,327.8091735839844,3
1953,use,203,1,0,122.94401550292967,78.88356018066406,221.86268615722656,88.84616088867188,1
1954,used,36,1,0,53.67857360839844,354.0752868652344,222.04248046875,364.0378723144531,0
1955,used,340,0,0,244.36383056640625,371.9134826660156,412.4030456542969,381.8760681152344,1
1956,used,605,0,0,244.3557891845703,582.8295288085938,412.3063659667969,592.7921752929688,2
1957,used,745,0,0,244.34329223632807,162.29066467285156,358.03448486328125,172.25326538085938,3
1958,used,768,1,0,244.35324096679688,318.12567138671875,412.4302978515625,328.0882568359375,3
1959,used,1130,0,0,244.3602600097656,366.19140625,412.5928039550781,376.1539916992188,5
1960,used.,654,0,0,53.67903137207031,220.3226776123047,221.7092742919922,230.2852783203125,3
1961,used.,1045,0,0,244.3630828857422,608.80126953125,412.51068115234375,618.763916015625,4
1962,useful,980,0,0,53.67893981933594,521.1901245117188,221.74301147460935,531.1527709960938,4
1963,uses,567,1,0,244.3557891845703,426.7654418945313,412.485595703125,436.72802734375,2
1964,using,150,0,0,244.36273193359372,440.3015441894531,412.4118041992188,450.2641296386719,0
1965,using,988,1,0,53.67893981933594,557.0554809570312,94.0065460205078,567.0181274414062,4
1966,using,1149,0,0,244.3602600097656,437.8025817871094,327.5181579589844,447.7651672363281,5
1967,usually,101,1,0,244.36273193359372,259.5301818847656,412.4197692871094,269.4927673339844,0
1968,usually,123,0,0,244.36273193359372,355.1312866210937,412.4556579589844,365.0938720703125,0
1969,val-,679,1,0,53.67903137207031,317.8465881347656,221.6385040283203,327.8091735839844,3
1970,value,710,0,0,53.67905426025391,522.9664916992188,222.0370635986328,532.9291381835938,3
1971,values,667,1,0,53.67903137207031,281.9812316894531,221.95437622070312,291.9438171386719,3
1972,values,1063,1,0,53.67608642578125,342.3110656738281,114.52766418457033,352.2736511230469,5
1973,values.,813,1,0,244.3532867431641,522.0401000976562,379.4760437011719,532.0027465820312,3
1974,variables,303,1,0,244.36697387695312,102.74958801269533,412.5057678222656,112.71218872070312,1
1975,various,48,0,0,53.67857360839844,401.8160705566406,221.66989135742188,411.7786560058594,0
1976,vector,1230,1,0,69.07844543457031,621.5989379882812,175.42120361328125,631.5615844726562,6
1977,vectors,332,1,0,244.35899353027344,336.03582763671875,412.306396484375,345.9984130859375,1
1978,vectors,336,0,0,244.36383056640625,359.91851806640625,412.47857666015625,369.881103515625,1
1979,versus,1217,0,0,69.07843780517578,573.7385864257812,221.5580139160156,583.7012329101562,6
1980,versus,1263,0,0,259.7526550292969,569.683837890625,282.7164611816406,579.646484375,6
1981,very,95,0,0,244.36273193359372,235.65977478027344,412.44573974609375,245.62237548828125,0
1982,vided,379,1,0,53.678932189941406,90.76893615722656,168.81668090820312,100.73153686523438,2
1983,vided,564,1,0,244.3557891845703,414.7704772949219,363.7395629882813,424.7330627441406,2
1984,"view,",176,0,0,244.36273193359372,547.8975830078125,412.4794921875,557.8602294921875,0
1985,void.,195,1,0,345.2370300292969,621.0828247070312,412.5254211425781,631.0454711914062,0
1986,volume,259,1,0,53.679046630859375,407.8189086914063,221.75003051757807,417.781494140625,1
1987,volume,295,0,0,53.68280792236328,630.876953125,221.79376220703125,640.839599609375,1
1988,"volume,",270,1,0,53.669342041015625,455.7884521484375,221.89378356933597,465.75103759765625,1
1989,we,25,1,0,53.67857360839844,306.2149658203125,221.79147338867188,316.17755126953125,0
1990,we,196,1,0,345.2370300292969,621.0828247070312,412.5254211425781,631.0454711914062,0
1991,we,203,0,0,122.94401550292967,78.88356018066406,221.86268615722656,88.84616088867188,1
1992,we,215,0,0,53.67903137207031,138.61940002441406,221.78993225097656,148.58200073242188,1
1993,we,237,0,0,53.679046630859375,246.2155303955078,221.8716278076172,256.1781311035156,1
1994,we,271,1,0,53.669342041015625,455.7884521484375,221.89378356933597,465.75103759765625,1
1995,we,322,1,0,257.7994384765625,263.5899658203125,263.3336486816406,273.5525817871094,1
1996,we,397,1,0,63.76108169555664,174.8633575439453,221.8416290283203,184.82595825195312,2
1997,we,833,0,0,254.31588745117188,618.3684692382812,412.5218505859375,628.3311157226562,3
1998,we,1103,1,0,53.67609405517578,585.8368530273438,221.7770233154297,595.7994995117188,5
1999,we,1131,1,0,244.3602600097656,378.06683349609375,412.578857421875,388.0294189453125,5
2000,we,1153,0,0,244.3602600097656,461.7925109863281,412.5079956054688,471.7550964355469,5
2001,well,124,1,0,244.36273193359372,367.1262512207031,412.4916687011719,377.0888366699219,0
2002,well,971,1,0,53.678932189941406,485.3247985839844,195.20767211914065,495.2873840332031,4
2003,well-known,73,0,0,53.67857360839844,547.4492797851562,114.2452163696289,557.4119262695312,0
2004,well-known,1100,0,0,53.67609405517578,562.5568237304688,123.26087951660156,572.5194091796875,5
2005,what,586,1,0,244.3557891845703,498.49615478515625,412.3849792480469,508.458740234375,2
2006,what,764,0,0,244.35324096679688,306.250244140625,412.5220031738281,316.2128295898437,3
2007,what,1067,1,0,53.67608642578125,366.3009948730469,221.76901245117188,376.2635803222656,5
2008,when,1150,1,0,244.3602600097656,449.7975463867188,412.50201416015625,459.7601318359375,5
2009,where,122,0,0,244.36273193359372,355.1312866210937,412.4556579589844,365.0938720703125,0
2010,where,293,0,0,53.68280029296875,618.8819580078125,142.65281677246094,628.8446044921875,1
2011,whole,433,0,0,53.68890380859375,367.1614379882813,222.1266632080078,377.1240234375,2
2012,whose,333,0,0,244.35899353027344,348.0307922363281,300.5380554199219,357.9933776855469,1
2013,widely,36,0,0,53.67857360839844,354.0752868652344,222.04248046875,364.0378723144531,0
2014,widely,1129,1,0,244.3602600097656,366.19140625,412.5928039550781,376.1539916992188,5
2015,without,242,0,0,53.679046630859375,282.0809020996094,221.83782958984372,292.0434875488281,1
2016,without,753,1,0,244.34329223632807,246.5144805908203,412.73919677734375,256.4770812988281,3
2017,work,165,0,0,244.36273193359372,512.0322265625,412.41607666015625,521.994873046875,0
2018,work,192,1,0,254.3253326416016,609.087890625,412.3561706542969,619.050537109375,0
2019,work,970,1,0,53.678932189941406,485.3247985839844,195.20767211914065,495.2873840332031,4
2020,works,20,1,0,53.67857360839844,282.3445739746094,221.68588256835935,292.3071594238281,0
2021,world,49,0,0,53.67857360839844,401.8160705566406,221.66989135742188,411.7786560058594,0
2022,world,518,1,0,244.38302612304688,210.0712127685547,412.5617370605469,220.0338134765625,2
2023,ysis.,1193,1,0,69.06847381591797,466.2620849609375,87.79019165039062,476.22467041015625,6
2024,zero,310,0,0,244.36697387695312,138.61500549316406,343.8952941894531,148.57760620117188,1
2025,||,291,1,0,208.9598846435547,572.3267211914062,221.71600341796875,582.2893676757812,1
2026,||,323,1,0,257.7994384765625,263.5899658203125,263.3336486816406,273.5525817871094,1
2027,||,324,1,0,399.6360778808594,296.8031005859375,412.3921813964844,306.76568603515625,1
2028,||,325,0,0,399.6360778808594,296.8031005859375,412.3921813964844,306.76568603515625,1
2029,©,200,0,0,53.587158203125,659.6309204101562,124.6115493774414,667.618896484375,0
2030,α,314,1,0,293.6858825683594,199.0197906494141,298.9560852050781,208.98239135742188,1
2031,α,318,0,0,300.27032470703125,217.2654266357422,306.6463928222656,227.22802734375,1
2032,α,318,1,0,300.27032470703125,217.2654266357422,306.6463928222656,227.22802734375,1
2033,ξ,290,1,0,184.71902465820312,556.50390625,189.0826416015625,566.4664916992188,1
2034,ξ,292,0,0,208.9598846435547,572.3267211914062,221.71600341796875,582.2893676757812,1
2035,ξ,307,0,0,244.36697387695312,114.7445831298828,412.80364990234375,124.70718383789062,1
2036,‘overlapping’,434,0,0,117.47644805908205,379.036865234375,221.81082153320312,388.99945068359375,2
2037,‘overlapping’,446,1,0,53.68890380859375,426.8971862792969,221.80178833007807,436.8597717285156,2
2038,‘overlapping’.,430,1,0,53.68890380859375,355.1664733886719,221.70118713378903,365.1290588378906,2
2039,"’overlapping’,",459,1,0,53.68890380859375,474.6379699707031,221.72613525390625,484.6005554199219,2
2040,“class,107,1,0,244.36273193359372,283.5201110839844,412.5076293945313,293.4826965332031,0
2041,ﬁer,1235,1,0,259.7526550292969,414.3469848632813,412.44439697265625,424.3095703125,6
2042,"ﬁers,",1131,0,0,244.3602600097656,378.06683349609375,412.578857421875,388.0294189453125,5
2043,ﬁll,194,0,0,244.36273193359372,621.0828247070312,336.2438049316406,631.0454711914062,0
2044,ﬁnd,129,0,0,244.36273193359372,367.1262512207031,412.4916687011719,377.0888366699219,0
2045,ﬁnd,186,0,0,244.36273193359372,583.762939453125,412.44183349609375,593.7255859375,0
2046,ﬁnd,254,0,0,53.679046630859375,383.9485168457031,221.8278350830078,393.9111022949219,1
2047,ﬁnd,268,0,0,53.669342041015625,443.7934875488281,221.7413482666016,453.7560729980469,1
2048,ﬁnd,341,0,0,244.36383056640625,383.908447265625,412.5623779296875,393.87103271484375,1
2049,ﬁnd,596,0,0,244.3557891845703,546.2368774414062,308.33453369140625,556.1995239257812,2
2050,ﬁnd,760,0,0,244.35324096679688,282.26031494140625,412.4005126953125,292.222900390625,3
2051,ﬁnd,1113,0,0,244.3602600097656,306.4556579589844,329.82525634765625,316.4182434082031,5
2052,ﬁnding,248,0,0,53.679046630859375,372.0730895996094,221.73812866210935,382.0356750488281,1
2053,ﬁnds,586,0,0,244.3557891845703,498.49615478515625,412.3849792480469,508.458740234375,2
2054,ﬁning,394,1,0,53.678932189941406,150.50477600097656,221.75689697265625,160.46737670898438,2
2055,ﬁrst,456,0,0,53.68890380859375,462.7625427246094,221.79183959960935,472.7251281738281,2
2056,ﬁrst,566,1,0,372.9689331054688,414.7704772949219,412.5045471191406,424.7330627441406,2
2057,ﬁrst,583,0,0,244.3557891845703,498.49615478515625,412.3849792480469,508.458740234375,2
2058,ﬁrst,621,1,0,53.67903137207031,100.85108947753906,221.8507232666016,110.81369018554688,3
2059,ﬁrst,1001,1,0,53.67893981933594,628.7861938476562,221.8954925537109,638.7488403320312,4
2060,ﬁrst,1112,0,0,53.67609405517578,633.6971435546875,221.84475708007807,643.6597900390625,5
2061,ﬁrstly,455,0,0,53.68890380859375,462.7625427246094,221.79183959960935,472.7251281738281,2
2062,ﬁve,517,1,0,244.38302612304688,210.0712127685547,412.5617370605469,220.0338134765625,2
2063,ﬁve,572,0,0,244.3557891845703,438.7604064941406,412.380126953125,448.7229919433594,2
2064,ﬁve,608,0,0,244.3557891845703,606.699951171875,412.5135192871094,616.66259765625,2
2065,ﬁve,626,1,0,53.67903137207031,112.7265167236328,221.71820068359372,122.68911743164062,3
2066,ﬁve,653,0,0,53.67903137207031,208.3277130126953,221.72219848632807,218.29031372070312,3
2067,ﬁve,664,0,0,53.67903137207031,270.1058044433594,164.70924377441406,280.0683898925781,3
2068,ﬁve,665,0,0,53.67903137207031,270.1058044433594,164.70924377441406,280.0683898925781,3
2069,ﬁve,1129,0,0,244.3602600097656,366.19140625,412.5928039550781,376.1539916992188,5
