mapped_id,word,sentence_id,location_in_sentence,bundle_id,xmin,ymin,xmax,ymax,Page
0,"""Byzantiums""",220,0,0,85.44000244140625,331.2609558105469,440.3209533691406,342.4066772460937,1
1,"""Constantinoples""",332,0,0,85.19999694824219,563.3409423828125,449.291748046875,574.4866333007812,1
2,"""Harriss""",444,1,0,86.87999725341797,264.39678955078125,458.5972595214844,274.7944030761719,2
3,"""Harriss""",586,0,0,85.91999816894531,545.1968383789062,417.5668640136719,555.5944213867188,2
4,"""IXs""",517,0,0,86.16000366210938,410.3168029785156,420.3885498046875,420.7144165039063,2
5,"""Mehmeds""",507,1,0,86.16000366210938,386.3168029785156,410.7798767089844,396.7144165039063,2
6,"""Schwallers""",715,1,0,85.91999816894531,373.062255859375,449.54248046875,383.2189331054688,3
7,"""authors""",409,1,0,96.95999908447266,203.19680786132807,486.8984375,213.5944061279297,2
8,"""byzantine""",140,1,0,85.91999816894531,185.43679809570312,453.0884399414063,195.8343963623047,1
9,$35.00,696,0,0,86.16000366210938,349.2281494140625,453.3382263183594,359.1692810058594,3
10,$40.00,102,0,0,85.91999816894531,111.18096923828124,449.0496520996094,122.32669067382812,1
11,&,63,1,0,36.0,334.416015625,499.23931884765625,345.8280029296875,0
12,(1403,155,0,0,86.63999938964844,222.15679931640625,437.40631103515625,232.5543975830078,1
13,(JUNE,14,0,0,36.0,205.21798706054688,498.2599792480469,220.4339904785156,0
14,(Lee,825,0,0,85.44000244140625,568.9568481445312,435.9019470214844,579.3544311523438,3
15,(Ondina,779,0,0,85.91999816894531,494.32611083984375,440.1701049804688,506.2706604003906,3
16,+298,101,0,0,103.91999816894533,93.5168228149414,362.593505859375,103.91442108154295,1
17,+319,695,0,0,103.91999816894533,318.15679931640625,401.07855224609375,328.5544128417969,3
18,",",10,1,0,36.0,205.21798706054688,498.2599792480469,220.4339904785156,0
19,10.1017/S0009640712000819,92,1,0,103.91999816894533,66.43058013916016,226.3267974853516,74.91350555419922,1
20,10.1017/S0009640712000820,679,1,0,104.4000015258789,277.63055419921875,226.80679321289065,286.1134948730469,3
21,14,408,0,0,96.95999908447266,203.19680786132807,486.8984375,213.5944061279297,2
22,1439,447,0,0,86.87999725341797,264.39678955078125,458.5972595214844,274.7944030761719,2
23,1444,477,0,0,86.63999938964844,325.7822570800781,416.5007019042969,335.9389343261719,2
24,1453,107,0,0,85.91999816894531,111.18096923828124,449.0496520996094,122.32669067382812,1
25,1453,523,0,0,86.16000366210938,410.3168029785156,420.3885498046875,420.7144165039063,2
26,"1453),",156,0,0,86.63999938964844,222.15679931640625,437.40631103515625,232.5543975830078,1
27,1453.,169,1,0,85.68000030517578,233.96734619140625,453.3867492675781,244.92286682128903,1
28,1453.,355,1,0,87.36000061035156,81.03678131103516,490.5900268554688,91.43437957763672,2
29,17:03:59,86,0,0,224.16000366210935,839.8159790039062,370.8320007324219,850.4879760742188,0
30,17:03:59,342,0,0,169.5399932861328,717.8159790039062,316.21197509765625,728.4879760742188,1
31,17:03:59,610,0,0,169.5399932861328,717.8159790039062,316.21197509765625,728.4879760742188,2
32,17:03:59,835,0,0,169.5399932861328,717.8159790039062,316.21197509765625,728.4879760742188,3
33,2,13,1,0,36.0,205.21798706054688,498.2599792480469,220.4339904785156,0
34,2008).,790,1,0,85.68000030517578,519.4209594726562,438.1982421875,530.566650390625,3
35,2010.,100,0,0,103.91999816894533,93.5168228149414,362.593505859375,103.91442108154295,1
36,2011.,694,0,0,103.91999816894533,318.15679931640625,401.07855224609375,328.5544128417969,3
37,"2012),",14,1,0,36.0,205.21798706054688,498.2599792480469,220.4339904785156,0
38,"2012,",11,1,0,36.0,205.21798706054688,498.2599792480469,220.4339904785156,0
39,2026,85,1,0,189.08999633789065,831.8159790039062,411.0899963378906,842.4879760742188,0
40,2026,341,1,0,134.47000122070312,709.8159790039062,356.4700012207031,720.4879760742188,1
41,2026,609,1,0,134.47000122070312,709.8159790039062,356.4700012207031,720.4879760742188,2
42,2026,834,1,0,134.47000122070312,709.8159790039062,356.4700012207031,720.4879760742188,3
43,21,84,1,0,189.08999633789065,831.8159790039062,411.0899963378906,842.4879760742188,0
44,21,340,1,0,134.47000122070312,709.8159790039062,356.4700012207031,720.4879760742188,1
45,21,608,1,0,134.47000122070312,709.8159790039062,356.4700012207031,720.4879760742188,2
46,21,833,1,0,134.47000122070312,709.8159790039062,356.4700012207031,720.4879760742188,3
47,434,90,0,0,85.91999816894531,45.31981658935547,398.3973693847656,55.34969711303711,1
48,434-436,15,1,0,36.0,205.21798706054688,498.2599792480469,220.4339904785156,0
49,435,348,0,0,383.5199890136719,45.4622688293457,404.85009765625,55.61894989013672,2
50,436,614,0,0,312.4800109863281,46.08109664916992,399.3728637695313,55.1219367980957,3
51,"81,",12,1,0,36.0,205.21798706054688,498.2599792480469,220.4339904785156,0
52,A,787,0,0,85.91999816894531,507.9967956542969,430.88580322265625,518.3944091796875,3
53,AND,347,0,0,383.5199890136719,45.4622688293457,404.85009765625,55.61894989013672,2
54,Abrahamse,8,0,0,36.0,205.21798706054688,498.2599792480469,220.4339904785156,0
55,Abrahamse,674,1,0,196.32000732421875,209.67678833007807,464.9666748046875,220.0743865966797,3
56,According,506,0,0,86.16000366210938,386.3168029785156,410.7798767089844,396.7144165039063,2
57,All,87,0,0,224.16000366210935,839.8159790039062,370.8320007324219,850.4879760742188,0
58,All,343,0,0,169.5399932861328,717.8159790039062,316.21197509765625,728.4879760742188,1
59,All,611,0,0,169.5399932861328,717.8159790039062,316.21197509765625,728.4879760742188,2
60,All,836,0,0,169.5399932861328,717.8159790039062,316.21197509765625,728.4879760742188,3
61,America,709,0,0,86.16000366210938,361.062255859375,445.07275390625,371.2189331054688,3
62,America,753,1,0,96.0,446.2622375488281,450.8186950683594,456.4189147949219,3
63,"America,",734,1,0,85.91999816894531,409.1167907714844,448.6585693359375,419.514404296875,3
64,"America,",770,1,0,85.68000030517578,482.55853271484375,442.7679138183594,493.5774536132813,3
65,"America,",806,1,0,85.91999816894531,544.476806640625,432.4217529296875,554.8743896484375,3
66,America.,800,0,0,85.68000030517578,531.7568359375,434.3191528320313,542.1544189453125,3
67,America:,682,1,0,105.12000274658205,291.2767944335937,391.0030517578125,301.6744079589844,3
68,America:,786,1,0,85.91999816894531,507.9967956542969,430.88580322265625,518.3944091796875,3
69,American,20,0,0,36.0,225.21798706054688,562.5918579101562,240.4339904785156,0
70,American,821,0,0,85.44000244140625,568.9568481445312,435.9019470214844,579.3544311523438,3
71,BOOK,346,0,0,87.12000274658203,46.32114791870117,221.7823028564453,55.36198806762695,2
72,Balkan,215,0,0,85.44000244140625,331.2609558105469,440.3209533691406,342.4066772460937,1
73,Based,183,0,0,85.68000030517578,259.1167907714844,436.7135925292969,269.514404296875,1
74,"Beach,",677,1,0,196.32000732421875,209.67678833007807,464.9666748046875,220.0743865966797,3
75,Beyond.,688,0,0,104.87999725341795,304.716796875,420.015869140625,315.1144104003906,3
76,But,668,0,0,86.87999725341797,165.94224548339844,488.19927978515625,176.0989227294922,3
77,But,755,0,0,85.68000030517578,457.8873596191406,451.5862121582031,468.8428955078125,3
78,By,94,1,0,104.63999938964844,79.88736724853516,423.2562561035156,90.84288787841795,1
79,By,688,1,0,104.87999725341795,304.716796875,420.015869140625,315.1144104003906,3
80,Byzantine,138,1,0,85.91999816894531,185.43679809570312,453.0884399414063,195.8343963623047,1
81,Byzantine,181,0,0,85.68000030517578,259.1167907714844,436.7135925292969,269.514404296875,1
82,Byzantine,225,0,0,85.44000244140625,355.2609558105469,447.76123046875,366.40667724609375,1
83,Byzantine,364,0,0,87.12000274658203,92.27549743652344,490.5121154785156,103.66213989257812,2
84,Byzantine,451,0,0,86.63999938964844,276.4473571777344,461.9787902832031,287.40289306640625,2
85,Byzantine,579,1,0,86.16000366210938,531.9555053710938,420.4214477539063,543.3421020507812,2
86,Byzantine,629,1,0,96.72000122070312,92.31681060791016,486.0960693359375,102.71440887451172,3
87,Byzantines,193,1,0,95.76000213623048,283.5968017578125,450.2210388183594,293.9944152832031,1
88,"Byzantines,",214,1,0,85.44000244140625,331.2609558105469,440.3209533691406,342.4066772460937,1
89,"Byzantines,",596,1,0,85.68000030517578,557.4368286132812,413.4939270019531,567.8344116210938,2
90,Byzantium,3,0,0,36.0,165.21798706054688,406.1799926757813,180.4339904785156,0
91,Byzantium,470,0,0,86.63999938964844,313.5968017578125,415.87158203125,323.9944152832031,2
92,Byzantium,569,0,0,96.72000122070312,508.5628662109375,418.2617492675781,518.2250366210938,2
93,"Byzantium,",143,0,0,85.19999694824219,197.15550231933597,452.5091552734375,208.54214477539065,1
94,Byzantium.,94,0,0,104.63999938964844,79.88736724853516,423.2562561035156,90.84288787841795,1
95,CHURCH,90,1,0,85.91999816894531,45.31981658935547,398.3973693847656,55.34969711303711,1
96,CHURCH,615,0,0,86.63999938964844,68.02226257324219,486.7525939941406,78.17894744873047,3
97,California,675,0,0,196.32000732421875,209.67678833007807,464.9666748046875,220.0743865966797,3
98,Cambridge,18,0,0,36.0,225.21798706054688,562.5918579101562,240.4339904785156,0
99,Cambridge,70,0,0,93.16999816894533,736.656005859375,518.84423828125,748.0679931640625,0
100,Cambridge,788,1,0,85.68000030517578,519.4209594726562,438.1982421875,530.566650390625,3
101,Cambridge:,788,0,0,85.68000030517578,519.4209594726562,438.1982421875,530.566650390625,3
102,Catholic,681,0,0,105.12000274658205,291.2767944335937,391.0030517578125,301.6744079589844,3
103,Christianity,128,0,0,85.68000030517578,160.95681762695312,452.0751037597656,171.3544158935547,1
104,Christianity,771,0,0,85.68000030517578,482.55853271484375,442.7679138183594,493.5774536132813,3
105,Christianity,785,0,0,85.91999816894531,507.9967956542969,430.88580322265625,518.3944091796875,3
106,"Christians,",216,0,0,85.44000244140625,331.2609558105469,440.3209533691406,342.4066772460937,1
107,Church,9,1,0,36.0,205.21798706054688,498.2599792480469,220.4339904785156,0
108,Church,21,0,0,36.0,237.21798706054688,80.83200073242188,252.4339904785156,0
109,Church,80,0,0,248.27999877929688,823.8159790039062,348.7120056152344,834.4879760742188,0
110,Church,681,1,0,105.12000274658205,291.2767944335937,391.0030517578125,301.6744079589844,3
111,Conditions,65,0,0,36.0,334.416015625,499.23931884765625,345.8280029296875,0
112,Conn.:,97,1,0,104.63999938964844,79.88736724853516,423.2562561035156,90.84288787841795,1
113,Conquest,684,0,0,104.87999725341795,304.716796875,420.015869140625,315.1144104003906,3
114,Constantin,376,0,0,87.12000274658203,129.278564453125,487.7887573242188,140.2974853515625,2
115,Constantine,164,0,0,86.63999938964844,222.15679931640625,437.40631103515625,232.5543975830078,1
116,Constantine,516,1,0,86.4000015258789,398.5022583007813,415.8931274414063,408.658935546875,2
117,"Constantine,",553,0,0,86.16000366210938,470.7967834472656,420.178466796875,481.19439697265625,2
118,Constantinople,105,0,0,85.91999816894531,111.18096923828124,449.0496520996094,122.32669067382812,1
119,Constantinople,207,0,0,85.44000244140625,319.83856201171875,450.5599365234375,330.85748291015625,1
120,Constantinople,421,0,0,86.63999938964844,227.67678833007807,487.294677734375,238.0743865966797,2
121,Constantinople,518,1,0,86.16000366210938,410.3168029785156,420.3885498046875,420.7144165039063,2
122,"Constantinople,",293,0,0,84.95999908447266,490.6622314453125,450.0559997558594,500.8189086914063,1
123,"Constantinople,",302,1,0,84.95999908447266,514.435546875,440.4231567382813,525.8221435546875,1
124,"Constantinople,",486,0,0,96.4800033569336,350.3168029785156,411.8062133789063,360.7144165039063,2
125,"Constantinople,",532,0,0,86.4000015258789,434.5567932128906,414.9141540527344,444.9544067382813,2
126,"Constantinople,",572,0,0,96.72000122070312,508.5628662109375,418.2617492675781,518.2250366210938,2
127,Constantinople.,483,0,0,96.4800033569336,350.3168029785156,411.8062133789063,360.7144165039063,2
128,Council,445,0,0,86.87999725341797,264.39678955078125,458.5972595214844,274.7944030761719,2
129,Crusade,440,0,0,86.87999725341797,250.8028717041016,399.2223510742188,260.46502685546875,2
130,Crusade,473,1,0,86.63999938964844,325.7822570800781,416.5007019042969,335.9389343261719,2
131,"Crusades,",258,0,0,85.44000244140625,404.3168029785156,448.3598937988281,414.7144165039063,1
132,Despite,545,1,0,86.4000015258789,445.21966552734375,419.4800720214844,457.35443115234375,2
133,Dorothy,6,1,0,36.0,185.21798706054688,259.2300109863281,200.4339904785156,0
134,Dorothy,673,0,0,288.239990234375,197.82098388671875,436.2870178222656,208.9667053222656,3
135,Dramatic,112,0,0,85.91999816894531,136.66221618652344,445.2618408203125,146.8188934326172,1
136,During,222,1,0,85.44000244140625,343.0755310058594,444.4788208007813,354.462158203125,1
137,E.,779,1,0,85.91999816894531,494.32611083984375,440.1701049804688,506.2706604003906,3
138,Each,748,0,0,96.0,446.2622375488281,450.8186950683594,456.4189147949219,3
139,Emeritus,678,0,0,104.4000015258789,277.63055419921875,226.80679321289065,286.1134948730469,3
140,Emperors,154,1,0,85.68000030517578,209.74688720703125,452.7663879394531,220.6770477294922,1
141,End,2,1,0,36.0,165.21798706054688,406.1799926757813,180.4339904785156,0
142,End,95,0,0,104.63999938964844,79.88736724853516,423.2562561035156,90.84288787841795,1
143,End,142,1,0,85.91999816894531,185.43679809570312,453.0884399414063,195.8343963623047,1
144,End,568,1,0,96.72000122070312,508.5628662109375,418.2617492675781,518.2250366210938,2
145,European,221,0,0,85.44000244140625,343.0755310058594,444.4788208007813,354.462158203125,1
146,"Europeans,",217,0,0,85.44000244140625,331.2609558105469,440.3209533691406,342.4066772460937,1
147,F.,7,1,0,36.0,185.21798706054688,259.2300109863281,200.4339904785156,0
148,F.,674,0,0,196.32000732421875,209.67678833007807,464.9666748046875,220.0743865966797,3
149,Florence,446,0,0,86.87999725341797,264.39678955078125,458.5972595214844,274.7944030761719,2
150,Following,285,0,0,95.04000091552734,478.2798461914063,446.8286743164063,488.3097229003906,1
151,For,53,1,0,36.0,316.416015625,512.190185546875,327.8280029296875,0
152,For,619,1,0,86.63999938964844,68.02226257324219,486.7525939941406,78.17894744873047,3
153,Frederick,689,1,0,104.87999725341795,304.716796875,420.015869140625,315.1144104003906,3
154,From,683,1,0,105.12000274658205,291.2767944335937,391.0030517578125,301.6744079589844,3
155,Genoese,201,0,0,85.44000244140625,308.0222473144531,447.3931884765625,318.1789245605469,1
156,Genoese,318,0,0,85.19999694824219,538.9585571289062,452.07025146484375,549.9774780273438,1
157,"Genoese,",534,0,0,86.4000015258789,434.5567932128906,414.9141540527344,444.9544067382813,2
158,Gonzalez,780,0,0,85.91999816894531,494.32611083984375,440.1701049804688,506.2706604003906,3
159,"Gonzalez,",784,0,0,85.91999816894531,507.9967956542969,430.88580322265625,518.3944091796875,3
160,Greece.,210,0,0,85.44000244140625,319.83856201171875,450.5599365234375,330.85748291015625,1
161,Greeks,489,0,0,86.4000015258789,362.7967834472656,418.59814453125,373.19439697265625,2
162,HISTORY,91,0,0,103.91999816894533,66.43058013916016,226.3267974853516,74.91350555419922,1
163,HISTORY,615,1,0,86.63999938964844,68.02226257324219,486.7525939941406,78.17894744873047,3
164,Harris,4,1,0,36.0,185.21798706054688,259.2300109863281,200.4339904785156,0
165,Harris,144,1,0,85.19999694824219,197.15550231933597,452.5091552734375,208.54214477539065,1
166,Harris,192,0,0,95.76000213623048,283.5968017578125,450.2210388183594,293.9944152832031,1
167,Harris,268,1,0,85.44000244140625,428.5567932128906,449.6488342285156,438.9544067382813,1
168,Harris,293,1,0,84.95999908447266,490.6622314453125,450.0559997558594,500.8189086914063,1
169,Harris,369,0,0,87.12000274658203,117.2768325805664,486.3996887207031,127.67443084716795,2
170,Harris,507,0,0,86.16000366210938,386.3168029785156,410.7798767089844,396.7144165039063,2
171,Harris,526,0,0,86.16000366210938,421.740966796875,422.1950073242188,432.8866882324219,2
172,Harris.,96,0,0,104.63999938964844,79.88736724853516,423.2562561035156,90.84288787841795,1
173,"Haven,",97,0,0,104.63999938964844,79.88736724853516,423.2562561035156,90.84288787841795,1
174,He,170,0,0,85.68000030517578,233.96734619140625,453.3867492675781,244.92286682128903,1
175,History,10,0,0,36.0,205.21798706054688,498.2599792480469,220.4339904785156,0
176,History,22,1,0,36.0,237.21798706054688,80.83200073242188,252.4339904785156,0
177,History,80,1,0,248.27999877929688,823.8159790039062,348.7120056152344,834.4879760742188,0
178,History,683,0,0,105.12000274658205,291.2767944335937,391.0030517578125,301.6744079589844,3
179,History,787,1,0,85.91999816894531,507.9967956542969,430.88580322265625,518.3944091796875,3
180,II,157,0,0,86.63999938964844,222.15679931640625,437.40631103515625,232.5543975830078,1
181,II,296,1,0,84.95999908447266,490.6622314453125,450.0559997558594,500.8189086914063,1
182,II,496,0,0,86.63999938964844,374.3168029785156,421.8748779296875,384.7144165039063,2
183,"II,",372,1,0,87.12000274658203,117.2768325805664,486.3996887207031,127.67443084716795,2
184,IX,377,0,0,87.12000274658203,129.278564453125,487.7887573242188,140.2974853515625,2
185,In,141,1,0,85.91999816894531,185.43679809570312,453.0884399414063,195.8343963623047,1
186,In,302,0,0,84.95999908447266,514.435546875,440.4231567382813,525.8221435546875,1
187,Interconnected,210,1,0,85.44000244140625,319.83856201171875,450.5599365234375,330.85748291015625,1
188,"Islam,",130,0,0,85.68000030517578,160.95681762695312,452.0751037597656,171.3544158935547,1
189,It,636,1,0,86.63999938964844,104.5022430419922,489.4282531738281,114.65892791748048,3
190,It,651,1,0,86.63999938964844,129.3881378173828,488.5618896484375,139.32925415039062,3
191,It,720,0,0,86.16000366210938,385.062255859375,450.3326721191406,395.2189331054688,3
192,It,727,1,0,86.16000366210938,396.4668884277344,453.7382507324219,407.3970336914063,3
193,It,794,0,0,85.68000030517578,531.7568359375,434.3191528320313,542.1544189453125,3
194,"Italians,",216,1,0,85.44000244140625,331.2609558105469,440.3209533691406,342.4066772460937,1
195,J.,829,1,0,193.66000366210935,701.8159790039062,294.0920104980469,712.4879760742188,3
196,JSTOR,25,1,0,36.0,298.416015625,557.0823364257812,309.8280029296875,0
197,JSTOR,60,0,0,36.0,334.416015625,499.23931884765625,345.8280029296875,0
198,JSTOR,75,0,0,93.16999816894533,736.656005859375,518.84423828125,748.0679931640625,0
199,"JSTOR,",55,1,0,36.0,316.416015625,512.190185546875,327.8280029296875,0
200,JUNE,11,0,0,36.0,205.21798706054688,498.2599792480469,220.4339904785156,0
201,John,161,0,0,86.63999938964844,222.15679931640625,437.40631103515625,232.5543975830078,1
202,John,373,0,0,87.12000274658203,117.2768325805664,486.3996887207031,127.67443084716795,2
203,John,432,0,0,86.63999938964844,239.34097290039065,485.8367919921875,250.4866943359375,2
204,John,689,0,0,104.87999725341795,304.716796875,420.015869140625,315.1144104003906,3
205,John,714,1,0,85.91999816894531,373.062255859375,449.54248046875,383.2189331054688,3
206,Jonathan,4,0,0,36.0,185.21798706054688,259.2300109863281,200.4339904785156,0
207,Jonathan,95,1,0,104.63999938964844,79.88736724853516,423.2562561035156,90.84288787841795,1
208,Jonathan,144,0,0,85.19999694824219,197.15550231933597,452.5091552734375,208.54214477539065,1
209,Justo,783,0,0,85.91999816894531,507.9967956542969,430.88580322265625,518.3944091796875,3
210,L.,783,1,0,85.91999816894531,507.9967956542969,430.88580322265625,518.3944091796875,3
211,Latin,463,0,0,86.63999938964844,301.3567810058594,411.51361083984375,311.75439453125,2
212,Latin,682,0,0,105.12000274658205,291.2767944335937,391.0030517578125,301.6744079589844,3
213,Latin,707,0,0,86.16000366210938,361.062255859375,445.07275390625,371.2189331054688,3
214,Latin,734,0,0,85.91999816894531,409.1167907714844,448.6585693359375,419.514404296875,3
215,Latin,753,0,0,96.0,446.2622375488281,450.8186950683594,456.4189147949219,3
216,Latin,770,0,0,85.68000030517578,482.55853271484375,442.7679138183594,493.5774536132813,3
217,Latin,786,0,0,85.91999816894531,507.9967956542969,430.88580322265625,518.3944091796875,3
218,Latin,799,1,0,85.68000030517578,531.7568359375,434.3191528320313,542.1544189453125,3
219,Latin,806,0,0,85.91999816894531,544.476806640625,432.4217529296875,554.8743896484375,3
220,Latin,820,0,0,85.44000244140625,568.9568481445312,435.9019470214844,579.3544311523438,3
221,Long,677,0,0,196.32000732421875,209.67678833007807,464.9666748046875,220.0743865966797,3
222,Luckily,710,1,0,86.16000366210938,361.062255859375,445.07275390625,371.2189331054688,3
223,M.,825,1,0,85.44000244140625,568.9568481445312,435.9019470214844,579.3544311523438,3
224,Manue,425,1,0,86.63999938964844,227.67678833007807,487.294677734375,238.0743865966797,2
225,Manuel,156,1,0,86.63999938964844,222.15679931640625,437.40631103515625,232.5543975830078,1
226,Manuel,296,0,0,84.95999908447266,490.6622314453125,450.0559997558594,500.8189086914063,1
227,Manuel,372,0,0,87.12000274658203,117.2768325805664,486.3996887207031,127.67443084716795,2
228,May,85,0,0,189.08999633789065,831.8159790039062,411.0899963378906,842.4879760742188,0
229,May,341,0,0,134.47000122070312,709.8159790039062,356.4700012207031,720.4879760742188,1
230,May,609,0,0,134.47000122070312,709.8159790039062,356.4700012207031,720.4879760742188,2
231,May,834,0,0,134.47000122070312,709.8159790039062,356.4700012207031,720.4879760742188,3
232,Mehmed,495,1,0,86.63999938964844,374.3168029785156,421.8748779296875,384.7144165039063,2
233,Mehmed,548,0,0,85.91999816894531,458.5567932128906,416.0354919433594,468.9544067382813,2
234,Most,121,1,0,85.91999816894531,147.9554901123047,453.3544006347656,159.34213256835938,1
235,NOTES,347,1,0,383.5199890136719,45.4622688293457,404.85009765625,55.61894989013672,2
236,New,96,1,0,104.63999938964844,79.88736724853516,423.2562561035156,90.84288787841795,1
237,New,691,0,0,103.91999816894533,318.15679931640625,401.07855224609375,328.5544128417969,3
238,New,692,0,0,103.91999816894533,318.15679931640625,401.07855224609375,328.5544128417969,3
239,No.,13,0,0,36.0,205.21798706054688,498.2599792480469,220.4339904785156,0
240,Ottoman,106,0,0,85.91999816894531,111.18096923828124,449.0496520996094,122.32669067382812,1
241,Ottoman,200,0,0,85.68000030517578,295.0209655761719,449.7000427246094,306.16668701171875,1
242,Ottoman,227,1,0,85.44000244140625,355.2609558105469,447.76123046875,366.40667724609375,1
243,Ottoman,247,0,0,85.44000244140625,391.740966796875,451.5478515625,402.8866882324219,1
244,Ottoman,290,1,0,95.04000091552734,478.2798461914063,446.8286743164063,488.3097229003906,1
245,Ottoman,361,0,0,87.12000274658203,92.27549743652344,490.5121154785156,103.66213989257812,2
246,Ottoman,379,0,0,87.12000274658203,142.34815979003906,486.6178894042969,152.28927612304688,2
247,Ottoman,391,0,0,87.12000274658203,153.66094970703125,489.4751586914063,164.80667114257812,2
248,Ottoman,424,1,0,86.63999938964844,227.67678833007807,487.294677734375,238.0743865966797,2
249,Ottoman,441,1,0,86.87999725341797,250.8028717041016,399.2223510742188,260.46502685546875,2
250,Ottomans,600,0,0,85.91999816894531,569.1968383789062,419.9647216796875,579.5944213867188,2
251,"Overall,",626,0,0,96.72000122070312,92.31681060791016,486.0960693359375,102.71440887451172,3
252,Palaiologan,153,1,0,85.68000030517578,209.74688720703125,452.7663879394531,220.6770477294922,1
253,Palaiologan,585,0,0,85.91999816894531,545.1968383789062,417.5668640136719,555.5944213867188,2
254,Palaiologos,351,0,0,87.12000274658203,68.79679107666016,487.7528076171875,79.19438934326172,2
255,"Peloponnese,",581,0,0,86.16000366210938,531.9555053710938,420.4214477539063,543.3421020507812,2
256,Penyak,826,0,0,85.44000244140625,568.9568481445312,435.9019470214844,579.3544311523438,3
257,"Petry,",830,0,0,193.66000366210935,701.8159790039062,294.0920104980469,712.4879760742188,3
258,Press,22,0,0,36.0,237.21798706054688,80.83200073242188,252.4339904785156,0
259,Press,71,0,0,93.16999816894533,736.656005859375,518.84423828125,748.0679931640625,0
260,"Press,",99,1,0,103.91999816894533,93.5168228149414,362.593505859375,103.91442108154295,1
261,"Press,",693,1,0,103.91999816894533,318.15679931640625,401.07855224609375,328.5544128417969,3
262,"Press,",790,0,0,85.68000030517578,519.4209594726562,438.1982421875,530.566650390625,3
263,Protestantism,798,0,0,85.68000030517578,531.7568359375,434.3191528320313,542.1544189453125,3
264,Published,17,0,0,36.0,225.21798706054688,562.5918579101562,240.4339904785156,0
265,REVIEWS,346,1,0,87.12000274658203,46.32114791870117,221.7823028564453,55.36198806762695,2
266,Religion,802,1,0,85.91999816894531,544.476806640625,432.4217529296875,554.8743896484375,3
267,Review,0,0,0,36.0,165.21798706054688,406.1799926757813,180.4339904785156,0
268,Review,5,0,0,36.0,185.21798706054688,259.2300109863281,200.4339904785156,0
269,Reviewed,1,0,0,36.0,165.21798706054688,406.1799926757813,180.4339904785156,0
270,Revolution,685,0,0,104.87999725341795,304.716796875,420.015869140625,315.1144104003906,3
271,Schwaller.,690,0,0,103.91999816894533,318.15679931640625,401.07855224609375,328.5544128417969,3
272,Society,20,1,0,36.0,225.21798706054688,562.5918579101562,240.4339904785156,0
273,Society,805,0,0,85.91999816894531,544.476806640625,432.4217529296875,554.8743896484375,3
274,Source:,9,0,0,36.0,205.21798706054688,498.2599792480469,220.4339904785156,0
275,Stable,24,0,0,36.0,261.2179870605469,339.4940490722656,276.4339904785156,0
276,State,676,0,0,196.32000732421875,209.67678833007807,464.9666748046875,220.0743865966797,3
277,Survival,356,0,0,87.36000061035156,81.03678131103516,490.5900268554688,91.43437957763672,2
278,Terms,63,0,0,36.0,334.416015625,499.23931884765625,345.8280029296875,0
279,The,2,0,0,36.0,165.21798706054688,406.1799926757813,180.4339904785156,0
280,The,93,0,0,104.63999938964844,79.88736724853516,423.2562561035156,90.84288787841795,1
281,The,103,0,0,85.91999816894531,111.18096923828124,449.0496520996094,122.32669067382812,1
282,The,134,0,0,85.68000030517578,173.19680786132812,448.9532165527344,183.5944061279297,1
283,The,142,0,0,85.91999816894531,185.43679809570312,453.0884399414063,195.8343963623047,1
284,The,334,0,0,85.19999694824219,563.3409423828125,449.291748046875,574.4866333007812,1
285,The,390,1,0,87.12000274658203,153.66094970703125,489.4751586914063,164.80667114257812,2
286,The,409,0,0,96.95999908447266,203.19680786132807,486.8984375,213.5944061279297,2
287,The,414,1,0,86.87999725341797,215.19680786132807,489.3243103027344,225.5944061279297,2
288,The,469,0,0,86.63999938964844,313.5968017578125,415.87158203125,323.9944152832031,2
289,The,484,0,0,96.4800033569336,350.3168029785156,411.8062133789063,360.7144165039063,2
290,The,568,0,0,96.72000122070312,508.5628662109375,418.2617492675781,518.2250366210938,2
291,The,680,0,0,105.12000274658205,291.2767944335937,391.0030517578125,301.6744079589844,3
292,The,768,0,0,85.91999816894531,469.202880859375,398.76458740234375,478.8650512695313,3
293,The,800,1,0,85.68000030517578,531.7568359375,434.3191528320313,542.1544189453125,3
294,Thessalonica,407,0,0,86.87999725341797,191.1422576904297,489.1562194824219,201.29893493652344,2
295,"Thessalonica,",558,0,0,85.91999816894531,483.27679443359375,413.6550903320313,493.6744079589844,2
296,They,248,1,0,85.44000244140625,391.740966796875,451.5478515625,402.8866882324219,1
297,This,81,1,0,248.27999877929688,823.8159790039062,348.7120056152344,834.4879760742188,0
298,This,337,1,0,193.66000366210935,701.8159790039062,294.0920104980469,712.4879760742188,1
299,This,605,1,0,193.66000366210935,701.8159790039062,294.0920104980469,712.4879760742188,2
300,This,830,1,0,193.66000366210935,701.8159790039062,294.0920104980469,712.4879760742188,3
301,"Thu,",84,0,0,189.08999633789065,831.8159790039062,411.0899963378906,842.4879760742188,0
302,"Thu,",340,0,0,134.47000122070312,709.8159790039062,356.4700012207031,720.4879760742188,1
303,"Thu,",608,0,0,134.47000122070312,709.8159790039062,356.4700012207031,720.4879760742188,2
304,"Thu,",833,0,0,134.47000122070312,709.8159790039062,356.4700012207031,720.4879760742188,3
305,"Traditionally,",516,0,0,86.4000015258789,398.5022583007813,415.8931274414063,408.658935546875,2
306,Turkish,231,1,0,85.44000244140625,355.2609558105469,447.76123046875,366.40667724609375,1
307,Turkish,249,1,0,85.44000244140625,391.740966796875,451.5478515625,402.8866882324219,1
308,Turks,106,1,0,85.91999816894531,111.18096923828124,449.0496520996094,122.32669067382812,1
309,Turks,219,0,0,85.44000244140625,331.2609558105469,440.3209533691406,342.4066772460937,1
310,"Turks,",200,1,0,85.68000030517578,295.0209655761719,449.7000427246094,306.16668701171875,1
311,"Turks,",492,0,0,86.4000015258789,362.7967834472656,418.59814453125,373.19439697265625,2
312,"Turks,",537,1,0,86.4000015258789,434.5567932128906,414.9141540527344,444.9544067382813,2
313,Turks.,515,1,0,86.4000015258789,398.5022583007813,415.8931274414063,408.658935546875,2
314,URL:,24,1,0,36.0,261.2179870605469,339.4940490722656,276.4339904785156,0
315,UTC\x00\x00\x00\x00\x00\x00\x00\x00\x00\x00\x00\x00\x00,86,1,0,224.16000366210935,839.8159790039062,370.8320007324219,850.4879760742188,0
316,UTC\x00\x00\x00\x00\x00\x00\x00\x00\x00\x00\x00\x00\x00,342,1,0,169.5399932861328,717.8159790039062,316.21197509765625,728.4879760742188,1
317,UTC\x00\x00\x00\x00\x00\x00\x00\x00\x00\x00\x00\x00\x00,610,1,0,169.5399932861328,717.8159790039062,316.21197509765625,728.4879760742188,2
318,UTC\x00\x00\x00\x00\x00\x00\x00\x00\x00\x00\x00\x00\x00,835,1,0,169.5399932861328,717.8159790039062,316.21197509765625,728.4879760742188,3
319,University,18,1,0,36.0,225.21798706054688,562.5918579101562,240.4339904785156,0
320,University,70,1,0,93.16999816894533,736.656005859375,518.84423828125,748.0679931640625,0
321,University,99,0,0,103.91999816894533,93.5168228149414,362.593505859375,103.91442108154295,1
322,University,693,0,0,103.91999816894533,318.15679931640625,401.07855224609375,328.5544128417969,3
323,University,789,0,0,85.68000030517578,519.4209594726562,438.1982421875,530.566650390625,3
324,"University,",676,1,0,196.32000732421875,209.67678833007807,464.9666748046875,220.0743865966797,3
325,Until,698,0,0,86.16000366210938,349.2281494140625,453.3382263183594,359.1692810058594,3
326,"Use,",64,0,0,36.0,334.416015625,499.23931884765625,345.8280029296875,0
327,VIII,161,1,0,86.63999938964844,222.15679931640625,437.40631103515625,232.5543975830078,1
328,VIII,373,1,0,87.12000274658203,117.2768325805664,486.3996887207031,127.67443084716795,2
329,Varna,476,0,0,86.63999938964844,325.7822570800781,416.5007019042969,335.9389343261719,2
330,Venetian,315,1,0,85.19999694824219,527.1968383789062,445.7807922363281,537.5944213867188,1
331,"Venetians,",204,0,0,85.44000244140625,308.0222473144531,447.3931884765625,318.1789245605469,1
332,"Venetians,",534,1,0,86.4000015258789,434.5567932128906,414.9141540527344,444.9544067382813,2
333,Vol.,12,0,0,36.0,205.21798706054688,498.2599792480469,220.4339904785156,0
334,Walter,829,0,0,193.66000366210935,701.8159790039062,294.0920104980469,712.4879760742188,3
335,We,43,1,0,36.0,307.416015625,555.1561889648438,318.8280029296875,0
336,What,560,1,0,85.91999816894531,483.27679443359375,413.6550903320313,493.6744079589844,2
337,Work(s):,1,1,0,36.0,165.21798706054688,406.1799926757813,180.4339904785156,0
338,"XI,",164,1,0,86.63999938964844,222.15679931640625,437.40631103515625,232.5543975830078,1
339,Yale,98,0,0,103.91999816894533,93.5168228149414,362.593505859375,103.91442108154295,1
340,York,692,1,0,103.91999816894533,318.15679931640625,401.07855224609375,328.5544128417969,3
341,York:,691,1,0,103.91999816894533,318.15679931640625,401.07855224609375,328.5544128417969,3
342,Your,59,0,0,36.0,334.416015625,499.23931884765625,345.8280029296875,0
343,\x00\x00\x00\x00\x00\x00\x00\x00\x00\x00\x00\x00132.174.253.69,83,0,0,189.08999633789065,831.8159790039062,411.0899963378906,842.4879760742188,0
344,\x00\x00\x00\x00\x00\x00\x00\x00\x00\x00\x00\x00132.174.253.69,339,0,0,134.47000122070312,709.8159790039062,356.4700012207031,720.4879760742188,1
345,\x00\x00\x00\x00\x00\x00\x00\x00\x00\x00\x00\x00132.174.253.69,607,0,0,134.47000122070312,709.8159790039062,356.4700012207031,720.4879760742188,2
346,\x00\x00\x00\x00\x00\x00\x00\x00\x00\x00\x00\x00132.174.253.69,832,0,0,134.47000122070312,709.8159790039062,356.4700012207031,720.4879760742188,3
347,a,27,0,0,36.0,298.416015625,557.0823364257812,309.8280029296875,0
348,a,37,0,0,36.0,298.416015625,557.0823364257812,309.8280029296875,0
349,a,41,0,0,36.0,307.416015625,555.1561889648438,318.8280029296875,0
350,a,126,0,0,85.68000030517578,160.95681762695312,452.0751037597656,171.3544158935547,1
351,a,147,0,0,85.19999694824219,197.15550231933597,452.5091552734375,208.54214477539065,1
352,a,266,0,0,85.19999694824219,415.740966796875,452.9247741699219,426.8866882324219,1
353,a,287,0,0,95.04000091552734,478.2798461914063,446.8286743164063,488.3097229003906,1
354,a,309,0,0,84.95999908447266,514.435546875,440.4231567382813,525.8221435546875,1
355,a,328,0,0,85.19999694824219,550.9585571289062,452.1310424804688,561.9774780273438,1
356,a,439,0,0,86.87999725341797,250.8028717041016,399.2223510742188,260.46502685546875,2
357,a,449,0,0,86.87999725341797,264.39678955078125,458.5972595214844,274.7944030761719,2
358,a,460,0,0,86.63999938964844,288.11553955078125,399.214111328125,299.5021667480469,2
359,a,503,0,0,86.63999938964844,374.3168029785156,421.8748779296875,384.7144165039063,2
360,a,521,0,0,86.16000366210938,410.3168029785156,420.3885498046875,420.7144165039063,2
361,a,544,0,0,86.4000015258789,445.21966552734375,419.4800720214844,457.35443115234375,2
362,a,644,0,0,86.87999725341797,116.9822235107422,491.9558410644531,127.13890838623048,3
363,a,701,0,0,86.16000366210938,349.2281494140625,453.3382263183594,359.1692810058594,3
364,a,721,0,0,86.16000366210938,385.062255859375,450.3326721191406,395.2189331054688,3
365,a,766,0,0,85.91999816894531,469.202880859375,398.76458740234375,478.8650512695313,3
366,a,773,0,0,85.68000030517578,482.55853271484375,442.7679138183594,493.5774536132813,3
367,a,808,0,0,85.91999816894531,544.476806640625,432.4217529296875,554.8743896484375,3
368,a,814,0,0,85.68000030517578,556.716796875,440.1392517089844,567.1143798828125,3
369,able,576,0,0,85.91999816894531,520.4222412109375,419.2256164550781,530.5789184570312,2
370,about,55,0,0,36.0,316.416015625,512.190185546875,327.8280029296875,0
371,acceptance,62,0,0,36.0,334.416015625,499.23931884765625,345.8280029296875,0
372,acceptance,417,1,0,86.87999725341797,215.19680786132807,489.3243103027344,225.5944061279297,2
373,acceptance,458,0,0,86.63999938964844,288.11553955078125,399.214111328125,299.5021667480469,2
374,acceptance,467,0,0,86.63999938964844,313.5968017578125,415.87158203125,323.9944152832031,2
375,accepted.,560,0,0,85.91999816894531,483.27679443359375,413.6550903320313,493.6744079589844,2
376,accepting,231,0,0,85.44000244140625,355.2609558105469,447.76123046875,366.40667724609375,1
377,accepting,443,1,0,86.87999725341797,264.39678955078125,458.5972595214844,274.7944030761719,2
378,access,81,0,0,248.27999877929688,823.8159790039062,348.7120056152344,834.4879760742188,0
379,accommodation,605,0,0,193.66000366210935,701.8159790039062,294.0920104980469,712.4879760742188,2
380,account,288,1,0,95.04000091552734,478.2798461914063,446.8286743164063,488.3097229003906,1
381,account,448,0,0,86.87999725341797,264.39678955078125,458.5972595214844,274.7944030761719,2
382,accounts,113,0,0,85.91999816894531,136.66221618652344,445.2618408203125,146.8188934326172,1
383,act,129,1,0,85.68000030517578,160.95681762695312,452.0751037597656,171.3544158935547,1
384,"action,",243,1,0,85.44000244140625,380.0767822265625,450.6990356445313,390.4743957519531,1
385,addition,718,1,0,86.16000366210938,385.062255859375,450.3326721191406,395.2189331054688,3
386,advis,435,1,0,86.87999725341797,250.8028717041016,399.2223510742188,260.46502685546875,2
387,affect,650,1,0,86.63999938964844,129.3881378173828,488.5618896484375,139.32925415039062,3
388,after,118,0,0,85.91999816894531,147.9554901123047,453.3544006347656,159.34213256835938,1
389,after,169,0,0,85.68000030517578,233.96734619140625,453.3867492675781,244.92286682128903,1
390,after,497,1,0,86.63999938964844,374.3168029785156,421.8748779296875,384.7144165039063,2
391,against,128,1,0,85.68000030517578,160.95681762695312,452.0751037597656,171.3544158935547,1
392,against,251,0,0,85.44000244140625,404.3168029785156,448.3598937988281,414.7144165039063,1
393,agreement,482,0,0,86.4000015258789,338.0222473144531,296.3370666503906,348.1789245605469,2
394,"agreement,",431,0,0,86.63999938964844,239.34097290039065,485.8367919921875,250.4866943359375,2
395,aid,255,1,0,85.44000244140625,404.3168029785156,448.3598937988281,414.7144165039063,1
396,aid,419,0,0,86.63999938964844,227.67678833007807,487.294677734375,238.0743865966797,2
397,aimed,724,0,0,86.16000366210938,385.062255859375,450.3326721191406,395.2189331054688,3
398,all,388,0,0,87.12000274658203,153.66094970703125,489.4751586914063,164.80667114257812,2
399,"allegiances,",274,1,0,85.44000244140625,441.0368041992188,438.2112121582031,451.4344177246094,1
400,"alliances,",230,1,0,85.44000244140625,355.2609558105469,447.76123046875,366.40667724609375,1
401,also,177,0,0,85.44000244140625,246.8222503662109,451.0955200195313,256.9789428710937,1
402,also,386,1,0,87.12000274658203,153.66094970703125,489.4751586914063,164.80667114257812,2
403,alternately,239,0,0,85.44000244140625,380.0767822265625,450.6990356445313,390.4743957519531,1
404,ambition,277,1,0,85.44000244140625,453.27679443359375,452.0451965332031,463.6744079589844,1
405,an,131,0,0,85.68000030517578,160.95681762695312,452.0751037597656,171.3544158935547,1
406,an,430,0,0,86.63999938964844,239.34097290039065,485.8367919921875,250.4866943359375,2
407,an,627,0,0,96.72000122070312,92.31681060791016,486.0960693359375,102.71440887451172,3
408,an,648,0,0,86.87999725341797,116.9822235107422,491.9558410644531,127.13890838623048,3
409,and,31,0,0,36.0,298.416015625,557.0823364257812,309.8280029296875,0
410,and,34,0,0,36.0,298.416015625,557.0823364257812,309.8280029296875,0
411,and,46,0,0,36.0,307.416015625,555.1561889648438,318.8280029296875,0
412,and,50,0,0,36.0,307.416015625,555.1561889648438,318.8280029296875,0
413,and,69,0,0,93.16999816894533,736.656005859375,518.84423828125,748.0679931640625,0
414,and,78,0,0,93.16999816894533,736.656005859375,518.84423828125,748.0679931640625,0
415,and,119,0,0,85.91999816894531,147.9554901123047,453.3544006347656,159.34213256835938,1
416,and,150,0,0,85.19999694824219,197.15550231933597,452.5091552734375,208.54214477539065,1
417,and,159,0,0,86.63999938964844,222.15679931640625,437.40631103515625,232.5543975830078,1
418,and,163,0,0,86.63999938964844,222.15679931640625,437.40631103515625,232.5543975830078,1
419,and,166,0,0,86.63999938964844,222.15679931640625,437.40631103515625,232.5543975830078,1
420,and,174,0,0,85.68000030517578,233.96734619140625,453.3867492675781,244.92286682128903,1
421,and,184,0,0,85.68000030517578,259.1167907714844,436.7135925292969,269.514404296875,1
422,and,197,0,0,85.68000030517578,295.0209655761719,449.7000427246094,306.16668701171875,1
423,and,203,0,0,85.44000244140625,308.0222473144531,447.3931884765625,318.1789245605469,1
424,and,209,0,0,85.44000244140625,319.83856201171875,450.5599365234375,330.85748291015625,1
425,and,213,0,0,85.44000244140625,319.83856201171875,450.5599365234375,330.85748291015625,1
426,and,218,0,0,85.44000244140625,331.2609558105469,440.3209533691406,342.4066772460937,1
427,and,229,0,0,85.44000244140625,355.2609558105469,447.76123046875,366.40667724609375,1
428,and,234,0,0,85.44000244140625,367.3155212402344,444.79248046875,378.7021484375,1
429,and,242,0,0,85.44000244140625,380.0767822265625,450.6990356445313,390.4743957519531,1
430,and,245,0,0,85.44000244140625,380.0767822265625,450.6990356445313,390.4743957519531,1
431,and,257,0,0,85.44000244140625,404.3168029785156,448.3598937988281,414.7144165039063,1
432,and,271,0,0,85.44000244140625,428.5567932128906,449.6488342285156,438.9544067382813,1
433,and,282,0,0,85.44000244140625,453.27679443359375,452.0451965332031,463.6744079589844,1
434,and,298,0,0,84.95999908447266,490.6622314453125,450.0559997558594,500.8189086914063,1
435,and,306,0,0,84.95999908447266,514.435546875,440.4231567382813,525.8221435546875,1
436,and,313,0,0,85.19999694824219,527.1968383789062,445.7807922363281,537.5944213867188,1
437,and,317,0,0,85.19999694824219,527.1968383789062,445.7807922363281,537.5944213867188,1
438,and,323,0,0,85.19999694824219,538.9585571289062,452.07025146484375,549.9774780273438,1
439,and,359,0,0,87.12000274658203,92.27549743652344,490.5121154785156,103.66213989257812,2
440,and,363,0,0,87.12000274658203,92.27549743652344,490.5121154785156,103.66213989257812,2
441,and,375,0,0,87.12000274658203,117.2768325805664,486.3996887207031,127.67443084716795,2
442,and,383,0,0,87.12000274658203,142.34815979003906,486.6178894042969,152.28927612304688,2
443,and,404,0,0,86.87999725341797,191.1422576904297,489.1562194824219,201.29893493652344,2
444,and,423,0,0,86.63999938964844,227.67678833007807,487.294677734375,238.0743865966797,2
445,and,434,0,0,86.63999938964844,239.34097290039065,485.8367919921875,250.4866943359375,2
446,and,455,0,0,86.63999938964844,288.11553955078125,399.214111328125,299.5021667480469,2
447,and,465,0,0,86.63999938964844,301.3567810058594,411.51361083984375,311.75439453125,2
448,and,479,0,0,86.63999938964844,325.7822570800781,416.5007019042969,335.9389343261719,2
449,and,491,0,0,86.4000015258789,362.7967834472656,418.59814453125,373.19439697265625,2
450,and,501,0,0,86.63999938964844,374.3168029785156,421.8748779296875,384.7144165039063,2
451,and,513,0,0,86.4000015258789,398.5022583007813,415.8931274414063,408.658935546875,2
452,and,530,0,0,86.16000366210938,421.740966796875,422.1950073242188,432.8866882324219,2
453,and,536,0,0,86.4000015258789,434.5567932128906,414.9141540527344,444.9544067382813,2
454,and,541,0,0,86.4000015258789,445.21966552734375,419.4800720214844,457.35443115234375,2
455,and,555,0,0,86.16000366210938,470.7967834472656,420.178466796875,481.19439697265625,2
456,and,564,0,0,86.16000366210938,495.79986572265625,274.837158203125,505.8297424316406,2
457,and,583,0,0,86.16000366210938,531.9555053710938,420.4214477539063,543.3421020507812,2
458,and,604,0,0,85.91999816894531,569.1968383789062,419.9647216796875,579.5944213867188,2
459,and,635,0,0,86.63999938964844,104.5022430419922,489.4282531738281,114.65892791748048,3
460,and,641,0,0,86.87999725341797,116.9822235107422,491.9558410644531,127.13890838623048,3
461,and,665,0,0,86.63999938964844,152.94097900390625,487.0475769042969,164.08670043945312,3
462,and,687,0,0,104.87999725341795,304.716796875,420.015869140625,315.1144104003906,3
463,and,705,0,0,86.16000366210938,349.2281494140625,453.3382263183594,359.1692810058594,3
464,and,731,0,0,86.16000366210938,396.4668884277344,453.7382507324219,407.3970336914063,3
465,and,741,0,0,86.16000366210938,421.3567810058594,444.3731689453125,431.75439453125,3
466,and,751,0,0,96.0,446.2622375488281,450.8186950683594,456.4189147949219,3
467,and,759,0,0,85.68000030517578,457.8873596191406,451.5862121582031,468.8428955078125,3
468,and,763,0,0,85.91999816894531,469.202880859375,398.76458740234375,478.8650512695313,3
469,and,777,0,0,85.91999816894531,494.32611083984375,440.1701049804688,506.2706604003906,3
470,and,782,0,0,85.91999816894531,494.32611083984375,440.1701049804688,506.2706604003906,3
471,and,796,0,0,85.68000030517578,531.7568359375,434.3191528320313,542.1544189453125,3
472,and,804,0,0,85.91999816894531,544.476806640625,432.4217529296875,554.8743896484375,3
473,and,818,0,0,85.68000030517578,556.716796875,440.1392517089844,567.1143798828125,3
474,and,823,0,0,85.44000244140625,568.9568481445312,435.9019470214844,579.3544311523438,3
475,and,828,0,0,85.44000244140625,568.9568481445312,435.9019470214844,579.3544311523438,3
476,anyone,699,0,0,86.16000366210938,349.2281494140625,453.3382263183594,359.1692810058594,3
477,appear,116,0,0,85.91999816894531,136.66221618652344,445.2618408203125,146.8188934326172,1
478,approving,462,1,0,86.63999938964844,301.3567810058594,411.51361083984375,311.75439453125,2
479,archive,60,1,0,36.0,334.416015625,499.23931884765625,345.8280029296875,0
480,archive.,43,0,0,36.0,307.416015625,555.1561889648438,318.8280029296875,0
481,are,73,0,0,93.16999816894533,736.656005859375,518.84423828125,748.0679931640625,0
482,are,592,0,0,85.91999816894531,545.1968383789062,417.5668640136719,555.5944213867188,2
483,are,661,0,0,86.63999938964844,152.94097900390625,487.0475769042969,164.08670043945312,3
484,area,757,1,0,85.68000030517578,457.8873596191406,451.5862121582031,468.8428955078125,3
485,"areas,",314,1,0,85.19999694824219,527.1968383789062,445.7807922363281,537.5944213867188,1
486,argues,192,1,0,95.76000213623048,283.5968017578125,450.2210388183594,293.9944152832031,1
487,"argues,",487,1,0,96.4800033569336,350.3168029785156,411.8062133789063,360.7144165039063,2
488,argument,621,0,0,86.63999938964844,80.26225280761719,327.9603881835937,90.41893768310548,3
489,arguments,178,1,0,85.44000244140625,246.8222503662109,451.0955200195313,256.9789428710937,1
490,arose,481,0,0,86.4000015258789,338.0222473144531,296.3370666503906,348.1789245605469,2
491,as,125,0,0,85.68000030517578,160.95681762695312,452.0751037597656,171.3544158935547,1
492,as,188,1,0,85.68000030517578,271.542236328125,428.9251708984375,281.69891357421875,1
493,as,190,0,0,95.76000213623048,283.5968017578125,450.2210388183594,293.9944152832031,1
494,as,202,0,0,85.44000244140625,308.0222473144531,447.3931884765625,318.1789245605469,1
495,as,264,1,0,85.19999694824219,415.740966796875,452.9247741699219,426.8866882324219,1
496,as,509,1,0,86.16000366210938,386.3168029785156,410.7798767089844,396.7144165039063,2
497,as,519,1,0,86.16000366210938,410.3168029785156,420.3885498046875,420.7144165039063,2
498,as,524,1,0,86.16000366210938,421.740966796875,422.1950073242188,432.8866882324219,2
499,as,543,0,0,86.4000015258789,445.21966552734375,419.4800720214844,457.35443115234375,2
500,as,812,1,0,85.68000030517578,556.716796875,440.1392517089844,567.1143798828125,3
501,"assistance,",252,0,0,85.44000244140625,404.3168029785156,448.3598937988281,414.7144165039063,1
502,at,66,0,0,36.0,334.416015625,499.23931884765625,345.8280029296875,0
503,at,475,0,0,86.63999938964844,325.7822570800781,416.5007019042969,335.9389343261719,2
504,at,725,0,0,86.16000366210938,385.062255859375,450.3326721191406,395.2189331054688,3
505,audiences.,191,0,0,95.76000213623048,283.5968017578125,450.2210388183594,293.9944152832031,1
506,author,487,0,0,96.4800033569336,350.3168029785156,411.8062133789063,360.7144165039063,2
507,author,654,1,0,86.63999938964844,140.70098876953125,490.5480346679688,151.84671020507812,3
508,available,64,1,0,36.0,334.416015625,499.23931884765625,345.8280029296875,0
509,available,662,0,0,86.63999938964844,152.94097900390625,487.0475769042969,164.08670043945312,3
510,avoid,428,0,0,86.63999938964844,239.34097290039065,485.8367919921875,250.4866943359375,2
511,away,708,1,0,86.16000366210938,361.062255859375,445.07275390625,371.2189331054688,3
512,battling,384,0,0,87.12000274658203,142.34815979003906,486.6178894042969,152.28927612304688,2
513,became,498,1,0,86.63999938964844,374.3168029785156,421.8748779296875,384.7144165039063,2
514,began,115,1,0,85.91999816894531,136.66221618652344,445.2618408203125,146.8188934326172,1
515,behalf,19,0,0,36.0,225.21798706054688,562.5918579101562,240.4339904785156,0
516,believe,437,0,0,86.87999725341797,250.8028717041016,399.2223510742188,260.46502685546875,2
517,besieged,399,0,0,86.87999725341797,178.71676635742188,488.2984619140625,189.11436462402344,2
518,best,259,1,0,85.19999694824219,415.740966796875,452.9247741699219,426.8866882324219,1
519,between,227,0,0,85.44000244140625,355.2609558105469,447.76123046875,366.40667724609375,1
520,beyond,355,0,0,87.36000061035156,81.03678131103516,490.5900268554688,91.43437957763672,2
521,bitter,480,0,0,86.4000015258789,338.0222473144531,296.3370666503906,348.1789245605469,2
522,blame,649,0,0,86.63999938964844,129.3881378173828,488.5618896484375,139.32925415039062,3
523,bodies,744,1,0,85.91999816894531,434.0222473144531,406.4374694824219,444.1789245605469,3
524,book,186,0,0,85.68000030517578,271.542236328125,428.9251708984375,281.69891357421875,1
525,book,716,0,0,85.91999816894531,373.062255859375,449.54248046875,383.2189331054688,3
526,"book,",622,0,0,86.63999938964844,80.26225280761719,327.9603881835937,90.41893768310548,3
527,both,269,0,0,85.44000244140625,428.5567932128906,449.6488342285156,438.9544067382813,1
528,both,527,0,0,86.16000366210938,421.740966796875,422.1950073242188,432.8866882324219,2
529,brief,288,0,0,95.04000091552734,478.2798461914063,446.8286743164063,488.3097229003906,1
530,brings,171,1,0,85.68000030517578,233.96734619140625,453.3867492675781,244.92286682128903,1
531,broad,811,0,0,85.68000030517578,556.716796875,440.1392517089844,567.1143798828125,3
532,"broad,",722,0,0,86.16000366210938,385.062255859375,450.3326721191406,395.2189331054688,3
533,"brothers,",385,1,0,87.12000274658203,142.34815979003906,486.6178894042969,152.28927612304688,2
534,brought,290,0,0,95.04000091552734,478.2798461914063,446.8286743164063,488.3097229003906,1
535,build,35,0,0,36.0,298.416015625,557.0823364257812,309.8280029296875,0
536,bustled,320,1,0,85.19999694824219,538.9585571289062,452.07025146484375,549.9774780273438,1
537,by:,6,0,0,36.0,185.21798706054688,259.2300109863281,200.4339904785156,0
538,by:,17,1,0,36.0,225.21798706054688,562.5918579101562,240.4339904785156,0
539,calculation,454,0,0,86.63999938964844,288.11553955078125,399.214111328125,299.5021667480469,2
540,came,436,0,0,86.87999725341797,250.8028717041016,399.2223510742188,260.46502685546875,2
541,"captivity,",405,0,0,86.87999725341797,191.1422576904297,489.1562194824219,201.29893493652344,2
542,careful,456,0,0,86.63999938964844,288.11553955078125,399.214111328125,299.5021667480469,2
543,centuries—each,764,1,0,85.91999816894531,469.202880859375,398.76458740234375,478.8650512695313,3
544,"century,",224,1,0,85.44000244140625,343.0755310058594,444.4788208007813,354.462158203125,1
545,ceremonies,305,0,0,84.95999908447266,514.435546875,440.4231567382813,525.8221435546875,1
546,certain,424,0,0,86.63999938964844,227.67678833007807,487.294677734375,238.0743865966797,2
547,change,504,1,0,86.63999938964844,374.3168029785156,421.8748779296875,384.7144165039063,2
548,changing,276,0,0,85.44000244140625,453.27679443359375,452.0451965332031,463.6744079589844,1
549,chose,601,1,0,85.91999816894531,569.1968383789062,419.9647216796875,579.5944213867188,2
550,churc,413,0,0,86.87999725341797,215.19680786132807,489.3243103027344,225.5944061279297,2
551,churc,418,0,0,86.63999938964844,227.67678833007807,487.294677734375,238.0743865966797,2
552,church,263,0,0,85.19999694824219,415.740966796875,452.9247741699219,426.8866882324219,1
553,church,411,0,0,96.95999908447266,203.19680786132807,486.8984375,213.5944061279297,2
554,church,703,0,0,86.16000366210938,349.2281494140625,453.3382263183594,359.1692810058594,3
555,church,733,0,0,85.91999816894531,409.1167907714844,448.6585693359375,419.514404296875,3
556,church,743,1,0,85.91999816894531,434.0222473144531,406.4374694824219,444.1789245605469,3
557,church,749,0,0,96.0,446.2622375488281,450.8186950683594,456.4189147949219,3
558,church,821,1,0,85.44000244140625,568.9568481445312,435.9019470214844,579.3544311523438,3
559,church-state,738,0,0,86.16000366210938,421.3567810058594,444.3731689453125,431.75439453125,3
560,cities,399,1,0,86.87999725341797,178.71676635742188,488.2984619140625,189.11436462402344,2
561,citizens.,333,1,0,85.19999694824219,563.3409423828125,449.291748046875,574.4866333007812,1
562,city,115,0,0,85.91999816894531,136.66221618652344,445.2618408203125,146.8188934326172,1
563,city,310,1,0,84.95999908447266,514.435546875,440.4231567382813,525.8221435546875,1
564,city,562,0,0,86.16000366210938,495.79986572265625,274.837158203125,505.8297424316406,2
565,closely,195,1,0,85.68000030517578,295.0209655761719,449.7000427246094,306.16668701171875,1
566,cloth.,102,1,0,85.91999816894531,111.18096923828124,449.0496520996094,122.32669067382812,1
567,cloth.,697,0,0,86.16000366210938,349.2281494140625,453.3382263183594,359.1692810058594,3
568,collaborating,74,0,0,93.16999816894533,736.656005859375,518.84423828125,748.0679931640625,0
569,collection,809,0,0,85.91999816894531,544.476806640625,432.4217529296875,554.8743896484375,3
570,colonial,793,0,0,85.68000030517578,531.7568359375,434.3191528320313,542.1544189453125,3
571,come,708,0,0,86.16000366210938,361.062255859375,445.07275390625,371.2189331054688,3
572,compelling,151,0,0,85.68000030517578,209.74688720703125,452.7663879394531,220.6770477294922,1
573,compelling.,624,0,0,96.72000122070312,92.31681060791016,486.0960693359375,102.71440887451172,3
574,compromised,461,0,0,86.63999938964844,301.3567810058594,411.51361083984375,311.75439453125,2
575,concise,723,0,0,86.16000366210938,385.062255859375,450.3326721191406,395.2189331054688,3
576,condition,267,0,0,85.44000244140625,428.5567932128906,449.6488342285156,438.9544067382813,1
577,conque,392,0,0,86.87999725341797,166.75982666015625,488.6076965332031,176.78970336914062,2
578,conquest,539,0,0,86.4000015258789,445.21966552734375,419.4800720214844,457.35443115234375,2
579,conquest,745,0,0,85.91999816894531,434.0222473144531,406.4374694824219,444.1789245605469,3
580,consequences,371,1,0,87.12000274658203,117.2768325805664,486.3996887207031,127.67443084716795,2
581,consequences,542,1,0,86.4000015258789,445.21966552734375,419.4800720214844,457.35443115234375,2
582,conserve,279,0,0,85.44000244140625,453.27679443359375,452.0451965332031,463.6744079589844,1
583,considered,109,0,0,85.91999816894531,123.47550964355467,448.9319458007813,134.86215209960938,1
584,contact,56,1,0,36.0,316.416015625,512.190185546875,327.8280029296875,0
585,contained,335,1,0,85.19999694824219,563.3409423828125,449.291748046875,574.4866333007812,1
586,contemporary,182,0,0,85.68000030517578,259.1167907714844,436.7135925292969,269.514404296875,1
587,content,39,0,0,36.0,307.416015625,555.1561889648438,318.8280029296875,0
588,content,82,0,0,248.27999877929688,823.8159790039062,348.7120056152344,834.4879760742188,0
589,content,338,0,0,193.66000366210935,701.8159790039062,294.0920104980469,712.4879760742188,1
590,content,606,0,0,193.66000366210935,701.8159790039062,294.0920104980469,712.4879760742188,2
591,content,831,0,0,193.66000366210935,701.8159790039062,294.0920104980469,712.4879760742188,3
592,continents,761,0,0,85.91999816894531,469.202880859375,398.76458740234375,478.8650512695313,3
593,continue,120,1,0,85.91999816894531,147.9554901123047,453.3544006347656,159.34213256835938,1
594,continued,354,0,0,87.36000061035156,81.03678131103516,490.5900268554688,91.43437957763672,2
595,control,294,0,0,84.95999908447266,490.6622314453125,450.0559997558594,500.8189086914063,1
596,"controlled,",326,0,0,85.19999694824219,550.9585571289062,452.1310424804688,561.9774780273438,1
597,controversies,480,1,0,86.4000015258789,338.0222473144531,296.3370666503906,348.1789245605469,2
598,controversy.,667,1,0,86.87999725341797,165.94224548339844,488.19927978515625,176.0989227294922,3
599,corrective,645,0,0,86.87999725341797,116.9822235107422,491.9558410644531,127.13890838623048,3
600,cost,469,1,0,86.63999938964844,313.5968017578125,415.87158203125,323.9944152832031,2
601,counseled,427,0,0,86.63999938964844,239.34097290039065,485.8367919921875,250.4866943359375,2
602,"courses,",633,0,0,86.63999938964844,104.5022430419922,489.4282531738281,114.65892791748048,3
603,coverage,792,1,0,85.68000030517578,519.4209594726562,438.1982421875,530.566650390625,3
604,covered—two,760,1,0,85.91999816894531,469.202880859375,398.76458740234375,478.8650512695313,3
605,cre,387,0,0,87.12000274658203,153.66094970703125,489.4751586914063,164.80667114257812,2
606,critical;,400,0,0,86.87999725341797,178.71676635742188,488.2984619140625,189.11436462402344,2
607,crumbling,311,0,0,85.19999694824219,527.1968383789062,445.7807922363281,537.5944213867188,1
608,dabbling,246,0,0,85.44000244140625,380.0767822265625,450.6990356445313,390.4743957519531,1
609,dangerously,246,1,0,85.44000244140625,380.0767822265625,450.6990356445313,390.4743957519531,1
610,de,7,0,0,36.0,185.21798706054688,259.2300109863281,200.4339904785156,0
611,de,673,1,0,288.239990234375,197.82098388671875,436.2870178222656,208.9667053222656,3
612,death,519,0,0,86.16000366210938,410.3168029785156,420.3885498046875,420.7144165039063,2
613,declaration,509,0,0,86.16000366210938,386.3168029785156,410.7798767089844,396.7144165039063,2
614,defeat,472,0,0,86.63999938964844,325.7822570800781,416.5007019042969,335.9389343261719,2
615,defend,518,0,0,86.16000366210938,410.3168029785156,420.3885498046875,420.7144165039063,2
616,defense,127,1,0,85.68000030517578,160.95681762695312,452.0751037597656,171.3544158935547,1
617,delay,260,0,0,85.19999694824219,415.740966796875,452.9247741699219,426.8866882324219,1
618,demands,250,0,0,85.44000244140625,391.740966796875,451.5478515625,402.8866882324219,1
619,demands,262,0,0,85.19999694824219,415.740966796875,452.9247741699219,426.8866882324219,1
620,demonstrates,270,0,0,85.44000244140625,428.5567932128906,449.6488342285156,438.9544067382813,1
621,depended,356,1,0,87.36000061035156,81.03678131103516,490.5900268554688,91.43437957763672,2
622,describes,370,0,0,87.12000274658203,117.2768325805664,486.3996887207031,127.67443084716795,2
623,description,452,0,0,86.63999938964844,276.4473571777344,461.9787902832031,287.40289306640625,2
624,deserted,314,0,0,85.19999694824219,527.1968383789062,445.7807922363281,537.5944213867188,1
625,destabilize,441,0,0,86.87999725341797,250.8028717041016,399.2223510742188,260.46502685546875,2
626,destruction,406,1,0,86.87999725341797,191.1422576904297,489.1562194824219,201.29893493652344,2
627,detail,736,1,0,85.91999816894531,409.1167907714844,448.6585693359375,419.514404296875,3
628,determination,517,1,0,86.16000366210938,410.3168029785156,420.3885498046875,420.7144165039063,2
629,determining,365,0,0,87.12000274658203,104.70098876953124,486.5507507324219,115.84671020507812,2
630,detract,670,1,0,86.87999725341797,165.94224548339844,488.19927978515625,176.0989227294922,3
631,different,767,0,0,85.91999816894531,469.202880859375,398.76458740234375,478.8650512695313,3
632,difficult,466,1,0,86.63999938964844,313.5968017578125,415.87158203125,323.9944152832031,2
633,digital,42,1,0,36.0,307.416015625,555.1561889648438,318.8280029296875,0
634,"digitize,",76,0,0,93.16999816894533,736.656005859375,518.84423828125,748.0679931640625,0
635,dilemma,295,0,0,84.95999908447266,490.6622314453125,450.0559997558594,500.8189086914063,1
636,diminished,300,1,0,85.19999694824219,502.195556640625,451.3694152832031,513.5821533203125,1
637,diplomacy,240,0,0,85.44000244140625,380.0767822265625,450.6990356445313,390.4743957519531,1
638,diplomacy,456,1,0,86.63999938964844,288.11553955078125,399.214111328125,299.5021667480469,2
639,diplomatic,389,0,0,87.12000274658203,153.66094970703125,489.4751586914063,164.80667114257812,2
640,disaster.,545,0,0,86.4000015258789,445.21966552734375,419.4800720214844,457.35443115234375,2
641,disastrous,371,0,0,87.12000274658203,117.2768325805664,486.3996887207031,127.67443084716795,2
642,"discover,",32,1,0,36.0,298.416015625,557.0823364257812,309.8280029296875,0
643,discussion,410,0,0,96.95999908447266,203.19680786132807,486.8984375,213.5944061279297,2
644,divided,273,1,0,85.44000244140625,441.0368041992188,438.2112121582031,451.4344177246094,1
645,doi:,92,0,0,103.91999816894533,66.43058013916016,226.3267974853516,74.91350555419922,1
646,doi:,679,0,0,104.4000015258789,277.63055419921875,226.80679321289065,286.1134948730469,3
647,downloaded,82,1,0,248.27999877929688,823.8159790039062,348.7120056152344,834.4879760742188,0
648,downloaded,338,1,0,193.66000366210935,701.8159790039062,294.0920104980469,712.4879760742188,1
649,downloaded,606,1,0,193.66000366210935,701.8159790039062,294.0920104980469,712.4879760742188,2
650,downloaded,831,1,0,193.66000366210935,701.8159790039062,294.0920104980469,712.4879760742188,3
651,dramatic,504,0,0,86.63999938964844,374.3168029785156,421.8748779296875,384.7144165039063,2
652,dynastic,135,0,0,85.68000030517578,173.19680786132812,448.9532165527344,183.5944061279297,1
653,ecclesiastical,739,0,0,86.16000366210938,421.3567810058594,444.3731689453125,431.75439453125,3
654,ecclesiastical,775,0,0,85.91999816894531,494.32611083984375,440.1701049804688,506.2706604003906,3
655,economic,732,0,0,85.91999816894531,409.1167907714844,448.6585693359375,419.514404296875,3
656,emperors,269,1,0,85.44000244140625,428.5567932128906,449.6488342285156,438.9544067382813,1
657,emphasizing,452,1,0,86.63999938964844,276.4473571777344,461.9787902832031,287.40289306640625,2
658,empire,335,0,0,85.19999694824219,563.3409423828125,449.291748046875,574.4866333007812,1
659,empire.,301,1,0,85.19999694824219,502.195556640625,451.3694152832031,513.5821533203125,1
660,empty,709,1,0,86.16000366210938,361.062255859375,445.07275390625,371.2189331054688,3
661,enclaves,320,0,0,85.19999694824219,538.9585571289062,452.07025146484375,549.9774780273438,1
662,end,570,1,0,96.72000122070312,508.5628662109375,418.2617492675781,518.2250366210938,2
663,end,584,0,0,86.16000366210938,531.9555053710938,420.4214477539063,543.3421020507812,2
664,endless,134,1,0,85.68000030517578,173.19680786132812,448.9532165527344,183.5944061279297,1
665,engaging,237,1,0,85.44000244140625,380.0767822265625,450.6990356445313,390.4743957519531,1
666,engendered,377,1,0,87.12000274658203,129.278564453125,487.7887573242188,140.2974853515625,2
667,enormous,471,0,0,86.63999938964844,313.5968017578125,415.87158203125,323.9944152832031,2
668,epochal,110,0,0,85.91999816894531,123.47550964355467,448.9319458007813,134.86215209960938,1
669,"escape,",577,0,0,85.91999816894531,520.4222412109375,419.2256164550781,530.5789184570312,2
670,especially,412,0,0,96.95999908447266,203.19680786132807,486.8984375,213.5944061279297,2
671,especially,658,1,0,86.63999938964844,152.94097900390625,487.0475769042969,164.08670043945312,3
672,essays,810,0,0,85.68000030517578,556.716796875,440.1392517089844,567.1143798828125,3
673,even,354,1,0,87.36000061035156,81.03678131103516,490.5900268554688,91.43437957763672,2
674,events,110,1,0,85.91999816894531,123.47550964355467,448.9319458007813,134.86215209960938,1
675,"events,",117,0,0,85.91999816894531,147.9554901123047,453.3544006347656,159.34213256835938,1
676,everyday,199,0,0,85.68000030517578,295.0209655761719,449.7000427246094,306.16668701171875,1
677,evident,405,1,0,86.87999725341797,191.1422576904297,489.1562194824219,201.29893493652344,2
678,expanding,381,0,0,87.12000274658203,142.34815979003906,486.6178894042969,152.28927612304688,2
679,expansion,289,0,0,95.04000091552734,478.2798461914063,446.8286743164063,488.3097229003906,1
680,experienced,589,1,0,85.91999816894531,545.1968383789062,417.5668640136719,555.5944213867188,2
681,extend,79,0,0,91.26000213623048,745.656005859375,203.2941436767578,757.0679931640625,0
682,facilitate,51,0,0,36.0,316.416015625,512.190185546875,327.8280029296875,0
683,failure.,181,1,0,85.68000030517578,259.1167907714844,436.7135925292969,269.514404296875,1
684,fall,104,0,0,85.91999816894531,111.18096923828124,449.0496520996094,122.32669067382812,1
685,fall,571,0,0,96.72000122070312,508.5628662109375,418.2617492675781,518.2250366210938,2
686,families,275,0,0,85.44000244140625,441.0368041992188,438.2112121582031,451.4344177246094,1
687,families.,284,0,0,85.44000244140625,464.4028625488281,125.89616394042967,474.0650329589844,1
688,family,211,0,0,85.44000244140625,319.83856201171875,450.5599365234375,330.85748291015625,1
689,family,351,1,0,87.12000274658203,68.79679107666016,487.7528076171875,79.19438934326172,2
690,fate,557,0,0,86.16000366210938,470.7967834472656,420.178466796875,481.19439697265625,2
691,fate,574,0,0,85.91999816894531,520.4222412109375,419.2256164550781,530.5789184570312,2
692,fates,167,0,0,85.68000030517578,233.96734619140625,453.3867492675781,244.92286682128903,1
693,filioque,463,1,0,86.63999938964844,301.3567810058594,411.51361083984375,311.75439453125,2
694,fill,136,0,0,85.68000030517578,173.19680786132812,448.9532165527344,183.5944061279297,1
695,fills,625,1,0,96.72000122070312,92.31681060791016,486.0960693359375,102.71440887451172,3
696,final,114,0,0,85.91999816894531,136.66221618652344,445.2618408203125,146.8188934326172,1
697,final,485,0,0,96.4800033569336,350.3168029785156,411.8062133789063,360.7144165039063,2
698,final,587,0,0,85.91999816894531,545.1968383789062,417.5668640136719,555.5944213867188,2
699,finance,325,0,0,85.19999694824219,550.9585571289062,452.1310424804688,561.9774780273438,1
700,financial,742,0,0,85.91999816894531,434.0222473144531,406.4374694824219,444.1789245605469,3
701,first,768,1,0,85.91999816894531,469.202880859375,398.76458740234375,478.8650512695313,3
702,five,711,1,0,85.91999816894531,373.062255859375,449.54248046875,383.2189331054688,3
703,five,764,0,0,85.91999816894531,469.202880859375,398.76458740234375,478.8650512695313,3
704,fo,630,1,0,96.72000122070312,92.31681060791016,486.0960693359375,102.71440887451172,3
705,focus,123,0,0,85.91999816894531,147.9554901123047,453.3544006347656,159.34213256835938,1
706,focus.,767,1,0,85.91999816894531,469.202880859375,398.76458740234375,478.8650512695313,3
707,focuses,728,0,0,86.16000366210938,396.4668884277344,453.7382507324219,407.3970336914063,3
708,followed,620,0,0,86.63999938964844,80.26225280761719,327.9603881835937,90.41893768310548,3
709,former,220,1,0,85.44000244140625,331.2609558105469,440.3209533691406,342.4066772460937,1
710,forms,52,1,0,36.0,316.416015625,512.190185546875,327.8280029296875,0
711,fortunes,358,0,0,87.12000274658203,92.27549743652344,490.5121154785156,103.66213989257812,2
712,general,145,1,0,85.19999694824219,197.15550231933597,452.5091552734375,208.54214477539065,1
713,general,190,1,0,95.76000213623048,283.5968017578125,450.2210388183594,293.9944152832031,1
714,general,631,0,0,86.63999938964844,104.5022430419922,489.4282531738281,114.65892791748048,3
715,generally,198,0,0,85.68000030517578,295.0209655761719,449.7000427246094,306.16668701171875,1
716,generally,601,0,0,85.91999816894531,569.1968383789062,419.9647216796875,579.5944213867188,2
717,generate,666,0,0,86.87999725341797,165.94224548339844,488.19927978515625,176.0989227294922,3
718,generous,393,1,0,86.87999725341797,166.75982666015625,488.6076965332031,176.78970336914062,2
719,given,756,1,0,85.68000030517578,457.8873596191406,451.5862121582031,468.8428955078125,3
720,half,224,0,0,85.44000244140625,343.0755310058594,444.4788208007813,354.462158203125,1
721,handed.,710,0,0,86.16000366210938,361.062255859375,445.07275390625,371.2189331054688,3
722,happened,561,0,0,85.91999816894531,483.27679443359375,413.6550903320313,493.6744079589844,2
723,harshly,595,1,0,85.68000030517578,557.4368286132812,413.4939270019531,567.8344116210938,2
724,he,386,0,0,87.12000274658203,153.66094970703125,489.4751586914063,164.80667114257812,2
725,he,498,0,0,86.63999938964844,374.3168029785156,421.8748779296875,384.7144165039063,2
726,helpful,652,0,0,86.63999938964844,129.3881378173828,488.5618896484375,139.32925415039062,3
727,helps,29,0,0,36.0,298.416015625,557.0823364257812,309.8280029296875,0
728,heroic,127,0,0,85.68000030517578,160.95681762695312,452.0751037597656,171.3544158935547,1
729,heroic,618,1,0,86.63999938964844,68.02226257324219,486.7525939941406,78.17894744873047,3
730,heroism,646,1,0,86.87999725341797,116.9822235107422,491.9558410644531,127.13890838623048,3
731,"heroism,",525,0,0,86.16000366210938,421.740966796875,422.1950073242188,432.8866882324219,2
732,high:,417,0,0,86.87999725341797,215.19680786132807,489.3243103027344,225.5944061279297,2
733,his,160,0,0,86.63999938964844,222.15679931640625,437.40631103515625,232.5543975830078,1
734,his,427,1,0,86.63999938964844,239.34097290039065,485.8367919921875,250.4866943359375,2
735,his,435,0,0,86.87999725341797,250.8028717041016,399.2223510742188,260.46502685546875,2
736,his,505,0,0,86.16000366210938,386.3168029785156,410.7798767089844,396.7144165039063,2
737,his,508,0,0,86.16000366210938,386.3168029785156,410.7798767089844,396.7144165039063,2
738,his,546,0,0,86.4000015258789,445.21966552734375,419.4800720214844,457.35443115234375,2
739,historians,188,0,0,85.68000030517578,271.542236328125,428.9251708984375,281.69891357421875,1
740,historians.,636,0,0,86.63999938964844,104.5022430419922,489.4282531738281,114.65892791748048,3
741,history,139,0,0,85.91999816894531,185.43679809570312,453.0884399414063,195.8343963623047,1
742,history,630,0,0,96.72000122070312,92.31681060791016,486.0960693359375,102.71440887451172,3
743,history,706,1,0,86.16000366210938,349.2281494140625,453.3382263183594,359.1692810058594,3
744,history,735,0,0,85.91999816894531,409.1167907714844,448.6585693359375,419.514404296875,3
745,history,778,1,0,85.91999816894531,494.32611083984375,440.1701049804688,506.2706604003906,3
746,history,824,1,0,85.44000244140625,568.9568481445312,435.9019470214844,579.3544311523438,3
747,history.,414,0,0,86.87999725341797,215.19680786132807,489.3243103027344,225.5944061279297,2
748,holy,133,0,0,85.68000030517578,173.19680786132812,448.9532165527344,183.5944061279297,1
749,holy,522,0,0,86.16000366210938,410.3168029785156,420.3885498046875,420.7144165039063,2
750,https://about.jstor.org/terms,67,0,0,93.16999816894533,736.656005859375,518.84423828125,748.0679931640625,0
751,https://about.jstor.org/terms,89,0,0,85.91999816894531,45.31981658935547,398.3973693847656,55.34969711303711,1
752,https://about.jstor.org/terms,345,0,0,87.12000274658203,46.32114791870117,221.7823028564453,55.36198806762695,2
753,https://about.jstor.org/terms,613,0,0,312.4800109863281,46.08109664916992,399.3728637695313,55.1219367980957,3
754,https://about.jstor.org/terms,838,0,0,169.5399932861328,717.8159790039062,316.21197509765625,728.4879760742188,3
755,https://www.jstor.org/stable/23253836,25,0,0,36.0,298.416015625,557.0823364257812,309.8280029296875,0
756,implementing,260,1,0,85.19999694824219,415.740966796875,452.9247741699219,426.8866882324219,1
757,important,187,0,0,85.68000030517578,271.542236328125,428.9251708984375,281.69891357421875,1
758,important,628,0,0,96.72000122070312,92.31681060791016,486.0960693359375,102.71440887451172,3
759,impressive,304,1,0,84.95999908447266,514.435546875,440.4231567382813,525.8221435546875,1
760,included,655,0,0,86.63999938964844,140.70098876953125,490.5480346679688,151.84671020507812,3
761,increase,48,0,0,36.0,307.416015625,555.1561889648438,318.8280029296875,0
762,independent,319,0,0,85.19999694824219,538.9585571289062,452.07025146484375,549.9774780273438,1
763,indicates,61,0,0,36.0,334.416015625,499.23931884765625,345.8280029296875,0
764,information,44,1,0,36.0,307.416015625,555.1561889648438,318.8280029296875,0
765,information,54,1,0,36.0,316.416015625,512.190185546875,327.8280029296875,0
766,inhabitants,565,1,0,86.16000366210938,495.79986572265625,274.837158203125,505.8297424316406,2
767,inhabitants,575,0,0,85.91999816894531,520.4222412109375,419.2256164550781,530.5789184570312,2
768,inside,531,1,0,86.4000015258789,434.5567932128906,414.9141540527344,444.9544067382813,2
769,"institutional,",729,0,0,86.16000366210938,396.4668884277344,453.7382507324219,407.3970336914063,3
770,interacted,195,0,0,85.68000030517578,295.0209655761719,449.7000427246094,306.16668701171875,1
771,international,324,0,0,85.19999694824219,550.9585571289062,452.1310424804688,561.9774780273438,1
772,internecine,352,0,0,87.36000061035156,81.03678131103516,490.5900268554688,91.43437957763672,2
773,interpretations,654,0,0,86.63999938964844,140.70098876953125,490.5480346679688,151.84671020507812,3
774,introduces,815,1,0,85.68000030517578,556.716796875,440.1392517089844,567.1143798828125,3
775,invasion,508,1,0,86.16000366210938,386.3168029785156,410.7798767089844,396.7144165039063,2
776,involving,378,0,0,87.12000274658203,129.278564453125,487.7887573242188,140.2974853515625,2
777,issues,819,0,0,85.68000030517578,556.716796875,440.1392517089844,567.1143798828125,3
778,"issues,",172,0,0,85.68000030517578,233.96734619140625,453.3867492675781,244.92286682128903,1
779,it,559,1,0,85.91999816894531,483.27679443359375,413.6550903320313,493.6744079589844,2
780,its,542,0,0,86.4000015258789,445.21966552734375,419.4800720214844,457.35443115234375,2
781,its,565,0,0,86.16000366210938,495.79986572265625,274.837158203125,505.8297424316406,2
782,its,792,0,0,85.68000030517578,519.4209594726562,438.1982421875,530.566650390625,3
783,"itself,",122,1,0,85.91999816894531,147.9554901123047,453.3544006347656,159.34213256835938,1
784,jihad,510,0,0,86.16000366210938,386.3168029785156,410.7798767089844,396.7144165039063,2
785,judge,594,1,0,85.68000030517578,557.4368286132812,413.4939270019531,567.8344116210938,2
786,lacking,597,1,0,85.68000030517578,557.4368286132812,413.4939270019531,567.8344116210938,2
787,lacuna,628,1,0,96.72000122070312,92.31681060791016,486.0960693359375,102.71440887451172,3
788,"landholding,",739,1,0,86.16000366210938,421.3567810058594,444.3731689453125,431.75439453125,3
789,last,129,0,0,85.68000030517578,160.95681762695312,452.0751037597656,171.3544158935547,1
790,last,153,0,0,85.68000030517578,209.74688720703125,452.7663879394531,220.6770477294922,1
791,last,223,1,0,85.44000244140625,343.0755310058594,444.4788208007813,354.462158203125,1
792,last,579,0,0,86.16000366210938,531.9555053710938,420.4214477539063,543.3421020507812,2
793,late,137,0,0,85.91999816894531,185.43679809570312,453.0884399414063,195.8343963623047,1
794,late,193,0,0,95.76000213623048,283.5968017578125,450.2210388183594,293.9944152832031,1
795,late,596,0,0,85.68000030517578,557.4368286132812,413.4939270019531,567.8344116210938,2
796,late,629,0,0,96.72000122070312,92.31681060791016,486.0960693359375,102.71440887451172,3
797,leading,333,0,0,85.19999694824219,563.3409423828125,449.291748046875,574.4866333007812,1
798,life,199,1,0,85.68000030517578,295.0209655761719,449.7000427246094,306.16668701171875,1
799,"life,",176,0,0,85.44000244140625,246.8222503662109,451.0955200195313,256.9789428710937,1
800,"life,",396,0,0,86.87999725341797,178.71676635742188,488.2984619140625,189.11436462402344,2
801,like,533,0,0,86.4000015258789,434.5567932128906,414.9141540527344,444.9544067382813,2
802,limits,236,0,0,85.44000244140625,367.3155212402344,444.79248046875,378.7021484375,1
803,limits.,368,1,0,87.12000274658203,104.70098876953124,486.5507507324219,115.84671020507812,2
804,long,108,0,0,85.91999816894531,123.47550964355467,448.9319458007813,134.86215209960938,1
805,loss,578,0,0,85.91999816894531,520.4222412109375,419.2256164550781,530.5789184570312,2
806,made,548,1,0,85.91999816894531,458.5567932128906,416.0354919433594,468.9544067382813,2
807,maintained,304,0,0,84.95999908447266,514.435546875,440.4231567382813,525.8221435546875,1
808,makes,637,0,0,86.63999938964844,104.5022430419922,489.4282531738281,114.65892791748048,3
809,maneuvered,226,0,0,85.44000244140625,355.2609558105469,447.76123046875,366.40667724609375,1
810,many,515,0,0,86.4000015258789,398.5022583007813,415.8931274414063,408.658935546875,2
811,many,537,0,0,86.4000015258789,434.5567932128906,414.9141540527344,444.9544067382813,2
812,many,660,0,0,86.63999938964844,152.94097900390625,487.0475769042969,164.08670043945312,3
813,many,816,0,0,85.68000030517578,556.716796875,440.1392517089844,567.1143798828125,3
814,"many,",556,0,0,86.16000366210938,470.7967834472656,420.178466796875,481.19439697265625,2
815,medieval,111,0,0,85.91999816894531,136.66221618652344,445.2618408203125,146.8188934326172,1
816,members,353,0,0,87.36000061035156,81.03678131103516,490.5900268554688,91.43437957763672,2
817,meri,671,0,0,86.4000015258789,176.58834838867188,151.36978149414062,186.00958251953125,3
818,meticulous,546,1,0,86.4000015258789,445.21966552734375,419.4800720214844,457.35443115234375,2
819,"militarily,",600,1,0,85.91999816894531,569.1968383789062,419.9647216796875,579.5944213867188,2
820,military,243,0,0,85.44000244140625,380.0767822265625,450.6990356445313,390.4743957519531,1
821,military,416,1,0,86.87999725341797,215.19680786132807,489.3243103027344,225.5944061279297,2
822,military,538,1,0,86.4000015258789,434.5567932128906,414.9141540527344,444.9544067382813,2
823,modern,799,0,0,85.68000030517578,531.7568359375,434.3191528320313,542.1544189453125,3
824,monuments,312,0,0,85.19999694824219,527.1968383789062,445.7807922363281,537.5944213867188,1
825,more,54,0,0,36.0,316.416015625,512.190185546875,327.8280029296875,0
826,more,466,0,0,86.63999938964844,313.5968017578125,415.87158203125,323.9944152832031,2
827,more,655,1,0,86.63999938964844,140.70098876953125,490.5480346679688,151.84671020507812,3
828,most,136,1,0,85.68000030517578,173.19680786132812,448.9532165527344,183.5944061279297,1
829,most,717,0,0,86.16000366210938,385.062255859375,450.3326721191406,395.2189331054688,3
830,much,736,0,0,85.91999816894531,409.1167907714844,448.6585693359375,419.514404296875,3
831,narrative,154,0,0,85.68000030517578,209.74688720703125,452.7663879394531,220.6770477294922,1
832,narrative,774,1,0,85.68000030517578,482.55853271484375,442.7679138183594,493.5774536132813,3
833,narratives,138,0,0,85.91999816894531,185.43679809570312,453.0884399414063,195.8343963623047,1
834,need,278,0,0,85.44000244140625,453.27679443359375,452.0451965332031,463.6744079589844,1
835,new,52,0,0,36.0,316.416015625,512.190185546875,327.8280029296875,0
836,new,511,0,0,86.4000015258789,398.5022583007813,415.8931274414063,408.658935546875,2
837,new,616,0,0,86.63999938964844,68.02226257324219,486.7525939941406,78.17894744873047,3
838,non-specialist.,727,0,0,86.16000366210938,396.4668884277344,453.7382507324219,407.3970336914063,3
839,not,170,1,0,85.68000030517578,233.96734619140625,453.3867492675781,244.92286682128903,1
840,not,570,0,0,96.72000122070312,508.5628662109375,418.2617492675781,518.2250366210938,2
841,not,589,0,0,85.91999816894531,545.1968383789062,417.5668640136719,555.5944213867188,2
842,not,594,0,0,85.68000030517578,557.4368286132812,413.4939270019531,567.8344116210938,2
843,not,670,0,0,86.87999725341797,165.94224548339844,488.19927978515625,176.0989227294922,3
844,not,755,1,0,85.68000030517578,457.8873596191406,451.5862121582031,468.8428955078125,3
845,not-for-profit,28,0,0,36.0,298.416015625,557.0823364257812,309.8280029296875,0
846,obsessive,494,0,0,86.4000015258789,362.7967834472656,418.59814453125,373.19439697265625,2
847,off,250,1,0,85.44000244140625,391.740966796875,451.5478515625,402.8866882324219,1
848,offer,549,1,0,85.91999816894531,458.5567932128906,416.0354919433594,468.9544067382813,2
849,offering,393,0,0,86.87999725341797,166.75982666015625,488.6076965332031,176.78970336914062,2
850,offers,447,1,0,86.87999725341797,264.39678955078125,458.5972595214844,274.7944030761719,2
851,offers,642,0,0,86.87999725341797,116.9822235107422,491.9558410644531,127.13890838623048,3
852,often,123,1,0,85.91999816894531,147.9554901123047,453.3544006347656,159.34213256835938,1
853,often,273,0,0,85.44000244140625,441.0368041992188,438.2112121582031,451.4344177246094,1
854,one,109,1,0,85.91999816894531,123.47550964355467,448.9319458007813,134.86215209960938,1
855,ongoing,132,0,0,85.68000030517578,173.19680786132812,448.9532165527344,183.5944061279297,1
856,only,139,1,0,85.91999816894531,185.43679809570312,453.0884399414063,195.8343963623047,1
857,only,171,0,0,85.68000030517578,233.96734619140625,453.3867492675781,244.92286682128903,1
858,only,336,0,0,193.66000366210935,701.8159790039062,294.0920104980469,712.4879760742188,1
859,oppose,599,0,0,85.91999816894531,569.1968383789062,419.9647216796875,579.5944213867188,2
860,our,179,1,0,85.68000030517578,259.1167907714844,436.7135925292969,269.514404296875,1
861,outskirts,292,0,0,84.95999908447266,490.6622314453125,450.0559997558594,500.8189086914063,1
862,papal,261,0,0,85.19999694824219,415.740966796875,452.9247741699219,426.8866882324219,1
863,papal,468,0,0,86.63999938964844,313.5968017578125,415.87158203125,323.9944152832031,2
864,"participants,",451,1,0,86.63999938964844,276.4473571777344,461.9787902832031,287.40289306640625,2
865,particularly,791,0,0,85.68000030517578,519.4209594726562,438.1982421875,530.566650390625,3
866,past,711,0,0,85.91999816894531,373.062255859375,449.54248046875,383.2189331054688,3
867,paying,235,0,0,85.44000244140625,367.3155212402344,444.79248046875,378.7021484375,1
868,peaceful,395,0,0,86.87999725341797,166.75982666015625,488.6076965332031,176.78970336914062,2
869,peacefully,198,1,0,85.68000030517578,295.0209655761719,449.7000427246094,306.16668701171875,1
870,period,639,0,0,86.87999725341797,116.9822235107422,491.9558410644531,127.13890838623048,3
871,period,657,0,0,86.63999938964844,152.94097900390625,487.0475769042969,164.08670043945312,3
872,period,794,1,0,85.68000030517578,531.7568359375,434.3191528320313,542.1544189453125,3
873,period.,651,0,0,86.63999938964844,129.3881378173828,488.5618896484375,139.32925415039062,3
874,personalities,175,0,0,85.44000244140625,246.8222503662109,451.0955200195313,256.9789428710937,1
875,personalities,360,0,0,87.12000274658203,92.27549743652344,490.5121154785156,103.66213989257812,2
876,pillag,401,0,0,86.87999725341797,191.1422576904297,489.1562194824219,201.29893493652344,2
877,planning,494,1,0,86.4000015258789,362.7967834472656,418.59814453125,373.19439697265625,2
878,played,249,0,0,85.44000244140625,391.740966796875,451.5478515625,402.8866882324219,1
879,plea,623,0,0,86.63999938964844,80.26225280761719,327.9603881835937,90.41893768310548,3
880,please,56,0,0,36.0,316.416015625,512.190185546875,327.8280029296875,0
881,policy,391,1,0,87.12000274658203,153.66094970703125,489.4751586914063,164.80667114257812,2
882,political,277,0,0,85.44000244140625,453.27679443359375,452.0451965332031,463.6744079589844,1
883,political,453,0,0,86.63999938964844,288.11553955078125,399.214111328125,299.5021667480469,2
884,"political,",729,1,0,86.16000366210938,396.4668884277344,453.7382507324219,407.3970336914063,3
885,pool.,719,1,0,86.16000366210938,385.062255859375,450.3326721191406,395.2189331054688,3
886,poor,528,0,0,86.16000366210938,421.740966796875,422.1950073242188,432.8866882324219,2
887,powerful,272,0,0,85.44000244140625,441.0368041992188,438.2112121582031,451.4344177246094,1
888,pp.,15,0,0,36.0,205.21798706054688,498.2599792480469,220.4339904785156,0
889,pp.,101,1,0,103.91999816894533,93.5168228149414,362.593505859375,103.91442108154295,1
890,pp.,695,1,0,103.91999816894533,318.15679931640625,401.07855224609375,328.5544128417969,3
891,practices,744,0,0,85.91999816894531,434.0222473144531,406.4374694824219,444.1789245605469,3
892,practice—to,398,1,0,86.87999725341797,178.71676635742188,488.2984619140625,189.11436462402344,2
893,predecessors.,505,1,0,86.16000366210938,386.3168029785156,410.7798767089844,396.7144165039063,2
894,"preparations,",547,0,0,85.91999816894531,458.5567932128906,416.0354919433594,468.9544067382813,2
895,present.,746,0,0,96.0,446.2622375488281,450.8186950683594,456.4189147949219,3
896,presented,124,0,0,85.68000030517578,160.95681762695312,452.0751037597656,171.3544158935547,1
897,presents,145,0,0,85.19999694824219,197.15550231933597,452.5091552734375,208.54214477539065,1
898,presents,177,1,0,85.44000244140625,246.8222503662109,451.0955200195313,256.9789428710937,1
899,presents,294,1,0,84.95999908447266,490.6622314453125,450.0559997558594,500.8189086914063,1
900,preserve,76,1,0,93.16999816894533,736.656005859375,518.84423828125,748.0679931640625,0
901,pretenders.,248,0,0,85.44000244140625,391.740966796875,451.5478515625,402.8866882324219,1
902,price,415,0,0,86.87999725341797,215.19680786132807,489.3243103027344,225.5944061279297,2
903,primarily,728,1,0,86.16000366210938,396.4668884277344,453.7382507324219,407.3970336914063,3
904,product,493,0,0,86.4000015258789,362.7967834472656,418.59814453125,373.19439697265625,2
905,productivity,48,1,0,36.0,307.416015625,555.1561889648438,318.8280029296875,0
906,proliferate.,121,0,0,85.91999816894531,147.9554901123047,453.3544006347656,159.34213256835938,1
907,promised,473,0,0,86.63999938964844,325.7822570800781,416.5007019042969,335.9389343261719,2
908,"property,",396,1,0,86.87999725341797,178.71676635742188,488.2984619140625,189.11436462402344,2
909,protect,283,0,0,85.44000244140625,464.4028625488281,125.89616394042967,474.0650329589844,1
910,provides,771,1,0,85.68000030517578,482.55853271484375,442.7679138183594,493.5774536132813,3
911,providing,735,1,0,85.91999816894531,409.1167907714844,448.6585693359375,419.514404296875,3
912,"published,",769,0,0,85.68000030517578,482.55853271484375,442.7679138183594,493.5774536132813,3
913,published.,714,0,0,85.91999816894531,373.062255859375,449.54248046875,383.2189331054688,3
914,push,367,1,0,87.12000274658203,104.70098876953124,486.5507507324219,115.84671020507812,2
915,quarrels,135,1,0,85.68000030517578,173.19680786132812,448.9532165527344,183.5944061279297,1
916,quarrels,353,1,0,87.36000061035156,81.03678131103516,490.5900268554688,91.43437957763672,2
917,quasi-independently,350,1,0,87.12000274658203,68.79679107666016,487.7528076171875,79.19438934326172,2
918,ramshackle,310,0,0,84.95999908447266,514.435546875,440.4231567382813,525.8221435546875,1
919,range,40,0,0,36.0,307.416015625,555.1561889648438,318.8280029296875,0
920,"rape,",402,1,0,86.87999725341797,191.1422576904297,489.1562194824219,201.29893493652344,2
921,rather,617,0,0,86.63999938964844,68.02226257324219,486.7525939941406,78.17894744873047,3
922,readers,146,0,0,85.19999694824219,197.15550231933597,452.5091552734375,208.54214477539065,1
923,readers,588,0,0,85.91999816894531,545.1968383789062,417.5668640136719,555.5944213867188,2
924,"readers,",632,0,0,86.63999938964844,104.5022430419922,489.4282531738281,114.65892791748048,3
925,reading,187,1,0,85.68000030517578,271.542236328125,428.9251708984375,281.69891357421875,1
926,realists,194,0,0,95.76000213623048,283.5968017578125,450.2210388183594,293.9944152832031,1
927,recen,638,0,0,86.87999725341797,116.9822235107422,491.9558410644531,127.13890838623048,3
928,recent,185,0,0,85.68000030517578,271.542236328125,428.9251708984375,281.69891357421875,1
929,recent,718,0,0,86.16000366210938,385.062255859375,450.3326721191406,395.2189331054688,3
930,recent,747,1,0,96.0,446.2622375488281,450.8186950683594,456.4189147949219,3
931,recently,698,1,0,86.16000366210938,349.2281494140625,453.3382263183594,359.1692810058594,3
932,reflection,658,0,0,86.63999938964844,152.94097900390625,487.0475769042969,164.08670043945312,3
933,refusal,400,1,0,86.87999725341797,178.71676635742188,488.2984619140625,189.11436462402344,2
934,regime,616,1,0,86.63999938964844,68.02226257324219,486.7525939941406,78.17894744873047,3
935,reigns,152,0,0,85.68000030517578,209.74688720703125,452.7663879394531,220.6770477294922,1
936,reinforce,140,0,0,85.91999816894531,185.43679809570312,453.0884399414063,195.8343963623047,1
937,"relations,",738,1,0,86.16000366210938,421.3567810058594,444.3731689453125,431.75439453125,3
938,relevant,412,1,0,96.95999908447266,203.19680786132807,486.8984375,213.5944061279297,2
939,religion,752,0,0,96.0,446.2622375488281,450.8186950683594,456.4189147949219,3
940,religious,398,0,0,86.87999725341797,178.71676635742188,488.2984619140625,189.11436462402344,2
941,religious,706,0,0,86.16000366210938,349.2281494140625,453.3382263183594,359.1692810058594,3
942,religious,778,0,0,85.91999816894531,494.32611083984375,440.1701049804688,506.2706604003906,3
943,religious,824,0,0,85.44000244140625,568.9568481445312,435.9019470214844,579.3544311523438,3
944,remaining,206,0,0,85.44000244140625,308.0222473144531,447.3931884765625,318.1789245605469,1
945,remaining,334,1,0,85.19999694824219,563.3409423828125,449.291748046875,574.4866333007812,1
946,remembering,556,1,0,86.16000366210938,470.7967834472656,420.178466796875,481.19439697265625,2
947,reprisals.,425,0,0,86.63999938964844,227.67678833007807,487.294677734375,238.0743865966797,2
948,"research,",185,1,0,85.68000030517578,271.542236328125,428.9251708984375,281.69891357421875,1
949,"researchers,",30,0,0,36.0,298.416015625,557.0823364257812,309.8280029296875,0
950,resistance.,619,0,0,86.63999938964844,68.02226257324219,486.7525939941406,78.17894744873047,3
951,resources,598,0,0,85.68000030517578,557.4368286132812,413.4939270019531,567.8344116210938,2
952,resulted,402,0,0,86.87999725341797,191.1422576904297,489.1562194824219,201.29893493652344,2
953,resulted,457,0,0,86.63999938964844,288.11553955078125,399.214111328125,299.5021667480469,2
954,return,551,0,0,85.91999816894531,458.5567932128906,416.0354919433594,468.9544067382813,2
955,revising,179,0,0,85.68000030517578,259.1167907714844,436.7135925292969,269.514404296875,1
956,rise,797,0,0,85.68000030517578,531.7568359375,434.3191528320313,542.1544189453125,3
957,romantic,646,0,0,86.87999725341797,116.9822235107422,491.9558410644531,127.13890838623048,3
958,rule,443,0,0,86.87999725341797,264.39678955078125,458.5972595214844,274.7944030761719,2
959,ruled,350,0,0,87.12000274658203,68.79679107666016,487.7528076171875,79.19438934326172,2
960,rulers,225,1,0,85.44000244140625,355.2609558105469,447.76123046875,366.40667724609375,1
961,rulers,301,0,0,85.19999694824219,502.195556640625,451.3694152832031,513.5821533203125,1
962,rulers,361,1,0,87.12000274658203,92.27549743652344,490.5121154785156,103.66213989257812,2
963,rulers,390,0,0,87.12000274658203,153.66094970703125,489.4751586914063,164.80667114257812,2
964,rulers.,585,1,0,85.91999816894531,545.1968383789062,417.5668640136719,555.5944213867188,2
965,safely,367,0,0,87.12000274658203,104.70098876953124,486.5507507324219,115.84671020507812,2
966,saw,538,0,0,86.4000015258789,434.5567932128906,414.9141540527344,444.9544067382813,2
967,"scholars,",29,1,0,36.0,298.416015625,557.0823364257812,309.8280029296875,0
968,scholarship,640,0,0,86.87999725341797,116.9822235107422,491.9558410644531,127.13890838623048,3
969,scholarship.,53,0,0,36.0,316.416015625,512.190185546875,327.8280029296875,0
970,searching,699,1,0,86.16000366210938,349.2281494140625,453.3382263183594,359.1692810058594,3
971,second,801,0,0,85.91999816894531,544.476806640625,432.4217529296875,554.8743896484375,3
972,security,550,0,0,85.91999816894531,458.5567932128906,416.0354919433594,468.9544067382813,2
973,seek,255,0,0,85.44000244140625,404.3168029785156,448.3598937988281,414.7144165039063,1
974,seen,524,0,0,86.16000366210938,421.740966796875,422.1950073242188,432.8866882324219,2
975,semi,318,1,0,85.19999694824219,538.9585571289062,452.07025146484375,549.9774780273438,1
976,separated,337,0,0,193.66000366210935,701.8159790039062,294.0920104980469,712.4879760742188,1
977,served,264,0,0,85.19999694824219,415.740966796875,452.9247741699219,426.8866882324219,1
978,service,28,1,0,36.0,298.416015625,557.0823364257812,309.8280029296875,0
979,"setting,",172,1,0,85.68000030517578,233.96734619140625,453.3867492675781,244.92286682128903,1
980,shared,219,1,0,85.44000244140625,331.2609558105469,440.3209533691406,342.4066772460937,1
981,shifting,737,0,0,86.16000366210938,421.3567810058594,444.3731689453125,431.75439453125,3
982,"shipping,",321,1,0,85.19999694824219,538.9585571289062,452.07025146484375,549.9774780273438,1
983,sides,276,1,0,85.44000244140625,453.27679443359375,452.0451965332031,463.6744079589844,1
984,siege,114,1,0,85.91999816894531,136.66221618652344,445.2618408203125,146.8188934326172,1
985,siege,122,0,0,85.91999816894531,147.9554901123047,453.3544006347656,159.34213256835938,1
986,siege,485,1,0,96.4800033569336,350.3168029785156,411.8062133789063,360.7144165039063,2
987,significant,667,0,0,86.87999725341797,165.94224548339844,488.19927978515625,176.0989227294922,3
988,since,659,0,0,86.63999938964844,152.94097900390625,487.0475769042969,164.08670043945312,3
989,situation,590,1,0,85.91999816894531,545.1968383789062,417.5668640136719,555.5944213867188,2
990,skill,364,1,0,87.12000274658203,92.27549743652344,490.5121154785156,103.66213989257812,2
991,skills.,389,1,0,87.12000274658203,153.66094970703125,489.4751586914063,164.80667114257812,2
992,small,205,1,0,85.44000244140625,308.0222473144531,447.3931884765625,318.1789245605469,1
993,small,719,0,0,86.16000366210938,385.062255859375,450.3326721191406,395.2189331054688,3
994,so,659,1,0,86.63999938964844,152.94097900390625,487.0475769042969,164.08670043945312,3
995,some,331,0,0,85.19999694824219,550.9585571289062,452.1310424804688,561.9774780273438,1
996,sometimes,275,1,0,85.44000244140625,441.0368041992188,438.2112121582031,451.4344177246094,1
997,son,429,0,0,86.63999938964844,239.34097290039065,485.8367919921875,250.4866943359375,2
998,"sons,",160,1,0,86.63999938964844,222.15679931640625,437.40631103515625,232.5543975830078,1
999,soon,116,1,0,85.91999816894531,136.66221618652344,445.2618408203125,146.8188934326172,1
1000,soon,497,0,0,86.63999938964844,374.3168029785156,421.8748779296875,384.7144165039063,2
1001,source,329,0,0,85.19999694824219,550.9585571289062,452.1310424804688,561.9774780273438,1
1002,sources,182,1,0,85.68000030517578,259.1167907714844,436.7135925292969,269.514404296875,1
1003,sources,656,0,0,86.63999938964844,140.70098876953125,490.5480346679688,151.84671020507812,3
1004,speculation.,567,0,0,96.72000122070312,508.5628662109375,418.2617492675781,518.2250366210938,2
1005,stereotypes.,141,0,0,85.91999816894531,185.43679809570312,453.0884399414063,195.8343963623047,1
1006,still,650,0,0,86.63999938964844,129.3881378173828,488.5618896484375,139.32925415039062,3
1007,strong,178,0,0,85.44000244140625,246.8222503662109,451.0955200195313,256.9789428710937,1
1008,strong,791,1,0,85.68000030517578,519.4209594726562,438.1982421875,530.566650390625,3
1009,strongholds,580,0,0,86.16000366210938,531.9555053710938,420.4214477539063,543.3421020507812,2
1010,strugg,380,0,0,87.12000274658203,142.34815979003906,486.6178894042969,152.28927612304688,2
1011,students,32,0,0,36.0,298.416015625,557.0823364257812,309.8280029296875,0
1012,subject,88,1,0,224.16000366210935,839.8159790039062,370.8320007324219,850.4879760742188,0
1013,subject,344,1,0,169.5399932861328,717.8159790039062,316.21197509765625,728.4879760742188,1
1014,subject,612,1,0,169.5399932861328,717.8159790039062,316.21197509765625,728.4879760742188,2
1015,subject,837,1,0,169.5399932861328,717.8159790039062,316.21197509765625,728.4879760742188,3
1016,subsequent,299,0,0,85.19999694824219,502.195556640625,451.3694152832031,513.5821533203125,1
1017,succession,379,1,0,87.12000274658203,142.34815979003906,486.6178894042969,152.28927612304688,2
1018,such,713,1,0,85.91999816894531,373.062255859375,449.54248046875,383.2189331054688,3
1019,suggestion,669,0,0,86.87999725341797,165.94224548339844,488.19927978515625,176.0989227294922,3
1020,suggests,526,1,0,86.16000366210938,421.740966796875,422.1950073242188,432.8866882324219,2
1021,"sultan,",499,0,0,86.63999938964844,374.3168029785156,421.8748779296875,384.7144165039063,2
1022,support.,268,0,0,85.44000244140625,428.5567932128906,449.6488342285156,438.9544067382813,1
1023,support@jstor.org.,57,0,0,36.0,325.416015625,39.51000213623047,336.8280029296875,0
1024,supremacy.,468,1,0,86.63999938964844,313.5968017578125,415.87158203125,323.9944152832031,2
1025,surprisingly,756,0,0,85.68000030517578,457.8873596191406,451.5862121582031,468.8428955078125,3
1026,surrender,552,0,0,86.16000366210938,470.7967834472656,420.178466796875,481.19439697265625,2
1027,surrender—security,395,1,0,86.87999725341797,166.75982666015625,488.6076965332031,176.78970336914062,2
1028,survey,702,0,0,86.16000366210938,349.2281494140625,453.3382263183594,359.1692810058594,3
1029,surveys,748,1,0,96.0,446.2622375488281,450.8186950683594,456.4189147949219,3
1030,survival,602,0,0,85.91999816894531,569.1968383789062,419.9647216796875,579.5944213867188,2
1031,survivors,168,1,0,85.68000030517578,233.96734619140625,453.3867492675781,244.92286682128903,1
1032,synthesis,723,1,0,86.16000366210938,385.062255859375,450.3326721191406,395.2189331054688,3
1033,t,653,0,0,86.63999938964844,140.70098876953125,490.5480346679688,151.84671020507812,3
1034,technology,45,0,0,36.0,307.416015625,555.1561889648438,318.8280029296875,0
1035,terms,394,0,0,86.87999725341797,166.75982666015625,488.6076965332031,176.78970336914062,2
1036,territories,206,1,0,85.44000244140625,308.0222473144531,447.3931884765625,318.1789245605469,1
1037,territories,349,0,0,87.12000274658203,68.79679107666016,487.7528076171875,79.19438934326172,2
1038,territories,382,0,0,87.12000274658203,142.34815979003906,486.6178894042969,152.28927612304688,2
1039,territory.,222,0,0,85.44000244140625,343.0755310058594,444.4788208007813,354.462158203125,1
1040,testing,238,0,0,85.44000244140625,380.0767822265625,450.6990356445313,390.4743957519531,1
1041,"text,",802,0,0,85.91999816894531,544.476806640625,432.4217529296875,554.8743896484375,3
1042,texts,715,0,0,85.91999816894531,373.062255859375,449.54248046875,383.2189331054688,3
1043,th,357,0,0,87.12000274658203,92.27549743652344,490.5121154785156,103.66213989257812,2
1044,th,620,1,0,86.63999938964844,80.26225280761719,327.9603881835937,90.41893768310548,3
1045,than,618,0,0,86.63999938964844,68.02226257324219,486.7525939941406,78.17894744873047,3
1046,"that,",812,0,0,85.68000030517578,556.716796875,440.1392517089844,567.1143798828125,3
1047,their,168,0,0,85.68000030517578,233.96734619140625,453.3867492675781,244.92286682128903,1
1048,their,205,0,0,85.44000244140625,308.0222473144531,447.3931884765625,318.1789245605469,1
1049,their,223,0,0,85.44000244140625,343.0755310058594,444.4788208007813,354.462158203125,1
1050,their,259,0,0,85.19999694824219,415.740966796875,452.9247741699219,426.8866882324219,1
1051,their,274,0,0,85.44000244140625,441.0368041992188,438.2112121582031,451.4344177246094,1
1052,their,279,1,0,85.44000244140625,453.27679443359375,452.0451965332031,463.6744079589844,1
1053,their,283,1,0,85.44000244140625,464.4028625488281,125.89616394042967,474.0650329589844,1
1054,their,300,0,0,85.19999694824219,502.195556640625,451.3694152832031,513.5821533203125,1
1055,their,381,1,0,87.12000274658203,142.34815979003906,486.6178894042969,152.28927612304688,2
1056,their,385,0,0,87.12000274658203,142.34815979003906,486.6178894042969,152.28927612304688,2
1057,their,590,0,0,85.91999816894531,545.1968383789062,417.5668640136719,555.5944213867188,2
1058,themes,816,1,0,85.68000030517578,556.716796875,440.1392517089844,567.1143798828125,3
1059,themselves,378,1,0,87.12000274658203,129.278564453125,487.7887573242188,140.2974853515625,2
1060,they,120,0,0,85.91999816894531,147.9554901123047,453.3544006347656,159.34213256835938,1
1061,they,303,0,0,84.95999908447266,514.435546875,440.4231567382813,525.8221435546875,1
1062,they,325,1,0,85.19999694824219,550.9585571289062,452.1310424804688,561.9774780273438,1
1063,they,366,1,0,87.12000274658203,104.70098876953124,486.5507507324219,115.84671020507812,2
1064,three,388,1,0,87.12000274658203,153.66094970703125,489.4751586914063,164.80667114257812,2
1065,three,713,0,0,85.91999816894531,373.062255859375,449.54248046875,383.2189331054688,3
1066,three,747,0,0,96.0,446.2622375488281,450.8186950683594,456.4189147949219,3
1067,ties,211,1,0,85.44000244140625,319.83856201171875,450.5599365234375,330.85748291015625,1
1068,time,760,0,0,85.91999816894531,469.202880859375,398.76458740234375,478.8650512695313,3
1069,titles,307,0,0,84.95999908447266,514.435546875,440.4231567382813,525.8221435546875,1
1070,too,595,0,0,85.68000030517578,557.4368286132812,413.4939270019531,567.8344116210938,2
1071,tools,47,0,0,36.0,307.416015625,555.1561889648438,318.8280029296875,0
1072,topics,811,1,0,85.68000030517578,556.716796875,440.1392517089844,567.1143798828125,3
1073,traces,573,0,0,85.91999816894531,520.4222412109375,419.2256164550781,530.5789184570312,2
1074,"trade,",214,0,0,85.44000244140625,331.2609558105469,440.3209533691406,342.4066772460937,1
1075,"trade,",321,0,0,85.19999694824219,538.9585571289062,452.07025146484375,549.9774780273438,1
1076,traditional,549,0,0,85.91999816894531,458.5567932128906,416.0354919433594,468.9544067382813,2
1077,translation,663,0,0,86.63999938964844,152.94097900390625,487.0475769042969,164.08670043945312,3
1078,traveling,253,0,0,85.44000244140625,404.3168029785156,448.3598937988281,414.7144165039063,1
1079,"treaties,",237,0,0,85.44000244140625,380.0767822265625,450.6990356445313,390.4743957519531,1
1080,treaty,368,0,0,87.12000274658203,104.70098876953124,486.5507507324219,115.84671020507812,2
1081,"tribute,",235,1,0,85.44000244140625,367.3155212402344,444.79248046875,378.7021484375,1
1082,trusted,42,0,0,36.0,307.416015625,555.1561889648438,318.8280029296875,0
1083,undergraduate,632,1,0,86.63999938964844,104.5022430419922,489.4282531738281,114.65892791748048,3
1084,unexpected,488,0,0,96.4800033569336,350.3168029785156,411.8062133789063,360.7144165039063,2
1085,unified,774,0,0,85.68000030517578,482.55853271484375,442.7679138183594,493.5774536132813,3
1086,union,263,1,0,85.19999694824219,415.740966796875,452.9247741699219,426.8866882324219,1
1087,union,411,1,0,96.95999908447266,203.19680786132807,486.8984375,213.5944061279297,2
1088,union,419,1,0,86.63999938964844,227.67678833007807,487.294677734375,238.0743865966797,2
1089,union.,444,0,0,86.87999725341797,264.39678955078125,458.5972595214844,274.7944030761719,2
1090,unpalatable,420,0,0,86.63999938964844,227.67678833007807,487.294677734375,238.0743865966797,2
1091,unwelcome,514,0,0,86.4000015258789,398.5022583007813,415.8931274414063,408.658935546875,2
1092,upon,35,1,0,36.0,298.416015625,557.0823364257812,309.8280029296875,0
1093,use,44,0,0,36.0,307.416015625,555.1561889648438,318.8280029296875,0
1094,use,59,1,0,36.0,334.416015625,499.23931884765625,345.8280029296875,0
1095,use,88,0,0,224.16000366210935,839.8159790039062,370.8320007324219,850.4879760742188,0
1096,use,344,0,0,169.5399932861328,717.8159790039062,316.21197509765625,728.4879760742188,1
1097,use,612,0,0,169.5399932861328,717.8159790039062,316.21197509765625,728.4879760742188,2
1098,use,637,1,0,86.63999938964844,104.5022430419922,489.4282531738281,114.65892791748048,3
1099,use,837,0,0,169.5399932861328,717.8159790039062,316.21197509765625,728.4879760742188,3
1100,"use,",33,0,0,36.0,298.416015625,557.0823364257812,309.8280029296875,0
1101,valuable.,754,0,0,85.68000030517578,457.8873596191406,451.5862121582031,468.8428955078125,3
1102,various,743,0,0,85.91999816894531,434.0222473144531,406.4374694824219,444.1789245605469,3
1103,vassalage,232,0,0,85.44000244140625,367.3155212402344,444.79248046875,378.7021484375,1
1104,vast,757,0,0,85.68000030517578,457.8873596191406,451.5862121582031,468.8428955078125,3
1105,view,180,0,0,85.68000030517578,259.1167907714844,436.7135925292969,269.514404296875,1
1106,violent,406,0,0,86.87999725341797,191.1422576904297,489.1562194824219,201.29893493652344,2
1107,vivi,369,1,0,87.12000274658203,117.2768325805664,486.3996887207031,127.67443084716795,2
1108,vivid,148,0,0,85.19999694824219,197.15550231933597,452.5091552734375,208.54214477539065,1
1109,vivid,450,0,0,86.63999938964844,276.4473571777344,461.9787902832031,287.40289306640625,2
1110,war,522,1,0,86.16000366210938,410.3168029785156,420.3885498046875,420.7144165039063,2
1111,war.,133,1,0,85.68000030517578,173.19680786132812,448.9532165527344,183.5944061279297,1
1112,wealth,280,0,0,85.44000244140625,453.27679443359375,452.0451965332031,463.6744079589844,1
1113,wealth,330,0,0,85.19999694824219,550.9585571289062,452.1310424804688,561.9774780273438,1
1114,wealthy,531,0,0,86.4000015258789,434.5567932128906,414.9141540527344,444.9544067382813,2
1115,well,189,0,0,85.68000030517578,271.542236328125,428.9251708984375,281.69891357421875,1
1116,west,254,0,0,85.44000244140625,404.3168029785156,448.3598937988281,414.7144165039063,1
1117,western,230,0,0,85.44000244140625,355.2609558105469,447.76123046875,366.40667724609375,1
1118,western,251,1,0,85.44000244140625,404.3168029785156,448.3598937988281,414.7144165039063,1
1119,western,416,0,0,86.87999725341797,215.19680786132807,489.3243103027344,225.5944061279297,2
1120,where,366,0,0,87.12000274658203,104.70098876953124,486.5507507324219,115.84671020507812,2
1121,while,315,0,0,85.19999694824219,527.1968383789062,445.7807922363281,537.5944213867188,1
1122,"who,",597,0,0,85.68000030517578,557.4368286132812,413.4939270019531,567.8344116210938,2
1123,"whole,",815,0,0,85.68000030517578,556.716796875,440.1392517089844,567.1143798828125,3
1124,wide,38,0,0,36.0,307.416015625,555.1561889648438,318.8280029296875,0
1125,widely,336,1,0,193.66000366210935,701.8159790039062,294.0920104980469,712.4879760742188,1
1126,wished,559,0,0,85.91999816894531,483.27679443359375,413.6550903320313,493.6744079589844,2
1127,wording,462,0,0,86.63999938964844,301.3567810058594,411.51361083984375,311.75439453125,2
1128,words,587,1,0,85.91999816894531,545.1968383789062,417.5668640136719,555.5944213867188,2
1129,work,625,0,0,96.72000122070312,92.31681060791016,486.0960693359375,102.71440887451172,3
1130,work.,672,0,0,288.239990234375,197.82098388671875,436.2870178222656,208.9667053222656,3
1131,world.,111,1,0,85.91999816894531,136.66221618652344,445.2618408203125,146.8188934326172,1
1132,worth,442,0,0,86.87999725341797,264.39678955078125,458.5972595214844,274.7944030761719,2
1133,worthy,566,0,0,86.16000366210938,495.79986572265625,274.837158203125,505.8297424316406,2
1134,x,694,1,0,103.91999816894533,318.15679931640625,401.07855224609375,328.5544128417969,3
1135,xxii,100,1,0,103.91999816894533,93.5168228149414,362.593505859375,103.91442108154295,1
1136,years,712,0,0,85.91999816894531,373.062255859375,449.54248046875,383.2189331054688,3
1137,young,495,0,0,86.63999938964844,374.3168029785156,421.8748779296875,384.7144165039063,2
1138,your,61,1,0,36.0,334.416015625,499.23931884765625,345.8280029296875,0
