word,noun,verb,adjective,adverb,auxiliary,compositions,conjunctions,determiners,existential_determiners,modifiers,negative_quantifiers,prepositions,universal_determiners,possessive_determiners,pronouns,frequency,review_count,avg_sentiment,length,confident,resolved_word
the,0,0,0,1,0,0,0,1,0,0,0,0,0,0,0,2470,1398,0.08204473684210511,3,1,the
and,1,0,0,0,0,0,1,0,0,0,0,0,0,0,0,1572,1098,0.08717347328244276,3,1,and
a,1,0,0,0,0,0,0,1,1,0,0,0,0,0,0,1412,1043,0.08493456090651563,1,1,a
i,1,0,0,0,0,0,0,0,0,0,0,0,0,0,1,1394,1088,0.06832733142037294,1,1,i
to,0,0,0,0,0,0,0,0,0,0,0,1,0,0,0,1129,920,0.076065721877768,2,1,to
of,0,0,0,0,0,0,0,0,0,0,0,1,0,0,0,1121,833,0.11255272078501342,2,1,of
he,1,0,0,0,0,0,0,0,0,0,0,0,0,0,1,854,682,0.03373782201405152,2,1,he
in,1,0,1,1,0,0,0,0,0,0,0,1,0,0,0,816,698,0.09035073529411762,2,1,in
was,0,1,0,0,1,0,0,0,0,0,0,0,0,0,0,770,660,0.06525142857142856,3,1,was
that,1,0,0,1,0,1,1,1,0,0,0,0,0,0,1,643,558,0.10558646967340593,4,1,that
it,1,0,0,0,0,0,0,0,0,0,0,0,0,0,1,606,536,0.050776072607260726,2,1,it
you,0,0,0,0,0,0,0,0,0,0,0,0,0,0,1,522,454,0.09526494252873562,3,1,you
his,0,0,0,0,0,0,0,0,0,0,0,0,0,1,1,494,392,0.08558056680161956,3,1,his
s,1,0,0,0,0,0,0,0,0,0,0,0,0,0,0,471,442,0.03428089171974523,1,1,s
with,1,0,0,0,0,0,0,0,0,0,0,1,0,0,0,424,393,0.11978655660377353,4,1,with
t,1,0,0,0,0,0,0,0,0,0,0,0,0,0,0,416,396,0.056496634615384664,1,1,t
she,1,0,0,0,0,0,0,0,0,0,0,0,0,0,1,415,349,0.10215084337349395,3,1,she
at,1,0,0,0,0,0,0,0,0,0,0,1,0,0,0,408,370,0.10350955882352947,2,1,at
her,0,0,0,0,0,0,0,0,0,0,0,0,0,1,1,400,303,0.14125225000000002,3,1,her
had,0,0,0,0,1,0,0,0,0,0,0,0,0,0,0,380,334,0.07465184210526317,3,1,had
on,0,0,1,1,0,0,0,0,0,0,0,1,0,0,0,361,335,0.07178254847645428,2,1,on
me,1,0,0,0,0,0,0,0,0,0,0,0,0,0,1,326,308,0.06939386503067489,2,1,me
for,0,0,0,0,0,0,1,0,0,0,0,1,0,0,0,312,297,0.09156730769230777,3,1,for
him,0,0,0,0,0,0,0,0,0,0,0,0,0,0,1,279,249,0.06901039426523295,3,1,him
as,1,0,0,0,0,0,0,0,0,0,0,0,0,0,0,274,247,0.04619963503649633,2,1,as
gatsby,0,0,0,0,0,0,0,0,0,0,0,0,0,0,0,258,252,0.06332480620155038,6,1,gatsby
but,1,0,0,1,0,0,1,0,0,0,0,0,0,0,0,257,254,0.06046770428015562,3,1,but
my,0,0,0,0,0,0,0,0,0,0,0,0,0,1,0,244,227,0.0751372950819672,2,1,my
said,0,1,1,0,0,0,0,0,0,0,0,0,0,0,0,236,236,0.0209063559322034,4,1,said
we,0,0,0,0,0,0,0,0,0,0,0,0,0,0,1,235,211,0.03828255319148936,2,1,we
from,0,0,0,0,0,0,0,0,0,0,0,1,0,0,0,232,223,0.043170258620689655,4,1,from
all,0,0,1,1,0,0,1,0,0,0,0,0,1,0,1,222,214,0.050040090090090084,3,1,all
there,1,0,0,1,0,0,0,0,0,0,0,0,0,0,0,219,211,0.06400410958904108,5,1,there
out,1,1,1,1,0,0,0,0,0,0,0,0,0,0,0,214,208,0.05114953271028038,3,1,out
up,0,1,1,1,0,0,0,0,0,0,0,0,0,0,0,192,189,0.016104166666666666,2,1,up
tom,1,0,0,0,0,0,0,0,0,0,0,0,0,0,0,192,189,-0.022355208333333338,3,1,tom
an,1,0,0,0,0,0,0,1,1,0,0,0,0,0,0,191,181,0.10480575916230361,2,1,an
daisy,1,0,0,0,0,0,0,0,0,0,0,0,0,0,0,182,181,0.060578571428571426,5,1,daisy
one,1,0,1,0,0,0,0,0,1,0,0,0,0,0,1,175,161,0.10010971428571426,3,1,one
were,1,1,0,0,1,0,0,0,0,0,0,0,0,0,0,173,161,0.07181965317919076,4,1,were
into,0,0,0,0,0,0,0,0,0,0,0,1,0,0,0,168,156,0.09738869047619043,4,1,into
they,0,0,0,0,0,0,0,0,0,0,0,0,0,0,1,168,150,0.057723214285714274,4,1,they
this,1,0,0,1,0,0,0,1,0,0,0,0,0,0,1,167,166,0.12230479041916169,4,1,this
about,0,0,1,1,0,0,0,0,0,0,0,1,0,0,0,151,147,0.060154966887417234,5,1,about
if,1,0,0,0,0,0,1,0,0,0,0,0,0,0,0,147,145,0.04975510204081635,2,1,if
when,1,0,0,1,0,0,1,0,0,0,0,0,0,0,0,146,144,0.0848671232876712,4,1,when
what,0,0,0,1,0,0,0,0,0,0,0,0,1,0,1,146,140,0.08318561643835619,4,1,what
then,1,0,1,1,0,0,1,0,0,0,0,0,0,0,0,144,144,0.013259027777777774,4,1,then
over,1,0,1,1,0,0,0,0,0,0,0,1,0,0,0,144,136,0.0919138888888889,4,1,over
so,1,0,0,1,0,0,1,0,0,0,0,0,0,0,0,141,134,0.04378865248226947,2,1,so
have,0,1,0,0,1,0,0,0,0,0,0,0,0,0,0,139,138,0.04656618705035969,4,1,have
be,0,1,0,0,1,0,0,0,0,0,0,0,0,0,0,137,134,0.1462401459854015,2,1,be
by,1,0,0,1,0,0,0,0,0,0,0,1,0,0,0,128,122,0.041738281249999995,2,1,by
like,1,1,1,1,0,0,1,0,0,0,0,0,0,0,0,122,121,0.340058196721311,4,1,like
down,1,1,1,1,0,0,0,0,0,0,0,0,0,0,0,118,118,0.02064830508474576,4,1,down
man,1,1,1,0,0,0,0,0,0,0,0,0,0,0,0,117,117,0.06505726495726497,3,1,man
who,1,0,0,0,0,1,0,0,0,0,0,0,0,0,1,115,109,0.08632000000000002,3,1,who
some,0,0,1,1,0,0,0,0,1,0,0,0,0,0,1,115,114,0.046167826086956534,4,1,some
back,1,1,1,1,0,0,0,0,0,0,0,0,0,0,0,109,108,0.03793761467889908,4,1,back
been,1,0,0,0,1,0,0,0,0,0,0,0,0,0,0,107,106,0.07307289719626167,4,1,been
came,1,1,0,0,0,0,0,0,0,0,0,0,0,0,0,106,105,-0.006200000000000007,4,1,came
no,1,0,0,1,0,0,0,0,0,0,1,0,0,0,0,105,99,-0.04257238095238096,2,1,no
is,0,1,0,0,1,0,0,0,0,0,0,0,0,0,0,105,99,0.05894285714285711,2,1,is
or,0,0,0,0,0,0,1,0,0,0,0,0,0,0,0,103,86,0.1314495145631068,2,1,or
just,1,0,1,1,0,0,0,0,0,0,0,0,0,0,0,103,103,0.12675728155339805,4,1,just
little,1,0,1,1,0,0,0,0,0,0,0,0,0,0,0,102,101,0.05477647058823529,6,1,little
d,1,0,0,0,0,0,0,0,0,0,0,0,0,0,0,102,93,0.1649705882352941,1,1,d
now,1,0,0,1,0,0,1,0,0,0,0,0,0,0,0,100,100,0.15019800000000003,3,1,now
know,1,1,0,0,0,0,0,0,0,0,0,0,0,0,0,99,95,0.12812222222222222,4,1,know
don,1,0,0,0,0,0,0,0,0,0,0,0,0,0,0,97,95,0.05657010309278352,3,1,don
house,1,1,0,0,0,0,0,0,0,0,0,0,0,0,0,95,93,0.08514947368421054,5,1,house
great,1,0,1,1,0,0,0,0,0,0,0,0,0,0,0,93,93,0.6337774193548389,5,1,great
went,1,1,0,0,0,0,0,0,0,0,0,0,0,0,0,91,90,0.009354945054945054,4,1,went
after,0,0,1,1,0,0,1,0,0,0,0,0,0,0,0,90,90,0.029159999999999995,5,1,after
before,0,0,0,1,0,0,1,0,0,0,0,0,0,0,0,89,89,0.041256179775280906,6,1,before
eyes,1,1,0,0,0,0,0,0,0,0,0,0,0,0,0,89,88,0.024898876404494383,4,1,eyes
time,1,1,0,0,0,0,0,0,0,0,0,0,0,0,0,87,83,0.04477126436781609,4,1,time
do,1,1,0,0,1,0,0,0,0,0,0,0,0,0,0,87,87,0.12009540229885057,2,1,do
didn,0,0,0,0,0,0,0,0,0,0,0,0,0,0,0,86,83,0.07353604651162793,4,1,didn
come,0,1,0,0,0,0,0,0,0,0,0,0,0,0,0,86,86,0.12810581395348838,4,1,come
looked,0,1,0,0,0,0,0,0,0,0,0,0,0,0,0,86,84,0.08625232558139535,6,1,looked
got,0,1,0,0,0,0,0,0,0,0,0,0,0,0,0,85,84,0.03105882352941176,3,1,got
mr,0,0,0,0,0,0,0,0,0,0,0,0,0,0,0,84,84,0.06368214285714287,2,0,mr
old,1,0,1,0,0,0,0,0,0,0,0,0,0,0,0,84,84,0.08955000000000002,3,1,old
them,0,0,0,0,0,0,0,0,0,0,0,0,0,0,1,83,79,0.04717831325301206,4,1,them
see,1,1,0,1,0,0,0,0,0,0,0,0,0,0,0,82,82,0.022715853658536584,3,1,see
m,1,0,0,0,0,0,0,0,0,0,0,0,0,0,0,81,77,0.088979012345679,1,1,m
any,0,0,1,1,0,0,0,0,0,0,0,0,1,0,1,79,79,0.03255316455696202,3,1,any
way,1,0,0,1,0,0,0,0,0,0,0,0,0,0,0,78,78,0.07001410256410256,3,1,way
ll,0,0,0,0,0,0,0,0,0,0,0,0,0,0,0,77,76,0.09969350649350649,2,0,ll
wilson,1,0,0,0,0,0,0,0,0,0,0,0,0,0,0,77,76,-0.01680779220779221,6,1,wilson
away,0,0,1,1,0,0,0,0,0,0,0,0,0,0,0,75,75,0.037494666666666676,4,1,away
get,1,1,0,0,0,0,0,0,0,0,0,0,0,0,0,75,73,0.05568133333333333,3,1,get
two,1,0,1,0,0,0,0,0,0,0,0,0,0,0,0,75,73,0.036856,3,1,two
car,1,0,0,0,0,0,0,0,0,0,0,0,0,0,0,74,72,-0.006991891891891896,3,1,car
more,1,0,1,1,0,0,0,0,0,0,0,0,0,0,0,74,70,0.15685405405405412,4,1,more
night,1,0,0,0,0,0,0,0,0,0,0,0,0,0,0,73,73,0.003086301369863009,5,1,night
not,1,0,0,1,0,0,1,0,0,0,1,0,0,0,0,73,73,-0.008946575342465755,3,1,not
room,1,0,0,0,0,0,0,0,0,0,0,0,0,0,0,72,70,0.022666666666666654,4,1,room
re,1,0,0,0,0,0,0,0,0,0,0,0,0,0,0,72,72,0.030824999999999998,2,1,re
here,1,0,1,1,0,0,0,0,0,0,0,0,0,0,0,72,71,0.06318749999999997,4,1,here
around,0,0,0,1,0,0,0,0,0,0,0,0,0,0,0,71,71,0.04833661971830987,6,1,around
going,1,1,1,0,0,0,0,0,0,0,0,0,0,0,0,71,70,0.013315492957746483,5,1,going
go,1,1,1,0,0,0,0,0,0,0,0,0,0,0,0,71,71,0.05143098591549296,2,1,go
new,0,0,1,1,0,0,0,0,0,0,0,0,0,0,0,70,70,0.03693428571428571,3,1,new
well,1,1,1,1,0,0,0,0,0,0,0,0,0,0,0,70,70,0.15134571428571425,4,1,well
your,0,0,0,0,0,0,0,0,0,0,0,0,0,1,0,69,66,0.09262753623188408,4,1,your
jordan,1,0,0,0,0,0,0,0,0,0,0,0,0,0,0,69,68,0.1103840579710145,6,1,jordan
door,1,0,0,0,0,0,0,0,0,0,0,0,0,0,0,68,68,0.05897352941176468,4,1,door
f,1,0,0,0,0,0,0,0,0,0,0,0,0,0,0,67,67,0.06631044776119402,1,1,f
gastby,0,0,0,0,0,0,0,0,0,0,0,0,0,0,0,67,67,0.6404417910447759,6,1,gastby
moment,1,0,0,0,0,0,0,0,0,0,0,0,0,0,0,67,66,0.08460746268656719,6,1,moment
scott,1,0,0,0,0,0,0,0,0,0,0,0,0,0,0,66,66,0.028028787878787875,5,1,scott
think,1,1,0,0,0,0,0,0,0,0,0,0,0,0,0,66,65,0.11371666666666669,5,1,think
through,1,0,1,1,0,0,0,0,0,0,0,0,0,0,0,66,63,0.018315151515151517,7,1,through
fitzgerald,1,0,0,0,0,0,0,0,0,0,0,0,0,0,0,66,66,0.028028787878787875,10,1,fitzgerald
can,1,1,0,0,0,0,0,0,0,1,0,0,0,0,0,65,61,-0.0064999999999999945,3,1,can
which,1,0,0,0,0,1,0,0,0,0,0,0,0,0,1,65,62,0.09948000000000001,5,1,which
other,1,0,1,1,0,0,1,0,0,0,0,0,0,0,1,65,63,0.10043076923076925,5,1,other
ve,0,0,0,0,0,0,0,0,0,0,0,0,0,0,0,65,64,0.051109230769230775,2,0,ve
something,1,0,0,1,0,0,0,0,1,0,0,0,0,0,1,64,62,0.0870328125,9,1,something
turned,0,1,1,0,0,0,0,0,0,0,0,0,0,0,0,64,63,0.0698828125,6,1,turned
us,0,0,0,0,0,0,0,0,0,0,0,0,0,0,1,63,62,0.06467301587301587,2,1,us
people,1,1,0,0,0,0,0,0,0,0,0,0,0,0,0,63,60,0.11818095238095241,6,1,people
long,1,0,1,1,0,0,0,0,0,0,0,0,0,0,0,63,63,0.004787301587301585,4,1,long
never,0,0,0,1,0,0,0,0,0,0,1,0,0,0,0,63,62,0.07095555555555559,5,1,never
hand,1,1,0,0,0,0,0,0,0,0,0,0,0,0,0,63,63,0.44583809523809526,4,1,hand
too,0,0,0,1,0,0,0,0,0,0,0,0,0,0,0,63,63,0.1724857142857143,3,1,too
made,1,1,1,0,0,0,0,0,0,0,0,0,0,0,0,62,61,0.036109677419354835,4,1,made
very,0,0,1,1,0,0,0,0,0,0,0,0,0,0,0,61,60,0.13948360655737707,4,1,very
where,0,0,0,1,0,0,1,0,0,0,0,0,0,0,0,61,60,0.04942459016393444,5,1,where
could,0,0,0,0,0,0,0,0,0,1,0,0,0,0,0,61,56,0.10487213114754101,5,1,could
want,0,1,0,0,0,0,0,0,0,0,0,0,0,0,0,59,59,0.07985762711864411,4,1,want
voice,1,1,0,0,0,0,0,0,0,0,0,0,0,0,0,58,57,0.03132413793103449,5,1,voice
their,0,0,0,0,0,0,0,0,0,0,0,0,0,1,0,56,51,0.11586964285714285,5,1,their
again,0,0,0,1,0,0,0,0,0,0,0,0,0,0,0,56,55,0.04336071428571429,5,1,again
face,1,1,0,0,0,0,0,0,0,0,0,0,0,0,0,55,53,0.15189818181818185,4,1,face
first,1,0,1,1,0,0,0,0,0,0,0,0,0,0,0,55,54,0.19101636363636365,5,1,first
knew,0,1,0,0,0,0,0,0,0,0,0,0,0,0,0,54,53,0.06986111111111108,4,1,knew
look,1,1,0,0,0,0,0,0,0,0,0,0,0,0,0,54,53,0.049503703703703696,4,1,look
would,0,0,0,0,0,0,0,0,0,1,0,0,0,0,0,53,50,0.17342830188679242,5,1,would
did,0,1,0,0,1,0,0,0,0,0,0,0,0,0,0,52,52,0.011076923076923087,3,1,did
only,1,0,1,1,0,0,1,0,0,0,0,0,0,0,0,52,52,0.001642307692307693,4,1,only
toward,0,0,1,0,0,0,0,0,0,0,0,0,0,0,0,52,52,0.05779807692307694,6,1,toward
saw,1,1,0,0,0,0,0,0,0,0,0,0,0,0,0,51,50,0.14969607843137256,3,1,saw
half,1,0,1,1,0,0,0,0,0,0,0,0,0,0,0,50,45,0.070086,4,1,half
right,1,1,1,1,0,0,0,0,0,0,0,0,0,0,0,50,50,0.09089399999999999,5,1,right
while,1,0,0,0,0,0,1,0,0,0,0,0,0,0,0,49,49,0.17589591836734694,5,1,while
white,1,0,1,0,0,0,0,0,0,0,0,0,0,0,0,49,48,0.10075102040816322,5,1,white
girl,1,0,0,0,0,0,0,0,0,0,0,0,0,0,0,48,47,0.10027083333333331,4,1,girl
thought,1,1,0,0,0,0,0,0,0,0,0,0,0,0,0,48,46,0.06848125000000001,7,1,thought
began,0,1,0,0,0,0,0,0,0,0,0,0,0,0,0,48,48,0.0178875,5,1,began
took,0,1,0,0,0,0,0,0,0,0,0,0,0,0,0,48,46,0.09524999999999999,4,1,took
sport,1,1,1,0,0,0,0,0,0,0,0,0,0,0,0,47,47,0.05561702127659574,5,1,sport
even,1,1,1,1,0,0,0,0,0,0,0,0,0,0,0,46,43,0.11477608695652176,4,1,even
off,0,0,1,1,0,0,0,0,0,0,0,0,0,0,0,46,46,0.06148260869565216,3,1,off
are,1,0,0,0,1,0,0,0,0,0,0,0,0,0,0,46,42,-8.043478260869524e-05,3,1,are
how,1,0,0,1,0,0,1,0,0,0,0,0,0,0,0,45,44,0.06489333333333332,3,1,how
told,0,1,1,0,0,0,0,0,0,0,0,0,0,0,0,45,44,0.013415555555555568,4,1,told
light,1,1,1,1,0,0,0,0,0,0,0,0,0,0,0,45,44,0.05717777777777778,5,1,light
last,1,1,1,1,0,0,0,0,0,0,0,0,0,0,0,45,44,0.11599555555555555,4,1,last
day,1,0,0,0,0,0,0,0,0,0,0,0,0,0,0,45,44,0.07638888888888887,3,1,day
young,1,0,1,0,0,0,0,0,0,0,0,0,0,0,0,45,44,0.17200666666666667,5,1,young
thing,1,0,0,0,0,0,0,0,0,0,0,0,0,0,0,44,43,0.06544772727272725,5,1,thing
why,1,0,0,1,0,0,0,0,0,0,0,0,0,0,0,44,42,-0.007599999999999996,3,1,why
heard,0,1,1,0,0,0,0,0,0,0,0,0,0,0,0,44,44,0.03568409090909088,5,1,heard
until,0,0,0,0,0,0,1,0,0,0,0,0,0,0,0,43,40,-0.006718604651162816,5,1,until
men,1,0,0,0,0,0,0,0,0,0,0,0,0,0,0,43,40,0.07201860465116278,3,1,men
asked,0,1,0,0,0,0,0,0,0,0,0,0,0,0,0,43,43,0.07281860465116279,5,1,asked
name,1,1,0,0,0,0,0,0,0,0,0,0,0,0,0,42,42,0.06053095238095238,4,1,name
because,0,0,0,0,0,0,1,0,0,0,0,0,0,0,0,41,40,0.04646097560975612,7,1,because
afternoon,1,0,1,0,0,0,0,0,0,0,0,0,0,0,0,41,41,0.014246341463414636,9,1,afternoon
oh,1,0,0,0,0,0,0,0,0,0,0,0,0,0,0,41,41,0.10229756097560974,2,1,oh
left,1,1,1,1,0,0,0,0,0,0,0,0,0,0,0,41,40,-0.02089268292682927,4,1,left
head,1,1,1,0,0,0,0,0,0,0,0,0,0,0,0,40,40,-0.08162,4,1,head
baker,1,0,0,0,0,0,0,0,0,0,0,0,0,0,0,40,40,-0.011482500000000001,5,1,baker
hour,1,0,0,0,0,0,0,0,0,0,0,0,0,0,0,40,39,0.1645575,4,1,hour
its,1,0,0,0,0,0,0,0,0,0,0,0,0,1,0,40,37,0.11772500000000004,3,1,its
years,1,0,0,0,0,0,0,0,0,0,0,0,0,0,0,39,39,0.056648717948717967,5,1,years
say,1,1,0,1,0,0,0,0,0,0,0,0,0,0,0,39,39,0.07942051282051281,3,1,say
wasn,0,0,0,0,0,0,0,0,0,0,0,0,0,0,0,39,38,0.13732051282051283,4,1,wasn
every,0,0,1,0,0,0,0,0,0,0,0,0,1,0,0,39,37,0.06656410256410257,5,1,every
seemed,0,1,0,0,0,0,0,0,0,0,0,0,0,0,0,39,39,0.13406153846153843,6,1,seemed
west,1,0,1,1,0,0,0,0,0,0,0,0,0,0,0,39,39,0.11240000000000001,4,1,west
miss,1,1,0,0,0,0,0,0,0,0,0,0,0,0,0,38,38,-0.08015526315789474,4,1,miss
much,1,0,1,1,0,0,0,0,0,0,0,0,0,0,0,38,37,0.1317684210526316,4,1,much
three,1,0,1,0,0,0,0,0,0,0,0,0,0,0,0,38,38,0.07653157894736844,5,1,three
let,1,1,0,0,0,0,0,0,0,0,0,0,0,0,0,38,38,0.06355526315789474,3,1,let
hands,1,1,0,0,0,0,0,0,0,0,0,0,0,0,0,38,38,-0.00884210526315789,5,1,hands
once,0,0,1,1,0,0,1,0,0,0,0,0,0,0,0,38,38,0.07424736842105263,4,1,once
suddenly,0,0,0,1,0,0,0,0,0,0,0,0,0,0,0,38,38,0.07865263157894735,8,1,suddenly
found,1,1,1,0,0,0,0,0,0,0,0,0,0,0,0,36,36,0.010277777777777771,5,1,found
another,0,0,1,0,0,0,0,0,0,0,0,0,0,0,1,36,36,0.028183333333333324,7,1,another
table,1,1,0,0,0,0,0,0,0,0,0,0,0,0,0,36,36,0.014066666666666665,5,1,table
next,0,0,1,1,0,0,0,0,0,0,0,0,0,0,0,36,35,0.061886111111111114,4,1,next
five,1,0,1,0,0,0,0,0,0,0,0,0,0,0,0,36,36,0.0025444444444444572,4,1,five
tell,1,1,0,0,0,0,0,0,0,0,0,0,0,0,0,35,35,-0.001765714285714288,4,1,tell
york,1,0,0,0,0,0,0,0,0,0,0,0,0,0,0,35,35,0.041825714285714286,4,1,york
nothing,1,0,0,1,0,0,0,0,0,0,1,0,0,0,0,35,34,0.12097714285714284,7,1,nothing
minute,1,0,1,0,0,0,0,0,0,0,0,0,0,0,0,35,34,0.14910571428571429,6,1,minute
though,0,0,0,1,0,0,1,0,0,0,0,0,0,0,0,34,33,0.09826176470588237,6,1,though
small,1,0,1,1,0,0,0,0,0,0,0,0,0,0,0,34,32,0.014817647058823533,5,1,small
than,0,0,0,0,0,0,1,0,0,0,0,0,0,0,0,34,34,0.22707352941176473,4,1,than
egg,1,1,0,0,0,0,0,0,0,0,0,0,0,0,0,34,33,0.13354117647058825,3,1,egg
o,1,0,0,0,0,0,0,0,0,0,0,0,0,0,0,34,33,0.010244117647058822,1,1,o
along,0,0,0,1,0,0,0,0,0,0,0,0,0,0,0,34,34,0.009361764705882354,5,1,along
always,0,0,0,1,0,0,0,0,0,0,0,0,0,0,0,34,34,0.23751176470588237,6,1,always
looking,1,1,1,0,0,0,0,0,0,0,0,0,0,0,0,33,33,0.15679393939393943,7,1,looking
alone,0,0,1,1,0,0,0,0,0,0,0,0,0,0,0,33,33,-0.16852121212121213,5,1,alone
each,1,0,1,1,0,0,0,0,0,0,0,0,1,0,1,33,31,0.10147575757575758,4,1,each
world,1,0,1,0,0,0,0,0,0,0,0,0,0,0,0,33,33,0.2320333333333333,5,1,world
clock,1,1,0,0,0,0,0,0,0,0,0,0,0,0,0,32,32,0.046090625,5,1,clock
must,1,0,1,0,0,0,0,0,0,1,0,0,0,0,0,32,32,0.05670312500000001,4,1,must
front,1,1,1,0,0,0,0,0,0,0,0,0,0,0,0,32,31,0.05429062499999999,5,1,front
upon,0,0,0,0,0,0,0,0,0,0,0,0,0,0,0,32,31,0.07839375,4,1,upon
under,0,0,1,1,0,0,0,0,0,0,0,1,0,0,0,32,32,0.13467187500000002,5,1,under
against,0,0,0,0,0,0,1,0,0,0,0,0,0,0,0,32,32,0.07712500000000001,7,1,against
sat,1,1,0,0,0,0,0,0,0,0,0,0,0,0,0,32,31,-0.0033656250000000053,3,1,sat
still,1,1,1,1,0,0,0,0,0,0,0,0,0,0,0,31,31,0.15558709677419355,5,1,still
mrs,1,0,0,0,0,0,0,0,0,0,0,0,0,0,0,31,31,0.015270967741935489,3,1,mrs
seen,1,1,1,0,0,0,0,0,0,0,0,0,0,0,0,31,30,0.09974193548387097,4,1,seen
wolfsheim,0,0,0,0,0,0,0,0,0,0,0,0,0,0,0,31,31,-0.053506451612903225,9,1,wolfsheim
cried,0,1,0,0,0,0,0,0,0,0,0,0,0,0,0,31,30,-0.3295,5,1,cried
own,0,1,1,0,0,0,0,0,0,0,0,0,0,0,0,31,30,0.1409870967741936,3,1,own
most,0,0,1,1,0,0,0,0,0,0,0,0,0,0,0,31,30,0.12839354838709677,4,1,most
morning,1,0,1,0,0,0,0,0,0,0,0,0,0,0,0,30,30,0.05384333333333335,7,1,morning
side,1,1,1,0,0,0,0,0,0,0,0,0,0,0,0,30,26,0.04217333333333332,4,1,side
sound,1,1,1,1,0,0,0,0,0,0,0,0,0,0,0,30,29,0.003323333333333321,5,1,sound
good,1,0,1,1,0,0,0,0,0,0,0,0,0,0,0,30,30,0.23099333333333333,4,1,good
life,1,0,0,0,0,0,0,0,0,0,0,0,0,0,0,30,30,0.03549333333333333,4,1,life
together,0,0,1,1,0,0,0,0,0,0,0,0,0,0,0,30,29,0.13293666666666668,8,1,together
things,1,0,0,0,0,0,0,0,0,0,0,0,0,0,0,29,26,-0.03304137931034484,6,1,things
called,0,1,1,0,0,0,0,0,0,0,0,0,0,0,0,29,28,-0.12083103448275859,6,1,called
ever,0,0,0,1,0,0,0,0,0,0,0,0,0,0,0,28,28,0.28926071428571426,4,1,ever
himself,0,0,0,0,0,0,0,0,0,0,0,0,0,0,1,28,28,0.044267857142857144,7,1,himself
take,1,1,0,0,0,0,0,0,0,0,0,0,0,0,0,28,28,0.2068464285714286,4,1,take
couldn,0,0,0,0,0,0,0,0,0,0,0,0,0,0,0,28,28,0.003603571428571436,6,1,couldn
stood,0,1,0,0,0,0,0,0,0,0,0,0,0,0,0,28,28,0.10945714285714285,5,1,stood
home,1,1,1,1,0,0,0,0,0,0,0,0,0,0,0,27,27,0.08213333333333334,4,1,home
garage,1,1,0,0,0,0,0,0,0,0,0,0,0,0,0,27,25,0.06018888888888889,6,1,garage
wanted,0,1,1,0,0,0,0,0,0,0,0,0,0,0,0,27,26,0.1699259259259259,6,1,wanted
anything,1,0,0,1,0,0,0,0,0,0,0,0,0,0,1,27,26,-0.038125925925925924,8,1,anything
might,1,0,0,0,0,0,0,0,0,1,0,0,0,0,0,27,25,0.03445185185185186,5,1,might
those,0,0,0,0,0,0,0,1,0,0,0,0,0,0,1,27,26,0.32915925925925926,5,1,those
moved,0,1,1,0,0,0,0,0,0,0,0,0,0,0,0,27,27,0.11435925925925924,5,1,moved
without,0,0,0,1,0,0,1,0,0,0,0,0,0,0,0,27,27,0.028659259259259252,7,1,without
make,1,1,0,0,0,0,0,0,0,0,0,0,0,0,0,27,27,-0.12875925925925924,4,1,make
ing,1,0,0,0,0,0,0,0,0,0,0,0,0,0,0,26,26,0.09589615384615383,3,1,ing
dark,1,0,1,0,0,0,0,0,0,0,0,0,0,0,0,26,26,0.08258461538461535,4,1,dark
gave,0,1,0,0,0,0,0,0,0,0,0,0,0,0,0,26,26,-0.03726538461538461,4,1,gave
inquired,0,0,0,0,0,0,0,0,0,0,0,0,0,0,0,26,26,0.03215769230769231,8,1,inquired
across,1,0,1,1,0,0,0,0,0,0,0,0,0,0,0,26,26,0.09506538461538462,6,1,across
rather,0,0,0,1,0,0,0,0,0,0,0,0,0,0,0,25,24,0.12077600000000002,6,1,rather
few,1,0,1,0,0,0,0,0,0,0,0,0,0,0,1,25,25,0.10623199999999997,3,1,few
later,0,0,1,1,0,0,0,0,0,0,0,0,0,0,0,25,25,0.03191599999999999,5,1,later
these,0,0,0,0,0,0,0,1,0,0,0,0,0,0,1,25,25,0.14573600000000003,5,1,these
four,1,0,1,0,0,0,0,0,0,0,0,0,0,0,0,25,25,0.036608,4,1,four
open,1,1,1,0,0,0,0,0,0,0,0,0,0,0,0,25,25,0.046088000000000004,4,1,open
air,1,1,1,0,0,0,0,0,0,0,0,0,0,0,0,25,25,0.253412,3,1,air
started,0,1,0,0,0,0,0,0,0,0,0,0,0,0,0,25,25,-0.03142799999999999,7,1,started
hot,0,0,1,1,0,0,0,0,0,0,0,0,0,0,0,25,25,-0.04219999999999999,3,1,hot
garden,1,1,0,0,0,0,0,0,0,0,0,0,0,0,0,24,24,0.20425416666666665,6,1,garden
steps,1,1,0,0,0,0,0,0,0,0,0,0,0,0,0,24,24,0.018129166666666655,5,1,steps
god,1,0,0,0,0,0,0,0,0,0,0,0,0,0,0,24,24,0.06574166666666666,3,1,god
felt,1,1,1,0,0,0,0,0,0,0,0,0,0,0,0,24,23,0.1645,4,1,felt
yes,1,0,0,1,0,0,0,0,0,0,0,0,0,0,0,24,24,0.12062916666666666,3,1,yes
love,1,1,0,0,0,0,0,0,0,0,0,0,0,0,0,24,24,0.5534625,4,1,love
nick,1,1,0,0,0,0,0,0,0,0,0,0,0,0,0,24,23,0.11555833333333333,4,1,nick
our,0,0,0,0,0,0,0,0,0,0,0,0,0,1,0,24,24,0.08725833333333333,3,1,our
wife,1,0,0,0,0,0,0,0,0,0,0,0,0,0,0,23,23,-0.07608260869565217,4,1,wife
married,1,1,1,0,0,0,0,0,0,0,0,0,0,0,0,23,23,0.09380434782608696,7,1,married
lawn,1,0,0,0,0,0,0,0,0,0,0,0,0,0,0,23,23,0.011713043478260878,4,1,lawn
east,1,0,1,1,0,0,0,0,0,0,0,0,0,0,0,23,23,0.2180173913043479,4,1,east
gone,0,1,1,0,0,0,0,0,0,0,0,0,0,0,0,23,23,0.03806086956521739,4,1,gone
broke,0,1,1,0,0,0,0,0,0,0,0,0,0,0,0,23,23,-0.2179782608695652,5,1,broke
hear,0,1,0,0,0,0,0,0,0,0,0,0,0,0,0,23,23,-0.019295652173913037,4,1,hear
myrtle,1,0,0,0,0,0,0,0,0,0,0,0,0,0,0,23,23,-0.1595304347826087,6,1,myrtle
walked,0,1,0,0,0,0,0,0,0,0,0,0,0,0,0,23,23,0.039221739130434786,6,1,walked
sort,1,0,0,0,0,0,0,0,0,0,0,0,0,0,0,23,23,0.03130869565217392,4,1,sort
feet,1,0,0,0,0,0,0,0,0,0,0,0,0,0,0,23,23,0.08522608695652174,4,1,feet
word,0,0,0,0,0,0,0,0,0,0,0,0,0,0,0,23,22,-0.03284347826086957,4,1,word
between,1,0,0,1,0,0,0,0,0,0,0,0,0,0,0,22,21,0.10500909090909089,7,1,between
will,1,1,0,0,0,0,0,0,0,1,0,0,0,0,0,22,21,0.056131818181818185,4,1,will
wouldn,0,0,0,0,0,0,0,0,0,0,0,0,0,0,0,22,22,0.09189545454545454,6,1,wouldn
yellow,1,1,1,0,0,0,0,0,0,0,0,0,0,0,0,22,21,0.17415,6,1,yellow
body,1,1,0,0,0,0,0,0,0,0,0,0,0,0,0,22,21,0.09599999999999999,4,1,body
almost,1,0,0,1,0,0,0,0,0,0,0,0,0,0,0,22,22,-0.018995454545454538,6,1,almost
hair,1,0,0,0,0,0,0,0,0,0,0,0,0,0,0,22,22,0.17820454545454545,4,1,hair
demanded,0,1,0,0,0,0,0,0,0,0,0,0,0,0,0,22,22,-0.2553136363636364,8,1,demanded
michaelis,0,0,0,0,0,0,0,0,0,0,0,0,0,0,0,22,22,0.08888636363636364,9,1,michaelis
everything,0,0,0,0,0,0,0,0,0,0,0,0,0,0,1,22,22,-0.01458181818181818,10,1,everything
town,1,0,0,0,0,0,0,0,0,0,0,0,0,0,0,22,22,-0.02367272727272727,4,1,town
course,1,1,0,1,0,0,0,0,0,0,0,0,0,0,0,22,21,0.07636363636363637,6,1,course
money,1,0,0,0,0,0,0,0,0,0,0,0,0,0,0,22,22,0.1809681818181818,5,1,money
road,1,0,1,0,0,0,0,0,0,0,0,0,0,0,0,22,22,-0.12746363636363636,4,1,road
such,0,0,1,1,0,0,0,0,0,0,0,0,0,0,0,21,20,-0.0938904761904762,4,1,such
put,1,1,0,0,0,0,0,0,0,0,0,0,0,0,0,21,21,0.08737142857142854,3,1,put
matter,1,0,0,0,0,0,0,0,0,0,0,0,0,0,0,21,21,0.06086190476190471,6,1,matter
among,0,0,0,0,0,0,0,0,0,0,0,0,0,0,0,21,21,0.0947904761904762,5,1,among
hadn,0,0,0,0,0,0,0,0,0,0,0,0,0,0,0,21,21,0.029852380952380943,4,1,hadn
end,1,1,0,0,0,0,0,0,0,0,0,0,0,0,0,21,21,0.1355047619047619,3,1,end
buchanan,1,0,0,0,0,0,0,0,0,0,0,0,0,0,0,21,21,-0.022528571428571426,8,1,buchanan
beside,0,0,0,1,0,0,0,0,0,0,0,0,0,0,0,21,21,0.06971428571428569,6,1,beside
rose,1,1,1,0,0,0,0,0,0,0,0,0,0,0,0,21,20,0.13807619047619046,4,1,rose
full,1,1,1,1,0,0,0,0,0,0,0,0,0,0,0,21,20,0.1798285714285714,4,1,full
blue,1,1,1,0,0,0,0,0,0,0,0,0,0,0,0,21,21,0.23397142857142858,4,1,blue
drive,1,1,0,0,0,0,0,0,0,0,0,0,0,0,0,21,20,0.0919952380952381,5,1,drive
girls,1,0,0,0,0,0,0,0,0,0,0,0,0,0,0,21,19,0.33117619047619046,5,1,girls
year,1,0,0,0,0,0,0,0,0,0,0,0,0,0,0,21,20,0.17143809523809525,4,1,year
met,1,1,0,0,0,0,0,0,0,0,0,0,0,0,0,20,20,-0.065515,3,1,met
loved,0,1,1,0,0,0,0,0,0,0,0,0,0,0,0,20,19,0.2821,5,1,loved
evening,1,0,0,0,0,0,0,0,0,0,0,0,0,0,0,20,20,0.21231500000000003,7,1,evening
fact,1,0,0,0,0,0,0,0,0,0,0,0,0,0,0,20,20,-0.04896999999999999,4,1,fact
place,1,1,0,0,0,0,0,0,0,0,0,0,0,0,0,20,20,0.14815000000000003,5,1,place
party,1,1,1,0,0,0,0,0,0,0,0,0,0,0,0,20,20,0.4717650000000001,5,1,party
woman,1,0,0,0,0,0,0,0,0,0,0,0,0,0,0,20,20,-0.017830000000000002,5,1,woman
stopped,0,1,1,0,0,0,0,0,0,0,0,0,0,0,0,20,20,-0.09482,7,1,stopped
windows,1,0,0,0,0,0,0,0,0,0,0,0,0,0,0,20,20,-0.024915,7,1,windows
dog,1,0,0,0,0,0,0,0,0,0,0,0,0,0,0,20,20,0.012969999999999999,3,1,dog
has,0,0,0,0,1,0,0,0,0,0,0,0,0,0,0,20,20,0.11015,3,1,has
hard,1,0,1,1,0,0,0,0,0,0,0,0,0,0,0,19,19,0.06541052631578949,4,1,hard
big,1,0,1,1,0,0,0,0,0,0,0,0,0,0,0,19,19,0.08041578947368422,3,1,big
idea,1,0,0,0,0,0,0,0,0,0,0,0,0,0,0,19,19,0.12638421052631582,4,1,idea
days,1,0,0,1,0,0,0,0,0,0,0,0,0,0,0,19,19,-0.06455263157894738,4,1,days
chair,1,1,0,0,0,0,0,0,0,0,0,0,0,0,0,19,19,0.1645578947368421,5,1,chair
butler,1,0,0,0,0,0,0,0,0,0,0,0,0,0,0,19,19,-0.08804736842105262,6,1,butler
tried,0,1,1,0,0,0,0,0,0,0,0,0,0,0,0,19,19,0.06763684210526315,5,1,tried
city,1,0,0,0,0,0,0,0,0,0,0,0,0,0,0,19,18,0.30168947368421045,4,1,city
window,1,0,0,0,0,0,0,0,0,0,0,0,0,0,0,19,18,0.008247368421052635,6,1,window
inside,1,0,1,1,0,0,0,0,0,0,0,0,0,0,0,19,19,0.15866315789473684,6,1,inside
telephone,1,0,0,0,0,0,0,0,0,0,0,0,0,0,0,19,19,0.10938947368421054,9,1,telephone
summer,1,1,1,1,0,0,0,0,0,0,0,0,0,0,0,19,19,0.2798578947368421,6,1,summer
trying,0,1,1,0,0,0,0,0,0,0,0,0,0,0,0,19,18,-0.1602578947368421,6,1,trying
many,1,0,1,0,0,0,0,0,0,0,0,0,0,0,1,19,18,0.09213684210526318,4,1,many
perhaps,0,0,0,1,0,0,0,0,0,0,0,0,0,0,0,19,18,0.1604263157894737,7,1,perhaps
heart,1,0,0,0,0,0,0,0,0,0,0,0,0,0,0,19,18,0.6029263157894738,5,1,heart
ago,0,0,1,1,0,0,0,0,0,0,0,0,0,0,0,19,19,0.12840526315789474,3,1,ago
dress,1,1,1,0,0,0,0,0,0,0,0,0,0,0,0,19,18,-0.03593157894736841,5,1,dress
short,1,0,1,1,0,0,0,0,0,0,0,0,0,0,0,18,18,0.13205555555555554,5,1,short
ought,1,0,0,1,0,0,0,0,0,0,0,0,0,0,0,18,18,0.0714888888888889,5,1,ought
island,1,0,0,0,0,0,0,0,0,0,0,0,0,0,0,18,18,0.23355555555555554,6,1,island
doesn,0,0,0,0,0,0,0,0,0,0,0,0,0,0,0,18,17,0.05364444444444445,5,1,doesn
high,1,0,1,1,0,0,0,0,0,0,0,0,0,0,0,18,17,0.016188888888888905,4,1,high
sure,0,0,1,1,0,0,0,0,0,0,0,0,0,0,0,18,17,0.35768888888888895,4,1,sure
call,1,1,0,0,0,0,0,0,0,0,0,0,0,0,0,18,17,0.01187777777777778,4,1,call
brought,0,1,0,0,0,0,0,0,0,0,0,0,0,0,0,18,18,0.0028222222222222346,7,1,brought
friend,1,0,0,0,0,0,0,0,0,0,0,0,0,0,0,18,18,0.4056222222222223,6,1,friend
give,1,1,0,0,0,0,0,0,0,0,0,0,0,0,0,18,18,0.03562222222222222,4,1,give
itself,0,0,0,0,0,0,0,0,0,0,0,0,0,0,1,18,18,0.08824444444444442,6,1,itself
far,1,0,1,1,0,0,0,0,0,0,0,0,0,0,0,18,18,0.044733333333333326,3,1,far
dozen,1,0,1,0,0,0,0,0,0,0,0,0,0,0,0,18,17,0.16448333333333331,5,1,dozen
slowly,0,0,0,1,0,0,0,0,0,0,0,0,0,0,0,18,18,0.02607222222222223,6,1,slowly
passed,0,1,1,0,0,0,0,0,0,0,0,0,0,0,0,18,18,0.04426111111111111,6,1,passed
remember,0,1,0,0,0,0,0,0,0,0,0,0,0,0,0,18,18,-0.022677777777777748,8,1,remember
past,1,0,1,1,0,0,0,0,0,0,0,0,0,0,0,18,18,0.15242777777777777,4,1,past
mean,1,1,1,0,0,0,0,0,0,0,0,0,0,0,0,18,18,0.1357888888888889,4,1,mean
sitting,1,1,1,0,0,0,0,0,0,0,0,0,0,0,0,18,18,0.0323611111111111,7,1,sitting
fell,1,1,1,0,0,0,0,0,0,0,0,0,0,0,0,17,17,0.07209411764705882,4,1,fell
better,1,1,1,1,0,0,0,0,0,0,0,0,0,0,0,17,17,0.41762352941176484,6,1,better
used,0,1,1,0,0,0,0,0,0,0,0,0,0,0,0,17,17,0.20097647058823528,4,1,used
green,1,1,1,0,0,0,0,0,0,0,0,0,0,0,0,17,17,0.06270588235294118,5,1,green
find,1,1,0,0,0,0,0,0,0,0,0,0,0,0,0,17,17,0.02647647058823528,4,1,find
rain,1,1,0,0,0,0,0,0,0,0,0,0,0,0,0,17,17,-0.014982352941176466,4,1,rain
business,1,0,1,0,0,0,0,0,0,0,0,0,0,0,0,17,16,-0.004235294117647063,8,1,business
happened,0,0,0,0,0,0,0,0,0,0,0,0,0,0,0,17,16,0.10144117647058823,8,1,happened
grey,1,1,1,0,0,0,0,0,0,0,0,0,0,0,0,17,16,0.15026470588235297,4,1,grey
times,1,1,0,0,0,0,0,0,0,0,0,0,0,0,0,17,17,0.002111764705882336,5,1,times
won,1,1,1,0,0,0,0,0,0,0,0,0,0,0,0,17,17,-0.07704117647058822,3,1,won
behind,1,0,1,1,0,0,0,0,0,0,0,0,0,0,0,17,17,-0.08418235294117646,6,1,behind
whole,1,0,1,1,0,0,0,0,0,0,0,0,0,0,0,17,17,-0.06140000000000002,5,1,whole
office,1,0,0,0,0,0,0,0,0,0,0,0,0,0,0,17,17,-0.1202294117647059,6,1,office
bed,1,1,0,0,0,0,0,0,0,0,0,0,0,0,0,17,17,0.11654705882352942,3,1,bed
talked,0,1,0,0,0,0,0,0,0,0,0,0,0,0,0,17,16,0.13341176470588234,6,1,talked
haven,1,0,0,0,0,0,0,0,0,0,0,0,0,0,0,17,17,-0.07076470588235294,5,1,haven
shook,1,1,0,0,0,0,0,0,0,0,0,0,0,0,0,17,17,-0.09910000000000002,5,1,shook
several,1,0,1,0,0,0,0,0,0,0,0,0,0,0,1,17,17,0.12784705882352942,7,1,several
opened,0,0,1,0,0,0,0,0,0,0,0,0,0,0,0,17,17,0.0277,6,1,opened
women,1,0,0,0,0,0,0,0,0,0,0,0,0,0,0,16,16,-0.017381250000000008,5,1,women
set,1,1,1,0,0,0,0,0,0,0,0,0,0,0,0,16,16,0.1721375,3,1,set
bright,1,0,1,1,0,0,0,0,0,0,0,0,0,0,0,16,14,0.53243125,6,1,bright
same,0,0,1,1,0,0,0,0,0,0,0,0,0,0,0,16,13,0.2732062500000001,4,1,same
standing,1,1,1,0,0,0,0,0,0,0,0,0,0,0,0,16,16,-0.10046874999999998,8,1,standing
except,0,0,0,0,0,0,1,0,0,0,0,0,0,0,0,16,16,0.02725000000000001,6,1,except
waited,0,1,0,0,0,0,0,0,0,0,0,0,0,0,0,16,16,0.12689375000000003,6,1,waited
being,1,1,0,0,1,0,0,0,0,0,0,0,0,0,0,16,16,0.19695000000000004,5,1,being
mckee,0,0,0,0,0,0,0,0,0,0,0,0,0,0,0,16,16,0.127975,5,1,mckee
suppose,0,1,0,0,0,0,0,0,0,0,0,0,0,0,0,16,16,0.0952125,7,1,suppose
am,0,0,0,0,1,0,0,0,0,0,0,0,0,0,0,16,15,0.063625,2,1,am
myself,1,0,0,0,0,0,0,0,0,0,0,0,0,0,1,16,16,0.18570625,6,1,myself
expression,1,0,0,0,0,0,0,0,0,0,0,0,0,0,0,16,15,0.14693124999999999,10,1,expression
chicago,1,0,0,0,0,0,0,0,0,0,0,0,0,0,0,16,15,0.15185,7,1,chicago
ask,1,1,0,0,0,0,0,0,0,0,0,0,0,0,0,16,16,0.14083750000000003,3,1,ask
bought,1,1,1,0,0,0,0,0,0,0,0,0,0,0,0,16,16,0.10095625,6,1,bought
week,1,0,0,1,0,0,0,0,0,0,0,0,0,0,0,16,16,0.06968125,4,1,week
insisted,0,1,0,0,0,0,0,0,0,0,0,0,0,0,0,16,16,0.004906250000000008,8,1,insisted
porch,1,0,0,0,0,0,0,0,0,0,0,0,0,0,0,16,16,0.13056875,5,1,porch
wait,1,1,0,0,0,0,0,0,0,0,0,0,0,0,0,16,16,0.18300625000000004,4,1,wait
coat,1,1,0,0,0,0,0,0,0,0,0,0,0,0,0,16,16,0.08044375,4,1,coat
nodded,0,1,0,0,0,0,0,0,0,0,0,0,0,0,0,16,16,0.06387499999999999,6,1,nodded
believe,0,1,0,0,0,0,0,0,0,0,0,0,0,0,0,16,16,0.09541874999999997,7,1,believe
live,0,1,1,1,0,0,0,0,0,0,0,0,0,0,0,16,15,0.013906250000000012,4,1,live
book,1,1,0,0,0,0,0,0,0,0,0,0,0,0,0,16,16,0.0730875,4,1,book
sent,1,1,1,0,0,0,0,0,0,0,0,0,0,0,0,16,16,0.191525,4,1,sent
somebody,1,0,0,0,0,0,0,0,1,0,0,0,0,0,1,16,16,0.06746875,8,1,somebody
street,1,0,0,0,0,0,0,0,0,0,0,0,0,0,0,16,16,0.07201250000000001,6,1,street
tomorrow,1,0,0,1,0,0,0,0,0,0,0,0,0,0,0,15,15,0.05924666666666667,8,1,tomorrow
cars,1,0,0,0,0,0,0,0,0,0,0,0,0,0,0,15,15,0.07010666666666666,4,1,cars
train,1,1,0,0,0,0,0,0,0,0,0,0,0,0,0,15,15,-0.11473333333333334,5,1,train
reached,0,1,0,0,0,0,0,0,0,0,0,0,0,0,0,15,15,0.06063999999999999,7,1,reached
cody,1,0,0,0,0,0,0,0,0,0,0,0,0,0,0,15,13,0.09261333333333331,4,1,cody
stared,0,1,0,0,0,0,0,0,0,0,0,0,0,0,0,15,15,0.059813333333333336,6,1,stared
floor,1,0,0,0,0,0,0,0,0,0,0,0,0,0,0,15,15,-0.14644000000000001,5,1,floor
drove,1,1,0,0,0,0,0,0,0,0,0,0,0,0,0,15,15,-0.053880000000000004,5,1,drove
glanced,0,1,0,0,0,0,0,0,0,0,0,0,0,0,0,15,15,0.02562,7,1,glanced
close,1,1,1,1,0,0,0,0,0,0,0,0,0,0,0,15,15,0.07828666666666667,5,1,close
words,1,0,0,0,0,0,0,0,0,0,0,0,0,0,0,15,15,0.15762,5,1,words
really,0,0,0,1,0,0,0,0,0,0,0,0,0,0,0,15,15,-0.09868666666666667,6,1,really
already,0,0,0,1,0,0,0,0,0,0,0,0,0,0,0,15,15,0.34897333333333336,7,1,already
least,1,0,1,1,0,0,0,0,0,0,0,0,0,0,0,15,15,0.13584666666666667,5,1,least
immediately,0,0,0,1,0,0,1,0,0,0,0,0,0,0,0,15,15,0.19848666666666667,11,1,immediately
leaned,0,1,0,0,0,0,0,0,0,0,0,0,0,0,0,15,15,0.1668,6,1,leaned
laughed,0,1,0,0,0,0,0,0,0,0,0,0,0,0,0,15,14,0.54886,7,1,laughed
answered,0,0,0,0,0,0,0,0,0,0,0,0,0,0,0,15,15,0.16718666666666668,8,1,answered
isn,0,0,0,0,0,0,0,0,0,0,0,0,0,0,0,15,15,0.25340666666666667,3,1,isn
family,1,0,0,0,0,0,0,0,0,0,0,0,0,0,0,15,14,0.09182666666666668,6,1,family
enough,1,0,1,1,0,0,0,0,0,0,0,0,0,0,0,15,15,-0.07698666666666666,6,1,enough
quickly,0,0,0,1,0,0,0,0,0,0,0,0,0,0,0,15,15,0.11402666666666665,7,1,quickly
outside,1,0,1,1,0,0,0,0,0,0,0,0,0,0,0,15,15,0.19980000000000003,7,1,outside
arm,1,1,0,0,0,0,0,0,0,0,0,0,0,0,0,15,15,0.06046666666666667,3,1,arm
sun,1,1,0,0,0,0,0,0,0,0,0,0,0,0,0,15,14,0.28998666666666667,3,1,sun
speak,1,1,0,0,0,0,0,0,0,0,0,0,0,0,0,15,15,0.14727999999999997,5,1,speak
hall,1,0,0,0,0,0,0,0,0,0,0,0,0,0,0,15,15,-0.0869,4,1,hall
getting,1,1,0,0,0,0,0,0,0,0,0,0,0,0,0,15,15,0.12209333333333333,7,1,getting
george,1,0,0,0,0,0,0,0,0,0,0,0,0,0,0,14,14,0.06785714285714285,6,1,george
cool,1,1,1,1,0,0,0,0,0,0,0,0,0,0,0,14,14,0.4211,4,1,cool
sometimes,0,0,0,1,0,0,0,0,0,0,0,0,0,0,0,14,14,0.13825714285714286,9,1,sometimes
pretty,1,0,1,1,0,0,0,0,0,0,0,0,0,0,0,14,14,0.33902142857142853,6,1,pretty
crazy,1,0,1,0,0,0,0,0,0,0,0,0,0,0,0,14,14,-0.27475714285714287,5,1,crazy
less,0,0,1,1,0,0,0,0,0,0,0,0,0,0,0,14,13,-0.16765000000000002,4,1,less
heat,1,1,0,0,0,0,0,0,0,0,0,0,0,0,0,14,14,-0.16159285714285712,4,1,heat
oxford,1,0,0,0,0,0,0,0,0,0,0,0,0,0,0,14,14,-0.0034785714285714233,6,1,oxford
minutes,1,0,0,0,0,0,0,0,0,0,0,0,0,0,0,14,14,-0.06656428571428571,7,1,minutes
followed,0,1,0,0,0,0,0,0,0,0,0,0,0,0,0,14,14,0.20513571428571428,8,1,followed
stop,1,1,0,0,0,0,0,0,0,0,0,0,0,0,0,14,14,-0.3261285714285714,4,1,stop
care,1,1,0,0,0,0,0,0,0,0,0,0,0,0,0,14,14,0.6039785714285715,4,1,care
suit,1,1,0,0,0,0,0,0,0,0,0,0,0,0,0,14,14,0.14827142857142858,4,1,suit
catherine,0,0,0,0,0,0,0,0,0,0,0,0,0,0,0,14,14,-0.026042857142857152,9,1,catherine
explained,0,1,0,0,0,0,0,0,0,0,0,0,0,0,0,14,14,0.009771428571428582,9,1,explained
held,0,1,1,0,0,0,0,0,0,0,0,0,0,0,0,14,14,0.4142857142857143,4,1,held
mouth,1,1,0,0,0,0,0,0,0,0,0,0,0,0,0,14,14,0.12184285714285714,5,1,mouth
cold,1,0,1,1,0,0,0,0,0,0,0,0,0,0,0,14,14,0.055907142857142864,4,1,cold
longer,1,0,1,1,0,0,0,0,0,0,0,0,0,0,0,14,14,-0.13923571428571432,6,1,longer
pale,1,1,1,0,0,0,0,0,0,0,0,0,0,0,0,14,13,-0.17213571428571425,4,1,pale
trees,1,1,0,0,0,0,0,0,0,0,0,0,0,0,0,14,13,0.16604285714285713,5,1,trees
arrived,0,1,0,0,0,0,0,0,0,0,0,0,0,0,0,14,13,-0.1311857142857143,7,1,arrived
husband,1,0,0,0,0,0,0,0,0,0,0,0,0,0,0,14,14,0.0375357142857143,7,1,husband
hundred,1,0,1,0,0,0,0,0,0,0,0,0,0,0,0,14,12,-0.018642857142857128,7,1,hundred
rooms,1,0,0,0,0,0,0,0,0,0,0,0,0,0,0,13,12,0.4144769230769231,5,1,rooms
grass,1,1,0,0,0,0,0,0,0,0,0,0,0,0,0,13,13,0.041323076923076914,5,1,grass
ran,0,1,0,0,0,0,0,0,0,0,0,0,0,0,0,13,13,0.23500000000000004,3,1,ran
talk,1,1,0,0,0,0,0,0,0,0,0,0,0,0,0,13,13,0.11123076923076923,4,1,talk
dan,1,0,0,0,0,0,0,0,0,0,0,0,0,0,0,13,12,0.05584615384615385,3,1,dan
known,1,0,1,0,0,0,0,0,0,0,0,0,0,0,0,13,13,0.059638461538461536,5,1,known
lunch,1,1,0,0,0,0,0,0,0,0,0,0,0,0,0,13,13,0.004269230769230769,5,1,lunch
continued,0,1,1,0,0,0,0,0,0,0,0,0,0,0,0,13,13,0.1047,9,1,continued
deep,1,0,1,1,0,0,0,0,0,0,0,0,0,0,0,13,13,0.12135384615384613,4,1,deep
nice,1,0,1,0,0,0,0,0,0,0,0,0,0,0,0,13,13,0.32189999999999996,4,1,nice
boy,1,0,0,0,0,0,0,0,0,0,0,0,0,0,0,13,13,0.04083846153846154,3,1,boy
leaving,0,1,0,0,0,0,0,0,0,0,0,0,0,0,0,13,13,0.18354615384615386,7,1,leaving
policeman,1,0,0,0,0,0,0,0,0,0,0,0,0,0,0,13,13,0.0245,9,1,policeman
effort,1,0,0,0,0,0,0,0,0,0,0,0,0,0,0,13,13,0.18103076923076925,6,1,effort
smiled,0,1,0,0,0,0,0,0,0,0,0,0,0,0,0,13,12,0.6254538461538461,6,1,smiled
either,0,0,0,1,0,0,1,0,0,0,0,0,0,0,1,13,13,0.07975384615384615,6,1,either
arms,1,1,0,0,0,0,0,0,0,0,0,0,0,0,0,13,13,-0.07056923076923076,4,1,arms
wind,1,1,0,0,0,0,0,0,0,0,0,0,0,0,0,13,13,0.01133076923076923,4,1,wind
lay,1,1,1,0,0,0,0,0,0,0,0,0,0,0,0,13,13,0.17753846153846153,3,1,lay
run,1,1,0,0,0,0,0,0,0,0,0,0,0,0,0,13,13,0.16390769230769228,3,1,run
taking,0,1,1,0,0,0,0,0,0,0,0,0,0,0,0,13,13,0.0028076923076923057,6,1,taking
person,1,0,0,0,0,0,0,0,0,0,0,0,0,0,0,13,13,0.16664615384615383,6,1,person
suggested,0,1,1,0,0,0,0,0,0,0,0,0,0,0,0,13,13,0.0658846153846154,9,1,suggested
sister,1,0,1,0,0,0,0,0,0,0,0,0,0,0,0,13,11,0.2199769230769231,6,1,sister
sight,1,1,0,0,0,0,0,0,0,0,0,0,0,0,0,13,13,0.02862307692307693,5,1,sight
sit,1,1,0,0,0,0,0,0,0,0,0,0,0,0,0,13,13,0.057630769230769235,3,1,sit
pulled,0,1,1,0,0,0,0,0,0,0,0,0,0,0,0,13,13,0.031976923076923076,6,1,pulled
change,1,1,0,0,0,0,0,0,0,0,0,0,0,0,0,13,12,0.20973076923076922,6,1,change
laughter,1,0,0,0,0,0,0,0,0,0,0,0,0,0,0,13,13,0.47505384615384616,8,1,laughter
stand,1,1,0,0,0,0,0,0,0,0,0,0,0,0,0,13,13,-0.009823076923076922,5,1,stand
late,1,0,1,1,0,0,0,0,0,0,0,0,0,0,0,13,13,0.03032307692307693,4,1,late
war,1,1,1,1,0,0,0,0,0,0,0,0,0,0,0,13,13,-0.5218307692307692,3,1,war
forward,1,1,1,1,0,0,0,0,0,0,0,0,0,0,0,13,12,0.3123000000000001,7,1,forward
dinner,1,0,0,0,0,0,0,0,0,0,0,0,0,0,0,12,12,0.037899999999999996,6,1,dinner
work,1,1,0,0,0,0,0,0,0,0,0,0,0,0,0,12,12,-0.07609166666666667,4,1,work
low,1,0,1,1,0,0,0,0,0,0,0,0,0,0,0,12,12,0.012733333333333327,3,1,low
coup,1,0,0,0,0,0,0,0,0,0,0,0,0,0,0,12,12,-0.02106666666666666,4,1,coup
phone,1,0,0,0,0,0,0,0,0,0,0,0,0,0,0,12,12,0.08044166666666668,5,1,phone
mine,1,1,0,0,0,0,0,0,0,0,0,0,0,0,1,12,12,-0.008416666666666671,4,1,mine
whispered,0,0,1,0,0,0,0,0,0,0,0,0,0,0,0,12,12,0.28218333333333334,9,1,whispered
faces,1,1,0,0,0,0,0,0,0,0,0,0,0,0,0,12,11,-0.14469166666666666,5,1,faces
single,1,1,1,0,0,0,0,0,0,0,0,0,0,0,0,12,12,0.20899999999999994,6,1,single
added,0,1,1,0,0,0,0,0,0,0,0,0,0,0,0,12,12,-0.01291666666666666,5,1,added
finally,0,0,0,1,0,0,0,0,0,0,0,0,0,0,0,12,12,-0.1650083333333333,7,1,finally
doing,1,1,0,0,0,0,0,0,0,0,0,0,0,0,0,12,10,0.16355,5,1,doing
certain,0,0,1,1,0,0,0,0,1,0,0,0,0,0,0,12,11,0.4428666666666667,7,1,certain
drink,1,1,0,0,0,0,0,0,0,0,0,0,0,0,0,12,12,0.06004166666666668,5,1,drink
fifty,1,0,1,0,0,0,0,0,0,0,0,0,0,0,0,12,12,0.0015166666666666707,5,1,fifty
kept,0,1,1,0,0,0,0,0,0,0,0,0,0,0,0,12,12,-0.05371666666666666,4,1,kept
shoulder,1,1,0,0,0,0,0,0,0,0,0,0,0,0,0,12,12,0.14975000000000002,8,1,shoulder
pool,1,1,0,0,0,0,0,0,0,0,0,0,0,0,0,12,12,-0.06895833333333333,4,1,pool
raised,0,1,1,0,0,0,0,0,0,0,0,0,0,0,0,12,12,0.16019999999999998,6,1,raised
jay,1,0,0,0,0,0,0,0,0,0,0,0,0,0,0,12,12,0.21937500000000001,3,1,jay
leave,1,1,0,0,0,0,0,0,0,0,0,0,0,0,0,12,12,-0.030466666666666666,5,1,leave
anyhow,0,0,0,1,0,0,0,0,0,0,0,0,0,0,0,12,12,-0.024466666666666675,6,1,anyhow
somewhere,1,0,0,1,0,0,0,0,1,0,0,0,0,0,0,12,12,-0.021874999999999995,9,1,somewhere
dead,1,0,1,1,0,0,0,0,0,0,0,0,0,0,0,12,12,-0.4067666666666667,4,1,dead
play,1,1,1,0,0,0,0,0,0,0,0,0,0,0,0,12,12,0.3693166666666667,4,1,play
both,0,0,1,0,0,0,1,0,0,0,0,0,0,0,1,12,12,-0.08124166666666667,4,1,both
nose,1,1,0,0,0,0,0,0,0,0,0,0,0,0,0,12,12,-0.14,4,1,nose
forever,1,0,0,1,0,0,0,0,0,0,0,0,0,0,0,12,11,0.1916,7,1,forever
curious,0,0,1,0,0,0,0,0,0,0,0,0,0,0,0,12,12,0.297825,7,1,curious
hurried,0,0,1,0,0,0,0,0,0,0,0,0,0,0,0,12,12,-0.11355,7,1,hurried
understand,0,1,0,0,0,0,0,0,0,0,0,0,0,0,0,12,12,-0.1667416666666667,10,1,understand
killed,0,1,0,0,0,0,0,0,0,0,0,0,0,0,0,12,12,-0.571225,6,1,killed
crowd,1,1,0,0,0,0,0,0,0,0,0,0,0,0,0,12,11,0.046291666666666675,5,1,crowd
since,0,0,0,1,0,0,1,0,0,0,0,0,0,0,0,12,12,0.22818333333333332,5,1,since
turning,1,1,1,0,0,0,0,0,0,0,0,0,0,0,0,12,11,0.017316666666666664,7,1,turning
mind,1,1,0,0,0,0,0,0,0,0,0,0,0,0,0,11,10,0.10859999999999999,4,1,mind
glad,0,0,1,0,0,0,0,0,0,0,0,0,0,0,0,11,11,0.5669181818181819,4,1,glad
real,1,0,1,1,0,0,0,0,0,0,0,0,0,0,0,11,11,-0.004981818181818184,4,1,real
second,1,1,1,1,0,0,0,0,0,0,0,0,0,0,0,11,11,0.14120909090909092,6,1,second
taxi,1,1,0,0,0,0,0,0,0,0,0,0,0,0,0,11,11,0.2876090909090909,4,1,taxi
quality,1,0,1,0,0,0,0,0,0,0,0,0,0,0,0,11,11,0.1250181818181818,7,1,quality
wild,1,0,1,1,0,0,0,0,0,0,0,0,0,0,0,11,11,0.26687272727272726,4,1,wild
repeated,0,1,1,0,0,0,0,0,0,0,0,0,0,0,0,11,11,0.16221818181818182,8,1,repeated
silver,1,1,1,0,0,0,0,0,0,0,0,0,0,0,0,11,10,0.07010909090909091,6,1,silver
remarked,0,0,0,0,0,0,0,0,0,0,0,0,0,0,0,11,11,0.08754545454545455,8,1,remarked
de,1,0,0,0,0,0,0,0,0,0,0,0,0,0,0,11,11,0.245,2,1,de
lips,0,0,0,0,0,0,0,0,0,0,0,0,0,0,0,11,11,0.2432909090909091,4,1,lips
rest,1,1,0,0,0,0,0,0,0,0,0,0,0,0,0,11,11,0.03941818181818184,4,1,rest
having,1,1,0,0,0,0,0,0,0,0,0,0,0,0,0,11,11,0.20212727272727274,6,1,having
wall,1,1,0,0,0,0,0,0,0,0,0,0,0,0,0,11,11,-0.07862727272727271,4,1,wall
fine,1,0,1,1,0,0,0,0,0,0,0,0,0,0,0,11,11,0.2504272727272727,4,1,fine
lived,0,1,1,0,0,0,0,0,0,0,0,0,0,0,0,11,11,0.2185181818181818,5,1,lived
middle,1,1,1,0,0,0,0,0,0,0,0,0,0,0,0,11,11,0.14085454545454545,6,1,middle
breath,1,0,0,0,0,0,0,0,0,0,0,0,0,0,0,11,11,0.3082090909090909,6,1,breath
beyond,0,0,0,1,0,0,0,0,0,0,0,0,0,0,0,11,10,-0.1192090909090909,6,1,beyond
fingers,1,1,0,0,0,0,0,0,0,0,0,0,0,0,0,11,11,0.14387272727272726,7,1,fingers
sick,1,0,1,0,0,0,0,0,0,0,0,0,0,0,0,11,10,-0.5661545454545455,4,1,sick
large,1,0,1,1,0,0,0,0,0,0,0,0,0,0,0,11,11,0.02881818181818182,5,1,large
bad,1,0,1,1,0,0,0,0,0,0,0,0,0,0,0,11,10,-0.5348090909090909,3,1,bad
station,1,1,0,0,0,0,0,0,0,0,0,0,0,0,0,11,11,0.08320909090909093,7,1,station
couch,1,0,0,0,0,0,0,0,0,0,0,0,0,0,0,11,11,-0.020945454545454545,5,1,couch
voices,1,1,0,0,0,0,0,0,0,0,0,0,0,0,0,11,11,0.31838181818181815,6,1,voices
lost,0,1,1,0,0,0,0,0,0,0,0,0,0,0,0,11,11,-0.16873636363636368,4,1,lost
keep,1,1,0,0,0,0,0,0,0,0,0,0,0,0,0,11,11,0.012390909090909093,4,1,keep
wet,1,1,1,0,0,0,0,0,0,0,0,0,0,0,0,11,11,0.13195454545454546,3,1,wet
asleep,0,0,1,1,0,0,0,0,0,0,0,0,0,0,0,11,11,0.06717272727272727,6,1,asleep
black,1,0,1,0,0,0,0,0,0,0,0,0,0,0,0,11,11,-0.014318181818181815,5,1,black
gatz,0,0,0,0,0,0,0,0,0,0,0,0,0,0,0,11,11,0.13419999999999999,4,1,gatz
read,1,1,1,0,0,0,0,0,0,0,0,0,0,0,0,11,11,0.15541818181818182,4,1,read
thirty,1,0,1,0,0,0,0,0,0,0,0,0,0,0,0,11,11,-0.10254545454545451,6,1,thirty
picture,1,1,0,0,0,0,0,0,0,0,0,0,0,0,0,11,11,0.009700000000000002,7,1,picture
parties,1,1,0,0,0,0,0,0,0,0,0,0,0,0,0,11,11,0.4679727272727273,7,1,parties
tea,1,0,0,0,0,0,0,0,0,0,0,0,0,0,0,11,11,0.13266363636363637,3,1,tea
story,1,0,0,0,0,0,0,0,0,0,0,0,0,0,0,11,10,-0.12856363636363632,5,1,story
line,1,1,0,0,0,0,0,0,0,0,0,0,0,0,0,11,11,0.028163636363636366,4,1,line
lights,1,1,0,0,0,0,0,0,0,0,0,0,0,0,0,11,11,-0.0473,6,1,lights
warm,1,1,1,0,0,0,0,0,0,0,0,0,0,0,0,11,11,0.42728181818181826,4,1,warm
question,1,1,0,0,0,0,0,0,0,0,0,0,0,0,0,10,10,-0.06846999999999999,8,1,question
upstairs,1,0,1,1,0,0,0,0,0,0,0,0,0,0,0,10,10,0.06415000000000001,8,1,upstairs
moon,1,1,0,0,0,0,0,0,0,0,0,0,0,0,0,10,10,0.10184,4,1,moon
mother,1,1,0,0,0,0,0,0,0,0,0,0,0,0,0,10,10,0.18999000000000002,6,1,mother
lovely,1,0,1,0,0,0,0,0,0,0,0,0,0,0,0,10,10,0.47695999999999994,6,1,lovely
aware,0,0,1,0,0,0,0,0,0,0,0,0,0,0,0,10,10,0.15728999999999999,5,1,aware
move,1,1,0,0,0,0,0,0,0,0,0,0,0,0,0,10,10,0.29461000000000004,4,1,move
funny,1,0,1,1,0,0,0,0,0,0,0,0,0,0,0,10,10,0.51781,5,1,funny
father,1,0,0,0,0,0,0,0,0,0,0,0,0,0,0,10,10,-0.03591000000000001,6,1,father
feel,1,1,0,0,0,0,0,0,0,0,0,0,0,0,0,10,10,0.25944999999999996,4,1,feel
driving,1,1,1,0,0,0,0,0,0,0,0,0,0,0,0,10,10,0.013570000000000004,7,1,driving
forget,0,1,0,0,0,0,0,0,0,0,0,0,0,0,0,10,10,-0.09914,6,1,forget
faintly,0,0,0,1,0,0,0,0,0,0,0,0,0,0,0,10,10,0.13187,7,1,faintly
turn,1,1,0,0,0,0,0,0,0,0,0,0,0,0,0,10,10,-0.039349999999999996,4,1,turn
glass,1,1,0,0,0,0,0,0,0,0,0,0,0,0,0,10,10,-0.01781,5,1,glass
enormous,0,0,1,0,0,0,0,0,0,0,0,0,0,0,0,10,10,0.30387000000000003,8,1,enormous
should,1,0,0,0,0,0,0,0,0,1,0,0,0,0,0,10,10,0.12464999999999997,6,1,should
coming,1,1,1,0,0,0,0,0,0,0,0,0,0,0,0,10,10,0.08454999999999999,6,1,coming
sloane,0,0,0,0,0,0,0,0,0,0,0,0,0,0,0,10,10,0.06473,6,1,sloane
surprised,0,1,1,0,0,0,0,0,0,0,0,0,0,0,0,10,10,0.34446000000000004,9,1,surprised
touch,1,1,0,0,0,0,0,0,0,0,0,0,0,0,0,10,10,-0.12813999999999998,5,1,touch
colored,1,0,1,0,0,0,0,0,0,0,0,0,0,0,0,10,10,0.17371000000000003,7,1,colored
ten,1,0,1,0,0,0,0,0,0,0,0,0,0,0,0,10,10,0.02389,3,1,ten
does,1,1,0,0,1,0,0,0,0,0,0,0,0,0,0,10,10,0.13172,4,1,does
part,1,0,1,1,0,0,0,0,0,0,0,0,0,0,0,10,9,0.03465,4,1,part
saying,1,1,0,0,0,0,0,0,0,0,0,0,0,0,0,10,10,0.03411000000000001,6,1,saying
dust,1,1,0,0,0,0,0,0,0,0,0,0,0,0,0,10,10,0.07504000000000002,4,1,dust
rang,0,1,0,0,0,0,0,0,0,0,0,0,0,0,0,10,10,0.08427,4,1,rang
wire,1,1,0,0,0,0,0,0,0,0,0,0,0,0,0,10,9,0.11271,4,1,wire
everybody,0,0,0,0,0,0,0,0,0,0,0,0,0,0,1,10,10,0.10315,9,1,everybody
moving,0,1,1,0,0,0,0,0,0,0,0,0,0,0,0,10,10,-0.012240000000000001,6,1,moving
broken,0,1,1,0,0,0,0,0,0,0,0,0,0,0,0,10,10,-0.26338000000000006,6,1,broken
silence,1,1,0,0,0,0,0,0,0,0,0,0,0,0,0,10,9,-0.17076,7,1,silence
forgotten,1,1,1,0,0,0,0,0,0,0,0,0,0,0,0,10,10,-0.017370000000000017,9,1,forgotten
please,0,1,0,1,0,0,0,0,0,0,0,0,0,0,0,10,10,0.06364,6,1,please
wants,0,1,0,0,0,0,0,0,0,0,0,0,0,0,0,10,10,0.14357999999999999,5,1,wants
happen,0,1,0,1,0,0,0,0,0,0,0,0,0,0,0,10,10,-0.06597,6,1,happen
carraway,0,0,0,0,0,0,0,0,0,0,0,0,0,0,0,10,10,0.060230000000000006,8,1,carraway
wheel,1,1,0,0,0,0,0,0,0,0,0,0,0,0,0,10,10,-0.09119,5,1,wheel
taken,0,1,1,0,0,0,0,0,0,0,0,0,0,0,0,10,10,-0.024220000000000002,5,1,taken
drug,1,1,0,0,0,0,0,0,0,0,0,0,0,0,0,10,9,-0.059199999999999996,4,1,drug
kind,1,0,1,0,0,0,0,0,0,0,0,0,0,0,0,10,10,0.21613999999999994,4,1,kind
point,1,1,0,0,0,0,0,0,0,0,0,0,0,0,0,10,9,0.11607,5,1,point
chapter,1,0,0,0,0,0,0,0,0,0,0,0,0,0,0,10,10,-0.17091,7,1,chapter
gold,1,0,1,0,0,0,0,0,0,0,0,0,0,0,0,10,9,0.23875000000000002,4,1,gold
spoke,1,1,0,0,0,0,0,0,0,0,0,0,0,0,0,10,10,-0.030949999999999995,5,1,spoke
sleep,1,1,0,0,0,0,0,0,0,0,0,0,0,0,0,9,9,0.03521111111111111,5,1,sleep
trouble,1,1,0,0,0,0,0,0,0,0,0,0,0,0,0,9,9,-0.30245555555555553,7,1,trouble
holding,1,1,1,0,0,0,0,0,0,0,0,0,0,0,0,9,9,0.21838888888888888,7,1,holding
ear,1,0,0,0,0,0,0,0,0,0,0,0,0,0,0,9,9,0.11331111111111111,3,1,ear
became,0,1,0,0,0,0,0,0,0,0,0,0,0,0,0,9,9,-0.11933333333333332,6,1,became
kitchen,1,0,0,0,0,0,0,0,0,0,0,0,0,0,0,9,9,0.23233333333333336,7,1,kitchen
meet,1,1,1,0,0,0,0,0,0,0,0,0,0,0,0,9,9,0.10981111111111111,4,1,meet
try,1,1,0,0,0,0,0,0,0,0,0,0,0,0,0,9,9,-0.03792222222222223,3,1,try
scene,1,0,0,0,0,0,0,0,0,0,0,0,0,0,0,9,8,-0.17762222222222224,5,1,scene
listen,0,1,0,0,0,0,0,0,0,0,0,0,0,0,0,9,8,0.1392,6,1,listen
red,1,0,1,0,0,0,0,0,0,0,0,0,0,0,0,9,9,0.32651111111111114,3,1,red
nobody,1,0,0,0,0,0,0,0,0,0,1,0,0,0,1,9,9,-0.08753333333333334,6,1,nobody
sky,1,0,0,0,0,0,0,0,0,0,0,0,0,0,0,9,9,0.15416666666666665,3,1,sky
shape,1,1,0,0,0,0,0,0,0,0,0,0,0,0,0,9,9,0.037299999999999986,5,1,shape
drunk,1,1,1,0,0,0,0,0,0,0,0,0,0,0,0,9,9,-0.16996666666666668,5,1,drunk
slightly,0,0,0,1,0,0,0,0,0,0,0,0,0,0,0,9,9,-0.007366666666666664,8,1,slightly
rich,0,0,1,0,0,0,0,0,0,0,0,0,0,0,0,9,8,0.6213333333333334,4,1,rich
names,1,1,0,0,0,0,0,0,0,0,0,0,0,0,0,9,7,0.33897777777777777,5,1,names
church,1,1,0,0,0,0,0,0,0,0,0,0,0,0,0,9,9,0.13003333333333333,6,1,church
eat,0,1,0,0,0,0,0,0,0,0,0,0,0,0,0,9,9,0.11208888888888888,3,1,eat
lot,1,1,0,1,0,0,0,0,0,0,0,0,0,0,0,9,9,0.027211111111111113,3,1,lot
hardly,0,0,0,1,0,0,0,0,0,0,0,0,0,0,0,9,9,0.03112222222222221,6,1,hardly
laugh,1,1,0,0,0,0,0,0,0,0,0,0,0,0,0,9,9,0.5542222222222223,5,1,laugh
occurred,0,1,0,0,0,0,0,0,0,0,0,0,0,0,0,9,9,0.22230000000000003,8,1,occurred
self,1,0,1,0,0,0,0,0,0,0,0,0,0,0,0,9,9,0.10012222222222222,4,1,self
weeks,1,0,0,0,0,0,0,0,0,0,0,0,0,0,0,9,9,0.0752888888888889,5,1,weeks
exclaimed,0,1,0,0,0,0,0,0,0,0,0,0,0,0,0,9,9,0.04347777777777777,9,1,exclaimed
named,0,1,1,0,0,0,0,0,0,0,0,0,0,0,0,9,9,-0.030177777777777786,5,1,named
start,1,1,0,0,0,0,0,0,0,0,0,0,0,0,0,9,9,0.16464444444444445,5,1,start
corner,1,1,0,0,0,0,0,0,0,0,0,0,0,0,0,9,9,0.06985555555555555,6,1,corner
beach,1,1,0,0,0,0,0,0,0,0,0,0,0,0,0,9,9,0.1969,5,1,beach
whom,0,0,0,0,0,1,0,0,0,0,0,0,0,0,1,9,9,-0.16266666666666665,4,1,whom
beat,1,1,1,0,0,0,0,0,0,0,0,0,0,0,0,9,9,0.07462222222222223,4,1,beat
con,1,0,0,1,0,0,0,0,0,0,0,0,0,0,0,9,9,0.22754444444444444,3,1,con
watch,1,1,0,0,0,0,0,0,0,0,0,0,0,0,0,9,9,-0.04824444444444445,5,1,watch
answer,1,1,0,0,0,0,0,0,0,0,0,0,0,0,0,9,9,-0.0028666666666666667,6,1,answer
trembling,1,1,1,0,0,0,0,0,0,0,0,0,0,0,0,9,9,-0.16454444444444447,9,1,trembling
familiar,1,0,1,0,0,0,0,0,0,0,0,0,0,0,0,9,9,0.10963333333333332,8,1,familiar
biloxi,1,0,0,0,0,0,0,0,0,0,0,0,0,0,0,9,8,-0.08523333333333333,6,1,biloxi
store,1,1,1,0,0,0,0,0,0,0,0,0,0,0,0,9,9,-0.11513333333333334,5,1,store
whose,0,0,0,0,0,0,0,0,0,0,0,0,0,1,1,9,8,0.20936666666666667,5,1,whose
shore,1,1,1,0,0,0,0,0,0,0,0,0,0,0,0,9,9,0.10334444444444443,5,1,shore
chauffeur,1,0,0,0,0,0,0,0,0,0,0,0,0,0,0,9,9,0.12365555555555556,9,1,chauffeur
romantic,1,0,1,0,0,0,0,0,0,0,0,0,0,0,0,9,9,0.3659,8,1,romantic
drew,1,1,0,0,0,0,0,0,0,0,0,0,0,0,0,9,9,0.03616666666666665,4,1,drew
college,1,0,0,0,0,0,0,0,0,0,0,0,0,0,0,9,9,0.052899999999999996,7,1,college
true,1,1,1,1,0,0,0,0,0,0,0,0,0,0,0,9,9,0.2518111111111111,4,1,true
someone,1,0,0,0,0,0,0,0,1,0,0,0,0,0,1,9,9,0.08333333333333333,7,1,someone
twilight,1,0,1,0,0,0,0,0,0,0,0,0,0,0,0,9,9,0.07454444444444444,8,1,twilight
conversation,1,0,0,0,0,0,0,0,0,0,0,0,0,0,0,9,9,0.12443333333333334,12,1,conversation
ly,1,0,0,0,0,0,0,0,0,0,0,0,0,0,0,9,9,0.3826333333333333,2,1,ly
changed,0,1,1,0,0,0,0,0,0,0,0,0,0,0,0,9,9,0.12259999999999999,7,1,changed
pause,1,1,0,0,0,0,0,0,0,0,0,0,0,0,0,9,9,-0.14352222222222222,5,1,pause
wonder,1,1,0,0,0,0,0,0,0,0,0,0,0,0,0,9,9,-0.031822222222222224,6,1,wonder
stayed,0,1,0,0,0,0,0,0,0,0,0,0,0,0,0,9,9,-0.2442,6,1,stayed
child,1,0,0,0,0,0,0,0,0,0,0,0,0,0,0,9,9,-0.0028444444444444598,5,1,child
confused,0,1,1,0,0,0,0,0,0,0,0,0,0,0,0,9,9,-0.19327777777777777,8,1,confused
poor,0,0,1,0,0,0,0,0,0,0,0,0,0,0,0,9,9,-0.19970000000000004,4,1,poor
terrible,0,0,1,0,0,0,0,0,0,0,0,0,0,0,0,9,7,-0.5401111111111112,8,1,terrible
agreed,0,1,1,0,0,0,0,0,0,0,0,0,0,0,0,9,9,0.3332777777777778,6,1,agreed
goodbye,1,0,0,0,0,0,0,0,0,0,0,0,0,0,0,9,9,0.3282111111111111,7,1,goodbye
living,1,1,1,0,0,0,0,0,0,0,0,0,0,0,0,9,9,0.04954444444444444,6,1,living
yet,1,0,0,1,0,0,1,0,0,0,0,0,0,0,0,9,9,0.08186666666666668,3,1,yet
eagerly,0,0,0,1,0,0,0,0,0,0,0,0,0,0,0,9,9,0.3791555555555555,7,1,eagerly
sea,1,0,1,0,0,0,0,0,0,0,0,0,0,0,0,9,9,0.07574444444444445,3,1,sea
library,1,0,0,0,0,0,0,0,0,0,0,0,0,0,0,9,9,-0.006566666666666659,7,1,library
remembered,0,0,1,0,0,0,0,0,0,0,0,0,0,0,0,9,9,0.08971111111111112,10,1,remembered
series,1,0,0,0,0,0,0,0,0,0,0,0,0,0,0,9,9,0.016800000000000002,6,1,series
afraid,0,0,1,0,0,0,0,0,0,0,0,0,0,0,0,9,9,-0.24673333333333336,6,1,afraid
feeling,1,1,1,0,0,0,0,0,0,0,0,0,0,0,0,9,9,-0.043611111111111114,7,1,feeling
talking,0,1,1,0,0,0,0,0,0,0,0,0,0,0,0,9,9,0.4431222222222223,7,1,talking
leaves,1,1,0,0,0,0,0,0,0,0,0,0,0,0,0,8,8,0.07626250000000001,6,1,leaves
color,1,1,1,0,0,0,0,0,0,0,0,0,0,0,0,8,8,0.5140125,5,1,color
soft,1,0,1,1,0,0,0,0,0,0,0,0,0,0,0,8,8,0.23325000000000004,4,1,soft
walking,1,1,1,0,0,0,0,0,0,0,0,0,0,0,0,8,8,0.028787499999999994,7,1,walking
supper,1,0,0,0,0,0,0,0,0,0,0,0,0,0,0,8,8,0.4430875,6,1,supper
absolutely,0,0,0,1,0,0,0,0,0,0,0,0,0,0,0,8,8,0.05217500000000001,10,1,absolutely
fool,1,1,1,0,0,0,0,0,0,0,0,0,0,0,0,8,5,0.019374999999999983,4,1,fool
hello,1,0,0,0,0,0,0,0,0,0,0,0,0,0,0,8,8,-0.0851,5,1,hello
caught,0,1,0,0,0,0,0,0,0,0,0,0,0,0,0,8,8,0.20076249999999998,6,1,caught
bay,1,1,1,0,0,0,0,0,0,0,0,0,0,0,0,8,8,0.2703,3,1,bay
played,0,1,1,0,0,0,0,0,0,0,0,0,0,0,0,8,8,0.2923875,6,1,played
use,1,1,0,0,0,0,0,0,0,0,0,0,0,0,0,8,8,0.234875,3,1,use
done,0,1,1,0,0,0,0,0,0,0,0,0,0,0,0,8,8,0.2622875,4,1,done
gay,1,0,1,0,0,0,0,0,0,0,0,0,0,0,0,8,6,0.4367125,3,1,gay
reach,1,1,0,0,0,0,0,0,0,0,0,0,0,0,0,8,8,0.017474999999999997,5,1,reach
murmur,1,1,0,0,0,0,0,0,0,0,0,0,0,0,0,8,8,-0.0274,6,1,murmur
dim,0,1,1,0,0,0,0,0,0,0,0,0,0,0,0,8,8,0.127275,3,1,dim
sad,0,0,1,0,0,0,0,0,0,0,0,0,0,0,0,8,8,-0.09187500000000001,3,1,sad
smile,1,1,0,0,0,0,0,0,0,0,0,0,0,0,0,8,8,0.49380000000000007,5,1,smile
months,1,0,0,0,0,0,0,0,0,0,0,0,0,0,0,8,8,0.2275875,6,1,months
water,1,1,0,0,0,0,0,0,0,0,0,0,0,0,0,8,8,0.09689999999999999,5,1,water
neither,0,0,1,1,0,0,1,0,0,0,0,0,0,0,1,8,8,0.27875,7,1,neither
died,0,1,0,0,0,0,0,0,0,0,0,0,0,0,0,8,8,-0.399525,4,1,died
during,0,0,0,0,0,0,0,0,0,0,0,0,0,0,0,8,8,-0.19591250000000002,6,1,during
flowers,1,0,0,0,0,0,0,0,0,0,0,0,0,0,0,8,8,0.1384625,7,1,flowers
faint,1,1,1,0,0,0,0,0,0,0,0,0,0,0,0,8,8,0.40171250000000003,5,1,faint
meyer,0,0,0,0,0,0,0,0,0,0,0,0,0,0,0,8,8,0.016800000000000006,5,1,meyer
son,1,0,0,0,0,0,0,0,0,0,0,0,0,0,0,8,7,-0.0987625,3,1,son
quite,1,0,0,1,0,0,0,0,0,0,0,0,0,0,0,8,8,0.0654,5,1,quite
unfamiliar,1,0,1,0,0,0,0,0,0,0,0,0,0,0,0,8,8,-0.21602500000000002,10,1,unfamiliar
interested,0,1,1,0,0,0,0,0,0,0,0,0,0,0,0,8,7,0.45637500000000003,10,1,interested
un,1,0,0,0,0,0,0,0,0,0,0,0,0,0,0,8,8,0.24127500000000002,2,1,un
hesitated,0,1,0,0,0,0,0,0,0,0,0,0,0,0,0,8,8,-0.3499125,9,1,hesitated
motor,1,0,1,0,0,0,0,0,0,0,0,0,0,0,0,8,8,0.026374999999999996,5,1,motor
police,1,0,0,0,0,0,0,0,0,0,0,0,0,0,0,8,8,-0.0054874999999999785,6,1,police
foot,1,1,0,0,0,0,0,0,0,0,0,0,0,0,0,8,8,0.23398749999999996,4,1,foot
sorry,1,0,1,0,0,0,0,0,0,0,0,0,0,0,0,8,8,0.26263749999999997,5,1,sorry
hope,1,1,0,0,0,0,0,0,0,0,0,0,0,0,0,8,8,0.54345,4,1,hope
certainly,0,0,0,1,0,0,0,0,0,0,0,0,0,0,0,8,8,0.1248,9,1,certainly
gate,1,1,0,0,0,0,0,0,0,0,0,0,0,0,0,8,8,0.036025,4,1,gate
calling,1,1,0,0,0,0,0,0,0,0,0,0,0,0,0,8,8,0.0648625,7,1,calling
june,1,0,0,0,0,0,0,0,0,0,0,0,0,0,0,8,7,0.0304875,4,1,june
noon,1,0,0,0,0,0,0,0,0,0,0,0,0,0,0,8,8,-0.04053749999999999,4,1,noon
silent,1,0,1,0,0,0,0,0,0,0,0,0,0,0,0,8,8,0.1382,6,1,silent
human,1,0,1,0,0,0,0,0,0,0,0,0,0,0,0,8,8,0.3667875,5,1,human
dreams,1,1,0,0,0,0,0,0,0,0,0,0,0,0,0,8,8,0.40005,6,1,dreams
crowded,0,1,1,0,0,0,0,0,0,0,0,0,0,0,0,8,8,-0.007287500000000002,7,1,crowded
faded,0,1,1,0,0,0,0,0,0,0,0,0,0,0,0,8,8,0.1393125,5,1,faded
fresh,1,0,1,1,0,0,0,0,0,0,0,0,0,0,0,8,8,0.5567,5,1,fresh
clothes,1,1,0,0,0,0,0,0,0,0,0,0,0,0,0,8,8,0.06283750000000002,7,1,clothes
pushed,0,1,1,0,0,0,0,0,0,0,0,0,0,0,0,8,8,0.08779999999999999,6,1,pushed
closed,0,1,1,0,0,0,0,0,0,0,0,0,0,0,0,8,8,0.1655625,6,1,closed
thick,0,0,1,1,0,0,0,0,0,0,0,0,0,0,0,8,8,-0.117475,5,1,thick
lady,1,0,0,0,0,0,0,0,0,0,0,0,0,0,0,8,8,0.2231625,4,1,lady
often,0,0,1,1,0,0,0,0,0,0,0,0,0,0,0,8,8,-0.1129125,5,1,often
opening,1,0,1,0,0,0,0,0,0,0,0,0,0,0,0,8,8,0.28305,7,1,opening
shadow,1,1,0,0,0,0,0,0,0,0,0,0,0,0,0,8,8,-0.05055,6,1,shadow
music,1,0,0,0,0,0,0,0,0,0,0,0,0,0,0,8,8,0.233675,5,1,music
making,1,1,0,0,0,0,0,0,0,0,0,0,0,0,0,8,8,0.1582875,6,1,making
friends,1,0,0,0,0,0,0,0,0,0,0,0,0,0,0,8,8,0.5132000000000001,7,1,friends
village,1,0,0,0,0,0,0,0,0,0,0,0,0,0,0,8,8,-0.0039124999999999854,7,1,village
houses,1,1,0,0,0,0,0,0,0,0,0,0,0,0,0,8,8,-0.003537500000000006,6,1,houses
doctor,1,1,0,0,0,0,0,0,0,0,0,0,0,0,0,8,8,-0.0627375,6,1,doctor
darkness,1,0,0,0,0,0,0,0,0,0,0,0,0,0,0,8,8,-0.3702375,8,1,darkness
presence,1,0,0,0,0,0,0,0,0,0,0,0,0,0,0,8,8,0.38149999999999995,8,1,presence
filled,0,1,1,0,0,0,0,0,0,0,0,0,0,0,0,8,8,-0.16376249999999998,6,1,filled
strained,0,1,1,0,0,0,0,0,0,0,0,0,0,0,0,8,8,0.06366249999999998,8,1,strained
pair,1,1,0,0,0,0,0,0,0,0,0,0,0,0,0,8,8,0.1034125,4,1,pair
physical,1,0,1,0,0,0,0,0,0,0,0,0,0,0,0,8,8,0.14496250000000002,8,1,physical
thin,1,1,1,1,0,0,0,0,0,0,0,0,0,0,0,8,8,0.0864625,4,1,thin
flat,1,0,1,1,0,0,0,0,0,0,0,0,0,0,0,8,8,-0.021974999999999988,4,1,flat
evidently,0,0,0,1,0,0,0,0,0,0,0,0,0,0,0,8,8,0.11362499999999999,9,1,evidently
buy,1,1,0,0,0,0,0,0,0,0,0,0,0,0,0,8,8,0.011100000000000013,3,1,buy
politely,0,0,0,1,0,0,0,0,0,0,0,0,0,0,0,8,8,0.0908625,8,1,politely
cut,1,1,1,0,0,0,0,0,0,0,0,0,0,0,0,7,7,-0.08140000000000001,3,1,cut
subject,1,1,1,1,0,0,0,0,0,0,0,0,0,0,0,7,7,0.09912857142857144,7,1,subject
realized,0,1,1,0,0,0,0,0,0,0,0,0,0,0,0,7,7,-0.10384285714285717,8,1,realized
hotel,1,0,0,0,0,0,0,0,0,0,0,0,0,0,0,7,7,0.3137428571428571,5,1,hotel
whiskey,1,0,0,0,0,0,0,0,0,0,0,0,0,0,0,7,7,0.00812857142857142,7,1,whiskey
confusion,1,0,0,0,0,0,0,0,0,0,0,0,0,0,0,7,6,-0.4988,9,1,confusion
fall,1,1,0,0,0,0,0,0,0,0,0,0,0,0,0,7,7,0.1031857142857143,4,1,fall
dollars,1,0,0,0,0,0,0,0,0,0,0,0,0,0,0,7,7,0.06291428571428571,7,1,dollars
order,1,1,0,0,0,0,0,0,0,0,0,0,0,0,0,7,7,0.06838571428571429,5,1,order
wrong,1,1,1,1,0,0,0,0,0,0,0,0,0,0,0,7,7,-0.5379857142857143,5,1,wrong
cheerful,0,0,1,0,0,0,0,0,0,0,0,0,0,0,0,7,7,0.4808428571428571,8,1,cheerful
letter,1,1,0,0,0,0,0,0,0,0,0,0,0,0,0,7,7,0.08522857142857143,6,1,letter
overhead,1,0,1,1,0,0,0,0,0,0,0,0,0,0,0,7,7,-0.1636,8,1,overhead
ment,0,0,0,0,0,0,0,0,0,0,0,0,0,0,0,7,7,-0.012857142857142853,4,1,ment
jumped,0,1,0,0,0,0,0,0,0,0,0,0,0,0,0,7,7,-0.05504285714285715,6,1,jumped
till,1,1,0,0,0,0,1,0,0,0,0,0,0,0,0,7,7,0.07004285714285716,4,1,till
looks,1,1,0,0,0,0,0,0,0,0,0,0,0,0,0,7,7,0.2528285714285714,5,1,looks
anybody,0,0,0,0,0,0,0,0,0,0,0,0,0,0,1,7,7,0.1615142857142857,7,1,anybody
tion,0,0,0,0,0,0,0,0,0,0,0,0,0,0,0,7,7,-0.12191428571428571,4,1,tion
neighbor,1,1,1,0,0,0,0,0,0,0,0,0,0,0,0,7,7,-0.22714285714285715,8,1,neighbor
given,1,1,1,0,0,0,0,0,0,0,0,0,0,0,0,7,7,0.039799999999999995,5,1,given
klipspringer,1,0,0,0,0,0,0,0,0,0,0,0,0,0,0,7,7,-0.02334285714285714,12,1,klipspringer
excited,0,1,1,0,0,0,0,0,0,0,0,0,0,0,0,7,7,0.5012571428571428,7,1,excited
help,0,1,0,0,0,0,0,0,0,0,0,0,0,0,0,7,7,0.39141428571428566,4,1,help
p,1,0,0,0,0,0,0,0,0,0,0,0,0,0,0,7,7,0.07962857142857142,1,1,p
lower,0,1,1,0,0,0,0,0,0,0,0,0,0,0,0,7,7,-0.11182857142857142,5,1,lower
complete,0,1,1,0,0,0,0,0,0,0,0,0,0,0,0,7,7,0.09434285714285714,8,1,complete
host,1,1,0,0,0,0,0,0,0,0,0,0,0,0,0,7,7,-0.08972857142857145,4,1,host
disappeared,0,1,0,0,0,0,0,0,0,0,0,0,0,0,0,7,7,-0.3762142857142857,11,1,disappeared
eckleburg,0,0,0,0,0,0,0,0,0,0,0,0,0,0,0,7,7,-0.006699999999999999,9,1,eckleburg
news,1,0,0,0,0,0,0,0,0,0,0,0,0,0,0,7,7,-0.05279999999999997,4,1,news
solemn,0,0,1,0,0,0,0,0,0,0,0,0,0,0,0,7,7,-0.2520428571428571,6,1,solemn
books,1,1,0,0,0,0,0,0,0,0,0,0,0,0,0,7,7,0.02414285714285714,5,1,books
above,1,0,1,1,0,0,0,0,0,0,0,0,0,0,0,7,7,-0.07438571428571429,5,1,above
else,0,0,1,1,0,0,1,0,0,0,0,0,0,0,0,7,7,0.003371428571428597,4,1,else
month,1,0,0,0,0,0,0,0,0,0,0,0,0,0,0,7,7,0.0057142857142857195,5,1,month
louisville,1,0,0,0,0,0,0,0,0,0,0,0,0,0,0,7,7,0.15552857142857143,10,1,louisville
fellow,1,0,1,0,0,0,0,0,0,0,0,0,0,0,0,7,7,0.17585714285714285,6,1,fellow
scarcely,0,0,0,1,0,0,0,0,0,0,0,0,0,0,0,7,7,0.27281428571428573,8,1,scarcely
beauty,1,0,0,0,0,0,0,0,0,0,0,0,0,0,0,7,7,0.49997142857142857,6,1,beauty
object,1,1,0,0,0,0,0,0,0,0,0,0,0,0,0,7,7,-0.23249999999999998,6,1,object
remark,1,0,0,0,0,0,0,0,0,0,0,0,0,0,0,7,7,0.07889999999999998,6,1,remark
fantastic,0,0,1,0,0,0,0,0,0,0,0,0,0,0,0,7,7,0.6092857142857143,9,1,fantastic
coffee,1,0,0,0,0,0,0,0,0,0,0,0,0,0,0,7,7,-0.05718571428571429,6,1,coffee
guests,1,0,0,0,0,0,0,0,0,0,0,0,0,0,0,7,7,0.07318571428571428,6,1,guests
impression,1,0,0,0,0,0,0,0,0,0,0,0,0,0,0,7,7,0.48395714285714286,10,1,impression
twenty,1,0,1,0,0,0,0,0,0,0,0,0,0,0,0,7,7,0.34797142857142854,6,1,twenty
montenegro,1,0,0,0,0,0,0,0,0,0,0,0,0,0,0,7,6,0.3562285714285714,10,1,montenegro
however,0,0,0,1,0,0,1,0,0,0,0,0,0,0,0,7,7,0.1416,7,1,however
wide,1,0,1,1,0,0,0,0,0,0,0,0,0,0,0,7,7,0.05787142857142858,4,1,wide
control,1,1,0,0,0,0,0,0,0,0,0,0,0,0,0,7,7,0.08299999999999999,7,1,control
sharply,0,0,0,1,0,0,0,0,0,0,0,0,0,0,0,7,7,-0.12855714285714287,7,1,sharply
hours,1,0,0,0,0,0,0,0,0,0,0,0,0,0,0,7,7,-0.13237142857142858,5,1,hours
gas,1,1,0,0,0,0,0,0,0,0,0,0,0,0,0,7,7,0.11992857142857143,3,1,gas
says,1,1,0,0,0,0,0,0,0,0,0,0,0,0,0,7,7,-0.005099999999999992,4,1,says
edge,1,1,1,0,0,0,0,0,0,0,0,0,0,0,0,7,7,0.014485714285714293,4,1,edge
blew,0,1,0,0,0,0,0,0,0,0,0,0,0,0,0,7,6,0.0638,4,1,blew
row,1,1,0,0,0,0,0,0,0,0,0,0,0,0,0,7,7,-0.07901428571428572,3,1,row
drawing,1,1,0,0,0,0,0,0,0,0,0,0,0,0,0,7,7,-0.19504285714285713,7,1,drawing
urged,0,1,0,0,0,0,0,0,0,0,0,0,0,0,0,7,7,0.056485714285714285,5,1,urged
champagne,1,0,0,0,0,0,0,0,0,0,0,0,0,0,0,7,7,0.3097142857142857,9,1,champagne
dropped,0,1,1,0,0,0,0,0,0,0,0,0,0,0,0,7,7,0.24307142857142858,7,1,dropped
engaged,0,1,1,0,0,0,0,0,0,0,0,0,0,0,0,7,7,0.4713142857142857,7,1,engaged
servants,1,0,0,0,0,0,0,0,0,0,0,0,0,0,0,7,7,-0.07522857142857142,8,1,servants
driver,1,0,0,0,0,0,0,0,0,0,0,0,0,0,0,7,6,-0.5400857142857144,6,1,driver
ness,1,0,0,0,0,0,0,0,0,0,0,0,0,0,0,7,7,0.4225,4,1,ness
whereupon,0,0,0,1,0,0,1,0,0,0,0,0,0,0,0,7,7,0.18101428571428574,9,1,whereupon
today,1,0,0,1,0,0,0,0,0,0,0,0,0,0,0,7,7,-0.04378571428571428,5,1,today
invited,0,1,1,0,0,0,0,0,0,0,0,0,0,0,0,7,7,0.08562857142857143,7,1,invited
brown,1,1,1,0,0,0,0,0,0,0,0,0,0,0,0,7,7,0.29368571428571427,5,1,brown
weren,0,0,0,0,0,0,0,0,0,0,0,0,0,0,0,7,6,0.24389999999999998,5,1,weren
yourself,1,0,0,0,0,0,0,0,0,0,0,0,0,0,1,7,7,0.03065714285714285,8,1,yourself
abruptly,0,0,0,1,0,0,0,0,0,0,0,0,0,0,0,7,7,0.13015714285714286,8,1,abruptly
shirts,1,1,0,0,0,0,0,0,0,0,0,0,0,0,0,7,6,-0.042771428571428585,6,1,shirts
sharp,1,0,1,1,0,0,0,0,0,0,0,0,0,0,0,7,7,0.3192857142857143,5,1,sharp
threw,0,1,0,0,0,0,0,0,0,0,0,0,0,0,0,7,7,0.00794285714285714,5,1,threw
glance,1,1,0,0,0,0,0,0,0,0,0,0,0,0,0,7,7,0.23508571428571431,6,1,glance
near,1,0,1,1,0,0,0,0,0,0,0,0,0,0,0,7,7,0.049885714285714276,4,1,near
secret,1,0,1,0,0,0,0,0,0,0,0,0,0,0,0,7,7,0.07504285714285712,6,1,secret
golf,1,1,0,0,0,0,0,0,0,0,0,0,0,0,0,7,7,0.15767142857142855,4,1,golf
best,1,0,1,1,0,0,0,0,0,0,0,0,0,0,0,7,7,0.7310999999999999,4,1,best
thinking,1,1,1,0,0,0,0,0,0,0,0,0,0,0,0,7,7,0.21747142857142857,8,1,thinking
able,0,0,1,0,0,0,0,0,0,0,0,0,0,0,0,7,7,0.3738428571428572,4,1,able
show,1,1,0,0,0,0,0,0,0,0,0,0,0,0,0,7,7,0.21194285714285716,4,1,show
apartment,1,0,0,0,0,0,0,0,0,0,0,0,0,0,0,7,7,-0.028614285714285703,9,1,apartment
whenever,0,0,0,0,0,0,1,0,0,0,0,0,0,0,0,7,7,-0.024314285714285715,8,1,whenever
step,1,1,0,0,0,0,0,0,0,0,0,0,0,0,0,6,6,0.16906666666666667,4,1,step
third,1,0,1,1,0,0,0,0,0,0,0,0,0,0,0,6,6,-0.14543333333333333,5,1,third
pink,1,1,1,0,0,0,0,0,0,0,0,0,0,0,0,6,6,0.2543,4,1,pink
rested,0,1,1,0,0,0,0,0,0,0,0,0,0,0,0,6,6,-0.09513333333333333,6,1,rested
kissed,0,1,0,0,0,0,0,0,0,0,0,0,0,0,0,6,6,0.6368333333333333,6,1,kissed
ice,1,1,0,0,0,0,0,0,0,0,0,0,0,0,0,6,6,0.011616666666666664,3,1,ice
orchestra,1,0,0,0,0,0,0,0,0,0,0,0,0,0,0,6,6,0.08848333333333332,9,1,orchestra
sounded,0,1,1,0,0,0,0,0,0,0,0,0,0,0,0,6,6,0.20698333333333332,7,1,sounded
restless,0,0,1,0,0,0,0,0,0,0,0,0,0,0,0,6,6,0.10204999999999999,8,1,restless
request,1,1,0,0,0,0,0,0,0,0,0,0,0,0,0,6,6,0.29591666666666666,7,1,request
included,0,1,1,0,0,0,0,0,0,0,0,0,0,0,0,6,6,0.020550000000000002,8,1,included
tears,1,1,0,0,0,0,0,0,0,0,0,0,0,0,0,6,6,-0.33316666666666667,5,1,tears
song,1,0,0,0,0,0,0,0,0,0,0,0,0,0,0,6,6,0.026883333333333325,4,1,song
afterward,0,0,0,1,0,0,0,0,0,0,0,0,0,0,0,6,6,0.29023333333333334,9,1,afterward
view,1,1,0,0,0,0,0,0,0,0,0,0,0,0,0,6,5,0.009583333333333333,4,1,view
stay,1,1,0,0,0,0,0,0,0,0,0,0,0,0,0,6,6,0.04933333333333333,4,1,stay
waiting,0,1,1,0,0,0,0,0,0,0,0,0,0,0,0,6,6,-0.3692166666666667,7,1,waiting
movements,1,0,0,0,0,0,0,0,0,0,0,0,0,0,0,6,6,0.08666666666666667,9,1,movements
stiff,1,0,1,1,0,0,0,0,0,0,0,0,0,0,0,6,6,-0.1496666666666667,5,1,stiff
instead,0,0,0,1,0,0,0,0,0,0,0,0,0,0,0,6,6,0.23051666666666668,7,1,instead
strange,0,0,1,1,0,0,0,0,0,0,0,0,0,0,0,6,6,-0.10606666666666668,7,1,strange
floated,0,1,0,0,0,0,0,0,0,0,0,0,0,0,0,6,6,-0.046349999999999995,7,1,floated
movement,1,0,0,0,0,0,0,0,0,0,0,0,0,0,0,6,6,0.043716666666666654,8,1,movement
children,1,0,0,0,0,0,0,0,0,0,0,0,0,0,0,6,6,0.3890166666666666,8,1,children
truth,1,0,0,0,0,0,0,0,0,0,0,0,0,0,0,6,6,0.06061666666666666,5,1,truth
bottle,1,1,0,0,0,0,0,0,0,0,0,0,0,0,0,6,6,0.1867,6,1,bottle
park,1,1,0,0,0,0,0,0,0,0,0,0,0,0,0,6,6,-0.10725,4,1,park
figure,1,1,0,0,0,0,0,0,0,0,0,0,0,0,0,6,6,0.19316666666666668,6,1,figure
newspaper,1,0,0,0,0,0,0,0,0,0,0,0,0,0,0,6,6,-0.046883333333333325,9,1,newspaper
dream,1,1,0,0,0,0,0,0,0,0,0,0,0,0,0,6,6,-0.009700000000000005,5,1,dream
affair,1,0,0,0,0,0,0,0,0,0,0,0,0,0,0,6,6,-0.04766666666666666,6,1,affair
h,1,0,0,0,0,0,0,0,0,0,0,0,0,0,0,6,4,0.33113333333333334,1,1,h
dresses,0,1,0,0,0,0,0,0,0,0,0,0,0,0,0,6,6,0.3254333333333333,7,1,dresses
beneath,0,0,0,1,0,0,0,0,0,0,0,0,0,0,0,6,6,0.15745,7,1,beneath
appeared,0,1,0,0,0,0,0,0,0,0,0,0,0,0,0,6,6,0.04375000000000001,8,1,appeared
piece,1,1,0,0,0,0,0,0,0,0,0,0,0,0,0,6,6,-0.16398333333333334,5,1,piece
promise,1,1,0,0,0,0,0,0,0,0,0,0,0,0,0,6,6,0.7001499999999999,7,1,promise
james,1,0,0,0,0,0,0,0,0,0,0,0,0,0,0,6,6,0.1727,5,1,james
grew,0,1,0,0,0,0,0,0,0,0,0,0,0,0,0,6,6,0.13778333333333334,4,1,grew
singing,1,1,1,0,0,0,0,0,0,0,0,0,0,0,0,6,6,0.13674999999999998,7,1,singing
autumn,1,0,1,0,0,0,0,0,0,0,0,0,0,0,0,6,6,0.18633333333333332,6,1,autumn
may,1,0,0,0,0,0,0,0,0,1,0,0,0,0,0,6,6,0.17745,3,1,may
returned,0,1,0,0,0,0,0,0,0,0,0,0,0,0,0,6,6,-0.00288333333333333,8,1,returned
shaking,1,1,1,0,0,0,0,0,0,0,0,0,0,0,0,6,6,-0.31466666666666665,7,1,shaking
goes,1,1,0,0,0,0,0,0,0,0,0,0,0,0,0,6,6,-0.057383333333333335,4,1,goes
curtains,1,1,0,0,0,0,0,0,0,0,0,0,0,0,0,6,6,-0.006216666666666658,8,1,curtains
lucille,0,0,0,0,0,0,0,0,0,0,0,0,0,0,0,6,6,-0.1244,7,1,lucille
particular,1,0,1,0,0,0,0,0,0,0,0,0,0,0,0,6,6,-0.005566666666666674,10,1,particular
rosy,0,0,1,0,0,0,0,0,0,0,0,0,0,0,0,6,6,0.06646666666666667,4,1,rosy
pardon,1,1,0,0,0,0,0,0,0,0,0,0,0,0,0,6,6,0.1866833333333333,6,1,pardon
thousand,1,0,1,0,0,0,0,0,0,0,0,0,0,0,0,6,6,0.27645000000000003,8,1,thousand
drawn,0,1,1,0,0,0,0,0,0,0,0,0,0,0,0,6,6,0.06065000000000001,5,1,drawn
helped,0,1,0,0,0,0,0,0,0,0,0,0,0,0,0,6,6,0.08325,6,1,helped
cry,1,1,0,0,0,0,0,0,0,0,0,0,0,0,0,6,6,-0.35390000000000005,3,1,cry
guessed,0,1,0,0,0,0,0,0,0,0,0,0,0,0,0,6,6,-0.12431666666666667,7,1,guessed
funeral,1,0,0,0,0,0,0,0,0,0,0,0,0,0,0,6,6,-0.14586666666666667,7,1,funeral
assured,0,1,1,0,0,0,0,0,0,0,0,0,0,0,0,6,6,0.29016666666666663,7,1,assured
owl,1,0,0,0,0,0,0,0,0,0,0,0,0,0,0,6,6,0.14405,3,1,owl
eyed,0,1,1,0,0,0,0,0,0,0,0,0,0,0,0,6,6,0.09421666666666666,4,1,eyed
liked,0,1,1,0,0,0,0,0,0,0,0,0,0,0,0,6,6,0.3455166666666667,5,1,liked
trust,1,1,0,0,0,0,0,0,0,0,0,0,0,0,0,6,6,0.20570000000000008,5,1,trust
impatiently,0,0,0,1,0,0,0,0,0,0,0,0,0,0,0,6,6,-0.5066666666666667,11,1,impatiently
whatever,0,0,1,0,0,0,0,0,0,0,0,0,1,0,0,6,5,0.001583333333333344,8,1,whatever
ghostly,0,0,1,0,0,0,0,0,0,0,0,0,0,0,0,6,6,0.18453333333333333,7,1,ghostly
objected,0,1,0,0,0,0,0,0,0,0,0,0,0,0,0,6,6,-0.03955,8,1,objected
present,1,1,1,0,0,0,0,0,0,0,0,0,0,0,0,6,6,0.17283333333333337,7,1,present
accident,1,0,0,0,0,0,0,0,0,0,0,0,0,0,0,6,6,-0.1881166666666667,8,1,accident
nine,1,0,1,0,0,0,0,0,0,0,0,0,0,0,0,6,6,0.18106666666666668,4,1,nine
j,1,0,0,0,0,0,0,0,0,0,0,0,0,0,0,6,6,0.060200000000000004,1,1,j
neck,1,1,0,0,0,0,0,0,0,0,0,0,0,0,0,6,6,0.17363333333333333,4,1,neck
spring,1,1,1,0,0,0,0,0,0,0,0,0,0,0,0,6,6,0.09636666666666667,6,1,spring
soon,0,0,0,1,0,0,0,0,0,0,0,0,0,0,0,6,6,0.06785000000000001,4,1,soon
muttered,0,0,0,0,0,0,0,0,0,0,0,0,0,0,0,6,6,0.08778333333333332,8,1,muttered
herself,0,0,0,0,0,0,0,0,0,0,0,0,0,0,1,6,6,-0.10751666666666669,7,1,herself
casually,0,0,0,1,0,0,0,0,0,0,0,0,0,0,0,6,6,0.49363333333333337,8,1,casually
circle,1,1,0,0,0,0,0,0,0,0,0,0,0,0,0,6,6,0.06605000000000001,6,1,circle
accepted,0,1,1,0,0,0,0,0,0,0,0,0,0,0,0,6,6,0.26535,8,1,accepted
pleasant,1,0,1,0,0,0,0,0,0,0,0,0,0,0,0,6,6,0.5948333333333334,8,1,pleasant
lavender,1,0,1,0,0,0,0,0,0,0,0,0,0,0,0,6,6,0.48490000000000005,8,1,lavender
invisible,1,0,1,0,0,0,0,0,0,0,0,0,0,0,0,6,6,0.03018333333333334,9,1,invisible
loud,0,0,1,1,0,0,0,0,0,0,0,0,0,0,0,6,6,0.045033333333333335,4,1,loud
within,0,0,0,1,0,0,0,0,0,0,0,0,0,0,0,6,6,-0.2868,6,1,within
wondered,0,0,0,0,0,0,0,0,0,0,0,0,0,0,0,6,6,-0.04125000000000001,8,1,wondered
tree,1,1,0,0,0,0,0,0,0,0,0,0,0,0,0,6,6,0.2455166666666667,4,1,tree
case,1,1,0,0,0,0,0,0,0,0,0,0,0,0,0,6,6,0.16561666666666666,4,1,case
bridge,1,1,0,0,0,0,0,0,0,0,0,0,0,0,0,6,6,0.3723999999999999,6,1,bridge
nineteen,1,0,1,0,0,0,0,0,0,0,0,0,0,0,0,6,5,0.13951666666666665,8,1,nineteen
mint,1,1,1,0,0,0,0,0,0,0,0,0,0,0,0,6,6,0.10231666666666665,4,1,mint
grotesque,1,0,1,0,0,0,0,0,0,0,0,0,0,0,0,6,6,-0.0037166666666666646,9,1,grotesque
believed,0,1,0,0,0,0,0,0,0,0,0,0,0,0,0,6,6,0.2905,8,1,believed
dance,1,1,0,0,0,0,0,0,0,0,0,0,0,0,0,6,6,0.046866666666666675,5,1,dance
copy,1,1,0,0,0,0,0,0,0,0,0,0,0,0,0,6,6,-0.12480000000000001,4,1,copy
beginning,1,1,1,0,0,0,0,0,0,0,0,0,0,0,0,6,6,0.08668333333333333,9,1,beginning
backward,0,0,1,1,0,0,0,0,0,0,0,0,0,0,0,6,5,-0.03058333333333334,8,1,backward
walk,1,1,0,0,0,0,0,0,0,0,0,0,0,0,0,6,6,-0.020766666666666656,4,1,walk
polite,0,0,1,0,0,0,0,0,0,0,0,0,0,0,0,6,6,0.24125,6,1,polite
distance,1,1,0,0,0,0,0,0,0,0,0,0,0,0,0,6,6,0.17288333333333336,8,1,distance
casual,1,0,1,0,0,0,0,0,0,0,0,0,0,0,0,6,6,0.3662833333333333,6,1,casual
mad,0,0,1,0,0,0,0,0,0,0,0,0,0,0,0,6,6,-0.3249333333333333,3,1,mad
six,1,0,1,0,0,0,0,0,0,0,0,0,0,0,0,6,6,0.10988333333333333,3,1,six
dawn,1,1,0,0,0,0,0,0,0,0,0,0,0,0,0,6,6,0.14104999999999998,4,1,dawn
attention,1,0,0,0,0,0,0,0,0,0,0,0,0,0,0,6,6,0.08986666666666665,9,1,attention
shining,1,1,1,0,0,0,0,0,0,0,0,0,0,0,0,6,6,0.4493666666666667,7,1,shining
boat,1,1,0,0,0,0,0,0,0,0,0,0,0,0,0,6,6,0.12126666666666668,4,1,boat
ashes,0,1,0,0,0,0,0,0,0,0,0,0,0,0,0,6,4,0.2613833333333333,5,1,ashes
early,1,0,1,1,0,0,0,0,0,0,0,0,0,0,0,6,6,0.08911666666666669,5,1,early
damp,1,1,1,0,0,0,0,0,0,0,0,0,0,0,0,6,6,0.5443666666666668,4,1,damp
dressed,0,1,1,0,0,0,0,0,0,0,0,0,0,0,0,6,6,0.40496666666666664,7,1,dressed
beautiful,0,0,1,0,0,0,0,0,0,0,0,0,0,0,0,6,6,0.46668333333333334,9,1,beautiful
obviously,0,0,0,1,0,0,0,0,0,0,0,0,0,0,0,6,6,-0.11621666666666668,9,1,obviously
vanished,0,1,1,0,0,0,0,0,0,0,0,0,0,0,0,6,6,0.20063333333333336,8,1,vanished
finding,1,1,0,0,0,0,0,0,0,0,0,0,0,0,0,6,6,0.20204999999999998,7,1,finding
apparently,0,0,0,1,0,0,0,0,0,0,0,0,0,0,0,6,6,-0.04933333333333333,10,1,apparently
reason,1,1,0,0,0,0,0,0,0,0,0,0,0,0,0,6,6,0.034216666666666666,6,1,reason
stretched,0,1,1,0,0,0,0,0,0,0,0,0,0,0,0,6,6,0.1518,9,1,stretched
staring,0,1,1,1,0,0,0,0,0,0,0,0,0,0,0,6,6,-0.15173333333333333,7,1,staring
mistake,1,1,0,0,0,0,0,0,0,0,0,0,0,0,0,6,5,-0.30500000000000005,7,1,mistake
twelve,1,0,1,0,0,0,0,0,0,0,0,0,0,0,0,5,5,0.08418,6,1,twelve
profound,0,0,1,0,0,0,0,0,0,0,0,0,0,0,0,5,5,0.26736,8,1,profound
comes,0,1,0,0,0,0,0,0,0,0,0,0,0,0,0,5,5,0.11052,5,1,comes
cocktails,1,0,0,0,0,0,0,0,0,0,0,0,0,0,0,5,5,0.13141999999999998,9,1,cocktails
excitement,1,0,0,0,0,0,0,0,0,0,0,0,0,0,0,5,5,0.4755,10,1,excitement
glasses,1,1,0,0,0,0,0,0,0,0,0,0,0,0,0,5,5,-0.023440000000000006,7,1,glasses
following,1,1,1,0,0,0,0,0,0,0,0,0,0,0,0,5,5,0.06606,9,1,following
address,1,1,0,0,0,0,0,0,0,0,0,0,0,0,0,5,5,0.06552,7,1,address
probably,0,0,0,1,0,0,0,0,0,0,0,0,0,0,0,5,5,0.10124,8,1,probably
sunlight,1,0,0,0,0,0,0,0,0,0,0,0,0,0,0,5,5,-0.0005800000000000027,8,1,sunlight
continually,0,0,0,1,0,0,0,0,0,0,0,0,0,0,0,5,5,-0.03227999999999999,11,1,continually
beating,1,1,1,0,0,0,0,0,0,0,0,0,0,0,0,5,5,-0.22708,7,1,beating
movies,1,0,0,0,0,0,0,0,0,0,0,0,0,0,0,5,5,0.17526000000000003,6,1,movies
act,1,1,0,0,0,0,0,0,0,0,0,0,0,0,0,5,5,0.11138000000000003,3,1,act
basket,1,0,0,0,0,0,0,0,0,0,0,0,0,0,0,5,5,0.33432,6,1,basket
moonlight,1,1,0,0,0,0,0,0,0,0,0,0,0,0,0,5,5,-0.13378,9,1,moonlight
throw,1,1,0,0,0,0,0,0,0,0,0,0,0,0,0,5,5,0.16436,5,1,throw
shoes,1,1,0,0,0,0,0,0,0,0,0,0,0,0,0,5,5,-0.057800000000000004,5,1,shoes
country,1,0,1,0,0,0,0,0,0,0,0,0,0,0,0,5,5,0.04382000000000002,7,1,country
careless,0,0,1,0,0,0,0,0,0,0,0,0,0,0,0,5,5,-0.60078,8,1,careless
pick,1,1,0,0,0,0,0,0,0,0,0,0,0,0,0,5,5,0.429,4,1,pick
thanks,1,1,0,0,0,0,0,0,0,0,0,0,0,0,0,5,5,0.16538,6,1,thanks
grave,1,0,1,1,0,0,0,0,0,0,0,0,0,0,0,5,5,-0.12477999999999997,5,1,grave
yard,1,0,0,0,0,0,0,0,0,0,0,0,0,0,0,5,5,0.133,4,1,yard
list,1,1,0,0,0,0,0,0,0,0,0,0,0,0,0,5,5,-0.0524,4,1,list
square,1,1,1,1,0,0,0,0,0,0,0,0,0,0,0,5,5,0.0032400000000000094,6,1,square
various,0,0,1,0,0,0,0,0,0,0,0,0,0,0,0,5,5,0.24314,7,1,various
startled,0,1,1,0,0,0,0,0,0,0,0,0,0,0,0,5,5,0.01958000000000002,8,1,startled
slender,0,0,1,0,0,0,0,0,0,0,0,0,0,0,0,5,5,0.20494000000000004,7,1,slender
touched,0,1,1,0,0,0,0,0,0,0,0,0,0,0,0,5,5,0.15028,7,1,touched
begun,0,1,0,0,0,0,0,0,0,0,0,0,0,0,0,5,5,0.046079999999999996,5,1,begun
elevator,1,0,0,0,0,0,0,0,0,0,0,0,0,0,0,5,5,0.056380000000000006,8,1,elevator
leaning,1,1,1,0,0,0,0,0,0,0,0,0,0,0,0,5,5,-0.34049999999999997,7,1,leaning
gardens,1,1,0,0,0,0,0,0,0,0,0,0,0,0,0,5,5,0.53566,7,1,gardens
american,1,0,1,0,0,0,0,0,0,0,0,0,0,0,0,5,5,-0.16894,8,1,american
army,1,0,0,0,0,0,0,0,0,0,0,0,0,0,0,5,5,-0.1368,4,1,army
intimate,1,1,1,0,0,0,0,0,0,0,0,0,0,0,0,5,4,0.07456000000000002,8,1,intimate
mounted,0,1,1,0,0,0,0,0,0,0,0,0,0,0,0,5,5,0.1845,7,1,mounted
excitedly,0,0,0,1,0,0,0,0,0,0,0,0,0,0,0,5,5,0.15482,9,1,excitedly
star,1,1,1,0,0,0,0,0,0,0,0,0,0,0,0,5,5,0.1282,4,1,star
difference,1,0,0,0,0,0,0,0,0,0,0,0,0,0,0,5,4,-0.09008,10,1,difference
picked,0,1,1,0,0,0,0,0,0,0,0,0,0,0,0,5,5,-0.054700000000000006,6,1,picked
jimmy,1,0,0,0,0,0,0,0,0,0,0,0,0,0,0,5,5,0.13816,5,1,jimmy
mixed,0,1,1,0,0,0,0,0,0,0,0,0,0,0,0,5,5,-0.03876000000000002,5,1,mixed
ar,1,0,0,0,0,0,0,0,0,0,0,0,0,0,0,5,5,-0.14294,2,1,ar
understood,0,1,1,0,0,0,0,0,0,0,0,0,0,0,0,5,5,0.5637800000000001,10,1,understood
meant,0,1,0,0,0,0,0,0,0,0,0,0,0,0,0,5,5,0.03617999999999999,5,1,meant
superior,1,0,1,0,0,0,0,0,0,0,0,0,0,0,0,5,5,0.43628,8,1,superior
dis,1,0,0,0,0,0,0,0,0,0,0,0,0,0,0,5,5,-0.1137,3,1,dis
hat,1,1,0,0,0,0,0,0,0,0,0,0,0,0,0,5,5,0.4180400000000001,3,1,hat
waved,0,1,1,0,0,0,0,0,0,0,0,0,0,0,0,5,5,0.40684000000000003,5,1,waved
top,1,1,1,0,0,0,0,0,0,0,0,0,0,0,0,5,5,0.14828000000000002,3,1,top
rushed,0,1,1,0,0,0,0,0,0,0,0,0,0,0,0,5,5,-0.10325999999999999,6,1,rushed
spread,1,1,1,0,0,0,0,0,0,0,0,0,0,0,0,5,5,0.12957999999999997,6,1,spread
golden,0,0,1,0,0,0,0,0,0,0,0,0,0,0,0,5,5,0.14194,6,1,golden
stars,1,1,0,0,0,0,0,0,0,0,0,0,0,0,0,5,5,0.23476,5,1,stars
also,0,0,0,1,0,0,0,0,0,0,0,0,0,0,0,5,5,-0.05464,4,1,also
pockets,1,1,0,0,0,0,0,0,0,0,0,0,0,0,0,5,5,-0.055080000000000004,7,1,pockets
nurse,1,1,0,0,0,0,0,0,0,0,0,0,0,0,0,5,5,-0.005079999999999985,5,1,nurse
emerged,0,1,0,0,0,0,0,0,0,0,0,0,0,0,0,5,5,-0.0843,7,1,emerged
knows,1,1,0,0,0,0,0,0,0,0,0,0,0,0,0,5,5,-0.06772,5,1,knows
doubt,1,1,0,0,0,0,0,0,0,0,0,0,0,0,0,5,5,0.041120000000000004,5,1,doubt
sudden,1,0,1,1,0,0,0,0,0,0,0,0,0,0,0,5,5,0.14686000000000002,6,1,sudden
incredulously,0,0,0,1,0,0,0,0,0,0,0,0,0,0,0,5,5,-0.15272,13,1,incredulously
convinced,0,0,1,0,0,0,0,0,0,0,0,0,0,0,0,5,5,0.22397999999999998,9,1,convinced
tight,0,0,1,1,0,0,0,0,0,0,0,0,0,0,0,5,5,0.05832,5,1,tight
straw,1,1,1,0,0,0,0,0,0,0,0,0,0,0,0,5,5,-0.2294,5,1,straw
age,1,1,0,0,0,0,0,0,0,0,0,0,0,0,0,5,4,0.5488,3,1,age
throwing,0,1,0,0,0,0,0,0,0,0,0,0,0,0,0,5,5,-0.0033599999999999962,8,1,throwing
chance,1,1,1,0,0,0,0,0,0,0,0,0,0,0,0,5,5,0.28146,6,1,chance
lap,1,1,0,0,0,0,0,0,0,0,0,0,0,0,0,5,5,0.22274000000000002,3,1,lap
become,0,1,0,0,0,0,0,0,0,0,0,0,0,0,0,5,5,0.26258,6,1,become
quiet,1,0,1,1,0,0,0,0,0,0,0,0,0,0,0,5,5,-0.08082,5,1,quiet
discovered,0,0,1,0,0,0,0,0,0,0,0,0,0,0,0,5,5,0.07416,10,1,discovered
force,1,1,0,0,0,0,0,0,0,0,0,0,0,0,0,5,5,0.16252,5,1,force
gorgeous,0,0,1,0,0,0,0,0,0,0,0,0,0,0,0,5,5,0.7043600000000001,8,1,gorgeous
alive,0,0,1,0,0,0,0,0,0,0,0,0,0,0,0,5,5,0.4809799999999999,5,1,alive
changing,0,1,1,0,0,0,0,0,0,0,0,0,0,0,0,5,5,0.11364,8,1,changing
listening,1,0,1,0,0,0,0,0,0,0,0,0,0,0,0,5,5,0.07738,9,1,listening
automobiles,1,1,0,0,0,0,0,0,0,0,0,0,0,0,0,5,5,0.013639999999999996,11,1,automobiles
vitality,1,0,0,0,0,0,0,0,0,0,0,0,0,0,0,5,5,0.36084,8,1,vitality
b,1,0,0,0,0,0,0,0,0,0,0,0,0,0,0,5,5,0.09878,1,1,b
covered,0,0,1,0,0,0,0,0,0,0,0,0,0,0,0,5,5,0.22164,7,1,covered
blind,1,1,1,1,0,0,0,0,0,0,0,0,0,0,0,5,5,-0.30293999999999993,5,1,blind
waiter,1,0,0,0,0,0,0,0,0,0,0,0,0,0,0,5,5,-0.041479999999999996,6,1,waiter
per,0,0,0,0,0,0,0,0,0,0,0,0,0,0,0,5,5,0.45616,3,1,per
maybe,1,0,0,1,0,0,0,0,0,0,0,0,0,0,0,5,5,0.18686,5,1,maybe
groaning,1,1,1,0,0,0,0,0,0,0,0,0,0,0,0,5,5,-0.25248,8,1,groaning
mansion,1,0,0,0,0,0,0,0,0,0,0,0,0,0,0,5,5,0.14892,7,1,mansion
seven,1,0,1,0,0,0,0,0,0,0,0,0,0,0,0,5,5,-0.01038,5,1,seven
baedeker,1,0,0,0,0,0,0,0,0,0,0,0,0,0,0,5,5,-0.45722000000000007,8,1,baedeker
husky,1,0,1,0,0,0,0,0,0,0,0,0,0,0,0,5,5,0.007079999999999975,5,1,husky
glowing,1,1,1,0,0,0,0,0,0,0,0,0,0,0,0,5,5,0.36516000000000004,7,1,glowing
reluctant,0,0,1,0,0,0,0,0,0,0,0,0,0,0,0,5,5,0.01472,9,1,reluctant
ale,1,0,0,0,0,0,0,0,0,0,0,0,0,0,0,5,5,-0.12016,3,1,ale
photograph,1,1,0,0,0,0,0,0,0,0,0,0,0,0,0,5,5,0.24585999999999997,10,1,photograph
yacht,1,1,0,0,0,0,0,0,0,0,0,0,0,0,0,5,5,0.46602,5,1,yacht
pieces,1,1,0,0,0,0,0,0,0,0,0,0,0,0,0,5,5,-0.24068,6,1,pieces
leather,1,1,0,0,0,0,0,0,0,0,0,0,0,0,0,5,5,-0.03062,7,1,leather
gats,1,0,0,0,0,0,0,0,0,0,0,0,0,0,0,5,5,0.19644,4,1,gats
gathered,0,0,1,0,0,0,0,0,0,0,0,0,0,0,0,5,5,0.3625,8,1,gathered
surprise,1,1,0,0,0,0,0,0,0,0,0,0,0,0,0,5,5,0.38675999999999994,8,1,surprise
excuse,1,1,0,0,0,0,0,0,0,0,0,0,0,0,0,5,5,0.008840000000000025,6,1,excuse
interest,1,1,0,0,0,0,0,0,0,0,0,0,0,0,0,5,5,0.06105999999999999,8,1,interest
lifted,0,1,1,0,0,0,0,0,0,0,0,0,0,0,0,5,5,-0.08356,6,1,lifted
position,1,1,0,0,0,0,0,0,0,0,0,0,0,0,0,5,5,0.029379999999999996,8,1,position
memory,1,0,0,0,0,0,0,0,0,0,0,0,0,0,0,5,5,0.1408,6,1,memory
cigarettes,1,0,0,0,0,0,0,0,0,0,0,0,0,0,0,5,5,0.24098000000000003,10,1,cigarettes
pocket,1,1,0,0,0,0,0,0,0,0,0,0,0,0,0,5,5,0.21608,6,1,pocket
bedroom,1,0,0,0,0,0,0,0,0,0,0,0,0,0,0,5,5,-0.20875999999999997,7,1,bedroom
hundreds,1,0,0,0,0,0,0,0,0,0,0,0,0,0,0,5,5,0.22102,8,1,hundreds
interrupted,0,1,1,0,0,0,0,0,0,0,0,0,0,0,0,5,5,-0.34828000000000003,11,1,interrupted
mile,1,0,0,1,0,0,0,0,0,0,0,0,0,0,0,5,5,0.08040000000000001,4,1,mile
history,1,0,0,0,0,0,0,0,0,0,0,0,0,0,0,5,5,0.15014,7,1,history
cousin,1,0,0,1,0,0,0,0,0,0,0,0,0,0,0,5,5,-0.1244,6,1,cousin
ride,1,1,0,0,0,0,0,0,0,0,0,0,0,0,0,5,5,0.0843,4,1,ride
shot,1,1,1,0,0,0,0,0,0,0,0,0,0,0,0,5,5,-0.16514,4,1,shot
nervous,0,0,1,0,0,0,0,0,0,0,0,0,0,0,0,5,5,-0.28206,7,1,nervous
canvas,1,1,0,0,0,0,0,0,0,0,0,0,0,0,0,5,5,0.035960000000000006,6,1,canvas
common,1,0,1,0,0,0,0,0,0,0,0,0,0,0,0,5,5,0.09969999999999998,6,1,common
brick,1,0,1,0,0,0,0,0,0,0,0,0,0,0,0,5,5,-0.26582,5,1,brick
spot,1,1,0,0,0,0,0,0,0,0,0,0,0,0,0,5,5,0.5711799999999999,4,1,spot
information,1,0,0,0,0,0,0,0,0,0,0,0,0,0,0,5,5,-0.13018000000000002,11,1,information
polo,1,0,0,0,0,0,0,0,0,0,0,0,0,0,0,5,5,0.46078,4,1,polo
eye,1,1,0,0,0,0,0,0,0,0,0,0,0,0,0,5,4,-0.051960000000000006,3,1,eye
drank,0,1,0,0,0,0,0,0,0,0,0,0,0,0,0,5,5,-0.18628,5,1,drank
ahead,0,0,1,1,0,0,0,0,0,0,0,0,0,0,0,5,5,0.19688,5,1,ahead
lie,1,1,0,0,0,0,0,0,0,0,0,0,0,0,0,5,5,-0.18367999999999998,3,1,lie
cause,1,1,0,0,0,0,0,0,0,0,0,0,0,0,0,5,5,0.016620000000000003,5,1,cause
gradually,0,0,0,1,0,0,0,0,0,0,0,0,0,0,0,5,5,0.12594,9,1,gradually
wan,1,1,1,0,0,0,0,0,0,0,0,0,0,0,0,5,5,0.17218,3,1,wan
death,1,0,0,0,0,0,0,0,0,0,0,0,0,0,0,5,5,-0.4513000000000001,5,1,death
beg,1,1,0,0,0,0,0,0,0,0,0,0,0,0,0,5,5,0.16038,3,1,beg
drifted,0,1,0,0,0,0,0,0,0,0,0,0,0,0,0,5,5,0.49362000000000006,7,1,drifted
persistent,0,0,1,0,0,0,0,0,0,0,0,0,0,0,0,5,5,-0.07302000000000002,10,1,persistent
personal,1,0,1,0,0,0,0,0,0,0,0,0,0,0,0,5,5,0.2331,8,1,personal
dai,0,0,0,0,0,0,0,0,0,0,0,0,0,0,0,5,5,0.32802,3,1,dai
worried,0,1,1,0,0,0,0,0,0,0,0,0,0,0,0,5,5,-0.44348,7,1,worried
violently,0,0,0,1,0,0,0,0,0,0,0,0,0,0,0,5,5,-0.6829000000000001,9,1,violently
receiver,1,0,0,0,0,0,0,0,0,0,0,0,0,0,0,5,5,-0.06364,8,1,receiver
france,1,0,0,0,0,0,0,0,0,0,0,0,0,0,0,5,5,0.14804,6,1,france
tone,1,1,0,0,0,0,0,0,0,0,0,0,0,0,0,5,5,-0.01904,4,1,tone
stepped,0,1,0,0,0,0,0,0,0,0,0,0,0,0,0,5,5,-0.12498000000000001,7,1,stepped
shock,1,1,1,0,0,0,0,0,0,0,0,0,0,0,0,5,5,-0.1482,5,1,shock
ga,0,0,0,0,0,0,0,0,0,0,0,0,0,0,0,5,5,-0.30672,2,0,ga
snapped,0,1,0,0,0,0,0,0,0,0,0,0,0,0,0,5,5,0.08230000000000001,7,1,snapped
midnight,1,0,0,1,0,0,0,0,0,0,0,0,0,0,0,5,5,0.31458,8,1,midnight
upper,1,0,1,0,0,0,0,0,0,0,0,0,0,0,0,5,5,0.26412,5,1,upper
vague,1,0,1,0,0,0,0,0,0,0,0,0,0,0,0,5,5,-0.024340000000000018,5,1,vague
definitely,0,0,0,1,0,0,0,0,0,0,0,0,0,0,0,5,5,-0.15397999999999995,10,1,definitely
saturday,1,0,0,0,0,0,0,0,0,0,0,0,0,0,0,5,5,0.17173999999999998,8,1,saturday
downstairs,0,0,1,1,0,0,0,0,0,0,0,0,0,0,0,5,5,0.039200000000000006,10,1,downstairs
aloud,0,0,0,1,0,0,0,0,0,0,0,0,0,0,0,5,5,0.32833999999999997,5,1,aloud
suggestion,1,0,0,0,0,0,0,0,0,0,0,0,0,0,0,5,5,-0.013820000000000008,10,1,suggestion
emotion,1,0,0,0,0,0,0,0,0,0,0,0,0,0,0,5,5,0.029220000000000003,7,1,emotion
weather,1,1,1,0,0,0,0,0,0,0,0,0,0,0,0,5,5,0.11178000000000002,7,1,weather
watched,0,1,0,0,0,0,0,0,0,0,0,0,0,0,0,5,5,0.27224,7,1,watched
ashheaps,0,0,0,0,0,0,0,0,0,0,0,0,0,0,0,5,5,-0.0027000000000000136,8,1,ashheaps
forty,1,0,1,0,0,0,0,0,0,0,0,0,0,0,0,5,5,0.01544,5,1,forty
future,1,0,1,0,0,0,0,0,0,0,0,0,0,0,0,5,5,0.23584,6,1,future
incessantly,0,0,0,1,0,0,0,0,0,0,0,0,0,0,0,5,5,-0.15409999999999996,11,1,incessantly
sidewalk,1,0,0,0,0,0,0,0,0,0,0,0,0,0,0,5,5,-0.26505999999999996,8,1,sidewalk
murmured,0,0,0,0,0,0,0,0,0,0,0,0,0,0,0,5,5,0.12738,8,1,murmured
com,0,0,0,0,0,0,0,0,0,0,0,0,0,0,0,5,5,0.029100000000000004,3,1,com
supposed,0,1,1,0,0,0,0,0,0,0,0,0,0,0,0,5,5,0.36544,8,1,supposed
bond,1,1,1,0,0,0,0,0,0,0,0,0,0,0,0,5,5,0.20661999999999997,4,1,bond
lying,1,1,1,0,0,0,0,0,0,0,0,0,0,0,0,5,5,-0.40759999999999996,5,1,lying
remained,0,1,0,0,0,0,0,0,0,0,0,0,0,0,0,5,5,0.20644,8,1,remained
intensity,1,0,0,0,0,0,0,0,0,0,0,0,0,0,0,5,5,0.20976,9,1,intensity
marble,1,1,1,0,0,0,0,0,0,0,0,0,0,0,0,5,5,-0.07403999999999997,6,1,marble
hold,1,1,0,0,0,0,0,0,0,0,0,0,0,0,0,5,5,-0.09056,4,1,hold
ter,0,0,0,0,0,0,0,0,0,0,0,0,0,0,0,4,4,0.0903,3,1,ter
slowed,0,1,0,0,0,0,0,0,0,0,0,0,0,0,0,4,4,-0.280775,6,1,slowed
card,1,1,0,0,0,0,0,0,0,0,0,0,0,0,0,4,4,0.21965,4,1,card
slid,0,1,0,0,0,0,0,0,0,0,0,0,0,0,0,4,4,-0.04357500000000001,4,1,slid
impassioned,0,0,1,0,0,0,0,0,0,0,0,0,0,0,0,4,4,-0.128575,11,1,impassioned
sank,0,1,0,0,0,0,0,0,0,0,0,0,0,0,0,4,4,0.08255,4,1,sank
jazz,1,1,0,0,0,0,0,0,0,0,0,0,0,0,0,4,4,0.08329999999999999,4,1,jazz
necessary,1,0,1,0,0,0,0,0,0,0,0,0,0,0,0,4,4,0.06309999999999999,9,1,necessary
happy,0,0,1,0,0,0,0,0,0,0,0,0,0,0,0,4,4,0.610775,5,1,happy
embarrassed,0,1,1,0,0,0,0,0,0,0,0,0,0,0,0,4,3,-0.31122500000000003,11,1,embarrassed
instinct,1,0,1,0,0,0,0,0,0,0,0,0,0,0,0,4,4,0.283425,8,1,instinct
fifth,1,0,1,1,0,0,0,0,0,0,0,0,0,0,0,4,4,0.2782,5,1,fifth
guest,1,0,1,0,0,0,0,0,0,0,0,0,0,0,0,4,4,0.6618499999999999,5,1,guest
strolled,0,1,0,0,0,0,0,0,0,0,0,0,0,0,0,4,4,0.034025,8,1,strolled
panic,1,1,0,0,0,0,0,0,0,0,0,0,0,0,0,4,3,-0.717075,5,1,panic
sion,0,0,0,0,0,0,0,0,0,0,0,0,0,0,0,4,4,0.48605,4,1,sion
rock,1,1,0,0,0,0,0,0,0,0,0,0,0,0,0,4,4,0.501,4,1,rock
hydroplane,1,1,0,0,0,0,0,0,0,0,0,0,0,0,0,4,4,0.079,10,1,hydroplane
frightened,0,0,1,0,0,0,0,0,0,0,0,0,0,0,0,4,4,-0.355525,10,1,frightened
parted,0,0,1,0,0,0,0,0,0,0,0,0,0,0,0,4,4,-0.016599999999999997,6,1,parted
extraordinary,0,0,1,0,0,0,0,0,0,0,0,0,0,0,0,4,3,0.2284,13,1,extraordinary
anxiously,0,0,0,1,0,0,0,0,0,0,0,0,0,0,0,4,4,-0.3019,9,1,anxiously
uniform,1,1,1,0,0,0,0,0,0,0,0,0,0,0,0,4,4,0.44697499999999996,7,1,uniform
gives,0,1,0,0,0,0,0,0,0,0,0,0,0,0,0,4,4,0.10604999999999999,5,1,gives
usually,0,0,0,1,0,0,0,0,0,0,0,0,0,0,0,4,4,-0.147475,7,1,usually
scorn,0,0,0,0,0,0,0,0,0,0,0,0,0,0,0,4,4,-0.137725,5,1,scorn
starting,0,1,1,0,0,0,0,0,0,0,0,0,0,0,0,4,4,0.022250000000000006,8,1,starting
charming,0,1,1,0,0,0,0,0,0,0,0,0,0,0,0,4,4,0.319225,8,1,charming
absolute,1,0,1,0,0,0,0,0,0,0,0,0,0,0,0,4,4,0.226625,8,1,absolute
vivid,1,0,1,0,0,0,0,0,0,0,0,0,0,0,0,4,4,0.262825,5,1,vivid
concealed,0,1,1,0,0,0,0,0,0,0,0,0,0,0,0,4,4,0.332675,9,1,concealed
sy,0,0,0,0,0,0,0,0,0,0,0,0,0,0,0,4,4,0.38434999999999997,2,0,sy
follow,0,1,0,0,0,0,0,0,0,0,0,0,0,0,0,4,4,-0.0625,6,1,follow
instant,1,0,1,1,0,0,0,0,0,0,0,0,0,0,0,4,4,-0.04615,7,1,instant
uneasy,0,0,1,0,0,0,0,0,0,0,0,0,0,0,0,4,4,-0.34102499999999997,6,1,uneasy
innocently,0,0,0,1,0,0,0,0,0,0,0,0,0,0,0,4,4,0.45594999999999997,10,1,innocently
papers,0,1,0,0,0,0,0,0,0,0,0,0,0,0,0,4,4,-0.0547,6,1,papers
number,1,1,0,0,0,0,0,0,0,0,0,0,0,0,0,4,4,0.314325,6,1,number
direction,1,0,0,0,0,0,0,0,0,0,0,0,0,0,0,4,4,-0.160875,9,1,direction
somehow,0,0,0,1,0,0,0,0,0,0,0,0,0,0,0,4,4,-0.2156,7,1,somehow
ended,0,1,1,0,0,0,0,0,0,0,0,0,0,0,0,4,4,-0.142175,5,1,ended
note,1,1,0,0,0,0,0,0,0,0,0,0,0,0,0,4,4,0.174875,4,1,note
crossed,0,1,1,0,0,0,0,0,0,0,0,0,0,0,0,4,4,0.164925,7,1,crossed
kiss,1,1,0,0,0,0,0,0,0,0,0,0,0,0,0,4,4,0.6097,4,1,kiss
worn,0,1,1,0,0,0,0,0,0,0,0,0,0,0,0,4,4,-0.26075,4,1,worn
oggsford,0,0,0,0,0,0,0,0,0,0,0,0,0,0,0,4,4,0.142975,8,1,oggsford
sprang,0,1,0,0,0,0,0,0,0,0,0,0,0,0,0,4,4,0.30667500000000003,6,1,sprang
tipped,0,1,1,0,0,0,0,0,0,0,0,0,0,0,0,4,4,0.34129999999999994,6,1,tipped
chin,1,1,1,0,0,0,0,0,0,0,0,0,0,0,0,4,4,0.194575,4,1,chin
decided,0,1,1,0,0,0,0,0,0,0,0,0,0,0,0,4,4,0.012499999999999983,7,1,decided
angry,0,0,1,0,0,0,0,0,0,0,0,0,0,0,0,4,4,0.148175,5,1,angry
dignified,0,1,1,0,0,0,0,0,0,0,0,0,0,0,0,4,4,0.7524500000000001,9,1,dignified
curiosity,1,0,0,0,0,0,0,0,0,0,0,0,0,0,0,4,4,-0.05365000000000002,9,1,curiosity
yawned,0,1,0,0,0,0,0,0,0,0,0,0,0,0,0,4,4,0.14997499999999997,6,1,yawned
admired,0,1,1,0,0,0,0,0,0,0,0,0,0,0,0,4,3,0.807975,7,1,admired
snow,1,1,0,0,0,0,0,0,0,0,0,0,0,0,0,4,3,0.07955,4,1,snow
cago,0,0,0,0,0,0,0,0,0,0,0,0,0,0,0,4,4,0.0,4,1,cago
chi,1,0,0,0,0,0,0,0,0,0,0,0,0,0,0,4,4,0.0,3,1,chi
ones,1,0,0,0,0,0,0,0,0,0,0,0,0,0,0,4,4,0.2945,4,1,ones
advertisement,1,0,0,0,0,0,0,0,0,0,0,0,0,0,0,4,4,0.22305000000000003,13,1,advertisement
straight,1,0,1,1,0,0,0,0,0,0,0,0,0,0,0,4,3,0.67125,8,1,straight
wondering,1,0,1,0,0,0,0,0,0,0,0,0,0,0,0,4,4,-0.152925,9,1,wondering
drop,1,1,0,0,0,0,0,0,0,0,0,0,0,0,0,4,4,-0.24345,4,1,drop
giving,1,1,1,0,0,0,0,0,0,0,0,0,0,0,0,4,4,0.27622500000000005,6,1,giving
others,1,0,0,0,0,0,0,0,0,0,0,0,0,0,0,4,4,-0.205675,6,1,others
wiped,0,1,0,0,0,0,0,0,0,0,0,0,0,0,0,4,4,-0.29062499999999997,5,1,wiped
smoke,1,1,0,0,0,0,0,0,0,0,0,0,0,0,0,4,4,0.08125,5,1,smoke
em,1,0,0,0,0,0,0,0,0,0,0,0,0,0,0,4,3,0.085,2,1,em
earth,1,1,0,0,0,0,0,0,0,0,0,0,0,0,0,4,4,0.4535,5,1,earth
grow,0,1,0,0,0,0,0,0,0,0,0,0,0,0,0,4,4,0.605575,4,1,grow
sunshine,0,0,0,0,0,0,0,0,0,0,0,0,0,0,0,4,4,0.792425,8,1,sunshine
central,1,0,1,0,0,0,0,0,0,0,0,0,0,0,0,4,4,-0.105375,7,1,central
invite,1,1,0,0,0,0,0,0,0,0,0,0,0,0,0,4,4,0.029825000000000004,6,1,invite
raw,1,0,1,0,0,0,0,0,0,0,0,0,0,0,0,4,4,0.096575,3,1,raw
land,1,1,1,0,0,0,0,0,0,0,0,0,0,0,0,4,4,0.029600000000000015,4,1,land
entered,0,0,0,0,0,0,0,0,0,0,0,0,0,0,0,4,4,0.202325,7,1,entered
further,0,0,1,1,0,0,0,0,0,0,0,0,0,0,0,4,3,-0.64565,7,1,further
connection,1,0,0,0,0,0,0,0,0,0,0,0,0,0,0,4,4,-0.19872499999999998,10,1,connection
amount,1,1,0,0,0,0,0,0,0,0,0,0,0,0,0,4,4,0.261025,6,1,amount
plan,1,1,0,0,0,0,0,0,0,0,0,0,0,0,0,4,4,0.12095,4,1,plan
hulking,0,0,1,0,0,0,0,0,0,0,0,0,0,0,0,4,3,0.14165,7,1,hulking
hate,1,1,0,0,0,0,0,0,0,0,0,0,0,0,0,4,4,-0.48682499999999995,4,1,hate
finger,1,1,0,0,0,0,0,0,0,0,0,0,0,0,0,4,4,0.18935000000000002,6,1,finger
absorbed,0,1,1,0,0,0,0,0,0,0,0,0,0,0,0,4,4,0.10715,8,1,absorbed
europe,1,0,0,0,0,0,0,0,0,0,0,0,0,0,0,4,4,0.298225,6,1,europe
private,1,0,1,0,0,0,0,0,0,0,0,0,0,0,0,4,4,0.004725000000000007,7,1,private
tower,1,0,0,0,0,0,0,0,0,0,0,0,0,0,0,4,4,0.0193,5,1,tower
perfect,1,1,1,0,0,0,0,0,0,0,0,0,0,0,0,4,4,0.2803,7,1,perfect
merely,0,0,0,1,0,0,0,0,0,0,0,0,0,0,0,4,4,0.2182,6,1,merely
determined,0,1,1,0,0,0,0,0,0,0,0,0,0,0,0,4,4,0.45945,10,1,determined
thrown,0,1,1,0,0,0,0,0,0,0,0,0,0,0,0,4,4,0.30674999999999997,6,1,thrown
gardener,1,0,0,0,0,0,0,0,0,0,0,0,0,0,0,4,4,0.0,8,1,gardener
admitted,0,1,1,0,0,0,0,0,0,0,0,0,0,0,0,4,4,-0.024224999999999997,8,1,admitted
shortly,0,0,0,1,0,0,0,0,0,0,0,0,0,0,0,4,4,-0.0903,7,1,shortly
fixed,0,1,1,0,0,0,0,0,0,0,0,0,0,0,0,4,4,-0.295175,5,1,fixed
seventeen,1,0,1,0,0,0,0,0,0,0,0,0,0,0,0,4,4,0.40437500000000004,9,1,seventeen
ground,1,1,1,0,0,0,0,0,0,0,0,0,0,0,0,4,4,-0.230225,6,1,ground
tut,1,0,0,0,0,0,0,0,0,0,0,0,0,0,0,4,1,0.0,3,1,tut
pump,1,1,0,0,0,0,0,0,0,0,0,0,0,0,0,4,4,0.146875,4,1,pump
violent,1,0,1,0,0,0,0,0,0,0,0,0,0,0,0,4,4,-0.5848,7,1,violent
breakfast,1,1,0,0,0,0,0,0,0,0,0,0,0,0,0,4,4,0.349625,9,1,breakfast
nevertheless,0,0,0,1,0,0,0,0,0,0,0,0,0,0,0,4,4,-0.098275,12,1,nevertheless
tired,0,1,1,0,0,0,0,0,0,0,0,0,0,0,0,4,4,-0.290975,5,1,tired
jor,1,0,0,0,0,0,0,0,0,0,0,0,0,0,0,4,4,0.0,3,1,jor
interesting,0,1,1,0,0,0,0,0,0,0,0,0,0,0,0,4,4,0.42974999999999997,11,1,interesting
england,1,0,0,0,0,0,0,0,0,0,0,0,0,0,0,4,4,0.131675,7,1,england
trains,1,1,0,0,0,0,0,0,0,0,0,0,0,0,0,4,4,0.15755,6,1,trains
damned,1,0,1,1,0,0,0,0,0,0,0,0,0,0,0,4,4,-0.37009999999999993,6,1,damned
pressed,0,1,1,0,0,0,0,0,0,0,0,0,0,0,0,4,4,-0.008199999999999985,7,1,pressed
fire,1,1,0,0,0,0,0,0,0,0,0,0,0,0,0,4,4,-0.132725,4,1,fire
aunt,1,0,0,0,0,0,0,0,0,0,0,0,0,0,0,4,4,0.0,4,1,aunt
lawns,0,0,0,0,0,0,0,0,0,0,0,0,0,0,0,4,4,0.577975,5,1,lawns
worked,0,1,1,0,0,0,0,0,0,0,0,0,0,0,0,4,4,0.0,6,1,worked
cigarette,1,0,0,0,0,0,0,0,0,0,0,0,0,0,0,4,4,-0.14182499999999998,9,1,cigarette
presently,0,0,0,1,0,0,0,0,0,0,0,0,0,0,0,4,4,-0.065125,9,1,presently
different,1,0,1,0,0,0,0,0,0,0,0,0,0,0,0,4,4,-0.261625,9,1,different
desolate,0,0,1,0,0,0,0,0,0,0,0,0,0,0,0,4,4,-0.104625,8,1,desolate
season,1,1,0,0,0,0,0,0,0,0,0,0,0,0,0,4,4,0.316575,6,1,season
ordered,0,0,1,0,0,0,0,0,0,0,0,0,0,0,0,4,4,0.06290000000000001,7,1,ordered
nights,0,0,0,1,0,0,0,0,0,0,0,0,0,0,0,4,4,0.015250000000000014,6,1,nights
aren,0,0,0,0,0,0,0,0,0,0,0,0,0,0,0,4,4,0.0,4,1,aren
veranda,1,0,0,0,0,0,0,0,0,0,0,0,0,0,0,4,4,0.24715,7,1,veranda
tonight,1,0,0,1,0,0,0,0,0,0,0,0,0,0,0,4,4,0.0,7,1,tonight
finn,1,0,0,0,0,0,0,0,0,0,0,0,0,0,0,4,4,-0.0309,4,1,finn
huge,0,0,1,0,0,0,0,0,0,0,0,0,0,0,0,4,4,0.10949999999999999,4,1,huge
places,1,1,0,0,0,0,0,0,0,0,0,0,0,0,0,4,4,0.269025,6,1,places
decisively,0,0,0,1,0,0,0,0,0,0,0,0,0,0,0,4,4,-0.044475,10,1,decisively
free,1,1,1,1,0,0,0,0,0,0,0,0,0,0,0,4,4,0.461975,4,1,free
empty,1,1,1,0,0,0,0,0,0,0,0,0,0,0,0,4,4,-0.36277499999999996,5,1,empty
company,1,1,0,0,0,0,0,0,0,0,0,0,0,0,0,4,4,-0.0035250000000000004,7,1,company
sunday,1,0,0,0,0,0,0,0,0,0,0,0,0,0,0,4,4,0.11900000000000001,6,1,sunday
luncheon,1,0,0,0,0,0,0,0,0,0,0,0,0,0,0,4,4,-0.15694999999999998,8,1,luncheon
desk,1,0,0,0,0,0,0,0,0,0,0,0,0,0,0,4,4,-0.12625,4,1,desk
gets,1,1,0,0,0,0,0,0,0,0,0,0,0,0,0,4,4,-0.3379,4,1,gets
spent,0,1,1,0,0,0,0,0,0,0,0,0,0,0,0,4,4,0.2975,5,1,spent
restaurant,1,0,0,0,0,0,0,0,0,0,0,0,0,0,0,4,4,0.044275,10,1,restaurant
bells,1,1,0,0,0,0,0,0,0,0,0,0,0,0,0,4,4,0.3687,5,1,bells
breaking,1,1,1,0,0,0,0,0,0,0,0,0,0,0,0,4,4,0.23120000000000002,8,1,breaking
tip,1,1,0,0,0,0,0,0,0,0,0,0,0,0,0,4,4,-0.0344,3,1,tip
yards,1,0,0,0,0,0,0,0,0,0,0,0,0,0,0,4,4,-0.13522499999999998,5,1,yards
race,1,1,0,0,0,0,0,0,0,0,0,0,0,0,0,4,4,-0.0193,4,1,race
utterly,0,0,0,1,0,0,0,0,0,0,0,0,0,0,0,4,4,0.15159999999999998,7,1,utterly
stuff,1,1,0,0,0,0,0,0,0,0,0,0,0,0,0,4,4,-0.08282500000000001,5,1,stuff
corrected,0,1,1,0,0,0,0,0,0,0,0,0,0,0,0,4,4,0.20445,9,1,corrected
seem,0,1,0,0,0,0,0,0,0,0,0,0,0,0,0,4,4,-0.07314999999999999,4,1,seem
oughtn,0,0,0,0,0,0,0,0,0,0,0,0,0,0,0,4,4,-0.063,6,1,oughtn
forgot,0,1,0,0,0,0,0,0,0,0,0,0,0,0,0,4,4,0.124575,6,1,forgot
important,0,0,1,0,0,0,0,0,0,0,0,0,0,0,0,4,4,0.08100000000000002,9,1,important
wreck,1,0,0,0,0,0,0,0,0,0,0,0,0,0,0,4,4,-0.063875,5,1,wreck
blown,0,1,1,0,0,0,0,0,0,0,0,0,0,0,0,4,4,-0.096625,5,1,blown
rear,1,1,1,0,0,0,0,0,0,0,0,0,0,0,0,4,4,-0.442375,4,1,rear
sentimental,0,0,1,0,0,0,0,0,0,0,0,0,0,0,0,4,4,0.1528,11,1,sentimental
g,1,0,0,0,0,0,0,0,0,0,0,0,0,0,0,4,3,0.24695,1,1,g
pride,1,1,0,0,0,0,0,0,0,0,0,0,0,0,0,4,4,0.397975,5,1,pride
costume,1,1,1,0,0,0,0,0,0,0,0,0,0,0,0,4,4,0.3035,7,1,costume
balancing,1,1,0,0,0,0,0,0,0,0,0,0,0,0,0,4,4,-0.16585,9,1,balancing
pursued,1,1,1,0,0,0,0,0,0,0,0,0,0,0,0,4,4,0.0578,7,1,pursued
chester,1,0,0,0,0,0,0,0,0,0,0,0,0,0,0,4,4,0.02604999999999999,7,1,chester
questions,1,1,0,0,0,0,0,0,0,0,0,0,0,0,0,4,4,-0.049949999999999994,9,1,questions
thrilling,0,1,1,0,0,0,0,0,0,0,0,0,0,0,0,4,4,0.3006,9,1,thrilling
colossal,0,0,1,0,0,0,0,0,0,0,0,0,0,0,0,4,4,-0.021150000000000002,8,1,colossal
sold,0,1,1,0,0,0,0,0,0,0,0,0,0,0,0,4,4,-0.0625,4,1,sold
interior,1,0,1,0,0,0,0,0,0,0,0,0,0,0,0,4,4,0.07892500000000002,8,1,interior
visible,0,0,1,0,0,0,0,0,0,0,0,0,0,0,0,4,4,0.1181,7,1,visible
walter,1,0,0,0,0,0,0,0,0,0,0,0,0,0,0,4,4,0.037575,6,1,walter
enjoyed,0,1,0,0,0,0,0,0,0,0,0,0,0,0,0,4,4,0.51505,7,1,enjoyed
quarter,1,1,1,0,0,0,0,0,0,0,0,0,0,0,0,4,4,0.15147500000000003,7,1,quarter
ends,1,1,0,0,0,0,0,0,0,0,0,0,0,0,0,4,4,0.5877,4,1,ends
youth,1,0,0,0,0,0,0,0,0,0,0,0,0,0,0,4,4,0.27849999999999997,5,1,youth
pointing,0,1,1,0,0,0,0,0,0,0,0,0,0,0,0,4,4,-0.13024999999999998,8,1,pointing
r,1,0,0,0,0,0,0,0,0,0,0,0,0,0,0,4,3,0.123475,1,1,r
gravel,1,1,1,0,0,0,0,0,0,0,0,0,0,0,0,4,4,-0.19749999999999998,6,1,gravel
piano,1,0,1,1,0,0,0,0,0,0,0,0,0,0,0,4,4,0.342875,5,1,piano
wagon,1,0,0,0,0,0,0,0,0,0,0,0,0,0,0,4,4,0.175075,5,1,wagon
eight,1,0,1,0,0,0,0,0,0,0,0,0,0,0,0,4,4,0.227525,5,1,eight
stairs,1,0,0,0,0,0,0,0,0,0,0,0,0,0,0,4,4,-0.183,6,1,stairs
running,1,1,1,0,0,0,0,0,0,0,0,0,0,0,0,4,4,-0.02817499999999999,7,1,running
dusk,1,1,1,0,0,0,0,0,0,0,0,0,0,0,0,4,4,0.31565,4,1,dusk
simply,0,0,0,1,0,0,0,0,0,0,0,0,0,0,0,4,4,0.07195,6,1,simply
christmas,1,0,0,0,0,0,0,0,0,0,0,0,0,0,0,4,4,0.23604999999999998,9,1,christmas
flushed,0,1,1,0,0,0,0,0,0,0,0,0,0,0,0,4,4,-0.080025,7,1,flushed
manner,1,0,0,0,0,0,0,0,0,0,0,0,0,0,0,4,4,0.18765000000000004,6,1,manner
elaborate,0,1,1,0,0,0,0,0,0,0,0,0,0,0,0,4,4,0.061575000000000005,9,1,elaborate
expected,0,1,1,0,0,0,0,0,0,0,0,0,0,0,0,4,4,0.23604999999999998,8,1,expected
game,1,0,1,0,0,0,0,0,0,0,0,0,0,0,0,4,4,0.298125,4,1,game
realize,0,1,0,0,0,0,0,0,0,0,0,0,0,0,0,4,4,0.0683,7,1,realize
drift,1,1,0,0,0,0,0,0,0,0,0,0,0,0,0,4,4,0.22665000000000002,5,1,drift
phrase,1,1,0,0,0,0,0,0,0,0,0,0,0,0,0,4,4,-0.2215,6,1,phrase
formed,0,1,1,0,0,0,0,0,0,0,0,0,0,0,0,4,4,-0.22045,6,1,formed
higher,0,0,1,0,0,0,0,0,0,0,0,0,0,0,0,4,4,0.31705,6,1,higher
likely,1,0,1,1,0,0,0,0,0,0,0,0,0,0,0,4,4,0.3385,6,1,likely
shall,0,0,0,0,0,0,0,0,0,1,0,0,0,0,0,4,4,0.328875,5,1,shall
madame,1,0,0,0,0,0,0,0,0,0,0,0,0,0,0,4,4,0.15615,6,1,madame
broadway,1,0,0,0,0,0,0,0,0,0,0,0,0,0,0,4,4,0.024675000000000002,8,1,broadway
bath,1,0,0,0,0,0,0,0,0,0,0,0,0,0,0,4,4,0.21245,4,1,bath
locked,0,1,1,0,0,0,0,0,0,0,0,0,0,0,0,4,4,-0.07355000000000002,6,1,locked
touching,0,1,1,0,0,0,0,0,0,0,0,0,0,0,0,4,4,0.5730999999999999,8,1,touching
suspected,0,1,1,0,0,0,0,0,0,0,0,0,0,0,0,4,4,-0.1532,9,1,suspected
dressing,1,1,0,0,0,0,0,0,0,0,0,0,0,0,0,4,4,-0.01017499999999999,8,1,dressing
wives,1,1,0,0,0,0,0,0,0,0,0,0,0,0,0,4,3,-0.4373,5,1,wives
machine,1,1,0,0,0,0,0,0,0,0,0,0,0,0,0,4,4,0.0,7,1,machine
reminded,0,1,0,0,0,0,0,0,0,0,0,0,0,0,0,4,4,-0.247475,8,1,reminded
group,1,1,1,0,0,0,0,0,0,0,0,0,0,0,0,4,3,0.175,5,1,group
circumstances,1,0,0,0,0,0,0,0,0,0,0,0,0,0,0,4,4,0.393975,13,1,circumstances
rise,1,1,0,0,0,0,0,0,0,0,0,0,0,0,0,4,4,0.23005,4,1,rise
aside,1,0,0,1,0,0,0,0,0,0,0,0,0,0,0,4,4,0.0903,5,1,aside
carried,0,1,0,0,0,0,0,0,0,0,0,0,0,0,0,4,4,0.11280000000000001,7,1,carried
slow,1,1,1,1,0,0,0,0,0,0,0,0,0,0,0,4,4,0.547575,4,1,slow
informed,0,1,1,0,0,0,0,0,0,0,0,0,0,0,0,4,4,-0.074,8,1,informed
pre,0,0,1,0,0,0,0,0,0,0,0,0,0,0,0,4,4,0.311425,3,1,pre
string,1,1,0,0,0,0,0,0,0,0,0,0,0,0,0,4,4,0.27225,6,1,string
lake,1,0,0,0,0,0,0,0,0,0,0,0,0,0,0,4,4,0.414725,4,1,lake
completely,0,0,0,1,0,0,0,0,0,0,0,0,0,0,0,4,4,0.29475,10,1,completely
shows,1,1,0,0,0,0,0,0,0,0,0,0,0,0,0,4,4,0.0683,5,1,shows
stores,1,1,0,0,0,0,0,0,0,0,0,0,0,0,0,4,3,0.0,6,1,stores
roosevelt,1,0,0,0,0,0,0,0,0,0,0,0,0,0,0,4,4,0.0,9,1,roosevelt
tragic,1,0,1,0,0,0,0,0,0,0,0,0,0,0,0,4,4,-0.244,6,1,tragic
speaking,1,1,1,0,0,0,0,0,0,0,0,0,0,0,0,4,4,0.160275,8,1,speaking
bit,1,1,1,0,0,0,0,0,0,0,0,0,0,0,0,4,4,0.34714999999999996,3,1,bit
im,1,0,0,0,0,0,0,0,0,0,0,0,0,0,0,4,4,0.0754,2,1,im
bent,1,1,1,0,0,0,0,0,0,0,0,0,0,0,0,4,4,0.070225,4,1,bent
corners,1,1,0,0,0,0,0,0,0,0,0,0,0,0,0,4,4,0.32175,7,1,corners
increased,0,1,1,0,0,0,0,0,0,0,0,0,0,0,0,4,4,0.4773,9,1,increased
dancing,1,1,1,0,0,0,0,0,0,0,0,0,0,0,0,4,3,0.252575,7,1,dancing
sign,1,1,1,0,0,0,0,0,0,0,0,0,0,0,0,4,4,-0.109725,4,1,sign
blankly,0,0,0,1,0,0,0,0,0,0,0,0,0,0,0,4,4,0.0,7,1,blankly
deal,1,1,1,0,0,0,0,0,0,0,0,0,0,0,0,4,4,0.073625,4,1,deal
assumed,0,1,1,0,0,0,0,0,0,0,0,0,0,0,0,4,4,0.25745,7,1,assumed
rhythm,1,0,0,0,0,0,0,0,0,0,0,0,0,0,0,4,4,-0.24962499999999999,6,1,rhythm
nor,1,0,0,0,0,0,1,0,0,0,0,0,0,0,0,4,4,0.620775,3,1,nor
od,0,0,0,0,0,0,0,0,0,0,0,0,0,0,0,4,4,-0.19765,2,0,od
damn,1,0,1,1,0,0,0,0,0,0,0,0,0,0,0,4,4,-0.33165,4,1,damn
miles,1,0,0,0,0,0,0,0,0,0,0,0,0,0,0,4,4,0.515125,5,1,miles
mentioned,0,1,0,0,0,0,0,0,0,0,0,0,0,0,0,4,4,-0.12055,9,1,mentioned
gayety,0,0,0,0,0,0,0,0,0,0,0,0,0,0,0,4,4,0.17265,6,1,gayety
lit,1,1,1,0,0,0,0,0,0,0,0,0,0,0,0,4,4,-0.322775,3,1,lit
attempt,1,0,0,0,0,0,0,0,0,0,0,0,0,0,0,4,4,0.22997499999999998,7,1,attempt
milk,1,1,1,0,0,0,0,0,0,0,0,0,0,0,0,4,3,-0.32039999999999996,4,1,milk
french,1,1,1,0,0,0,0,0,0,0,0,0,0,0,0,4,4,-0.14987499999999998,6,1,french
wedding,1,1,0,0,0,0,0,0,0,0,0,0,0,0,0,4,4,0.11597500000000001,7,1,wedding
pay,1,1,0,0,0,0,0,0,0,0,0,0,0,0,0,4,4,-0.199175,3,1,pay
faster,1,0,0,1,0,0,0,0,0,0,0,0,0,0,0,4,3,0.21307500000000001,6,1,faster
ladies,1,0,0,0,0,0,0,0,0,0,0,0,0,0,0,4,4,-0.16945,6,1,ladies
swinging,0,1,1,0,0,0,0,0,0,0,0,0,0,0,0,4,4,-0.05727499999999999,8,1,swinging
bring,0,1,0,0,0,0,0,0,0,0,0,0,0,0,0,4,4,-0.0827,5,1,bring
intention,1,0,0,0,0,0,0,0,0,0,0,0,0,0,0,4,4,0.058124999999999996,9,1,intention
yale,1,0,0,0,0,0,0,0,0,0,0,0,0,0,0,4,4,-0.292825,4,1,yale
statement,1,0,0,0,0,0,0,0,0,0,0,0,0,0,0,4,4,-0.23075,9,1,statement
lighted,0,1,1,0,0,0,0,0,0,0,0,0,0,0,0,4,4,0.454725,7,1,lighted
themselves,0,0,0,0,0,0,0,0,0,0,0,0,0,0,1,4,4,0.33935,10,1,themselves
constant,1,0,1,0,0,0,0,0,0,0,0,0,0,0,0,4,4,0.631,8,1,constant
enchanted,0,1,1,0,0,0,0,0,0,0,0,0,0,0,0,4,4,0.22909999999999997,9,1,enchanted
pointed,0,1,1,0,0,0,0,0,0,0,0,0,0,0,0,4,4,0.27244999999999997,7,1,pointed
dock,1,1,0,0,0,0,0,0,0,0,0,0,0,0,0,4,4,0.00645,4,1,dock
chatter,1,1,0,0,0,0,0,0,0,0,0,0,0,0,0,4,4,0.13365,7,1,chatter
parents,1,0,0,0,0,0,0,0,0,0,0,0,0,0,0,4,3,-0.39502500000000007,7,1,parents
jersey,1,0,0,0,0,0,0,0,0,0,0,0,0,0,0,4,4,-0.1716,6,1,jersey
hill,1,1,0,0,0,0,0,0,0,0,0,0,0,0,0,4,4,-0.173675,4,1,hill
shoulders,1,1,0,0,0,0,0,0,0,0,0,0,0,0,0,4,4,0.12605,9,1,shoulders
hastily,0,0,0,1,0,0,0,0,0,0,0,0,0,0,0,4,4,-0.392175,7,1,hastily
harsh,0,0,1,0,0,0,0,0,0,0,0,0,0,0,0,4,4,-0.4092,5,1,harsh
south,1,0,1,1,0,0,0,0,0,0,0,0,0,0,0,4,4,0.226575,5,1,south
awful,0,0,1,1,0,0,0,0,0,0,0,0,0,0,0,4,4,-0.1101,5,1,awful
entirely,0,0,0,1,0,0,0,0,0,0,0,0,0,0,0,4,4,0.56575,8,1,entirely
avenue,1,0,0,0,0,0,0,0,0,0,0,0,0,0,0,4,4,0.14447500000000005,6,1,avenue
bound,1,1,1,0,0,0,0,0,0,0,0,0,0,0,0,4,4,0.28222500000000006,5,1,bound
broad,1,0,1,1,0,0,0,0,0,0,0,0,0,0,0,4,4,0.429375,5,1,broad
nodding,0,1,1,0,0,0,0,0,0,0,0,0,0,0,0,4,4,0.0,7,1,nodding
quick,1,0,1,1,0,0,0,0,0,0,0,0,0,0,0,4,4,-0.074,5,1,quick
boys,1,0,0,0,0,0,0,0,0,0,0,0,0,0,0,4,4,-0.06617499999999998,4,1,boys
drawer,1,0,0,0,0,0,0,0,0,0,0,0,0,0,0,4,4,0.123475,6,1,drawer
july,1,0,0,0,0,0,0,0,0,0,0,0,0,0,0,4,4,0.166,4,1,july
doc,1,0,0,0,0,0,0,0,0,0,0,0,0,0,0,4,3,0.20095,3,1,doc
stranger,1,0,0,0,0,0,0,0,0,0,0,0,0,0,0,4,4,0.18615,8,1,stranger
gleaming,1,1,1,0,0,0,0,0,0,0,0,0,0,0,0,4,4,0.18075000000000002,8,1,gleaming
apart,0,0,1,1,0,0,0,0,0,0,0,0,0,0,0,4,4,-0.2514,5,1,apart
bird,1,1,0,0,0,0,0,0,0,0,0,0,0,0,0,3,3,-0.05103333333333334,4,1,bird
wear,1,1,0,0,0,0,0,0,0,0,0,0,0,0,0,3,3,0.46790000000000004,4,1,wear
sober,0,1,1,0,0,0,0,0,0,0,0,0,0,0,0,3,3,-0.18406666666666668,5,1,sober
gravely,0,0,0,1,0,0,0,0,0,0,0,0,0,0,0,3,3,-0.49413333333333337,7,1,gravely
regular,1,0,1,0,0,0,0,0,0,0,0,0,0,0,0,3,3,-0.11543333333333333,7,1,regular
infantry,1,0,0,0,0,0,0,0,0,0,0,0,0,0,0,3,3,-0.21619999999999998,8,1,infantry
pages,1,1,0,0,0,0,0,0,0,0,0,0,0,0,0,3,3,-0.17020000000000002,5,1,pages
welcome,1,1,1,0,0,0,0,0,0,0,0,0,0,0,0,3,3,0.5474,7,1,welcome
sense,1,1,0,0,0,0,0,0,0,0,0,0,0,0,0,3,3,-0.2323666666666667,5,1,sense
fallen,1,1,1,0,0,0,0,0,0,0,0,0,0,0,0,3,3,0.19560000000000002,6,1,fallen
guess,1,1,0,0,0,0,0,0,0,0,0,0,0,0,0,3,3,0.10796666666666666,5,1,guess
vigil,1,0,0,0,0,0,0,0,0,0,0,0,0,0,0,3,3,0.48786666666666667,5,1,vigil
situation,1,0,0,0,0,0,0,0,0,0,0,0,0,0,0,3,3,0.3738333333333333,9,1,situation
absently,0,0,0,1,0,0,0,0,0,0,0,0,0,0,0,3,3,0.0,8,1,absently
shrill,1,0,1,0,0,0,0,0,0,0,0,0,0,0,0,3,3,0.18190000000000003,6,1,shrill
immediate,0,0,1,0,0,0,0,0,0,0,0,0,0,0,0,3,3,0.04209999999999999,9,1,immediate
pressure,1,0,0,0,0,0,0,0,0,0,0,0,0,0,0,3,3,0.15123333333333333,8,1,pressure
woke,0,1,0,0,0,0,0,0,0,0,0,0,0,0,0,3,3,-0.12140000000000001,4,1,woke
difficulty,1,0,0,0,0,0,0,0,0,0,0,0,0,0,0,3,3,-0.05293333333333333,10,1,difficulty
addressed,0,1,1,0,0,0,0,0,0,0,0,0,0,0,0,3,3,0.015533333333333324,9,1,addressed
remarks,1,0,0,0,0,0,0,0,0,0,0,0,0,0,0,3,3,0.17866666666666667,7,1,remarks
begin,1,1,0,0,0,0,0,0,0,0,0,0,0,0,0,3,3,0.2283666666666667,5,1,begin
needed,0,1,1,0,0,0,0,0,0,0,0,0,0,0,0,3,3,-0.036033333333333334,6,1,needed
mattress,1,0,0,0,0,0,0,0,0,0,0,0,0,0,0,3,3,0.07543333333333334,8,1,mattress
leash,1,0,0,0,0,0,0,0,0,0,0,0,0,0,0,3,3,0.05856666666666668,5,1,leash
suits,1,1,0,0,0,0,0,0,0,0,0,0,0,0,0,3,3,0.17379999999999998,5,1,suits
purposeless,0,0,1,0,0,0,0,0,0,0,0,0,0,0,0,3,3,-0.11973333333333332,11,1,purposeless
bonds,1,1,0,0,0,0,0,0,0,0,0,0,0,0,0,3,3,0.10606666666666666,5,1,bonds
wandered,0,0,0,0,0,0,0,0,0,0,0,0,0,0,0,3,3,0.3617333333333333,8,1,wandered
ease,1,1,0,0,0,0,0,0,0,0,0,0,0,0,0,3,3,0.35366666666666663,4,1,ease
eighteen,1,0,1,0,0,0,0,0,0,0,0,0,0,0,0,3,3,0.15846666666666667,8,1,eighteen
repeat,1,1,0,0,0,0,0,0,0,0,0,0,0,0,0,3,3,-0.246,6,1,repeat
founded,0,1,1,0,0,0,0,0,0,0,0,0,0,0,0,3,2,0.7616999999999999,7,1,founded
worth,1,0,1,0,0,0,0,0,0,0,0,0,0,0,0,3,3,0.059033333333333333,5,1,worth
intended,1,1,1,0,0,0,0,0,0,0,0,0,0,0,0,3,3,0.40230000000000005,8,1,intended
ex,1,0,0,0,0,0,0,0,0,0,0,0,0,0,0,3,3,0.10966666666666669,2,1,ex
untrue,0,0,1,0,0,0,0,0,0,0,0,0,0,0,0,3,3,0.12040000000000001,6,1,untrue
odor,0,0,0,0,0,0,0,0,0,0,0,0,0,0,0,3,1,0.8689,4,1,odor
plum,1,0,1,1,0,0,0,0,0,0,0,0,0,0,0,3,3,0.4937666666666667,4,1,plum
sur,1,0,0,0,0,0,0,0,0,0,0,0,0,0,0,3,3,0.1134,3,1,sur
automatically,0,0,0,1,0,0,0,0,0,0,0,0,0,0,0,3,3,-0.36179999999999995,13,1,automatically
throat,1,0,0,0,0,0,0,0,0,0,0,0,0,0,0,3,3,0.14653333333333332,6,1,throat
mirror,1,1,0,0,0,0,0,0,0,0,0,0,0,0,0,3,3,-0.07543333333333334,6,1,mirror
irresistible,0,0,1,0,0,0,0,0,0,0,0,0,0,0,0,3,3,0.28243333333333337,12,1,irresistible
peculiar,0,0,1,0,0,0,0,0,0,0,0,0,0,0,0,3,3,0.5568666666666667,8,1,peculiar
introduced,0,1,0,0,0,0,0,0,0,0,0,0,0,0,0,3,3,0.39126666666666665,10,1,introduced
hoped,0,1,0,0,0,0,0,0,0,0,0,0,0,0,0,3,3,0.638,5,1,hoped
faced,0,1,1,0,0,0,0,0,0,0,0,0,0,0,0,3,3,0.06743333333333333,5,1,faced
failed,0,1,1,0,0,0,0,0,0,0,0,0,0,0,0,3,3,-0.5945333333333335,6,1,failed
instantly,0,0,0,1,0,0,0,0,0,0,0,0,0,0,0,3,3,-0.07543333333333334,9,1,instantly
goin,0,0,0,0,0,0,0,0,0,0,0,0,0,0,0,3,3,0.26020000000000004,4,1,goin
incoherent,0,0,1,0,0,0,0,0,0,0,0,0,0,0,0,3,3,-0.19666666666666668,10,1,incoherent
hush,1,1,0,0,0,0,0,0,0,0,0,0,0,0,0,3,3,-0.28099999999999997,4,1,hush
burst,1,1,1,0,0,0,0,0,0,0,0,0,0,0,0,3,3,0.06363333333333336,5,1,burst
dances,1,1,0,0,0,0,0,0,0,0,0,0,0,0,0,3,3,0.2517333333333333,6,1,dances
stable,1,1,1,0,0,0,0,0,0,0,0,0,0,0,0,3,2,0.514,6,1,stable
palace,1,0,0,0,0,0,0,0,0,0,0,0,0,0,0,3,3,0.5314666666666666,6,1,palace
effect,1,1,0,0,0,0,0,0,0,0,0,0,0,0,0,3,3,-0.34346666666666664,6,1,effect
reaction,1,0,0,0,0,0,0,0,0,0,0,0,0,0,0,3,3,0.014333333333333345,8,1,reaction
form,1,1,0,0,0,0,0,0,0,0,0,0,0,0,0,3,3,0.31666666666666665,4,1,form
cocktail,1,0,0,0,0,0,0,0,0,0,0,0,0,0,0,3,3,0.045666666666666654,8,1,cocktail
key,1,1,1,0,0,0,0,0,0,0,0,0,0,0,0,3,3,0.4814333333333334,3,1,key
playing,1,1,1,0,0,0,0,0,0,0,0,0,0,0,0,3,3,0.4767333333333333,7,1,playing
knowing,1,1,1,0,0,0,0,0,0,0,0,0,0,0,0,3,3,0.14716666666666667,7,1,knowing
drinking,1,1,1,0,0,0,0,0,0,0,0,0,0,0,0,3,3,0.2768,8,1,drinking
heads,0,1,0,1,0,0,0,0,0,0,0,0,0,0,0,3,3,-0.1304,5,1,heads
eluded,0,1,0,0,0,0,0,0,0,0,0,0,0,0,0,3,3,-0.2912666666666667,6,1,eluded
skin,1,1,1,0,0,0,0,0,0,0,0,0,0,0,0,3,3,0.16463333333333333,4,1,skin
tostoff,0,0,0,0,0,0,0,0,0,0,0,0,0,0,0,3,3,0.057166666666666664,7,1,tostoff
sing,1,1,0,0,0,0,0,0,0,0,0,0,0,0,0,3,3,0.12726666666666667,4,1,sing
actually,0,0,0,1,0,0,0,0,0,0,0,0,0,0,0,3,3,0.12726666666666667,8,1,actually
gestures,1,0,0,0,0,0,0,0,0,0,0,0,0,0,0,3,3,0.41273333333333334,8,1,gestures
bar,1,1,1,0,0,0,0,0,0,0,0,0,0,0,0,3,3,0.1816333333333333,3,1,bar
ecstatic,1,0,1,0,0,0,0,0,0,0,0,0,0,0,0,3,3,0.8081333333333333,8,1,ecstatic
glow,1,1,0,0,0,0,0,0,0,0,0,0,0,0,0,3,3,0.45013333333333333,4,1,glow
worse,1,0,1,1,0,0,0,0,0,0,0,0,0,0,0,3,3,-0.6222,5,1,worse
breathlessly,0,0,0,1,0,0,0,0,0,0,0,0,0,0,0,3,3,0.4391333333333333,12,1,breathlessly
service,1,1,0,0,0,0,0,0,0,0,0,0,0,0,0,3,3,0.36546666666666666,7,1,service
study,1,1,0,0,0,0,0,0,0,0,0,0,0,0,0,3,3,0.0,5,1,study
meaning,1,1,1,0,0,0,0,0,0,0,0,0,0,0,0,3,3,-0.05103333333333334,7,1,meaning
emotions,1,0,0,0,0,0,0,0,0,0,0,0,0,0,0,3,3,0.39176666666666665,8,1,emotions
possessed,0,1,1,0,0,0,0,0,0,0,0,0,0,0,0,3,3,0.025733333333333334,9,1,possessed
sed,1,0,0,0,0,0,0,0,0,0,0,0,0,0,0,3,3,0.23446666666666668,3,1,sed
fight,1,1,0,0,0,0,0,0,0,0,0,0,0,0,0,3,3,-0.4134333333333333,5,1,fight
gasping,1,0,1,0,0,0,0,0,0,0,0,0,0,0,0,3,3,-0.41209999999999997,7,1,gasping
famous,0,0,1,0,0,0,0,0,0,0,0,0,0,0,0,3,3,0.33966666666666673,6,1,famous
clean,1,1,1,1,0,0,0,0,0,0,0,0,0,0,0,3,3,-0.0008666666666666453,5,1,clean
sports,0,1,0,0,0,0,0,0,0,0,0,0,0,0,0,3,3,0.11363333333333335,6,1,sports
western,1,0,1,0,0,0,0,0,0,0,0,0,0,0,0,3,3,0.36106666666666665,7,1,western
wake,1,1,0,0,0,0,0,0,0,0,0,0,0,0,0,3,3,0.38916666666666666,4,1,wake
stopping,1,1,1,0,0,0,0,0,0,0,0,0,0,0,0,3,3,-0.18926666666666667,8,1,stopping
reluctance,1,0,0,0,0,0,0,0,0,0,0,0,0,0,0,3,3,-0.4295,10,1,reluctance
oranges,0,0,0,0,0,0,0,0,0,0,0,0,0,0,0,3,2,0.0,7,1,oranges
lemons,1,0,0,0,0,0,0,0,0,0,0,0,0,0,0,3,2,-0.07543333333333334,6,1,lemons
brother,1,0,1,0,0,0,0,0,0,0,0,0,0,0,0,3,3,-0.42973333333333336,7,1,brother
shake,1,1,0,0,0,0,0,0,0,0,0,0,0,0,0,3,3,0.07696666666666667,5,1,shake
indignant,0,0,1,0,0,0,0,0,0,0,0,0,0,0,0,3,3,-0.23153333333333334,9,1,indignant
promised,0,1,1,0,0,0,0,0,0,0,0,0,0,0,0,3,3,0.5285333333333333,8,1,promised
universe,1,0,0,0,0,0,0,0,0,0,0,0,0,0,0,3,3,0.035066666666666656,8,1,universe
clan,1,0,0,0,0,0,0,0,0,0,0,0,0,0,0,3,3,-0.3041333333333333,4,1,clan
thinning,0,1,0,0,0,0,0,0,0,0,0,0,0,0,0,3,1,0.0258,8,1,thinning
ragged,0,1,1,0,0,0,0,0,0,0,0,0,0,0,0,3,3,0.17556666666666665,6,1,ragged
sir,1,0,0,0,0,0,0,0,0,0,0,0,0,0,0,3,3,0.15293333333333334,3,1,sir
significance,1,0,0,0,0,0,0,0,0,0,0,0,0,0,0,3,3,0.5887333333333333,12,1,significance
dull,0,1,1,0,0,0,0,0,0,0,0,0,0,0,0,3,3,-0.23716666666666666,4,1,dull
leaf,1,1,0,0,0,0,0,0,0,0,0,0,0,0,0,3,3,0.27663333333333334,4,1,leaf
vaguely,0,0,0,1,0,0,0,0,0,0,0,0,0,0,0,3,3,0.21793333333333334,7,1,vaguely
need,1,1,0,0,0,0,0,0,0,0,0,0,0,0,0,3,3,0.1272,4,1,need
frowned,0,1,0,0,0,0,0,0,0,0,0,0,0,0,0,3,3,0.0,7,1,frowned
enthusiastically,0,0,0,1,0,0,0,0,0,0,0,0,0,0,0,3,3,0.5574,16,1,enthusiastically
thinks,0,1,0,0,0,0,0,0,0,0,0,0,0,0,0,3,3,0.10556666666666666,6,1,thinks
nod,1,1,0,0,0,0,0,0,0,0,0,0,0,0,0,3,3,0.18466666666666667,3,1,nod
muffled,0,1,1,0,0,0,0,0,0,0,0,0,0,0,0,3,3,0.08333333333333333,7,1,muffled
asserted,0,1,1,0,0,0,0,0,0,0,0,0,0,0,0,3,3,0.29173333333333334,8,1,asserted
crimson,1,0,1,0,0,0,0,0,0,0,0,0,0,0,0,3,3,0.6483666666666666,7,1,crimson
bloomed,0,1,1,0,0,0,0,0,0,0,0,0,0,0,0,3,3,0.27943333333333337,7,1,bloomed
flashed,0,1,0,0,0,0,0,0,0,0,0,0,0,0,0,3,3,0.2282666666666667,7,1,flashed
accidental,1,0,1,0,0,0,0,0,0,0,0,0,0,0,0,3,2,-0.5961333333333333,10,1,accidental
center,1,1,1,0,0,0,0,0,0,0,0,0,0,0,0,3,3,0.6511333333333332,6,1,center
dry,1,1,1,1,0,0,0,0,0,0,0,0,0,0,0,3,3,-0.19756666666666667,3,1,dry
helpless,0,0,1,0,0,0,0,0,0,0,0,0,0,0,0,3,3,-0.3375666666666666,8,1,helpless
mattered,0,0,0,0,0,0,0,0,0,0,0,0,0,0,0,3,3,0.0,8,1,mattered
uncertain,0,0,1,0,0,0,0,0,0,0,0,0,0,0,0,3,3,-0.5231666666666667,9,1,uncertain
seeing,0,1,1,0,0,0,0,0,0,0,0,0,0,0,0,3,3,0.0,6,1,seeing
horse,1,1,0,0,0,0,0,0,0,0,0,0,0,0,0,3,3,0.0,5,1,horse
calmly,0,0,0,1,0,0,0,0,0,0,0,0,0,0,0,3,3,0.3461,6,1,calmly
horns,0,1,0,0,0,0,0,0,0,0,0,0,0,0,0,3,3,-0.043233333333333325,5,1,horns
ah,1,0,0,0,0,0,0,0,0,0,0,0,0,0,0,3,3,0.36463333333333336,2,1,ah
affairs,1,0,0,0,0,0,0,0,0,0,0,0,0,0,0,3,3,0.06743333333333333,7,1,affairs
sand,1,0,0,0,0,0,0,0,0,0,0,0,0,0,0,3,3,0.22553333333333336,4,1,sand
infinitely,0,0,0,1,0,0,0,0,0,0,0,0,0,0,0,3,3,0.35013333333333335,10,1,infinitely
pa,1,0,0,0,0,0,0,0,0,0,0,0,0,0,0,3,3,-0.013566666666666652,2,1,pa
din,1,1,0,0,0,0,0,0,0,0,0,0,0,0,0,3,3,-0.2266,3,1,din
whether,0,0,0,0,0,0,1,0,0,0,0,0,0,0,0,3,3,0.0,7,1,whether
mention,1,1,0,0,0,0,0,0,0,0,0,0,0,0,0,3,3,0.12726666666666667,7,1,mention
shouted,0,1,1,0,0,0,0,0,0,0,0,0,0,0,0,3,3,-0.39713333333333334,7,1,shouted
scolding,1,0,1,0,0,0,0,0,0,0,0,0,0,0,0,3,3,-0.46636666666666665,8,1,scolding
searched,0,1,0,0,0,0,0,0,0,0,0,0,0,0,0,3,3,-0.11336666666666667,8,1,searched
clouds,1,1,0,0,0,0,0,0,0,0,0,0,0,0,0,3,3,0.17520000000000002,6,1,clouds
contemptuous,0,0,1,0,0,0,0,0,0,0,0,0,0,0,0,3,3,-0.38186666666666663,12,1,contemptuous
swimming,1,1,1,0,0,0,0,0,0,0,0,0,0,0,0,3,3,0.2394666666666667,8,1,swimming
wires,0,1,0,0,0,0,0,0,0,0,0,0,0,0,0,3,3,-0.08333333333333333,5,1,wires
civilization,1,0,0,0,0,0,0,0,0,0,0,0,0,0,0,3,3,-0.3754,12,1,civilization
yachting,1,1,0,0,0,0,0,0,0,0,0,0,0,0,0,3,3,0.14049999999999999,8,1,yachting
hung,0,1,1,0,0,0,0,0,0,0,0,0,0,0,0,3,3,0.3567,4,1,hung
tournament,1,0,0,0,0,0,0,0,0,0,0,0,0,0,0,3,3,-0.045566666666666665,10,1,tournament
magazine,1,0,0,0,0,0,0,0,0,0,0,0,0,0,0,3,3,0.21583333333333332,8,1,magazine
knee,1,0,0,0,0,0,0,0,0,0,0,0,0,0,0,3,3,0.3213,4,1,knee
paper,1,1,1,0,0,0,0,0,0,0,0,0,0,0,0,3,3,0.10053333333333332,5,1,paper
clerks,1,1,0,0,0,0,0,0,0,0,0,0,0,0,0,3,2,-0.19733333333333333,6,1,clerks
gesture,1,0,0,0,0,0,0,0,0,0,0,0,0,0,0,3,3,0.13396666666666665,7,1,gesture
flow,1,1,0,0,0,0,0,0,0,0,0,0,0,0,0,3,3,0.24003333333333332,4,1,flow
notice,1,1,0,0,0,0,0,0,0,0,0,0,0,0,0,3,3,0.06506666666666666,6,1,notice
practical,1,0,1,0,0,0,0,0,0,0,0,0,0,0,0,3,3,-0.04436666666666663,9,1,practical
n,1,0,0,0,0,0,0,0,0,0,0,0,0,0,0,3,3,0.025733333333333334,1,1,n
er,0,0,0,0,0,0,0,0,0,0,0,0,0,0,0,3,3,0.3252333333333333,2,0,er
limited,0,0,1,0,0,0,0,0,0,0,0,0,0,0,0,3,3,0.11496666666666668,7,1,limited
fainted,0,1,0,0,0,0,0,0,0,0,0,0,0,0,0,3,3,0.13396666666666665,7,1,fainted
silk,1,0,0,0,0,0,0,0,0,0,0,0,0,0,0,3,3,-0.008433333333333334,4,1,silk
artificial,0,0,1,0,0,0,0,0,0,0,0,0,0,0,0,3,3,0.3873,10,1,artificial
shirt,1,1,0,0,0,0,0,0,0,0,0,0,0,0,0,3,3,-0.04079999999999998,5,1,shirt
satisfaction,1,0,0,0,0,0,0,0,0,0,0,0,0,0,0,3,3,0.6105,12,1,satisfaction
streets,1,0,0,0,0,0,0,0,0,0,0,0,0,0,0,3,3,0.37283333333333335,7,1,streets
electric,1,0,1,0,0,0,0,0,0,0,0,0,0,0,0,3,3,0.29596666666666666,8,1,electric
finnish,1,0,1,0,0,0,0,0,0,0,0,0,0,0,0,3,2,0.2717333333333333,7,1,finnish
newspapers,0,0,0,0,0,0,0,0,0,0,0,0,0,0,0,3,3,-0.2503,10,1,newspapers
mak,0,0,0,0,0,0,0,0,0,0,0,0,0,0,0,3,3,0.7219000000000001,3,1,mak
spend,1,1,0,0,0,0,0,0,0,0,0,0,0,0,0,3,3,0.0,5,1,spend
lots,1,1,0,1,0,0,0,0,0,0,0,0,0,0,0,3,3,0.0,4,1,lots
mo,1,0,0,0,0,0,0,0,0,0,0,0,0,0,0,3,3,-0.11333333333333334,2,1,mo
shrubbery,1,0,0,0,0,0,0,0,0,0,0,0,0,0,0,3,3,-0.23829999999999998,9,1,shrubbery
phase,1,1,0,0,0,0,0,0,0,0,0,0,0,0,0,3,2,-0.7419333333333333,5,1,phase
absence,1,0,0,0,0,0,0,0,0,0,0,0,0,0,0,3,3,0.03456666666666666,7,1,absence
save,1,1,0,0,0,0,1,0,0,0,0,0,0,0,0,3,3,0.1904,4,1,save
warned,0,1,0,0,0,0,0,0,0,0,0,0,0,0,0,3,3,0.010066666666666668,6,1,warned
arrange,0,1,0,0,0,0,0,0,0,0,0,0,0,0,0,3,3,0.2423,7,1,arrange
simultaneously,0,0,0,1,0,0,0,0,0,0,0,0,0,0,0,3,3,-0.2563666666666667,14,1,simultaneously
flattered,0,0,0,0,0,0,0,0,0,0,0,0,0,0,0,3,3,0.6164333333333333,9,1,flattered
enter,1,1,0,0,0,0,0,0,0,0,0,0,0,0,0,3,3,0.2253666666666667,5,1,enter
handkerchief,1,0,0,0,0,0,0,0,0,0,0,0,0,0,0,3,3,-0.1655,12,1,handkerchief
cheek,1,1,1,0,0,0,0,0,0,0,0,0,0,0,0,3,3,0.3127,5,1,cheek
fast,1,1,1,1,0,0,0,0,0,0,0,0,0,0,0,3,3,0.7581333333333333,4,1,fast
north,1,0,1,1,0,0,0,0,0,0,0,0,0,0,0,3,3,0.3488,5,1,north
shoe,1,1,0,0,0,0,0,0,0,0,0,0,0,0,0,3,3,-0.13193333333333335,4,1,shoe
borrowed,0,1,0,0,0,0,0,0,0,0,0,0,0,0,0,3,3,0.1022,8,1,borrowed
incident,1,0,1,0,0,0,0,0,0,0,0,0,0,0,0,3,3,0.13396666666666665,8,1,incident
ball,1,1,0,0,0,0,0,0,0,0,0,0,0,0,0,3,3,-0.05283333333333334,4,1,ball
wrote,0,1,0,0,0,0,0,0,0,0,0,0,0,0,0,3,3,-0.20703333333333332,5,1,wrote
reading,1,1,0,0,0,0,0,0,0,0,0,0,0,0,0,3,3,0.05103333333333334,7,1,reading
doorway,1,0,0,0,0,0,0,0,0,0,0,0,0,0,0,3,3,0.1735,7,1,doorway
promising,0,1,1,0,0,0,0,0,0,0,0,0,0,0,0,3,3,0.8361333333333333,9,1,promising
sweat,1,1,0,0,0,0,0,0,0,0,0,0,0,0,0,3,3,0.10606666666666666,5,1,sweat
raced,0,1,0,0,0,0,0,0,0,0,0,0,0,0,0,3,3,0.13926666666666665,5,1,raced
julep,1,0,0,0,0,0,0,0,0,0,0,0,0,0,0,3,3,0.0,5,1,julep
waving,1,1,1,0,0,0,0,0,0,0,0,0,0,0,0,3,3,0.11359999999999999,6,1,waving
awed,0,1,1,0,0,0,0,0,0,0,0,0,0,0,0,3,3,0.19063333333333332,4,1,awed
rush,1,1,1,0,0,0,0,0,0,0,0,0,0,0,0,3,3,-0.007599999999999996,4,1,rush
ideas,1,0,0,0,0,0,0,0,0,0,0,0,0,0,0,3,3,-0.09739999999999999,5,1,ideas
rumors,0,1,0,0,0,0,0,0,0,0,0,0,0,0,0,3,3,0.34356666666666663,6,1,rumors
carrying,1,1,0,0,0,0,0,0,0,0,0,0,0,0,0,3,3,-0.06743333333333333,8,1,carrying
share,1,1,0,0,0,0,0,0,0,0,0,0,0,0,0,3,3,0.3017,5,1,share
introduction,1,0,0,0,0,0,0,0,0,0,0,0,0,0,0,3,3,0.12973333333333334,12,1,introduction
fault,1,0,0,0,0,0,0,0,0,0,0,0,0,0,0,3,3,0.2704666666666667,5,1,fault
possibly,0,0,0,1,0,0,0,0,0,0,0,0,0,0,0,3,3,0.2861666666666667,8,1,possibly
surprising,0,1,1,0,0,0,0,0,0,0,0,0,0,0,0,3,3,0.12789999999999999,10,1,surprising
flower,1,0,0,0,0,0,0,0,0,0,0,0,0,0,0,3,3,0.45166666666666666,6,1,flower
breathing,1,1,1,0,0,0,0,0,0,0,0,0,0,0,0,3,3,0.4915333333333334,9,1,breathing
surprisingly,0,0,0,1,0,0,0,0,0,0,0,0,0,0,0,3,3,0.26753333333333335,12,1,surprisingly
keeping,1,1,0,0,0,0,0,0,0,0,0,0,0,0,0,3,3,0.27253333333333335,7,1,keeping
tray,1,0,0,0,0,0,0,0,0,0,0,0,0,0,0,3,3,0.03423333333333333,4,1,tray
gasoline,1,0,0,0,0,0,0,0,0,0,0,0,0,0,0,3,3,0.12040000000000001,8,1,gasoline
brakes,1,1,0,0,0,0,0,0,0,0,0,0,0,0,0,3,3,-0.09193333333333333,6,1,brakes
careful,0,0,1,0,0,0,0,0,0,0,0,0,0,0,0,3,3,0.20083333333333334,7,1,careful
unusual,0,0,1,0,0,0,0,0,0,0,0,0,0,0,0,3,3,0.2869,7,1,unusual
orders,0,1,0,0,0,0,0,0,0,0,0,0,0,0,0,3,3,0.38600000000000007,6,1,orders
sinister,0,0,1,0,0,0,0,0,0,0,0,0,0,0,0,3,3,-0.4712666666666667,8,1,sinister
hell,1,0,0,0,0,0,0,0,0,0,0,0,0,0,0,3,3,-0.45386666666666664,4,1,hell
keenly,0,0,0,1,0,0,0,0,0,0,0,0,0,0,0,3,3,0.3705,6,1,keenly
crushed,0,1,1,0,0,0,0,0,0,0,0,0,0,0,0,3,3,-0.3533,7,1,crushed
bored,0,1,1,0,0,0,0,0,0,0,0,0,0,0,0,3,3,0.021700000000000014,5,1,bored
scared,0,0,1,0,0,0,0,0,0,0,0,0,0,0,0,3,3,-0.37860000000000005,6,1,scared
devil,1,1,0,0,0,0,0,0,0,0,0,0,0,0,0,3,3,-0.7304666666666666,5,1,devil
bootlegger,1,0,0,0,0,0,0,0,0,0,0,0,0,0,0,3,3,-0.1589,10,1,bootlegger
contact,1,0,0,0,0,0,0,0,0,0,0,0,0,0,0,3,3,-0.18016666666666667,7,1,contact
source,1,1,0,0,0,0,0,0,0,0,0,0,0,0,0,3,3,-0.030066666666666648,6,1,source
winter,1,1,1,0,0,0,0,0,0,0,0,0,0,0,0,3,3,-0.11373333333333334,6,1,winter
national,1,0,1,0,0,0,0,0,0,0,0,0,0,0,0,3,3,0.4181000000000001,8,1,national
longest,0,0,1,1,0,0,0,0,0,0,0,0,0,0,0,3,3,-0.10206666666666668,7,1,longest
clear,1,1,1,1,0,0,0,0,0,0,0,0,0,0,0,3,3,0.6293666666666667,5,1,clear
tent,1,0,0,0,0,0,0,0,0,0,0,0,0,0,0,3,3,0.15163333333333331,4,1,tent
finished,0,1,1,0,0,0,0,0,0,0,0,0,0,0,0,3,3,0.13396666666666665,8,1,finished
telling,1,1,1,0,0,0,0,0,0,0,0,0,0,0,0,3,3,0.06823333333333333,7,1,telling
forms,1,1,0,0,0,0,0,0,0,0,0,0,0,0,0,3,3,0.3144,5,1,forms
railroad,1,1,0,0,0,0,0,0,0,0,0,0,0,0,0,3,3,0.0172,8,1,railroad
lightly,0,0,0,1,0,0,0,0,0,0,0,0,0,0,0,3,3,0.0,7,1,lightly
hips,1,0,0,0,0,0,0,0,0,0,0,0,0,0,0,3,3,0.06743333333333333,4,1,hips
candles,1,1,0,0,0,0,0,0,0,0,0,0,0,0,0,3,3,-0.21619999999999998,7,1,candles
tense,1,1,1,0,0,0,0,0,0,0,0,0,0,0,0,3,3,-0.5151,5,1,tense
compelled,0,1,1,0,0,0,0,0,0,0,0,0,0,0,0,3,3,0.4991333333333334,9,1,compelled
farther,0,0,1,1,0,0,0,0,0,0,0,0,0,0,0,3,3,0.09293333333333335,7,1,farther
bizarre,0,0,1,0,0,0,0,0,0,0,0,0,0,0,0,3,3,-0.23840000000000003,7,1,bizarre
horn,1,1,0,0,0,0,0,0,0,0,0,0,0,0,0,3,3,0.14376666666666668,4,1,horn
flipped,0,1,0,0,0,0,0,0,0,0,0,0,0,0,0,3,3,0.12040000000000001,7,1,flipped
civet,1,0,0,0,0,0,0,0,0,0,0,0,0,0,0,3,3,-0.08303333333333336,5,1,civet
folds,1,1,0,0,0,0,0,0,0,0,0,0,0,0,0,3,3,0.08333333333333333,5,1,folds
daddy,1,0,0,0,0,0,0,0,0,0,0,0,0,0,0,3,3,-0.1858,5,1,daddy
hospitality,0,0,0,0,0,0,0,0,0,0,0,0,0,0,0,3,3,0.6232333333333333,11,1,hospitality
removed,0,1,1,0,0,0,0,0,0,0,0,0,0,0,0,3,3,0.08303333333333333,7,1,removed
bu,0,0,0,0,0,0,0,0,0,0,0,0,0,0,0,3,3,0.021733333333333344,2,0,bu
intense,0,0,1,0,0,0,0,0,0,0,0,0,0,0,0,3,3,0.44930000000000003,7,1,intense
forth,1,0,0,1,0,0,0,0,0,0,0,0,0,0,0,3,3,0.16463333333333333,5,1,forth
gentleman,1,0,0,0,0,0,0,0,0,0,0,0,0,0,0,3,3,-0.08333333333333333,9,1,gentleman
towel,1,1,0,0,0,0,0,0,0,0,0,0,0,0,0,3,3,-0.06743333333333333,5,1,towel
wealthy,0,0,1,0,0,0,0,0,0,0,0,0,0,0,0,3,3,0.16676666666666665,7,1,wealthy
loves,0,1,0,0,0,0,0,0,0,0,0,0,0,0,0,3,3,0.6554333333333333,5,1,loves
gust,1,0,0,0,0,0,0,0,0,0,0,0,0,0,0,3,3,0.07670000000000003,4,1,gust
hovered,0,0,0,0,0,0,0,0,0,0,0,0,0,0,0,3,3,-0.09579999999999998,7,1,hovered
below,0,0,0,1,0,0,0,0,0,0,0,0,0,0,0,3,3,0.0,5,1,below
innumerable,0,0,1,0,0,0,0,0,0,0,0,0,0,0,0,3,3,0.12040000000000001,11,1,innumerable
boxes,1,1,0,0,0,0,0,0,0,0,0,0,0,0,0,3,2,0.5052666666666666,5,1,boxes
dear,1,0,1,1,0,0,0,0,0,0,0,0,0,0,0,3,3,-0.15293333333333334,4,1,dear
character,1,1,0,0,0,0,0,0,0,0,0,0,0,0,0,3,3,0.0837,9,1,character
drifting,1,1,1,0,0,0,0,0,0,0,0,0,0,0,0,3,3,0.22950000000000004,8,1,drifting
bend,1,1,0,0,0,0,0,0,0,0,0,0,0,0,0,3,3,-0.5237333333333334,4,1,bend
valley,1,0,0,0,0,0,0,0,0,0,0,0,0,0,0,3,3,0.03816666666666665,6,1,valley
involuntarily,0,0,0,1,0,0,0,0,0,0,0,0,0,0,0,3,3,0.0,13,1,involuntarily
content,1,1,1,0,0,0,0,0,0,0,0,0,0,0,0,3,3,-0.17866666666666667,7,1,content
hers,0,0,0,0,0,0,0,0,0,0,0,0,0,0,1,3,3,0.36366666666666664,4,1,hers
ripped,0,1,1,0,0,0,0,0,0,0,0,0,0,0,0,3,3,0.05223333333333333,6,1,ripped
barbara,1,0,0,0,0,0,0,0,0,0,0,0,0,0,0,3,3,-0.20896666666666666,7,1,barbara
santa,0,0,0,0,0,0,0,0,0,0,0,0,0,0,0,3,3,-0.20896666666666666,5,1,santa
brain,1,1,0,0,0,0,0,0,0,0,0,0,0,0,0,3,3,-0.26089999999999997,5,1,brain
capacity,1,0,0,0,0,0,0,0,0,0,0,0,0,0,0,3,3,0.42486666666666667,8,1,capacity
described,0,1,1,0,0,0,0,0,0,0,0,0,0,0,0,3,3,0.21153333333333335,9,1,described
unexpected,0,0,1,0,0,0,0,0,0,0,0,0,0,0,0,3,3,0.23026666666666665,10,1,unexpected
sheer,1,1,1,1,0,0,0,0,0,0,0,0,0,0,0,3,3,-0.49643333333333334,5,1,sheer
wings,1,0,0,0,0,0,0,0,0,0,0,0,0,0,0,3,3,0.21786666666666665,5,1,wings
educated,0,1,1,0,0,0,0,0,0,0,0,0,0,0,0,3,2,-0.21989999999999998,8,1,educated
eyebrows,1,0,0,0,0,0,0,0,0,0,0,0,0,0,0,3,3,-0.09866666666666667,8,1,eyebrows
rubies,1,0,0,0,0,0,0,0,0,0,0,0,0,0,0,3,3,0.2728,6,1,rubies
incredulous,0,0,1,0,0,0,0,0,0,0,0,0,0,0,0,3,3,0.0,11,1,incredulous
haunted,0,1,1,0,0,0,0,0,0,0,0,0,0,0,0,3,3,-0.3345666666666666,7,1,haunted
riding,1,1,1,0,0,0,0,0,0,0,0,0,0,0,0,3,3,0.2582666666666667,6,1,riding
gruff,0,0,1,0,0,0,0,0,0,0,0,0,0,0,0,3,3,0.1815,5,1,gruff
box,1,1,0,0,0,0,0,0,0,0,0,0,0,0,0,3,3,-0.015966666666666685,3,1,box
resolved,0,1,1,0,0,0,0,0,0,0,0,0,0,0,0,3,3,0.4294,8,1,resolved
blurred,0,1,1,0,0,0,0,0,0,0,0,0,0,0,0,3,3,0.19756666666666667,7,1,blurred
fully,0,0,0,1,0,0,0,0,0,0,0,0,0,0,0,3,3,0.4463,5,1,fully
major,1,1,1,0,0,0,0,0,0,0,0,0,0,0,0,3,3,-0.05930000000000002,5,1,major
powdered,0,0,1,0,0,0,0,0,0,0,0,0,0,0,0,3,3,-0.08293333333333332,8,1,powdered
power,1,1,1,0,0,0,0,0,0,0,0,0,0,0,0,3,3,-0.10309999999999998,5,1,power
relieved,0,1,1,0,0,0,0,0,0,0,0,0,0,0,0,3,3,0.4780333333333333,8,1,relieved
telephoned,0,0,0,0,0,0,0,0,0,0,0,0,0,0,0,3,3,-0.1759666666666667,10,1,telephoned
officers,1,1,0,0,0,0,0,0,0,0,0,0,0,0,0,3,3,0.23273333333333332,8,1,officers
rising,1,1,1,0,0,0,0,0,0,0,0,0,0,0,0,3,3,0.6221333333333333,6,1,rising
pearls,1,1,0,0,0,0,0,0,0,0,0,0,0,0,0,3,3,0.1468,6,1,pearls
officer,1,1,0,0,0,0,0,0,0,0,0,0,0,0,0,3,3,0.058533333333333326,7,1,officer
camp,1,1,1,0,0,0,0,0,0,0,0,0,0,0,0,3,3,0.1909,4,1,camp
pantry,1,0,0,0,0,0,0,0,0,0,0,0,0,0,0,3,3,-0.05103333333333334,6,1,pantry
complained,0,1,0,0,0,0,0,0,0,0,0,0,0,0,0,3,3,-0.527,10,1,complained
anywhere,0,0,0,1,0,0,0,0,0,0,0,0,0,0,0,3,3,-0.4179333333333333,8,1,anywhere
vast,1,0,1,0,0,0,0,0,0,0,0,0,0,0,0,3,3,0.0046666666666666705,4,1,vast
ready,1,0,1,0,0,0,0,0,0,0,0,0,0,0,0,3,3,0.34686666666666666,5,1,ready
carry,1,1,0,0,0,0,0,0,0,0,0,0,0,0,0,3,3,0.38176666666666664,5,1,carry
th,0,0,0,0,0,0,0,0,0,0,0,0,0,0,0,3,3,-0.07543333333333334,2,0,th
space,1,1,0,0,0,0,0,0,0,0,0,0,0,0,0,3,3,-0.027599999999999996,5,1,space
bitch,1,0,0,0,0,0,0,0,0,0,0,0,0,0,0,3,3,-0.3495333333333333,5,1,bitch
airedale,1,0,0,0,0,0,0,0,0,0,0,0,0,0,0,3,2,-0.05146666666666667,8,1,airedale
wash,1,1,0,0,0,0,0,0,0,0,0,0,0,0,0,3,3,0.02413333333333334,4,1,wash
bother,0,1,0,0,0,0,0,0,0,0,0,0,0,0,0,3,3,-0.13326666666666667,6,1,bother
doubtfully,0,0,0,1,0,0,0,0,0,0,0,0,0,0,0,3,3,0.06280000000000001,10,1,doubtfully
exactly,0,0,0,1,0,0,0,0,0,0,0,0,0,0,0,3,3,-0.13396666666666665,7,1,exactly
bore,1,1,0,0,0,0,0,0,0,0,0,0,0,0,0,3,3,-0.16836666666666666,4,1,bore
glimpse,1,1,0,0,0,0,0,0,0,0,0,0,0,0,0,3,3,0.08333333333333333,7,1,glimpse
doors,1,0,0,0,0,0,0,0,0,0,0,0,0,0,0,3,3,0.13396666666666665,5,1,doors
furniture,1,0,0,0,0,0,0,0,0,0,0,0,0,0,0,3,3,-0.17020000000000002,9,1,furniture
boots,1,1,0,0,0,0,0,0,0,0,0,0,0,0,0,3,3,0.1376,5,1,boots
dogs,1,0,0,0,0,0,0,0,0,0,0,0,0,0,0,3,3,0.2622666666666667,4,1,dogs
earnestly,0,0,0,1,0,0,0,0,0,0,0,0,0,0,0,3,3,0.14613333333333334,9,1,earnestly
tapped,0,1,1,0,0,0,0,0,0,0,0,0,0,0,0,3,3,0.12040000000000001,6,1,tapped
cream,1,1,1,0,0,0,0,0,0,0,0,0,0,0,0,3,3,0.2526333333333333,5,1,cream
mystery,1,0,0,0,0,0,0,0,0,0,0,0,0,0,0,3,3,0.8180000000000001,7,1,mystery
built,1,1,1,0,0,0,0,0,0,0,0,0,0,0,0,3,3,0.26803333333333335,5,1,built
wallet,1,0,0,0,0,0,0,0,0,0,0,0,0,0,0,3,3,0.0,6,1,wallet
cap,1,1,0,0,0,0,0,0,0,0,0,0,0,0,0,3,3,0.1971333333333333,3,1,cap
elevated,0,0,1,0,0,0,0,0,0,0,0,0,0,0,0,3,3,0.31753333333333333,8,1,elevated
final,1,0,1,0,0,0,0,0,0,0,0,0,0,0,0,3,3,0.3872333333333334,5,1,final
opinion,1,0,0,0,0,0,0,0,0,0,0,0,0,0,0,3,3,0.3934666666666667,7,1,opinion
breeze,1,1,0,0,0,0,0,0,0,0,0,0,0,0,0,3,3,0.2767,6,1,breeze
shadows,1,1,0,0,0,0,0,0,0,0,0,0,0,0,0,3,3,0.04680000000000001,7,1,shadows
length,1,0,0,0,0,0,0,0,0,0,0,0,0,0,0,3,3,0.04033333333333333,6,1,length
halt,1,1,1,0,0,0,0,0,0,0,0,0,0,0,0,3,3,0.19816666666666669,4,1,halt
practice,1,1,0,0,0,0,0,0,0,0,0,0,0,0,0,3,3,-0.0172,8,1,practice
eternal,0,0,1,0,0,0,0,0,0,0,0,0,0,0,0,3,3,0.4822666666666667,7,1,eternal
plaza,1,0,0,0,0,0,0,0,0,0,0,0,0,0,0,3,3,0.3923666666666667,5,1,plaza
safe,1,0,1,1,0,0,0,0,0,0,0,0,0,0,0,3,3,0.2039666666666667,4,1,safe
opportunity,1,0,0,0,0,0,0,0,0,0,0,0,0,0,0,3,3,0.29819999999999997,11,1,opportunity
track,1,1,0,0,0,0,0,0,0,0,0,0,0,0,0,3,3,-0.06426666666666665,5,1,track
ed,0,0,0,0,0,0,0,0,0,0,0,0,0,0,0,3,3,0.1426,2,0,ed
baby,1,0,1,0,0,0,0,0,0,0,0,0,0,0,0,3,3,0.2131333333333333,4,1,baby
wreath,1,0,0,0,0,0,0,0,0,0,0,0,0,0,0,3,3,-0.11256666666666666,6,1,wreath
destiny,1,0,0,0,0,0,0,0,0,0,0,0,0,0,0,3,2,-0.5483333333333333,7,1,destiny
naturally,0,0,0,1,0,0,0,0,0,0,0,0,0,0,0,3,3,0.24309999999999998,9,1,naturally
frowning,0,1,1,0,0,0,0,0,0,0,0,0,0,0,0,3,3,-0.3111,8,1,frowning
stir,1,1,0,0,0,0,0,0,0,0,0,0,0,0,0,3,3,-0.11716666666666668,4,1,stir
dumb,0,0,1,0,0,0,0,0,0,0,0,0,0,0,0,3,3,-0.15883333333333333,4,1,dumb
eastern,0,0,1,0,0,0,0,0,0,0,0,0,0,0,0,3,3,-0.02196666666666665,7,1,eastern
limousine,1,0,0,0,0,0,0,0,0,0,0,0,0,0,0,3,3,0.0,9,1,limousine
belonged,0,1,0,0,0,0,0,0,0,0,0,0,0,0,0,3,3,0.2423,8,1,belonged
watching,0,1,0,0,0,0,0,0,0,0,0,0,0,0,0,3,3,0.0,8,1,watching
including,0,1,0,0,0,0,0,0,0,0,0,0,0,0,0,3,3,-0.04766666666666667,9,1,including
italian,1,0,1,0,0,0,0,0,0,0,0,0,0,0,0,3,3,0.4575333333333333,7,1,italian
radiant,1,0,1,0,0,0,0,0,0,0,0,0,0,0,0,3,3,0.8194,7,1,radiant
moments,1,0,0,0,0,0,0,0,0,0,0,0,0,0,0,3,3,-0.007599999999999996,7,1,moments
snap,1,1,0,1,0,0,0,0,0,0,0,0,0,0,0,3,3,0.0,4,1,snap
ture,0,0,0,0,0,0,0,0,0,0,0,0,0,0,0,3,3,-0.12040000000000001,4,1,ture
stuck,1,1,1,0,0,0,0,0,0,0,0,0,0,0,0,3,3,-0.44956666666666667,5,1,stuck
excite,0,1,0,0,0,0,0,0,0,0,0,0,0,0,0,3,3,0.4748666666666666,6,1,excite
elbow,1,1,0,0,0,0,0,0,0,0,0,0,0,0,0,3,3,-0.2066666666666667,5,1,elbow
mistress,1,0,0,0,0,0,0,0,0,0,0,0,0,0,0,3,3,0.11333333333333334,8,1,mistress
sauntered,0,0,0,0,0,0,0,0,0,0,0,0,0,0,0,3,3,-0.153,9,1,sauntered
ella,0,0,0,0,0,0,0,0,0,0,0,0,0,0,0,3,3,0.1198,4,1,ella
yeah,0,0,0,1,0,0,0,0,0,0,0,0,0,0,0,3,3,0.07490000000000001,4,1,yeah
jerk,1,1,0,0,0,0,0,0,0,0,0,0,0,0,0,3,3,-0.4902,4,1,jerk
popular,0,0,1,0,0,0,0,0,0,0,0,0,0,0,0,3,3,0.17520000000000002,7,1,popular
cared,0,1,0,0,0,0,0,0,0,0,0,0,0,0,0,3,3,0.28206666666666663,5,1,cared
tribute,1,0,0,0,0,0,0,0,0,0,0,0,0,0,0,3,3,0.5590666666666667,7,1,tribute
kaye,0,0,0,0,0,0,0,0,0,0,0,0,0,0,0,3,3,0.1198,4,1,kaye
october,1,0,0,0,0,0,0,0,0,0,0,0,0,0,0,3,3,0.36236666666666667,7,1,october
glancing,0,1,0,0,0,0,0,0,0,0,0,0,0,0,0,3,3,-0.0353,8,1,glancing
alert,1,0,1,0,0,0,0,0,0,0,0,0,0,0,0,3,3,0.15966666666666665,5,1,alert
opposite,1,0,1,1,0,0,0,0,0,0,0,0,0,0,0,3,3,0.16463333333333333,8,1,opposite
older,0,0,1,0,0,0,0,0,0,0,0,0,0,0,0,3,3,0.395,5,1,older
absurd,1,0,1,0,0,0,0,0,0,0,0,0,0,0,0,3,3,0.14876666666666666,6,1,absurd
perceptible,0,0,1,0,0,0,0,0,0,0,0,0,0,0,0,3,3,0.042766666666666654,11,1,perceptible
highballs,1,0,0,0,0,0,0,0,0,0,0,0,0,0,0,3,3,0.09106666666666667,9,1,highballs
metropole,1,0,0,0,0,0,0,0,0,0,0,0,0,0,0,3,3,0.1268,9,1,metropole
grown,0,1,1,0,0,0,0,0,0,0,0,0,0,0,0,3,2,0.37956666666666666,5,1,grown
handed,0,1,1,0,0,0,0,0,0,0,0,0,0,0,0,3,3,-0.24653333333333335,6,1,handed
tattle,1,0,0,0,0,0,0,0,0,0,0,0,0,0,0,3,3,-0.17020000000000002,6,1,tattle
ous,1,0,0,0,0,0,0,0,0,0,0,0,0,0,0,3,3,-0.4445333333333334,3,1,ous
ceiling,1,0,0,0,0,0,0,0,0,0,0,0,0,0,0,3,3,0.12040000000000001,7,1,ceiling
hint,1,1,0,0,0,0,0,0,0,0,0,0,0,0,0,3,3,0.3752,4,1,hint
player,1,0,0,0,0,0,0,0,0,0,0,0,0,0,0,3,3,0.35646666666666665,6,1,player
bending,1,1,1,0,0,0,0,0,0,0,0,0,0,0,0,3,3,-0.02413333333333334,7,1,bending
shut,1,1,1,0,0,0,0,0,0,0,0,0,0,0,0,3,3,-0.2991333333333333,4,1,shut
handsome,0,0,1,0,0,0,0,0,0,0,0,0,0,0,0,3,3,0.3112,8,1,handsome
cious,0,0,0,0,0,0,0,0,0,0,0,0,0,0,0,3,3,0.3612666666666667,5,1,cious
bare,1,1,1,0,0,0,0,0,0,0,0,0,0,0,0,3,3,0.14886666666666667,4,1,bare
gonnegtion,1,0,0,0,0,0,0,0,0,0,0,0,0,0,0,3,3,0.08093333333333332,10,1,gonnegtion
vicinity,1,0,0,0,0,0,0,0,0,0,0,0,0,0,0,3,3,0.10606666666666666,8,1,vicinity
intently,0,0,0,1,0,0,0,0,0,0,0,0,0,0,0,3,3,0.3945,8,1,intently
stout,1,0,1,0,0,0,0,0,0,0,0,0,0,0,0,3,3,0.3336333333333334,5,1,stout
fields,1,1,0,0,0,0,0,0,0,0,0,0,0,0,0,3,3,0.06743333333333333,6,1,fields
tions,0,0,0,0,0,0,0,0,0,0,0,0,0,0,0,3,3,-0.1411,5,1,tions
buttons,1,1,0,0,0,0,0,0,0,0,0,0,0,0,0,3,3,0.0,7,1,buttons
apartments,1,0,0,0,0,0,0,0,0,0,0,0,0,0,0,3,3,0.36336666666666667,10,1,apartments
proprietor,1,0,0,0,0,0,0,0,0,0,0,0,0,0,0,3,3,-0.044566666666666664,10,1,proprietor
delighted,0,1,1,0,0,0,0,0,0,0,0,0,0,0,0,3,3,0.5106,9,1,delighted
waste,1,1,1,0,0,0,0,0,0,0,0,0,0,0,0,3,3,-0.37076666666666663,5,1,waste
main,1,0,1,0,0,0,0,0,0,0,0,0,0,0,0,3,3,-0.27213333333333334,4,1,main
sell,1,1,0,0,0,0,0,0,0,0,0,0,0,0,0,3,3,0.23786666666666667,4,1,sell
rate,1,1,0,0,0,0,0,0,0,0,0,0,0,0,0,3,3,0.0902,4,1,rate
liquor,1,0,0,0,0,0,0,0,0,0,0,0,0,0,0,3,3,0.09943333333333336,6,1,liquor
belong,0,1,0,0,0,0,0,0,0,0,0,0,0,0,0,3,3,0.09866666666666667,6,1,belong
violence,1,0,0,0,0,0,0,0,0,0,0,0,0,0,0,3,3,-0.6601333333333333,8,1,violence
tangible,1,0,1,0,0,0,0,0,0,0,0,0,0,0,0,3,3,-0.037166666666666646,8,1,tangible
stables,1,1,0,0,0,0,0,0,0,0,0,0,0,0,0,3,3,-0.19979999999999998,7,1,stables
outdoors,1,0,0,1,0,0,0,0,0,0,0,0,0,0,0,3,2,0.07879999999999998,8,1,outdoors
material,1,0,1,0,0,0,0,0,0,0,0,0,0,0,0,3,3,0.09846666666666665,8,1,material
perfectly,0,0,0,1,0,0,0,0,0,0,0,0,0,0,0,3,3,0.7254999999999999,9,1,perfectly
shivered,0,0,0,0,0,0,0,0,0,0,0,0,0,0,0,3,3,-0.1199,8,1,shivered
chain,1,1,0,0,0,0,0,0,0,0,0,0,0,0,0,3,3,0.5666666666666668,5,1,chain
verge,1,1,0,0,0,0,0,0,0,0,0,0,0,0,0,3,3,-0.09213333333333333,5,1,verge
towns,1,0,0,0,0,0,0,0,0,0,0,0,0,0,0,3,3,0.3846,5,1,towns
enthusiasm,1,0,0,0,0,0,0,0,0,0,0,0,0,0,0,3,3,0.041666666666666664,10,1,enthusiasm
beads,1,1,0,0,0,0,0,0,0,0,0,0,0,0,0,3,3,0.10606666666666666,5,1,beads
sixty,1,0,1,0,0,0,0,0,0,0,0,0,0,0,0,3,3,0.09106666666666667,5,1,sixty
served,0,1,0,0,0,0,0,0,0,0,0,0,0,0,0,3,3,0.34356666666666674,6,1,served
join,1,1,0,0,0,0,0,0,0,0,0,0,0,0,0,3,3,0.4982666666666667,4,1,join
habit,1,1,0,0,0,0,0,0,0,0,0,0,0,0,0,3,3,0.2922666666666667,5,1,habit
younger,1,0,1,0,0,0,0,0,0,0,0,0,0,0,0,3,3,0.0665,7,1,younger
minister,1,1,0,0,0,0,0,0,0,0,0,0,0,0,0,3,3,0.0,8,1,minister
nished,0,0,0,0,0,0,0,0,0,0,0,0,0,0,0,2,2,0.14045,6,1,nished
stretch,1,1,1,0,0,0,0,0,0,0,0,0,0,0,0,2,2,-0.21075,7,1,stretch
returning,0,1,1,0,0,0,0,0,0,0,0,0,0,0,0,2,2,0.1946,9,1,returning
mur,0,0,0,0,0,0,0,0,0,0,0,0,0,0,0,2,1,-0.2263,3,1,mur
miserable,0,0,1,0,0,0,0,0,0,0,0,0,0,0,0,2,2,-0.1956,9,1,miserable
sug,0,0,0,0,0,0,0,0,0,0,0,0,0,0,0,2,2,0.05135,3,1,sug
unhappy,0,0,1,0,0,0,0,0,0,0,0,0,0,0,0,2,2,-0.2053,7,1,unhappy
avoid,0,1,0,0,0,0,0,0,0,0,0,0,0,0,0,2,2,-0.65955,5,1,avoid
va,0,0,0,0,0,0,0,0,0,0,0,0,0,0,0,2,2,0.18600000000000003,2,0,va
metallic,1,0,1,0,0,0,0,0,0,0,0,0,0,0,0,2,2,0.02969999999999999,8,1,metallic
infinite,0,0,1,0,0,0,0,0,0,0,0,0,0,0,0,2,2,0.2423,8,1,infinite
missing,0,1,1,0,0,0,0,0,0,0,0,0,0,0,0,2,2,-0.517,7,1,missing
smashed,0,1,1,0,0,0,0,0,0,0,0,0,0,0,0,2,2,-0.28595,7,1,smashed
november,1,0,0,0,0,0,0,0,0,0,0,0,0,0,0,2,2,0.0,8,1,november
rigidly,0,0,0,1,0,0,0,0,0,0,0,0,0,0,0,2,2,0.09165000000000001,7,1,rigidly
abandoned,0,0,1,0,0,0,0,0,0,0,0,0,0,0,0,2,2,0.06764999999999999,9,1,abandoned
daughter,1,0,0,0,0,0,0,0,0,0,0,0,0,0,0,2,2,0.0,8,1,daughter
possible,1,0,1,0,0,0,0,0,0,0,0,0,0,0,0,2,2,0.2294,8,1,possible
wildly,0,0,0,1,0,0,0,0,0,0,0,0,0,0,0,2,2,0.34735,6,1,wildly
whis,0,0,0,0,0,0,0,0,0,0,0,0,0,0,0,2,2,0.3568,4,1,whis
burden,1,1,0,0,0,0,0,0,0,0,0,0,0,0,0,2,2,0.04125000000000001,6,1,burden
quieter,1,0,0,0,0,0,0,0,0,0,0,0,0,0,0,2,2,0.0,7,1,quieter
couple,1,1,0,0,0,0,0,0,0,0,0,0,0,0,0,2,2,0.0,6,1,couple
flushing,1,1,0,0,0,0,0,0,0,0,0,0,0,0,0,2,2,-0.08485,8,1,flushing
shame,1,1,0,0,0,0,0,0,0,0,0,0,0,0,0,2,2,-0.36335,5,1,shame
rule,1,1,0,0,0,0,0,0,0,0,0,0,0,0,0,2,2,-0.20984999999999998,4,1,rule
southampton,0,0,0,0,0,0,0,0,0,0,0,0,0,0,0,2,2,0.0,11,1,southampton
snobbishly,0,0,0,1,0,0,0,0,0,0,0,0,0,0,0,2,1,-0.738,10,1,snobbishly
tween,1,0,0,0,0,0,0,0,0,0,0,0,0,0,0,2,2,0.41355,5,1,tween
reports,1,1,0,0,0,0,0,0,0,0,0,0,0,0,0,2,2,0.48030000000000006,7,1,reports
photographers,1,0,0,0,0,0,0,0,0,0,0,0,0,0,0,2,2,-0.148,13,1,photographers
resting,0,1,1,0,0,0,0,0,0,0,0,0,0,0,0,2,2,0.39225,7,1,resting
twin,1,1,1,0,0,0,0,0,0,0,0,0,0,0,0,2,2,0.38915,4,1,twin
cordial,1,0,1,0,0,0,0,0,0,0,0,0,0,0,0,2,2,0.2294,7,1,cordial
roared,0,1,0,0,0,0,0,0,0,0,0,0,0,0,0,2,2,0.0,6,1,roared
embarrassment,1,0,0,0,0,0,0,0,0,0,0,0,0,0,0,2,2,-0.2221,13,1,embarrassment
exciting,0,1,1,0,0,0,0,0,0,0,0,0,0,0,0,2,1,0.9719,8,1,exciting
working,1,1,1,0,0,0,0,0,0,0,0,0,0,0,0,2,2,0.0,7,1,working
lean,0,1,1,0,0,0,0,0,0,0,0,0,0,0,0,2,2,-0.3916,4,1,lean
unpleasantness,1,0,0,0,0,0,0,0,0,0,0,0,0,0,0,2,2,-0.09345,14,1,unpleasantness
soul,1,0,0,0,0,0,0,0,0,0,0,0,0,0,0,2,2,0.20095,4,1,soul
impulse,1,0,0,0,0,0,0,0,0,0,0,0,0,0,0,2,2,0.07020000000000001,7,1,impulse
rent,1,1,1,0,0,0,0,0,0,0,0,0,0,0,0,2,2,0.20095,4,1,rent
approached,0,1,0,0,0,0,0,0,0,0,0,0,0,0,0,2,2,0.27495,10,1,approached
sofa,1,0,0,0,0,0,0,0,0,0,0,0,0,0,0,2,2,-0.18284999999999998,4,1,sofa
washed,0,1,1,0,0,0,0,0,0,0,0,0,0,0,0,2,2,-0.24975,6,1,washed
cigar,1,0,0,0,0,0,0,0,0,0,0,0,0,0,0,2,2,-0.23835,5,1,cigar
realizing,0,1,1,0,0,0,0,0,0,0,0,0,0,0,0,2,2,-0.18120000000000003,9,1,realizing
ty,0,0,0,0,0,0,0,0,0,0,0,0,0,0,0,2,2,0.0,2,0,ty
savage,1,1,1,0,0,0,0,0,0,0,0,0,0,0,0,2,2,-0.6932499999999999,6,1,savage
lasted,0,1,0,0,0,0,0,0,0,0,0,0,0,0,0,2,2,-0.2787,6,1,lasted
continent,1,0,1,0,0,0,0,0,0,0,0,0,0,0,0,2,2,0.4417,9,1,continent
miserably,0,0,0,1,0,0,0,0,0,0,0,0,0,0,0,2,2,-0.4491,9,1,miserably
startlingly,0,0,0,1,0,0,0,0,0,0,0,0,0,0,0,2,2,-0.12755,11,1,startlingly
advice,1,0,0,0,0,0,0,0,0,0,0,0,0,0,0,2,2,0.20450000000000002,6,1,advice
lutheran,1,0,1,0,0,0,0,0,0,0,0,0,0,0,0,2,2,0.27115,8,1,lutheran
st,0,0,0,0,0,0,0,0,0,0,0,0,0,0,0,2,2,0.27115,2,0,st
minnesota,1,0,0,0,0,0,0,0,0,0,0,0,0,0,0,2,2,0.0,9,1,minnesota
reality,1,0,0,0,0,0,0,0,0,0,0,0,0,0,0,2,2,0.09639999999999999,7,1,reality
provided,0,1,0,0,0,0,0,0,0,0,0,0,0,0,0,2,2,0.49915,8,1,provided
inherited,0,0,1,0,0,0,0,0,0,0,0,0,0,0,0,2,2,0.0,9,1,inherited
grocer,1,0,0,0,0,0,0,0,0,0,0,0,0,0,0,2,2,0.03409999999999999,6,1,grocer
decade,1,0,0,0,0,0,0,0,0,0,0,0,0,0,0,2,2,0.0129,6,1,decade
period,1,0,0,0,0,0,0,0,0,0,0,0,0,0,0,2,2,0.0129,6,1,period
acting,1,1,1,0,0,0,0,0,0,0,0,0,0,0,0,2,2,-0.07535,6,1,acting
massed,0,1,1,0,0,0,0,0,0,0,0,0,0,0,0,2,2,0.2064,6,1,massed
pointlessly,0,0,0,1,0,0,0,0,0,0,0,0,0,0,0,2,2,-0.09489999999999998,11,1,pointlessly
sang,0,1,0,0,0,0,0,0,0,0,0,0,0,0,0,2,2,0.63895,4,1,sang
conscientious,0,0,1,0,0,0,0,0,0,0,0,0,0,0,0,2,2,0.38355,13,1,conscientious
oblivion,1,0,0,0,0,0,0,0,0,0,0,0,0,0,0,2,2,0.23835,8,1,oblivion
director,1,0,0,0,0,0,0,0,0,0,0,0,0,0,0,2,2,0.0,8,1,director
lapsed,0,1,1,0,0,0,0,0,0,0,0,0,0,0,0,2,2,-0.28569999999999995,6,1,lapsed
platform,1,0,0,0,0,0,0,0,0,0,0,0,0,0,0,2,2,-0.064,8,1,platform
twisting,1,1,1,0,0,0,0,0,0,0,0,0,0,0,0,2,2,0.42755,8,1,twisting
cake,1,0,0,0,0,0,0,0,0,0,0,0,0,0,0,2,2,0.06745000000000001,4,1,cake
ghost,1,1,0,0,0,0,0,0,0,0,0,0,0,0,0,2,2,0.2779,5,1,ghost
figures,1,1,0,0,0,0,0,0,0,0,0,0,0,0,0,2,2,0.72665,7,1,figures
consciousness,1,0,0,0,0,0,0,0,0,0,0,0,0,0,0,2,2,0.48245,13,1,consciousness
invariably,0,0,0,1,0,0,0,0,0,0,0,0,0,0,0,2,2,0.10320000000000001,10,1,invariably
rage,1,1,0,0,0,0,0,0,0,0,0,0,0,0,0,2,2,-0.66445,4,1,rage
footsteps,1,0,0,0,0,0,0,0,0,0,0,0,0,0,0,2,2,-0.1366,9,1,footsteps
gleam,1,1,0,0,0,0,0,0,0,0,0,0,0,0,0,2,2,0.4629,5,1,gleam
slapping,1,1,0,0,0,0,0,0,0,0,0,0,0,0,0,2,2,0.2294,8,1,slapping
hovering,0,0,0,0,0,0,0,0,0,0,0,0,0,0,0,2,2,0.47304999999999997,8,1,hovering
boom,1,1,0,0,0,0,0,0,0,0,0,0,0,0,0,2,2,-0.2787,4,1,boom
wiping,1,1,0,0,0,0,0,0,0,0,0,0,0,0,0,2,2,-0.32389999999999997,6,1,wiping
blonde,1,0,1,0,0,0,0,0,0,0,0,0,0,0,0,2,2,-0.15080000000000002,6,1,blonde
directly,0,0,0,1,0,0,1,0,0,0,0,0,0,0,0,2,2,-0.2553,8,1,directly
ans,1,0,0,0,0,0,0,0,0,0,0,0,0,0,0,2,2,-0.16455,3,1,ans
wered,0,1,0,0,0,0,0,0,0,0,0,0,0,0,0,2,2,-0.16455,5,1,wered
nostrils,1,0,0,0,0,0,0,0,0,0,0,0,0,0,0,2,2,0.04185,8,1,nostrils
plete,0,0,0,0,0,0,0,0,0,0,0,0,0,0,0,2,2,0.2221,5,1,plete
block,1,1,0,0,0,0,0,0,0,0,0,0,0,0,0,2,2,-0.5923499999999999,5,1,block
contained,0,1,1,0,0,0,0,0,0,0,0,0,0,0,0,2,2,0.2427,9,1,contained
blocked,0,1,1,0,0,0,0,0,0,0,0,0,0,0,0,2,2,-0.2732,7,1,blocked
cuff,1,1,0,0,0,0,0,0,0,0,0,0,0,0,0,2,2,0.0,4,1,cuff
ford,1,1,0,0,0,0,0,0,0,0,0,0,0,0,0,2,2,0.2233,4,1,ford
veiled,0,1,1,0,0,0,0,0,0,0,0,0,0,0,0,2,1,0.0,6,1,veiled
level,1,1,1,0,0,0,0,0,0,0,0,0,0,0,0,2,2,-0.11795,5,1,level
motionless,0,0,1,0,0,0,0,0,0,0,0,0,0,0,0,2,2,-0.24695,10,1,motionless
acquaintances,1,0,0,0,0,0,0,0,0,0,0,0,0,0,0,2,2,-0.26744999999999997,13,1,acquaintances
restaurants,1,0,0,0,0,0,0,0,0,0,0,0,0,0,0,2,2,-0.1909,11,1,restaurants
ashen,0,0,1,0,0,0,0,0,0,0,0,0,0,0,0,2,2,0.3548,5,1,ashen
flight,1,1,0,0,0,0,0,0,0,0,0,0,0,0,0,2,2,0.0,6,1,flight
pic,1,0,0,0,0,0,0,0,0,0,0,0,0,0,0,2,2,0.0,3,1,pic
mumbled,0,1,0,0,0,0,0,0,0,0,0,0,0,0,0,2,2,-0.5415,7,1,mumbled
sweep,1,1,0,0,0,0,0,0,0,0,0,0,0,0,0,2,2,-0.17004999999999998,5,1,sweep
sunken,0,0,1,0,0,0,0,0,0,0,0,0,0,0,0,2,2,0.24695,6,1,sunken
physically,0,0,0,1,0,0,0,0,0,0,0,0,0,0,0,2,2,0.0129,10,1,physically
solemnly,0,0,0,1,0,0,0,0,0,0,0,0,0,0,0,2,2,0.24914999999999998,8,1,solemnly
hurry,1,0,0,0,0,0,0,0,0,0,0,0,0,0,0,2,2,-0.1706,5,1,hurry
benediction,1,0,0,0,0,0,0,0,0,0,0,0,0,0,0,2,2,0.09895000000000001,11,1,benediction
oddly,0,0,0,1,0,0,0,0,0,0,0,0,0,0,0,2,2,0.1292,5,1,oddly
paused,0,1,0,0,0,0,0,0,0,0,0,0,0,0,0,2,2,0.0,6,1,paused
literally,0,0,0,1,0,0,0,0,0,0,0,0,0,0,0,2,2,-0.2997,9,1,literally
forced,0,1,1,0,0,0,0,0,0,0,0,0,0,0,0,2,2,-0.5291,6,1,forced
genially,0,0,0,1,0,0,0,0,0,0,0,0,0,0,0,2,2,0.0386,8,1,genially
happiness,1,0,0,0,0,0,0,0,0,0,0,0,0,0,0,2,2,0.4153,9,1,happiness
worry,1,1,0,0,0,0,0,0,0,0,0,0,0,0,0,2,2,-0.07220000000000001,5,1,worry
banners,1,0,0,0,0,0,0,0,0,0,0,0,0,0,0,2,2,0.0,7,1,banners
largest,0,0,1,0,0,0,0,0,0,0,0,0,0,0,0,2,1,0.0,7,1,largest
speech,1,0,0,0,0,0,0,0,0,0,0,0,0,0,0,2,2,-0.2772,6,1,speech
arrangement,1,0,0,0,0,0,0,0,0,0,0,0,0,0,0,2,2,-0.1292,11,1,arrangement
notes,0,1,0,0,0,0,0,0,0,0,0,0,0,0,0,2,2,0.06169999999999998,5,1,notes
chairs,1,1,0,0,0,0,0,0,0,0,0,0,0,0,0,2,2,0.0,6,1,chairs
memories,0,0,0,0,0,0,0,0,0,0,0,0,0,0,0,2,2,0.0,8,1,memories
gloomily,0,0,0,1,0,0,0,0,0,0,0,0,0,0,0,2,2,0.0,8,1,gloomily
sentence,1,1,0,0,0,0,0,0,0,0,0,0,0,0,0,2,2,-0.17215,8,1,sentence
attain,0,0,0,0,0,0,0,0,0,0,0,0,0,0,0,2,2,0.21075,6,1,attain
starts,1,1,0,0,0,0,0,0,0,0,0,0,0,0,0,2,2,-0.0129,6,1,starts
amused,0,1,1,0,0,0,0,0,0,0,0,0,0,0,0,2,2,0.3991,6,1,amused
unsuccessfully,0,0,0,1,0,0,0,0,0,0,0,0,0,0,0,2,2,-0.4019,14,1,unsuccessfully
rassment,0,0,0,0,0,0,0,0,0,0,0,0,0,0,0,2,2,-0.23835,8,1,rassment
faith,1,0,0,0,0,0,0,0,0,0,0,0,0,0,0,2,2,0.60895,5,1,faith
mindedness,1,0,0,0,0,0,0,0,0,0,0,0,0,0,0,2,2,0.4111,10,1,mindedness
jail,1,0,0,0,0,0,0,0,0,0,0,0,0,0,0,2,2,0.0,4,1,jail
stare,1,1,0,0,0,0,0,0,0,0,0,0,0,0,0,2,2,-0.4428,5,1,stare
river,1,0,0,0,0,0,0,0,0,0,0,0,0,0,0,2,2,0.08294999999999997,5,1,river
tic,1,0,0,0,0,0,0,0,0,0,0,0,0,0,0,2,2,0.24695,3,1,tic
spectacles,1,0,0,0,0,0,0,0,0,0,0,0,0,0,0,2,2,0.20889999999999997,10,1,spectacles
invent,0,1,0,0,0,0,0,0,0,0,0,0,0,0,0,2,2,-0.10409999999999997,6,1,invent
conception,1,0,0,0,0,0,0,0,0,0,0,0,0,0,0,2,2,0.07220000000000001,10,1,conception
diminished,0,1,1,0,0,0,0,0,0,0,0,0,0,0,0,2,2,0.0,10,1,diminished
inevitable,1,0,1,0,0,0,0,0,0,0,0,0,0,0,0,2,2,0.3592,10,1,inevitable
annoyed,0,1,1,0,0,0,0,0,0,0,0,0,0,0,0,2,2,-0.1772,7,1,annoyed
wail,1,1,0,0,0,0,0,0,0,0,0,0,0,0,0,2,2,-0.66445,4,1,wail
searching,1,1,1,0,0,0,0,0,0,0,0,0,0,0,0,2,2,-0.021799999999999986,9,1,searching
embar,0,0,0,0,0,0,0,0,0,0,0,0,0,0,0,2,2,-0.23835,5,1,embar
deferred,0,0,1,0,0,0,0,0,0,0,0,0,0,0,0,2,2,0.0,8,1,deferred
tor,1,0,0,0,0,0,0,0,0,0,0,0,0,0,0,2,2,0.0,3,1,tor
tiny,1,0,1,0,0,0,0,0,0,0,0,0,0,0,0,2,2,0.30625,4,1,tiny
cellar,1,0,0,0,0,0,0,0,0,0,0,0,0,0,0,2,2,0.0,6,1,cellar
obscurely,0,0,0,1,0,0,0,0,0,0,0,0,0,0,0,2,2,0.15184999999999998,9,1,obscurely
driven,0,1,1,0,0,0,0,0,0,0,0,0,0,0,0,2,2,0.0,6,1,driven
flowered,0,0,1,0,0,0,0,0,0,0,0,0,0,0,0,2,2,0.03409999999999999,8,1,flowered
vulgar,0,0,1,0,0,0,0,0,0,0,0,0,0,0,0,2,2,0.15635,6,1,vulgar
extinguished,0,1,1,0,0,0,0,0,0,0,0,0,0,0,0,2,2,0.06625000000000003,12,1,extinguished
dilatory,0,0,1,0,0,0,0,0,0,0,0,0,0,0,0,2,2,0.0,8,1,dilatory
sought,0,1,1,0,0,0,0,0,0,0,0,0,0,0,0,2,2,0.3601,6,1,sought
splendid,0,0,1,0,0,0,0,0,0,0,0,0,0,0,0,2,2,0.74395,8,1,splendid
holiday,1,0,0,0,0,0,0,0,0,0,0,0,0,0,0,2,2,0.7393000000000001,7,1,holiday
oil,1,1,0,0,0,0,0,0,0,0,0,0,0,0,0,2,2,0.0,3,1,oil
nosed,0,1,1,0,0,0,0,0,0,0,0,0,0,0,0,2,2,0.3481,5,1,nosed
tide,1,1,0,0,0,0,0,0,0,0,0,0,0,0,0,2,2,0.28555,4,1,tide
owned,0,1,1,0,0,0,0,0,0,0,0,0,0,0,0,2,2,-0.3982,5,1,owned
swung,0,1,0,0,0,0,0,0,0,0,0,0,0,0,0,2,2,0.0,5,1,swung
capable,0,0,1,0,0,0,0,0,0,0,0,0,0,0,0,2,2,-0.12489999999999998,7,1,capable
muscle,1,1,0,0,0,0,0,0,0,0,0,0,0,0,0,2,2,0.1806,6,1,muscle
aggressively,0,0,0,1,0,0,0,0,0,0,0,0,0,0,0,2,2,-0.41174999999999995,12,1,aggressively
hide,1,1,0,0,0,0,0,0,0,0,0,0,0,0,0,2,2,0.44394999999999996,4,1,hide
kinds,1,0,0,0,0,0,0,0,0,0,0,0,0,0,0,2,2,-0.17,5,1,kinds
peered,0,1,0,0,0,0,0,0,0,0,0,0,0,0,0,2,2,0.44155,6,1,peered
cabs,1,0,0,0,0,0,0,0,0,0,0,0,0,0,0,2,2,0.5568,4,1,cabs
hearse,1,0,0,0,0,0,0,0,0,0,0,0,0,0,0,2,2,-0.10950000000000001,6,1,hearse
carriages,1,0,0,0,0,0,0,0,0,0,0,0,0,0,0,2,1,0.3804,9,1,carriages
blinds,1,1,0,0,0,0,0,0,0,0,0,0,0,0,0,2,2,0.1902,6,1,blinds
girders,1,0,0,0,0,0,0,0,0,0,0,0,0,0,0,2,2,0.54825,7,1,girders
fur,1,0,0,0,0,0,1,0,0,0,0,0,0,0,0,2,2,-0.05075,3,1,fur
bringing,0,1,0,0,0,0,0,0,0,0,0,0,0,0,0,2,2,0.0,8,1,bringing
magic,1,0,1,0,0,0,0,0,0,0,0,0,0,0,0,2,2,0.21865,5,1,magic
society,1,0,0,0,0,0,0,0,0,0,0,0,0,0,0,2,2,0.53345,7,1,society
contempt,1,0,0,0,0,0,0,0,0,0,0,0,0,0,0,2,2,-0.71305,8,1,contempt
hated,0,1,1,0,0,0,0,0,0,0,0,0,0,0,0,2,2,-0.65845,5,1,hated
blocks,1,1,0,0,0,0,0,0,0,0,0,0,0,0,0,2,2,-0.35015,6,1,blocks
wish,1,1,0,0,0,0,0,0,0,0,0,0,0,0,0,2,2,0.719,4,1,wish
alongside,0,0,0,1,0,0,0,0,0,0,0,0,0,0,0,2,2,-0.5445,9,1,alongside
sends,1,1,0,0,0,0,0,0,0,0,0,0,0,0,0,2,2,0.20095,5,1,sends
jug,1,1,0,0,0,0,0,0,0,0,0,0,0,0,0,2,1,0.3612,3,1,jug
rolled,0,1,1,0,0,0,0,0,0,0,0,0,0,0,0,2,2,0.2294,6,1,rolled
ajar,1,0,1,1,0,0,0,0,0,0,0,0,0,0,0,2,2,-0.08785000000000001,4,1,ajar
pebbles,1,0,0,0,0,0,0,0,0,0,0,0,0,0,0,2,2,0.1806,7,1,pebbles
procession,1,0,0,0,0,0,0,0,0,0,0,0,0,0,0,2,2,-0.50065,10,1,procession
appalled,0,0,1,0,0,0,0,0,0,0,0,0,0,0,0,2,1,0.4278,8,1,appalled
discreetly,0,0,0,1,0,0,0,0,0,0,0,0,0,0,0,2,2,-0.38585,10,1,discreetly
defiant,0,0,1,0,0,0,0,0,0,0,0,0,0,0,0,2,2,0.47620000000000007,7,1,defiant
matters,0,0,0,0,0,0,0,0,0,0,0,0,0,0,0,2,2,0.42250000000000004,7,1,matters
announced,0,1,1,0,0,0,0,0,0,0,0,0,0,0,0,2,2,0.0,9,1,announced
dining,1,1,0,0,0,0,0,0,0,0,0,0,0,0,0,2,2,-0.035449999999999995,6,1,dining
cutting,1,1,1,0,0,0,0,0,0,0,0,0,0,0,0,2,2,0.189,7,1,cutting
loafing,0,0,0,0,0,0,0,0,0,0,0,0,0,0,0,2,2,-0.064,7,1,loafing
circular,1,0,1,0,0,0,0,0,0,0,0,0,0,0,0,2,2,0.5217,8,1,circular
suspiciously,0,0,0,1,0,0,0,0,0,0,0,0,0,0,0,2,2,-0.62105,12,1,suspiciously
struggling,0,1,1,0,0,0,0,0,0,0,0,0,0,0,0,2,2,-0.7759499999999999,10,1,struggling
wisp,1,0,0,0,0,0,0,0,0,0,0,0,0,0,0,2,2,0.11880000000000002,4,1,wisp
initiative,1,0,1,0,0,0,0,0,0,0,0,0,0,0,0,2,2,-0.21075,10,1,initiative
biscuits,1,0,0,0,0,0,0,0,0,0,0,0,0,0,0,2,2,-0.2873,8,1,biscuits
meanwhile,1,0,0,1,0,0,0,0,0,0,0,0,0,0,0,2,2,0.0,9,1,meanwhile
peter,1,0,0,0,0,0,0,0,0,0,0,0,0,0,0,2,2,-0.38585,5,1,peter
magazines,1,0,0,0,0,0,0,0,0,0,0,0,0,0,0,2,2,0.3454,9,1,magazines
established,0,1,1,0,0,0,0,0,0,0,0,0,0,0,0,2,2,-0.06574999999999998,11,1,established
appearance,1,0,0,0,0,0,0,0,0,0,0,0,0,0,0,2,2,-0.5243,10,1,appearance
mckees,0,0,0,0,0,0,0,0,0,0,0,0,0,0,0,2,2,0.0,6,1,mckees
cover,1,1,0,0,0,0,0,0,0,0,0,0,0,0,0,2,2,0.2997,5,1,cover
mysterious,0,0,1,0,0,0,0,0,0,0,0,0,0,0,0,2,2,0.4484,10,1,mysterious
path,1,0,0,0,0,0,0,0,0,0,0,0,0,0,0,2,2,-0.02155,4,1,path
unutterable,0,0,1,0,0,0,0,0,0,0,0,0,0,0,0,2,2,-0.07519999999999999,11,1,unutterable
dismissed,0,1,1,0,0,0,0,0,0,0,0,0,0,0,0,2,2,0.0,9,1,dismissed
spat,1,1,0,0,0,0,0,0,0,0,0,0,0,0,0,2,2,0.1806,4,1,spat
delicately,0,0,0,1,0,0,0,0,0,0,0,0,0,0,0,2,2,-0.19929999999999998,10,1,delicately
metal,0,1,1,0,0,0,0,0,0,0,0,0,0,0,0,2,2,0.05135,5,1,metal
plunged,0,1,0,0,0,0,0,0,0,0,0,0,0,0,0,2,2,0.026749999999999996,7,1,plunged
ocean,1,0,0,0,0,0,0,0,0,0,0,0,0,0,0,2,2,0.2997,5,1,ocean
sped,0,1,0,0,0,0,0,0,0,0,0,0,0,0,0,2,2,0.1591,4,1,sped
port,1,1,1,0,0,0,0,0,0,0,0,0,0,0,0,2,2,0.0,4,1,port
concerned,0,1,1,0,0,0,0,0,0,0,0,0,0,0,0,2,2,-0.0386,9,1,concerned
rag,1,1,0,0,0,0,0,0,0,0,0,0,0,0,0,2,2,0.6392,3,1,rag
catching,1,1,1,0,0,0,0,0,0,0,0,0,0,0,0,2,2,0.2542,8,1,catching
cute,0,0,1,0,0,0,0,0,0,0,0,0,0,0,0,2,2,0.05135,4,1,cute
groped,0,1,0,0,0,0,0,0,0,0,0,0,0,0,0,2,2,-0.20095,6,1,groped
maid,1,0,0,0,0,0,0,0,0,0,0,0,0,0,0,2,2,0.0,4,1,maid
haughtily,0,0,0,1,0,0,0,0,0,0,0,0,0,0,0,2,2,0.0,9,1,haughtily
shirtwaist,1,0,0,0,0,0,0,0,0,0,0,0,0,0,0,2,2,-0.09489999999999998,10,1,shirtwaist
especially,0,0,0,1,0,0,0,0,0,0,0,0,0,0,0,2,2,0.3914,10,1,especially
general,1,1,1,0,0,0,0,0,0,0,0,0,0,0,0,2,2,0.50435,7,1,general
afternoons,1,0,0,1,0,0,0,0,0,0,0,0,0,0,0,2,2,0.31845,10,1,afternoons
pigsty,1,0,0,0,0,0,0,0,0,0,0,0,0,0,0,2,2,0.1806,6,1,pigsty
armistice,1,0,0,0,0,0,0,0,0,0,0,0,0,0,0,2,2,0.41169999999999995,9,1,armistice
bag,1,1,0,0,0,0,0,0,0,0,0,0,0,0,0,2,2,-0.0386,3,1,bag
engrossed,0,0,1,0,0,0,0,0,0,0,0,0,0,0,0,2,2,0.28564999999999996,9,1,engrossed
roadster,1,0,0,0,0,0,0,0,0,0,0,0,0,0,0,2,2,0.26335,8,1,roadster
ghastly,0,0,1,1,0,0,0,0,0,0,0,0,0,0,0,2,2,0.31174999999999997,7,1,ghastly
ash,1,1,0,0,0,0,0,0,0,0,0,0,0,0,0,2,2,0.07715,3,1,ash
dimly,0,0,0,1,0,0,0,0,0,0,0,0,0,0,0,2,2,0.25029999999999997,5,1,dimly
occasionally,0,0,0,1,0,0,0,0,0,0,0,0,0,0,0,2,2,-0.12219999999999999,12,1,occasionally
tuolomee,0,0,0,0,0,0,0,0,0,0,0,0,0,0,0,2,2,-0.064,8,1,tuolomee
inventions,1,0,0,0,0,0,0,0,0,0,0,0,0,0,0,2,2,0.35015,10,1,inventions
career,1,1,0,0,0,0,0,0,0,0,0,0,0,0,0,2,2,-0.08530000000000001,6,1,career
taylor,1,0,0,0,0,0,0,0,0,0,0,0,0,0,0,2,2,0.13834999999999997,6,1,taylor
privilege,1,1,0,0,0,0,0,0,0,0,0,0,0,0,0,2,2,0.58765,9,1,privilege
deft,0,0,1,0,0,0,0,0,0,0,0,0,0,0,0,2,2,0.1645,4,1,deft
uttered,0,0,1,0,0,0,0,0,0,0,0,0,0,0,0,2,2,-0.07655,7,1,uttered
wed,0,1,1,0,0,0,0,0,0,0,0,0,0,0,0,2,2,0.4906,3,1,wed
expectantly,0,0,0,1,0,0,0,0,0,0,0,0,0,0,0,2,2,0.0,11,1,expectantly
fragment,1,0,0,0,0,0,0,0,0,0,0,0,0,0,0,2,2,0.22035000000000002,8,1,fragment
flashing,1,1,1,0,0,0,0,0,0,0,0,0,0,0,0,2,2,0.3243,8,1,flashing
scenes,1,0,0,0,0,0,0,0,0,0,0,0,0,0,0,2,2,-0.2553,6,1,scenes
moreover,0,0,0,1,0,0,0,0,0,0,0,0,0,0,0,2,2,-0.13865,8,1,moreover
means,1,1,0,0,0,0,0,0,0,0,0,0,0,0,0,2,2,0.29295,5,1,means
anchor,1,1,0,0,0,0,0,0,0,0,0,0,0,0,0,2,2,0.44115000000000004,6,1,anchor
torn,0,1,1,0,0,0,0,0,0,0,0,0,0,0,0,2,2,0.1654,4,1,torn
sideways,1,0,1,1,0,0,0,0,0,0,0,0,0,0,0,2,2,0.11915000000000003,8,1,sideways
swallowed,0,1,1,0,0,0,0,0,0,0,0,0,0,0,0,2,2,-0.29124999999999995,9,1,swallowed
choked,0,1,1,0,0,0,0,0,0,0,0,0,0,0,0,2,2,-0.25149999999999995,6,1,choked
accusations,1,0,0,0,0,0,0,0,0,0,0,0,0,0,0,2,2,-0.33005,11,1,accusations
inter,0,0,1,0,0,0,0,0,0,0,0,0,0,0,0,2,2,0.0,5,1,inter
generation,1,0,0,0,0,0,0,0,0,0,0,0,0,0,0,2,2,0.28459999999999996,10,1,generation
wherever,0,0,0,1,0,0,1,0,0,0,0,0,0,0,0,2,2,0.29295,8,1,wherever
forest,1,0,0,0,0,0,0,0,0,0,0,0,0,0,0,2,2,0.3243,6,1,forest
hen,1,0,0,0,0,0,0,0,0,0,0,0,0,0,0,2,2,0.17,3,1,hen
struggles,1,1,0,0,0,0,0,0,0,0,0,0,0,0,0,2,2,0.27155,9,1,struggles
sturdy,0,0,1,0,0,0,0,0,0,0,0,0,0,0,0,2,2,0.025200000000000007,6,1,sturdy
haired,0,0,1,0,0,0,0,0,0,0,0,0,0,0,0,2,2,0.2198,6,1,haired
legs,1,0,0,0,0,0,0,0,0,0,0,0,0,0,0,2,2,0.011099999999999999,4,1,legs
vines,1,0,0,0,0,0,0,0,0,0,0,0,0,0,0,2,2,0.14215000000000003,5,1,vines
tenor,1,0,1,0,0,0,0,0,0,0,0,0,0,0,0,2,2,0.5267,5,1,tenor
shifting,1,1,1,0,0,0,0,0,0,0,0,0,0,0,0,2,2,0.14200000000000002,8,1,shifting
ry,0,0,0,0,0,0,0,0,0,0,0,0,0,0,0,2,2,0.05135,2,0,ry
brave,1,0,1,0,0,0,0,0,0,0,0,0,0,0,0,2,2,-0.0618,5,1,brave
government,1,0,0,0,0,0,0,0,0,0,0,0,0,0,0,2,2,-0.1528,10,1,government
argonne,0,0,0,0,0,0,0,0,0,0,0,0,0,0,0,2,2,0.0,7,1,argonne
guns,1,1,1,0,0,0,0,0,0,0,0,0,0,0,0,2,2,-0.3243,4,1,guns
beamed,0,1,0,0,0,0,0,0,0,0,0,0,0,0,0,2,2,-0.07694999999999999,6,1,beamed
simon,1,0,0,0,0,0,0,0,0,0,0,0,0,0,0,2,2,-0.38585,5,1,simon
versailles,1,0,0,0,0,0,0,0,0,0,0,0,0,0,0,2,2,-0.2553,10,1,versailles
nature,1,0,0,0,0,0,0,0,0,0,0,0,0,0,0,2,2,0.0,6,1,nature
restoration,1,0,0,0,0,0,0,0,0,0,0,0,0,0,0,2,2,0.3517,11,1,restoration
incessant,0,0,1,0,0,0,0,0,0,0,0,0,0,0,0,2,2,0.3548,9,1,incessant
solid,1,0,1,0,0,0,0,0,0,0,0,0,0,0,0,2,2,0.44805,5,1,solid
bob,1,1,0,0,0,0,0,0,0,0,0,0,0,0,0,2,2,-0.1704,3,1,bob
walks,1,1,0,0,0,0,0,0,0,0,0,0,0,0,0,2,2,0.6738500000000001,5,1,walks
burning,1,1,1,0,0,0,0,0,0,0,0,0,0,0,0,2,2,0.2553,7,1,burning
elicited,0,0,1,0,0,0,0,0,0,0,0,0,0,0,0,2,2,0.6606000000000001,8,1,elicited
delight,1,1,0,0,0,0,0,0,0,0,0,0,0,0,0,2,2,0.7085,7,1,delight
ding,1,1,0,0,0,0,0,0,0,0,0,0,0,0,0,2,2,0.27155,4,1,ding
marrying,0,1,0,0,0,0,0,0,0,0,0,0,0,0,0,2,2,0.05135,8,1,marrying
sworn,0,1,1,0,0,0,0,0,0,0,0,0,0,0,0,2,2,0.20835,5,1,sworn
advantage,1,1,0,0,0,0,0,0,0,0,0,0,0,0,0,2,2,0.6607000000000001,9,1,advantage
jumping,1,1,1,0,0,0,0,0,0,0,0,0,0,0,0,2,2,-0.07994999999999997,7,1,jumping
windy,1,0,1,0,0,0,0,0,0,0,0,0,0,0,0,2,2,0.15820000000000004,5,1,windy
hats,1,1,0,0,0,0,0,0,0,0,0,0,0,0,0,2,2,-0.10115,4,1,hats
trip,1,1,0,0,0,0,0,0,0,0,0,0,0,0,0,2,2,0.05135,4,1,trip
contemptuously,0,0,0,1,0,0,0,0,0,0,0,0,0,0,0,2,2,-0.37649999999999995,14,1,contemptuously
tangled,0,0,1,0,0,0,0,0,0,0,0,0,0,0,0,2,2,-0.21075,7,1,tangled
food,1,0,0,0,0,0,0,0,0,0,0,0,0,0,0,2,2,0.17715,4,1,food
hushed,0,1,1,0,0,0,0,0,0,0,0,0,0,0,0,2,2,0.27270000000000005,6,1,hushed
fascinated,0,1,1,0,0,0,0,0,0,0,0,0,0,0,0,2,2,0.6242000000000001,10,1,fascinated
august,1,0,1,0,0,0,0,0,0,0,0,0,0,0,0,2,2,0.31245,6,1,august
unfa,0,0,0,0,0,0,0,0,0,0,0,0,0,0,0,2,2,0.33830000000000005,4,1,unfa
bear,1,1,0,0,0,0,0,0,0,0,0,0,0,0,0,2,2,0.64595,4,1,bear
lieutenant,1,0,0,0,0,0,0,0,0,0,0,0,0,0,0,2,2,0.1366,10,1,lieutenant
surer,0,0,1,0,0,0,0,0,0,0,0,0,0,0,0,2,2,0.7655000000000001,5,1,surer
impressive,0,0,1,0,0,0,0,0,0,0,0,0,0,0,0,2,2,0.77705,10,1,impressive
disappointed,0,1,1,0,0,0,0,0,0,0,0,0,0,0,0,2,2,-0.58375,12,1,disappointed
regarding,0,1,1,0,0,0,0,0,0,0,0,0,0,0,0,2,2,0.11315,9,1,regarding
silhouette,1,1,0,0,0,0,0,0,0,0,0,0,0,0,0,2,2,0.43445,10,1,silhouette
forehead,1,0,0,0,0,0,0,0,0,0,0,0,0,0,0,2,2,0.0,8,1,forehead
leaking,0,1,1,0,0,0,0,0,0,0,0,0,0,0,0,2,2,-0.5303,7,1,leaking
phrases,1,1,0,0,0,0,0,0,0,0,0,0,0,0,0,2,2,-0.27044999999999997,7,1,phrases
jewels,1,0,0,0,0,0,0,0,0,0,0,0,0,0,0,2,2,0.4355,6,1,jewels
leg,1,0,0,0,0,0,0,0,0,0,0,0,0,0,0,2,2,0.41895000000000004,3,1,leg
reappeared,0,1,0,0,0,0,0,0,0,0,0,0,0,0,0,2,2,-0.24695,10,1,reappeared
arrive,0,1,0,0,0,0,0,0,0,0,0,0,0,0,0,2,2,0.42405,6,1,arrive
bureau,1,0,0,0,0,0,0,0,0,0,0,0,0,0,0,2,2,0.0,6,1,bureau
relief,1,0,0,0,0,0,0,0,0,0,0,0,0,0,0,2,2,0.6655,6,1,relief
bothering,0,0,0,0,0,0,0,0,0,0,0,0,0,0,0,2,2,-0.3818,9,1,bothering
carpet,1,1,0,0,0,0,0,0,0,0,0,0,0,0,0,2,2,0.23835,6,1,carpet
gazed,0,1,0,0,0,0,0,0,0,0,0,0,0,0,0,2,2,0.23835,5,1,gazed
wearing,1,1,1,0,0,0,0,0,0,0,0,0,0,0,0,2,2,-0.2103,7,1,wearing
seat,1,1,0,0,0,0,0,0,0,0,0,0,0,0,0,2,2,0.0,4,1,seat
shade,1,1,0,0,0,0,0,0,0,0,0,0,0,0,0,2,2,0.1591,5,1,shade
wrapping,1,1,0,0,0,0,0,0,0,0,0,0,0,0,0,2,2,-0.10115,8,1,wrapping
cracked,0,1,1,0,0,0,0,0,0,0,0,0,0,0,0,2,2,0.012550000000000006,7,1,cracked
sweet,1,0,1,1,0,0,0,0,0,0,0,0,0,0,0,2,2,0.61445,5,1,sweet
powder,1,1,0,0,0,0,0,0,0,0,0,0,0,0,0,2,2,0.43125,6,1,powder
shaved,0,1,1,0,0,0,0,0,0,0,0,0,0,0,0,2,2,0.35445,6,1,shaved
lather,1,1,0,0,0,0,0,0,0,0,0,0,0,0,0,2,2,0.20645,6,1,lather
everyone,0,0,0,0,0,0,0,0,0,0,0,0,0,0,1,2,2,0.35445,8,1,everyone
reproach,1,1,0,0,0,0,0,0,0,0,0,0,0,0,0,2,2,0.4493,8,1,reproach
fashion,1,1,0,0,0,0,0,0,0,0,0,0,0,0,0,2,2,0.7698,7,1,fashion
bles,0,0,0,0,0,0,0,0,0,0,0,0,0,0,0,2,2,0.3517,4,1,bles
ha,0,0,0,0,0,0,0,0,0,0,0,0,0,0,0,2,2,0.16870000000000002,2,0,ha
ven,0,0,0,0,0,0,0,0,0,0,0,0,0,0,0,2,2,0.16870000000000002,3,1,ven
mirrored,0,0,1,0,0,0,0,0,0,0,0,0,0,0,0,2,2,0.37895,8,1,mirrored
admiration,1,0,0,0,0,0,0,0,0,0,0,0,0,0,0,2,2,0.6977,10,1,admiration
swollen,0,1,1,0,0,0,0,0,0,0,0,0,0,0,0,2,2,0.6847000000000001,7,1,swollen
impatient,0,0,1,0,0,0,0,0,0,0,0,0,0,0,0,2,2,0.38835,9,1,impatient
closing,1,1,1,0,0,0,0,0,0,0,0,0,0,0,0,2,2,0.01185,7,1,closing
peculiarly,0,0,0,1,0,0,0,0,0,0,0,0,0,0,0,2,2,-0.07185000000000001,10,1,peculiarly
buchanans,0,0,0,0,0,0,0,0,0,0,0,0,0,0,0,2,2,0.0,9,1,buchanans
supercilious,0,0,1,0,0,0,0,0,0,0,0,0,0,0,0,2,2,-0.22195,12,1,supercilious
arrogant,0,0,1,0,0,0,0,0,0,0,0,0,0,0,0,2,2,-0.5328999999999999,8,1,arrogant
rigid,0,0,1,0,0,0,0,0,0,0,0,0,0,0,0,2,2,-0.19195,5,1,rigid
melody,1,0,0,0,0,0,0,0,0,0,0,0,0,0,0,2,2,0.4237,6,1,melody
legion,1,0,1,0,0,0,0,0,0,0,0,0,0,0,0,2,2,-0.03260000000000002,6,1,legion
brewer,1,0,0,0,0,0,0,0,0,0,0,0,0,0,0,2,2,-0.2868,6,1,brewer
football,1,0,0,0,0,0,0,0,0,0,0,0,0,0,0,2,2,0.7218500000000001,8,1,football
fifteen,1,0,1,0,0,0,0,0,0,0,0,0,0,0,0,2,2,0.1591,7,1,fifteen
fashionable,1,0,1,0,0,0,0,0,0,0,0,0,0,0,0,2,2,0.26080000000000003,11,1,fashionable
edgar,1,0,0,0,0,0,0,0,0,0,0,0,0,0,0,2,2,-0.1706,5,1,edgar
paid,0,1,1,0,0,0,0,0,0,0,0,0,0,0,0,2,2,0.73105,4,1,paid
drowned,0,1,1,0,0,0,0,0,0,0,0,0,0,0,0,2,2,-0.5789,7,1,drowned
headed,0,1,1,0,0,0,0,0,0,0,0,0,0,0,0,2,2,0.28595,6,1,headed
slip,1,1,0,0,0,0,0,0,0,0,0,0,0,0,0,2,2,0.66385,4,1,slip
shout,1,1,0,0,0,0,0,0,0,0,0,0,0,0,0,2,2,0.01755000000000001,5,1,shout
blessed,0,1,1,0,0,0,0,0,0,0,0,0,0,0,0,2,2,0.18655000000000002,7,1,blessed
morbid,0,0,1,0,0,0,0,0,0,0,0,0,0,0,0,2,2,0.24695,6,1,morbid
refuse,0,1,0,0,0,0,0,0,0,0,0,0,0,0,0,2,2,-0.565,6,1,refuse
clicked,0,1,0,0,0,0,0,0,0,0,0,0,0,0,0,2,2,0.148,7,1,clicked
schedule,1,1,0,0,0,0,0,0,0,0,0,0,0,0,0,2,2,0.0,8,1,schedule
beard,1,1,0,0,0,0,0,0,0,0,0,0,0,0,0,2,2,-0.0386,5,1,beard
standard,1,0,1,0,0,0,0,0,0,0,0,0,0,0,0,2,2,0.0,8,1,standard
squeezed,0,1,0,0,0,0,0,0,0,0,0,0,0,0,0,2,2,0.3182,8,1,squeezed
affected,1,1,1,0,0,0,0,0,0,0,0,0,0,0,0,2,2,-0.34550000000000003,8,1,affected
chiffon,1,0,1,0,0,0,0,0,0,0,0,0,0,0,0,2,2,0.0,7,1,chiffon
swept,0,1,1,0,0,0,0,0,0,0,0,0,0,0,0,2,2,0.3753,5,1,swept
horrible,1,0,1,0,0,0,0,0,0,0,0,0,0,0,0,2,2,-0.4339,8,1,horrible
henry,1,0,0,0,0,0,0,0,0,0,0,0,0,0,0,2,2,0.2883,5,1,henry
boarder,1,0,0,0,0,0,0,0,0,0,0,0,0,0,0,2,2,-0.1806,7,1,boarder
gar,1,0,0,0,0,0,0,0,0,0,0,0,0,0,0,2,2,0.1909,3,1,gar
begins,1,1,0,0,0,0,0,0,0,0,0,0,0,0,0,2,2,0.1806,6,1,begins
begged,0,1,0,0,0,0,0,0,0,0,0,0,0,0,0,2,2,0.0,6,1,begged
ferret,1,1,0,0,0,0,0,0,0,0,0,0,0,0,0,2,1,0.3818,6,1,ferret
earl,1,0,0,0,0,0,0,0,0,0,0,0,0,0,0,2,2,-0.27115,4,1,earl
muldoon,0,0,0,0,0,0,0,0,0,0,0,0,0,0,0,2,1,-0.5423,7,1,muldoon
state,1,1,1,0,0,0,0,0,0,0,0,0,0,0,0,2,2,0.59215,5,1,state
orc,1,0,0,0,0,0,0,0,0,0,0,0,0,0,0,2,2,0.3991,3,1,orc
cecil,0,0,0,0,0,0,0,0,0,0,0,0,0,0,0,2,1,0.5719,5,1,cecil
sore,1,0,1,1,0,0,0,0,0,0,0,0,0,0,0,2,1,-0.2263,4,1,sore
savagely,0,0,0,1,0,0,0,0,0,0,0,0,0,0,0,2,2,-0.60615,8,1,savagely
acute,1,0,1,0,0,0,0,0,0,0,0,0,0,0,0,2,2,0.12970000000000004,5,1,acute
excellence,1,0,0,0,0,0,0,0,0,0,0,0,0,0,0,2,2,0.7016,10,1,excellence
powerful,0,0,1,1,0,0,0,0,0,0,0,0,0,0,0,2,2,0.10944999999999999,8,1,powerful
regarded,0,1,0,0,0,0,0,0,0,0,0,0,0,0,0,2,2,0.3481,8,1,regarded
compliment,1,1,0,0,0,0,0,0,0,0,0,0,0,0,0,2,2,-0.01695000000000002,10,1,compliment
raising,1,1,1,0,0,0,0,0,0,0,0,0,0,0,0,2,2,-0.2553,7,1,raising
resemblance,1,0,0,0,0,0,0,0,0,0,0,0,0,0,0,2,2,-0.48419999999999996,11,1,resemblance
farm,1,1,1,0,0,0,0,0,0,0,0,0,0,0,0,2,2,0.08994999999999997,4,1,farm
wheat,1,0,0,0,0,0,0,0,0,0,0,0,0,0,0,2,2,0.6346,5,1,wheat
runs,1,1,0,0,0,0,0,0,0,0,0,0,0,0,0,2,2,-0.011399999999999993,4,1,runs
demand,1,1,0,0,0,0,0,0,0,0,0,0,0,0,0,2,2,-0.17715,6,1,demand
tough,1,0,1,1,0,0,0,0,0,0,0,0,0,0,0,2,2,-0.064,5,1,tough
underneath,0,0,1,1,0,0,0,0,0,0,0,0,0,0,0,2,2,-0.064,10,1,underneath
coincidence,1,0,0,0,0,0,0,0,0,0,0,0,0,0,0,2,2,-0.10115,11,1,coincidence
splendor,0,0,0,0,0,0,0,0,0,0,0,0,0,0,0,2,2,0.66845,8,1,splendor
sadness,1,0,0,0,0,0,0,0,0,0,0,0,0,0,0,2,2,-0.10705,7,1,sadness
busy,0,1,1,0,0,0,0,0,0,0,0,0,0,0,0,2,2,-0.012,4,1,busy
barrier,1,0,0,0,0,0,0,0,0,0,0,0,0,0,0,2,2,-0.42755,7,1,barrier
jauntily,0,0,0,1,0,0,0,0,0,0,0,0,0,0,0,2,2,0.35535,8,1,jauntily
roadhouse,1,0,0,0,0,0,0,0,0,0,0,0,0,0,0,2,2,0.39365,9,1,roadhouse
reply,1,0,0,0,0,0,0,0,0,0,0,0,0,0,0,2,2,-0.148,5,1,reply
nounced,0,0,0,0,0,0,0,0,0,0,0,0,0,0,0,2,2,0.0,7,1,nounced
imagination,1,0,0,0,0,0,0,0,0,0,0,0,0,0,0,2,2,0.09404999999999997,11,1,imagination
fellas,1,0,0,0,0,0,0,0,0,0,0,0,0,0,0,2,2,-0.1717,6,1,fellas
bill,1,1,0,0,0,0,0,0,0,0,0,0,0,0,0,2,2,0.0,4,1,bill
automobile,1,1,0,0,0,0,0,0,0,0,0,0,0,0,0,2,2,0.40605,10,1,automobile
beluga,1,0,0,0,0,0,0,0,0,0,0,0,0,0,0,2,1,0.0,6,1,beluga
gossip,1,0,0,0,0,0,0,0,0,0,0,0,0,0,0,2,2,-0.1779,6,1,gossip
ewing,0,0,0,0,0,0,0,0,0,0,0,0,0,0,0,2,2,0.0,5,1,ewing
decent,0,0,1,1,0,0,0,0,0,0,0,0,0,0,0,2,2,0.35525,6,1,decent
fero,0,0,0,0,0,0,0,0,0,0,0,0,0,0,0,2,2,0.3268,4,1,fero
due,1,0,1,1,0,0,0,0,0,0,0,0,0,0,0,2,2,0.2294,3,1,due
natural,1,0,1,0,0,0,0,0,0,0,0,0,0,0,0,2,2,0.41000000000000003,7,1,natural
obscene,0,0,1,0,0,0,0,0,0,0,0,0,0,0,0,2,2,-0.5501499999999999,7,1,obscene
triumphantly,0,0,0,1,0,0,0,0,0,0,0,0,0,0,0,2,2,0.1779,12,1,triumphantly
shifted,0,1,0,0,0,0,0,0,0,0,0,0,0,0,0,2,2,0.43935,7,1,shifted
fender,1,0,0,0,0,0,0,0,0,0,0,0,0,0,0,2,2,-0.10115,6,1,fender
rotten,0,0,1,0,0,0,0,0,0,0,0,0,0,0,0,2,2,-0.54825,6,1,rotten
monte,1,0,0,0,0,0,0,0,0,0,0,0,0,0,0,2,2,0.0,5,1,monte
deeper,0,0,0,0,0,0,0,0,0,0,0,0,0,0,0,2,2,0.78125,6,1,deeper
medium,1,0,1,0,0,0,0,0,0,0,0,0,0,0,0,2,2,0.3517,6,1,medium
recognizable,0,0,1,0,0,0,0,0,0,0,0,0,0,0,0,2,2,0.0386,12,1,recognizable
nowadays,0,0,0,1,0,0,0,0,0,0,0,0,0,0,0,2,2,0.0,8,1,nowadays
courtesy,1,0,0,0,0,0,0,0,0,0,0,0,0,0,0,2,2,0.5631,8,1,courtesy
jut,1,0,0,0,0,0,0,0,0,0,0,0,0,0,0,2,2,0.5416,3,1,jut
identical,1,0,1,0,0,0,0,0,0,0,0,0,0,0,0,2,2,0.3825,9,1,identical
contour,1,1,0,0,0,0,0,0,0,0,0,0,0,0,0,2,2,0.33115,7,1,contour
tennis,1,0,0,0,0,0,0,0,0,0,0,0,0,0,0,2,2,0.016400000000000026,6,1,tennis
arrest,1,0,0,0,0,0,0,0,0,0,0,0,0,0,0,2,2,-0.44720000000000004,6,1,arrest
proximity,1,0,0,0,0,0,0,0,0,0,0,0,0,0,0,2,2,0.09759999999999999,9,1,proximity
montauk,0,0,0,0,0,0,0,0,0,0,0,0,0,0,0,2,1,0.0,7,1,montauk
nephew,1,0,0,0,0,0,0,0,0,0,0,0,0,0,0,2,2,-0.436,6,1,nephew
absorbing,0,1,1,0,0,0,0,0,0,0,0,0,0,0,0,2,2,-0.3286,9,1,absorbing
studies,1,1,0,0,0,0,0,0,0,0,0,0,0,0,0,2,2,0.0,7,1,studies
investigation,1,0,0,0,0,0,0,0,0,0,0,0,0,0,0,2,2,0.0,13,1,investigation
overtaking,0,1,0,0,0,0,0,0,0,0,0,0,0,0,0,2,2,-0.17615,10,1,overtaking
sensuous,0,0,1,0,0,0,0,0,0,0,0,0,0,0,0,2,2,-0.10409999999999997,8,1,sensuous
disquieting,0,0,1,0,0,0,0,0,0,0,0,0,0,0,0,2,2,-0.035999999999999976,11,1,disquieting
inexplicable,0,0,1,0,0,0,0,0,0,0,0,0,0,0,0,2,2,-0.43125,12,1,inexplicable
cally,0,0,0,0,0,0,0,0,0,0,0,0,0,0,0,2,2,-0.3548,5,1,cally
hilariously,0,0,0,1,0,0,0,0,0,0,0,0,0,0,0,2,2,0.2787,11,1,hilariously
perspiration,1,0,0,0,0,0,0,0,0,0,0,0,0,0,0,2,2,0.50055,12,1,perspiration
letters,1,1,0,0,0,0,0,0,0,0,0,0,0,0,0,2,2,-0.06924999999999998,7,1,letters
divorce,1,1,0,0,0,0,0,0,0,0,0,0,0,0,0,2,2,0.0,7,1,divorce
guilty,1,0,1,0,0,0,0,0,0,0,0,0,0,0,0,2,1,-0.879,6,1,guilty
send,1,1,0,0,0,0,0,0,0,0,0,0,0,0,0,2,2,-0.20095,4,1,send
marked,0,1,1,0,0,0,0,0,0,0,0,0,0,0,0,2,2,0.68155,6,1,marked
suspicions,1,0,0,0,0,0,0,0,0,0,0,0,0,0,0,2,2,-0.61755,10,1,suspicions
owe,0,1,0,0,0,0,0,0,0,0,0,0,0,0,0,2,2,0.0,3,1,owe
hollow,1,1,1,0,0,0,0,0,0,0,0,0,0,0,0,2,2,0.21075,6,1,hollow
shelf,1,0,0,0,0,0,0,0,0,0,0,0,0,0,0,2,2,0.17314999999999997,5,1,shelf
secure,0,1,1,0,0,0,0,0,0,0,0,0,0,0,0,2,2,0.34,6,1,secure
local,1,0,1,0,0,0,0,0,0,0,0,0,0,0,0,2,2,0.2997,5,1,local
wavered,0,0,0,0,0,0,0,0,0,0,0,0,0,0,0,2,2,-0.4158,7,1,wavered
crossly,0,0,0,1,0,0,0,0,0,0,0,0,0,0,0,2,2,-0.0618,7,1,crossly
roofs,1,1,0,0,0,0,0,0,0,0,0,0,0,0,0,2,2,0.26265,5,1,roofs
intentions,1,0,0,0,0,0,0,0,0,0,0,0,0,0,0,2,2,-0.44094999999999995,10,1,intentions
stale,1,1,1,0,0,0,0,0,0,0,0,0,0,0,0,2,2,0.07655,5,1,stale
remotely,0,0,0,1,0,0,0,0,0,0,0,0,0,0,0,2,2,-0.13215000000000002,8,1,remotely
manded,0,0,0,0,0,0,0,0,0,0,0,0,0,0,0,2,2,0.26335,6,1,manded
hurt,1,1,1,0,0,0,0,0,0,0,0,0,0,0,0,2,2,-0.5267,4,1,hurt
ambitious,0,0,1,0,0,0,0,0,0,0,0,0,0,0,0,2,2,0.4767,9,1,ambitious
reporter,1,0,0,0,0,0,0,0,0,0,0,0,0,0,0,2,2,0.23835,8,1,reporter
tumbled,0,1,0,0,0,0,0,0,0,0,0,0,0,0,0,2,2,0.31720000000000004,7,1,tumbled
adding,0,1,0,0,0,0,0,0,0,0,0,0,0,0,0,2,2,0.35015,6,1,adding
fun,1,0,1,0,0,0,0,0,0,0,0,0,0,0,0,2,2,0.0,3,1,fun
reasons,1,1,0,0,0,0,0,0,0,0,0,0,0,0,0,2,2,-0.24805,7,1,reasons
carlo,0,0,0,0,0,0,0,0,0,0,0,0,0,0,0,2,2,0.0,5,1,carlo
catholic,1,0,1,0,0,0,0,0,0,0,0,0,0,0,0,2,2,-0.1258,8,1,catholic
elabo,0,0,0,0,0,0,0,0,0,0,0,0,0,0,0,2,2,0.018100000000000005,5,1,elabo
unlike,0,0,1,0,0,0,0,0,0,0,0,0,0,0,0,2,2,0.26554999999999995,6,1,unlike
count,1,1,0,0,0,0,0,0,0,0,0,0,0,0,0,2,2,0.1366,5,1,count
crept,0,1,0,0,0,0,0,0,0,0,0,0,0,0,0,2,2,0.1472,5,1,crept
advised,0,1,1,0,0,0,0,0,0,0,0,0,0,0,0,2,2,-0.28595,7,1,advised
influence,1,1,0,0,0,0,0,0,0,0,0,0,0,0,0,2,2,0.24635,9,1,influence
growing,1,1,1,0,0,0,0,0,0,0,0,0,0,0,0,2,2,0.47945000000000004,7,1,growing
exploded,0,1,1,0,0,0,0,0,0,0,0,0,0,0,0,2,2,0.0,8,1,exploded
portentous,0,0,1,0,0,0,0,0,0,0,0,0,0,0,0,2,2,0.0,10,1,portentous
outlined,0,0,1,0,0,0,0,0,0,0,0,0,0,0,0,2,2,0.438,8,1,outlined
solitary,1,0,1,0,0,0,0,0,0,0,0,0,0,0,0,2,2,-0.148,8,1,solitary
wasting,0,1,1,0,0,0,0,0,0,0,0,0,0,0,0,2,2,0.17575,7,1,wasting
wave,1,1,0,0,0,0,0,0,0,0,0,0,0,0,0,2,2,-0.09664999999999999,4,1,wave
inexhaustible,0,0,1,0,0,0,0,0,0,0,0,0,0,0,0,2,2,0.05474999999999999,13,1,inexhaustible
gulls,1,1,0,0,0,0,0,0,0,0,0,0,0,0,0,2,2,-0.39525,5,1,gulls
fly,1,1,1,0,0,0,0,0,0,0,0,0,0,0,0,2,2,-0.39525,3,1,fly
workmen,1,0,0,0,0,0,0,0,0,0,0,0,0,0,0,2,2,0.0258,7,1,workmen
impossible,1,0,1,0,0,0,0,0,0,0,0,0,0,0,0,2,2,0.26335,10,1,impossible
collar,1,1,0,0,0,0,0,0,0,0,0,0,0,0,0,2,2,0.07715,6,1,collar
freedom,1,0,0,0,0,0,0,0,0,0,0,0,0,0,0,2,2,0.6791,7,1,freedom
neighborhood,1,0,0,0,0,0,0,0,0,0,0,0,0,0,0,2,2,0.3548,12,1,neighborhood
bursts,1,1,0,0,0,0,0,0,0,0,0,0,0,0,0,2,2,0.8388,6,1,bursts
considered,0,0,1,0,0,0,0,0,0,0,0,0,0,0,0,2,2,0.0,10,1,considered
breeding,1,1,1,0,0,0,0,0,0,0,0,0,0,0,0,2,2,0.39915,8,1,breeding
honey,1,1,1,0,0,0,0,0,0,0,0,0,0,0,0,2,2,0.05560000000000001,5,1,honey
avoided,0,1,0,0,0,0,0,0,0,0,0,0,0,0,0,2,2,0.12674999999999997,7,1,avoided
witness,1,1,0,0,0,0,0,0,0,0,0,0,0,0,0,2,2,-0.1366,7,1,witness
rented,0,1,0,0,0,0,0,0,0,0,0,0,0,0,0,2,2,0.55235,6,1,rented
strangest,0,0,1,0,0,0,0,0,0,0,0,0,0,0,0,2,2,0.39325,9,1,strangest
america,1,0,0,0,0,0,0,0,0,0,0,0,0,0,0,2,2,0.39325,7,1,america
intermittent,1,0,1,0,0,0,0,0,0,0,0,0,0,0,0,2,2,-0.0703,12,1,intermittent
suite,1,0,0,0,0,0,0,0,0,0,0,0,0,0,0,2,2,0.5154,5,1,suite
smoking,0,1,1,0,0,0,0,0,0,0,0,0,0,0,0,2,2,-0.125,7,1,smoking
haughty,0,0,1,0,0,0,0,0,0,0,0,0,0,0,0,2,2,0.0928,7,1,haughty
conceal,0,1,0,0,0,0,0,0,0,0,0,0,0,0,0,2,2,0.18769999999999998,7,1,conceal
rounded,0,1,1,0,0,0,0,0,0,0,0,0,0,0,0,2,2,-0.05030000000000001,7,1,rounded
besides,0,0,0,1,0,0,0,0,0,0,0,0,0,0,0,2,2,0.0,7,1,besides
endure,0,0,0,0,0,0,0,0,0,0,0,0,0,0,0,2,2,0.36305000000000004,6,1,endure
coldly,0,0,0,1,0,0,0,0,0,0,0,0,0,0,0,2,2,0.0,6,1,coldly
blazing,0,1,1,0,0,0,0,0,0,0,0,0,0,0,0,2,2,-0.064,7,1,blazing
unreal,0,0,1,0,0,0,0,0,0,0,0,0,0,0,0,2,2,0.0129,6,1,unreal
midsummer,1,0,0,0,0,0,0,0,0,0,0,0,0,0,0,2,2,-0.1591,9,1,midsummer
whistle,1,1,0,0,0,0,0,0,0,0,0,0,0,0,0,2,2,-0.31245,7,1,whistle
protest,1,1,0,0,0,0,0,0,0,0,0,0,0,0,0,2,2,-0.5049,7,1,protest
draw,1,1,0,0,0,0,0,0,0,0,0,0,0,0,0,2,2,-0.28569999999999995,4,1,draw
separated,0,1,1,0,0,0,0,0,0,0,0,0,0,0,0,2,2,0.69495,9,1,separated
prac,0,0,0,0,0,0,0,0,0,0,0,0,0,0,0,2,2,-0.148,4,1,prac
duck,1,1,0,0,0,0,0,0,0,0,0,0,0,0,0,2,2,0.2787,4,1,duck
interrupt,1,1,0,0,0,0,0,0,0,0,0,0,0,0,0,2,2,-0.34,9,1,interrupt
signs,1,1,0,0,0,0,0,0,0,0,0,0,0,0,0,2,2,-0.3389,5,1,signs
scornful,0,0,1,0,0,0,0,0,0,0,0,0,0,0,0,2,2,0.07605,8,1,scornful
closer,1,0,1,1,0,0,0,0,0,0,0,0,0,0,0,2,2,0.5398,6,1,closer
impersonal,0,0,1,0,0,0,0,0,0,0,0,0,0,0,0,2,2,-0.22694999999999999,10,1,impersonal
desire,1,1,0,0,0,0,0,0,0,0,0,0,0,0,0,2,2,0.142,6,1,desire
push,1,1,0,0,0,0,0,0,0,0,0,0,0,0,0,2,2,-0.04879999999999998,4,1,push
confirmed,0,1,1,0,0,0,0,0,0,0,0,0,0,0,0,2,2,0.0,9,1,confirmed
marriage,1,0,0,0,0,0,0,0,0,0,0,0,0,0,0,2,2,0.2294,8,1,marriage
palm,1,0,0,0,0,0,0,0,0,0,0,0,0,0,0,2,2,0.07715,4,1,palm
match,1,1,0,0,0,0,0,0,0,0,0,0,0,0,0,2,2,-0.3726,5,1,match
bench,1,1,0,0,0,0,0,0,0,0,0,0,0,0,0,2,2,-0.28435,5,1,bench
unhappily,0,0,0,1,0,0,0,0,0,0,0,0,0,0,0,2,2,-0.47059999999999996,9,1,unhappily
commanded,0,1,0,0,0,0,0,0,0,0,0,0,0,0,0,2,2,0.0,9,1,commanded
poured,0,1,0,0,0,0,0,0,0,0,0,0,0,0,0,2,2,-0.07774999999999999,6,1,poured
meeting,1,1,0,0,0,0,0,0,0,0,0,0,0,0,0,2,2,0.11315,7,1,meeting
argument,1,0,0,0,0,0,0,0,0,0,0,0,0,0,0,2,2,-0.09204999999999999,8,1,argument
eleven,1,0,1,0,0,0,0,0,0,0,0,0,0,0,0,2,2,0.0,6,1,eleven
janitor,1,0,0,0,0,0,0,0,0,0,0,0,0,0,0,2,2,-0.41125,7,1,janitor
coney,1,0,0,0,0,0,0,0,0,0,0,0,0,0,0,2,2,0.0,5,1,coney
pouring,1,1,1,0,0,0,0,0,0,0,0,0,0,0,0,2,2,0.1366,7,1,pouring
linen,1,0,0,0,0,0,0,0,0,0,0,0,0,0,0,2,2,-0.2934,5,1,linen
yours,0,0,0,0,0,0,0,0,0,0,0,0,0,0,1,2,2,0.3638,5,1,yours
unrolled,0,0,1,0,0,0,0,0,0,0,0,0,0,0,0,2,2,-0.1909,8,1,unrolled
stupid,1,0,1,0,0,0,0,0,0,0,0,0,0,0,0,2,2,-0.41285,6,1,stupid
sud,1,0,0,0,0,0,0,0,0,0,0,0,0,0,0,2,2,-0.1366,3,1,sud
denly,0,0,0,0,0,0,0,0,0,0,0,0,0,0,0,2,2,-0.1366,5,1,denly
knocked,0,1,0,0,0,0,0,0,0,0,0,0,0,0,0,2,2,0.06745000000000001,7,1,knocked
tremendous,0,0,1,0,0,0,0,0,0,0,0,0,0,0,0,2,2,0.1297,10,1,tremendous
detail,1,1,0,0,0,0,0,0,0,0,0,0,0,0,0,2,2,0.24225,6,1,detail
lied,1,1,0,0,0,0,0,0,0,0,0,0,0,0,0,2,2,-0.3645,4,1,lied
subway,1,0,0,0,0,0,0,0,0,0,0,0,0,0,0,2,2,-0.0955,6,1,subway
seats,1,1,0,0,0,0,0,0,0,0,0,0,0,0,0,2,2,-0.3243,5,1,seats
racy,0,0,1,0,0,0,0,0,0,0,0,0,0,0,0,2,2,0.16479999999999997,4,1,racy
chords,1,1,0,0,0,0,0,0,0,0,0,0,0,0,0,2,2,0.0,6,1,chords
slipped,0,1,0,0,0,0,0,0,0,0,0,0,0,0,0,2,2,-0.768,7,1,slipped
offered,0,0,0,0,0,0,0,0,0,0,0,0,0,0,0,2,2,0.11335,7,1,offered
tossed,0,1,0,0,0,0,0,0,0,0,0,0,0,0,0,2,2,-0.07020000000000001,6,1,tossed
flicker,1,1,0,0,0,0,0,0,0,0,0,0,0,0,0,2,2,0.73455,7,1,flicker
imagine,0,1,0,0,0,0,0,0,0,0,0,0,0,0,0,2,2,0.2553,7,1,imagine
generally,0,0,0,1,0,0,0,0,0,0,0,0,0,0,0,2,2,0.29635,9,1,generally
club,1,1,0,0,0,0,0,0,0,0,0,0,0,0,0,2,2,-0.07655,4,1,club
accounting,1,1,0,0,0,0,0,0,0,0,0,0,0,0,0,2,2,0.1292,10,1,accounting
awoke,0,0,0,0,0,0,0,0,0,0,0,0,0,0,0,2,2,-0.08895,5,1,awoke
ea,1,0,0,0,0,0,0,0,0,0,0,0,0,0,0,2,1,-0.4588,2,1,ea
bow,1,1,1,0,0,0,0,0,0,0,0,0,0,0,0,2,2,0.05135,3,1,bow
eventually,0,0,0,1,0,0,0,0,0,0,0,0,0,0,0,2,2,-0.0116,10,1,eventually
nearly,0,0,0,1,0,0,0,0,0,0,0,0,0,0,0,2,2,-0.23835,6,1,nearly
president,1,0,0,0,0,0,0,0,0,0,0,0,0,0,0,2,2,-0.1366,9,1,president
helplessly,0,0,0,1,0,0,0,0,0,0,0,0,0,0,0,2,2,-0.4487,10,1,helplessly
stove,1,0,0,0,0,0,0,0,0,0,0,0,0,0,0,2,2,0.26335,5,1,stove
lonely,0,0,1,0,0,0,0,0,0,0,0,0,0,0,0,2,2,-0.5492999999999999,6,1,lonely
cently,0,0,0,0,0,0,0,0,0,0,0,0,0,0,0,2,2,-0.26335,6,1,cently
cooked,0,1,1,0,0,0,0,0,0,0,0,0,0,0,0,2,2,0.44394999999999996,6,1,cooked
gotten,0,1,0,0,0,0,0,0,0,0,0,0,0,0,0,2,2,-0.3404,6,1,gotten
detroit,1,0,0,0,0,0,0,0,0,0,0,0,0,0,0,2,2,-0.22365,7,1,detroit
falling,0,1,1,0,0,0,0,0,0,0,0,0,0,0,0,2,2,-0.4215,7,1,falling
softly,0,0,0,1,0,0,0,0,0,0,0,0,0,0,0,2,2,-0.064,6,1,softly
obliged,0,1,1,0,0,0,0,0,0,0,0,0,0,0,0,2,2,0.24695,7,1,obliged
fumbled,0,1,0,0,0,0,0,0,0,0,0,0,0,0,0,2,2,0.0,7,1,fumbled
reassure,0,1,0,0,0,0,0,0,0,0,0,0,0,0,0,2,2,0.51985,8,1,reassure
moths,1,0,0,0,0,0,0,0,0,0,0,0,0,0,0,2,2,0.3871,5,1,moths
objects,1,1,0,0,0,0,0,0,0,0,0,0,0,0,0,2,2,0.1472,7,1,objects
examining,0,1,0,0,0,0,0,0,0,0,0,0,0,0,0,2,2,-0.125,9,1,examining
indefinite,0,0,1,0,0,0,0,0,0,0,0,0,0,0,0,2,2,-0.32594999999999996,10,1,indefinite
corrugated,0,1,1,0,0,0,0,0,0,0,0,0,0,0,0,2,2,-0.36755,10,1,corrugated
surface,1,1,1,0,0,0,0,0,0,0,0,0,0,0,0,2,2,-0.36755,7,1,surface
kindly,0,0,1,1,0,0,0,0,0,0,0,0,0,0,0,2,2,0.5246999999999999,6,1,kindly
submerged,0,1,1,0,0,0,0,0,0,0,0,0,0,0,0,2,2,0.3454,9,1,submerged
scientific,0,0,1,0,0,0,0,0,0,0,0,0,0,0,0,2,2,-0.20095,10,1,scientific
shoul,0,0,0,0,0,0,0,0,0,0,0,0,0,0,0,2,2,0.41695000000000004,5,1,shoul
harm,1,1,0,0,0,0,0,0,0,0,0,0,0,0,0,2,2,-0.21345,4,1,harm
nervously,0,0,0,1,0,0,0,0,0,0,0,0,0,0,0,2,2,-0.1531,9,1,nervously
sh,0,0,0,0,0,0,0,0,0,0,0,0,0,0,0,2,2,0.0,2,0,sh
murmurous,0,0,1,0,0,0,0,0,0,0,0,0,0,0,0,2,2,0.26955,9,1,murmurous
soothing,1,1,1,0,0,0,0,0,0,0,0,0,0,0,0,2,2,0.24805,8,1,soothing
lamp,1,0,0,0,0,0,0,0,0,0,0,0,0,0,0,2,2,0.0258,4,1,lamp
pompadour,1,1,0,0,0,0,0,0,0,0,0,0,0,0,0,2,2,0.0,9,1,pompadour
cries,1,1,0,0,0,0,0,0,0,0,0,0,0,0,0,2,2,-0.38849999999999996,5,1,cries
cardboard,1,0,1,0,0,0,0,0,0,0,0,0,0,0,0,2,2,-0.05259999999999998,9,1,cardboard
eighty,1,0,1,0,0,0,0,0,0,0,0,0,0,0,0,2,2,-0.37649999999999995,6,1,eighty
firm,1,0,1,1,0,0,0,0,0,0,0,0,0,0,0,2,2,-0.26335,4,1,firm
commuting,0,1,0,0,0,0,0,0,0,0,0,0,0,0,0,2,2,0.47405,9,1,commuting
causing,1,1,0,0,0,0,0,0,0,0,0,0,0,0,0,2,2,0.0,7,1,causing
desperately,0,0,0,1,0,0,0,0,0,0,0,0,0,0,0,2,2,0.22035000000000002,11,1,desperately
events,1,0,0,0,0,0,0,0,0,0,0,0,0,0,0,2,2,0.10115,6,1,events
proud,0,0,1,1,0,0,0,0,0,0,0,0,0,0,0,2,2,0.5917,5,1,proud
ring,1,1,0,0,0,0,0,0,0,0,0,0,0,0,0,2,2,-0.24695,4,1,ring
bunch,1,1,0,0,0,0,0,0,0,0,0,0,0,0,0,2,2,-0.10115,5,1,bunch
rapidly,0,0,0,1,0,0,0,0,0,0,0,0,0,0,0,2,2,0.0,7,1,rapidly
af,0,0,0,0,0,0,0,0,0,0,0,0,0,0,0,2,2,0.0,2,0,af
counter,1,1,1,1,0,0,0,0,0,0,0,0,0,0,0,2,2,0.148,7,1,counter
painting,1,1,0,0,0,0,0,0,0,0,0,0,0,0,0,2,2,0.41585,8,1,painting
hangs,1,1,0,0,0,0,0,0,0,0,0,0,0,0,0,2,2,0.38915,5,1,hangs
wha,0,0,0,0,0,0,0,0,0,0,0,0,0,0,0,2,2,0.0129,3,1,wha
prep,0,0,0,0,0,0,0,0,0,0,0,0,0,0,0,2,2,-0.31675,4,1,prep
school,1,1,0,0,0,0,0,0,0,0,0,0,0,0,0,2,2,-0.31675,6,1,school
support,1,1,0,0,0,0,0,0,0,0,0,0,0,0,0,2,2,0.36005,7,1,support
waves,1,1,0,0,0,0,0,0,0,0,0,0,0,0,0,2,2,0.0,5,1,waves
spree,1,1,0,0,0,0,0,0,0,0,0,0,0,0,0,2,2,0.73505,5,1,spree
remain,1,1,0,0,0,0,0,0,0,0,0,0,0,0,0,2,2,0.3243,6,1,remain
underwear,1,0,0,0,0,0,0,0,0,0,0,0,0,0,0,2,2,0.47155,9,1,underwear
sant,0,0,0,0,0,0,0,0,0,0,0,0,0,0,0,2,2,-0.1205,4,1,sant
swaying,1,0,1,0,0,0,0,0,0,0,0,0,0,0,0,2,2,-0.1591,7,1,swaying
brisk,0,1,1,0,0,0,0,0,0,0,0,0,0,0,0,2,2,0.36305000000000004,5,1,brisk
extra,1,0,1,1,0,0,0,0,0,0,0,0,0,0,0,2,2,0.0,5,1,extra
loneliness,1,0,0,0,0,0,0,0,0,0,0,0,0,0,0,2,2,-0.19785,10,1,loneliness
grocery,1,0,0,0,0,0,0,0,0,0,0,0,0,0,0,2,2,0.1806,7,1,grocery
groaned,0,1,0,0,0,0,0,0,0,0,0,0,0,0,0,2,2,0.0,7,1,groaned
perceived,0,1,1,0,0,0,0,0,0,0,0,0,0,0,0,2,2,-0.04594999999999999,9,1,perceived
securities,0,0,0,0,0,0,0,0,0,0,0,0,0,0,0,2,2,0.34354999999999997,10,1,securities
towels,1,1,0,0,0,0,0,0,0,0,0,0,0,0,0,2,2,-0.44425,6,1,towels
boats,1,1,0,0,0,0,0,0,0,0,0,0,0,0,0,2,2,0.13975,5,1,boats
recognized,0,1,1,0,0,0,0,0,0,0,0,0,0,0,0,2,2,0.0,10,1,recognized
duster,1,0,0,0,0,0,0,0,0,0,0,0,0,0,0,2,2,-0.1977,6,1,duster
tire,1,1,0,0,0,0,0,0,0,0,0,0,0,0,0,2,1,-0.0772,4,1,tire
glare,1,1,1,0,0,0,0,0,0,0,0,0,0,0,0,2,2,0.1292,5,1,glare
inces,0,0,0,0,0,0,0,0,0,0,0,0,0,0,0,2,2,0.05165,5,1,inces
seized,0,1,1,0,0,0,0,0,0,0,0,0,0,0,0,2,2,-0.1806,6,1,seized
momentary,0,0,1,0,0,0,0,0,0,0,0,0,0,0,0,2,2,-0.39135,9,1,momentary
scrutinized,0,0,0,0,0,0,0,0,0,0,0,0,0,0,0,2,2,-0.28905,11,1,scrutinized
cakes,0,0,0,0,0,0,0,0,0,0,0,0,0,0,0,2,2,0.27155,5,1,cakes
rived,0,0,0,0,0,0,0,0,0,0,0,0,0,0,0,2,2,0.23835,5,1,rived
delayed,0,1,1,0,0,0,0,0,0,0,0,0,0,0,0,2,2,-0.2021,7,1,delayed
ditch,1,1,0,0,0,0,0,0,0,0,0,0,0,0,0,2,2,-0.36755,5,1,ditch
brushed,0,1,1,0,0,0,0,0,0,0,0,0,0,0,0,2,2,0.7438,7,1,brushed
science,1,0,0,0,0,0,0,0,0,0,0,0,0,0,0,2,2,0.0,7,1,science
heavily,0,0,0,1,0,0,0,0,0,0,0,0,0,0,0,2,2,0.0864,7,1,heavily
hesitation,1,0,0,0,0,0,0,0,0,0,0,0,0,0,0,2,2,-0.03375,10,1,hesitation
flannel,1,0,0,0,0,0,0,0,0,0,0,0,0,0,0,2,2,-0.14055,7,1,flannel
soggy,0,0,1,0,0,0,0,0,0,0,0,0,0,0,0,2,2,-0.26115,5,1,soggy
cups,1,1,0,0,0,0,0,0,0,0,0,0,0,0,0,2,2,0.10705,4,1,cups
unwillingly,0,0,0,1,0,0,0,0,0,0,0,0,0,0,0,2,2,0.11315,11,1,unwillingly
concentration,1,0,0,0,0,0,0,0,0,0,0,0,0,0,0,2,2,-0.0005000000000000004,13,1,concentration
melted,0,1,1,0,0,0,0,0,0,0,0,0,0,0,0,2,2,0.29705,6,1,melted
amazing,0,1,1,0,0,0,0,0,0,0,0,0,0,0,0,2,2,0.312,7,1,amazing
dew,1,0,0,0,0,0,0,0,0,0,0,0,0,0,0,2,2,0.1806,3,1,dew
distinguished,0,1,1,0,0,0,0,0,0,0,0,0,0,0,0,2,2,0.36345,13,1,distinguished
everywhere,0,0,0,1,0,0,0,0,0,0,0,0,0,0,0,2,2,0.0,10,1,everywhere
sophisticated,0,1,1,0,0,0,0,0,0,0,0,0,0,0,0,2,1,0.5574,13,1,sophisticated
winked,0,1,0,0,0,0,0,0,0,0,0,0,0,0,0,2,2,-0.2616,6,1,winked
produced,0,1,1,0,0,0,0,0,0,0,0,0,0,0,0,2,2,0.39425,8,1,produced
remote,1,0,1,0,0,0,0,0,0,0,0,0,0,0,0,2,2,0.1366,6,1,remote
isolated,0,1,1,0,0,0,0,0,0,0,0,0,0,0,0,2,2,-0.40605,8,1,isolated
ghosts,1,1,0,0,0,0,0,0,0,0,0,0,0,0,0,2,2,-0.022499999999999992,6,1,ghosts
alarmed,0,1,1,0,0,0,0,0,0,0,0,0,0,0,0,2,2,-0.5767,7,1,alarmed
clustered,0,0,1,0,0,0,0,0,0,0,0,0,0,0,0,2,2,-0.15560000000000002,9,1,clustered
hunted,0,1,1,0,0,0,0,0,0,0,0,0,0,0,0,2,2,0.3638,6,1,hunted
hurrying,0,0,1,0,0,0,0,0,0,0,0,0,0,0,0,2,2,0.7964,8,1,hurrying
jaunty,0,0,1,0,0,0,0,0,0,0,0,0,0,0,0,2,2,0.7483500000000001,6,1,jaunty
struggle,1,1,0,0,0,0,0,0,0,0,0,0,0,0,0,2,2,0.03634999999999999,8,1,struggle
blanket,1,1,1,0,0,0,0,0,0,0,0,0,0,0,0,2,1,-0.4939,7,1,blanket
correction,1,0,0,0,0,0,0,0,0,0,0,0,0,0,0,2,2,-0.33525,10,1,correction
tiptoes,1,1,0,0,0,0,0,0,0,0,0,0,0,0,0,2,2,-0.08524999999999999,7,1,tiptoes
breast,1,1,0,0,0,0,0,0,0,0,0,0,0,0,0,2,2,0.38849999999999996,6,1,breast
intending,0,1,0,0,0,0,0,0,0,0,0,0,0,0,0,2,2,0.0258,9,1,intending
dirty,0,1,1,0,0,0,0,0,0,0,0,0,0,0,0,2,2,-0.11745,5,1,dirty
coward,1,0,1,0,0,0,0,0,0,0,0,0,0,0,0,2,2,-0.6194500000000001,6,1,coward
lingered,0,0,0,0,0,0,0,0,0,0,0,0,0,0,0,2,2,0.22835000000000003,8,1,lingered
agreement,1,0,0,0,0,0,0,0,0,0,0,0,0,0,0,2,2,-0.07150000000000001,9,1,agreement
sees,1,1,0,0,0,0,0,0,0,0,0,0,0,0,0,2,2,0.2202,4,1,sees
sob,1,1,0,0,0,0,0,0,0,0,0,0,0,0,0,2,2,-0.35755000000000003,3,1,sob
swore,0,1,0,0,0,0,0,0,0,0,0,0,0,0,0,2,2,0.4089,5,1,swore
glistening,0,0,1,0,0,0,0,0,0,0,0,0,0,0,0,2,2,0.0,10,1,glistening
garnished,0,0,1,0,0,0,0,0,0,0,0,0,0,0,0,2,2,-0.20095,9,1,garnished
button,1,1,0,0,0,0,0,0,0,0,0,0,0,0,0,2,2,0.0,6,1,button
halls,1,0,0,0,0,0,0,0,0,0,0,0,0,0,0,2,2,-0.2787,5,1,halls
salons,1,0,0,0,0,0,0,0,0,0,0,0,0,0,0,2,2,0.46485,6,1,salons
saxophones,1,0,0,0,0,0,0,0,0,0,0,0,0,0,0,2,2,0.017949999999999994,10,1,saxophones
drums,1,1,0,0,0,0,0,0,0,0,0,0,0,0,0,2,2,-0.6072,5,1,drums
gathering,1,0,1,0,0,0,0,0,0,0,0,0,0,0,0,2,2,-0.05235000000000001,9,1,gathering
special,1,0,1,0,0,0,0,0,0,0,0,0,0,0,0,2,2,0.7566999999999999,7,1,special
actual,1,0,1,0,0,0,0,0,0,0,0,0,0,0,0,2,2,-0.23685,6,1,actual
eagerness,1,0,0,0,0,0,0,0,0,0,0,0,0,0,0,2,2,0.4759,9,1,eagerness
desired,0,1,1,0,0,0,0,0,0,0,0,0,0,0,0,2,2,0.82065,7,1,desired
headlights,1,0,0,0,0,0,0,0,0,0,0,0,0,0,0,2,2,-0.3182,10,1,headlights
tumultuous,0,0,1,0,0,0,0,0,0,0,0,0,0,0,0,2,2,0.0,10,1,tumultuous
joined,0,1,1,0,0,0,0,0,0,0,0,0,0,0,0,2,2,-0.18610000000000002,6,1,joined
tradition,1,0,0,0,0,0,0,0,0,0,0,0,0,0,0,2,2,-0.37345,9,1,tradition
descended,0,1,0,0,0,0,0,0,0,0,0,0,0,0,0,2,2,-0.37345,9,1,descended
inquest,1,0,0,0,0,0,0,0,0,0,0,0,0,0,0,2,2,-0.1806,7,1,inquest
stroke,1,1,0,0,0,0,0,0,0,0,0,0,0,0,0,2,2,0.08945,6,1,stroke
pressing,1,1,1,0,0,0,0,0,0,0,0,0,0,0,0,2,2,0.18295,8,1,pressing
silly,1,0,1,0,0,0,0,0,0,0,0,0,0,0,0,2,2,-0.0257,5,1,silly
peering,0,1,0,0,0,0,0,0,0,0,0,0,0,0,0,2,2,-0.1191,7,1,peering
hollowly,0,0,0,1,0,0,0,0,0,0,0,0,0,0,0,2,2,-0.17,8,1,hollowly
mist,1,1,0,0,0,0,0,0,0,0,0,0,0,0,0,2,2,0.1806,4,1,mist
drops,1,1,0,0,0,0,0,0,0,0,0,0,0,0,0,2,2,0.5869,5,1,drops
crisp,1,0,1,0,0,0,0,0,0,0,0,0,0,0,0,2,2,0.31845,5,1,crisp
learn,0,1,0,0,0,0,0,0,0,0,0,0,0,0,0,2,2,0.5986,5,1,learn
possessions,1,0,0,0,0,0,0,0,0,0,0,0,0,0,0,2,2,0.3066,11,1,possessions
exercises,1,1,0,0,0,0,0,0,0,0,0,0,0,0,0,2,2,-0.17,9,1,exercises
consciously,0,0,0,1,0,0,0,0,0,0,0,0,0,0,0,2,2,0.2869,11,1,consciously
alertly,0,0,0,1,0,0,0,0,0,0,0,0,0,0,0,2,2,0.23835,7,1,alertly
listened,0,0,0,0,0,0,0,0,0,0,0,0,0,0,0,2,2,0.6459,8,1,listened
affect,1,1,0,0,0,0,0,0,0,0,0,0,0,0,0,2,2,-0.31245,6,1,affect
visibly,0,0,0,1,0,0,0,0,0,0,0,0,0,0,0,2,2,0.0,7,1,visibly
dreamed,0,1,1,0,0,0,0,0,0,0,0,0,0,0,0,2,2,0.2294,7,1,dreamed
ferdie,0,0,0,0,0,0,0,0,0,0,0,0,0,0,0,2,2,-0.1909,6,1,ferdie
cousins,1,0,0,0,0,0,0,0,0,0,0,0,0,0,0,2,2,0.24695,7,1,cousins
cynical,0,0,1,0,0,0,0,0,0,0,0,0,0,0,0,2,2,-0.5816,7,1,cynical
verandas,1,0,0,0,0,0,0,0,0,0,0,0,0,0,0,2,2,0.5409,8,1,verandas
gloom,1,0,0,0,0,0,0,0,0,0,0,0,0,0,0,2,2,-0.2658,5,1,gloom
wicker,1,0,1,0,0,0,0,0,0,0,0,0,0,0,0,2,2,0.1668,6,1,wicker
none,1,0,1,1,0,0,0,0,0,0,1,0,0,0,1,2,2,0.46825,4,1,none
simplest,0,0,0,0,0,0,0,0,0,0,0,0,0,0,0,2,2,-0.20095,8,1,simplest
issued,0,1,0,0,0,0,0,0,0,0,0,0,0,0,0,2,2,0.05165,6,1,issued
astonishment,1,0,0,0,0,0,0,0,0,0,0,0,0,0,0,2,2,0.0,12,1,astonishment
noticed,0,1,1,0,0,0,0,0,0,0,0,0,0,0,0,2,2,0.2294,7,1,noticed
foul,1,1,1,1,0,0,0,0,0,0,0,0,0,0,0,2,2,-0.06785000000000002,4,1,foul
wrapped,0,1,1,0,0,0,0,0,0,0,0,0,0,0,0,2,2,-0.24695,7,1,wrapped
cheeks,1,1,0,0,0,0,0,0,0,0,0,0,0,0,0,2,2,-0.04500000000000001,6,1,cheeks
tall,1,0,1,0,0,0,0,0,0,0,0,0,0,0,0,2,2,0.6971,4,1,tall
chorus,1,1,0,0,0,0,0,0,0,0,0,0,0,0,0,2,2,0.5708500000000001,6,1,chorus
spilled,0,1,0,0,0,0,0,0,0,0,0,0,0,0,0,2,2,0.5604,7,1,spilled
signed,0,1,1,0,0,0,0,0,0,0,0,0,0,0,0,2,2,0.46685,6,1,signed
formal,1,0,1,0,0,0,0,0,0,0,0,0,0,0,0,2,2,0.5307999999999999,6,1,formal
riotous,0,0,1,0,0,0,0,0,0,0,0,0,0,0,0,2,2,0.5842,7,1,riotous
redolent,0,0,1,0,0,0,0,0,0,0,0,0,0,0,0,2,2,0.55475,8,1,redolent
musty,0,0,1,0,0,0,0,0,0,0,0,0,0,0,0,2,2,0.4416,5,1,musty
frightening,0,0,1,0,0,0,0,0,0,0,0,0,0,0,0,2,2,-0.451,11,1,frightening
chicken,1,0,1,0,0,0,0,0,0,0,0,0,0,0,0,2,2,0.11315,7,1,chicken
swing,1,1,0,0,0,0,0,0,0,0,0,0,0,0,0,2,2,0.354,5,1,swing
floating,1,1,1,0,0,0,0,0,0,0,0,0,0,0,0,2,2,0.23739999999999997,8,1,floating
falls,1,1,0,0,0,0,0,0,0,0,0,0,0,0,0,2,2,-0.3601,5,1,falls
correct,0,1,1,0,0,0,0,0,0,0,0,0,0,0,0,2,2,0.31720000000000004,7,1,correct
groups,1,1,0,0,0,0,0,0,0,0,0,0,0,0,0,2,2,0.22804999999999997,6,1,groups
swell,1,1,1,0,0,0,0,0,0,0,0,0,0,0,0,2,2,0.8204,5,1,swell
confident,1,0,1,0,0,0,0,0,0,0,0,0,0,0,0,2,2,0.80485,9,1,confident
easier,0,0,1,0,0,0,0,0,0,0,0,0,0,0,0,2,2,0.7887500000000001,6,1,easier
passing,1,1,1,1,0,0,0,0,0,0,0,0,0,0,0,2,2,0.19425,7,1,passing
pull,1,1,0,0,0,0,0,0,0,0,0,0,0,0,0,2,2,0.1205,4,1,pull
negro,1,0,1,0,0,0,0,0,0,0,0,0,0,0,0,2,2,0.0,5,1,negro
tanned,0,1,1,0,0,0,0,0,0,0,0,0,0,0,0,2,2,0.24695,6,1,tanned
latest,1,0,1,1,0,0,0,0,0,0,0,0,0,0,0,2,2,0.21075,6,1,latest
attracted,0,1,0,0,0,0,0,0,0,0,0,0,0,0,0,2,2,0.4215,9,1,attracted
sensation,1,0,0,0,0,0,0,0,0,0,0,0,0,0,0,2,2,0.3753,9,1,sensation
shorn,0,1,1,0,0,0,0,0,0,0,0,0,0,0,0,2,2,-0.25439999999999996,5,1,shorn
brass,1,0,0,0,0,0,0,0,0,0,0,0,0,0,0,2,2,-0.14555,5,1,brass
rail,1,1,0,0,0,0,0,0,0,0,0,0,0,0,0,2,2,0.1256,4,1,rail
designs,1,1,0,0,0,0,0,0,0,0,0,0,0,0,0,2,2,-0.31845,7,1,designs
attempting,0,0,0,0,0,0,0,0,0,0,0,0,0,0,0,2,2,0.48155000000000003,10,1,attempting
indifferent,0,0,1,0,0,0,0,0,0,0,0,0,0,0,0,2,2,-0.005749999999999977,11,1,indifferent
machines,1,1,0,0,0,0,0,0,0,0,0,0,0,0,0,2,2,0.79545,8,1,machines
deci,0,0,0,0,0,0,0,0,0,0,0,0,0,0,0,2,2,0.22569999999999998,4,1,deci
closest,0,0,1,1,0,0,0,0,0,0,0,0,0,0,0,2,2,0.125,7,1,closest
identified,0,1,1,0,0,0,0,0,0,0,0,0,0,0,0,2,2,0.0,10,1,identified
precisely,0,0,0,1,0,0,0,0,0,0,0,0,0,0,0,2,2,0.30879999999999996,9,1,precisely
concentrated,0,1,1,0,0,0,0,0,0,0,0,0,0,0,0,2,2,0.10115,12,1,concentrated
simplicity,1,0,0,0,0,0,0,0,0,0,0,0,0,0,0,2,2,0.011050000000000004,10,1,simplicity
ticket,1,1,0,0,0,0,0,0,0,0,0,0,0,0,0,2,2,0.6392,6,1,ticket
according,0,1,1,0,0,0,0,0,0,0,0,0,0,0,0,2,2,0.1806,9,1,according
rules,1,1,0,0,0,0,0,0,0,0,0,0,0,0,0,2,2,0.45555,5,1,rules
associated,0,1,1,0,0,0,0,0,0,0,0,0,0,0,0,2,2,0.3715,10,1,associated
tongue,1,1,0,0,0,0,0,0,0,0,0,0,0,0,0,2,2,0.23365,6,1,tongue
acquaintance,1,0,0,0,0,0,0,0,0,0,0,0,0,0,0,2,2,-0.1909,12,1,acquaintance
hedge,1,1,0,0,0,0,0,0,0,0,0,0,0,0,0,2,2,0.2983,5,1,hedge
invitation,1,0,1,0,0,0,0,0,0,0,0,0,0,0,0,2,2,0.5181,10,1,invitation
understandingly,0,0,0,1,0,0,0,0,0,0,0,0,0,0,0,2,1,0.5423,15,1,understandingly
rare,0,0,1,0,0,0,0,0,0,0,0,0,0,0,0,2,2,0.76445,4,1,rare
missed,0,1,1,0,0,0,0,0,0,0,0,0,0,0,0,2,2,-0.296,6,1,missed
picking,1,1,0,0,0,0,0,0,0,0,0,0,0,0,0,2,2,0.5869,7,1,picking
courage,1,0,0,0,0,0,0,0,0,0,0,0,0,0,0,2,2,-0.0502,7,1,courage
triumph,1,0,0,0,0,0,0,0,0,0,0,0,0,0,0,2,2,0.7133499999999999,7,1,triumph
firmly,0,0,0,1,0,0,0,0,0,0,0,0,0,0,0,2,2,0.0,6,1,firmly
comin,0,0,0,0,0,0,0,0,0,0,0,0,0,0,0,2,2,0.0386,5,1,comin
glazed,0,1,1,0,0,0,0,0,0,0,0,0,0,0,0,2,2,0.12294999999999998,6,1,glazed
v,1,0,0,0,0,0,0,0,0,0,0,0,0,0,0,2,1,0.0,1,1,v
der,0,0,0,0,0,0,0,0,0,0,0,0,0,0,0,2,2,0.20835,3,1,der
favor,1,1,0,0,0,0,0,0,0,0,0,0,0,0,0,2,2,0.3021,5,1,favor
vladimir,0,0,0,0,0,0,0,0,0,0,0,0,0,0,0,2,2,0.21075,8,1,vladimir
provincial,1,0,1,0,0,0,0,0,0,0,0,0,0,0,0,2,2,0.4147,10,1,provincial
coolly,0,0,0,1,0,0,0,0,0,0,0,0,0,0,0,2,2,0.25560000000000005,6,1,coolly
swamps,1,1,0,0,0,0,0,0,0,0,0,0,0,0,0,2,2,-0.0129,6,1,swamps
florid,0,0,1,0,0,0,0,0,0,0,0,0,0,0,0,2,2,-0.4221,6,1,florid
prevented,0,1,0,0,0,0,0,0,0,0,0,0,0,0,0,2,2,0.4733,9,1,prevented
laden,0,0,1,0,0,0,0,0,0,0,0,0,0,0,0,2,2,-0.3953,5,1,laden
leader,1,0,0,0,0,0,0,0,0,0,0,0,0,0,0,2,2,-0.21075,6,1,leader
formality,1,0,0,0,0,0,0,0,0,0,0,0,0,0,0,2,2,0.12695000000000004,9,1,formality
ble,0,0,0,0,0,0,0,0,0,0,0,0,0,0,0,2,2,0.4063,3,1,ble
tries,1,1,0,0,0,0,0,0,0,0,0,0,0,0,0,2,2,-0.47620000000000007,5,1,tries
tiptoed,0,1,0,0,0,0,0,0,0,0,0,0,0,0,0,2,2,0.0,7,1,tiptoed
crossing,1,1,1,0,0,0,0,0,0,0,0,0,0,0,0,2,2,0.0,8,1,crossing
ative,0,0,0,0,0,0,0,0,0,0,0,0,0,0,0,2,2,0.4568,5,1,ative
temperament,1,0,0,0,0,0,0,0,0,0,0,0,0,0,0,2,2,0.5933999999999999,11,1,temperament
honor,1,1,0,0,0,0,0,0,0,0,0,0,0,0,0,2,2,0.5768,5,1,honor
baths,1,0,0,0,0,0,0,0,0,0,0,0,0,0,0,2,2,0.0,5,1,baths
settee,1,0,0,0,0,0,0,0,0,0,0,0,0,0,0,2,2,0.1668,6,1,settee
turbulent,0,0,1,0,0,0,0,0,0,0,0,0,0,0,0,2,2,0.11315,9,1,turbulent
graceful,0,0,1,0,0,0,0,0,0,0,0,0,0,0,0,2,2,0.39475000000000005,8,1,graceful
horribly,0,0,0,1,0,0,0,0,0,0,0,0,0,0,0,2,2,-0.56305,8,1,horribly
mantelpiece,1,0,0,0,0,0,0,0,0,0,0,0,0,0,0,2,2,0.24305,11,1,mantelpiece
tragically,0,0,0,1,0,0,0,0,0,0,0,0,0,0,0,2,2,-0.77925,10,1,tragically
increasing,0,1,1,0,0,0,0,0,0,0,0,0,0,0,0,2,2,0.318,10,1,increasing
decency,1,0,0,0,0,0,0,0,0,0,0,0,0,0,0,2,2,0.2202,7,1,decency
flutter,1,1,0,0,0,0,0,0,0,0,0,0,0,0,0,2,2,0.0258,7,1,flutter
overwhelming,0,1,1,0,0,0,0,0,0,0,0,0,0,0,0,2,2,-0.12674999999999997,12,1,overwhelming
exchanged,0,1,1,0,0,0,0,0,0,0,0,0,0,0,0,2,2,0.2359,9,1,exchanged
warmth,1,0,0,0,0,0,0,0,0,0,0,0,0,0,0,2,2,0.67725,6,1,warmth
breathless,0,0,1,0,0,0,0,0,0,0,0,0,0,0,0,2,2,0.59585,10,1,breathless
bedrooms,1,0,0,0,0,0,0,0,0,0,0,0,0,0,0,2,2,0.4416,8,1,bedrooms
bathrooms,1,0,0,0,0,0,0,0,0,0,0,0,0,0,0,2,2,0.0,9,1,bathrooms
horses,1,1,0,0,0,0,0,0,0,0,0,0,0,0,0,2,2,0.0,6,1,horses
raining,0,1,1,0,0,0,0,0,0,0,0,0,0,0,0,2,2,-0.2263,7,1,raining
twinkle,1,1,0,0,0,0,0,0,0,0,0,0,0,0,0,2,2,0.46625,7,1,twinkle
joy,1,0,0,0,0,0,0,0,0,0,0,0,0,0,0,2,2,0.45855,3,1,joy
glowed,0,1,0,0,0,0,0,0,0,0,0,0,0,0,0,2,2,-0.08895,6,1,glowed
momentarily,0,0,0,1,0,0,0,0,0,0,0,0,0,0,0,2,2,0.24695,11,1,momentarily
break,1,1,0,0,0,0,0,0,0,0,0,0,0,0,0,2,2,0.18295,5,1,break
sparkling,1,1,1,0,0,0,0,0,0,0,0,0,0,0,0,2,2,0.61505,9,1,sparkling
ate,1,1,0,0,0,0,0,0,0,0,0,0,0,0,0,2,2,0.29375,3,1,ate
gad,1,0,0,0,0,0,0,0,0,0,0,0,0,0,0,2,2,-0.21075,3,1,gad
explanations,1,0,0,0,0,0,0,0,0,0,0,0,0,0,0,2,2,0.41615,12,1,explanations
uncomfortably,0,0,0,1,0,0,0,0,0,0,0,0,0,0,0,2,2,-0.4982,13,1,uncomfortably
bowls,1,1,0,0,0,0,0,0,0,0,0,0,0,0,0,2,2,0.62565,5,1,bowls
celebrated,0,1,1,0,0,0,0,0,0,0,0,0,0,0,0,2,2,0.6995,10,1,celebrated
sung,1,1,1,0,0,0,0,0,0,0,0,0,0,0,0,2,1,0.8271,4,1,sung
contralto,1,0,1,0,0,0,0,0,0,0,0,0,0,0,0,2,2,0.53105,9,1,contralto
villages,1,0,0,0,0,0,0,0,0,0,0,0,0,0,0,2,2,0.0258,8,1,villages
denied,0,1,0,0,0,0,0,0,0,0,0,0,0,0,0,2,2,-0.35105,6,1,denied
knowledge,0,0,0,0,0,0,0,0,0,0,0,0,0,0,0,2,2,0.2008,9,1,knowledge
roaring,1,1,1,1,0,0,0,0,0,0,0,0,0,0,0,2,2,-0.33525,7,1,roaring
easy,0,0,1,1,0,0,0,0,0,0,0,0,0,0,0,2,2,0.50925,4,1,easy
amazed,0,1,1,0,0,0,0,0,0,0,0,0,0,0,0,2,2,0.11610000000000001,6,1,amazed
earnest,1,0,1,0,0,0,0,0,0,0,0,0,0,0,0,2,2,0.6777,7,1,earnest
message,1,1,0,0,0,0,0,0,0,0,0,0,0,0,0,2,2,0.28375,7,1,message
gun,1,1,0,0,0,0,0,0,0,0,0,0,0,0,0,2,2,0.0,3,1,gun
marshes,1,0,0,0,0,0,0,0,0,0,0,0,0,0,0,2,2,0.3875,7,1,marshes
limit,1,1,0,0,0,0,0,0,0,0,0,0,0,0,0,2,2,0.55535,5,1,limit
drain,1,1,0,0,0,0,0,0,0,0,0,0,0,0,0,2,2,0.1591,5,1,drain
cheap,1,0,1,1,0,0,0,0,0,0,0,0,0,0,0,2,2,-0.42045,5,1,cheap
americans,1,0,0,0,0,0,0,0,0,0,0,0,0,0,0,2,2,0.2235,9,1,americans
selling,1,1,0,0,0,0,0,0,0,0,0,0,0,0,0,2,2,0.1591,7,1,selling
struck,0,1,1,0,0,0,0,0,0,0,0,0,0,0,0,2,2,0.2465,6,1,struck
comment,1,1,0,0,0,0,0,0,0,0,0,0,0,0,0,2,2,0.41485,7,1,comment
derstanding,0,0,0,0,0,0,0,0,0,0,0,0,0,0,0,2,2,0.27449999999999997,11,1,derstanding
ably,0,0,0,1,0,0,0,0,0,0,0,0,0,0,0,2,2,0.8551,4,1,ably
deliberately,0,0,0,1,0,0,0,0,0,0,0,0,0,0,0,2,2,0.4063,12,1,deliberately
represented,0,1,1,0,0,0,0,0,0,0,0,0,0,0,0,2,2,0.23315,11,1,represented
personality,1,0,0,0,0,0,0,0,0,0,0,0,0,0,0,2,2,0.45005,11,1,personality
unbroken,0,0,1,0,0,0,0,0,0,0,0,0,0,0,0,2,2,0.3369,8,1,unbroken
ninth,1,0,1,1,0,0,0,0,0,0,0,0,0,0,0,2,2,-0.24695,5,1,ninth
overseas,0,0,1,1,0,0,0,0,0,0,0,0,0,0,0,2,2,-0.21075,8,1,overseas
undergraduate,1,0,0,0,0,0,0,0,0,0,0,0,0,0,0,2,2,-0.03554999999999997,13,1,undergraduate
melancholy,1,0,1,0,0,0,0,0,0,0,0,0,0,0,0,2,2,-0.2221,10,1,melancholy
lover,1,0,0,0,0,0,0,0,0,0,0,0,0,0,0,2,1,0.7003,5,1,lover
thomas,1,0,0,0,0,0,0,0,0,0,0,0,0,0,0,2,2,-0.1472,6,1,thomas
parke,0,0,0,0,0,0,0,0,0,0,0,0,0,0,0,2,2,-0.1472,5,1,parke
bounce,1,1,0,0,0,0,0,0,0,0,0,0,0,0,0,2,1,0.7003,6,1,bounce
improving,0,0,1,0,0,0,0,0,0,0,0,0,0,0,0,2,2,0.5345,9,1,improving
skepticism,0,0,0,0,0,0,0,0,0,0,0,0,0,0,0,2,2,-0.0338,10,1,skepticism
granted,0,1,1,0,0,0,0,0,0,0,0,0,0,0,0,2,2,-0.26335,7,1,granted
testimony,1,0,0,0,0,0,0,0,0,0,0,0,0,0,0,2,2,0.06634999999999999,9,1,testimony
whispers,1,1,0,0,0,0,0,0,0,0,0,0,0,0,0,2,2,0.68865,8,1,whispers
collapse,1,1,0,0,0,0,0,0,0,0,0,0,0,0,0,2,2,-0.0527,8,1,collapse
answering,0,0,1,0,0,0,0,0,0,0,0,0,0,0,0,2,2,0.027600000000000013,9,1,answering
expect,0,1,0,0,0,0,0,0,0,0,0,0,0,0,0,2,2,0.17,6,1,expect
willing,1,1,1,0,0,0,0,0,0,0,0,0,0,0,0,2,2,0.19405000000000003,7,1,willing
examined,0,1,0,0,0,0,0,0,0,0,0,0,0,0,0,2,2,0.2553,8,1,examined
jewelry,1,0,0,0,0,0,0,0,0,0,0,0,0,0,0,2,2,-0.33525,7,1,jewelry
judgments,1,0,0,0,0,0,0,0,0,0,0,0,0,0,0,2,2,0.0928,9,1,judgments
muttering,1,0,1,0,0,0,0,0,0,0,0,0,0,0,0,2,2,-0.24695,9,1,muttering
liable,0,0,1,0,0,0,0,0,0,0,0,0,0,0,0,2,2,-0.6105,6,1,liable
fide,0,0,0,0,0,0,0,0,0,0,0,0,0,0,0,2,2,0.0,4,1,fide
printed,0,1,1,0,0,0,0,0,0,0,0,0,0,0,0,2,2,0.0,7,1,printed
fella,1,0,0,0,0,0,0,0,0,0,0,0,0,0,0,2,2,0.0386,5,1,fella
marred,0,1,1,0,0,0,0,0,0,0,0,0,0,0,0,2,2,0.0,6,1,marred
obvious,0,0,1,0,0,0,0,0,0,0,0,0,0,0,0,2,2,-0.4003,7,1,obvious
terms,1,1,0,0,0,0,0,0,0,0,0,0,0,0,0,2,2,-0.18444999999999998,5,1,terms
express,1,1,1,1,0,0,0,0,0,0,0,0,0,0,0,2,2,-0.11069999999999999,7,1,express
bona,0,0,0,0,0,0,0,0,0,0,0,0,0,0,0,2,2,0.0,4,1,bona
steady,1,1,1,1,0,0,0,0,0,0,0,0,0,0,0,2,2,0.11624999999999999,6,1,steady
shelves,1,1,0,0,0,0,0,0,0,0,0,0,0,0,0,2,2,0.5324,7,1,shelves
wheeled,0,1,1,0,0,0,0,0,0,0,0,0,0,0,0,2,2,0.2553,7,1,wheeled
hasty,0,0,1,0,0,0,0,0,0,0,0,0,0,0,0,2,2,0.4015,5,1,hasty
etc,0,0,0,0,0,0,0,0,0,0,0,0,0,0,0,2,2,0.05135,3,1,etc
narrowed,0,1,1,0,0,0,0,0,0,0,0,0,0,0,0,2,2,0.17675,8,1,narrowed
pleasantly,0,0,0,1,0,0,0,0,0,0,0,0,0,0,0,2,2,0.6661,10,1,pleasantly
prised,0,0,0,0,0,0,0,0,0,0,0,0,0,0,0,2,2,-0.23879999999999998,6,1,prised
ceased,0,0,0,0,0,0,0,0,0,0,0,0,0,0,0,2,2,0.148,6,1,ceased
happens,0,1,0,0,0,0,0,0,0,0,0,0,0,0,0,2,2,0.0386,7,1,happens
audible,1,0,1,0,0,0,0,0,0,0,0,0,0,0,0,2,2,-0.46240000000000003,7,1,audible
grief,1,0,0,0,0,0,0,0,0,0,0,0,0,0,0,2,2,0.28595,5,1,grief
hostile,1,0,1,0,0,0,0,0,0,0,0,0,0,0,0,2,2,-0.5313,7,1,hostile
numbers,1,1,0,0,0,0,0,0,0,0,0,0,0,0,0,2,2,0.58355,7,1,numbers
stunts,1,1,0,0,0,0,0,0,0,0,0,0,0,0,0,2,2,0.41355,6,1,stunts
replaced,0,1,0,0,0,0,0,0,0,0,0,0,0,0,0,2,2,-0.24695,8,1,replaced
drizzle,1,1,0,0,0,0,0,0,0,0,0,0,0,0,0,2,2,-0.2997,7,1,drizzle
ceaselessly,0,0,0,1,0,0,0,0,0,0,0,0,0,0,0,2,2,0.10115,11,1,ceaselessly
september,1,0,0,0,0,0,0,0,0,0,0,0,0,0,0,2,2,-0.20025,9,1,september
hilarity,1,0,0,0,0,0,0,0,0,0,0,0,0,0,0,2,2,0.2732,8,1,hilarity
pushing,0,1,1,1,0,0,0,0,0,0,0,0,0,0,0,2,2,0.4088,7,1,pushing
credulity,1,0,0,0,0,0,0,0,0,0,0,0,0,0,0,2,2,0.5656,9,1,credulity
german,1,0,1,0,0,0,0,0,0,0,0,0,0,0,0,2,2,-0.7415,6,1,german
gown,1,1,0,0,0,0,0,0,0,0,0,0,0,0,0,2,1,0.0,4,1,gown
accused,1,1,0,0,0,0,0,0,0,0,0,0,0,0,0,2,2,-0.318,7,1,accused
attach,0,1,0,0,0,0,0,0,0,0,0,0,0,0,0,2,2,0.0814,6,1,attach
cannot,1,0,0,0,0,0,0,0,0,0,0,0,0,0,0,2,2,0.1358,6,1,cannot
resolves,1,1,0,0,0,0,0,0,0,0,0,0,0,0,0,2,2,0.5707,8,1,resolves
consequence,1,0,0,0,0,0,0,0,0,0,0,0,0,0,0,2,2,0.007300000000000001,11,1,consequence
reserve,1,1,1,0,0,0,0,0,0,0,0,0,0,0,0,2,2,-0.1366,7,1,reserve
degree,1,0,1,0,0,0,0,0,0,0,0,0,0,0,0,2,2,0.14675,6,1,degree
whisper,1,1,0,0,0,0,0,0,0,0,0,0,0,0,0,2,2,0.24695,7,1,whisper
couples,1,1,0,0,0,0,0,0,0,0,0,0,0,0,0,2,2,0.3448,7,1,couples
bet,1,1,0,0,0,0,0,0,0,0,0,0,0,0,0,2,2,-0.15464999999999998,3,1,bet
unusually,0,0,0,1,0,0,0,0,0,0,0,0,0,0,0,2,2,0.3842,9,1,unusually
borne,0,0,0,0,0,0,0,0,0,0,0,0,0,0,0,1,1,0.2023,5,1,borne
tint,1,1,0,0,0,0,0,0,0,0,0,0,0,0,0,1,1,0.7783,4,1,tint
fingerless,0,0,1,0,0,0,0,0,0,0,0,0,0,0,0,1,1,0.7783,10,1,fingerless
glove,1,0,0,0,0,0,0,0,0,0,0,0,0,0,0,1,1,0.7783,5,1,glove
doubted,0,1,0,0,0,0,0,0,0,0,0,0,0,0,0,1,1,0.2023,7,1,doubted
tended,0,1,0,0,0,0,0,0,0,0,0,0,0,0,0,1,1,0.2023,6,1,tended
experience,1,1,0,0,0,0,0,0,0,0,0,0,0,0,0,1,1,-0.4138,10,1,experience
dizzy,0,1,1,0,0,0,0,0,0,0,0,0,0,0,0,1,1,-0.4138,5,1,dizzy
hon,0,0,0,0,0,0,0,0,0,0,0,0,0,0,0,1,1,0.0,3,1,hon
laundry,1,0,0,0,0,0,0,0,0,0,0,0,0,0,0,1,1,0.0,7,1,laundry
awkward,0,0,1,0,0,0,0,0,0,0,0,0,0,0,0,1,1,0.0772,7,1,awkward
invilliers,0,0,0,0,0,0,0,0,0,0,0,0,0,0,0,1,1,-0.2944,10,1,invilliers
vulnerable,0,0,1,0,0,0,0,0,0,0,0,0,0,0,0,1,1,-0.2944,10,1,vulnerable
criticizing,0,1,0,0,0,0,0,0,0,0,0,0,0,0,0,1,1,0.3612,11,1,criticizing
unplea,0,0,0,0,0,0,0,0,0,0,0,0,0,0,0,1,1,0.0772,6,1,unplea
obliging,0,1,1,0,0,0,0,0,0,0,0,0,0,0,0,1,1,-0.834,8,1,obliging
illustration,1,0,0,0,0,0,0,0,0,0,0,0,0,0,0,1,1,0.7783,12,1,illustration
stretcher,1,0,0,0,0,0,0,0,0,0,0,0,0,0,0,1,1,-0.4767,9,1,stretcher
lies,1,1,0,0,0,0,0,0,0,0,0,0,0,0,0,1,1,-0.4767,4,1,lies
drunken,0,0,1,0,0,0,0,0,0,0,0,0,0,0,0,1,1,-0.4767,7,1,drunken
gles,0,0,0,0,0,0,0,0,0,0,0,0,0,0,0,1,1,0.8176,4,1,gles
sparkles,1,1,0,0,0,0,0,0,0,0,0,0,0,0,0,1,1,0.8176,8,1,sparkles
cares,0,1,0,0,0,0,0,0,0,0,0,0,0,0,0,1,1,-0.8325,5,1,cares
torted,0,0,0,0,0,0,0,0,0,0,0,0,0,0,0,1,1,-0.6705,6,1,torted
brittle,1,0,1,0,0,0,0,0,0,0,0,0,0,0,0,1,1,0.0,7,1,brittle
el,1,0,0,0,0,0,0,0,0,0,0,0,0,0,0,1,1,-0.4019,2,1,el
greco,0,0,0,0,0,0,0,0,0,0,0,0,0,0,0,1,1,-0.4019,5,1,greco
conventional,1,0,1,0,0,0,0,0,0,0,0,0,0,0,0,1,1,-0.4019,12,1,conventional
crouching,0,1,1,0,0,0,0,0,0,0,0,0,0,0,0,1,1,-0.4019,9,1,crouching
sullen,1,0,1,0,0,0,0,0,0,0,0,0,0,0,0,1,1,-0.4019,6,1,sullen
overhang,1,1,0,0,0,0,0,0,0,0,0,0,0,0,0,1,1,-0.4019,8,1,overhang
lustreless,0,0,1,0,0,0,0,0,0,0,0,0,0,0,0,1,1,-0.4019,10,1,lustreless
foreground,1,1,0,0,0,0,0,0,0,0,0,0,0,0,0,1,1,-0.4767,10,1,foreground
lectures,1,1,0,0,0,0,0,0,0,0,0,0,0,0,0,1,1,0.0,8,1,lectures
mat,1,0,1,0,0,0,0,0,0,0,0,0,0,0,0,1,1,0.0,3,1,mat
fooled,0,1,0,0,0,0,0,0,0,0,0,0,0,0,0,1,1,-0.3818,6,1,fooled
belasco,0,0,0,0,0,0,0,0,0,0,0,0,0,0,0,1,1,0.0,7,1,belasco
thoroughness,1,0,0,0,0,0,0,0,0,0,0,0,0,0,0,1,1,0.0,12,1,thoroughness
realism,1,0,0,0,0,0,0,0,0,0,0,0,0,0,0,1,1,0.0,7,1,realism
snatched,0,1,0,0,0,0,0,0,0,0,0,0,0,0,0,1,1,-0.4939,8,1,snatched
cheerfully,0,0,0,1,0,0,0,0,0,0,0,0,0,0,0,1,1,0.4767,10,1,cheerfully
needn,0,0,0,0,0,0,0,0,0,0,0,0,0,0,0,1,1,-0.3182,5,1,needn
ascertain,0,1,0,0,0,0,0,0,0,0,0,0,0,0,0,1,1,-0.3182,9,1,ascertain
ascertained,0,1,1,0,0,0,0,0,0,0,0,0,0,0,0,1,1,0.0,11,1,ascertained
durable,1,0,1,0,0,0,0,0,0,0,0,0,0,0,0,1,1,0.4215,7,1,durable
lemme,0,0,0,0,0,0,0,0,0,0,0,0,0,0,0,1,1,0.0,5,1,lemme
bookcases,1,0,0,0,0,0,0,0,0,0,0,0,0,0,0,1,1,0.0,9,1,bookcases
volume,1,0,0,0,0,0,0,0,0,0,0,0,0,0,0,1,1,0.0,6,1,volume
stoddard,0,0,0,0,0,0,0,0,0,0,0,0,0,0,0,1,1,0.0,8,1,stoddard
carved,0,1,1,0,0,0,0,0,0,0,0,0,0,0,0,1,1,-0.4215,6,1,carved
english,1,0,1,0,0,0,0,0,0,0,0,0,0,0,0,1,1,-0.4215,7,1,english
oak,1,0,1,0,0,0,0,0,0,0,0,0,0,0,0,1,1,-0.4215,3,1,oak
transported,0,1,1,0,0,0,0,0,0,0,0,0,0,0,0,1,1,-0.4215,11,1,transported
ruin,1,1,0,0,0,0,0,0,0,0,0,0,0,0,0,1,1,-0.4215,4,1,ruin
aged,1,1,1,0,0,0,0,0,0,0,0,0,0,0,0,1,1,0.5709,4,1,aged
somewhat,1,0,0,1,0,0,0,0,0,0,0,0,0,0,0,1,1,0.5709,8,1,somewhat
impetuously,0,0,0,1,0,0,0,0,0,0,0,0,0,0,0,1,1,-0.2263,11,1,impetuously
contemplation,1,0,0,0,0,0,0,0,0,0,0,0,0,0,0,1,1,0.8834,13,1,contemplation
carefully,0,0,0,1,0,0,0,0,0,0,0,0,0,0,0,1,1,0.7798,9,1,carefully
guard,1,1,0,0,0,0,0,0,0,0,0,0,0,0,0,1,1,0.7798,5,1,guard
spectroscopic,0,0,1,0,0,0,0,0,0,0,0,0,0,0,0,1,1,0.7798,13,1,spectroscopic
wasteful,0,0,1,0,0,0,0,0,0,0,0,0,0,0,0,1,1,0.0,8,1,wasteful
inappropriate,0,0,1,0,0,0,0,0,0,0,0,0,0,0,0,1,1,0.0,13,1,inappropriate
gothic,1,0,1,0,0,0,0,0,0,0,0,0,0,0,0,1,1,-0.4215,6,1,gothic
panelled,0,1,0,0,0,0,0,0,0,0,0,0,0,0,0,1,1,-0.4215,8,1,panelled
tore,1,1,0,0,0,0,0,0,0,0,0,0,0,0,0,1,1,0.0,4,1,tore
package,1,0,0,0,0,0,0,0,0,0,0,0,0,0,0,1,1,0.0,7,1,package
croirier,0,0,0,0,0,0,0,0,0,0,0,0,0,0,0,1,1,0.0,8,1,croirier
bust,1,0,1,0,0,0,0,0,0,0,0,0,0,0,0,1,1,0.0,4,1,bust
altered,1,0,1,0,0,0,0,0,0,0,0,0,0,0,0,1,1,0.0,7,1,altered
confidentially,0,0,0,1,0,0,0,0,0,0,0,0,0,0,0,1,1,0.0,14,1,confidentially
thrill,1,1,0,0,0,0,0,0,0,0,0,0,0,0,0,1,1,0.3612,6,1,thrill
mumbles,1,1,0,0,0,0,0,0,0,0,0,0,0,0,0,1,1,0.3818,7,1,mumbles
representing,0,1,0,0,0,0,0,0,0,0,0,0,0,0,0,1,1,0.7798,12,1,representing
staid,0,0,1,0,0,0,0,0,0,0,0,0,0,0,0,1,1,0.7798,5,1,staid
nobility,1,0,0,0,0,0,0,0,0,0,0,0,0,0,0,1,1,0.7798,8,1,nobility
countryside,1,0,0,0,0,0,0,0,0,0,0,0,0,0,0,1,1,0.7798,11,1,countryside
condes,1,0,0,0,0,0,0,0,0,0,0,0,0,0,0,1,1,0.7798,6,1,condes
cending,0,0,0,0,0,0,0,0,0,0,0,0,0,0,0,1,1,0.7798,7,1,cending
mumble,1,1,0,0,0,0,0,0,0,0,0,0,0,0,0,1,1,0.0,6,1,mumble
companion,1,0,0,0,0,0,0,0,0,0,0,0,0,0,0,1,1,0.0,9,1,companion
sooner,1,0,0,1,0,0,0,0,0,0,0,0,0,0,0,1,1,-0.128,6,1,sooner
yield,1,1,0,0,0,0,0,0,0,0,0,0,0,0,0,1,1,-0.128,5,1,yield
greater,0,0,1,0,0,0,0,0,0,0,0,0,0,0,0,1,1,-0.128,7,1,greater
lesser,1,0,1,0,0,0,0,0,0,0,0,0,0,0,0,1,1,-0.128,6,1,lesser
rambling,1,0,1,0,0,0,0,0,0,0,0,0,0,0,0,1,1,0.7798,8,1,rambling
preserved,0,1,1,0,0,0,0,0,0,0,0,0,0,0,0,1,1,0.7798,9,1,preserved
homogeneity,1,0,0,0,0,0,0,0,0,0,0,0,0,0,0,1,1,0.7798,11,1,homogeneity
function,1,1,0,0,0,0,0,0,0,0,0,0,0,0,0,1,1,0.7798,8,1,function
claud,0,0,0,0,0,0,0,0,0,0,0,0,0,0,0,1,1,0.0,5,1,claud
roman,1,0,1,0,0,0,0,0,0,0,0,0,0,0,0,1,1,0.4939,5,1,roman
speculation,1,0,0,0,0,0,0,0,0,0,0,0,0,0,0,1,1,0.4939,11,1,speculation
inspired,0,1,1,0,0,0,0,0,0,0,0,0,0,0,0,1,1,0.4939,8,1,inspired
escort,1,1,0,0,0,0,0,0,0,0,0,0,0,0,0,1,1,-0.128,6,1,escort
undergra,0,0,0,0,0,0,0,0,0,0,0,0,0,0,0,1,1,-0.128,8,1,undergra
duate,0,0,0,0,0,0,0,0,0,0,0,0,0,0,0,1,1,-0.128,5,1,duate
innuendo,1,0,0,0,0,0,0,0,0,0,0,0,0,0,0,1,1,-0.128,8,1,innuendo
responded,0,1,0,0,0,0,0,0,0,0,0,0,0,0,0,1,1,0.0,9,1,responded
personally,0,0,0,1,0,0,0,0,0,0,0,0,0,0,0,1,1,0.7783,10,1,personally
win,1,1,0,0,0,0,0,0,0,0,0,0,0,0,0,1,1,0.5859,3,1,win
finals,1,0,0,0,0,0,0,0,0,0,0,0,0,0,0,1,1,-0.3182,6,1,finals
dyed,0,1,1,0,0,0,0,0,0,0,0,0,0,0,0,1,1,0.7885,4,1,dyed
premature,0,0,1,0,0,0,0,0,0,0,0,0,0,0,0,1,1,0.7885,9,1,premature
caterer,1,0,0,0,0,0,0,0,0,0,0,0,0,0,0,1,1,0.7885,7,1,caterer
risen,0,1,1,0,0,0,0,0,0,0,0,0,0,0,0,1,1,-0.3612,5,1,risen
vacuous,0,0,1,0,0,0,0,0,0,0,0,0,0,0,0,1,1,0.8271,7,1,vacuous
stage,1,1,0,0,0,0,0,0,0,0,0,0,0,0,0,1,1,0.7925,5,1,stage
twins,1,1,0,0,0,0,0,0,0,0,0,0,0,0,0,1,1,0.7925,5,1,twins
bigger,0,0,1,0,0,0,0,0,0,0,0,0,0,0,0,1,1,0.7925,6,1,bigger
passers,1,0,0,0,0,0,0,0,0,0,0,0,0,0,0,1,1,0.4588,7,1,passers
advancing,0,1,1,0,0,0,0,0,0,0,0,0,0,0,0,1,1,0.0,9,1,advancing
unnatu,0,0,0,0,0,0,0,0,0,0,0,0,0,0,0,1,1,0.0,6,1,unnatu
rally,1,1,0,0,0,0,0,0,0,0,0,0,0,0,0,1,1,0.0,5,1,rally
circles,1,1,0,0,0,0,0,0,0,0,0,0,0,0,0,1,1,0.8176,7,1,circles
tortuously,0,0,0,1,0,0,0,0,0,0,0,0,0,0,0,1,1,0.8176,10,1,tortuously
fashionably,0,0,0,1,0,0,0,0,0,0,0,0,0,0,0,1,1,0.8176,11,1,fashionably
individualistically,0,0,0,1,0,0,0,0,0,0,0,0,0,0,0,1,1,0.8176,19,1,individualistically
relieving,0,1,0,0,0,0,0,0,0,0,0,0,0,0,0,1,1,0.8176,9,1,relieving
banjo,1,0,0,0,0,0,0,0,0,0,0,0,0,0,0,1,1,0.8176,5,1,banjo
traps,1,1,0,0,0,0,0,0,0,0,0,0,0,0,0,1,1,0.8176,5,1,traps
notorious,0,0,1,0,0,0,0,0,0,0,0,0,0,0,0,1,1,0.8271,9,1,notorious
argued,0,1,0,0,0,0,0,0,0,0,0,0,0,0,0,1,1,-0.8344,6,1,argued
skeptically,0,0,0,1,0,0,0,0,0,0,0,0,0,0,0,1,1,-0.8344,11,1,skeptically
spy,1,1,0,0,0,0,0,0,0,0,0,0,0,0,0,1,1,-0.8344,3,1,spy
confirmation,1,0,0,0,0,0,0,0,0,0,0,0,0,0,0,1,1,0.0,12,1,confirmation
germany,1,0,0,0,0,0,0,0,0,0,0,0,0,0,0,1,1,0.7096,7,1,germany
positively,0,0,0,1,0,0,0,0,0,0,0,0,0,0,0,1,1,0.7096,10,1,positively
switched,0,1,0,0,0,0,0,0,0,0,0,0,0,0,0,1,1,0.4404,8,1,switched
graceless,0,0,1,0,0,0,0,0,0,0,0,0,0,0,0,1,1,0.8176,9,1,graceless
hungry,0,0,1,0,0,0,0,0,0,0,0,0,0,0,0,1,1,0.743,6,1,hungry
prosperous,0,0,1,0,0,0,0,0,0,0,0,0,0,0,0,1,1,0.743,10,1,prosperous
surance,0,0,0,0,0,0,0,0,0,0,0,0,0,0,0,1,1,0.3182,7,1,surance
agonizingly,0,0,0,1,0,0,0,0,0,0,0,0,0,0,0,1,1,0.3182,11,1,agonizingly
theirs,0,0,0,0,0,0,0,0,0,0,0,0,0,0,1,1,1,0.3182,6,1,theirs
whereabouts,1,0,0,1,0,0,0,0,0,0,0,0,0,0,0,1,1,-0.2617,11,1,whereabouts
vehemently,0,0,0,1,0,0,0,0,0,0,0,0,0,0,0,1,1,-0.2617,10,1,vehemently
slunk,1,0,0,0,0,0,0,0,0,0,0,0,0,0,0,1,1,-0.2617,5,1,slunk
battalion,1,0,0,0,0,0,0,0,0,0,0,0,0,0,0,1,1,0.0,9,1,battalion
seventh,1,0,1,1,0,0,0,0,0,0,0,0,0,0,0,1,1,0.0,7,1,seventh
ill,1,0,1,1,0,0,0,0,0,0,0,0,0,0,0,1,1,0.0,3,1,ill
swirls,1,0,0,0,0,0,0,0,0,0,0,0,0,0,0,1,1,0.0,6,1,swirls
eddies,1,1,0,0,0,0,0,0,0,0,0,0,0,0,0,1,1,0.0,6,1,eddies
ticed,0,0,0,0,0,0,0,0,0,0,0,0,0,0,0,1,1,0.0,5,1,ticed
englishmen,1,0,0,0,0,0,0,0,0,0,0,0,0,0,0,1,1,0.743,10,1,englishmen
dotted,0,1,1,0,0,0,0,0,0,0,0,0,0,0,0,1,1,0.743,6,1,dotted
provocation,1,0,0,0,0,0,0,0,0,0,0,0,0,0,0,1,1,0.1779,11,1,provocation
uncontrollable,0,0,1,0,0,0,0,0,0,0,0,0,0,0,0,1,1,0.1779,14,1,uncontrollable
enjoying,0,1,0,0,0,0,0,0,0,0,0,0,0,0,0,1,1,0.5267,8,1,enjoying
significant,1,0,1,0,0,0,0,0,0,0,0,0,0,0,0,1,1,0.4588,11,1,significant
elemental,1,0,1,0,0,0,0,0,0,0,0,0,0,0,0,1,1,0.4588,9,1,elemental
lull,1,1,0,0,0,0,0,0,0,0,0,0,0,0,0,1,1,0.743,4,1,lull
entertainment,1,0,0,0,0,0,0,0,0,0,0,0,0,0,0,1,1,0.743,13,1,entertainment
division,1,0,0,0,0,0,0,0,0,0,0,0,0,0,0,1,1,-0.5994,8,1,division
triangle,1,0,0,0,0,0,0,0,0,0,0,0,0,0,0,1,1,-0.3612,8,1,triangle
scales,1,1,0,0,0,0,0,0,0,0,0,0,0,0,0,1,1,-0.3612,6,1,scales
tinny,0,0,1,0,0,0,0,0,0,0,0,0,0,0,0,1,1,-0.3612,5,1,tinny
drip,1,1,0,0,0,0,0,0,0,0,0,0,0,0,0,1,1,-0.3612,4,1,drip
banjoes,1,0,0,0,0,0,0,0,0,0,0,0,0,0,0,1,1,-0.3612,7,1,banjoes
rowdy,1,0,1,0,0,0,0,0,0,0,0,0,0,0,0,1,1,0.1779,5,1,rowdy
sligh,0,0,0,0,0,0,0,0,0,0,0,0,0,0,0,1,1,0.1779,5,1,sligh
test,1,1,1,0,0,0,0,0,0,0,0,0,0,0,0,1,1,0.1779,4,1,test
constrained,0,0,1,0,0,0,0,0,0,0,0,0,0,0,0,1,1,0.5423,11,1,constrained
assure,0,1,0,0,0,0,0,0,0,0,0,0,0,0,0,1,1,0.5423,6,1,assure
corpulent,0,0,1,0,0,0,0,0,0,0,0,0,0,0,0,1,1,0.0,9,1,corpulent
background,1,1,0,0,0,0,0,0,0,0,0,0,0,0,0,1,1,0.0,10,1,background
stimulating,0,1,1,0,0,0,0,0,0,0,0,0,0,0,0,1,1,-0.3818,11,1,stimulating
louisiana,1,0,0,0,0,0,0,0,0,0,0,0,0,0,0,1,1,-0.0258,9,1,louisiana
comprehensible,0,0,1,0,0,0,0,0,0,0,0,0,0,0,0,1,1,0.0,14,1,comprehensible
inexperience,1,0,0,0,0,0,0,0,0,0,0,0,0,0,0,1,1,0.8294,12,1,inexperience
robin,1,0,0,0,0,0,0,0,0,0,0,0,0,0,0,1,1,0.6597,5,1,robin
employer,1,0,0,0,0,0,0,0,0,0,0,0,0,0,0,1,1,0.6597,8,1,employer
attend,0,1,0,0,0,0,0,0,0,0,0,0,0,0,0,1,1,0.6597,6,1,attend
combination,1,0,0,0,0,0,0,0,0,0,0,0,0,0,0,1,1,0.9337,11,1,combination
majestic,0,0,1,0,0,0,0,0,0,0,0,0,0,0,0,1,1,0.9337,8,1,majestic
flannels,0,0,0,0,0,0,0,0,0,0,0,0,0,0,0,1,1,0.0,8,1,flannels
excused,0,1,1,0,0,0,0,0,0,0,0,0,0,0,0,1,1,0.0,7,1,excused
rejoin,0,1,0,0,0,0,0,0,0,0,0,0,0,0,0,1,1,0.0,6,1,rejoin
gant,0,0,0,0,0,0,0,0,0,0,0,0,0,0,0,1,1,-0.296,4,1,gant
rough,1,0,1,1,0,0,0,0,0,0,0,0,0,0,0,1,1,-0.296,5,1,rough
strong,0,0,1,1,0,0,0,0,0,0,0,0,0,0,0,1,1,0.8126,6,1,strong
conducted,0,1,1,0,0,0,0,0,0,0,0,0,0,0,0,1,1,0.3612,9,1,conducted
behavior,1,0,0,0,0,0,0,0,0,0,0,0,0,0,0,1,1,0.3612,8,1,behavior
amusement,1,0,0,0,0,0,0,0,0,0,0,0,0,0,0,1,1,0.3612,9,1,amusement
parks,1,1,0,0,0,0,0,0,0,0,0,0,0,0,0,1,1,0.3612,5,1,parks
admission,1,0,0,0,0,0,0,0,0,0,0,0,0,0,0,1,1,0.7845,9,1,admission
linger,0,1,0,0,0,0,0,0,0,0,0,0,0,0,0,1,1,-0.2617,6,1,linger
smiles,1,1,0,0,0,0,0,0,0,0,0,0,0,0,0,1,1,0.6808,6,1,smiles
reassurance,1,0,0,0,0,0,0,0,0,0,0,0,0,0,0,1,1,0.6808,11,1,reassurance
external,1,0,1,0,0,0,0,0,0,0,0,0,0,0,0,1,1,0.2023,8,1,external
prejudice,0,1,0,0,0,0,0,0,0,0,0,0,0,0,0,1,1,0.2023,9,1,prejudice
derstood,0,0,0,0,0,0,0,0,0,0,0,0,0,0,0,1,1,0.9136,8,1,derstood
vey,0,0,0,0,0,0,0,0,0,0,0,0,0,0,0,1,1,0.9136,3,1,vey
ele,0,0,0,0,0,0,0,0,0,0,0,0,0,0,0,1,1,-0.296,3,1,ele
follies,1,0,0,0,0,0,0,0,0,0,0,0,0,0,0,1,1,-0.4215,7,1,follies
vited,0,0,0,0,0,0,0,0,0,0,0,0,0,0,0,1,1,0.0,5,1,vited
carnegie,1,0,0,0,0,0,0,0,0,0,0,0,0,0,0,1,1,0.4215,8,1,carnegie
jovial,0,0,1,0,0,0,0,0,0,0,0,0,0,0,0,1,1,0.7506,6,1,jovial
condescension,1,0,0,0,0,0,0,0,0,0,0,0,0,0,0,1,1,0.7506,13,1,condescension
concluded,0,1,1,0,0,0,0,0,0,0,0,0,0,0,0,1,1,0.0,9,1,concluded
lustily,0,0,0,1,0,0,0,0,0,0,0,0,0,0,0,1,1,0.0,7,1,lustily
composition,1,0,0,0,0,0,0,0,0,0,0,0,0,0,0,1,1,-0.25,11,1,composition
dumps,1,1,0,0,0,0,0,0,0,0,0,0,0,0,0,1,1,-0.128,5,1,dumps
frisco,0,0,0,0,0,0,0,0,0,0,0,0,0,0,0,1,1,-0.128,6,1,frisco
varies,0,1,0,0,0,0,0,0,0,0,0,0,0,0,0,1,1,-0.4215,6,1,varies
obligingly,0,0,0,1,0,0,0,0,0,0,0,0,0,0,0,1,1,-0.4215,10,1,obligingly
erroneous,0,0,1,0,0,0,0,0,0,0,0,0,0,0,0,1,1,-0.4215,9,1,erroneous
gilda,0,0,0,0,0,0,0,0,0,0,0,0,0,0,0,1,1,-0.4215,5,1,gilda
gray,1,0,1,0,0,0,0,0,0,0,0,0,0,0,0,1,1,-0.4215,4,1,gray
understudy,1,1,0,0,0,0,0,0,0,0,0,0,0,0,0,1,1,-0.4215,10,1,understudy
weave,1,1,0,0,0,0,0,0,0,0,0,0,0,0,0,1,1,0.95,5,1,weave
stouter,0,0,0,0,0,0,0,0,0,0,0,0,0,0,0,1,1,0.95,7,1,stouter
joyous,0,0,1,0,0,0,0,0,0,0,0,0,0,0,0,1,1,0.95,6,1,joyous
glide,1,1,0,0,0,0,0,0,0,0,0,0,0,0,0,1,1,0.95,5,1,glide
constantly,0,0,0,1,0,0,0,0,0,0,0,0,0,0,0,1,1,0.95,10,1,constantly
gypsies,1,0,0,0,0,0,0,0,0,0,0,0,0,0,0,1,1,-0.128,7,1,gypsies
opal,1,0,0,0,0,0,0,0,0,0,0,0,0,0,0,1,1,-0.128,4,1,opal
seizes,0,1,0,0,0,0,0,0,0,0,0,0,0,0,0,1,1,-0.128,6,1,seizes
urbane,0,0,1,0,0,0,0,0,0,0,0,0,0,0,0,1,1,0.0,6,1,urbane
distaste,0,0,0,0,0,0,0,0,0,0,0,0,0,0,0,1,1,0.0,8,1,distaste
concrete,1,1,1,0,0,0,0,0,0,0,0,0,0,0,0,1,1,0.0,8,1,concrete
privacy,1,0,0,0,0,0,0,0,0,0,0,0,0,0,0,1,1,0.4019,7,1,privacy
bass,1,0,1,0,0,0,0,0,0,0,0,0,0,0,0,1,1,0.0,4,1,bass
drum,1,1,0,0,0,0,0,0,0,0,0,0,0,0,0,1,1,0.0,4,1,drum
echolalia,1,0,0,0,0,0,0,0,0,0,0,0,0,0,0,1,1,0.0,9,1,echolalia
gentlemen,1,0,0,0,0,0,0,0,0,0,0,0,0,0,0,1,1,-0.3818,9,1,gentlemen
pitches,1,1,0,0,0,0,0,0,0,0,0,0,0,0,0,1,1,0.5267,7,1,pitches
prodigality,1,0,0,0,0,0,0,0,0,0,0,0,0,0,0,1,1,0.8591,11,1,prodigality
swiftly,0,0,0,1,0,0,0,0,0,0,0,0,0,0,0,1,1,0.95,7,1,swiftly
arrivals,1,0,0,0,0,0,0,0,0,0,0,0,0,0,0,1,1,0.95,8,1,arrivals
dissolve,1,1,0,0,0,0,0,0,0,0,0,0,0,0,0,1,1,0.95,8,1,dissolve
wanderers,1,0,0,0,0,0,0,0,0,0,0,0,0,0,0,1,1,0.95,9,1,wanderers
link,1,0,0,0,0,0,0,0,0,0,0,0,0,0,0,1,1,-0.4939,4,1,link
wore,0,1,0,0,0,0,0,0,0,0,0,0,0,0,0,1,1,0.0,4,1,wore
permeate,0,1,0,0,0,0,0,0,0,0,0,0,0,0,0,1,1,0.836,8,1,permeate
nuendo,0,0,0,0,0,0,0,0,0,0,0,0,0,0,0,1,1,0.836,6,1,nuendo
introductions,1,0,0,0,0,0,0,0,0,0,0,0,0,0,0,1,1,0.836,13,1,introductions
enthusiastic,0,0,1,0,0,0,0,0,0,0,0,0,0,0,0,1,1,0.836,12,1,enthusiastic
ings,1,0,0,0,0,0,0,0,0,0,0,0,0,0,0,1,1,0.836,4,1,ings
brighter,0,0,0,0,0,0,0,0,0,0,0,0,0,0,0,1,1,0.5267,8,1,brighter
lurches,1,1,0,0,0,0,0,0,0,0,0,0,0,0,0,1,1,0.5267,7,1,lurches
opera,1,0,0,0,0,0,0,0,0,0,0,0,0,0,0,1,1,0.5267,5,1,opera
swooning,0,0,1,0,0,0,0,0,0,0,0,0,0,0,0,1,1,-0.4939,8,1,swooning
playfully,0,0,0,1,0,0,0,0,0,0,0,0,0,0,0,1,1,-0.4939,9,1,playfully
swooned,0,0,0,0,0,0,0,0,0,0,0,0,0,0,0,1,1,-0.4939,7,1,swooned
quartets,1,0,0,0,0,0,0,0,0,0,0,0,0,0,0,1,1,-0.4939,8,1,quartets
ways,1,0,0,1,0,0,0,0,0,0,0,0,0,0,0,1,1,0.2263,4,1,ways
shawls,1,0,0,0,0,0,0,0,0,0,0,0,0,0,0,1,1,0.2263,6,1,shawls
castile,1,0,0,0,0,0,0,0,0,0,0,0,0,0,0,1,1,0.2263,7,1,castile
rounds,1,1,0,0,0,0,0,0,0,0,0,0,0,0,0,1,1,0.836,6,1,rounds
approving,0,1,1,0,0,0,0,0,0,0,0,0,0,0,0,1,1,-0.25,9,1,approving
attractively,0,0,0,1,0,0,0,0,0,0,0,0,0,0,0,1,1,0.4939,12,1,attractively
trimmed,0,1,1,0,0,0,0,0,0,0,0,0,0,0,0,1,1,0.4939,7,1,trimmed
sinis,0,0,0,0,0,0,0,0,0,0,0,0,0,0,0,1,1,0.0,5,1,sinis
fraternal,0,0,1,0,0,0,0,0,0,0,0,0,0,0,0,1,1,0.2732,9,1,fraternal
putting,0,1,0,0,0,0,0,0,0,0,0,0,0,0,0,1,1,-0.4939,7,1,putting
puppyish,0,0,1,0,0,0,0,0,0,0,0,0,0,0,0,1,1,-0.4939,8,1,puppyish
convivial,0,0,1,0,0,0,0,0,0,0,0,0,0,0,0,1,1,-0.4939,9,1,convivial
rivulets,1,0,0,0,0,0,0,0,0,0,0,0,0,0,0,1,1,0.25,8,1,rivulets
humorous,0,0,1,0,0,0,0,0,0,0,0,0,0,0,0,1,1,0.3818,8,1,humorous
vinous,0,0,1,0,0,0,0,0,0,0,0,0,0,0,0,1,1,0.3818,6,1,vinous
remaining,1,1,1,0,0,0,0,0,0,0,0,0,0,0,0,1,1,-0.4019,9,1,remaining
fights,1,1,0,0,0,0,0,0,0,0,0,0,0,0,0,1,1,-0.4019,6,1,fights
husbands,1,0,0,0,0,0,0,0,0,0,0,0,0,0,0,1,1,-0.4019,8,1,husbands
quartet,1,0,0,0,0,0,0,0,0,0,0,0,0,0,0,1,1,0.4019,7,1,quartet
asunder,0,0,1,1,0,0,0,0,0,0,0,0,0,0,0,1,1,0.4019,7,1,asunder
lyric,1,1,1,0,0,0,0,0,0,0,0,0,0,0,0,1,1,-0.765,5,1,lyric
quavering,0,0,1,0,0,0,0,0,0,0,0,0,0,0,0,1,1,-0.765,9,1,quavering
soprano,1,0,1,0,0,0,0,0,0,0,0,0,0,0,0,1,1,-0.765,7,1,soprano
coursed,0,1,1,0,0,0,0,0,0,0,0,0,0,0,0,1,1,0.25,7,1,coursed
freely,0,0,0,1,0,0,0,0,0,0,0,0,0,0,0,1,1,0.25,6,1,freely
beaded,0,1,1,0,0,0,0,0,0,0,0,0,0,0,0,1,1,0.25,6,1,beaded
eyelashes,1,0,0,0,0,0,0,0,0,0,0,0,0,0,0,1,1,0.25,9,1,eyelashes
inky,0,0,1,0,0,0,0,0,0,0,0,0,0,0,0,1,1,0.25,4,1,inky
terrace,1,1,0,0,0,0,0,0,0,0,0,0,0,0,0,1,1,-0.3182,7,1,terrace
eluding,0,1,0,0,0,0,0,0,0,0,0,0,0,0,0,1,1,0.5994,7,1,eluding
obstetrical,0,0,1,0,0,0,0,0,0,0,0,0,0,0,0,1,1,0.5994,11,1,obstetrical
implored,0,0,0,0,0,0,0,0,0,0,0,0,0,0,0,1,1,0.5994,8,1,implored
quantity,1,0,0,0,0,0,0,0,0,0,0,0,0,0,0,1,1,-0.4767,8,1,quantity
ineptly,0,0,0,1,0,0,0,0,0,0,0,0,0,0,0,1,1,-0.4767,7,1,ineptly
weeping,1,1,1,0,0,0,0,0,0,0,0,0,0,0,0,1,1,-0.4767,7,1,weeping
sobs,1,1,0,0,0,0,0,0,0,0,0,0,0,0,0,1,1,-0.765,4,1,sobs
jaunti,0,0,0,0,0,0,0,0,0,0,0,0,0,0,0,1,1,0.6369,6,1,jaunti
learned,0,1,1,0,0,0,0,0,0,0,0,0,0,0,0,1,1,0.6369,7,1,learned
courses,1,1,0,0,0,0,0,0,0,0,0,0,0,0,0,1,1,0.6369,7,1,courses
mornings,1,0,0,1,0,0,0,0,0,0,0,0,0,0,0,1,1,0.6369,8,1,mornings
triguing,0,0,0,0,0,0,0,0,0,0,0,0,0,0,0,1,1,-0.3182,8,1,triguing
sounds,1,1,0,0,0,0,0,0,0,0,0,0,0,0,0,1,1,-0.3182,6,1,sounds
windowed,0,0,0,0,0,0,0,0,0,0,0,0,0,0,0,1,1,-0.3182,8,1,windowed
overhung,0,0,0,0,0,0,0,0,0,0,0,0,0,0,0,1,1,-0.3182,8,1,overhung
attacks,1,1,0,0,0,0,0,0,0,0,0,0,0,0,0,1,1,0.8225,7,1,attacks
intervals,1,0,0,0,0,0,0,0,0,0,0,0,0,0,0,1,1,0.8225,9,1,intervals
diamond,1,0,0,0,0,0,0,0,0,0,0,0,0,0,0,1,1,0.8225,7,1,diamond
hissed,0,1,0,0,0,0,0,0,0,0,0,0,0,0,0,1,1,0.8225,6,1,hissed
confined,0,1,1,0,0,0,0,0,0,0,0,0,0,0,0,1,1,-0.34,8,1,confined
wayward,0,0,1,0,0,0,0,0,0,0,0,0,0,0,0,1,1,-0.34,7,1,wayward
occupied,0,1,1,0,0,0,0,0,0,0,0,0,0,0,0,1,1,-0.4754,8,1,occupied
deplorably,0,0,0,1,0,0,0,0,0,0,0,0,0,0,0,1,1,-0.4754,10,1,deplorably
viols,1,0,0,0,0,0,0,0,0,0,0,0,0,0,0,1,1,-0.3919,5,1,viols
cornets,1,0,0,0,0,0,0,0,0,0,0,0,0,0,0,1,1,-0.3919,7,1,cornets
piccolos,1,0,0,0,0,0,0,0,0,0,0,0,0,0,0,1,1,-0.3919,8,1,piccolos
swimmers,1,0,0,0,0,0,0,0,0,0,0,0,0,0,0,1,1,0.0,8,1,swimmers
parked,0,1,1,0,0,0,0,0,0,0,0,0,0,0,0,1,1,0.0,6,1,parked
gaudy,1,0,1,0,0,0,0,0,0,0,0,0,0,0,0,1,1,0.2263,5,1,gaudy
primary,1,0,1,0,0,0,0,0,0,0,0,0,0,0,0,1,1,0.2263,7,1,primary
colors,1,1,0,0,0,0,0,0,0,0,0,0,0,0,0,1,1,0.2263,6,1,colors
stocked,0,1,1,0,0,0,0,0,0,0,0,0,0,0,0,1,1,-0.2911,7,1,stocked
gins,1,1,0,0,0,0,0,0,0,0,0,0,0,0,0,1,1,-0.2911,4,1,gins
liquors,0,0,0,0,0,0,0,0,0,0,0,0,0,0,0,1,1,-0.2911,7,1,liquors
cordials,1,0,0,0,0,0,0,0,0,0,0,0,0,0,0,1,1,-0.2911,8,1,cordials
female,1,0,1,0,0,0,0,0,0,0,0,0,0,0,0,1,1,-0.2911,6,1,female
pitful,1,0,0,0,0,0,0,0,0,0,0,0,0,0,0,1,1,-0.3919,6,1,pitful
oboes,1,0,0,0,0,0,0,0,0,0,0,0,0,0,0,1,1,-0.3919,5,1,oboes
trombones,1,0,0,0,0,0,0,0,0,0,0,0,0,0,0,1,1,-0.3919,9,1,trombones
dissension,0,0,0,0,0,0,0,0,0,0,0,0,0,0,0,1,1,0.4019,10,1,dissension
actress,1,0,0,0,0,0,0,0,0,0,0,0,0,0,0,1,1,0.8225,7,1,actress
resorted,0,0,0,0,0,0,0,0,0,0,0,0,0,0,0,1,1,0.8225,8,1,resorted
flank,1,1,0,0,0,0,0,0,0,0,0,0,0,0,0,1,1,0.8225,5,1,flank
pastry,1,0,0,0,0,0,0,0,0,0,0,0,0,0,0,1,1,0.0,6,1,pastry
pigs,1,1,0,0,0,0,0,0,0,0,0,0,0,0,0,1,1,0.0,4,1,pigs
turkeys,1,0,0,0,0,0,0,0,0,0,0,0,0,0,0,1,1,0.0,7,1,turkeys
bewitched,0,0,1,0,0,0,0,0,0,0,0,0,0,0,0,1,1,0.0,9,1,bewitched
buffet,1,1,0,0,0,0,0,0,0,0,0,0,0,0,0,1,1,0.0,6,1,buffet
tables,1,1,0,0,0,0,0,0,0,0,0,0,0,0,0,1,1,0.0,6,1,tables
hors,0,0,0,0,0,0,0,0,0,0,0,0,0,0,0,1,1,0.0,4,1,hors
oeuvre,1,0,0,0,0,0,0,0,0,0,0,0,0,0,0,1,1,0.0,6,1,oeuvre
spiced,0,1,0,0,0,0,0,0,0,0,0,0,0,0,0,1,1,0.0,6,1,spiced
baked,0,1,1,0,0,0,0,0,0,0,0,0,0,0,0,1,1,0.0,5,1,baked
hams,1,0,0,0,0,0,0,0,0,0,0,0,0,0,0,1,1,0.0,4,1,hams
salads,0,0,0,0,0,0,0,0,0,0,0,0,0,0,0,1,1,0.0,6,1,salads
halves,1,1,0,0,0,0,0,0,0,0,0,0,0,0,0,1,1,0.0,6,1,halves
extract,1,1,0,0,0,0,0,0,0,0,0,0,0,0,0,1,1,0.0,7,1,extract
juice,1,0,0,0,0,0,0,0,0,0,0,0,0,0,0,1,1,0.0,5,1,juice
ler,0,0,0,0,0,0,0,0,0,0,0,0,0,0,0,1,1,0.0,3,1,ler
thumb,1,0,0,0,0,0,0,0,0,0,0,0,0,0,0,1,1,0.0,5,1,thumb
fortnight,1,0,0,0,0,0,0,0,0,0,0,0,0,0,0,1,1,0.0,9,1,fortnight
corps,1,0,0,0,0,0,0,0,0,0,0,0,0,0,0,1,1,0.0,5,1,corps
caterers,1,0,0,0,0,0,0,0,0,0,0,0,0,0,0,1,1,0.0,8,1,caterers
dispute,1,0,0,0,0,0,0,0,0,0,0,0,0,0,0,1,1,-0.6369,7,1,dispute
kicking,1,1,0,0,0,0,0,0,0,0,0,0,0,0,0,1,1,-0.6369,7,1,kicking
tightened,0,0,1,0,0,0,0,0,0,0,0,0,0,0,0,1,1,0.5499,9,1,tightened
frui,0,0,0,0,0,0,0,0,0,0,0,0,0,0,0,1,1,0.0,4,1,frui
terer,0,0,0,0,0,0,0,0,0,0,0,0,0,0,0,1,1,0.0,5,1,terer
monday,1,0,0,0,0,0,0,0,0,0,0,0,0,0,0,1,1,0.0,6,1,monday
pyramid,1,1,0,0,0,0,0,0,0,0,0,0,0,0,0,1,1,0.0,7,1,pyramid
pulpless,0,0,0,0,0,0,0,0,0,0,0,0,0,0,0,1,1,0.0,8,1,pulpless
highly,0,0,0,1,0,0,0,0,0,0,0,0,0,0,0,1,1,-0.4754,6,1,highly
sympathizing,0,1,0,0,0,0,0,0,0,0,0,0,0,0,0,1,1,0.0,12,1,sympathizing
selfish,0,0,1,0,0,0,0,0,0,0,0,0,0,0,0,1,1,-0.6113,7,1,selfish
shee,0,0,0,0,0,0,0,0,0,0,0,0,0,0,0,1,1,0.0,4,1,shee
pishly,0,0,0,0,0,0,0,0,0,0,0,0,0,0,0,1,1,0.0,6,1,pishly
spite,0,0,0,0,0,0,0,0,0,0,0,0,0,0,0,1,1,-0.6369,5,1,spite
malevolence,1,0,0,0,0,0,0,0,0,0,0,0,0,0,0,1,1,-0.6369,11,1,malevolence
credibility,1,0,0,0,0,0,0,0,0,0,0,0,0,0,0,1,1,-0.6369,11,1,credibility
observers,1,0,0,0,0,0,0,0,0,0,0,0,0,0,0,1,1,-0.0772,9,1,observers
puzzled,0,1,1,0,0,0,0,0,0,0,0,0,0,0,0,1,1,-0.0772,7,1,puzzled
astonishing,0,0,1,0,0,0,0,0,0,0,0,0,0,0,0,1,1,0.0,11,1,astonishing
tron,1,0,0,0,0,0,0,0,0,0,0,0,0,0,0,1,1,0.0,4,1,tron
shrugged,0,1,0,0,0,0,0,0,0,0,0,0,0,0,0,1,1,0.0,8,1,shrugged
mechanics,1,0,0,0,0,0,0,0,0,0,0,0,0,0,0,1,1,0.0,9,1,mechanics
washing,0,1,0,0,0,0,0,0,0,0,0,0,0,0,0,1,1,0.0258,7,1,washing
hap,1,0,0,0,0,0,0,0,0,0,0,0,0,0,0,1,1,0.0,3,1,hap
detachment,1,0,0,0,0,0,0,0,0,0,0,0,0,0,0,1,1,0.3182,10,1,detachment
considerable,0,0,1,0,0,0,0,0,0,0,0,0,0,0,0,1,1,0.3182,12,1,considerable
chauffeurs,1,0,0,0,0,0,0,0,0,0,0,0,0,0,0,1,1,0.3182,10,1,chauffeurs
blocking,1,1,0,0,0,0,0,0,0,0,0,0,0,0,0,1,1,-0.7717,8,1,blocking
discordant,0,0,1,0,0,0,0,0,0,0,0,0,0,0,0,1,1,-0.7717,10,1,discordant
vio,0,0,0,0,0,0,0,0,0,0,0,0,0,0,0,1,1,-0.7717,3,1,vio
lent,1,1,0,0,0,0,0,0,0,0,0,0,0,0,0,1,1,-0.7717,4,1,lent
dismounted,0,0,1,0,0,0,0,0,0,0,0,0,0,0,0,1,1,-0.0772,10,1,dismounted
explain,0,1,0,0,0,0,0,0,0,0,0,0,0,0,0,1,1,0.1027,7,1,explain
apologize,0,1,0,0,0,0,0,0,0,0,0,0,0,0,0,1,1,0.1027,9,1,apologize
enjoined,0,1,0,0,0,0,0,0,0,0,0,0,0,0,0,1,1,0.3818,8,1,enjoined
familiarity,1,0,0,0,0,0,0,0,0,0,0,0,0,0,0,1,1,0.5859,11,1,familiarity
reassuringly,0,0,0,1,0,0,0,0,0,0,0,0,0,0,0,1,1,0.5859,12,1,reassuringly
philadelphia,1,0,0,0,0,0,0,0,0,0,0,0,0,0,0,1,1,0.0,12,1,philadelphia
illuminated,0,1,1,0,0,0,0,0,0,0,0,0,0,0,0,1,1,-0.3182,11,1,illuminated
accounted,0,1,0,0,0,0,0,0,0,0,0,0,0,0,0,1,1,0.3182,9,1,accounted
harlequin,1,1,1,0,0,0,0,0,0,0,0,0,0,0,0,1,1,0.0,9,1,harlequin
abstractedly,0,0,0,1,0,0,0,0,0,0,0,0,0,0,0,1,1,0.0,12,1,abstractedly
tantalizing,0,0,1,0,0,0,0,0,0,0,0,0,0,0,0,1,1,0.0,11,1,tantalizing
gracefully,0,0,0,1,0,0,0,0,0,0,0,0,0,0,0,1,1,0.5267,10,1,gracefully
sigourney,0,0,0,0,0,0,0,0,0,0,0,0,0,0,0,1,1,0.0,9,1,sigourney
howard,1,0,0,0,0,0,0,0,0,0,0,0,0,0,0,1,1,0.0,6,1,howard
salute,1,1,0,0,0,0,0,0,0,0,0,0,0,0,0,1,1,0.7964,6,1,salute
ashamed,0,0,1,0,0,0,0,0,0,0,0,0,0,0,0,1,1,-0.4767,7,1,ashamed
crates,1,1,0,0,0,0,0,0,0,0,0,0,0,0,0,1,1,0.0,6,1,crates
bystanders,1,0,0,0,0,0,0,0,0,0,0,0,0,0,0,1,1,0.0,10,1,bystanders
commit,1,1,0,0,0,0,0,0,0,0,0,0,0,0,0,1,1,-0.4588,6,1,commit
suicide,1,0,0,0,0,0,0,0,0,0,0,0,0,0,0,1,1,-0.4588,7,1,suicide
lucky,0,0,1,0,0,0,0,0,0,0,0,0,0,0,0,1,1,0.4215,5,1,lucky
criminal,1,0,1,0,0,0,0,0,0,0,0,0,0,0,0,1,1,-0.5267,8,1,criminal
declaration,1,0,0,0,0,0,0,0,0,0,0,0,0,0,0,1,1,0.4995,11,1,declaration
sustained,0,1,1,0,0,0,0,0,0,0,0,0,0,0,0,1,1,0.4995,9,1,sustained
mops,1,0,0,0,0,0,0,0,0,0,0,0,0,0,0,1,1,0.0,4,1,mops
scrubbing,1,1,0,0,0,0,0,0,0,0,0,0,0,0,0,1,1,0.0,9,1,scrubbing
brushes,1,1,0,0,0,0,0,0,0,0,0,0,0,0,0,1,1,0.0,7,1,brushes
hammers,1,1,0,0,0,0,0,0,0,0,0,0,0,0,0,1,1,0.0,7,1,hammers
shears,1,1,0,0,0,0,0,0,0,0,0,0,0,0,0,1,1,0.0,6,1,shears
repairing,1,1,0,0,0,0,0,0,0,0,0,0,0,0,0,1,1,0.0,9,1,repairing
ravages,1,0,0,0,0,0,0,0,0,0,0,0,0,0,0,1,1,0.0,7,1,ravages
friday,1,0,0,0,0,0,0,0,0,0,0,0,0,0,0,1,1,0.0,6,1,friday
rolls,1,1,0,0,0,0,0,0,0,0,0,0,0,0,0,1,1,0.7003,5,1,rolls
royce,0,0,0,0,0,0,0,0,0,0,0,0,0,0,0,1,1,0.7003,5,1,royce
omnibus,1,0,1,0,0,0,0,0,0,0,0,0,0,0,0,1,1,0.7003,7,1,omnibus
bearing,1,1,1,0,0,0,0,0,0,0,0,0,0,0,0,1,1,0.7003,7,1,bearing
scampered,0,0,0,0,0,0,0,0,0,0,0,0,0,0,0,1,1,0.7003,9,1,scampered
bug,1,0,0,0,0,0,0,0,0,0,0,0,0,0,0,1,1,0.7003,3,1,bug
mondays,1,0,0,1,0,0,0,0,0,0,0,0,0,0,0,1,1,0.0,7,1,mondays
toiled,0,0,0,0,0,0,0,0,0,0,0,0,0,0,0,1,1,0.0,6,1,toiled
pened,0,0,0,0,0,0,0,0,0,0,0,0,0,0,0,1,1,0.0,5,1,pened
indignantly,0,0,0,1,0,0,0,0,0,0,0,0,0,0,0,1,1,0.0,11,1,indignantly
raft,1,1,0,0,0,0,0,0,0,0,0,0,0,0,0,1,1,0.0772,4,1,raft
slit,1,1,1,0,0,0,0,0,0,0,0,0,0,0,0,1,1,0.0772,4,1,slit
waters,1,1,0,0,0,0,0,0,0,0,0,0,0,0,0,1,1,0.0772,6,1,waters
aquaplanes,1,1,0,0,0,0,0,0,0,0,0,0,0,0,0,1,1,0.0772,10,1,aquaplanes
cataracts,1,0,0,0,0,0,0,0,0,0,0,0,0,0,0,1,1,0.0772,9,1,cataracts
foam,1,1,0,0,0,0,0,0,0,0,0,0,0,0,0,1,1,0.0772,4,1,foam
ff,0,0,0,0,0,0,0,0,0,0,0,0,0,0,0,1,1,0.34,2,0,ff
reverse,1,0,1,0,0,0,0,0,0,0,0,0,0,0,0,1,1,0.0,7,1,reverse
caterwauling,0,0,0,0,0,0,0,0,0,0,0,0,0,0,0,1,1,-0.1779,12,1,caterwauling
crescendo,1,1,1,1,0,0,0,0,0,0,0,0,0,0,0,1,1,-0.1779,9,1,crescendo
wafer,1,0,0,0,0,0,0,0,0,0,0,0,0,0,0,1,1,0.7351,5,1,wafer
surviving,0,1,1,0,0,0,0,0,0,0,0,0,0,0,0,1,1,0.7351,9,1,surviving
emptiness,1,0,0,0,0,0,0,0,0,0,0,0,0,0,0,1,1,0.4019,9,1,emptiness
endowing,0,1,0,0,0,0,0,0,0,0,0,0,0,0,0,1,1,0.4019,8,1,endowing
brook,1,0,0,0,0,0,0,0,0,0,0,0,0,0,0,1,1,0.0,5,1,brook
pennsyl,0,0,0,0,0,0,0,0,0,0,0,0,0,0,0,1,1,0.0601,7,1,pennsyl
vania,0,0,0,0,0,0,0,0,0,0,0,0,0,0,0,1,1,0.0601,5,1,vania
tribune,1,0,0,0,0,0,0,0,0,0,0,0,0,0,0,1,1,0.0601,7,1,tribune
whisperings,1,0,0,0,0,0,0,0,0,0,0,0,0,0,0,1,1,0.5719,11,1,whisperings
diving,1,1,0,0,0,0,0,0,0,0,0,0,0,0,0,1,1,0.0772,6,1,diving
straightening,0,0,0,0,0,0,0,0,0,0,0,0,0,0,0,1,1,0.34,13,1,straightening
ders,0,0,0,0,0,0,0,0,0,0,0,0,0,0,0,1,1,0.34,4,1,ders
upward,0,0,1,1,0,0,0,0,0,0,0,0,0,0,0,1,1,-0.2263,6,1,upward
chandelier,1,0,0,0,0,0,0,0,0,0,0,0,0,0,0,1,1,0.0,10,1,chandelier
lever,1,0,0,0,0,0,0,0,0,0,0,0,0,0,0,1,1,0.0,5,1,lever
dignity,1,0,0,0,0,0,0,0,0,0,0,0,0,0,0,1,1,0.4019,7,1,dignity
sheets,1,1,0,0,0,0,0,0,0,0,0,0,0,0,0,1,1,0.6249,6,1,sheets
clad,0,0,1,0,0,0,0,0,0,0,0,0,0,0,0,1,1,0.6249,4,1,clad
portfolio,1,0,0,0,0,0,0,0,0,0,0,0,0,0,0,1,1,0.6249,9,1,portfolio
beast,1,0,0,0,0,0,0,0,0,0,0,0,0,0,0,1,1,0.0,5,1,beast
dangling,0,1,1,0,0,0,0,0,0,0,0,0,0,0,0,1,1,-0.6249,8,1,dangling
individual,1,0,1,0,0,0,0,0,0,0,0,0,0,0,0,1,1,-0.6249,10,1,individual
pawing,0,1,0,0,0,0,0,0,0,0,0,0,0,0,0,1,1,-0.6249,6,1,pawing
tatively,0,0,0,0,0,0,0,0,0,0,0,0,0,0,0,1,1,-0.6249,8,1,tatively
blinded,0,1,1,0,0,0,0,0,0,0,0,0,0,0,0,1,1,-0.3182,7,1,blinded
apparition,1,0,0,0,0,0,0,0,0,0,0,0,0,0,0,1,1,-0.3182,10,1,apparition
outa,0,0,0,0,0,0,0,0,0,0,0,0,0,0,0,1,1,0.0,4,1,outa
amputated,0,1,0,0,0,0,0,0,0,0,0,0,0,0,0,1,1,-0.2263,9,1,amputated
lunched,0,1,0,0,0,0,0,0,0,0,0,0,0,0,0,1,1,0.0,7,1,lunched
pig,1,1,0,0,0,0,0,0,0,0,0,0,0,0,0,1,1,0.0,3,1,pig
sausages,0,0,0,0,0,0,0,0,0,0,0,0,0,0,0,1,1,0.0,8,1,sausages
mashed,0,0,0,0,0,0,0,0,0,0,0,0,0,0,0,1,1,0.0,6,1,mashed
potatoes,1,0,0,0,0,0,0,0,0,0,0,0,0,0,0,1,1,0.0,8,1,potatoes
department,1,0,0,0,0,0,0,0,0,0,0,0,0,0,0,1,1,0.0,10,1,department
vacation,1,1,0,0,0,0,0,0,0,0,0,0,0,0,0,1,1,0.0,8,1,vacation
blow,1,1,0,0,0,0,0,0,0,0,0,0,0,0,0,1,1,0.0,4,1,blow
consoling,1,0,1,0,0,0,0,0,0,0,0,0,0,0,0,1,1,-0.5106,9,1,consoling
stumbled,0,1,0,0,0,0,0,0,0,0,0,0,0,0,0,1,1,-0.5106,8,1,stumbled
ticles,0,0,0,0,0,0,0,0,0,0,0,0,0,0,0,1,1,-0.5106,6,1,ticles
aid,1,0,0,0,0,0,0,0,0,0,0,0,0,0,0,1,1,-0.5106,3,1,aid
despairing,0,1,1,0,0,0,0,0,0,0,0,0,0,0,0,1,1,-0.5106,10,1,despairing
bleeding,1,1,1,1,0,0,0,0,0,0,0,0,0,0,0,1,1,-0.5106,8,1,bleeding
fluently,0,0,0,1,0,0,0,0,0,0,0,0,0,0,0,1,1,-0.5106,8,1,fluently
tapestry,1,0,0,0,0,0,0,0,0,0,0,0,0,0,0,1,1,-0.5106,8,1,tapestry
salesmen,1,0,0,0,0,0,0,0,0,0,0,0,0,0,0,1,1,0.0,8,1,salesmen
plans,1,1,0,0,0,0,0,0,0,0,0,0,0,0,0,1,1,-0.4939,5,1,plans
discussing,0,0,0,0,0,0,0,0,0,0,0,0,0,0,0,1,1,0.0,10,1,discussing
bloody,0,1,1,1,0,0,0,0,0,0,0,0,0,0,0,1,1,-0.8885,6,1,bloody
bathroom,1,0,0,0,0,0,0,0,0,0,0,0,0,0,0,1,1,-0.8885,8,1,bathroom
pain,1,1,0,0,0,0,0,0,0,0,0,0,0,0,0,1,1,-0.8885,4,1,pain
doze,1,0,0,0,0,0,0,0,0,0,0,0,0,0,0,1,1,-0.1779,4,1,doze
daze,1,0,0,0,0,0,0,0,0,0,0,0,0,0,0,1,1,-0.1779,4,1,daze
isolation,1,0,0,0,0,0,0,0,0,0,0,0,0,0,0,1,1,0.4019,9,1,isolation
farewell,1,0,1,0,0,0,0,0,0,0,0,0,0,0,0,1,1,0.4019,8,1,farewell
written,0,1,1,0,0,0,0,0,0,0,0,0,0,0,0,1,1,0.0,7,1,written
pression,1,0,0,0,0,0,0,0,0,0,0,0,0,0,0,1,1,0.0,8,1,pression
contrary,1,0,1,1,0,0,0,0,0,0,0,0,0,0,0,1,1,0.2023,8,1,contrary
westward,0,0,1,1,0,0,0,0,0,0,0,0,0,0,0,1,1,0.2732,8,1,westward
chasms,1,0,0,0,0,0,0,0,0,0,0,0,0,0,0,1,1,0.2732,6,1,chasms
probity,1,0,0,0,0,0,0,0,0,0,0,0,0,0,0,1,1,0.2732,7,1,probity
lives,0,1,0,0,0,0,0,0,0,0,0,0,0,0,0,1,1,0.5106,5,1,lives
disapprove,0,1,0,0,0,0,0,0,0,0,0,0,0,0,0,1,1,0.5106,10,1,disapprove
hidden,0,1,1,0,0,0,0,0,0,0,0,0,0,0,0,1,1,0.6597,6,1,hidden
metropolitan,1,0,1,0,0,0,0,0,0,0,0,0,0,0,0,1,1,-0.296,12,1,metropolitan
haunting,1,1,1,0,0,0,0,0,0,0,0,0,0,0,0,1,1,-0.296,8,1,haunting
loneli,0,0,0,0,0,0,0,0,0,0,0,0,0,0,0,1,1,-0.296,6,1,loneli
loitered,0,0,0,0,0,0,0,0,0,0,0,0,0,0,0,1,1,-0.296,8,1,loitered
poignant,0,0,1,0,0,0,0,0,0,0,0,0,0,0,0,1,1,-0.296,8,1,poignant
massage,1,1,0,0,0,0,0,0,0,0,0,0,0,0,0,1,1,0.1027,7,1,massage
trays,1,0,0,0,0,0,0,0,0,0,0,0,0,0,0,1,1,0.1027,5,1,trays
write,1,1,0,0,0,0,0,0,0,0,0,0,0,0,0,1,1,-0.2878,5,1,write
fists,1,0,0,0,0,0,0,0,0,0,0,0,0,0,0,1,1,0.3612,5,1,fists
clenched,0,1,1,0,0,0,0,0,0,0,0,0,0,0,0,1,1,0.3612,8,1,clenched
action,1,1,0,0,0,0,0,0,0,0,0,0,0,0,0,1,1,0.3612,6,1,action
remains,1,1,0,0,0,0,0,0,0,0,0,0,0,0,0,1,1,-0.296,7,1,remains
dried,0,1,1,0,0,0,0,0,0,0,0,0,0,0,0,1,1,-0.296,5,1,dried
mel,0,0,0,0,0,0,0,0,0,0,0,0,0,0,0,1,1,-0.2732,3,1,mel
madison,1,0,0,0,0,0,0,0,0,0,0,0,0,0,0,1,1,-0.2732,7,1,madison
murray,1,0,0,0,0,0,0,0,0,0,0,0,0,0,0,1,1,-0.2732,6,1,murray
pennsylvania,1,0,0,0,0,0,0,0,0,0,0,0,0,0,0,1,1,-0.2732,12,1,pennsylvania
adventurous,0,0,1,0,0,0,0,0,0,0,0,0,0,0,0,1,1,0.6908,11,1,adventurous
facing,1,1,0,0,0,0,0,0,0,0,0,0,0,0,0,1,1,0.0,6,1,facing
patent,1,1,1,0,0,0,0,0,0,0,0,0,0,0,0,1,1,-0.1531,6,1,patent
pretend,0,1,1,0,0,0,0,0,0,0,0,0,0,0,0,1,1,-0.1531,7,1,pretend
quietly,0,0,0,1,0,0,0,0,0,0,0,0,0,0,0,1,1,0.0,7,1,quietly
gloomiest,0,0,1,0,0,0,0,0,0,0,0,0,0,0,0,1,1,-0.1531,9,1,gloomiest
event,1,0,0,0,0,0,0,0,0,0,0,0,0,0,0,1,1,-0.1531,5,1,event
studied,0,1,1,0,0,0,0,0,0,0,0,0,0,0,0,1,1,-0.1531,7,1,studied
investments,1,0,0,0,0,0,0,0,0,0,0,0,0,0,0,1,1,-0.1531,11,1,investments
rioters,1,0,0,0,0,0,0,0,0,0,0,0,0,0,0,1,1,0.5927,7,1,rioters
li,1,0,0,0,0,0,0,0,0,0,0,0,0,0,0,1,1,0.5927,2,1,li
brary,0,0,0,0,0,0,0,0,0,0,0,0,0,0,0,1,1,0.5927,5,1,brary
strident,1,0,1,0,0,0,0,0,0,0,0,0,0,0,0,1,1,-0.5023,8,1,strident
ropes,0,1,0,0,0,0,0,0,0,0,0,0,0,0,0,1,1,-0.5023,5,1,ropes
contributed,0,1,0,0,0,0,0,0,0,0,0,0,0,0,0,1,1,0.4588,11,1,contributed
secrecy,1,0,0,0,0,0,0,0,0,0,0,0,0,0,0,1,1,0.4588,7,1,secrecy
watcher,1,0,0,0,0,0,0,0,0,0,0,0,0,0,0,1,1,0.4588,7,1,watcher
darkening,0,0,1,0,0,0,0,0,0,0,0,0,0,0,0,1,1,0.4588,9,1,darkening
repelled,0,1,0,0,0,0,0,0,0,0,0,0,0,0,0,1,1,-0.2924,8,1,repelled
variety,1,0,0,0,0,0,0,0,0,0,0,0,0,0,0,1,1,-0.2924,7,1,variety
sweetie,1,0,0,0,0,0,0,0,0,0,0,0,0,0,0,1,1,0.4939,7,1,sweetie
mand,1,0,0,0,0,0,0,0,0,0,0,0,0,0,0,1,1,0.8286,4,1,mand
excepting,0,0,0,0,0,0,0,0,0,0,0,0,0,0,0,1,1,0.8286,9,1,excepting
cele,0,0,0,0,0,0,0,0,0,0,0,0,0,0,0,1,1,0.0,4,1,cele
brated,0,0,0,0,0,0,0,0,0,0,0,0,0,0,0,1,1,0.0,6,1,brated
sandwiches,1,1,0,0,0,0,0,0,0,0,0,0,0,0,0,1,1,0.0,10,1,sandwiches
eastward,0,0,1,1,0,0,0,0,0,0,0,0,0,0,0,1,1,-0.5023,8,1,eastward
entangled,0,1,1,0,0,0,0,0,0,0,0,0,0,0,0,1,1,-0.5023,9,1,entangled
jokes,1,1,0,0,0,0,0,0,0,0,0,0,0,0,0,1,1,0.876,5,1,jokes
unintelligible,0,0,1,0,0,0,0,0,0,0,0,0,0,0,0,1,1,0.876,14,1,unintelligible
imagining,1,1,0,0,0,0,0,0,0,0,0,0,0,0,0,1,1,0.7964,9,1,imagining
sharing,1,1,1,0,0,0,0,0,0,0,0,0,0,0,0,1,1,0.7964,7,1,sharing
wished,0,1,0,0,0,0,0,0,0,0,0,0,0,0,0,1,1,0.7964,6,1,wished
champion,1,1,1,1,0,0,0,0,0,0,0,0,0,0,0,1,1,0.7579,8,1,champion
tender,1,1,1,0,0,0,0,0,0,0,0,0,0,0,0,1,1,0.3818,6,1,tender
resumed,0,1,0,0,0,0,0,0,0,0,0,0,0,0,0,1,1,0.0,7,1,resumed
lanes,1,0,0,0,0,0,0,0,0,0,0,0,0,0,0,1,1,0.6369,5,1,lanes
forties,1,0,0,0,0,0,0,0,0,0,0,0,0,0,0,1,1,0.6369,7,1,forties
throbbing,1,1,1,0,0,0,0,0,0,0,0,0,0,0,0,1,1,0.6369,9,1,throbbing
theatre,1,0,0,0,0,0,0,0,0,0,0,0,0,0,0,1,1,0.6369,7,1,theatre
district,1,0,1,0,0,0,0,0,0,0,0,0,0,0,0,1,1,0.6369,8,1,district
sinking,1,1,0,0,0,0,0,0,0,0,0,0,0,0,0,1,1,0.6369,7,1,sinking
taxis,1,1,0,0,0,0,0,0,0,0,0,0,0,0,0,1,1,0.876,5,1,taxis
unheard,0,0,1,0,0,0,0,0,0,0,0,0,0,0,0,1,1,0.876,7,1,unheard
marry,0,1,0,0,0,0,0,0,0,0,0,0,0,0,0,1,1,0.0,5,1,marry
ambiguously,0,0,0,1,0,0,0,0,0,0,0,0,0,0,0,1,1,0.0,11,1,ambiguously
fi,0,0,0,0,0,0,1,0,0,0,0,0,0,0,0,1,1,0.0,2,1,fi
nally,0,0,0,0,0,0,0,0,0,0,0,0,0,0,0,1,1,0.0,5,1,nally
fit,1,1,1,0,0,0,0,0,0,0,0,0,0,0,0,1,1,0.5023,3,1,fit
lick,1,1,0,0,0,0,0,0,0,0,0,0,0,0,0,1,1,0.5023,4,1,lick
accusing,0,1,1,0,0,0,0,0,0,0,0,0,0,0,0,1,1,0.4404,8,1,accusing
band,1,1,0,0,0,0,0,0,0,0,0,0,0,0,0,1,1,-0.5267,4,1,band
plane,1,1,1,0,0,0,0,0,0,0,0,0,0,0,0,1,1,0.5267,5,1,plane
diver,1,0,0,0,0,0,0,0,0,0,0,0,0,0,0,1,1,0.5267,5,1,diver
gence,0,0,0,0,0,0,0,0,0,0,0,0,0,0,0,1,1,0.5267,5,1,gence
code,1,1,0,0,0,0,0,0,0,0,0,0,0,0,0,1,1,0.5267,4,1,code
mediterranean,1,0,1,0,0,0,0,0,0,0,0,0,0,0,0,1,1,0.3612,13,1,mediterranean
declared,0,1,1,0,0,0,0,0,0,0,0,0,0,0,0,1,1,-0.1621,8,1,declared
vigorously,0,0,0,1,0,0,0,0,0,0,0,0,0,0,0,1,1,-0.1621,10,1,vigorously
kyke,0,0,0,0,0,0,0,0,0,0,0,0,0,0,0,1,1,0.0,4,1,kyke
scandal,1,0,0,0,0,0,0,0,0,0,0,0,0,0,0,1,1,-0.5574,7,1,scandal
caddy,1,0,0,0,0,0,0,0,0,0,0,0,0,0,0,1,1,-0.2732,5,1,caddy
tracted,0,0,0,0,0,0,0,0,0,0,0,0,0,0,0,1,1,-0.2732,7,1,tracted
mistaken,0,1,1,0,0,0,0,0,0,0,0,0,0,0,0,1,1,-0.2732,8,1,mistaken
instinctively,0,0,0,1,0,0,0,0,0,0,0,0,0,0,0,1,1,0.5267,13,1,instinctively
clever,0,0,1,0,0,0,0,0,0,0,0,0,0,0,0,1,1,0.5267,6,1,clever
shrewd,0,0,1,0,0,0,0,0,0,0,0,0,0,0,0,1,1,0.5267,6,1,shrewd
safer,0,0,0,0,0,0,0,0,0,0,0,0,0,0,0,1,1,0.5267,5,1,safer
cealed,0,0,0,0,0,0,0,0,0,0,0,0,0,0,0,1,1,-0.2732,6,1,cealed
affectations,1,0,0,0,0,0,0,0,0,0,0,0,0,0,0,1,1,-0.2732,12,1,affectations
warwick,1,0,0,0,0,0,0,0,0,0,0,0,0,0,0,1,1,-0.2023,7,1,warwick
semi,1,0,1,0,0,0,0,0,0,0,0,0,0,0,0,1,1,-0.4767,4,1,semi
round,1,1,1,1,0,0,0,0,0,0,0,0,0,0,0,1,1,-0.4767,5,1,round
ap,0,0,0,0,0,0,0,0,0,0,0,0,0,0,0,1,1,-0.5574,2,0,ap
proached,0,0,0,0,0,0,0,0,0,0,0,0,0,0,0,1,1,-0.5574,8,1,proached
proportions,0,1,0,0,0,0,0,0,0,0,0,0,0,0,0,1,1,-0.5574,11,1,proportions
rateness,0,0,0,0,0,0,0,0,0,0,0,0,0,0,0,1,1,-0.2516,8,1,rateness
blows,1,1,0,0,0,0,0,0,0,0,0,0,0,0,0,1,1,0.0,5,1,blows
discreet,0,0,1,0,0,0,0,0,0,0,0,0,0,0,0,1,1,0.0,8,1,discreet
marseilles,0,0,0,0,0,0,0,0,0,0,0,0,0,0,0,1,1,0.0,10,1,marseilles
gypped,0,0,0,0,0,0,0,0,0,0,0,0,0,0,0,1,1,0.0,6,1,gypped
desires,0,1,0,0,0,0,0,0,0,0,0,0,0,0,0,1,1,0.5499,7,1,desires
tangle,1,0,0,0,0,0,0,0,0,0,0,0,0,0,0,1,1,0.5499,6,1,tangle
writing,1,1,0,0,0,0,0,0,0,0,0,0,0,0,0,1,1,0.5423,7,1,writing
berately,0,0,0,0,0,0,0,0,0,0,0,0,0,0,0,1,1,0.7845,8,1,berately
relations,1,0,0,0,0,0,0,0,0,0,0,0,0,0,0,1,1,0.7845,9,1,relations
introduc,0,0,0,0,0,0,0,0,0,0,0,0,0,0,0,1,1,0.0,8,1,introduc
silently,0,0,0,1,0,0,0,0,0,0,0,0,0,0,0,1,1,0.0,8,1,silently
invented,0,1,1,0,0,0,0,0,0,0,0,0,0,0,0,1,1,0.0,8,1,invented
overheard,0,0,0,0,0,0,0,0,0,0,0,0,0,0,0,1,1,-0.8271,9,1,overheard
lowered,0,0,1,0,0,0,0,0,0,0,0,0,0,0,0,1,1,-0.128,7,1,lowered
shocked,0,1,1,0,0,0,0,0,0,0,0,0,0,0,0,1,1,-0.2516,7,1,shocked
demands,1,1,0,0,0,0,0,0,0,0,0,0,0,0,0,1,1,0.7003,7,1,demands
dishonesty,1,0,0,0,0,0,0,0,0,0,0,0,0,0,0,1,1,0.3476,10,1,dishonesty
blame,1,1,1,0,0,0,0,0,0,0,0,0,0,0,0,1,1,0.3476,5,1,blame
deeply,0,0,0,1,0,0,0,0,0,0,0,0,0,0,0,1,1,0.3476,6,1,deeply
flicked,0,1,0,0,0,0,0,0,0,0,0,0,0,0,0,1,1,0.0,7,1,flicked
protested,0,1,0,0,0,0,0,0,0,0,0,0,0,0,0,1,1,-0.5859,9,1,protested
takes,1,1,0,0,0,0,0,0,0,0,0,0,0,0,0,1,1,-0.4767,5,1,takes
deli,1,0,0,0,0,0,0,0,0,0,0,0,0,0,0,1,1,0.7845,4,1,deli
incurably,0,0,0,1,0,0,0,0,0,0,0,0,0,0,0,1,1,-0.5719,9,1,incurably
dishonest,0,0,1,0,0,0,0,0,0,0,0,0,0,0,0,1,1,-0.5719,9,1,dishonest
disadvantage,1,1,0,0,0,0,0,0,0,0,0,0,0,0,0,1,1,0.7003,12,1,disadvantage
unwillingness,1,0,0,0,0,0,0,0,0,0,0,0,0,0,0,1,1,0.7003,13,1,unwillingness
dealing,1,1,0,0,0,0,0,0,0,0,0,0,0,0,0,1,1,0.7003,7,1,dealing
subterfuges,0,0,0,0,0,0,0,0,0,0,0,0,0,0,0,1,1,0.7003,11,1,subterfuges
insolent,0,0,1,0,0,0,0,0,0,0,0,0,0,0,0,1,1,0.7003,8,1,insolent
satisfy,0,1,0,0,0,0,0,0,0,0,0,0,0,0,0,1,1,0.7003,7,1,satisfy
wilhelm,0,0,0,0,0,0,0,0,0,0,0,0,0,0,0,1,1,0.0,7,1,wilhelm
entry,1,0,0,0,0,0,0,0,0,0,0,0,0,0,0,1,1,0.3612,5,1,entry
disintegrating,0,1,0,0,0,0,0,0,0,0,0,0,0,0,0,1,1,0.0,14,1,disintegrating
generalities,1,0,0,0,0,0,0,0,0,0,0,0,0,0,0,1,1,0.9354,12,1,generalities
ac,0,0,0,0,0,0,0,0,0,0,0,0,0,0,0,1,1,0.9354,2,0,ac
cepted,0,0,0,0,0,0,0,0,0,0,0,0,0,0,0,1,1,0.9354,6,1,cepted
subtle,0,0,1,0,0,0,0,0,0,0,0,0,0,0,0,1,1,0.9354,6,1,subtle
beckers,1,0,0,0,0,0,0,0,0,0,0,0,0,0,0,1,1,-0.5994,7,1,beckers
shiftlessness,1,0,0,0,0,0,0,0,0,0,0,0,0,0,0,1,1,-0.296,13,1,shiftlessness
flounced,0,1,0,0,0,0,0,0,0,0,0,0,0,0,0,1,1,0.7506,8,1,flounced
ecstasy,1,0,0,0,0,0,0,0,0,0,0,0,0,0,0,1,1,0.7506,7,1,ecstasy
implying,0,1,0,0,0,0,0,0,0,0,0,0,0,0,0,1,1,0.7506,8,1,implying
chefs,1,0,0,0,0,0,0,0,0,0,0,0,0,0,0,1,1,0.7506,5,1,chefs
awaited,0,0,1,0,0,0,0,0,0,0,0,0,0,0,0,1,1,0.7506,7,1,awaited
framed,0,1,1,0,0,0,0,0,0,0,0,0,0,0,0,1,1,0.0,6,1,framed
kaiser,1,0,0,0,0,0,0,0,0,0,0,0,0,0,0,1,1,0.0,6,1,kaiser
kled,0,0,0,0,0,0,0,0,0,0,0,0,0,0,0,1,1,0.0,4,1,kled
von,0,0,0,0,0,0,0,0,0,0,0,0,0,0,0,1,1,-0.872,3,1,von
hindenburg,1,0,0,0,0,0,0,0,0,0,0,0,0,0,0,1,1,-0.872,10,1,hindenburg
pour,1,1,0,0,0,0,0,0,0,0,0,0,0,0,0,1,1,-0.25,4,1,pour
crystal,1,0,1,0,0,0,0,0,0,0,0,0,0,0,0,1,1,-0.25,7,1,crystal
spaces,0,1,0,0,0,0,0,0,0,0,0,0,0,0,0,1,1,-0.2023,6,1,spaces
mineral,1,0,1,0,0,0,0,0,0,0,0,0,0,0,0,1,1,0.0,7,1,mineral
des,1,0,0,0,0,0,0,0,0,0,0,0,0,0,0,1,1,-0.296,3,1,des
mustache,1,0,0,0,0,0,0,0,0,0,0,0,0,0,0,1,1,0.5423,8,1,mustache
lip,1,0,0,0,0,0,0,0,0,0,0,0,0,0,0,1,1,0.5423,3,1,lip
understanding,1,1,1,0,0,0,0,0,0,0,0,0,0,0,0,1,1,-0.0516,13,1,understanding
tactfully,0,0,0,1,0,0,0,0,0,0,0,0,0,0,0,1,1,-0.0516,9,1,tactfully
suspects,1,1,0,0,0,0,0,0,0,0,0,0,0,0,0,1,1,0.5267,8,1,suspects
cardinal,1,0,1,0,0,0,0,0,0,0,0,0,0,0,0,1,1,0.5267,8,1,cardinal
virtues,0,0,0,0,0,0,0,0,0,0,0,0,0,0,0,1,1,0.5267,7,1,virtues
honest,0,0,1,0,0,0,0,0,0,0,0,0,0,0,0,1,1,0.5267,6,1,honest
schraeders,0,0,0,0,0,0,0,0,0,0,0,0,0,0,0,1,1,0.0,10,1,schraeders
stonewall,1,1,0,0,0,0,0,0,0,0,0,0,0,0,0,1,1,0.0,9,1,stonewall
jackson,1,0,0,0,0,0,0,0,0,0,0,0,0,0,0,1,1,0.0,7,1,jackson
abrams,0,0,0,0,0,0,0,0,0,0,0,0,0,0,0,1,1,0.0,6,1,abrams
georgia,1,0,0,0,0,0,0,0,0,0,0,0,0,0,0,1,1,0.0,7,1,georgia
fishguards,0,0,0,0,0,0,0,0,0,0,0,0,0,0,0,1,1,0.0,10,1,fishguards
ripley,0,0,0,0,0,0,0,0,0,0,0,0,0,0,0,1,1,0.0,6,1,ripley
snells,1,0,0,0,0,0,0,0,0,0,0,0,0,0,0,1,1,0.0,6,1,snells
beaver,1,1,0,0,0,0,0,0,0,0,0,0,0,0,0,1,1,-0.3412,6,1,beaver
cotton,1,1,0,0,0,0,0,0,0,0,0,0,0,0,0,1,1,-0.3412,6,1,cotton
clarence,1,0,0,0,0,0,0,0,0,0,0,0,0,0,0,1,1,0.0,8,1,clarence
endive,1,0,0,0,0,0,0,0,0,0,0,0,0,0,0,1,1,0.0,6,1,endive
knickerbockers,0,0,0,0,0,0,0,0,0,0,0,0,0,0,0,1,1,-0.3818,14,1,knickerbockers
bum,1,1,1,0,0,0,0,0,0,0,0,0,0,0,0,1,1,-0.3818,3,1,bum
etty,0,0,0,0,0,0,0,0,0,0,0,0,0,0,0,1,1,-0.3818,4,1,etty
cheadles,0,0,0,0,0,0,0,0,0,0,0,0,0,0,0,1,1,0.0,8,1,cheadles
noses,1,1,0,0,0,0,0,0,0,0,0,0,0,0,0,1,1,0.3612,5,1,noses
goats,1,0,0,0,0,0,0,0,0,0,0,0,0,0,0,1,1,0.3612,5,1,goats
whosoever,0,0,0,0,0,0,0,0,0,0,0,0,0,0,0,1,1,0.3612,9,1,whosoever
ismays,0,0,0,0,0,0,0,0,0,0,0,0,0,0,0,1,1,0.0,6,1,ismays
chrysties,0,0,0,0,0,0,0,0,0,0,0,0,0,0,0,1,1,0.0,9,1,chrysties
hubert,0,0,0,0,0,0,0,0,0,0,0,0,0,0,0,1,1,0.0,6,1,hubert
auerbach,0,0,0,0,0,0,0,0,0,0,0,0,0,0,0,1,1,0.0,8,1,auerbach
chrystie,0,0,0,0,0,0,0,0,0,0,0,0,0,0,0,1,1,-0.3412,8,1,chrystie
leeches,1,0,0,0,0,0,0,0,0,0,0,0,0,0,0,1,1,-0.5994,7,1,leeches
bunsen,1,0,0,0,0,0,0,0,0,0,0,0,0,0,0,1,1,-0.5994,6,1,bunsen
webster,1,0,0,0,0,0,0,0,0,0,0,0,0,0,0,1,1,-0.5994,7,1,webster
maine,1,0,0,0,0,0,0,0,0,0,0,0,0,0,0,1,1,-0.5994,5,1,maine
beams,1,1,0,0,0,0,0,0,0,0,0,0,0,0,0,1,1,0.3612,5,1,beams
willie,1,0,0,0,0,0,0,0,0,0,0,0,0,0,0,1,1,0.3612,6,1,willie
voltaires,0,0,0,0,0,0,0,0,0,0,0,0,0,0,0,1,1,0.3612,9,1,voltaires
blackbuck,1,0,0,0,0,0,0,0,0,0,0,0,0,0,0,1,1,0.3612,9,1,blackbuck
whe,0,0,0,0,0,0,0,0,0,0,0,0,0,0,0,1,1,0.0,3,1,whe
reupon,0,0,0,0,0,0,0,0,0,0,0,0,0,0,0,1,1,0.0,6,1,reupon
audibly,0,0,0,1,0,0,0,0,0,0,0,0,0,0,0,1,1,0.0,7,1,audibly
porter,1,1,0,0,0,0,0,0,0,0,0,0,0,0,0,1,1,0.0,6,1,porter
poles,1,1,0,0,0,0,0,0,0,0,0,0,0,0,0,1,1,0.5719,5,1,poles
mulreadys,0,0,0,0,0,0,0,0,0,0,0,0,0,0,0,1,1,0.5719,9,1,mulreadys
roe,1,0,0,0,0,0,0,0,0,0,0,0,0,0,0,1,1,0.5719,3,1,roe
buck,1,1,1,0,0,0,0,0,0,0,0,0,0,0,0,1,1,0.5719,4,1,buck
eyebrow,1,0,0,0,0,0,0,0,0,0,0,0,0,0,0,1,1,-0.5106,7,1,eyebrow
disdain,0,0,0,0,0,0,0,0,0,0,0,0,0,0,0,1,1,-0.5106,7,1,disdain
wonderful,0,0,1,0,0,0,0,0,0,0,0,0,0,0,0,1,1,0.5719,9,1,wonderful
pose,1,1,0,0,0,0,0,0,0,0,0,0,0,0,0,1,1,0.0,4,1,pose
strand,1,1,0,0,0,0,0,0,0,0,0,0,0,0,0,1,1,0.743,6,1,strand
brilliant,1,0,1,0,0,0,0,0,0,0,0,0,0,0,0,1,1,0.743,9,1,brilliant
modelling,0,1,0,0,0,0,0,0,0,0,0,0,0,0,0,1,1,0.3612,9,1,modelling
features,1,0,0,0,0,0,0,0,0,0,0,0,0,0,0,1,1,0.3612,8,1,features
hammerheads,1,0,0,0,0,0,0,0,0,0,0,0,0,0,0,1,1,0.0,11,1,hammerheads
tobacco,1,0,0,0,0,0,0,0,0,0,0,0,0,0,0,1,1,0.0,7,1,tobacco
cheat,1,1,0,0,0,0,0,0,0,0,0,0,0,0,0,1,1,-0.4588,5,1,cheat
appendicitis,1,0,0,0,0,0,0,0,0,0,0,0,0,0,0,1,1,0.0,12,1,appendicitis
eberhardt,0,0,0,0,0,0,0,0,0,0,0,0,0,0,0,1,1,0.0,9,1,eberhardt
homes,1,1,0,0,0,0,0,0,0,0,0,0,0,0,0,1,1,0.0,5,1,homes
adorable,0,0,1,0,0,0,0,0,0,0,0,0,0,0,0,1,1,0.4939,8,1,adorable
rejected,0,1,1,0,0,0,0,0,0,0,0,0,0,0,0,1,1,-0.5106,8,1,rejected
snell,1,0,0,0,0,0,0,0,0,0,0,0,0,0,0,1,1,-0.5598,5,1,snell
penitentiary,1,0,1,0,0,0,0,0,0,0,0,0,0,0,0,1,1,-0.5598,12,1,penitentiary
ulysses,1,0,0,0,0,0,0,0,0,0,0,0,0,0,0,1,1,0.4939,7,1,ulysses
swett,0,0,0,0,0,0,0,0,0,0,0,0,0,0,0,1,1,0.4939,5,1,swett
dancies,0,0,0,0,0,0,0,0,0,0,0,0,0,0,0,1,1,0.0,7,1,dancies
whitebait,1,0,0,0,0,0,0,0,0,0,0,0,0,0,0,1,1,0.2732,9,1,whitebait
maurice,0,0,0,0,0,0,0,0,0,0,0,0,0,0,0,1,1,0.2732,7,1,maurice
flink,0,0,0,0,0,0,0,0,0,0,0,0,0,0,0,1,1,0.0,5,1,flink
gut,1,1,0,0,0,0,0,0,0,0,0,0,0,0,0,1,1,0.3818,3,1,gut
jongs,1,0,0,0,0,0,0,0,0,0,0,0,0,0,0,1,1,0.3818,5,1,jongs
ernest,0,0,0,0,0,0,0,0,0,0,0,0,0,0,0,1,1,0.3818,6,1,ernest
lilly,0,0,0,0,0,0,0,0,0,0,0,0,0,0,0,1,1,0.3818,5,1,lilly
gamble,1,1,0,0,0,0,0,0,0,0,0,0,0,0,0,1,1,0.3818,6,1,gamble
den,1,0,0,0,0,0,0,0,0,0,0,0,0,0,0,1,1,0.3818,3,1,den
cleaned,0,1,1,0,0,0,0,0,0,0,0,0,0,0,0,1,1,0.3818,7,1,cleaned
traction,1,0,0,0,0,0,0,0,0,0,0,0,0,0,0,1,1,0.3818,8,1,traction
bembergs,1,0,0,0,0,0,0,0,0,0,0,0,0,0,0,1,1,0.0,8,1,bembergs
ward,1,0,0,0,0,0,0,0,0,0,0,0,0,0,0,1,1,-0.5423,4,1,ward
strangled,0,1,1,0,0,0,0,0,0,0,0,0,0,0,0,1,1,-0.5423,9,1,strangled
da,1,0,0,0,0,0,0,0,0,0,0,0,0,0,0,1,1,0.0,2,1,da
fontano,0,0,0,0,0,0,0,0,0,0,0,0,0,0,0,1,1,0.0,7,1,fontano
promoter,1,0,0,0,0,0,0,0,0,0,0,0,0,0,0,1,1,0.0,8,1,promoter
legros,0,0,0,0,0,0,0,0,0,0,0,0,0,0,0,1,1,0.0,6,1,legros
rot,1,0,0,0,0,0,0,0,0,0,0,0,0,0,0,1,1,0.3818,3,1,rot
eckhaust,0,0,0,0,0,0,0,0,0,0,0,0,0,0,0,1,1,0.5719,8,1,eckhaust
clyde,1,0,0,0,0,0,0,0,0,0,0,0,0,0,0,1,1,0.5719,5,1,clyde
cohen,1,0,0,0,0,0,0,0,0,0,0,0,0,0,0,1,1,0.5719,5,1,cohen
schwartze,0,0,0,0,0,0,0,0,0,0,0,0,0,0,0,1,1,0.0,9,1,schwartze
arthur,1,0,0,0,0,0,0,0,0,0,0,0,0,0,0,1,1,0.0,6,1,arthur
mccarty,0,0,0,0,0,0,0,0,0,0,0,0,0,0,0,1,1,0.0,7,1,mccarty
nected,0,0,0,0,0,0,0,0,0,0,0,0,0,0,0,1,1,0.0,6,1,nected
catlips,0,0,0,0,0,0,0,0,0,0,0,0,0,0,0,1,1,0.0,7,1,catlips
schoen,0,0,0,0,0,0,0,0,0,0,0,0,0,0,0,1,1,0.5719,6,1,schoen
gulick,0,0,0,0,0,0,0,0,0,0,0,0,0,0,0,1,1,0.5719,6,1,gulick
senator,1,0,0,0,0,0,0,0,0,0,0,0,0,0,0,1,1,0.5719,7,1,senator
newton,1,0,0,0,0,0,0,0,0,0,0,0,0,0,0,1,1,0.5719,6,1,newton
hid,0,1,0,0,0,0,0,0,0,0,0,0,0,0,0,1,1,0.5719,3,1,hid
controlled,0,1,1,0,0,0,0,0,0,0,0,0,0,0,0,1,1,0.5719,10,1,controlled
films,1,1,0,0,0,0,0,0,0,0,0,0,0,0,0,1,1,0.5719,5,1,films
par,1,1,1,0,0,0,0,0,0,0,0,0,0,0,0,1,1,0.5719,3,1,par
divorced,0,1,1,0,0,0,0,0,0,0,0,0,0,0,0,1,1,0.5766,8,1,divorced
l,1,0,0,0,0,0,0,0,0,0,0,0,0,0,0,1,1,0.5766,1,1,l
palmetto,1,0,0,0,0,0,0,0,0,0,0,0,0,0,0,1,1,-0.6705,8,1,palmetto
benny,1,0,0,0,0,0,0,0,0,0,0,0,0,0,0,1,1,0.0,5,1,benny
mcclenahan,0,0,0,0,0,0,0,0,0,0,0,0,0,0,0,1,1,0.0,10,1,mcclenahan
nev,0,0,0,0,0,0,0,0,0,0,0,0,0,0,0,1,1,0.0,3,1,nev
inevitably,0,0,0,1,0,0,0,0,0,0,0,0,0,0,0,1,1,0.0,10,1,inevitably
jaqueline,0,0,0,0,0,0,0,0,0,0,0,0,0,0,0,1,1,0.4939,9,1,jaqueline
corrigans,0,0,0,0,0,0,0,0,0,0,0,0,0,0,0,1,1,0.0,9,1,corrigans
kellehers,0,0,0,0,0,0,0,0,0,0,0,0,0,0,0,1,1,0.0,9,1,kellehers
dewars,1,0,0,0,0,0,0,0,0,0,0,0,0,0,0,1,1,0.0,6,1,dewars
scullys,0,0,0,0,0,0,0,0,0,0,0,0,0,0,0,1,1,0.0,7,1,scullys
w,1,0,0,0,0,0,0,0,0,0,0,0,0,0,0,1,1,0.0,1,1,w
belcher,1,0,0,0,0,0,0,0,0,0,0,0,0,0,0,1,1,0.5766,7,1,belcher
smirkes,0,0,0,0,0,0,0,0,0,0,0,0,0,0,0,1,1,0.5766,7,1,smirkes
quinns,0,0,0,0,0,0,0,0,0,0,0,0,0,0,0,1,1,0.5766,6,1,quinns
duckweed,1,0,0,0,0,0,0,0,0,0,0,0,0,0,0,1,1,0.0,8,1,duckweed
francis,0,0,0,0,0,0,0,0,0,0,0,0,0,0,0,1,1,0.0,7,1,francis
bull,1,1,1,0,0,0,0,0,0,0,0,0,0,0,0,1,1,0.0,4,1,bull
chromes,0,1,0,0,0,0,0,0,0,0,0,0,0,0,0,1,1,0.0,7,1,chromes
backhyssons,0,0,0,0,0,0,0,0,0,0,0,0,0,0,0,1,1,0.0,11,1,backhyssons
dennickers,0,0,0,0,0,0,0,0,0,0,0,0,0,0,0,1,1,0.0,10,1,dennickers
russel,0,0,0,0,0,0,0,0,0,0,0,0,0,0,0,1,1,0.0,6,1,russel
betty,1,0,0,0,0,0,0,0,0,0,0,0,0,0,0,1,1,0.0,5,1,betty
fluctuate,0,1,0,0,0,0,0,0,0,0,0,0,0,0,0,1,1,0.3818,9,1,fluctuate
profitably,0,0,0,1,0,0,0,0,0,0,0,0,0,0,0,1,1,0.3818,10,1,profitably
theatrical,1,0,1,0,0,0,0,0,0,0,0,0,0,0,0,1,1,0.0,10,1,theatrical
gus,0,0,0,0,0,0,0,0,0,0,0,0,0,0,0,1,1,0.0,3,1,gus
waize,0,0,0,0,0,0,0,0,0,0,0,0,0,0,0,1,1,0.0,5,1,waize
horace,1,0,0,0,0,0,0,0,0,0,0,0,0,0,0,1,1,0.0,6,1,horace
donavan,0,0,0,0,0,0,0,0,0,0,0,0,0,0,0,1,1,0.0,7,1,donavan
lester,0,0,0,0,0,0,0,0,0,0,0,0,0,0,0,1,1,0.0,6,1,lester
creaking,1,0,1,0,0,0,0,0,0,0,0,0,0,0,0,1,1,-0.5379,8,1,creaking
pivot,1,1,0,0,0,0,0,0,0,0,0,0,0,0,0,1,1,-0.5379,5,1,pivot
smoky,0,0,1,0,0,0,0,0,0,0,0,0,0,0,0,1,1,-0.5379,5,1,smoky
mincing,0,1,1,0,0,0,0,0,0,0,0,0,0,0,0,1,1,-0.4588,7,1,mincing
albrucksburger,0,0,0,0,0,0,0,0,0,0,0,0,0,0,0,1,1,-0.1531,14,1,albrucksburger
haag,0,0,0,0,0,0,0,0,0,0,0,0,0,0,0,1,1,-0.1531,4,1,haag
fianc,0,0,0,0,0,0,0,0,0,0,0,0,0,0,0,1,1,-0.1531,5,1,fianc
e,1,0,0,0,0,0,0,0,0,0,0,0,0,0,0,1,1,-0.1531,1,1,e
remarkable,0,0,1,0,0,0,0,0,0,0,0,0,0,0,0,1,1,0.8889,10,1,remarkable
converted,0,1,1,0,0,0,0,0,0,0,0,0,0,0,0,1,1,0.8889,9,1,converted
hauteur,0,0,0,0,0,0,0,0,0,0,0,0,0,0,0,1,1,0.8889,7,1,hauteur
assertions,1,0,0,0,0,0,0,0,0,0,0,0,0,0,0,1,1,-0.5379,10,1,assertions
expanded,0,1,1,0,0,0,0,0,0,0,0,0,0,0,0,1,1,-0.5379,8,1,expanded
smaller,0,0,1,0,0,0,0,0,0,0,0,0,0,0,0,1,1,-0.5379,7,1,smaller
revolving,0,1,1,0,0,0,0,0,0,0,0,0,0,0,0,1,1,-0.5379,9,1,revolving
noisy,0,0,1,0,0,0,0,0,0,0,0,0,0,0,0,1,1,-0.5379,5,1,noisy
addition,1,0,0,0,0,0,0,0,0,0,0,0,0,0,0,1,1,-0.5994,8,1,addition
faustina,0,0,0,0,0,0,0,0,0,0,0,0,0,0,0,1,1,-0.5994,8,1,faustina
brien,0,0,0,0,0,0,0,0,0,0,0,0,0,0,0,1,1,-0.5994,5,1,brien
photographed,0,1,0,0,0,0,0,0,0,0,0,0,0,0,0,1,1,0.34,12,1,photographed
attired,0,0,1,0,0,0,0,0,0,0,0,0,0,0,0,1,1,0.0,7,1,attired
continual,0,0,1,0,0,0,0,0,0,0,0,0,0,0,0,1,1,0.0,9,1,continual
rustle,1,1,0,0,0,0,0,0,0,0,0,0,0,0,0,1,1,0.0,6,1,rustle
undergone,0,0,0,0,0,0,0,0,0,0,0,0,0,0,0,1,1,0.0,9,1,undergone
consuela,0,0,0,0,0,0,0,0,0,0,0,0,0,0,0,1,1,0.4939,8,1,consuela
gloria,0,0,0,0,0,0,0,0,0,0,0,0,0,0,0,1,1,0.4939,6,1,gloria
judy,0,0,0,0,0,0,0,0,0,0,0,0,0,0,0,1,1,0.4939,4,1,judy
melodious,0,0,1,0,0,0,0,0,0,0,0,0,0,0,0,1,1,0.4939,9,1,melodious
sterner,1,0,0,0,0,0,0,0,0,0,0,0,0,0,0,1,1,0.4939,7,1,sterner
ameri,0,0,0,0,0,0,0,0,0,0,0,0,0,0,0,1,1,0.4939,5,1,ameri
capitalists,1,0,0,0,0,0,0,0,0,0,0,0,0,0,0,1,1,0.4939,11,1,capitalists
confess,0,1,0,0,0,0,0,0,0,0,0,0,0,0,0,1,1,0.4939,7,1,confess
nickel,1,1,1,0,0,0,0,0,0,0,0,0,0,0,0,1,1,0.7579,6,1,nickel
monstrous,0,0,1,0,0,0,0,0,0,0,0,0,0,0,0,1,1,0.7579,9,1,monstrous
tri,0,0,0,0,0,0,0,0,0,0,0,0,0,0,0,1,1,0.7579,3,1,tri
umphant,0,0,0,0,0,0,0,0,0,0,0,0,0,0,0,1,1,0.7579,7,1,umphant
hatboxes,1,0,0,0,0,0,0,0,0,0,0,0,0,0,0,1,1,0.7579,8,1,hatboxes
tool,1,1,0,0,0,0,0,0,0,0,0,0,0,0,0,1,1,0.7579,4,1,tool
terraced,0,1,0,0,0,0,0,0,0,0,0,0,0,0,0,1,1,0.7579,8,1,terraced
labyrinth,1,0,0,0,0,0,0,0,0,0,0,0,0,0,0,1,1,0.7579,9,1,labyrinth
lifting,1,1,0,0,0,0,0,0,0,0,0,0,0,0,0,1,1,-0.1695,7,1,lifting
formless,0,0,1,0,0,0,0,0,0,0,0,0,0,0,0,1,1,-0.1695,8,1,formless
grace,1,0,0,0,0,0,0,0,0,0,0,0,0,0,0,1,1,-0.1695,5,1,grace
sporadic,0,0,1,0,0,0,0,0,0,0,0,0,0,0,0,1,1,-0.1695,8,1,sporadic
games,0,0,0,0,0,0,0,0,0,0,0,0,0,0,0,1,1,-0.1695,5,1,games
punctilious,0,0,1,0,0,0,0,0,0,0,0,0,0,0,0,1,1,-0.296,11,1,punctilious
restlessness,1,0,0,0,0,0,0,0,0,0,0,0,0,0,0,1,1,-0.296,12,1,restlessness
tapping,1,1,0,0,0,0,0,0,0,0,0,0,0,0,0,1,1,0.25,7,1,tapping
duke,1,0,0,0,0,0,0,0,0,0,0,0,0,0,0,1,1,-0.3612,4,1,duke
lurched,0,1,0,0,0,0,0,0,0,0,0,0,0,0,0,1,1,0.6124,7,1,lurched
rocky,0,0,1,0,0,0,0,0,0,0,0,0,0,0,0,1,1,0.6124,5,1,rocky
noted,0,1,1,0,0,0,0,0,0,0,0,0,0,0,0,1,1,0.6124,5,1,noted
urgent,0,0,1,0,0,0,0,0,0,0,0,0,0,0,0,1,1,0.5423,6,1,urgent
frequent,0,1,1,0,0,0,0,0,0,0,0,0,0,0,0,1,1,0.5423,8,1,frequent
dashboard,1,0,0,0,0,0,0,0,0,0,0,0,0,0,0,1,1,-0.1695,9,1,dashboard
sourcefulness,0,0,0,0,0,0,0,0,0,0,0,0,0,0,0,1,1,-0.1695,13,1,sourcefulness
ardita,0,0,0,0,0,0,0,0,0,0,0,0,0,0,0,1,1,-0.1531,6,1,ardita
fitz,0,0,0,0,0,0,0,0,0,0,0,0,0,0,0,1,1,-0.1531,4,1,fitz
peters,1,0,0,0,0,0,0,0,0,0,0,0,0,0,0,1,1,-0.1531,6,1,peters
jewett,0,0,0,0,0,0,0,0,0,0,0,0,0,0,0,1,1,-0.3612,6,1,jewett
claudia,0,0,0,0,0,0,0,0,0,0,0,0,0,0,0,1,1,-0.3612,7,1,claudia
hip,1,0,1,0,0,0,0,0,0,0,0,0,0,0,0,1,1,-0.3612,3,1,hip
reputed,0,0,1,1,0,0,0,0,0,0,0,0,0,0,0,1,1,-0.3612,7,1,reputed
prince,1,0,0,0,0,0,0,0,0,0,0,0,0,0,0,1,1,-0.3612,6,1,prince
greeting,1,1,0,0,0,0,0,0,0,0,0,0,0,0,0,1,1,0.7089,8,1,greeting
artistic,0,0,1,0,0,0,0,0,0,0,0,0,0,0,0,1,1,0.0,8,1,artistic
photographer,1,0,0,0,0,0,0,0,0,0,0,0,0,0,0,1,1,0.0,12,1,photographer
enlargement,1,0,0,0,0,0,0,0,0,0,0,0,0,0,0,1,1,0.0,11,1,enlargement
ectoplasm,1,0,0,0,0,0,0,0,0,0,0,0,0,0,0,1,1,0.3612,9,1,ectoplasm
languid,0,0,1,0,0,0,0,0,0,0,0,0,0,0,0,1,1,-0.0772,7,1,languid
caramel,1,0,1,0,0,0,0,0,0,0,0,0,0,0,0,1,1,0.4588,7,1,caramel
overwhelmed,0,1,1,0,0,0,0,0,0,0,0,0,0,0,0,1,1,-0.024,11,1,overwhelmed
tary,0,0,0,0,0,0,0,0,0,0,0,0,0,0,0,1,1,0.0,4,1,tary
haste,1,0,0,0,0,0,0,0,0,0,0,0,0,0,0,1,1,0.0,5,1,haste
possessively,0,0,0,1,0,0,0,0,0,0,0,0,0,0,0,1,1,0.0,12,1,possessively
immode,0,0,0,0,0,0,0,0,0,0,0,0,0,0,0,1,1,0.8519,6,1,immode
rately,0,0,0,0,0,0,0,0,0,0,0,0,0,0,0,1,1,0.8519,6,1,rately
feminine,1,0,1,0,0,0,0,0,0,0,0,0,0,0,0,1,1,0.0,8,1,feminine
cheekbone,1,0,0,0,0,0,0,0,0,0,0,0,0,0,0,1,1,0.7089,9,1,cheekbone
respectful,0,0,1,0,0,0,0,0,0,0,0,0,0,0,0,1,1,0.7089,10,1,respectful
sentences,1,1,0,0,0,0,0,0,0,0,0,0,0,0,0,1,1,0.4588,9,1,sentences
unfi,0,0,0,0,0,0,0,0,0,0,0,0,0,0,0,1,1,0.4588,4,1,unfi
indecisively,0,0,0,1,0,0,0,0,0,0,0,0,0,0,0,1,1,0.4588,12,1,indecisively
clicking,1,1,0,0,0,0,0,0,0,0,0,0,0,0,0,1,1,0.0,8,1,clicking
pottery,1,0,0,0,0,0,0,0,0,0,0,0,0,0,0,1,1,0.0,7,1,pottery
bracelets,1,0,0,0,0,0,0,0,0,0,0,0,0,0,0,1,1,0.0,9,1,bracelets
jingled,0,1,0,0,0,0,0,0,0,0,0,0,0,0,0,1,1,0.0,7,1,jingled
proprie,0,0,0,0,0,0,0,0,0,0,0,0,0,0,0,1,1,0.0,7,1,proprie
windshields,1,0,0,0,0,0,0,0,0,0,0,0,0,0,0,1,1,0.7579,11,1,windshields
suns,1,1,0,0,0,0,0,0,0,0,0,0,0,0,0,1,1,0.7579,4,1,suns
layers,1,1,0,0,0,0,0,0,0,0,0,0,0,0,0,1,1,0.0,6,1,layers
conservatory,1,0,1,0,0,0,0,0,0,0,0,0,0,0,0,1,1,0.0,12,1,conservatory
disappointment,1,0,0,0,0,0,0,0,0,0,0,0,0,0,0,1,1,-0.5106,14,1,disappointment
undefined,1,0,1,0,0,0,0,0,0,0,0,0,0,0,0,1,1,0.2878,9,1,undefined
disconcerting,0,0,1,0,0,0,0,0,0,0,0,0,0,0,0,1,1,0.0,13,1,disconcerting
elegant,0,0,1,0,0,0,0,0,0,0,0,0,0,0,0,1,1,0.4588,7,1,elegant
hunting,0,1,0,0,0,0,0,0,0,0,0,0,0,0,0,1,1,0.0534,7,1,hunting
managed,0,1,0,0,0,0,0,0,0,0,0,0,0,0,0,1,1,0.4939,7,1,managed
restrain,0,1,0,0,0,0,0,0,0,0,0,0,0,0,0,1,1,0.4939,8,1,restrain
threadbare,0,0,1,0,0,0,0,0,0,0,0,0,0,0,0,1,1,-0.5667,10,1,threadbare
evoked,0,0,1,0,0,0,0,0,0,0,0,0,0,0,0,1,1,-0.5667,6,1,evoked
image,1,1,0,0,0,0,0,0,0,0,0,0,0,0,0,1,1,-0.5667,5,1,image
cept,0,0,0,0,0,0,0,0,0,0,0,0,0,0,0,1,1,-0.5667,4,1,cept
turbaned,0,0,1,0,0,0,0,0,0,0,0,0,0,0,0,1,1,-0.5667,8,1,turbaned
otherwise,0,0,1,1,0,0,0,0,0,0,0,0,0,0,0,1,1,0.4767,9,1,otherwise
rajah,1,0,0,0,0,0,0,0,0,0,0,0,0,0,0,1,1,0.0534,5,1,rajah
capitals,0,0,0,0,0,0,0,0,0,0,0,0,0,0,0,1,1,0.0534,8,1,capitals
paris,1,0,1,0,0,0,0,0,0,0,0,0,0,0,0,1,1,0.0534,5,1,paris
venice,1,0,0,0,0,0,0,0,0,0,0,0,0,0,0,1,1,0.0534,6,1,venice
rome,1,0,0,0,0,0,0,0,0,0,0,0,0,0,0,1,1,0.0534,4,1,rome
collecting,0,1,0,0,0,0,0,0,0,0,0,0,0,0,0,1,1,0.0534,10,1,collecting
chiefly,0,0,1,1,0,0,0,0,0,0,0,0,0,0,0,1,1,0.0534,7,1,chiefly
retribution,1,0,0,0,0,0,0,0,0,0,0,0,0,0,0,1,1,0.7783,11,1,retribution
ancestors,1,0,0,0,0,0,0,0,0,0,0,0,0,0,0,1,1,0.0,9,1,ancestors
lieved,0,0,0,0,0,0,0,0,0,0,0,0,0,0,0,1,1,-0.5267,6,1,lieved
bothered,0,0,1,0,0,0,0,0,0,0,0,0,0,0,0,1,1,-0.6597,8,1,bothered
san,1,0,0,0,0,0,0,0,0,0,0,0,0,0,0,1,1,0.0,3,1,san
francisco,0,0,0,0,0,0,0,0,0,0,0,0,0,0,0,1,1,0.0,9,1,francisco
extinction,1,0,0,0,0,0,0,0,0,0,0,0,0,0,0,1,1,-0.5267,10,1,extinction
pulling,0,1,0,0,0,0,0,0,0,0,0,0,0,0,0,1,1,0.4767,7,1,pulling
generalized,0,1,1,0,0,0,0,0,0,0,0,0,0,0,0,1,1,-0.024,11,1,generalized
evasions,1,0,0,0,0,0,0,0,0,0,0,0,0,0,0,1,1,-0.024,8,1,evasions
deserves,0,1,0,0,0,0,0,0,0,0,0,0,0,0,0,1,1,-0.024,8,1,deserves
rupted,0,0,0,0,0,0,0,0,0,0,0,0,0,0,0,1,1,0.0,6,1,rupted
stories,1,0,0,0,0,0,0,0,0,0,0,0,0,0,0,1,1,-0.4215,7,1,stories
flavored,0,0,1,0,0,0,0,0,0,0,0,0,0,0,0,1,1,-0.5574,8,1,flavored
conversa,1,0,0,0,0,0,0,0,0,0,0,0,0,0,0,1,1,-0.5574,8,1,conversa
divine,1,1,1,0,0,0,0,0,0,0,0,0,0,0,0,1,1,0.7783,6,1,divine
advance,1,1,1,0,0,0,0,0,0,0,0,0,0,0,0,1,1,0.0,7,1,advance
sixteen,1,0,1,0,0,0,0,0,0,0,0,0,0,0,0,1,1,-0.6486,7,1,sixteen
lewis,1,0,0,0,0,0,0,0,0,0,0,0,0,0,0,1,1,-0.6486,5,1,lewis
insignia,1,0,0,0,0,0,0,0,0,0,0,0,0,0,0,1,1,-0.6486,8,1,insignia
divisions,0,0,0,0,0,0,0,0,0,0,0,0,0,0,0,1,1,-0.6486,9,1,divisions
piles,1,1,0,0,0,0,0,0,0,0,0,0,0,0,0,1,1,-0.6486,5,1,piles
promoted,0,1,0,0,0,0,0,0,0,0,0,0,0,0,0,1,1,0.4215,8,1,promoted
allied,0,1,1,0,0,0,0,0,0,0,0,0,0,0,0,1,1,0.4215,6,1,allied
milky,0,0,1,0,0,0,0,0,0,0,0,0,0,0,0,1,1,0.1531,5,1,milky
plucked,0,1,1,0,0,0,0,0,0,0,0,0,0,0,0,1,1,0.0,7,1,plucked
rakish,0,0,1,0,0,0,0,0,0,0,0,0,0,0,0,1,1,0.0,6,1,rakish
angle,1,1,0,0,0,0,0,0,0,0,0,0,0,0,0,1,1,0.0,5,1,angle
efforts,1,0,0,0,0,0,0,0,0,0,0,0,0,0,0,1,1,0.0,7,1,efforts
alignment,1,0,0,0,0,0,0,0,0,0,0,0,0,0,0,1,1,0.0,9,1,alignment
detachments,0,0,0,0,0,0,0,0,0,0,0,0,0,0,0,1,1,0.0,11,1,detachments
gap,1,1,0,0,0,0,0,0,0,0,0,0,0,0,0,1,1,0.0,3,1,gap
hazy,0,0,1,0,0,0,0,0,0,0,0,0,0,0,0,1,1,0.2732,4,1,hazy
cast,1,1,1,0,0,0,0,0,0,0,0,0,0,0,0,1,1,0.2732,4,1,cast
although,0,0,0,1,0,0,1,0,0,0,0,0,0,0,0,1,1,0.2732,8,1,although
distorted,0,0,1,0,0,0,0,0,0,0,0,0,0,0,0,1,1,-0.7717,9,1,distorted
menced,0,0,0,0,0,0,0,0,0,0,0,0,0,0,0,1,1,0.0,6,1,menced
worldly,0,0,1,1,0,0,0,0,0,0,0,0,0,0,0,1,1,0.1531,7,1,worldly
sticky,1,0,1,0,0,0,0,0,0,0,0,0,0,0,0,1,1,0.1531,6,1,sticky
complexion,1,1,0,0,0,0,0,0,0,0,0,0,0,0,0,1,1,0.1531,10,1,complexion
sawdust,1,0,0,0,0,0,0,0,0,0,0,0,0,0,0,1,1,-0.5667,7,1,sawdust
pore,1,0,0,0,0,0,0,0,0,0,0,0,0,0,0,1,1,-0.5667,4,1,pore
tiger,1,0,0,0,0,0,0,0,0,0,0,0,0,0,0,1,1,-0.5667,5,1,tiger
bois,1,0,0,0,0,0,0,0,0,0,0,0,0,0,0,1,1,-0.5667,4,1,bois
boulogne,0,0,0,0,0,0,0,0,0,0,0,0,0,0,0,1,1,-0.5667,8,1,boulogne
die,1,1,0,0,0,0,0,0,0,0,0,0,0,0,0,1,1,0.6214,3,1,die
mission,1,0,0,0,0,0,0,0,0,0,0,0,0,0,0,1,1,0.2732,7,1,mission
twice,0,0,0,1,0,0,0,0,0,0,0,0,0,0,0,1,1,0.2732,5,1,twice
authentic,0,0,1,0,0,0,0,0,0,0,0,0,0,0,0,1,1,0.0,9,1,authentic
orderi,0,0,0,0,0,0,0,0,0,0,0,0,0,0,0,1,1,0.7034,6,1,orderi
di,1,0,0,0,0,0,0,0,0,0,0,0,0,0,0,1,1,0.7034,2,1,di
danilo,0,0,0,0,0,0,0,0,0,0,0,0,0,0,0,1,1,0.7034,6,1,danilo
legend,1,0,0,0,0,0,0,0,0,0,0,0,0,0,0,1,1,0.7034,6,1,legend
nicolas,0,0,0,0,0,0,0,0,0,0,0,0,0,0,0,1,1,0.7034,7,1,nicolas
rex,1,0,0,0,0,0,0,0,0,0,0,0,0,0,0,1,1,0.7034,3,1,rex
valour,0,0,0,0,0,0,0,0,0,0,0,0,0,0,0,1,1,0.0,6,1,valour
scan,1,1,0,0,0,0,0,0,0,0,0,0,0,0,0,1,1,0.0,4,1,scan
dal,1,0,0,0,0,0,0,0,0,0,0,0,0,0,0,1,1,0.0,3,1,dal
tin,1,1,1,0,0,0,0,0,0,0,0,0,0,0,0,1,1,-0.4215,3,1,tin
decomposed,0,1,1,0,0,0,0,0,0,0,0,0,0,0,0,1,1,-0.4215,10,1,decomposed
apathetically,0,0,0,1,0,0,0,0,0,0,0,0,0,0,0,1,1,-0.4215,13,1,apathetically
saucer,1,0,0,0,0,0,0,0,0,0,0,0,0,0,0,1,1,-0.4215,6,1,saucer
slung,0,1,1,0,0,0,0,0,0,0,0,0,0,0,0,1,1,0.1027,5,1,slung
ribbon,1,0,0,0,0,0,0,0,0,0,0,0,0,0,0,1,1,0.1027,6,1,ribbon
appreciated,0,1,1,0,0,0,0,0,0,0,0,0,0,0,0,1,1,0.8445,11,1,appreciated
fascination,1,0,0,0,0,0,0,0,0,0,0,0,0,0,0,1,1,0.6908,11,1,fascination
skimming,1,1,0,0,0,0,0,0,0,0,0,0,0,0,0,1,1,0.6908,8,1,skimming
tily,0,0,0,0,0,0,0,0,0,0,0,0,0,0,0,1,1,0.6908,4,1,tily
enlarged,0,1,1,0,0,0,0,0,0,0,0,0,0,0,0,1,1,0.0,8,1,enlarged
bonnet,1,1,0,0,0,0,0,0,0,0,0,0,0,0,0,1,1,0.34,6,1,bonnet
countenance,1,0,0,0,0,0,0,0,0,0,0,0,0,0,0,1,1,0.34,11,1,countenance
copies,1,1,0,0,0,0,0,0,0,0,0,0,0,0,0,1,1,0.0,6,1,copies
deco,1,0,0,0,0,0,0,0,0,0,0,0,0,0,0,1,1,0.4215,4,1,deco
ration,1,1,0,0,0,0,0,0,0,0,0,0,0,0,0,1,1,0.4215,6,1,ration
adriatic,1,0,1,0,0,0,0,0,0,0,0,0,0,0,0,1,1,0.4215,8,1,adriatic
comprehended,0,0,1,0,0,0,0,0,0,0,0,0,0,0,0,1,1,0.1027,12,1,comprehended
troubled,0,1,1,0,0,0,0,0,0,0,0,0,0,0,0,1,1,0.1027,8,1,troubled
histo,0,0,0,0,0,0,0,0,0,0,0,0,0,0,0,1,1,0.1027,5,1,histo
sympathized,0,1,0,0,0,0,0,0,0,0,0,0,0,0,0,1,1,0.1027,11,1,sympathized
montenegrin,1,0,0,0,0,0,0,0,0,0,0,0,0,0,0,1,1,0.1027,11,1,montenegrin
stumble,1,1,0,0,0,0,0,0,0,0,0,0,0,0,0,1,1,0.0,7,1,stumble
pocketing,0,0,0,0,0,0,0,0,0,0,0,0,0,0,0,1,1,0.4404,9,1,pocketing
souvenirs,1,0,0,0,0,0,0,0,0,0,0,0,0,0,0,1,1,0.4404,9,1,souvenirs
strangers,1,0,0,0,0,0,0,0,0,0,0,0,0,0,0,1,1,-0.6124,9,1,strangers
hesi,0,0,0,0,0,0,0,0,0,0,0,0,0,0,0,1,1,0.0,4,1,hesi
tated,0,0,0,0,0,0,0,0,0,0,0,0,0,0,0,1,1,0.0,5,1,tated
consented,0,0,0,0,0,0,0,0,0,0,0,0,0,0,0,1,1,0.5555,9,1,consented
faintest,0,0,0,0,0,0,0,0,0,0,0,0,0,0,0,1,1,0.0274,8,1,faintest
gnawings,1,0,0,0,0,0,0,0,0,0,0,0,0,0,0,1,1,0.765,8,1,gnawings
interposed,0,1,0,0,0,0,0,0,0,0,0,0,0,0,0,1,1,0.0,10,1,interposed
cab,1,0,0,0,0,0,0,0,0,0,0,0,0,0,0,1,1,-0.2263,3,1,cab
slice,1,1,0,0,0,0,0,0,0,0,0,0,0,0,0,1,1,-0.2263,5,1,slice
regal,1,0,1,0,0,0,0,0,0,0,0,0,0,0,0,1,1,0.0,5,1,regal
homecoming,1,0,0,0,0,0,0,0,0,0,0,0,0,0,0,1,1,0.0,10,1,homecoming
purchases,0,0,0,0,0,0,0,0,0,0,0,0,0,0,0,1,1,0.0,9,1,purchases
tapestried,0,0,1,0,0,0,0,0,0,0,0,0,0,0,0,1,1,0.0,10,1,tapestried
bat,1,1,0,0,0,0,0,0,0,0,0,0,0,0,0,1,1,0.4939,3,1,bat
skins,0,1,0,0,0,0,0,0,0,0,0,0,0,0,0,1,1,0.765,5,1,skins
tigers,1,0,0,0,0,0,0,0,0,0,0,0,0,0,0,1,1,0.765,6,1,tigers
flaming,1,1,1,0,0,0,0,0,0,0,0,0,0,0,0,1,1,0.765,7,1,flaming
grand,1,0,1,0,0,0,0,0,0,0,0,0,0,0,0,1,1,0.765,5,1,grand
canal,1,1,0,0,0,0,0,0,0,0,0,0,0,0,0,1,1,0.765,5,1,canal
chest,1,0,0,0,0,0,0,0,0,0,0,0,0,0,0,1,1,0.765,5,1,chest
depths,1,0,0,0,0,0,0,0,0,0,0,0,0,0,0,1,1,0.765,6,1,depths
souvenir,1,0,0,0,0,0,0,0,0,0,0,0,0,0,0,1,1,0.0,8,1,souvenir
trinity,1,0,0,0,0,0,0,0,0,0,0,0,0,0,0,1,1,0.0,7,1,trinity
quad,1,0,0,0,0,0,0,0,0,0,0,0,0,0,0,1,1,0.0,4,1,quad
dorcaster,0,0,0,0,0,0,0,0,0,0,0,0,0,0,0,1,1,0.0,9,1,dorcaster
blazers,1,0,0,0,0,0,0,0,0,0,0,0,0,0,0,1,1,0.0,7,1,blazers
archway,1,0,0,0,0,0,0,0,0,0,0,0,0,0,0,1,1,0.0,7,1,archway
spires,1,0,0,0,0,0,0,0,0,0,0,0,0,0,0,1,1,0.0,6,1,spires
cricket,1,1,0,0,0,0,0,0,0,0,0,0,0,0,0,1,1,0.4939,7,1,cricket
settled,0,1,1,0,0,0,0,0,0,0,0,0,0,0,0,1,1,-0.0772,7,1,settled
fondled,0,0,0,0,0,0,0,0,0,0,0,0,0,0,0,1,1,0.1531,7,1,fondled
proof,1,1,1,0,0,0,0,0,0,0,0,0,0,0,0,1,1,0.1531,5,1,proof
rapture,1,0,0,0,0,0,0,0,0,0,0,0,0,0,0,1,1,0.1531,7,1,rapture
pastoral,1,0,1,0,0,0,0,0,0,0,0,0,0,0,0,1,1,0.8172,8,1,pastoral
flock,1,1,0,0,0,0,0,0,0,0,0,0,0,0,0,1,1,0.8172,5,1,flock
sheep,1,0,0,0,0,0,0,0,0,0,0,0,0,0,0,1,1,0.8172,5,1,sheep
pillars,1,0,0,0,0,0,0,0,0,0,0,0,0,0,0,1,1,0.3612,7,1,pillars
scattered,0,0,1,0,0,0,0,0,0,0,0,0,0,0,0,1,1,0.3612,9,1,scattered
toria,0,0,0,0,0,0,0,0,0,0,0,0,0,0,0,1,1,0.3612,5,1,toria
twisted,0,1,1,0,0,0,0,0,0,0,0,0,0,0,0,1,1,0.3612,7,1,twisted
wriggling,0,0,1,0,0,0,0,0,0,0,0,0,0,0,0,1,1,0.7804,9,1,wriggling
disappoint,0,1,0,0,0,0,0,0,0,0,0,0,0,0,0,1,1,-0.4019,10,1,disappoint
admiringly,0,0,0,1,0,0,0,0,0,0,0,0,0,0,0,1,1,0.5106,10,1,admiringly
cost,1,1,0,0,0,0,0,0,0,0,0,0,0,0,0,1,1,0.0,4,1,cost
undoubtedly,0,0,0,1,0,0,0,0,0,0,0,0,0,0,0,1,1,-0.0772,11,1,undoubtedly
lined,0,1,1,0,0,0,0,0,0,0,0,0,0,0,0,1,1,0.0,5,1,lined
undeserted,0,0,0,0,0,0,0,0,0,0,0,0,0,0,0,1,1,0.0,10,1,undeserted
saloons,1,0,0,0,0,0,0,0,0,0,0,0,0,0,0,1,1,0.0,7,1,saloons
gilt,1,0,1,0,0,0,0,0,0,0,0,0,0,0,0,1,1,0.0,4,1,gilt
sides,1,1,0,0,0,0,0,0,0,0,0,0,0,0,0,1,1,0.0,5,1,sides
straining,1,1,1,0,0,0,0,0,0,0,0,0,0,0,0,1,1,0.0,9,1,straining
panting,1,1,1,0,0,0,0,0,0,0,0,0,0,0,0,1,1,0.0,7,1,panting
fenders,1,0,0,0,0,0,0,0,0,0,0,0,0,0,0,1,1,0.3612,7,1,fenders
cuss,1,0,0,0,0,0,0,0,0,0,0,0,0,0,0,1,1,0.0,4,1,cuss
populated,0,1,1,0,0,0,0,0,0,0,0,0,0,0,0,1,1,0.7089,9,1,populated
correctness,1,0,0,0,0,0,0,0,0,0,0,0,0,0,0,1,1,0.0,11,1,correctness
neared,0,0,0,0,0,0,0,0,0,0,0,0,0,0,0,1,1,0.0,6,1,neared
belted,0,1,1,0,0,0,0,0,0,0,0,0,0,0,0,1,1,0.0,6,1,belted
ships,1,1,0,0,0,0,0,0,0,0,0,0,0,0,0,1,1,0.0,5,1,ships
cobbled,0,1,0,0,0,0,0,0,0,0,0,0,0,0,0,1,1,0.0,7,1,cobbled
slum,1,1,1,0,0,0,0,0,0,0,0,0,0,0,0,1,1,0.0,4,1,slum
cowered,0,0,0,0,0,0,0,0,0,0,0,0,0,0,0,1,1,0.0,7,1,cowered
recent,0,0,1,0,0,0,0,0,0,0,0,0,0,0,0,1,1,0.0,6,1,recent
puppies,1,0,0,0,0,0,0,0,0,0,0,0,0,0,0,1,1,0.0,7,1,puppies
indeterminate,0,0,1,0,0,0,0,0,0,0,0,0,0,0,0,1,1,0.0,13,1,indeterminate
breed,1,1,0,0,0,0,0,0,0,0,0,0,0,0,0,1,1,0.0,5,1,breed
somber,0,0,1,0,0,0,0,0,0,0,0,0,0,0,0,1,1,0.7783,6,1,somber
blackwell,0,0,0,0,0,0,0,0,0,0,0,0,0,0,0,1,1,0.0,9,1,blackwell
modish,0,0,1,0,0,0,0,0,0,0,0,0,0,0,0,1,1,0.0,6,1,modish
selected,0,0,1,0,0,0,0,0,0,0,0,0,0,0,0,1,1,0.4767,8,1,selected
upholstery,1,0,0,0,0,0,0,0,0,0,0,0,0,0,0,1,1,0.4767,10,1,upholstery
mass,1,1,1,0,0,0,0,0,0,0,0,0,0,0,0,1,1,0.4767,4,1,mass
imme,0,0,0,0,0,0,0,0,0,0,0,0,0,0,0,1,1,0.0,4,1,imme
diately,0,0,0,0,0,0,0,0,0,0,0,0,0,0,0,1,1,0.0,7,1,diately
backed,0,1,1,0,0,0,0,0,0,0,0,0,0,0,0,1,1,-0.1779,6,1,backed
john,1,0,0,0,0,0,0,0,0,0,0,0,0,0,0,1,1,-0.1779,4,1,john
rockefeller,1,0,0,0,0,0,0,0,0,0,0,0,0,0,0,1,1,0.0,11,1,rockefeller
non,0,0,1,0,0,0,0,0,0,0,0,0,0,0,0,1,1,0.7783,3,1,non
olfactory,1,0,1,0,0,0,0,0,0,0,0,0,0,0,0,1,1,0.7783,9,1,olfactory
queensboro,0,0,0,0,0,0,0,0,0,0,0,0,0,0,0,1,1,0.7269,10,1,queensboro
heaped,0,1,1,0,0,0,0,0,0,0,0,0,0,0,0,1,1,0.3804,6,1,heaped
blooms,1,1,0,0,0,0,0,0,0,0,0,0,0,0,0,1,1,0.3804,6,1,blooms
flask,1,0,0,0,0,0,0,0,0,0,0,0,0,0,0,1,1,0.0,5,1,flask
perfume,1,1,0,0,0,0,0,0,0,0,0,0,0,0,0,1,1,0.0,7,1,perfume
echoing,0,1,1,0,0,0,0,0,0,0,0,0,0,0,0,1,1,0.4767,7,1,echoing
cycle,1,1,0,0,0,0,0,0,0,0,0,0,0,0,0,1,1,-0.4404,5,1,cycle
frantic,0,0,1,0,0,0,0,0,0,0,0,0,0,0,0,1,1,-0.4404,7,1,frantic
rode,1,1,0,0,0,0,0,0,0,0,0,0,0,0,0,1,1,-0.4404,4,1,rode
tipping,1,1,0,0,0,0,0,0,0,0,0,0,0,0,0,1,1,0.2732,7,1,tipping
commissioner,1,0,0,0,0,0,0,0,0,0,0,0,0,0,0,1,1,0.4019,12,1,commissioner
heaps,1,1,0,1,0,0,0,0,0,0,0,0,0,0,0,1,1,0.7783,5,1,heaps
sugar,1,1,0,0,0,0,0,0,0,0,0,0,0,0,0,1,1,0.7783,5,1,sugar
lumps,1,1,0,0,0,0,0,0,0,0,0,0,0,0,0,1,1,0.7783,5,1,lumps
expressive,0,0,1,0,0,0,0,0,0,0,0,0,0,0,0,1,1,0.6486,10,1,expressive
katspaugh,0,0,0,0,0,0,0,0,0,0,0,0,0,0,0,1,1,-0.1027,9,1,katspaugh
kats,0,0,0,0,0,0,0,0,0,0,0,0,0,0,0,1,1,-0.1027,4,1,kats
paugh,0,0,0,0,0,0,0,0,0,0,0,0,0,0,0,1,1,-0.1027,5,1,paugh
penny,1,0,1,0,0,0,0,0,0,0,0,0,0,0,0,1,1,-0.1027,5,1,penny
shuts,1,1,0,0,0,0,0,0,0,0,0,0,0,0,0,1,1,-0.1027,5,1,shuts
res,1,0,0,0,0,0,0,0,0,0,0,0,0,0,0,1,1,0.0,3,1,res
taurant,0,0,0,0,0,0,0,0,0,0,0,0,0,0,0,1,1,0.0,7,1,taurant
torpedoes,1,1,0,0,0,0,0,0,0,0,0,0,0,0,0,1,1,0.0516,9,1,torpedoes
exchanging,0,1,0,0,0,0,0,0,0,0,0,0,0,0,0,1,1,0.0,10,1,exchanging
frown,1,1,0,0,0,0,0,0,0,0,0,0,0,0,0,1,1,0.0,5,1,frown
sensibilities,1,0,0,0,0,0,0,0,0,0,0,0,0,0,0,1,1,0.0,13,1,sensibilities
eggers,1,0,0,0,0,0,0,0,0,0,0,0,0,0,0,1,1,0.0,6,1,eggers
figured,0,1,1,0,0,0,0,0,0,0,0,0,0,0,0,1,1,0.0,7,1,figured
muslin,1,0,0,0,0,0,0,0,0,0,0,0,0,0,0,1,1,0.0,6,1,muslin
addressing,0,1,0,0,0,0,0,0,0,0,0,0,0,0,0,1,1,0.6486,10,1,addressing
anteroom,1,0,0,0,0,0,0,0,0,0,0,0,0,0,0,1,1,0.8143,8,1,anteroom
jew,1,0,0,0,0,0,0,0,0,0,0,0,0,0,0,1,1,0.2023,3,1,jew
growths,1,0,0,0,0,0,0,0,0,0,0,0,0,0,0,1,1,0.2023,7,1,growths
luxuriated,0,1,0,0,0,0,0,0,0,0,0,0,0,0,0,1,1,0.2023,10,1,luxuriated
nostril,1,0,0,0,0,0,0,0,0,0,0,0,0,0,0,1,1,0.2023,7,1,nostril
fourth,1,0,1,1,0,0,0,0,0,0,0,0,0,0,0,1,1,0.0516,6,1,fourth
scrawny,0,0,1,0,0,0,0,0,0,0,0,0,0,0,0,1,1,0.0516,7,1,scrawny
setting,1,1,1,0,0,0,0,0,0,0,0,0,0,0,0,1,1,0.0516,7,1,setting
negroes,1,0,0,0,0,0,0,0,0,0,0,0,0,0,0,1,1,0.0,7,1,negroes
bucks,1,1,0,0,0,0,0,0,0,0,0,0,0,0,0,1,1,0.0,5,1,bucks
yolks,1,0,0,0,0,0,0,0,0,0,0,0,0,0,0,1,1,0.4588,5,1,yolks
eyeballs,1,0,0,0,0,0,0,0,0,0,0,0,0,0,0,1,1,0.4588,8,1,eyeballs
rivalry,1,0,0,0,0,0,0,0,0,0,0,0,0,0,0,1,1,0.4588,7,1,rivalry
fanned,0,1,1,0,0,0,0,0,0,0,0,0,0,0,0,1,1,0.0,6,1,fanned
blinking,0,1,1,1,0,0,0,0,0,0,0,0,0,0,0,1,1,0.8143,8,1,blinking
brightness,1,0,0,0,0,0,0,0,0,0,0,0,0,0,0,1,1,0.8143,10,1,brightness
becker,1,0,0,0,0,0,0,0,0,0,0,0,0,0,0,1,1,0.0,6,1,becker
juxtaposition,1,0,0,0,0,0,0,0,0,0,0,0,0,0,0,1,1,0.0772,13,1,juxtaposition
startling,0,1,1,0,0,0,0,0,0,0,0,0,0,0,0,1,1,0.0772,9,1,startling
succulent,1,0,1,0,0,0,0,0,0,0,0,0,0,0,0,1,1,0.0,9,1,succulent
hash,1,1,0,0,0,0,0,0,0,0,0,0,0,0,0,1,1,0.0,4,1,hash
forgetting,1,1,0,0,0,0,0,0,0,0,0,0,0,0,0,1,1,0.3804,10,1,forgetting
atmosphere,1,0,0,0,0,0,0,0,0,0,0,0,0,0,0,1,1,0.3804,10,1,atmosphere
delicacy,1,0,0,0,0,0,0,0,0,0,0,0,0,0,0,1,1,0.3804,8,1,delicacy
hurriedly,0,0,0,1,0,0,0,0,0,0,0,0,0,0,0,1,1,0.2732,9,1,hurriedly
fice,1,0,0,0,0,0,0,0,0,0,0,0,0,0,0,1,1,0.2732,4,1,fice
mingling,1,1,1,0,0,0,0,0,0,0,0,0,0,0,0,1,1,0.2732,8,1,mingling
cement,1,1,0,0,0,0,0,0,0,0,0,0,0,0,0,1,1,0.2732,6,1,cement
walls,1,1,0,0,0,0,0,0,0,0,0,0,0,0,0,1,1,0.2732,5,1,walls
belly,1,1,0,0,0,0,0,0,0,0,0,0,0,0,0,1,1,0.0,5,1,belly
electrocuted,0,1,0,0,0,0,0,0,0,0,0,0,0,0,0,1,1,0.0,12,1,electrocuted
remembering,0,0,0,0,0,0,0,0,0,0,0,0,0,0,0,1,1,0.0,11,1,remembering
spotted,0,1,1,0,0,0,0,0,0,0,0,0,0,0,0,1,1,0.4854,7,1,spotted
crepe,1,0,0,0,0,0,0,0,0,0,0,0,0,0,0,1,1,0.4854,5,1,crepe
chine,1,1,0,0,0,0,0,0,0,0,0,0,0,0,0,1,1,0.4854,5,1,chine
facet,1,0,0,0,0,0,0,0,0,0,0,0,0,0,0,1,1,0.4854,5,1,facet
nerves,1,0,0,0,0,0,0,0,0,0,0,0,0,0,0,1,1,0.4854,6,1,nerves
smouldering,1,0,1,0,0,0,0,0,0,0,0,0,0,0,0,1,1,0.4854,11,1,smouldering
flush,1,1,1,1,0,0,0,0,0,0,0,0,0,0,0,1,1,0.2023,5,1,flush
coarse,0,0,1,0,0,0,0,0,0,0,0,0,0,0,0,1,1,0.0,6,1,coarse
somnambulatory,0,0,0,0,0,0,0,0,0,0,0,0,0,0,0,1,1,0.0772,14,1,somnambulatory
abstraction,1,0,0,0,0,0,0,0,0,0,0,0,0,0,0,1,1,0.0772,11,1,abstraction
presbyterian,1,0,1,0,0,0,0,0,0,0,0,0,0,0,0,1,1,0.0,12,1,presbyterian
nymphs,1,0,0,0,0,0,0,0,0,0,0,0,0,0,0,1,1,0.0,6,1,nymphs
brooded,0,1,0,0,0,0,0,0,0,0,0,0,0,0,0,1,1,0.0,7,1,brooded
rosenthal,0,0,0,0,0,0,0,0,0,0,0,0,0,0,0,1,1,-0.2263,9,1,rosenthal
bastards,1,0,0,0,0,0,0,0,0,0,0,0,0,0,0,1,1,0.5247,8,1,bastards
daylight,1,0,0,0,0,0,0,0,0,0,0,0,0,0,0,1,1,0.0,8,1,daylight
contiguous,0,0,1,0,0,0,0,0,0,0,0,0,0,0,0,1,1,-0.6908,10,1,contiguous
shops,1,1,0,0,0,0,0,0,0,0,0,0,0,0,0,1,1,0.0,5,1,shops
trail,1,1,0,0,0,0,0,0,0,0,0,0,0,0,0,1,1,0.0,5,1,trail
repairs,1,1,0,0,0,0,0,0,0,0,0,0,0,0,0,1,1,0.0,7,1,repairs
unprosperous,0,0,1,0,0,0,0,0,0,0,0,0,0,0,0,1,1,0.4466,12,1,unprosperous
crouched,0,1,1,0,0,0,0,0,0,0,0,0,0,0,0,1,1,0.4466,8,1,crouched
sumptuous,0,0,1,0,0,0,0,0,0,0,0,0,0,0,0,1,1,-0.4215,9,1,sumptuous
colleges,1,0,0,0,0,0,0,0,0,0,0,0,0,0,0,1,1,0.0,8,1,colleges
works,1,1,0,0,0,0,0,0,0,0,0,0,0,0,0,1,1,0.4939,5,1,works
thickish,0,0,0,0,0,0,0,0,0,0,0,0,0,0,0,1,1,-0.2732,8,1,thickish
thirties,1,0,0,0,0,0,0,0,0,0,0,0,0,0,0,1,1,0.09,8,1,thirties
surplus,1,0,1,0,0,0,0,0,0,0,0,0,0,0,0,1,1,0.09,7,1,surplus
flesh,1,1,0,0,0,0,0,0,0,0,0,0,0,0,0,1,1,0.09,5,1,flesh
sensuously,0,0,0,1,0,0,0,0,0,0,0,0,0,0,0,1,1,0.09,10,1,sensuously
compact,1,1,1,0,0,0,0,0,0,0,0,0,0,0,0,1,1,-0.6908,7,1,compact
ministering,0,0,1,0,0,0,0,0,0,0,0,0,0,0,0,1,1,-0.6908,11,1,ministering
gen,1,0,0,0,0,0,0,0,0,0,0,0,0,0,0,1,1,0.7845,3,1,gen
tleman,0,0,0,0,0,0,0,0,0,0,0,0,0,0,0,1,1,0.7845,6,1,tleman
spiritless,0,0,1,0,0,0,0,0,0,0,0,0,0,0,0,1,1,0.2263,10,1,spiritless
anae,0,0,0,0,0,0,0,0,0,0,0,0,0,0,0,1,1,0.2263,4,1,anae
mic,1,0,0,0,0,0,0,0,0,0,0,0,0,0,0,1,1,0.2263,3,1,mic
jovially,0,0,0,1,0,0,0,0,0,0,0,0,0,0,0,1,1,0.0,8,1,jovially
complain,0,1,0,0,0,0,0,0,0,0,0,0,0,0,0,1,1,0.0,8,1,complain
unconvincingly,0,0,0,1,0,0,0,0,0,0,0,0,0,0,0,1,1,0.0,14,1,unconvincingly
roved,0,0,0,0,0,0,0,0,0,0,0,0,0,0,0,1,1,0.0,5,1,roved
completed,0,1,1,0,0,0,0,0,0,0,0,0,0,0,0,1,1,0.0,9,1,completed
arc,1,0,1,0,0,0,0,0,0,0,0,0,0,0,0,1,1,0.0,3,1,arc
inspect,0,1,0,0,0,0,0,0,0,0,0,0,0,0,0,1,1,0.0,7,1,inspect
mysteries,1,0,0,0,0,0,0,0,0,0,0,0,0,0,0,1,1,0.3612,9,1,mysteries
frankly,0,0,0,1,0,0,0,0,0,0,0,0,0,0,0,1,1,0.0772,7,1,frankly
underhand,0,0,1,1,0,0,0,0,0,0,0,0,0,0,0,1,1,-0.2755,9,1,underhand
sportswoman,1,0,0,0,0,0,0,0,0,0,0,0,0,0,0,1,1,0.6249,11,1,sportswoman
determina,0,0,0,0,0,0,0,0,0,0,0,0,0,0,0,1,1,-0.296,9,1,determina
bordered,0,0,1,0,0,0,0,0,0,0,0,0,0,0,0,1,1,-0.296,8,1,bordered
sumption,1,0,0,0,0,0,0,0,0,0,0,0,0,0,0,1,1,-0.3412,8,1,sumption
fence,1,1,0,0,0,0,0,0,0,0,0,0,0,0,0,1,1,-0.2732,5,1,fence
building,1,1,1,0,0,0,0,0,0,0,0,0,0,0,0,1,1,-0.6908,8,1,building
becomes,0,1,0,0,0,0,0,0,0,0,0,0,0,0,0,1,1,0.3804,7,1,becomes
denizen,1,0,0,0,0,0,0,0,0,0,0,0,0,0,0,1,1,0.0,7,1,denizen
actor,1,0,0,0,0,0,0,0,0,0,0,0,0,0,0,1,1,0.0,5,1,actor
impose,0,0,0,0,0,0,0,0,0,0,0,0,0,0,0,1,1,-0.296,6,1,impose
offend,0,0,0,0,0,0,0,0,0,0,0,0,0,0,0,1,1,-0.296,6,1,offend
resented,0,1,0,0,0,0,0,0,0,0,0,0,0,0,0,1,1,-0.3818,8,1,resented
popu,0,0,0,0,0,0,0,0,0,0,0,0,0,0,0,1,1,-0.3818,4,1,popu
lar,1,0,0,0,0,0,0,0,0,0,0,0,0,0,0,1,1,-0.3818,3,1,lar
chatting,0,0,0,0,0,0,0,0,0,0,0,0,0,0,0,1,1,-0.3818,8,1,chatting
whomsoever,0,0,0,0,0,0,0,0,0,0,0,0,0,0,0,1,1,-0.3818,10,1,whomsoever
tanked,0,1,1,0,0,0,0,0,0,0,0,0,0,0,0,1,1,-0.296,6,1,tanked
inspected,0,1,0,0,0,0,0,0,0,0,0,0,0,0,0,1,1,0.0,9,1,inspected
sleeves,1,0,0,0,0,0,0,0,0,0,0,0,0,0,0,1,1,0.0,7,1,sleeves
instinctive,0,0,1,0,0,0,0,0,0,0,0,0,0,0,0,1,1,0.5106,11,1,instinctive
outstay,0,1,0,0,0,0,0,0,0,0,0,0,0,0,0,1,1,0.743,7,1,outstay
discuss,0,0,0,0,0,0,0,0,0,0,0,0,0,0,0,1,1,-0.296,7,1,discuss
supplied,0,1,0,0,0,0,0,0,0,0,0,0,0,0,0,1,1,-0.296,8,1,supplied
imaginary,1,0,1,0,0,0,0,0,0,0,0,0,0,0,0,1,1,-0.296,9,1,imaginary
noun,0,0,0,0,0,0,0,0,0,0,0,0,0,0,0,1,1,-0.296,4,1,noun
gratified,0,1,1,0,0,0,0,0,0,0,0,0,0,0,0,1,1,0.3818,9,1,gratified
plea,1,0,0,0,0,0,0,0,0,0,0,0,0,0,0,1,1,-0.3818,4,1,plea
introduce,0,1,0,0,0,0,0,0,0,0,0,0,0,0,0,1,1,0.3612,9,1,introduce
composed,0,1,1,0,0,0,0,0,0,0,0,0,0,0,0,1,1,0.0,8,1,composed
ivory,1,0,0,0,0,0,0,0,0,0,0,0,0,0,0,1,1,0.0,5,1,ivory
finest,0,0,1,1,0,0,0,0,0,0,0,0,0,0,0,1,1,0.0,6,1,finest
specimens,1,0,0,0,0,0,0,0,0,0,0,0,0,0,0,1,1,0.0,9,1,specimens
molars,1,0,0,0,0,0,0,0,0,0,0,0,0,0,0,1,1,0.0,6,1,molars
queens,1,1,0,0,0,0,0,0,0,0,0,0,0,0,0,1,1,-0.0516,6,1,queens
blindness,1,0,0,0,0,0,0,0,0,0,0,0,0,0,0,1,1,-0.0516,9,1,blindness
dimmed,0,1,1,0,0,0,0,0,0,0,0,0,0,0,0,1,1,-0.5267,6,1,dimmed
paintless,0,0,0,0,0,0,0,0,0,0,0,0,0,0,0,1,1,-0.5267,9,1,paintless
brood,1,1,1,0,0,0,0,0,0,0,0,0,0,0,0,1,1,-0.5267,5,1,brood
dumping,1,1,0,0,0,0,0,0,0,0,0,0,0,0,0,1,1,-0.5267,7,1,dumping
bounded,0,1,1,0,0,0,0,0,0,0,0,0,0,0,0,1,1,-0.6124,7,1,bounded
drawbridge,1,0,0,0,0,0,0,0,0,0,0,0,0,0,0,1,1,-0.6124,10,1,drawbridge
gigan,0,0,0,0,0,0,0,0,0,0,0,0,0,0,0,1,1,0.0,5,1,gigan
retinas,1,0,0,0,0,0,0,0,0,0,0,0,0,0,0,1,1,0.0,7,1,retinas
pass,1,1,1,0,0,0,0,0,0,0,0,0,0,0,0,1,1,-0.1531,4,1,pass
nonexistent,0,0,1,0,0,0,0,0,0,0,0,0,0,0,0,1,1,-0.1531,11,1,nonexistent
wag,1,1,0,0,0,0,0,0,0,0,0,0,0,0,0,1,1,-0.0516,3,1,wag
oculist,1,0,0,0,0,0,0,0,0,0,0,0,0,0,0,1,1,-0.0516,7,1,oculist
fatten,0,1,0,0,0,0,0,0,0,0,0,0,0,0,0,1,1,-0.0516,6,1,fatten
borough,1,0,0,0,0,0,0,0,0,0,0,0,0,0,0,1,1,-0.0516,7,1,borough
check,1,1,0,0,0,0,0,0,0,0,0,0,0,0,0,1,1,0.0,5,1,check
furious,0,0,1,0,0,0,0,0,0,0,0,0,0,0,0,1,1,-0.5719,7,1,furious
briefly,0,0,0,1,0,0,0,0,0,0,0,0,0,0,0,1,1,-0.4767,7,1,briefly
happier,0,0,1,0,0,0,0,0,0,0,0,0,0,0,0,1,1,0.5267,7,1,happier
rubber,1,0,1,0,0,0,0,0,0,0,0,0,0,0,0,1,1,0.5267,6,1,rubber
nobs,1,0,0,0,0,0,0,0,0,0,0,0,0,0,0,1,1,0.5267,4,1,nobs
soles,1,1,0,0,0,0,0,0,0,0,0,0,0,0,0,1,1,0.5267,5,1,soles
plaid,1,0,0,0,0,0,0,0,0,0,0,0,0,0,0,1,1,0.0,5,1,plaid
dentist,1,0,0,0,0,0,0,0,0,0,0,0,0,0,0,1,1,0.0,7,1,dentist
gambler,1,0,0,0,0,0,0,0,0,0,0,0,0,0,0,1,1,0.0,7,1,gambler
staggered,0,0,0,0,0,0,0,0,0,0,0,0,0,0,0,1,1,0.0,9,1,staggered
million,1,0,1,0,0,0,0,0,0,0,0,0,0,0,0,1,1,0.7964,7,1,million
burglar,1,0,0,0,0,0,0,0,0,0,0,0,0,0,0,1,1,0.7964,7,1,burglar
blowing,1,1,0,0,0,0,0,0,0,0,0,0,0,0,0,1,1,0.7964,7,1,blowing
smart,1,0,1,1,0,0,0,0,0,0,0,0,0,0,0,1,1,0.4019,5,1,smart
paying,0,1,1,0,0,0,0,0,0,0,0,0,0,0,0,1,1,0.0,6,1,paying
presumably,0,0,0,1,0,0,0,0,0,0,0,0,0,0,0,1,1,0.4019,10,1,presumably
orleans,1,0,0,0,0,0,0,0,0,0,0,0,0,0,0,1,1,0.4019,7,1,orleans
pomp,1,0,0,0,0,0,0,0,0,0,0,0,0,0,0,1,1,0.0,4,1,pomp
circumstance,1,0,0,0,0,0,0,0,0,0,0,0,0,0,0,1,1,0.0,12,1,circumstance
hired,0,1,1,0,0,0,0,0,0,0,0,0,0,0,0,1,1,0.4404,5,1,hired
seelbach,0,0,0,0,0,0,0,0,0,0,0,0,0,0,0,1,1,0.4404,8,1,seelbach
valued,0,1,1,0,0,0,0,0,0,0,0,0,0,0,0,1,1,0.4404,6,1,valued
bridesmaid,1,0,0,0,0,0,0,0,0,0,0,0,0,0,0,1,1,0.0,10,1,bridesmaid
soldier,1,1,0,0,0,0,0,0,0,0,0,0,0,0,0,1,1,0.0,7,1,soldier
effec,0,0,0,0,0,0,0,0,0,0,0,0,0,0,0,1,1,0.0129,5,1,effec
tually,0,0,0,0,0,0,0,0,0,0,0,0,0,0,0,1,1,0.0129,6,1,tually
soldiers,1,1,0,0,0,0,0,0,0,0,0,0,0,0,0,1,1,0.34,8,1,soldiers
footed,0,1,1,0,0,0,0,0,0,0,0,0,0,0,0,1,1,-0.4215,6,1,footed
sighted,0,1,1,0,0,0,0,0,0,0,0,0,0,0,0,1,1,-0.4215,7,1,sighted
debut,1,1,0,0,0,0,0,0,0,0,0,0,0,0,0,1,1,0.4019,5,1,debut
february,1,0,0,0,0,0,0,0,0,0,0,0,0,0,0,1,1,0.4019,8,1,february
curb,1,1,0,0,0,0,0,0,0,0,0,0,0,0,0,1,1,0.0,4,1,curb
unexpectedly,0,0,0,1,0,0,0,0,0,0,0,0,0,0,0,1,1,0.0,12,1,unexpectedly
cross,1,1,1,0,0,0,0,0,0,0,0,0,0,0,0,1,1,0.0,5,1,cross
bandages,1,1,0,0,0,0,0,0,0,0,0,0,0,0,0,1,1,0.0,8,1,bandages
beaux,1,0,0,0,0,0,0,0,0,0,0,0,0,0,0,1,1,0.34,5,1,beaux
tournaments,1,0,0,0,0,0,0,0,0,0,0,0,0,0,0,1,1,0.34,11,1,tournaments
circulating,0,1,1,0,0,0,0,0,0,0,0,0,0,0,0,1,1,0.0,11,1,circulating
packing,1,1,0,0,0,0,0,0,0,0,0,0,0,0,0,1,1,0.0,7,1,packing
barges,1,1,0,0,0,0,0,0,0,0,0,0,0,0,0,1,1,-0.6124,6,1,barges
passengers,1,0,0,0,0,0,0,0,0,0,0,0,0,0,0,1,1,-0.6124,10,1,passengers
dismal,0,0,1,0,0,0,0,0,0,0,0,0,0,0,0,1,1,-0.6124,6,1,dismal
skirt,1,1,0,0,0,0,0,0,0,0,0,0,0,0,0,1,1,0.0,5,1,skirt
disapproving,0,1,1,0,0,0,0,0,0,0,0,0,0,0,0,1,1,0.0,12,1,disapproving
fay,1,0,1,0,0,0,0,0,0,0,0,0,0,0,0,1,1,0.0,3,1,fay
monopolizing,0,1,0,0,0,0,0,0,0,0,0,0,0,0,0,1,1,0.5267,12,1,monopolizing
anyways,0,0,0,1,0,0,0,0,0,0,0,0,0,0,0,1,1,0.5267,7,1,anyways
bleak,1,0,1,0,0,0,0,0,0,0,0,0,0,0,0,1,1,0.0772,5,1,bleak
endlessly,0,0,0,1,0,0,0,0,0,0,0,0,0,0,0,1,1,0.0772,9,1,endlessly
perceive,0,1,0,0,0,0,0,0,0,0,0,0,0,0,0,1,1,0.0772,8,1,perceive
spirits,1,1,0,0,0,0,0,0,0,0,0,0,0,0,0,1,1,0.0,7,1,spirits
ammonia,1,0,0,0,0,0,0,0,0,0,0,0,0,0,0,1,1,0.0,7,1,ammonia
hooked,0,1,1,0,0,0,0,0,0,0,0,0,0,0,0,1,1,0.0,6,1,hooked
shiver,1,1,0,0,0,0,0,0,0,0,0,0,0,0,0,1,1,0.0,6,1,shiver
seas,0,0,0,0,0,0,0,0,0,0,0,0,0,0,0,1,1,0.0,4,1,seas
leaden,0,0,1,0,0,0,0,0,0,0,0,0,0,0,0,1,1,0.0516,6,1,leaden
spades,1,1,0,0,0,0,0,0,0,0,0,0,0,0,0,1,1,0.0516,6,1,spades
impenetrable,0,0,1,0,0,0,0,0,0,0,0,0,0,0,0,1,1,0.0516,12,1,impenetrable
cloud,1,1,0,0,0,0,0,0,0,0,0,0,0,0,0,1,1,0.0516,5,1,cloud
screens,1,1,0,0,0,0,0,0,0,0,0,0,0,0,0,1,1,0.0516,7,1,screens
obscure,0,1,1,0,0,0,0,0,0,0,0,0,0,0,0,1,1,0.0516,7,1,obscure
operations,1,0,0,0,0,0,0,0,0,0,0,0,0,0,0,1,1,0.0516,10,1,operations
spasms,1,0,0,0,0,0,0,0,0,0,0,0,0,0,0,1,1,0.0772,6,1,spasms
soap,1,1,0,0,0,0,0,0,0,0,0,0,0,0,0,1,1,0.3182,4,1,soap
dish,1,1,0,0,0,0,0,0,0,0,0,0,0,0,0,1,1,0.3182,4,1,dish
transcendent,1,0,1,0,0,0,0,0,0,0,0,0,0,0,0,1,1,0.7269,12,1,transcendent
crumbling,0,1,0,0,0,0,0,0,0,0,0,0,0,0,0,1,1,0.7269,9,1,crumbling
powdery,0,0,1,0,0,0,0,0,0,0,0,0,0,0,0,1,1,0.7269,7,1,powdery
crawls,1,1,0,0,0,0,0,0,0,0,0,0,0,0,0,1,1,0.0516,6,1,crawls
creak,1,0,0,0,0,0,0,0,0,0,0,0,0,0,0,1,1,0.0516,5,1,creak
swarm,1,0,0,0,0,0,0,0,0,0,0,0,0,0,0,1,1,0.0516,5,1,swarm
bridal,1,0,1,0,0,0,0,0,0,0,0,0,0,0,0,1,1,-0.25,6,1,bridal
monkey,1,0,0,0,0,0,0,0,0,0,0,0,0,0,0,1,1,-0.25,6,1,monkey
sauterne,1,0,0,0,0,0,0,0,0,0,0,0,0,0,0,1,1,0.4939,8,1,sauterne
gratulate,0,0,0,0,0,0,0,0,0,0,0,0,0,0,0,1,1,0.0,9,1,gratulate
enjoy,0,1,0,0,0,0,0,0,0,0,0,0,0,0,0,1,1,0.6486,5,1,enjoy
deares,0,0,0,0,0,0,0,0,0,0,0,0,0,0,0,1,1,0.0,6,1,deares
whoever,0,0,0,0,0,0,0,0,0,0,0,0,1,0,0,1,1,0.0,7,1,whoever
tub,1,0,0,0,0,0,0,0,0,0,0,0,0,0,0,1,1,0.3182,3,1,tub
za,1,0,0,0,0,0,0,0,0,0,0,0,0,0,0,1,1,0.0,2,1,za
victoria,1,0,0,0,0,0,0,0,0,0,0,0,0,0,0,1,1,0.0,8,1,victoria
movie,1,0,0,0,0,0,0,0,0,0,0,0,0,0,0,1,1,0.8519,5,1,movie
fifties,1,0,0,0,0,0,0,0,0,0,0,0,0,0,0,1,1,0.8519,7,1,fifties
crickets,1,1,0,0,0,0,0,0,0,0,0,0,0,0,0,1,1,0.8519,8,1,crickets
sheik,1,0,0,0,0,0,0,0,0,0,0,0,0,0,0,1,1,0.8519,5,1,sheik
araby,0,0,0,0,0,0,0,0,0,0,0,0,0,0,0,1,1,0.8519,5,1,araby
belongs,0,1,0,0,0,0,0,0,0,0,0,0,0,0,0,1,1,0.8519,7,1,belongs
joins,1,1,0,0,0,0,0,0,0,0,0,0,0,0,0,1,1,0.2732,5,1,joins
shrink,1,1,0,0,0,0,0,0,0,0,0,0,0,0,0,1,1,0.2732,6,1,shrink
area,1,0,0,0,0,0,0,0,0,0,0,0,0,0,0,1,1,0.2732,4,1,area
ridges,1,1,0,0,0,0,0,0,0,0,0,0,0,0,0,1,1,0.7269,6,1,ridges
hills,1,1,0,0,0,0,0,0,0,0,0,0,0,0,0,1,1,0.7269,5,1,hills
chimneys,1,0,0,0,0,0,0,0,0,0,0,0,0,0,0,1,1,0.7269,8,1,chimneys
connected,0,1,1,0,0,0,0,0,0,0,0,0,0,0,0,1,1,0.0,9,1,connected
pla,0,0,0,0,0,0,0,0,0,0,0,0,0,0,0,1,1,0.0,3,1,pla
deauville,0,0,0,0,0,0,0,0,0,0,0,0,0,0,0,1,1,0.0,9,1,deauville
settle,1,1,0,0,0,0,0,0,0,0,0,0,0,0,0,1,1,0.0,6,1,settle
reputation,1,0,0,0,0,0,0,0,0,0,0,0,0,0,0,1,1,0.8312,10,1,reputation
irregularity,1,0,0,0,0,0,0,0,0,0,0,0,0,0,0,1,1,-0.075,12,1,irregularity
amour,1,0,0,0,0,0,0,0,0,0,0,0,0,0,0,1,1,0.0,5,1,amour
intimation,1,0,0,0,0,0,0,0,0,0,0,0,0,0,0,1,1,-0.0772,10,1,intimation
seaward,1,0,1,1,0,0,0,0,0,0,0,0,0,0,0,1,1,0.0,7,1,seaward
unquiet,0,0,1,0,0,0,0,0,0,0,0,0,0,0,0,1,1,-0.4588,7,1,unquiet
uneasily,0,0,0,1,0,0,0,0,0,0,0,0,0,0,0,1,1,-0.34,8,1,uneasily
abstracted,0,1,1,0,0,0,0,0,0,0,0,0,0,0,0,1,1,0.7034,10,1,abstracted
rubbing,1,1,0,0,0,0,0,0,0,0,0,0,0,0,0,1,1,0.5994,7,1,rubbing
thomable,0,0,0,0,0,0,0,0,0,0,0,0,0,0,0,1,1,0.5994,8,1,thomable
ventura,0,0,0,0,0,0,0,0,0,0,0,0,0,0,0,1,1,0.0,7,1,ventura
chambermaids,1,0,0,0,0,0,0,0,0,0,0,0,0,0,0,1,1,0.0,12,1,chambermaids
april,1,0,0,0,0,0,0,0,0,0,0,0,0,0,0,1,1,0.0,5,1,april
cannes,1,0,0,0,0,0,0,0,0,0,0,0,0,0,0,1,1,0.0,6,1,cannes
published,0,1,1,0,0,0,0,0,0,0,0,0,0,0,0,1,1,-0.1779,9,1,published
banns,1,0,0,0,0,0,0,0,0,0,0,0,0,0,0,1,1,-0.1779,5,1,banns
account,1,1,0,0,0,0,0,0,0,0,0,0,0,0,0,1,1,0.4588,7,1,account
rumored,0,0,0,0,0,0,0,0,0,0,0,0,0,0,0,1,1,0.4588,7,1,rumored
disgusted,0,1,1,0,0,0,0,0,0,0,0,0,0,0,0,1,1,-0.3415,9,1,disgusted
depressed,0,1,1,0,0,0,0,0,0,0,0,0,0,0,0,1,1,-0.2992,9,1,depressed
nibble,1,1,0,0,0,0,0,0,0,0,0,0,0,0,0,1,1,0.1531,6,1,nibble
egotism,1,0,0,0,0,0,0,0,0,0,0,0,0,0,0,1,1,0.1531,7,1,egotism
frogs,1,1,0,0,0,0,0,0,0,0,0,0,0,0,0,1,1,-0.0258,5,1,frogs
cat,1,1,0,0,0,0,0,0,0,0,0,0,0,0,0,1,1,0.0,3,1,cat
pepper,1,1,0,0,0,0,0,0,0,0,0,0,0,0,0,1,1,0.0,6,1,pepper
leisurely,0,0,1,1,0,0,0,0,0,0,0,0,0,0,0,1,1,0.34,9,1,leisurely
determine,0,1,0,0,0,0,0,0,0,0,0,0,0,0,0,1,1,0.5994,9,1,determine
heavens,1,0,0,0,0,0,0,0,0,0,0,0,0,0,0,1,1,0.5994,7,1,heavens
referring,0,1,0,0,0,0,0,0,0,0,0,0,0,0,0,1,1,0.5499,9,1,referring
guely,0,0,0,0,0,0,0,0,0,0,0,0,0,0,0,1,1,0.5499,5,1,guely
wander,1,1,0,0,0,0,0,0,0,0,0,0,0,0,0,1,1,0.4019,6,1,wander
pumps,1,1,0,0,0,0,0,0,0,0,0,0,0,0,0,1,1,0.4995,5,1,pumps
pools,1,1,0,0,0,0,0,0,0,0,0,0,0,0,0,1,1,0.4995,5,1,pools
estate,1,0,0,0,0,0,0,0,0,0,0,0,0,0,0,1,1,0.4995,6,1,estate
shed,1,1,1,0,0,0,0,0,0,0,0,0,0,0,0,1,1,0.4995,4,1,shed
roller,1,0,0,0,0,0,0,0,0,0,0,0,0,0,0,1,1,0.4995,6,1,roller
organ,1,0,0,0,0,0,0,0,0,0,0,0,0,0,0,1,1,-0.0258,5,1,organ
bellows,1,1,0,0,0,0,0,0,0,0,0,0,0,0,0,1,1,-0.0258,7,1,bellows
creep,1,1,0,0,0,0,0,0,0,0,0,0,0,0,0,1,1,-0.2023,5,1,creep
aspired,0,0,0,0,0,0,0,0,0,0,0,0,0,0,0,1,1,0.0,7,1,aspired
delivered,0,0,0,0,0,0,0,0,0,0,0,0,0,0,0,1,1,0.765,9,1,delivered
womb,1,0,0,0,0,0,0,0,0,0,0,0,0,0,0,1,1,0.765,4,1,womb
modesty,1,0,0,0,0,0,0,0,0,0,0,0,0,0,0,1,1,-0.2263,7,1,modesty
dispensed,0,1,1,0,0,0,0,0,0,0,0,0,0,0,0,1,1,0.2023,9,1,dispensed
starlight,1,0,1,0,0,0,0,0,0,0,0,0,0,0,0,1,1,0.2023,9,1,starlight
fended,0,1,0,0,0,0,0,0,0,0,0,0,0,0,0,1,1,0.0,6,1,fended
corroborated,0,1,1,0,0,0,0,0,0,0,0,0,0,0,0,1,1,0.4939,12,1,corroborated
libel,1,1,0,0,0,0,0,0,0,0,0,0,0,0,0,1,1,0.0,5,1,libel
roadside,1,0,0,0,0,0,0,0,0,0,0,0,0,0,0,1,1,0.0,8,1,roadside
rout,1,1,0,0,0,0,0,0,0,0,0,0,0,0,0,1,1,0.5267,4,1,rout
seek,1,1,0,0,0,0,0,0,0,0,0,0,0,0,0,1,1,0.5267,4,1,seek
sardines,1,0,0,0,0,0,0,0,0,0,0,0,0,0,0,1,1,0.5267,8,1,sardines
fair,1,1,1,1,0,0,0,0,0,0,0,0,0,0,0,1,1,0.3612,4,1,fair
plunge,1,1,0,0,0,0,0,0,0,0,0,0,0,0,0,1,1,0.0,6,1,plunge
tightening,1,0,0,0,0,0,0,0,0,0,0,0,0,0,0,1,1,-0.296,10,1,tightening
peninsula,1,0,0,0,0,0,0,0,0,0,0,0,0,0,0,1,1,0.0,9,1,peninsula
elongating,0,1,0,0,0,0,0,0,0,0,0,0,0,0,0,1,1,0.0,10,1,elongating
glints,1,0,0,0,0,0,0,0,0,0,0,0,0,0,0,1,1,0.0,6,1,glints
girlhood,1,0,0,0,0,0,0,0,0,0,0,0,0,0,0,1,1,0.0,8,1,girlhood
nordic,1,0,1,0,0,0,0,0,0,0,0,0,0,0,0,1,1,0.0,6,1,nordic
peremp,0,0,0,0,0,0,0,0,0,0,0,0,0,0,0,1,1,0.0,6,1,peremp
torily,0,0,0,0,0,0,0,0,0,0,0,0,0,0,0,1,1,0.0,6,1,torily
ears,1,0,0,0,0,0,0,0,0,0,0,0,0,0,0,1,1,-0.024,4,1,ears
heady,0,0,1,0,0,0,0,0,0,0,0,0,0,0,0,1,1,-0.024,5,1,heady
pursuing,0,1,1,0,0,0,0,0,0,0,0,0,0,0,0,1,1,-0.024,8,1,pursuing
facade,1,0,0,0,0,0,0,0,0,0,0,0,0,0,0,1,1,-0.4939,6,1,facade
delicate,1,0,1,0,0,0,0,0,0,0,0,0,0,0,0,1,1,-0.4939,8,1,delicate
disembodied,0,1,1,0,0,0,0,0,0,0,0,0,0,0,0,1,1,-0.296,11,1,disembodied
cornices,1,1,0,0,0,0,0,0,0,0,0,0,0,0,0,1,1,-0.296,8,1,cornices
blinding,1,1,1,0,0,0,0,0,0,0,0,0,0,0,0,1,1,-0.296,8,1,blinding
nourished,0,1,1,0,0,0,0,0,0,0,0,0,0,0,0,1,1,0.1531,9,1,nourished
peremptory,0,0,1,0,0,0,0,0,0,0,0,0,0,0,0,1,1,0.1531,10,1,peremptory
wayside,1,0,0,0,0,0,0,0,0,0,0,0,0,0,0,1,1,0.4995,7,1,wayside
garages,1,1,0,0,0,0,0,0,0,0,0,0,0,0,0,1,1,0.4995,7,1,garages
abandon,1,1,0,0,0,0,0,0,0,0,0,0,0,0,0,1,1,0.0772,7,1,abandon
dipped,0,1,1,0,0,0,0,0,0,0,0,0,0,0,0,1,1,0.7034,6,1,dipped
dealt,0,1,0,0,0,0,0,0,0,0,0,0,0,0,0,1,1,-0.0676,5,1,dealt
universal,1,0,1,0,0,0,0,0,0,0,0,0,0,0,0,1,1,-0.0676,9,1,universal
springs,0,1,0,0,0,0,0,0,0,0,0,0,0,0,0,1,1,0.0516,7,1,springs
critical,1,0,1,0,0,0,0,0,0,0,0,0,0,0,0,1,1,-0.6187,8,1,critical
unpleasant,0,0,1,0,0,0,0,0,0,0,0,0,0,0,0,1,1,-0.6187,10,1,unpleasant
anon,1,0,0,1,0,0,0,0,0,0,0,0,0,0,0,1,1,0.0,4,1,anon
fling,1,1,0,0,0,0,0,0,0,0,0,0,0,0,0,1,1,0.0,5,1,fling
lock,1,1,0,0,0,0,0,0,0,0,0,0,0,0,0,1,1,-0.4588,4,1,lock
accidentally,0,0,0,1,0,0,0,0,0,0,0,0,0,0,0,1,1,-0.4588,12,1,accidentally
closets,1,1,0,0,0,0,0,0,0,0,0,0,0,0,0,1,1,-0.4588,7,1,closets
respon,0,0,0,0,0,0,0,0,0,0,0,0,0,0,0,1,1,0.2263,6,1,respon
sive,0,0,0,0,0,0,0,0,0,0,0,0,0,0,0,1,1,0.2263,4,1,sive
westchester,0,0,0,0,0,0,0,0,0,0,0,0,0,0,0,1,1,0.34,11,1,westchester
pleasing,1,1,1,0,0,0,0,0,0,0,0,0,0,0,0,1,1,0.0516,8,1,pleasing
rotogravure,1,0,0,0,0,0,0,0,0,0,0,0,0,0,0,1,1,0.0516,11,1,rotogravure
pictures,1,1,0,0,0,0,0,0,0,0,0,0,0,0,0,1,1,0.0516,8,1,pictures
sporting,0,1,1,0,0,0,0,0,0,0,0,0,0,0,0,1,1,0.0516,8,1,sporting
asheville,1,0,0,0,0,0,0,0,0,0,0,0,0,0,0,1,1,0.0516,9,1,asheville
confidential,0,0,1,0,0,0,0,0,0,0,0,0,0,0,0,1,1,0.0,12,1,confidential
crises,1,0,0,0,0,0,0,0,0,0,0,0,0,0,0,1,1,0.0,6,1,crises
offer,1,1,0,0,0,0,0,0,0,0,0,0,0,0,0,1,1,0.5105,5,1,offer
tactlessly,0,0,0,1,0,0,0,0,0,0,0,0,0,0,0,1,1,0.5105,10,1,tactlessly
rendered,0,0,0,0,0,0,0,0,0,0,0,0,0,0,0,1,1,0.5105,8,1,rendered
choice,1,0,1,0,0,0,0,0,0,0,0,0,0,0,0,1,1,0.5105,6,1,choice
shying,0,1,0,0,0,0,0,0,0,0,0,0,0,0,0,1,1,-0.3291,6,1,shying
hoping,1,1,0,0,0,0,0,0,0,0,0,0,0,0,0,1,1,0.2263,6,1,hoping
suppressed,0,1,1,0,0,0,0,0,0,0,0,0,0,0,0,1,1,0.4019,10,1,suppressed
carelessly,0,0,0,1,0,0,0,0,0,0,0,0,0,0,0,1,1,-0.25,10,1,carelessly
darker,0,0,0,0,0,0,0,0,0,0,0,0,0,0,0,1,1,0.0,6,1,darker
expanse,1,0,0,0,0,0,0,0,0,0,0,0,0,0,0,1,1,0.0,7,1,expanse
uncertainly,0,0,0,1,0,0,0,0,0,0,0,0,0,0,0,1,1,-0.5719,11,1,uncertainly
ginnings,0,0,0,0,0,0,0,0,0,0,0,0,0,0,0,1,1,0.0,8,1,ginnings
confidently,0,0,0,1,0,0,0,0,0,0,0,0,0,0,0,1,1,0.6997,11,1,confidently
sideline,1,1,0,0,0,0,0,0,0,0,0,0,0,0,0,1,1,0.3182,8,1,sideline
tossing,1,1,1,0,0,0,0,0,0,0,0,0,0,0,0,1,1,0.0,7,1,tossing
issue,1,1,0,0,0,0,0,0,0,0,0,0,0,0,0,1,1,0.0,5,1,issue
shop,1,1,0,0,0,0,0,0,0,0,0,0,0,0,0,1,1,0.1027,4,1,shop
cooled,0,1,1,0,0,0,0,0,0,0,0,0,0,0,0,1,1,0.3612,6,1,cooled
occasional,0,0,1,0,0,0,0,0,0,0,0,0,0,0,0,1,1,0.3612,10,1,occasional
swam,0,1,0,0,0,0,0,0,0,0,0,0,0,0,0,1,1,0.3612,4,1,swam
vacant,0,0,1,0,0,0,0,0,0,0,0,0,0,0,0,1,1,-0.2382,6,1,vacant
clay,1,0,0,0,0,0,0,0,0,0,0,0,0,0,0,1,1,-0.2382,4,1,clay
lemon,1,0,0,0,0,0,0,0,0,0,0,0,0,0,0,1,1,0.1027,5,1,lemon
delicatessen,1,0,0,0,0,0,0,0,0,0,0,0,0,0,0,1,1,0.1027,12,1,delicatessen
uninflected,0,0,1,0,0,0,0,0,0,0,0,0,0,0,0,1,1,0.1779,11,1,uninflected
ning,0,0,0,0,0,0,0,0,0,0,0,0,0,0,0,1,1,0.1779,4,1,ning
tune,1,1,0,0,0,0,0,0,0,0,0,0,0,0,0,1,1,0.1779,4,1,tune
glinted,0,0,0,0,0,0,0,0,0,0,0,0,0,0,0,1,1,0.0516,7,1,glinted
page,1,1,0,0,0,0,0,0,0,0,0,0,0,0,0,1,1,0.0516,4,1,page
muscles,1,1,0,0,0,0,0,0,0,0,0,0,0,0,0,1,1,0.0516,7,1,muscles
greenhouse,1,0,1,0,0,0,0,0,0,0,0,0,0,0,0,1,1,0.0,10,1,greenhouse
receptacles,1,0,0,0,0,0,0,0,0,0,0,0,0,0,0,1,1,0.0,11,1,receptacles
contain,0,1,0,0,0,0,0,0,0,0,0,0,0,0,0,1,1,0.0,7,1,contain
tie,1,1,0,0,0,0,0,0,0,0,0,0,0,0,0,1,1,-0.1531,3,1,tie
sleeplessness,1,0,0,0,0,0,0,0,0,0,0,0,0,0,0,1,1,-0.3818,13,1,sleeplessness
judging,0,1,0,0,0,0,0,0,0,0,0,0,0,0,0,1,1,0.0,7,1,judging
journal,1,0,0,0,0,0,0,0,0,0,0,0,0,0,0,1,1,0.0,7,1,journal
reproachfully,0,0,0,1,0,0,0,0,0,0,0,0,0,0,0,1,1,0.0,13,1,reproachfully
blazed,0,1,0,0,0,0,0,0,0,0,0,0,0,0,0,1,1,0.0,6,1,blazed
gaudily,0,0,0,1,0,0,0,0,0,0,0,0,0,0,0,1,1,0.0,7,1,gaudily
raincoat,1,0,0,0,0,0,0,0,0,0,0,0,0,0,0,1,1,0.0,8,1,raincoat
dragging,1,1,1,0,0,0,0,0,0,0,0,0,0,0,0,1,1,0.0,8,1,dragging
mower,1,0,0,0,0,0,0,0,0,0,0,0,0,0,0,1,1,0.0,5,1,mower
search,1,1,0,0,0,0,0,0,0,0,0,0,0,0,0,1,1,-0.2263,6,1,search
alleys,1,0,0,0,0,0,0,0,0,0,0,0,0,0,0,1,1,-0.2263,6,1,alleys
unnecessary,0,0,1,0,0,0,0,0,0,0,0,0,0,0,0,1,1,0.0,11,1,unnecessary
trick,1,0,0,0,0,0,0,0,0,0,0,0,0,0,0,1,1,-0.4215,5,1,trick
exact,1,0,1,0,0,0,0,0,0,0,0,0,0,0,0,1,1,-0.4215,5,1,exact
contributory,0,0,1,0,0,0,0,0,0,0,0,0,0,0,0,1,1,-0.4215,12,1,contributory
smirk,1,1,0,0,0,0,0,0,0,0,0,0,0,0,0,1,1,0.7269,5,1,smirk
membership,1,0,0,0,0,0,0,0,0,0,0,0,0,0,0,1,1,0.7269,10,1,membership
post,1,1,1,1,0,0,0,0,0,0,0,0,0,0,0,1,1,0.1779,4,1,post
paint,1,1,0,0,0,0,0,0,0,0,0,0,0,0,0,1,1,0.8126,5,1,paint
glisten,0,0,0,0,0,0,0,0,0,0,0,0,0,0,0,1,1,0.8126,7,1,glisten
dash,1,1,1,1,0,0,0,0,0,0,0,0,0,0,0,1,1,0.8126,4,1,dash
wept,0,1,0,0,0,0,0,0,0,0,0,0,0,0,0,1,1,-0.4588,4,1,wept
advanced,0,1,1,0,0,0,0,0,0,0,0,0,0,0,0,1,1,0.3167,8,1,advanced
ceasing,1,0,0,0,0,0,0,0,0,0,0,0,0,0,0,1,1,-0.6369,7,1,ceasing
compel,0,1,0,0,0,0,0,0,0,0,0,0,0,0,0,1,1,-0.6369,6,1,compel
belief,1,0,0,0,0,0,0,0,0,0,0,0,0,0,0,1,1,-0.6369,6,1,belief
basic,1,0,1,0,0,0,0,0,0,0,0,0,0,0,0,1,1,-0.6369,5,1,basic
insincerity,1,0,0,0,0,0,0,0,0,0,0,0,0,0,0,1,1,-0.6369,11,1,insincerity
dripping,1,1,1,1,0,0,0,0,0,0,0,0,0,0,0,1,1,0.0,8,1,dripping
lilac,1,0,1,0,0,0,0,0,0,0,0,0,0,0,0,1,1,0.0,5,1,lilac
cornered,0,0,1,0,0,0,0,0,0,0,0,0,0,0,0,1,1,0.765,8,1,cornered
dearest,1,0,0,0,0,0,0,0,0,0,0,0,0,0,0,1,1,0.5574,7,1,dearest
exhilarating,0,1,1,0,0,0,0,0,0,0,0,0,0,0,0,1,1,0.4019,12,1,exhilarating
ripple,1,1,1,0,0,0,0,0,0,0,0,0,0,0,0,1,1,0.4019,6,1,ripple
tonic,1,0,1,0,0,0,0,0,0,0,0,0,0,0,0,1,1,0.4019,5,1,tonic
streak,1,1,0,0,0,0,0,0,0,0,0,0,0,0,0,1,1,0.8126,6,1,streak
economics,1,0,0,0,0,0,0,0,0,0,0,0,0,0,0,1,1,-0.2382,9,1,economics
tread,1,1,0,0,0,0,0,0,0,0,0,0,0,0,0,1,1,-0.2382,5,1,tread
bleared,0,0,0,0,0,0,0,0,0,0,0,0,0,0,0,1,1,-0.2382,7,1,bleared
alarming,0,1,1,0,0,0,0,0,0,0,0,0,0,0,0,1,1,-0.2382,8,1,alarming
happenings,1,0,0,0,0,0,0,0,0,0,0,0,0,0,0,1,1,-0.2382,10,1,happenings
elsewhere,1,0,0,1,0,0,0,0,0,0,0,0,0,0,0,1,1,-0.128,9,1,elsewhere
lane,1,0,1,0,0,0,0,0,0,0,0,0,0,0,0,1,1,-0.4767,4,1,lane
harrowed,0,1,0,0,0,0,0,0,0,0,0,0,0,0,0,1,1,0.0,8,1,harrowed
ether,1,0,0,0,0,0,0,0,0,0,0,0,0,0,0,1,1,-0.3642,5,1,ether
abortive,1,0,1,0,0,0,0,0,0,0,0,0,0,0,0,1,1,0.5574,8,1,abortive
luck,1,0,0,0,0,0,0,0,0,0,0,0,0,0,0,1,1,0.1779,4,1,luck
ily,0,0,0,0,0,0,0,0,0,0,0,0,0,0,0,1,1,0.1779,3,1,ily
tilt,1,1,0,0,0,0,0,0,0,0,0,0,0,0,0,1,1,0.1779,4,1,tilt
dangerously,0,0,0,1,0,0,0,0,0,0,0,0,0,0,0,1,1,0.1779,11,1,dangerously
tropical,1,0,1,0,0,0,0,0,0,0,0,0,0,0,0,1,1,0.0,8,1,tropical
burn,1,1,0,0,0,0,0,0,0,0,0,0,0,0,0,1,1,0.0,4,1,burn
distraught,0,0,1,0,0,0,0,0,0,0,0,0,0,0,0,1,1,0.1901,10,1,distraught
momenta,1,0,0,0,0,0,0,0,0,0,0,0,0,0,0,1,1,0.5574,7,1,momenta
rily,0,0,0,0,0,0,0,0,0,0,0,0,0,0,0,1,1,0.5574,4,1,rily
velvet,1,0,1,0,0,0,0,0,0,0,0,0,0,0,0,1,1,0.6486,6,1,velvet
feebly,0,0,0,1,0,0,0,0,0,0,0,0,0,0,0,1,1,0.0,6,1,feebly
talks,1,1,0,0,0,0,0,0,0,0,0,0,0,0,0,1,1,0.0,5,1,talks
eats,0,1,0,0,0,0,0,0,0,0,0,0,0,0,0,1,1,0.0,4,1,eats
born,1,1,1,0,0,0,0,0,0,0,0,0,0,0,0,1,1,0.0,4,1,born
stalked,0,1,1,0,0,0,0,0,0,0,0,0,0,0,0,1,1,-0.2263,7,1,stalked
choking,1,1,1,0,0,0,0,0,0,0,0,0,0,0,0,1,1,0.4417,7,1,choking
awfully,0,0,0,1,0,0,0,0,0,0,0,0,0,0,0,1,1,0.6901,7,1,awfully
endured,0,0,0,0,0,0,0,0,0,0,0,0,0,0,0,1,1,-0.5267,7,1,endured
reclining,1,1,1,0,0,0,0,0,0,0,0,0,0,0,0,1,1,0.296,9,1,reclining
counterfeit,1,0,1,0,0,0,0,0,0,0,0,0,0,0,0,1,1,0.296,11,1,counterfeit
boredom,1,0,0,0,0,0,0,0,0,0,0,0,0,0,0,1,1,0.296,7,1,boredom
defunct,0,0,1,0,0,0,0,0,0,0,0,0,0,0,0,1,1,0.1901,7,1,defunct
castle,1,1,0,0,0,0,0,0,0,0,0,0,0,0,0,1,1,0.0,6,1,castle
rackrent,0,0,0,0,0,0,0,0,0,0,0,0,0,0,0,1,1,0.0,8,1,rackrent
serted,0,0,0,0,0,0,0,0,0,0,0,0,0,0,0,1,1,0.2732,6,1,serted
knocking,1,1,0,0,0,0,0,0,0,0,0,0,0,0,0,1,1,0.4939,8,1,knocking
weights,1,0,0,0,0,0,0,0,0,0,0,0,0,0,0,1,1,-0.7269,7,1,weights
pud,1,0,0,0,0,0,0,0,0,0,0,0,0,0,0,1,1,-0.7269,3,1,pud
dle,0,0,0,0,0,0,0,0,0,0,0,0,0,0,0,1,1,-0.7269,3,1,dle
glaring,1,1,1,0,0,0,0,0,0,0,0,0,0,0,0,1,1,-0.7269,7,1,glaring
cautiously,0,0,0,1,0,0,0,0,0,0,0,0,0,0,0,1,1,0.25,10,1,cautiously
circuit,1,1,0,0,0,0,0,0,0,0,0,0,0,0,0,1,1,0.0516,7,1,circuit
knotted,0,1,1,0,0,0,0,0,0,0,0,0,0,0,0,1,1,0.0516,7,1,knotted
fabric,1,0,0,0,0,0,0,0,0,0,0,0,0,0,0,1,1,0.0516,6,1,fabric
irregular,1,0,1,0,0,0,0,0,0,0,0,0,0,0,0,1,1,0.0,9,1,irregular
abounded,0,1,0,0,0,0,0,0,0,0,0,0,0,0,0,1,1,0.0,8,1,abounded
muddy,0,1,1,0,0,0,0,0,0,0,0,0,0,0,0,1,1,0.0,5,1,muddy
prehistoric,0,0,1,0,0,0,0,0,0,0,0,0,0,0,0,1,1,0.0,11,1,prehistoric
urgency,1,0,0,0,0,0,0,0,0,0,0,0,0,0,0,1,1,0.2617,7,1,urgency
intriguing,0,1,1,0,0,0,0,0,0,0,0,0,0,0,0,1,1,0.2732,10,1,intriguing
needless,0,0,1,0,0,0,0,0,0,0,0,0,0,0,0,1,1,0.0,8,1,needless
deaf,1,0,1,0,0,0,0,0,0,0,0,0,0,0,0,1,1,0.8555,4,1,deaf
connecting,0,1,1,0,0,0,0,0,0,0,0,0,0,0,0,1,1,0.8555,10,1,connecting
luckily,0,0,0,1,0,0,0,0,0,0,0,0,0,0,0,1,1,-0.1779,7,1,luckily
rude,0,0,1,0,0,0,0,0,0,0,0,0,0,0,0,1,1,-0.6124,4,1,rude
unforget,0,0,0,0,0,0,0,0,0,0,0,0,0,0,0,1,1,0.25,8,1,unforget
conscientiously,0,0,0,1,0,0,0,0,0,0,0,0,0,0,0,1,1,-0.6369,15,1,conscientiously
calmness,1,0,0,0,0,0,0,0,0,0,0,0,0,0,0,1,1,0.4588,8,1,calmness
alarm,1,1,0,0,0,0,0,0,0,0,0,0,0,0,0,1,1,-0.5106,5,1,alarm
pered,0,0,0,0,0,0,0,0,0,0,0,0,0,0,0,1,1,0.2732,5,1,pered
mastered,0,0,1,0,0,0,0,0,0,0,0,0,0,0,0,1,1,0.2617,8,1,mastered
hardy,1,0,1,0,0,0,0,0,0,0,0,0,0,0,0,1,1,0.2617,5,1,hardy
skep,1,0,0,0,0,0,0,0,0,0,0,0,0,0,0,1,1,0.2617,4,1,skep
ticism,0,0,0,0,0,0,0,0,0,0,0,0,0,0,0,1,1,0.2617,6,1,ticism
muster,1,1,0,0,0,0,0,0,0,0,0,0,0,0,0,1,1,0.0,6,1,muster
commonplace,1,0,1,0,0,0,0,0,0,0,0,0,0,0,0,1,1,0.0,11,1,commonplace
idiotically,0,0,0,1,0,0,0,0,0,0,0,0,0,0,0,1,1,0.0,11,1,idiotically
automatic,1,0,1,0,0,0,0,0,0,0,0,0,0,0,0,1,1,0.0,9,1,automatic
desperate,1,0,1,0,0,0,0,0,0,0,0,0,0,0,0,1,1,0.1027,9,1,desperate
gestion,0,0,0,0,0,0,0,0,0,0,0,0,0,0,0,1,1,0.1027,7,1,gestion
demoniac,1,0,1,0,0,0,0,0,0,0,0,0,0,0,0,1,1,0.1027,8,1,demoniac
amid,0,0,0,0,0,0,0,0,0,0,0,0,0,0,0,1,1,0.4404,4,1,amid
meditatively,0,0,0,1,0,0,0,0,0,0,0,0,0,0,0,1,1,0.0,12,1,meditatively
swelling,1,1,1,0,0,0,0,0,0,0,0,0,0,0,0,1,1,0.3612,8,1,swelling
gusts,1,0,0,0,0,0,0,0,0,0,0,0,0,0,0,1,1,0.3612,5,1,gusts
noise,1,0,0,0,0,0,0,0,0,0,0,0,0,0,0,1,1,0.0,5,1,noise
vestige,1,0,0,0,0,0,0,0,0,0,0,0,0,0,0,1,1,0.0,7,1,vestige
smeared,0,1,1,0,0,0,0,0,0,0,0,0,0,0,0,1,1,-0.2263,7,1,smeared
confounding,0,0,1,0,0,0,0,0,0,0,0,0,0,0,0,1,1,0.0,11,1,confounding
exul,0,0,0,0,0,0,0,0,0,0,0,0,0,0,0,1,1,0.0,4,1,exul
cunard,0,0,0,0,0,0,0,0,0,0,0,0,0,0,0,1,1,0.0,6,1,cunard
subjects,1,1,0,0,0,0,0,0,0,0,0,0,0,0,0,1,1,-0.1779,8,1,subjects
fragments,1,0,0,0,0,0,0,0,0,0,0,0,0,0,0,1,1,-0.6486,9,1,fragments
conscious,0,0,1,0,0,0,0,0,0,0,0,0,0,0,0,1,1,-0.6486,9,1,conscious
wanting,1,1,1,0,0,0,0,0,0,0,0,0,0,0,0,1,1,-0.6486,7,1,wanting
squarely,0,0,0,1,0,0,0,0,0,0,0,0,0,0,0,1,1,-0.6486,8,1,squarely
ner,0,0,0,0,0,0,0,0,0,0,0,0,0,0,0,1,1,0.3182,3,1,ner
spoonful,1,0,0,0,0,0,0,0,0,0,0,0,0,0,0,1,1,0.3182,8,1,spoonful
refusal,1,0,0,0,0,0,0,0,0,0,0,0,0,0,0,1,1,0.6369,7,1,refusal
decline,1,1,0,0,0,0,0,0,0,0,0,0,0,0,0,1,1,0.6369,7,1,decline
serfs,1,0,0,0,0,0,0,0,0,0,0,0,0,0,0,1,1,-0.296,5,1,serfs
obstinate,0,1,1,0,0,0,0,0,0,0,0,0,0,0,0,1,1,-0.296,9,1,obstinate
peasantry,1,0,0,0,0,0,0,0,0,0,0,0,0,0,0,1,1,-0.296,9,1,peasantry
shone,0,1,0,0,0,0,0,0,0,0,0,0,0,0,0,1,1,0.3182,5,1,shone
searchingly,0,0,0,1,0,0,0,0,0,0,0,0,0,0,0,1,1,0.3384,11,1,searchingly
nightingale,1,0,0,0,0,0,0,0,0,0,0,0,0,0,0,1,1,0.0,11,1,nightingale
kant,1,0,0,0,0,0,0,0,0,0,0,0,0,0,0,1,1,0.8091,4,1,kant
steeple,1,0,0,0,0,0,0,0,0,0,0,0,0,0,0,1,1,0.8091,7,1,steeple
craze,1,1,0,0,0,0,0,0,0,0,0,0,0,0,0,1,1,0.0258,5,1,craze
taxes,1,1,0,0,0,0,0,0,0,0,0,0,0,0,0,1,1,0.0258,5,1,taxes
neighboring,0,0,1,0,0,0,0,0,0,0,0,0,0,0,0,1,1,0.0258,11,1,neighboring
cottages,1,0,0,0,0,0,0,0,0,0,0,0,0,0,0,1,1,0.0258,8,1,cottages
owners,1,0,0,0,0,0,0,0,0,0,0,0,0,0,0,1,1,0.0258,6,1,owners
thatched,0,1,0,0,0,0,0,0,0,0,0,0,0,0,0,1,1,0.0258,8,1,thatched
gleamed,0,1,0,0,0,0,0,0,0,0,0,0,0,0,0,1,1,0.0,7,1,gleamed
postern,1,0,1,0,0,0,0,0,0,0,0,0,0,0,0,1,1,-0.2732,7,1,postern
enchanting,0,1,1,0,0,0,0,0,0,0,0,0,0,0,0,1,1,0.8689,10,1,enchanting
murmurs,1,1,0,0,0,0,0,0,0,0,0,0,0,0,0,1,1,0.8689,7,1,murmurs
aspect,1,0,0,0,0,0,0,0,0,0,0,0,0,0,0,1,1,0.8689,6,1,aspect
feudal,0,0,1,0,0,0,0,0,0,0,0,0,0,0,0,1,1,0.8689,6,1,feudal
jonquils,1,0,0,0,0,0,0,0,0,0,0,0,0,0,0,1,1,0.8689,8,1,jonquils
frothy,0,0,1,0,0,0,0,0,0,0,0,0,0,0,0,1,1,0.8689,6,1,frothy
happening,1,0,1,0,0,0,0,0,0,0,0,0,0,0,0,1,1,0.0,9,1,happening
honestly,0,0,0,1,0,0,0,0,0,0,0,0,0,0,0,1,1,0.34,8,1,honestly
hesitantly,0,0,0,1,0,0,0,0,0,0,0,0,0,0,0,1,1,-0.296,10,1,hesitantly
grasped,0,1,0,0,0,0,0,0,0,0,0,0,0,0,0,1,1,0.0,7,1,grasped
crunch,1,1,0,0,0,0,0,0,0,0,0,0,0,0,0,1,1,0.0,6,1,crunch
appropriate,0,1,1,0,0,0,0,0,0,0,0,0,0,0,0,1,1,0.0,11,1,appropriate
proposed,0,1,1,0,0,0,0,0,0,0,0,0,0,0,0,1,1,0.0,8,1,proposed
rows,1,1,0,0,0,0,0,0,0,0,0,0,0,0,0,1,1,0.0,4,1,rows
catches,0,1,0,0,0,0,0,0,0,0,0,0,0,0,0,1,1,0.0,7,1,catches
arched,0,1,1,0,0,0,0,0,0,0,0,0,0,0,0,1,1,0.0,6,1,arched
earn,1,1,0,0,0,0,0,0,0,0,0,0,0,0,0,1,1,0.0,4,1,earn
subdued,0,0,1,0,0,0,0,0,0,0,0,0,0,0,0,1,1,-0.1531,7,1,subdued
unashamed,0,0,1,0,0,0,0,0,0,0,0,0,0,0,0,1,1,-0.1531,9,1,unashamed
trembled,0,1,0,0,0,0,0,0,0,0,0,0,0,0,0,1,1,0.296,8,1,trembled
coherence,1,0,0,0,0,0,0,0,0,0,0,0,0,0,0,1,1,0.296,9,1,coherence
altogether,0,0,0,1,0,0,0,0,0,0,0,0,0,0,0,1,1,0.296,10,1,altogether
tation,0,0,0,0,0,0,0,0,0,0,0,0,0,0,0,1,1,0.0,6,1,tation
radiated,0,1,0,0,0,0,0,0,0,0,0,0,0,0,0,1,1,0.0,8,1,radiated
patron,1,0,0,0,0,0,0,0,0,0,0,0,0,0,0,1,1,0.9325,6,1,patron
recurrent,0,0,1,0,0,0,0,0,0,0,0,0,0,0,0,1,1,0.9325,9,1,recurrent
aching,0,1,1,0,0,0,0,0,0,0,0,0,0,0,0,1,1,0.6908,6,1,aching
grieving,1,1,1,0,0,0,0,0,0,0,0,0,0,0,0,1,1,0.6908,8,1,grieving
hu,0,0,0,0,0,0,0,0,0,0,0,0,0,0,0,1,1,0.0,2,0,hu
miliation,0,0,0,0,0,0,0,0,0,0,0,0,0,0,0,1,1,0.0,9,1,miliation
pajamas,0,0,0,0,0,0,0,0,0,0,0,0,0,0,0,1,1,0.0,7,1,pajamas
liver,1,0,0,0,0,0,0,0,0,0,0,0,0,0,0,1,1,0.0,5,1,liver
wandering,1,0,1,0,0,0,0,0,0,0,0,0,0,0,0,1,1,0.0,9,1,wandering
hungrily,0,0,0,1,0,0,0,0,0,0,0,0,0,0,0,1,1,0.0,8,1,hungrily
adam,1,0,1,0,0,0,0,0,0,0,0,0,0,0,0,1,1,0.0,4,1,adam
chartreuse,1,0,1,0,0,0,0,0,0,0,0,0,0,0,0,1,1,0.0,10,1,chartreuse
cupboard,1,0,0,0,0,0,0,0,0,0,0,0,0,0,0,1,1,0.0,8,1,cupboard
revalued,0,1,0,0,0,0,0,0,0,0,0,0,0,0,0,1,1,0.0,8,1,revalued
flowed,0,1,0,0,0,0,0,0,0,0,0,0,0,0,0,1,1,0.8957,6,1,flowed
thril,0,0,0,0,0,0,0,0,0,0,0,0,0,0,0,1,1,0.8957,5,1,thril
ling,1,0,0,0,0,0,0,0,0,0,0,0,0,0,0,1,1,0.8957,4,1,ling
napkin,1,0,0,0,0,0,0,0,0,0,0,0,0,0,0,1,1,0.0,6,1,napkin
cused,0,0,0,0,0,0,0,0,0,0,0,0,0,0,0,1,1,0.0,5,1,cused
devoid,0,0,1,0,0,0,0,0,0,0,0,0,0,0,0,1,1,-0.1531,6,1,devoid
warning,1,1,1,0,0,0,0,0,0,0,0,0,0,0,0,1,1,-0.34,7,1,warning
dishevelled,0,0,1,0,0,0,0,0,0,0,0,0,0,0,0,1,1,0.0,11,1,dishevelled
poolrooms,1,0,0,0,0,0,0,0,0,0,0,0,0,0,0,1,1,0.0,9,1,poolrooms
intruding,0,1,1,0,0,0,0,0,0,0,0,0,0,0,0,1,1,0.0,9,1,intruding
chamber,1,1,0,0,0,0,0,0,0,0,0,0,0,0,0,1,1,0.0,7,1,chamber
quickened,0,0,0,0,0,0,0,0,0,0,0,0,0,0,0,1,1,0.0,9,1,quickened
remind,0,1,0,0,0,0,0,0,0,0,0,0,0,0,0,1,1,0.0,6,1,remind
firmation,0,0,0,0,0,0,0,0,0,0,0,0,0,0,0,1,1,-0.1531,9,1,firmation
temporizing,0,1,0,0,0,0,0,0,0,0,0,0,0,0,0,1,1,0.8957,11,1,temporizing
stirring,1,1,1,0,0,0,0,0,0,0,0,0,0,0,0,1,1,0.8957,8,1,stirring
hawthorn,1,0,0,0,0,0,0,0,0,0,0,0,0,0,0,1,1,0.8689,8,1,hawthorn
blossoms,1,1,0,0,0,0,0,0,0,0,0,0,0,0,0,1,1,0.8689,8,1,blossoms
marie,0,0,0,0,0,0,0,0,0,0,0,0,0,0,0,1,1,0.7034,5,1,marie
antoinette,0,0,0,0,0,0,0,0,0,0,0,0,0,0,0,1,1,0.7034,10,1,antoinette
merton,1,0,0,0,0,0,0,0,0,0,0,0,0,0,0,1,1,0.4939,6,1,merton
col,1,0,0,0,0,0,0,0,0,0,0,0,0,0,0,1,1,0.4939,3,1,col
lege,0,0,0,0,0,0,0,0,0,0,0,0,0,0,0,1,1,0.4939,4,1,lege
swathed,0,0,0,0,0,0,0,0,0,0,0,0,0,0,0,1,1,0.0,7,1,swathed
inconceivable,0,0,1,0,0,0,0,0,0,0,0,0,0,0,0,1,1,0.0,13,1,inconceivable
pitch,1,1,0,0,0,0,0,0,0,0,0,0,0,0,0,1,1,0.0,5,1,pitch
overwound,0,0,0,0,0,0,0,0,0,0,0,0,0,0,0,1,1,0.3612,9,1,overwound
recovering,0,0,1,0,0,0,0,0,0,0,0,0,0,0,0,1,1,0.3612,10,1,recovering
cabinets,1,0,0,0,0,0,0,0,0,0,0,0,0,0,0,1,1,0.3612,8,1,cabinets
gowns,1,1,0,0,0,0,0,0,0,0,0,0,0,0,0,1,1,0.3612,5,1,gowns
ties,1,1,0,0,0,0,0,0,0,0,0,0,0,0,0,1,1,0.3612,4,1,ties
piled,0,1,1,0,0,0,0,0,0,0,0,0,0,0,0,1,1,0.3612,5,1,piled
polisher,1,0,0,0,0,0,0,0,0,0,0,0,0,0,0,1,1,0.0,8,1,polisher
polish,1,1,1,0,0,0,0,0,0,0,0,0,0,0,0,1,1,-0.6249,6,1,polish
gan,0,0,0,0,0,0,0,0,0,0,0,0,0,0,0,1,1,-0.6249,3,1,gan
affection,1,0,0,0,0,0,0,0,0,0,0,0,0,0,0,1,1,0.91,9,1,affection
deserting,0,1,0,0,0,0,0,0,0,0,0,0,0,0,0,1,1,0.91,9,1,deserting
lingering,0,0,1,0,0,0,0,0,0,0,0,0,0,0,0,1,1,0.91,9,1,lingering
regret,0,1,0,0,0,0,0,0,0,0,0,0,0,0,0,1,1,0.91,6,1,regret
teeth,1,0,0,0,0,0,0,0,0,0,0,0,0,0,0,1,1,0.0,5,1,teeth
brush,1,1,0,0,0,0,0,0,0,0,0,0,0,0,0,1,1,0.8176,5,1,brush
smoothed,0,1,1,0,0,0,0,0,0,0,0,0,0,0,0,1,1,0.8176,8,1,smoothed
shaded,0,1,1,0,0,0,0,0,0,0,0,0,0,0,0,1,1,0.8176,6,1,shaded
funniest,0,0,1,0,0,0,0,0,0,0,0,0,0,0,0,1,1,0.5574,8,1,funniest
states,1,1,0,0,0,0,0,0,0,0,0,0,0,0,0,1,1,0.0,6,1,states
entering,1,0,1,0,0,0,0,0,0,0,0,0,0,0,0,1,1,0.0,8,1,entering
unreasoning,0,0,1,0,0,0,0,0,0,0,0,0,0,0,0,1,1,0.2263,11,1,unreasoning
sumed,0,0,0,0,0,0,0,0,0,0,0,0,0,0,0,1,1,0.2263,5,1,sumed
measure,1,1,0,0,0,0,0,0,0,0,0,0,0,0,0,1,1,0.0,7,1,measure
response,1,0,0,0,0,0,0,0,0,0,0,0,0,0,0,1,1,0.0,8,1,response
dazed,0,0,1,0,0,0,0,0,0,0,0,0,0,0,0,1,1,0.2732,5,1,dazed
astounding,0,0,1,0,0,0,0,0,0,0,0,0,0,0,0,1,1,0.2732,10,1,astounding
toppled,0,1,0,0,0,0,0,0,0,0,0,0,0,0,0,1,1,0.0,7,1,toppled
dresser,1,0,0,0,0,0,0,0,0,0,0,0,0,0,0,1,1,-0.4019,7,1,dresser
toilet,1,0,0,0,0,0,0,0,0,0,0,0,0,0,0,1,1,-0.4019,6,1,toilet
pure,0,0,1,0,0,0,0,0,0,0,0,0,0,0,0,1,1,-0.4019,4,1,pure
slight,1,1,1,0,0,0,0,0,0,0,0,0,0,0,0,1,1,-0.2732,6,1,slight
art,1,0,0,0,0,0,0,0,0,0,0,0,0,0,0,1,1,0.0,3,1,art
pathetic,0,0,1,0,0,0,0,0,0,0,0,0,0,0,0,1,1,-0.5719,8,1,pathetic
placency,0,0,0,0,0,0,0,0,0,0,0,0,0,0,0,1,1,-0.5719,8,1,placency
interruption,1,0,0,0,0,0,0,0,0,0,0,0,0,0,0,1,1,-0.3612,12,1,interruption
burns,1,1,0,0,0,0,0,0,0,0,0,0,0,0,0,1,1,0.0,5,1,burns
compared,0,1,0,0,0,0,0,0,0,0,0,0,0,0,0,1,1,0.6249,8,1,compared
enc,0,0,0,0,0,0,0,0,0,0,0,0,0,0,0,1,1,0.0,3,1,enc
sobbed,0,1,0,0,0,0,0,0,0,0,0,0,0,0,0,1,1,0.25,6,1,sobbed
makes,1,1,0,0,0,0,0,0,0,0,0,0,0,0,0,1,1,-0.7388,5,1,makes
grounds,1,1,0,0,0,0,0,0,0,0,0,0,0,0,0,1,1,0.0,7,1,grounds
fervent,0,0,1,0,0,0,0,0,0,0,0,0,0,0,0,1,1,0.2732,7,1,fervent
california,1,0,0,0,0,0,0,0,0,0,0,0,0,0,0,1,1,-0.0772,10,1,california
terrupted,0,0,0,0,0,0,0,0,0,0,0,0,0,0,0,1,1,-0.0772,9,1,terrupted
nordics,1,0,0,0,0,0,0,0,0,0,0,0,0,0,0,1,1,0.0,7,1,nordics
infinitesimal,1,0,1,0,0,0,0,0,0,0,0,0,0,0,0,1,1,-0.2732,13,1,infinitesimal
scrolls,1,1,0,0,0,0,0,0,0,0,0,0,0,0,0,1,1,0.7845,7,1,scrolls
plaids,1,0,0,0,0,0,0,0,0,0,0,0,0,0,0,1,1,0.7845,6,1,plaids
coral,1,0,1,0,0,0,0,0,0,0,0,0,0,0,0,1,1,0.7845,5,1,coral
apple,1,0,0,0,0,0,0,0,0,0,0,0,0,0,0,1,1,0.7845,5,1,apple
orange,1,0,1,0,0,0,0,0,0,0,0,0,0,0,0,1,1,0.7845,6,1,orange
monograms,1,0,0,0,0,0,0,0,0,0,0,0,0,0,0,1,1,0.7845,9,1,monograms
indian,1,0,1,0,0,0,0,0,0,0,0,0,0,0,0,1,1,0.7845,6,1,indian
stormily,0,0,0,1,0,0,0,0,0,0,0,0,0,0,0,1,1,-0.7003,8,1,stormily
bricks,0,0,0,0,0,0,0,0,0,0,0,0,0,0,0,1,1,0.3612,6,1,bricks
stacks,1,1,0,0,0,0,0,0,0,0,0,0,0,0,0,1,1,0.3612,6,1,stacks
buys,1,1,0,0,0,0,0,0,0,0,0,0,0,0,0,1,1,0.0,4,1,buys
selection,1,0,0,0,0,0,0,0,0,0,0,0,0,0,0,1,1,0.0,9,1,selection
pile,1,1,0,0,0,0,0,0,0,0,0,0,0,0,0,1,1,-0.128,4,1,pile
disarray,1,0,0,0,0,0,0,0,0,0,0,0,0,0,0,1,1,0.0,8,1,disarray
heap,1,1,0,1,0,0,0,0,0,0,0,0,0,0,0,1,1,0.7845,4,1,heap
stripes,1,1,0,0,0,0,0,0,0,0,0,0,0,0,0,1,1,0.7845,7,1,stripes
accompanied,0,1,1,0,0,0,0,0,0,0,0,0,0,0,0,1,1,-0.5279,11,1,accompanied
shell,1,1,1,0,0,0,0,0,0,0,0,0,0,0,0,1,1,-0.5279,5,1,shell
rimmed,0,1,1,0,0,0,0,0,0,0,0,0,0,0,0,1,1,-0.5279,6,1,rimmed
scanty,0,0,1,0,0,0,0,0,0,0,0,0,0,0,0,1,1,-0.5279,6,1,scanty
clothed,0,1,1,0,0,0,0,0,0,0,0,0,0,0,0,1,1,0.5574,7,1,clothed
sneakers,1,0,0,0,0,0,0,0,0,0,0,0,0,0,0,1,1,0.5574,8,1,sneakers
trous,0,0,0,0,0,0,0,0,0,0,0,0,0,0,0,1,1,0.5574,5,1,trous
ers,0,0,0,0,0,0,0,0,0,0,0,0,0,0,0,1,1,0.5574,3,1,ers
unthoughtful,0,0,1,0,0,0,0,0,0,0,0,0,0,0,0,1,1,-0.4404,12,1,unthoughtful
reads,1,1,0,0,0,0,0,0,0,0,0,0,0,0,0,1,1,0.0,5,1,reads
dominant,1,0,1,0,0,0,0,0,0,0,0,0,0,0,0,1,1,0.0,8,1,dominant
races,1,1,0,0,0,0,0,0,0,0,0,0,0,0,0,1,1,0.0,5,1,races
winking,0,1,1,0,0,0,0,0,0,0,0,0,0,0,0,1,1,0.2732,7,1,winking
ciously,0,0,0,0,0,0,0,0,0,0,0,0,0,0,0,1,1,0.2732,7,1,ciously
ence,0,0,0,0,0,0,0,0,0,0,0,0,0,0,0,1,1,0.2316,4,1,ence
satisfactorily,0,0,0,1,0,0,0,0,0,0,0,0,0,0,0,1,1,0.2316,14,1,satisfactorily
billow,1,1,0,0,0,0,0,0,0,0,0,0,0,0,0,1,1,-0.4215,6,1,billow
foamy,0,0,1,0,0,0,0,0,0,0,0,0,0,0,0,1,1,-0.4215,5,1,foamy
pres,1,0,0,0,0,0,0,0,0,0,0,0,0,0,0,1,1,0.2316,4,1,pres
pessimist,1,0,0,0,0,0,0,0,0,0,0,0,0,0,0,1,1,-0.6808,9,1,pessimist
coloured,1,0,1,0,0,0,0,0,0,0,0,0,0,0,0,1,1,0.0,8,1,coloured
empires,1,0,0,0,0,0,0,0,0,0,0,0,0,0,0,1,1,0.0,7,1,empires
goddard,1,0,0,0,0,0,0,0,0,0,0,0,0,0,0,1,1,0.0,7,1,goddard
proved,0,1,1,0,0,0,0,0,0,0,0,0,0,0,0,1,1,0.0,6,1,proved
hanted,0,0,0,0,0,0,0,0,0,0,0,0,0,0,0,1,1,0.0,6,1,hanted
ob,1,0,0,0,0,0,0,0,0,0,0,0,0,0,0,1,1,-0.25,2,1,ob
jects,0,0,0,0,0,0,0,0,0,0,0,0,0,0,0,1,1,-0.25,5,1,jects
elderly,1,0,1,0,0,0,0,0,0,0,0,0,0,0,0,1,1,0.4215,7,1,elderly
reau,0,0,0,0,0,0,0,0,0,0,0,0,0,0,0,1,1,0.0,4,1,reau
defiantly,0,0,0,1,0,0,0,0,0,0,0,0,0,0,0,1,1,0.0,9,1,defiantly
adore,0,1,0,0,0,0,0,0,0,0,0,0,0,0,0,1,1,0.5574,5,1,adore
clippings,0,0,0,0,0,0,0,0,0,0,0,0,0,0,0,1,1,0.0,9,1,clippings
richer,0,0,0,0,0,0,0,0,0,0,0,0,0,0,0,1,1,0.8126,6,1,richer
meantime,0,0,0,1,0,0,0,0,0,0,0,0,0,0,0,1,1,0.2732,8,1,meantime
bewil,0,0,0,0,0,0,0,0,0,0,0,0,0,0,0,1,1,0.2732,5,1,bewil
derment,0,0,0,0,0,0,0,0,0,0,0,0,0,0,0,1,1,0.2732,7,1,derment
illusion,1,0,0,0,0,0,0,0,0,0,0,0,0,0,0,1,1,0.2732,8,1,illusion
creative,0,0,1,0,0,0,0,0,0,0,0,0,0,0,0,1,1,0.7003,8,1,creative
pas,1,0,0,0,0,0,0,0,0,0,0,0,0,0,0,1,1,0.7003,3,1,pas
decking,0,1,0,0,0,0,0,0,0,0,0,0,0,0,0,1,1,0.7003,7,1,decking
uncivilized,0,0,1,0,0,0,0,0,0,0,0,0,0,0,0,1,1,0.6652,11,1,uncivilized
confessed,0,1,1,0,0,0,0,0,0,0,0,0,0,0,0,1,1,0.6652,9,1,confessed
corky,0,0,1,0,0,0,0,0,0,0,0,0,0,0,0,1,1,0.6652,5,1,corky
claret,1,1,0,0,0,0,0,0,0,0,0,0,0,0,0,1,1,0.6652,6,1,claret
crops,1,1,0,0,0,0,0,0,0,0,0,0,0,0,0,1,1,0.0,5,1,crops
thunder,1,1,0,0,0,0,0,0,0,0,0,0,0,0,0,1,1,0.0,7,1,thunder
plunging,1,1,0,0,0,0,0,0,0,0,0,0,0,0,0,1,1,0.0,8,1,plunging
generating,0,1,0,0,0,0,0,0,0,0,0,0,0,0,0,1,1,0.4939,10,1,generating
bounced,0,1,0,0,0,0,0,0,0,0,0,0,0,0,0,1,1,-0.7452,7,1,bounced
nest,1,1,0,0,0,0,0,0,0,0,0,0,0,0,0,1,1,0.0258,4,1,nest
ain,0,0,1,0,0,0,0,0,0,0,0,0,0,0,0,1,1,0.0,3,1,ain
entertain,0,1,0,0,0,0,0,0,0,0,0,0,0,0,0,1,1,0.8555,9,1,entertain
entertained,0,1,1,0,0,0,0,0,0,0,0,0,0,0,0,1,1,0.8555,11,1,entertained
anticipation,1,0,0,0,0,0,0,0,0,0,0,0,0,0,0,1,1,-0.6908,12,1,anticipation
nerv,0,0,0,0,0,0,0,0,0,0,0,0,0,0,0,1,1,-0.6908,4,1,nerv
dread,1,0,1,0,0,0,0,0,0,0,0,0,0,0,0,1,1,-0.6908,5,1,dread
nebulous,0,0,1,0,0,0,0,0,0,0,0,0,0,0,0,1,1,0.5574,8,1,nebulous
hue,1,1,0,0,0,0,0,0,0,0,0,0,0,0,0,1,1,0.5574,3,1,hue
spasm,1,0,0,0,0,0,0,0,0,0,0,0,0,0,0,1,1,-0.296,5,1,spasm
embarrass,0,1,0,0,0,0,0,0,0,0,0,0,0,0,0,1,1,-0.296,9,1,embarrass
plays,0,1,0,0,0,0,0,0,0,0,0,0,0,0,0,1,1,0.128,5,1,plays
switch,1,1,1,0,0,0,0,0,0,0,0,0,0,0,0,1,1,0.0,6,1,switch
pi,1,0,0,0,0,0,0,0,0,0,0,0,0,0,0,1,1,0.0,2,1,pi
ano,0,0,0,0,0,0,0,0,0,0,0,0,0,0,0,1,1,0.0,3,1,ano
authorities,1,0,0,0,0,0,0,0,0,0,0,0,0,0,0,1,1,0.4939,11,1,authorities
contemporary,1,0,1,0,0,0,0,0,0,0,0,0,0,0,0,1,1,0.5023,12,1,contemporary
legends,1,0,0,0,0,0,0,0,0,0,0,0,0,0,0,1,1,0.5023,7,1,legends
underground,1,0,1,1,0,0,0,0,0,0,0,0,0,0,0,1,1,0.5023,11,1,underground
pipe,1,1,0,0,0,0,0,0,0,0,0,0,0,0,0,1,1,0.5023,4,1,pipe
canada,1,0,0,0,0,0,0,0,0,0,0,0,0,0,0,1,1,0.5023,6,1,canada
attached,0,1,1,0,0,0,0,0,0,0,0,0,0,0,0,1,1,0.5023,8,1,attached
secretly,0,0,0,1,0,0,0,0,0,0,0,0,0,0,0,1,1,0.5023,8,1,secretly
accusingly,0,0,0,1,0,0,0,0,0,0,0,0,0,0,0,1,1,0.0,10,1,accusingly
brute,1,0,1,0,0,0,0,0,0,0,0,0,0,0,0,1,1,0.1027,5,1,brute
specimen,1,0,0,0,0,0,0,0,0,0,0,0,0,0,0,1,1,0.1027,8,1,specimen
kid,1,1,0,0,0,0,0,0,0,0,0,0,0,0,0,1,1,0.1027,3,1,kid
unobtrusively,0,0,0,1,0,0,0,0,0,0,0,0,0,0,0,1,1,0.2732,13,1,unobtrusively
bantering,1,0,1,0,0,0,0,0,0,0,0,0,0,0,0,1,1,0.2732,9,1,bantering
inconsequence,1,0,0,0,0,0,0,0,0,0,0,0,0,0,0,1,1,0.2732,13,1,inconsequence
notoriety,1,0,0,0,0,0,0,0,0,0,0,0,0,0,0,1,1,0.4939,9,1,notoriety
reveal,1,1,0,0,0,0,0,0,0,0,0,0,0,0,0,1,1,-0.3182,6,1,reveal
laudable,0,0,1,0,0,0,0,0,0,0,0,0,0,0,0,1,1,0.0,8,1,laudable
random,1,0,1,0,0,0,0,0,0,0,0,0,0,0,0,1,1,0.0,6,1,random
radiantly,0,0,0,1,0,0,0,0,0,0,0,0,0,0,0,1,1,0.3182,9,1,radiantly
hel,1,0,0,0,0,0,0,0,0,0,0,0,0,0,0,1,1,0.0,3,1,hel
plessly,0,0,0,0,0,0,0,0,0,0,0,0,0,0,0,1,1,0.0,7,1,plessly
fastened,0,0,1,0,0,0,0,0,0,0,0,0,0,0,0,1,1,0.0,8,1,fastened
knuckle,1,1,0,0,0,0,0,0,0,0,0,0,0,0,0,1,1,0.0,7,1,knuckle
feather,1,1,0,0,0,0,0,0,0,0,0,0,0,0,0,1,1,0.7003,7,1,feather
freshness,1,0,0,0,0,0,0,0,0,0,0,0,0,0,0,1,1,0.2263,9,1,freshness
challenge,1,1,0,0,0,0,0,0,0,0,0,0,0,0,0,1,1,0.2263,9,1,challenge
adjusted,0,1,1,0,0,0,0,0,0,0,0,0,0,0,0,1,1,0.0,8,1,adjusted
fluctuating,0,1,1,0,0,0,0,0,0,0,0,0,0,0,0,1,1,0.4588,11,1,fluctuating
feverish,0,0,1,0,0,0,0,0,0,0,0,0,0,0,0,1,1,0.4588,8,1,feverish
deathless,0,0,1,0,0,0,0,0,0,0,0,0,0,0,0,1,1,0.4588,9,1,deathless
transpired,0,1,0,0,0,0,0,0,0,0,0,0,0,0,0,1,1,-0.3182,10,1,transpired
faithful,1,0,1,0,0,0,0,0,0,0,0,0,0,0,0,1,1,0.4404,8,1,faithful
clam,1,1,0,0,0,0,0,0,0,0,0,0,0,0,0,1,1,0.128,4,1,clam
digger,1,0,0,0,0,0,0,0,0,0,0,0,0,0,0,1,1,0.128,6,1,digger
salmon,1,0,0,0,0,0,0,0,0,0,0,0,0,0,0,1,1,0.128,6,1,salmon
fisher,1,0,0,0,0,0,0,0,0,0,0,0,0,0,0,1,1,0.128,6,1,fisher
hardening,1,0,0,0,0,0,0,0,0,0,0,0,0,0,0,1,1,-0.3612,9,1,hardening
fierce,0,0,1,0,0,0,0,0,0,0,0,0,0,0,0,1,1,-0.3612,6,1,fierce
lazy,0,0,1,0,0,0,0,0,0,0,0,0,0,0,0,1,1,-0.3612,4,1,lazy
slenderly,0,0,0,1,0,0,0,0,0,0,0,0,0,0,0,1,1,0.0,9,1,slenderly
languidly,0,0,0,1,0,0,0,0,0,0,0,0,0,0,0,1,1,0.0,9,1,languidly
preceded,0,1,0,0,0,0,0,0,0,0,0,0,0,0,0,1,1,0.0,8,1,preceded
onto,0,0,0,0,0,0,0,0,0,0,0,1,0,0,0,1,1,0.0,4,1,onto
sunset,1,0,1,0,0,0,0,0,0,0,0,0,0,0,0,1,1,0.0,6,1,sunset
flickered,0,0,0,0,0,0,0,0,0,0,0,0,0,0,0,1,1,0.0,9,1,flickered
meretricious,0,0,1,0,0,0,0,0,0,0,0,0,0,0,0,1,1,0.5859,12,1,meretricious
vented,0,1,1,0,0,0,0,0,0,0,0,0,0,0,0,1,1,0.4404,6,1,vented
unsuccessful,0,0,1,0,0,0,0,0,0,0,0,0,0,0,0,1,1,-0.547,12,1,unsuccessful
platonic,0,0,1,0,0,0,0,0,0,0,0,0,0,0,0,1,1,0.3182,8,1,platonic
ception,0,0,0,0,0,0,0,0,0,0,0,0,0,0,0,1,1,0.3182,7,1,ception
busi,0,0,0,0,0,0,0,0,0,0,0,0,0,0,0,1,1,0.5859,4,1,busi
wedging,0,1,0,0,0,0,0,0,0,0,0,0,0,0,0,1,1,-0.296,7,1,wedging
imperatively,0,0,0,1,0,0,0,0,0,0,0,0,0,0,0,1,1,-0.296,12,1,imperatively
chanan,0,0,0,0,0,0,0,0,0,0,0,0,0,0,0,1,1,-0.296,6,1,chanan
checker,1,1,0,0,0,0,0,0,0,0,0,0,0,0,0,1,1,-0.296,7,1,checker
dakota,1,0,0,0,0,0,0,0,0,0,0,0,0,0,0,1,1,0.7003,6,1,dakota
legally,0,0,0,1,0,0,0,0,0,0,0,0,0,0,0,1,1,0.1027,7,1,legally
specific,1,0,1,0,0,0,0,0,0,0,0,0,0,0,0,1,1,0.34,8,1,specific
witnessed,0,1,1,0,0,0,0,0,0,0,0,0,0,0,0,1,1,0.34,9,1,witnessed
insidious,0,0,1,0,0,0,0,0,0,0,0,0,0,0,0,1,1,0.34,9,1,insidious
pants,1,1,0,0,0,0,0,0,0,0,0,0,0,0,0,1,1,-0.128,5,1,pants
catch,1,1,0,0,0,0,0,0,0,0,0,0,0,0,0,1,1,-0.128,5,1,catch
shiftless,0,0,1,0,0,0,0,0,0,0,0,0,0,0,0,1,1,-0.547,9,1,shiftless
discontented,0,1,1,0,0,0,0,0,0,0,0,0,0,0,0,1,1,0.296,12,1,discontented
suddenness,0,0,0,0,0,0,0,0,0,0,0,0,0,0,0,1,1,0.0,10,1,suddenness
rapid,1,0,1,0,0,0,0,0,0,0,0,0,0,0,0,1,1,0.2263,5,1,rapid
retorted,0,1,0,0,0,0,0,0,0,0,0,0,0,0,0,1,1,0.0,8,1,retorted
fan,1,1,0,0,0,0,0,0,0,0,0,0,0,0,0,1,1,0.5574,3,1,fan
cies,0,0,0,0,0,0,0,0,0,0,0,0,0,0,0,1,1,0.5574,4,1,cies
drowsiness,0,0,0,0,0,0,0,0,0,0,0,0,0,0,0,1,1,0.5574,10,1,drowsiness
obli,0,0,0,0,0,0,0,0,0,0,0,0,0,0,0,1,1,0.5574,4,1,obli
en,1,0,0,0,0,0,0,0,0,0,0,0,0,0,0,1,1,0.5994,2,1,en
joyed,0,0,0,0,0,0,0,0,0,0,0,0,0,0,0,1,1,0.5994,5,1,joyed
breasted,0,1,1,0,0,0,0,0,0,0,0,0,0,0,0,1,1,0.3612,8,1,breasted
erect,0,0,1,0,0,0,0,0,0,0,0,0,0,0,0,1,1,0.3612,5,1,erect
carriage,1,0,0,0,0,0,0,0,0,0,0,0,0,0,0,1,1,0.3612,8,1,carriage
accentuated,0,0,0,0,0,0,0,0,0,0,0,0,0,0,0,1,1,0.3612,11,1,accentuated
cadet,1,0,0,0,0,0,0,0,0,0,0,0,0,0,0,1,1,0.3612,5,1,cadet
reciprocal,1,0,1,0,0,0,0,0,0,0,0,0,0,0,0,1,1,0.296,10,1,reciprocal
ineffable,0,0,1,0,0,0,0,0,0,0,0,0,0,0,0,1,1,-0.4215,9,1,ineffable
gaudiness,0,0,0,0,0,0,0,0,0,0,0,0,0,0,0,1,1,-0.4215,9,1,gaudiness
spun,0,1,1,0,0,0,0,0,0,0,0,0,0,0,0,1,1,-0.4215,4,1,spun
ticked,0,1,0,0,0,0,0,0,0,0,0,0,0,0,0,1,1,-0.4215,6,1,ticked
soaked,0,1,1,0,0,0,0,0,0,0,0,0,0,0,0,1,1,-0.4215,6,1,soaked
pattern,1,1,0,0,0,0,0,0,0,0,0,0,0,0,0,1,1,0.5574,7,1,pattern
training,1,1,0,0,0,0,0,0,0,0,0,0,0,0,0,1,1,-0.1531,8,1,training
bot,1,0,0,0,0,0,0,0,0,0,0,0,0,0,0,1,1,-0.2732,3,1,bot
bracing,1,1,1,0,0,0,0,0,0,0,0,0,0,0,0,1,1,-0.3612,7,1,bracing
spoiled,0,1,1,0,0,0,0,0,0,0,0,0,0,0,0,1,1,-0.5267,7,1,spoiled
virgins,1,0,0,0,0,0,0,0,0,0,0,0,0,0,0,1,1,-0.5267,7,1,virgins
ignorant,0,0,1,0,0,0,0,0,0,0,0,0,0,0,0,1,1,-0.5267,8,1,ignorant
hysterical,0,0,1,0,0,0,0,0,0,0,0,0,0,0,0,1,1,-0.5267,10,1,hysterical
absorption,1,0,0,0,0,0,0,0,0,0,0,0,0,0,0,1,1,-0.5267,10,1,absorption
riot,1,1,0,0,0,0,0,0,0,0,0,0,0,0,0,1,1,0.2263,4,1,riot
conceits,0,0,0,0,0,0,0,0,0,0,0,0,0,0,0,1,1,0.1935,8,1,conceits
irrelevantly,0,0,0,1,0,0,0,0,0,0,0,0,0,0,0,1,1,0.0,12,1,irrelevantly
restlessly,0,0,0,1,0,0,0,0,0,0,0,0,0,0,0,1,1,-0.0258,10,1,restlessly
nevada,1,0,0,0,0,0,0,0,0,0,0,0,0,0,0,1,1,0.0,6,1,nevada
yukon,1,0,0,0,0,0,0,0,0,0,0,0,0,0,0,1,1,0.0,5,1,yukon
seventy,1,0,1,0,0,0,0,0,0,0,0,0,0,0,0,1,1,0.0,7,1,seventy
transac,0,0,0,0,0,0,0,0,0,0,0,0,0,0,0,1,1,0.0258,7,1,transac
montana,1,0,0,0,0,0,0,0,0,0,0,0,0,0,0,1,1,0.0258,7,1,montana
copper,1,1,0,0,0,0,0,0,0,0,0,0,0,0,0,1,1,0.0258,6,1,copper
indifference,1,0,0,0,0,0,0,0,0,0,0,0,0,0,0,1,1,-0.8225,12,1,indifference
despising,0,0,0,0,0,0,0,0,0,0,0,0,0,0,0,1,1,-0.8225,9,1,despising
shallows,1,1,0,0,0,0,0,0,0,0,0,0,0,0,0,1,1,0.5423,8,1,shallows
product,1,0,0,0,0,0,0,0,0,0,0,0,0,0,0,1,1,0.0,7,1,product
ecstatically,0,0,0,1,0,0,0,0,0,0,0,0,0,0,0,1,1,0.296,12,1,ecstatically
painted,0,1,1,0,0,0,0,0,0,0,0,0,0,0,0,1,1,-0.4404,7,1,painted
mourning,1,1,1,0,0,0,0,0,0,0,0,0,0,0,0,1,1,-0.4404,8,1,mourning
add,1,1,0,0,0,0,0,0,0,0,0,0,0,0,0,1,1,0.0,3,1,add
wing,1,0,0,0,0,0,0,0,0,0,0,0,0,0,0,1,1,0.7351,4,1,wing
glory,1,1,0,0,0,0,0,0,0,0,0,0,0,0,0,1,1,0.5423,5,1,glory
led,1,1,1,0,0,0,0,0,0,0,0,0,0,0,0,1,1,0.5423,3,1,led
fore,0,0,1,1,0,0,0,0,0,0,0,0,0,0,0,1,1,0.5423,4,1,fore
olaf,0,0,0,0,0,0,0,0,0,0,0,0,0,0,0,1,1,0.0,4,1,olaf
southern,0,0,1,0,0,0,0,0,0,0,0,0,0,0,0,1,1,0.0,8,1,southern
dismayed,0,1,1,0,0,0,0,0,0,0,0,0,0,0,0,1,1,-0.8225,8,1,dismayed
ferocious,0,0,1,0,0,0,0,0,0,0,0,0,0,0,0,1,1,-0.8225,9,1,ferocious
vious,0,0,0,0,0,0,0,0,0,0,0,0,0,0,0,1,1,0.5574,5,1,vious
embrace,1,1,0,0,0,0,0,0,0,0,0,0,0,0,0,1,1,0.5574,7,1,embrace
reveries,1,0,0,0,0,0,0,0,0,0,0,0,0,0,0,1,1,0.7351,8,1,reveries
outlet,1,0,0,0,0,0,0,0,0,0,0,0,0,0,0,1,1,0.7351,6,1,outlet
satisfactory,0,0,1,0,0,0,0,0,0,0,0,0,0,0,0,1,1,0.7351,12,1,satisfactory
unreality,1,0,0,0,0,0,0,0,0,0,0,0,0,0,0,1,1,0.7351,9,1,unreality
securely,0,0,0,1,0,0,0,0,0,0,0,0,0,0,0,1,1,0.7351,8,1,securely
fairy,1,0,1,0,0,0,0,0,0,0,0,0,0,0,0,1,1,0.7351,5,1,fairy
duluth,1,0,0,0,0,0,0,0,0,0,0,0,0,0,0,1,1,0.0,6,1,duluth
trousers,1,0,0,0,0,0,0,0,0,0,0,0,0,0,0,1,1,0.0,8,1,trousers
indies,1,0,0,0,0,0,0,0,0,0,0,0,0,0,0,1,1,0.0,6,1,indies
barbary,1,0,0,0,0,0,0,0,0,0,0,0,0,0,0,1,1,0.0,7,1,barbary
coast,1,1,0,0,0,0,0,0,0,0,0,0,0,0,0,1,1,0.0,5,1,coast
employed,0,0,1,0,0,0,0,0,0,0,0,0,0,0,0,1,1,0.2632,8,1,employed
steward,1,0,0,0,0,0,0,0,0,0,0,0,0,0,0,1,1,0.2632,7,1,steward
mate,1,0,0,0,0,0,0,0,0,0,0,0,0,0,0,1,1,0.2632,4,1,mate
deck,1,1,0,0,0,0,0,0,0,0,0,0,0,0,0,1,1,0.7845,4,1,deck
glamor,1,0,0,0,0,0,0,0,0,0,0,0,0,0,0,1,1,0.7845,6,1,glamor
brand,1,1,0,0,0,0,0,0,0,0,0,0,0,0,0,1,1,0.4767,5,1,brand
follows,0,1,0,0,0,0,0,0,0,0,0,0,0,0,0,1,1,-0.2584,7,1,follows
passionate,1,0,1,0,0,0,0,0,0,0,0,0,0,0,0,1,1,0.9719,10,1,passionate
difficult,0,0,1,0,0,0,0,0,0,0,0,0,0,0,0,1,1,0.9719,9,1,difficult
compulsion,1,0,0,0,0,0,0,0,0,0,0,0,0,0,0,1,1,0.9719,10,1,compulsion
extravagantly,0,0,0,1,0,0,0,0,0,0,0,0,0,0,0,1,1,0.4767,13,1,extravagantly
turgid,0,0,1,0,0,0,0,0,0,0,0,0,0,0,0,1,1,0.6633,6,1,turgid
journalism,1,0,0,0,0,0,0,0,0,0,0,0,0,0,0,1,1,0.6633,10,1,journalism
coasting,1,1,0,0,0,0,0,0,0,0,0,0,0,0,0,1,1,0.0,8,1,coasting
hos,1,0,0,0,0,0,0,0,0,0,0,0,0,0,0,1,1,0.0,3,1,hos
pitable,0,0,0,0,0,0,0,0,0,0,0,0,0,0,0,1,1,0.0,7,1,pitable
shores,1,1,0,0,0,0,0,0,0,0,0,0,0,0,0,1,1,0.0,6,1,shores
oars,1,0,0,0,0,0,0,0,0,0,0,0,0,0,0,1,1,0.7845,4,1,oars
railed,0,1,0,0,0,0,0,0,0,0,0,0,0,0,0,1,1,0.7845,6,1,railed
millionaire,1,0,0,0,0,0,0,0,0,0,0,0,0,0,0,1,1,0.0258,11,1,millionaire
robust,0,0,1,0,0,0,0,0,0,0,0,0,0,0,0,1,1,0.0258,6,1,robust
suspecting,0,1,0,0,0,0,0,0,0,0,0,0,0,0,0,1,1,0.0258,10,1,suspecting
separate,1,1,1,0,0,0,0,0,0,0,0,0,0,0,0,1,1,0.0258,8,1,separate
savory,1,0,1,0,0,0,0,0,0,0,0,0,0,0,0,1,1,0.6633,6,1,savory
ramifications,1,0,0,0,0,0,0,0,0,0,0,0,0,0,0,1,1,0.6633,13,1,ramifications
maintenon,1,0,0,0,0,0,0,0,0,0,0,0,0,0,0,1,1,0.6633,9,1,maintenon
weakness,1,0,0,0,0,0,0,0,0,0,0,0,0,0,0,1,1,0.6633,8,1,weakness
device,1,0,0,0,0,0,0,0,0,0,0,0,0,0,0,1,1,0.2535,6,1,device
mil,1,0,0,0,0,0,0,0,0,0,0,0,0,0,0,1,1,0.2535,3,1,mil
lions,1,0,0,0,0,0,0,0,0,0,0,0,0,0,0,1,1,0.2535,5,1,lions
intact,0,0,1,0,0,0,0,0,0,0,0,0,0,0,0,1,1,0.2535,6,1,intact
singularly,0,0,0,1,0,0,0,0,0,0,0,0,0,0,0,1,1,-0.1027,10,1,singularly
appro,1,0,0,0,0,0,0,0,0,0,0,0,0,0,0,1,1,-0.1027,5,1,appro
priate,0,0,0,0,0,0,0,0,0,0,0,0,0,0,0,1,1,-0.1027,6,1,priate
education,1,0,0,0,0,0,0,0,0,0,0,0,0,0,0,1,1,-0.1027,9,1,education
brothel,1,0,0,0,0,0,0,0,0,0,0,0,0,0,0,1,1,-0.8442,7,1,brothel
saloon,1,0,0,0,0,0,0,0,0,0,0,0,0,0,0,1,1,-0.8442,6,1,saloon
indirectly,0,0,0,1,0,0,0,0,0,0,0,0,0,0,0,1,1,0.0,10,1,indirectly
rub,1,1,0,0,0,0,0,0,0,0,0,0,0,0,0,1,1,0.4404,3,1,rub
letting,1,1,0,0,0,0,0,0,0,0,0,0,0,0,0,1,1,0.4404,7,1,letting
legacy,1,0,0,0,0,0,0,0,0,0,0,0,0,0,0,1,1,0.0,6,1,legacy
twen,0,0,0,0,0,0,0,0,0,0,0,0,0,0,0,1,1,0.0,4,1,twen
legal,0,0,1,0,0,0,0,0,0,0,0,0,0,0,0,1,1,0.2535,5,1,legal
board,1,1,0,0,0,0,0,0,0,0,0,0,0,0,0,1,1,-0.5574,5,1,board
boston,1,0,0,0,0,0,0,0,0,0,0,0,0,0,0,1,1,-0.5574,6,1,boston
inhospitably,0,0,0,1,0,0,0,0,0,0,0,0,0,0,0,1,1,-0.5574,12,1,inhospitably
portrait,1,0,0,0,0,0,0,0,0,0,0,0,0,0,0,1,1,-0.8442,8,1,portrait
pioneer,1,1,0,0,0,0,0,0,0,0,0,0,0,0,0,1,1,-0.8442,7,1,pioneer
debauchee,1,0,0,0,0,0,0,0,0,0,0,0,0,0,0,1,1,-0.8442,9,1,debauchee
seaboard,1,0,1,0,0,0,0,0,0,0,0,0,0,0,0,1,1,-0.8442,8,1,seaboard
frontier,1,0,1,0,0,0,0,0,0,0,0,0,0,0,0,1,1,-0.8442,8,1,frontier
skipper,1,1,0,0,0,0,0,0,0,0,0,0,0,0,0,1,1,0.2632,7,1,skipper
secretary,1,0,0,0,0,0,0,0,0,0,0,0,0,0,0,1,1,0.2632,9,1,secretary
jailor,1,0,0,0,0,0,0,0,0,0,0,0,0,0,0,1,1,0.2632,6,1,jailor
lavish,0,1,1,0,0,0,0,0,0,0,0,0,0,0,0,1,1,0.2632,6,1,lavish
doings,1,0,0,0,0,0,0,0,0,0,0,0,0,0,0,1,1,0.2632,6,1,doings
contingencies,0,0,0,0,0,0,0,0,0,0,0,0,0,0,0,1,1,0.2632,13,1,contingencies
repos,1,0,0,0,0,0,0,0,0,0,0,0,0,0,0,1,1,0.2632,5,1,repos
indefinitely,0,0,0,1,0,0,0,0,0,0,0,0,0,0,0,1,1,-0.5574,12,1,indefinitely
shouldn,0,0,0,0,0,0,0,0,0,0,0,0,0,0,0,1,1,0.34,7,1,shouldn
concentrating,0,1,0,0,0,0,0,0,0,0,0,0,0,0,0,1,1,0.0,13,1,concentrating
fashioned,0,1,1,0,0,0,0,0,0,0,0,0,0,0,0,1,1,0.1406,9,1,fashioned
fish,1,1,0,0,0,0,0,0,0,0,0,0,0,0,0,1,1,-0.34,4,1,fish
trotted,0,1,0,0,0,0,0,0,0,0,0,0,0,0,0,1,1,0.6249,7,1,trotted
disappearing,0,1,1,0,0,0,0,0,0,0,0,0,0,0,0,1,1,0.6249,12,1,disappearing
foliage,0,0,0,0,0,0,0,0,0,0,0,0,0,0,0,1,1,0.6249,7,1,foliage
overcoat,1,0,0,0,0,0,0,0,0,0,0,0,0,0,0,1,1,0.6249,8,1,overcoat
gruffly,0,0,0,1,0,0,0,0,0,0,0,0,0,0,0,1,1,0.0,7,1,gruffly
lounged,0,1,0,0,0,0,0,0,0,0,0,0,0,0,0,1,1,0.0,7,1,lounged
unexpec,0,0,0,0,0,0,0,0,0,0,0,0,0,0,0,1,1,0.0,7,1,unexpec
tedly,0,0,0,0,0,0,0,0,0,0,0,0,0,0,0,1,1,0.0,5,1,tedly
gested,0,0,0,0,0,0,0,0,0,0,0,0,0,0,0,1,1,0.0,6,1,gested
ver,1,0,0,0,0,0,0,0,0,0,0,0,0,0,0,1,1,0.0,3,1,ver
gratitude,1,0,0,0,0,0,0,0,0,0,0,0,0,0,0,1,1,-0.4023,9,1,gratitude
questioningly,0,0,0,1,0,0,0,0,0,0,0,0,0,0,0,1,1,0.0,13,1,questioningly
ingratiate,0,1,0,0,0,0,0,0,0,0,0,0,0,0,0,1,1,0.0,10,1,ingratiate
senile,0,0,1,0,0,0,0,0,0,0,0,0,0,0,0,1,1,0.0,6,1,senile
horseback,1,0,0,1,0,0,0,0,0,0,0,0,0,0,0,1,1,0.7096,9,1,horseback
previously,0,0,0,1,0,0,0,0,0,0,0,0,0,0,0,1,1,0.7096,10,1,previously
ringing,1,1,1,0,0,0,0,0,0,0,0,0,0,0,0,1,1,0.0,7,1,ringing
profoundly,0,0,0,1,0,0,0,0,0,0,0,0,0,0,0,1,1,-0.1531,10,1,profoundly
lemonade,1,0,0,0,0,0,0,0,0,0,0,0,0,0,0,1,1,0.0,8,1,lemonade
roads,1,0,0,0,0,0,0,0,0,0,0,0,0,0,0,1,1,0.4404,5,1,roads
substantiality,1,0,0,0,0,0,0,0,0,0,0,0,0,0,0,1,1,-0.1027,14,1,substantiality
exploding,0,1,1,0,0,0,0,0,0,0,0,0,0,0,0,1,1,0.5719,9,1,exploding
antecedents,1,0,0,0,0,0,0,0,0,0,0,0,0,0,0,1,1,0.5719,11,1,antecedents
believing,1,1,0,0,0,0,0,0,0,0,0,0,0,0,0,1,1,-0.2023,9,1,believing
misconceptions,1,0,0,0,0,0,0,0,0,0,0,0,0,0,0,1,1,0.5945,14,1,misconceptions
association,1,0,0,0,0,0,0,0,0,0,0,0,0,0,0,1,1,0.0,11,1,association
mostly,0,0,0,1,0,0,0,0,0,0,0,0,0,0,0,1,1,0.0,6,1,mostly
trotting,1,1,0,0,0,0,0,0,0,0,0,0,0,0,0,1,1,0.0,8,1,trotting
standards,1,0,0,0,0,0,0,0,0,0,0,0,0,0,0,1,1,0.6705,9,1,standards
saddening,0,0,1,0,0,0,0,0,0,0,0,0,0,0,0,1,1,-0.4939,9,1,saddening
expended,0,0,1,0,0,0,0,0,0,0,0,0,0,0,0,1,1,-0.4939,8,1,expended
powers,1,1,0,0,0,0,0,0,0,0,0,0,0,0,0,1,1,-0.4939,6,1,powers
adjustment,1,0,0,0,0,0,0,0,0,0,0,0,0,0,0,1,1,-0.4939,10,1,adjustment
tricks,1,0,0,0,0,0,0,0,0,0,0,0,0,0,0,1,1,0.3612,6,1,tricks
marvelous,0,0,1,0,0,0,0,0,0,0,0,0,0,0,0,1,1,0.7034,9,1,marvelous
roamed,0,0,0,0,0,0,0,0,0,0,0,0,0,0,0,1,1,-0.4939,6,1,roamed
fright,0,0,0,0,0,0,0,0,0,0,0,0,0,0,0,1,1,-0.4939,6,1,fright
apology,1,0,0,0,0,0,0,0,0,0,0,0,0,0,0,1,1,-0.024,7,1,apology
arose,0,0,0,0,0,0,0,0,0,0,0,0,0,0,0,1,1,-0.024,5,1,arose
exhibition,1,0,0,0,0,0,0,0,0,0,0,0,0,0,0,1,1,-0.1027,10,1,exhibition
sufficiency,1,0,0,0,0,0,0,0,0,0,0,0,0,0,0,1,1,-0.1027,11,1,sufficiency
draws,1,1,0,0,0,0,0,0,0,0,0,0,0,0,0,1,1,-0.1027,5,1,draws
stunned,0,1,1,0,0,0,0,0,0,0,0,0,0,0,0,1,1,-0.1027,7,1,stunned
accept,0,1,0,0,0,0,0,0,0,0,0,0,0,0,0,1,1,0.6705,6,1,accept
harshness,1,0,0,0,0,0,0,0,0,0,0,0,0,0,0,1,1,0.1531,9,1,harshness
hinted,0,1,0,0,0,0,0,0,0,0,0,0,0,0,0,1,1,0.0,6,1,hinted
surname,1,0,0,0,0,0,0,0,0,0,0,0,0,0,0,1,1,0.0,7,1,surname
irrelevant,0,0,1,0,0,0,0,0,0,0,0,0,0,0,0,1,1,-0.7832,10,1,irrelevant
criticism,1,0,0,0,0,0,0,0,0,0,0,0,0,0,0,1,1,-0.7832,9,1,criticism
fluttered,0,0,0,0,0,0,0,0,0,0,0,0,0,0,0,1,1,-0.4939,9,1,fluttered
imperceptibly,0,0,0,1,0,0,0,0,0,0,0,0,0,0,0,1,1,-0.4939,13,1,imperceptibly
tottered,0,0,0,0,0,0,0,0,0,0,0,0,0,0,0,1,1,-0.4939,8,1,tottered
perturbed,0,1,1,0,0,0,0,0,0,0,0,0,0,0,0,1,1,-0.1779,9,1,perturbed
oppres,0,0,0,0,0,0,0,0,0,0,0,0,0,0,0,1,1,0.5106,6,1,oppres
siveness,0,0,0,0,0,0,0,0,0,0,0,0,0,0,0,1,1,0.5106,8,1,siveness
stands,1,1,0,0,0,0,0,0,0,0,0,0,0,0,0,1,1,0.5106,6,1,stands
profusion,1,0,0,0,0,0,0,0,0,0,0,0,0,0,0,1,1,0.1531,9,1,profusion
keyed,0,1,1,0,0,0,0,0,0,0,0,0,0,0,0,1,1,0.1531,5,1,keyed
commotion,1,0,0,0,0,0,0,0,0,0,0,0,0,0,0,1,1,0.1531,9,1,commotion
vading,0,0,0,0,0,0,0,0,0,0,0,0,0,0,0,1,1,0.1531,6,1,vading
addresses,1,1,0,0,0,0,0,0,0,0,0,0,0,0,0,1,1,0.0772,9,1,addresses
pencil,1,1,0,0,0,0,0,0,0,0,0,0,0,0,0,1,1,0.0772,6,1,pencil
particularly,0,0,0,1,0,0,0,0,0,0,0,0,0,0,0,1,1,0.0,12,1,particularly
tipsy,0,0,1,0,0,0,0,0,0,0,0,0,0,0,0,1,1,0.0,5,1,tipsy
septic,1,0,1,0,0,0,0,0,0,0,0,0,0,0,0,1,1,0.5719,6,1,septic
slump,1,1,0,0,0,0,0,0,0,0,0,0,0,0,0,1,1,-0.4019,5,1,slump
inquiry,1,0,0,0,0,0,0,0,0,0,0,0,0,0,0,1,1,0.0,7,1,inquiry
massive,1,0,1,0,0,0,0,0,0,0,0,0,0,0,0,1,1,0.0,7,1,massive
apol,0,0,0,0,0,0,0,0,0,0,0,0,0,0,0,1,1,-0.4927,4,1,apol
ogy,0,0,0,0,0,0,0,0,0,0,0,0,0,0,0,1,1,-0.4927,3,1,ogy
disturbed,0,1,1,0,0,0,0,0,0,0,0,0,0,0,0,1,1,-0.4927,9,1,disturbed
paralyzed,0,1,1,0,0,0,0,0,0,0,0,0,0,0,0,1,1,0.5574,9,1,paralyzed
witty,0,0,1,0,0,0,0,0,0,0,0,0,0,0,0,1,1,0.7717,5,1,witty
trot,1,1,0,0,0,0,0,0,0,0,0,0,0,0,0,1,1,0.5994,4,1,trot
watchfully,0,0,0,1,0,0,0,0,0,0,0,0,0,0,0,1,1,-0.0772,10,1,watchfully
flood,1,1,1,0,0,0,0,0,0,0,0,0,0,0,0,1,1,-0.0772,5,1,flood
pleased,0,1,1,0,0,0,0,0,0,0,0,0,0,0,0,1,1,0.5927,7,1,pleased
celebrities,1,0,0,0,0,0,0,0,0,0,0,0,0,0,0,1,1,0.0,11,1,celebrities
producer,1,0,0,0,0,0,0,0,0,0,0,0,0,0,0,1,1,0.0,8,1,producer
danced,0,1,0,0,0,0,0,0,0,0,0,0,0,0,0,1,1,0.0,6,1,danced
conservative,1,0,1,0,0,0,0,0,0,0,0,0,0,0,0,1,1,0.5994,12,1,conservative
fox,1,1,0,0,0,0,0,0,0,0,0,0,0,0,0,1,1,0.5994,3,1,fox
indeed,0,0,0,1,0,0,0,0,0,0,0,0,0,0,0,1,1,-0.4927,6,1,indeed
murmuring,0,0,1,0,0,0,0,0,0,0,0,0,0,0,0,1,1,-0.4927,9,1,murmuring
indicated,0,1,0,0,0,0,0,0,0,0,0,0,0,0,0,1,1,0.6124,9,1,indicated
orchid,1,0,0,0,0,0,0,0,0,0,0,0,0,0,0,1,1,0.6124,6,1,orchid
accompanies,0,1,0,0,0,0,0,0,0,0,0,0,0,0,0,1,1,0.0258,11,1,accompanies
recognition,1,0,0,0,0,0,0,0,0,0,0,0,0,0,0,1,1,0.0258,11,1,recognition
hitherto,0,0,0,1,0,0,0,0,0,0,0,0,0,0,0,1,1,0.0258,8,1,hitherto
celebrity,1,0,0,0,0,0,0,0,0,0,0,0,0,0,0,1,1,0.0258,9,1,celebrity
ceremoniously,0,0,0,1,0,0,0,0,0,0,0,0,0,0,0,1,1,0.0,13,1,ceremoniously
hesita,0,0,0,0,0,0,0,0,0,0,0,0,0,0,0,1,1,0.0,6,1,hesita
stoop,1,1,0,0,0,0,0,0,0,0,0,0,0,0,0,1,1,0.4215,5,1,stoop
ultimate,1,0,1,0,0,0,0,0,0,0,0,0,0,0,0,1,1,0.4215,8,1,ultimate
offended,0,0,1,0,0,0,0,0,0,0,0,0,0,0,0,1,1,-0.3612,8,1,offended
inarguably,0,0,0,0,0,0,0,0,0,0,0,0,0,0,0,1,1,-0.3612,10,1,inarguably
ges,1,0,0,0,0,0,0,0,0,0,0,0,0,0,0,1,1,-0.3612,3,1,ges
unprecedent,0,0,0,0,0,0,0,0,0,0,0,0,0,0,0,1,1,0.4278,11,1,unprecedent
begotten,0,0,1,0,0,0,0,0,0,0,0,0,0,0,0,1,1,0.4278,8,1,begotten
fishing,1,1,0,0,0,0,0,0,0,0,0,0,0,0,0,1,1,0.4278,7,1,fishing
rippling,1,1,0,0,0,0,0,0,0,0,0,0,0,0,0,1,1,0.0,8,1,rippling
fluttering,1,0,1,0,0,0,0,0,0,0,0,0,0,0,0,1,1,0.0,10,1,fluttering
whip,1,1,0,0,0,0,0,0,0,0,0,0,0,0,0,1,1,0.0,4,1,whip
groan,1,1,0,0,0,0,0,0,0,0,0,0,0,0,0,1,1,0.0,5,1,groan
rugs,1,0,0,0,0,0,0,0,0,0,0,0,0,0,0,1,1,-0.5574,4,1,rugs
ballooned,0,1,0,0,0,0,0,0,0,0,0,0,0,0,0,1,1,-0.5574,9,1,ballooned
extended,0,1,1,0,0,0,0,0,0,0,0,0,0,0,0,1,1,0.0,8,1,extended
divan,1,0,0,0,0,0,0,0,0,0,0,0,0,0,0,1,1,0.0,5,1,divan
tude,0,0,0,0,0,0,0,0,0,0,0,0,0,0,0,1,1,0.4939,4,1,tude
countered,0,0,0,0,0,0,0,0,0,0,0,0,0,0,0,1,1,-0.0516,9,1,countered
shakes,1,1,0,0,0,0,0,0,0,0,0,0,0,0,0,1,1,0.4939,6,1,shakes
operate,0,1,0,0,0,0,0,0,0,0,0,0,0,0,0,1,1,0.0,7,1,operate
ray,1,1,0,0,0,0,0,0,0,0,0,0,0,0,0,1,1,0.0,3,1,ray
buoyed,0,1,0,0,0,0,0,0,0,0,0,0,0,0,0,1,1,0.0,6,1,buoyed
anchored,0,0,0,0,0,0,0,0,0,0,0,0,0,0,0,1,1,0.0,8,1,anchored
balloon,1,1,0,0,0,0,0,0,0,0,0,0,0,0,0,1,1,0.0,7,1,balloon
lethargic,0,0,1,0,0,0,0,0,0,0,0,0,0,0,0,1,1,0.0,9,1,lethargic
urging,1,1,0,0,0,0,0,0,0,0,0,0,0,0,0,1,1,0.0,6,1,urging
defence,1,0,0,0,0,0,0,0,0,0,0,0,0,0,0,1,1,0.0,7,1,defence
screaming,0,1,1,0,0,0,0,0,0,0,0,0,0,0,0,1,1,-0.0258,9,1,screaming
affirmed,1,1,0,0,0,0,0,0,0,0,0,0,0,0,0,1,1,-0.34,8,1,affirmed
yelling,1,1,1,0,0,0,0,0,0,0,0,0,0,0,0,1,1,0.4019,7,1,yelling
needs,1,1,0,1,0,0,0,0,0,0,0,0,0,0,0,1,1,0.4019,5,1,needs
grati,0,0,0,0,0,0,0,0,0,0,0,0,0,0,0,1,1,0.4939,5,1,grati
rug,1,0,0,0,0,0,0,0,0,0,0,0,0,0,0,1,1,0.3612,3,1,rug
stationary,1,0,1,0,0,0,0,0,0,0,0,0,0,0,0,1,1,0.0,10,1,stationary
enorm,0,0,1,0,0,0,0,0,0,0,0,0,0,0,0,1,1,0.0,5,1,enorm
shower,1,1,0,0,0,0,0,0,0,0,0,0,0,0,0,1,1,0.0,6,1,shower
rhythmic,0,0,1,0,0,0,0,0,0,0,0,0,0,0,0,1,1,0.0,8,1,rhythmic
sweetly,0,0,0,1,0,0,0,0,0,0,0,0,0,0,0,1,1,0.235,7,1,sweetly
rolling,1,1,1,1,0,0,0,0,0,0,0,0,0,0,0,1,1,0.0,7,1,rolling
neat,1,0,1,0,0,0,0,0,0,0,0,0,0,0,0,1,1,0.1779,4,1,neat
menage,1,0,0,0,0,0,0,0,0,0,0,0,0,0,0,1,1,-0.0772,6,1,menage
rie,0,0,0,0,0,0,0,0,0,0,0,0,0,0,0,1,1,-0.0772,3,1,rie
stirred,0,1,1,0,0,0,0,0,0,0,0,0,0,0,0,1,1,0.0516,7,1,stirred
haze,1,1,0,0,0,0,0,0,0,0,0,0,0,0,0,1,1,0.0516,4,1,haze
flags,1,1,0,0,0,0,0,0,0,0,0,0,0,0,0,1,1,0.3612,5,1,flags
frosted,0,1,1,0,0,0,0,0,0,0,0,0,0,0,0,1,1,0.3612,7,1,frosted
rippled,0,1,1,0,0,0,0,0,0,0,0,0,0,0,0,1,1,0.3612,7,1,rippled
wine,1,1,0,0,0,0,0,0,0,0,0,0,0,0,0,1,1,0.3612,4,1,wine
volleying,0,1,0,0,0,0,0,0,0,0,0,0,0,0,0,1,1,0.4404,9,1,volleying
sha,0,0,0,0,0,0,0,0,0,0,0,0,0,0,0,1,1,-0.4019,3,1,sha
dow,1,0,0,0,0,0,0,0,0,0,0,0,0,0,0,1,1,-0.4019,3,1,dow
rouged,0,1,1,0,0,0,0,0,0,0,0,0,0,0,0,1,1,-0.4019,6,1,rouged
imagined,0,1,1,0,0,0,0,0,0,0,0,0,0,0,0,1,1,0.0,8,1,imagined
newly,0,0,0,1,0,0,0,0,0,0,0,0,0,0,0,1,1,0.5574,5,1,newly
bootleggers,1,0,0,0,0,0,0,0,0,0,0,0,0,0,0,1,1,0.5574,11,1,bootleggers
crunched,0,1,1,0,0,0,0,0,0,0,0,0,0,0,0,1,1,0.0,8,1,crunched
vigor,1,0,0,0,0,0,0,0,0,0,0,0,0,0,0,1,1,0.4278,5,1,vigor
chafed,0,1,1,0,0,0,0,0,0,0,0,0,0,0,0,1,1,0.4278,6,1,chafed
euphem,0,0,0,0,0,0,0,0,0,0,0,0,0,0,0,1,1,0.4278,6,1,euphem
isms,1,0,0,0,0,0,0,0,0,0,0,0,0,0,0,1,1,0.4278,4,1,isms
obtrusive,0,0,1,0,0,0,0,0,0,0,0,0,0,0,0,1,1,0.4278,9,1,obtrusive
fate,0,0,0,0,0,0,0,0,0,0,0,0,0,0,0,1,1,0.4278,4,1,fate
herded,0,1,0,0,0,0,0,0,0,0,0,0,0,0,0,1,1,0.4278,6,1,herded
inhabitants,1,0,0,0,0,0,0,0,0,0,0,0,0,0,0,1,1,0.4278,11,1,inhabitants
depression,1,0,0,0,0,0,0,0,0,0,0,0,0,0,0,1,1,-0.5719,10,1,depression
unimportant,0,0,1,0,0,0,0,0,0,0,0,0,0,0,0,1,1,-0.3182,11,1,unimportant
obliterated,0,1,1,0,0,0,0,0,0,0,0,0,0,0,0,1,1,-0.4215,11,1,obliterated
decide,0,1,0,0,0,0,0,0,0,0,0,0,0,0,0,1,1,-0.4215,6,1,decide
measures,1,1,0,0,0,0,0,0,0,0,0,0,0,0,0,1,1,-0.4215,8,1,measures
derstand,0,0,0,0,0,0,0,0,0,0,0,0,0,0,0,1,1,0.0,8,1,derstand
fruit,1,1,0,0,0,0,0,0,0,0,0,0,0,0,0,1,1,-0.0431,5,1,fruit
rinds,1,0,0,0,0,0,0,0,0,0,0,0,0,0,0,1,1,-0.0431,5,1,rinds
acre,1,0,0,0,0,0,0,0,0,0,0,0,0,0,0,1,1,0.4939,4,1,acre
pungent,0,0,1,0,0,0,0,0,0,0,0,0,0,0,0,1,1,0.4939,7,1,pungent
roses,1,1,0,0,0,0,0,0,0,0,0,0,0,0,0,1,1,0.4939,5,1,roses
snub,1,0,1,0,0,0,0,0,0,0,0,0,0,0,0,1,1,0.4939,4,1,snub
bumped,0,1,0,0,0,0,0,0,0,0,0,0,0,0,0,1,1,0.4939,6,1,bumped
demaine,0,0,0,0,0,0,0,0,0,0,0,0,0,0,0,1,1,0.0,7,1,demaine
hallway,1,0,0,0,0,0,0,0,0,0,0,0,0,0,0,1,1,0.4404,7,1,hallway
fragilely,0,0,0,1,0,0,0,0,0,0,0,0,0,0,0,1,1,0.4404,9,1,fragilely
authentically,0,0,0,1,0,0,0,0,0,0,0,0,0,0,0,1,1,0.8481,13,1,authentically
magical,0,0,1,0,0,0,0,0,0,0,0,0,0,0,0,1,1,0.8481,7,1,magical
encounter,1,0,0,0,0,0,0,0,0,0,0,0,0,0,0,1,1,0.8481,9,1,encounter
blot,1,1,0,0,0,0,0,0,0,0,0,0,0,0,0,1,1,0.8481,4,1,blot
unwavering,0,0,1,0,0,0,0,0,0,0,0,0,0,0,0,1,1,0.8481,10,1,unwavering
devotion,1,0,0,0,0,0,0,0,0,0,0,0,0,0,0,1,1,0.8481,8,1,devotion
chilled,0,1,1,0,0,0,0,0,0,0,0,0,0,0,0,1,1,0.7184,7,1,chilled
exalted,0,1,1,0,0,0,0,0,0,0,0,0,0,0,0,1,1,0.7184,7,1,exalted
waltz,1,1,0,0,0,0,0,0,0,0,0,0,0,0,0,1,1,0.1779,5,1,waltz
casualness,1,0,0,0,0,0,0,0,0,0,0,0,0,0,0,1,1,0.6597,10,1,casualness
possibilities,1,0,0,0,0,0,0,0,0,0,0,0,0,0,0,1,1,0.6597,13,1,possibilities
totally,0,0,0,1,0,0,0,0,0,0,0,0,0,0,0,1,1,0.6597,7,1,totally
absent,1,1,1,0,0,0,0,0,0,0,0,0,0,0,0,1,1,0.6597,6,1,absent
incalculable,0,0,1,0,0,0,0,0,0,0,0,0,0,0,0,1,1,0.0,12,1,incalculable
unbelievable,0,0,1,0,0,0,0,0,0,0,0,0,0,0,0,1,1,0.8481,12,1,unbelievable
marvelled,0,1,0,0,0,0,0,0,0,0,0,0,0,0,0,1,1,0.8481,9,1,marvelled
vista,1,0,0,0,0,0,0,0,0,0,0,0,0,0,0,1,1,0.4939,5,1,vista
gulp,1,1,0,0,0,0,0,0,0,0,0,0,0,0,0,1,1,-0.7003,4,1,gulp
incomparable,0,0,1,0,0,0,0,0,0,0,0,0,0,0,0,1,1,-0.7003,12,1,incomparable
unut,0,0,0,0,0,0,0,0,0,0,0,0,0,0,0,1,1,0.5408,4,1,unut
terable,0,0,0,0,0,0,0,0,0,0,0,0,0,0,0,1,1,0.5408,7,1,terable
visions,0,0,0,0,0,0,0,0,0,0,0,0,0,0,0,1,1,0.5408,7,1,visions
perishable,1,0,1,0,0,0,0,0,0,0,0,0,0,0,0,1,1,0.5408,10,1,perishable
romp,1,1,0,0,0,0,0,0,0,0,0,0,0,0,0,1,1,0.5408,4,1,romp
pap,1,0,0,0,0,0,0,0,0,0,0,0,0,0,0,1,1,-0.7003,3,1,pap
paternal,0,0,1,0,0,0,0,0,0,0,0,0,0,0,0,1,1,-0.8402,8,1,paternal
guts,1,1,0,0,0,0,0,0,0,0,0,0,0,0,0,1,1,-0.8402,4,1,guts
stronger,0,0,0,0,0,0,0,0,0,0,0,0,0,0,0,1,1,0.8192,8,1,stronger
senior,1,0,1,0,0,0,0,0,0,0,0,0,0,0,0,1,1,0.34,6,1,senior
approved,0,1,1,0,0,0,0,0,0,0,0,0,0,0,0,1,1,0.34,8,1,approved
wistfulness,1,0,0,0,0,0,0,0,0,0,0,0,0,0,0,1,1,0.34,11,1,wistfulness
sunny,1,0,1,0,0,0,0,0,0,0,0,0,0,0,0,1,1,0.4215,5,1,sunny
return,1,1,0,0,0,0,0,0,0,0,0,0,0,0,0,1,1,0.25,6,1,return
changes,1,1,0,0,0,0,0,0,0,0,0,0,0,0,0,1,1,0.6705,7,1,changes
humming,1,1,1,0,0,0,0,0,0,0,0,0,0,0,0,1,1,-0.25,7,1,humming
bustle,1,1,0,0,0,0,0,0,0,0,0,0,0,0,0,1,1,-0.25,6,1,bustle
ladder,1,1,0,0,0,0,0,0,0,0,0,0,0,0,0,1,1,-0.7003,6,1,ladder
climb,1,1,0,0,0,0,0,0,0,0,0,0,0,0,0,1,1,-0.7003,5,1,climb
climbed,0,1,0,0,0,0,0,0,0,0,0,0,0,0,0,1,1,-0.7003,7,1,climbed
suck,1,1,0,0,0,0,0,0,0,0,0,0,0,0,0,1,1,-0.7003,4,1,suck
discarded,0,1,1,0,0,0,0,0,0,0,0,0,0,0,0,1,1,-0.0431,9,1,discarded
favors,1,1,0,0,0,0,0,0,0,0,0,0,0,0,0,1,1,-0.0431,6,1,favors
ventured,0,1,0,0,0,0,0,0,0,0,0,0,0,0,0,1,1,0.0,8,1,ventured
lurking,0,1,1,0,0,0,0,0,0,0,0,0,0,0,0,1,1,0.4215,7,1,lurking
fix,1,1,0,0,0,0,0,0,0,0,0,0,0,0,0,1,1,0.0,3,1,fix
determinedly,0,0,0,1,0,0,0,0,0,0,0,0,0,0,0,1,1,0.0,12,1,determinedly
loving,0,1,1,0,0,0,0,0,0,0,0,0,0,0,0,1,1,0.5994,6,1,loving
disordered,0,0,1,0,0,0,0,0,0,0,0,0,0,0,0,1,1,0.25,10,1,disordered
ported,0,1,0,0,0,0,0,0,0,0,0,0,0,0,0,1,1,0.3612,6,1,ported
fired,0,1,1,0,0,0,0,0,0,0,0,0,0,0,0,1,1,-0.5574,5,1,fired
caravansary,1,0,0,0,0,0,0,0,0,0,0,0,0,0,0,1,1,0.4767,11,1,caravansary
approval,1,0,0,0,0,0,0,0,0,0,0,0,0,0,0,1,1,0.4767,8,1,approval
brothers,1,0,0,0,0,0,0,0,0,0,0,0,0,0,0,1,1,0.0,8,1,brothers
sisters,1,0,0,0,0,0,0,0,0,0,0,0,0,0,0,1,1,0.0,7,1,sisters
choose,1,1,0,0,0,0,1,0,0,0,0,0,0,0,0,1,1,0.0,6,1,choose
occasion,1,1,0,0,0,0,0,0,0,0,0,0,0,0,0,1,1,0.0,8,1,occasion
grudging,0,1,1,0,0,0,0,0,0,0,0,0,0,0,0,1,1,0.0,8,1,grudging
rudely,0,0,0,1,0,0,0,0,0,0,0,0,0,0,0,1,1,-0.6249,6,1,rudely
slammed,0,1,0,0,0,0,0,0,0,0,0,0,0,0,0,1,1,0.0,7,1,slammed
servant,1,0,0,0,0,0,0,0,0,0,0,0,0,0,0,1,1,0.0,7,1,servant
bribed,0,1,0,0,0,0,0,0,0,0,0,0,0,0,0,1,1,0.0,6,1,bribed
tradesmen,1,0,0,0,0,0,0,0,0,0,0,0,0,0,0,1,1,0.0,9,1,tradesmen
moderate,1,1,1,0,0,0,0,0,0,0,0,0,0,0,0,1,1,0.0,8,1,moderate
supplies,1,1,0,0,0,0,0,0,0,0,0,0,0,0,0,1,1,0.0,8,1,supplies
bered,0,0,0,0,0,0,0,0,0,0,0,0,0,0,0,1,1,-0.4215,5,1,bered
uncommunicable,0,0,0,0,0,0,0,0,0,0,0,0,0,0,0,1,1,-0.4215,14,1,uncommunicable
highest,0,0,1,0,0,0,0,0,0,0,0,0,0,0,0,1,1,-0.5106,7,1,highest
trimalchio,0,0,0,0,0,0,0,0,0,0,0,0,0,0,0,1,1,-0.5106,10,1,trimalchio
sulkily,0,0,0,1,0,0,0,0,0,0,0,0,0,0,0,1,1,0.0,7,1,sulkily
villainous,0,0,1,0,0,0,0,0,0,0,0,0,0,0,0,1,1,-0.8402,10,1,villainous
squinted,0,1,0,0,0,0,0,0,0,0,0,0,0,0,0,1,1,-0.8402,8,1,squinted
nope,1,0,0,1,0,0,0,0,0,0,0,0,0,0,0,1,1,0.0,4,1,nope
tuning,1,1,0,0,0,0,0,0,0,0,0,0,0,0,0,1,1,-0.25,6,1,tuning
fork,1,1,0,0,0,0,0,0,0,0,0,0,0,0,0,1,1,-0.25,4,1,fork
blossomed,0,0,0,0,0,0,0,0,0,0,0,0,0,0,0,1,1,0.3612,9,1,blossomed
incarnation,1,0,0,0,0,0,0,0,0,0,0,0,0,0,0,1,1,0.3612,11,1,incarnation
appalling,1,0,1,0,0,0,0,0,0,0,0,0,0,0,0,1,1,-0.3818,9,1,appalling
sentimentality,1,0,0,0,0,0,0,0,0,0,0,0,0,0,0,1,1,-0.3818,14,1,sentimentality
elusive,0,0,1,0,0,0,0,0,0,0,0,0,0,0,0,1,1,-0.3818,7,1,elusive
remem,0,0,0,0,0,0,0,0,0,0,0,0,0,0,0,1,1,-0.4215,5,1,remem
dominance,1,0,0,0,0,0,0,0,0,0,0,0,0,0,0,1,1,-0.5719,9,1,dominance
despairingly,0,0,0,1,0,0,0,0,0,0,0,0,0,0,0,1,1,-0.6486,12,1,despairingly
slapped,0,1,1,0,0,0,0,0,0,0,0,0,0,0,0,1,1,0.0,7,1,slapped
gasped,0,0,0,0,0,0,0,0,0,0,0,0,0,0,0,1,1,0.0,6,1,gasped
weary,0,0,1,0,0,0,0,0,0,0,0,0,0,0,0,1,1,-0.6369,5,1,weary
extreme,1,0,1,0,0,0,0,0,0,0,0,0,0,0,0,1,1,-0.6369,7,1,extreme
indicate,0,1,0,0,0,0,0,0,0,0,0,0,0,0,0,1,1,-0.6369,8,1,indicate
wom,0,0,0,0,0,0,0,0,0,0,0,0,0,0,0,1,1,-0.6369,3,1,wom
lacing,1,1,0,0,0,0,0,0,0,0,0,0,0,0,0,1,1,0.3612,6,1,lacing
pack,1,1,0,0,0,0,0,0,0,0,0,0,0,0,0,1,1,0.3612,4,1,pack
leverage,1,1,0,0,0,0,0,0,0,0,0,0,0,0,0,1,1,-0.3566,8,1,leverage
cruel,0,0,1,0,0,0,0,0,0,0,0,0,0,0,0,1,1,-0.3566,5,1,cruel
fractiousness,0,0,0,0,0,0,0,0,0,0,0,0,0,0,0,1,1,0.2263,13,1,fractiousness
conveyed,0,1,1,0,0,0,0,0,0,0,0,0,0,0,0,1,1,0.2263,8,1,conveyed
momentum,1,0,0,0,0,0,0,0,0,0,0,0,0,0,0,1,1,0.5106,8,1,momentum
reflected,0,1,1,0,0,0,0,0,0,0,0,0,0,0,0,1,1,-0.296,9,1,reflected
combustion,1,0,1,0,0,0,0,0,0,0,0,0,0,0,0,1,1,-0.6486,10,1,combustion
perspired,0,0,0,0,0,0,0,0,0,0,0,0,0,0,0,1,1,-0.6486,9,1,perspired
dampened,0,0,0,0,0,0,0,0,0,0,0,0,0,0,0,1,1,-0.6486,8,1,dampened
effeminate,0,0,1,0,0,0,0,0,0,0,0,0,0,0,0,1,1,0.3612,10,1,effeminate
swank,1,0,1,0,0,0,0,0,0,0,0,0,0,0,0,1,1,0.3612,5,1,swank
fill,1,1,0,0,0,0,0,0,0,0,0,0,0,0,0,1,1,0.3612,4,1,fill
glis,1,0,0,0,0,0,0,0,0,0,0,0,0,0,0,1,1,0.3612,4,1,glis
tening,0,0,0,0,0,0,0,0,0,0,0,0,0,0,0,1,1,0.3612,6,1,tening
harrowing,0,1,1,0,0,0,0,0,0,0,0,0,0,0,0,1,1,0.0,9,1,harrowing
broiling,1,1,0,0,0,0,0,0,0,0,0,0,0,0,0,1,1,0.5908,8,1,broiling
warmest,0,0,0,0,0,0,0,0,0,0,0,0,0,0,0,1,1,0.5908,7,1,warmest
tunnel,1,1,0,0,0,0,0,0,0,0,0,0,0,0,0,1,1,-0.4215,6,1,tunnel
whistles,1,1,0,0,0,0,0,0,0,0,0,0,0,0,0,1,1,-0.4215,8,1,whistles
biscuit,1,0,0,0,0,0,0,0,0,0,0,0,0,0,0,1,1,-0.4215,7,1,biscuit
sim,1,0,0,0,0,0,0,0,0,0,0,0,0,0,0,1,1,-0.4215,3,1,sim
mering,0,0,0,0,0,0,0,0,0,0,0,0,0,0,0,1,1,-0.4215,6,1,mering
georgian,1,0,1,0,0,0,0,0,0,0,0,0,0,0,0,1,1,0.5423,8,1,georgian
colonial,1,0,1,0,0,0,0,0,0,0,0,0,0,0,0,1,1,0.5423,8,1,colonial
overlooking,0,1,1,0,0,0,0,0,0,0,0,0,0,0,0,1,1,0.5423,11,1,overlooking
dials,1,1,0,0,0,0,0,0,0,0,0,0,0,0,0,1,1,0.5106,5,1,dials
excit,0,0,0,0,0,0,0,0,0,0,0,0,0,0,0,1,1,0.8625,5,1,excit
bosom,1,1,1,0,0,0,0,0,0,0,0,0,0,0,0,1,1,0.8625,5,1,bosom
rumor,1,1,0,0,0,0,0,0,0,0,0,0,0,0,0,1,1,0.0,5,1,rumor
annoyance,1,0,0,0,0,0,0,0,0,0,0,0,0,0,0,1,1,-0.3182,9,1,annoyance
weighing,1,1,0,0,0,0,0,0,0,0,0,0,0,0,0,1,1,0.4173,8,1,weighing
fans,1,1,0,0,0,0,0,0,0,0,0,0,0,0,0,1,1,0.4173,4,1,fans
tan,1,1,1,0,0,0,0,0,0,0,0,0,0,0,0,1,1,0.0,3,1,tan
athlete,1,0,0,0,0,0,0,0,0,0,0,0,0,0,0,1,1,0.0,7,1,athlete
wistfully,0,0,0,1,0,0,0,0,0,0,0,0,0,0,0,1,1,0.6124,9,1,wistfully
dramatic,0,0,1,0,0,0,0,0,0,0,0,0,0,0,0,1,1,0.6124,8,1,dramatic
turbulence,1,0,0,0,0,0,0,0,0,0,0,0,0,0,0,1,1,0.6124,10,1,turbulence
irrecoverable,0,0,1,0,0,0,0,0,0,0,0,0,0,0,0,1,1,0.6124,13,1,irrecoverable
expects,0,1,0,0,0,0,0,0,0,0,0,0,0,0,0,1,1,0.0,7,1,expects
salon,1,0,0,0,0,0,0,0,0,0,0,0,0,0,0,1,1,0.0,5,1,salon
needlessly,0,0,0,1,0,0,0,0,0,0,0,0,0,0,0,1,1,-0.3818,10,1,needlessly
indicating,0,1,0,0,0,0,0,0,0,0,0,0,0,0,0,1,1,-0.3818,10,1,indicating
affront,1,0,0,0,0,0,0,0,0,0,0,0,0,0,0,1,1,0.0,7,1,affront
shadowed,0,1,1,0,0,0,0,0,0,0,0,0,0,0,0,1,1,0.5267,8,1,shadowed
awnings,1,0,0,0,0,0,0,0,0,0,0,0,0,0,0,1,1,0.5267,7,1,awnings
idols,1,0,0,0,0,0,0,0,0,0,0,0,0,0,0,1,1,0.4173,5,1,idols
conductor,1,0,0,0,0,0,0,0,0,0,0,0,0,0,0,1,1,0.0,9,1,conductor
commutation,1,0,0,0,0,0,0,0,0,0,0,0,0,0,0,1,1,0.4939,11,1,commutation
stain,1,1,0,0,0,0,0,0,0,0,0,0,0,0,0,1,1,0.4939,5,1,stain
pajama,1,0,0,0,0,0,0,0,0,0,0,0,0,0,0,1,1,0.875,6,1,pajama
bell,1,1,0,0,0,0,0,0,0,0,0,0,0,0,0,1,1,0.0,4,1,bell
master,1,1,1,0,0,0,0,0,0,0,0,0,0,0,0,1,1,0.0,6,1,master
mouthpiece,1,0,0,0,0,0,0,0,0,0,0,0,0,0,0,1,1,0.0,10,1,mouthpiece
furnish,1,1,0,0,0,0,0,0,0,0,0,0,0,0,0,1,1,-0.0387,7,1,furnish
permanent,1,0,1,0,0,0,0,0,0,0,0,0,0,0,0,1,1,0.6124,9,1,permanent
seeking,1,1,1,0,0,0,0,0,0,0,0,0,0,0,0,1,1,0.6124,7,1,seeking
pammy,0,0,0,0,0,0,0,0,0,0,0,0,0,0,0,1,1,0.0,5,1,pammy
sweetheart,1,0,1,0,0,0,0,0,0,0,0,0,0,0,0,1,1,0.6486,10,1,sweetheart
disciplined,0,1,1,0,0,0,0,0,0,0,0,0,0,0,0,1,1,0.296,11,1,disciplined
preceding,0,1,1,0,0,0,0,0,0,0,0,0,0,0,0,1,1,0.296,9,1,preceding
gin,1,1,0,0,0,0,0,0,0,0,0,0,0,0,0,1,1,0.296,3,1,gin
rickeys,1,0,0,0,0,0,0,0,0,0,0,0,0,0,0,1,1,0.296,7,1,rickeys
lowy,0,0,0,0,0,0,0,0,0,0,0,0,0,0,0,1,1,0.0,4,1,lowy
existence,0,0,0,0,0,0,0,0,0,0,0,0,0,0,0,1,1,0.0,9,1,existence
wrinkle,1,1,0,0,0,0,0,0,0,0,0,0,0,0,0,1,1,0.0,7,1,wrinkle
climax,1,0,0,0,0,0,0,0,0,0,0,0,0,0,0,1,1,0.0,6,1,climax
enormously,0,0,0,1,0,0,0,0,0,0,0,0,0,0,0,1,1,0.6486,10,1,enormously
instance,1,0,0,0,0,0,0,0,0,0,0,0,0,0,0,1,1,0.6486,8,1,instance
ponies,1,0,0,0,0,0,0,0,0,0,0,0,0,0,0,1,1,0.6486,6,1,ponies
restfully,0,0,0,1,0,0,0,0,0,0,0,0,0,0,0,1,1,0.5859,9,1,restfully
freshly,0,0,0,1,0,0,0,0,0,0,0,0,0,0,0,1,1,-0.2732,7,1,freshly
laundered,0,0,0,0,0,0,0,0,0,0,0,0,0,0,0,1,1,-0.2732,9,1,laundered
leading,1,1,1,0,0,0,0,0,0,0,0,0,0,0,0,1,1,-0.2732,7,1,leading
crooned,0,1,0,0,0,0,0,0,0,0,0,0,0,0,0,1,1,0.7034,7,1,crooned
relinquished,0,0,1,0,0,0,0,0,0,0,0,0,0,0,0,1,1,-0.1779,12,1,relinquished
rooted,0,1,1,0,0,0,0,0,0,0,0,0,0,0,0,1,1,-0.1779,6,1,rooted
shyly,0,0,0,1,0,0,0,0,0,0,0,0,0,0,0,1,1,-0.1779,5,1,shyly
yel,0,0,0,0,0,0,0,0,0,0,0,0,0,0,0,1,1,0.0,3,1,yel
obliga,0,0,0,0,0,0,0,0,0,0,0,0,0,0,0,1,1,-0.296,6,1,obliga
cynically,0,0,0,1,0,0,0,0,0,0,0,0,0,0,0,1,1,-0.3182,9,1,cynically
flung,0,1,0,0,0,0,0,0,0,0,0,0,0,0,0,1,1,-0.2732,5,1,flung
dislike,1,1,0,0,0,0,0,0,0,0,0,0,0,0,0,1,1,0.1531,7,1,dislike
kissing,0,1,0,0,0,0,0,0,0,0,0,0,0,0,0,1,1,0.5719,7,1,kissing
clog,1,1,0,0,0,0,0,0,0,0,0,0,0,0,0,1,1,-0.3818,4,1,clog
fireplace,1,0,0,0,0,0,0,0,0,0,0,0,0,0,0,1,1,-0.3818,9,1,fireplace
guiltily,0,0,0,1,0,0,0,0,0,0,0,0,0,0,0,1,1,-0.2732,8,1,guiltily
insistently,0,0,0,1,0,0,0,0,0,0,0,0,0,0,0,1,1,-0.2263,11,1,insistently
astounded,0,0,1,0,0,0,0,0,0,0,0,0,0,0,0,1,1,0.4215,9,1,astounded
resemble,0,1,0,0,0,0,0,0,0,0,0,0,0,0,0,1,1,0.0,8,1,resemble
inno,0,0,0,0,0,0,0,0,0,0,0,0,0,0,0,1,1,0.0,4,1,inno
temper,1,1,0,0,0,0,0,0,0,0,0,0,0,0,0,1,1,-0.4215,6,1,temper
smoked,0,1,1,0,0,0,0,0,0,0,0,0,0,0,0,1,1,0.0,6,1,smoked
fuss,1,1,0,0,0,0,0,0,0,0,0,0,0,0,0,1,1,0.0,4,1,fuss
shuffling,1,1,1,0,0,0,0,0,0,0,0,0,0,0,0,1,1,0.3612,9,1,shuffling
ourselves,1,0,0,0,0,0,0,0,0,0,0,0,0,0,1,1,1,-0.3818,9,1,ourselves
chanans,0,0,0,0,0,0,0,0,0,0,0,0,0,0,0,1,1,0.3612,7,1,chanans
accomplishments,1,0,0,0,0,0,0,0,0,0,0,0,0,0,0,1,1,0.8313,15,1,accomplishments
savors,1,1,0,0,0,0,0,0,0,0,0,0,0,0,0,1,1,0.8313,6,1,savors
anti,1,0,1,0,0,0,0,0,0,0,0,0,0,0,0,1,1,0.0,4,1,anti
struggled,0,1,0,0,0,0,0,0,0,0,0,0,0,0,0,1,1,-0.6597,9,1,struggled
mould,1,0,0,0,0,0,0,0,0,0,0,0,0,0,0,1,1,-0.6597,5,1,mould
senselessness,0,0,0,0,0,0,0,0,0,0,0,0,0,0,0,1,1,-0.6597,13,1,senselessness
crawled,0,1,0,0,0,0,0,0,0,0,0,0,0,0,0,1,1,0.0,7,1,crawled
fresher,1,0,0,0,0,0,0,0,0,0,0,0,0,0,0,1,1,0.0,7,1,fresher
beds,1,1,0,0,0,0,0,0,0,0,0,0,0,0,0,1,1,-0.296,4,1,beds
weedy,0,0,1,0,0,0,0,0,0,0,0,0,0,0,0,1,1,-0.296,5,1,weedy
scalloped,0,0,1,0,0,0,0,0,0,0,0,0,0,0,0,1,1,0.5994,9,1,scalloped
abounding,0,1,1,0,0,0,0,0,0,0,0,0,0,0,0,1,1,0.5994,9,1,abounding
isles,1,0,0,0,0,0,0,0,0,0,0,0,0,0,0,1,1,0.5994,5,1,isles
darkened,0,0,1,0,0,0,0,0,0,0,0,0,0,0,0,1,1,-0.2732,8,1,darkened
tension,1,0,0,0,0,0,0,0,0,0,0,0,0,0,0,1,1,0.0258,7,1,tension
greedy,0,0,1,0,0,0,0,0,0,0,0,0,0,0,0,1,1,-0.3182,6,1,greedy
swallows,1,1,0,0,0,0,0,0,0,0,0,0,0,0,0,1,1,-0.3182,8,1,swallows
hotter,1,0,1,0,0,0,0,0,0,0,0,0,0,0,0,1,1,0.0,6,1,hotter
seems,0,1,0,0,0,0,0,0,0,0,0,0,0,0,0,1,1,0.4939,5,1,seems
colder,0,0,0,0,0,0,0,0,0,0,0,0,0,0,0,1,1,0.4939,6,1,colder
stagnant,0,0,1,0,0,0,0,0,0,0,0,0,0,0,0,1,1,0.0,8,1,stagnant
sail,1,1,0,0,0,0,0,0,0,0,0,0,0,0,0,1,1,0.0,4,1,sail
distasteful,0,0,1,0,0,0,0,0,0,0,0,0,0,0,0,1,1,0.0,11,1,distasteful
plenty,1,0,0,1,0,0,0,0,0,0,0,0,0,0,0,1,1,0.0,6,1,plenty
boisterously,0,0,0,1,0,0,0,0,0,0,0,0,0,0,0,1,1,0.0,12,1,boisterously
gauge,1,1,1,0,0,0,0,0,0,0,0,0,0,0,0,1,1,0.0,5,1,gauge
pointless,0,0,1,0,0,0,0,0,0,0,0,0,0,0,0,1,1,0.0,9,1,pointless
indefinable,1,0,1,0,0,0,0,0,0,0,0,0,0,0,0,1,1,0.0772,11,1,indefinable
miliar,0,0,0,0,0,0,0,0,0,0,0,0,0,0,0,1,1,0.0772,6,1,miliar
circus,1,0,0,0,0,0,0,0,0,0,0,0,0,0,0,1,1,0.0,6,1,circus
acres,1,0,0,0,0,0,0,0,0,0,0,0,0,0,0,1,1,0.0,5,1,acres
inhabited,0,0,1,0,0,0,0,0,0,0,0,0,0,0,0,1,1,0.0,9,1,inhabited
overlooked,0,1,1,0,0,0,0,0,0,0,0,0,0,0,0,1,1,-0.2263,10,1,overlooked
partial,1,0,1,0,0,0,0,0,0,0,0,0,0,0,0,1,1,-0.2263,7,1,partial
soling,0,1,0,0,0,0,0,0,0,0,0,0,0,0,0,1,1,-0.2263,6,1,soling
millionaires,1,0,0,0,0,0,0,0,0,0,0,0,0,0,0,1,1,-0.2263,12,1,millionaires
palaces,1,0,0,0,0,0,0,0,0,0,0,0,0,0,0,1,1,0.3612,7,1,palaces
glittered,0,0,0,0,0,0,0,0,0,0,0,0,0,0,0,1,1,0.3612,9,1,glittered
fol,0,0,0,0,0,0,0,0,0,0,0,0,0,0,0,1,1,-0.2023,3,1,fol
lowed,0,0,0,0,0,0,0,0,0,0,0,0,0,0,0,1,1,-0.2023,5,1,lowed
cloth,1,0,0,0,0,0,0,0,0,0,0,0,0,0,0,1,1,-0.2023,5,1,cloth
capes,1,0,0,0,0,0,0,0,0,0,0,0,0,0,0,1,1,-0.2023,5,1,capes
shift,1,1,0,0,0,0,0,0,0,0,0,0,0,0,0,1,1,0.0,5,1,shift
ivy,1,0,0,0,0,0,0,0,0,0,0,0,0,0,0,1,1,0.0,3,1,ivy
swim,1,1,0,0,0,0,0,0,0,0,0,0,0,0,0,1,1,0.0,4,1,swim
ming,1,0,0,0,0,0,0,0,0,0,0,0,0,0,0,1,1,0.0,4,1,ming
curve,1,0,0,0,0,0,0,0,0,0,0,0,0,0,0,1,1,0.0,5,1,curve
notions,1,0,0,0,0,0,0,0,0,0,0,0,0,0,0,1,1,0.0,7,1,notions
indiscreet,0,0,1,0,0,0,0,0,0,0,0,0,0,0,0,1,1,0.0,10,1,indiscreet
charm,1,1,0,0,0,0,0,0,0,0,0,0,0,0,0,1,1,0.4019,5,1,charm
jingle,1,1,0,0,0,0,0,0,0,0,0,0,0,0,0,1,1,0.4019,6,1,jingle
cymbals,1,0,0,0,0,0,0,0,0,0,0,0,0,0,0,1,1,0.4019,7,1,cymbals
king,1,0,0,0,0,0,0,0,0,0,0,0,0,0,0,1,1,0.0,4,1,king
quart,1,0,0,0,0,0,0,0,0,0,0,0,0,0,0,1,1,-0.2023,5,1,quart
normandy,0,0,0,0,0,0,0,0,0,0,0,0,0,0,0,1,1,0.0,8,1,normandy
spanking,1,1,1,0,0,0,0,0,0,0,0,0,0,0,0,1,1,0.0,8,1,spanking
snob,1,0,0,0,0,0,0,0,0,0,0,0,0,0,0,1,1,-0.34,4,1,snob
irritable,0,0,1,0,0,0,0,0,0,0,0,0,0,0,0,1,1,-0.4767,9,1,irritable
fading,1,1,1,0,0,0,0,0,0,0,0,0,0,0,0,1,1,-0.4767,6,1,fading
caution,1,1,0,0,0,0,0,0,0,0,0,0,0,0,0,1,1,0.0,7,1,caution
stalled,0,1,0,0,0,0,0,0,0,0,0,0,0,0,0,1,1,-0.128,7,1,stalled
baking,1,1,1,0,0,0,0,0,0,0,0,0,0,0,0,1,1,-0.128,6,1,baking
snorted,0,1,0,0,0,0,0,0,0,0,0,0,0,0,0,1,1,-0.2263,7,1,snorted
superficial,1,0,1,0,0,0,0,0,0,0,0,0,0,0,0,1,1,0.1604,11,1,superficial
tag,1,1,0,0,0,0,0,0,0,0,0,0,0,0,0,1,1,0.1604,3,1,tag
contrast,1,1,0,0,0,0,0,0,0,0,0,0,0,0,0,1,1,0.1604,8,1,contrast
factual,0,0,1,0,0,0,0,0,0,0,0,0,0,0,0,1,1,0.0,7,1,factual
imitation,1,0,1,0,0,0,0,0,0,0,0,0,0,0,0,1,1,0.0,9,1,imitation
tel,1,0,0,0,0,0,0,0,0,0,0,0,0,0,0,1,1,0.0,3,1,tel
ville,0,0,0,0,0,0,0,0,0,0,0,0,0,0,0,1,1,0.0,5,1,ville
abyss,1,0,0,0,0,0,0,0,0,0,0,0,0,0,0,1,1,0.0,5,1,abyss
humo,0,0,0,0,0,0,0,0,0,0,0,0,0,0,0,1,1,0.0,4,1,humo
rously,0,0,0,0,0,0,0,0,0,0,0,0,0,0,0,1,1,0.0,6,1,rously
inves,0,0,0,0,0,0,0,0,0,0,0,0,0,0,0,1,1,0.0,5,1,inves
tigation,0,0,0,0,0,0,0,0,0,0,0,0,0,0,0,1,1,0.0,8,1,tigation
helpfully,0,0,0,1,0,0,0,0,0,0,0,0,0,0,0,1,1,0.5106,9,1,helpfully
wears,0,1,0,0,0,0,0,0,0,0,0,0,0,0,0,1,1,0.0,5,1,wears
mexico,1,0,0,0,0,0,0,0,0,0,0,0,0,0,0,1,1,-0.2263,6,1,mexico
gears,0,1,0,0,0,0,0,0,0,0,0,0,0,0,0,1,1,0.0,5,1,gears
tentatively,0,0,0,1,0,0,0,0,0,0,0,0,0,0,0,1,1,0.0,11,1,tentatively
op,1,0,0,0,0,0,0,0,0,0,0,0,0,0,0,1,1,0.0,2,1,op
pressive,0,0,0,0,0,0,0,0,0,0,0,0,0,0,0,1,1,0.0,8,1,pressive
tells,1,1,0,0,0,0,0,0,0,0,0,0,0,0,0,1,1,0.0,5,1,tells
contingency,1,0,0,0,0,0,0,0,0,0,0,0,0,0,0,1,1,0.0,11,1,contingency
overtook,0,1,0,0,0,0,0,0,0,0,0,0,0,0,0,1,1,0.0,8,1,overtook
theoretical,0,0,1,0,0,0,0,0,0,0,0,0,0,0,0,1,1,0.0,11,1,theoretical
locality,1,0,0,0,0,0,0,0,0,0,0,0,0,0,0,1,1,0.5766,8,1,locality
giant,1,0,1,0,0,0,0,0,0,0,0,0,0,0,0,1,1,0.0,5,1,giant
observed,0,1,1,0,0,0,0,0,0,0,0,0,0,0,0,1,1,0.2944,8,1,observed
developing,0,0,1,0,0,0,0,0,0,0,0,0,0,0,0,1,1,0.2944,10,1,developing
curiously,0,0,0,1,0,0,0,0,0,0,0,0,0,0,0,1,1,-0.8625,9,1,curiously
jealous,0,0,1,0,0,0,0,0,0,0,0,0,0,0,0,1,1,-0.8625,7,1,jealous
terror,1,0,0,0,0,0,0,0,0,0,0,0,0,0,0,1,1,-0.8625,6,1,terror
simple,1,0,1,0,0,0,0,0,0,0,0,0,0,0,0,1,1,-0.6395,6,1,simple
relentless,0,0,1,0,0,0,0,0,0,0,0,0,0,0,0,1,1,-0.8739,10,1,relentless
confuse,0,1,0,0,0,0,0,0,0,0,0,0,0,0,0,1,1,-0.8739,7,1,confuse
alighted,0,1,0,0,0,0,0,0,0,0,0,0,0,0,0,1,1,-0.8739,8,1,alighted
physi,0,0,0,0,0,0,0,0,0,0,0,0,0,0,0,1,1,-0.7096,5,1,physi
parallel,1,1,1,0,0,0,0,0,0,0,0,0,0,0,0,1,1,-0.0772,8,1,parallel
discovery,1,0,0,0,0,0,0,0,0,0,0,0,0,0,0,1,1,-0.0772,9,1,discovery
intelligence,1,0,0,0,0,0,0,0,0,0,0,0,0,0,0,1,1,-0.0772,12,1,intelligence
unforgivably,0,0,0,0,0,0,0,0,0,0,0,0,0,0,0,1,1,-0.879,12,1,unforgivably
ey,1,0,0,0,0,0,0,0,0,0,0,0,0,0,0,1,1,-0.0772,2,1,ey
handle,1,1,0,0,0,0,0,0,0,0,0,0,0,0,0,1,1,0.0258,6,1,handle
shading,1,1,0,0,0,0,0,0,0,0,0,0,0,0,0,1,1,0.0,7,1,shading
flurry,1,1,0,0,0,0,0,0,0,0,0,0,0,0,0,1,1,0.4939,6,1,flurry
flash,1,1,1,0,0,0,0,0,0,0,0,0,0,0,0,1,1,0.4939,5,1,flash
harshly,0,0,0,1,0,0,0,0,0,0,0,0,0,0,0,1,1,-0.2263,7,1,harshly
wised,0,0,1,0,0,0,0,0,0,0,0,0,0,0,0,1,1,0.6597,5,1,wised
dollar,1,0,0,0,0,0,0,0,0,0,0,0,0,0,0,1,1,0.0,6,1,dollar
abrupt,1,0,1,0,0,0,0,0,0,0,0,0,0,0,0,1,1,-0.5994,6,1,abrupt
dusty,0,0,1,0,0,0,0,0,0,0,0,0,0,0,0,1,1,-0.5994,5,1,dusty
establishment,1,0,0,0,0,0,0,0,0,0,0,0,0,0,0,1,1,0.0,13,1,establishment
roughly,0,0,0,1,0,0,0,0,0,0,0,0,0,0,0,1,1,-0.3818,7,1,roughly
admire,0,1,0,0,0,0,0,0,0,0,0,0,0,0,0,1,1,0.296,6,1,admire
unscrewed,0,1,0,0,0,0,0,0,0,0,0,0,0,0,0,1,1,0.3182,9,1,unscrewed
tank,1,1,0,0,0,0,0,0,0,0,0,0,0,0,0,1,1,0.3182,4,1,tank
mon,1,0,0,0,0,0,0,0,0,0,0,0,0,0,0,1,1,-0.0772,3,1,mon
formations,1,0,0,0,0,0,0,0,0,0,0,0,0,0,0,1,1,0.4588,10,1,formations
eggs,1,1,0,0,0,0,0,0,0,0,0,0,0,0,0,1,1,0.765,4,1,eggs
domesticated,0,1,1,0,0,0,0,0,0,0,0,0,0,0,0,1,1,0.765,12,1,domesticated
salt,1,1,1,0,0,0,0,0,0,0,0,0,0,0,0,1,1,0.765,4,1,salt
overripe,0,0,1,0,0,0,0,0,0,0,0,0,0,0,0,1,1,0.4404,8,1,overripe
sorts,1,0,0,0,0,0,0,0,0,0,0,0,0,0,0,1,1,0.4404,5,1,sorts
fruits,0,1,0,0,0,0,0,0,0,0,0,0,0,0,0,1,1,0.4404,6,1,fruits
signalled,0,0,0,0,0,0,0,0,0,0,0,0,0,0,0,1,1,-0.6486,9,1,signalled
perpetual,0,0,1,0,0,0,0,0,0,0,0,0,0,0,0,1,1,-0.7905,9,1,perpetual
wingless,0,0,1,0,0,0,0,0,0,0,0,0,0,0,0,1,1,-0.4005,8,1,wingless
phenomenon,1,0,0,0,0,0,0,0,0,0,0,0,0,0,0,1,1,-0.4005,10,1,phenomenon
dissimilarity,1,0,0,0,0,0,0,0,0,0,0,0,0,0,0,1,1,-0.4005,13,1,dissimilarity
size,1,1,1,0,0,0,0,0,0,0,0,0,0,0,0,1,1,-0.4005,4,1,size
communities,1,0,0,0,0,0,0,0,0,0,0,0,0,0,0,1,1,0.7865,11,1,communities
extends,0,1,0,0,0,0,0,0,0,0,0,0,0,0,0,1,1,0.4588,7,1,extends
curiosities,1,0,0,0,0,0,0,0,0,0,0,0,0,0,0,1,1,0.4588,11,1,curiosities
astoria,0,0,0,0,0,0,0,0,0,0,0,0,0,0,0,1,1,0.3182,7,1,astoria
spidery,0,0,1,0,0,0,0,0,0,0,0,0,0,0,0,1,1,0.3182,7,1,spidery
easygoing,0,0,1,0,0,0,0,0,0,0,0,0,0,0,0,1,1,0.3182,9,1,easygoing
fiftieth,1,0,1,0,0,0,0,0,0,0,0,0,0,0,0,1,1,0.0,8,1,fiftieth
hemisphere,1,0,0,0,0,0,0,0,0,0,0,0,0,0,0,1,1,0.765,10,1,hemisphere
barnyard,1,0,0,0,0,0,0,0,0,0,0,0,0,0,0,1,1,0.765,8,1,barnyard
ovals,1,0,0,0,0,0,0,0,0,0,0,0,0,0,0,1,1,-0.7905,5,1,ovals
columbus,1,0,0,0,0,0,0,0,0,0,0,0,0,0,0,1,1,-0.7905,8,1,columbus
whips,1,1,0,0,0,0,0,0,0,0,0,0,0,0,0,1,1,-0.6395,5,1,whips
inviolate,0,0,1,0,0,0,0,0,0,0,0,0,0,0,0,1,1,0.34,9,1,inviolate
slipping,1,1,1,0,0,0,0,0,0,0,0,0,0,0,0,1,1,0.34,8,1,slipping
cipitately,0,0,0,0,0,0,0,0,0,0,0,0,0,0,0,1,1,0.34,10,1,cipitately
accelerator,1,0,0,0,0,0,0,0,0,0,0,0,0,0,0,1,1,0.3182,11,1,accelerator
double,1,1,1,1,0,0,0,0,0,0,0,0,0,0,0,1,1,0.3182,6,1,double
purpose,1,1,0,0,0,0,0,0,0,0,0,0,0,0,0,1,1,0.3182,7,1,purpose
hind,1,0,1,0,0,0,0,0,0,0,0,0,0,0,0,1,1,0.3182,4,1,hind
editorials,1,0,0,0,0,0,0,0,0,0,0,0,0,0,0,1,1,-0.4188,10,1,editorials
specialists,1,0,0,0,0,0,0,0,0,0,0,0,0,0,0,1,1,-0.4188,11,1,specialists
epigram,1,0,0,0,0,0,0,0,0,0,0,0,0,0,0,1,1,0.5413,7,1,epigram
successfully,0,0,0,1,0,0,0,0,0,0,0,0,0,0,0,1,1,0.5413,12,1,successfully
clerk,1,1,0,0,0,0,0,0,0,0,0,0,0,0,0,1,1,0.4927,5,1,clerk
pretended,0,1,1,0,0,0,0,0,0,0,0,0,0,0,0,1,1,0.4927,9,1,pretended
stifling,0,1,1,0,0,0,0,0,0,0,0,0,0,0,0,1,1,0.1027,8,1,stifling
fixing,1,1,0,0,0,0,0,0,0,0,0,0,0,0,0,1,1,0.0,6,1,fixing
hire,1,1,0,0,0,0,0,0,0,0,0,0,0,0,0,1,1,0.0,4,1,hire
baffled,1,1,1,0,0,0,0,0,0,0,0,0,0,0,0,1,1,0.4927,7,1,baffled
unfold,0,1,0,0,0,0,0,0,0,0,0,0,0,0,0,1,1,0.8402,6,1,unfold
secrets,0,0,0,0,0,0,0,0,0,0,0,0,0,0,0,1,1,0.8402,7,1,secrets
midas,1,0,0,0,0,0,0,0,0,0,0,0,0,0,0,1,1,0.8402,5,1,midas
morgan,1,0,0,0,0,0,0,0,0,0,0,0,0,0,0,1,1,0.8402,6,1,morgan
maecenas,1,0,0,0,0,0,0,0,0,0,0,0,0,0,0,1,1,0.8402,8,1,maecenas
literary,0,0,1,0,0,0,0,0,0,0,0,0,0,0,0,1,1,-0.4188,8,1,literary
parlor,1,0,0,0,0,0,0,0,0,0,0,0,0,0,0,1,1,0.34,6,1,parlor
prolonged,0,1,1,0,0,0,0,0,0,0,0,0,0,0,0,1,1,0.3182,9,1,prolonged
herding,0,1,1,0,0,0,0,0,0,0,0,0,0,0,0,1,1,0.3182,7,1,herding
eludes,0,1,0,0,0,0,0,0,0,0,0,0,0,0,0,1,1,0.3182,6,1,eludes
climbing,0,1,1,0,0,0,0,0,0,0,0,0,0,0,0,1,1,0.3182,8,1,climbing
snake,1,1,0,0,0,0,0,0,0,0,0,0,0,0,0,1,1,0.3182,5,1,snake
notion,1,0,0,0,0,0,0,0,0,0,0,0,0,0,0,1,1,0.0,6,1,notion
originated,0,1,0,0,0,0,0,0,0,0,0,0,0,0,0,1,1,0.0,10,1,originated
wit,1,0,0,1,0,0,0,0,0,0,0,0,0,0,0,1,1,0.0,3,1,wit
argue,0,1,0,0,0,0,0,0,0,0,0,0,0,0,0,1,1,-0.6249,5,1,argue
truck,1,1,0,0,0,0,0,0,0,0,0,0,0,0,0,1,1,-0.6249,5,1,truck
cursing,0,1,1,0,0,0,0,0,0,0,0,0,0,0,0,1,1,-0.6249,7,1,cursing
traffic,1,1,0,0,0,0,0,0,0,0,0,0,0,0,0,1,1,-0.2263,7,1,traffic
dart,1,1,0,0,0,0,0,0,0,0,0,0,0,0,0,1,1,0.0,4,1,dart
explicable,0,0,1,0,0,0,0,0,0,0,0,0,0,0,0,1,1,0.34,10,1,explicable
engaging,0,1,1,0,0,0,0,0,0,0,0,0,0,0,0,1,1,0.34,8,1,engaging
dodge,1,1,0,0,0,0,0,0,0,0,0,0,0,0,0,1,1,0.5267,5,1,dodge
wisdom,1,0,0,0,0,0,0,0,0,0,0,0,0,0,0,1,1,0.5267,6,1,wisdom
guide,1,1,0,0,0,0,0,0,0,0,0,0,0,0,0,1,1,0.3182,5,1,guide
pathfinder,1,0,0,0,0,0,0,0,0,0,0,0,0,0,0,1,1,0.3182,10,1,pathfinder
original,1,0,1,0,0,0,0,0,0,0,0,0,0,0,0,1,1,0.3182,8,1,original
settler,1,0,0,0,0,0,0,0,0,0,0,0,0,0,0,1,1,0.3182,7,1,settler
conferred,0,1,1,0,0,0,0,0,0,0,0,0,0,0,0,1,1,0.7096,9,1,conferred
cheer,1,1,0,0,0,0,0,0,0,0,0,0,0,0,0,1,1,-0.4588,5,1,cheer
putter,1,1,0,0,0,0,0,0,0,0,0,0,0,0,0,1,1,0.0,6,1,putter
ceremony,1,0,0,0,0,0,0,0,0,0,0,0,0,0,0,1,1,-0.4588,8,1,ceremony
viction,0,0,0,0,0,0,0,0,0,0,0,0,0,0,0,1,1,0.8505,7,1,viction
health,1,0,0,0,0,0,0,0,0,0,0,0,0,0,0,1,1,0.2682,6,1,health
volumes,1,0,0,0,0,0,0,0,0,0,0,0,0,0,0,1,1,0.8402,7,1,volumes
banking,1,1,0,0,0,0,0,0,0,0,0,0,0,0,0,1,1,0.8402,7,1,banking
credit,1,1,0,0,0,0,0,0,0,0,0,0,0,0,0,1,1,0.8402,6,1,credit
investment,1,0,0,0,0,0,0,0,0,0,0,0,0,0,0,1,1,0.8402,10,1,investment
sohn,0,0,0,0,0,0,0,0,0,0,0,0,0,0,0,1,1,0.0,4,1,sohn
march,1,1,0,0,0,0,0,0,0,0,0,0,0,0,0,1,1,0.0,5,1,march
dismally,0,0,0,1,0,0,0,0,0,0,0,0,0,0,0,1,1,-0.3818,8,1,dismally
tennessee,1,0,0,0,0,0,0,0,0,0,0,0,0,0,0,1,1,0.0,9,1,tennessee
appended,0,1,0,0,0,0,0,0,0,0,0,0,0,0,0,1,1,0.0,8,1,appended
irreverent,0,0,1,0,0,0,0,0,0,0,0,0,0,0,0,1,1,0.0,10,1,irreverent
memphis,1,0,0,0,0,0,0,0,0,0,0,0,0,0,0,1,1,0.0,7,1,memphis
aluminum,1,0,1,0,0,0,0,0,0,0,0,0,0,0,0,1,1,0.0,8,1,aluminum
respectfully,0,0,0,1,0,0,0,0,0,0,0,0,0,0,0,1,1,0.6908,12,1,respectfully
axe,1,1,0,0,0,0,0,0,0,0,0,0,0,0,0,1,1,0.5267,3,1,axe
crabbing,0,1,0,0,0,0,0,0,0,0,0,0,0,0,0,1,1,-0.4767,8,1,crabbing
nail,1,1,0,0,0,0,0,0,0,0,0,0,0,0,0,1,1,-0.569,4,1,nail
splashed,0,1,1,0,0,0,0,0,0,0,0,0,0,0,0,1,1,-0.569,8,1,splashed
hum,1,1,0,0,0,0,0,0,0,0,0,0,0,0,0,1,1,0.0,3,1,hum
compressed,0,1,1,0,0,0,0,0,0,0,0,0,0,0,0,1,1,0.0,10,1,compressed
mendels,0,0,0,0,0,0,0,0,0,0,0,0,0,0,0,1,1,0.0,7,1,mendels
gibberish,1,0,0,0,0,0,0,0,0,0,0,0,0,0,0,1,1,-0.3612,9,1,gibberish
modern,1,0,1,0,0,0,0,0,0,0,0,0,0,0,0,1,1,0.0,6,1,modern
tempted,0,1,0,0,0,0,0,0,0,0,0,0,0,0,0,1,1,0.0772,7,1,tempted
transition,1,1,0,0,0,0,0,0,0,0,0,0,0,0,0,1,1,-0.2263,10,1,transition
libertine,1,0,1,0,0,0,0,0,0,0,0,0,0,0,0,1,1,-0.2263,9,1,libertine
prig,1,0,0,0,0,0,0,0,0,0,0,0,0,0,0,1,1,-0.2263,4,1,prig
competitive,0,0,1,0,0,0,0,0,0,0,0,0,0,0,0,1,1,0.6486,11,1,competitive
firmness,1,0,0,0,0,0,0,0,0,0,0,0,0,0,0,1,1,0.6486,8,1,firmness
institutions,1,0,0,0,0,0,0,0,0,0,0,0,0,0,0,1,1,0.0,12,1,institutions
overboard,0,0,0,1,0,0,0,0,0,0,0,0,0,0,0,1,1,0.0,9,1,overboard
intermarriage,1,0,0,0,0,0,0,0,0,0,0,0,0,0,0,1,1,0.0,13,1,intermarriage
friendly,1,0,1,0,0,0,0,0,0,0,0,0,0,0,0,1,1,0.9481,8,1,friendly
togeth,0,0,0,0,0,0,0,0,0,0,0,0,0,0,0,1,1,0.9481,6,1,togeth
beaten,0,0,1,0,0,0,0,0,0,0,0,0,0,0,0,1,1,-0.5267,6,1,beaten
bungalow,1,0,0,0,0,0,0,0,0,0,0,0,0,0,0,1,1,-0.5267,8,1,bungalow
washington,1,0,0,0,0,0,0,0,0,0,0,0,0,0,0,1,1,-0.5267,10,1,washington
unbelief,1,0,0,0,0,0,0,0,0,0,0,0,0,0,0,1,1,0.0,8,1,unbelief
universities,1,0,0,0,0,0,0,0,0,0,0,0,0,0,0,1,1,0.0,12,1,universities
slap,1,1,0,1,0,0,0,0,0,0,0,0,0,0,0,1,1,0.1531,4,1,slap
newals,0,0,0,0,0,0,0,0,0,0,0,0,0,0,0,1,1,0.4215,6,1,newals
experienced,0,1,1,0,0,0,0,0,0,0,0,0,0,0,0,1,1,0.4215,11,1,experienced
smiling,0,1,1,0,0,0,0,0,0,0,0,0,0,0,0,1,1,0.4588,7,1,smiling
nowhere,1,0,0,1,0,0,0,0,0,0,1,0,0,0,0,1,1,-0.5216,7,1,nowhere
sneering,1,1,1,0,0,0,0,0,0,0,0,0,0,0,0,1,1,0.0,8,1,sneering
yea,1,0,0,1,0,0,1,0,0,0,0,0,0,0,0,1,1,-0.4588,3,1,yea
asa,0,0,0,0,0,0,0,0,0,0,0,0,0,0,0,1,1,0.0,3,1,asa
bumming,0,1,0,0,0,0,0,0,0,0,0,0,0,0,0,1,1,0.0,7,1,bumming
class,1,0,0,0,0,0,0,0,0,0,0,0,0,0,0,1,1,0.0,5,1,class
tattoo,1,1,0,0,0,0,0,0,0,0,0,0,0,0,0,1,1,-0.2732,6,1,tattoo
insulting,0,0,1,0,0,0,0,0,0,0,0,0,0,0,0,1,1,-0.4939,9,1,insulting
thank,1,1,0,0,0,0,0,0,0,0,0,0,0,0,0,1,1,-0.2263,5,1,thank
cleared,0,1,1,0,0,0,0,0,0,0,0,0,0,0,0,1,1,0.1027,7,1,cleared
es,1,0,0,0,0,0,0,0,0,0,0,0,0,0,0,1,1,-0.6335,2,1,es
hesitant,0,0,1,0,0,0,0,0,0,0,0,0,0,0,0,1,1,-0.6335,8,1,hesitant
finance,1,1,0,0,0,0,0,0,0,0,0,0,0,0,0,1,1,0.2732,7,1,finance
delays,1,1,0,0,0,0,0,0,0,0,0,0,0,0,0,1,1,0.2732,6,1,delays
permanently,0,0,0,1,0,0,0,0,0,0,0,0,0,0,0,1,1,0.2732,11,1,permanently
punch,1,1,0,0,0,0,0,0,0,0,0,0,0,0,0,1,1,0.0,5,1,punch
bowl,1,1,0,0,0,0,0,0,0,0,0,0,0,0,0,1,1,0.0,4,1,bowl
tenderness,1,0,0,0,0,0,0,0,0,0,0,0,0,0,0,1,1,0.4215,10,1,tenderness
appeal,1,1,0,0,0,0,0,0,0,0,0,0,0,0,0,1,1,0.0,6,1,appeal
kapiolani,0,0,0,0,0,0,0,0,0,0,0,0,0,0,0,1,1,0.0,9,1,kapiolani
ballroom,1,0,0,0,0,0,0,0,0,0,0,0,0,0,0,1,1,0.0,8,1,ballroom
suffocating,0,1,1,0,0,0,0,0,0,0,0,0,0,0,0,1,1,0.0,11,1,suffocating
aunts,1,0,0,0,0,0,0,0,0,0,0,0,0,0,0,1,1,-0.6335,5,1,aunts
uncles,1,0,0,0,0,0,0,0,0,0,0,0,0,0,0,1,1,-0.6335,6,1,uncles
choosing,0,1,0,0,0,0,0,0,0,0,0,0,0,0,0,1,1,-0.6335,8,1,choosing
ye,0,0,0,0,0,0,0,0,0,0,0,0,0,0,0,1,1,-0.6335,2,0,ye
ries,0,0,0,0,0,0,0,0,0,0,0,0,0,0,0,1,1,-0.3818,4,1,ries
foolish,0,0,1,0,0,0,0,0,0,0,0,0,0,0,0,1,1,-0.5859,7,1,foolish
sagely,0,0,0,1,0,0,0,0,0,0,0,0,0,0,0,1,1,0.0,6,1,sagely
revolting,0,1,1,0,0,0,0,0,0,0,0,0,0,0,0,1,1,0.0,9,1,revolting
dropping,1,1,1,0,0,0,0,0,0,0,0,0,0,0,0,1,1,-0.2023,8,1,dropping
octave,1,0,1,0,0,0,0,0,0,0,0,0,0,0,0,1,1,-0.2023,6,1,octave
treat,1,1,0,0,0,0,0,0,0,0,0,0,0,0,0,1,1,0.5574,5,1,treat
blindly,0,0,0,1,0,0,0,0,0,0,0,0,0,0,0,1,1,0.0,7,1,blindly
partake,0,1,0,0,0,0,0,0,0,0,0,0,0,0,0,1,1,0.6486,7,1,partake
vica,0,0,0,0,0,0,0,0,0,0,0,0,0,0,0,1,1,0.6486,4,1,vica
riously,0,0,0,0,0,0,0,0,0,0,0,0,0,0,0,1,1,0.6486,7,1,riously
ternal,0,0,0,0,0,0,0,0,0,0,0,0,0,0,0,1,1,-0.4019,6,1,ternal
cler,0,0,0,0,0,0,0,0,0,0,0,0,0,0,0,1,1,0.3612,4,1,cler
gyman,0,0,0,0,0,0,0,0,0,0,0,0,0,0,0,1,1,0.3612,5,1,gyman
unless,0,0,0,0,0,0,1,0,0,0,0,0,0,0,0,1,1,-0.3818,6,1,unless
groce,0,0,0,0,0,0,0,0,0,0,0,0,0,0,0,1,1,-0.3818,5,1,groce
fought,0,1,0,0,0,0,0,0,0,0,0,0,0,0,0,1,1,-0.967,6,1,fought
undespairingly,0,0,0,1,0,0,0,0,0,0,0,0,0,0,0,1,1,-0.967,14,1,undespairingly
cou,0,0,0,0,0,0,0,0,0,0,0,0,0,0,0,1,1,-0.5859,3,1,cou
magnanim,0,0,0,0,0,0,0,0,0,0,0,0,0,0,0,1,1,-0.6428,8,1,magnanim
annoy,1,1,0,0,0,0,0,0,0,0,0,0,0,0,0,1,1,-0.4404,5,1,annoy
realizes,0,1,0,0,0,0,0,0,0,0,0,0,0,0,0,1,1,0.3415,8,1,realizes
presump,0,0,0,0,0,0,0,0,0,0,0,0,0,0,0,1,1,0.3415,7,1,presump
tuous,0,0,0,0,0,0,0,0,0,0,0,0,0,0,0,1,1,0.3415,5,1,tuous
laws,1,0,0,0,0,0,0,0,0,0,0,0,0,0,0,1,1,-0.5927,4,1,laws
shutting,1,1,0,0,0,0,0,0,0,0,0,0,0,0,0,1,1,-0.5927,8,1,shutting
terrified,0,1,1,0,0,0,0,0,0,0,0,0,0,0,0,1,1,-0.3612,9,1,terrified
balance,1,1,0,0,0,0,0,0,0,0,0,0,0,0,0,1,1,-0.3612,7,1,balance
babbled,0,1,0,0,0,0,0,0,0,0,0,0,0,0,0,1,1,-0.5859,7,1,babbled
slander,1,0,0,0,0,0,0,0,0,0,0,0,0,0,0,1,1,-0.5859,7,1,slander
denying,0,1,0,0,0,0,0,0,0,0,0,0,0,0,0,1,1,-0.1027,7,1,denying
defending,0,1,1,0,0,0,0,0,0,0,0,0,0,0,0,1,1,-0.1027,9,1,defending
steal,1,1,0,0,0,0,0,0,0,0,0,0,0,0,0,1,1,-0.4939,5,1,steal
steadily,0,0,0,1,0,0,0,0,0,0,0,0,0,0,0,1,1,0.0,8,1,steadily
grain,1,1,0,0,0,0,0,0,0,0,0,0,0,0,0,1,1,0.0,5,1,grain
alcohol,1,0,0,0,0,0,0,0,0,0,0,0,0,0,0,1,1,0.0,7,1,alcohol
coun,0,0,0,0,0,0,0,0,0,0,0,0,0,0,0,1,1,0.0,4,1,coun
chase,1,1,0,0,0,0,0,0,0,0,0,0,0,0,0,1,1,0.743,5,1,chase
lurch,1,1,0,0,0,0,0,0,0,0,0,0,0,0,0,1,1,0.0,5,1,lurch
betting,0,1,1,0,0,0,0,0,0,0,0,0,0,0,0,1,1,-0.5927,7,1,betting
rancour,1,0,0,0,0,0,0,0,0,0,0,0,0,0,0,1,1,0.0,7,1,rancour
ciga,0,0,0,0,0,0,0,0,0,0,0,0,0,0,0,1,1,0.0,4,1,ciga
rette,0,0,0,0,0,0,0,0,0,0,0,0,0,0,0,1,1,0.0,5,1,rette
bite,1,1,0,0,0,0,0,0,0,0,0,0,0,0,0,1,1,0.0,4,1,bite
piti,0,0,0,0,0,0,0,0,0,0,0,0,0,0,0,1,1,-0.3283,4,1,piti
ful,0,0,0,0,0,0,0,0,0,0,0,0,0,0,0,1,1,-0.3283,3,1,ful
nonsense,1,0,1,0,0,0,0,0,0,0,0,0,0,0,0,1,1,0.0,8,1,nonsense
swindler,1,0,0,0,0,0,0,0,0,0,0,0,0,0,0,1,1,-0.4939,8,1,swindler
dec,0,0,0,0,0,0,0,0,0,0,0,0,0,0,0,1,1,0.3182,3,1,dec
ade,1,0,0,0,0,0,0,0,0,0,0,0,0,0,0,1,1,0.0258,3,1,ade
brief,1,1,1,0,0,0,0,0,0,0,0,0,0,0,0,1,1,0.0258,5,1,brief
wise,1,0,1,0,0,0,0,0,0,0,0,0,0,0,0,1,1,0.8271,4,1,wise
lazily,0,0,0,1,0,0,0,0,0,0,0,0,0,0,0,1,1,0.0258,6,1,lazily
formidable,0,0,1,0,0,0,0,0,0,0,0,0,0,0,0,1,1,0.0258,10,1,formidable
reassuring,0,1,1,0,0,0,0,0,0,0,0,0,0,0,0,1,1,0.0258,10,1,reassuring
cooling,1,1,1,0,0,0,0,0,0,0,0,0,0,0,0,1,1,-0.5994,7,1,cooling
participated,0,1,0,0,0,0,0,0,0,0,0,0,0,0,0,1,1,-0.1779,12,1,participated
teutonic,0,0,1,0,0,0,0,0,0,0,0,0,0,0,0,1,1,-0.1779,8,1,teutonic
migration,1,0,0,0,0,0,0,0,0,0,0,0,0,0,0,1,1,-0.1779,9,1,migration
raid,1,1,0,0,0,0,0,0,0,0,0,0,0,0,0,1,1,0.296,4,1,raid
thoroughly,0,0,0,1,0,0,0,0,0,0,0,0,0,0,0,1,1,0.296,10,1,thoroughly
argu,0,0,0,0,0,0,0,0,0,0,0,0,0,0,0,1,1,-0.4588,4,1,argu
ments,0,0,0,0,0,0,0,0,0,0,0,0,0,0,0,1,1,-0.4588,5,1,ments
fade,1,1,0,0,0,0,0,0,0,0,0,0,0,0,0,1,1,-0.4588,4,1,fade
clamor,1,1,0,0,0,0,0,0,0,0,0,0,0,0,0,1,1,0.2732,6,1,clamor
tumult,1,0,0,0,0,0,0,0,0,0,0,0,0,0,0,1,1,0.2732,6,1,tumult
sym,0,0,0,0,0,0,0,0,0,0,0,0,0,0,0,1,1,-0.4588,3,1,sym
pathy,1,0,0,0,0,0,0,0,0,0,0,0,0,0,0,1,1,-0.4588,5,1,pathy
limits,1,1,0,0,0,0,0,0,0,0,0,0,0,0,0,1,1,-0.4588,6,1,limits
boiled,0,1,1,0,0,0,0,0,0,0,0,0,0,0,0,1,1,0.7783,6,1,boiled
graduated,0,1,1,0,0,0,0,0,0,0,0,0,0,0,0,1,1,-0.1779,9,1,graduated
century,1,0,0,0,0,0,0,0,0,0,0,0,0,0,0,1,1,-0.1779,7,1,century
flirtation,0,0,0,0,0,0,0,0,0,0,0,0,0,0,0,1,1,0.3415,10,1,flirtation
pity,1,0,0,0,0,0,0,0,0,0,0,0,0,0,0,1,1,-0.3182,4,1,pity
unopened,0,0,1,0,0,0,0,0,0,0,0,0,0,0,0,1,1,0.0,8,1,unopened
birthday,1,0,0,0,0,0,0,0,0,0,0,0,0,0,0,1,1,0.0,8,1,birthday
menacing,0,1,1,0,0,0,0,0,0,0,0,0,0,0,0,1,1,0.0,8,1,menacing
exulting,0,1,1,0,0,0,0,0,0,0,0,0,0,0,0,1,1,0.2732,8,1,exulting
laughing,1,1,1,0,0,0,0,0,0,0,0,0,0,0,0,1,1,0.2732,8,1,laughing
foreign,1,0,1,0,0,0,0,0,0,0,0,0,0,0,0,1,1,0.2732,7,1,foreign
civil,0,0,1,0,0,0,0,0,0,0,0,0,0,0,0,1,1,-0.7469,5,1,civil
wholesale,1,1,1,1,0,0,0,0,0,0,0,0,0,0,0,1,1,-0.7469,9,1,wholesale
hardware,1,0,0,0,0,0,0,0,0,0,0,0,0,0,0,1,1,-0.7469,8,1,hardware
carries,1,1,0,0,0,0,0,0,0,0,0,0,0,0,0,1,1,-0.7469,7,1,carries
uncle,1,0,0,0,0,0,0,0,0,0,0,0,0,0,0,1,1,0.7783,5,1,uncle
reference,1,1,0,0,0,0,0,0,0,0,0,0,0,0,0,1,1,0.7783,9,1,reference
latter,1,0,1,0,0,0,0,0,0,0,0,0,0,0,0,1,1,0.0516,6,1,latter
shouting,1,1,1,0,0,0,0,0,0,0,0,0,0,0,0,1,1,0.0,8,1,shouting
tain,0,0,0,0,0,0,0,0,0,0,0,0,0,0,0,1,1,0.6808,4,1,tain
generations,1,0,0,0,0,0,0,0,0,0,0,0,0,0,0,1,1,0.3182,11,1,generations
carraways,0,0,0,0,0,0,0,0,0,0,0,0,0,0,0,1,1,-0.7469,9,1,carraways
dukes,1,0,0,0,0,0,0,0,0,0,0,0,0,0,0,1,1,-0.7469,5,1,dukes
buccleuch,0,0,0,0,0,0,0,0,0,0,0,0,0,0,0,1,1,-0.7469,9,1,buccleuch
founder,1,1,0,0,0,0,0,0,0,0,0,0,0,0,0,1,1,-0.7469,7,1,founder
grandfather,1,0,0,0,0,0,0,0,0,0,0,0,0,0,0,1,1,-0.7469,11,1,grandfather
substitute,1,1,1,0,0,0,0,0,0,0,0,0,0,0,0,1,1,-0.7469,10,1,substitute
neighbors,1,1,0,0,0,0,0,0,0,0,0,0,0,0,0,1,1,0.1068,9,1,neighbors
agreeable,1,0,1,0,0,0,0,0,0,0,0,0,0,0,0,1,1,0.7003,9,1,agreeable
colorless,0,0,1,0,0,0,0,0,0,0,0,0,0,0,0,1,1,0.7003,9,1,colorless
sus,1,0,0,0,0,0,0,0,0,0,0,0,0,0,0,1,1,0.6808,3,1,sus
picious,0,0,0,0,0,0,0,0,0,0,0,0,0,0,0,1,1,0.6808,7,1,picious
glances,1,1,0,0,0,0,0,0,0,0,0,0,0,0,0,1,1,0.6808,7,1,glances
visitor,1,0,0,0,0,0,0,0,0,0,0,0,0,0,0,1,1,0.6808,7,1,visitor
cer,0,0,0,0,0,0,0,0,0,0,0,0,0,0,0,1,1,0.6808,3,1,cer
greek,1,0,1,0,0,0,0,0,0,0,0,0,0,0,0,1,1,0.0,5,1,greek
joint,1,1,1,0,0,0,0,0,0,0,0,0,0,0,0,1,1,0.0,5,1,joint
principal,1,0,1,0,0,0,0,0,0,0,0,0,0,0,0,1,1,0.0,9,1,principal
slept,0,1,0,0,0,0,0,0,0,0,0,0,0,0,0,1,1,-0.8074,5,1,slept
refused,0,1,0,0,0,0,0,0,0,0,0,0,0,0,0,1,1,-0.5719,7,1,refused
persuade,0,1,0,0,0,0,0,0,0,0,0,0,0,0,0,1,1,-0.7717,8,1,persuade
racket,1,1,0,0,0,0,0,0,0,0,0,0,0,0,0,1,1,-0.7717,6,1,racket
astonished,0,0,1,0,0,0,0,0,0,0,0,0,0,0,0,1,1,0.1068,10,1,astonished
sorrows,0,0,0,0,0,0,0,0,0,0,0,0,0,0,0,1,1,0.4767,7,1,sorrows
winded,0,1,1,0,0,0,0,0,0,0,0,0,0,0,0,1,1,0.4767,6,1,winded
elations,0,0,0,0,0,0,0,0,0,0,0,0,0,0,0,1,1,0.4767,8,1,elations
prominent,0,0,1,0,0,0,0,0,0,0,0,0,0,0,0,1,1,0.3182,9,1,prominent
echoed,0,1,0,0,0,0,0,0,0,0,0,0,0,0,0,1,1,0.0,6,1,echoed
cla,0,0,0,0,0,0,0,0,0,0,0,0,0,0,0,1,1,0.0,3,1,cla
morously,0,0,0,0,0,0,0,0,0,0,0,0,0,0,0,1,1,0.0,8,1,morously
threshold,1,0,0,0,0,0,0,0,0,0,0,0,0,0,0,1,1,0.0,9,1,threshold
disarranged,0,1,1,0,0,0,0,0,0,0,0,0,0,0,0,1,1,0.0,11,1,disarranged
suffered,0,0,0,0,0,0,0,0,0,0,0,0,0,0,0,1,1,-0.4939,8,1,suffered
chill,1,1,1,0,0,0,0,0,0,0,0,0,0,0,0,1,1,-0.4939,5,1,chill
motorcycle,1,0,0,0,0,0,0,0,0,0,0,0,0,0,0,1,1,0.0,10,1,motorcycle
preyed,0,1,0,0,0,0,0,0,0,0,0,0,0,0,0,1,1,0.4767,6,1,preyed
temporarily,0,0,0,1,0,0,0,0,0,0,0,0,0,0,0,1,1,0.4767,11,1,temporarily
abor,1,0,0,0,0,0,0,0,0,0,0,0,0,0,0,1,1,0.4767,4,1,abor
tive,0,0,0,0,0,0,0,0,0,0,0,0,0,0,0,1,1,0.4767,4,1,tive
nearer,0,0,1,1,0,0,0,0,0,0,0,0,0,0,0,1,1,-0.2263,6,1,nearer
intent,1,0,1,0,0,0,0,0,0,0,0,0,0,0,0,1,1,-0.2263,6,1,intent
wailing,1,1,1,0,0,0,0,0,0,0,0,0,0,0,0,1,1,0.4215,7,1,wailing
santly,0,0,0,0,0,0,0,0,0,0,0,0,0,0,0,1,1,0.4215,6,1,santly
moan,1,0,0,0,0,0,0,0,0,0,0,0,0,0,0,1,1,-0.1531,4,1,moan
thrusting,1,1,0,0,0,0,0,0,0,0,0,0,0,0,0,1,1,-0.6124,9,1,thrusting
expostula,0,0,0,0,0,0,0,0,0,0,0,0,0,0,0,1,1,0.0,9,1,expostula
rivals,1,1,0,0,0,0,0,0,0,0,0,0,0,0,0,1,1,0.0,6,1,rivals
knelt,0,1,0,0,0,0,0,0,0,0,0,0,0,0,0,1,1,-0.5859,5,1,knelt
mingled,0,1,0,0,0,0,0,0,0,0,0,0,0,0,0,1,1,-0.5859,7,1,mingled
blood,1,1,0,0,0,0,0,0,0,0,0,0,0,0,0,1,1,-0.5859,5,1,blood
loose,1,0,1,1,0,0,0,0,0,0,0,0,0,0,0,1,1,0.4588,5,1,loose
flap,1,1,0,0,0,0,0,0,0,0,0,0,0,0,0,1,1,0.4588,4,1,flap
cor,1,0,0,0,0,0,0,0,0,0,0,0,0,0,0,1,1,0.1567,3,1,cor
ners,0,0,0,0,0,0,0,0,0,0,0,0,0,0,0,1,1,0.1567,4,1,ners
stored,0,1,0,0,0,0,0,0,0,0,0,0,0,0,0,1,1,0.1567,6,1,stored
authoritative,0,0,1,0,0,0,0,0,0,0,0,0,0,0,0,1,1,0.7269,13,1,authoritative
flowing,1,1,1,0,0,0,0,0,0,0,0,0,0,0,0,1,1,-0.6124,7,1,flowing
whimpered,0,0,0,0,0,0,0,0,0,0,0,0,0,0,0,1,1,0.0,9,1,whimpered
rustling,1,1,1,0,0,0,0,0,0,0,0,0,0,0,0,1,1,0.0,8,1,rustling
posed,0,1,1,0,0,0,0,0,0,0,0,0,0,0,0,1,1,0.0258,5,1,posed
lin,1,0,0,0,0,0,0,0,0,0,0,0,0,0,0,1,1,0.0,3,1,lin
gered,0,0,0,0,0,0,0,0,0,0,0,0,0,0,0,1,1,0.0,5,1,gered
bushes,1,1,0,0,0,0,0,0,0,0,0,0,0,0,0,1,1,0.0,6,1,bushes
collapsed,0,1,1,0,0,0,0,0,0,0,0,0,0,0,0,1,1,-0.2732,9,1,collapsed
knees,1,0,0,0,0,0,0,0,0,0,0,0,0,0,0,1,1,-0.2732,5,1,knees
upright,1,0,1,1,0,0,0,0,0,0,0,0,0,0,0,1,1,-0.2732,7,1,upright
truculent,0,0,1,0,0,0,0,0,0,0,0,0,0,0,0,1,1,0.0,9,1,truculent
doll,1,0,0,0,0,0,0,0,0,0,0,0,0,0,0,1,1,0.3612,4,1,doll
authorita,0,0,0,0,0,0,0,0,0,0,0,0,0,0,0,1,1,0.0,9,1,authorita
tively,0,0,0,0,0,0,0,0,0,0,0,0,0,0,0,1,1,0.0,6,1,tively
avoiding,0,1,0,0,0,0,0,0,0,0,0,0,0,0,0,1,1,-0.34,8,1,avoiding
blan,0,0,0,0,0,0,0,0,0,0,0,0,0,0,0,1,1,0.0772,4,1,blan
kets,1,0,0,0,0,0,0,0,0,0,0,0,0,0,0,1,1,0.0772,4,1,kets
knock,1,1,0,0,0,0,0,0,0,0,0,0,0,0,0,1,1,0.0772,5,1,knock
hasn,0,0,0,0,0,0,0,0,0,0,0,0,0,0,0,1,1,0.0,4,1,hasn
sway,1,0,0,0,0,0,0,0,0,0,0,0,0,0,0,1,1,-0.3182,4,1,sway
theme,1,1,0,0,0,0,0,0,0,0,0,0,0,0,0,1,1,-0.3182,5,1,theme
wad,1,0,0,0,0,0,0,0,0,0,0,0,0,0,0,1,1,0.0,3,1,wad
tigh,1,0,0,0,0,0,0,0,0,0,0,0,0,0,0,1,1,0.0,4,1,tigh
doorposts,1,0,0,0,0,0,0,0,0,0,0,0,0,0,0,1,1,0.0,9,1,doorposts
fiercely,0,0,0,1,0,0,0,0,0,0,0,0,0,0,0,1,1,0.0,8,1,fiercely
auto,1,0,0,0,0,0,0,0,0,0,0,0,0,0,0,1,1,0.0,4,1,auto
hit,1,1,1,0,0,0,0,0,0,0,0,0,0,0,0,1,1,0.0,3,1,hit
ins,1,0,0,0,0,0,0,0,0,0,0,0,0,0,0,1,1,-0.6705,3,1,ins
antly,0,0,0,0,0,0,0,0,0,0,0,0,0,0,0,1,1,-0.6705,5,1,antly
ina,0,0,0,0,0,0,0,0,0,0,0,0,0,0,0,1,1,0.0,3,1,ina
stopus,0,0,0,0,0,0,0,0,0,0,0,0,0,0,0,1,1,-0.5719,6,1,stopus
brake,1,1,0,0,0,0,0,0,0,0,0,0,0,0,0,1,1,-0.6124,5,1,brake
brutality,1,0,0,0,0,0,0,0,0,0,0,0,0,0,0,1,1,-0.6124,9,1,brutality
commo,1,0,1,0,0,0,0,0,0,0,0,0,0,0,0,1,1,0.0,5,1,commo
border,1,1,0,0,0,0,0,0,0,0,0,0,0,0,0,1,1,-0.128,6,1,border
traversed,0,1,0,0,0,0,0,0,0,0,0,0,0,0,0,1,1,-0.128,9,1,traversed
dined,0,1,0,0,0,0,0,0,0,0,0,0,0,0,0,1,1,0.0,5,1,dined
rectangle,1,0,0,0,0,0,0,0,0,0,0,0,0,0,0,1,1,0.0,9,1,rectangle
rift,1,0,0,0,0,0,0,0,0,0,0,0,0,0,0,1,1,-0.2144,4,1,rift
register,1,1,0,0,0,0,0,0,0,0,0,0,0,0,0,1,1,0.9001,8,1,register
earthquakes,1,0,0,0,0,0,0,0,0,0,0,0,0,0,0,1,1,0.9001,11,1,earthquakes
responsiveness,1,0,0,0,0,0,0,0,0,0,0,0,0,0,0,1,1,0.9136,14,1,responsiveness
flabby,0,0,1,0,0,0,0,0,0,0,0,0,0,0,0,1,1,0.9136,6,1,flabby
impressionability,0,0,0,0,0,0,0,0,0,0,0,0,0,0,0,1,1,0.9136,17,1,impressionability
cre,0,0,0,0,0,0,0,0,0,0,0,0,0,0,0,1,1,0.9136,3,1,cre
gift,1,0,0,0,0,0,0,0,0,0,0,0,0,0,0,1,1,0.9136,4,1,gift
readiness,1,0,0,0,0,0,0,0,0,0,0,0,0,0,0,1,1,0.9136,9,1,readiness
nerve,1,0,0,0,0,0,0,0,0,0,0,0,0,0,0,1,1,-0.0516,5,1,nerve
winced,0,1,0,0,0,0,0,0,0,0,0,0,0,0,0,1,1,0.0,6,1,winced
emergency,1,0,1,0,0,0,0,0,0,0,0,0,0,0,0,1,1,-0.6124,9,1,emergency
heightened,0,0,0,0,0,0,0,0,0,0,0,0,0,0,0,1,1,0.9001,10,1,heightened
sensitivity,1,0,0,0,0,0,0,0,0,0,0,0,0,0,0,1,1,0.9001,11,1,sensitivity
promises,1,1,0,0,0,0,0,0,0,0,0,0,0,0,0,1,1,0.9001,8,1,promises
related,0,1,1,0,0,0,0,0,0,0,0,0,0,0,0,1,1,0.9001,7,1,related
intricate,0,0,1,0,0,0,0,0,0,0,0,0,0,0,0,1,1,0.9001,9,1,intricate
weird,1,0,1,0,0,0,0,0,0,0,0,0,0,0,0,1,1,0.3612,5,1,weird
lumi,0,0,0,0,0,0,0,0,0,0,0,0,0,0,0,1,1,0.3612,4,1,lumi
nosity,0,0,0,0,0,0,0,0,0,0,0,0,0,0,0,1,1,0.3612,6,1,nosity
despicable,0,0,1,0,0,0,0,0,0,0,0,0,0,0,0,1,1,0.0,10,1,despicable
occupation,1,0,0,0,0,0,0,0,0,0,0,0,0,0,0,1,1,0.0,10,1,occupation
rob,0,1,0,0,0,0,0,0,0,0,0,0,0,0,0,1,1,-0.8176,3,1,rob
disliked,0,1,1,0,0,0,0,0,0,0,0,0,0,0,0,1,1,-0.7003,8,1,disliked
owns,0,1,0,0,0,0,0,0,0,0,0,0,0,0,0,1,1,0.0,4,1,owns
montreal,1,0,0,0,0,0,0,0,0,0,0,0,0,0,0,1,1,0.0,8,1,montreal
consider,0,1,0,0,0,0,0,0,0,0,0,0,0,0,0,1,1,0.0,8,1,consider
clutching,0,0,0,0,0,0,0,0,0,0,0,0,0,0,0,1,1,0.6705,9,1,clutching
malice,1,0,0,0,0,0,0,0,0,0,0,0,0,0,0,1,1,-0.1027,6,1,malice
extravaganza,1,0,0,0,0,0,0,0,0,0,0,0,0,0,0,1,1,-0.1027,12,1,extravaganza
acknowledged,0,1,1,0,0,0,0,0,0,0,0,0,0,0,0,1,1,0.0,12,1,acknowledged
unre,0,0,0,0,0,0,0,0,0,0,0,0,0,0,0,1,1,0.0,4,1,unre
vealed,0,0,0,0,0,0,0,0,0,0,0,0,0,0,0,1,1,0.0,6,1,vealed
pavilions,1,0,0,0,0,0,0,0,0,0,0,0,0,0,0,1,1,0.3612,9,1,pavilions
switches,1,1,0,0,0,0,0,0,0,0,0,0,0,0,0,1,1,0.3612,8,1,switches
splash,1,1,0,0,0,0,0,0,0,0,0,0,0,0,0,1,1,0.3612,6,1,splash
keys,1,1,0,0,0,0,0,0,0,0,0,0,0,0,0,1,1,0.3612,4,1,keys
aired,0,1,1,0,0,0,0,0,0,0,0,0,0,0,0,1,1,0.0,5,1,aired
humidor,1,0,0,0,0,0,0,0,0,0,0,0,0,0,0,1,1,0.0,7,1,humidor
trace,1,1,0,0,0,0,0,0,0,0,0,0,0,0,0,1,1,0.6486,5,1,trace
atlantic,1,0,1,0,0,0,0,0,0,0,0,0,0,0,0,1,1,0.0,8,1,atlantic
conspiring,1,1,0,0,0,0,0,0,0,0,0,0,0,0,0,1,1,0.3612,10,1,conspiring
scrutiny,1,0,0,0,0,0,0,0,0,0,0,0,0,0,0,1,1,0.3818,8,1,scrutiny
sacredness,1,0,0,0,0,0,0,0,0,0,0,0,0,0,0,1,1,0.3818,10,1,sacredness
fog,1,0,0,0,0,0,0,0,0,0,0,0,0,0,0,1,1,-0.5423,3,1,fog
warn,0,1,0,0,0,0,0,0,0,0,0,0,0,0,0,1,1,-0.1027,4,1,warn
heavy,1,0,1,1,0,0,0,0,0,0,0,0,0,0,0,1,1,0.0,5,1,heavy
dejection,1,0,0,0,0,0,0,0,0,0,0,0,0,0,0,1,1,0.0,9,1,dejection
wanly,0,0,0,1,0,0,0,0,0,0,0,0,0,0,0,1,1,0.0,5,1,wanly
sill,1,0,0,0,0,0,0,0,0,0,0,0,0,0,0,1,1,-0.2144,4,1,sill
ta,0,0,0,0,0,0,0,0,0,0,0,0,0,0,0,1,1,0.0,2,0,ta
plate,1,1,0,0,0,0,0,0,0,0,0,0,0,0,0,1,1,0.0,5,1,plate
fried,0,1,1,0,0,0,0,0,0,0,0,0,0,0,0,1,1,0.0,5,1,fried
bottles,1,1,0,0,0,0,0,0,0,0,0,0,0,0,0,1,1,0.0,7,1,bottles
unmis,0,0,0,0,0,0,0,0,0,0,0,0,0,0,0,1,1,0.3612,5,1,unmis
takable,0,0,0,0,0,0,0,0,0,0,0,0,0,0,0,1,1,0.3612,7,1,takable
intimacy,1,0,0,0,0,0,0,0,0,0,0,0,0,0,0,1,1,0.3612,8,1,intimacy
echoes,1,1,0,0,0,0,0,0,0,0,0,0,0,0,0,1,1,0.5267,6,1,echoes
vibrant,0,0,1,0,0,0,0,0,0,0,0,0,0,0,0,1,1,0.5267,7,1,vibrant
glorious,0,0,1,0,0,0,0,0,0,0,0,0,0,0,0,1,1,0.6369,8,1,glorious
penniless,0,0,1,0,0,0,0,0,0,0,0,0,0,0,0,1,1,0.6369,9,1,penniless
cloak,1,1,0,0,0,0,0,0,0,0,0,0,0,0,0,1,1,0.6369,5,1,cloak
ravenously,0,0,0,1,0,0,0,0,0,0,0,0,0,0,0,1,1,0.25,10,1,ravenously
unscrupu,0,0,0,0,0,0,0,0,0,0,0,0,0,0,0,1,1,0.25,8,1,unscrupu
lously,0,0,0,0,0,0,0,0,0,0,0,0,0,0,0,1,1,0.25,6,1,lously
privileged,0,1,1,0,0,0,0,0,0,0,0,0,0,0,0,1,1,0.7096,10,1,privileged
glimpses,1,1,0,0,0,0,0,0,0,0,0,0,0,0,0,1,1,0.7096,8,1,glimpses
exempt,1,1,1,0,0,0,0,0,0,0,0,0,0,0,0,1,1,-0.3182,6,1,exempt
unaffected,1,0,1,0,0,0,0,0,0,0,0,0,0,0,0,1,1,-0.3182,10,1,unaffected
successful,0,0,1,0,0,0,0,0,0,0,0,0,0,0,0,1,1,0.9001,10,1,successful
value,1,1,0,0,0,0,0,0,0,0,0,0,0,0,0,1,1,0.8689,5,1,value
pervading,0,0,1,0,0,0,0,0,0,0,0,0,0,0,0,1,1,0.5267,9,1,pervading
shades,0,1,0,0,0,0,0,0,0,0,0,0,0,0,0,1,1,0.5267,6,1,shades
activities,1,0,0,0,0,0,0,0,0,0,0,0,0,0,0,1,1,0.8832,10,1,activities
corridors,1,0,0,0,0,0,0,0,0,0,0,0,0,0,0,1,1,0.8832,9,1,corridors
rom,1,0,0,0,0,0,0,0,0,0,0,0,0,0,0,1,1,0.8832,3,1,rom
ances,0,0,0,0,0,0,0,0,0,0,0,0,0,0,0,1,1,0.8832,5,1,ances
laid,0,1,1,0,0,0,0,0,0,0,0,0,0,0,0,1,1,0.8832,4,1,laid
withered,0,0,1,0,0,0,0,0,0,0,0,0,0,0,0,1,1,0.8832,8,1,withered
moral,1,0,1,0,0,0,0,0,0,0,0,0,0,0,0,1,1,0.7096,5,1,moral
excursions,1,0,0,0,0,0,0,0,0,0,0,0,0,0,0,1,1,0.7096,10,1,excursions
capacities,1,0,0,0,0,0,0,0,0,0,0,0,0,0,0,1,1,0.0,10,1,capacities
indiscernible,1,0,1,0,0,0,0,0,0,0,0,0,0,0,0,1,1,0.0,13,1,indiscernible
barbed,0,1,1,0,0,0,0,0,0,0,0,0,0,0,0,1,1,0.0,6,1,barbed
excitingly,0,0,0,1,0,0,0,0,0,0,0,0,0,0,0,1,1,0.4404,10,1,excitingly
desir,0,0,0,0,0,0,0,0,0,0,0,0,0,0,0,1,1,0.4404,5,1,desir
beau,1,0,0,0,0,0,0,0,0,0,0,0,0,0,0,1,1,0.4939,4,1,beau
tiful,0,0,0,0,0,0,0,0,0,0,0,0,0,0,0,1,1,0.4939,5,1,tiful
ripe,1,0,1,0,0,0,0,0,0,0,0,0,0,0,0,1,1,0.8832,4,1,ripe
imprisons,0,1,0,0,0,0,0,0,0,0,0,0,0,0,0,1,1,0.8439,9,1,imprisons
preserves,0,1,0,0,0,0,0,0,0,0,0,0,0,0,0,1,1,0.8439,9,1,preserves
describe,0,1,0,0,0,0,0,0,0,0,0,0,0,0,0,1,1,0.7003,8,1,describe
ambitions,0,1,0,0,0,0,0,0,0,0,0,0,0,0,0,1,1,0.8591,9,1,ambitions
abroad,0,0,1,1,0,0,0,0,0,0,0,0,0,0,0,1,1,0.0,6,1,abroad
tranquil,0,0,1,0,0,0,0,0,0,0,0,0,0,0,0,1,1,0.4019,8,1,tranquil
parting,1,0,1,0,0,0,0,0,0,0,0,0,0,0,0,1,1,0.4019,7,1,parting
communicated,0,1,0,0,0,0,0,0,0,0,0,0,0,0,0,1,1,0.9017,12,1,communicated
ried,0,0,0,0,0,0,0,0,0,0,0,0,0,0,0,1,1,0.0,4,1,ried
betrayed,0,1,0,0,0,0,0,0,0,0,0,0,0,0,0,1,1,-0.6124,8,1,betrayed
luxury,1,0,1,0,0,0,0,0,0,0,0,0,0,0,0,1,1,0.891,6,1,luxury
shine,0,1,0,0,0,0,0,0,0,0,0,0,0,0,0,1,1,0.891,5,1,shine
squeaked,0,0,0,0,0,0,0,0,0,0,0,0,0,0,0,1,1,0.891,8,1,squeaked
huskier,0,0,1,0,0,0,0,0,0,0,0,0,0,0,0,1,1,0.8439,7,1,huskier
overwhelmingly,0,0,0,1,0,0,0,0,0,0,0,0,0,0,0,1,1,0.8439,14,1,overwhelmingly
wealth,1,0,0,0,0,0,0,0,0,0,0,0,0,0,0,1,1,0.8439,6,1,wealth
facilities,1,0,0,0,0,0,0,0,0,0,0,0,0,0,0,1,1,-0.7271,10,1,facilities
comfortable,1,0,1,0,0,0,0,0,0,0,0,0,0,0,0,1,1,-0.7271,11,1,comfortable
whim,1,0,0,0,0,0,0,0,0,0,0,0,0,0,0,1,1,-0.7271,4,1,whim
despise,0,0,0,0,0,0,0,0,0,0,0,0,0,0,0,1,1,-0.4767,7,1,despise
agined,0,0,0,0,0,0,0,0,0,0,0,0,0,0,0,1,1,-0.4767,6,1,agined
committed,0,1,1,0,0,0,0,0,0,0,0,0,0,0,0,1,1,0.2732,9,1,committed
grail,1,0,0,0,0,0,0,0,0,0,0,0,0,0,0,1,1,0.2732,5,1,grail
mar,1,1,0,0,0,0,0,0,0,0,0,0,0,0,0,1,1,0.0,3,1,mar
despised,0,0,1,0,0,0,0,0,0,0,0,0,0,0,0,1,1,-0.0772,8,1,despised
false,0,0,1,1,0,0,0,0,0,0,0,0,0,0,0,1,1,-0.0772,5,1,false
pretenses,1,0,0,0,0,0,0,0,0,0,0,0,0,0,0,1,1,-0.0772,9,1,pretenses
traded,0,1,1,0,0,0,0,0,0,0,0,0,0,0,0,1,1,0.8126,6,1,traded
phantom,1,0,1,0,0,0,0,0,0,0,0,0,0,0,0,1,1,0.8126,7,1,phantom
millions,0,0,0,0,0,0,0,0,0,0,0,0,0,0,0,1,1,0.8126,8,1,millions
security,1,0,0,0,0,0,0,0,0,0,0,0,0,0,0,1,1,0.8126,8,1,security
stratum,1,0,0,0,0,0,0,0,0,0,0,0,0,0,0,1,1,0.8126,7,1,stratum
pairs,1,1,0,0,0,0,0,0,0,0,0,0,0,0,0,1,1,0.4278,5,1,pairs
slippers,1,0,0,0,0,0,0,0,0,0,0,0,0,0,0,1,1,0.4278,8,1,slippers
shuffled,0,1,0,0,0,0,0,0,0,0,0,0,0,0,0,1,1,0.4278,8,1,shuffled
throbbed,0,1,0,0,0,0,0,0,0,0,0,0,0,0,0,1,1,0.3664,8,1,throbbed
fever,1,0,0,0,0,0,0,0,0,0,0,0,0,0,0,1,1,0.3664,5,1,fever
petals,1,0,0,0,0,0,0,0,0,0,0,0,0,0,0,1,1,0.3664,6,1,petals
dates,1,1,0,0,0,0,0,0,0,0,0,0,0,0,0,1,1,0.0,5,1,dates
drowsing,1,1,1,0,0,0,0,0,0,0,0,0,0,0,0,1,1,0.0,8,1,drowsing
orchestras,1,0,0,0,0,0,0,0,0,0,0,0,0,0,0,1,1,0.2263,10,1,orchestras
summing,0,0,0,0,0,0,0,0,0,0,0,0,0,0,0,1,1,0.2263,7,1,summing
suggestiveness,0,0,0,0,0,0,0,0,0,0,0,0,0,0,0,1,1,0.2263,14,1,suggestiveness
tunes,1,1,0,0,0,0,0,0,0,0,0,0,0,0,0,1,1,0.2263,5,1,tunes
wailed,0,1,0,0,0,0,0,0,0,0,0,0,0,0,0,1,1,0.4278,6,1,wailed
hopeless,0,0,1,0,0,0,0,0,0,0,0,0,0,0,0,1,1,0.4278,8,1,hopeless
beale,0,0,0,0,0,0,0,0,0,0,0,0,0,0,0,1,1,0.4278,5,1,beale
blues,1,1,0,0,0,0,0,0,0,0,0,0,0,0,0,1,1,0.4278,5,1,blues
tice,1,0,0,0,0,0,0,0,0,0,0,0,0,0,0,1,1,-0.1779,4,1,tice
frantically,0,0,0,1,0,0,0,0,0,0,0,0,0,0,0,1,1,-0.1779,11,1,frantically
complication,1,0,0,0,0,0,0,0,0,0,0,0,0,0,0,1,1,-0.1779,12,1,complication
misun,0,0,0,0,0,0,0,0,0,0,0,0,0,0,0,1,1,-0.1779,5,1,misun
despair,1,1,0,0,0,0,0,0,0,0,0,0,0,0,0,1,1,-0.6808,7,1,despair
reassured,0,1,1,0,0,0,0,0,0,0,0,0,0,0,0,1,1,0.25,9,1,reassured
hids,0,1,0,0,0,0,0,0,0,0,0,0,0,0,0,1,1,0.2263,4,1,hids
snobbery,1,0,0,0,0,0,0,0,0,0,0,0,0,0,0,1,1,0.2263,8,1,snobbery
gently,0,0,0,1,0,0,0,0,0,0,0,0,0,0,0,1,1,0.9017,6,1,gently
extraordinarily,0,0,0,1,0,0,0,0,0,0,0,0,0,0,0,1,1,-0.4215,15,1,extraordinarily
captain,1,1,0,0,0,0,0,0,0,0,0,0,0,0,0,1,1,0.0,7,1,captain
battles,1,1,0,0,0,0,0,0,0,0,0,0,0,0,0,1,1,0.0,7,1,battles
majori,0,0,0,0,0,0,0,0,0,0,0,0,0,0,0,1,1,0.0,6,1,majori
command,1,1,0,0,0,0,0,0,0,0,0,0,0,0,0,1,1,0.0,7,1,command
divisional,0,0,1,0,0,0,0,0,0,0,0,0,0,0,0,1,1,0.0,10,1,divisional
armis,0,0,0,0,0,0,0,0,0,0,0,0,0,0,0,1,1,-0.1779,5,1,armis
vestibule,1,0,0,0,0,0,0,0,0,0,0,0,0,0,0,1,1,-0.0516,9,1,vestibule
folding,1,1,1,0,0,0,0,0,0,0,0,0,0,0,0,1,1,-0.0516,7,1,folding
backs,1,1,0,0,0,0,0,0,0,0,0,0,0,0,0,1,1,-0.0516,5,1,backs
buildings,1,0,0,0,0,0,0,0,0,0,0,0,0,0,0,1,1,-0.0516,9,1,buildings
trolley,1,0,0,0,0,0,0,0,0,0,0,0,0,0,0,1,1,0.2023,7,1,trolley
curved,0,0,1,0,0,0,0,0,0,0,0,0,0,0,0,1,1,-0.296,6,1,curved
vanish,1,1,0,0,0,0,0,0,0,0,0,0,0,0,0,1,1,-0.296,6,1,vanish
snatch,1,1,0,0,0,0,0,0,0,0,0,0,0,0,0,1,1,0.8225,6,1,snatch
suspect,1,1,1,0,0,0,0,0,0,0,0,0,0,0,0,1,1,-0.296,7,1,suspect
measured,0,1,1,0,0,0,0,0,0,0,0,0,0,0,0,1,1,-0.296,8,1,measured
journey,1,0,0,0,0,0,0,0,0,0,0,0,0,0,0,1,1,0.1027,7,1,journey
revisiting,0,0,0,0,0,0,0,0,0,0,0,0,0,0,0,1,1,0.0,10,1,revisiting
pervaded,0,0,0,0,0,0,0,0,0,0,0,0,0,0,0,1,1,0.2263,8,1,pervaded
harder,1,0,0,0,0,0,0,0,0,0,0,0,0,0,0,1,1,0.128,6,1,harder
coach,1,1,0,0,0,0,0,0,0,0,0,0,0,0,0,1,1,0.0,5,1,coach
penni,1,0,0,0,0,0,0,0,0,0,0,0,0,0,0,1,1,0.0,5,1,penni
wholesome,0,0,1,0,0,0,0,0,0,0,0,0,0,0,0,1,1,0.3818,9,1,wholesome
bulkiness,1,0,0,0,0,0,0,0,0,0,0,0,0,0,0,1,1,0.3818,9,1,bulkiness
doubtless,0,0,1,1,0,0,0,0,0,0,0,0,0,0,0,1,1,0.7096,9,1,doubtless
filling,1,1,0,0,0,0,0,0,0,0,0,0,0,0,0,1,1,0.0516,7,1,filling
birds,1,1,0,0,0,0,0,0,0,0,0,0,0,0,0,1,1,0.0,5,1,birds
challengingly,0,0,0,1,0,0,0,0,0,0,0,0,0,0,0,1,1,-0.1531,13,1,challengingly
sharper,1,0,0,0,0,0,0,0,0,0,0,0,0,0,0,1,1,-0.4404,7,1,sharper
result,1,1,0,0,0,0,0,0,0,0,0,0,0,0,0,1,1,0.0,6,1,result
dying,0,1,1,0,0,0,0,0,0,0,0,0,0,0,0,1,1,0.0,5,1,dying
orchids,1,0,0,0,0,0,0,0,0,0,0,0,0,0,0,1,1,0.0,7,1,orchids
crying,1,1,1,0,0,0,0,0,0,0,0,0,0,0,0,1,1,-0.4767,6,1,crying
decision,1,0,0,0,0,0,0,0,0,0,0,0,0,0,0,1,1,-0.4767,8,1,decision
shaped,0,1,1,0,0,0,0,0,0,0,0,0,0,0,0,1,1,0.8126,6,1,shaped
unquestiona,0,0,0,0,0,0,0,0,0,0,0,0,0,0,0,1,1,0.8126,11,1,unquestiona
practicality,1,0,0,0,0,0,0,0,0,0,0,0,0,0,0,1,1,0.8126,12,1,practicality
arrival,1,0,0,0,0,0,0,0,0,0,0,0,0,0,0,1,1,0.0,7,1,arrival
fundamental,1,0,1,0,0,0,0,0,0,0,0,0,0,0,0,1,1,-0.738,11,1,fundamental
decencies,0,0,0,0,0,0,0,0,0,0,0,0,0,0,0,1,1,-0.738,9,1,decencies
quotations,1,0,0,0,0,0,0,0,0,0,0,0,0,0,0,1,1,0.0,10,1,quotations
minable,0,0,0,0,0,0,0,0,0,0,0,0,0,0,0,1,1,0.0,7,1,minable
stock,1,1,1,0,0,0,0,0,0,0,0,0,0,0,0,1,1,0.0,5,1,stock
swivel,1,0,0,0,0,0,0,0,0,0,0,0,0,0,0,1,1,0.0,6,1,swivel
uncertainty,1,0,0,0,0,0,0,0,0,0,0,0,0,0,0,1,1,-0.4215,11,1,uncertainty
hotels,1,0,0,0,0,0,0,0,0,0,0,0,0,0,0,1,1,-0.4215,6,1,hotels
birth,1,0,0,0,0,0,0,0,0,0,0,0,0,0,0,1,1,-0.738,5,1,birth
boasting,1,1,0,0,0,0,0,0,0,0,0,0,0,0,0,1,1,0.7925,8,1,boasting
tolerance,1,0,0,0,0,0,0,0,0,0,0,0,0,0,0,1,1,0.7925,9,1,tolerance
admis,0,0,0,0,0,0,0,0,0,0,0,0,0,0,0,1,1,0.7925,5,1,admis
conduct,0,1,0,0,0,0,0,0,0,0,0,0,0,0,0,1,1,0.775,7,1,conduct
plagiaristic,0,0,1,0,0,0,0,0,0,0,0,0,0,0,0,1,1,-0.3818,12,1,plagiaristic
suppressions,0,0,0,0,0,0,0,0,0,0,0,0,0,0,0,1,1,-0.3818,12,1,suppressions
reserving,0,1,0,0,0,0,0,0,0,0,0,0,0,0,0,1,1,0.4588,9,1,reserving
ancestral,0,0,1,0,0,0,0,0,0,0,0,0,0,0,0,1,1,0.7845,9,1,ancestral
corruption,1,0,0,0,0,0,0,0,0,0,0,0,0,0,0,1,1,0.25,10,1,corruption
concealing,0,1,1,0,0,0,0,0,0,0,0,0,0,0,0,1,1,0.25,10,1,concealing
incorruptible,1,0,1,0,0,0,0,0,0,0,0,0,0,0,0,1,1,0.25,13,1,incorruptible
thanked,0,1,0,0,0,0,0,0,0,0,0,0,0,0,0,1,1,0.4404,7,1,thanked
thanking,0,1,0,0,0,0,0,0,0,0,0,0,0,0,0,1,1,0.0,8,1,thanking
parcelled,0,1,0,0,0,0,0,0,0,0,0,0,0,0,0,1,1,-0.738,9,1,parcelled
unequally,0,0,0,1,0,0,0,0,0,0,0,0,0,0,0,1,1,-0.738,9,1,unequally
freshest,0,0,0,0,0,0,0,0,0,0,0,0,0,0,0,1,1,0.5927,8,1,freshest
flavor,1,0,0,0,0,0,0,0,0,0,0,0,0,0,0,1,1,0.0,6,1,flavor
former,1,0,1,0,0,0,0,0,0,0,0,0,0,0,0,1,1,0.0,6,1,former
pipes,1,1,0,0,0,0,0,0,0,0,0,0,0,0,0,1,1,0.128,5,1,pipes
apologeti,0,0,0,0,0,0,0,0,0,0,0,0,0,0,0,1,1,0.0,9,1,apologeti
corroborate,0,1,1,0,0,0,0,0,0,0,0,0,0,0,0,1,1,0.1779,11,1,corroborate
disapproved,0,1,1,0,0,0,0,0,0,0,0,0,0,0,0,1,1,0.4767,11,1,disapproved
cahoots,0,0,0,0,0,0,0,0,0,0,0,0,0,0,0,1,1,0.7269,7,1,cahoots
swol,0,0,0,0,0,0,0,0,0,0,0,0,0,0,0,1,1,0.0,4,1,swol
len,0,0,0,0,0,0,0,0,0,0,0,0,0,0,0,1,1,0.0,3,1,len
flinched,0,1,0,0,0,0,0,0,0,0,0,0,0,0,0,1,1,-0.3612,8,1,flinched
clumsy,1,0,1,0,0,0,0,0,0,0,0,0,0,0,0,1,1,-0.296,6,1,clumsy
distract,0,1,0,0,0,0,0,0,0,0,0,0,0,0,0,1,1,-0.296,8,1,distract
beetles,1,1,0,0,0,0,0,0,0,0,0,0,0,0,0,1,1,-0.3612,7,1,beetles
thudding,0,1,1,0,0,0,0,0,0,0,0,0,0,0,0,1,1,-0.3612,8,1,thudding
tearing,0,1,1,0,0,0,0,0,0,0,0,0,0,0,0,1,1,-0.3612,7,1,tearing
intolerable,0,0,1,0,0,0,0,0,0,0,0,0,0,0,0,1,1,0.4019,11,1,intolerable
lapped,0,1,0,0,0,0,0,0,0,0,0,0,0,0,0,1,1,0.0,6,1,lapped
rocked,0,1,0,0,0,0,0,0,0,0,0,0,0,0,0,1,1,0.0,6,1,rocked
irresistibly,0,0,0,1,0,0,0,0,0,0,0,0,0,0,0,1,1,0.0,12,1,irresistibly
pot,1,1,0,0,0,0,0,0,0,0,0,0,0,0,0,1,1,0.0,3,1,pot
longed,0,0,0,0,0,0,0,0,0,0,0,0,0,0,0,1,1,0.0,6,1,longed
blurted,0,0,0,0,0,0,0,0,0,0,0,0,0,0,0,1,1,0.0,7,1,blurted
bruised,0,1,1,0,0,0,0,0,0,0,0,0,0,0,0,1,1,0.0,7,1,bruised
click,1,1,0,0,0,0,0,0,0,0,0,0,0,0,0,1,1,0.6486,5,1,click
exasperated,0,0,1,0,0,0,0,0,0,0,0,0,0,0,0,1,1,-0.4215,11,1,exasperated
spots,1,1,0,0,0,0,0,0,0,0,0,0,0,0,0,1,1,-0.5859,5,1,spots
garrulous,0,0,1,0,0,0,0,0,0,0,0,0,0,0,0,1,1,-0.5859,9,1,garrulous
achievement,1,0,0,0,0,0,0,0,0,0,0,0,0,0,0,1,1,-0.5859,11,1,achievement
locating,0,1,0,0,0,0,0,0,0,0,0,0,0,0,0,1,1,-0.34,8,1,locating
unable,0,0,1,0,0,0,0,0,0,0,0,0,0,0,0,1,1,-0.1697,6,1,unable
ambulance,1,0,0,0,0,0,0,0,0,0,0,0,0,0,0,1,1,-0.1697,9,1,ambulance
clubs,1,1,0,0,0,0,0,0,0,0,0,0,0,0,0,1,1,-0.4215,5,1,clubs
divot,1,0,0,0,0,0,0,0,0,0,0,0,0,0,0,1,1,-0.5927,5,1,divot
links,1,0,0,0,0,0,0,0,0,0,0,0,0,0,0,1,1,-0.5927,5,1,links
sailing,1,1,1,0,0,0,0,0,0,0,0,0,0,0,0,1,1,-0.5927,7,1,sailing
hempstead,0,0,0,0,0,0,0,0,0,0,0,0,0,0,0,1,1,0.0,9,1,hempstead
tactful,0,0,1,0,0,0,0,0,0,0,0,0,0,0,0,1,1,-0.2144,7,1,tactful
noyed,0,0,0,0,0,0,0,0,0,0,0,0,0,0,0,1,1,-0.2144,5,1,noyed
ternoon,0,0,0,0,0,0,0,0,0,0,0,0,0,0,0,1,1,0.0,7,1,ternoon
traced,0,1,1,0,0,0,0,0,0,0,0,0,0,0,0,1,1,0.0,6,1,traced
sandwich,1,1,0,0,0,0,0,0,0,0,0,0,0,0,0,1,1,0.0,8,1,sandwich
cup,1,1,0,0,0,0,0,0,0,0,0,0,0,0,0,1,1,0.0,3,1,cup
thus,0,0,0,1,0,0,0,0,0,0,0,0,0,0,0,1,1,0.2584,4,1,thus
motorists,1,0,0,0,0,0,0,0,0,0,0,0,0,0,0,1,1,0.2584,9,1,motorists
strength,1,0,0,0,0,0,0,0,0,0,0,0,0,0,0,1,1,0.4939,8,1,strength
thereabouts,0,0,0,1,0,0,0,0,0,0,0,0,0,0,0,1,1,0.4939,11,1,thereabouts
inquiring,0,0,1,0,0,0,0,0,0,0,0,0,0,0,0,1,1,0.4939,9,1,inquiring
trusting,0,1,1,0,0,0,0,0,0,0,0,0,0,0,0,1,1,0.1154,8,1,trusting
forlorn,0,0,1,0,0,0,0,0,0,0,0,0,0,0,0,1,1,-0.1583,7,1,forlorn
quickening,1,0,0,0,0,0,0,0,0,0,0,0,0,0,0,1,1,0.4588,10,1,quickening
scurried,0,1,0,0,0,0,0,0,0,0,0,0,0,0,0,1,1,0.5859,8,1,scurried
dissolving,1,1,0,0,0,0,0,0,0,0,0,0,0,0,0,1,1,0.0,10,1,dissolving
pane,1,0,0,0,0,0,0,0,0,0,0,0,0,0,0,1,1,0.0,4,1,pane
grateful,0,0,1,0,0,0,0,0,0,0,0,0,0,0,0,1,1,0.0516,8,1,grateful
watchers,1,0,0,0,0,0,0,0,0,0,0,0,0,0,0,1,1,0.3612,8,1,watchers
tissue,1,0,0,0,0,0,0,0,0,0,0,0,0,0,0,1,1,0.0,6,1,tissue
odd,0,0,1,0,0,0,0,0,0,0,0,0,0,0,0,1,1,-0.3182,3,1,odd
ceivably,0,0,0,0,0,0,0,0,0,0,0,0,0,0,0,1,1,0.3919,8,1,ceivably
comforter,1,0,0,0,0,0,0,0,0,0,0,0,0,0,0,1,1,0.4404,9,1,comforter
strain,1,1,0,0,0,0,0,0,0,0,0,0,0,0,0,1,1,-0.0516,6,1,strain
murdered,0,0,1,0,0,0,0,0,0,0,0,0,0,0,0,1,1,-0.6597,8,1,murdered
widened,0,0,0,0,0,0,0,0,0,0,0,0,0,0,0,1,1,0.3535,7,1,widened
hm,0,0,0,0,0,0,0,0,0,0,0,0,0,0,0,1,1,0.3535,2,0,hm
stained,0,1,1,0,0,0,0,0,0,0,0,0,0,0,0,1,1,-0.5945,7,1,stained
priest,1,0,0,0,0,0,0,0,0,0,0,0,0,0,0,1,1,0.0,6,1,priest
rocking,0,1,0,0,0,0,0,0,0,0,0,0,0,0,0,1,1,-0.4215,7,1,rocking
bewildered,0,0,1,0,0,0,0,0,0,0,0,0,0,0,0,1,1,0.0,10,1,bewildered
nearest,0,0,1,1,0,0,0,0,0,0,0,0,0,0,0,1,1,0.4939,7,1,nearest
expensive,0,0,1,0,0,0,0,0,0,0,0,0,0,0,0,1,1,0.0,9,1,expensive
braided,0,1,1,0,0,0,0,0,0,0,0,0,0,0,0,1,1,0.0,7,1,braided
yesterday,1,0,0,1,0,0,0,0,0,0,0,0,0,0,0,1,1,0.0,9,1,yesterday
holocaust,1,0,0,0,0,0,0,0,0,0,0,0,0,0,0,1,1,0.0,9,1,holocaust
endless,0,0,1,0,0,0,0,0,0,0,0,0,0,0,0,1,1,0.0,7,1,endless
drill,1,1,0,0,0,0,0,0,0,0,0,0,0,0,0,1,1,0.0,5,1,drill
rope,1,1,0,0,0,0,0,0,0,0,0,0,0,0,0,1,1,0.1655,4,1,rope
mouthed,0,1,0,0,0,0,0,0,0,0,0,0,0,0,0,1,1,0.1655,7,1,mouthed
positive,1,0,1,0,0,0,0,0,0,0,0,0,0,0,0,1,1,0.5994,8,1,positive
detective,1,0,1,0,0,0,0,0,0,0,0,0,0,0,0,1,1,0.5994,9,1,detective
adventitious,0,0,1,0,0,0,0,0,0,0,0,0,0,0,0,1,1,0.5994,12,1,adventitious
ripples,1,1,0,0,0,0,0,0,0,0,0,0,0,0,0,1,1,0.0,7,1,ripples
irregularly,0,0,0,1,0,0,0,0,0,0,0,0,0,0,0,1,1,0.0,11,1,irregularly
disturb,0,1,0,0,0,0,0,0,0,0,0,0,0,0,0,1,1,-0.7351,7,1,disturb
cluster,1,1,0,0,0,0,0,0,0,0,0,0,0,0,0,1,1,0.3612,7,1,cluster
volved,0,0,0,0,0,0,0,0,0,0,0,0,0,0,0,1,1,0.3612,6,1,volved
tracing,1,1,0,0,0,0,0,0,0,0,0,0,0,0,0,1,1,0.3612,7,1,tracing
compass,1,1,0,0,0,0,0,0,0,0,0,0,0,0,0,1,1,0.3612,7,1,compass
dener,0,0,0,0,0,0,0,0,0,0,0,0,0,0,0,1,1,0.0,5,1,dener
created,0,1,0,0,0,0,0,0,0,0,0,0,0,0,0,1,1,-0.3597,7,1,created
tuitously,0,0,0,0,0,0,0,0,0,0,0,0,0,0,0,1,1,0.2732,9,1,tuitously
gliding,0,1,0,0,0,0,0,0,0,0,0,0,0,0,0,1,1,0.7096,7,1,gliding
amorphous,0,0,1,0,0,0,0,0,0,0,0,0,0,0,0,1,1,0.7096,9,1,amorphous
prot,0,0,0,0,0,0,0,0,0,0,0,0,0,0,0,1,1,0.0,4,1,prot
shots,1,1,0,0,0,0,0,0,0,0,0,0,0,0,0,1,1,0.0,5,1,shots
rushing,0,1,1,0,0,0,0,0,0,0,0,0,0,0,0,1,1,-0.5106,7,1,rushing
barely,0,0,0,1,0,0,0,0,0,0,0,0,0,0,0,1,1,0.3182,6,1,barely
bathing,1,1,0,0,0,0,0,0,0,0,0,0,0,0,0,1,1,0.0,7,1,bathing
phoned,0,0,0,0,0,0,0,0,0,0,0,0,0,0,0,1,1,0.0,6,1,phoned
pneumatic,1,0,1,0,0,0,0,0,0,0,0,0,0,0,0,1,1,0.2263,9,1,pneumatic
instructions,0,0,0,0,0,0,0,0,0,0,0,0,0,0,0,1,1,-0.2023,12,1,instructions
repair,1,1,0,0,0,0,0,0,0,0,0,0,0,0,0,1,1,-0.2023,6,1,repair
shouldered,0,0,1,0,0,0,0,0,0,0,0,0,0,0,0,1,1,0.0,10,1,shouldered
yellowing,1,1,0,0,0,0,0,0,0,0,0,0,0,0,0,1,1,0.0942,9,1,yellowing
price,1,1,0,0,0,0,0,0,0,0,0,0,0,0,0,1,1,0.5267,5,1,price
coroner,1,0,0,0,0,0,0,0,0,0,0,0,0,0,0,1,1,0.8178,7,1,coroner
brow,1,0,0,0,0,0,0,0,0,0,0,0,0,0,0,1,1,0.8178,4,1,brow
mischief,1,0,0,0,0,0,0,0,0,0,0,0,0,0,0,1,1,0.8178,8,1,mischief
reduced,0,1,1,0,0,0,0,0,0,0,0,0,0,0,0,1,1,0.0,7,1,reduced
deranged,0,0,1,0,0,0,0,0,0,0,0,0,0,0,0,1,1,0.0,8,1,deranged
unessential,0,0,1,0,0,0,0,0,0,0,0,0,0,0,0,1,1,0.0,11,1,unessential
catastrophe,1,0,0,0,0,0,0,0,0,0,0,0,0,0,0,1,1,-0.6597,11,1,catastrophe
surmise,1,1,0,0,0,0,0,0,0,0,0,0,0,0,0,1,1,-0.6597,7,1,surmise
unmistakable,0,0,1,0,0,0,0,0,0,0,0,0,0,0,0,1,1,-0.3818,12,1,unmistakable
revelation,1,0,0,0,0,0,0,0,0,0,0,0,0,0,0,1,1,-0.3818,10,1,revelation
quivering,1,0,1,0,0,0,0,0,0,0,0,0,0,0,0,1,1,-0.3818,9,1,quivering
horizon,1,0,0,0,0,0,0,0,0,0,0,0,0,0,0,1,1,-0.3818,7,1,horizon
revelations,1,0,0,0,0,0,0,0,0,0,0,0,0,0,0,1,1,-0.3818,11,1,revelations
pasquinade,1,0,0,0,0,0,0,0,0,0,0,0,0,0,0,1,1,-0.3612,10,1,pasquinade
showed,0,1,0,0,0,0,0,0,0,0,0,0,0,0,0,1,1,0.8178,6,1,showed
prising,0,0,0,0,0,0,0,0,0,0,0,0,0,0,0,1,1,0.8178,7,1,prising
privy,1,0,1,0,0,0,0,0,0,0,0,0,0,0,0,1,1,-0.296,5,1,privy
griefs,0,0,0,0,0,0,0,0,0,0,0,0,0,0,0,1,1,-0.296,6,1,griefs
confidences,0,0,0,0,0,0,0,0,0,0,0,0,0,0,0,1,1,-0.3818,11,1,confidences
unsought,0,0,1,0,0,0,0,0,0,0,0,0,0,0,0,1,1,-0.3818,8,1,unsought
frequently,0,0,0,1,0,0,0,0,0,0,0,0,0,0,0,1,1,-0.3818,10,1,frequently
feigned,0,1,1,0,0,0,0,0,0,0,0,0,0,0,0,1,1,-0.3818,7,1,feigned
preoccupation,1,0,0,0,0,0,0,0,0,0,0,0,0,0,0,1,1,-0.3818,13,1,preoccupation
levity,1,0,0,0,0,0,0,0,0,0,0,0,0,0,0,1,1,-0.3818,6,1,levity
authority,1,0,0,0,0,0,0,0,0,0,0,0,0,0,0,1,1,0.5994,9,1,authority
newspa,0,0,0,0,0,0,0,0,0,0,0,0,0,0,0,1,1,0.5994,6,1,newspa
nightmare,1,0,0,0,0,0,0,0,0,0,0,0,0,0,0,1,1,0.3612,9,1,nightmare
circumstan,0,0,0,0,0,0,0,0,0,0,0,0,0,0,0,1,1,0.3612,10,1,circumstan
tial,0,0,0,0,0,0,0,0,0,0,0,0,0,0,0,1,1,0.3612,4,1,tial
eager,1,0,1,0,0,0,0,0,0,0,0,0,0,0,0,1,1,0.3612,5,1,eager
tale,1,0,0,0,0,0,0,0,0,0,0,0,0,0,0,1,1,-0.3612,4,1,tale
politician,1,0,0,0,0,0,0,0,0,0,0,0,0,0,0,1,1,-0.296,10,1,politician
detect,0,1,0,0,0,0,0,0,0,0,0,0,0,0,0,1,1,-0.296,6,1,detect
appears,0,1,0,0,0,0,0,0,0,0,0,0,0,0,0,1,1,-0.296,7,1,appears
normal,1,0,1,0,0,0,0,0,0,0,0,0,0,0,0,1,1,-0.296,6,1,normal
unjustly,0,0,0,1,0,0,0,0,0,0,0,0,0,0,0,1,1,-0.296,8,1,unjustly
tied,0,1,1,0,0,0,0,0,0,0,0,0,0,0,0,1,1,0.2716,4,1,tied
truly,0,0,0,1,0,0,0,0,0,0,0,0,0,0,0,1,1,0.1027,5,1,truly
addenda,1,0,0,0,0,0,0,0,0,0,0,0,0,0,0,1,1,0.1027,7,1,addenda
connec,0,0,0,0,0,0,0,0,0,0,0,0,0,0,0,1,1,0.0,6,1,connec
defiance,1,0,0,0,0,0,0,0,0,0,0,0,0,0,0,1,1,-0.0258,8,1,defiance
solidarity,1,0,0,0,0,0,0,0,0,0,0,0,0,0,0,1,1,-0.0258,10,1,solidarity
shocks,1,1,0,0,0,0,0,0,0,0,0,0,0,0,0,1,1,-0.5379,6,1,shocks
natures,0,0,0,0,0,0,0,0,0,0,0,0,0,0,0,1,1,-0.2732,7,1,natures
victim,1,0,0,0,0,0,0,0,0,0,0,0,0,0,0,1,1,-0.2732,6,1,victim
veteran,1,0,1,0,0,0,0,0,0,0,0,0,0,0,0,1,1,-0.2732,7,1,veteran
bores,1,1,0,0,0,0,0,0,0,0,0,0,0,0,0,1,1,-0.2732,5,1,bores
abnormal,1,0,1,0,0,0,0,0,0,0,0,0,0,0,0,1,1,-0.296,8,1,abnormal
sheet,1,1,0,0,0,0,0,0,0,0,0,0,0,0,0,1,1,-0.3612,5,1,sheet
unmoved,0,0,1,0,0,0,0,0,0,0,0,0,0,0,0,1,1,-0.3612,7,1,unmoved
unlocked,0,1,1,0,0,0,0,0,0,0,0,0,0,0,0,1,1,-0.9265,8,1,unlocked
parts,1,0,0,0,0,0,0,0,0,0,0,0,0,0,0,1,1,-0.9265,5,1,parts
token,1,0,1,0,0,0,0,0,0,0,0,0,0,0,0,1,1,-0.8402,5,1,token
wolf,1,1,0,0,0,0,0,0,0,0,0,0,0,0,0,1,1,0.0,4,1,wolf
sheim,0,0,0,0,0,0,0,0,0,0,0,0,0,0,0,1,1,0.0,5,1,sheim
superfluous,0,0,1,0,0,0,0,0,0,0,0,0,0,0,0,1,1,0.0,11,1,superfluous
referred,0,1,0,0,0,0,0,0,0,0,0,0,0,0,0,1,1,-0.6597,8,1,referred
breathe,0,1,0,0,0,0,0,0,0,0,0,0,0,0,0,1,1,0.3818,7,1,breathe
responsible,0,0,1,0,0,0,0,0,0,0,0,0,0,0,0,1,1,0.3818,11,1,responsible
stinctively,0,0,0,0,0,0,0,0,0,0,0,0,0,0,0,1,1,0.2057,11,1,stinctively
baggage,1,0,0,0,0,0,0,0,0,0,0,0,0,0,0,1,1,0.0,7,1,baggage
rung,1,1,0,0,0,0,0,0,0,0,0,0,0,0,0,1,1,0.0,4,1,rung
visitors,1,0,0,0,0,0,0,0,0,0,0,0,0,0,0,1,1,0.25,8,1,visitors
official,1,0,1,0,0,0,0,0,0,0,0,0,0,0,0,1,1,0.25,8,1,official
coverlet,1,0,0,0,0,0,0,0,0,0,0,0,0,0,0,1,1,0.0,8,1,coverlet
stiffly,0,0,0,1,0,0,0,0,0,0,0,0,0,0,0,1,1,0.0,7,1,stiffly
sightsee,0,1,0,0,0,0,0,0,0,0,0,0,0,0,0,1,1,0.0772,8,1,sightsee
suspicious,0,0,1,0,0,0,0,0,0,0,0,0,0,0,0,1,1,-0.3612,10,1,suspicious
staying,0,1,0,0,0,0,0,0,0,0,0,0,0,0,0,1,1,0.34,7,1,staying
greenwich,1,0,0,0,0,0,0,0,0,0,0,0,0,0,0,1,1,0.34,9,1,greenwich
picnic,1,1,0,0,0,0,0,0,0,0,0,0,0,0,0,1,1,0.0,6,1,picnic
ejaculated,0,1,0,0,0,0,0,0,0,0,0,0,0,0,0,1,1,0.0,10,1,ejaculated
reluctantly,0,0,0,1,0,0,0,0,0,0,0,0,0,0,0,1,1,-0.1027,11,1,reluctantly
punctual,0,0,1,0,0,0,0,0,0,0,0,0,0,0,0,1,1,-0.4939,8,1,punctual
height,1,0,0,0,0,0,0,0,0,0,0,0,0,0,0,1,1,0.5719,6,1,height
vest,1,1,0,0,0,0,0,0,0,0,0,0,0,0,0,1,1,0.0,4,1,vest
arrangements,1,0,0,0,0,0,0,0,0,0,0,0,0,0,0,1,1,0.0,12,1,arrangements
impressively,0,0,0,1,0,0,0,0,0,0,0,0,0,0,0,1,1,0.4588,12,1,impressively
build,1,1,0,0,0,0,0,0,0,0,0,0,0,0,0,1,1,0.0,5,1,build
embroidered,0,0,1,0,0,0,0,0,0,0,0,0,0,0,0,1,1,0.0,11,1,embroidered
postpone,0,1,0,0,0,0,0,0,0,0,0,0,0,0,0,1,1,-0.5267,8,1,postpone
mayed,0,0,0,0,0,0,0,0,0,0,0,0,0,0,0,1,1,-0.4005,5,1,mayed
bundled,0,1,0,0,0,0,0,0,0,0,0,0,0,0,0,1,1,-0.4005,7,1,bundled
ulster,1,0,0,0,0,0,0,0,0,0,0,0,0,0,0,1,1,-0.4005,6,1,ulster
leaked,0,1,0,0,0,0,0,0,0,0,0,0,0,0,0,1,1,-0.0772,6,1,leaked
continuously,0,0,0,1,0,0,0,0,0,0,0,0,0,0,0,1,1,-0.0772,12,1,continuously
umbrella,1,0,1,0,0,0,0,0,0,0,0,0,0,0,0,1,1,-0.0772,8,1,umbrella
sparse,0,0,1,0,0,0,0,0,0,0,0,0,0,0,0,1,1,-0.0772,6,1,sparse
slagle,0,0,0,0,0,0,0,0,0,0,0,0,0,0,0,1,1,0.0,6,1,slagle
hey,1,0,0,0,0,0,0,0,0,0,0,0,0,0,0,1,1,0.0,3,1,hey
hick,1,0,1,0,0,0,0,0,0,0,0,0,0,0,0,1,1,0.0,4,1,hick
exclamation,1,0,0,0,0,0,0,0,0,0,0,0,0,0,0,1,1,0.0,11,1,exclamation
squawk,1,1,0,0,0,0,0,0,0,0,0,0,0,0,0,1,1,-0.4767,6,1,squawk
telegram,1,0,0,0,0,0,0,0,0,0,0,0,0,0,0,1,1,0.0,8,1,telegram
c,1,0,0,0,0,0,0,0,0,0,0,0,0,0,0,1,1,0.0,1,1,c
sender,1,0,0,0,0,0,0,0,0,0,0,0,0,0,0,1,1,-0.5267,6,1,sender
job,1,1,0,0,0,0,0,0,0,0,0,0,0,0,0,1,1,0.0,3,1,job
gutter,1,1,0,0,0,0,0,0,0,0,0,0,0,0,0,1,1,0.0,6,1,gutter
appearing,0,1,0,0,0,0,0,0,0,0,0,0,0,0,0,1,1,0.5719,9,1,appearing
gentlemanly,0,0,1,0,0,0,0,0,0,0,0,0,0,0,0,1,1,0.5719,11,1,gentlemanly
client,1,0,0,0,0,0,0,0,0,0,0,0,0,0,0,1,1,0.0,6,1,client
albany,1,0,0,0,0,0,0,0,0,0,0,0,0,0,0,1,1,0.0,6,1,albany
bulbous,0,0,1,0,0,0,0,0,0,0,0,0,0,0,0,1,1,0.4173,7,1,bulbous
partnership,1,0,0,0,0,0,0,0,0,0,0,0,0,0,0,1,1,0.0,11,1,partnership
slide,1,1,0,0,0,0,0,0,0,0,0,0,0,0,0,1,1,0.2023,5,1,slide
scolded,0,0,0,0,0,0,0,0,0,0,0,0,0,0,0,1,1,0.0,7,1,scolded
sickantired,0,0,0,0,0,0,0,0,0,0,0,0,0,0,0,1,1,0.0,11,1,sickantired
remarking,0,0,0,0,0,0,0,0,0,0,0,0,0,0,0,1,1,-0.4767,9,1,remarking
reverent,0,0,1,0,0,0,0,0,0,0,0,0,0,0,0,1,1,-0.4767,8,1,reverent
medals,1,0,0,0,0,0,0,0,0,0,0,0,0,0,0,1,1,-0.5994,6,1,medals
winebrenner,0,0,0,0,0,0,0,0,0,0,0,0,0,0,0,1,1,0.0,11,1,winebrenner
poolroom,1,0,0,0,0,0,0,0,0,0,0,0,0,0,0,1,1,0.0,8,1,poolroom
vain,0,0,1,0,0,0,0,0,0,0,0,0,0,0,0,1,1,-0.6808,4,1,vain
gument,0,0,0,0,0,0,0,0,0,0,0,0,0,0,0,1,1,-0.6808,6,1,gument
partition,1,1,0,0,0,0,0,0,0,0,0,0,0,0,0,1,1,-0.6808,9,1,partition
jewess,1,0,0,0,0,0,0,0,0,0,0,0,0,0,0,1,1,-0.6808,6,1,jewess
rosary,1,0,0,0,0,0,0,0,0,0,0,0,0,0,0,1,1,0.0,6,1,rosary
tunelessly,0,0,0,1,0,0,0,0,0,0,0,0,0,0,0,1,1,0.0,10,1,tunelessly
unmistakably,0,0,0,1,0,0,0,0,0,0,0,0,0,0,0,1,1,0.0,12,1,unmistakably
stella,1,0,0,0,0,0,0,0,0,0,0,0,0,0,0,1,1,0.0,6,1,stella
unrestrained,0,0,1,0,0,0,0,0,0,0,0,0,0,0,0,1,1,0.0,12,1,unrestrained
huh,0,0,0,0,0,0,0,0,0,0,0,0,0,0,0,1,1,0.0,3,1,huh
implied,0,1,1,0,0,0,0,0,0,0,0,0,0,0,0,1,1,-0.25,7,1,implied
deserved,0,1,1,0,0,0,0,0,0,0,0,0,0,0,0,1,1,-0.25,8,1,deserved
howev,0,0,0,0,0,0,0,0,0,0,0,0,0,0,0,1,1,0.0276,5,1,howev
sneer,1,1,0,0,0,0,0,0,0,0,0,0,0,0,0,1,1,0.0276,5,1,sneer
bitterly,0,0,0,1,0,0,0,0,0,0,0,0,0,0,0,1,1,0.0276,8,1,bitterly
swastika,1,0,0,0,0,0,0,0,0,0,0,0,0,0,0,1,1,0.7034,8,1,swastika
electricity,1,0,0,0,0,0,0,0,0,0,0,0,0,0,0,1,1,0.0,11,1,electricity
baseball,1,0,0,0,0,0,0,0,0,0,0,0,0,0,0,1,1,0.0,8,1,baseball
elocution,1,0,0,0,0,0,0,0,0,0,0,0,0,0,0,1,1,0.0,9,1,elocution
poise,1,1,0,0,0,0,0,0,0,0,0,0,0,0,0,1,1,0.0,5,1,poise
shafters,0,0,0,0,0,0,0,0,0,0,0,0,0,0,0,1,1,0.6475,8,1,shafters
indecipherable,0,0,1,0,0,0,0,0,0,0,0,0,0,0,0,1,1,0.6475,14,1,indecipherable
smokeing,0,0,0,0,0,0,0,0,0,0,0,0,0,0,0,1,1,0.6475,8,1,smokeing
chewing,0,1,0,0,0,0,0,0,0,0,0,0,0,0,0,1,1,0.6475,7,1,chewing
exercise,1,1,0,0,0,0,0,0,0,0,0,0,0,0,0,1,1,-0.2023,8,1,exercise
scaling,1,1,0,0,0,0,0,0,0,0,0,0,0,0,0,1,1,-0.2023,7,1,scaling
member,1,0,0,0,0,0,0,0,0,0,0,0,0,0,0,1,1,0.3612,6,1,member
advantages,1,1,0,0,0,0,0,0,0,0,0,0,0,0,0,1,1,0.3612,10,1,advantages
commu,0,0,0,0,0,0,0,0,0,0,0,0,0,0,0,1,1,0.7684,5,1,commu
nicative,0,0,0,0,0,0,0,0,0,0,0,0,0,0,0,1,1,0.7684,8,1,nicative
reserved,0,1,1,0,0,0,0,0,0,0,0,0,0,0,0,1,1,0.7684,8,1,reserved
inclined,0,1,1,0,0,0,0,0,0,0,0,0,0,0,0,1,1,-0.2732,8,1,inclined
lately,0,0,0,1,0,0,0,0,0,0,0,0,0,0,0,1,1,0.0,6,1,lately
success,1,0,0,0,0,0,0,0,0,0,0,0,0,0,0,1,1,0.807,7,1,success
generous,0,0,1,0,0,0,0,0,0,0,0,0,0,0,0,1,1,0.807,8,1,generous
lingeringly,0,0,0,1,0,0,0,0,0,0,0,0,0,0,0,1,1,-0.25,11,1,lingeringly
hopalong,0,0,0,0,0,0,0,0,0,0,0,0,0,0,0,1,1,0.0,8,1,hopalong
cassidy,0,0,0,0,0,0,0,0,0,0,0,0,0,0,0,1,1,0.0,7,1,cassidy
date,1,1,0,0,0,0,0,0,0,0,0,0,0,0,0,1,1,0.0,4,1,date
dumbbell,1,0,0,0,0,0,0,0,0,0,0,0,0,0,0,1,1,-0.2023,8,1,dumbbell
transaction,1,0,0,0,0,0,0,0,0,0,0,0,0,0,0,1,1,0.0,11,1,transaction
quivered,0,0,0,0,0,0,0,0,0,0,0,0,0,0,0,1,1,-0.3182,8,1,quivered
bitter,1,1,1,1,0,0,0,0,0,0,0,0,0,0,0,1,1,-0.4678,6,1,bitter
suggest,0,1,0,0,0,0,0,0,0,0,0,0,0,0,0,1,1,0.5719,7,1,suggest
friendship,1,0,0,0,0,0,0,0,0,0,0,0,0,0,0,1,1,0.6705,10,1,friendship
trem,0,0,0,0,0,0,0,0,0,0,0,0,0,0,0,1,1,0.0,4,1,trem
bling,1,0,0,0,0,0,0,0,0,0,0,0,0,0,0,1,1,0.0,5,1,bling
shown,0,1,0,0,0,0,0,0,0,0,0,0,0,0,0,1,1,0.0,5,1,shown
herseys,0,0,0,0,0,0,0,0,0,0,0,0,0,0,0,1,1,0.0,7,1,herseys
schultzes,0,0,0,0,0,0,0,0,0,0,0,0,0,0,0,1,1,0.0,9,1,schultzes
tickets,1,1,0,0,0,0,0,0,0,0,0,0,0,0,0,1,1,0.0,7,1,tickets
clasped,0,1,0,0,0,0,0,0,0,0,0,0,0,0,0,1,1,0.0,7,1,clasped
gloved,0,0,1,0,0,0,0,0,0,0,0,0,0,0,0,1,1,0.0,6,1,gloved
murky,0,0,1,0,0,0,0,0,0,0,0,0,0,0,0,1,1,0.0,5,1,murky
milwaukee,1,0,0,0,0,0,0,0,0,0,0,0,0,0,0,1,1,0.0,9,1,milwaukee
paul,1,0,0,0,0,0,0,0,0,0,0,0,0,0,0,1,1,0.5423,4,1,paul
december,1,0,0,0,0,0,0,0,0,0,0,0,0,0,0,1,1,0.7003,8,1,december
gayeties,0,0,0,0,0,0,0,0,0,0,0,0,0,0,0,1,1,0.7003,8,1,gayeties
bid,1,1,0,0,0,0,0,0,0,0,0,0,0,0,0,1,1,0.7003,3,1,bid
coats,0,1,0,0,0,0,0,0,0,0,0,0,0,0,0,1,1,-0.1531,5,1,coats
frozen,0,1,1,0,0,0,0,0,0,0,0,0,0,0,0,1,1,-0.1531,6,1,frozen
matchings,1,0,0,0,0,0,0,0,0,0,0,0,0,0,0,1,1,-0.1531,9,1,matchings
invita,0,0,0,0,0,0,0,0,0,0,0,0,0,0,0,1,1,-0.1531,6,1,invita
ordways,0,0,0,0,0,0,0,0,0,0,0,0,0,0,0,1,1,-0.1531,7,1,ordways
splashing,1,1,0,0,0,0,0,0,0,0,0,0,0,0,0,1,1,-0.296,9,1,splashing
marvelling,0,1,0,0,0,0,0,0,0,0,0,0,0,0,0,1,1,0.0,10,1,marvelling
protecting,0,1,1,0,0,0,0,0,0,0,0,0,0,0,0,1,1,-0.3818,10,1,protecting
resentment,1,0,0,0,0,0,0,0,0,0,0,0,0,0,0,1,1,0.7206,10,1,resentment
amen,1,0,0,0,0,0,0,0,0,0,0,0,0,0,0,1,1,-0.2263,4,1,amen
straggled,0,0,0,0,0,0,0,0,0,0,0,0,0,0,0,1,1,0.0,9,1,straggled
gather,1,1,0,0,0,0,0,0,0,0,0,0,0,0,0,1,1,0.7003,6,1,gather
union,1,0,1,0,0,0,0,0,0,0,0,0,0,0,0,1,1,0.7003,5,1,union
et,0,0,0,0,0,0,1,0,0,0,0,0,0,0,0,1,1,0.3612,2,1,et
hog,1,1,0,0,0,0,0,0,0,0,0,0,0,0,0,1,1,0.3612,3,1,hog
item,1,0,0,1,0,0,0,0,0,0,0,0,0,0,0,1,1,0.1531,4,1,item
blink,1,1,0,0,0,0,0,0,0,0,0,0,0,0,0,1,1,-0.6486,5,1,blink
ceme,0,0,0,0,0,0,0,0,0,0,0,0,0,0,0,1,1,-0.5994,4,1,ceme
tery,0,0,0,0,0,0,0,0,0,0,0,0,0,0,0,1,1,-0.5994,4,1,tery
postman,1,0,0,0,0,0,0,0,0,0,0,0,0,0,0,1,1,0.0,7,1,postman
cemetery,1,0,0,0,0,0,0,0,0,0,0,0,0,0,0,1,1,-0.296,8,1,cemetery
unadaptable,0,0,1,0,0,0,0,0,0,0,0,0,0,0,0,1,1,0.0,11,1,unadaptable
superiority,1,0,0,0,0,0,0,0,0,0,0,0,0,0,0,1,1,0.6115,11,1,superiority
sprawling,0,1,1,0,0,0,0,0,0,0,0,0,0,0,0,1,1,0.6115,9,1,sprawling
ohio,1,0,0,0,0,0,0,0,0,0,0,0,0,0,0,1,1,0.6115,4,1,ohio
interminable,0,0,1,0,0,0,0,0,0,0,0,0,0,0,0,1,1,0.6115,12,1,interminable
inquisitions,1,0,0,0,0,0,0,0,0,0,0,0,0,0,0,1,1,0.6115,12,1,inquisitions
spared,0,1,0,0,0,0,0,0,0,0,0,0,0,0,0,1,1,0.6115,6,1,spared
distortion,1,0,0,0,0,0,0,0,0,0,0,0,0,0,0,1,1,0.6115,10,1,distortion
winters,1,1,0,0,0,0,0,0,0,0,0,0,0,0,0,1,1,0.1084,7,1,winters
complacent,0,0,1,0,0,0,0,0,0,0,0,0,0,0,0,1,1,0.1084,10,1,complacent
dwellings,1,0,0,0,0,0,0,0,0,0,0,0,0,0,0,1,1,0.1084,9,1,dwellings
decades,1,0,0,0,0,0,0,0,0,0,0,0,0,0,0,1,1,0.1084,7,1,decades
westerners,1,0,0,0,0,0,0,0,0,0,0,0,0,0,0,1,1,0.0,10,1,westerners
defi,0,0,0,0,0,0,0,0,0,0,0,0,0,0,0,1,1,0.0,4,1,defi
ciency,0,0,0,0,0,0,0,0,0,0,0,0,0,0,0,1,1,0.0,6,1,ciency
subtly,0,0,0,1,0,0,0,0,0,0,0,0,0,0,0,1,1,0.0,6,1,subtly
indistinguishably,0,0,0,1,0,0,0,0,0,0,0,0,0,0,0,1,1,-0.2023,17,1,indistinguishably
prairies,1,0,0,0,0,0,0,0,0,0,0,0,0,0,0,1,1,0.5423,8,1,prairies
swede,1,0,0,0,0,0,0,0,0,0,0,0,0,0,0,1,1,0.5423,5,1,swede
lamps,1,0,0,0,0,0,0,0,0,0,0,0,0,0,0,1,1,0.5423,5,1,lamps
sleigh,1,0,0,0,0,0,0,0,0,0,0,0,0,0,0,1,1,0.5423,6,1,sleigh
frosty,0,0,1,0,0,0,0,0,0,0,0,0,0,0,0,1,1,0.5423,6,1,frosty
holly,1,0,0,0,0,0,0,0,0,0,0,0,0,0,0,1,1,0.5423,5,1,holly
wreaths,1,0,0,0,0,0,0,0,0,0,0,0,0,0,0,1,1,0.0,7,1,wreaths
tracks,1,1,0,0,0,0,0,0,0,0,0,0,0,0,0,1,1,0.5423,6,1,tracks
wisconsin,1,0,0,0,0,0,0,0,0,0,0,0,0,0,0,1,1,0.0,9,1,wisconsin
stations,1,1,0,0,0,0,0,0,0,0,0,0,0,0,0,1,1,0.0,8,1,stations
brace,1,1,0,0,0,0,0,0,0,0,0,0,0,0,0,1,1,0.0,5,1,brace
breaths,0,0,0,0,0,0,0,0,0,0,0,0,0,0,0,1,1,-0.2023,7,1,breaths
vestibules,1,0,0,0,0,0,0,0,0,0,0,0,0,0,0,1,1,-0.2023,10,1,vestibules
unutterably,0,0,0,1,0,0,0,0,0,0,0,0,0,0,0,1,1,-0.2023,11,1,unutterably
identity,1,0,0,0,0,0,0,0,0,0,0,0,0,0,0,1,1,-0.2023,8,1,identity
grasp,1,1,0,0,0,0,0,0,0,0,0,0,0,0,0,1,1,-0.2975,5,1,grasp
obscurity,1,0,0,0,0,0,0,0,0,0,0,0,0,0,0,1,1,0.0,9,1,obscurity
repub,0,0,0,0,0,0,0,0,0,0,0,0,0,0,0,1,1,0.0,5,1,repub
lic,0,0,0,0,0,0,0,0,0,0,0,0,0,0,0,1,1,0.0,3,1,lic
orgastic,0,0,1,0,0,0,0,0,0,0,0,0,0,0,0,1,1,0.0,8,1,orgastic
recedes,0,1,0,0,0,0,0,0,0,0,0,0,0,0,0,1,1,0.0,7,1,recedes
current,1,0,1,0,0,0,0,0,0,0,0,0,0,0,0,1,1,0.2023,7,1,current
hatted,0,1,1,0,0,0,0,0,0,0,0,0,0,0,0,1,1,0.7003,6,1,hatted
creatures,1,0,0,0,0,0,0,0,0,0,0,0,0,0,0,1,1,-0.5719,9,1,creatures
retreated,1,1,0,0,0,0,0,0,0,0,0,0,0,0,0,1,1,-0.5719,9,1,retreated
carelessness,1,0,0,0,0,0,0,0,0,0,0,0,0,0,0,1,1,-0.5719,12,1,carelessness
mess,1,1,0,0,0,0,0,0,0,0,0,0,0,0,0,1,1,-0.5719,4,1,mess
commensurate,0,0,1,0,0,0,0,0,0,0,0,0,0,0,0,1,1,0.8834,12,1,commensurate
brooding,1,1,1,0,0,0,0,0,0,0,0,0,0,0,0,1,1,0.0258,8,1,brooding
unknown,1,0,1,0,0,0,0,0,0,0,0,0,0,0,0,1,1,0.0258,7,1,unknown
fail,1,1,0,0,0,0,0,0,0,0,0,0,0,0,0,1,1,-0.2975,4,1,fail
ren,1,0,0,0,0,0,0,0,0,0,0,0,0,0,0,1,1,0.0,3,1,ren
kill,1,1,0,0,0,0,0,0,0,0,0,0,0,0,0,1,1,-0.7964,4,1,kill
revolver,1,0,0,0,0,0,0,0,0,0,0,0,0,0,0,1,1,0.1027,8,1,revolver
fiantly,0,0,0,0,0,0,0,0,0,0,0,0,0,0,0,1,1,0.1027,7,1,fiantly
suffering,1,0,1,0,0,0,0,0,0,0,0,0,0,0,0,1,1,-0.1531,9,1,suffering
sideboard,1,0,0,0,0,0,0,0,0,0,0,0,0,0,0,1,1,-0.1531,9,1,sideboard
forgive,0,1,0,0,0,0,0,0,0,0,0,0,0,0,0,1,1,0.7808,7,1,forgive
justified,0,1,1,0,0,0,0,0,0,0,0,0,0,0,0,1,1,0.7808,9,1,justified
est,0,0,0,0,0,0,0,0,0,0,0,0,0,0,0,1,1,0.0,3,1,est
straightforward,0,0,1,1,0,0,0,0,0,0,0,0,0,0,0,1,1,0.0,15,1,straightforward
tremend,0,0,0,0,0,0,0,0,0,0,0,0,0,0,0,1,1,0.1531,7,1,tremend
ously,0,0,0,0,0,0,0,0,0,0,0,0,0,0,0,1,1,0.1531,5,1,ously
aggressive,0,0,1,0,0,0,0,0,0,0,0,0,0,0,0,1,1,-0.4767,10,1,aggressive
interference,1,0,0,0,0,0,0,0,0,0,0,0,0,0,0,1,1,-0.4767,12,1,interference
adapting,0,1,0,0,0,0,0,0,0,0,0,0,0,0,0,1,1,-0.4767,8,1,adapting
grabbed,0,1,0,0,0,0,0,0,0,0,0,0,0,0,0,1,1,0.0,7,1,grabbed
inessential,1,0,1,0,0,0,0,0,0,0,0,0,0,0,0,1,1,0.3182,11,1,inessential
melt,0,1,0,0,0,0,0,0,0,0,0,0,0,0,0,1,1,0.3182,4,1,melt
dutch,1,0,1,0,0,0,0,0,0,0,0,0,0,0,0,1,1,0.3182,5,1,dutch
sailors,1,0,0,0,0,0,0,0,0,0,0,0,0,0,0,1,1,0.3182,7,1,sailors
pandered,0,0,0,0,0,0,0,0,0,0,0,0,0,0,0,1,1,0.8834,8,1,pandered
greatest,0,0,1,0,0,0,0,0,0,0,0,0,0,0,0,1,1,0.8834,8,1,greatest
transitory,0,0,1,0,0,0,0,0,0,0,0,0,0,0,0,1,1,0.8834,10,1,transitory
aesthetic,1,0,1,1,0,0,0,0,0,0,0,0,0,0,0,1,1,0.8834,9,1,aesthetic
clearly,0,0,0,1,0,0,0,0,0,0,0,0,0,0,0,1,1,-0.2732,7,1,clearly
erased,0,1,1,0,0,0,0,0,0,0,0,0,0,0,0,1,1,-0.2732,6,1,erased
raspingly,0,0,0,1,0,0,0,0,0,0,0,0,0,0,0,1,1,-0.2732,9,1,raspingly
stone,1,1,1,1,0,0,0,0,0,0,0,0,0,0,0,1,1,-0.2732,5,1,stone
dered,0,0,0,0,0,0,0,0,0,0,0,0,0,0,0,1,1,0.0,5,1,dered
sprawled,0,1,1,0,0,0,0,0,0,0,0,0,0,0,0,1,1,0.0,8,1,sprawled
shadowy,0,0,1,0,0,0,0,0,0,0,0,0,0,0,0,1,1,0.0,7,1,shadowy
ferryboat,1,0,0,0,0,0,0,0,0,0,0,0,0,0,0,1,1,0.0,9,1,ferryboat
dazzling,1,1,1,0,0,0,0,0,0,0,0,0,0,0,0,1,1,0.7096,8,1,dazzling
vividly,0,0,0,1,0,0,0,0,0,0,0,0,0,0,0,1,1,0.7096,7,1,vividly
investigate,0,1,0,0,0,0,0,0,0,0,0,0,0,0,0,1,1,0.0,11,1,investigate
prob,1,0,0,0,0,0,0,0,0,0,0,0,0,0,0,1,1,0.8192,4,1,prob
trunk,1,0,0,0,0,0,0,0,0,0,0,0,0,0,0,1,1,-0.25,5,1,trunk
packed,0,1,1,0,0,0,0,0,0,0,0,0,0,0,0,1,1,-0.25,6,1,packed
failure,1,0,0,0,0,0,0,0,0,0,0,0,0,0,0,1,1,-0.25,7,1,failure
scrawled,0,0,1,0,0,0,0,0,0,0,0,0,0,0,0,1,1,-0.2732,8,1,scrawled
bouncing,0,1,1,0,0,0,0,0,0,0,0,0,0,0,0,1,1,0.7003,8,1,bouncing
pearl,1,1,1,0,0,0,0,0,0,0,0,0,0,0,0,1,1,0.0,5,1,pearl
necklace,1,0,0,0,0,0,0,0,0,0,0,0,0,0,0,1,1,0.0,8,1,necklace
rid,0,1,1,0,0,0,0,0,0,0,0,0,0,0,0,1,1,0.0,3,1,rid
squeamishness,1,0,0,0,0,0,0,0,0,0,0,0,0,0,0,1,1,0.0,13,1,squeamishness
drivers,1,0,0,0,0,0,0,0,0,0,0,0,0,0,0,1,1,-0.3931,7,1,drivers
fare,1,1,0,0,0,0,0,0,0,0,0,0,0,0,0,1,1,-0.3931,4,1,fare
entrance,1,1,0,0,0,0,0,0,0,0,0,0,0,0,0,1,1,-0.3931,8,1,entrance
