word,noun,verb,adjective,adverb,auxiliary,compositions,conjunctions,determiners,existential_determiners,modifiers,negative_quantifiers,prepositions,universal_determiners,possessive_determiners,pronouns,frequency,review_count,avg_sentiment,length,confident,resolved_word
the,0,0,0,1,0,0,0,1,0,0,0,0,0,0,0,4995,2550,0.03434528528528522,3,1,the
and,1,0,0,0,0,0,1,0,0,0,0,0,0,0,0,2850,1955,0.059811087719298245,3,1,and
i,1,0,0,0,0,0,0,0,0,0,0,0,0,0,1,2025,1454,0.055477333333333295,1,1,i
a,1,0,0,0,0,0,0,1,1,0,0,0,0,0,0,1738,1339,0.05874821634062136,1,1,a
of,0,0,0,0,0,0,0,0,0,0,0,1,0,0,0,1706,1248,0.05148898007033989,2,1,of
to,0,0,0,0,0,0,0,0,0,0,0,1,0,0,0,1572,1253,0.05542245547073784,2,1,to
in,1,0,1,1,0,0,0,0,0,0,0,1,0,0,0,1300,1109,0.049806846153846125,2,1,in
he,1,0,0,0,0,0,0,0,0,0,0,0,0,0,1,1157,978,0.04528029386343989,2,1,he
it,1,0,0,0,0,0,0,0,0,0,0,0,0,0,1,891,740,0.058546015712682364,2,1,it
was,0,1,0,0,1,0,0,0,0,0,0,0,0,0,0,803,729,0.027628518057285185,3,1,was
his,0,0,0,0,0,0,0,0,0,0,0,0,0,1,1,803,628,0.030856164383561636,3,1,his
with,1,0,0,0,0,0,0,0,0,0,0,1,0,0,0,720,652,0.08474486111111107,4,1,with
you,0,0,0,0,0,0,0,0,0,0,0,0,0,0,1,704,568,0.1024481534090908,3,1,you
that,1,0,0,1,0,1,1,1,0,0,0,0,0,0,1,606,530,0.09883696369636963,4,1,that
at,1,0,0,0,0,0,0,0,0,0,0,1,0,0,0,576,530,0.03971527777777779,2,1,at
her,0,0,0,0,0,0,0,0,0,0,0,0,0,1,1,572,419,0.16479615384615365,3,1,her
but,1,0,0,1,0,0,1,0,0,0,0,0,0,0,0,551,539,0.04241143375680579,3,1,but
she,1,0,0,0,0,0,0,0,0,0,0,0,0,0,1,539,482,0.14019814471243033,3,1,she
on,0,0,1,1,0,0,0,0,0,0,0,1,0,0,0,517,482,0.031364603481624787,2,1,on
my,0,0,0,0,0,0,0,0,0,0,0,0,0,1,0,511,429,0.04412270058708417,2,1,my
me,1,0,0,0,0,0,0,0,0,0,0,0,0,0,1,497,440,0.06213219315895374,2,1,me
for,0,0,0,0,0,0,1,0,0,0,0,1,0,0,0,484,448,0.06073243801652895,3,1,for
had,0,0,0,0,1,0,0,0,0,0,0,0,0,0,0,477,411,-0.0024150943396226408,3,1,had
him,0,0,0,0,0,0,0,0,0,0,0,0,0,0,1,447,393,-0.01194295302013422,3,1,him
as,1,0,0,0,0,0,0,0,0,0,0,0,0,0,0,409,336,0.07337799511002452,2,1,as
is,0,1,0,0,1,0,0,0,0,0,0,0,0,0,0,397,344,0.11426372795969769,2,1,is
then,1,0,1,1,0,0,1,0,0,0,0,0,0,0,0,375,364,0.0740765333333333,4,1,then
from,0,0,0,0,0,0,0,0,0,0,0,1,0,0,0,369,349,0.07228888888888887,4,1,from
not,1,0,0,1,0,0,1,0,0,0,1,0,0,0,0,360,332,0.059824444444444416,3,1,not
said,0,1,1,0,0,0,0,0,0,0,0,0,0,0,0,342,340,0.11569883040935677,4,1,said
s,1,0,0,0,0,0,0,0,0,0,0,0,0,0,0,339,316,0.05527728613569321,1,1,s
which,1,0,0,0,0,1,0,0,0,0,0,0,0,0,1,270,257,0.05581481481481486,5,1,which
by,1,0,0,1,0,0,0,0,0,0,0,1,0,0,0,249,238,0.0477606425702811,2,1,by
into,0,0,0,0,0,0,0,0,0,0,0,1,0,0,0,242,233,0.039667355371900824,4,1,into
have,0,1,0,0,1,0,0,0,0,0,0,0,0,0,0,227,216,0.06594096916299559,4,1,have
when,1,0,0,1,0,0,1,0,0,0,0,0,0,0,0,224,214,0.07975,4,1,when
up,0,1,1,1,0,0,0,0,0,0,0,0,0,0,0,222,215,0.02872882882882882,2,1,up
an,1,0,0,0,0,0,0,1,1,0,0,0,0,0,0,218,206,0.01433761467889906,2,1,an
were,1,1,0,0,1,0,0,0,0,0,0,0,0,0,0,203,194,0.09443103448275865,4,1,were
be,0,1,0,0,1,0,0,0,0,0,0,0,0,0,0,203,193,0.09115911330049263,2,1,be
yellow,1,1,1,0,0,0,0,0,0,0,0,0,0,0,0,202,201,0.0045831683168316845,6,1,yellow
what,0,0,0,1,0,0,0,0,0,0,0,0,1,0,1,202,191,0.06039900990099008,4,1,what
t,1,0,0,0,0,0,0,0,0,0,0,0,0,0,0,201,186,0.09541194029850741,1,1,t
they,0,0,0,0,0,0,0,0,0,0,0,0,0,0,1,193,180,-0.01720362694300519,4,1,they
there,1,0,0,1,0,0,0,0,0,0,0,0,0,0,0,193,181,0.021494300518134717,5,1,there
all,0,0,1,1,0,0,1,0,0,0,0,0,1,0,1,189,182,0.05918835978835979,3,1,all
are,1,0,0,0,1,0,0,0,0,0,0,0,0,0,0,187,175,0.1471224598930482,3,1,are
out,1,1,1,1,0,0,0,0,0,0,0,0,0,0,0,185,180,-0.016521081081081072,3,1,out
king,1,0,0,0,0,0,0,0,0,0,0,0,0,0,0,179,173,0.0025525139664804445,4,1,king
this,1,0,0,1,0,0,0,1,0,0,0,0,0,0,1,177,171,0.028510734463276854,4,1,this
one,1,0,1,0,0,0,0,0,1,0,0,0,0,0,1,168,160,0.03994345238095237,3,1,one
looked,0,1,0,0,0,0,0,0,0,0,0,0,0,0,0,162,157,0.05927407407407408,6,1,looked
over,1,0,1,1,0,0,0,0,0,0,0,1,0,0,0,161,155,0.08678944099378884,4,1,over
so,1,0,0,1,0,0,1,0,0,0,0,0,0,0,0,160,147,0.06502750000000002,2,1,so
who,1,0,0,0,0,1,0,0,0,0,0,0,0,0,1,156,147,0.010730769230769233,3,1,who
clifford,0,0,0,0,0,0,0,0,0,0,0,0,0,0,0,153,149,0.17113921568627455,8,1,clifford
no,1,0,0,1,0,0,0,0,0,0,1,0,0,0,0,153,145,-0.11803267973856203,2,1,no
know,1,1,0,0,0,0,0,0,0,0,0,0,0,0,0,152,144,0.06443618421052631,4,1,know
we,0,0,0,0,0,0,0,0,0,0,0,0,0,0,1,146,132,0.15583013698630133,2,1,we
eyes,1,1,0,0,0,0,0,0,0,0,0,0,0,0,0,145,143,0.09565793103448277,4,1,eyes
street,1,0,0,0,0,0,0,0,0,0,0,0,0,0,0,143,140,-0.03684895104895105,6,1,street
now,1,0,0,1,0,0,1,0,0,0,0,0,0,0,0,142,136,0.02168591549295774,3,1,now
about,0,0,1,1,0,0,0,0,0,0,0,1,0,0,0,141,139,0.026616312056737586,5,1,about
came,1,1,0,0,0,0,0,0,0,0,0,0,0,0,0,138,137,-0.006091304347826086,4,1,came
again,0,0,0,1,0,0,0,0,0,0,0,0,0,0,0,135,129,0.06623333333333335,5,1,again
like,1,1,1,1,0,0,1,0,0,0,0,0,0,0,0,132,122,0.29091742424242406,4,1,like
through,1,0,1,1,0,0,0,0,0,0,0,0,0,0,0,128,125,-0.001761718749999995,7,1,through
down,1,1,1,1,0,0,0,0,0,0,0,0,0,0,0,128,127,0.020691406250000002,4,1,down
do,1,1,0,0,1,0,0,0,0,0,0,0,0,0,0,128,120,0.0786015625,2,1,do
them,0,0,0,0,0,0,0,0,0,0,0,0,0,0,1,126,119,0.010199206349206336,4,1,them
face,1,1,0,0,0,0,0,0,0,0,0,0,0,0,0,125,119,0.02970720000000001,4,1,face
would,0,0,0,0,0,0,0,0,0,1,0,0,0,0,0,122,109,0.1859450819672132,5,1,would
did,0,1,0,0,1,0,0,0,0,0,0,0,0,0,0,120,120,0.04444916666666667,3,1,did
or,0,0,0,0,0,0,1,0,0,0,0,0,0,0,0,118,108,-0.03738389830508477,2,1,or
been,1,0,0,0,1,0,0,0,0,0,0,0,0,0,0,118,112,-0.09783135593220335,4,1,been
will,1,1,0,0,0,0,0,0,0,1,0,0,0,0,0,117,107,0.10456410256410253,4,1,will
could,0,0,0,0,0,0,0,0,0,1,0,0,0,0,0,116,103,0.13960086206896546,5,1,could
man,1,1,1,0,0,0,0,0,0,0,0,0,0,0,0,114,111,0.004664035087719295,3,1,man
little,1,0,1,1,0,0,0,0,0,0,0,0,0,0,0,112,106,0.1281607142857143,6,1,little
head,1,1,1,0,0,0,0,0,0,0,0,0,0,0,0,111,109,0.03429549549549552,4,1,head
before,0,0,0,1,0,0,1,0,0,0,0,0,0,0,0,111,110,0.09857477477477478,6,1,before
if,1,0,0,0,0,0,1,0,0,0,0,0,0,0,0,110,107,0.10365,2,1,if
turned,0,1,1,0,0,0,0,0,0,0,0,0,0,0,0,109,109,-0.006850458715596328,6,1,turned
see,1,1,0,1,0,0,0,0,0,0,0,0,0,0,0,107,105,0.09647850467289719,3,1,see
after,0,0,1,1,0,0,1,0,0,0,0,0,0,0,0,107,105,0.052546728971962615,5,1,after
back,1,1,1,1,0,0,0,0,0,0,0,0,0,0,0,106,104,0.04931886792452829,4,1,back
very,0,0,1,1,0,0,0,0,0,0,0,0,0,0,0,105,104,0.2634514285714286,4,1,very
your,0,0,0,0,0,0,0,0,0,0,0,0,0,1,0,105,103,0.14755428571428572,4,1,your
time,1,1,0,0,0,0,0,0,0,0,0,0,0,0,0,105,101,0.054016190476190475,4,1,time
their,0,0,0,0,0,0,0,0,0,0,0,0,0,1,0,104,91,0.062205769230769224,5,1,their
don,1,0,0,0,0,0,0,0,0,0,0,0,0,0,0,103,97,0.07723398058252427,3,1,don
rue,1,0,0,0,0,0,0,0,0,0,0,0,0,0,0,103,95,-0.0027223300970873774,3,1,rue
trent,1,0,0,0,0,0,0,0,0,0,0,0,0,0,0,98,95,-0.021630612244897963,5,1,trent
never,0,0,0,1,0,0,0,0,0,0,1,0,0,0,0,98,88,0.04065816326530612,5,1,never
mr,0,0,0,0,0,0,0,0,0,0,0,0,0,0,0,97,97,0.02423711340206185,2,0,mr
here,1,0,1,1,0,0,0,0,0,0,0,0,0,0,0,96,90,0.0771447916666667,4,1,here
away,0,0,1,1,0,0,0,0,0,0,0,0,0,0,0,95,95,-0.01451894736842105,4,1,away
first,1,0,1,1,0,0,0,0,0,0,0,0,0,0,0,92,92,-0.024344565217391305,5,1,first
door,1,0,0,0,0,0,0,0,0,0,0,0,0,0,0,91,89,-0.00942747252747253,4,1,door
sat,1,1,0,0,0,0,0,0,0,0,0,0,0,0,0,90,89,0.13698888888888888,3,1,sat
how,1,0,0,1,0,0,1,0,0,0,0,0,0,0,0,90,83,0.11938222222222229,3,1,how
can,1,1,0,0,0,0,0,0,0,1,0,0,0,0,0,89,86,0.041304494382022466,3,1,can
hastings,1,0,0,0,0,0,0,0,0,0,0,0,0,0,0,89,88,0.17169662921348317,8,1,hastings
cried,0,1,0,0,0,0,0,0,0,0,0,0,0,0,0,86,86,-0.2356848837209302,5,1,cried
more,1,0,1,1,0,0,0,0,0,0,0,0,0,0,0,84,81,0.012980952380952385,4,1,more
moment,1,0,0,0,0,0,0,0,0,0,0,0,0,0,0,83,80,0.03230602409638555,6,1,moment
while,1,0,0,0,0,0,1,0,0,0,0,0,0,0,0,83,83,0.05819518072289156,5,1,while
last,1,1,1,1,0,0,0,0,0,0,0,0,0,0,0,83,82,0.030195180722891568,4,1,last
only,1,0,1,1,0,0,1,0,0,0,0,0,0,0,0,82,79,0.03728170731707317,4,1,only
where,0,0,0,1,0,0,1,0,0,0,0,0,0,0,0,82,78,-0.030809756097560974,5,1,where
went,1,1,0,0,0,0,0,0,0,0,0,0,0,0,0,81,80,0.05694814814814815,4,1,went
white,1,0,1,0,0,0,0,0,0,0,0,0,0,0,0,81,78,0.03007283950617284,5,1,white
its,1,0,0,0,0,0,0,0,0,0,0,0,0,1,0,79,70,0.029126582278481004,3,1,its
come,0,1,0,0,0,0,0,0,0,0,0,0,0,0,0,79,78,0.055844303797468374,4,1,come
old,1,0,1,0,0,0,0,0,0,0,0,0,0,0,0,78,75,0.11926282051282054,3,1,old
go,1,1,1,0,0,0,0,0,0,0,0,0,0,0,0,77,73,0.04759740259740259,2,1,go
saw,1,1,0,0,0,0,0,0,0,0,0,0,0,0,0,77,72,-0.10521558441558448,3,1,saw
oh,1,0,0,0,0,0,0,0,0,0,0,0,0,0,0,76,73,0.11195263157894739,2,1,oh
some,0,0,1,1,0,0,0,0,1,0,0,0,0,0,1,76,76,-0.004818421052631572,4,1,some
voice,1,1,0,0,0,0,0,0,0,0,0,0,0,0,0,76,74,0.009565789473684198,5,1,voice
must,1,0,1,0,0,0,0,0,0,1,0,0,0,0,0,76,74,0.012965789473684214,4,1,must
other,1,0,1,1,0,0,1,0,0,0,0,0,0,0,1,75,74,0.08664800000000002,5,1,other
began,0,1,0,0,0,0,0,0,0,0,0,0,0,0,0,74,74,-0.07730945945945947,5,1,began
hand,1,1,0,0,0,0,0,0,0,0,0,0,0,0,0,74,74,0.4916,4,1,hand
every,0,0,1,0,0,0,0,0,0,0,0,0,1,0,0,73,67,0.011336986301369858,5,1,every
why,1,0,0,1,0,0,0,0,0,0,0,0,0,0,0,73,70,0.0037863013698630228,3,1,why
de,1,0,0,0,0,0,0,0,0,0,0,0,0,0,0,72,65,0.0806847222222222,2,1,de
passed,0,1,1,0,0,0,0,0,0,0,0,0,0,0,0,70,68,0.01128428571428571,6,1,passed
two,1,0,1,0,0,0,0,0,0,0,0,0,0,0,0,70,67,0.08787285714285716,3,1,two
upon,0,0,0,0,0,0,0,0,0,0,0,0,0,0,0,70,68,0.08899142857142858,4,1,upon
am,0,0,0,0,1,0,0,0,0,0,0,0,0,0,0,70,67,0.06325285714285714,2,1,am
seemed,0,1,0,0,0,0,0,0,0,0,0,0,0,0,0,70,70,0.08830999999999999,6,1,seemed
took,0,1,0,0,0,0,0,0,0,0,0,0,0,0,0,69,68,0.10338260869565219,4,1,took
day,1,0,0,0,0,0,0,0,0,0,0,0,0,0,0,69,67,0.09017246376811594,3,1,day
thought,1,1,0,0,0,0,0,0,0,0,0,0,0,0,0,69,67,0.006250724637681164,7,1,thought
well,1,1,1,1,0,0,0,0,0,0,0,0,0,0,0,69,68,0.3295217391304345,4,1,well
rose,1,1,1,0,0,0,0,0,0,0,0,0,0,0,0,69,68,0.09613623188405795,4,1,rose
knew,0,1,0,0,0,0,0,0,0,0,0,0,0,0,0,69,67,0.08344492753623192,4,1,knew
night,1,0,0,0,0,0,0,0,0,0,0,0,0,0,0,68,65,0.023972058823529426,5,1,night
long,1,0,1,1,0,0,0,0,0,0,0,0,0,0,0,68,65,0.015036764705882355,4,1,long
boris,0,0,0,0,0,0,0,0,0,0,0,0,0,0,0,68,67,0.04976764705882354,5,1,boris
stood,0,1,0,0,0,0,0,0,0,0,0,0,0,0,0,67,66,0.00901194029850748,5,1,stood
think,1,1,0,0,0,0,0,0,0,0,0,0,0,0,0,66,65,0.06705303030303032,5,1,think
any,0,0,1,1,0,0,0,0,0,0,0,0,1,0,1,66,65,0.06486515151515153,3,1,any
elliott,0,0,0,0,0,0,0,0,0,0,0,0,0,0,0,65,64,0.09435846153846152,7,1,elliott
west,1,0,1,1,0,0,0,0,0,0,0,0,0,0,0,65,64,0.005090769230769229,4,1,west
until,0,0,0,0,0,0,1,0,0,0,0,0,0,0,0,64,61,0.07435624999999997,5,1,until
room,1,0,0,0,0,0,0,0,0,0,0,0,0,0,0,63,62,-0.012712698412698408,4,1,room
yes,1,0,0,1,0,0,0,0,0,0,0,0,0,0,0,62,60,0.4011532258064518,3,1,yes
own,0,1,1,0,0,0,0,0,0,0,0,0,0,0,0,62,62,-0.0113741935483871,3,1,own
too,0,0,0,1,0,0,0,0,0,0,0,0,0,0,0,62,58,0.07459193548387097,3,1,too
good,1,0,1,1,0,0,0,0,0,0,0,0,0,0,0,61,61,0.35069999999999996,4,1,good
girl,1,0,0,0,0,0,0,0,0,0,0,0,0,0,0,61,59,0.08327540983606559,4,1,girl
shall,0,0,0,0,0,0,0,0,0,1,0,0,0,0,0,61,58,-0.035424590163934386,5,1,shall
wilde,1,0,0,0,0,0,0,0,0,0,0,0,0,0,0,61,61,-0.0017344262295081996,5,1,wilde
asked,0,1,0,0,0,0,0,0,0,0,0,0,0,0,0,60,60,0.02036833333333333,5,1,asked
selby,0,0,0,0,0,0,0,0,0,0,0,0,0,0,0,60,55,0.15183333333333332,5,1,selby
window,1,0,0,0,0,0,0,0,0,0,0,0,0,0,0,60,60,0.06337000000000001,6,1,window
than,0,0,0,0,0,0,1,0,0,0,0,0,0,0,0,59,57,0.15898644067796605,4,1,than
among,0,0,0,0,0,0,0,0,0,0,0,0,0,0,0,59,58,0.02698305084745762,5,1,among
something,1,0,0,1,0,0,0,0,1,0,0,0,0,0,1,59,56,0.008371186440677957,9,1,something
our,0,0,0,0,0,0,0,0,0,0,0,0,0,1,0,58,57,0.020398275862068965,3,1,our
myself,1,0,0,0,0,0,0,0,0,0,0,0,0,0,1,58,55,0.03135862068965516,6,1,myself
ing,1,0,0,0,0,0,0,0,0,0,0,0,0,0,0,58,57,0.12173793103448277,3,1,ing
along,0,0,0,1,0,0,0,0,0,0,0,0,0,0,0,57,57,0.021650877192982455,5,1,along
across,1,0,1,1,0,0,0,0,0,0,0,0,0,0,0,57,57,-0.03146842105263158,6,1,across
should,1,0,0,0,0,0,0,0,0,1,0,0,0,0,0,57,57,0.06312456140350876,6,1,should
under,0,0,1,1,0,0,0,0,0,0,0,1,0,0,0,57,56,0.030138596491228065,5,1,under
heart,1,0,0,0,0,0,0,0,0,0,0,0,0,0,0,57,55,0.45505263157894743,5,1,heart
still,1,1,1,1,0,0,0,0,0,0,0,0,0,0,0,56,56,0.07041785714285716,5,1,still
has,0,0,0,0,1,0,0,0,0,0,0,0,0,0,0,56,54,0.13748214285714286,3,1,has
way,1,0,0,1,0,0,0,0,0,0,0,0,0,0,0,56,52,0.08903035714285713,3,1,way
say,1,1,0,1,0,0,0,0,0,0,0,0,0,0,0,55,52,0.10579272727272729,3,1,say
around,0,0,0,1,0,0,0,0,0,0,0,0,0,0,0,55,53,0.013943636363636346,6,1,around
young,1,0,1,0,0,0,0,0,0,0,0,0,0,0,0,55,55,0.1454309090909091,5,1,young
nothing,1,0,0,1,0,0,0,0,0,0,1,0,0,0,0,54,52,0.1406314814814815,7,1,nothing
replied,0,0,0,0,0,0,0,0,0,0,0,0,0,0,0,54,54,0.0837722222222222,7,1,replied
found,1,1,1,0,0,0,0,0,0,0,0,0,0,0,0,53,53,-0.0007566037735849144,5,1,found
monsieur,1,0,0,0,0,0,0,0,0,0,0,0,0,0,0,52,47,0.11915961538461536,8,1,monsieur
house,1,1,0,0,0,0,0,0,0,0,0,0,0,0,0,52,51,0.060951923076923084,5,1,house
behind,1,0,1,1,0,0,0,0,0,0,0,0,0,0,0,51,51,-0.06817450980392156,6,1,behind
m,1,0,0,0,0,0,0,0,0,0,0,0,0,0,0,51,47,0.14690196078431372,1,1,m
look,1,1,0,0,0,0,0,0,0,0,0,0,0,0,0,50,48,-0.04196599999999997,4,1,look
jack,1,1,1,0,0,0,0,0,0,0,0,0,0,0,0,49,48,-0.005134693877551012,4,1,jack
sylvia,0,0,0,0,0,0,0,0,0,0,0,0,0,0,0,49,45,0.16435306122448984,6,1,sylvia
name,1,1,0,0,0,0,0,0,0,0,0,0,0,0,0,49,44,0.04250000000000002,4,1,name
fell,1,1,1,0,0,0,0,0,0,0,0,0,0,0,0,48,48,0.0010395833333333377,4,1,fell
tessie,0,0,0,0,0,0,0,0,0,0,0,0,0,0,0,48,48,0.0037562499999999866,6,1,tessie
much,1,0,1,1,0,0,0,0,0,0,0,0,0,0,0,48,47,0.20369375000000003,4,1,much
new,0,0,1,1,0,0,0,0,0,0,0,0,0,0,0,48,43,0.14576875000000003,3,1,new
smiled,0,1,0,0,0,0,0,0,0,0,0,0,0,0,0,48,48,0.569725,6,1,smiled
himself,0,0,0,0,0,0,0,0,0,0,0,0,0,0,1,48,46,0.0025958333333333584,7,1,himself
tell,1,1,0,0,0,0,0,0,0,0,0,0,0,0,0,47,47,-0.03604893617021277,4,1,tell
same,0,0,1,1,0,0,0,0,0,0,0,0,0,0,0,47,43,0.02614893617021277,4,1,same
might,1,0,0,0,0,0,0,0,0,1,0,0,0,0,0,47,44,-0.04235957446808512,5,1,might
above,1,0,1,1,0,0,0,0,0,0,0,0,0,0,0,46,45,0.05027173913043479,5,1,above
love,1,1,0,0,0,0,0,0,0,0,0,0,0,0,0,46,42,0.6163565217391306,4,1,love
heard,0,1,1,0,0,0,0,0,0,0,0,0,0,0,0,46,45,-0.005839130434782603,5,1,heard
left,1,1,1,1,0,0,0,0,0,0,0,0,0,0,0,46,46,0.05415869565217391,4,1,left
take,1,1,0,0,0,0,0,0,0,0,0,0,0,0,0,45,45,0.14338444444444448,4,1,take
hands,1,1,0,0,0,0,0,0,0,0,0,0,0,0,0,45,45,-0.010824444444444446,5,1,hands
laughed,0,1,0,0,0,0,0,0,0,0,0,0,0,0,0,45,45,0.36405333333333345,7,1,laughed
felt,1,1,1,0,0,0,0,0,0,0,0,0,0,0,0,45,45,0.05554000000000002,4,1,felt
beside,0,0,0,1,0,0,0,0,0,0,0,0,0,0,0,44,44,0.03481136363636364,6,1,beside
once,0,0,1,1,0,0,1,0,0,0,0,0,0,0,0,44,43,0.042822727272727276,4,1,once
course,1,1,0,1,0,0,0,0,0,0,0,0,0,0,0,43,42,0.14741162790697676,6,1,course
lay,1,1,1,0,0,0,0,0,0,0,0,0,0,0,0,43,42,-0.07893023255813955,3,1,lay
louis,1,0,0,0,0,0,0,0,0,0,0,0,0,0,0,42,40,0.1293952380952381,5,1,louis
open,1,1,1,0,0,0,0,0,0,0,0,0,0,0,0,42,41,0.04783571428571429,4,1,open
just,1,0,1,1,0,0,0,0,0,0,0,0,0,0,0,42,41,0.09632619047619045,4,1,just
table,1,1,0,0,0,0,0,0,0,0,0,0,0,0,0,42,39,0.12231190476190476,5,1,table
without,0,0,0,1,0,0,1,0,0,0,0,0,0,0,0,42,42,-0.0004309523809523837,7,1,without
black,1,0,1,0,0,0,0,0,0,0,0,0,0,0,0,42,41,-0.033969047619047614,5,1,black
us,0,0,0,0,0,0,0,0,0,0,0,0,0,0,1,42,40,0.10744047619047621,2,1,us
light,1,1,1,1,0,0,0,0,0,0,0,0,0,0,0,42,41,0.04126904761904763,5,1,light
another,0,0,1,0,0,0,0,0,0,0,0,0,0,0,1,42,41,0.048750000000000016,7,1,another
great,1,0,1,1,0,0,0,0,0,0,0,0,0,0,0,41,41,0.5577121951219512,5,1,great
d,1,0,0,0,0,0,0,0,0,0,0,0,0,0,0,41,38,0.06097073170731709,1,1,d
studio,1,0,0,0,0,0,0,0,0,0,0,0,0,0,0,41,41,0.01787073170731708,6,1,studio
even,1,1,1,1,0,0,0,0,0,0,0,0,0,0,0,40,40,0.0035750000000000044,4,1,even
toward,0,0,1,0,0,0,0,0,0,0,0,0,0,0,0,40,40,0.10981249999999998,6,1,toward
three,1,0,1,0,0,0,0,0,0,0,0,0,0,0,0,40,38,0.07616,5,1,three
yet,1,0,0,1,0,0,1,0,0,0,0,0,0,0,0,40,40,0.018367500000000002,3,1,yet
told,0,1,1,0,0,0,0,0,0,0,0,0,0,0,0,40,39,0.20513000000000003,4,1,told
lady,1,0,0,0,0,0,0,0,0,0,0,0,0,0,0,40,40,0.06539500000000001,4,1,lady
colette,1,0,0,0,0,0,0,0,0,0,0,0,0,0,0,40,40,0.10089250000000001,7,1,colette
off,0,0,1,1,0,0,0,0,0,0,0,0,0,0,0,40,40,0.005949999999999997,3,1,off
world,1,0,1,0,0,0,0,0,0,0,0,0,0,0,0,40,38,0.16648999999999997,5,1,world
small,1,0,1,1,0,0,0,0,0,0,0,0,0,0,0,39,39,0.10525641025641026,5,1,small
read,1,1,1,0,0,0,0,0,0,0,0,0,0,0,0,39,38,0.08312307692307694,4,1,read
floor,1,0,0,0,0,0,0,0,0,0,0,0,0,0,0,39,38,-0.017797435897435897,5,1,floor
sign,1,1,1,0,0,0,0,0,0,0,0,0,0,0,0,39,38,-0.049669230769230764,4,1,sign
arm,1,1,0,0,0,0,0,0,0,0,0,0,0,0,0,38,35,0.008073684210526311,3,1,arm
genevieve,0,0,0,0,0,0,0,0,0,0,0,0,0,0,0,38,38,0.061492105263157903,9,1,genevieve
such,0,0,1,1,0,0,0,0,0,0,0,0,0,0,0,38,37,-0.050655263157894724,4,1,such
bed,1,1,0,0,0,0,0,0,0,0,0,0,0,0,0,38,36,-0.020034210526315797,3,1,bed
air,1,1,1,0,0,0,0,0,0,0,0,0,0,0,0,37,37,0.17636756756756758,3,1,air
j,1,0,0,0,0,0,0,0,0,0,0,0,0,0,0,37,36,0.03877837837837838,1,1,j
made,1,1,1,0,0,0,0,0,0,0,0,0,0,0,0,37,37,0.08634054054054058,4,1,made
right,1,1,1,1,0,0,0,0,0,0,0,0,0,0,0,37,37,0.02242162162162161,5,1,right
marble,1,1,1,0,0,0,0,0,0,0,0,0,0,0,0,37,36,0.13149189189189192,6,1,marble
fields,1,1,0,0,0,0,0,0,0,0,0,0,0,0,0,37,37,0.005845945945945944,6,1,fields
thing,1,0,0,0,0,0,0,0,0,0,0,0,0,0,0,37,37,-0.04256216216216215,5,1,thing
quarter,1,1,1,0,0,0,0,0,0,0,0,0,0,0,0,37,36,-0.018318918918918913,7,1,quarter
may,1,0,0,0,0,0,0,0,0,1,0,0,0,0,0,36,34,0.043425,3,1,may
going,1,1,1,0,0,0,0,0,0,0,0,0,0,0,0,36,35,0.0941638888888889,5,1,going
looking,1,1,1,0,0,0,0,0,0,0,0,0,0,0,0,36,36,0.092875,7,1,looking
these,0,0,0,0,0,0,0,1,0,0,0,0,0,0,1,36,35,0.153375,5,1,these
end,1,1,0,0,0,0,0,0,0,0,0,0,0,0,0,36,34,0.03493611111111111,3,1,end
hawberk,1,0,0,0,0,0,0,0,0,0,0,0,0,0,0,35,34,0.10241714285714283,7,1,hawberk
hat,1,1,0,0,0,0,0,0,0,0,0,0,0,0,0,35,34,0.05487142857142857,3,1,hat
word,0,0,0,0,0,0,0,0,0,0,0,0,0,0,0,34,33,-0.09802352941176473,4,1,word
st,0,0,0,0,0,0,0,0,0,0,0,0,0,0,0,34,34,0.006520588235294108,2,0,st
opened,0,0,1,0,0,0,0,0,0,0,0,0,0,0,0,34,34,0.005517647058823536,6,1,opened
braith,0,0,0,0,0,0,0,0,0,0,0,0,0,0,0,33,33,-0.06426666666666665,6,1,braith
shell,1,1,1,0,0,0,0,0,0,0,0,0,0,0,0,33,33,-0.08287878787878787,5,1,shell
place,1,1,0,0,0,0,0,0,0,0,0,0,0,0,0,33,33,-0.08076060606060606,5,1,place
alone,0,0,1,1,0,0,0,0,0,0,0,0,0,0,0,33,31,0.0037727272727272805,5,1,alone
e,1,0,0,0,0,0,0,0,0,0,0,0,0,0,0,33,31,-0.004751515151515146,1,1,e
lips,0,0,0,0,0,0,0,0,0,0,0,0,0,0,0,32,31,0.0584625,4,1,lips
smile,1,1,0,0,0,0,0,0,0,0,0,0,0,0,0,32,32,0.3641937500000001,5,1,smile
followed,0,1,0,0,0,0,0,0,0,0,0,0,0,0,0,32,32,0.023240625000000004,8,1,followed
nor,1,0,0,0,0,0,1,0,0,0,0,0,0,0,0,32,27,0.09270937500000002,3,1,nor
let,1,1,0,0,0,0,0,0,0,0,0,0,0,0,0,32,32,0.024249999999999987,3,1,let
struck,0,1,1,0,0,0,0,0,0,0,0,0,0,0,0,32,32,-0.32709374999999996,6,1,struck
answered,0,0,0,0,0,0,0,0,0,0,0,0,0,0,0,32,32,0.06011875,8,1,answered
seen,1,1,1,0,0,0,0,0,0,0,0,0,0,0,0,32,32,0.15885937500000002,4,1,seen
give,1,1,0,0,0,0,0,0,0,0,0,0,0,0,0,32,32,0.27825625,4,1,give
american,1,0,1,0,0,0,0,0,0,0,0,0,0,0,0,32,32,-0.059868750000000005,8,1,american
cat,1,1,0,0,0,0,0,0,0,0,0,0,0,0,0,32,32,0.02057812500000001,3,1,cat
church,1,1,0,0,0,0,0,0,0,0,0,0,0,0,0,32,32,-0.094421875,6,1,church
get,1,1,0,0,0,0,0,0,0,0,0,0,0,0,0,32,32,0.07824375,3,1,get
called,0,1,1,0,0,0,0,0,0,0,0,0,0,0,0,32,32,0.08120312499999999,6,1,called
shook,1,1,0,0,0,0,0,0,0,0,0,0,0,0,0,31,31,-0.03905483870967742,5,1,shook
against,0,0,0,0,0,0,1,0,0,0,0,0,0,0,0,31,30,0.06424516129032258,7,1,against
spoke,1,1,0,0,0,0,0,0,0,0,0,0,0,0,0,31,31,0.03796774193548387,5,1,spoke
walked,0,1,0,0,0,0,0,0,0,0,0,0,0,0,0,31,30,0.15140322580645163,6,1,walked
ever,0,0,0,1,0,0,0,0,0,0,0,0,0,0,0,31,31,0.016990322580645152,4,1,ever
rowden,0,0,0,0,0,0,0,0,0,0,0,0,0,0,0,31,30,0.10064838709677419,6,1,rowden
saying,1,1,0,0,0,0,0,0,0,0,0,0,0,0,0,31,31,0.24947096774193545,6,1,saying
watched,0,1,0,0,0,0,0,0,0,0,0,0,0,0,0,31,31,0.026635483870967747,7,1,watched
half,1,0,1,1,0,0,0,0,0,0,0,0,0,0,0,31,29,0.04050322580645159,4,1,half
because,0,0,0,0,0,0,1,0,0,0,0,0,0,0,0,31,29,0.1507967741935484,7,1,because
morning,1,0,1,0,0,0,0,0,0,0,0,0,0,0,0,31,31,0.14920967741935487,7,1,morning
city,1,0,0,0,0,0,0,0,0,0,0,0,0,0,0,30,28,0.1758933333333333,4,1,city
silent,1,0,1,0,0,0,0,0,0,0,0,0,0,0,0,30,30,0.06076000000000001,6,1,silent
continued,0,1,1,0,0,0,0,0,0,0,0,0,0,0,0,30,30,0.09147,9,1,continued
paris,1,0,1,0,0,0,0,0,0,0,0,0,0,0,0,30,30,-0.03150333333333332,5,1,paris
almost,1,0,0,1,0,0,0,0,0,0,0,0,0,0,0,30,30,0.030606666666666674,6,1,almost
below,0,0,0,1,0,0,0,0,0,0,0,0,0,0,0,30,30,-0.12513666666666665,5,1,below
re,1,0,0,0,0,0,0,0,0,0,0,0,0,0,0,30,29,0.1288333333333333,2,1,re
next,0,0,1,1,0,0,0,0,0,0,0,0,0,0,0,30,30,-0.04905333333333333,4,1,next
raised,0,1,1,0,0,0,0,0,0,0,0,0,0,0,0,30,30,0.051579999999999994,6,1,raised
far,1,0,1,1,0,0,0,0,0,0,0,0,0,0,0,30,29,0.016066666666666677,3,1,far
people,1,1,0,0,0,0,0,0,0,0,0,0,0,0,0,30,29,0.025619999999999993,6,1,people
repairer,1,0,0,0,0,0,0,0,0,0,0,0,0,0,0,29,29,0.053120689655172415,8,1,repairer
perhaps,0,0,0,1,0,0,0,0,0,0,0,0,0,0,0,29,28,0.11187586206896549,7,1,perhaps
find,1,1,0,0,0,0,0,0,0,0,0,0,0,0,0,29,28,0.08541034482758621,4,1,find
instant,1,0,1,1,0,0,0,0,0,0,0,0,0,0,0,29,29,0.05310689655172415,7,1,instant
gone,0,1,1,0,0,0,0,0,0,0,0,0,0,0,0,29,29,-0.027148275862068964,4,1,gone
men,1,0,0,0,0,0,0,0,0,0,0,0,0,0,0,29,29,0.14403793103448273,3,1,men
speak,1,1,0,0,0,0,0,0,0,0,0,0,0,0,0,29,28,0.11354482758620686,5,1,speak
sun,1,1,0,0,0,0,0,0,0,0,0,0,0,0,0,28,27,0.014332142857142858,3,1,sun
mine,1,1,0,0,0,0,0,0,0,0,0,0,0,0,1,28,27,0.06338214285714286,4,1,mine
drew,1,1,0,0,0,0,0,0,0,0,0,0,0,0,0,28,28,0.014257142857142857,4,1,drew
barree,0,0,0,0,0,0,0,0,0,0,0,0,0,0,0,28,28,-0.004603571428571429,6,1,barree
believe,0,1,0,0,0,0,0,0,0,0,0,0,0,0,0,28,27,0.12556785714285712,7,1,believe
those,0,0,0,0,0,0,0,1,0,0,0,0,0,0,1,27,27,0.05283333333333334,5,1,those
leaned,0,1,0,0,0,0,0,0,0,0,0,0,0,0,0,27,27,0.0630962962962963,6,1,leaned
mask,1,1,0,0,0,0,0,0,0,0,0,0,0,0,0,27,26,0.020085185185185192,4,1,mask
life,1,0,0,0,0,0,0,0,0,0,0,0,0,0,0,27,26,-0.031848148148148125,4,1,life
better,1,1,1,1,0,0,0,0,0,0,0,0,0,0,0,27,26,0.5155703703703703,6,1,better
turning,1,1,1,0,0,0,0,0,0,0,0,0,0,0,0,27,27,0.04097777777777778,7,1,turning
gold,1,0,1,0,0,0,0,0,0,0,0,0,0,0,0,27,27,0.2809,4,1,gold
started,0,1,0,0,0,0,0,0,0,0,0,0,0,0,0,27,27,-0.09734444444444447,7,1,started
la,1,0,0,0,0,0,0,0,0,0,0,0,0,0,0,27,25,0.06864444444444442,2,1,la
sprang,0,1,0,0,0,0,0,0,0,0,0,0,0,0,0,27,27,-0.08797037037037037,6,1,sprang
front,1,1,1,0,0,0,0,0,0,0,0,0,0,0,0,27,27,-0.1100148148148148,5,1,front
red,1,0,1,0,0,0,0,0,0,0,0,0,0,0,0,27,27,0.13508518518518517,3,1,red
fallowby,0,0,0,0,0,0,0,0,0,0,0,0,0,0,0,27,27,-0.036666666666666674,8,1,fallowby
constance,1,0,0,0,0,0,0,0,0,0,0,0,0,0,0,27,25,0.06843333333333335,9,1,constance
care,1,1,0,0,0,0,0,0,0,0,0,0,0,0,0,27,27,0.3514925925925925,4,1,care
dead,1,0,1,1,0,0,0,0,0,0,0,0,0,0,0,27,26,-0.4548037037037037,4,1,dead
rest,1,1,0,0,0,0,0,0,0,0,0,0,0,0,0,27,27,0.0505074074074074,4,1,rest
call,1,1,0,0,0,0,0,0,0,0,0,0,0,0,0,26,26,0.14530384615384612,4,1,call
murmured,0,0,0,0,0,0,0,0,0,0,0,0,0,0,0,26,26,0.012103846153846149,8,1,murmured
court,1,1,0,0,0,0,0,0,0,0,0,0,0,0,0,26,25,0.06947692307692308,5,1,court
entered,0,0,0,0,0,0,0,0,0,0,0,0,0,0,0,26,26,-0.11876923076923081,7,1,entered
ears,1,0,0,0,0,0,0,0,0,0,0,0,0,0,0,26,26,-0.017519230769230773,4,1,ears
each,1,0,1,1,0,0,0,0,0,0,0,0,1,0,1,26,25,0.12258076923076924,4,1,each
held,0,1,1,0,0,0,0,0,0,0,0,0,0,0,0,26,26,0.26671923076923076,4,1,held
con,1,0,0,1,0,0,0,0,0,0,0,0,0,0,0,26,26,0.05713076923076922,3,1,con
four,1,0,1,0,0,0,0,0,0,0,0,0,0,0,0,26,25,0.10513076923076922,4,1,four
mind,1,1,0,0,0,0,0,0,0,0,0,0,0,0,0,25,24,0.056691999999999985,4,1,mind
sound,1,1,1,1,0,0,0,0,0,0,0,0,0,0,0,25,24,-0.05985999999999998,5,1,sound
later,0,0,1,1,0,0,0,0,0,0,0,0,0,0,0,25,25,0.03911200000000001,5,1,later
presently,0,0,0,1,0,0,0,0,0,0,0,0,0,0,0,25,25,0.11159999999999996,9,1,presently
o,1,0,0,0,0,0,0,0,0,0,0,0,0,0,0,25,25,0.13704800000000003,1,1,o
work,1,1,0,0,0,0,0,0,0,0,0,0,0,0,0,25,24,-0.125096,4,1,work
blue,1,1,1,0,0,0,0,0,0,0,0,0,0,0,0,25,25,0.20455199999999998,4,1,blue
slowly,0,0,0,1,0,0,0,0,0,0,0,0,0,0,0,25,24,0.009867999999999997,6,1,slowly
friend,1,0,0,0,0,0,0,0,0,0,0,0,0,0,0,25,23,0.6505920000000001,6,1,friend
arms,1,1,0,0,0,0,0,0,0,0,0,0,0,0,0,24,24,0.16575416666666667,4,1,arms
beautiful,0,0,1,0,0,0,0,0,0,0,0,0,0,0,0,24,23,0.5986750000000001,9,1,beautiful
wish,1,1,0,0,0,0,0,0,0,0,0,0,0,0,0,24,23,0.31461666666666666,4,1,wish
also,0,0,0,1,0,0,0,0,0,0,0,0,0,0,0,24,24,0.41281666666666667,4,1,also
french,1,1,1,0,0,0,0,0,0,0,0,0,0,0,0,24,23,0.3289208333333334,6,1,french
home,1,1,1,1,0,0,0,0,0,0,0,0,0,0,0,24,24,0.016933333333333328,4,1,home
lost,0,1,1,0,0,0,0,0,0,0,0,0,0,0,0,24,24,-0.26085833333333336,4,1,lost
make,1,1,0,0,0,0,0,0,0,0,0,0,0,0,0,24,24,0.09765416666666667,4,1,make
self,1,0,1,0,0,0,0,0,0,0,0,0,0,0,0,24,24,-0.11077916666666666,4,1,self
feet,1,0,0,0,0,0,0,0,0,0,0,0,0,0,0,24,24,-0.008520833333333339,4,1,feet
put,1,1,0,0,0,0,0,0,0,0,0,0,0,0,0,24,24,0.05760416666666666,3,1,put
turn,1,1,0,0,0,0,0,0,0,0,0,0,0,0,0,24,22,-0.03683333333333333,4,1,turn
within,0,0,0,1,0,0,0,0,0,0,0,0,0,0,0,24,24,0.09429583333333334,6,1,within
silence,1,1,0,0,0,0,0,0,0,0,0,0,0,0,0,24,24,0.08023333333333334,7,1,silence
finished,0,1,1,0,0,0,0,0,0,0,0,0,0,0,0,23,22,-0.028765217391304335,8,1,finished
enough,1,0,1,1,0,0,0,0,0,0,0,0,0,0,0,23,23,0.125,6,1,enough
many,1,0,1,0,0,0,0,0,0,0,0,0,0,0,1,23,23,0.04303478260869564,4,1,many
always,0,0,0,1,0,0,0,0,0,0,0,0,0,0,0,23,21,0.19163913043478262,6,1,always
observed,0,1,1,0,0,0,0,0,0,0,0,0,0,0,0,23,23,-0.04204782608695652,8,1,observed
dear,1,0,1,1,0,0,0,0,0,0,0,0,0,0,0,23,21,0.3069782608695652,4,1,dear
walk,1,1,0,0,0,0,0,0,0,0,0,0,0,0,0,23,23,0.06836956521739132,4,1,walk
water,1,1,0,0,0,0,0,0,0,0,0,0,0,0,0,23,23,0.08816956521739132,5,1,water
square,1,1,1,1,0,0,0,0,0,0,0,0,0,0,0,23,23,0.004673913043478267,6,1,square
god,1,0,0,0,0,0,0,0,0,0,0,0,0,0,0,23,23,0.3072869565217392,3,1,god
woman,1,0,0,0,0,0,0,0,0,0,0,0,0,0,0,23,22,0.05701739130434782,5,1,woman
sky,1,0,0,0,0,0,0,0,0,0,0,0,0,0,0,23,23,0.04507391304347827,3,1,sky
set,1,1,1,0,0,0,0,0,0,0,0,0,0,0,0,23,23,0.03177826086956523,3,1,set
both,0,0,1,0,0,0,1,0,0,0,0,0,0,0,1,23,23,0.19987391304347824,4,1,both
iron,1,1,1,0,0,0,0,0,0,0,0,0,0,0,0,23,22,-0.07821304347826087,4,1,iron
gave,0,1,0,0,0,0,0,0,0,0,0,0,0,0,0,23,23,0.019178260869565224,4,1,gave
most,0,0,1,1,0,0,0,0,0,0,0,0,0,0,0,23,23,0.3688695652173913,4,1,most
boulevard,1,0,0,0,0,0,0,0,0,0,0,0,0,0,0,23,23,0.0272695652173913,9,1,boulevard
doctor,1,1,0,0,0,0,0,0,0,0,0,0,0,0,0,23,23,0.015826086956521747,6,1,doctor
want,0,1,0,0,0,0,0,0,0,0,0,0,0,0,0,22,21,0.05397272727272726,4,1,want
least,1,0,1,1,0,0,0,0,0,0,0,0,0,0,0,22,22,0.30691818181818187,5,1,least
times,1,1,0,0,0,0,0,0,0,0,0,0,0,0,0,22,22,0.012359090909090915,5,1,times
repeated,0,1,1,0,0,0,0,0,0,0,0,0,0,0,0,22,22,0.045545454545454556,8,1,repeated
valentine,1,0,0,0,0,0,0,0,0,0,0,0,0,0,0,22,21,0.14147727272727273,9,1,valentine
ll,0,0,0,0,0,0,0,0,0,0,0,0,0,0,0,22,22,-0.03137272727272725,2,0,ll
bit,1,1,1,0,0,0,0,0,0,0,0,0,0,0,0,22,21,-0.008013636363636363,3,1,bit
whom,0,0,0,0,0,1,0,0,0,0,0,0,0,0,1,22,21,0.17739999999999997,4,1,whom
side,1,1,1,0,0,0,0,0,0,0,0,0,0,0,0,22,22,0.02477272727272727,4,1,side
seized,0,1,1,0,0,0,0,0,0,0,0,0,0,0,0,22,21,-0.17197727272727273,6,1,seized
cut,1,1,1,0,0,0,0,0,0,0,0,0,0,0,0,22,22,-0.2499363636363637,3,1,cut
corner,1,1,0,0,0,0,0,0,0,0,0,0,0,0,0,22,22,-0.07724545454545453,6,1,corner
soft,1,0,1,1,0,0,0,0,0,0,0,0,0,0,0,22,22,0.12551818181818183,4,1,soft
blood,1,1,0,0,0,0,0,0,0,0,0,0,0,0,0,21,20,0.010242857142857179,5,1,blood
chair,1,1,0,0,0,0,0,0,0,0,0,0,0,0,0,21,21,0.1445857142857143,5,1,chair
trees,1,1,0,0,0,0,0,0,0,0,0,0,0,0,0,21,21,0.13285714285714287,5,1,trees
whole,1,0,1,1,0,0,0,0,0,0,0,0,0,0,0,21,20,-0.0177142857142857,5,1,whole
mean,1,1,1,0,0,0,0,0,0,0,0,0,0,0,0,21,21,0.09062857142857143,4,1,mean
lighted,0,1,1,0,0,0,0,0,0,0,0,0,0,0,0,21,21,0.10092857142857145,7,1,lighted
stone,1,1,1,1,0,0,0,0,0,0,0,0,0,0,0,21,21,0.15122380952380954,5,1,stone
pretty,1,0,1,1,0,0,0,0,0,0,0,0,0,0,0,21,21,0.44874761904761906,6,1,pretty
fog,1,0,0,0,0,0,0,0,0,0,0,0,0,0,0,21,21,-0.10815714285714287,3,1,fog
book,1,1,0,0,0,0,0,0,0,0,0,0,0,0,0,21,21,0.1401,4,1,book
moved,0,1,1,0,0,0,0,0,0,0,0,0,0,0,0,21,21,-0.008904761904761901,5,1,moved
chamber,1,1,0,0,0,0,0,0,0,0,0,0,0,0,0,21,20,0.012528571428571418,7,1,chamber
together,0,0,1,1,0,0,0,0,0,0,0,0,0,0,0,21,21,0.24656666666666663,8,1,together
few,1,0,1,0,0,0,0,0,0,0,0,0,0,0,1,21,21,0.0012761904761904679,3,1,few
stopped,0,1,1,0,0,0,0,0,0,0,0,0,0,0,0,21,20,-0.25724761904761906,7,1,stopped
stairs,1,0,0,0,0,0,0,0,0,0,0,0,0,0,0,21,21,-0.03775238095238095,6,1,stairs
fire,1,1,0,0,0,0,0,0,0,0,0,0,0,0,0,21,18,-0.1436904761904762,4,1,fire
years,1,0,0,0,0,0,0,0,0,0,0,0,0,0,0,21,20,-0.005609523809523814,5,1,years
picked,0,1,1,0,0,0,0,0,0,0,0,0,0,0,0,21,21,-0.0946,6,1,picked
pale,1,1,1,0,0,0,0,0,0,0,0,0,0,0,0,20,20,0.03429500000000001,4,1,pale
vance,0,0,0,0,0,0,0,0,0,0,0,0,0,0,0,20,19,0.07101499999999998,5,1,vance
returned,0,1,0,0,0,0,0,0,0,0,0,0,0,0,0,20,20,0.17941000000000001,8,1,returned
answer,1,1,0,0,0,0,0,0,0,0,0,0,0,0,0,20,20,0.012460000000000002,6,1,answer
ys,0,0,0,0,0,0,0,0,0,0,0,0,0,0,0,20,20,0.16559500000000002,2,0,ys
brought,0,1,0,0,0,0,0,0,0,0,0,0,0,0,0,20,20,-0.007035000000000002,7,1,brought
met,1,1,0,0,0,0,0,0,0,0,0,0,0,0,0,20,20,0.10359500000000002,3,1,met
fountain,1,0,0,0,0,0,0,0,0,0,0,0,0,0,0,20,20,0.04115499999999998,8,1,fountain
eye,1,1,0,0,0,0,0,0,0,0,0,0,0,0,0,20,20,-0.024470000000000002,3,1,eye
neck,1,1,0,0,0,0,0,0,0,0,0,0,0,0,0,20,20,0.080345,4,1,neck
others,1,0,0,0,0,0,0,0,0,0,0,0,0,0,0,20,19,0.190165,6,1,others
falcon,1,1,0,0,0,0,0,0,0,0,0,0,0,0,0,20,20,0.066285,6,1,falcon
sighed,0,1,0,0,0,0,0,0,0,0,0,0,0,0,0,20,20,0.273855,6,1,sighed
hour,1,0,0,0,0,0,0,0,0,0,0,0,0,0,0,20,20,0.0022600000000000064,4,1,hour
tions,0,0,0,0,0,0,0,0,0,0,0,0,0,0,0,20,20,0.074425,5,1,tions
ment,0,0,0,0,0,0,0,0,0,0,0,0,0,0,0,20,19,0.09404000000000001,4,1,ment
words,1,0,0,0,0,0,0,0,0,0,0,0,0,0,0,20,16,-0.11912500000000004,5,1,words
river,1,0,0,0,0,0,0,0,0,0,0,0,0,0,0,19,19,0.08587368421052632,5,1,river
full,1,1,1,1,0,0,0,0,0,0,0,0,0,0,0,19,19,-0.04696315789473684,4,1,full
being,1,1,0,0,1,0,0,0,0,0,0,0,0,0,0,19,19,0.04692105263157893,5,1,being
tried,0,1,1,0,0,0,0,0,0,0,0,0,0,0,0,19,18,-0.046678947368421056,5,1,tried
keep,1,1,0,0,0,0,0,0,0,0,0,0,0,0,0,19,19,0.19564736842105265,4,1,keep
glance,1,1,0,0,0,0,0,0,0,0,0,0,0,0,0,19,19,0.05945789473684211,6,1,glance
changed,0,1,1,0,0,0,0,0,0,0,0,0,0,0,0,19,18,0.0038052631578947387,7,1,changed
wait,1,1,0,0,0,0,0,0,0,0,0,0,0,0,0,19,19,0.2289421052631579,4,1,wait
become,0,1,0,0,0,0,0,0,0,0,0,0,0,0,0,19,19,-0.059242105263157915,6,1,become
understand,0,1,0,0,0,0,0,0,0,0,0,0,0,0,0,19,19,0.35880000000000006,10,1,understand
hear,0,1,0,0,0,0,0,0,0,0,0,0,0,0,0,19,19,0.23073684210526318,4,1,hear
steps,1,1,0,0,0,0,0,0,0,0,0,0,0,0,0,19,19,-0.02422631578947368,5,1,steps
closed,0,1,1,0,0,0,0,0,0,0,0,0,0,0,0,19,19,0.011978947368421047,6,1,closed
gray,1,0,1,0,0,0,0,0,0,0,0,0,0,0,0,19,18,0.02999473684210527,4,1,gray
touched,0,1,1,0,0,0,0,0,0,0,0,0,0,0,0,19,19,0.3022473684210526,7,1,touched
silver,1,1,1,0,0,0,0,0,0,0,0,0,0,0,0,19,18,0.13562105263157898,6,1,silver
since,0,0,0,1,0,0,1,0,0,0,0,0,0,0,0,19,19,0.14251578947368423,5,1,since
dream,1,1,0,0,0,0,0,0,0,0,0,0,0,0,0,19,19,0.18109473684210525,5,1,dream
big,1,0,1,1,0,0,0,0,0,0,0,0,0,0,0,19,19,0.21420000000000003,3,1,big
sudden,1,0,1,1,0,0,0,0,0,0,0,0,0,0,0,19,19,-0.1870263157894737,6,1,sudden
caught,0,1,0,0,0,0,0,0,0,0,0,0,0,0,0,19,19,0.011521052631578953,6,1,caught
straight,1,0,1,1,0,0,0,0,0,0,0,0,0,0,0,19,18,0.06861578947368421,8,1,straight
dark,1,0,1,0,0,0,0,0,0,0,0,0,0,0,0,19,18,0.11323157894736843,4,1,dark
soul,1,0,0,0,0,0,0,0,0,0,0,0,0,0,0,19,19,0.21960526315789475,4,1,soul
creature,1,0,0,0,0,0,0,0,0,0,0,0,0,0,0,19,19,-0.1599157894736842,8,1,creature
listen,0,1,0,0,0,0,0,0,0,0,0,0,0,0,0,19,18,0.07534736842105265,6,1,listen
gate,1,1,0,0,0,0,0,0,0,0,0,0,0,0,0,19,19,-0.04304210526315788,4,1,gate
w,1,0,0,0,0,0,0,0,0,0,0,0,0,0,0,18,18,0.004950000000000004,1,1,w
dropped,0,1,1,0,0,0,0,0,0,0,0,0,0,0,0,18,18,0.09924444444444444,7,1,dropped
rolled,0,1,1,0,0,0,0,0,0,0,0,0,0,0,0,18,18,-0.022216666666666676,6,1,rolled
dragon,1,0,0,0,0,0,0,0,0,0,0,0,0,0,0,18,15,0.09167777777777777,6,1,dragon
true,1,1,1,1,0,0,0,0,0,0,0,0,0,0,0,18,18,0.5437944444444445,4,1,true
model,1,1,1,0,0,0,0,0,0,0,0,0,0,0,0,18,18,0.15285555555555558,5,1,model
help,0,1,0,0,0,0,0,0,0,0,0,0,0,0,0,18,18,0.1216888888888889,4,1,help
ran,0,1,0,0,0,0,0,0,0,0,0,0,0,0,0,18,18,0.12395,3,1,ran
kept,0,1,1,0,0,0,0,0,0,0,0,0,0,0,0,18,18,-0.05635555555555554,4,1,kept
late,1,0,1,1,0,0,0,0,0,0,0,0,0,0,0,18,16,0.14955555555555552,4,1,late
week,1,0,0,1,0,0,0,0,0,0,0,0,0,0,0,18,17,-0.06463333333333333,4,1,week
quietly,0,0,0,1,0,0,0,0,0,0,0,0,0,0,0,18,18,0.18764444444444445,7,1,quietly
horse,1,1,0,0,0,0,0,0,0,0,0,0,0,0,0,18,17,0.07415555555555556,5,1,horse
sent,1,1,1,0,0,0,0,0,0,0,0,0,0,0,0,18,18,0.11428888888888891,4,1,sent
noticed,0,1,1,0,0,0,0,0,0,0,0,0,0,0,0,18,17,-0.21733888888888886,7,1,noticed
poor,0,0,1,0,0,0,0,0,0,0,0,0,0,0,0,18,17,-0.4363611111111111,4,1,poor
reputa,0,0,0,0,0,0,0,0,0,0,0,0,0,0,0,18,18,-0.006438888888888887,6,1,reputa
bird,1,1,0,0,0,0,0,0,0,0,0,0,0,0,0,18,18,0.07767222222222223,4,1,bird
ah,1,0,0,0,0,0,0,0,0,0,0,0,0,0,0,18,17,0.010400000000000001,2,1,ah
suddenly,0,0,0,1,0,0,0,0,0,0,0,0,0,0,0,18,18,-0.11962222222222223,8,1,suddenly
hope,1,1,0,0,0,0,0,0,0,0,0,0,0,0,0,18,18,0.4041333333333334,4,1,hope
does,1,1,0,0,1,0,0,0,0,0,0,0,0,0,0,18,18,0.048294444444444466,4,1,does
concierge,1,0,0,0,0,0,0,0,0,0,0,0,0,0,0,18,18,0.02726111111111111,9,1,concierge
flowers,1,0,0,0,0,0,0,0,0,0,0,0,0,0,0,18,18,0.09796111111111111,7,1,flowers
listened,0,0,0,0,0,0,0,0,0,0,0,0,0,0,0,18,18,0.10915,8,1,listened
thoughts,1,1,0,0,0,0,0,0,0,0,0,0,0,0,0,18,18,0.0008611111111111088,8,1,thoughts
knows,1,1,0,0,0,0,0,0,0,0,0,0,0,0,0,18,18,0.10738888888888888,5,1,knows
live,0,1,1,1,0,0,0,0,0,0,0,0,0,0,0,18,17,0.12282222222222222,4,1,live
tion,0,0,0,0,0,0,0,0,0,0,0,0,0,0,0,17,17,-0.21625294117647062,4,1,tion
except,0,0,0,0,0,0,1,0,0,0,0,0,0,0,0,17,17,0.01541764705882354,6,1,except
appeared,0,1,0,0,0,0,0,0,0,0,0,0,0,0,0,17,17,0.2997588235294118,8,1,appeared
done,0,1,1,0,0,0,0,0,0,0,0,0,0,0,0,17,16,-0.02731764705882352,4,1,done
close,1,1,1,1,0,0,0,0,0,0,0,0,0,0,0,17,17,0.09244705882352941,5,1,close
fellow,1,0,1,0,0,0,0,0,0,0,0,0,0,0,0,17,17,0.04917647058823527,6,1,fellow
knife,1,1,0,0,0,0,0,0,0,0,0,0,0,0,0,17,16,-0.06501176470588237,5,1,knife
music,1,0,0,0,0,0,0,0,0,0,0,0,0,0,0,17,17,0.027988235294117637,5,1,music
gardener,1,0,0,0,0,0,0,0,0,0,0,0,0,0,0,17,17,-0.019570588235294097,8,1,gardener
heavy,1,0,1,1,0,0,0,0,0,0,0,0,0,0,0,17,17,-0.03426470588235294,5,1,heavy
laugh,1,1,0,0,0,0,0,0,0,0,0,0,0,0,0,17,17,0.3749,5,1,laugh
terrace,1,1,0,0,0,0,0,0,0,0,0,0,0,0,0,17,15,0.05266470588235297,7,1,terrace
best,1,0,1,1,0,0,0,0,0,0,0,0,0,0,0,17,17,0.6367941176470588,4,1,best
demanded,0,1,0,0,0,0,0,0,0,0,0,0,0,0,0,17,17,-0.1964529411764706,8,1,demanded
sir,1,0,0,0,0,0,0,0,0,0,0,0,0,0,0,17,14,0.18275882352941175,3,1,sir
near,1,0,1,1,0,0,0,0,0,0,0,0,0,0,0,17,17,0.06530000000000001,4,1,near
between,1,0,0,1,0,0,0,0,0,0,0,0,0,0,0,17,17,0.07603529411764708,7,1,between
child,1,0,0,0,0,0,0,0,0,0,0,0,0,0,0,17,17,-0.0203764705882353,5,1,child
foot,1,1,0,0,0,0,0,0,0,0,0,0,0,0,0,17,16,0.027141176470588245,4,1,foot
doors,1,0,0,0,0,0,0,0,0,0,0,0,0,0,0,17,17,-0.0025058823529411607,5,1,doors
hurried,0,0,1,0,0,0,0,0,0,0,0,0,0,0,0,17,17,-0.06327647058823528,7,1,hurried
deep,1,0,1,1,0,0,0,0,0,0,0,0,0,0,0,17,17,0.29018235294117645,4,1,deep
bridge,1,1,0,0,0,0,0,0,0,0,0,0,0,0,0,17,16,-0.09644117647058822,6,1,bridge
smoke,1,1,0,0,0,0,0,0,0,0,0,0,0,0,0,17,17,-0.07732941176470588,5,1,smoke
covered,0,0,1,0,0,0,0,0,0,0,0,0,0,0,0,17,17,0.060388235294117645,7,1,covered
outside,1,0,1,1,0,0,0,0,0,0,0,0,0,0,0,17,17,0.03215294117647058,7,1,outside
fall,1,1,0,0,0,0,0,0,0,0,0,0,0,0,0,17,16,0.06348235294117645,4,1,fall
past,1,0,1,1,0,0,0,0,0,0,0,0,0,0,0,17,17,0.0013529411764705698,4,1,past
smiling,0,1,1,0,0,0,0,0,0,0,0,0,0,0,0,17,17,0.5517176470588235,7,1,smiling
breast,1,1,0,0,0,0,0,0,0,0,0,0,0,0,0,17,17,0.009088235294117645,6,1,breast
study,1,1,0,0,0,0,0,0,0,0,0,0,0,0,0,16,16,-0.02764375,5,1,study
death,1,0,0,0,0,0,0,0,0,0,0,0,0,0,0,16,16,-0.49971875000000004,5,1,death
whether,0,0,0,0,0,0,1,0,0,0,0,0,0,0,0,16,14,0.21815625,7,1,whether
shadow,1,1,0,0,0,0,0,0,0,0,0,0,0,0,0,16,16,0.16390625,6,1,shadow
speaking,1,1,1,0,0,0,0,0,0,0,0,0,0,0,0,16,16,-0.08172499999999999,8,1,speaking
cannot,1,0,0,0,0,0,0,0,0,0,0,0,0,0,0,16,16,0.08168125,6,1,cannot
high,1,0,1,1,0,0,0,0,0,0,0,0,0,0,0,16,16,0.029618750000000003,4,1,high
stepped,0,1,0,0,0,0,0,0,0,0,0,0,0,0,0,16,16,-0.03961250000000001,7,1,stepped
inquired,0,0,0,0,0,0,0,0,0,0,0,0,0,0,0,16,16,0.10401250000000001,8,1,inquired
broke,0,1,1,0,0,0,0,0,0,0,0,0,0,0,0,16,16,-0.30615,5,1,broke
latin,1,0,1,0,0,0,0,0,0,0,0,0,0,0,0,16,15,-0.06342500000000001,5,1,latin
die,1,1,0,0,0,0,0,0,0,0,0,0,0,0,0,16,15,-0.40103749999999994,3,1,die
clock,1,1,0,0,0,0,0,0,0,0,0,0,0,0,0,16,16,0.1697125,5,1,clock
human,1,0,1,0,0,0,0,0,0,0,0,0,0,0,0,16,16,0.16409999999999997,5,1,human
tired,0,1,1,0,0,0,0,0,0,0,0,0,0,0,0,16,15,-0.17058750000000003,5,1,tired
ill,1,0,1,1,0,0,0,0,0,0,0,0,0,0,0,16,16,-0.14936875000000002,3,1,ill
decided,0,1,1,0,0,0,0,0,0,0,0,0,0,0,0,16,16,0.0940125,7,1,decided
bread,1,1,0,0,0,0,0,0,0,0,0,0,0,0,0,16,16,-0.1334125,5,1,bread
g,1,0,0,0,0,0,0,0,0,0,0,0,0,0,0,16,16,0.0870625,1,1,g
troubled,0,1,1,0,0,0,0,0,0,0,0,0,0,0,0,16,15,-0.27606875000000003,8,1,troubled
hair,1,0,0,0,0,0,0,0,0,0,0,0,0,0,0,16,16,0.22381250000000003,4,1,hair
box,1,1,0,0,0,0,0,0,0,0,0,0,0,0,0,16,16,0.042837499999999994,3,1,box
standing,1,1,1,0,0,0,0,0,0,0,0,0,0,0,0,16,16,-0.002131250000000001,8,1,standing
offered,0,0,0,0,0,0,0,0,0,0,0,0,0,0,0,16,16,-0.057718749999999985,7,1,offered
coming,1,1,1,0,0,0,0,0,0,0,0,0,0,0,0,16,16,0.06476874999999999,6,1,coming
shoulder,1,1,0,0,0,0,0,0,0,0,0,0,0,0,0,16,15,0.12565625,8,1,shoulder
lethal,0,0,1,0,0,0,0,0,0,0,0,0,0,0,0,16,15,0.03989375,6,1,lethal
reached,0,1,0,0,0,0,0,0,0,0,0,0,0,0,0,16,16,-0.006368749999999994,7,1,reached
faint,1,1,1,0,0,0,0,0,0,0,0,0,0,0,0,16,16,0.174925,5,1,faint
hung,0,1,1,0,0,0,0,0,0,0,0,0,0,0,0,16,16,0.1280875,4,1,hung
low,1,0,1,1,0,0,0,0,0,0,0,0,0,0,0,16,16,-0.10560000000000003,3,1,low
whose,0,0,0,0,0,0,0,0,0,0,0,0,0,1,1,16,13,0.21144375000000004,5,1,whose
sight,1,1,0,0,0,0,0,0,0,0,0,0,0,0,0,15,15,-0.1234133333333333,5,1,sight
clear,1,1,1,1,0,0,0,0,0,0,0,0,0,0,0,15,15,0.46619333333333335,5,1,clear
sounded,0,1,1,0,0,0,0,0,0,0,0,0,0,0,0,15,15,-0.06960666666666666,7,1,sounded
cousin,1,0,0,1,0,0,0,0,0,0,0,0,0,0,0,15,15,-0.029286666666666662,6,1,cousin
demoiselle,1,0,0,0,0,0,0,0,0,0,0,0,0,0,0,15,15,0.04793333333333334,10,1,demoiselle
ceased,0,0,0,0,0,0,0,0,0,0,0,0,0,0,0,15,15,-0.07017333333333335,6,1,ceased
colored,1,0,1,0,0,0,0,0,0,0,0,0,0,0,0,15,15,0.01226666666666667,7,1,colored
winds,1,1,0,0,0,0,0,0,0,0,0,0,0,0,0,15,14,0.18835333333333334,5,1,winds
morrow,1,0,0,0,0,0,0,0,0,0,0,0,0,0,0,15,15,-0.009413333333333333,6,1,morrow
bowed,0,1,1,0,0,0,0,0,0,0,0,0,0,0,0,15,15,0.0652933333333333,5,1,bowed
although,0,0,0,1,0,0,1,0,0,0,0,0,0,0,0,15,15,0.3212666666666667,8,1,although
nearer,0,0,1,1,0,0,0,0,0,0,0,0,0,0,0,15,10,-0.22018666666666667,6,1,nearer
things,1,0,0,0,0,0,0,0,0,0,0,0,0,0,0,15,14,0.27241333333333334,6,1,things
trembling,1,1,1,0,0,0,0,0,0,0,0,0,0,0,0,15,15,-0.23721333333333336,9,1,trembling
muttered,0,0,0,0,0,0,0,0,0,0,0,0,0,0,0,15,15,0.012206666666666666,8,1,muttered
crossed,0,1,1,0,0,0,0,0,0,0,0,0,0,0,0,15,15,-0.08838666666666664,7,1,crossed
bent,1,1,1,0,0,0,0,0,0,0,0,0,0,0,0,15,15,0.002933333333333336,4,1,bent
ex,1,0,0,0,0,0,0,0,0,0,0,0,0,0,0,15,15,0.12386,2,1,ex
ground,1,1,1,0,0,0,0,0,0,0,0,0,0,0,0,15,15,-0.15906666666666663,6,1,ground
mirror,1,1,0,0,0,0,0,0,0,0,0,0,0,0,0,15,15,0.04052666666666667,6,1,mirror
canvas,1,1,0,0,0,0,0,0,0,0,0,0,0,0,0,15,14,0.0019133333333333225,6,1,canvas
led,1,1,1,0,0,0,0,0,0,0,0,0,0,0,0,15,15,0.21211333333333338,3,1,led
slipped,0,1,0,0,0,0,0,0,0,0,0,0,0,0,0,15,15,0.19614666666666666,7,1,slipped
un,1,0,0,0,0,0,0,0,0,0,0,0,0,0,0,15,15,0.21347333333333338,2,1,un
filled,0,1,1,0,0,0,0,0,0,0,0,0,0,0,0,15,14,0.02208,6,1,filled
remember,0,1,0,0,0,0,0,0,0,0,0,0,0,0,0,15,14,0.12242,8,1,remember
neither,0,0,1,1,0,0,1,0,0,0,0,0,0,0,1,15,15,0.21265333333333333,7,1,neither
color,1,1,1,0,0,0,0,0,0,0,0,0,0,0,0,15,15,0.23039999999999997,5,1,color
afternoon,1,0,1,0,0,0,0,0,0,0,0,0,0,0,0,15,15,-0.04582,9,1,afternoon
opposite,1,0,1,1,0,0,0,0,0,0,0,0,0,0,0,15,15,0.12001333333333335,8,1,opposite
garden,1,1,0,0,0,0,0,0,0,0,0,0,0,0,0,15,15,-0.06830666666666667,6,1,garden
laid,0,1,1,0,0,0,0,0,0,0,0,0,0,0,0,15,15,0.18189333333333332,4,1,laid
jeanne,0,0,0,0,0,0,0,0,0,0,0,0,0,0,0,15,12,0.09848666666666665,6,1,jeanne
passing,1,1,1,1,0,0,0,0,0,0,0,0,0,0,0,15,15,0.07184,7,1,passing
c,1,0,0,0,0,0,0,0,0,0,0,0,0,0,0,15,15,0.06158,1,1,c
figure,1,1,0,0,0,0,0,0,0,0,0,0,0,0,0,15,15,-0.07952666666666669,6,1,figure
hours,1,0,0,0,0,0,0,0,0,0,0,0,0,0,0,15,14,-0.09592,5,1,hours
dull,0,1,1,0,0,0,0,0,0,0,0,0,0,0,0,15,15,-0.32918000000000003,4,1,dull
seine,1,1,0,0,0,0,0,0,0,0,0,0,0,0,0,15,15,-0.1767,5,1,seine
sunlight,1,0,0,0,0,0,0,0,0,0,0,0,0,0,0,15,15,0.15011999999999998,8,1,sunlight
else,0,0,1,1,0,0,1,0,0,0,0,0,0,0,0,14,14,0.04676428571428571,4,1,else
art,1,0,0,0,0,0,0,0,0,0,0,0,0,0,0,14,13,0.19142142857142858,3,1,art
pass,1,1,1,0,0,0,0,0,0,0,0,0,0,0,0,14,14,0.1678,4,1,pass
mon,1,0,0,0,0,0,0,0,0,0,0,0,0,0,0,14,14,0.2074428571428571,3,1,mon
officer,1,1,0,0,0,0,0,0,0,0,0,0,0,0,0,14,14,-0.06545,7,1,officer
earth,1,1,0,0,0,0,0,0,0,0,0,0,0,0,0,14,14,0.12372142857142857,5,1,earth
students,1,0,0,0,0,0,0,0,0,0,0,0,0,0,0,14,11,0.11411428571428572,8,1,students
cry,1,1,0,0,0,0,0,0,0,0,0,0,0,0,0,14,13,-0.7124499999999999,3,1,cry
fled,0,1,0,0,0,0,0,0,0,0,0,0,0,0,0,14,13,-0.2931642857142857,4,1,fled
either,0,0,0,1,0,0,1,0,0,0,0,0,0,0,1,14,13,-0.15617142857142857,6,1,either
became,0,1,0,0,0,0,0,0,0,0,0,0,0,0,0,14,14,-0.006964285714285716,6,1,became
twenty,1,0,1,0,0,0,0,0,0,0,0,0,0,0,0,14,13,-0.11152857142857144,6,1,twenty
during,0,0,0,0,0,0,0,0,0,0,0,0,0,0,0,14,14,0.14188571428571425,6,1,during
year,1,0,0,0,0,0,0,0,0,0,0,0,0,0,0,14,11,-0.06525,4,1,year
ask,1,1,0,0,0,0,0,0,0,0,0,0,0,0,0,14,13,0.09751428571428569,3,1,ask
taking,0,1,1,0,0,0,0,0,0,0,0,0,0,0,0,14,14,0.07534285714285716,6,1,taking
streets,1,0,0,0,0,0,0,0,0,0,0,0,0,0,0,14,14,-0.1757571428571429,7,1,streets
cheeks,1,1,0,0,0,0,0,0,0,0,0,0,0,0,0,14,14,0.09540714285714284,6,1,cheeks
green,1,1,1,0,0,0,0,0,0,0,0,0,0,0,0,14,14,0.12015714285714285,5,1,green
won,1,1,1,0,0,0,0,0,0,0,0,0,0,0,0,14,14,0.6010428571428571,3,1,won
mist,1,1,0,0,0,0,0,0,0,0,0,0,0,0,0,14,14,-0.08171428571428573,4,1,mist
herself,0,0,0,0,0,0,0,0,0,0,0,0,0,0,1,14,14,0.09809999999999999,7,1,herself
bright,1,0,1,1,0,0,0,0,0,0,0,0,0,0,0,14,14,0.6558285714285715,6,1,bright
thin,1,1,1,1,0,0,0,0,0,0,0,0,0,0,0,14,14,-0.14809999999999998,4,1,thin
anything,1,0,0,1,0,0,0,0,0,0,0,0,0,0,1,14,14,0.23902857142857142,8,1,anything
lifted,0,1,1,0,0,0,0,0,0,0,0,0,0,0,0,14,14,0.07405714285714286,6,1,lifted
york,1,0,0,0,0,0,0,0,0,0,0,0,0,0,0,14,11,0.28761428571428566,4,1,york
wind,1,1,0,0,0,0,0,0,0,0,0,0,0,0,0,14,14,0.03279285714285714,4,1,wind
letter,1,1,0,0,0,0,0,0,0,0,0,0,0,0,0,14,14,-0.09215714285714285,6,1,letter
sure,0,0,1,1,0,0,0,0,0,0,0,0,0,0,0,14,14,0.4080285714285714,4,1,sure
sweet,1,0,1,1,0,0,0,0,0,0,0,0,0,0,0,14,14,0.6259071428571429,5,1,sweet
rather,0,0,0,1,0,0,0,0,0,0,0,0,0,0,0,14,14,0.21077142857142858,6,1,rather
known,1,0,1,0,0,0,0,0,0,0,0,0,0,0,0,14,14,0.05778571428571428,5,1,known
sometimes,0,0,0,1,0,0,0,0,0,0,0,0,0,0,0,14,11,0.04147142857142858,9,1,sometimes
second,1,1,1,1,0,0,0,0,0,0,0,0,0,0,0,14,14,-0.21438571428571426,6,1,second
pleasant,1,0,1,0,0,0,0,0,0,0,0,0,0,0,0,14,14,0.3023785714285715,8,1,pleasant
added,0,1,1,0,0,0,0,0,0,0,0,0,0,0,0,14,14,0.2041,5,1,added
fair,1,1,1,1,0,0,0,0,0,0,0,0,0,0,0,14,14,0.36619999999999997,4,1,fair
watch,1,1,0,0,0,0,0,0,0,0,0,0,0,0,0,13,13,-0.05746923076923076,5,1,watch
avenue,1,0,0,0,0,0,0,0,0,0,0,0,0,0,0,13,13,-0.15665384615384617,6,1,avenue
though,0,0,0,1,0,0,1,0,0,0,0,0,0,0,0,13,13,-0.2074153846153846,6,1,though
cannon,1,1,0,0,0,0,0,0,0,0,0,0,0,0,0,13,13,-0.2079692307692308,6,1,cannon
cold,1,0,1,1,0,0,0,0,0,0,0,0,0,0,0,13,12,-0.29883846153846155,4,1,cold
bells,1,1,0,0,0,0,0,0,0,0,0,0,0,0,0,13,13,-0.05950769230769231,5,1,bells
easel,1,0,0,0,0,0,0,0,0,0,0,0,0,0,0,13,13,0.11783846153846153,5,1,easel
paper,1,1,1,0,0,0,0,0,0,0,0,0,0,0,0,13,13,0.08254615384615385,5,1,paper
clothes,1,1,0,0,0,0,0,0,0,0,0,0,0,0,0,13,12,-0.05233076923076923,7,1,clothes
reputations,1,0,0,0,0,0,0,0,0,0,0,0,0,0,0,13,13,0.1405307692307692,11,1,reputations
leave,1,1,0,0,0,0,0,0,0,0,0,0,0,0,0,13,12,0.22834615384615387,5,1,leave
part,1,0,1,1,0,0,0,0,0,0,0,0,0,0,0,13,13,-6.923076923075307e-05,4,1,part
grew,0,1,0,0,0,0,0,0,0,0,0,0,0,0,0,13,12,0.09094615384615384,4,1,grew
less,0,0,1,1,0,0,0,0,0,0,0,0,0,0,0,13,13,0.22395384615384611,4,1,less
chap,1,1,0,0,0,0,0,0,0,0,0,0,0,0,0,13,13,0.12335384615384616,4,1,chap
bore,1,1,0,0,0,0,0,0,0,0,0,0,0,0,0,13,13,-0.15893076923076926,4,1,bore
got,0,1,0,0,0,0,0,0,0,0,0,0,0,0,0,13,13,0.08193846153846153,3,1,got
really,0,0,0,1,0,0,0,0,0,0,0,0,0,0,0,13,13,0.06183076923076923,6,1,really
need,1,1,0,0,0,0,0,0,0,0,0,0,0,0,0,13,13,0.11014615384615387,4,1,need
park,1,1,0,0,0,0,0,0,0,0,0,0,0,0,0,13,13,0.02894615384615385,4,1,park
maid,1,0,0,0,0,0,0,0,0,0,0,0,0,0,0,13,13,0.09433846153846154,4,1,maid
awoke,0,0,0,0,0,0,0,0,0,0,0,0,0,0,0,13,13,0.04731538461538461,5,1,awoke
castaigne,0,0,0,0,0,0,0,0,0,0,0,0,0,0,0,13,11,0.020053846153846165,9,1,castaigne
idea,1,0,0,0,0,0,0,0,0,0,0,0,0,0,0,13,13,-0.03453846153846153,4,1,idea
fear,1,1,0,0,0,0,0,0,0,0,0,0,0,0,0,13,13,-0.29492307692307695,4,1,fear
five,1,0,1,0,0,0,0,0,0,0,0,0,0,0,0,13,13,0.1963692307692308,4,1,five
glass,1,1,0,0,0,0,0,0,0,0,0,0,0,0,0,13,12,-0.1142,5,1,glass
waiting,0,1,1,0,0,0,0,0,0,0,0,0,0,0,0,13,11,0.0065846153846153815,7,1,waiting
cap,1,1,0,0,0,0,0,0,0,0,0,0,0,0,0,13,13,0.0021538461538461516,3,1,cap
mounted,0,1,1,0,0,0,0,0,0,0,0,0,0,0,0,13,12,0.16856153846153846,7,1,mounted
dog,1,0,0,0,0,0,0,0,0,0,0,0,0,0,0,13,12,0.029038461538461534,3,1,dog
finally,0,0,0,1,0,0,0,0,0,0,0,0,0,0,0,13,13,-0.19242307692307692,7,1,finally
sake,1,0,0,0,0,0,0,0,0,0,0,0,0,0,0,13,12,0.33670000000000005,4,1,sake
scott,1,0,0,0,0,0,0,0,0,0,0,0,0,0,0,13,13,0.0565076923076923,5,1,scott
general,1,1,1,0,0,0,0,0,0,0,0,0,0,0,0,13,10,0.40383846153846154,7,1,general
afraid,0,0,1,0,0,0,0,0,0,0,0,0,0,0,0,13,11,0.09838461538461542,6,1,afraid
use,1,1,0,0,0,0,0,0,0,0,0,0,0,0,0,13,13,-0.12609999999999996,3,1,use
placed,0,1,1,0,0,0,0,0,0,0,0,0,0,0,0,13,13,0.0017999999999999982,6,1,placed
kissed,0,1,0,0,0,0,0,0,0,0,0,0,0,0,0,13,13,0.37750000000000006,6,1,kissed
laughing,1,1,1,0,0,0,0,0,0,0,0,0,0,0,0,13,13,0.46160000000000007,8,1,laughing
shut,1,1,1,0,0,0,0,0,0,0,0,0,0,0,0,13,13,0.09788461538461538,4,1,shut
throat,1,0,0,0,0,0,0,0,0,0,0,0,0,0,0,13,13,0.11218461538461535,6,1,throat
pointed,0,1,1,0,0,0,0,0,0,0,0,0,0,0,0,13,13,-0.02933846153846154,7,1,pointed
dis,1,0,0,0,0,0,0,0,0,0,0,0,0,0,0,13,13,0.2861461538461539,3,1,dis
girls,1,0,0,0,0,0,0,0,0,0,0,0,0,0,0,13,11,0.3751076923076923,5,1,girls
windows,1,0,0,0,0,0,0,0,0,0,0,0,0,0,0,13,13,0.06799230769230767,7,1,windows
ten,1,0,1,0,0,0,0,0,0,0,0,0,0,0,0,13,13,0.0063846153846153905,3,1,ten
song,1,0,0,0,0,0,0,0,0,0,0,0,0,0,0,13,12,0.02334615384615385,4,1,song
crept,0,1,0,0,0,0,0,0,0,0,0,0,0,0,0,13,13,-0.1612153846153846,5,1,crept
move,1,1,0,0,0,0,0,0,0,0,0,0,0,0,0,13,13,-0.14363846153846152,4,1,move
tree,1,1,0,0,0,0,0,0,0,0,0,0,0,0,0,13,12,0.11908461538461539,4,1,tree
short,1,0,1,1,0,0,0,0,0,0,0,0,0,0,0,13,13,-0.03502307692307693,5,1,short
promise,1,1,0,0,0,0,0,0,0,0,0,0,0,0,0,13,11,0.4903461538461538,7,1,promise
wall,1,1,0,0,0,0,0,0,0,0,0,0,0,0,0,12,12,-0.3457083333333333,4,1,wall
dinner,1,0,0,0,0,0,0,0,0,0,0,0,0,0,0,12,12,-0.02362499999999999,6,1,dinner
doing,1,1,0,0,0,0,0,0,0,0,0,0,0,0,0,12,12,0.013549999999999998,5,1,doing
suppose,0,1,0,0,0,0,0,0,0,0,0,0,0,0,0,12,11,-0.05071666666666667,7,1,suppose
nervous,0,0,1,0,0,0,0,0,0,0,0,0,0,0,0,12,12,-0.4441,7,1,nervous
miss,1,1,0,0,0,0,0,0,0,0,0,0,0,0,0,12,12,-0.01698333333333334,4,1,miss
catch,1,1,0,0,0,0,0,0,0,0,0,0,0,0,0,12,12,-0.177275,5,1,catch
nonsense,1,0,1,0,0,0,0,0,0,0,0,0,0,0,0,12,11,-0.3999083333333333,8,1,nonsense
squadron,1,0,0,0,0,0,0,0,0,0,0,0,0,0,0,12,9,-0.11509166666666669,8,1,squadron
breath,1,0,0,0,0,0,0,0,0,0,0,0,0,0,0,12,12,0.038258333333333346,6,1,breath
lying,1,1,1,0,0,0,0,0,0,0,0,0,0,0,0,12,12,-0.6071166666666666,5,1,lying
send,1,1,0,0,0,0,0,0,0,0,0,0,0,0,0,12,12,0.21748333333333333,4,1,send
bring,0,1,0,0,0,0,0,0,0,0,0,0,0,0,0,12,12,0.2944,5,1,bring
easy,0,0,1,1,0,0,0,0,0,0,0,0,0,0,0,12,12,0.39168333333333333,4,1,easy
bladen,0,0,0,0,0,0,0,0,0,0,0,0,0,0,0,12,12,0.022474999999999995,6,1,bladen
palace,1,0,0,0,0,0,0,0,0,0,0,0,0,0,0,12,12,-0.15199166666666666,6,1,palace
everything,0,0,0,0,0,0,0,0,0,0,0,0,0,0,1,12,12,-0.030916666666666662,10,1,everything
france,1,0,0,0,0,0,0,0,0,0,0,0,0,0,0,12,11,0.181675,6,1,france
gates,1,1,0,0,0,0,0,0,0,0,0,0,0,0,0,12,12,0.10631666666666666,5,1,gates
stand,1,1,0,0,0,0,0,0,0,0,0,0,0,0,0,12,12,0.07515833333333334,5,1,stand
splendid,0,0,1,0,0,0,0,0,0,0,0,0,0,0,0,12,11,0.42970833333333336,8,1,splendid
clean,1,1,1,1,0,0,0,0,0,0,0,0,0,0,0,12,12,0.09247500000000002,5,1,clean
trembled,0,1,0,0,0,0,0,0,0,0,0,0,0,0,0,12,12,-0.26005,8,1,trembled
forgotten,1,1,1,0,0,0,0,0,0,0,0,0,0,0,0,12,12,-0.25891666666666674,9,1,forgotten
act,1,1,0,0,0,0,0,0,0,0,0,0,0,0,0,12,12,-0.032083333333333325,3,1,act
en,1,0,0,0,0,0,0,0,0,0,0,0,0,0,0,12,12,0.039033333333333343,2,1,en
nurse,1,1,0,0,0,0,0,0,0,0,0,0,0,0,0,12,12,0.006075000000000004,5,1,nurse
strange,0,0,1,1,0,0,0,0,0,0,0,0,0,0,0,12,11,-0.38948333333333335,7,1,strange
spring,1,1,1,0,0,0,0,0,0,0,0,0,0,0,0,12,12,0.3748833333333333,6,1,spring
hard,1,0,1,1,0,0,0,0,0,0,0,0,0,0,0,12,11,0.15382500000000002,4,1,hard
country,1,0,1,0,0,0,0,0,0,0,0,0,0,0,0,12,12,-0.08970833333333333,7,1,country
roll,1,1,0,0,0,0,0,0,0,0,0,0,0,0,0,12,12,0.20289166666666666,4,1,roll
du,0,0,0,0,0,0,0,0,0,0,0,0,0,0,0,12,11,0.006366666666666669,2,0,du
crown,1,1,0,0,0,0,0,0,0,0,0,0,0,0,0,12,12,-0.113825,5,1,crown
safe,1,0,1,1,0,0,0,0,0,0,0,0,0,0,0,12,11,0.5266083333333335,4,1,safe
explained,0,1,0,0,0,0,0,0,0,0,0,0,0,0,0,12,12,0.09326666666666665,9,1,explained
dr,0,0,0,0,0,0,0,0,0,0,0,0,0,0,0,12,12,0.0,2,0,dr
shadows,1,1,0,0,0,0,0,0,0,0,0,0,0,0,0,12,12,-0.20534166666666664,7,1,shadows
madame,1,0,0,0,0,0,0,0,0,0,0,0,0,0,0,12,10,-0.098775,6,1,madame
alec,1,0,0,0,0,0,0,0,0,0,0,0,0,0,0,12,12,0.2508916666666667,4,1,alec
gravely,0,0,0,1,0,0,0,0,0,0,0,0,0,0,0,12,12,-0.2890166666666667,7,1,gravely
wished,0,1,0,0,0,0,0,0,0,0,0,0,0,0,0,12,12,0.18388333333333332,6,1,wished
barred,0,1,1,0,0,0,0,0,0,0,0,0,0,0,0,12,12,-0.03169166666666666,6,1,barred
stared,0,1,0,0,0,0,0,0,0,0,0,0,0,0,0,12,12,0.003083333333333327,6,1,stared
ve,0,0,0,0,0,0,0,0,0,0,0,0,0,0,0,12,12,0.119,2,0,ve
cecile,0,0,0,0,0,0,0,0,0,0,0,0,0,0,0,12,11,0.149875,6,1,cecile
heaven,1,0,0,0,0,0,0,0,0,0,0,0,0,0,0,12,12,0.4410083333333334,6,1,heaven
dress,1,1,1,0,0,0,0,0,0,0,0,0,0,0,0,12,12,0.10771666666666667,5,1,dress
threw,0,1,0,0,0,0,0,0,0,0,0,0,0,0,0,12,12,0.008633333333333331,5,1,threw
calm,1,1,1,0,0,0,0,0,0,0,0,0,0,0,0,12,12,0.3122833333333333,4,1,calm
used,0,1,1,0,0,0,0,0,0,0,0,0,0,0,0,12,12,0.28324166666666667,4,1,used
soon,0,0,0,1,0,0,0,0,0,0,0,0,0,0,0,12,12,-0.21805833333333333,4,1,soon
im,1,0,0,0,0,0,0,0,0,0,0,0,0,0,0,12,12,0.055299999999999995,2,1,im
basin,1,0,0,0,0,0,0,0,0,0,0,0,0,0,0,12,12,0.16165,5,1,basin
touch,1,1,0,0,0,0,0,0,0,0,0,0,0,0,0,12,12,-0.0029749999999999963,5,1,touch
case,1,1,0,0,0,0,0,0,0,0,0,0,0,0,0,12,12,-0.05639166666666667,4,1,case
line,1,1,0,0,0,0,0,0,0,0,0,0,0,0,0,12,12,0.33558333333333334,4,1,line
captain,1,1,0,0,0,0,0,0,0,0,0,0,0,0,0,12,12,0.10498333333333332,7,1,captain
drawing,1,1,0,0,0,0,0,0,0,0,0,0,0,0,0,12,12,0.099375,7,1,drawing
byram,0,0,0,0,0,0,0,0,0,0,0,0,0,0,0,12,12,0.08013333333333332,5,1,byram
battalion,1,0,0,0,0,0,0,0,0,0,0,0,0,0,0,12,12,-0.051550000000000006,9,1,battalion
luxembourg,1,0,0,0,0,0,0,0,0,0,0,0,0,0,0,11,11,0.20469090909090906,10,1,luxembourg
steel,1,1,0,0,0,0,0,0,0,0,0,0,0,0,0,11,10,0.4214363636363636,5,1,steel
hartman,0,0,0,0,0,0,0,0,0,0,0,0,0,0,0,11,11,0.04080909090909091,7,1,hartman
shop,1,1,0,0,0,0,0,0,0,0,0,0,0,0,0,11,11,-0.042236363636363634,4,1,shop
hastur,0,0,0,0,0,0,0,0,0,0,0,0,0,0,0,11,11,0.07998181818181817,6,1,hastur
r,1,0,0,0,0,0,0,0,0,0,0,0,0,0,0,11,11,-0.13696363636363637,1,1,r
hall,1,0,0,0,0,0,0,0,0,0,0,0,0,0,0,11,11,0.10935454545454547,4,1,hall
doorway,1,0,0,0,0,0,0,0,0,0,0,0,0,0,0,11,11,-0.04402727272727272,7,1,doorway
mouth,1,1,0,0,0,0,0,0,0,0,0,0,0,0,0,11,11,0.1746090909090909,5,1,mouth
six,1,0,1,0,0,0,0,0,0,0,0,0,0,0,0,11,11,0.08407272727272729,3,1,six
fish,1,1,0,0,0,0,0,0,0,0,0,0,0,0,0,11,11,0.11807272727272729,4,1,fish
indeed,0,0,0,1,0,0,0,0,0,0,0,0,0,0,0,11,11,0.13842727272727276,6,1,indeed
mother,1,1,0,0,0,0,0,0,0,0,0,0,0,0,0,11,10,0.057981818181818176,6,1,mother
sit,1,1,0,0,0,0,0,0,0,0,0,0,0,0,0,11,11,-0.05912727272727274,3,1,sit
pure,0,0,1,0,0,0,0,0,0,0,0,0,0,0,0,11,11,0.36135454545454543,4,1,pure
none,1,0,1,1,0,0,0,0,0,0,1,0,0,0,1,11,11,-0.041736363636363634,4,1,none
arc,1,0,1,0,0,0,0,0,0,0,0,0,0,0,0,11,11,0.06519090909090906,3,1,arc
moving,0,1,1,0,0,0,0,0,0,0,0,0,0,0,0,11,11,0.014454545454545453,6,1,moving
climbed,0,1,0,0,0,0,0,0,0,0,0,0,0,0,0,11,10,-0.015536363636363636,7,1,climbed
often,0,0,1,1,0,0,0,0,0,0,0,0,0,0,0,11,11,0.044190909090909086,5,1,often
knowing,1,1,1,0,0,0,0,0,0,0,0,0,0,0,0,11,11,0.21472727272727268,7,1,knowing
shoot,1,1,0,0,0,0,0,0,0,0,0,0,0,0,0,11,11,-0.2818454545454545,5,1,shoot
minutes,1,0,0,0,0,0,0,0,0,0,0,0,0,0,0,11,11,0.0016181818181818268,7,1,minutes
forward,1,1,1,1,0,0,0,0,0,0,0,0,0,0,0,11,10,-0.1484818181818182,7,1,forward
charming,0,1,1,0,0,0,0,0,0,0,0,0,0,0,0,11,11,0.639390909090909,8,1,charming
policeman,1,0,0,0,0,0,0,0,0,0,0,0,0,0,0,11,11,-0.16057272727272728,9,1,policeman
gesture,1,0,0,0,0,0,0,0,0,0,0,0,0,0,0,11,11,0.15034545454545456,7,1,gesture
april,1,0,0,0,0,0,0,0,0,0,0,0,0,0,0,11,11,-0.07191818181818181,5,1,april
leaving,0,1,0,0,0,0,0,0,0,0,0,0,0,0,0,11,11,-0.19304545454545455,7,1,leaving
ot,1,0,0,0,0,0,0,0,0,0,0,0,0,0,0,11,11,0.1595181818181818,2,1,ot
cile,0,0,0,0,0,0,0,0,0,0,0,0,0,0,0,11,11,0.2900090909090909,4,1,cile
pleasure,1,0,0,0,0,0,0,0,0,0,0,0,0,0,0,11,11,0.34367272727272724,8,1,pleasure
note,1,1,0,0,0,0,0,0,0,0,0,0,0,0,0,11,10,0.021927272727272736,4,1,note
blow,1,1,0,0,0,0,0,0,0,0,0,0,0,0,0,11,10,-0.2608636363636364,4,1,blow
wheeled,0,1,1,0,0,0,0,0,0,0,0,0,0,0,0,11,11,0.023363636363636364,7,1,wheeled
sharp,1,0,1,1,0,0,0,0,0,0,0,0,0,0,0,11,11,-0.32904545454545453,5,1,sharp
pansies,1,0,0,0,0,0,0,0,0,0,0,0,0,0,0,11,10,0.10148181818181819,7,1,pansies
settled,0,1,1,0,0,0,0,0,0,0,0,0,0,0,0,11,11,0.12703636363636364,7,1,settled
aid,1,0,0,0,0,0,0,0,0,0,0,0,0,0,0,11,11,0.16916363636363635,3,1,aid
quick,1,0,1,1,0,0,0,0,0,0,0,0,0,0,0,11,11,0.0797,5,1,quick
thomas,1,0,0,0,0,0,0,0,0,0,0,0,0,0,0,11,11,-0.1865363636363636,6,1,thomas
jumped,0,1,0,0,0,0,0,0,0,0,0,0,0,0,0,11,11,0.1597909090909091,6,1,jumped
probably,0,0,0,1,0,0,0,0,0,0,0,0,0,0,0,11,11,0.11206363636363635,8,1,probably
carried,0,1,0,0,0,0,0,0,0,0,0,0,0,0,0,11,11,-0.10073636363636362,7,1,carried
beyond,0,0,0,1,0,0,0,0,0,0,0,0,0,0,0,11,11,0.07056363636363634,6,1,beyond
already,0,0,0,1,0,0,0,0,0,0,0,0,0,0,0,11,11,0.2725909090909091,7,1,already
stars,1,1,0,0,0,0,0,0,0,0,0,0,0,0,0,11,11,0.24072727272727273,5,1,stars
dragged,0,1,0,0,0,0,0,0,0,0,0,0,0,0,0,11,11,-0.10914545454545453,7,1,dragged
desire,1,1,0,0,0,0,0,0,0,0,0,0,0,0,0,11,11,0.24260909090909094,6,1,desire
feeling,1,1,1,0,0,0,0,0,0,0,0,0,0,0,0,11,10,0.1793818181818182,7,1,feeling
try,1,1,0,0,0,0,0,0,0,0,0,0,0,0,0,11,11,0.03387272727272728,3,1,try
truth,1,0,0,0,0,0,0,0,0,0,0,0,0,0,0,11,11,0.27840000000000004,5,1,truth
state,1,1,1,0,0,0,0,0,0,0,0,0,0,0,0,11,10,0.28045454545454546,5,1,state
body,1,1,0,0,0,0,0,0,0,0,0,0,0,0,0,11,11,-0.031154545454545435,4,1,body
carcosa,0,0,0,0,0,0,0,0,0,0,0,0,0,0,0,11,10,-0.261,7,1,carcosa
sank,0,1,0,0,0,0,0,0,0,0,0,0,0,0,0,11,11,-0.22059999999999996,4,1,sank
south,1,0,1,1,0,0,0,0,0,0,0,0,0,0,0,11,10,0.009409090909090893,5,1,south
seat,1,1,0,0,0,0,0,0,0,0,0,0,0,0,0,11,11,0.3528181818181818,4,1,seat
pose,1,1,0,0,0,0,0,0,0,0,0,0,0,0,0,11,11,0.13366363636363635,4,1,pose
news,1,0,0,0,0,0,0,0,0,0,0,0,0,0,0,11,11,0.19055454545454545,4,1,news
boy,1,0,0,0,0,0,0,0,0,0,0,0,0,0,0,11,11,0.13933636363636365,3,1,boy
walking,1,1,1,0,0,0,0,0,0,0,0,0,0,0,0,11,11,0.04242727272727273,7,1,walking
north,1,0,1,1,0,0,0,0,0,0,0,0,0,0,0,11,11,0.23421818181818185,5,1,north
worse,1,0,1,1,0,0,0,0,0,0,0,0,0,0,0,11,11,-0.11492727272727273,5,1,worse
growled,0,0,0,0,0,0,0,0,0,0,0,0,0,0,0,11,11,0.05304545454545453,7,1,growled
plain,1,0,1,1,0,0,0,0,0,0,0,0,0,0,0,11,11,0.21310909090909094,5,1,plain
fresh,1,0,1,1,0,0,0,0,0,0,0,0,0,0,0,11,10,0.48168181818181816,5,1,fresh
relief,1,0,0,0,0,0,0,0,0,0,0,0,0,0,0,11,10,0.29703636363636365,6,1,relief
didn,0,0,0,0,0,0,0,0,0,0,0,0,0,0,0,11,11,0.2848909090909091,4,1,didn
faster,1,0,0,1,0,0,0,0,0,0,0,0,0,0,0,11,9,0.14913636363636362,6,1,faster
loved,0,1,1,0,0,0,0,0,0,0,0,0,0,0,0,11,11,0.4198454545454546,5,1,loved
hildred,0,0,0,0,0,0,0,0,0,0,0,0,0,0,0,11,10,0.2686363636363636,7,1,hildred
america,1,0,0,0,0,0,0,0,0,0,0,0,0,0,0,11,11,0.14175454545454544,7,1,america
barre,1,0,0,0,0,0,0,0,0,0,0,0,0,0,0,11,11,-0.0456,5,1,barre
madonna,1,0,0,0,0,0,0,0,0,0,0,0,0,0,0,10,10,0.32670000000000005,7,1,madonna
dame,1,0,0,0,0,0,0,0,0,0,0,0,0,0,0,10,10,0.14575,4,1,dame
notes,0,1,0,0,0,0,0,0,0,0,0,0,0,0,0,10,10,-0.028239999999999987,5,1,notes
attention,1,0,0,0,0,0,0,0,0,0,0,0,0,0,0,10,10,0.2118,9,1,attention
fate,0,0,0,0,0,0,0,0,0,0,0,0,0,0,0,10,8,0.12109,4,1,fate
student,1,0,0,0,0,0,0,0,0,0,0,0,0,0,0,10,10,-0.007189999999999991,7,1,student
cellar,1,0,0,0,0,0,0,0,0,0,0,0,0,0,0,10,10,-0.14543,6,1,cellar
quite,1,0,0,1,0,0,0,0,0,0,0,0,0,0,0,10,10,0.20394,5,1,quite
father,1,0,0,0,0,0,0,0,0,0,0,0,0,0,0,10,10,0.013039999999999996,6,1,father
friends,1,0,0,0,0,0,0,0,0,0,0,0,0,0,0,10,10,0.62616,7,1,friends
guernalec,0,0,0,0,0,0,0,0,0,0,0,0,0,0,0,10,9,0.14614,9,1,guernalec
hers,0,0,0,0,0,0,0,0,0,0,0,0,0,0,1,10,10,0.11875,4,1,hers
ed,0,0,0,0,0,0,0,0,0,0,0,0,0,0,0,10,10,0.26033,2,0,ed
torn,0,1,1,0,0,0,0,0,0,0,0,0,0,0,0,10,10,-0.07064999999999998,4,1,torn
drawn,0,1,1,0,0,0,0,0,0,0,0,0,0,0,0,10,10,0.20728999999999997,5,1,drawn
edge,1,1,1,0,0,0,0,0,0,0,0,0,0,0,0,10,10,0.11610000000000001,4,1,edge
kind,1,0,1,0,0,0,0,0,0,0,0,0,0,0,0,10,10,0.55251,4,1,kind
sunshine,0,0,0,0,0,0,0,0,0,0,0,0,0,0,0,10,10,0.61327,8,1,sunshine
distant,0,0,1,0,0,0,0,0,0,0,0,0,0,0,0,10,10,-0.05449999999999999,7,1,distant
poured,0,1,0,0,0,0,0,0,0,0,0,0,0,0,0,10,10,0.23261000000000004,6,1,poured
pity,1,0,0,0,0,0,0,0,0,0,0,0,0,0,0,10,10,-0.09847999999999998,4,1,pity
return,1,1,0,0,0,0,0,0,0,0,0,0,0,0,0,10,10,0.12505,6,1,return
asleep,0,0,1,1,0,0,0,0,0,0,0,0,0,0,0,10,10,-0.023220000000000008,6,1,asleep
present,1,1,1,0,0,0,0,0,0,0,0,0,0,0,0,10,10,0.11488999999999998,7,1,present
reply,1,0,0,0,0,0,0,0,0,0,0,0,0,0,0,10,10,0.2323,5,1,reply
passage,1,0,0,0,0,0,0,0,0,0,0,0,0,0,0,10,10,0.12749000000000002,7,1,passage
insisted,0,1,0,0,0,0,0,0,0,0,0,0,0,0,0,10,10,0.06998,8,1,insisted
organ,1,0,0,0,0,0,0,0,0,0,0,0,0,0,0,10,9,0.27416999999999997,5,1,organ
ness,1,0,0,0,0,0,0,0,0,0,0,0,0,0,0,10,10,0.01999999999999997,4,1,ness
wide,1,0,1,1,0,0,0,0,0,0,0,0,0,0,0,10,10,0.13287,4,1,wide
paint,1,1,0,0,0,0,0,0,0,0,0,0,0,0,0,10,10,0.13699999999999998,5,1,paint
wings,1,0,0,0,0,0,0,0,0,0,0,0,0,0,0,10,10,0.06758,5,1,wings
cane,1,1,0,0,0,0,0,0,0,0,0,0,0,0,0,10,10,0.019289999999999995,4,1,cane
v,1,0,0,0,0,0,0,0,0,0,0,0,0,0,0,10,10,0.17646,1,1,v
sieur,0,0,0,0,0,0,0,0,0,0,0,0,0,0,0,10,10,0.18129,5,1,sieur
opening,1,0,1,0,0,0,0,0,0,0,0,0,0,0,0,10,10,-0.08820999999999998,7,1,opening
remembered,0,0,1,0,0,0,0,0,0,0,0,0,0,0,0,10,10,-0.04553,10,1,remembered
please,0,1,0,1,0,0,0,0,0,0,0,0,0,0,0,10,10,0.46529,6,1,please
seem,0,1,0,0,0,0,0,0,0,0,0,0,0,0,0,10,10,0.12671000000000002,4,1,seem
hold,1,1,0,0,0,0,0,0,0,0,0,0,0,0,0,10,10,0.016349999999999996,4,1,hold
paid,0,1,1,0,0,0,0,0,0,0,0,0,0,0,0,10,10,-0.010190000000000015,4,1,paid
somebody,1,0,0,0,0,0,0,0,1,0,0,0,0,0,1,10,10,0.13336,8,1,somebody
colonel,1,0,0,0,0,0,0,0,0,0,0,0,0,0,0,10,10,0.12478,7,1,colonel
swiftly,0,0,0,1,0,0,0,0,0,0,0,0,0,0,0,10,9,-0.05674000000000001,7,1,swiftly
ii,0,0,0,0,0,0,0,0,0,0,0,0,0,0,0,10,10,0.0,2,0,ii
clasp,1,1,0,0,0,0,0,0,0,0,0,0,0,0,0,10,10,-0.10842999999999998,5,1,clasp
gun,1,1,0,0,0,0,0,0,0,0,0,0,0,0,0,10,9,-0.39497,3,1,gun
waited,0,1,0,0,0,0,0,0,0,0,0,0,0,0,0,10,8,-0.012650000000000005,6,1,waited
marie,0,0,0,0,0,0,0,0,0,0,0,0,0,0,0,10,9,0.30507,5,1,marie
cloud,1,1,0,0,0,0,0,0,0,0,0,0,0,0,0,10,10,-0.010960000000000003,5,1,cloud
hearse,1,0,0,0,0,0,0,0,0,0,0,0,0,0,0,10,10,-0.15914999999999999,6,1,hearse
whispered,0,0,1,0,0,0,0,0,0,0,0,0,0,0,0,10,10,-0.05202,9,1,whispered
throng,1,1,0,0,0,0,0,0,0,0,0,0,0,0,0,10,10,-0.17339,6,1,throng
written,0,1,1,0,0,0,0,0,0,0,0,0,0,0,0,10,10,-0.06847,7,1,written
rosy,0,0,1,0,0,0,0,0,0,0,0,0,0,0,0,10,10,0.06355000000000002,4,1,rosy
ago,0,0,1,1,0,0,0,0,0,0,0,0,0,0,0,10,10,-0.22583999999999999,3,1,ago
path,1,0,0,0,0,0,0,0,0,0,0,0,0,0,0,10,10,-0.04599000000000001,4,1,path
warm,1,1,1,0,0,0,0,0,0,0,0,0,0,0,0,10,10,0.03422000000000001,4,1,warm
english,1,0,1,0,0,0,0,0,0,0,0,0,0,0,0,10,10,0.24091,7,1,english
n,1,0,0,0,0,0,0,0,0,0,0,0,0,0,0,10,10,0.05553999999999999,1,1,n
terror,1,0,0,0,0,0,0,0,0,0,0,0,0,0,0,10,10,-0.4872899999999999,6,1,terror
th,0,0,0,0,0,0,0,0,0,0,0,0,0,0,0,10,10,-0.07295,2,0,th
story,1,0,0,0,0,0,0,0,0,0,0,0,0,0,0,10,8,-0.17175,5,1,story
marry,0,1,0,0,0,0,0,0,0,0,0,0,0,0,0,10,8,0.04091000000000001,5,1,marry
hesitated,0,1,0,0,0,0,0,0,0,0,0,0,0,0,0,10,10,-0.29835,9,1,hesitated
paradise,1,0,0,0,0,0,0,0,0,0,0,0,0,0,0,10,8,0.76936,8,1,paradise
awful,0,0,1,1,0,0,0,0,0,0,0,0,0,0,0,10,10,-0.47176,5,1,awful
evening,1,0,0,0,0,0,0,0,0,0,0,0,0,0,0,10,10,0.07753000000000002,7,1,evening
longer,1,0,1,1,0,0,0,0,0,0,0,0,0,0,0,10,10,-0.26326,6,1,longer
fine,1,0,1,1,0,0,0,0,0,0,0,0,0,0,0,10,10,0.27888999999999997,4,1,fine
wandered,0,0,0,0,0,0,0,0,0,0,0,0,0,0,0,10,10,-0.05647,8,1,wandered
ready,1,0,1,0,0,0,0,0,0,0,0,0,0,0,0,10,10,0.43544,5,1,ready
sitting,1,1,1,0,0,0,0,0,0,0,0,0,0,0,0,10,10,0.16288999999999998,7,1,sitting
palette,1,0,0,0,0,0,0,0,0,0,0,0,0,0,0,10,10,-0.038049999999999994,7,1,palette
ce,0,0,0,1,0,0,0,0,0,0,0,0,0,0,0,10,10,0.31900999999999996,2,1,ce
ings,1,0,0,0,0,0,0,0,0,0,0,0,0,0,0,10,10,0.2609,4,1,ings
byng,0,0,0,0,0,0,0,0,0,0,0,0,0,0,0,10,10,-0.05219999999999999,4,1,byng
glanced,0,1,0,0,0,0,0,0,0,0,0,0,0,0,0,10,10,0.03574,7,1,glanced
broken,0,1,1,0,0,0,0,0,0,0,0,0,0,0,0,10,10,-0.28210999999999997,6,1,broken
cactus,1,0,0,0,0,0,0,0,0,0,0,0,0,0,0,10,10,-0.11307999999999999,6,1,cactus
meet,1,1,1,0,0,0,0,0,0,0,0,0,0,0,0,9,9,-0.0098,4,1,meet
darkness,1,0,0,0,0,0,0,0,0,0,0,0,0,0,0,9,9,-0.3603333333333334,8,1,darkness
plunged,0,1,0,0,0,0,0,0,0,0,0,0,0,0,0,9,9,0.057466666666666666,7,1,plunged
candle,1,1,0,0,0,0,0,0,0,0,0,0,0,0,0,9,8,0.19566666666666668,6,1,candle
sortie,1,0,0,0,0,0,0,0,0,0,0,0,0,0,0,9,9,0.03788888888888889,6,1,sortie
vague,1,0,1,0,0,0,0,0,0,0,0,0,0,0,0,9,9,0.22857777777777777,5,1,vague
worn,0,1,1,0,0,0,0,0,0,0,0,0,0,0,0,9,8,-0.023688888888888877,4,1,worn
chicken,1,0,1,0,0,0,0,0,0,0,0,0,0,0,0,9,9,0.01932222222222222,7,1,chicken
garter,1,1,0,0,0,0,0,0,0,0,0,0,0,0,0,9,8,0.017699999999999997,6,1,garter
forever,1,0,0,1,0,0,0,0,0,0,0,0,0,0,0,9,9,-0.013866666666666659,7,1,forever
forget,0,1,0,0,0,0,0,0,0,0,0,0,0,0,0,9,9,-0.013077777777777768,6,1,forget
flung,0,1,0,0,0,0,0,0,0,0,0,0,0,0,0,9,9,0.05008888888888889,5,1,flung
manuscript,1,0,0,0,0,0,0,0,0,0,0,0,0,0,0,9,9,0.01274444444444444,10,1,manuscript
prophets,1,0,0,0,0,0,0,0,0,0,0,0,0,0,0,9,7,0.7691,8,1,prophets
motionless,0,0,1,0,0,0,0,0,0,0,0,0,0,0,0,9,9,-0.05204444444444444,10,1,motionless
washington,1,0,0,0,0,0,0,0,0,0,0,0,0,0,0,9,9,0.16556666666666667,10,1,washington
spot,1,1,0,0,0,0,0,0,0,0,0,0,0,0,0,9,8,0.16662222222222223,4,1,spot
sea,1,0,1,0,0,0,0,0,0,0,0,0,0,0,0,9,9,0.12318888888888889,3,1,sea
legs,1,0,0,0,0,0,0,0,0,0,0,0,0,0,0,9,9,0.2977444444444445,4,1,legs
days,1,0,0,1,0,0,0,0,0,0,0,0,0,0,0,9,9,-0.0590111111111111,4,1,days
interrupted,0,1,1,0,0,0,0,0,0,0,0,0,0,0,0,9,9,-0.05908888888888887,11,1,interrupted
tears,1,1,0,0,0,0,0,0,0,0,0,0,0,0,0,9,9,-0.11768888888888886,5,1,tears
gentle,1,1,1,0,0,0,0,0,0,0,0,0,0,0,0,9,9,0.4814555555555555,6,1,gentle
serious,0,0,1,0,0,0,0,0,0,0,0,0,0,0,0,9,9,-0.0545777777777778,7,1,serious
business,1,0,1,0,0,0,0,0,0,0,0,0,0,0,0,9,9,0.08654444444444444,8,1,business
everybody,0,0,0,0,0,0,0,0,0,0,0,0,0,0,1,9,9,0.04017777777777778,9,1,everybody
pavement,1,0,0,0,0,0,0,0,0,0,0,0,0,0,0,9,9,-0.003766666666666659,8,1,pavement
played,0,1,1,0,0,0,0,0,0,0,0,0,0,0,0,9,9,0.27515555555555554,6,1,played
children,1,0,0,0,0,0,0,0,0,0,0,0,0,0,0,9,9,0.31041111111111114,8,1,children
rooms,1,0,0,0,0,0,0,0,0,0,0,0,0,0,0,9,9,-0.006700000000000004,5,1,rooms
shame,1,1,0,0,0,0,0,0,0,0,0,0,0,0,0,9,9,-0.6679666666666666,5,1,shame
war,1,1,1,1,0,0,0,0,0,0,0,0,0,0,0,9,9,-0.5841999999999999,3,1,war
cafe,1,0,0,0,0,0,0,0,0,0,0,0,0,0,0,9,9,0.060511111111111106,4,1,cafe
win,1,1,0,0,0,0,0,0,0,0,0,0,0,0,0,9,9,0.5909333333333333,3,1,win
faces,1,1,0,0,0,0,0,0,0,0,0,0,0,0,0,9,9,-0.027977777777777782,5,1,faces
marched,0,1,0,0,0,0,0,0,0,0,0,0,0,0,0,9,9,-0.047655555555555534,7,1,marched
horn,1,1,0,0,0,0,0,0,0,0,0,0,0,0,0,9,9,-0.008988888888888899,4,1,horn
listening,1,0,1,0,0,0,0,0,0,0,0,0,0,0,0,9,8,-0.031766666666666665,9,1,listening
future,1,0,1,0,0,0,0,0,0,0,0,0,0,0,0,9,9,0.31192222222222227,6,1,future
however,0,0,0,1,0,0,1,0,0,0,0,0,0,0,0,9,9,0.08426666666666666,7,1,however
reason,1,1,0,0,0,0,0,0,0,0,0,0,0,0,0,9,9,-0.0668111111111111,6,1,reason
susie,0,0,0,0,0,0,0,0,0,0,0,0,0,0,0,9,9,0.10225555555555557,5,1,susie
hast,0,0,0,0,0,0,0,0,0,0,0,0,0,0,0,9,9,0.2730111111111111,4,1,hast
search,1,1,0,0,0,0,0,0,0,0,0,0,0,0,0,9,9,-0.15273333333333333,6,1,search
owner,1,0,0,0,0,0,0,0,0,0,0,0,0,0,0,9,7,0.08031111111111111,5,1,owner
fool,1,1,1,0,0,0,0,0,0,0,0,0,0,0,0,9,9,-0.3693222222222222,4,1,fool
barracks,1,1,0,0,0,0,0,0,0,0,0,0,0,0,0,9,9,0.09851111111111112,8,1,barracks
astonished,0,0,1,0,0,0,0,0,0,0,0,0,0,0,0,9,9,0.4198444444444444,10,1,astonished
em,1,0,0,0,0,0,0,0,0,0,0,0,0,0,0,9,9,0.045055555555555564,2,1,em
stay,1,1,0,0,0,0,0,0,0,0,0,0,0,0,0,9,9,0.17603333333333332,4,1,stay
feel,1,1,0,0,0,0,0,0,0,0,0,0,0,0,0,9,9,-0.0634,4,1,feel
imagine,0,1,0,0,0,0,0,0,0,0,0,0,0,0,0,9,9,0.13036666666666663,7,1,imagine
hungry,0,0,1,0,0,0,0,0,0,0,0,0,0,0,0,9,9,0.20492222222222226,6,1,hungry
army,1,0,0,0,0,0,0,0,0,0,0,0,0,0,0,9,9,-0.024277777777777763,4,1,army
quiet,1,0,1,1,0,0,0,0,0,0,0,0,0,0,0,9,9,-2.2222222222219774e-05,5,1,quiet
raoul,0,0,0,0,0,0,0,0,0,0,0,0,0,0,0,9,9,0.22298888888888888,5,1,raoul
manner,1,0,0,0,0,0,0,0,0,0,0,0,0,0,0,9,9,0.17423333333333335,6,1,manner
eyed,0,1,1,0,0,0,0,0,0,0,0,0,0,0,0,9,9,0.0537,4,1,eyed
living,1,1,1,0,0,0,0,0,0,0,0,0,0,0,0,9,9,0.04364444444444444,6,1,living
soldier,1,1,0,0,0,0,0,0,0,0,0,0,0,0,0,9,9,-0.1725777777777778,7,1,soldier
strolled,0,1,0,0,0,0,0,0,0,0,0,0,0,0,0,9,9,0.2511777777777778,8,1,strolled
teeth,1,0,0,0,0,0,0,0,0,0,0,0,0,0,0,9,9,-0.06966666666666667,5,1,teeth
grave,1,0,1,1,0,0,0,0,0,0,0,0,0,0,0,9,9,-0.03199999999999999,5,1,grave
change,1,1,0,0,0,0,0,0,0,0,0,0,0,0,0,9,8,-0.2860111111111111,6,1,change
shot,1,1,1,0,0,0,0,0,0,0,0,0,0,0,0,9,9,0.07096666666666668,4,1,shot
glad,0,0,1,0,0,0,0,0,0,0,0,0,0,0,0,9,9,0.46248888888888895,4,1,glad
golden,0,0,1,0,0,0,0,0,0,0,0,0,0,0,0,9,9,0.021022222222222227,6,1,golden
lie,1,1,0,0,0,0,0,0,0,0,0,0,0,0,0,9,9,-0.1318222222222222,3,1,lie
perfect,1,1,1,0,0,0,0,0,0,0,0,0,0,0,0,9,9,0.6612,7,1,perfect
sleep,1,1,0,0,0,0,0,0,0,0,0,0,0,0,0,9,9,0.04881111111111111,5,1,sleep
impossible,1,0,1,0,0,0,0,0,0,0,0,0,0,0,0,9,9,0.1381,10,1,impossible
wrong,1,1,1,1,0,0,0,0,0,0,0,0,0,0,0,9,9,-0.5216222222222222,5,1,wrong
died,0,1,0,0,0,0,0,0,0,0,0,0,0,0,0,9,9,-0.4749444444444444,4,1,died
mass,1,1,1,0,0,0,0,0,0,0,0,0,0,0,0,9,9,0.07092222222222223,4,1,mass
bell,1,1,0,0,0,0,0,0,0,0,0,0,0,0,0,9,9,-0.11324444444444445,4,1,bell
bound,1,1,1,0,0,0,0,0,0,0,0,0,0,0,0,9,9,-0.09554444444444443,5,1,bound
refused,0,1,0,0,0,0,0,0,0,0,0,0,0,0,0,9,9,-0.13571111111111112,7,1,refused
lt,0,0,0,0,0,0,0,0,0,0,0,0,0,0,0,9,9,0.10598888888888892,2,0,lt
pipe,1,1,0,0,0,0,0,0,0,0,0,0,0,0,0,9,9,0.05014444444444443,4,1,pipe
ened,0,0,0,0,0,0,0,0,0,0,0,0,0,0,0,9,9,-0.1353666666666666,4,1,ened
mere,1,0,1,0,0,0,0,0,0,0,0,0,0,0,0,9,9,0.17543333333333333,4,1,mere
cruel,0,0,1,0,0,0,0,0,0,0,0,0,0,0,0,9,7,-0.3340666666666667,5,1,cruel
clouds,1,1,0,0,0,0,0,0,0,0,0,0,0,0,0,9,9,-0.26252222222222227,6,1,clouds
archer,1,0,0,0,0,0,0,0,0,0,0,0,0,0,0,9,9,0.10363333333333334,6,1,archer
beneath,0,0,0,1,0,0,0,0,0,0,0,0,0,0,0,9,9,0.07372222222222223,7,1,beneath
midnight,1,0,0,1,0,0,0,0,0,0,0,0,0,0,0,9,9,0.1401111111111111,8,1,midnight
shoulders,1,1,0,0,0,0,0,0,0,0,0,0,0,0,0,9,9,-0.14083333333333334,9,1,shoulders
thou,1,0,0,0,0,0,1,0,0,0,0,0,0,0,0,8,7,0.20768750000000002,4,1,thou
flower,1,0,0,0,0,0,0,0,0,0,0,0,0,0,0,8,7,0.1716875,6,1,flower
yours,0,0,0,0,0,0,0,0,0,0,0,0,0,0,1,8,8,0.03512499999999999,5,1,yours
understood,0,1,1,0,0,0,0,0,0,0,0,0,0,0,0,8,8,0.189725,10,1,understood
stirred,0,1,1,0,0,0,0,0,0,0,0,0,0,0,0,8,8,0.11302499999999996,7,1,stirred
rise,1,1,0,0,0,0,0,0,0,0,0,0,0,0,0,8,8,-0.1743375,4,1,rise
rang,0,1,0,0,0,0,0,0,0,0,0,0,0,0,0,8,8,0.0897,4,1,rang
seems,0,1,0,0,0,0,0,0,0,0,0,0,0,0,0,8,8,0.04042499999999999,5,1,seems
pink,1,1,1,0,0,0,0,0,0,0,0,0,0,0,0,8,8,0.1360875,4,1,pink
knocked,0,1,0,0,0,0,0,0,0,0,0,0,0,0,0,8,8,-0.08165,7,1,knocked
crash,1,1,1,0,0,0,0,0,0,0,0,0,0,0,0,8,8,-0.5257125,5,1,crash
moors,1,1,0,0,0,0,0,0,0,0,0,0,0,0,0,8,8,0.11374999999999999,5,1,moors
fastened,0,0,1,0,0,0,0,0,0,0,0,0,0,0,0,8,8,-0.108625,8,1,fastened
buy,1,1,0,0,0,0,0,0,0,0,0,0,0,0,0,8,8,-0.06740000000000002,3,1,buy
stream,1,1,0,0,0,0,0,0,0,0,0,0,0,0,0,8,8,0.07732499999999998,6,1,stream
curious,0,0,1,0,0,0,0,0,0,0,0,0,0,0,0,8,8,0.2875,7,1,curious
fat,1,0,1,0,0,0,0,0,0,0,0,0,0,0,0,8,8,-0.0233125,3,1,fat
company,1,1,0,0,0,0,0,0,0,0,0,0,0,0,0,8,8,0.26395,7,1,company
supported,0,1,1,0,0,0,0,0,0,0,0,0,0,0,0,8,8,0.44895,9,1,supported
group,1,1,1,0,0,0,0,0,0,0,0,0,0,0,0,8,8,0.16088750000000002,5,1,group
insane,0,0,1,0,0,0,0,0,0,0,0,0,0,0,0,8,8,-0.4690375,6,1,insane
bronze,1,1,1,0,0,0,0,0,0,0,0,0,0,0,0,8,8,-0.2056375,6,1,bronze
gar,1,0,0,0,0,0,0,0,0,0,0,0,0,0,0,8,8,0.16415000000000002,3,1,gar
painted,0,1,1,0,0,0,0,0,0,0,0,0,0,0,0,8,8,0.19708749999999997,7,1,painted
brown,1,1,1,0,0,0,0,0,0,0,0,0,0,0,0,8,8,0.1660625,5,1,brown
playing,1,1,1,0,0,0,0,0,0,0,0,0,0,0,0,8,8,0.060812499999999985,7,1,playing
riding,1,1,1,0,0,0,0,0,0,0,0,0,0,0,0,8,8,0.033362499999999996,6,1,riding
horses,1,1,0,0,0,0,0,0,0,0,0,0,0,0,0,8,8,-0.2764625,6,1,horses
thousand,1,0,1,0,0,0,0,0,0,0,0,0,0,0,0,8,8,0.1016125,8,1,thousand
stick,1,1,0,0,0,0,0,0,0,0,0,0,0,0,0,8,8,0.015237500000000001,5,1,stick
pair,1,1,0,0,0,0,0,0,0,0,0,0,0,0,0,8,8,0.31415000000000004,4,1,pair
resumed,0,1,0,0,0,0,0,0,0,0,0,0,0,0,0,8,8,-0.0331375,7,1,resumed
pay,1,1,0,0,0,0,0,0,0,0,0,0,0,0,0,8,8,0.39752499999999996,3,1,pay
aloud,0,0,0,1,0,0,0,0,0,0,0,0,0,0,0,8,8,0.14161249999999997,5,1,aloud
cursed,0,1,1,0,0,0,0,0,0,0,0,0,0,0,0,8,8,-0.16731249999999998,6,1,cursed
catching,1,1,1,0,0,0,0,0,0,0,0,0,0,0,0,8,8,-0.016449999999999992,8,1,catching
having,1,1,0,0,0,0,0,0,0,0,0,0,0,0,0,8,8,0.327275,6,1,having
roses,1,1,0,0,0,0,0,0,0,0,0,0,0,0,0,8,8,0.3706625,5,1,roses
f,1,0,0,0,0,0,0,0,0,0,0,0,0,0,0,8,8,-0.016137500000000006,1,1,f
point,1,1,0,0,0,0,0,0,0,0,0,0,0,0,0,8,8,0.135,5,1,point
suit,1,1,0,0,0,0,0,0,0,0,0,0,0,0,0,8,8,0.06799999999999999,4,1,suit
crowd,1,1,0,0,0,0,0,0,0,0,0,0,0,0,0,8,8,-0.16183750000000002,5,1,crowd
armor,1,1,0,0,0,0,0,0,0,0,0,0,0,0,0,8,8,0.013837499999999999,5,1,armor
embankment,1,0,0,0,0,0,0,0,0,0,0,0,0,0,0,8,8,-0.19906249999999998,10,1,embankment
breton,1,0,0,0,0,0,0,0,0,0,0,0,0,0,0,8,8,0.18732499999999996,6,1,breton
stranger,1,0,0,0,0,0,0,0,0,0,0,0,0,0,0,8,8,-0.051875000000000004,8,1,stranger
shouted,0,1,1,0,0,0,0,0,0,0,0,0,0,0,0,8,8,0.12755,7,1,shouted
lower,0,1,1,0,0,0,0,0,0,0,0,0,0,0,0,8,6,-0.5121625,5,1,lower
sort,1,0,0,0,0,0,0,0,0,0,0,0,0,0,0,8,8,0.06771250000000004,4,1,sort
yourself,1,0,0,0,0,0,0,0,0,0,0,0,0,0,1,8,8,0.012637499999999996,8,1,yourself
run,1,1,0,0,0,0,0,0,0,0,0,0,0,0,0,8,8,0.18527500000000002,3,1,run
break,1,1,0,0,0,0,0,0,0,0,0,0,0,0,0,8,8,0.027149999999999997,5,1,break
smoking,0,1,1,0,0,0,0,0,0,0,0,0,0,0,0,8,8,-0.16121249999999998,7,1,smoking
beg,1,1,0,0,0,0,0,0,0,0,0,0,0,0,0,8,8,0.1426,3,1,beg
pressed,0,1,1,0,0,0,0,0,0,0,0,0,0,0,0,8,8,-0.032625,7,1,pressed
flushed,0,1,1,0,0,0,0,0,0,0,0,0,0,0,0,8,8,0.07221249999999999,7,1,flushed
summer,1,1,1,1,0,0,0,0,0,0,0,0,0,0,0,8,8,0.0036500000000000005,6,1,summer
battery,1,0,0,0,0,0,0,0,0,0,0,0,0,0,0,8,7,-0.0812625,7,1,battery
costume,1,1,1,0,0,0,0,0,0,0,0,0,0,0,0,8,8,-0.023175,7,1,costume
brushes,1,1,0,0,0,0,0,0,0,0,0,0,0,0,0,8,8,-0.16811250000000005,7,1,brushes
nearly,0,0,0,1,0,0,0,0,0,0,0,0,0,0,0,8,8,-0.1363125,6,1,nearly
money,1,0,0,0,0,0,0,0,0,0,0,0,0,0,0,8,8,0.284425,5,1,money
power,1,1,1,0,0,0,0,0,0,0,0,0,0,0,0,8,7,0.229875,5,1,power
dared,0,1,0,0,0,0,0,0,0,0,0,0,0,0,0,8,7,0.0380875,5,1,dared
crying,1,1,1,0,0,0,0,0,0,0,0,0,0,0,0,8,8,-0.33592500000000003,6,1,crying
voices,1,1,0,0,0,0,0,0,0,0,0,0,0,0,0,8,8,0.06209999999999998,6,1,voices
flash,1,1,1,0,0,0,0,0,0,0,0,0,0,0,0,8,8,0.1292,5,1,flash
falconry,1,0,0,0,0,0,0,0,0,0,0,0,0,0,0,8,8,0.055475000000000003,8,1,falconry
est,0,0,0,0,0,0,0,0,0,0,0,0,0,0,0,8,8,-0.054099999999999995,3,1,est
curiosity,1,0,0,0,0,0,0,0,0,0,0,0,0,0,0,8,8,-0.11868750000000002,9,1,curiosity
icy,0,0,1,0,0,0,0,0,0,0,0,0,0,0,0,8,8,0.1059875,3,1,icy
cup,1,1,0,0,0,0,0,0,0,0,0,0,0,0,0,8,8,-0.12158749999999999,3,1,cup
gently,0,0,0,1,0,0,0,0,0,0,0,0,0,0,0,8,8,0.42646249999999997,6,1,gently
happiness,1,0,0,0,0,0,0,0,0,0,0,0,0,0,0,8,8,0.5838375,9,1,happiness
lives,0,1,0,0,0,0,0,0,0,0,0,0,0,0,0,8,8,0.004562499999999983,5,1,lives
severn,1,0,0,0,0,0,0,0,0,0,0,0,0,0,0,8,8,0.29962500000000003,6,1,severn
happy,0,0,1,0,0,0,0,0,0,0,0,0,0,0,0,8,8,0.6672125000000001,5,1,happy
birds,1,1,0,0,0,0,0,0,0,0,0,0,0,0,0,8,8,0.0949875,5,1,birds
trout,1,0,0,0,0,0,0,0,0,0,0,0,0,0,0,8,8,0.1812625,5,1,trout
thank,1,1,0,0,0,0,0,0,0,0,0,0,0,0,0,8,8,0.5178375000000001,5,1,thank
angrily,0,0,0,1,0,0,0,0,0,0,0,0,0,0,0,8,8,-0.43663749999999996,7,1,angrily
frightened,0,0,1,0,0,0,0,0,0,0,0,0,0,0,0,8,8,-0.44615000000000005,10,1,frightened
further,0,0,1,1,0,0,0,0,0,0,0,0,0,0,0,8,7,0.036150000000000015,7,1,further
dreams,1,1,0,0,0,0,0,0,0,0,0,0,0,0,0,8,8,0.3854125,6,1,dreams
des,1,0,0,0,0,0,0,0,0,0,0,0,0,0,0,8,8,0.007362500000000001,3,1,des
cross,1,1,1,0,0,0,0,0,0,0,0,0,0,0,0,8,8,0.06391249999999997,5,1,cross
wrist,1,0,0,0,0,0,0,0,0,0,0,0,0,0,0,8,8,0.08987500000000001,5,1,wrist
falcons,1,1,0,0,0,0,0,0,0,0,0,0,0,0,0,8,8,-0.06108749999999999,7,1,falcons
hounds,1,1,0,0,0,0,0,0,0,0,0,0,0,0,0,8,8,0.02245000000000002,6,1,hounds
falconers,1,0,0,0,0,0,0,0,0,0,0,0,0,0,0,8,8,-0.050574999999999995,9,1,falconers
usual,0,0,1,0,0,0,0,0,0,0,0,0,0,0,0,8,8,0.0026374999999999997,5,1,usual
pool,1,1,0,0,0,0,0,0,0,0,0,0,0,0,0,8,8,0.024862499999999996,4,1,pool
position,1,1,0,0,0,0,0,0,0,0,0,0,0,0,0,8,8,0.2609,8,1,position
fatigue,1,0,1,0,0,0,0,0,0,0,0,0,0,0,0,8,8,0.006587499999999996,7,1,fatigue
battle,1,1,0,0,0,0,0,0,0,0,0,0,0,0,0,8,8,-0.39535,6,1,battle
row,1,1,0,0,0,0,0,0,0,0,0,0,0,0,0,8,8,-0.13584999999999997,3,1,row
beat,1,1,1,0,0,0,0,0,0,0,0,0,0,0,0,8,8,0.0413875,4,1,beat
national,1,0,1,0,0,0,0,0,0,0,0,0,0,0,0,8,7,0.3281,8,1,national
united,0,1,1,0,0,0,0,0,0,0,0,0,0,0,0,8,8,0.411775,6,1,united
knees,1,0,0,0,0,0,0,0,0,0,0,0,0,0,0,8,8,-0.02565,5,1,knees
paused,0,1,0,0,0,0,0,0,0,0,0,0,0,0,0,8,8,-0.027762499999999996,6,1,paused
swept,0,1,1,0,0,0,0,0,0,0,0,0,0,0,0,8,8,0.07694999999999999,5,1,swept
wanted,0,1,1,0,0,0,0,0,0,0,0,0,0,0,0,8,8,0.25703750000000003,6,1,wanted
disappeared,0,1,0,0,0,0,0,0,0,0,0,0,0,0,0,8,8,-0.12363750000000003,11,1,disappeared
fore,0,0,1,1,0,0,0,0,0,0,0,0,0,0,0,8,8,-0.005525000000000009,4,1,fore
bank,1,1,0,0,0,0,0,0,0,0,0,0,0,0,0,8,6,-0.25398750000000003,4,1,bank
order,1,1,0,0,0,0,0,0,0,0,0,0,0,0,0,8,8,-0.06382499999999999,5,1,order
buried,0,1,1,0,0,0,0,0,0,0,0,0,0,0,0,8,8,0.206475,6,1,buried
moon,1,1,0,0,0,0,0,0,0,0,0,0,0,0,0,8,7,0.16057500000000002,4,1,moon
magnificent,0,0,1,0,0,0,0,0,0,0,0,0,0,0,0,8,8,0.50585,11,1,magnificent
movement,1,0,0,0,0,0,0,0,0,0,0,0,0,0,0,8,8,0.12445,8,1,movement
snow,1,1,0,0,0,0,0,0,0,0,0,0,0,0,0,8,8,0.2496125,4,1,snow
somewhere,1,0,0,1,0,0,0,0,1,0,0,0,0,0,0,8,8,0.27659999999999996,9,1,somewhere
comes,0,1,0,0,0,0,0,0,0,0,0,0,0,0,0,8,8,-0.005150000000000002,5,1,comes
polished,0,1,1,0,0,0,0,0,0,0,0,0,0,0,0,8,8,0.1789625,8,1,polished
strength,1,0,0,0,0,0,0,0,0,0,0,0,0,0,0,8,8,0.5926750000000001,8,1,strength
bayonets,1,1,0,0,0,0,0,0,0,0,0,0,0,0,0,8,8,-0.055875,8,1,bayonets
latter,1,0,1,0,0,0,0,0,0,0,0,0,0,0,0,8,8,0.03105,6,1,latter
siege,1,0,0,0,0,0,0,0,0,0,0,0,0,0,0,8,8,0.2823,5,1,siege
ambulance,1,0,0,0,0,0,0,0,0,0,0,0,0,0,0,8,8,-0.1135875,9,1,ambulance
francs,1,0,0,0,0,0,0,0,0,0,0,0,0,0,0,8,8,-0.237475,6,1,francs
expected,0,1,1,0,0,0,0,0,0,0,0,0,0,0,0,8,8,0.21818749999999998,8,1,expected
train,1,1,0,0,0,0,0,0,0,0,0,0,0,0,0,8,8,0.15385,5,1,train
julian,1,0,1,0,0,0,0,0,0,0,0,0,0,0,0,8,8,0.216275,6,1,julian
jacqueline,0,0,0,0,0,0,0,0,0,0,0,0,0,0,0,8,8,0.4165625,10,1,jacqueline
er,0,0,0,0,0,0,0,0,0,0,0,0,0,0,0,8,6,0.3291,2,0,er
lake,1,0,0,0,0,0,0,0,0,0,0,0,0,0,0,7,7,0.11838571428571429,4,1,lake
reputation,1,0,0,0,0,0,0,0,0,0,0,0,0,0,0,7,7,-0.22504285714285713,10,1,reputation
seeing,0,1,1,0,0,0,0,0,0,0,0,0,0,0,0,7,7,-0.38541428571428565,6,1,seeing
turpentine,1,0,0,0,0,0,0,0,0,0,0,0,0,0,0,7,7,-0.10682857142857143,10,1,turpentine
rubbed,0,1,0,0,0,0,0,0,0,0,0,0,0,0,0,7,7,-0.044700000000000004,6,1,rubbed
possible,1,0,1,0,0,0,0,0,0,0,0,0,0,0,0,7,7,0.0187,8,1,possible
hammer,1,1,0,0,0,0,0,0,0,0,0,0,0,0,0,7,7,0.09509999999999999,6,1,hammer
nature,1,0,0,0,0,0,0,0,0,0,0,0,0,0,0,7,7,-0.18285714285714286,6,1,nature
quaint,1,0,1,0,0,0,0,0,0,0,0,0,0,0,0,7,7,0.2116,6,1,quaint
threshold,1,0,0,0,0,0,0,0,0,0,0,0,0,0,0,7,7,0.09207142857142855,9,1,threshold
pages,1,1,0,0,0,0,0,0,0,0,0,0,0,0,0,7,7,-0.08468571428571427,5,1,pages
com,0,0,0,0,0,0,0,0,0,0,0,0,0,0,0,7,7,0.23534285714285713,3,1,com
replaced,0,1,0,0,0,0,0,0,0,0,0,0,0,0,0,7,7,0.19905714285714282,8,1,replaced
scarcely,0,0,0,1,0,0,0,0,0,0,0,0,0,0,0,7,7,0.05355714285714286,8,1,scarcely
ees,0,0,0,0,0,0,0,0,0,0,0,0,0,0,0,7,5,0.29037142857142856,3,1,ees
fol,0,0,0,0,0,0,0,0,0,0,0,0,0,0,0,7,7,0.16107142857142856,3,1,fol
convent,1,0,0,0,0,0,0,0,0,0,0,0,0,0,0,7,7,0.21161428571428573,7,1,convent
pension,1,1,0,0,0,0,0,0,0,0,0,0,0,0,0,7,6,-0.019885714285714267,7,1,pension
roof,1,1,0,0,0,0,0,0,0,0,0,0,0,0,0,7,7,-0.07334285714285715,4,1,roof
faced,0,1,1,0,0,0,0,0,0,0,0,0,0,0,0,7,7,0.046514285714285716,5,1,faced
charge,1,1,0,0,0,0,0,0,0,0,0,0,0,0,0,7,7,0.10494285714285714,6,1,charge
several,1,0,1,0,0,0,0,0,0,0,0,0,0,0,1,7,7,0.5165857142857143,7,1,several
ray,1,1,0,0,0,0,0,0,0,0,0,0,0,0,0,7,7,0.07318571428571427,3,1,ray
bending,1,1,1,0,0,0,0,0,0,0,0,0,0,0,0,7,7,-0.0016714285714285618,7,1,bending
kerselec,0,0,0,0,0,0,0,0,0,0,0,0,0,0,0,7,7,0.08992857142857144,8,1,kerselec
swung,0,1,0,0,0,0,0,0,0,0,0,0,0,0,0,7,7,0.08701428571428571,5,1,swung
permission,1,0,0,0,0,0,0,0,0,0,0,0,0,0,0,7,7,0.3419857142857143,10,1,permission
furious,0,0,1,0,0,0,0,0,0,0,0,0,0,0,0,7,7,-0.5314714285714286,7,1,furious
seated,0,1,1,0,0,0,0,0,0,0,0,0,0,0,0,7,7,0.08185714285714285,6,1,seated
singing,1,1,1,0,0,0,0,0,0,0,0,0,0,0,0,7,7,-0.025642857142857127,7,1,singing
spite,0,0,0,0,0,0,0,0,0,0,0,0,0,0,0,7,7,-0.2356142857142857,5,1,spite
innocent,1,0,1,0,0,0,0,0,0,0,0,0,0,0,0,7,7,0.4496285714285714,8,1,innocent
taken,0,1,1,0,0,0,0,0,0,0,0,0,0,0,0,7,7,0.08487142857142857,5,1,taken
hardly,0,0,0,1,0,0,0,0,0,0,0,0,0,0,0,7,7,0.21954285714285712,6,1,hardly
pardon,1,1,0,0,0,0,0,0,0,0,0,0,0,0,0,7,7,0.022371428571428566,6,1,pardon
milk,1,1,1,0,0,0,0,0,0,0,0,0,0,0,0,7,7,0.19452857142857144,4,1,milk
nose,1,1,0,0,0,0,0,0,0,0,0,0,0,0,0,7,6,0.23584285714285716,4,1,nose
lovely,1,0,1,0,0,0,0,0,0,0,0,0,0,0,0,7,7,0.5804285714285714,6,1,lovely
hello,1,0,0,0,0,0,0,0,0,0,0,0,0,0,0,7,7,-0.025414285714285716,5,1,hello
stooped,0,1,1,0,0,0,0,0,0,0,0,0,0,0,0,7,7,-0.4216857142857143,7,1,stooped
arrived,0,1,0,0,0,0,0,0,0,0,0,0,0,0,0,7,7,-0.012057142857142846,7,1,arrived
annoyed,0,1,1,0,0,0,0,0,0,0,0,0,0,0,0,7,7,-0.0661,7,1,annoyed
startled,0,1,1,0,0,0,0,0,0,0,0,0,0,0,0,7,7,0.1516714285714286,8,1,startled
confused,0,1,1,0,0,0,0,0,0,0,0,0,0,0,0,7,7,0.10462857142857145,8,1,confused
officers,1,1,0,0,0,0,0,0,0,0,0,0,0,0,0,7,6,-0.23007142857142857,8,1,officers
bay,1,1,1,0,0,0,0,0,0,0,0,0,0,0,0,7,7,-0.03058571428571429,3,1,bay
lines,1,1,0,0,0,0,0,0,0,0,0,0,0,0,0,7,7,0.029942857142857143,5,1,lines
murmuring,0,0,1,0,0,0,0,0,0,0,0,0,0,0,0,7,7,0.15061428571428573,9,1,murmuring
conversation,1,0,0,0,0,0,0,0,0,0,0,0,0,0,0,7,7,0.16367142857142855,12,1,conversation
missing,0,1,1,0,0,0,0,0,0,0,0,0,0,0,0,7,7,-0.1580857142857143,7,1,missing
guard,1,1,0,0,0,0,0,0,0,0,0,0,0,0,0,7,7,0.09962857142857143,5,1,guard
worked,0,1,1,0,0,0,0,0,0,0,0,0,0,0,0,7,7,-0.05605714285714285,6,1,worked
attempt,1,0,0,0,0,0,0,0,0,0,0,0,0,0,0,7,7,-0.27002857142857145,7,1,attempt
eat,0,1,0,0,0,0,0,0,0,0,0,0,0,0,0,7,7,0.03210000000000001,3,1,eat
play,1,1,1,0,0,0,0,0,0,0,0,0,0,0,0,7,7,0.5178571428571428,4,1,play
states,1,1,0,0,0,0,0,0,0,0,0,0,0,0,0,7,7,0.3585285714285714,6,1,states
hawk,1,1,0,0,0,0,0,0,0,0,0,0,0,0,0,7,7,0.15522857142857144,4,1,hawk
heather,1,0,1,0,0,0,0,0,0,0,0,0,0,0,0,7,7,0.06854285714285714,7,1,heather
moor,1,1,0,0,0,0,0,0,0,0,0,0,0,0,0,7,7,0.051757142857142883,4,1,moor
government,1,0,0,0,0,0,0,0,0,0,0,0,0,0,0,7,7,0.23025714285714288,10,1,government
horizon,1,0,0,0,0,0,0,0,0,0,0,0,0,0,0,7,6,-0.021057142857142837,7,1,horizon
smiles,1,1,0,0,0,0,0,0,0,0,0,0,0,0,0,7,7,0.7748714285714285,6,1,smiles
empty,1,1,1,0,0,0,0,0,0,0,0,0,0,0,0,7,7,0.006428571428571418,5,1,empty
rock,1,1,0,0,0,0,0,0,0,0,0,0,0,0,0,7,7,0.018442857142857132,4,1,rock
sense,1,1,0,0,0,0,0,0,0,0,0,0,0,0,0,7,7,-0.12098571428571428,5,1,sense
sculptor,1,0,0,0,0,0,0,0,0,0,0,0,0,0,0,7,7,0.13737142857142856,8,1,sculptor
dozen,1,0,1,0,0,0,0,0,0,0,0,0,0,0,0,7,7,0.4121428571428571,5,1,dozen
rifle,1,1,0,0,0,0,0,0,0,0,0,0,0,0,0,7,7,-0.28559999999999997,5,1,rifle
pointing,0,1,1,0,0,0,0,0,0,0,0,0,0,0,0,7,7,-0.19122857142857144,8,1,pointing
exactly,0,0,0,1,0,0,0,0,0,0,0,0,0,0,0,7,7,-0.07447142857142856,7,1,exactly
staring,0,1,1,1,0,0,0,0,0,0,0,0,0,0,0,7,7,-0.0013142857142857123,7,1,staring
draw,1,1,0,0,0,0,0,0,0,0,0,0,0,0,0,7,7,0.09038571428571429,4,1,draw
finish,1,1,0,0,0,0,0,0,0,0,0,0,0,0,0,7,7,-0.03555714285714285,6,1,finish
trying,0,1,1,0,0,0,0,0,0,0,0,0,0,0,0,7,7,0.1887285714285714,6,1,trying
burned,0,1,1,0,0,0,0,0,0,0,0,0,0,0,0,7,7,-0.061414285714285706,6,1,burned
fond,1,0,1,0,0,0,0,0,0,0,0,0,0,0,0,7,7,0.3654571428571428,4,1,fond
anyway,0,0,0,1,0,0,0,0,0,0,0,0,0,0,0,7,7,0.11878571428571429,6,1,anyway
servants,1,0,0,0,0,0,0,0,0,0,0,0,0,0,0,7,7,0.15297142857142856,8,1,servants
explain,0,1,0,0,0,0,0,0,0,0,0,0,0,0,0,7,7,0.1541857142857143,7,1,explain
staff,1,1,0,0,0,0,0,0,0,0,0,0,0,0,0,7,7,0.32367142857142855,5,1,staff
per,0,0,0,0,0,0,0,0,0,0,0,0,0,0,0,7,7,0.15855714285714284,3,1,per
places,1,1,0,0,0,0,0,0,0,0,0,0,0,0,0,7,7,0.15148571428571428,6,1,places
instead,0,0,0,1,0,0,0,0,0,0,0,0,0,0,0,7,7,-0.10958571428571429,7,1,instead
promptly,0,0,0,1,0,0,0,0,0,0,0,0,0,0,0,7,7,-0.21517142857142854,8,1,promptly
matter,1,0,0,0,0,0,0,0,0,0,0,0,0,0,0,7,7,0.08371428571428571,6,1,matter
speech,1,0,0,0,0,0,0,0,0,0,0,0,0,0,0,7,7,-0.07387142857142856,6,1,speech
forgot,0,1,0,0,0,0,0,0,0,0,0,0,0,0,0,7,7,0.14397142857142858,6,1,forgot
screen,1,1,0,0,0,0,0,0,0,0,0,0,0,0,0,7,7,0.1261857142857143,6,1,screen
cigarette,1,0,0,0,0,0,0,0,0,0,0,0,0,0,0,7,7,0.04988571428571429,9,1,cigarette
pelagic,0,0,1,0,0,0,0,0,0,0,0,0,0,0,0,7,7,-0.03822857142857143,7,1,pelagic
philip,1,0,0,0,0,0,0,0,0,0,0,0,0,0,0,7,7,0.1440714285714286,6,1,philip
faintly,0,0,0,1,0,0,0,0,0,0,0,0,0,0,0,7,7,0.026285714285714284,7,1,faintly
ept,1,0,0,0,0,0,0,0,0,0,0,0,0,0,0,7,7,0.1466,3,1,ept
presented,0,1,1,0,0,0,0,0,0,0,0,0,0,0,0,7,7,0.3965285714285714,9,1,presented
tered,0,0,0,0,0,0,0,0,0,0,0,0,0,0,0,7,7,0.011957142857142857,5,1,tered
arts,0,0,0,0,0,0,0,0,0,0,0,0,0,0,0,7,7,-0.1387857142857143,4,1,arts
thinking,1,1,1,0,0,0,0,0,0,0,0,0,0,0,0,7,7,-0.1883857142857143,8,1,thinking
tossed,0,1,0,0,0,0,0,0,0,0,0,0,0,0,0,7,7,0.18807142857142858,6,1,tossed
haven,1,0,0,0,0,0,0,0,0,0,0,0,0,0,0,7,7,-0.09424285714285714,5,1,haven
married,1,1,1,0,0,0,0,0,0,0,0,0,0,0,0,7,7,0.2248285714285714,7,1,married
forth,1,0,0,1,0,0,0,0,0,0,0,0,0,0,0,7,7,0.09127142857142857,5,1,forth
odile,0,0,0,0,0,0,0,0,0,0,0,0,0,0,0,7,7,-0.06724285714285715,5,1,odile
blank,1,1,1,0,0,0,0,0,0,0,0,0,0,0,0,7,7,-0.07012857142857142,5,1,blank
bad,1,0,1,1,0,0,0,0,0,0,0,0,0,0,0,7,7,-0.0282142857142857,3,1,bad
evidently,0,0,0,1,0,0,0,0,0,0,0,0,0,0,0,7,7,-0.0873,9,1,evidently
imagined,0,1,1,0,0,0,0,0,0,0,0,0,0,0,0,7,7,0.15901428571428572,8,1,imagined
apartment,1,0,0,0,0,0,0,0,0,0,0,0,0,0,0,7,7,0.10515714285714285,9,1,apartment
everywhere,0,0,0,1,0,0,0,0,0,0,0,0,0,0,0,7,7,0.07912857142857144,10,1,everywhere
question,1,1,0,0,0,0,0,0,0,0,0,0,0,0,0,7,7,0.13285714285714284,8,1,question
beef,1,0,0,0,0,0,0,0,0,0,0,0,0,0,0,7,7,-0.013585714285714296,4,1,beef
calling,1,1,0,0,0,0,0,0,0,0,0,0,0,0,0,7,7,-0.06282857142857144,7,1,calling
reading,1,1,0,0,0,0,0,0,0,0,0,0,0,0,0,7,7,0.094,7,1,reading
sad,0,0,1,0,0,0,0,0,0,0,0,0,0,0,0,7,7,-0.2662714285714286,3,1,sad
honor,1,1,0,0,0,0,0,0,0,0,0,0,0,0,0,7,7,0.23934285714285713,5,1,honor
gentlemen,1,0,0,0,0,0,0,0,0,0,0,0,0,0,0,7,7,-0.2640285714285714,9,1,gentlemen
master,1,1,1,0,0,0,0,0,0,0,0,0,0,0,0,7,6,-0.18728571428571428,6,1,master
crimson,1,0,1,0,0,0,0,0,0,0,0,0,0,0,0,7,7,0.20098571428571427,7,1,crimson
purse,1,1,0,0,0,0,0,0,0,0,0,0,0,0,0,7,7,0.15412857142857142,5,1,purse
softly,0,0,0,1,0,0,0,0,0,0,0,0,0,0,0,7,7,0.14002857142857142,6,1,softly
tongue,1,1,0,0,0,0,0,0,0,0,0,0,0,0,0,7,7,0.020685714285714283,6,1,tongue
lily,1,0,0,0,0,0,0,0,0,0,0,0,0,0,0,7,7,0.23544285714285712,4,1,lily
wonder,1,1,0,0,0,0,0,0,0,0,0,0,0,0,0,7,6,0.1356285714285714,6,1,wonder
germain,0,0,0,0,0,0,0,0,0,0,0,0,0,0,0,7,7,0.03725714285714284,7,1,germain
heap,1,1,0,1,0,0,0,0,0,0,0,0,0,0,0,7,7,-0.21348571428571425,4,1,heap
mur,0,0,0,0,0,0,0,0,0,0,0,0,0,0,0,7,6,0.4398285714285714,3,1,mur
gamin,1,0,0,0,0,0,0,0,0,0,0,0,0,0,0,7,7,0.20794285714285715,5,1,gamin
family,1,0,0,0,0,0,0,0,0,0,0,0,0,0,0,7,7,0.2990285714285714,6,1,family
isn,0,0,0,0,0,0,0,0,0,0,0,0,0,0,0,7,7,0.20839999999999997,3,1,isn
names,1,1,0,0,0,0,0,0,0,0,0,0,0,0,0,7,7,0.07947142857142857,5,1,names
depths,1,0,0,0,0,0,0,0,0,0,0,0,0,0,0,7,7,0.3431571428571428,6,1,depths
shells,1,1,0,0,0,0,0,0,0,0,0,0,0,0,0,7,7,0.10902857142857145,6,1,shells
curiously,0,0,0,1,0,0,0,0,0,0,0,0,0,0,0,7,7,-0.054342857142857144,9,1,curiously
grass,1,1,0,0,0,0,0,0,0,0,0,0,0,0,0,7,7,-0.08555714285714286,5,1,grass
falling,0,1,1,0,0,0,0,0,0,0,0,0,0,0,0,7,7,-0.4795571428571428,7,1,falling
weak,0,0,1,0,0,0,0,0,0,0,0,0,0,0,0,7,7,-0.30738571428571426,4,1,weak
fates,0,0,0,0,0,0,0,0,0,0,0,0,0,0,0,7,7,0.07792857142857143,5,1,fates
expression,1,0,0,0,0,0,0,0,0,0,0,0,0,0,0,7,7,0.05211428571428572,10,1,expression
bowles,0,0,0,0,0,0,0,0,0,0,0,0,0,0,0,7,7,0.06620000000000001,6,1,bowles
enter,1,1,0,0,0,0,0,0,0,0,0,0,0,0,0,7,6,0.25932857142857146,5,1,enter
ter,0,0,0,0,0,0,0,0,0,0,0,0,0,0,0,7,7,0.24012857142857144,3,1,ter
nodded,0,1,0,0,0,0,0,0,0,0,0,0,0,0,0,7,7,0.07172857142857143,6,1,nodded
vanished,0,1,1,0,0,0,0,0,0,0,0,0,0,0,0,7,7,-0.010785714285714287,8,1,vanished
bedroom,1,0,0,0,0,0,0,0,0,0,0,0,0,0,0,7,7,0.037828571428571434,7,1,bedroom
fellows,1,0,0,0,0,0,0,0,0,0,0,0,0,0,0,7,7,0.15657142857142858,7,1,fellows
pulpit,1,0,0,0,0,0,0,0,0,0,0,0,0,0,0,7,7,0.4360428571428572,6,1,pulpit
simply,0,0,0,1,0,0,0,0,0,0,0,0,0,0,0,7,7,0.02972857142857142,6,1,simply
march,1,1,0,0,0,0,0,0,0,0,0,0,0,0,0,7,7,0.024700000000000007,5,1,march
bought,1,1,1,0,0,0,0,0,0,0,0,0,0,0,0,7,7,0.009914285714285717,6,1,bought
library,1,0,0,0,0,0,0,0,0,0,0,0,0,0,0,7,7,-0.010114285714285723,7,1,library
awake,0,0,1,0,0,0,0,0,0,0,0,0,0,0,0,7,7,0.09382857142857144,5,1,awake
welcome,1,1,1,0,0,0,0,0,0,0,0,0,0,0,0,7,7,0.5413142857142857,7,1,welcome
ranks,1,1,0,0,0,0,0,0,0,0,0,0,0,0,0,7,7,-0.27794285714285716,5,1,ranks
covering,1,0,1,0,0,0,0,0,0,0,0,0,0,0,0,7,7,0.1499,8,1,covering
middle,1,1,1,0,0,0,0,0,0,0,0,0,0,0,0,7,7,0.0942142857142857,6,1,middle
slender,0,0,1,0,0,0,0,0,0,0,0,0,0,0,0,7,7,0.027900000000000005,7,1,slender
distance,1,1,0,0,0,0,0,0,0,0,0,0,0,0,0,7,7,0.18014285714285713,8,1,distance
shoes,1,1,0,0,0,0,0,0,0,0,0,0,0,0,0,7,6,-0.06509999999999998,5,1,shoes
announced,0,1,1,0,0,0,0,0,0,0,0,0,0,0,0,7,7,-0.06788571428571429,9,1,announced
honest,0,0,1,0,0,0,0,0,0,0,0,0,0,0,0,7,7,0.46138571428571434,6,1,honest
gloves,1,0,0,0,0,0,0,0,0,0,0,0,0,0,0,7,7,0.24471428571428575,6,1,gloves
fact,1,0,0,0,0,0,0,0,0,0,0,0,0,0,0,7,7,0.18172857142857143,4,1,fact
parted,0,0,1,0,0,0,0,0,0,0,0,0,0,0,0,7,7,2.8571428571419477e-05,6,1,parted
gateway,1,0,0,0,0,0,0,0,0,0,0,0,0,0,0,7,7,-0.045514285714285695,7,1,gateway
cab,1,0,0,0,0,0,0,0,0,0,0,0,0,0,0,7,7,0.08120000000000001,3,1,cab
walls,1,1,0,0,0,0,0,0,0,0,0,0,0,0,0,7,7,0.036228571428571436,5,1,walls
swear,1,1,0,0,0,0,0,0,0,0,0,0,0,0,0,6,6,0.26355,5,1,swear
driver,1,0,0,0,0,0,0,0,0,0,0,0,0,0,0,6,6,-0.1701,6,1,driver
houses,1,1,0,0,0,0,0,0,0,0,0,0,0,0,0,6,6,0.02323333333333334,6,1,houses
thanked,0,1,0,0,0,0,0,0,0,0,0,0,0,0,0,6,5,0.51815,7,1,thanked
sunday,1,0,0,0,0,0,0,0,0,0,0,0,0,0,0,6,6,0.20451666666666668,6,1,sunday
wheels,1,1,0,0,0,0,0,0,0,0,0,0,0,0,0,6,6,-0.3388,6,1,wheels
rennes,0,0,0,0,0,0,0,0,0,0,0,0,0,0,0,6,6,-0.06398333333333334,6,1,rennes
cigarettes,1,0,0,0,0,0,0,0,0,0,0,0,0,0,0,6,6,0.0032999999999999974,10,1,cigarettes
tones,1,1,0,0,0,0,0,0,0,0,0,0,0,0,0,6,5,-0.02221666666666668,5,1,tones
coat,1,1,0,0,0,0,0,0,0,0,0,0,0,0,0,6,6,0.01855000000000001,4,1,coat
longed,0,0,0,0,0,0,0,0,0,0,0,0,0,0,0,6,6,0.05516666666666665,6,1,longed
crossing,1,1,1,0,0,0,0,0,0,0,0,0,0,0,0,6,6,-0.05886666666666668,8,1,crossing
shock,1,1,1,0,0,0,0,0,0,0,0,0,0,0,0,6,6,-0.12638333333333332,5,1,shock
pieces,1,1,0,0,0,0,0,0,0,0,0,0,0,0,0,6,6,0.12366666666666669,6,1,pieces
creatures,1,0,0,0,0,0,0,0,0,0,0,0,0,0,0,6,6,0.018700000000000005,9,1,creatures
keeping,1,1,0,0,0,0,0,0,0,0,0,0,0,0,0,6,6,0.1901833333333333,7,1,keeping
dow,1,0,0,0,0,0,0,0,0,0,0,0,0,0,0,6,6,0.6344333333333333,3,1,dow
hali,0,0,0,0,0,0,0,0,0,0,0,0,0,0,0,6,6,0.05301666666666666,4,1,hali
bear,1,1,0,0,0,0,0,0,0,0,0,0,0,0,0,6,6,-0.31495,4,1,bear
stir,1,1,0,0,0,0,0,0,0,0,0,0,0,0,0,6,6,0.12093333333333332,4,1,stir
metal,0,1,1,0,0,0,0,0,0,0,0,0,0,0,0,6,6,-0.08136666666666667,5,1,metal
burst,1,1,1,0,0,0,0,0,0,0,0,0,0,0,0,6,6,0.0012166666666666621,5,1,burst
drowned,0,1,1,0,0,0,0,0,0,0,0,0,0,0,0,6,6,-0.4404166666666667,7,1,drowned
pick,1,1,0,0,0,0,0,0,0,0,0,0,0,0,0,6,6,-0.31855000000000006,4,1,pick
knee,1,0,0,0,0,0,0,0,0,0,0,0,0,0,0,6,6,0.12333333333333334,4,1,knee
east,1,0,1,1,0,0,0,0,0,0,0,0,0,0,0,6,6,-0.045533333333333335,4,1,east
leaves,1,1,0,0,0,0,0,0,0,0,0,0,0,0,0,6,6,-0.16418333333333332,6,1,leaves
rapidly,0,0,0,1,0,0,0,0,0,0,0,0,0,0,0,6,6,0.1749833333333333,7,1,rapidly
terrible,0,0,1,0,0,0,0,0,0,0,0,0,0,0,0,6,6,-0.14311666666666667,8,1,terrible
knowledge,0,0,0,0,0,0,0,0,0,0,0,0,0,0,0,6,6,0.18771666666666667,9,1,knowledge
flat,1,0,1,1,0,0,0,0,0,0,0,0,0,0,0,6,6,-0.13428333333333334,4,1,flat
imperial,1,0,1,0,0,0,0,0,0,0,0,0,0,0,0,6,6,0.03278333333333334,8,1,imperial
suggested,0,1,1,0,0,0,0,0,0,0,0,0,0,0,0,6,6,-0.12174999999999998,9,1,suggested
pot,1,1,0,0,0,0,0,0,0,0,0,0,0,0,0,6,6,0.04729999999999999,3,1,pot
flight,1,1,0,0,0,0,0,0,0,0,0,0,0,0,0,6,6,0.03078333333333332,6,1,flight
ward,1,0,0,0,0,0,0,0,0,0,0,0,0,0,0,6,6,0.24240000000000003,4,1,ward
elven,1,0,0,0,0,0,0,0,0,0,0,0,0,0,0,6,6,0.08566666666666667,5,1,elven
straw,1,1,1,0,0,0,0,0,0,0,0,0,0,0,0,6,6,0.028849999999999997,5,1,straw
gathered,0,0,1,0,0,0,0,0,0,0,0,0,0,0,0,6,6,-0.11746666666666668,8,1,gathered
handed,0,1,1,0,0,0,0,0,0,0,0,0,0,0,0,6,6,0.0342,6,1,handed
watching,0,1,0,0,0,0,0,0,0,0,0,0,0,0,0,6,6,0.042350000000000006,8,1,watching
dust,1,1,0,0,0,0,0,0,0,0,0,0,0,0,0,6,6,0.07111666666666668,4,1,dust
yesterday,1,0,0,1,0,0,0,0,0,0,0,0,0,0,0,6,6,-0.18846666666666667,9,1,yesterday
mystery,1,0,0,0,0,0,0,0,0,0,0,0,0,0,0,6,6,0.0307,7,1,mystery
rat,1,1,0,0,0,0,0,0,0,0,0,0,0,0,0,6,6,-0.10746666666666667,3,1,rat
women,1,0,0,0,0,0,0,0,0,0,0,0,0,0,0,6,6,-0.13071666666666668,5,1,women
aside,1,0,0,1,0,0,0,0,0,0,0,0,0,0,0,6,6,-0.18576666666666666,5,1,aside
military,1,0,1,0,0,0,0,0,0,0,0,0,0,0,0,6,6,0.13786666666666667,8,1,military
beginning,1,1,1,0,0,0,0,0,0,0,0,0,0,0,0,6,6,0.03938333333333333,9,1,beginning
governor,1,0,0,0,0,0,0,0,0,0,0,0,0,0,0,6,6,0.04683333333333333,8,1,governor
different,1,0,1,0,0,0,0,0,0,0,0,0,0,0,0,6,6,0.18536666666666668,9,1,different
share,1,1,0,0,0,0,0,0,0,0,0,0,0,0,0,6,5,0.2973666666666666,5,1,share
station,1,1,0,0,0,0,0,0,0,0,0,0,0,0,0,6,6,0.2333833333333333,7,1,station
hundred,1,0,1,0,0,0,0,0,0,0,0,0,0,0,0,6,6,0.35424999999999995,7,1,hundred
hearts,1,0,0,0,0,0,0,0,0,0,0,0,0,0,0,6,6,0.6812499999999999,6,1,hearts
mo,1,0,0,0,0,0,0,0,0,0,0,0,0,0,0,6,6,0.21746666666666667,2,1,mo
success,1,0,0,0,0,0,0,0,0,0,0,0,0,0,0,6,5,0.7740833333333333,7,1,success
instantly,0,0,0,1,0,0,0,0,0,0,0,0,0,0,0,6,6,-0.027666666666666655,9,1,instantly
salon,1,0,0,0,0,0,0,0,0,0,0,0,0,0,0,6,6,0.2847,5,1,salon
thief,1,0,0,0,0,0,0,0,0,0,0,0,0,0,0,6,6,-0.25179999999999997,5,1,thief
weeping,1,1,1,0,0,0,0,0,0,0,0,0,0,0,0,6,6,-0.46388333333333337,7,1,weeping
lamp,1,0,0,0,0,0,0,0,0,0,0,0,0,0,0,6,6,-0.19685,4,1,lamp
wear,1,1,0,0,0,0,0,0,0,0,0,0,0,0,0,6,6,0.14963333333333337,4,1,wear
noble,1,0,1,0,0,0,0,0,0,0,0,0,0,0,0,6,6,0.5465166666666667,5,1,noble
silk,1,0,0,0,0,0,0,0,0,0,0,0,0,0,0,6,5,0.1423,4,1,silk
lap,1,1,0,0,0,0,0,0,0,0,0,0,0,0,0,6,6,0.05533333333333334,3,1,lap
raise,1,1,0,0,0,0,0,0,0,0,0,0,0,0,0,6,6,-0.10013333333333334,5,1,raise
despair,1,1,0,0,0,0,0,0,0,0,0,0,0,0,0,6,6,-0.4655833333333333,7,1,despair
number,1,1,0,0,0,0,0,0,0,0,0,0,0,0,0,6,6,0.0647,6,1,number
arose,0,0,0,0,0,0,0,0,0,0,0,0,0,0,0,6,6,0.02594999999999999,5,1,arose
mistress,1,0,0,0,0,0,0,0,0,0,0,0,0,0,0,6,6,0.13128333333333334,8,1,mistress
embroidered,0,0,1,0,0,0,0,0,0,0,0,0,0,0,0,6,6,0.06218333333333334,11,1,embroidered
built,1,1,1,0,0,0,0,0,0,0,0,0,0,0,0,6,6,0.07138333333333333,5,1,built
ended,0,1,1,0,0,0,0,0,0,0,0,0,0,0,0,6,5,0.055266666666666665,5,1,ended
noon,1,0,0,0,0,0,0,0,0,0,0,0,0,0,0,6,6,0.04661666666666666,4,1,noon
kill,1,1,0,0,0,0,0,0,0,0,0,0,0,0,0,6,6,-0.43544999999999995,4,1,kill
rattled,0,1,1,0,0,0,0,0,0,0,0,0,0,0,0,6,6,0.15256666666666666,7,1,rattled
fly,1,1,1,0,0,0,0,0,0,0,0,0,0,0,0,6,6,0.3984000000000001,3,1,fly
island,1,0,0,0,0,0,0,0,0,0,0,0,0,0,0,6,6,0.2724666666666667,6,1,island
loire,1,0,0,0,0,0,0,0,0,0,0,0,0,0,0,6,6,0.03843333333333335,5,1,loire
jacket,1,1,0,0,0,0,0,0,0,0,0,0,0,0,0,6,6,0.09138333333333333,6,1,jacket
sofa,1,0,0,0,0,0,0,0,0,0,0,0,0,0,0,6,6,-0.10305000000000002,4,1,sofa
flies,1,1,0,0,0,0,0,0,0,0,0,0,0,0,0,6,6,0.27353333333333335,5,1,flies
excitement,1,0,0,0,0,0,0,0,0,0,0,0,0,0,0,6,6,0.5193,10,1,excitement
notice,1,1,0,0,0,0,0,0,0,0,0,0,0,0,0,6,5,0.11536666666666666,6,1,notice
wife,1,0,0,0,0,0,0,0,0,0,0,0,0,0,0,6,5,-0.288,4,1,wife
public,1,0,1,0,0,0,0,0,0,0,0,0,0,0,0,6,6,-0.05430000000000001,6,1,public
fallen,1,1,1,0,0,0,0,0,0,0,0,0,0,0,0,6,6,-0.20261666666666667,6,1,fallen
spoken,0,1,1,0,0,0,0,0,0,0,0,0,0,0,0,6,6,0.19318333333333335,6,1,spoken
fever,1,0,0,0,0,0,0,0,0,0,0,0,0,0,0,6,6,0.029516666666666663,5,1,fever
mademoiselle,1,0,0,0,0,0,0,0,0,0,0,0,0,0,0,6,6,0.0901,12,1,mademoiselle
thy,0,0,0,0,0,0,1,0,0,0,0,0,0,0,0,6,3,0.1436333333333333,3,1,thy
gallery,1,0,0,0,0,0,0,0,0,0,0,0,0,0,0,6,6,0.24298333333333333,7,1,gallery
au,1,0,0,0,0,0,0,0,0,0,0,0,0,0,0,6,6,0.13976666666666668,2,1,au
cupid,1,0,0,0,0,0,0,0,0,0,0,0,0,0,0,6,6,0.2378333333333333,5,1,cupid
joy,1,0,0,0,0,0,0,0,0,0,0,0,0,0,0,6,6,-0.050483333333333325,3,1,joy
fast,1,1,1,1,0,0,0,0,0,0,0,0,0,0,0,6,6,0.00021666666666667056,4,1,fast
cheek,1,1,1,0,0,0,0,0,0,0,0,0,0,0,0,6,6,0.04836666666666669,5,1,cheek
hurt,1,1,1,0,0,0,0,0,0,0,0,0,0,0,0,6,6,-0.49229999999999996,4,1,hurt
delighted,0,1,1,0,0,0,0,0,0,0,0,0,0,0,0,6,6,0.60585,9,1,delighted
certain,0,0,1,1,0,0,0,0,1,0,0,0,0,0,0,6,6,0.23573333333333335,7,1,certain
comfort,1,1,0,0,0,0,0,0,0,0,0,0,0,0,0,6,6,0.2745,7,1,comfort
object,1,1,0,0,0,0,0,0,0,0,0,0,0,0,0,6,6,-0.15963333333333332,6,1,object
beaux,1,0,0,0,0,0,0,0,0,0,0,0,0,0,0,6,6,-0.19563333333333333,5,1,beaux
clung,0,1,0,0,0,0,0,0,0,0,0,0,0,0,0,6,6,-0.22468333333333332,5,1,clung
drops,1,1,0,0,0,0,0,0,0,0,0,0,0,0,0,6,6,0.14341666666666666,5,1,drops
scream,1,1,0,0,0,0,0,0,0,0,0,0,0,0,0,6,6,-0.51295,6,1,scream
murmur,1,1,0,0,0,0,0,0,0,0,0,0,0,0,0,6,5,0.3146666666666667,6,1,murmur
early,1,0,1,1,0,0,0,0,0,0,0,0,0,0,0,6,6,0.22645,5,1,early
recognized,0,1,1,0,0,0,0,0,0,0,0,0,0,0,0,6,6,-0.3519666666666667,10,1,recognized
devil,1,1,0,0,0,0,0,0,0,0,0,0,0,0,0,6,6,-0.6109,5,1,devil
heed,0,1,0,0,0,0,0,0,0,0,0,0,0,0,0,6,6,0.07178333333333332,4,1,heed
flashed,0,1,0,0,0,0,0,0,0,0,0,0,0,0,0,6,6,0.04129999999999998,7,1,flashed
born,1,1,1,0,0,0,0,0,0,0,0,0,0,0,0,6,6,0.3169666666666667,4,1,born
books,1,1,0,0,0,0,0,0,0,0,0,0,0,0,0,6,6,-0.043383333333333336,5,1,books
precious,1,0,1,1,0,0,0,0,0,0,0,0,0,0,0,6,6,0.40599999999999997,8,1,precious
cast,1,1,1,0,0,0,0,0,0,0,0,0,0,0,0,6,6,0.09038333333333333,4,1,cast
merry,0,0,1,0,0,0,0,0,0,0,0,0,0,0,0,6,6,0.6761,5,1,merry
fifty,1,0,1,0,0,0,0,0,0,0,0,0,0,0,0,6,6,-0.05353333333333334,5,1,fifty
sharply,0,0,0,1,0,0,0,0,0,0,0,0,0,0,0,6,6,0.14865,7,1,sharply
reach,1,1,0,0,0,0,0,0,0,0,0,0,0,0,0,6,6,-0.05016666666666666,5,1,reach
tail,1,1,1,0,0,0,0,0,0,0,0,0,0,0,0,6,6,-0.24480000000000005,4,1,tail
bayonet,1,1,0,0,0,0,0,0,0,0,0,0,0,0,0,6,6,-0.5096333333333333,7,1,bayonet
artists,1,0,0,0,0,0,0,0,0,0,0,0,0,0,0,6,6,0.03808333333333333,7,1,artists
tore,1,1,0,0,0,0,0,0,0,0,0,0,0,0,0,6,6,-0.28445,4,1,tore
hot,0,0,1,1,0,0,0,0,0,0,0,0,0,0,0,6,6,0.05029999999999999,3,1,hot
gorse,1,0,0,0,0,0,0,0,0,0,0,0,0,0,0,6,6,0.020316666666666667,5,1,gorse
bottle,1,1,0,0,0,0,0,0,0,0,0,0,0,0,0,6,6,0.17638333333333334,6,1,bottle
able,0,0,1,0,0,0,0,0,0,0,0,0,0,0,0,6,6,-0.03763333333333333,4,1,able
learn,0,1,0,0,0,0,0,0,0,0,0,0,0,0,0,6,6,0.16771666666666665,5,1,learn
bitter,1,1,1,1,0,0,0,0,0,0,0,0,0,0,0,6,6,-0.30360000000000004,6,1,bitter
astonishment,1,0,0,0,0,0,0,0,0,0,0,0,0,0,0,6,6,0.16369999999999998,12,1,astonishment
trouble,1,1,0,0,0,0,0,0,0,0,0,0,0,0,0,6,6,-0.07504999999999998,7,1,trouble
gay,1,0,1,0,0,0,0,0,0,0,0,0,0,0,0,6,6,0.0038333333333333366,3,1,gay
alas,1,0,0,1,0,0,0,0,0,0,0,0,0,0,0,6,6,0.07436666666666666,4,1,alas
jingling,1,1,1,0,0,0,0,0,0,0,0,0,0,0,0,6,6,0.04238333333333333,8,1,jingling
rich,0,0,1,0,0,0,0,0,0,0,0,0,0,0,0,6,6,0.6074999999999999,4,1,rich
ambition,1,1,0,0,0,0,0,0,0,0,0,0,0,0,0,6,6,-0.051083333333333314,8,1,ambition
perfume,1,1,0,0,0,0,0,0,0,0,0,0,0,0,0,6,6,0.26039999999999996,7,1,perfume
fal,1,0,0,0,0,0,0,0,0,0,0,0,0,0,0,6,6,0.07884999999999999,3,1,fal
twice,0,0,0,1,0,0,0,0,0,0,0,0,0,0,0,6,6,-0.0444,5,1,twice
bench,1,1,0,0,0,0,0,0,0,0,0,0,0,0,0,6,6,0.24739999999999998,5,1,bench
view,1,1,0,0,0,0,0,0,0,0,0,0,0,0,0,6,6,-0.035750000000000004,4,1,view
statue,1,0,0,0,0,0,0,0,0,0,0,0,0,0,0,6,6,0.17966666666666667,6,1,statue
leaning,1,1,1,0,0,0,0,0,0,0,0,0,0,0,0,6,6,0.22046666666666667,7,1,leaning
headed,0,1,1,0,0,0,0,0,0,0,0,0,0,0,0,6,6,0.2934166666666667,6,1,headed
calmly,0,0,0,1,0,0,0,0,0,0,0,0,0,0,0,6,6,0.3896833333333334,6,1,calmly
car,1,0,0,0,0,0,0,0,0,0,0,0,0,0,0,6,6,-0.05826666666666667,3,1,car
bar,1,1,1,0,0,0,0,0,0,0,0,0,0,0,0,6,6,0.0,3,1,bar
alley,1,0,0,0,0,0,0,0,0,0,0,0,0,0,0,6,6,-0.21298333333333333,5,1,alley
brother,1,0,1,0,0,0,0,0,0,0,0,0,0,0,0,6,6,0.22075,7,1,brother
itself,0,0,0,0,0,0,0,0,0,0,0,0,0,0,1,6,6,0.13573333333333334,6,1,itself
sculptured,0,0,1,0,0,0,0,0,0,0,0,0,0,0,0,6,6,0.10046666666666666,10,1,sculptured
lantern,1,0,0,0,0,0,0,0,0,0,0,0,0,0,0,6,5,-0.19306666666666664,7,1,lantern
mad,0,0,1,0,0,0,0,0,0,0,0,0,0,0,0,6,5,-0.5414666666666667,3,1,mad
regiment,1,1,0,0,0,0,0,0,0,0,0,0,0,0,0,6,6,-0.05358333333333334,8,1,regiment
escape,1,1,0,0,0,0,0,0,0,0,0,0,0,0,0,6,6,0.27215,6,1,escape
catholic,1,0,1,0,0,0,0,0,0,0,0,0,0,0,0,6,6,0.15976666666666664,8,1,catholic
partly,0,0,0,1,0,0,0,0,0,0,0,0,0,0,0,6,3,-0.09756666666666663,6,1,partly
panes,1,0,0,0,0,0,0,0,0,0,0,0,0,0,0,6,6,0.07898333333333334,5,1,panes
anybody,0,0,0,0,0,0,0,0,0,0,0,0,0,0,1,6,6,-0.15986666666666663,7,1,anybody
taste,1,1,0,0,0,0,0,0,0,0,0,0,0,0,0,6,5,0.5182833333333333,5,1,taste
custom,1,0,1,0,0,0,0,0,0,0,0,0,0,0,0,6,6,-0.13828333333333334,6,1,custom
begin,1,1,0,0,0,0,0,0,0,0,0,0,0,0,0,6,6,-0.04933333333333333,5,1,begin
holding,1,1,1,0,0,0,0,0,0,0,0,0,0,0,0,6,6,-0.07861666666666667,7,1,holding
blew,0,1,0,0,0,0,0,0,0,0,0,0,0,0,0,6,6,-0.013000000000000003,4,1,blew
passion,1,0,0,0,0,0,0,0,0,0,0,0,0,0,0,6,6,0.6371,7,1,passion
notre,0,0,0,0,0,0,0,0,0,0,0,0,0,0,0,6,6,0.15046666666666667,5,1,notre
cassilda,0,0,0,0,0,0,0,0,0,0,0,0,0,0,0,6,6,-0.15510000000000002,8,1,cassilda
examined,0,1,0,0,0,0,0,0,0,0,0,0,0,0,0,6,6,-0.1306166666666667,8,1,examined
walled,0,1,1,0,0,0,0,0,0,0,0,0,0,0,0,6,6,-0.22019999999999998,6,1,walled
stretched,0,1,1,0,0,0,0,0,0,0,0,0,0,0,0,6,6,0.25655,9,1,stretched
rubbing,1,1,0,0,0,0,0,0,0,0,0,0,0,0,0,6,6,0.35156666666666664,7,1,rubbing
fixed,0,1,1,0,0,0,0,0,0,0,0,0,0,0,0,6,6,0.036283333333333334,5,1,fixed
letters,1,1,0,0,0,0,0,0,0,0,0,0,0,0,0,6,6,-0.13556666666666667,7,1,letters
den,1,0,0,0,0,0,0,0,0,0,0,0,0,0,0,6,6,-0.1134,3,1,den
gilded,0,1,1,0,0,0,0,0,0,0,0,0,0,0,0,6,6,-0.00743333333333331,6,1,gilded
eastern,0,0,1,0,0,0,0,0,0,0,0,0,0,0,0,6,6,0.07898333333333335,7,1,eastern
winter,1,1,1,0,0,0,0,0,0,0,0,0,0,0,0,6,6,-0.1380333333333333,6,1,winter
inside,1,0,1,1,0,0,0,0,0,0,0,0,0,0,0,6,6,0.1299833333333333,6,1,inside
gravel,1,1,1,0,0,0,0,0,0,0,0,0,0,0,0,6,6,0.006216666666666676,6,1,gravel
sparrows,1,0,0,0,0,0,0,0,0,0,0,0,0,0,0,6,6,0.1179,8,1,sparrows
alive,0,0,1,0,0,0,0,0,0,0,0,0,0,0,0,6,6,0.5079833333333333,5,1,alive
motion,1,0,0,0,0,0,0,0,0,0,0,0,0,0,0,6,6,0.20299999999999999,6,1,motion
lingered,0,0,0,0,0,0,0,0,0,0,0,0,0,0,0,6,6,0.2342833333333333,8,1,lingered
tender,1,1,1,0,0,0,0,0,0,0,0,0,0,0,0,6,6,0.22006666666666663,6,1,tender
sill,1,0,0,0,0,0,0,0,0,0,0,0,0,0,0,6,6,0.10415,4,1,sill
pigeons,1,0,0,0,0,0,0,0,0,0,0,0,0,0,0,6,6,0.0969,7,1,pigeons
diadem,1,0,0,0,0,0,0,0,0,0,0,0,0,0,0,6,6,0.49886666666666674,6,1,diadem
wash,1,1,0,0,0,0,0,0,0,0,0,0,0,0,0,6,6,0.061866666666666674,4,1,wash
dieu,0,0,0,0,0,0,0,0,0,0,0,0,0,0,0,6,5,0.0,4,1,dieu
lowed,0,0,0,0,0,0,0,0,0,0,0,0,0,0,0,6,6,0.12259999999999997,5,1,lowed
evil,1,0,1,1,0,0,0,0,0,0,0,0,0,0,0,6,6,-0.46363333333333334,4,1,evil
moments,1,0,0,0,0,0,0,0,0,0,0,0,0,0,0,6,5,0.13523333333333334,7,1,moments
alarm,1,1,0,0,0,0,0,0,0,0,0,0,0,0,0,6,6,0.01983333333333333,5,1,alarm
fingers,1,1,0,0,0,0,0,0,0,0,0,0,0,0,0,6,6,0.25095,7,1,fingers
satisfied,0,1,1,0,0,0,0,0,0,0,0,0,0,0,0,6,6,0.4633833333333333,9,1,satisfied
wax,1,1,0,0,0,0,0,0,0,0,0,0,0,0,0,6,6,0.163,3,1,wax
interested,0,1,1,0,0,0,0,0,0,0,0,0,0,0,0,6,5,0.1929,10,1,interested
acknowledged,0,1,1,0,0,0,0,0,0,0,0,0,0,0,0,6,6,0.09931666666666668,12,1,acknowledged
chain,1,1,0,0,0,0,0,0,0,0,0,0,0,0,0,6,6,0.13535,5,1,chain
sought,0,1,1,0,0,0,0,0,0,0,0,0,0,0,0,6,6,-0.029783333333333346,6,1,sought
pleasantly,0,0,0,1,0,0,0,0,0,0,0,0,0,0,0,6,6,0.2910333333333333,10,1,pleasantly
ancient,1,0,1,0,0,0,0,0,0,0,0,0,0,0,0,6,6,-0.2097,7,1,ancient
ledger,1,0,0,0,0,0,0,0,0,0,0,0,0,0,0,6,6,0.1068,6,1,ledger
plate,1,1,0,0,0,0,0,0,0,0,0,0,0,0,0,6,6,-0.08868333333333334,5,1,plate
drum,1,1,0,0,0,0,0,0,0,0,0,0,0,0,0,6,5,-0.39286666666666664,4,1,drum
hyades,1,0,0,0,0,0,0,0,0,0,0,0,0,0,0,6,6,0.006366666666666673,6,1,hyades
stove,1,0,0,0,0,0,0,0,0,0,0,0,0,0,0,6,6,-0.050583333333333334,5,1,stove
fifth,1,0,1,1,0,0,0,0,0,0,0,0,0,0,0,6,6,-0.27771666666666667,5,1,fifth
churchyard,1,0,0,0,0,0,0,0,0,0,0,0,0,0,0,6,6,-0.07945,10,1,churchyard
carriage,1,0,0,0,0,0,0,0,0,0,0,0,0,0,0,6,6,-0.34308333333333335,8,1,carriage
towers,1,0,0,0,0,0,0,0,0,0,0,0,0,0,0,5,5,0.12956,6,1,towers
incapable,1,0,1,0,0,0,0,0,0,0,0,0,0,0,0,5,4,-0.3881,9,1,incapable
coal,1,1,0,0,0,0,0,0,0,0,0,0,0,0,0,5,5,0.05314000000000001,4,1,coal
closing,1,1,1,0,0,0,0,0,0,0,0,0,0,0,0,5,5,0.03635999999999998,7,1,closing
betrayed,0,1,0,0,0,0,0,0,0,0,0,0,0,0,0,5,5,-0.7735,8,1,betrayed
sack,1,1,0,0,0,0,0,0,0,0,0,0,0,0,0,5,4,-0.26038,4,1,sack
flapped,0,1,0,0,0,0,0,0,0,0,0,0,0,0,0,5,5,0.0511,7,1,flapped
hare,1,1,0,0,0,0,0,0,0,0,0,0,0,0,0,5,4,-0.0948,4,1,hare
railroad,1,1,0,0,0,0,0,0,0,0,0,0,0,0,0,5,5,0.0,8,1,railroad
quarry,1,1,0,0,0,0,0,0,0,0,0,0,0,0,0,5,5,0.24266000000000001,6,1,quarry
huge,0,0,1,0,0,0,0,0,0,0,0,0,0,0,0,5,5,0.4409199999999999,4,1,huge
helped,0,1,0,0,0,0,0,0,0,0,0,0,0,0,0,5,5,0.05983999999999999,6,1,helped
hurled,0,1,0,0,0,0,0,0,0,0,0,0,0,0,0,5,5,0.082,6,1,hurled
slept,0,1,0,0,0,0,0,0,0,0,0,0,0,0,0,5,5,0.0,5,1,slept
p,1,0,0,0,0,0,0,0,0,0,0,0,0,0,0,5,5,0.0,1,1,p
anger,1,1,0,0,0,0,0,0,0,0,0,0,0,0,0,5,5,-0.5831799999999999,5,1,anger
somewhat,1,0,0,1,0,0,0,0,0,0,0,0,0,0,0,5,5,0.02994,8,1,somewhat
kid,1,1,0,0,0,0,0,0,0,0,0,0,0,0,0,5,4,0.17224,3,1,kid
midst,1,0,0,0,0,0,0,0,0,0,0,0,0,0,0,5,5,0.2779,5,1,midst
hamilton,1,0,0,0,0,0,0,0,0,0,0,0,0,0,0,5,5,0.20054,8,1,hamilton
suppressed,0,1,1,0,0,0,0,0,0,0,0,0,0,0,0,5,5,-0.14908000000000002,10,1,suppressed
motioned,0,0,0,0,0,0,0,0,0,0,0,0,0,0,0,5,5,-0.09894,8,1,motioned
freezing,0,1,1,0,0,0,0,0,0,0,0,0,0,0,0,5,4,-0.19412,8,1,freezing
slush,1,0,0,0,0,0,0,0,0,0,0,0,0,0,0,5,5,-0.0893,5,1,slush
marked,0,1,1,0,0,0,0,0,0,0,0,0,0,0,0,5,5,0.38672,6,1,marked
gloved,0,0,1,0,0,0,0,0,0,0,0,0,0,0,0,5,5,0.37472000000000005,6,1,gloved
apparently,0,0,0,1,0,0,0,0,0,0,0,0,0,0,0,5,5,0.02013999999999999,10,1,apparently
y,1,0,0,0,0,0,0,0,0,0,0,0,0,0,0,5,5,0.01544,1,1,y
deal,1,1,1,0,0,0,0,0,0,0,0,0,0,0,0,5,5,0.65212,4,1,deal
youth,1,0,0,0,0,0,0,0,0,0,0,0,0,0,0,5,5,0.4713800000000001,5,1,youth
peering,0,1,0,0,0,0,0,0,0,0,0,0,0,0,0,5,5,0.1794,7,1,peering
hurry,1,0,0,0,0,0,0,0,0,0,0,0,0,0,0,5,5,0.032100000000000004,5,1,hurry
person,1,0,0,0,0,0,0,0,0,0,0,0,0,0,0,5,5,0.27924,6,1,person
remained,0,1,0,0,0,0,0,0,0,0,0,0,0,0,0,5,5,-0.20622,8,1,remained
happened,0,0,0,0,0,0,0,0,0,0,0,0,0,0,0,5,5,-0.24661999999999998,8,1,happened
fierce,0,0,1,0,0,0,0,0,0,0,0,0,0,0,0,5,5,0.014119999999999988,6,1,fierce
stole,1,1,0,0,0,0,0,0,0,0,0,0,0,0,0,5,5,0.05516,5,1,stole
gathering,1,0,1,0,0,0,0,0,0,0,0,0,0,0,0,5,5,-0.13013999999999998,9,1,gathering
sang,0,1,0,0,0,0,0,0,0,0,0,0,0,0,0,5,4,0.3884,4,1,sang
coughed,0,1,0,0,0,0,0,0,0,0,0,0,0,0,0,5,5,0.11438,7,1,coughed
mrs,1,0,0,0,0,0,0,0,0,0,0,0,0,0,0,5,5,0.0,3,1,mrs
mignon,1,0,1,0,0,0,0,0,0,0,0,0,0,0,0,5,5,-0.11099999999999999,6,1,mignon
roche,0,0,0,0,0,0,0,0,0,0,0,0,0,0,0,5,5,0.37623999999999996,5,1,roche
scented,0,1,1,0,0,0,0,0,0,0,0,0,0,0,0,5,5,0.39349999999999996,7,1,scented
protested,0,1,0,0,0,0,0,0,0,0,0,0,0,0,0,5,5,0.09936,9,1,protested
dying,0,1,1,0,0,0,0,0,0,0,0,0,0,0,0,5,5,0.12488000000000002,5,1,dying
eaten,0,1,1,0,0,0,0,0,0,0,0,0,0,0,0,5,5,-0.03302000000000001,5,1,eaten
breakfast,1,1,0,0,0,0,0,0,0,0,0,0,0,0,0,5,5,0.17212,9,1,breakfast
showed,0,1,0,0,0,0,0,0,0,0,0,0,0,0,0,5,5,0.19744,6,1,showed
pocket,1,1,0,0,0,0,0,0,0,0,0,0,0,0,0,5,5,0.0757,6,1,pocket
struggling,0,1,1,0,0,0,0,0,0,0,0,0,0,0,0,5,5,-0.35228,10,1,struggling
click,1,1,0,0,0,0,0,0,0,0,0,0,0,0,0,5,5,0.12869999999999998,5,1,click
jg,0,0,0,0,0,0,0,0,0,0,0,0,0,0,0,5,5,0.0843,2,0,jg
third,1,0,1,1,0,0,0,0,0,0,0,0,0,0,0,5,5,-0.2916,5,1,third
emptied,0,1,1,0,0,0,0,0,0,0,0,0,0,0,0,5,5,0.10848,7,1,emptied
wearily,0,0,0,1,0,0,0,0,0,0,0,0,0,0,0,5,5,0.21942,7,1,wearily
wild,1,0,1,1,0,0,0,0,0,0,0,0,0,0,0,5,5,0.01696000000000002,4,1,wild
moorland,1,0,0,0,0,0,0,0,0,0,0,0,0,0,0,5,5,-0.16898,8,1,moorland
tipped,0,1,1,0,0,0,0,0,0,0,0,0,0,0,0,5,5,-0.055959999999999996,6,1,tipped
intended,1,1,1,0,0,0,0,0,0,0,0,0,0,0,0,5,5,-0.024460000000000016,8,1,intended
forced,0,1,1,0,0,0,0,0,0,0,0,0,0,0,0,5,5,-0.045559999999999934,6,1,forced
deuce,1,0,0,0,0,0,0,0,0,0,0,0,0,0,0,5,5,0.07848,5,1,deuce
nights,0,0,0,1,0,0,0,0,0,0,0,0,0,0,0,5,5,-0.36807999999999996,6,1,nights
fit,1,1,1,0,0,0,0,0,0,0,0,0,0,0,0,5,5,0.19691999999999998,3,1,fit
lighting,1,1,0,0,0,0,0,0,0,0,0,0,0,0,0,5,5,-0.09948000000000001,8,1,lighting
dreamed,0,1,1,0,0,0,0,0,0,0,0,0,0,0,0,5,5,0.18286,7,1,dreamed
ton,1,0,0,1,0,0,0,0,0,0,0,0,0,0,0,5,4,-0.08499999999999999,3,1,ton
lies,1,1,0,0,0,0,0,0,0,0,0,0,0,0,0,5,5,-0.32014,4,1,lies
flag,1,1,0,0,0,0,0,0,0,0,0,0,0,0,0,5,4,-0.32014,4,1,flag
comrade,1,0,0,0,0,0,0,0,0,0,0,0,0,0,0,5,5,-0.04056,7,1,comrade
food,1,0,0,0,0,0,0,0,0,0,0,0,0,0,0,5,5,-0.09666,4,1,food
barrel,1,1,0,0,0,0,0,0,0,0,0,0,0,0,0,5,5,-0.08778,6,1,barrel
beating,1,1,1,0,0,0,0,0,0,0,0,0,0,0,0,5,5,-0.09148000000000003,7,1,beating
follow,0,1,0,0,0,0,0,0,0,0,0,0,0,0,0,5,5,-0.13022,6,1,follow
rush,1,1,1,0,0,0,0,0,0,0,0,0,0,0,0,5,5,-0.15414,4,1,rush
tone,1,1,0,0,0,0,0,0,0,0,0,0,0,0,0,5,5,-0.12161999999999998,4,1,tone
heels,1,1,0,0,0,0,0,0,0,0,0,0,0,0,0,5,5,-0.025939999999999998,5,1,heels
sick,1,0,1,0,0,0,0,0,0,0,0,0,0,0,0,5,5,-0.3406,4,1,sick
fright,0,0,0,0,0,0,0,0,0,0,0,0,0,0,0,5,5,-0.21549999999999997,6,1,fright
growing,1,1,1,0,0,0,0,0,0,0,0,0,0,0,0,5,5,0.21877999999999997,7,1,growing
restless,0,0,1,0,0,0,0,0,0,0,0,0,0,0,0,5,5,-0.35512,8,1,restless
language,1,0,0,0,0,0,0,0,0,0,0,0,0,0,0,5,5,-0.005620000000000003,8,1,language
whip,1,1,0,0,0,0,0,0,0,0,0,0,0,0,0,5,5,0.1856,4,1,whip
fitted,0,1,1,0,0,0,0,0,0,0,0,0,0,0,0,5,5,0.08256,6,1,fitted
secret,1,0,1,0,0,0,0,0,0,0,0,0,0,0,0,5,5,-0.20274,6,1,secret
glow,1,1,0,0,0,0,0,0,0,0,0,0,0,0,0,5,5,0.0598,4,1,glow
occupied,0,1,1,0,0,0,0,0,0,0,0,0,0,0,0,5,5,-0.04479999999999999,8,1,occupied
hole,1,1,0,0,0,0,0,0,0,0,0,0,0,0,0,5,5,-0.11988000000000001,4,1,hole
dynasty,1,0,0,0,0,0,0,0,0,0,0,0,0,0,0,5,5,-0.0407,7,1,dynasty
laffat,0,0,0,0,0,0,0,0,0,0,0,0,0,0,0,5,5,0.19141999999999998,6,1,laffat
possibly,0,0,0,1,0,0,0,0,0,0,0,0,0,0,0,5,5,0.27934000000000003,8,1,possibly
lodge,1,1,0,0,0,0,0,0,0,0,0,0,0,0,0,5,5,-0.21599999999999997,5,1,lodge
lowby,0,0,0,0,0,0,0,0,0,0,0,0,0,0,0,5,5,0.09462,5,1,lowby
spinet,1,0,0,0,0,0,0,0,0,0,0,0,0,0,0,5,5,0.25918,6,1,spinet
drunk,1,1,1,0,0,0,0,0,0,0,0,0,0,0,0,5,5,-0.34968000000000005,5,1,drunk
soup,1,1,0,0,0,0,0,0,0,0,0,0,0,0,0,5,5,0.1828,4,1,soup
stones,0,1,0,0,0,0,0,0,0,0,0,0,0,0,0,5,5,0.27061999999999997,6,1,stones
leads,0,1,0,0,0,0,0,0,0,0,0,0,0,0,0,5,5,0.01544,5,1,leads
waved,0,1,1,0,0,0,0,0,0,0,0,0,0,0,0,5,5,0.015279999999999998,5,1,waved
key,1,1,1,0,0,0,0,0,0,0,0,0,0,0,0,5,5,0.1711,3,1,key
hussars,1,0,0,0,0,0,0,0,0,0,0,0,0,0,0,5,5,-0.12598,7,1,hussars
quaintly,0,0,0,1,0,0,0,0,0,0,0,0,0,0,0,5,5,-0.195,8,1,quaintly
minded,0,1,1,0,0,0,0,0,0,0,0,0,0,0,0,5,5,-0.22662000000000004,6,1,minded
perch,1,1,0,0,0,0,0,0,0,0,0,0,0,0,0,5,5,0.09878,5,1,perch
crowded,0,1,1,0,0,0,0,0,0,0,0,0,0,0,0,5,5,-0.12936,7,1,crowded
ships,1,1,0,0,0,0,0,0,0,0,0,0,0,0,0,5,5,-0.1439,5,1,ships
ear,1,0,0,0,0,0,0,0,0,0,0,0,0,0,0,5,4,0.11143999999999998,3,1,ear
saucer,1,0,0,0,0,0,0,0,0,0,0,0,0,0,0,5,4,0.17616,6,1,saucer
tossing,1,1,1,0,0,0,0,0,0,0,0,0,0,0,0,5,5,0.23512000000000005,7,1,tossing
narrow,1,1,1,0,0,0,0,0,0,0,0,0,0,0,0,5,5,-0.03062,6,1,narrow
heads,0,1,0,1,0,0,0,0,0,0,0,0,0,0,0,5,5,-0.008060000000000012,5,1,heads
phantom,1,0,1,0,0,0,0,0,0,0,0,0,0,0,0,5,5,0.08398000000000003,7,1,phantom
failed,0,1,1,0,0,0,0,0,0,0,0,0,0,0,0,5,5,-0.14658,6,1,failed
orange,1,0,1,0,0,0,0,0,0,0,0,0,0,0,0,5,5,-0.03156000000000001,6,1,orange
curled,0,1,1,0,0,0,0,0,0,0,0,0,0,0,0,5,5,0.26666,6,1,curled
series,1,0,0,0,0,0,0,0,0,0,0,0,0,0,0,5,5,0.54896,6,1,series
thorne,0,0,0,0,0,0,0,0,0,0,0,0,0,0,0,5,5,0.046060000000000004,6,1,thorne
determined,0,1,1,0,0,0,0,0,0,0,0,0,0,0,0,5,5,0.26280000000000003,10,1,determined
rage,1,1,0,0,0,0,0,0,0,0,0,0,0,0,0,5,5,-0.54558,4,1,rage
ahead,0,0,1,1,0,0,0,0,0,0,0,0,0,0,0,5,5,-0.029299999999999982,5,1,ahead
spray,1,1,0,0,0,0,0,0,0,0,0,0,0,0,0,5,5,0.05464,5,1,spray
thickets,1,0,0,0,0,0,0,0,0,0,0,0,0,0,0,5,5,0.036720000000000017,8,1,thickets
northern,1,0,1,0,0,0,0,0,0,0,0,0,0,0,0,5,5,-0.050819999999999976,8,1,northern
greave,1,0,0,0,0,0,0,0,0,0,0,0,0,0,0,5,5,0.04278,6,1,greave
legation,1,0,0,0,0,0,0,0,0,0,0,0,0,0,0,5,5,-0.21034000000000003,8,1,legation
breaking,1,1,1,0,0,0,0,0,0,0,0,0,0,0,0,5,5,0.08508,8,1,breaking
angry,0,0,1,0,0,0,0,0,0,0,0,0,0,0,0,5,5,-0.5902000000000001,5,1,angry
bath,1,0,0,0,0,0,0,0,0,0,0,0,0,0,0,5,4,0.08915999999999999,4,1,bath
sounds,1,1,0,0,0,0,0,0,0,0,0,0,0,0,0,5,5,-0.05534,6,1,sounds
goes,1,1,0,0,0,0,0,0,0,0,0,0,0,0,0,5,5,0.47742000000000007,4,1,goes
visit,1,1,0,0,0,0,0,0,0,0,0,0,0,0,0,5,5,0.04309999999999999,5,1,visit
purring,1,1,0,0,0,0,0,0,0,0,0,0,0,0,0,5,5,0.20371999999999998,7,1,purring
expect,0,1,0,0,0,0,0,0,0,0,0,0,0,0,0,5,5,0.25192,6,1,expect
kin,1,0,1,0,0,0,0,0,0,0,0,0,0,0,0,5,5,-0.006600000000000006,3,1,kin
danger,1,0,0,0,0,0,0,0,0,0,0,0,0,0,0,5,5,0.019420000000000028,6,1,danger
expressed,0,1,1,0,0,0,0,0,0,0,0,0,0,0,0,5,5,-0.09522,9,1,expressed
says,1,1,0,0,0,0,0,0,0,0,0,0,0,0,0,5,4,0.019079999999999986,4,1,says
shake,1,1,0,0,0,0,0,0,0,0,0,0,0,0,0,5,5,-0.42462,5,1,shake
gutter,1,1,0,0,0,0,0,0,0,0,0,0,0,0,0,5,5,0.054380000000000005,6,1,gutter
jersey,1,0,0,0,0,0,0,0,0,0,0,0,0,0,0,5,5,-0.14086,6,1,jersey
rabbit,1,1,0,0,0,0,0,0,0,0,0,0,0,0,0,5,5,-0.0571,6,1,rabbit
queer,1,1,1,0,0,0,0,0,0,0,0,0,0,0,0,5,5,-0.003639999999999988,5,1,queer
ripple,1,1,1,0,0,0,0,0,0,0,0,0,0,0,0,5,5,0.09132000000000001,6,1,ripple
service,1,1,0,0,0,0,0,0,0,0,0,0,0,0,0,5,5,0.049619999999999984,7,1,service
cabinet,1,0,1,0,0,0,0,0,0,0,0,0,0,0,0,5,5,-0.02318,7,1,cabinet
parents,1,0,0,0,0,0,0,0,0,0,0,0,0,0,0,5,5,0.18778,7,1,parents
distinct,0,0,1,0,0,0,0,0,0,0,0,0,0,0,0,5,5,-0.016979999999999995,8,1,distinct
mud,1,1,0,0,0,0,0,0,0,0,0,0,0,0,0,5,5,-0.11708000000000003,3,1,mud
circlet,1,0,0,0,0,0,0,0,0,0,0,0,0,0,0,5,5,0.05104000000000001,7,1,circlet
nobody,1,0,0,0,0,0,0,0,0,0,1,0,0,0,1,5,5,0.11796000000000002,6,1,nobody
hallway,1,0,0,0,0,0,0,0,0,0,0,0,0,0,0,5,5,-0.01212000000000001,7,1,hallway
hagard,0,0,0,0,0,0,0,0,0,0,0,0,0,0,0,5,5,0.21614,6,1,hagard
ne,0,0,0,0,0,0,1,0,0,0,0,0,0,0,0,5,5,0.21272000000000002,2,1,ne
faltered,0,0,0,0,0,0,0,0,0,0,0,0,0,0,0,5,5,0.06558000000000001,8,1,faltered
town,1,0,0,0,0,0,0,0,0,0,0,0,0,0,0,5,5,0.26120000000000004,4,1,town
ze,0,0,0,0,0,0,0,0,0,0,0,0,0,0,0,5,4,0.061040000000000004,2,0,ze
foliage,0,0,0,0,0,0,0,0,0,0,0,0,0,0,0,5,5,0.19385999999999998,7,1,foliage
asylum,1,0,0,0,0,0,0,0,0,0,0,0,0,0,0,5,5,-0.3828,6,1,asylum
obliged,0,1,1,0,0,0,0,0,0,0,0,0,0,0,0,5,5,-0.48854,7,1,obliged
spik,0,0,0,0,0,0,0,0,0,0,0,0,0,0,0,5,4,-0.11128,4,1,spik
dogs,1,0,0,0,0,0,0,0,0,0,0,0,0,0,0,5,5,0.19626000000000002,4,1,dogs
twilight,1,0,1,0,0,0,0,0,0,0,0,0,0,0,0,5,5,-0.14042,8,1,twilight
receive,1,1,0,0,0,0,0,0,0,0,0,0,0,0,0,5,5,0.05666000000000002,7,1,receive
match,1,1,0,0,0,0,0,0,0,0,0,0,0,0,0,5,5,-0.30972,5,1,match
dreaming,1,1,0,0,0,0,0,0,0,0,0,0,0,0,0,5,5,-0.09946,8,1,dreaming
land,1,1,1,0,0,0,0,0,0,0,0,0,0,0,0,5,5,0.0017000000000000127,4,1,land
nouveau,0,0,0,0,0,0,0,0,0,0,0,0,0,0,0,5,4,0.5988,7,1,nouveau
affair,1,0,0,0,0,0,0,0,0,0,0,0,0,0,0,5,5,0.006799999999999995,6,1,affair
buttons,1,1,0,0,0,0,0,0,0,0,0,0,0,0,0,5,4,-0.33174000000000003,7,1,buttons
useless,0,0,1,0,0,0,0,0,0,0,0,0,0,0,0,5,5,-0.5505,7,1,useless
shining,1,1,1,0,0,0,0,0,0,0,0,0,0,0,0,5,5,-0.34882,7,1,shining
utter,0,1,1,0,0,0,0,0,0,0,0,0,0,0,0,5,5,-0.39608,5,1,utter
graceful,0,0,1,0,0,0,0,0,0,0,0,0,0,0,0,5,5,0.41234000000000004,8,1,graceful
liberty,1,0,0,0,0,0,0,0,0,0,0,0,0,0,0,5,5,0.6287799999999999,7,1,liberty
parasol,1,0,0,0,0,0,0,0,0,0,0,0,0,0,0,5,5,-0.18483999999999998,7,1,parasol
simplicity,1,0,0,0,0,0,0,0,0,0,0,0,0,0,0,5,5,0.48353999999999997,10,1,simplicity
ice,1,1,0,0,0,0,0,0,0,0,0,0,0,0,0,5,5,0.40824,3,1,ice
kneeling,1,1,1,0,0,0,0,0,0,0,0,0,0,0,0,5,5,-0.0017400000000000083,8,1,kneeling
prussian,1,0,1,0,0,0,0,0,0,0,0,0,0,0,0,5,5,-0.02105999999999999,8,1,prussian
muttering,1,0,1,0,0,0,0,0,0,0,0,0,0,0,0,5,5,-0.027239999999999997,9,1,muttering
pas,1,0,0,0,0,0,0,0,0,0,0,0,0,0,0,5,5,0.12544,3,1,pas
les,1,0,0,0,0,0,0,0,0,0,0,0,0,0,0,5,4,0.0,3,1,les
step,1,1,0,0,0,0,0,0,0,0,0,0,0,0,0,5,5,-0.06921999999999998,4,1,step
diamonds,1,0,0,0,0,0,0,0,0,0,0,0,0,0,0,5,5,0.18398000000000003,8,1,diamonds
tower,1,0,0,0,0,0,0,0,0,0,0,0,0,0,0,5,5,0.06148,5,1,tower
electric,1,0,1,0,0,0,0,0,0,0,0,0,0,0,0,5,5,0.0618,8,1,electric
saddle,1,1,0,0,0,0,0,0,0,0,0,0,0,0,0,5,5,-0.30450000000000005,6,1,saddle
duty,1,0,0,0,0,0,0,0,0,0,0,0,0,0,0,5,3,0.33065999999999995,4,1,duty
hastily,0,0,0,1,0,0,0,0,0,0,0,0,0,0,0,5,5,0.16147999999999998,7,1,hastily
boots,1,1,0,0,0,0,0,0,0,0,0,0,0,0,0,5,5,-0.005120000000000001,5,1,boots
wine,1,1,0,0,0,0,0,0,0,0,0,0,0,0,0,5,4,0.035539999999999995,4,1,wine
taught,0,1,1,0,0,0,0,0,0,0,0,0,0,0,0,5,5,0.17102,6,1,taught
acquaintance,1,0,0,0,0,0,0,0,0,0,0,0,0,0,0,5,5,0.29804,12,1,acquaintance
teach,1,1,0,0,0,0,0,0,0,0,0,0,0,0,0,5,5,0.23406000000000002,5,1,teach
secretary,1,0,0,0,0,0,0,0,0,0,0,0,0,0,0,5,5,-0.18753999999999998,9,1,secretary
stop,1,1,0,0,0,0,0,0,0,0,0,0,0,0,0,5,5,0.16476000000000002,4,1,stop
hearth,1,0,0,0,0,0,0,0,0,0,0,0,0,0,0,5,5,-0.16454,6,1,hearth
glimpse,1,1,0,0,0,0,0,0,0,0,0,0,0,0,0,5,5,0.12226,7,1,glimpse
glancing,0,1,0,0,0,0,0,0,0,0,0,0,0,0,0,5,5,-0.022919999999999996,8,1,glancing
prince,1,0,0,0,0,0,0,0,0,0,0,0,0,0,0,5,5,0.19474,6,1,prince
emblazoned,0,0,0,0,0,0,0,0,0,0,0,0,0,0,0,5,5,0.19474,10,1,emblazoned
fourth,1,0,1,1,0,0,0,0,0,0,0,0,0,0,0,5,5,-0.10526000000000002,6,1,fourth
spread,1,1,1,0,0,0,0,0,0,0,0,0,0,0,0,5,5,0.17092000000000002,6,1,spread
worth,1,0,1,0,0,0,0,0,0,0,0,0,0,0,0,5,5,0.38752,5,1,worth
thunder,1,1,0,0,0,0,0,0,0,0,0,0,0,0,0,5,5,-0.23440000000000003,7,1,thunder
artist,1,0,0,0,0,0,0,0,0,0,0,0,0,0,0,5,5,-0.09502,6,1,artist
portion,1,0,0,0,0,0,0,0,0,0,0,0,0,0,0,5,5,0.06572000000000001,7,1,portion
disease,1,0,0,0,0,0,0,0,0,0,0,0,0,0,0,5,5,0.18329999999999996,7,1,disease
armorer,1,0,0,0,0,0,0,0,0,0,0,0,0,0,0,5,5,0.3337,7,1,armorer
bleecker,0,0,0,0,0,0,0,0,0,0,0,0,0,0,0,5,5,-0.09840000000000002,8,1,bleecker
deadly,0,0,1,1,0,0,0,0,0,0,0,0,0,0,0,5,5,0.04384000000000001,6,1,deadly
dare,1,1,0,0,0,0,0,0,0,0,0,0,0,0,0,5,5,0.32386,4,1,dare
surely,0,0,0,1,0,0,0,0,0,0,0,0,0,0,0,5,5,0.38262,6,1,surely
scarlet,1,0,1,0,0,0,0,0,0,0,0,0,0,0,0,5,5,-0.06364,7,1,scarlet
cause,1,1,0,0,0,0,0,0,0,0,0,0,0,0,0,5,5,0.0009399999999999853,5,1,cause
spurs,1,1,0,0,0,0,0,0,0,0,0,0,0,0,0,5,5,0.12302000000000002,5,1,spurs
vas,1,0,0,0,0,0,0,0,0,0,0,0,0,0,0,5,5,0.41066,3,1,vas
heavens,1,0,0,0,0,0,0,0,0,0,0,0,0,0,0,5,5,0.46958,7,1,heavens
fires,0,1,0,0,0,0,0,0,0,0,0,0,0,0,0,5,5,-0.17919999999999997,5,1,fires
working,1,1,1,0,0,0,0,0,0,0,0,0,0,0,0,5,5,0.25124,7,1,working
scraped,0,1,1,0,0,0,0,0,0,0,0,0,0,0,0,5,5,-0.0413,7,1,scraped
clay,1,0,0,0,0,0,0,0,0,0,0,0,0,0,0,5,5,-0.006780000000000004,4,1,clay
surrounded,0,1,1,0,0,0,0,0,0,0,0,0,0,0,0,5,5,0.13824,10,1,surrounded
dining,1,1,0,0,0,0,0,0,0,0,0,0,0,0,0,5,5,0.16158,6,1,dining
hotel,1,0,0,0,0,0,0,0,0,0,0,0,0,0,0,5,5,-0.05695999999999999,5,1,hotel
presence,1,0,0,0,0,0,0,0,0,0,0,0,0,0,0,5,5,-0.03534,8,1,presence
pat,1,0,1,1,0,0,0,0,0,0,0,0,0,0,0,5,5,0.20093999999999998,3,1,pat
carved,0,1,1,0,0,0,0,0,0,0,0,0,0,0,0,5,5,-0.25534,6,1,carved
rows,1,1,0,0,0,0,0,0,0,0,0,0,0,0,0,5,5,-0.19064,4,1,rows
nerve,1,0,0,0,0,0,0,0,0,0,0,0,0,0,0,5,5,0.05244,5,1,nerve
spy,1,1,0,0,0,0,0,0,0,0,0,0,0,0,0,5,5,-0.24134000000000003,3,1,spy
warning,1,1,1,0,0,0,0,0,0,0,0,0,0,0,0,5,5,-0.12666,7,1,warning
getting,1,1,0,0,0,0,0,0,0,0,0,0,0,0,0,5,5,0.09382,7,1,getting
ac,0,0,0,0,0,0,0,0,0,0,0,0,0,0,0,5,5,0.40922000000000003,2,0,ac
served,0,1,0,0,0,0,0,0,0,0,0,0,0,0,0,5,5,-0.14021999999999998,6,1,served
groaned,0,1,0,0,0,0,0,0,0,0,0,0,0,0,0,5,5,0.09944,7,1,groaned
bush,1,1,1,0,0,0,0,0,0,0,0,0,0,0,0,5,5,-0.05444,4,1,bush
whistle,1,1,0,0,0,0,0,0,0,0,0,0,0,0,0,5,5,0.23693999999999998,7,1,whistle
chatter,1,1,0,0,0,0,0,0,0,0,0,0,0,0,0,5,5,0.11680000000000001,7,1,chatter
kiss,1,1,0,0,0,0,0,0,0,0,0,0,0,0,0,5,5,0.33894,4,1,kiss
bits,1,1,0,0,0,0,0,0,0,0,0,0,0,0,0,5,5,0.10990000000000003,4,1,bits
age,1,1,0,0,0,0,0,0,0,0,0,0,0,0,0,5,5,-0.27092,3,1,age
struggle,1,1,0,0,0,0,0,0,0,0,0,0,0,0,0,5,5,-0.59098,8,1,struggle
promised,0,1,1,0,0,0,0,0,0,0,0,0,0,0,0,5,5,0.6999000000000001,8,1,promised
bankment,0,0,0,0,0,0,0,0,0,0,0,0,0,0,0,5,5,0.07776000000000001,8,1,bankment
bringing,0,1,0,0,0,0,0,0,0,0,0,0,0,0,0,5,5,-0.23376000000000002,8,1,bringing
themselves,0,0,0,0,0,0,0,0,0,0,0,0,0,0,1,5,5,0.20229999999999998,10,1,themselves
cover,1,1,0,0,0,0,0,0,0,0,0,0,0,0,0,5,5,-0.09653999999999999,5,1,cover
chocolate,1,0,1,0,0,0,0,0,0,0,0,0,0,0,0,5,5,0.29118,9,1,chocolate
shivered,0,0,0,0,0,0,0,0,0,0,0,0,0,0,0,5,5,-0.0124,8,1,shivered
fluttered,0,0,0,0,0,0,0,0,0,0,0,0,0,0,0,5,5,0.0517,9,1,fluttered
worm,1,0,0,0,0,0,0,0,0,0,0,0,0,0,0,5,5,-0.06544,4,1,worm
franc,1,0,0,0,0,0,0,0,0,0,0,0,0,0,0,5,5,0.23733999999999997,5,1,franc
busy,0,1,1,0,0,0,0,0,0,0,0,0,0,0,0,5,5,0.014419999999999988,4,1,busy
haw,1,1,0,0,0,0,0,0,0,0,0,0,0,0,0,5,5,-0.011119999999999996,3,1,haw
berk,1,0,0,0,0,0,0,0,0,0,0,0,0,0,0,5,5,-0.011119999999999996,4,1,berk
wet,1,1,1,0,0,0,0,0,0,0,0,0,0,0,0,5,5,-0.07482,3,1,wet
op,1,0,0,0,0,0,0,0,0,0,0,0,0,0,0,5,5,0.0,2,1,op
glowed,0,1,0,0,0,0,0,0,0,0,0,0,0,0,0,5,5,0.3716,6,1,glowed
coffin,1,1,0,0,0,0,0,0,0,0,0,0,0,0,0,5,5,0.03864000000000001,6,1,coffin
sink,1,1,0,0,0,0,0,0,0,0,0,0,0,0,0,5,5,0.06984,4,1,sink
hunting,0,1,0,0,0,0,0,0,0,0,0,0,0,0,0,5,5,-0.09494,7,1,hunting
lights,1,1,0,0,0,0,0,0,0,0,0,0,0,0,0,5,5,0.22456,6,1,lights
ring,1,1,0,0,0,0,0,0,0,0,0,0,0,0,0,5,5,0.19252,4,1,ring
salute,1,1,0,0,0,0,0,0,0,0,0,0,0,0,0,5,5,-0.12558,6,1,salute
ruins,1,1,0,0,0,0,0,0,0,0,0,0,0,0,0,5,5,-0.28748,5,1,ruins
fury,1,0,0,0,0,0,0,0,0,0,0,0,0,0,0,5,5,-0.73116,4,1,fury
renounce,1,0,0,0,0,0,0,0,0,0,0,0,0,0,0,5,4,0.09781999999999999,8,1,renounce
flame,1,1,0,0,0,0,0,0,0,0,0,0,0,0,0,5,5,0.10758000000000001,5,1,flame
screamed,0,1,0,0,0,0,0,0,0,0,0,0,0,0,0,5,5,-0.23354,8,1,screamed
strong,0,0,1,1,0,0,0,0,0,0,0,0,0,0,0,5,5,0.6262200000000001,6,1,strong
meadows,1,0,0,0,0,0,0,0,0,0,0,0,0,0,0,5,5,0.13757999999999998,7,1,meadows
danced,0,1,0,0,0,0,0,0,0,0,0,0,0,0,0,5,5,0.25514000000000003,6,1,danced
surged,0,1,0,0,0,0,0,0,0,0,0,0,0,0,0,4,4,-0.09469999999999999,6,1,surged
mail,1,1,0,0,0,0,0,0,0,0,0,0,0,0,0,4,4,0.47965,4,1,mail
ting,1,1,0,0,0,0,0,0,0,0,0,0,0,0,0,4,4,-0.074,4,1,ting
jingle,1,1,0,0,0,0,0,0,0,0,0,0,0,0,0,4,4,0.286325,6,1,jingle
arrange,0,1,0,0,0,0,0,0,0,0,0,0,0,0,0,4,3,0.52235,7,1,arrange
poodle,1,0,0,0,0,0,0,0,0,0,0,0,0,0,0,4,4,0.0667,6,1,poodle
button,1,1,0,0,0,0,0,0,0,0,0,0,0,0,0,4,3,0.16582499999999997,6,1,button
afterward,0,0,0,1,0,0,0,0,0,0,0,0,0,0,0,4,4,0.17155,9,1,afterward
crouched,0,1,1,0,0,0,0,0,0,0,0,0,0,0,0,4,4,0.005699999999999997,8,1,crouched
ist,0,0,0,0,0,0,0,0,0,0,0,0,0,0,0,4,4,0.164925,3,1,ist
retainer,1,0,0,0,0,0,0,0,0,0,0,0,0,0,0,4,4,0.0,8,1,retainer
fairly,0,0,0,1,0,0,0,0,0,0,0,0,0,0,0,4,4,-0.112775,6,1,fairly
confusion,1,0,0,0,0,0,0,0,0,0,0,0,0,0,0,4,4,-0.2691,9,1,confusion
driving,1,1,1,0,0,0,0,0,0,0,0,0,0,0,0,4,4,0.203625,7,1,driving
caprice,1,0,0,0,0,0,0,0,0,0,0,0,0,0,0,4,4,0.11345000000000001,7,1,caprice
watchman,1,0,0,0,0,0,0,0,0,0,0,0,0,0,0,4,4,-0.276225,8,1,watchman
pres,1,0,0,0,0,0,0,0,0,0,0,0,0,0,0,4,4,-0.0129,4,1,pres
raising,1,1,1,0,0,0,0,0,0,0,0,0,0,0,0,4,4,-0.265575,7,1,raising
thread,1,1,0,0,0,0,0,0,0,0,0,0,0,0,0,4,3,0.3243,6,1,thread
entrance,1,1,0,0,0,0,0,0,0,0,0,0,0,0,0,4,4,0.26565,8,1,entrance
garrison,1,1,0,0,0,0,0,0,0,0,0,0,0,0,0,4,4,0.098675,8,1,garrison
stayed,0,1,0,0,0,0,0,0,0,0,0,0,0,0,0,4,4,0.104175,6,1,stayed
troops,1,1,0,0,0,0,0,0,0,0,0,0,0,0,0,4,4,-0.15660000000000002,6,1,troops
alfred,1,0,0,0,0,0,0,0,0,0,0,0,0,0,0,4,3,0.12695,6,1,alfred
chest,1,0,0,0,0,0,0,0,0,0,0,0,0,0,0,4,4,-0.0129,5,1,chest
page,1,1,0,0,0,0,0,0,0,0,0,0,0,0,0,4,4,-0.238975,4,1,page
bricks,0,0,0,0,0,0,0,0,0,0,0,0,0,0,0,4,4,-0.410925,6,1,bricks
crackling,0,1,1,0,0,0,0,0,0,0,0,0,0,0,0,4,4,-0.41689999999999994,9,1,crackling
prove,0,1,0,0,0,0,0,0,0,0,0,0,0,0,0,4,4,-0.1768,5,1,prove
heavily,0,0,0,1,0,0,0,0,0,0,0,0,0,0,0,4,4,-0.10532499999999999,7,1,heavily
ages,1,1,0,0,0,0,0,0,0,0,0,0,0,0,0,4,4,0.1629,4,1,ages
questions,1,1,0,0,0,0,0,0,0,0,0,0,0,0,0,4,4,0.233875,9,1,questions
bracken,1,0,0,0,0,0,0,0,0,0,0,0,0,0,0,4,4,-0.19872499999999998,7,1,bracken
struggled,0,1,0,0,0,0,0,0,0,0,0,0,0,0,0,4,4,-0.38144999999999996,9,1,struggled
excuse,1,1,0,0,0,0,0,0,0,0,0,0,0,0,0,4,4,0.14167499999999997,6,1,excuse
desperate,1,0,1,0,0,0,0,0,0,0,0,0,0,0,0,4,4,-0.47775,9,1,desperate
realize,0,1,0,0,0,0,0,0,0,0,0,0,0,0,0,4,4,0.30967500000000003,7,1,realize
jar,1,1,0,0,0,0,0,0,0,0,0,0,0,0,0,4,4,0.3911,3,1,jar
mostly,0,0,0,1,0,0,0,0,0,0,0,0,0,0,0,4,4,0.3449,6,1,mostly
whisper,1,1,0,0,0,0,0,0,0,0,0,0,0,0,0,4,4,0.31925000000000003,7,1,whisper
nation,1,0,0,0,0,0,0,0,0,0,0,0,0,0,0,4,4,0.03152500000000002,6,1,nation
balcony,1,0,0,0,0,0,0,0,0,0,0,0,0,0,0,4,4,-0.252925,7,1,balcony
adjust,0,1,0,0,0,0,0,0,0,0,0,0,0,0,0,4,4,-0.112425,6,1,adjust
yard,1,0,0,0,0,0,0,0,0,0,0,0,0,0,0,4,4,-0.470425,4,1,yard
existence,0,0,0,0,0,0,0,0,0,0,0,0,0,0,0,4,4,-0.11557500000000001,9,1,existence
unless,0,0,0,0,0,0,1,0,0,0,0,0,0,0,0,4,4,0.23120000000000002,6,1,unless
whatever,0,0,1,0,0,0,0,0,0,0,0,0,1,0,0,4,4,-0.226625,8,1,whatever
drink,1,1,0,0,0,0,0,0,0,0,0,0,0,0,0,4,4,-0.31984999999999997,5,1,drink
horror,1,0,0,0,0,0,0,0,0,0,0,0,0,0,0,4,4,-0.7231000000000001,6,1,horror
reward,1,1,0,0,0,0,0,0,0,0,0,0,0,0,0,4,4,0.38269999999999993,6,1,reward
stumbled,0,1,0,0,0,0,0,0,0,0,0,0,0,0,0,4,4,-0.314475,8,1,stumbled
solution,1,0,0,0,0,0,0,0,0,0,0,0,0,0,0,4,4,0.22494999999999998,8,1,solution
dragging,1,1,1,0,0,0,0,0,0,0,0,0,0,0,0,4,4,0.145575,8,1,dragging
lunatic,1,0,1,0,0,0,0,0,0,0,0,0,0,0,0,4,4,-0.5383249999999999,7,1,lunatic
personal,1,0,1,0,0,0,0,0,0,0,0,0,0,0,0,4,4,0.143225,8,1,personal
mounting,1,1,0,0,0,0,0,0,0,0,0,0,0,0,0,4,4,0.21655,8,1,mounting
ass,1,0,0,0,0,0,0,0,0,0,0,0,0,0,0,4,3,-0.7420499999999999,3,1,ass
tess,0,0,0,0,0,0,0,0,0,0,0,0,0,0,0,4,4,0.33125,4,1,tess
wagon,1,0,0,0,0,0,0,0,0,0,0,0,0,0,0,4,4,0.24095,5,1,wagon
circles,1,1,0,0,0,0,0,0,0,0,0,0,0,0,0,4,4,-0.23895,7,1,circles
priest,1,0,0,0,0,0,0,0,0,0,0,0,0,0,0,4,4,0.235875,6,1,priest
bill,1,1,0,0,0,0,0,0,0,0,0,0,0,0,0,4,4,0.10197500000000001,4,1,bill
brilliant,1,0,1,0,0,0,0,0,0,0,0,0,0,0,0,4,4,0.742625,9,1,brilliant
napoleon,1,0,0,0,0,0,0,0,0,0,0,0,0,0,0,4,2,0.0,8,1,napoleon
shortly,0,0,0,1,0,0,0,0,0,0,0,0,0,0,0,4,4,0.22804999999999997,7,1,shortly
dressed,0,1,1,0,0,0,0,0,0,0,0,0,0,0,0,4,4,0.243775,7,1,dressed
beauty,1,0,0,0,0,0,0,0,0,0,0,0,0,0,0,4,4,0.44705,6,1,beauty
couldn,0,0,0,0,0,0,0,0,0,0,0,0,0,0,0,4,4,0.199825,6,1,couldn
groaning,1,1,1,0,0,0,0,0,0,0,0,0,0,0,0,4,4,-0.26115,8,1,groaning
parlor,1,0,0,0,0,0,0,0,0,0,0,0,0,0,0,4,4,-0.04175000000000001,6,1,parlor
shaking,1,1,1,0,0,0,0,0,0,0,0,0,0,0,0,4,4,-0.259175,7,1,shaking
blackbird,1,0,0,0,0,0,0,0,0,0,0,0,0,0,0,4,4,-0.02009999999999998,9,1,blackbird
interest,1,1,0,0,0,0,0,0,0,0,0,0,0,0,0,4,4,0.5121249999999999,8,1,interest
history,1,0,0,0,0,0,0,0,0,0,0,0,0,0,0,4,4,-0.1396,7,1,history
sold,0,1,1,0,0,0,0,0,0,0,0,0,0,0,0,4,4,-0.22355,4,1,sold
elbow,1,1,0,0,0,0,0,0,0,0,0,0,0,0,0,4,4,-0.156225,5,1,elbow
lamps,1,0,0,0,0,0,0,0,0,0,0,0,0,0,0,4,4,-0.12819999999999998,5,1,lamps
mechanically,0,0,0,1,0,0,0,0,0,0,0,0,0,0,0,4,4,-0.1531,12,1,mechanically
dine,0,1,0,0,0,0,0,0,0,0,0,0,0,0,0,4,4,0.17100000000000004,4,1,dine
puzzled,0,1,1,0,0,0,0,0,0,0,0,0,0,0,0,4,4,-0.14600000000000002,7,1,puzzled
throw,1,1,0,0,0,0,0,0,0,0,0,0,0,0,0,4,4,0.19584999999999997,5,1,throw
heliotrope,0,0,0,0,0,0,0,0,0,0,0,0,0,0,0,4,4,0.2814,10,1,heliotrope
mount,1,1,0,0,0,0,0,0,0,0,0,0,0,0,0,4,4,0.0,5,1,mount
bull,1,1,1,0,0,0,0,0,0,0,0,0,0,0,0,4,4,-0.031899999999999984,4,1,bull
glared,0,1,0,0,0,0,0,0,0,0,0,0,0,0,0,4,4,-0.253725,6,1,glared
formed,0,1,1,0,0,0,0,0,0,0,0,0,0,0,0,4,4,-0.352475,6,1,formed
seek,1,1,0,0,0,0,0,0,0,0,0,0,0,0,0,4,4,0.0204,4,1,seek
disappear,0,1,0,0,0,0,0,0,0,0,0,0,0,0,0,4,4,-0.075075,9,1,disappear
invited,0,1,1,0,0,0,0,0,0,0,0,0,0,0,0,4,4,0.279675,7,1,invited
husband,1,0,0,0,0,0,0,0,0,0,0,0,0,0,0,4,4,0.183775,7,1,husband
painting,1,1,0,0,0,0,0,0,0,0,0,0,0,0,0,4,4,0.110475,8,1,painting
save,1,1,0,0,0,0,1,0,0,0,0,0,0,0,0,4,4,0.5159750000000001,4,1,save
western,1,0,1,0,0,0,0,0,0,0,0,0,0,0,0,4,4,-0.033875,7,1,western
thus,0,0,0,1,0,0,0,0,0,0,0,0,0,0,0,4,4,-0.10475,4,1,thus
absolute,1,0,1,0,0,0,0,0,0,0,0,0,0,0,0,4,4,-0.20047500000000001,8,1,absolute
chill,1,1,1,0,0,0,0,0,0,0,0,0,0,0,0,4,4,0.202825,5,1,chill
barnabe,0,0,0,0,0,0,0,0,0,0,0,0,0,0,0,4,4,0.19765,7,1,barnabe
sell,1,1,0,0,0,0,0,0,0,0,0,0,0,0,0,4,4,-0.00645,4,1,sell
studying,0,1,0,0,0,0,0,0,0,0,0,0,0,0,0,4,4,0.14805,8,1,studying
ecstasy,1,0,0,0,0,0,0,0,0,0,0,0,0,0,0,4,4,0.5797500000000001,7,1,ecstasy
troubles,1,1,0,0,0,0,0,0,0,0,0,0,0,0,0,4,4,-0.29485,8,1,troubles
altar,1,0,0,0,0,0,0,0,0,0,0,0,0,0,0,4,4,-0.07955,5,1,altar
sermon,1,0,0,0,0,0,0,0,0,0,0,0,0,0,0,4,4,0.125575,6,1,sermon
counted,0,1,0,0,0,0,0,0,0,0,0,0,0,0,0,4,4,-0.33030000000000004,7,1,counted
shreds,1,1,0,0,0,0,0,0,0,0,0,0,0,0,0,4,4,-0.201075,6,1,shreds
signals,1,0,0,0,0,0,0,0,0,0,0,0,0,0,0,4,4,0.1531,7,1,signals
mamma,1,0,0,0,0,0,0,0,0,0,0,0,0,0,0,4,3,-0.032174999999999995,5,1,mamma
galloped,0,0,0,0,0,0,0,0,0,0,0,0,0,0,0,4,4,0.06815,8,1,galloped
telling,1,1,1,0,0,0,0,0,0,0,0,0,0,0,0,4,4,0.16447499999999998,7,1,telling
sainte,0,0,0,0,0,0,0,0,0,0,0,0,0,0,0,4,4,0.1968,6,1,sainte
pleased,0,1,1,0,0,0,0,0,0,0,0,0,0,0,0,4,4,0.642775,7,1,pleased
preacher,1,0,0,0,0,0,0,0,0,0,0,0,0,0,0,4,4,0.34025,8,1,preacher
latest,1,0,1,1,0,0,0,0,0,0,0,0,0,0,0,4,4,0.682075,6,1,latest
ambulances,1,0,0,0,0,0,0,0,0,0,0,0,0,0,0,4,4,-0.304925,10,1,ambulances
crazy,1,0,1,0,0,0,0,0,0,0,0,0,0,0,0,4,4,-0.44620000000000004,5,1,crazy
iii,0,0,0,0,0,0,0,0,0,0,0,0,0,0,0,4,4,0.0,3,1,iii
running,1,1,1,0,0,0,0,0,0,0,0,0,0,0,0,4,4,-0.5399750000000001,7,1,running
whiter,0,0,0,0,0,0,0,0,0,0,0,0,0,0,0,4,4,0.48644999999999994,6,1,whiter
infernal,1,0,1,0,0,0,0,0,0,0,0,0,0,0,0,4,4,-0.35309999999999997,8,1,infernal
doubt,1,1,0,0,0,0,0,0,0,0,0,0,0,0,0,4,4,0.07417500000000002,5,1,doubt
perfumed,0,1,1,0,0,0,0,0,0,0,0,0,0,0,0,4,4,0.02755000000000002,8,1,perfumed
merely,0,0,0,1,0,0,0,0,0,0,0,0,0,0,0,4,4,-0.39185000000000003,6,1,merely
uttered,0,0,1,0,0,0,0,0,0,0,0,0,0,0,0,4,4,-0.053299999999999986,7,1,uttered
butterflies,1,1,0,0,0,0,0,0,0,0,0,0,0,0,0,4,3,0.06845,11,1,butterflies
spun,0,1,1,0,0,0,0,0,0,0,0,0,0,0,0,4,4,0.33719999999999994,4,1,spun
delicious,1,0,1,0,0,0,0,0,0,0,0,0,0,0,0,4,4,0.611425,9,1,delicious
thee,1,0,0,0,0,0,0,0,0,0,0,0,0,0,0,4,4,0.252625,4,1,thee
police,1,0,0,0,0,0,0,0,0,0,0,0,0,0,0,4,4,0.10409999999999997,6,1,police
sabre,1,1,0,0,0,0,0,0,0,0,0,0,0,0,0,4,4,-0.258475,5,1,sabre
rene,0,0,0,0,0,0,0,0,0,0,0,0,0,0,0,4,4,-0.11637499999999999,4,1,rene
killed,0,1,0,0,0,0,0,0,0,0,0,0,0,0,0,4,4,-0.5937250000000001,6,1,killed
vaguer,0,0,1,0,0,0,0,0,0,0,0,0,0,0,0,4,3,0.4091,6,1,vaguer
threaded,0,1,1,0,0,0,0,0,0,0,0,0,0,0,0,4,4,-0.08505,8,1,threaded
chance,1,1,1,0,0,0,0,0,0,0,0,0,0,0,0,4,4,0.38507500000000006,6,1,chance
occurred,0,1,0,0,0,0,0,0,0,0,0,0,0,0,0,4,4,0.08587499999999999,8,1,occurred
stepping,0,1,0,0,0,0,0,0,0,0,0,0,0,0,0,4,4,0.27322500000000005,8,1,stepping
footsteps,1,0,0,0,0,0,0,0,0,0,0,0,0,0,0,4,4,-0.130575,9,1,footsteps
silken,0,0,1,0,0,0,0,0,0,0,0,0,0,0,0,4,4,0.25177499999999997,6,1,silken
mellow,1,1,1,1,0,0,0,0,0,0,0,0,0,0,0,4,4,0.280375,6,1,mellow
seven,1,0,1,0,0,0,0,0,0,0,0,0,0,0,0,4,4,-0.1101,5,1,seven
eight,1,0,1,0,0,0,0,0,0,0,0,0,0,0,0,4,3,0.12664999999999998,5,1,eight
piece,1,1,0,0,0,0,0,0,0,0,0,0,0,0,0,4,4,0.40717499999999995,5,1,piece
claimed,0,1,0,0,0,0,0,0,0,0,0,0,0,0,0,4,3,0.27204999999999996,7,1,claimed
wound,1,1,1,0,0,0,0,0,0,0,0,0,0,0,0,4,4,0.128075,5,1,wound
son,1,0,0,0,0,0,0,0,0,0,0,0,0,0,0,4,4,0.356425,3,1,son
medici,1,0,0,0,0,0,0,0,0,0,0,0,0,0,0,4,4,-0.079875,6,1,medici
december,1,0,0,0,0,0,0,0,0,0,0,0,0,0,0,4,4,0.06277500000000001,8,1,december
solemnly,0,0,0,1,0,0,0,0,0,0,0,0,0,0,0,4,4,0.23367499999999997,8,1,solemnly
washed,0,1,1,0,0,0,0,0,0,0,0,0,0,0,0,4,4,-0.47419999999999995,6,1,washed
al,0,0,0,0,0,0,0,0,0,0,0,0,0,0,0,4,4,0.014675000000000021,2,0,al
fortifications,1,0,0,0,0,0,0,0,0,0,0,0,0,0,0,4,4,0.142525,14,1,fortifications
crystal,1,0,1,0,0,0,0,0,0,0,0,0,0,0,0,4,4,0.251175,7,1,crystal
grace,1,0,0,0,0,0,0,0,0,0,0,0,0,0,0,4,4,0.7364499999999999,5,1,grace
examining,0,1,0,0,0,0,0,0,0,0,0,0,0,0,0,4,4,-0.2781,9,1,examining
pipes,1,1,0,0,0,0,0,0,0,0,0,0,0,0,0,4,4,0.050675,5,1,pipes
greatly,0,0,0,1,0,0,0,0,0,0,0,0,0,0,0,4,4,0.27665,7,1,greatly
noise,1,0,0,0,0,0,0,0,0,0,0,0,0,0,0,4,4,-0.32835000000000003,5,1,noise
addressed,0,1,1,0,0,0,0,0,0,0,0,0,0,0,0,4,4,-0.019925,9,1,addressed
ashamed,0,0,1,0,0,0,0,0,0,0,0,0,0,0,0,4,4,-0.04799999999999999,7,1,ashamed
chestnuts,0,0,0,0,0,0,0,0,0,0,0,0,0,0,0,4,4,0.08385000000000001,9,1,chestnuts
aisle,1,0,0,0,0,0,0,0,0,0,0,0,0,0,0,4,4,0.142075,5,1,aisle
streamed,0,1,0,0,0,0,0,0,0,0,0,0,0,0,0,4,4,0.294125,8,1,streamed
congregation,1,0,0,0,0,0,0,0,0,0,0,0,0,0,0,4,4,0.05512500000000001,12,1,congregation
humor,1,1,0,0,0,0,0,0,0,0,0,0,0,0,0,4,4,0.30032499999999995,5,1,humor
huddled,0,1,1,0,0,0,0,0,0,0,0,0,0,0,0,4,4,0.05765000000000002,7,1,huddled
choked,0,1,1,0,0,0,0,0,0,0,0,0,0,0,0,4,4,-0.46610000000000007,6,1,choked
hawks,1,1,0,0,0,0,0,0,0,0,0,0,0,0,0,4,4,-0.08734999999999997,5,1,hawks
gown,1,1,0,0,0,0,0,0,0,0,0,0,0,0,0,4,4,-0.0496,4,1,gown
absorbed,0,1,1,0,0,0,0,0,0,0,0,0,0,0,0,4,4,-0.14334999999999998,8,1,absorbed
secure,0,1,1,0,0,0,0,0,0,0,0,0,0,0,0,4,4,0.689375,6,1,secure
exquisite,1,0,1,0,0,0,0,0,0,0,0,0,0,0,0,4,4,0.519425,9,1,exquisite
purple,1,1,1,0,0,0,0,0,0,0,0,0,0,0,0,4,4,0.0781,6,1,purple
arch,1,1,1,0,0,0,0,0,0,0,0,0,0,0,0,4,4,0.40235,4,1,arch
servant,1,0,0,0,0,0,0,0,0,0,0,0,0,0,0,4,4,-0.18495,7,1,servant
frainch,0,0,0,0,0,0,0,0,0,0,0,0,0,0,0,4,4,0.0903,7,1,frainch
recover,1,1,0,0,0,0,0,0,0,0,0,0,0,0,0,4,4,0.238825,7,1,recover
health,1,0,0,0,0,0,0,0,0,0,0,0,0,0,0,4,4,0.64785,6,1,health
daily,1,0,1,1,0,0,0,0,0,0,0,0,0,0,0,4,4,0.42335,5,1,daily
prevented,0,1,0,0,0,0,0,0,0,0,0,0,0,0,0,4,4,-0.20697499999999996,9,1,prevented
supposed,0,1,1,0,0,0,0,0,0,0,0,0,0,0,0,4,4,0.19705,8,1,supposed
asphalt,1,1,1,0,0,0,0,0,0,0,0,0,0,0,0,4,4,0.09545,7,1,asphalt
deserted,0,1,1,0,0,0,0,0,0,0,0,0,0,0,0,4,4,-0.064,8,1,deserted
southwark,0,0,0,0,0,0,0,0,0,0,0,0,0,0,0,4,4,0.18355,9,1,southwark
game,1,0,1,0,0,0,0,0,0,0,0,0,0,0,0,4,4,0.400825,4,1,game
store,1,1,1,0,0,0,0,0,0,0,0,0,0,0,0,4,4,0.027725,5,1,store
sheet,1,1,0,0,0,0,0,0,0,0,0,0,0,0,0,4,4,-0.133425,5,1,sheet
sparkle,1,1,0,0,0,0,0,0,0,0,0,0,0,0,0,4,4,0.43275,7,1,sparkle
vavin,0,0,0,0,0,0,0,0,0,0,0,0,0,0,0,4,4,0.046625,5,1,vavin
artillery,1,0,0,0,0,0,0,0,0,0,0,0,0,0,0,4,4,0.005849999999999994,9,1,artillery
tonton,0,0,0,0,0,0,0,0,0,0,0,0,0,0,0,4,1,0.0,6,1,tonton
et,0,0,0,0,0,0,1,0,0,0,0,0,0,0,0,4,4,-0.032,2,1,et
piriou,0,0,0,0,0,0,0,0,0,0,0,0,0,0,0,4,4,0.18575,6,1,piriou
brain,1,1,0,0,0,0,0,0,0,0,0,0,0,0,0,4,4,-0.16904999999999998,5,1,brain
coffee,1,0,0,0,0,0,0,0,0,0,0,0,0,0,0,4,4,0.06344999999999999,6,1,coffee
endure,0,0,0,0,0,0,0,0,0,0,0,0,0,0,0,4,4,-0.14787499999999998,6,1,endure
forehead,1,0,0,0,0,0,0,0,0,0,0,0,0,0,0,4,4,-0.047525,8,1,forehead
exquisitely,0,0,0,1,0,0,0,0,0,0,0,0,0,0,0,4,4,-0.35705,11,1,exquisitely
scene,1,0,0,0,0,0,0,0,0,0,0,0,0,0,0,4,4,0.166075,5,1,scene
wheeling,1,1,1,0,0,0,0,0,0,0,0,0,0,0,0,4,4,0.252525,8,1,wheeling
brandy,1,0,0,0,0,0,0,0,0,0,0,0,0,0,0,4,3,-0.2327,6,1,brandy
petals,1,0,0,0,0,0,0,0,0,0,0,0,0,0,0,4,4,0.7098,6,1,petals
backed,0,1,1,0,0,0,0,0,0,0,0,0,0,0,0,4,4,-0.18302499999999997,6,1,backed
joyous,0,0,1,0,0,0,0,0,0,0,0,0,0,0,0,4,4,0.798625,6,1,joyous
snuffy,0,0,1,0,0,0,0,0,0,0,0,0,0,0,0,4,4,0.140575,6,1,snuffy
gloomy,0,0,1,0,0,0,0,0,0,0,0,0,0,0,0,4,4,0.2228,6,1,gloomy
l,1,0,0,0,0,0,0,0,0,0,0,0,0,0,0,4,3,0.28595,1,1,l
stained,0,1,1,0,0,0,0,0,0,0,0,0,0,0,0,4,4,-0.2216,7,1,stained
branches,1,1,0,0,0,0,0,0,0,0,0,0,0,0,0,4,4,-0.110475,8,1,branches
morals,1,0,0,0,0,0,0,0,0,0,0,0,0,0,0,4,4,0.265825,6,1,morals
peared,0,0,0,0,0,0,0,0,0,0,0,0,0,0,0,4,4,0.0,6,1,peared
pierrot,1,0,0,0,0,0,0,0,0,0,0,0,0,0,0,4,4,-0.16394999999999998,7,1,pierrot
grinned,0,1,0,0,0,0,0,0,0,0,0,0,0,0,0,4,4,0.212825,7,1,grinned
given,1,1,1,0,0,0,0,0,0,0,0,0,0,0,0,4,4,0.003925000000000012,5,1,given
finger,1,1,0,0,0,0,0,0,0,0,0,0,0,0,0,4,4,-0.0392,6,1,finger
badly,0,0,0,1,0,0,0,0,0,0,0,0,0,0,0,4,4,-0.37982499999999997,5,1,badly
bouguereau,0,0,0,0,0,0,0,0,0,0,0,0,0,0,0,4,4,0.467675,10,1,bouguereau
lunch,1,1,0,0,0,0,0,0,0,0,0,0,0,0,0,4,4,0.132925,5,1,lunch
directly,0,0,0,1,0,0,1,0,0,0,0,0,0,0,0,4,4,0.0,8,1,directly
liquid,1,0,1,0,0,0,0,0,0,0,0,0,0,0,0,4,4,-0.207625,6,1,liquid
loud,0,0,1,1,0,0,0,0,0,0,0,0,0,0,0,4,4,0.04810000000000002,4,1,loud
stairway,1,0,0,0,0,0,0,0,0,0,0,0,0,0,0,4,4,-0.100775,8,1,stairway
vanity,1,0,0,0,0,0,0,0,0,0,0,0,0,0,0,4,3,-0.45262499999999994,6,1,vanity
lizzie,0,0,0,0,0,0,0,0,0,0,0,0,0,0,0,4,4,0.5820500000000001,6,1,lizzie
burke,1,1,0,0,0,0,0,0,0,0,0,0,0,0,0,4,4,0.26912499999999995,5,1,burke
large,1,0,1,1,0,0,0,0,0,0,0,0,0,0,0,4,4,0.201025,5,1,large
tiens,0,0,0,0,0,0,0,0,0,0,0,0,0,0,0,4,4,-0.196125,5,1,tiens
vicious,0,0,1,0,0,0,0,0,0,0,0,0,0,0,0,4,4,-0.2793,7,1,vicious
german,1,0,1,0,0,0,0,0,0,0,0,0,0,0,0,4,4,-0.131675,6,1,german
michel,0,0,0,0,0,0,0,0,0,0,0,0,0,0,0,4,4,0.04504999999999998,6,1,michel
garret,1,0,0,0,0,0,0,0,0,0,0,0,0,0,0,4,4,-0.21314999999999998,6,1,garret
yearning,1,1,1,0,0,0,0,0,0,0,0,0,0,0,0,4,2,-0.1531,8,1,yearning
resting,0,1,1,0,0,0,0,0,0,0,0,0,0,0,0,4,4,0.5086,7,1,resting
preservation,1,0,0,0,0,0,0,0,0,0,0,0,0,0,0,4,4,0.0037750000000000006,12,1,preservation
bugles,1,1,0,0,0,0,0,0,0,0,0,0,0,0,0,4,4,-0.08735000000000001,6,1,bugles
calls,1,1,0,0,0,0,0,0,0,0,0,0,0,0,0,4,3,0.0009000000000000119,5,1,calls
cavalry,1,0,0,0,0,0,0,0,0,0,0,0,0,0,0,4,4,-0.299875,7,1,cavalry
grove,1,0,0,0,0,0,0,0,0,0,0,0,0,0,0,4,4,0.0,5,1,grove
harm,1,1,0,0,0,0,0,0,0,0,0,0,0,0,0,4,4,-0.14665,4,1,harm
wearing,1,1,1,0,0,0,0,0,0,0,0,0,0,0,0,4,4,-0.025675,7,1,wearing
models,1,1,0,0,0,0,0,0,0,0,0,0,0,0,0,4,4,0.2567,6,1,models
innocence,1,0,0,0,0,0,0,0,0,0,0,0,0,0,0,4,4,0.5269,9,1,innocence
randall,0,0,0,0,0,0,0,0,0,0,0,0,0,0,0,4,4,-0.26444999999999996,7,1,randall
twisted,0,1,1,0,0,0,0,0,0,0,0,0,0,0,0,4,4,0.0,7,1,twisted
skirts,1,1,0,0,0,0,0,0,0,0,0,0,0,0,0,4,4,0.2125,6,1,skirts
pell,1,0,0,0,0,0,0,0,0,0,0,0,0,0,0,4,4,-0.33499999999999996,4,1,pell
violent,1,0,1,0,0,0,0,0,0,0,0,0,0,0,0,4,4,-0.28700000000000003,7,1,violent
ma,1,0,0,0,0,0,0,0,0,0,0,0,0,0,0,4,4,-0.179375,2,1,ma
tray,1,0,0,0,0,0,0,0,0,0,0,0,0,0,0,4,4,0.183775,4,1,tray
claws,1,1,0,0,0,0,0,0,0,0,0,0,0,0,0,4,4,0.17695,5,1,claws
gazed,0,1,0,0,0,0,0,0,0,0,0,0,0,0,0,4,4,-0.106225,5,1,gazed
fascinated,0,1,1,0,0,0,0,0,0,0,0,0,0,0,0,4,4,0.5895,10,1,fascinated
blazed,0,1,0,0,0,0,0,0,0,0,0,0,0,0,0,4,4,0.040275000000000005,6,1,blazed
influence,1,1,0,0,0,0,0,0,0,0,0,0,0,0,0,4,4,0.18765,9,1,influence
goin,0,0,0,0,0,0,0,0,0,0,0,0,0,0,0,4,3,-0.23835,4,1,goin
control,1,1,0,0,0,0,0,0,0,0,0,0,0,0,0,4,4,-0.396075,7,1,control
surface,1,1,1,0,0,0,0,0,0,0,0,0,0,0,0,4,4,0.348625,7,1,surface
shooting,1,1,0,0,0,0,0,0,0,0,0,0,0,0,0,4,4,0.260375,8,1,shooting
anxiously,0,0,0,1,0,0,0,0,0,0,0,0,0,0,0,4,4,-0.22425,9,1,anxiously
rear,1,1,1,0,0,0,0,0,0,0,0,0,0,0,0,4,4,-0.27464999999999995,4,1,rear
vive,0,0,0,0,0,0,0,0,0,0,0,0,0,0,0,4,4,-0.1531,4,1,vive
railing,1,1,0,0,0,0,0,0,0,0,0,0,0,0,0,4,4,0.09382499999999996,7,1,railing
rested,0,1,1,0,0,0,0,0,0,0,0,0,0,0,0,4,4,-0.20395,6,1,rested
thoroughly,0,0,0,1,0,0,0,0,0,0,0,0,0,0,0,4,4,-0.24,10,1,thoroughly
ning,0,0,0,0,0,0,0,0,0,0,0,0,0,0,0,4,3,-0.06299999999999999,4,1,ning
belong,0,1,0,0,0,0,0,0,0,0,0,0,0,0,0,4,4,0.10005,6,1,belong
wood,1,0,1,0,0,0,0,0,0,0,0,0,0,0,0,4,3,-0.0827,4,1,wood
wooden,0,0,1,0,0,0,0,0,0,0,0,0,0,0,0,4,4,-0.24440000000000003,6,1,wooden
ou,1,0,0,0,0,0,0,0,0,0,0,0,0,0,0,4,4,-0.0464,2,1,ou
flights,0,1,0,0,0,0,0,0,0,0,0,0,0,0,0,4,4,0.165275,7,1,flights
double,1,1,1,1,0,0,0,0,0,0,0,0,0,0,0,4,4,-0.14830000000000002,6,1,double
single,1,1,1,0,0,0,0,0,0,0,0,0,0,0,0,4,4,0.05387499999999999,6,1,single
granite,1,0,0,0,0,0,0,0,0,0,0,0,0,0,0,4,4,0.56155,7,1,granite
caressing,1,1,1,0,0,0,0,0,0,0,0,0,0,0,0,4,4,0.290825,9,1,caressing
repair,1,1,0,0,0,0,0,0,0,0,0,0,0,0,0,4,4,-0.20047500000000001,6,1,repair
concerning,0,1,1,0,0,0,0,0,0,0,0,0,0,0,0,4,4,0.22765000000000002,10,1,concerning
doesn,0,0,0,0,0,0,0,0,0,0,0,0,0,0,0,4,4,0.158275,5,1,doesn
gas,1,1,0,0,0,0,0,0,0,0,0,0,0,0,0,4,4,-0.08852499999999996,3,1,gas
hide,1,1,0,0,0,0,0,0,0,0,0,0,0,0,0,4,4,-0.04895000000000001,4,1,hide
wouldn,0,0,0,0,0,0,0,0,0,0,0,0,0,0,0,4,4,-0.266,6,1,wouldn
warn,0,1,0,0,0,0,0,0,0,0,0,0,0,0,0,4,4,-0.15444999999999998,4,1,warn
tearing,0,1,1,0,0,0,0,0,0,0,0,0,0,0,0,4,4,-0.30589999999999995,7,1,tearing
holes,1,1,0,0,0,0,0,0,0,0,0,0,0,0,0,4,4,0.1277,5,1,holes
hell,1,0,0,0,0,0,0,0,0,0,0,0,0,0,0,4,4,-0.33394999999999997,4,1,hell
healthy,0,0,1,0,0,0,0,0,0,0,0,0,0,0,0,4,4,0.15945000000000004,7,1,healthy
toast,1,1,0,0,0,0,0,0,0,0,0,0,0,0,0,4,4,0.043574999999999975,5,1,toast
lace,1,1,0,0,0,0,0,0,0,0,0,0,0,0,0,4,4,-0.051224999999999986,4,1,lace
handkerchief,1,0,0,0,0,0,0,0,0,0,0,0,0,0,0,4,4,0.00797500000000001,12,1,handkerchief
breathless,0,0,1,0,0,0,0,0,0,0,0,0,0,0,0,4,4,0.2685,10,1,breathless
jewelled,0,0,1,0,0,0,0,0,0,0,0,0,0,0,0,4,4,-0.14239999999999997,8,1,jewelled
pigeon,1,0,0,0,0,0,0,0,0,0,0,0,0,0,0,4,4,-0.1101,6,1,pigeon
gare,0,0,0,0,0,0,0,0,0,0,0,0,0,0,0,4,4,0.05794999999999999,4,1,gare
physical,1,0,1,0,0,0,0,0,0,0,0,0,0,0,0,4,4,-0.740725,8,1,physical
suffering,1,0,1,0,0,0,0,0,0,0,0,0,0,0,0,4,4,-0.637775,9,1,suffering
finding,1,1,0,0,0,0,0,0,0,0,0,0,0,0,0,4,4,0.4407,7,1,finding
ourselves,1,0,0,0,0,0,0,0,0,0,0,0,0,0,1,4,4,0.219675,9,1,ourselves
swered,0,0,0,0,0,0,0,0,0,0,0,0,0,0,0,4,4,-0.166825,6,1,swered
looks,1,1,0,0,0,0,0,0,0,0,0,0,0,0,0,4,4,0.342025,5,1,looks
studios,1,0,0,0,0,0,0,0,0,0,0,0,0,0,0,4,4,-0.331625,7,1,studios
eugene,1,0,0,0,0,0,0,0,0,0,0,0,0,0,0,4,4,-0.162575,6,1,eugene
flew,0,1,0,0,0,0,0,0,0,0,0,0,0,0,0,4,4,0.22612500000000002,4,1,flew
ferme,1,0,0,0,0,0,0,0,0,0,0,0,0,0,0,4,4,-0.151175,5,1,ferme
chasse,1,1,0,0,0,0,0,0,0,0,0,0,0,0,0,4,4,-0.117,6,1,chasse
toilet,1,0,0,0,0,0,0,0,0,0,0,0,0,0,0,4,4,0.043475000000000014,6,1,toilet
foolish,0,0,1,0,0,0,0,0,0,0,0,0,0,0,0,4,4,-0.20567500000000005,7,1,foolish
ap,0,0,0,0,0,0,0,0,0,0,0,0,0,0,0,4,4,0.24782500000000002,2,0,ap
destruction,1,0,0,0,0,0,0,0,0,0,0,0,0,0,0,4,4,-0.5230250000000001,11,1,destruction
leaping,0,1,1,0,0,0,0,0,0,0,0,0,0,0,0,4,4,-0.012350000000000028,7,1,leaping
market,1,1,0,0,0,0,0,0,0,0,0,0,0,0,0,4,4,0.222125,6,1,market
pain,1,1,0,0,0,0,0,0,0,0,0,0,0,0,0,4,4,-0.38175000000000003,4,1,pain
sulpice,0,0,0,0,0,0,0,0,0,0,0,0,0,0,0,4,4,-0.181675,7,1,sulpice
tear,1,1,0,0,0,0,0,0,0,0,0,0,0,0,0,4,4,0.182275,4,1,tear
trousers,1,0,0,0,0,0,0,0,0,0,0,0,0,0,0,4,4,-0.44045,8,1,trousers
broad,1,0,1,1,0,0,0,0,0,0,0,0,0,0,0,4,4,-0.16157500000000002,5,1,broad
fruit,1,1,0,0,0,0,0,0,0,0,0,0,0,0,0,4,4,0.15445,5,1,fruit
ho,1,0,0,0,0,0,0,0,0,0,0,0,0,0,0,4,4,-0.18197499999999997,2,1,ho
length,1,0,0,0,0,0,0,0,0,0,0,0,0,0,0,4,4,0.08977500000000002,6,1,length
month,1,0,0,0,0,0,0,0,0,0,0,0,0,0,0,4,4,-0.115375,5,1,month
govern,0,1,0,0,0,0,0,0,0,0,0,0,0,0,0,4,4,-0.228225,6,1,govern
important,0,0,1,0,0,0,0,0,0,0,0,0,0,0,0,4,4,0.66095,9,1,important
discovery,1,0,0,0,0,0,0,0,0,0,0,0,0,0,0,4,4,-0.060899999999999996,9,1,discovery
drove,1,1,0,0,0,0,0,0,0,0,0,0,0,0,0,4,4,-0.025675,5,1,drove
posed,0,1,1,0,0,0,0,0,0,0,0,0,0,0,0,4,4,-0.05862500000000001,5,1,posed
triomphe,0,0,0,0,0,0,0,0,0,0,0,0,0,0,0,4,4,0.14624999999999996,8,1,triomphe
rings,1,1,0,0,0,0,0,0,0,0,0,0,0,0,0,4,4,0.2044,5,1,rings
belt,1,1,0,0,0,0,0,0,0,0,0,0,0,0,0,4,4,-0.09652500000000001,4,1,belt
roused,0,0,0,0,0,0,0,0,0,0,0,0,0,0,0,4,4,-0.26727500000000004,6,1,roused
gt,0,0,0,0,0,0,0,0,0,0,0,0,0,0,0,4,4,0.11710000000000001,2,0,gt
attempted,0,0,1,0,0,0,0,0,0,0,0,0,0,0,0,4,4,-0.34852500000000003,9,1,attempted
lead,1,1,0,0,0,0,0,0,0,0,0,0,0,0,0,4,4,0.19432500000000003,4,1,lead
signed,0,1,1,0,0,0,0,0,0,0,0,0,0,0,0,4,4,0.165275,6,1,signed
snarled,0,1,1,0,0,0,0,0,0,0,0,0,0,0,0,4,4,-0.175,7,1,snarled
caressed,0,1,0,0,0,0,0,0,0,0,0,0,0,0,0,4,4,0.12442500000000001,8,1,caressed
fancy,1,1,1,0,0,0,0,0,0,0,0,0,0,0,0,4,3,0.5259,5,1,fancy
enthusiasm,1,0,0,0,0,0,0,0,0,0,0,0,0,0,0,4,4,0.1814,10,1,enthusiasm
le,0,0,0,0,0,0,0,0,0,0,0,0,0,0,0,4,4,0.0,2,0,le
champs,1,1,0,0,0,0,0,0,0,0,0,0,0,0,0,4,4,0.3735,6,1,champs
law,1,0,0,0,0,0,0,0,0,0,0,0,0,0,0,4,4,-0.271325,3,1,law
wicked,0,0,1,0,0,0,0,0,0,0,0,0,0,0,0,4,4,-0.698375,6,1,wicked
jove,0,0,0,0,0,0,0,0,0,0,0,0,0,0,0,4,4,0.2915,4,1,jove
foxhall,0,0,0,0,0,0,0,0,0,0,0,0,0,0,0,4,4,-0.0543,7,1,foxhall
chester,1,0,0,0,0,0,0,0,0,0,0,0,0,0,0,4,3,0.0,7,1,chester
boulant,0,0,0,0,0,0,0,0,0,0,0,0,0,0,0,4,4,0.0913,7,1,boulant
dawn,1,1,0,0,0,0,0,0,0,0,0,0,0,0,0,4,4,-0.139325,4,1,dawn
flattered,0,0,0,0,0,0,0,0,0,0,0,0,0,0,0,4,4,0.6003000000000001,9,1,flattered
rod,1,0,0,0,0,0,0,0,0,0,0,0,0,0,0,4,4,-0.012649999999999995,3,1,rod
effort,1,0,0,0,0,0,0,0,0,0,0,0,0,0,0,4,4,-0.015424999999999998,6,1,effort
whined,0,1,0,0,0,0,0,0,0,0,0,0,0,0,0,4,4,-0.18902500000000003,6,1,whined
speed,1,1,0,0,0,0,0,0,0,0,0,0,0,0,0,4,4,-0.13992500000000002,5,1,speed
takes,1,1,0,0,0,0,0,0,0,0,0,0,0,0,0,4,4,0.253075,5,1,takes
seal,1,1,0,0,0,0,0,0,0,0,0,0,0,0,0,4,3,-0.235625,4,1,seal
list,1,1,0,0,0,0,0,0,0,0,0,0,0,0,0,4,4,0.074,4,1,list
received,0,1,1,0,0,0,0,0,0,0,0,0,0,0,0,4,4,-0.07707500000000003,8,1,received
cliffs,1,0,0,0,0,0,0,0,0,0,0,0,0,0,0,4,3,0.48517499999999997,6,1,cliffs
trust,1,1,0,0,0,0,0,0,0,0,0,0,0,0,0,4,4,0.45125000000000004,5,1,trust
iv,1,0,0,0,0,0,0,0,0,0,0,0,0,0,0,4,4,0.0,2,1,iv
barrier,1,0,0,0,0,0,0,0,0,0,0,0,0,0,0,4,4,-0.10245,7,1,barrier
boat,1,1,0,0,0,0,0,0,0,0,0,0,0,0,0,4,4,0.05415000000000002,4,1,boat
aroused,0,1,1,0,0,0,0,0,0,0,0,0,0,0,0,4,4,0.06035,7,1,aroused
joined,0,1,1,0,0,0,0,0,0,0,0,0,0,0,0,4,4,0.055475000000000003,6,1,joined
miserable,0,0,1,0,0,0,0,0,0,0,0,0,0,0,0,4,4,-0.536,9,1,miserable
stroll,1,1,0,0,0,0,0,0,0,0,0,0,0,0,0,4,4,0.038275,6,1,stroll
falconer,1,0,0,0,0,0,0,0,0,0,0,0,0,0,0,4,4,-0.09559999999999999,8,1,falconer
putting,0,1,0,0,0,0,0,0,0,0,0,0,0,0,0,4,4,-0.233225,7,1,putting
force,1,1,0,0,0,0,0,0,0,0,0,0,0,0,0,4,4,-0.16624999999999998,5,1,force
fur,1,0,0,0,0,0,1,0,0,0,0,0,0,0,0,4,4,-0.351675,3,1,fur
entirely,0,0,0,1,0,0,0,0,0,0,0,0,0,0,0,4,4,-0.37095,8,1,entirely
quickly,0,0,0,1,0,0,0,0,0,0,0,0,0,0,0,4,4,0.1944,7,1,quickly
talking,0,1,1,0,0,0,0,0,0,0,0,0,0,0,0,4,4,0.15794999999999998,7,1,talking
accent,1,0,0,0,0,0,0,0,0,0,0,0,0,0,0,4,3,0.401775,6,1,accent
loomed,0,1,0,0,0,0,0,0,0,0,0,0,0,0,0,4,4,-0.04824999999999999,6,1,loomed
whistling,1,1,0,0,0,0,0,0,0,0,0,0,0,0,0,4,4,0.12115,9,1,whistling
road,1,0,1,0,0,0,0,0,0,0,0,0,0,0,0,4,4,-0.07782499999999998,4,1,road
corporal,1,0,1,0,0,0,0,0,0,0,0,0,0,0,0,4,3,-0.32109999999999994,8,1,corporal
beau,1,0,0,0,0,0,0,0,0,0,0,0,0,0,0,4,4,0.334125,4,1,beau
modern,1,0,1,0,0,0,0,0,0,0,0,0,0,0,0,4,4,0.21839999999999998,6,1,modern
perfectly,0,0,0,1,0,0,0,0,0,0,0,0,0,0,0,4,4,0.71895,9,1,perfectly
bare,1,1,1,0,0,0,0,0,0,0,0,0,0,0,0,4,4,-0.19119999999999995,4,1,bare
colors,1,1,0,0,0,0,0,0,0,0,0,0,0,0,0,4,4,-0.094875,6,1,colors
woods,1,0,1,0,0,0,0,0,0,0,0,0,0,0,0,4,4,-0.2858,5,1,woods
scattered,0,0,1,0,0,0,0,0,0,0,0,0,0,0,0,4,4,0.1676,9,1,scattered
native,1,0,1,0,0,0,0,0,0,0,0,0,0,0,0,4,4,0.338425,6,1,native
president,1,0,0,0,0,0,0,0,0,0,0,0,0,0,0,4,4,0.4139,9,1,president
hidden,0,1,1,0,0,0,0,0,0,0,0,0,0,0,0,4,4,-0.23302499999999998,6,1,hidden
months,1,0,0,0,0,0,0,0,0,0,0,0,0,0,0,4,4,-0.134875,6,1,months
minister,1,1,0,0,0,0,0,0,0,0,0,0,0,0,0,4,4,-0.2884,8,1,minister
locked,0,1,1,0,0,0,0,0,0,0,0,0,0,0,0,4,4,-0.0193,6,1,locked
reflected,0,1,1,0,0,0,0,0,0,0,0,0,0,0,0,4,4,-0.005850000000000022,9,1,reflected
tramp,1,1,0,0,0,0,0,0,0,0,0,0,0,0,0,4,4,-0.3024,5,1,tramp
bearing,1,1,1,0,0,0,0,0,0,0,0,0,0,0,0,4,4,0.2155,7,1,bearing
flank,1,1,0,0,0,0,0,0,0,0,0,0,0,0,0,4,4,-0.06705,5,1,flank
ger,1,0,0,0,0,0,0,0,0,0,0,0,0,0,0,4,4,-0.210975,3,1,ger
hoped,0,1,0,0,0,0,0,0,0,0,0,0,0,0,0,4,4,0.46685,5,1,hoped
track,1,1,0,0,0,0,0,0,0,0,0,0,0,0,0,4,4,-0.1101,5,1,track
admitted,0,1,1,0,0,0,0,0,0,0,0,0,0,0,0,4,4,0.18755,8,1,admitted
waves,1,1,0,0,0,0,0,0,0,0,0,0,0,0,0,4,4,0.085,5,1,waves
blowing,1,1,0,0,0,0,0,0,0,0,0,0,0,0,0,4,4,-0.117825,7,1,blowing
eating,1,1,1,0,0,0,0,0,0,0,0,0,0,0,0,4,4,0.289,6,1,eating
seriously,0,0,0,1,0,0,0,0,0,0,0,0,0,0,0,4,4,-0.21645000000000003,9,1,seriously
escaped,0,1,1,0,0,0,0,0,0,0,0,0,0,0,0,4,4,-0.0747,7,1,escaped
thumb,1,0,0,0,0,0,0,0,0,0,0,0,0,0,0,4,4,0.004599999999999993,5,1,thumb
chambers,1,1,0,0,0,0,0,0,0,0,0,0,0,0,0,4,4,-0.167625,8,1,chambers
daughter,1,0,0,0,0,0,0,0,0,0,0,0,0,0,0,4,4,-0.29625,8,1,daughter
landing,1,1,0,0,0,0,0,0,0,0,0,0,0,0,0,4,4,-0.21995,7,1,landing
suffered,0,0,0,0,0,0,0,0,0,0,0,0,0,0,0,4,4,-0.67885,8,1,suffered
ers,0,0,0,0,0,0,0,0,0,0,0,0,0,0,0,4,4,0.26335,3,1,ers
points,1,1,0,0,0,0,0,0,0,0,0,0,0,0,0,4,4,0.41352500000000003,6,1,points
hastened,0,0,0,0,0,0,0,0,0,0,0,0,0,0,0,4,4,0.381325,8,1,hastened
montparnasse,0,0,0,0,0,0,0,0,0,0,0,0,0,0,0,4,4,-0.14495,12,1,montparnasse
twin,1,1,1,0,0,0,0,0,0,0,0,0,0,0,0,4,4,0.023525,4,1,twin
moons,1,1,0,0,0,0,0,0,0,0,0,0,0,0,0,4,3,0.212325,5,1,moons
discretion,1,0,0,0,0,0,0,0,0,0,0,0,0,0,0,4,4,0.105375,10,1,discretion
floral,1,0,1,0,0,0,0,0,0,0,0,0,0,0,0,4,4,0.145675,6,1,floral
ragged,0,1,1,0,0,0,0,0,0,0,0,0,0,0,0,4,4,0.0,6,1,ragged
strike,1,1,0,0,0,0,0,0,0,0,0,0,0,0,0,4,4,-0.236675,6,1,strike
impressions,1,0,0,0,0,0,0,0,0,0,0,0,0,0,0,4,4,0.147125,11,1,impressions
top,1,1,1,0,0,0,0,0,0,0,0,0,0,0,0,4,4,0.26715,3,1,top
damaged,0,1,1,0,0,0,0,0,0,0,0,0,0,0,0,4,4,-0.4404,7,1,damaged
forest,1,0,0,0,0,0,0,0,0,0,0,0,0,0,0,4,4,0.08082499999999998,6,1,forest
arches,1,1,0,0,0,0,0,0,0,0,0,0,0,0,0,4,4,-0.119175,6,1,arches
il,0,0,0,0,0,0,0,0,0,0,0,0,0,0,0,4,4,0.076875,2,0,il
ently,0,0,0,0,0,0,0,0,0,0,0,0,0,0,0,4,4,0.139225,5,1,ently
command,1,1,0,0,0,0,0,0,0,0,0,0,0,0,0,4,4,-0.275125,7,1,command
circle,1,1,0,0,0,0,0,0,0,0,0,0,0,0,0,4,4,-0.06465,6,1,circle
sing,1,1,0,0,0,0,0,0,0,0,0,0,0,0,0,4,3,-0.791375,4,1,sing
repassed,0,0,0,0,0,0,0,0,0,0,0,0,0,0,0,4,4,0.032,8,1,repassed
pushing,0,1,1,1,0,0,0,0,0,0,0,0,0,0,0,4,4,0.04967500000000001,7,1,pushing
crack,1,1,1,0,0,0,0,0,0,0,0,0,0,0,0,4,4,-0.085225,5,1,crack
form,1,1,0,0,0,0,0,0,0,0,0,0,0,0,0,4,4,-0.085,4,1,form
nerves,1,0,0,0,0,0,0,0,0,0,0,0,0,0,0,4,4,-0.32495,6,1,nerves
waist,1,0,0,0,0,0,0,0,0,0,0,0,0,0,0,4,4,-0.37812500000000004,5,1,waist
es,1,0,0,0,0,0,0,0,0,0,0,0,0,0,0,4,4,-0.05084999999999998,2,1,es
idiot,1,0,0,0,0,0,0,0,0,0,0,0,0,0,0,4,3,-0.00739999999999999,5,1,idiot
shore,1,1,1,0,0,0,0,0,0,0,0,0,0,0,0,3,3,-0.004500000000000022,5,1,shore
chum,1,0,0,0,0,0,0,0,0,0,0,0,0,0,0,3,3,0.10826666666666668,4,1,chum
seldom,0,0,0,1,0,0,0,0,0,0,0,0,0,0,0,3,3,-0.0315,6,1,seldom
gain,1,1,0,0,0,0,0,0,0,0,0,0,0,0,0,3,3,0.5341666666666667,4,1,gain
neighbor,1,1,1,0,0,0,0,0,0,0,0,0,0,0,0,3,3,-0.2386,8,1,neighbor
disapproval,1,0,0,0,0,0,0,0,0,0,0,0,0,0,0,3,3,0.0,11,1,disapproval
drive,1,1,0,0,0,0,0,0,0,0,0,0,0,0,0,3,3,0.1504,5,1,drive
choose,1,1,0,0,0,0,1,0,0,0,0,0,0,0,0,3,3,0.13893333333333333,6,1,choose
yawned,0,1,0,0,0,0,0,0,0,0,0,0,0,0,0,3,3,0.03026666666666668,6,1,yawned
horrible,1,0,1,0,0,0,0,0,0,0,0,0,0,0,0,3,3,-0.7994333333333333,8,1,horrible
pools,1,1,0,0,0,0,0,0,0,0,0,0,0,0,0,3,3,-0.32236666666666663,5,1,pools
soaked,0,1,1,0,0,0,0,0,0,0,0,0,0,0,0,3,3,0.03566666666666666,6,1,soaked
shelter,1,1,0,0,0,0,0,0,0,0,0,0,0,0,0,3,3,-0.11010000000000002,7,1,shelter
keeper,1,0,0,0,0,0,0,0,0,0,0,0,0,0,0,3,3,0.3548,6,1,keeper
vehicle,1,0,0,0,0,0,0,0,0,0,0,0,0,0,0,3,3,0.2772,7,1,vehicle
shivering,1,0,1,0,0,0,0,0,0,0,0,0,0,0,0,3,3,0.20413333333333336,9,1,shivering
fleet,1,0,1,0,0,0,0,0,0,0,0,0,0,0,0,3,3,0.3243666666666667,5,1,fleet
surgeon,1,0,0,0,0,0,0,0,0,0,0,0,0,0,0,3,3,0.27086666666666664,7,1,surgeon
ad,1,0,0,1,0,0,0,0,0,0,0,0,0,0,0,3,3,0.0,2,1,ad
carefully,0,0,0,1,0,0,0,0,0,0,0,0,0,0,0,3,3,0.0511,9,1,carefully
mental,1,0,1,0,0,0,0,0,0,0,0,0,0,0,0,3,3,-0.6914666666666666,6,1,mental
believed,0,1,0,0,0,0,0,0,0,0,0,0,0,0,0,3,3,0.255,8,1,believed
westchester,0,0,0,0,0,0,0,0,0,0,0,0,0,0,0,3,3,0.4403333333333333,11,1,westchester
increased,0,1,1,0,0,0,0,0,0,0,0,0,0,0,0,3,3,0.2871666666666667,9,1,increased
musical,1,0,1,0,0,0,0,0,0,0,0,0,0,0,0,3,3,0.07603333333333333,7,1,musical
domes,1,0,0,0,0,0,0,0,0,0,0,0,0,0,0,3,3,0.1448,5,1,domes
strained,0,1,1,0,0,0,0,0,0,0,0,0,0,0,0,3,3,-0.5504,8,1,strained
wicket,1,0,0,0,0,0,0,0,0,0,0,0,0,0,0,3,3,0.08333333333333333,6,1,wicket
needle,1,1,0,0,0,0,0,0,0,0,0,0,0,0,0,3,3,0.21619999999999998,6,1,needle
unknown,1,0,1,0,0,0,0,0,0,0,0,0,0,0,0,3,3,-0.4569666666666666,7,1,unknown
warmly,0,0,0,1,0,0,0,0,0,0,0,0,0,0,0,3,3,0.39176666666666665,6,1,warmly
wondering,1,0,1,0,0,0,0,0,0,0,0,0,0,0,0,3,3,0.27593333333333336,9,1,wondering
ke,0,0,0,0,0,0,0,0,0,0,0,0,0,0,0,3,3,0.09866666666666667,2,0,ke
ob,1,0,0,0,0,0,0,0,0,0,0,0,0,0,0,3,3,-0.2814,2,1,ob
william,0,0,0,0,0,0,0,0,0,0,0,0,0,0,0,3,3,-0.19666666666666668,7,1,william
inward,1,0,1,1,0,0,0,0,0,0,0,0,0,0,0,3,3,-0.3366,6,1,inward
glided,0,1,0,0,0,0,0,0,0,0,0,0,0,0,0,3,3,0.16463333333333333,6,1,glided
shaped,0,1,1,0,0,0,0,0,0,0,0,0,0,0,0,3,3,0.2749,6,1,shaped
offi,0,0,0,0,0,0,0,0,0,0,0,0,0,0,0,3,3,0.005466666666666657,4,1,offi
crawled,0,1,0,0,0,0,0,0,0,0,0,0,0,0,0,3,3,-0.12086666666666666,7,1,crawled
warmed,0,1,1,0,0,0,0,0,0,0,0,0,0,0,0,3,3,0.1769333333333333,6,1,warmed
unworthy,0,0,1,0,0,0,0,0,0,0,0,0,0,0,0,3,3,-0.2991333333333333,8,1,unworthy
motioning,0,0,0,0,0,0,0,0,0,0,0,0,0,0,0,3,3,-0.04713333333333333,9,1,motioning
b,1,0,0,0,0,0,0,0,0,0,0,0,0,0,0,3,3,0.0,1,1,b
snapped,0,1,0,0,0,0,0,0,0,0,0,0,0,0,0,3,3,-0.13660000000000003,7,1,snapped
load,1,1,0,0,0,0,0,0,0,0,0,0,0,0,0,3,3,0.04026666666666667,4,1,load
desolate,0,0,1,0,0,0,0,0,0,0,0,0,0,0,0,3,3,-0.4784,8,1,desolate
figures,1,1,0,0,0,0,0,0,0,0,0,0,0,0,0,3,3,0.11846666666666668,7,1,figures
limp,1,1,1,0,0,0,0,0,0,0,0,0,0,0,0,3,3,0.1304,4,1,limp
prey,1,1,0,0,0,0,0,0,0,0,0,0,0,0,0,3,3,0.04166666666666663,4,1,prey
dyed,0,1,1,0,0,0,0,0,0,0,0,0,0,0,0,3,3,0.12726666666666667,4,1,dyed
extended,0,1,1,0,0,0,0,0,0,0,0,0,0,0,0,3,3,0.32926666666666665,8,1,extended
hues,1,1,0,0,0,0,0,0,0,0,0,0,0,0,0,3,3,0.4827000000000001,4,1,hues
rug,1,0,0,0,0,0,0,0,0,0,0,0,0,0,0,3,3,-0.09106666666666667,3,1,rug
fantastic,0,0,1,0,0,0,0,0,0,0,0,0,0,0,0,3,3,0.27920000000000006,9,1,fantastic
tattered,0,0,1,0,0,0,0,0,0,0,0,0,0,0,0,3,3,-0.31020000000000003,8,1,tattered
capable,0,0,1,0,0,0,0,0,0,0,0,0,0,0,0,3,3,0.4300999999999999,7,1,capable
leaped,0,1,0,0,0,0,0,0,0,0,0,0,0,0,0,3,3,-0.27593333333333336,6,1,leaped
soap,1,1,0,0,0,0,0,0,0,0,0,0,0,0,0,3,3,-0.1932,4,1,soap
obligation,1,0,0,0,0,0,0,0,0,0,0,0,0,0,0,3,3,-0.18783333333333332,10,1,obligation
hearing,1,1,1,0,0,0,0,0,0,0,0,0,0,0,0,3,3,-0.10316666666666664,7,1,hearing
steamers,1,1,0,0,0,0,0,0,0,0,0,0,0,0,0,3,2,0.0,8,1,steamers
boats,1,1,0,0,0,0,0,0,0,0,0,0,0,0,0,3,3,0.16463333333333333,5,1,boats
london,1,0,0,0,0,0,0,0,0,0,0,0,0,0,0,3,3,0.38953333333333334,6,1,london
hoop,1,1,0,0,0,0,0,0,0,0,0,0,0,0,0,3,3,-0.03423333333333333,4,1,hoop
ated,0,1,0,0,0,0,0,0,0,0,0,0,0,0,0,3,3,-0.44609999999999994,4,1,ated
feathers,1,1,0,0,0,0,0,0,0,0,0,0,0,0,0,3,3,0.23663333333333333,8,1,feathers
belled,0,1,0,0,0,0,0,0,0,0,0,0,0,0,0,3,3,0.1304,6,1,belled
jesses,1,0,0,0,0,0,0,0,0,0,0,0,0,0,0,3,3,0.1304,6,1,jesses
gaily,0,0,0,1,0,0,0,0,0,0,0,0,0,0,0,3,3,0.21256666666666665,5,1,gaily
meant,0,1,0,0,0,0,0,0,0,0,0,0,0,0,0,3,3,0.21223333333333336,5,1,meant
explanation,1,0,0,0,0,0,0,0,0,0,0,0,0,0,0,3,3,-0.043100000000000006,11,1,explanation
sunlit,0,0,1,0,0,0,0,0,0,0,0,0,0,0,0,3,3,0.06286666666666667,6,1,sunlit
shadowy,0,0,1,0,0,0,0,0,0,0,0,0,0,0,0,3,3,-0.11433333333333336,7,1,shadowy
pro,1,0,1,1,0,0,0,0,0,0,0,0,0,0,0,3,3,0.11476666666666667,3,1,pro
artificial,0,0,1,0,0,0,0,0,0,0,0,0,0,0,0,3,3,0.20203333333333331,10,1,artificial
mentioned,0,1,0,0,0,0,0,0,0,0,0,0,0,0,0,3,3,0.0,9,1,mentioned
speaks,1,1,0,0,0,0,0,0,0,0,0,0,0,0,0,3,3,0.3896,6,1,speaks
tranquil,0,0,1,0,0,0,0,0,0,0,0,0,0,0,0,3,3,0.02089999999999999,8,1,tranquil
clouded,0,1,1,0,0,0,0,0,0,0,0,0,0,0,0,3,2,-0.21373333333333333,7,1,clouded
wreathed,0,1,1,0,0,0,0,0,0,0,0,0,0,0,0,3,3,0.29616666666666663,8,1,wreathed
ditch,1,1,0,0,0,0,0,0,0,0,0,0,0,0,0,3,3,-0.16463333333333333,5,1,ditch
jaw,1,0,0,0,0,0,0,0,0,0,0,0,0,0,0,3,3,-0.22719999999999999,3,1,jaw
marquis,1,0,0,0,0,0,0,0,0,0,0,0,0,0,0,3,3,-0.5007333333333334,7,1,marquis
fascinating,0,1,1,0,0,0,0,0,0,0,0,0,0,0,0,3,3,0.6710333333333334,11,1,fascinating
gudgeon,1,0,0,0,0,0,0,0,0,0,0,0,0,0,0,3,2,-0.25479999999999997,7,1,gudgeon
clif,0,0,0,0,0,0,0,0,0,0,0,0,0,0,0,3,3,0.20249999999999999,4,1,clif
ford,1,1,0,0,0,0,0,0,0,0,0,0,0,0,0,3,3,0.20249999999999999,4,1,ford
weeks,1,0,0,0,0,0,0,0,0,0,0,0,0,0,0,3,3,0.27253333333333335,5,1,weeks
cord,1,1,0,0,0,0,0,0,0,0,0,0,0,0,0,3,3,0.0,4,1,cord
guide,1,1,0,0,0,0,0,0,0,0,0,0,0,0,0,3,3,-0.013899999999999996,5,1,guide
feeble,0,0,1,0,0,0,0,0,0,0,0,0,0,0,0,3,3,-0.14133333333333334,6,1,feeble
doubted,0,1,0,0,0,0,0,0,0,0,0,0,0,0,0,3,3,0.2651666666666667,7,1,doubted
journey,1,0,0,0,0,0,0,0,0,0,0,0,0,0,0,3,3,-0.5202,7,1,journey
grassy,0,0,1,0,0,0,0,0,0,0,0,0,0,0,0,3,3,0.34356666666666663,6,1,grassy
volley,1,1,0,0,0,0,0,0,0,0,0,0,0,0,0,3,3,-0.19296666666666665,6,1,volley
hated,0,1,1,0,0,0,0,0,0,0,0,0,0,0,0,3,3,-0.6388666666666667,5,1,hated
keeps,1,1,0,0,0,0,0,0,0,0,0,0,0,0,0,3,3,-0.22093333333333331,5,1,keeps
sorrow,1,0,0,0,0,0,0,0,0,0,0,0,0,0,0,3,3,-0.6479,6,1,sorrow
writhed,0,1,1,0,0,0,0,0,0,0,0,0,0,0,0,3,3,-0.21330000000000002,7,1,writhed
final,1,0,1,0,0,0,0,0,0,0,0,0,0,0,0,3,3,-0.27253333333333335,5,1,final
burning,1,1,1,0,0,0,0,0,0,0,0,0,0,0,0,3,3,0.2316666666666667,7,1,burning
gardens,1,1,0,0,0,0,0,0,0,0,0,0,0,0,0,3,3,-0.03936666666666666,7,1,gardens
meadow,1,0,0,0,0,0,0,0,0,0,0,0,0,0,0,3,3,-0.023266666666666696,6,1,meadow
bohemian,1,0,1,0,0,0,0,0,0,0,0,0,0,0,0,3,3,-0.030666666666666675,8,1,bohemian
bitterness,1,0,0,0,0,0,0,0,0,0,0,0,0,0,0,3,3,-0.3917,10,1,bitterness
ofthe,0,0,0,0,0,0,0,0,0,0,0,0,0,0,0,3,3,0.2067,5,1,ofthe
smoothed,0,1,1,0,0,0,0,0,0,0,0,0,0,0,0,3,3,0.0,8,1,smoothed
drifted,0,1,0,0,0,0,0,0,0,0,0,0,0,0,0,3,3,0.11916666666666668,7,1,drifted
steamer,1,1,0,0,0,0,0,0,0,0,0,0,0,0,0,3,3,0.14526666666666668,7,1,steamer
haste,1,0,0,0,0,0,0,0,0,0,0,0,0,0,0,3,3,-0.12383333333333334,5,1,haste
dreadful,1,0,1,0,0,0,0,0,0,0,0,0,0,0,0,3,3,-0.8351999999999999,8,1,dreadful
spare,1,1,1,0,0,0,0,0,0,0,0,0,0,0,0,3,3,0.4831666666666667,5,1,spare
je,0,0,0,0,0,0,0,0,0,0,0,0,0,0,0,3,3,0.10656666666666666,2,0,je
collar,1,1,0,0,0,0,0,0,0,0,0,0,0,0,0,3,3,0.05823333333333333,6,1,collar
closely,0,0,0,1,0,0,0,0,0,0,0,0,0,0,0,3,3,-0.042666666666666665,7,1,closely
metropolitan,1,0,1,0,0,0,0,0,0,0,0,0,0,0,0,3,3,0.14049999999999999,12,1,metropolitan
transaction,1,0,0,0,0,0,0,0,0,0,0,0,0,0,0,3,3,0.1738666666666667,11,1,transaction
vile,1,0,1,0,0,0,0,0,0,0,0,0,0,0,0,3,3,-0.4778,4,1,vile
intend,0,1,0,0,0,0,0,0,0,0,0,0,0,0,0,3,3,0.14483333333333334,6,1,intend
keys,1,1,0,0,0,0,0,0,0,0,0,0,0,0,0,3,3,-0.17513333333333334,4,1,keys
whirled,0,1,0,0,0,0,0,0,0,0,0,0,0,0,0,3,3,-0.08993333333333332,7,1,whirled
cigar,1,0,0,0,0,0,0,0,0,0,0,0,0,0,0,3,3,0.6692,5,1,cigar
politely,0,0,0,1,0,0,0,0,0,0,0,0,0,0,0,3,3,0.13399999999999998,8,1,politely
dearest,1,0,0,0,0,0,0,0,0,0,0,0,0,0,0,3,3,0.46856666666666663,7,1,dearest
helpless,0,0,1,0,0,0,0,0,0,0,0,0,0,0,0,3,3,-0.45826666666666666,8,1,helpless
grasped,0,1,0,0,0,0,0,0,0,0,0,0,0,0,0,3,3,0.0190333333333333,7,1,grasped
courage,1,0,0,0,0,0,0,0,0,0,0,0,0,0,0,3,3,0.6880000000000001,7,1,courage
feverish,0,0,1,0,0,0,0,0,0,0,0,0,0,0,0,3,3,-0.15213333333333334,8,1,feverish
anxious,0,0,1,0,0,0,0,0,0,0,0,0,0,0,0,3,3,-0.3368666666666667,7,1,anxious
pausing,0,1,0,0,0,0,0,0,0,0,0,0,0,0,0,3,3,0.4091,7,1,pausing
hound,1,1,0,0,0,0,0,0,0,0,0,0,0,0,0,3,3,0.35123333333333334,5,1,hound
tournon,0,0,0,0,0,0,0,0,0,0,0,0,0,0,0,3,3,0.19063333333333332,7,1,tournon
hollow,1,1,1,0,0,0,0,0,0,0,0,0,0,0,0,3,3,0.6244333333333333,6,1,hollow
stance,1,0,0,0,0,0,0,0,0,0,0,0,0,0,0,3,3,-0.3447,6,1,stance
casting,1,1,0,0,0,0,0,0,0,0,0,0,0,0,0,3,3,-0.07043333333333333,7,1,casting
fishing,1,1,0,0,0,0,0,0,0,0,0,0,0,0,0,3,3,0.3868666666666667,7,1,fishing
loads,1,1,0,1,0,0,0,0,0,0,0,0,0,0,0,3,3,0.10903333333333336,5,1,loads
interminable,0,0,1,0,0,0,0,0,0,0,0,0,0,0,0,3,3,0.13063333333333335,12,1,interminable
shrank,1,1,0,0,0,0,0,0,0,0,0,0,0,0,0,3,3,-0.08450000000000002,6,1,shrank
faithful,1,0,1,0,0,0,0,0,0,0,0,0,0,0,0,3,3,0.5184333333333333,8,1,faithful
fashioned,0,1,1,0,0,0,0,0,0,0,0,0,0,0,0,3,2,0.6154000000000001,9,1,fashioned
pause,1,1,0,0,0,0,0,0,0,0,0,0,0,0,0,3,3,0.1468,5,1,pause
gloomily,0,0,0,1,0,0,0,0,0,0,0,0,0,0,0,3,3,0.3919333333333333,8,1,gloomily
smashed,0,1,1,0,0,0,0,0,0,0,0,0,0,0,0,3,3,-0.05023333333333333,7,1,smashed
swift,1,0,1,1,0,0,0,0,0,0,0,0,0,0,0,3,3,0.05943333333333334,5,1,swift
dilapidated,0,1,1,0,0,0,0,0,0,0,0,0,0,0,0,3,3,-0.14049999999999999,11,1,dilapidated
millions,0,0,0,0,0,0,0,0,0,0,0,0,0,0,0,3,3,-0.1908,8,1,millions
lands,0,1,0,0,0,0,0,0,0,0,0,0,0,0,0,3,3,-0.10206666666666668,5,1,lands
gan,0,0,0,0,0,0,0,0,0,0,0,0,0,0,0,3,3,0.025733333333333334,3,1,gan
situation,1,0,0,0,0,0,0,0,0,0,0,0,0,0,0,3,3,0.1297,9,1,situation
beauties,1,0,0,0,0,0,0,0,0,0,0,0,0,0,0,3,3,0.18023333333333327,8,1,beauties
slammed,0,1,0,0,0,0,0,0,0,0,0,0,0,0,0,3,3,-0.030666666666666658,7,1,slammed
aided,0,0,1,0,0,0,0,0,0,0,0,0,0,0,0,3,3,-0.02833333333333332,5,1,aided
hen,1,0,0,0,0,0,0,0,0,0,0,0,0,0,0,3,3,0.16433333333333333,3,1,hen
extreme,1,0,1,0,0,0,0,0,0,0,0,0,0,0,0,3,3,0.1313666666666667,7,1,extreme
washing,0,1,0,0,0,0,0,0,0,0,0,0,0,0,0,3,3,-0.27253333333333335,7,1,washing
sombre,0,0,1,0,0,0,0,0,0,0,0,0,0,0,0,3,3,0.38610000000000005,6,1,sombre
level,1,1,1,0,0,0,0,0,0,0,0,0,0,0,0,3,3,0.16103333333333333,5,1,level
office,1,0,0,0,0,0,0,0,0,0,0,0,0,0,0,3,3,-0.5277333333333333,6,1,office
solitary,1,0,1,0,0,0,0,0,0,0,0,0,0,0,0,3,3,0.03706666666666667,8,1,solitary
glimmered,0,0,0,0,0,0,0,0,0,0,0,0,0,0,0,3,3,-0.17556666666666665,9,1,glimmered
monotonous,0,0,1,0,0,0,0,0,0,0,0,0,0,0,0,3,3,-0.1468,10,1,monotonous
patter,1,1,0,0,0,0,0,0,0,0,0,0,0,0,0,3,3,-0.0412,6,1,patter
wrapped,0,1,1,0,0,0,0,0,0,0,0,0,0,0,0,3,3,-0.2698666666666667,7,1,wrapped
gloom,1,0,0,0,0,0,0,0,0,0,0,0,0,0,0,3,3,-0.3307,5,1,gloom
bolts,1,1,0,0,0,0,0,0,0,0,0,0,0,0,0,3,3,-0.1618,5,1,bolts
si,1,0,0,0,0,0,0,0,0,0,0,0,0,0,0,3,3,-0.09866666666666667,2,1,si
republics,1,0,0,0,0,0,0,0,0,0,0,0,0,0,0,3,3,0.0,9,1,republics
mentally,0,0,0,1,0,0,0,0,0,0,0,0,0,0,0,3,3,0.20853333333333335,8,1,mentally
bowing,1,1,1,0,0,0,0,0,0,0,0,0,0,0,0,3,3,-0.015866666666666654,6,1,bowing
dignity,1,0,0,0,0,0,0,0,0,0,0,0,0,0,0,3,3,0.3799666666666666,7,1,dignity
rack,1,1,0,0,0,0,0,0,0,0,0,0,0,0,0,3,3,-0.10320000000000001,4,1,rack
ends,1,1,0,0,0,0,0,0,0,0,0,0,0,0,0,3,3,-0.19063333333333332,4,1,ends
gasped,0,0,0,0,0,0,0,0,0,0,0,0,0,0,0,3,3,-0.23026666666666665,6,1,gasped
prepared,0,1,1,0,0,0,0,0,0,0,0,0,0,0,0,3,3,0.4439,8,1,prepared
peered,0,1,0,0,0,0,0,0,0,0,0,0,0,0,0,3,3,-0.4549666666666667,6,1,peered
spires,1,0,0,0,0,0,0,0,0,0,0,0,0,0,0,3,3,0.015799999999999998,6,1,spires
eloquent,0,0,1,0,0,0,0,0,0,0,0,0,0,0,0,3,3,0.6967,8,1,eloquent
fortunate,0,0,1,0,0,0,0,0,0,0,0,0,0,0,0,3,3,0.21789999999999998,9,1,fortunate
applause,1,0,0,0,0,0,0,0,0,0,0,0,0,0,0,3,3,0.54,8,1,applause
prosperity,1,0,0,0,0,0,0,0,0,0,0,0,0,0,0,3,3,0.6761666666666666,10,1,prosperity
letting,1,1,0,0,0,0,0,0,0,0,0,0,0,0,0,3,3,0.18426666666666666,7,1,letting
bombardment,1,0,0,0,0,0,0,0,0,0,0,0,0,0,0,3,3,-0.07543333333333334,11,1,bombardment
vain,0,0,1,0,0,0,0,0,0,0,0,0,0,0,0,3,3,-0.5316333333333333,4,1,vain
dreaded,0,0,1,0,0,0,0,0,0,0,0,0,0,0,0,3,3,-0.29950000000000004,7,1,dreaded
mured,0,0,0,0,0,0,0,0,0,0,0,0,0,0,0,3,3,0.36233333333333334,5,1,mured
lain,0,1,0,0,0,0,0,0,0,0,0,0,0,0,0,3,3,0.025733333333333334,4,1,lain
misty,0,0,1,0,0,0,0,0,0,0,0,0,0,0,0,3,3,-0.0086,5,1,misty
jewels,1,0,0,0,0,0,0,0,0,0,0,0,0,0,0,3,3,0.5400999999999999,6,1,jewels
silently,0,0,0,1,0,0,0,0,0,0,0,0,0,0,0,3,3,-0.2542666666666667,8,1,silently
packed,0,1,1,0,0,0,0,0,0,0,0,0,0,0,0,3,3,0.0,6,1,packed
stands,1,1,0,0,0,0,0,0,0,0,0,0,0,0,0,3,3,0.6105999999999999,6,1,stands
ankle,1,0,0,0,0,0,0,0,0,0,0,0,0,0,0,3,3,0.0652,5,1,ankle
curtained,0,1,1,0,0,0,0,0,0,0,0,0,0,0,0,3,3,-0.03423333333333333,9,1,curtained
clatter,1,1,0,0,0,0,0,0,0,0,0,0,0,0,0,3,3,-0.06796666666666662,7,1,clatter
bathing,1,1,0,0,0,0,0,0,0,0,0,0,0,0,0,3,3,-0.09896666666666669,7,1,bathing
garibaldi,1,0,0,0,0,0,0,0,0,0,0,0,0,0,0,3,3,0.06743333333333333,9,1,garibaldi
watering,1,0,0,0,0,0,0,0,0,0,0,0,0,0,0,3,3,0.05183333333333332,8,1,watering
reverend,1,0,1,0,0,0,0,0,0,0,0,0,0,0,0,3,3,0.2273333333333333,8,1,reverend
whis,0,0,0,0,0,0,0,0,0,0,0,0,0,0,0,3,3,0.49803333333333333,4,1,whis
chorus,1,1,0,0,0,0,0,0,0,0,0,0,0,0,0,3,3,-0.23526666666666665,6,1,chorus
forms,1,1,0,0,0,0,0,0,0,0,0,0,0,0,0,3,3,-0.5505,5,1,forms
hunger,1,1,0,0,0,0,0,0,0,0,0,0,0,0,0,3,3,-0.7530333333333333,6,1,hunger
drifting,1,1,1,0,0,0,0,0,0,0,0,0,0,0,0,3,3,0.20413333333333336,8,1,drifting
highly,0,0,0,1,0,0,0,0,0,0,0,0,0,0,0,3,3,0.06183333333333333,6,1,highly
flamed,0,1,0,0,0,0,0,0,0,0,0,0,0,0,0,3,3,-0.05393333333333331,6,1,flamed
puff,1,1,1,0,0,0,0,0,0,0,0,0,0,0,0,3,3,0.0723333333333333,4,1,puff
advancing,0,1,1,0,0,0,0,0,0,0,0,0,0,0,0,3,3,0.008166666666666678,9,1,advancing
following,1,1,1,0,0,0,0,0,0,0,0,0,0,0,0,3,3,-0.4723333333333333,9,1,following
agitation,1,0,0,0,0,0,0,0,0,0,0,0,0,0,0,3,3,-0.4392333333333333,9,1,agitation
stables,1,1,0,0,0,0,0,0,0,0,0,0,0,0,0,3,3,0.14873333333333333,7,1,stables
facing,1,1,0,0,0,0,0,0,0,0,0,0,0,0,0,3,3,0.45553333333333335,6,1,facing
float,1,1,0,0,0,0,0,0,0,0,0,0,0,0,0,3,3,0.4371666666666667,5,1,float
laws,1,0,0,0,0,0,0,0,0,0,0,0,0,0,0,3,3,-0.40503333333333336,4,1,laws
camilla,0,0,0,0,0,0,0,0,0,0,0,0,0,0,0,3,3,-0.2786666666666667,7,1,camilla
prevent,0,1,0,0,0,0,0,0,0,0,0,0,0,0,0,3,3,0.18740000000000004,7,1,prevent
writing,1,1,0,0,0,0,0,0,0,0,0,0,0,0,0,3,3,-0.05333333333333331,7,1,writing
famous,0,0,1,0,0,0,0,0,0,0,0,0,0,0,0,3,3,0.01466666666666668,6,1,famous
traced,0,1,1,0,0,0,0,0,0,0,0,0,0,0,0,3,3,-0.09866666666666667,6,1,traced
quai,0,0,0,0,0,0,0,0,0,0,0,0,0,0,0,3,3,-0.10649999999999997,4,1,quai
sensation,1,0,0,0,0,0,0,0,0,0,0,0,0,0,0,3,3,-0.3912333333333333,9,1,sensation
tulips,1,0,0,0,0,0,0,0,0,0,0,0,0,0,0,3,3,0.5056666666666667,6,1,tulips
columns,1,0,0,0,0,0,0,0,0,0,0,0,0,0,0,3,3,0.10606666666666666,7,1,columns
piled,0,1,1,0,0,0,0,0,0,0,0,0,0,0,0,3,3,0.2954333333333334,5,1,piled
leurre,0,0,0,0,0,0,0,0,0,0,0,0,0,0,0,3,3,0.11519999999999998,6,1,leurre
reckless,0,0,1,0,0,0,0,0,0,0,0,0,0,0,0,3,3,-0.34669999999999995,8,1,reckless
disregard,1,0,0,0,0,0,0,0,0,0,0,0,0,0,0,3,3,0.0037999999999999887,9,1,disregard
oppress,0,1,0,0,0,0,0,0,0,0,0,0,0,0,0,3,3,0.3182,7,1,oppress
marotte,0,0,0,0,0,0,0,0,0,0,0,0,0,0,0,3,3,-0.33546666666666664,7,1,marotte
ushered,0,0,0,0,0,0,0,0,0,0,0,0,0,0,0,3,3,0.26533333333333337,7,1,ushered
binding,1,1,1,0,0,0,0,0,0,0,0,0,0,0,0,3,3,0.05956666666666669,7,1,binding
h,1,0,0,0,0,0,0,0,0,0,0,0,0,0,0,3,3,0.0,1,1,h
join,1,1,0,0,0,0,0,0,0,0,0,0,0,0,0,3,3,0.3419666666666667,4,1,join
matters,0,0,0,0,0,0,0,0,0,0,0,0,0,0,0,3,3,0.3342333333333333,7,1,matters
apartments,1,0,0,0,0,0,0,0,0,0,0,0,0,0,0,3,3,-0.06973333333333333,10,1,apartments
ameri,0,0,0,0,0,0,0,0,0,0,0,0,0,0,0,3,3,0.23550000000000001,5,1,ameri
arrested,0,0,1,0,0,0,0,0,0,0,0,0,0,0,0,3,3,-0.38273333333333337,8,1,arrested
action,1,1,0,0,0,0,0,0,0,0,0,0,0,0,0,3,3,-0.1655333333333333,6,1,action
bloc,1,0,0,0,0,0,0,0,0,0,0,0,0,0,0,3,3,0.10390000000000003,4,1,bloc
description,1,0,0,0,0,0,0,0,0,0,0,0,0,0,0,3,3,0.04616666666666669,11,1,description
papers,0,1,0,0,0,0,0,0,0,0,0,0,0,0,0,3,3,0.1820333333333333,6,1,papers
feared,0,1,0,0,0,0,0,0,0,0,0,0,0,0,0,3,3,-0.06403333333333332,6,1,feared
exhausted,0,1,1,0,0,0,0,0,0,0,0,0,0,0,0,3,3,-0.6032000000000001,9,1,exhausted
skin,1,1,1,0,0,0,0,0,0,0,0,0,0,0,0,3,3,0.20793333333333333,4,1,skin
spirits,1,1,0,0,0,0,0,0,0,0,0,0,0,0,0,3,3,0.0086,7,1,spirits
noose,1,1,0,0,0,0,0,0,0,0,0,0,0,0,0,3,3,0.0,5,1,noose
killer,1,0,0,0,0,0,0,0,0,0,0,0,0,0,0,3,3,-0.11566666666666665,6,1,killer
carts,1,1,0,0,0,0,0,0,0,0,0,0,0,0,0,3,3,0.05183333333333332,5,1,carts
unconscious,0,0,1,0,0,0,0,0,0,0,0,0,0,0,0,3,3,-0.2967666666666666,11,1,unconscious
drives,1,1,0,0,0,0,0,0,0,0,0,0,0,0,0,3,3,0.12726666666666667,6,1,drives
grande,0,0,0,0,0,0,0,0,0,0,0,0,0,0,0,3,3,0.1384,6,1,grande
serpent,1,0,0,0,0,0,0,0,0,0,0,0,0,0,0,3,3,0.3784666666666667,7,1,serpent
chatted,0,0,0,0,0,0,0,0,0,0,0,0,0,0,0,3,3,0.3964666666666667,7,1,chatted
rag,1,1,0,0,0,0,0,0,0,0,0,0,0,0,0,3,3,0.4209,3,1,rag
swish,1,0,1,0,0,0,0,0,0,0,0,0,0,0,0,3,3,0.23026666666666665,5,1,swish
circled,0,1,0,0,0,0,0,0,0,0,0,0,0,0,0,3,3,0.16463333333333333,7,1,circled
demain,1,0,0,0,0,0,0,0,0,0,0,0,0,0,0,3,3,0.3515333333333333,6,1,demain
wardrobe,1,0,0,0,0,0,0,0,0,0,0,0,0,0,0,3,3,0.12,8,1,wardrobe
conscious,0,0,1,0,0,0,0,0,0,0,0,0,0,0,0,3,2,-0.28099999999999997,9,1,conscious
hunt,1,1,0,0,0,0,0,0,0,0,0,0,0,0,0,3,3,0.40359999999999996,4,1,hunt
learned,0,1,1,0,0,0,0,0,0,0,0,0,0,0,0,3,3,-0.1468,7,1,learned
touching,0,1,1,0,0,0,0,0,0,0,0,0,0,0,0,3,3,0.06133333333333333,8,1,touching
scorn,0,0,0,0,0,0,0,0,0,0,0,0,0,0,0,3,3,-0.25476666666666664,5,1,scorn
sweat,1,1,0,0,0,0,0,0,0,0,0,0,0,0,0,3,3,-0.1125,5,1,sweat
sparkled,0,1,0,0,0,0,0,0,0,0,0,0,0,0,0,3,3,-0.03673333333333334,8,1,sparkled
indian,1,0,1,0,0,0,0,0,0,0,0,0,0,0,0,3,2,-0.33393333333333325,6,1,indian
brass,1,0,0,0,0,0,0,0,0,0,0,0,0,0,0,3,3,-0.12893333333333332,5,1,brass
echoed,0,1,0,0,0,0,0,0,0,0,0,0,0,0,0,3,3,-0.24396666666666667,6,1,echoed
pole,1,1,0,0,0,0,0,0,0,0,0,0,0,0,0,3,2,-0.1998,4,1,pole
repeating,0,1,0,0,0,0,0,0,0,0,0,0,0,0,0,3,3,0.28006666666666663,9,1,repeating
clenched,0,1,1,0,0,0,0,0,0,0,0,0,0,0,0,3,3,0.1468,8,1,clenched
stammered,0,0,0,0,0,0,0,0,0,0,0,0,0,0,0,3,3,-0.021166666666666705,9,1,stammered
onyx,1,0,0,0,0,0,0,0,0,0,0,0,0,0,0,3,3,-0.12739999999999999,4,1,onyx
wiped,0,1,0,0,0,0,0,0,0,0,0,0,0,0,0,3,3,0.07236666666666666,5,1,wiped
courtesy,1,0,0,0,0,0,0,0,0,0,0,0,0,0,0,3,3,0.4436333333333333,8,1,courtesy
duck,1,1,0,0,0,0,0,0,0,0,0,0,0,0,0,3,3,-0.04293333333333333,4,1,duck
uniform,1,1,1,0,0,0,0,0,0,0,0,0,0,0,0,3,3,0.04460000000000001,7,1,uniform
objects,1,1,0,0,0,0,0,0,0,0,0,0,0,0,0,3,3,0.2537333333333333,7,1,objects
flashing,1,1,1,0,0,0,0,0,0,0,0,0,0,0,0,3,3,-0.17833333333333334,8,1,flashing
affected,1,1,1,0,0,0,0,0,0,0,0,0,0,0,0,3,3,-0.07473333333333332,8,1,affected
lazy,0,0,1,0,0,0,0,0,0,0,0,0,0,0,0,3,3,-0.015033333333333343,4,1,lazy
baby,1,0,1,0,0,0,0,0,0,0,0,0,0,0,0,3,3,0.06743333333333333,4,1,baby
timidly,0,0,0,1,0,0,0,0,0,0,0,0,0,0,0,3,3,0.20696666666666666,7,1,timidly
que,0,0,0,0,0,0,0,0,0,0,0,0,0,0,0,3,3,0.0,3,1,que
knelt,0,1,0,0,0,0,0,0,0,0,0,0,0,0,0,3,3,-0.1858,5,1,knelt
inter,0,0,1,0,0,0,0,0,0,0,0,0,0,0,0,3,3,-0.11566666666666665,5,1,inter
tes,0,0,0,0,0,0,0,0,0,0,0,0,0,0,0,3,2,-0.18400000000000002,3,1,tes
weakness,1,0,0,0,0,0,0,0,0,0,0,0,0,0,0,3,3,-0.5622666666666667,8,1,weakness
lawns,0,0,0,0,0,0,0,0,0,0,0,0,0,0,0,3,3,0.0507,5,1,lawns
lazare,0,0,0,0,0,0,0,0,0,0,0,0,0,0,0,3,3,0.0,6,1,lazare
unhappy,0,0,1,0,0,0,0,0,0,0,0,0,0,0,0,3,3,-0.486,7,1,unhappy
storm,1,1,0,0,0,0,0,0,0,0,0,0,0,0,0,3,3,0.25020000000000003,5,1,storm
supper,1,0,0,0,0,0,0,0,0,0,0,0,0,0,0,3,2,-0.02266666666666668,6,1,supper
add,1,1,0,0,0,0,0,0,0,0,0,0,0,0,0,3,3,0.4704,3,1,add
harshly,0,0,0,1,0,0,0,0,0,0,0,0,0,0,0,3,3,0.4476,7,1,harshly
regard,1,1,0,0,0,0,0,0,0,0,0,0,0,0,0,3,3,-0.27086666666666664,6,1,regard
works,1,1,0,0,0,0,0,0,0,0,0,0,0,0,0,3,3,0.27086666666666664,5,1,works
quavering,0,0,1,0,0,0,0,0,0,0,0,0,0,0,0,3,3,-0.11220000000000002,9,1,quavering
courtoisie,0,0,0,0,0,0,0,0,0,0,0,0,0,0,0,3,3,0.5097666666666667,10,1,courtoisie
advised,0,1,1,0,0,0,0,0,0,0,0,0,0,0,0,3,3,0.06216666666666668,7,1,advised
modelling,0,1,0,0,0,0,0,0,0,0,0,0,0,0,0,3,3,0.2709,9,1,modelling
responded,0,1,0,0,0,0,0,0,0,0,0,0,0,0,0,3,3,0.24293333333333336,9,1,responded
ingly,0,0,0,0,0,0,0,0,0,0,0,0,0,0,0,3,3,0.2913666666666667,5,1,ingly
downstairs,0,0,1,1,0,0,0,0,0,0,0,0,0,0,0,3,3,0.24503333333333333,10,1,downstairs
curly,1,0,1,0,0,0,0,0,0,0,0,0,0,0,0,3,3,0.12726666666666667,5,1,curly
clothed,0,1,1,0,0,0,0,0,0,0,0,0,0,0,0,3,3,-0.042300000000000004,7,1,clothed
free,1,1,1,1,0,0,0,0,0,0,0,0,0,0,0,3,3,0.2011333333333333,4,1,free
hospital,1,0,0,0,0,0,0,0,0,0,0,0,0,0,0,3,3,-0.002500000000000021,8,1,hospital
searching,1,1,1,0,0,0,0,0,0,0,0,0,0,0,0,3,3,-0.2831666666666667,9,1,searching
lounge,1,1,0,0,0,0,0,0,0,0,0,0,0,0,0,3,3,0.1834,6,1,lounge
ole,0,0,0,0,0,0,0,0,0,0,0,0,0,0,0,3,3,0.0494,3,1,ole
slap,1,1,0,1,0,0,0,0,0,0,0,0,0,0,0,3,3,0.07133333333333333,4,1,slap
lawn,1,0,0,0,0,0,0,0,0,0,0,0,0,0,0,3,3,0.23343333333333335,4,1,lawn
strode,0,0,0,0,0,0,0,0,0,0,0,0,0,0,0,3,3,-0.04943333333333333,6,1,strode
heartily,0,0,0,1,0,0,0,0,0,0,0,0,0,0,0,3,3,-0.0951,8,1,heartily
entering,1,0,1,0,0,0,0,0,0,0,0,0,0,0,0,3,3,0.18366666666666664,8,1,entering
sleepy,0,0,1,0,0,0,0,0,0,0,0,0,0,0,0,3,3,0.27253333333333335,6,1,sleepy
burn,1,1,0,0,0,0,0,0,0,0,0,0,0,0,0,3,2,-0.27030000000000004,4,1,burn
wonderfully,0,0,0,1,0,0,0,0,0,0,0,0,0,0,0,3,3,0.6116333333333334,11,1,wonderfully
mut,0,0,0,0,0,0,0,0,0,0,0,0,0,0,0,3,3,-0.12546666666666667,3,1,mut
speechless,0,0,1,0,0,0,0,0,0,0,0,0,0,0,0,3,3,0.03886666666666668,10,1,speechless
wandering,1,0,1,0,0,0,0,0,0,0,0,0,0,0,0,3,3,-0.2737,9,1,wandering
lest,0,0,0,1,0,0,1,0,0,0,0,0,0,0,0,3,3,-0.4649666666666667,4,1,lest
examine,0,1,0,0,0,0,0,0,0,0,0,0,0,0,0,3,3,-0.4009666666666667,7,1,examine
simple,1,0,1,0,0,0,0,0,0,0,0,0,0,0,0,3,3,0.023099999999999992,6,1,simple
starting,0,1,1,0,0,0,0,0,0,0,0,0,0,0,0,3,3,0.11026666666666667,8,1,starting
metallic,1,0,1,0,0,0,0,0,0,0,0,0,0,0,0,3,3,-0.14049999999999999,8,1,metallic
delight,1,1,0,0,0,0,0,0,0,0,0,0,0,0,0,3,3,0.8468333333333332,7,1,delight
nineteen,1,0,1,0,0,0,0,0,0,0,0,0,0,0,0,3,3,-0.012799999999999997,8,1,nineteen
enthusiastic,0,0,1,0,0,0,0,0,0,0,0,0,0,0,0,3,3,0.5822333333333334,12,1,enthusiastic
missed,0,1,1,0,0,0,0,0,0,0,0,0,0,0,0,3,3,-0.6196,6,1,missed
breasts,1,1,0,0,0,0,0,0,0,0,0,0,0,0,0,3,3,0.03846666666666667,7,1,breasts
slumbering,0,0,1,0,0,0,0,0,0,0,0,0,0,0,0,3,3,0.4014,10,1,slumbering
headquarters,1,1,0,0,0,0,0,0,0,0,0,0,0,0,0,3,3,-0.12853333333333333,12,1,headquarters
dangerous,0,0,1,0,0,0,0,0,0,0,0,0,0,0,0,3,3,-0.5099333333333333,9,1,dangerous
vespers,1,0,0,0,0,0,0,0,0,0,0,0,0,0,0,3,3,0.16743333333333332,7,1,vespers
usually,0,0,0,1,0,0,0,0,0,0,0,0,0,0,0,3,3,-0.24503333333333333,7,1,usually
mercy,1,0,0,0,0,0,0,0,0,0,0,0,0,0,0,3,3,0.15696666666666667,5,1,mercy
century,1,0,0,0,0,0,0,0,0,0,0,0,0,0,0,3,3,0.03569999999999999,7,1,century
wondered,0,0,0,0,0,0,0,0,0,0,0,0,0,0,0,3,3,-0.3149666666666667,8,1,wondered
sullen,1,0,1,0,0,0,0,0,0,0,0,0,0,0,0,3,3,-0.43816666666666665,6,1,sullen
flecked,0,0,1,0,0,0,0,0,0,0,0,0,0,0,0,3,3,-0.042833333333333334,7,1,flecked
frankly,0,0,0,1,0,0,0,0,0,0,0,0,0,0,0,3,3,0.4429666666666667,7,1,frankly
tenderly,0,0,0,1,0,0,0,0,0,0,0,0,0,0,0,3,3,0.6226666666666666,8,1,tenderly
permitted,0,1,1,0,0,0,0,0,0,0,0,0,0,0,0,3,3,0.10023333333333334,9,1,permitted
fagade,0,0,0,0,0,0,0,0,0,0,0,0,0,0,0,3,3,0.05736666666666668,6,1,fagade
pleas,1,0,0,0,0,0,0,0,0,0,0,0,0,0,0,3,3,0.47226666666666667,5,1,pleas
making,1,1,0,0,0,0,0,0,0,0,0,0,0,0,0,3,3,0.06286666666666667,6,1,making
finishing,1,1,0,0,0,0,0,0,0,0,0,0,0,0,0,3,3,0.1186,9,1,finishing
volume,1,0,0,0,0,0,0,0,0,0,0,0,0,0,0,3,3,-0.17556666666666665,6,1,volume
conviction,1,0,0,0,0,0,0,0,0,0,0,0,0,0,0,3,3,-0.2779333333333333,10,1,conviction
flush,1,1,1,1,0,0,0,0,0,0,0,0,0,0,0,3,3,0.4621333333333333,5,1,flush
absolutely,0,0,0,1,0,0,0,0,0,0,0,0,0,0,0,3,3,0.27473333333333333,10,1,absolutely
certainly,0,0,0,1,0,0,0,0,0,0,0,0,0,0,0,3,3,0.45480000000000004,9,1,certainly
beast,1,0,0,0,0,0,0,0,0,0,0,0,0,0,0,3,3,-0.3507,5,1,beast
ras,1,0,0,0,0,0,0,0,0,0,0,0,0,0,0,3,3,-0.28006666666666663,3,1,ras
tallow,1,0,0,0,0,0,0,0,0,0,0,0,0,0,0,3,3,0.06336666666666667,6,1,tallow
sobbed,0,1,0,0,0,0,0,0,0,0,0,0,0,0,0,3,3,0.2807,6,1,sobbed
regret,0,1,0,0,0,0,0,0,0,0,0,0,0,0,0,3,3,-0.2590333333333333,6,1,regret
rub,1,1,0,0,0,0,0,0,0,0,0,0,0,0,0,3,3,0.5398666666666667,3,1,rub
suggest,0,1,0,0,0,0,0,0,0,0,0,0,0,0,0,3,3,0.0,7,1,suggest
anywhere,0,0,0,1,0,0,0,0,0,0,0,0,0,0,0,3,3,0.054766666666666665,8,1,anywhere
choir,1,1,0,0,0,0,0,0,0,0,0,0,0,0,0,3,3,0.19509999999999997,5,1,choir
chancel,1,0,0,0,0,0,0,0,0,0,0,0,0,0,0,3,3,0.32426666666666665,7,1,chancel
delightful,0,0,1,0,0,0,0,0,0,0,0,0,0,0,0,3,3,0.8086333333333333,10,1,delightful
petit,0,0,1,0,0,0,0,0,0,0,0,0,0,0,0,3,3,0.15516666666666667,5,1,petit
argued,0,1,0,0,0,0,0,0,0,0,0,0,0,0,0,3,3,0.18766666666666665,6,1,argued
exercise,1,1,0,0,0,0,0,0,0,0,0,0,0,0,0,3,3,0.46869999999999995,8,1,exercise
drank,0,1,0,0,0,0,0,0,0,0,0,0,0,0,0,3,3,-0.31026666666666664,5,1,drank
address,1,1,0,0,0,0,0,0,0,0,0,0,0,0,0,3,3,-0.3517666666666666,7,1,address
buildings,1,0,0,0,0,0,0,0,0,0,0,0,0,0,0,3,3,0.22283333333333333,9,1,buildings
indifferently,0,0,0,1,0,0,0,0,0,0,0,0,0,0,0,3,3,0.28076666666666666,13,1,indifferently
quays,1,0,0,0,0,0,0,0,0,0,0,0,0,0,0,3,3,0.17120000000000002,5,1,quays
excepting,0,0,0,0,0,0,0,0,0,0,0,0,0,0,0,3,3,0.003333333333333327,9,1,excepting
driven,0,1,1,0,0,0,0,0,0,0,0,0,0,0,0,3,3,-0.09106666666666667,6,1,driven
drag,1,1,0,0,0,0,0,0,0,0,0,0,0,0,0,3,3,-0.37539999999999996,4,1,drag
repugnance,1,0,0,0,0,0,0,0,0,0,0,0,0,0,0,3,3,-0.4764,10,1,repugnance
dimly,0,0,0,1,0,0,0,0,0,0,0,0,0,0,0,3,3,0.1589,5,1,dimly
whirl,1,1,0,0,0,0,0,0,0,0,0,0,0,0,0,3,3,-0.07543333333333334,5,1,whirl
completely,0,0,0,1,0,0,0,0,0,0,0,0,0,0,0,3,3,-0.06103333333333333,10,1,completely
surging,1,1,1,0,0,0,0,0,0,0,0,0,0,0,0,3,3,0.0,7,1,surging
direct,0,1,1,1,0,0,0,0,0,0,0,0,0,0,0,3,3,0.3022333333333333,6,1,direct
branch,1,1,0,0,0,0,0,0,0,0,0,0,0,0,0,3,2,-0.0344,6,1,branch
boyish,0,0,1,0,0,0,0,0,0,0,0,0,0,0,0,3,3,0.21550000000000002,6,1,boyish
massier,0,0,1,0,0,0,0,0,0,0,0,0,0,0,0,3,3,0.2892,7,1,massier
seizing,1,1,0,0,0,0,0,0,0,0,0,0,0,0,0,3,3,-0.21989999999999998,7,1,seizing
informed,0,1,1,0,0,0,0,0,0,0,0,0,0,0,0,3,3,-0.09263333333333333,8,1,informed
springs,0,1,0,0,0,0,0,0,0,0,0,0,0,0,0,3,3,-0.0086,7,1,springs
luncheon,1,0,0,0,0,0,0,0,0,0,0,0,0,0,0,3,3,0.6516666666666667,8,1,luncheon
silvery,0,0,1,0,0,0,0,0,0,0,0,0,0,0,0,3,3,-0.20473333333333332,7,1,silvery
almond,1,0,0,0,0,0,0,0,0,0,0,0,0,0,0,3,3,0.1998,6,1,almond
managed,0,1,0,0,0,0,0,0,0,0,0,0,0,0,0,3,3,-0.03846666666666667,7,1,managed
confession,1,0,0,0,0,0,0,0,0,0,0,0,0,0,0,3,3,-0.013933333333333317,10,1,confession
attached,0,1,1,0,0,0,0,0,0,0,0,0,0,0,0,3,3,0.16463333333333333,8,1,attached
chords,1,1,0,0,0,0,0,0,0,0,0,0,0,0,0,3,3,0.4784,6,1,chords
silhouette,1,1,0,0,0,0,0,0,0,0,0,0,0,0,0,3,3,0.12883333333333333,10,1,silhouette
toi,0,0,0,0,0,0,0,0,0,0,0,0,0,0,0,3,3,0.03423333333333333,3,1,toi
honestly,0,0,0,1,0,0,0,0,0,0,0,0,0,0,0,3,3,0.6245333333333334,8,1,honestly
talk,1,1,0,0,0,0,0,0,0,0,0,0,0,0,0,3,3,0.29660000000000003,4,1,talk
rode,1,1,0,0,0,0,0,0,0,0,0,0,0,0,0,3,3,0.14843333333333333,4,1,rode
possession,1,0,0,0,0,0,0,0,0,0,0,0,0,0,0,3,3,0.029299999999999993,10,1,possession
cheerful,0,0,1,0,0,0,0,0,0,0,0,0,0,0,0,3,3,0.7532,8,1,cheerful
occur,0,1,0,0,0,0,0,0,0,0,0,0,0,0,0,3,3,0.0,5,1,occur
gayly,0,0,0,0,0,0,0,0,0,0,0,0,0,0,0,3,3,0.06,5,1,gayly
herald,1,0,0,0,0,0,0,0,0,0,0,0,0,0,0,3,3,0.23026666666666665,6,1,herald
lock,1,1,0,0,0,0,0,0,0,0,0,0,0,0,0,3,3,0.0,4,1,lock
solid,1,0,1,0,0,0,0,0,0,0,0,0,0,0,0,3,3,0.49626666666666663,5,1,solid
ful,0,0,0,0,0,0,0,0,0,0,0,0,0,0,0,3,3,0.3457666666666667,3,1,ful
suited,0,1,1,0,0,0,0,0,0,0,0,0,0,0,0,3,3,0.18203333333333335,6,1,suited
eccentric,1,0,1,0,0,0,0,0,0,0,0,0,0,0,0,3,2,0.45626666666666665,9,1,eccentric
pennons,1,0,0,0,0,0,0,0,0,0,0,0,0,0,0,3,3,0.0,7,1,pennons
tightened,0,0,1,0,0,0,0,0,0,0,0,0,0,0,0,3,3,0.1738666666666666,9,1,tightened
band,1,1,0,0,0,0,0,0,0,0,0,0,0,0,0,3,3,0.5396666666666666,4,1,band
bees,1,0,0,0,0,0,0,0,0,0,0,0,0,0,0,3,3,0.1858,4,1,bees
crowding,1,1,0,0,0,0,0,0,0,0,0,0,0,0,0,3,3,-0.2242666666666667,8,1,crowding
demand,1,1,0,0,0,0,0,0,0,0,0,0,0,0,0,3,3,0.24840000000000004,6,1,demand
haunt,1,1,0,0,0,0,0,0,0,0,0,0,0,0,0,3,3,-0.20566666666666666,5,1,haunt
hart,1,0,0,0,0,0,0,0,0,0,0,0,0,0,0,3,3,0.14049999999999999,4,1,hart
laughter,1,0,0,0,0,0,0,0,0,0,0,0,0,0,0,3,3,0.46976666666666667,8,1,laughter
pushed,0,1,1,0,0,0,0,0,0,0,0,0,0,0,0,3,3,-0.060700000000000004,6,1,pushed
accident,1,0,0,0,0,0,0,0,0,0,0,0,0,0,0,3,3,-0.5093,8,1,accident
drop,1,1,0,0,0,0,0,0,0,0,0,0,0,0,0,3,3,-0.3679333333333334,4,1,drop
purity,1,0,0,0,0,0,0,0,0,0,0,0,0,0,0,3,3,0.02153333333333335,6,1,purity
cordiality,0,0,0,0,0,0,0,0,0,0,0,0,0,0,0,3,3,0.5621,10,1,cordiality
ivy,1,0,0,0,0,0,0,0,0,0,0,0,0,0,0,3,3,-0.30086666666666667,3,1,ivy
slipping,1,1,1,0,0,0,0,0,0,0,0,0,0,0,0,3,3,0.15293333333333334,8,1,slipping
bon,0,0,0,0,0,0,0,0,0,0,0,0,0,0,0,3,3,0.07046666666666666,3,1,bon
rolling,1,1,1,1,0,0,0,0,0,0,0,0,0,0,0,3,3,-0.2794333333333333,7,1,rolling
stout,1,0,1,0,0,0,0,0,0,0,0,0,0,0,0,3,2,0.5234666666666666,5,1,stout
theatre,1,0,0,0,0,0,0,0,0,0,0,0,0,0,0,3,3,0.3661999999999999,7,1,theatre
glove,1,0,0,0,0,0,0,0,0,0,0,0,0,0,0,3,3,0.3924,5,1,glove
wept,0,1,0,0,0,0,0,0,0,0,0,0,0,0,0,3,3,-0.7099333333333333,4,1,wept
bloodless,0,0,1,0,0,0,0,0,0,0,0,0,0,0,0,3,3,0.2757,9,1,bloodless
controlled,0,1,1,0,0,0,0,0,0,0,0,0,0,0,0,3,3,0.0491,10,1,controlled
seconds,1,1,0,0,0,0,0,0,0,0,0,0,0,0,0,3,3,-0.10966666666666668,7,1,seconds
homesick,0,0,1,0,0,0,0,0,0,0,0,0,0,0,0,3,3,0.30593333333333333,8,1,homesick
cabs,1,0,0,0,0,0,0,0,0,0,0,0,0,0,0,3,3,0.46856666666666663,4,1,cabs
troopers,1,0,0,0,0,0,0,0,0,0,0,0,0,0,0,3,3,-0.05296666666666667,8,1,troopers
clambered,0,0,0,0,0,0,0,0,0,0,0,0,0,0,0,3,3,0.14743333333333333,9,1,clambered
selfish,0,0,1,0,0,0,0,0,0,0,0,0,0,0,0,3,3,0.3284,7,1,selfish
termed,0,1,0,0,0,0,0,0,0,0,0,0,0,0,0,3,3,0.329,6,1,termed
lid,1,0,0,0,0,0,0,0,0,0,0,0,0,0,0,3,3,-0.17323333333333335,3,1,lid
millbrook,0,0,0,0,0,0,0,0,0,0,0,0,0,0,0,3,3,0.5790333333333333,9,1,millbrook
spotless,0,0,1,0,0,0,0,0,0,0,0,0,0,0,0,3,3,0.11006666666666666,8,1,spotless
whistled,0,1,0,0,0,0,0,0,0,0,0,0,0,0,0,3,3,0.2654666666666667,8,1,whistled
fitting,1,1,1,0,0,0,0,0,0,0,0,0,0,0,0,3,3,0.054266666666666664,7,1,fitting
shudder,1,1,0,0,0,0,0,0,0,0,0,0,0,0,0,3,3,-0.09106666666666667,7,1,shudder
crushed,0,1,1,0,0,0,0,0,0,0,0,0,0,0,0,3,3,-0.34180000000000005,7,1,crushed
produced,0,1,1,0,0,0,0,0,0,0,0,0,0,0,0,3,3,-0.17783333333333332,8,1,produced
lose,0,1,0,0,0,0,0,0,0,0,0,0,0,0,0,3,3,-0.01213333333333331,4,1,lose
monseigneur,1,0,0,0,0,0,0,0,0,0,0,0,0,0,0,3,3,0.23653333333333335,11,1,monseigneur
ease,1,1,0,0,0,0,0,0,0,0,0,0,0,0,0,3,3,0.3108666666666667,4,1,ease
curse,1,1,0,0,0,0,0,0,0,0,0,0,0,0,0,3,3,0.11479999999999997,5,1,curse
policemen,1,0,0,0,0,0,0,0,0,0,0,0,0,0,0,3,3,0.07433333333333332,9,1,policemen
rushed,0,1,1,0,0,0,0,0,0,0,0,0,0,0,0,3,3,-0.26109999999999994,6,1,rushed
generally,0,0,0,1,0,0,0,0,0,0,0,0,0,0,0,3,3,0.6705666666666668,9,1,generally
wounded,1,1,1,0,0,0,0,0,0,0,0,0,0,0,0,3,3,-0.23026666666666665,7,1,wounded
horrors,1,0,0,0,0,0,0,0,0,0,0,0,0,0,0,3,3,-0.2671333333333333,7,1,horrors
ceremony,1,0,0,0,0,0,0,0,0,0,0,0,0,0,0,3,3,0.1974,8,1,ceremony
ha,0,0,0,0,0,0,0,0,0,0,0,0,0,0,0,3,3,0.1743333333333333,2,0,ha
whence,0,0,0,1,0,0,1,0,0,0,0,0,0,0,0,3,3,0.005366666666666668,6,1,whence
shelf,1,0,0,0,0,0,0,0,0,0,0,0,0,0,0,3,3,0.10166666666666667,5,1,shelf
viper,1,0,0,0,0,0,0,0,0,0,0,0,0,0,0,3,3,-0.2502,5,1,viper
fashionable,1,0,1,0,0,0,0,0,0,0,0,0,0,0,0,3,3,0.15293333333333334,11,1,fashionable
joseph,1,0,0,0,0,0,0,0,0,0,0,0,0,0,0,3,3,0.28353333333333336,6,1,joseph
dener,0,0,0,0,0,0,0,0,0,0,0,0,0,0,0,3,3,0.19063333333333332,5,1,dener
press,1,1,0,0,0,0,0,0,0,0,0,0,0,0,0,3,3,0.22870000000000001,5,1,press
robe,1,0,0,0,0,0,0,0,0,0,0,0,0,0,0,3,3,-0.07543333333333334,4,1,robe
architecture,1,0,0,0,0,0,0,0,0,0,0,0,0,0,0,3,3,-0.17013333333333333,12,1,architecture
agreed,0,1,1,0,0,0,0,0,0,0,0,0,0,0,0,3,3,0.45326666666666665,6,1,agreed
avoided,0,1,0,0,0,0,0,0,0,0,0,0,0,0,0,3,3,-0.2738,7,1,avoided
intense,0,0,1,0,0,0,0,0,0,0,0,0,0,0,0,3,3,-0.1159,7,1,intense
lived,0,1,1,0,0,0,0,0,0,0,0,0,0,0,0,3,3,0.16196666666666665,5,1,lived
marriage,1,0,0,0,0,0,0,0,0,0,0,0,0,0,0,3,3,0.3268,8,1,marriage
thigh,1,0,0,0,0,0,0,0,0,0,0,0,0,0,0,3,2,0.10606666666666666,5,1,thigh
vision,1,0,0,0,0,0,0,0,0,0,0,0,0,0,0,3,2,0.7931666666666667,6,1,vision
count,1,1,0,0,0,0,0,0,0,0,0,0,0,0,0,3,3,-0.1468,5,1,count
armed,0,1,1,0,0,0,0,0,0,0,0,0,0,0,0,3,3,0.38083333333333336,5,1,armed
devout,1,0,1,0,0,0,0,0,0,0,0,0,0,0,0,3,3,0.11716666666666666,6,1,devout
ashes,0,1,0,0,0,0,0,0,0,0,0,0,0,0,0,3,3,-0.31486666666666663,5,1,ashes
afield,0,0,0,1,0,0,0,0,0,0,0,0,0,0,0,3,3,0.15763333333333332,6,1,afield
volumes,1,0,0,0,0,0,0,0,0,0,0,0,0,0,0,3,3,0.0,7,1,volumes
squares,1,1,0,0,0,0,0,0,0,0,0,0,0,0,0,3,3,0.09106666666666667,7,1,squares
destroyed,0,1,1,0,0,0,0,0,0,0,0,0,0,0,0,3,3,-0.2382,9,1,destroyed
tinued,0,0,0,0,0,0,0,0,0,0,0,0,0,0,0,3,3,0.0669,6,1,tinued
mood,1,0,0,0,0,0,0,0,0,0,0,0,0,0,0,3,3,0.15470000000000003,4,1,mood
crippled,0,1,1,0,0,0,0,0,0,0,0,0,0,0,0,3,3,-0.11933333333333333,8,1,crippled
ploughed,0,0,1,0,0,0,0,0,0,0,0,0,0,0,0,3,3,0.10729999999999999,8,1,ploughed
rattle,1,1,0,0,0,0,0,0,0,0,0,0,0,0,0,3,3,-0.4617,6,1,rattle
pig,1,1,0,0,0,0,0,0,0,0,0,0,0,0,0,3,3,0.17863333333333334,3,1,pig
reddened,0,0,1,0,0,0,0,0,0,0,0,0,0,0,0,3,3,0.10176666666666667,8,1,reddened
soothing,1,1,1,0,0,0,0,0,0,0,0,0,0,0,0,3,3,0.5078999999999999,8,1,soothing
forgive,0,1,0,0,0,0,0,0,0,0,0,0,0,0,0,3,3,0.12419999999999999,7,1,forgive
assistance,1,0,0,0,0,0,0,0,0,0,0,0,0,0,0,3,3,-0.27526666666666666,10,1,assistance
gene,1,0,0,0,0,0,0,0,0,0,0,0,0,0,0,3,3,-0.09106666666666667,4,1,gene
painful,0,0,1,0,0,0,0,0,0,0,0,0,0,0,0,3,3,-0.49560000000000004,7,1,painful
grown,0,1,1,0,0,0,0,0,0,0,0,0,0,0,0,3,2,0.6386,5,1,grown
violets,1,0,0,0,0,0,0,0,0,0,0,0,0,0,0,3,2,0.0,7,1,violets
lent,1,1,0,0,0,0,0,0,0,0,0,0,0,0,0,3,3,0.07933333333333335,4,1,lent
dropping,1,1,1,0,0,0,0,0,0,0,0,0,0,0,0,3,3,0.026899999999999997,8,1,dropping
kick,1,1,0,0,0,0,0,0,0,0,0,0,0,0,0,3,3,-0.15863333333333335,4,1,kick
species,1,0,0,0,0,0,0,0,0,0,0,0,0,0,0,3,3,-0.07973333333333334,7,1,species
judging,0,1,0,0,0,0,0,0,0,0,0,0,0,0,0,3,3,0.3838333333333333,7,1,judging
settle,1,1,0,0,0,0,0,0,0,0,0,0,0,0,0,3,3,0.18330000000000002,6,1,settle
surprise,1,1,0,0,0,0,0,0,0,0,0,0,0,0,0,3,3,0.4186666666666667,8,1,surprise
pang,1,0,0,0,0,0,0,0,0,0,0,0,0,0,0,3,3,-0.1915,4,1,pang
nurses,1,1,0,0,0,0,0,0,0,0,0,0,0,0,0,3,3,0.3937,6,1,nurses
studied,0,1,1,0,0,0,0,0,0,0,0,0,0,0,0,3,3,0.3907,7,1,studied
aldebaran,1,0,0,0,0,0,0,0,0,0,0,0,0,0,0,3,3,0.25020000000000003,9,1,aldebaran
pallid,0,0,1,0,0,0,0,0,0,0,0,0,0,0,0,3,3,0.0656,6,1,pallid
pray,0,1,0,0,0,0,0,0,0,0,0,0,0,0,0,3,3,0.6486333333333333,4,1,pray
poking,1,1,0,0,0,0,0,0,0,0,0,0,0,0,0,3,3,0.30186666666666667,6,1,poking
lip,1,0,0,0,0,0,0,0,0,0,0,0,0,0,0,3,3,0.16563333333333333,3,1,lip
amazed,0,1,1,0,0,0,0,0,0,0,0,0,0,0,0,3,3,0.5014666666666666,6,1,amazed
purest,0,0,1,0,0,0,0,0,0,0,0,0,0,0,0,3,3,0.07253333333333334,6,1,purest
grim,0,0,1,0,0,0,0,0,0,0,0,0,0,0,0,3,3,-0.2908,4,1,grim
hill,1,1,0,0,0,0,0,0,0,0,0,0,0,0,0,3,3,-0.40363333333333334,4,1,hill
grabbed,0,1,0,0,0,0,0,0,0,0,0,0,0,0,0,3,3,-0.1468,7,1,grabbed
concorde,0,0,0,0,0,0,0,0,0,0,0,0,0,0,0,3,3,0.02426666666666666,8,1,concorde
chattering,1,0,1,0,0,0,0,0,0,0,0,0,0,0,0,3,3,0.2235,10,1,chattering
ate,1,1,0,0,0,0,0,0,0,0,0,0,0,0,0,3,3,0.4502333333333333,3,1,ate
charcoal,1,1,1,0,0,0,0,0,0,0,0,0,0,0,0,3,3,0.09183333333333334,8,1,charcoal
favor,1,1,0,0,0,0,0,0,0,0,0,0,0,0,0,3,3,0.3272333333333333,5,1,favor
memory,1,0,0,0,0,0,0,0,0,0,0,0,0,0,0,3,3,0.09536666666666667,6,1,memory
clisson,0,0,0,0,0,0,0,0,0,0,0,0,0,0,0,3,3,0.021733333333333344,7,1,clisson
amuse,0,1,0,0,0,0,0,0,0,0,0,0,0,0,0,3,2,0.9242666666666667,5,1,amuse
umbrella,1,0,1,0,0,0,0,0,0,0,0,0,0,0,0,3,3,0.0,8,1,umbrella
subject,1,1,1,1,0,0,0,0,0,0,0,0,0,0,0,3,3,0.16119999999999998,7,1,subject
unfinished,0,0,1,0,0,0,0,0,0,0,0,0,0,0,0,3,3,-0.30446666666666666,10,1,unfinished
replacing,0,1,0,0,0,0,0,0,0,0,0,0,0,0,0,3,3,0.004266666666666666,9,1,replacing
tween,1,0,0,0,0,0,0,0,0,0,0,0,0,0,0,3,3,-0.22219999999999998,5,1,tween
compare,0,1,0,0,0,0,0,0,0,0,0,0,0,0,0,3,3,0.24503333333333333,7,1,compare
foam,1,1,0,0,0,0,0,0,0,0,0,0,0,0,0,3,3,0.023366666666666685,4,1,foam
loving,0,1,1,0,0,0,0,0,0,0,0,0,0,0,0,3,3,0.2542,6,1,loving
sickened,0,0,0,0,0,0,0,0,0,0,0,0,0,0,0,3,3,-0.7355333333333333,8,1,sickened
rats,1,1,0,0,0,0,0,0,0,0,0,0,0,0,0,3,3,-0.5633333333333334,4,1,rats
refuse,0,1,0,0,0,0,0,0,0,0,0,0,0,0,0,3,3,-0.5557666666666666,6,1,refuse
demented,0,0,1,0,0,0,0,0,0,0,0,0,0,0,0,3,3,-0.4847666666666666,8,1,demented
impatiently,0,0,0,1,0,0,0,0,0,0,0,0,0,0,0,3,3,-0.3437333333333334,11,1,impatiently
chime,1,1,0,0,0,0,0,0,0,0,0,0,0,0,0,3,2,-0.16666666666666666,5,1,chime
sup,1,1,0,0,0,0,0,0,0,0,0,0,0,0,0,3,3,-0.11176666666666664,3,1,sup
tassets,1,0,0,0,0,0,0,0,0,0,0,0,0,0,0,3,3,-0.2081333333333333,7,1,tassets
threatened,0,0,1,0,0,0,0,0,0,0,0,0,0,0,0,3,3,-0.25589999999999996,10,1,threatened
chestnut,1,0,1,0,0,0,0,0,0,0,0,0,0,0,0,3,3,-0.078,8,1,chestnut
established,0,1,1,0,0,0,0,0,0,0,0,0,0,0,0,3,3,0.13396666666666665,11,1,established
wooster,0,0,0,0,0,0,0,0,0,0,0,0,0,0,0,3,3,-0.021366666666666662,7,1,wooster
lot,1,1,0,1,0,0,0,0,0,0,0,0,0,0,0,3,3,0.3317333333333334,3,1,lot
limbs,1,0,0,0,0,0,0,0,0,0,0,0,0,0,0,3,3,0.41383333333333333,5,1,limbs
amiable,0,0,1,0,0,0,0,0,0,0,0,0,0,0,0,3,3,0.17206666666666667,7,1,amiable
steylette,0,0,0,0,0,0,0,0,0,0,0,0,0,0,0,3,3,0.2083,9,1,steylette
bois,1,0,0,0,0,0,0,0,0,0,0,0,0,0,0,3,3,-0.026933333333333326,4,1,bois
goodness,0,0,0,0,0,0,0,0,0,0,0,0,0,0,0,3,3,0.5944666666666666,8,1,goodness
swore,0,1,0,0,0,0,0,0,0,0,0,0,0,0,0,3,3,0.006799999999999991,5,1,swore
serpente,0,0,0,0,0,0,0,0,0,0,0,0,0,0,0,3,3,-0.11383333333333334,8,1,serpente
named,0,1,1,0,0,0,0,0,0,0,0,0,0,0,0,3,3,-0.1801,5,1,named
constant,1,0,1,0,0,0,0,0,0,0,0,0,0,0,0,3,3,0.17663333333333334,8,1,constant
wrists,1,0,0,0,0,0,0,0,0,0,0,0,0,0,0,3,3,0.07403333333333334,6,1,wrists
insultin,0,0,0,0,0,0,0,0,0,0,0,0,0,0,0,3,3,0.13319999999999999,8,1,insultin
ere,1,0,0,0,0,0,0,0,0,0,0,0,0,0,0,3,3,0.0,3,1,ere
waters,1,1,0,0,0,0,0,0,0,0,0,0,0,0,0,3,3,0.12193333333333334,6,1,waters
shrieked,0,1,1,0,0,0,0,0,0,0,0,0,0,0,0,3,3,0.0,8,1,shrieked
veins,1,1,0,0,0,0,0,0,0,0,0,0,0,0,0,3,3,0.05666666666666668,5,1,veins
transferred,0,1,0,0,0,0,0,0,0,0,0,0,0,0,0,3,3,-0.27653333333333335,11,1,transferred
frozen,0,1,1,0,0,0,0,0,0,0,0,0,0,0,0,3,3,-0.2526333333333333,6,1,frozen
pere,0,0,0,0,0,0,0,0,0,0,0,0,0,0,0,3,3,0.0,4,1,pere
tumbled,0,1,0,0,0,0,0,0,0,0,0,0,0,0,0,3,3,-0.17556666666666665,7,1,tumbled
swam,0,1,0,0,0,0,0,0,0,0,0,0,0,0,0,3,3,-0.1045,4,1,swam
uneasily,0,0,0,1,0,0,0,0,0,0,0,0,0,0,0,3,3,-0.23526666666666665,8,1,uneasily
chief,1,0,1,1,0,0,0,0,0,0,0,0,0,0,0,3,3,0.213,5,1,chief
forgetting,1,1,0,0,0,0,0,0,0,0,0,0,0,0,0,3,3,-0.06843333333333335,10,1,forgetting
azure,1,1,1,0,0,0,0,0,0,0,0,0,0,0,0,3,3,0.1819333333333333,5,1,azure
tinted,0,1,1,0,0,0,0,0,0,0,0,0,0,0,0,3,3,0.3884666666666667,6,1,tinted
lord,1,1,0,0,0,0,0,0,0,0,0,0,0,0,0,3,3,0.5262,4,1,lord
material,1,0,1,0,0,0,0,0,0,0,0,0,0,0,0,3,3,-0.09106666666666667,8,1,material
miracle,1,0,0,0,0,0,0,0,0,0,0,0,0,0,0,3,3,0.5989,7,1,miracle
vaguely,0,0,0,1,0,0,0,0,0,0,0,0,0,0,0,3,3,-0.2273666666666667,7,1,vaguely
shade,1,1,0,0,0,0,0,0,0,0,0,0,0,0,0,3,3,0.26086666666666664,5,1,shade
instinct,1,0,1,0,0,0,0,0,0,0,0,0,0,0,0,3,3,-0.38766666666666666,8,1,instinct
advanced,0,1,1,0,0,0,0,0,0,0,0,0,0,0,0,3,3,0.2854,8,1,advanced
besides,0,0,0,1,0,0,0,0,0,0,0,0,0,0,0,3,3,0.11180000000000001,7,1,besides
manded,0,0,0,0,0,0,0,0,0,0,0,0,0,0,0,3,3,0.0,6,1,manded
shocked,0,1,1,0,0,0,0,0,0,0,0,0,0,0,0,3,3,-0.4663,7,1,shocked
salad,1,0,0,0,0,0,0,0,0,0,0,0,0,0,0,3,3,0.24766666666666667,5,1,salad
wonderful,0,0,1,0,0,0,0,0,0,0,0,0,0,0,0,3,3,0.6207333333333334,9,1,wonderful
montmartre,1,0,0,0,0,0,0,0,0,0,0,0,0,0,0,3,3,-0.6396333333333333,10,1,montmartre
droll,1,0,1,0,0,0,0,0,0,0,0,0,0,0,0,3,3,-0.0086,5,1,droll
stabbed,0,1,1,0,0,0,0,0,0,0,0,0,0,0,0,3,3,-0.6669999999999999,7,1,stabbed
tittered,0,0,0,0,0,0,0,0,0,0,0,0,0,0,0,3,3,-0.11539999999999999,8,1,tittered
fill,1,1,0,0,0,0,0,0,0,0,0,0,0,0,0,3,3,0.2449,4,1,fill
swears,1,1,0,0,0,0,0,0,0,0,0,0,0,0,0,3,2,0.33393333333333336,6,1,swears
winged,0,0,1,0,0,0,0,0,0,0,0,0,0,0,0,3,3,0.5387333333333334,6,1,winged
sunken,0,0,1,0,0,0,0,0,0,0,0,0,0,0,0,3,3,0.14989999999999995,6,1,sunken
crowned,0,1,1,0,0,0,0,0,0,0,0,0,0,0,0,3,3,-0.013233333333333338,7,1,crowned
slaughter,1,0,0,0,0,0,0,0,0,0,0,0,0,0,0,3,2,-0.10093333333333328,9,1,slaughter
statues,1,0,0,0,0,0,0,0,0,0,0,0,0,0,0,3,3,0.3216333333333334,7,1,statues
sewer,1,0,0,0,0,0,0,0,0,0,0,0,0,0,0,3,3,0.09866666666666667,5,1,sewer
morsel,1,0,0,0,0,0,0,0,0,0,0,0,0,0,0,3,2,-0.13419999999999999,6,1,morsel
bridges,1,1,0,0,0,0,0,0,0,0,0,0,0,0,0,3,3,0.024399999999999995,7,1,bridges
result,1,1,0,0,0,0,0,0,0,0,0,0,0,0,0,3,3,0.1589,6,1,result
party,1,1,1,0,0,0,0,0,0,0,0,0,0,0,0,3,3,0.6991,5,1,party
urged,0,1,0,0,0,0,0,0,0,0,0,0,0,0,0,3,3,-0.1907,5,1,urged
sez,0,0,0,0,0,0,0,0,0,0,0,0,0,0,0,3,3,0.05516666666666667,3,1,sez
shattered,0,0,1,0,0,0,0,0,0,0,0,0,0,0,0,3,3,-0.5936,9,1,shattered
lorrrd,0,0,0,0,0,0,0,0,0,0,0,0,0,0,0,3,1,-0.6597,6,1,lorrrd
hyacinths,1,0,0,0,0,0,0,0,0,0,0,0,0,0,0,3,3,0.3058666666666667,9,1,hyacinths
chalk,1,1,0,0,0,0,0,0,0,0,0,0,0,0,0,3,3,0.38166666666666665,5,1,chalk
system,1,0,0,0,0,0,0,0,0,0,0,0,0,0,0,3,3,0.6165333333333334,6,1,system
richard,0,0,0,0,0,0,0,0,0,0,0,0,0,0,0,3,3,0.09183333333333334,7,1,richard
introduced,0,1,0,0,0,0,0,0,0,0,0,0,0,0,0,3,3,0.3961666666666666,10,1,introduced
strain,1,1,0,0,0,0,0,0,0,0,0,0,0,0,0,3,3,-0.05983333333333333,6,1,strain
definite,1,0,1,0,0,0,0,0,0,0,0,0,0,0,0,3,3,-0.054966666666666684,8,1,definite
supreme,0,0,1,0,0,0,0,0,0,0,0,0,0,0,0,3,3,0.7105666666666668,7,1,supreme
brick,1,0,1,0,0,0,0,0,0,0,0,0,0,0,0,3,3,0.31956666666666667,5,1,brick
embarrassed,0,1,1,0,0,0,0,0,0,0,0,0,0,0,0,3,3,-0.15846666666666667,11,1,embarrassed
shoe,1,1,0,0,0,0,0,0,0,0,0,0,0,0,0,3,3,0.08456666666666666,4,1,shoe
alert,1,0,1,0,0,0,0,0,0,0,0,0,0,0,0,3,3,0.08099999999999996,5,1,alert
puss,1,0,0,0,0,0,0,0,0,0,0,0,0,0,0,3,3,0.02676666666666665,4,1,puss
tremble,1,1,0,0,0,0,0,0,0,0,0,0,0,0,0,3,3,0.08183333333333336,7,1,tremble
necessary,1,0,1,0,0,0,0,0,0,0,0,0,0,0,0,3,3,-0.03963333333333333,9,1,necessary
yello,0,0,0,0,0,0,0,0,0,0,0,0,0,0,0,3,3,0.21619999999999998,5,1,yello
io,1,0,0,0,0,0,0,0,0,0,0,0,0,0,0,3,3,-0.16563333333333333,2,1,io
iff,0,0,0,0,0,0,1,0,0,0,0,0,0,0,0,3,3,0.0,3,1,iff
noisy,0,0,1,0,0,0,0,0,0,0,0,0,0,0,0,3,3,-0.03753333333333333,5,1,noisy
claims,1,1,0,0,0,0,0,0,0,0,0,0,0,0,0,3,3,-0.03423333333333333,6,1,claims
stupidly,0,0,0,1,0,0,0,0,0,0,0,0,0,0,0,3,3,-0.19343333333333335,8,1,stupidly
hercules,1,0,0,0,0,0,0,0,0,0,0,0,0,0,0,3,3,0.23216666666666666,8,1,hercules
folded,0,1,1,0,0,0,0,0,0,0,0,0,0,0,0,3,3,-0.015533333333333335,6,1,folded
bow,1,1,1,0,0,0,0,0,0,0,0,0,0,0,0,3,3,-0.04003333333333333,3,1,bow
sketch,1,1,0,0,0,0,0,0,0,0,0,0,0,0,0,3,3,0.1633,6,1,sketch
starved,0,1,1,0,0,0,0,0,0,0,0,0,0,0,0,3,3,-0.5169333333333334,7,1,starved
screech,1,0,0,0,0,0,0,0,0,0,0,0,0,0,0,3,3,0.22799999999999998,7,1,screech
chat,1,0,0,0,0,0,0,0,0,0,0,0,0,0,0,3,3,0.1702,4,1,chat
entitled,0,1,1,0,0,0,0,0,0,0,0,0,0,0,0,3,3,0.1363,8,1,entitled
horrid,0,0,1,0,0,0,0,0,0,0,0,0,0,0,0,3,3,-0.5158333333333334,6,1,horrid
knot,1,1,0,0,0,0,0,0,0,0,0,0,0,0,0,3,3,-0.33483333333333337,4,1,knot
aged,1,1,1,0,0,0,0,0,0,0,0,0,0,0,0,3,3,0.4001333333333334,4,1,aged
awhile,0,0,0,1,0,0,0,0,0,0,0,0,0,0,0,3,3,-0.06630000000000001,6,1,awhile
flowered,0,0,1,0,0,0,0,0,0,0,0,0,0,0,0,3,3,-0.12246666666666667,8,1,flowered
becoming,1,1,1,0,0,0,0,0,0,0,0,0,0,0,0,3,3,0.2809,8,1,becoming
pitched,0,1,1,0,0,0,0,0,0,0,0,0,0,0,0,3,3,0.25603333333333333,7,1,pitched
fie,0,0,0,0,0,0,0,0,0,0,0,0,0,0,0,3,3,-0.3661999999999999,3,1,fie
push,1,1,0,0,0,0,0,0,0,0,0,0,0,0,0,3,3,0.1468,4,1,push
splendor,0,0,0,0,0,0,0,0,0,0,0,0,0,0,0,3,3,0.6161333333333333,8,1,splendor
tire,1,1,0,0,0,0,0,0,0,0,0,0,0,0,0,3,3,-0.2005333333333333,4,1,tire
shouting,1,1,1,0,0,0,0,0,0,0,0,0,0,0,0,3,3,-0.166,8,1,shouting
flared,0,1,1,0,0,0,0,0,0,0,0,0,0,0,0,3,3,0.3687666666666667,6,1,flared
rolls,1,1,0,0,0,0,0,0,0,0,0,0,0,0,0,3,3,0.30333333333333334,5,1,rolls
misery,1,0,0,0,0,0,0,0,0,0,0,0,0,0,0,3,3,-0.7587,6,1,misery
thanking,0,1,0,0,0,0,0,0,0,0,0,0,0,0,0,3,3,-0.08526666666666667,8,1,thanking
gorgeous,0,0,1,0,0,0,0,0,0,0,0,0,0,0,0,3,3,0.5234666666666667,8,1,gorgeous
q,1,0,0,0,0,0,0,0,0,0,0,0,0,0,0,3,3,0.04686666666666669,1,1,q
lilies,1,0,0,0,0,0,0,0,0,0,0,0,0,0,0,3,3,0.2194,6,1,lilies
murphy,1,0,0,0,0,0,0,0,0,0,0,0,0,0,0,3,3,0.246,6,1,murphy
shutters,1,1,0,0,0,0,0,0,0,0,0,0,0,0,0,3,3,-0.5473666666666667,8,1,shutters
drums,1,1,0,0,0,0,0,0,0,0,0,0,0,0,0,3,3,0.10423333333333333,5,1,drums
broadway,1,0,0,0,0,0,0,0,0,0,0,0,0,0,0,3,3,0.10303333333333332,8,1,broadway
palais,0,0,0,0,0,0,0,0,0,0,0,0,0,0,0,3,3,0.08449999999999998,6,1,palais
jet,1,1,1,0,0,0,0,0,0,0,0,0,0,0,0,3,3,0.18783333333333332,3,1,jet
sentry,1,0,0,0,0,0,0,0,0,0,0,0,0,0,0,3,3,-0.057166666666666664,6,1,sentry
vibrated,0,1,0,0,0,0,0,0,0,0,0,0,0,0,0,3,3,-0.14049999999999999,8,1,vibrated
caress,1,1,0,0,0,0,0,0,0,0,0,0,0,0,0,3,3,0.0,6,1,caress
sabots,1,0,0,0,0,0,0,0,0,0,0,0,0,0,0,3,3,0.1932666666666667,6,1,sabots
outcast,1,0,1,0,0,0,0,0,0,0,0,0,0,0,0,3,3,0.15153333333333333,7,1,outcast
tall,1,0,1,0,0,0,0,0,0,0,0,0,0,0,0,3,3,0.39726666666666666,4,1,tall
bars,1,1,0,0,0,0,0,0,0,0,0,0,0,0,0,3,3,0.08146666666666666,4,1,bars
uncomfortable,0,0,1,0,0,0,0,0,0,0,0,0,0,0,0,3,3,-0.26089999999999997,13,1,uncomfortable
mused,0,0,0,0,0,0,0,0,0,0,0,0,0,0,0,3,3,-0.08613333333333334,5,1,mused
daylight,1,0,0,0,0,0,0,0,0,0,0,0,0,0,0,3,3,0.12096666666666667,8,1,daylight
fade,1,1,0,0,0,0,0,0,0,0,0,0,0,0,0,3,3,-0.025733333333333334,4,1,fade
abroad,0,0,1,1,0,0,0,0,0,0,0,0,0,0,0,3,3,-0.23026666666666665,6,1,abroad
darkening,0,0,1,0,0,0,0,0,0,0,0,0,0,0,0,3,3,0.20413333333333336,9,1,darkening
co,1,0,0,0,0,0,0,0,0,0,0,0,0,0,0,3,3,-0.08216666666666665,2,1,co
slightly,0,0,0,1,0,0,0,0,0,0,0,0,0,0,0,3,3,0.22793333333333332,8,1,slightly
tin,1,1,1,0,0,0,0,0,0,0,0,0,0,0,0,3,3,-0.40116666666666667,3,1,tin
acknowledge,0,1,0,0,0,0,0,0,0,0,0,0,0,0,0,3,3,-0.6165333333333334,11,1,acknowledge
sparkling,1,1,1,0,0,0,0,0,0,0,0,0,0,0,0,3,3,0.2566333333333333,9,1,sparkling
shone,0,1,0,0,0,0,0,0,0,0,0,0,0,0,0,3,3,0.24546666666666664,5,1,shone
tiresome,0,0,1,0,0,0,0,0,0,0,0,0,0,0,0,3,3,0.12726666666666667,8,1,tiresome
moonlight,1,1,0,0,0,0,0,0,0,0,0,0,0,0,0,3,3,0.06743333333333333,9,1,moonlight
prefer,0,1,0,0,0,0,0,0,0,0,0,0,0,0,0,3,3,0.26496666666666663,6,1,prefer
tatters,1,0,0,0,0,0,0,0,0,0,0,0,0,0,0,3,3,-0.20223333333333335,7,1,tatters
charm,1,1,0,0,0,0,0,0,0,0,0,0,0,0,0,3,3,0.6974666666666667,5,1,charm
meat,1,0,0,0,0,0,0,0,0,0,0,0,0,0,0,3,3,-0.2258,4,1,meat
hate,1,1,0,0,0,0,0,0,0,0,0,0,0,0,0,3,3,-0.36106666666666665,4,1,hate
risen,0,1,1,0,0,0,0,0,0,0,0,0,0,0,0,3,3,0.20383333333333334,5,1,risen
stamping,1,1,0,0,0,0,0,0,0,0,0,0,0,0,0,3,3,-0.3861333333333333,8,1,stamping
wing,1,0,0,0,0,0,0,0,0,0,0,0,0,0,0,3,3,0.12040000000000001,4,1,wing
squatting,1,0,0,0,0,0,0,0,0,0,0,0,0,0,0,3,3,-0.03423333333333333,9,1,squatting
lounged,0,1,0,0,0,0,0,0,0,0,0,0,0,0,0,3,3,-0.1002,7,1,lounged
courtyard,1,0,0,0,0,0,0,0,0,0,0,0,0,0,0,3,3,-0.20473333333333332,9,1,courtyard
filtered,0,0,0,0,0,0,0,0,0,0,0,0,0,0,0,3,3,0.09383333333333332,8,1,filtered
profession,1,0,0,0,0,0,0,0,0,0,0,0,0,0,0,3,3,0.08246666666666667,10,1,profession
effect,1,1,0,0,0,0,0,0,0,0,0,0,0,0,0,3,3,-0.011000000000000001,6,1,effect
hopes,1,1,0,0,0,0,0,0,0,0,0,0,0,0,0,3,3,-0.03423333333333333,5,1,hopes
visited,0,0,0,0,0,0,0,0,0,0,0,0,0,0,0,3,3,-0.1589,7,1,visited
repaired,0,1,1,0,0,0,0,0,0,0,0,0,0,0,0,3,3,0.0,8,1,repaired
mob,1,0,1,0,0,0,0,0,0,0,0,0,0,0,0,3,3,-0.16303333333333334,3,1,mob
advice,1,0,0,0,0,0,0,0,0,0,0,0,0,0,0,3,3,-0.0071666666666666545,6,1,advice
tinkling,1,1,1,0,0,0,0,0,0,0,0,0,0,0,0,3,3,0.287,8,1,tinkling
inlaid,0,0,1,0,0,0,0,0,0,0,0,0,0,0,0,3,3,0.1838,6,1,inlaid
flattened,0,0,1,0,0,0,0,0,0,0,0,0,0,0,0,3,3,-0.3685666666666667,9,1,flattened
creeping,0,1,1,0,0,0,0,0,0,0,0,0,0,0,0,3,3,0.0,8,1,creeping
dol,1,0,0,0,0,0,0,0,0,0,0,0,0,0,0,3,3,0.0,3,1,dol
masses,1,1,0,0,0,0,0,0,0,0,0,0,0,0,0,3,3,0.13396666666666665,6,1,masses
hearty,1,0,1,0,0,0,0,0,0,0,0,0,0,0,0,3,3,0.12596666666666667,6,1,hearty
fearful,0,0,1,0,0,0,0,0,0,0,0,0,0,0,0,3,3,-0.5230333333333334,7,1,fearful
smell,1,1,0,0,0,0,0,0,0,0,0,0,0,0,0,3,3,-0.007266666666666681,5,1,smell
paws,1,1,0,0,0,0,0,0,0,0,0,0,0,0,0,3,3,-0.07543333333333334,4,1,paws
cabane,1,0,0,0,0,0,0,0,0,0,0,0,0,0,0,3,3,-0.2953333333333333,6,1,cabane
offer,1,1,0,0,0,0,0,0,0,0,0,0,0,0,0,3,3,0.2877,5,1,offer
leg,1,0,0,0,0,0,0,0,0,0,0,0,0,0,0,3,3,-0.42976666666666663,3,1,leg
solemn,0,0,1,0,0,0,0,0,0,0,0,0,0,0,0,3,3,-0.2783666666666667,6,1,solemn
unhealthy,0,0,1,0,0,0,0,0,0,0,0,0,0,0,0,3,3,-0.41043333333333326,9,1,unhealthy
vast,1,0,1,0,0,0,0,0,0,0,0,0,0,0,0,3,3,0.34463333333333335,4,1,vast
tennyson,1,0,0,0,0,0,0,0,0,0,0,0,0,0,0,3,3,0.0,8,1,tennyson
dim,0,1,1,0,0,0,0,0,0,0,0,0,0,0,0,3,3,-0.7052666666666667,3,1,dim
hopeless,0,0,1,0,0,0,0,0,0,0,0,0,0,0,0,3,3,-0.39353333333333335,8,1,hopeless
contents,1,1,0,0,0,0,0,0,0,0,0,0,0,0,0,3,3,0.09946666666666669,8,1,contents
arrest,1,0,0,0,0,0,0,0,0,0,0,0,0,0,0,3,3,-0.23526666666666665,6,1,arrest
lengthen,0,1,0,0,0,0,0,0,0,0,0,0,0,0,0,3,3,0.03136666666666667,8,1,lengthen
limb,1,0,0,0,0,0,0,0,0,0,0,0,0,0,0,3,2,0.08786666666666669,4,1,limb
alarmed,0,1,1,0,0,0,0,0,0,0,0,0,0,0,0,3,3,-0.5580333333333334,7,1,alarmed
bulldogs,1,1,0,0,0,0,0,0,0,0,0,0,0,0,0,3,3,-0.025733333333333334,8,1,bulldogs
songs,1,0,0,0,0,0,0,0,0,0,0,0,0,0,0,3,3,-0.29263333333333336,5,1,songs
chairs,1,1,0,0,0,0,0,0,0,0,0,0,0,0,0,3,3,-0.2612333333333333,6,1,chairs
archway,1,0,0,0,0,0,0,0,0,0,0,0,0,0,0,3,3,0.27990000000000004,7,1,archway
fathomless,0,0,1,0,0,0,0,0,0,0,0,0,0,0,0,3,3,0.023800000000000005,10,1,fathomless
frowned,0,1,0,0,0,0,0,0,0,0,0,0,0,0,0,3,3,0.07706666666666666,7,1,frowned
impression,1,0,0,0,0,0,0,0,0,0,0,0,0,0,0,3,3,-0.0025666666666666615,10,1,impression
roar,1,1,0,0,0,0,0,0,0,0,0,0,0,0,0,3,3,0.23749999999999996,4,1,roar
turmoil,0,0,0,0,0,0,0,0,0,0,0,0,0,0,0,3,3,-0.11116666666666668,7,1,turmoil
picture,1,1,0,0,0,0,0,0,0,0,0,0,0,0,0,3,3,0.5472666666666667,7,1,picture
flesh,1,1,0,0,0,0,0,0,0,0,0,0,0,0,0,3,3,0.1909,5,1,flesh
echoes,1,1,0,0,0,0,0,0,0,0,0,0,0,0,0,3,3,0.0027000000000000357,6,1,echoes
cheer,1,1,0,0,0,0,0,0,0,0,0,0,0,0,0,3,3,0.47459999999999997,5,1,cheer
leisurely,0,0,1,1,0,0,0,0,0,0,0,0,0,0,0,2,2,-0.22315000000000002,9,1,leisurely
lean,0,1,1,0,0,0,0,0,0,0,0,0,0,0,0,2,2,0.15985,4,1,lean
gives,0,1,0,0,0,0,0,0,0,0,0,0,0,0,0,2,2,0.06434999999999999,5,1,gives
jets,1,1,0,0,0,0,0,0,0,0,0,0,0,0,0,2,2,0.15820000000000004,4,1,jets
dome,1,0,0,0,0,0,0,0,0,0,0,0,0,0,0,2,2,-0.35235,4,1,dome
neat,1,0,1,0,0,0,0,0,0,0,0,0,0,0,0,2,2,0.50525,4,1,neat
employ,1,0,0,0,0,0,0,0,0,0,0,0,0,0,0,2,2,0.10139999999999999,6,1,employ
u,1,0,1,0,0,0,0,0,0,0,0,0,0,0,0,2,2,0.0,1,1,u
avalanche,1,1,0,0,0,0,0,0,0,0,0,0,0,0,0,2,2,-0.24695,9,1,avalanche
lars,1,0,0,0,0,0,0,0,0,0,0,0,0,0,0,2,2,0.0,4,1,lars
blazing,0,1,1,0,0,0,0,0,0,0,0,0,0,0,0,2,2,0.436,7,1,blazing
foaming,0,1,1,0,0,0,0,0,0,0,0,0,0,0,0,2,2,-0.29569999999999996,7,1,foaming
louder,0,0,0,0,0,0,0,0,0,0,0,0,0,0,0,2,1,-0.8176,6,1,louder
sentinels,1,0,0,0,0,0,0,0,0,0,0,0,0,0,0,2,2,0.024999999999999967,9,1,sentinels
skipping,0,1,0,0,0,0,0,0,0,0,0,0,0,0,0,2,2,0.09584999999999999,8,1,skipping
arrows,1,0,0,0,0,0,0,0,0,0,0,0,0,0,0,2,2,-0.31245,6,1,arrows
basket,1,0,0,0,0,0,0,0,0,0,0,0,0,0,0,2,2,0.6166499999999999,6,1,basket
talked,0,1,0,0,0,0,0,0,0,0,0,0,0,0,0,2,2,-0.1503,6,1,talked
board,1,1,0,0,0,0,0,0,0,0,0,0,0,0,0,2,2,-0.23835,5,1,board
stray,1,1,1,0,0,0,0,0,0,0,0,0,0,0,0,2,2,0.02855,5,1,stray
beam,1,1,0,0,0,0,0,0,0,0,0,0,0,0,0,2,2,-0.2899,4,1,beam
ner,0,0,0,0,0,0,0,0,0,0,0,0,0,0,0,2,2,0.064,3,1,ner
blush,1,1,0,0,0,0,0,0,0,0,0,0,0,0,0,2,2,-0.57045,5,1,blush
disappointment,1,0,0,0,0,0,0,0,0,0,0,0,0,0,0,2,2,-0.2301,14,1,disappointment
thrill,1,1,0,0,0,0,0,0,0,0,0,0,0,0,0,2,2,0.81965,6,1,thrill
ball,1,1,0,0,0,0,0,0,0,0,0,0,0,0,0,2,2,0.17,4,1,ball
apply,0,1,0,0,0,0,0,0,0,0,0,0,0,0,0,2,2,-0.15445,5,1,apply
talent,1,0,0,0,0,0,0,0,0,0,0,0,0,0,0,2,2,0.5966,6,1,talent
cropped,0,1,1,0,0,0,0,0,0,0,0,0,0,0,0,2,2,-0.0386,7,1,cropped
october,1,0,0,0,0,0,0,0,0,0,0,0,0,0,0,2,2,0.0,7,1,october
flitted,0,1,0,0,0,0,0,0,0,0,0,0,0,0,0,2,2,-0.2202,7,1,flitted
fete,1,0,0,0,0,0,0,0,0,0,0,0,0,0,0,2,2,0.1194,4,1,fete
makers,1,0,0,0,0,0,0,0,0,0,0,0,0,0,0,2,2,0.13954999999999998,6,1,makers
triple,1,1,1,0,0,0,0,0,0,0,0,0,0,0,0,2,2,0.4967,6,1,triple
sleeve,1,0,0,0,0,0,0,0,0,0,0,0,0,0,0,2,2,0.0,6,1,sleeve
sensations,1,0,0,0,0,0,0,0,0,0,0,0,0,0,0,2,2,0.3559,10,1,sensations
baskets,1,0,0,0,0,0,0,0,0,0,0,0,0,0,0,2,2,-0.2446,7,1,baskets
unkind,0,0,1,0,0,0,0,0,0,0,0,0,0,0,0,2,2,-0.51035,6,1,unkind
rivers,1,0,0,0,0,0,0,0,0,0,0,0,0,0,0,2,2,0.21669999999999998,6,1,rivers
plaint,1,0,0,0,0,0,0,0,0,0,0,0,0,0,0,2,2,0.0019,6,1,plaint
bered,0,0,0,0,0,0,0,0,0,0,0,0,0,0,0,2,2,-0.37849999999999995,5,1,bered
rounded,0,1,1,0,0,0,0,0,0,0,0,0,0,0,0,2,2,0.07694999999999999,7,1,rounded
toes,1,1,0,0,0,0,0,0,0,0,0,0,0,0,0,2,2,0.004200000000000009,4,1,toes
proof,1,1,1,0,0,0,0,0,0,0,0,0,0,0,0,2,2,0.07655,5,1,proof
kindly,0,0,1,1,0,0,0,0,0,0,0,0,0,0,0,2,2,0.3193,6,1,kindly
tricks,1,0,0,0,0,0,0,0,0,0,0,0,0,0,0,2,2,-0.5149,6,1,tricks
restraint,1,0,0,0,0,0,0,0,0,0,0,0,0,0,0,2,2,-0.06574999999999998,9,1,restraint
triumph,1,0,0,0,0,0,0,0,0,0,0,0,0,0,0,2,2,0.12625,7,1,triumph
straps,1,1,0,0,0,0,0,0,0,0,0,0,0,0,0,2,2,0.21075,6,1,straps
padded,0,1,1,0,0,0,0,0,0,0,0,0,0,0,0,2,2,0.4939,6,1,padded
skies,1,0,0,0,0,0,0,0,0,0,0,0,0,0,0,2,1,-0.4588,5,1,skies
dreamland,1,0,0,0,0,0,0,0,0,0,0,0,0,0,0,2,2,0.04930000000000001,9,1,dreamland
bucket,1,1,0,0,0,0,0,0,0,0,0,0,0,0,0,2,2,0.038599999999999995,6,1,bucket
wasted,0,1,1,0,0,0,0,0,0,0,0,0,0,0,0,2,2,-0.3454,6,1,wasted
arched,0,1,1,0,0,0,0,0,0,0,0,0,0,0,0,2,2,0.0,6,1,arched
roast,1,1,1,0,0,0,0,0,0,0,0,0,0,0,0,2,2,0.24695,5,1,roast
egg,1,1,0,0,0,0,0,0,0,0,0,0,0,0,0,2,2,-0.08895,3,1,egg
prismatic,0,0,1,0,0,0,0,0,0,0,0,0,0,0,0,2,2,0.46995,9,1,prismatic
cents,1,0,0,0,0,0,0,0,0,0,0,0,0,0,0,2,2,0.3749,5,1,cents
thb,0,0,0,0,0,0,0,0,0,0,0,0,0,0,0,2,2,0.0,3,1,thb
stroke,1,1,0,0,0,0,0,0,0,0,0,0,0,0,0,2,2,0.125,6,1,stroke
iden,0,0,0,0,0,0,0,0,0,0,0,0,0,0,0,2,2,-0.08735,4,1,iden
iris,1,0,0,0,0,0,0,0,0,0,0,0,0,0,0,2,2,0.41785,4,1,iris
tells,1,1,0,0,0,0,0,0,0,0,0,0,0,0,0,2,2,0.1909,5,1,tells
relaxing,0,1,1,0,0,0,0,0,0,0,0,0,0,0,0,2,2,0.4939,8,1,relaxing
justice,1,0,0,0,0,0,0,0,0,0,0,0,0,0,0,2,2,0.6978,7,1,justice
kidby,0,0,0,0,0,0,0,0,0,0,0,0,0,0,0,2,2,0.2202,5,1,kidby
authority,1,0,0,0,0,0,0,0,0,0,0,0,0,0,0,2,2,-0.21075,9,1,authority
boulanger,0,0,0,0,0,0,0,0,0,0,0,0,0,0,0,2,2,0.0,9,1,boulanger
scuffle,1,1,0,0,0,0,0,0,0,0,0,0,0,0,0,2,2,0.0,7,1,scuffle
represented,0,1,1,0,0,0,0,0,0,0,0,0,0,0,0,2,2,-0.526,11,1,represented
fad,1,0,0,0,0,0,0,0,0,0,0,0,0,0,0,2,2,0.2263,3,1,fad
bling,1,0,0,0,0,0,0,0,0,0,0,0,0,0,0,2,2,0.2584,5,1,bling
buckle,1,1,0,0,0,0,0,0,0,0,0,0,0,0,0,2,2,0.0,6,1,buckle
insult,1,0,0,0,0,0,0,0,0,0,0,0,0,0,0,2,2,-0.4436,6,1,insult
appar,0,0,0,0,0,0,0,0,0,0,0,0,0,0,0,2,2,0.13044999999999998,5,1,appar
eyebrows,1,0,0,0,0,0,0,0,0,0,0,0,0,0,0,2,2,-0.36755,8,1,eyebrows
brooklyn,1,0,0,0,0,0,0,0,0,0,0,0,0,0,0,2,1,0.8126,8,1,brooklyn
commandant,1,0,0,0,0,0,0,0,0,0,0,0,0,0,0,2,2,0.027349999999999985,10,1,commandant
county,1,0,1,0,0,0,0,0,0,0,0,0,0,0,0,2,2,0.0,6,1,county
upstairs,1,0,1,1,0,0,0,0,0,0,0,0,0,0,0,2,2,-0.24695,8,1,upstairs
pall,1,1,0,0,0,0,0,0,0,0,0,0,0,0,0,2,2,0.17,4,1,pall
curtains,1,1,0,0,0,0,0,0,0,0,0,0,0,0,0,2,2,0.0,8,1,curtains
towered,0,0,1,0,0,0,0,0,0,0,0,0,0,0,0,2,2,-0.4609,7,1,towered
crumpled,0,0,1,0,0,0,0,0,0,0,0,0,0,0,0,2,2,0.29695,8,1,crumpled
brained,0,1,0,0,0,0,0,0,0,0,0,0,0,0,0,2,2,0.06755,7,1,brained
choosing,0,1,0,0,0,0,0,0,0,0,0,0,0,0,0,2,2,0.0,8,1,choosing
springing,0,1,1,0,0,0,0,0,0,0,0,0,0,0,0,2,2,-0.0258,9,1,springing
engraved,0,1,1,0,0,0,0,0,0,0,0,0,0,0,0,2,2,0.1423,8,1,engraved
unfolded,0,1,1,0,0,0,0,0,0,0,0,0,0,0,0,2,2,-0.26335,8,1,unfolded
quarters,0,1,0,0,0,0,0,0,0,0,0,0,0,0,0,2,2,0.0,8,1,quarters
toned,0,1,1,0,0,0,0,0,0,0,0,0,0,0,0,2,2,0.3452,5,1,toned
pom,1,0,0,0,0,0,0,0,0,0,0,0,0,0,0,2,2,-0.21075,3,1,pom
prospects,1,1,0,0,0,0,0,0,0,0,0,0,0,0,0,2,2,0.35875,9,1,prospects
constrained,0,0,1,0,0,0,0,0,0,0,0,0,0,0,0,2,2,-0.03919999999999996,11,1,constrained
menacing,0,1,1,0,0,0,0,0,0,0,0,0,0,0,0,2,2,0.31229999999999997,8,1,menacing
rare,0,0,1,0,0,0,0,0,0,0,0,0,0,0,0,2,2,0.06040000000000001,4,1,rare
arouse,0,1,0,0,0,0,0,0,0,0,0,0,0,0,0,2,2,-0.13849999999999996,6,1,arouse
engaged,0,1,1,0,0,0,0,0,0,0,0,0,0,0,0,2,2,-0.005949999999999997,7,1,engaged
soothingly,0,0,0,1,0,0,0,0,0,0,0,0,0,0,0,2,2,0.32985,10,1,soothingly
recognize,0,1,0,0,0,0,0,0,0,0,0,0,0,0,0,2,2,0.0,9,1,recognize
interview,1,1,0,0,0,0,0,0,0,0,0,0,0,0,0,2,2,0.35735,9,1,interview
means,1,1,0,0,0,0,0,0,0,0,0,0,0,0,0,2,2,-0.07359999999999998,5,1,means
possessed,0,1,1,0,0,0,0,0,0,0,0,0,0,0,0,2,2,0.23005,9,1,possessed
inquire,0,0,0,0,0,0,0,0,0,0,0,0,0,0,0,2,2,-0.3062,7,1,inquire
ties,1,1,0,0,0,0,0,0,0,0,0,0,0,0,0,2,2,-0.064,4,1,ties
compartment,1,0,0,0,0,0,0,0,0,0,0,0,0,0,0,2,2,0.24695,11,1,compartment
purred,0,1,0,0,0,0,0,0,0,0,0,0,0,0,0,2,2,0.4939,6,1,purred
tightening,1,0,0,0,0,0,0,0,0,0,0,0,0,0,0,2,2,0.4939,10,1,tightening
illustrated,0,1,1,0,0,0,0,0,0,0,0,0,0,0,0,2,2,0.0,11,1,illustrated
mewed,0,1,0,0,0,0,0,0,0,0,0,0,0,0,0,2,2,0.4061,5,1,mewed
cer,0,0,0,0,0,0,0,0,0,0,0,0,0,0,0,2,2,0.24155000000000001,3,1,cer
mint,1,1,1,0,0,0,0,0,0,0,0,0,0,0,0,2,2,0.0,4,1,mint
corsage,1,0,0,0,0,0,0,0,0,0,0,0,0,0,0,2,2,0.3243,7,1,corsage
swell,1,1,1,0,0,0,0,0,0,0,0,0,0,0,0,2,2,0.29295,5,1,swell
pound,1,1,0,0,0,0,0,0,0,0,0,0,0,0,0,2,2,0.71795,5,1,pound
surf,1,1,0,0,0,0,0,0,0,0,0,0,0,0,0,2,1,0.5859,4,1,surf
fragrance,1,0,0,0,0,0,0,0,0,0,0,0,0,0,0,2,2,0.008950000000000014,9,1,fragrance
reception,1,0,0,0,0,0,0,0,0,0,0,0,0,0,0,2,2,0.038500000000000006,9,1,reception
bonjour,0,0,0,0,0,0,0,0,0,0,0,0,0,0,0,2,2,0.15175,7,1,bonjour
trestle,1,0,0,0,0,0,0,0,0,0,0,0,0,0,0,2,2,0.2155,7,1,trestle
approached,0,1,0,0,0,0,0,0,0,0,0,0,0,0,0,2,2,-0.11315,10,1,approached
ial,0,0,0,0,0,0,0,0,0,0,0,0,0,0,0,2,2,-0.07655,3,1,ial
nearest,0,0,1,1,0,0,0,0,0,0,0,0,0,0,0,2,2,0.0,7,1,nearest
melting,1,1,1,0,0,0,0,0,0,0,0,0,0,0,0,2,2,0.148,7,1,melting
froze,0,1,0,0,0,0,0,0,0,0,0,0,0,0,0,2,2,0.4806,5,1,froze
nervously,0,0,0,1,0,0,0,0,0,0,0,0,0,0,0,2,2,-0.010599999999999998,9,1,nervously
garment,1,0,0,0,0,0,0,0,0,0,0,0,0,0,0,2,2,0.0,7,1,garment
smaller,0,0,1,0,0,0,0,0,0,0,0,0,0,0,0,2,2,0.0,7,1,smaller
heaps,1,1,0,1,0,0,0,0,0,0,0,0,0,0,0,2,2,0.0,5,1,heaps
firelight,1,0,0,0,0,0,0,0,0,0,0,0,0,0,0,2,2,0.0,9,1,firelight
cole,1,0,0,0,0,0,0,0,0,0,0,0,0,0,0,2,2,0.0,4,1,cole
bosom,1,1,1,0,0,0,0,0,0,0,0,0,0,0,0,2,2,-0.273,5,1,bosom
uncertain,0,0,1,0,0,0,0,0,0,0,0,0,0,0,0,2,2,-0.0864,9,1,uncertain
rough,1,0,1,1,0,0,0,0,0,0,0,0,0,0,0,2,2,0.0,5,1,rough
worthy,1,0,1,0,0,0,0,0,0,0,0,0,0,0,0,2,2,-0.24309999999999998,6,1,worthy
wrote,0,1,0,0,0,0,0,0,0,0,0,0,0,0,0,2,2,0.08825000000000001,5,1,wrote
menace,1,1,0,0,0,0,0,0,0,0,0,0,0,0,0,2,2,-0.7424,6,1,menace
parallel,1,1,1,0,0,0,0,0,0,0,0,0,0,0,0,2,2,0.2294,8,1,parallel
lombard,1,0,0,0,0,0,0,0,0,0,0,0,0,0,0,2,2,0.0,7,1,lombard
tucked,0,1,1,0,0,0,0,0,0,0,0,0,0,0,0,2,2,0.20095,6,1,tucked
gaunt,0,0,1,0,0,0,0,0,0,0,0,0,0,0,0,2,2,0.6728,5,1,gaunt
avenues,1,0,0,0,0,0,0,0,0,0,0,0,0,0,0,2,2,0.0,7,1,avenues
sleet,1,1,0,0,0,0,0,0,0,0,0,0,0,0,0,2,2,0.24914999999999998,5,1,sleet
zinc,1,1,0,0,0,0,0,0,0,0,0,0,0,0,0,2,2,0.34365,4,1,zinc
stations,1,1,0,0,0,0,0,0,0,0,0,0,0,0,0,2,2,0.0,8,1,stations
steam,1,1,0,0,0,0,0,0,0,0,0,0,0,0,0,2,2,0.0,5,1,steam
dashed,0,1,1,1,0,0,0,0,0,0,0,0,0,0,0,2,2,0.29295,6,1,dashed
halt,1,1,1,0,0,0,0,0,0,0,0,0,0,0,0,2,2,-0.3332,4,1,halt
forbid,0,1,0,0,0,0,0,0,0,0,0,0,0,0,0,2,2,-0.03854999999999999,6,1,forbid
exile,1,0,0,0,0,0,0,0,0,0,0,0,0,0,0,2,2,-0.36135,5,1,exile
nations,1,0,0,0,0,0,0,0,0,0,0,0,0,0,0,2,2,-0.064,7,1,nations
traversed,0,1,0,0,0,0,0,0,0,0,0,0,0,0,0,2,2,-0.43895,9,1,traversed
buckled,0,1,0,0,0,0,0,0,0,0,0,0,0,0,0,2,2,0.15985,7,1,buckled
charms,1,1,0,0,0,0,0,0,0,0,0,0,0,0,0,2,2,0.5675,6,1,charms
removed,0,1,1,0,0,0,0,0,0,0,0,0,0,0,0,2,2,0.0,7,1,removed
observations,1,0,0,0,0,0,0,0,0,0,0,0,0,0,0,2,2,0.41125,12,1,observations
vigorous,0,0,1,0,0,0,0,0,0,0,0,0,0,0,0,2,2,0.63925,8,1,vigorous
rumbling,1,1,1,0,0,0,0,0,0,0,0,0,0,0,0,2,2,-0.05245,8,1,rumbling
reserve,1,1,1,0,0,0,0,0,0,0,0,0,0,0,0,2,2,0.2294,7,1,reserve
rigid,0,0,1,0,0,0,0,0,0,0,0,0,0,0,0,2,2,-0.4393,5,1,rigid
lette,0,0,0,0,0,0,0,0,0,0,0,0,0,0,0,2,2,-0.12324999999999997,5,1,lette
pencil,1,1,0,0,0,0,0,0,0,0,0,0,0,0,0,2,2,-0.08895,6,1,pencil
plan,1,1,0,0,0,0,0,0,0,0,0,0,0,0,0,2,2,0.0,4,1,plan
connected,0,1,1,0,0,0,0,0,0,0,0,0,0,0,0,2,2,-0.39225,9,1,connected
manu,0,0,0,0,0,0,0,0,0,0,0,0,0,0,0,2,2,0.24605000000000002,4,1,manu
script,1,1,0,0,0,0,0,0,0,0,0,0,0,0,0,2,2,0.3592,6,1,script
scolloped,0,0,0,0,0,0,0,0,0,0,0,0,0,0,0,2,2,0.1356,9,1,scolloped
conclusions,1,0,0,0,0,0,0,0,0,0,0,0,0,0,0,2,2,0.05135,11,1,conclusions
ix,0,0,0,0,0,0,0,0,0,0,0,0,0,0,0,2,2,0.0,2,0,ix
sur,1,0,0,0,0,0,0,0,0,0,0,0,0,0,0,2,2,-0.064,3,1,sur
interrogative,1,0,1,0,0,0,0,0,0,0,0,0,0,0,0,2,2,0.6407499999999999,13,1,interrogative
soir,0,0,0,0,0,0,0,0,0,0,0,0,0,0,0,2,2,0.2294,4,1,soir
oth,1,0,0,0,0,0,0,0,0,0,0,0,0,0,0,2,2,0.41390000000000005,3,1,oth
rags,1,1,0,0,0,0,0,0,0,0,0,0,0,0,0,2,2,0.0,4,1,rags
hovered,0,0,0,0,0,0,0,0,0,0,0,0,0,0,0,2,2,-0.26335,7,1,hovered
rope,1,1,0,0,0,0,0,0,0,0,0,0,0,0,0,2,2,0.11315,4,1,rope
farther,0,0,1,1,0,0,0,0,0,0,0,0,0,0,0,2,2,-0.13185,7,1,farther
frenzy,1,0,0,0,0,0,0,0,0,0,0,0,0,0,0,2,2,-0.51865,6,1,frenzy
serve,1,1,0,0,0,0,0,0,0,0,0,0,0,0,0,2,2,0.3592,5,1,serve
dip,1,1,0,0,0,0,0,0,0,0,0,0,0,0,0,2,2,0.09505,3,1,dip
tumbling,0,1,1,0,0,0,0,0,0,0,0,0,0,0,0,2,2,-0.2553,8,1,tumbling
cruisers,1,0,0,0,0,0,0,0,0,0,0,0,0,0,0,2,2,0.0,8,1,cruisers
ablutions,1,0,0,0,0,0,0,0,0,0,0,0,0,0,0,2,2,-0.26335,9,1,ablutions
host,1,1,0,0,0,0,0,0,0,0,0,0,0,0,0,2,2,0.2202,4,1,host
college,1,0,0,0,0,0,0,0,0,0,0,0,0,0,0,2,2,0.08585000000000004,7,1,college
training,1,1,0,0,0,0,0,0,0,0,0,0,0,0,0,2,1,-0.6908,8,1,training
kings,1,0,0,0,0,0,0,0,0,0,0,0,0,0,0,2,2,-0.030149999999999982,5,1,kings
van,1,0,0,0,0,0,0,0,0,0,0,0,0,0,0,2,2,0.3753,3,1,van
timid,1,0,1,0,0,0,0,0,0,0,0,0,0,0,0,2,2,-0.25,5,1,timid
fours,0,0,0,0,0,0,0,0,0,0,0,0,0,0,0,2,2,0.50015,5,1,fours
mew,1,1,0,0,0,0,0,0,0,0,0,0,0,0,0,2,2,0.4061,3,1,mew
terrified,0,1,1,0,0,0,0,0,0,0,0,0,0,0,0,2,2,-0.7072,9,1,terrified
papa,1,0,0,0,0,0,0,0,0,0,0,0,0,0,0,2,2,0.26335,4,1,papa
cottard,0,0,0,0,0,0,0,0,0,0,0,0,0,0,0,2,2,0.0,7,1,cottard
nestling,1,1,0,0,0,0,0,0,0,0,0,0,0,0,0,2,2,-0.11315,8,1,nestling
introduction,1,0,0,0,0,0,0,0,0,0,0,0,0,0,0,2,2,-0.2787,12,1,introduction
shaken,0,1,1,0,0,0,0,0,0,0,0,0,0,0,0,2,2,-0.14495,6,1,shaken
gang,1,1,0,0,0,0,0,0,0,0,0,0,0,0,0,2,2,0.148,4,1,gang
miser,1,0,0,0,0,0,0,0,0,0,0,0,0,0,0,2,2,-0.5742,5,1,miser
clad,0,0,1,0,0,0,0,0,0,0,0,0,0,0,0,2,2,0.0,4,1,clad
bleeding,1,1,1,1,0,0,0,0,0,0,0,0,0,0,0,2,2,-0.19305000000000003,8,1,bleeding
woe,1,0,0,0,0,0,0,0,0,0,0,0,0,0,0,2,2,-0.4215,3,1,woe
ariadne,1,0,0,0,0,0,0,0,0,0,0,0,0,0,0,2,2,0.0,7,1,ariadne
crunch,1,1,0,0,0,0,0,0,0,0,0,0,0,0,0,2,1,0.3818,6,1,crunch
dashing,0,1,1,0,0,0,0,0,0,0,0,0,0,0,0,2,2,-0.17,7,1,dashing
steered,0,1,0,0,0,0,0,0,0,0,0,0,0,0,0,2,2,0.07655,7,1,steered
main,1,0,1,0,0,0,0,0,0,0,0,0,0,0,0,2,2,-0.28885,4,1,main
dirty,0,1,1,0,0,0,0,0,0,0,0,0,0,0,0,2,2,-0.5794,5,1,dirty
robbed,0,1,0,0,0,0,0,0,0,0,0,0,0,0,0,2,2,0.4588,6,1,robbed
brings,0,1,0,0,0,0,0,0,0,0,0,0,0,0,0,2,2,0.50125,6,1,brings
empire,1,0,0,0,0,0,0,0,0,0,0,0,0,0,0,2,2,-0.42915,6,1,empire
signal,1,0,1,0,0,0,0,0,0,0,0,0,0,0,0,2,2,0.148,6,1,signal
tinged,0,1,1,0,0,0,0,0,0,0,0,0,0,0,0,2,2,0.5023,6,1,tinged
palest,0,0,1,0,0,0,0,0,0,0,0,0,0,0,0,2,2,0.21914999999999998,6,1,palest
screams,1,1,0,0,0,0,0,0,0,0,0,0,0,0,0,2,2,-0.48324999999999996,7,1,screams
raged,0,1,0,0,0,0,0,0,0,0,0,0,0,0,0,2,2,-0.6305000000000001,5,1,raged
patient,1,0,1,0,0,0,0,0,0,0,0,0,0,0,0,2,2,-0.126,7,1,patient
tained,0,0,0,0,0,0,0,0,0,0,0,0,0,0,0,2,2,0.24695,6,1,tained
ornamented,0,1,1,0,0,0,0,0,0,0,0,0,0,0,0,2,2,0.4088,10,1,ornamented
cloak,1,1,0,0,0,0,0,0,0,0,0,0,0,0,0,2,2,0.3919,5,1,cloak
cour,0,0,0,0,0,0,0,0,0,0,0,0,0,0,0,2,2,-0.21075,4,1,cour
chuckled,0,1,0,0,0,0,0,0,0,0,0,0,0,0,0,2,2,-0.16075,8,1,chuckled
thickest,0,0,0,0,0,0,0,0,0,0,0,0,0,0,0,2,2,-0.28945,8,1,thickest
dusting,1,1,0,0,0,0,0,0,0,0,0,0,0,0,0,2,2,0.3919,7,1,dusting
peril,1,0,0,0,0,0,0,0,0,0,0,0,0,0,0,2,2,-0.7803,5,1,peril
hostile,1,0,1,0,0,0,0,0,0,0,0,0,0,0,0,2,2,-0.1531,7,1,hostile
flagons,1,0,0,0,0,0,0,0,0,0,0,0,0,0,0,2,2,-0.39185,7,1,flagons
tarnished,0,1,1,0,0,0,0,0,0,0,0,0,0,0,0,2,2,-0.39185,9,1,tarnished
clown,1,1,0,0,0,0,0,0,0,0,0,0,0,0,0,2,2,0.31805,5,1,clown
powdered,0,0,1,0,0,0,0,0,0,0,0,0,0,0,0,2,2,0.31805,8,1,powdered
paler,0,0,1,0,0,0,0,0,0,0,0,0,0,0,0,2,2,-0.2997,5,1,paler
secrets,0,0,0,0,0,0,0,0,0,0,0,0,0,0,0,2,2,-0.31245,7,1,secrets
chisel,1,1,0,0,0,0,0,0,0,0,0,0,0,0,0,2,2,0.10115,6,1,chisel
squinting,0,1,1,0,0,0,0,0,0,0,0,0,0,0,0,2,2,0.0,9,1,squinting
fluid,1,0,1,0,0,0,0,0,0,0,0,0,0,0,0,2,2,-0.2787,5,1,fluid
opalescent,0,0,1,0,0,0,0,0,0,0,0,0,0,0,0,2,2,0.24695,10,1,opalescent
tints,1,1,0,0,0,0,0,0,0,0,0,0,0,0,0,2,2,0.18795,5,1,tints
easter,1,0,0,0,0,0,0,0,0,0,0,0,0,0,0,2,2,0.0,6,1,easter
veloped,0,0,0,0,0,0,0,0,0,0,0,0,0,0,0,2,2,0.0,7,1,veloped
dishonor,1,1,0,0,0,0,0,0,0,0,0,0,0,0,0,2,1,0.7845,8,1,dishonor
croisson,0,0,0,0,0,0,0,0,0,0,0,0,0,0,0,2,2,-0.21384999999999998,8,1,croisson
tinkle,1,1,0,0,0,0,0,0,0,0,0,0,0,0,0,2,2,0.2389,6,1,tinkle
rusty,0,0,1,0,0,0,0,0,0,0,0,0,0,0,0,2,2,-0.3243,5,1,rusty
theatrical,1,0,1,0,0,0,0,0,0,0,0,0,0,0,0,2,2,-0.3243,10,1,theatrical
commanding,0,1,1,0,0,0,0,0,0,0,0,0,0,0,0,2,1,0.8126,10,1,commanding
extract,1,1,0,0,0,0,0,0,0,0,0,0,0,0,0,2,2,0.67845,7,1,extract
briskly,0,0,0,1,0,0,0,0,0,0,0,0,0,0,0,2,2,-0.11180000000000001,7,1,briskly
crystalline,1,0,1,0,0,0,0,0,0,0,0,0,0,0,0,2,2,-0.05794999999999999,11,1,crystalline
sheets,1,1,0,0,0,0,0,0,0,0,0,0,0,0,0,2,2,-0.26335,6,1,sheets
stupefied,0,0,1,0,0,0,0,0,0,0,0,0,0,0,0,2,2,0.0,9,1,stupefied
rumors,0,1,0,0,0,0,0,0,0,0,0,0,0,0,0,2,2,0.2294,6,1,rumors
criminal,1,0,1,0,0,0,0,0,0,0,0,0,0,0,0,2,2,-0.75875,8,1,criminal
dines,0,1,0,0,0,0,0,0,0,0,0,0,0,0,0,2,2,0.0,5,1,dines
dodging,1,1,0,0,0,0,0,0,0,0,0,0,0,0,0,2,2,0.42395000000000005,7,1,dodging
eyeing,0,0,0,0,0,0,0,0,0,0,0,0,0,0,0,2,2,0.1366,6,1,eyeing
hit,1,1,1,0,0,0,0,0,0,0,0,0,0,0,0,2,2,0.38585,3,1,hit
ways,1,0,0,1,0,0,0,0,0,0,0,0,0,0,0,2,2,0.020750000000000046,4,1,ways
dignified,0,1,1,0,0,0,0,0,0,0,0,0,0,0,0,2,2,0.7783,9,1,dignified
shrouded,0,1,0,0,0,0,0,0,0,0,0,0,0,0,0,2,2,-0.11199999999999999,8,1,shrouded
satisfying,0,1,1,0,0,0,0,0,0,0,0,0,0,0,0,2,2,-0.41685,10,1,satisfying
sculpture,1,0,0,0,0,0,0,0,0,0,0,0,0,0,0,2,2,-0.13775,9,1,sculpture
painters,1,0,0,0,0,0,0,0,0,0,0,0,0,0,0,2,2,0.1901,8,1,painters
paved,0,1,1,0,0,0,0,0,0,0,0,0,0,0,0,2,2,-0.1591,5,1,paved
planted,0,1,1,0,0,0,0,0,0,0,0,0,0,0,0,2,2,-0.05135,7,1,planted
cent,1,0,0,0,0,0,0,0,0,0,0,0,0,0,0,2,2,0.32985,4,1,cent
territory,1,0,0,0,0,0,0,0,0,0,0,0,0,0,0,2,2,0.5307999999999999,9,1,territory
opal,1,0,0,0,0,0,0,0,0,0,0,0,0,0,0,2,2,0.4773,4,1,opal
clearest,0,0,0,0,0,0,0,0,0,0,0,0,0,0,0,2,2,-0.0971,8,1,clearest
superb,0,0,1,0,0,0,0,0,0,0,0,0,0,0,0,2,2,0.34535,6,1,superb
vieve,0,0,0,0,0,0,0,0,0,0,0,0,0,0,0,2,2,-0.1366,5,1,vieve
veined,0,1,1,0,0,0,0,0,0,0,0,0,0,0,0,2,2,0.6729,6,1,veined
spark,1,1,0,0,0,0,0,0,0,0,0,0,0,0,0,2,2,-0.0373,5,1,spark
stunned,0,1,1,0,0,0,0,0,0,0,0,0,0,0,0,2,2,0.2096,7,1,stunned
vacant,0,0,1,0,0,0,0,0,0,0,0,0,0,0,0,2,2,0.2202,6,1,vacant
elevated,0,0,1,0,0,0,0,0,0,0,0,0,0,0,0,2,2,0.0,8,1,elevated
choking,1,1,1,0,0,0,0,0,0,0,0,0,0,0,0,2,2,-0.7112,7,1,choking
addressing,0,1,0,0,0,0,0,0,0,0,0,0,0,0,0,2,2,0.0928,10,1,addressing
whitening,1,0,0,0,0,0,0,0,0,0,0,0,0,0,0,2,2,-0.148,9,1,whitening
frames,1,1,0,0,0,0,0,0,0,0,0,0,0,0,0,2,2,-0.39185,6,1,frames
chests,1,0,0,0,0,0,0,0,0,0,0,0,0,0,0,2,2,-0.39185,6,1,chests
argue,0,1,0,0,0,0,0,0,0,0,0,0,0,0,0,2,2,-0.40835,5,1,argue
crouching,0,1,1,0,0,0,0,0,0,0,0,0,0,0,0,2,2,0.20505,9,1,crouching
mutilated,0,1,1,0,0,0,0,0,0,0,0,0,0,0,0,2,2,0.28595,9,1,mutilated
brasserie,1,0,0,0,0,0,0,0,0,0,0,0,0,0,0,2,2,-0.4767,9,1,brasserie
thieves,1,0,0,0,0,0,0,0,0,0,0,0,0,0,0,2,2,-0.58375,7,1,thieves
toss,1,1,0,0,0,0,0,0,0,0,0,0,0,0,0,2,2,-0.4259,4,1,toss
card,1,1,0,0,0,0,0,0,0,0,0,0,0,0,0,2,2,-0.5506500000000001,4,1,card
fainted,0,1,0,0,0,0,0,0,0,0,0,0,0,0,0,2,2,0.08284999999999998,7,1,fainted
capricious,0,0,1,0,0,0,0,0,0,0,0,0,0,0,0,2,2,0.38915,10,1,capricious
groans,1,1,0,0,0,0,0,0,0,0,0,0,0,0,0,2,2,-0.1654,6,1,groans
lieve,0,0,0,1,0,0,0,0,0,0,0,0,0,0,0,2,2,-0.23925,5,1,lieve
kitchen,1,0,0,0,0,0,0,0,0,0,0,0,0,0,0,2,2,0.0,7,1,kitchen
pretended,0,1,1,0,0,0,0,0,0,0,0,0,0,0,0,2,2,0.42405,9,1,pretended
opera,1,0,0,0,0,0,0,0,0,0,0,0,0,0,0,2,2,-0.06885000000000002,5,1,opera
jolly,1,0,1,1,0,0,0,0,0,0,0,0,0,0,0,2,2,0.75685,5,1,jolly
rockets,1,1,0,0,0,0,0,0,0,0,0,0,0,0,0,2,2,0.6124,7,1,rockets
numb,0,1,1,0,0,0,0,0,0,0,0,0,0,0,0,2,2,-0.7088,4,1,numb
bubbled,0,1,0,0,0,0,0,0,0,0,0,0,0,0,0,2,2,0.35,7,1,bubbled
wearied,0,0,1,0,0,0,0,0,0,0,0,0,0,0,0,2,2,-0.47550000000000003,7,1,wearied
crumbling,0,1,0,0,0,0,0,0,0,0,0,0,0,0,0,2,2,-0.29855,9,1,crumbling
affection,1,0,0,0,0,0,0,0,0,0,0,0,0,0,0,2,2,0.8382000000000001,9,1,affection
inspired,0,1,1,0,0,0,0,0,0,0,0,0,0,0,0,2,2,0.4939,8,1,inspired
pa,1,0,0,0,0,0,0,0,0,0,0,0,0,0,0,2,2,0.013800000000000034,2,1,pa
organized,0,1,1,0,0,0,0,0,0,0,0,0,0,0,0,2,2,0.55515,9,1,organized
term,1,1,0,0,0,0,0,0,0,0,0,0,0,0,0,2,2,-0.36345,4,1,term
beautifully,0,0,0,1,0,0,0,0,0,0,0,0,0,0,0,2,2,0.7119,11,1,beautifully
hid,0,1,0,0,0,0,0,0,0,0,0,0,0,0,0,2,2,0.23459999999999998,3,1,hid
sums,1,0,0,0,0,0,0,0,0,0,0,0,0,0,0,2,2,0.41390000000000005,4,1,sums
cost,1,1,0,0,0,0,0,0,0,0,0,0,0,0,0,2,2,0.7787999999999999,4,1,cost
cbe,0,0,0,0,0,0,0,0,0,0,0,0,0,0,0,2,2,0.4375,3,1,cbe
ther,0,0,0,0,0,0,0,0,0,0,0,0,0,0,0,2,2,-0.148,4,1,ther
heel,1,1,0,0,0,0,0,0,0,0,0,0,0,0,0,2,2,0.0,4,1,heel
decency,1,0,0,0,0,0,0,0,0,0,0,0,0,0,0,2,2,0.24535,7,1,decency
existing,0,1,1,0,0,0,0,0,0,0,0,0,0,0,0,2,2,-0.01875,8,1,existing
stairways,1,0,0,0,0,0,0,0,0,0,0,0,0,0,0,2,2,-0.37345,9,1,stairways
laughingly,0,0,0,1,0,0,0,0,0,0,0,0,0,0,0,2,2,0.7041,10,1,laughingly
comment,1,1,0,0,0,0,0,0,0,0,0,0,0,0,0,2,2,0.061,7,1,comment
sneered,0,1,0,0,0,0,0,0,0,0,0,0,0,0,0,2,2,-0.56525,7,1,sneered
countryman,1,0,0,0,0,0,0,0,0,0,0,0,0,0,0,2,2,-0.26335,10,1,countryman
arguing,0,1,1,0,0,0,0,0,0,0,0,0,0,0,0,2,2,0.01915,7,1,arguing
continue,1,1,0,0,0,0,0,0,0,0,0,0,0,0,0,2,2,-0.09385,8,1,continue
coolly,0,0,0,1,0,0,0,0,0,0,0,0,0,0,0,2,2,0.0,6,1,coolly
hurriedly,0,0,0,1,0,0,0,0,0,0,0,0,0,0,0,2,2,0.11315,9,1,hurriedly
batteries,1,0,0,0,0,0,0,0,0,0,0,0,0,0,0,2,2,-0.20095,9,1,batteries
quay,1,0,0,0,0,0,0,0,0,0,0,0,0,0,0,2,2,-0.21075,4,1,quay
scanned,0,1,0,0,0,0,0,0,0,0,0,0,0,0,0,2,2,-0.23835,7,1,scanned
blushing,1,1,1,0,0,0,0,0,0,0,0,0,0,0,0,2,2,-0.07655,8,1,blushing
steady,1,1,1,1,0,0,0,0,0,0,0,0,0,0,0,2,2,-0.5195,6,1,steady
sights,1,1,0,0,0,0,0,0,0,0,0,0,0,0,0,2,2,0.0,6,1,sights
blandly,0,0,0,1,0,0,0,0,0,0,0,0,0,0,0,2,2,-0.4853,7,1,blandly
feelings,1,0,0,0,0,0,0,0,0,0,0,0,0,0,0,2,2,-0.1189,8,1,feelings
tremor,1,1,0,0,0,0,0,0,0,0,0,0,0,0,0,2,2,-0.23835,6,1,tremor
carelessly,0,0,0,1,0,0,0,0,0,0,0,0,0,0,0,2,2,0.11335,10,1,carelessly
loathe,0,0,0,0,0,0,0,0,0,0,0,0,0,0,0,2,2,-0.7911,6,1,loathe
ven,0,0,0,0,0,0,0,0,0,0,0,0,0,0,0,2,2,0.19690000000000002,3,1,ven
quired,0,0,0,0,0,0,0,0,0,0,0,0,0,0,0,2,2,0.20095,6,1,quired
frowning,0,1,1,0,0,0,0,0,0,0,0,0,0,0,0,2,2,-0.42415,8,1,frowning
properly,0,0,0,1,0,0,0,0,0,0,0,0,0,0,0,2,2,0.05135,8,1,properly
fragrant,0,0,1,0,0,0,0,0,0,0,0,0,0,0,0,2,2,0.03955,8,1,fragrant
sailed,0,1,0,0,0,0,0,0,0,0,0,0,0,0,0,2,2,-0.29295,6,1,sailed
tops,1,1,1,0,0,0,0,0,0,0,0,0,0,0,0,2,2,-0.3695,4,1,tops
soar,1,1,0,0,0,0,0,0,0,0,0,0,0,0,0,2,2,-0.4061,4,1,soar
thorns,1,0,0,0,0,0,0,0,0,0,0,0,0,0,0,2,2,0.04275000000000001,6,1,thorns
possesses,0,1,0,0,0,0,0,0,0,0,0,0,0,0,0,2,2,0.4179,9,1,possesses
cutting,1,1,1,0,0,0,0,0,0,0,0,0,0,0,0,2,2,-0.2006,7,1,cutting
opinion,1,0,0,0,0,0,0,0,0,0,0,0,0,0,0,2,2,0.2822,7,1,opinion
mont,1,0,0,0,0,0,0,0,0,0,0,0,0,0,0,2,2,-0.3715,4,1,mont
sucking,1,1,1,0,0,0,0,0,0,0,0,0,0,0,0,2,2,0.5466500000000001,7,1,sucking
thrown,0,1,1,0,0,0,0,0,0,0,0,0,0,0,0,2,2,0.5338,6,1,thrown
moaned,0,0,0,0,0,0,0,0,0,0,0,0,0,0,0,2,2,-0.1279,6,1,moaned
groan,1,1,0,0,0,0,0,0,0,0,0,0,0,0,0,2,2,-0.21075,5,1,groan
starving,0,1,1,0,0,0,0,0,0,0,0,0,0,0,0,2,2,-0.17215,8,1,starving
comprehended,0,0,1,0,0,0,0,0,0,0,0,0,0,0,0,2,2,0.23835,12,1,comprehended
process,1,1,0,0,0,0,0,0,0,0,0,0,0,0,0,2,2,0.17435,7,1,process
triangular,0,0,1,0,0,0,0,0,0,0,0,0,0,0,0,2,2,-0.11910000000000001,10,1,triangular
seize,0,1,0,0,0,0,0,0,0,0,0,0,0,0,0,2,2,-0.12605,5,1,seize
bordered,0,0,1,0,0,0,0,0,0,0,0,0,0,0,0,2,2,0.35015,8,1,bordered
brook,1,0,0,0,0,0,0,0,0,0,0,0,0,0,0,2,2,0.50925,5,1,brook
fifteen,1,0,1,0,0,0,0,0,0,0,0,0,0,0,0,2,2,0.0,7,1,fifteen
allow,0,1,0,0,0,0,0,0,0,0,0,0,0,0,0,2,2,0.22310000000000002,5,1,allow
appetite,1,0,0,0,0,0,0,0,0,0,0,0,0,0,0,2,2,0.469,8,1,appetite
backs,1,1,0,0,0,0,0,0,0,0,0,0,0,0,0,2,2,0.13515,5,1,backs
saturated,0,1,1,0,0,0,0,0,0,0,0,0,0,0,0,2,2,0.21255000000000002,9,1,saturated
silica,1,0,0,0,0,0,0,0,0,0,0,0,0,0,0,2,2,0.21255000000000002,6,1,silica
greeting,1,1,0,0,0,0,0,0,0,0,0,0,0,0,0,2,2,0.49665000000000004,8,1,greeting
tips,1,1,0,0,0,0,0,0,0,0,0,0,0,0,0,2,2,0.2109,4,1,tips
atom,1,0,0,0,0,0,0,0,0,0,0,0,0,0,0,2,1,0.4767,4,1,atom
duplicate,1,1,1,0,0,0,0,0,0,0,0,0,0,0,0,2,2,0.23835,9,1,duplicate
ripped,0,1,1,0,0,0,0,0,0,0,0,0,0,0,0,2,2,-0.37929999999999997,6,1,ripped
respectful,0,0,1,0,0,0,0,0,0,0,0,0,0,0,0,2,2,0.6623,10,1,respectful
vachette,0,0,0,0,0,0,0,0,0,0,0,0,0,0,0,2,2,0.2294,8,1,vachette
reflection,1,0,0,0,0,0,0,0,0,0,0,0,0,0,0,2,2,-0.125,10,1,reflection
chapeau,1,0,0,0,0,0,0,0,0,0,0,0,0,0,0,2,2,-0.38915,7,1,chapeau
adoration,1,0,0,0,0,0,0,0,0,0,0,0,0,0,0,2,2,0.7326,9,1,adoration
remembering,0,0,0,0,0,0,0,0,0,0,0,0,0,0,0,2,2,0.12445000000000003,11,1,remembering
cor,1,0,0,0,0,0,0,0,0,0,0,0,0,0,0,2,2,0.48085,3,1,cor
checked,0,1,1,0,0,0,0,0,0,0,0,0,0,0,0,2,2,0.3326,7,1,checked
wedding,1,1,0,0,0,0,0,0,0,0,0,0,0,0,0,2,2,0.21075,7,1,wedding
eh,0,0,0,0,0,0,0,0,0,0,0,0,0,0,0,2,2,0.0,2,0,eh
truths,0,0,0,0,0,0,0,0,0,0,0,0,0,0,0,2,2,0.58315,6,1,truths
till,1,1,0,0,0,0,1,0,0,0,0,0,0,0,0,2,2,0.1779,4,1,till
detain,0,0,0,0,0,0,0,0,0,0,0,0,0,0,0,2,2,0.50795,6,1,detain
sweetest,0,0,0,0,0,0,0,0,0,0,0,0,0,0,0,2,2,0.79745,8,1,sweetest
blast,1,1,0,0,0,0,0,0,0,0,0,0,0,0,0,2,2,-0.01075000000000001,5,1,blast
roads,1,0,0,0,0,0,0,0,0,0,0,0,0,0,0,2,2,0.0,5,1,roads
replace,0,1,0,0,0,0,0,0,0,0,0,0,0,0,0,2,2,0.20095,7,1,replace
needs,1,1,0,1,0,0,0,0,0,0,0,0,0,0,0,2,2,0.2202,5,1,needs
parks,1,1,0,0,0,0,0,0,0,0,0,0,0,0,0,2,2,0.6153,5,1,parks
damn,1,0,1,1,0,0,0,0,0,0,0,0,0,0,0,2,2,-0.1059,4,1,damn
grimace,1,1,0,0,0,0,0,0,0,0,0,0,0,0,0,2,2,-0.5771,7,1,grimace
stuff,1,1,0,0,0,0,0,0,0,0,0,0,0,0,0,2,2,-0.10814999999999997,5,1,stuff
steadily,0,0,0,1,0,0,0,0,0,0,0,0,0,0,0,2,2,-0.11315,8,1,steadily
nest,1,1,0,0,0,0,0,0,0,0,0,0,0,0,0,2,2,-0.0258,4,1,nest
hop,1,1,0,0,0,0,0,0,0,0,0,0,0,0,0,2,2,-0.0516,3,1,hop
moulted,0,0,0,0,0,0,0,0,0,0,0,0,0,0,0,2,1,0.0,7,1,moulted
grinding,1,1,0,0,0,0,0,0,0,0,0,0,0,0,0,2,2,-0.18495,8,1,grinding
fortress,1,0,0,0,0,0,0,0,0,0,0,0,0,0,0,2,2,-0.04394999999999999,8,1,fortress
rocket,1,1,0,0,0,0,0,0,0,0,0,0,0,0,0,2,1,-0.4019,6,1,rocket
pont,0,0,0,0,0,0,0,0,0,0,0,0,0,0,0,2,2,0.0,4,1,pont
proved,0,1,1,0,0,0,0,0,0,0,0,0,0,0,0,2,2,0.40080000000000005,6,1,proved
sinister,0,0,1,0,0,0,0,0,0,0,0,0,0,0,0,2,2,-0.6950000000000001,8,1,sinister
devoured,0,1,1,0,0,0,0,0,0,0,0,0,0,0,0,2,2,0.4063,8,1,devoured
formula,1,0,0,0,0,0,0,0,0,0,0,0,0,0,0,2,2,0.0,7,1,formula
element,1,0,0,0,0,0,0,0,0,0,0,0,0,0,0,2,1,0.0,7,1,element
curves,1,0,0,0,0,0,0,0,0,0,0,0,0,0,0,2,2,-0.05165,6,1,curves
pricked,0,1,0,0,0,0,0,0,0,0,0,0,0,0,0,2,2,-0.1531,7,1,pricked
plumage,0,0,0,0,0,0,0,0,0,0,0,0,0,0,0,2,2,0.4061,7,1,plumage
farm,1,1,1,0,0,0,0,0,0,0,0,0,0,0,0,2,2,-0.5432,4,1,farm
squeal,1,1,0,0,0,0,0,0,0,0,0,0,0,0,0,2,2,0.247,6,1,squeal
breathe,0,1,0,0,0,0,0,0,0,0,0,0,0,0,0,2,2,0.08644999999999997,7,1,breathe
stumps,1,1,0,0,0,0,0,0,0,0,0,0,0,0,0,2,2,0.0,6,1,stumps
decorations,1,0,0,0,0,0,0,0,0,0,0,0,0,0,0,2,2,0.20095,11,1,decorations
boudoir,1,0,0,0,0,0,0,0,0,0,0,0,0,0,0,2,2,0.0,7,1,boudoir
feels,1,1,0,0,0,0,0,0,0,0,0,0,0,0,0,2,2,-0.30879999999999996,5,1,feels
scales,1,1,0,0,0,0,0,0,0,0,0,0,0,0,0,2,2,-0.3753,6,1,scales
raced,0,1,0,0,0,0,0,0,0,0,0,0,0,0,0,2,2,0.0378,5,1,raced
cock,1,1,0,0,0,0,0,0,0,0,0,0,0,0,0,2,2,-0.27749999999999997,4,1,cock
ought,1,0,0,1,0,0,0,0,0,0,0,0,0,0,0,2,2,0.11315,5,1,ought
devils,1,1,0,0,0,0,0,0,0,0,0,0,0,0,0,2,2,-0.7783,6,1,devils
curi,0,0,0,0,0,0,0,0,0,0,0,0,0,0,0,2,2,0.0,4,1,curi
ously,0,0,0,0,0,0,0,0,0,0,0,0,0,0,0,2,2,0.0,5,1,ously
regretted,0,1,0,0,0,0,0,0,0,0,0,0,0,0,0,2,2,-0.3818,9,1,regretted
flicked,0,1,0,0,0,0,0,0,0,0,0,0,0,0,0,2,2,0.0,7,1,flicked
ceasing,1,0,0,0,0,0,0,0,0,0,0,0,0,0,0,2,2,-0.3994,7,1,ceasing
throwing,0,1,0,0,0,0,0,0,0,0,0,0,0,0,0,2,2,0.1366,8,1,throwing
field,1,1,0,0,0,0,0,0,0,0,0,0,0,0,0,2,2,0.4609,5,1,field
blurted,0,0,0,0,0,0,0,0,0,0,0,0,0,0,0,2,2,0.26955,7,1,blurted
abuse,1,1,0,0,0,0,0,0,0,0,0,0,0,0,0,2,2,-0.3126,5,1,abuse
loaf,1,0,0,0,0,0,0,0,0,0,0,0,0,0,0,2,2,0.022150000000000003,4,1,loaf
plight,1,0,0,0,0,0,0,0,0,0,0,0,0,0,0,2,2,-0.6609,6,1,plight
islands,1,0,0,0,0,0,0,0,0,0,0,0,0,0,0,2,2,-0.5005,7,1,islands
republic,1,0,0,0,0,0,0,0,0,0,0,0,0,0,0,2,2,-0.3454,8,1,republic
chanted,0,1,1,0,0,0,0,0,0,0,0,0,0,0,0,2,2,-0.1591,7,1,chanted
hanged,0,1,0,0,0,0,0,0,0,0,0,0,0,0,0,2,2,0.0258,6,1,hanged
discussing,0,0,0,0,0,0,0,0,0,0,0,0,0,0,0,2,2,-0.2202,10,1,discussing
departure,1,0,0,0,0,0,0,0,0,0,0,0,0,0,0,2,2,-0.38585,9,1,departure
innocently,0,0,0,1,0,0,0,0,0,0,0,0,0,0,0,2,2,0.6191,10,1,innocently
hundreds,1,0,0,0,0,0,0,0,0,0,0,0,0,0,0,2,2,0.0,8,1,hundreds
bowls,1,1,0,0,0,0,0,0,0,0,0,0,0,0,0,2,2,0.36755,5,1,bowls
respect,1,1,0,0,0,0,0,0,0,0,0,0,0,0,0,2,2,0.71575,7,1,respect
mobile,1,0,1,0,0,0,0,0,0,0,0,0,0,0,0,2,2,0.0,6,1,mobile
george,1,0,0,0,0,0,0,0,0,0,0,0,0,0,0,2,2,0.23954999999999999,6,1,george
clanged,0,1,0,0,0,0,0,0,0,0,0,0,0,0,0,2,2,-0.20095,7,1,clanged
questioning,1,1,1,0,0,0,0,0,0,0,0,0,0,0,0,2,2,0.3876,11,1,questioning
commonplace,1,0,1,0,0,0,0,0,0,0,0,0,0,0,0,2,2,0.23700000000000002,11,1,commonplace
alighted,0,1,0,0,0,0,0,0,0,0,0,0,0,0,0,2,2,0.51535,8,1,alighted
pedestal,1,0,0,0,0,0,0,0,0,0,0,0,0,0,0,2,2,0.42255,8,1,pedestal
fully,0,0,0,1,0,0,0,0,0,0,0,0,0,0,0,2,2,0.4563,5,1,fully
cally,0,0,0,0,0,0,0,0,0,0,0,0,0,0,0,2,2,0.0,5,1,cally
ghost,1,1,0,0,0,0,0,0,0,0,0,0,0,0,0,2,2,0.0258,5,1,ghost
lined,0,1,1,0,0,0,0,0,0,0,0,0,0,0,0,2,2,0.0258,5,1,lined
fel,0,0,0,0,0,0,0,0,0,0,0,0,0,0,0,2,2,0.011999999999999997,3,1,fel
starve,0,1,0,0,0,0,0,0,0,0,0,0,0,0,0,2,2,-0.4404,6,1,starve
mechani,0,0,0,0,0,0,0,0,0,0,0,0,0,0,0,2,2,0.0,7,1,mechani
feeds,0,1,0,0,0,0,0,0,0,0,0,0,0,0,0,2,1,0.0,5,1,feeds
boot,1,1,0,0,0,0,0,0,0,0,0,0,0,0,0,2,2,-0.1764,4,1,boot
attire,1,0,0,0,0,0,0,0,0,0,0,0,0,0,0,2,2,0.34425,6,1,attire
dried,0,1,1,0,0,0,0,0,0,0,0,0,0,0,0,2,2,0.0258,5,1,dried
sweetly,0,0,0,1,0,0,0,0,0,0,0,0,0,0,0,2,2,0.70865,7,1,sweetly
feather,1,1,0,0,0,0,0,0,0,0,0,0,0,0,0,2,2,0.3753,7,1,feather
fireplace,1,0,0,0,0,0,0,0,0,0,0,0,0,0,0,2,2,-0.3243,9,1,fireplace
hasty,0,0,1,0,0,0,0,0,0,0,0,0,0,0,0,2,2,0.0386,5,1,hasty
edged,0,1,1,0,0,0,0,0,0,0,0,0,0,0,0,2,2,-0.125,5,1,edged
placing,1,1,0,0,0,0,0,0,0,0,0,0,0,0,0,2,2,0.5439,7,1,placing
odd,0,0,1,0,0,0,0,0,0,0,0,0,0,0,0,2,2,-0.33940000000000003,3,1,odd
palm,1,0,0,0,0,0,0,0,0,0,0,0,0,0,0,2,2,0.7019500000000001,4,1,palm
daring,0,1,1,0,0,0,0,0,0,0,0,0,0,0,0,2,2,0.006299999999999972,6,1,daring
palms,1,0,0,0,0,0,0,0,0,0,0,0,0,0,0,2,2,0.624,5,1,palms
homespun,1,0,1,0,0,0,0,0,0,0,0,0,0,0,0,2,2,-0.273,8,1,homespun
repay,0,0,0,0,0,0,0,0,0,0,0,0,0,0,0,2,2,-0.27125,5,1,repay
garments,1,0,0,0,0,0,0,0,0,0,0,0,0,0,0,2,2,0.0258,8,1,garments
inspected,0,1,0,0,0,0,0,0,0,0,0,0,0,0,0,2,2,0.0,9,1,inspected
fearing,0,1,0,0,0,0,0,0,0,0,0,0,0,0,0,2,2,0.0017500000000000293,7,1,fearing
lows,1,0,0,0,0,0,0,0,0,0,0,0,0,0,0,2,2,0.011999999999999997,4,1,lows
vieux,0,0,0,0,0,0,0,0,0,0,0,0,0,0,0,2,2,0.05135,5,1,vieux
parapet,1,0,0,0,0,0,0,0,0,0,0,0,0,0,0,2,2,0.0,7,1,parapet
current,1,0,1,0,0,0,0,0,0,0,0,0,0,0,0,2,2,0.0258,7,1,current
sweetmeats,1,0,0,0,0,0,0,0,0,0,0,0,0,0,0,2,2,-0.41055,10,1,sweetmeats
hiding,1,1,0,0,0,0,0,0,0,0,0,0,0,0,0,2,2,-0.25805,6,1,hiding
ceiling,1,0,0,0,0,0,0,0,0,0,0,0,0,0,0,2,2,0.1591,7,1,ceiling
judgment,1,0,0,0,0,0,0,0,0,0,0,0,0,0,0,2,2,0.31845,8,1,judgment
branchier,0,0,0,0,0,0,0,0,0,0,0,0,0,0,0,2,2,-0.13895,9,1,branchier
ue,1,0,0,0,0,0,0,0,0,0,0,0,0,0,0,2,2,0.398,2,1,ue
difficult,0,0,1,0,0,0,0,0,0,0,0,0,0,0,0,2,2,0.43079999999999996,9,1,difficult
easier,0,0,1,0,0,0,0,0,0,0,0,0,0,0,0,2,2,0.45855,6,1,easier
design,1,1,0,0,0,0,0,0,0,0,0,0,0,0,0,2,2,0.3246,6,1,design
tary,0,0,0,0,0,0,0,0,0,0,0,0,0,0,0,2,2,0.03919999999999996,4,1,tary
familiar,1,0,1,0,0,0,0,0,0,0,0,0,0,0,0,2,2,0.3548,8,1,familiar
humbug,1,1,0,0,0,0,0,0,0,0,0,0,0,0,0,2,2,-0.07655,6,1,humbug
declaring,0,1,0,0,0,0,0,0,0,0,0,0,0,0,0,2,2,-0.0835,9,1,declaring
stripped,0,1,1,0,0,0,0,0,0,0,0,0,0,0,0,2,2,0.2549,8,1,stripped
beats,1,1,0,0,0,0,0,0,0,0,0,0,0,0,0,2,2,-0.1591,5,1,beats
muffled,0,1,1,0,0,0,0,0,0,0,0,0,0,0,0,2,2,-0.1591,7,1,muffled
chase,1,1,0,0,0,0,0,0,0,0,0,0,0,0,0,2,2,0.1626,5,1,chase
gaston,0,0,0,0,0,0,0,0,0,0,0,0,0,0,0,2,2,0.31845,6,1,gaston
niais,0,0,0,0,0,0,0,0,0,0,0,0,0,0,0,2,2,0.31845,5,1,niais
glemarec,0,0,0,0,0,0,0,0,0,0,0,0,0,0,0,2,2,0.1591,8,1,glemarec
sors,0,0,0,0,0,0,0,0,0,0,0,0,0,0,0,2,2,0.2001,4,1,sors
lesson,1,0,0,0,0,0,0,0,0,0,0,0,0,0,0,2,2,-0.3155,6,1,lesson
dawdling,0,0,1,0,0,0,0,0,0,0,0,0,0,0,0,2,2,0.13085,8,1,dawdling
luxem,0,0,0,0,0,0,0,0,0,0,0,0,0,0,0,2,2,0.24835000000000002,5,1,luxem
bourg,0,0,0,0,0,0,0,0,0,0,0,0,0,0,0,2,2,0.24835000000000002,5,1,bourg
claim,1,1,0,0,0,0,0,0,0,0,0,0,0,0,0,2,2,-0.3147,5,1,claim
pretend,0,1,1,0,0,0,0,0,0,0,0,0,0,0,0,2,2,-0.1027,7,1,pretend
appear,0,1,0,0,0,0,0,0,0,0,0,0,0,0,0,2,2,-0.09335000000000002,6,1,appear
avonshire,0,0,0,0,0,0,0,0,0,0,0,0,0,0,0,2,2,-0.4449,9,1,avonshire
ceremonies,1,0,0,0,0,0,0,0,0,0,0,0,0,0,0,2,2,0.0,10,1,ceremonies
conceal,0,1,0,0,0,0,0,0,0,0,0,0,0,0,0,2,2,-0.53805,7,1,conceal
intemperate,0,0,1,0,0,0,0,0,0,0,0,0,0,0,0,2,2,0.17,11,1,intemperate
enjoyed,0,1,0,0,0,0,0,0,0,0,0,0,0,0,0,2,2,0.6929000000000001,7,1,enjoyed
huntsman,1,0,0,0,0,0,0,0,0,0,0,0,0,0,0,2,2,0.6663,8,1,huntsman
piqueur,0,0,0,0,0,0,0,0,0,0,0,0,0,0,0,2,2,0.2553,7,1,piqueur
hostess,1,0,0,0,0,0,0,0,0,0,0,0,0,0,0,2,2,0.6739999999999999,7,1,hostess
salutation,1,0,0,0,0,0,0,0,0,0,0,0,0,0,0,2,2,0.4521,10,1,salutation
bid,1,1,0,0,0,0,0,0,0,0,0,0,0,0,0,2,2,0.06365000000000001,3,1,bid
saved,0,1,1,0,0,0,0,0,0,0,0,0,0,0,0,2,2,0.43265,5,1,saved
smoked,0,1,1,0,0,0,0,0,0,0,0,0,0,0,0,2,2,0.0147,6,1,smoked
inviting,0,1,1,0,0,0,0,0,0,0,0,0,0,0,0,2,2,0.24409999999999998,8,1,inviting
rugs,1,0,0,0,0,0,0,0,0,0,0,0,0,0,0,2,2,0.26255,4,1,rugs
turkey,1,0,0,0,0,0,0,0,0,0,0,0,0,0,0,2,2,0.023349999999999982,6,1,turkey
chaos,1,0,0,0,0,0,0,0,0,0,0,0,0,0,0,2,2,-0.49734999999999996,5,1,chaos
spoil,1,1,0,0,0,0,0,0,0,0,0,0,0,0,0,2,2,0.2001,5,1,spoil
perfunctory,0,0,1,0,0,0,0,0,0,0,0,0,0,0,0,2,2,-0.2898,11,1,perfunctory
bowl,1,1,0,0,0,0,0,0,0,0,0,0,0,0,0,2,2,0.0817,4,1,bowl
landscape,1,1,0,0,0,0,0,0,0,0,0,0,0,0,0,2,2,0.0376,9,1,landscape
lowing,0,0,0,0,0,0,0,0,0,0,0,0,0,0,0,2,2,-0.1542,6,1,lowing
stupid,1,0,1,0,0,0,0,0,0,0,0,0,0,0,0,2,2,-0.34255,6,1,stupid
longe,1,0,0,0,0,0,0,0,0,0,0,0,0,0,0,2,2,-0.024749999999999994,5,1,longe
toddle,0,1,0,0,0,0,0,0,0,0,0,0,0,0,0,2,2,-0.1909,6,1,toddle
chang,0,0,0,0,0,0,0,0,0,0,0,0,0,0,0,2,2,0.05135,5,1,chang
problem,1,0,0,0,0,0,0,0,0,0,0,0,0,0,0,2,2,-0.46429999999999993,7,1,problem
sunset,1,0,1,0,0,0,0,0,0,0,0,0,0,0,0,2,2,0.14245,6,1,sunset
unmolested,0,0,1,0,0,0,0,0,0,0,0,0,0,0,0,2,2,-0.4623,10,1,unmolested
surveyed,0,1,0,0,0,0,0,0,0,0,0,0,0,0,0,2,2,0.11475,8,1,surveyed
evidence,1,0,0,0,0,0,0,0,0,0,0,0,0,0,0,2,2,0.17855,8,1,evidence
louvre,1,0,0,0,0,0,0,0,0,0,0,0,0,0,0,2,2,0.0129,6,1,louvre
reassured,0,1,1,0,0,0,0,0,0,0,0,0,0,0,0,2,2,0.55575,9,1,reassured
poisoned,0,0,0,0,0,0,0,0,0,0,0,0,0,0,0,2,2,0.1379,8,1,poisoned
eternal,0,0,1,0,0,0,0,0,0,0,0,0,0,0,0,2,2,0.0,7,1,eternal
wore,0,1,0,0,0,0,0,0,0,0,0,0,0,0,0,2,2,-0.06315,4,1,wore
tinsel,1,1,1,0,0,0,0,0,0,0,0,0,0,0,0,2,2,0.0,6,1,tinsel
massive,1,0,1,0,0,0,0,0,0,0,0,0,0,0,0,2,2,0.15975,7,1,massive
din,1,1,0,0,0,0,0,0,0,0,0,0,0,0,0,2,2,-0.17,3,1,din
brow,1,0,0,0,0,0,0,0,0,0,0,0,0,0,0,2,2,0.3427,4,1,brow
encore,1,1,0,0,0,0,0,0,0,0,0,0,0,0,0,2,2,0.05135,6,1,encore
frighten,0,1,0,0,0,0,0,0,0,0,0,0,0,0,0,2,2,-0.2165,8,1,frighten
tripped,0,1,0,0,0,0,0,0,0,0,0,0,0,0,0,2,2,0.4221,7,1,tripped
wolfs,0,1,0,0,0,0,0,0,0,0,0,0,0,0,0,2,2,0.2855,5,1,wolfs
sprained,0,0,0,0,0,0,0,0,0,0,0,0,0,0,0,2,2,-0.03460000000000002,8,1,sprained
selected,0,0,1,0,0,0,0,0,0,0,0,0,0,0,0,2,2,0.0147,8,1,selected
biting,1,1,1,0,0,0,0,0,0,0,0,0,0,0,0,2,2,-0.28315,6,1,biting
chin,1,1,1,0,0,0,0,0,0,0,0,0,0,0,0,2,2,0.0,4,1,chin
wel,0,0,0,0,0,0,0,0,0,0,0,0,0,0,0,2,2,0.6797,3,1,wel
hum,1,1,0,0,0,0,0,0,0,0,0,0,0,0,0,2,2,0.0,3,1,hum
chasseur,1,0,1,0,0,0,0,0,0,0,0,0,0,0,0,2,1,0.0,8,1,chasseur
dancing,1,1,1,0,0,0,0,0,0,0,0,0,0,0,0,2,2,-0.11315,7,1,dancing
hoofs,1,1,0,0,0,0,0,0,0,0,0,0,0,0,0,2,2,-0.31589999999999996,5,1,hoofs
tontaine,0,0,0,0,0,0,0,0,0,0,0,0,0,0,0,2,1,0.0,8,1,tontaine
borne,0,0,0,0,0,0,0,0,0,0,0,0,0,0,0,2,2,0.11150000000000002,5,1,borne
floated,0,1,0,0,0,0,0,0,0,0,0,0,0,0,0,2,2,-0.20095,7,1,floated
unlighted,0,0,1,0,0,0,0,0,0,0,0,0,0,0,0,2,2,-0.53885,9,1,unlighted
revolver,1,0,0,0,0,0,0,0,0,0,0,0,0,0,0,2,2,-0.4623,8,1,revolver
boom,1,1,0,0,0,0,0,0,0,0,0,0,0,0,0,2,2,-0.38075000000000003,4,1,boom
cushions,1,1,0,0,0,0,0,0,0,0,0,0,0,0,0,2,2,0.3453,8,1,cushions
smok,0,0,0,0,0,0,0,0,0,0,0,0,0,0,0,2,2,0.26255,4,1,smok
damage,1,1,0,0,0,0,0,0,0,0,0,0,0,0,0,2,2,-0.6756500000000001,6,1,damage
posing,0,1,0,0,0,0,0,0,0,0,0,0,0,0,0,2,2,0.026749999999999996,6,1,posing
throbbing,1,1,1,0,0,0,0,0,0,0,0,0,0,0,0,2,2,0.05904999999999999,9,1,throbbing
pered,0,0,0,0,0,0,0,0,0,0,0,0,0,0,0,2,2,0.74705,5,1,pered
jj,0,0,0,0,0,0,0,0,0,0,0,0,0,0,0,2,2,0.5264500000000001,2,0,jj
cared,0,1,0,0,0,0,0,0,0,0,0,0,0,0,0,2,2,0.117,5,1,cared
checking,1,1,0,0,0,0,0,0,0,0,0,0,0,0,0,2,2,0.21670000000000003,8,1,checking
england,1,0,0,0,0,0,0,0,0,0,0,0,0,0,0,2,2,0.148,7,1,england
guns,1,1,1,0,0,0,0,0,0,0,0,0,0,0,0,2,2,0.5445500000000001,4,1,guns
streamers,1,0,0,0,0,0,0,0,0,0,0,0,0,0,0,2,2,-0.025200000000000007,9,1,streamers
nice,1,0,1,0,0,0,0,0,0,0,0,0,0,0,0,2,2,0.53505,4,1,nice
torch,1,1,0,0,0,0,0,0,0,0,0,0,0,0,0,2,2,-0.26335,5,1,torch
gracious,0,0,1,0,0,0,0,0,0,0,0,0,0,0,0,2,2,0.36985,8,1,gracious
tinkled,0,1,0,0,0,0,0,0,0,0,0,0,0,0,0,2,2,-0.1645,7,1,tinkled
respectfully,0,0,0,1,0,0,0,0,0,0,0,0,0,0,0,2,2,0.4019,12,1,respectfully
saluted,0,1,0,0,0,0,0,0,0,0,0,0,0,0,0,2,2,0.052199999999999996,7,1,saluted
accepting,0,1,1,0,0,0,0,0,0,0,0,0,0,0,0,2,2,-0.17670000000000002,9,1,accepting
begun,0,1,0,0,0,0,0,0,0,0,0,0,0,0,0,2,2,-0.05465000000000003,5,1,begun
passionate,1,0,1,0,0,0,0,0,0,0,0,0,0,0,0,2,2,0.17190000000000003,10,1,passionate
drowsy,0,0,1,0,0,0,0,0,0,0,0,0,0,0,0,2,2,0.26255,6,1,drowsy
couch,1,0,0,0,0,0,0,0,0,0,0,0,0,0,0,2,2,0.67135,5,1,couch
mantel,1,0,0,0,0,0,0,0,0,0,0,0,0,0,0,2,2,-0.2985,6,1,mantel
pictures,1,1,0,0,0,0,0,0,0,0,0,0,0,0,0,2,2,0.0129,8,1,pictures
type,1,1,0,0,0,0,0,0,0,0,0,0,0,0,0,2,2,-0.1806,4,1,type
pour,1,1,0,0,0,0,0,0,0,0,0,0,0,0,0,2,2,0.3243,4,1,pour
joyously,0,0,0,1,0,0,0,0,0,0,0,0,0,0,0,2,2,0.53145,8,1,joyously
tumult,1,0,0,0,0,0,0,0,0,0,0,0,0,0,0,2,2,0.71275,6,1,tumult
peas,1,0,0,0,0,0,0,0,0,0,0,0,0,0,0,2,2,0.42025,4,1,peas
chuckle,1,1,0,0,0,0,0,0,0,0,0,0,0,0,0,2,2,0.2621,7,1,chuckle
prunes,1,0,0,0,0,0,0,0,0,0,0,0,0,0,0,2,2,0.0,6,1,prunes
dessert,1,0,0,0,0,0,0,0,0,0,0,0,0,0,0,2,2,0.20095,7,1,dessert
audacity,1,0,0,0,0,0,0,0,0,0,0,0,0,0,0,2,2,0.30935,8,1,audacity
thome,0,0,0,0,0,0,0,0,0,0,0,0,0,0,0,2,2,-0.21075,5,1,thome
threadbare,0,0,1,0,0,0,0,0,0,0,0,0,0,0,0,2,2,-0.09505,10,1,threadbare
tapestry,1,0,0,0,0,0,0,0,0,0,0,0,0,0,0,2,2,-0.09505,8,1,tapestry
glasses,1,1,0,0,0,0,0,0,0,0,0,0,0,0,0,2,2,-0.12219999999999999,7,1,glasses
negro,1,0,1,0,0,0,0,0,0,0,0,0,0,0,0,2,2,0.2553,5,1,negro
belongs,0,1,0,0,0,0,0,0,0,0,0,0,0,0,0,2,2,0.3953,7,1,belongs
retreat,1,1,0,0,0,0,0,0,0,0,0,0,0,0,0,2,2,-0.0772,7,1,retreat
drowning,1,1,0,0,0,0,0,0,0,0,0,0,0,0,0,2,2,-0.05049999999999999,8,1,drowning
canned,0,1,1,0,0,0,0,0,0,0,0,0,0,0,0,2,1,0.0,6,1,canned
marchons,0,0,0,0,0,0,0,0,0,0,0,0,0,0,0,2,2,-0.4169,8,1,marchons
sardines,1,0,0,0,0,0,0,0,0,0,0,0,0,0,0,2,2,0.4158,8,1,sardines
rivets,1,1,0,0,0,0,0,0,0,0,0,0,0,0,0,2,2,0.0,6,1,rivets
lor,0,0,0,0,0,0,0,0,0,0,0,0,0,0,0,2,2,0.43595,3,1,lor
reel,1,1,0,0,0,0,0,0,0,0,0,0,0,0,0,2,2,-0.35150000000000003,4,1,reel
corrected,0,1,1,0,0,0,0,0,0,0,0,0,0,0,0,2,2,0.2997,9,1,corrected
settles,1,1,0,0,0,0,0,0,0,0,0,0,0,0,0,2,2,0.23835,7,1,settles
rods,1,0,0,0,0,0,0,0,0,0,0,0,0,0,0,2,2,0.7101500000000001,4,1,rods
haversack,1,0,0,0,0,0,0,0,0,0,0,0,0,0,0,2,2,-0.54635,9,1,haversack
stamped,0,1,1,0,0,0,0,0,0,0,0,0,0,0,0,2,2,-0.21375,7,1,stamped
grille,1,0,0,0,0,0,0,0,0,0,0,0,0,0,0,2,2,0.4158,6,1,grille
stant,0,0,0,0,0,0,0,0,0,0,0,0,0,0,0,2,2,0.35885,5,1,stant
weight,1,0,0,0,0,0,0,0,0,0,0,0,0,0,0,2,2,-0.19715,6,1,weight
sides,1,1,0,0,0,0,0,0,0,0,0,0,0,0,0,2,2,0.06844999999999998,5,1,sides
grateful,0,0,1,0,0,0,0,0,0,0,0,0,0,0,0,2,2,0.6517,8,1,grateful
dewy,0,0,1,0,0,0,0,0,0,0,0,0,0,0,0,2,2,0.18249999999999997,4,1,dewy
treasures,0,0,0,0,0,0,0,0,0,0,0,0,0,0,0,2,2,0.4215,9,1,treasures
declare,0,1,0,0,0,0,0,0,0,0,0,0,0,0,0,2,2,0.2621,7,1,declare
prison,1,0,0,0,0,0,0,0,0,0,0,0,0,0,0,2,2,-0.5106,6,1,prison
virtue,1,0,0,0,0,0,0,0,0,0,0,0,0,0,0,2,2,0.0799,6,1,virtue
greek,1,0,1,0,0,0,0,0,0,0,0,0,0,0,0,2,2,-0.07375000000000001,5,1,greek
jump,1,1,0,0,0,0,0,0,0,0,0,0,0,0,0,2,2,0.0,4,1,jump
savagely,0,0,0,1,0,0,0,0,0,0,0,0,0,0,0,2,2,-0.28555,8,1,savagely
assumed,0,1,1,0,0,0,0,0,0,0,0,0,0,0,0,2,2,0.005750000000000005,7,1,assumed
openly,0,0,0,1,0,0,0,0,0,0,0,0,0,0,0,2,2,0.1853,6,1,openly
deathly,0,0,1,1,0,0,0,0,0,0,0,0,0,0,0,2,2,0.3548,7,1,deathly
clinched,0,1,1,0,0,0,0,0,0,0,0,0,0,0,0,2,2,0.0,8,1,clinched
annoyance,1,0,0,0,0,0,0,0,0,0,0,0,0,0,0,2,2,-0.28505,9,1,annoyance
throttled,0,0,0,0,0,0,0,0,0,0,0,0,0,0,0,2,2,-0.064,9,1,throttled
anchored,0,0,0,0,0,0,0,0,0,0,0,0,0,0,0,2,2,0.03409999999999999,8,1,anchored
castle,1,1,0,0,0,0,0,0,0,0,0,0,0,0,0,2,2,-0.29500000000000004,6,1,castle
mountains,1,0,0,0,0,0,0,0,0,0,0,0,0,0,0,2,2,0.2787,9,1,mountains
ship,1,1,0,0,0,0,0,0,0,0,0,0,0,0,0,2,2,0.28595,4,1,ship
credit,1,1,0,0,0,0,0,0,0,0,0,0,0,0,0,2,2,0.7081,6,1,credit
harmless,0,0,1,0,0,0,0,0,0,0,0,0,0,0,0,2,2,-0.3475,8,1,harmless
bolt,1,1,0,1,0,0,0,0,0,0,0,0,0,0,0,2,2,0.019250000000000017,4,1,bolt
upright,1,0,1,1,0,0,0,0,0,0,0,0,0,0,0,2,2,0.019250000000000017,7,1,upright
picking,1,1,0,0,0,0,0,0,0,0,0,0,0,0,0,2,2,0.0,7,1,picking
wants,0,1,0,0,0,0,0,0,0,0,0,0,0,0,0,2,2,-0.3314,5,1,wants
pockets,1,1,0,0,0,0,0,0,0,0,0,0,0,0,0,2,2,0.1276,7,1,pockets
account,1,1,0,0,0,0,0,0,0,0,0,0,0,0,0,2,2,0.09505,7,1,account
sailing,1,1,1,0,0,0,0,0,0,0,0,0,0,0,0,2,2,-0.1909,7,1,sailing
barr,0,0,0,0,0,0,0,0,0,0,0,0,0,0,0,2,2,-0.064,4,1,barr
apology,1,0,0,0,0,0,0,0,0,0,0,0,0,0,0,2,2,-0.37134999999999996,7,1,apology
advance,1,1,1,0,0,0,0,0,0,0,0,0,0,0,0,2,2,0.1366,7,1,advance
accept,0,1,0,0,0,0,0,0,0,0,0,0,0,0,0,2,2,0.14375,6,1,accept
plover,1,0,0,0,0,0,0,0,0,0,0,0,0,0,0,2,2,-0.07655,6,1,plover
strangers,1,0,0,0,0,0,0,0,0,0,0,0,0,0,0,2,2,-0.28945,9,1,strangers
waiter,1,0,0,0,0,0,0,0,0,0,0,0,0,0,0,2,2,-0.064,6,1,waiter
hooded,0,1,1,0,0,0,0,0,0,0,0,0,0,0,0,2,2,-0.05135,6,1,hooded
ly,1,0,0,0,0,0,0,0,0,0,0,0,0,0,0,2,2,0.7029000000000001,2,1,ly
dreary,0,0,1,0,0,0,0,0,0,0,0,0,0,0,0,2,2,-0.1681,6,1,dreary
whim,1,0,0,0,0,0,0,0,0,0,0,0,0,0,0,2,2,0.3262,4,1,whim
museum,1,0,0,0,0,0,0,0,0,0,0,0,0,0,0,2,2,0.21075,6,1,museum
humble,0,1,1,0,0,0,0,0,0,0,0,0,0,0,0,2,2,0.20715,6,1,humble
roo,1,0,0,0,0,0,0,0,0,0,0,0,0,0,0,2,2,0.58565,3,1,roo
barry,1,0,0,0,0,0,0,0,0,0,0,0,0,0,0,2,2,0.58565,5,1,barry
bows,1,1,0,0,0,0,0,0,0,0,0,0,0,0,0,2,2,-0.21365000000000003,4,1,bows
prisoner,1,0,0,0,0,0,0,0,0,0,0,0,0,0,0,2,2,-0.7914,8,1,prisoner
nod,1,1,0,0,0,0,0,0,0,0,0,0,0,0,0,2,2,0.2202,3,1,nod
intelligent,0,0,1,0,0,0,0,0,0,0,0,0,0,0,0,2,2,0.6817,11,1,intelligent
fame,1,0,0,0,0,0,0,0,0,0,0,0,0,0,0,2,2,0.5264,4,1,fame
dollars,1,0,0,0,0,0,0,0,0,0,0,0,0,0,0,2,2,0.3953,7,1,dollars
reverie,1,0,0,0,0,0,0,0,0,0,0,0,0,0,0,2,2,0.3982,7,1,reverie
kindness,1,0,0,0,0,0,0,0,0,0,0,0,0,0,0,2,2,-0.09165000000000001,8,1,kindness
charity,1,0,0,0,0,0,0,0,0,0,0,0,0,0,0,2,2,0.29969999999999997,7,1,charity
ardor,1,0,0,0,0,0,0,0,0,0,0,0,0,0,0,2,2,0.1366,5,1,ardor
revenge,0,1,0,0,0,0,0,0,0,0,0,0,0,0,0,2,2,-0.5348499999999999,7,1,revenge
inde,0,0,0,0,0,0,0,0,0,0,0,0,0,0,0,2,2,0.2553,4,1,inde
finable,0,0,1,0,0,0,0,0,0,0,0,0,0,0,0,2,2,0.2553,7,1,finable
trace,1,1,0,0,0,0,0,0,0,0,0,0,0,0,0,2,2,0.29595000000000005,5,1,trace
misunderstood,0,0,1,0,0,0,0,0,0,0,0,0,0,0,0,2,2,-0.34555,13,1,misunderstood
amusement,1,0,0,0,0,0,0,0,0,0,0,0,0,0,0,2,2,0.5395,9,1,amusement
outwardly,0,0,0,1,0,0,0,0,0,0,0,0,0,0,0,2,2,-0.58765,9,1,outwardly
actually,0,0,0,1,0,0,0,0,0,0,0,0,0,0,0,2,2,0.1554,8,1,actually
globe,1,0,0,0,0,0,0,0,0,0,0,0,0,0,0,2,2,0.0,5,1,globe
mark,1,1,0,0,0,0,0,0,0,0,0,0,0,0,0,2,2,0.4063,4,1,mark
orders,0,1,0,0,0,0,0,0,0,0,0,0,0,0,0,2,2,0.0,6,1,orders
serene,1,0,1,0,0,0,0,0,0,0,0,0,0,0,0,2,2,0.7926,6,1,serene
infinite,0,0,1,0,0,0,0,0,0,0,0,0,0,0,0,2,2,0.55315,8,1,infinite
distraction,1,0,0,0,0,0,0,0,0,0,0,0,0,0,0,2,2,-0.5123,11,1,distraction
bottom,1,1,1,0,0,0,0,0,0,0,0,0,0,0,0,2,2,-0.3753,6,1,bottom
nounced,0,0,0,0,0,0,0,0,0,0,0,0,0,0,0,2,2,-0.0386,7,1,nounced
continually,0,0,0,1,0,0,0,0,0,0,0,0,0,0,0,2,2,-0.3062,11,1,continually
hideously,0,0,0,1,0,0,0,0,0,0,0,0,0,0,0,2,2,0.30435,9,1,hideously
instance,1,0,0,0,0,0,0,0,0,0,0,0,0,0,0,2,2,0.3982,8,1,instance
cuissard,0,0,0,0,0,0,0,0,0,0,0,0,0,0,0,2,2,0.01765,8,1,cuissard
leathern,0,0,1,0,0,0,0,0,0,0,0,0,0,0,0,2,2,-0.07655,8,1,leathern
apron,1,0,0,0,0,0,0,0,0,0,0,0,0,0,0,2,2,-0.07655,5,1,apron
yvain,0,0,0,0,0,0,0,0,0,0,0,0,0,0,0,2,2,0.26415,5,1,yvain
entire,1,0,1,0,0,0,0,0,0,0,0,0,0,0,0,2,2,0.0,6,1,entire
tacked,0,1,0,0,0,0,0,0,0,0,0,0,0,0,0,2,2,-0.26335,6,1,tacked
philippe,0,0,0,0,0,0,0,0,0,0,0,0,0,0,0,2,2,-0.28945,8,1,philippe
events,1,0,0,0,0,0,0,0,0,0,0,0,0,0,0,2,2,-0.3695,6,1,events
steaming,1,1,1,1,0,0,0,0,0,0,0,0,0,0,0,2,2,0.0,8,1,steaming
astrakan,0,0,0,0,0,0,0,0,0,0,0,0,0,0,0,2,2,0.11315,8,1,astrakan
gaudy,1,0,1,0,0,0,0,0,0,0,0,0,0,0,0,2,2,0.4169,5,1,gaudy
quill,1,0,0,0,0,0,0,0,0,0,0,0,0,0,0,2,2,0.4088,5,1,quill
trowsers,0,0,0,0,0,0,0,0,0,0,0,0,0,0,0,2,2,-0.148,8,1,trowsers
shrugged,0,1,0,0,0,0,0,0,0,0,0,0,0,0,0,2,2,-0.04600000000000001,8,1,shrugged
torrent,1,0,1,0,0,0,0,0,0,0,0,0,0,0,0,2,2,0.0,7,1,torrent
masonry,1,0,0,0,0,0,0,0,0,0,0,0,0,0,0,2,2,-0.06004999999999999,7,1,masonry
wavered,0,0,0,0,0,0,0,0,0,0,0,0,0,0,0,2,2,0.0,7,1,wavered
endless,0,0,1,0,0,0,0,0,0,0,0,0,0,0,0,2,2,-0.125,7,1,endless
watery,0,0,1,0,0,0,0,0,0,0,0,0,0,0,0,2,2,-0.296,6,1,watery
stree,0,0,0,0,0,0,0,0,0,0,0,0,0,0,0,2,2,-0.030949999999999978,5,1,stree
sails,1,1,0,0,0,0,0,0,0,0,0,0,0,0,0,2,2,0.24695,5,1,sails
harbor,1,1,0,0,0,0,0,0,0,0,0,0,0,0,0,2,2,-0.28595,6,1,harbor
marine,1,0,1,0,0,0,0,0,0,0,0,0,0,0,0,2,2,-0.1909,6,1,marine
bachelor,1,1,0,0,0,0,0,0,0,0,0,0,0,0,0,2,2,0.0,8,1,bachelor
john,1,0,0,0,0,0,0,0,0,0,0,0,0,0,0,2,2,0.45405,4,1,john
pi,1,0,0,0,0,0,0,0,0,0,0,0,0,0,0,2,2,0.148,2,1,pi
soldiers,1,1,0,0,0,0,0,0,0,0,0,0,0,0,0,2,2,0.15985,8,1,soldiers
tridge,0,0,0,0,0,0,0,0,0,0,0,0,0,0,0,2,2,-0.2787,6,1,tridge
fowl,1,1,0,0,0,0,0,0,0,0,0,0,0,0,0,2,2,-0.11515,4,1,fowl
direction,1,0,0,0,0,0,0,0,0,0,0,0,0,0,0,2,2,-0.5445,9,1,direction
haze,1,1,0,0,0,0,0,0,0,0,0,0,0,0,0,2,2,0.05135,4,1,haze
inclina,0,0,0,0,0,0,0,0,0,0,0,0,0,0,0,2,2,-0.125,7,1,inclina
salvation,1,0,0,0,0,0,0,0,0,0,0,0,0,0,0,2,2,0.59975,9,1,salvation
neely,0,0,0,0,0,0,0,0,0,0,0,0,0,0,0,2,2,0.0,5,1,neely
unpleasant,0,0,1,0,0,0,0,0,0,0,0,0,0,0,0,2,2,-0.355,10,1,unpleasant
gyp,1,0,0,0,0,0,0,0,0,0,0,0,0,0,0,2,2,0.0,3,1,gyp
crazed,0,1,1,0,0,0,0,0,0,0,0,0,0,0,0,2,2,-0.5947,6,1,crazed
bond,1,1,1,0,0,0,0,0,0,0,0,0,0,0,0,2,1,-0.4215,4,1,bond
gen,1,0,0,0,0,0,0,0,0,0,0,0,0,0,0,2,2,-0.3243,3,1,gen
deed,1,0,0,0,0,0,0,0,0,0,0,0,0,0,0,2,2,-0.4063,4,1,deed
dumb,0,0,1,0,0,0,0,0,0,0,0,0,0,0,0,2,2,-0.22529999999999997,4,1,dumb
glittering,0,0,1,0,0,0,0,0,0,0,0,0,0,0,0,2,2,0.2202,10,1,glittering
babbled,0,1,0,0,0,0,0,0,0,0,0,0,0,0,0,2,2,-0.139,7,1,babbled
wavering,1,0,1,0,0,0,0,0,0,0,0,0,0,0,0,2,2,-0.1531,8,1,wavering
thorn,1,0,0,0,0,0,0,0,0,0,0,0,0,0,0,2,2,0.0,5,1,thorn
decks,1,1,0,0,0,0,0,0,0,0,0,0,0,0,0,2,2,-0.2997,5,1,decks
swarming,1,0,1,0,0,0,0,0,0,0,0,0,0,0,0,2,2,0.1366,8,1,swarming
highlands,1,0,0,0,0,0,0,0,0,0,0,0,0,0,0,2,2,0.12294999999999998,9,1,highlands
cars,1,0,0,0,0,0,0,0,0,0,0,0,0,0,0,2,2,0.0,4,1,cars
stately,0,0,1,1,0,0,0,0,0,0,0,0,0,0,0,2,2,0.17,7,1,stately
parapets,1,0,0,0,0,0,0,0,0,0,0,0,0,0,0,2,2,0.17,8,1,parapets
autumn,1,0,1,0,0,0,0,0,0,0,0,0,0,0,0,2,2,0.5317000000000001,6,1,autumn
ferns,1,0,0,0,0,0,0,0,0,0,0,0,0,0,0,2,2,0.1909,5,1,ferns
bunch,1,1,0,0,0,0,0,0,0,0,0,0,0,0,0,2,2,-0.1591,5,1,bunch
curved,0,0,1,0,0,0,0,0,0,0,0,0,0,0,0,2,2,0.12195,6,1,curved
dismantled,0,0,1,0,0,0,0,0,0,0,0,0,0,0,0,2,2,0.0,10,1,dismantled
hedge,1,1,0,0,0,0,0,0,0,0,0,0,0,0,0,2,2,0.0,5,1,hedge
max,1,0,0,0,0,0,0,0,0,0,0,0,0,0,0,2,2,0.0,3,1,max
nordau,0,0,0,0,0,0,0,0,0,0,0,0,0,0,0,2,2,0.0,6,1,nordau
zone,1,1,0,0,0,0,0,0,0,0,0,0,0,0,0,2,2,-0.37895,4,1,zone
persisted,0,1,0,0,0,0,0,0,0,0,0,0,0,0,0,2,2,-0.21075,9,1,persisted
disordered,0,0,1,0,0,0,0,0,0,0,0,0,0,0,0,2,2,0.00705,10,1,disordered
recollect,1,0,0,0,0,0,0,0,0,0,0,0,0,0,0,2,2,0.35015,9,1,recollect
sor,0,0,0,0,0,0,0,0,0,0,0,0,0,0,0,2,2,-0.58615,3,1,sor
shoul,0,0,0,0,0,0,0,0,0,0,0,0,0,0,0,2,2,0.20095,5,1,shoul
der,0,0,0,0,0,0,0,0,0,0,0,0,0,0,0,2,2,0.1423,3,1,der
fault,1,0,0,0,0,0,0,0,0,0,0,0,0,0,0,2,2,0.46755,5,1,fault
rights,1,1,1,0,0,0,0,0,0,0,0,0,0,0,0,2,2,0.0,6,1,rights
neath,0,0,0,0,0,0,0,0,0,0,0,0,0,0,0,2,2,0.0516,5,1,neath
relative,1,0,1,0,0,0,0,0,0,0,0,0,0,0,0,2,2,0.0129,8,1,relative
fort,1,1,0,0,0,0,0,0,0,0,0,0,0,0,0,2,2,0.3062,4,1,fort
fox,1,1,0,0,0,0,0,0,0,0,0,0,0,0,0,2,2,0.0129,3,1,fox
protection,1,0,0,0,0,0,0,0,0,0,0,0,0,0,0,2,2,0.40645,10,1,protection
support,1,1,0,0,0,0,0,0,0,0,0,0,0,0,0,2,2,0.42085,7,1,support
feverishly,0,0,0,1,0,0,0,0,0,0,0,0,0,0,0,2,2,-0.08895,10,1,feverishly
clamor,1,1,0,0,0,0,0,0,0,0,0,0,0,0,0,2,2,0.17,6,1,clamor
bend,1,1,0,0,0,0,0,0,0,0,0,0,0,0,0,2,2,0.1642,4,1,bend
sus,1,0,0,0,0,0,0,0,0,0,0,0,0,0,0,2,2,0.24695,3,1,sus
resolved,0,1,1,0,0,0,0,0,0,0,0,0,0,0,0,2,2,0.30105000000000004,8,1,resolved
respond,1,1,0,0,0,0,0,0,0,0,0,0,0,0,0,2,2,-0.11959999999999998,7,1,respond
echo,1,1,0,0,0,0,0,0,0,0,0,0,0,0,0,2,2,0.07634999999999999,4,1,echo
fight,1,1,0,0,0,0,0,0,0,0,0,0,0,0,0,2,2,-0.35545,5,1,fight
ar,1,0,0,0,0,0,0,0,0,0,0,0,0,0,0,2,2,-0.051199999999999996,2,1,ar
pillow,1,1,0,0,0,0,0,0,0,0,0,0,0,0,0,2,2,-0.29635,6,1,pillow
talons,1,0,0,0,0,0,0,0,0,0,0,0,0,0,0,2,2,0.1806,6,1,talons
blossoms,1,1,0,0,0,0,0,0,0,0,0,0,0,0,0,2,2,0.0,8,1,blossoms
brake,1,1,0,0,0,0,0,0,0,0,0,0,0,0,0,2,2,0.1909,5,1,brake
covert,1,0,1,0,0,0,0,0,0,0,0,0,0,0,0,2,2,0.0,6,1,covert
hurrying,0,0,1,0,0,0,0,0,0,0,0,0,0,0,0,2,2,-0.3463,8,1,hurrying
crackled,0,1,1,0,0,0,0,0,0,0,0,0,0,0,0,2,2,0.0,8,1,crackled
showering,0,0,0,0,0,0,0,0,0,0,0,0,0,0,0,2,2,-0.24695,9,1,showering
marsh,1,0,0,0,0,0,0,0,0,0,0,0,0,0,0,2,2,0.3397,5,1,marsh
cerned,0,0,0,0,0,0,0,0,0,0,0,0,0,0,0,2,2,0.2121,6,1,cerned
pertained,0,1,0,0,0,0,0,0,0,0,0,0,0,0,0,2,2,0.2121,9,1,pertained
reticence,0,0,0,0,0,0,0,0,0,0,0,0,0,0,0,2,2,-0.35545,9,1,reticence
mantle,1,1,0,0,0,0,0,0,0,0,0,0,0,0,0,2,2,-0.46530000000000005,6,1,mantle
stifled,0,1,1,0,0,0,0,0,0,0,0,0,0,0,0,2,2,-0.7309,7,1,stifled
animal,1,0,1,0,0,0,0,0,0,0,0,0,0,0,0,2,2,0.28595,6,1,animal
thong,1,0,0,0,0,0,0,0,0,0,0,0,0,0,0,2,2,0.0,5,1,thong
leash,1,0,0,0,0,0,0,0,0,0,0,0,0,0,0,2,1,0.3612,5,1,leash
bands,1,1,0,0,0,0,0,0,0,0,0,0,0,0,0,2,2,0.09345,5,1,bands
regiments,1,1,0,0,0,0,0,0,0,0,0,0,0,0,0,2,2,-0.26335,9,1,regiments
former,1,0,1,0,0,0,0,0,0,0,0,0,0,0,0,2,2,-0.48355,6,1,former
sigh,1,1,0,0,0,0,0,0,0,0,0,0,0,0,0,2,2,-0.12674999999999997,4,1,sigh
vacancy,1,0,0,0,0,0,0,0,0,0,0,0,0,0,0,2,2,0.3592,7,1,vacancy
carrying,1,1,0,0,0,0,0,0,0,0,0,0,0,0,0,2,2,-0.1806,8,1,carrying
poised,0,1,1,0,0,0,0,0,0,0,0,0,0,0,0,2,2,-0.13030000000000003,6,1,poised
cowardice,1,0,0,0,0,0,0,0,0,0,0,0,0,0,0,2,2,0.0,9,1,cowardice
remonstrate,0,1,0,0,0,0,0,0,0,0,0,0,0,0,0,2,2,0.20095,11,1,remonstrate
bandaged,0,1,1,0,0,0,0,0,0,0,0,0,0,0,0,2,2,-0.3408,8,1,bandaged
swinging,0,1,1,0,0,0,0,0,0,0,0,0,0,0,0,2,2,0.3429,8,1,swinging
sped,0,1,0,0,0,0,0,0,0,0,0,0,0,0,0,2,2,0.24695,4,1,sped
chilly,0,0,1,0,0,0,0,0,0,0,0,0,0,0,0,2,2,-0.1813,6,1,chilly
sod,1,1,0,0,0,0,0,0,0,0,0,0,0,0,0,2,2,-0.3062,3,1,sod
crosses,1,1,0,0,0,0,0,0,0,0,0,0,0,0,0,2,2,-0.08895,7,1,crosses
prolonged,0,1,1,0,0,0,0,0,0,0,0,0,0,0,0,2,2,-0.41169999999999995,9,1,prolonged
cations,1,0,0,0,0,0,0,0,0,0,0,0,0,0,0,2,2,0.0,7,1,cations
bugle,1,1,0,0,0,0,0,0,0,0,0,0,0,0,0,2,2,0.36135,5,1,bugle
cannonade,1,1,0,0,0,0,0,0,0,0,0,0,0,0,0,2,2,0.23835,9,1,cannonade
comrades,1,0,0,0,0,0,0,0,0,0,0,0,0,0,0,2,2,0.2202,8,1,comrades
horsemen,1,0,0,0,0,0,0,0,0,0,0,0,0,0,0,2,2,-0.4292,8,1,horsemen
crust,1,1,0,0,0,0,0,0,0,0,0,0,0,0,0,2,2,-0.21075,5,1,crust
pile,1,1,0,0,0,0,0,0,0,0,0,0,0,0,0,2,2,-0.44295,4,1,pile
column,1,0,0,0,0,0,0,0,0,0,0,0,0,0,0,2,2,0.0,6,1,column
boulders,1,0,0,0,0,0,0,0,0,0,0,0,0,0,0,2,2,0.3243,8,1,boulders
locks,1,1,0,0,0,0,0,0,0,0,0,0,0,0,0,2,2,-0.53565,5,1,locks
memories,0,0,0,0,0,0,0,0,0,0,0,0,0,0,0,2,2,-0.148,8,1,memories
alleging,0,1,0,0,0,0,0,0,0,0,0,0,0,0,0,2,2,0.2294,8,1,alleging
brunswick,1,0,0,0,0,0,0,0,0,0,0,0,0,0,0,2,2,0.18679999999999997,9,1,brunswick
rails,1,1,0,0,0,0,0,0,0,0,0,0,0,0,0,2,2,-0.26335,5,1,rails
crushing,0,1,1,0,0,0,0,0,0,0,0,0,0,0,0,2,2,-0.81575,8,1,crushing
fortifi,0,0,0,0,0,0,0,0,0,0,0,0,0,0,0,2,2,0.0,7,1,fortifi
dipped,0,1,1,0,0,0,0,0,0,0,0,0,0,0,0,2,2,0.1591,6,1,dipped
soared,0,1,0,0,0,0,0,0,0,0,0,0,0,0,0,2,2,0.3182,6,1,soared
eyelids,1,0,0,0,0,0,0,0,0,0,0,0,0,0,0,2,2,-0.2787,7,1,eyelids
edges,1,1,0,0,0,0,0,0,0,0,0,0,0,0,0,2,2,-0.20095,5,1,edges
spend,1,1,0,0,0,0,0,0,0,0,0,0,0,0,0,2,2,0.0,5,1,spend
hollows,1,1,0,0,0,0,0,0,0,0,0,0,0,0,0,2,2,0.3243,7,1,hollows
tance,0,0,0,0,0,0,0,0,0,0,0,0,0,0,0,2,2,0.6835,5,1,tance
flowing,1,1,1,0,0,0,0,0,0,0,0,0,0,0,0,2,2,0.0258,7,1,flowing
tramped,0,1,0,0,0,0,0,0,0,0,0,0,0,0,0,2,2,-0.3814,7,1,tramped
streams,1,1,0,0,0,0,0,0,0,0,0,0,0,0,0,2,2,0.0,7,1,streams
swamps,1,1,0,0,0,0,0,0,0,0,0,0,0,0,0,2,2,0.1483,6,1,swamps
ponds,1,0,0,0,0,0,0,0,0,0,0,0,0,0,0,2,2,0.08825,5,1,ponds
ocean,1,0,0,0,0,0,0,0,0,0,0,0,0,0,0,2,2,-0.27475000000000005,5,1,ocean
property,1,0,0,0,0,0,0,0,0,0,0,0,0,0,0,2,2,0.0,8,1,property
marbles,1,1,0,0,0,0,0,0,0,0,0,0,0,0,0,2,2,0.0,7,1,marbles
descend,0,1,0,0,0,0,0,0,0,0,0,0,0,0,0,2,2,-0.26335,7,1,descend
excellent,0,0,1,0,0,0,0,0,0,0,0,0,0,0,0,2,2,0.7345,9,1,excellent
cuse,0,0,0,0,0,0,0,0,0,0,0,0,0,0,0,2,2,0.2294,4,1,cuse
delirium,1,0,0,0,0,0,0,0,0,0,0,0,0,0,0,2,2,-0.24865,8,1,delirium
scuttle,1,0,0,0,0,0,0,0,0,0,0,0,0,0,0,2,2,-0.10115,7,1,scuttle
pre,0,0,1,0,0,0,0,0,0,0,0,0,0,0,0,2,2,0.5167,3,1,pre
text,1,0,0,0,0,0,0,0,0,0,0,0,0,0,0,2,2,0.24805,4,1,text
flowering,1,0,1,0,0,0,0,0,0,0,0,0,0,0,0,2,2,0.1806,9,1,flowering
heath,1,0,0,0,0,0,0,0,0,0,0,0,0,0,0,2,2,0.0,5,1,heath
bred,0,1,0,0,0,0,0,0,0,0,0,0,0,0,0,2,2,0.0129,4,1,bred
skull,1,0,0,0,0,0,0,0,0,0,0,0,0,0,0,2,2,0.1237,5,1,skull
shout,1,1,0,0,0,0,0,0,0,0,0,0,0,0,0,2,2,-0.125,5,1,shout
shrieking,1,1,1,0,0,0,0,0,0,0,0,0,0,0,0,2,2,-0.86575,9,1,shrieking
blows,1,1,0,0,0,0,0,0,0,0,0,0,0,0,0,2,2,-0.20215,5,1,blows
scrambled,0,1,1,0,0,0,0,0,0,0,0,0,0,0,0,2,2,0.17,9,1,scrambled
clustered,0,0,1,0,0,0,0,0,0,0,0,0,0,0,0,2,2,0.125,9,1,clustered
spiked,0,1,1,0,0,0,0,0,0,0,0,0,0,0,0,2,2,-0.33785,6,1,spiked
illustrations,1,0,0,0,0,0,0,0,0,0,0,0,0,0,0,2,2,0.0,13,1,illustrations
rammer,1,0,0,0,0,0,0,0,0,0,0,0,0,0,0,2,2,-0.77825,6,1,rammer
cries,1,1,0,0,0,0,0,0,0,0,0,0,0,0,0,2,2,-0.13695,5,1,cries
crashing,0,1,1,0,0,0,0,0,0,0,0,0,0,0,0,2,2,-0.18295,8,1,crashing
overlooking,0,1,1,0,0,0,0,0,0,0,0,0,0,0,0,2,2,0.68805,11,1,overlooking
remain,1,1,0,0,0,0,0,0,0,0,0,0,0,0,0,2,2,0.4393,6,1,remain
hailed,0,1,0,0,0,0,0,0,0,0,0,0,0,0,0,2,2,0.34255,6,1,hailed
common,1,0,1,0,0,0,0,0,0,0,0,0,0,0,0,2,2,0.006099999999999994,6,1,common
cided,0,0,0,0,0,0,0,0,0,0,0,0,0,0,0,2,2,0.46265,5,1,cided
cemetery,1,0,0,0,0,0,0,0,0,0,0,0,0,0,0,2,2,0.0,8,1,cemetery
expectancy,1,0,0,0,0,0,0,0,0,0,0,0,0,0,0,2,2,0.28265,10,1,expectancy
recall,1,1,0,0,0,0,0,0,0,0,0,0,0,0,0,2,1,0.7964,6,1,recall
wake,1,1,0,0,0,0,0,0,0,0,0,0,0,0,0,2,2,0.3982,4,1,wake
succeeded,0,1,0,0,0,0,0,0,0,0,0,0,0,0,0,2,2,0.04815,9,1,succeeded
stories,1,0,0,0,0,0,0,0,0,0,0,0,0,0,0,2,2,0.31475,7,1,stories
blurred,0,1,1,0,0,0,0,0,0,0,0,0,0,0,0,2,2,-0.26835,7,1,blurred
twitched,0,1,0,0,0,0,0,0,0,0,0,0,0,0,0,2,2,-0.28315,8,1,twitched
stretching,1,1,1,0,0,0,0,0,0,0,0,0,0,0,0,2,2,0.44339999999999996,10,1,stretching
desolation,1,0,0,0,0,0,0,0,0,0,0,0,0,0,0,2,2,0.0405,10,1,desolation
ure,0,0,0,0,0,0,0,0,0,0,0,0,0,0,0,2,2,0.09435000000000002,3,1,ure
holy,1,0,1,0,0,0,0,0,0,0,0,0,0,0,0,2,2,0.08910000000000001,4,1,holy
gest,1,0,0,0,0,0,0,0,0,0,0,0,0,0,0,2,2,0.09435000000000002,4,1,gest
newspapers,0,0,0,0,0,0,0,0,0,0,0,0,0,0,0,2,2,-0.4285,10,1,newspapers
ence,0,0,0,0,0,0,0,0,0,0,0,0,0,0,0,2,2,0.3724,4,1,ence
basement,1,0,0,0,0,0,0,0,0,0,0,0,0,0,0,2,2,-0.46715,8,1,basement
slate,1,1,1,0,0,0,0,0,0,0,0,0,0,0,0,2,2,-0.46715,5,1,slate
plaster,1,1,0,0,0,0,0,0,0,0,0,0,0,0,0,2,2,-0.37195,7,1,plaster
moi,0,0,0,0,0,0,0,0,0,0,0,0,0,0,0,2,2,-0.28945,3,1,moi
hinges,1,1,0,0,0,0,0,0,0,0,0,0,0,0,0,2,2,-0.05135,6,1,hinges
fragments,1,0,0,0,0,0,0,0,0,0,0,0,0,0,0,2,2,-0.21255000000000002,9,1,fragments
staggered,0,0,0,0,0,0,0,0,0,0,0,0,0,0,0,2,2,-0.5501,9,1,staggered
skeleton,1,0,0,0,0,0,0,0,0,0,0,0,0,0,0,2,2,-0.2349,8,1,skeleton
dangling,0,1,1,0,0,0,0,0,0,0,0,0,0,0,0,2,2,0.39825,8,1,dangling
inner,1,0,1,0,0,0,0,0,0,0,0,0,0,0,0,2,2,-0.21355000000000002,5,1,inner
jn,0,0,0,0,0,0,0,0,0,0,0,0,0,0,0,2,2,0.3243,2,0,jn
chimney,1,0,0,0,0,0,0,0,0,0,0,0,0,0,0,2,2,-0.31095,7,1,chimney
pillagers,1,0,0,0,0,0,0,0,0,0,0,0,0,0,0,2,2,0.1591,9,1,pillagers
russia,1,0,0,0,0,0,0,0,0,0,0,0,0,0,0,2,2,-0.3548,6,1,russia
spurred,0,1,1,0,0,0,0,0,0,0,0,0,0,0,0,2,2,0.11315,7,1,spurred
smil,0,0,0,0,0,0,0,0,0,0,0,0,0,0,0,2,2,0.24695,4,1,smil
corpse,1,0,0,0,0,0,0,0,0,0,0,0,0,0,0,2,2,-0.7618499999999999,6,1,corpse
pal,1,1,0,0,0,0,0,0,0,0,0,0,0,0,0,2,2,-0.0129,3,1,pal
longing,1,0,1,0,0,0,0,0,0,0,0,0,0,0,0,2,2,0.26744999999999997,7,1,longing
helmets,1,0,0,0,0,0,0,0,0,0,0,0,0,0,0,2,2,-0.10880000000000004,7,1,helmets
amusing,0,1,1,0,0,0,0,0,0,0,0,0,0,0,0,2,2,0.50855,7,1,amusing
gradually,0,0,0,1,0,0,0,0,0,0,0,0,0,0,0,2,2,0.23835,9,1,gradually
replying,0,0,0,0,0,0,0,0,0,0,0,0,0,0,0,2,2,0.20095,8,1,replying
lo,0,0,0,0,0,0,0,0,0,0,0,0,0,0,0,2,2,-0.2427,2,0,lo
blocked,0,1,1,0,0,0,0,0,0,0,0,0,0,0,0,2,2,-0.33255,7,1,blocked
wreck,1,0,0,0,0,0,0,0,0,0,0,0,0,0,0,2,2,-0.3393,5,1,wreck
petroleum,1,0,0,0,0,0,0,0,0,0,0,0,0,0,0,2,2,-0.3715,9,1,petroleum
torches,1,1,0,0,0,0,0,0,0,0,0,0,0,0,0,2,2,-0.3715,7,1,torches
sevres,0,0,0,0,0,0,0,0,0,0,0,0,0,0,0,2,2,0.0,6,1,sevres
lifting,1,1,0,0,0,0,0,0,0,0,0,0,0,0,0,2,2,-0.4088,7,1,lifting
mais,0,0,0,0,0,0,0,0,0,0,0,0,0,0,0,2,2,0.2294,4,1,mais
write,1,1,0,0,0,0,0,0,0,0,0,0,0,0,0,2,2,-0.47709999999999997,5,1,write
welcomed,0,1,1,0,0,0,0,0,0,0,0,0,0,0,0,2,2,0.796,8,1,welcomed
file,1,1,0,0,0,0,0,0,0,0,0,0,0,0,0,2,2,0.13775,4,1,file
mistake,1,1,0,0,0,0,0,0,0,0,0,0,0,0,0,2,2,0.10869999999999999,7,1,mistake
commotion,1,0,0,0,0,0,0,0,0,0,0,0,0,0,0,2,2,0.09035000000000001,9,1,commotion
cured,0,1,1,0,0,0,0,0,0,0,0,0,0,0,0,2,2,-0.38475000000000004,5,1,cured
perdus,1,0,0,0,0,0,0,0,0,0,0,0,0,0,0,2,2,0.31245,6,1,perdus
pressing,1,1,1,0,0,0,0,0,0,0,0,0,0,0,0,2,2,0.0,8,1,pressing
snap,1,1,0,1,0,0,0,0,0,0,0,0,0,0,0,2,2,-0.38865000000000005,4,1,snap
lancers,1,0,0,0,0,0,0,0,0,0,0,0,0,0,0,2,2,-0.16820000000000002,7,1,lancers
tribune,1,0,0,0,0,0,0,0,0,0,0,0,0,0,0,2,2,0.0,7,1,tribune
agree,0,1,0,0,0,0,0,0,0,0,0,0,0,0,0,2,2,0.29295,5,1,agree
gravity,1,0,0,0,0,0,0,0,0,0,0,0,0,0,0,2,2,0.4088,7,1,gravity
sycamores,0,0,0,0,0,0,0,0,0,0,0,0,0,0,0,2,2,-0.0386,9,1,sycamores
worms,1,0,0,0,0,0,0,0,0,0,0,0,0,0,0,2,2,0.0129,5,1,worms
hook,1,1,0,0,0,0,0,0,0,0,0,0,0,0,0,2,2,0.7946500000000001,4,1,hook
pronounced,0,1,1,0,0,0,0,0,0,0,0,0,0,0,0,2,2,0.08895,10,1,pronounced
slouching,0,1,1,0,0,0,0,0,0,0,0,0,0,0,0,2,2,-0.5947,9,1,slouching
shuffle,1,1,0,0,0,0,0,0,0,0,0,0,0,0,0,2,2,0.1909,7,1,shuffle
overtake,0,1,0,0,0,0,0,0,0,0,0,0,0,0,0,2,2,0.28595,8,1,overtake
tread,1,1,0,0,0,0,0,0,0,0,0,0,0,0,0,2,2,-0.24695,5,1,tread
sinker,1,0,0,0,0,0,0,0,0,0,0,0,0,0,0,2,2,0.24695,6,1,sinker
career,1,1,0,0,0,0,0,0,0,0,0,0,0,0,0,2,2,0.31139999999999995,6,1,career
building,1,1,1,0,0,0,0,0,0,0,0,0,0,0,0,2,2,-0.3994,8,1,building
severely,0,0,0,1,0,0,0,0,0,0,0,0,0,0,0,2,2,-0.4588,8,1,severely
loiterers,1,0,0,0,0,0,0,0,0,0,0,0,0,0,0,2,2,0.01815,9,1,loiterers
trim,1,1,1,1,0,0,0,0,0,0,0,0,0,0,0,2,2,0.10115,4,1,trim
slouched,0,1,1,0,0,0,0,0,0,0,0,0,0,0,0,2,2,-0.2202,8,1,slouched
rail,1,1,0,0,0,0,0,0,0,0,0,0,0,0,0,2,2,0.08275,4,1,rail
paths,1,0,0,0,0,0,0,0,0,0,0,0,0,0,0,2,2,0.06985000000000001,5,1,paths
languidly,0,0,0,1,0,0,0,0,0,0,0,0,0,0,0,2,2,0.3021,9,1,languidly
frontier,1,0,1,0,0,0,0,0,0,0,0,0,0,0,0,2,2,0.08895,8,1,frontier
passes,1,1,0,0,0,0,0,0,0,0,0,0,0,0,0,2,2,-0.148,6,1,passes
caged,0,1,0,0,0,0,0,0,0,0,0,0,0,0,0,2,2,0.33135000000000003,5,1,caged
orsay,0,0,0,0,0,0,0,0,0,0,0,0,0,0,0,2,2,-0.148,5,1,orsay
secured,0,1,1,0,0,0,0,0,0,0,0,0,0,0,0,2,2,0.57625,7,1,secured
thrilling,0,1,1,0,0,0,0,0,0,0,0,0,0,0,0,2,2,0.6697,9,1,thrilling
client,1,0,0,0,0,0,0,0,0,0,0,0,0,0,0,2,2,-0.1379,6,1,client
village,1,0,0,0,0,0,0,0,0,0,0,0,0,0,0,2,2,0.24695,7,1,village
prohibiting,0,0,0,0,0,0,0,0,0,0,0,0,0,0,0,2,2,-0.86285,11,1,prohibiting
suicide,1,0,0,0,0,0,0,0,0,0,0,0,0,0,0,2,2,-0.86285,7,1,suicide
limpid,0,0,1,0,0,0,0,0,0,0,0,0,0,0,0,2,2,0.0129,6,1,limpid
dazed,0,0,1,0,0,0,0,0,0,0,0,0,0,0,0,2,2,0.06645000000000001,5,1,dazed
oc,0,0,0,0,0,0,0,0,0,0,0,0,0,0,0,2,2,0.0006500000000000117,2,0,oc
bubbling,1,1,1,0,0,0,0,0,0,0,0,0,0,0,0,2,2,0.0387,8,1,bubbling
sets,1,1,0,0,0,0,0,0,0,0,0,0,0,0,0,2,2,-0.6017,4,1,sets
pace,1,1,0,0,0,0,0,0,0,0,0,0,0,0,0,2,2,-0.5355,4,1,pace
easily,0,0,0,1,0,0,0,0,0,0,0,0,0,0,0,2,2,0.0408,6,1,easily
sour,1,1,1,0,0,0,0,0,0,0,0,0,0,0,0,2,2,0.0,4,1,sour
suffocating,0,1,1,0,0,0,0,0,0,0,0,0,0,0,0,2,2,0.0,11,1,suffocating
tempt,0,1,0,0,0,0,0,0,0,0,0,0,0,0,0,2,2,-0.27915,5,1,tempt
tragedy,1,0,0,0,0,0,0,0,0,0,0,0,0,0,0,2,2,-0.7329,7,1,tragedy
ventured,0,1,0,0,0,0,0,0,0,0,0,0,0,0,0,2,2,-0.11544999999999997,8,1,ventured
discuss,0,0,0,0,0,0,0,0,0,0,0,0,0,0,0,2,2,-0.4232,7,1,discuss
tip,1,1,0,0,0,0,0,0,0,0,0,0,0,0,0,2,2,0.05939999999999998,3,1,tip
test,1,1,1,0,0,0,0,0,0,0,0,0,0,0,0,2,2,-0.07655,4,1,test
allowance,1,1,0,0,0,0,0,0,0,0,0,0,0,0,0,2,2,0.15035,9,1,allowance
cept,0,0,0,0,0,0,0,0,0,0,0,0,0,0,0,2,2,0.66385,4,1,cept
value,1,1,0,0,0,0,0,0,0,0,0,0,0,0,0,2,2,0.60445,5,1,value
cabbage,1,0,0,0,0,0,0,0,0,0,0,0,0,0,0,2,2,-0.11315,7,1,cabbage
peo,0,0,0,0,0,0,0,0,0,0,0,0,0,0,0,2,2,-0.2553,3,1,peo
loose,1,0,1,1,0,0,0,0,0,0,0,0,0,0,0,2,2,-0.1333,5,1,loose
weather,1,1,1,0,0,0,0,0,0,0,0,0,0,0,0,2,2,0.7709999999999999,7,1,weather
aquarium,1,0,0,0,0,0,0,0,0,0,0,0,0,0,0,2,2,0.17279999999999998,8,1,aquarium
retain,0,1,0,0,0,0,0,0,0,0,0,0,0,0,0,2,2,0.5545,6,1,retain
conclusion,1,0,0,0,0,0,0,0,0,0,0,0,0,0,0,2,2,0.1973,10,1,conclusion
joel,1,0,0,0,0,0,0,0,0,0,0,0,0,0,0,2,2,0.0167,4,1,joel
jesuits,1,0,0,0,0,0,0,0,0,0,0,0,0,0,0,2,2,0.1366,7,1,jesuits
triumphant,0,0,1,0,0,0,0,0,0,0,0,0,0,0,0,2,2,0.30195,10,1,triumphant
jours,0,0,0,0,0,0,0,0,0,0,0,0,0,0,0,2,1,0.0,5,1,jours
comme,0,0,0,0,0,0,0,0,0,0,0,0,0,0,0,2,2,0.0,5,1,comme
ours,0,0,0,0,0,0,0,0,0,0,0,0,0,0,1,2,2,0.465,4,1,ours
keen,1,0,1,0,0,0,0,0,0,0,0,0,0,0,0,2,2,0.43485,4,1,keen
corridor,1,0,0,0,0,0,0,0,0,0,0,0,0,0,0,2,2,0.0,8,1,corridor
respectability,1,0,0,0,0,0,0,0,0,0,0,0,0,0,0,2,2,0.4679,14,1,respectability
june,1,0,0,0,0,0,0,0,0,0,0,0,0,0,0,2,2,0.5049,4,1,june
weekly,1,0,1,1,0,0,0,0,0,0,0,0,0,0,0,2,2,0.0,6,1,weekly
sward,1,0,0,0,0,0,0,0,0,0,0,0,0,0,0,2,2,0.0,5,1,sward
pasty,1,0,1,0,0,0,0,0,0,0,0,0,0,0,0,2,2,-0.2723,5,1,pasty
monstrosity,1,0,0,0,0,0,0,0,0,0,0,0,0,0,0,2,2,0.10115,11,1,monstrosity
chaumiere,0,0,0,0,0,0,0,0,0,0,0,0,0,0,0,2,2,0.20759999999999998,9,1,chaumiere
piles,1,1,0,0,0,0,0,0,0,0,0,0,0,0,0,2,2,-0.0129,5,1,piles
wrought,0,0,1,0,0,0,0,0,0,0,0,0,0,0,0,2,2,-0.23835,7,1,wrought
suisse,0,0,0,0,0,0,0,0,0,0,0,0,0,0,0,2,2,0.37895,6,1,suisse
grounds,1,1,0,0,0,0,0,0,0,0,0,0,0,0,0,2,2,0.26145,7,1,grounds
glances,1,1,0,0,0,0,0,0,0,0,0,0,0,0,0,2,2,0.040950000000000014,7,1,glances
depression,1,0,0,0,0,0,0,0,0,0,0,0,0,0,0,2,2,-0.3463,10,1,depression
salutes,1,1,0,0,0,0,0,0,0,0,0,0,0,0,0,2,2,0.2202,7,1,salutes
fe,1,0,0,0,0,0,0,0,0,0,0,0,0,0,0,2,2,0.2294,2,1,fe
lingering,0,0,1,0,0,0,0,0,0,0,0,0,0,0,0,2,2,0.0,9,1,lingering
sealed,0,1,1,0,0,0,0,0,0,0,0,0,0,0,0,2,2,0.42775,6,1,sealed
vein,1,1,0,0,0,0,0,0,0,0,0,0,0,0,0,2,2,0.5857,4,1,vein
clasped,0,1,0,0,0,0,0,0,0,0,0,0,0,0,0,2,2,0.19590000000000002,7,1,clasped
previous,0,0,1,0,0,0,0,0,0,0,0,0,0,0,0,2,2,-0.04915,8,1,previous
flying,0,1,1,1,0,0,0,0,0,0,0,0,0,0,0,2,2,0.064,6,1,flying
canvases,1,1,0,0,0,0,0,0,0,0,0,0,0,0,0,2,2,-0.148,8,1,canvases
dainty,1,0,1,0,0,0,0,0,0,0,0,0,0,0,0,2,2,0.38805,6,1,dainty
pensionaires,0,0,0,0,0,0,0,0,0,0,0,0,0,0,0,2,2,0.0,12,1,pensionaires
foi,0,0,0,0,0,0,0,0,0,0,0,0,0,0,0,2,2,0.0,3,1,foi
brush,1,1,0,0,0,0,0,0,0,0,0,0,0,0,0,2,2,-0.18555,5,1,brush
afterwards,0,0,0,1,0,0,0,0,0,0,0,0,0,0,0,2,2,0.0,10,1,afterwards
prize,1,1,1,0,0,0,0,0,0,0,0,0,0,0,0,2,2,0.55115,5,1,prize
brows,1,0,0,0,0,0,0,0,0,0,0,0,0,0,0,2,2,0.02150000000000002,5,1,brows
plus,1,0,1,0,0,0,1,0,0,0,0,0,0,0,0,2,2,-0.2294,4,1,plus
conservatory,1,0,1,0,0,0,0,0,0,0,0,0,0,0,0,2,2,-0.11315,12,1,conservatory
surroundings,1,0,0,0,0,0,0,0,0,0,0,0,0,0,0,2,2,0.37895,12,1,surroundings
waddled,0,0,0,0,0,0,0,0,0,0,0,0,0,0,0,2,2,0.28569999999999995,7,1,waddled
tor,1,0,0,0,0,0,0,0,0,0,0,0,0,0,0,2,2,0.10115,3,1,tor
breeze,1,1,0,0,0,0,0,0,0,0,0,0,0,0,0,2,2,0.2202,6,1,breeze
bullet,1,0,0,0,0,0,0,0,0,0,0,0,0,0,0,2,2,-0.21114999999999998,6,1,bullet
private,1,0,1,0,0,0,0,0,0,0,0,0,0,0,0,2,2,0.07370000000000004,7,1,private
tiled,0,1,1,0,0,0,0,0,0,0,0,0,0,0,0,2,2,0.2202,5,1,tiled
elms,1,0,0,0,0,0,0,0,0,0,0,0,0,0,0,2,2,0.2202,4,1,elms
haggard,1,0,1,0,0,0,0,0,0,0,0,0,0,0,0,2,2,0.08305000000000001,7,1,haggard
odor,0,0,0,0,0,0,0,0,0,0,0,0,0,0,0,2,2,0.1333,4,1,odor
fountains,1,0,0,0,0,0,0,0,0,0,0,0,0,0,0,2,2,0.19785,9,1,fountains
centre,1,0,0,0,0,0,0,0,0,0,0,0,0,0,0,2,2,-0.0703,6,1,centre
inconvenience,1,0,0,0,0,0,0,0,0,0,0,0,0,0,0,2,2,0.0928,13,1,inconvenience
higher,0,0,1,0,0,0,0,0,0,0,0,0,0,0,0,2,2,0.6769000000000001,6,1,higher
collided,0,1,0,0,0,0,0,0,0,0,0,0,0,0,0,2,2,0.22615000000000002,8,1,collided
rovvden,0,0,0,0,0,0,0,0,0,0,0,0,0,0,0,2,2,0.2614,7,1,rovvden
retired,0,1,1,0,0,0,0,0,0,0,0,0,0,0,0,2,2,0.46204999999999996,7,1,retired
enchanted,0,1,1,0,0,0,0,0,0,0,0,0,0,0,0,2,2,0.5313,9,1,enchanted
girdle,1,1,0,0,0,0,0,0,0,0,0,0,0,0,0,2,2,0.0,6,1,girdle
ankles,1,0,0,0,0,0,0,0,0,0,0,0,0,0,0,2,2,0.0,6,1,ankles
eddie,0,0,0,0,0,0,0,0,0,0,0,0,0,0,0,2,2,0.10909999999999997,5,1,eddie
deliberately,0,0,0,1,0,0,0,0,0,0,0,0,0,0,0,2,2,-0.2997,12,1,deliberately
edith,0,0,0,0,0,0,0,0,0,0,0,0,0,0,0,2,2,-0.07655,5,1,edith
carmichel,0,0,0,0,0,0,0,0,0,0,0,0,0,0,0,2,2,-0.07655,9,1,carmichel
beds,1,1,0,0,0,0,0,0,0,0,0,0,0,0,0,2,2,0.08659999999999998,4,1,beds
ington,0,0,0,0,0,0,0,0,0,0,0,0,0,0,0,2,2,-0.07655,6,1,ington
gentleman,1,0,0,0,0,0,0,0,0,0,0,0,0,0,0,2,2,0.53075,9,1,gentleman
prices,1,1,0,0,0,0,0,0,0,0,0,0,0,0,0,2,2,-0.1785,6,1,prices
sounding,1,1,1,0,0,0,0,0,0,0,0,0,0,0,0,2,2,0.26580000000000004,8,1,sounding
rustling,1,1,1,0,0,0,0,0,0,0,0,0,0,0,0,2,2,0.0,8,1,rustling
voluntary,1,0,1,0,0,0,0,0,0,0,0,0,0,0,0,2,2,0.3243,9,1,voluntary
canvasses,1,1,0,0,0,0,0,0,0,0,0,0,0,0,0,2,2,-0.20095,9,1,canvasses
veux,0,0,0,0,0,0,0,0,0,0,0,0,0,0,0,2,2,-0.125,4,1,veux
tu,0,0,0,0,0,0,0,0,0,0,0,0,0,0,0,2,2,-0.125,2,0,tu
vilain,0,0,0,0,0,0,0,0,0,0,0,0,0,0,0,2,2,0.0,6,1,vilain
memorial,1,0,1,0,0,0,0,0,0,0,0,0,0,0,0,2,2,0.4037,8,1,memorial
alighting,0,1,0,0,0,0,0,0,0,0,0,0,0,0,0,2,2,-0.0258,9,1,alighting
velvet,1,0,1,0,0,0,0,0,0,0,0,0,0,0,0,2,2,0.75405,6,1,velvet
lotos,0,0,0,0,0,0,0,0,0,0,0,0,0,0,0,2,2,0.0,5,1,lotos
gardeners,1,0,0,0,0,0,0,0,0,0,0,0,0,0,0,2,2,-0.0322,9,1,gardeners
handsome,0,0,1,0,0,0,0,0,0,0,0,0,0,0,0,2,2,0.4939,8,1,handsome
hang,1,1,0,0,0,0,0,0,0,0,0,0,0,0,0,2,2,0.04705,4,1,hang
groping,1,1,1,0,0,0,0,0,0,0,0,0,0,0,0,2,2,-0.26744999999999997,7,1,groping
rups,0,0,0,0,0,0,0,0,0,0,0,0,0,0,0,2,2,0.6995,4,1,rups
versation,0,0,0,0,0,0,0,0,0,0,0,0,0,0,0,2,2,-0.5259499999999999,9,1,versation
lagged,0,1,0,0,0,0,0,0,0,0,0,0,0,0,0,2,2,-0.15974999999999998,6,1,lagged
trunk,1,0,0,0,0,0,0,0,0,0,0,0,0,0,0,2,2,0.4088,5,1,trunk
hind,1,0,1,0,0,0,0,0,0,0,0,0,0,0,0,2,2,-0.064,4,1,hind
seigneur,1,0,0,0,0,0,0,0,0,0,0,0,0,0,0,2,2,0.37895,8,1,seigneur
scraping,1,1,0,0,0,0,0,0,0,0,0,0,0,0,0,2,2,0.0,8,1,scraping
clergy,1,0,0,0,0,0,0,0,0,0,0,0,0,0,0,2,2,-0.38585,6,1,clergy
chased,0,1,0,0,0,0,0,0,0,0,0,0,0,0,0,2,2,0.64205,6,1,chased
labyrinth,1,0,0,0,0,0,0,0,0,0,0,0,0,0,0,2,2,-0.44704999999999995,9,1,labyrinth
hunted,0,1,1,0,0,0,0,0,0,0,0,0,0,0,0,2,2,0.31845,6,1,hunted
peace,1,0,0,0,0,0,0,0,0,0,0,0,0,0,0,2,2,0.3614,5,1,peace
harsh,0,0,1,0,0,0,0,0,0,0,0,0,0,0,0,2,2,-0.71365,5,1,harsh
sacrifice,1,1,0,0,0,0,0,0,0,0,0,0,0,0,0,2,2,0.0,9,1,sacrifice
sacrificed,0,1,0,0,0,0,0,0,0,0,0,0,0,0,0,2,2,0.3243,10,1,sacrificed
treat,1,1,0,0,0,0,0,0,0,0,0,0,0,0,0,2,2,0.5977,5,1,treat
whenever,0,0,0,0,0,0,1,0,0,0,0,0,0,0,0,2,2,0.42695,8,1,whenever
infatuation,1,0,0,0,0,0,0,0,0,0,0,0,0,0,0,2,2,0.1988,11,1,infatuation
feed,1,1,0,0,0,0,0,0,0,0,0,0,0,0,0,2,2,-0.1587,4,1,feed
idly,0,0,0,1,0,0,0,0,0,0,0,0,0,0,0,2,2,-0.41395000000000004,4,1,idly
boys,1,0,0,0,0,0,0,0,0,0,0,0,0,0,0,2,2,0.15985,4,1,boys
bewitching,1,0,1,0,0,0,0,0,0,0,0,0,0,0,0,2,2,0.45930000000000004,10,1,bewitching
utterly,0,0,0,1,0,0,0,0,0,0,0,0,0,0,0,2,2,0.27115,7,1,utterly
polite,0,0,1,0,0,0,0,0,0,0,0,0,0,0,0,2,2,-0.26335,6,1,polite
requested,0,1,1,0,0,0,0,0,0,0,0,0,0,0,0,2,2,0.76715,9,1,requested
contrary,1,0,1,1,0,0,0,0,0,0,0,0,0,0,0,2,2,0.45245,8,1,contrary
character,1,1,0,0,0,0,0,0,0,0,0,0,0,0,0,2,2,0.48825,9,1,character
scurried,0,1,0,0,0,0,0,0,0,0,0,0,0,0,0,2,2,-0.1909,8,1,scurried
hoping,1,1,0,0,0,0,0,0,0,0,0,0,0,0,0,2,2,0.52015,6,1,hoping
tive,0,0,0,0,0,0,0,0,0,0,0,0,0,0,0,2,2,-0.17435,4,1,tive
splinters,1,1,0,0,0,0,0,0,0,0,0,0,0,0,0,2,2,-0.4111,9,1,splinters
trampling,1,1,1,0,0,0,0,0,0,0,0,0,0,0,0,2,2,0.0,9,1,trampling
bobbed,0,1,0,0,0,0,0,0,0,0,0,0,0,0,0,2,2,0.2294,6,1,bobbed
unison,1,0,0,0,0,0,0,0,0,0,0,0,0,0,0,2,2,0.17,6,1,unison
withdrew,0,0,0,0,0,0,0,0,0,0,0,0,0,0,0,2,2,0.5328999999999999,8,1,withdrew
customer,1,0,0,0,0,0,0,0,0,0,0,0,0,0,0,2,2,0.10744999999999999,8,1,customer
aware,0,0,1,0,0,0,0,0,0,0,0,0,0,0,0,2,2,0.27475,5,1,aware
sensible,1,0,1,0,0,0,0,0,0,0,0,0,0,0,0,2,2,0.67565,8,1,sensible
petted,0,1,0,0,0,0,0,0,0,0,0,0,0,0,0,2,2,0.1177,6,1,petted
non,0,0,1,0,0,0,0,0,0,0,0,0,0,0,0,2,2,0.3372,3,1,non
slow,1,1,1,1,0,0,0,0,0,0,0,0,0,0,0,2,2,0.23835,4,1,slow
languid,0,0,1,0,0,0,0,0,0,0,0,0,0,0,0,2,2,0.40835,7,1,languid
reassure,0,1,0,0,0,0,0,0,0,0,0,0,0,0,0,2,2,0.6787000000000001,8,1,reassure
gladly,0,0,0,1,0,0,0,0,0,0,0,0,0,0,0,2,2,0.34,6,1,gladly
incongruous,0,0,1,0,0,0,0,0,0,0,0,0,0,0,0,2,2,0.18525,11,1,incongruous
brittany,0,0,0,0,0,0,0,0,0,0,0,0,0,0,0,2,2,0.6404,8,1,brittany
forests,1,0,0,0,0,0,0,0,0,0,0,0,0,0,0,2,2,0.2294,7,1,forests
suspected,0,1,1,0,0,0,0,0,0,0,0,0,0,0,0,2,2,0.15055,9,1,suspected
villain,1,0,0,0,0,0,0,0,0,0,0,0,0,0,0,2,2,-0.4914,7,1,villain
bitterly,0,0,0,1,0,0,0,0,0,0,0,0,0,0,0,2,2,-0.51535,8,1,bitterly
tenderness,1,0,0,0,0,0,0,0,0,0,0,0,0,0,0,2,2,-0.49735,10,1,tenderness
brutal,0,0,1,0,0,0,0,0,0,0,0,0,0,0,0,2,2,-0.45965,6,1,brutal
gratified,0,1,1,0,0,0,0,0,0,0,0,0,0,0,0,2,2,0.04369999999999999,9,1,gratified
glee,0,0,0,0,0,0,0,0,0,0,0,0,0,0,0,2,2,0.71645,4,1,glee
equally,0,0,0,1,0,0,0,0,0,0,0,0,0,0,0,2,2,-0.19305000000000003,7,1,equally
saturday,1,0,0,0,0,0,0,0,0,0,0,0,0,0,0,2,2,-0.41385,8,1,saturday
sane,0,0,1,0,0,0,0,0,0,0,0,0,0,0,0,2,2,-0.31795,4,1,sane
deny,0,1,0,0,0,0,0,0,0,0,0,0,0,0,0,2,2,0.1722,4,1,deny
remem,0,0,0,0,0,0,0,0,0,0,0,0,0,0,0,2,2,0.094,5,1,remem
vivid,1,0,1,0,0,0,0,0,0,0,0,0,0,0,0,2,2,0.11315,5,1,vivid
bothered,0,0,1,0,0,0,0,0,0,0,0,0,0,0,0,2,2,-0.25139999999999996,8,1,bothered
hummed,0,1,0,0,0,0,0,0,0,0,0,0,0,0,0,2,2,-0.125,6,1,hummed
freshness,1,0,0,0,0,0,0,0,0,0,0,0,0,0,0,2,2,-0.11315,9,1,freshness
snatched,0,1,0,0,0,0,0,0,0,0,0,0,0,0,0,2,2,-0.47795,8,1,snatched
dragoon,1,1,0,0,0,0,0,0,0,0,0,0,0,0,0,2,2,0.10115,7,1,dragoon
emperors,1,0,0,0,0,0,0,0,0,0,0,0,0,0,0,2,2,0.1806,8,1,emperors
content,1,1,1,0,0,0,0,0,0,0,0,0,0,0,0,2,2,-0.28595,7,1,content
blos,0,0,0,0,0,0,0,0,0,0,0,0,0,0,0,2,2,-0.07655,4,1,blos
omelet,1,0,0,0,0,0,0,0,0,0,0,0,0,0,0,2,2,0.43445,6,1,omelet
impatient,0,0,1,0,0,0,0,0,0,0,0,0,0,0,0,2,2,-0.07465000000000001,9,1,impatient
impatience,1,0,0,0,0,0,0,0,0,0,0,0,0,0,0,2,2,-0.7079,10,1,impatience
cushioned,0,1,1,0,0,0,0,0,0,0,0,0,0,0,0,2,2,0.2202,9,1,cushioned
dislike,1,1,0,0,0,0,0,0,0,0,0,0,0,0,0,2,2,-0.4267,7,1,dislike
breathing,1,1,1,0,0,0,0,0,0,0,0,0,0,0,0,2,2,0.0,9,1,breathing
leaf,1,1,0,0,0,0,0,0,0,0,0,0,0,0,0,2,2,0.0,4,1,leaf
intention,1,0,0,0,0,0,0,0,0,0,0,0,0,0,0,2,2,0.05780000000000002,9,1,intention
liked,0,1,1,0,0,0,0,0,0,0,0,0,0,0,0,2,2,0.19755,5,1,liked
combination,1,0,0,0,0,0,0,0,0,0,0,0,0,0,0,2,2,0.05945,11,1,combination
grasp,1,1,0,0,0,0,0,0,0,0,0,0,0,0,0,2,2,-0.10299999999999998,5,1,grasp
swing,1,1,0,0,0,0,0,0,0,0,0,0,0,0,0,2,2,0.2525,5,1,swing
vhich,0,0,0,0,0,0,0,0,0,0,0,0,0,0,0,2,2,-0.07400000000000001,5,1,vhich
gal,1,0,0,0,0,0,0,0,0,0,0,0,0,0,0,2,2,-0.28595,3,1,gal
mediaeval,0,0,1,0,0,0,0,0,0,0,0,0,0,0,0,2,2,0.06004999999999999,9,1,mediaeval
sand,1,0,0,0,0,0,0,0,0,0,0,0,0,0,0,2,2,0.49429999999999996,4,1,sand
mis,0,0,1,0,0,0,0,0,0,0,0,0,0,0,0,2,2,0.44035,3,1,mis
superiority,1,0,0,0,0,0,0,0,0,0,0,0,0,0,0,2,2,0.5788,11,1,superiority
bother,0,1,0,0,0,0,0,0,0,0,0,0,0,0,0,2,2,-0.4351,6,1,bother
balanced,0,1,1,0,0,0,0,0,0,0,0,0,0,0,0,2,2,0.15985,8,1,balanced
deposited,0,0,0,0,0,0,0,0,0,0,0,0,0,0,0,2,2,0.59545,9,1,deposited
observation,1,0,0,0,0,0,0,0,0,0,0,0,0,0,0,2,2,0.0129,11,1,observation
expectation,1,0,0,0,0,0,0,0,0,0,0,0,0,0,0,2,2,0.042300000000000004,11,1,expectation
limit,1,1,0,0,0,0,0,0,0,0,0,0,0,0,0,2,2,0.22925,5,1,limit
mas,1,0,0,0,0,0,0,0,0,0,0,0,0,0,0,2,2,0.8397,3,1,mas
pansy,1,0,0,0,0,0,0,0,0,0,0,0,0,0,0,2,2,0.4593,5,1,pansy
trills,1,1,0,0,0,0,0,0,0,0,0,0,0,0,0,2,2,0.03635000000000005,6,1,trills
returning,0,1,1,0,0,0,0,0,0,0,0,0,0,0,0,2,2,-0.28595,9,1,returning
manoeuvres,1,0,0,0,0,0,0,0,0,0,0,0,0,0,0,2,2,0.3062,10,1,manoeuvres
continent,1,0,1,0,0,0,0,0,0,0,0,0,0,0,0,2,1,0.7089,9,1,continent
jaunty,0,0,1,0,0,0,0,0,0,0,0,0,0,0,0,2,2,0.2552,6,1,jaunty
mat,1,0,1,0,0,0,0,0,0,0,0,0,0,0,0,2,2,0.27495,3,1,mat
eager,1,0,1,0,0,0,0,0,0,0,0,0,0,0,0,2,2,0.5559000000000001,5,1,eager
pane,1,0,0,0,0,0,0,0,0,0,0,0,0,0,0,2,2,0.1806,4,1,pane
capped,0,1,1,0,0,0,0,0,0,0,0,0,0,0,0,2,2,0.24695,6,1,capped
amused,0,1,1,0,0,0,0,0,0,0,0,0,0,0,0,2,2,0.56995,6,1,amused
enjoy,0,1,0,0,0,0,0,0,0,0,0,0,0,0,0,2,2,0.60615,5,1,enjoy
stormed,0,1,0,0,0,0,0,0,0,0,0,0,0,0,0,2,2,-0.2086,7,1,stormed
dodged,0,1,0,0,0,0,0,0,0,0,0,0,0,0,0,2,2,-0.46429999999999993,6,1,dodged
cluster,1,1,0,0,0,0,0,0,0,0,0,0,0,0,0,2,2,0.0,7,1,cluster
bougereau,0,0,0,0,0,0,0,0,0,0,0,0,0,0,0,2,2,0.43125,9,1,bougereau
sorrows,0,0,0,0,0,0,0,0,0,0,0,0,0,0,0,2,2,-0.28975,7,1,sorrows
thoroughfare,1,0,0,0,0,0,0,0,0,0,0,0,0,0,0,2,2,-0.38865000000000005,12,1,thoroughfare
awaits,1,0,0,0,0,0,0,0,0,0,0,0,0,0,0,2,2,-0.32894999999999996,6,1,awaits
mallet,1,0,0,0,0,0,0,0,0,0,0,0,0,0,0,2,2,0.05794999999999999,6,1,mallet
stare,1,1,0,0,0,0,0,0,0,0,0,0,0,0,0,2,2,-0.08895000000000003,5,1,stare
occupy,0,1,0,0,0,0,0,0,0,0,0,0,0,0,0,2,2,0.1423,6,1,occupy
dingy,1,0,1,0,0,0,0,0,0,0,0,0,0,0,0,2,2,-0.45855,5,1,dingy
brushing,1,1,0,0,0,0,0,0,0,0,0,0,0,0,0,2,2,0.1591,8,1,brushing
convalescence,1,0,1,0,0,0,0,0,0,0,0,0,0,0,0,2,2,0.0,13,1,convalescence
inwardly,0,0,0,1,0,0,0,0,0,0,0,0,0,0,0,2,2,0.1653,8,1,inwardly
burkes,1,1,0,0,0,0,0,0,0,0,0,0,0,0,0,2,2,0.83745,6,1,burkes
collect,1,1,1,1,0,0,0,0,0,0,0,0,0,0,0,2,2,0.0,7,1,collect
disturbed,0,1,1,0,0,0,0,0,0,0,0,0,0,0,0,2,2,0.1542,9,1,disturbed
placid,0,0,1,0,0,0,0,0,0,0,0,0,0,0,0,2,2,-0.3182,6,1,placid
depart,0,1,0,0,0,0,0,0,0,0,0,0,0,0,0,2,2,0.26580000000000004,6,1,depart
approval,1,0,0,0,0,0,0,0,0,0,0,0,0,0,0,2,2,0.23835,8,1,approval
prayed,0,1,0,0,0,0,0,0,0,0,0,0,0,0,0,2,2,0.46725,6,1,prayed
dollar,1,0,0,0,0,0,0,0,0,0,0,0,0,0,0,2,2,0.1038,6,1,dollar
tabby,1,0,1,0,0,0,0,0,0,0,0,0,0,0,0,2,2,0.125,5,1,tabby
nuisance,1,0,0,0,0,0,0,0,0,0,0,0,0,0,0,2,2,-0.17,8,1,nuisance
objected,0,1,0,0,0,0,0,0,0,0,0,0,0,0,0,2,2,-0.10115,8,1,objected
inclination,1,0,0,0,0,0,0,0,0,0,0,0,0,0,0,2,2,-0.1733,11,1,inclination
inhabited,0,0,1,0,0,0,0,0,0,0,0,0,0,0,0,2,2,0.2202,9,1,inhabited
tine,1,0,0,0,0,0,0,0,0,0,0,0,0,0,0,2,2,0.27115,4,1,tine
gg,1,0,0,0,0,0,0,0,0,0,0,0,0,0,0,2,2,0.33155,2,1,gg
discouraging,0,1,1,0,0,0,0,0,0,0,0,0,0,0,0,2,2,-0.4118,12,1,discouraging
finds,1,1,0,0,0,0,0,0,0,0,0,0,0,0,0,2,2,0.6368,5,1,finds
dens,1,0,0,0,0,0,0,0,0,0,0,0,0,0,0,2,2,0.1366,4,1,dens
thoughtless,0,0,1,0,0,0,0,0,0,0,0,0,0,0,0,2,2,-0.057249999999999995,11,1,thoughtless
tact,1,0,0,0,0,0,0,0,0,0,0,0,0,0,0,2,2,-0.3832,4,1,tact
confess,0,1,0,0,0,0,0,0,0,0,0,0,0,0,0,2,2,0.2503,7,1,confess
decide,0,1,0,0,0,0,0,0,0,0,0,0,0,0,0,2,2,0.42865,6,1,decide
selection,1,0,0,0,0,0,0,0,0,0,0,0,0,0,0,2,2,0.61025,9,1,selection
worst,1,1,1,1,0,0,0,0,0,0,0,0,0,0,0,2,2,-0.1134,5,1,worst
nuns,1,0,0,0,0,0,0,0,0,0,0,0,0,0,0,2,2,-0.1591,4,1,nuns
abstraction,1,0,0,0,0,0,0,0,0,0,0,0,0,0,0,2,2,-0.1591,11,1,abstraction
supporting,0,1,1,0,0,0,0,0,0,0,0,0,0,0,0,2,2,0.5500499999999999,10,1,supporting
upset,1,1,1,0,0,0,0,0,0,0,0,0,0,0,0,2,2,-0.66005,5,1,upset
reasonable,0,0,1,0,0,0,0,0,0,0,0,0,0,0,0,2,2,0.3548,10,1,reasonable
ganist,0,0,0,0,0,0,0,0,0,0,0,0,0,0,0,2,2,0.35625,6,1,ganist
forty,1,0,1,0,0,0,0,0,0,0,0,0,0,0,0,2,2,0.465,5,1,forty
loves,0,1,0,0,0,0,0,0,0,0,0,0,0,0,0,2,2,0.59905,5,1,loves
mossy,0,0,1,0,0,0,0,0,0,0,0,0,0,0,0,2,2,0.1591,5,1,mossy
blackbirds,1,0,0,0,0,0,0,0,0,0,0,0,0,0,0,2,2,0.0,10,1,blackbirds
mildly,0,0,0,1,0,0,0,0,0,0,0,0,0,0,0,2,2,0.0,6,1,mildly
lacked,0,0,0,0,0,0,0,0,0,0,0,0,0,0,0,2,2,0.35685,6,1,lacked
imbecile,1,0,1,0,0,0,0,0,0,0,0,0,0,0,0,2,2,-0.58995,8,1,imbecile
careful,0,0,1,0,0,0,0,0,0,0,0,0,0,0,0,2,2,0.3983,7,1,careful
furled,0,0,1,0,0,0,0,0,0,0,0,0,0,0,0,2,2,-0.3525,6,1,furled
unfurled,0,1,0,0,0,0,0,0,0,0,0,0,0,0,0,2,2,0.0,8,1,unfurled
yacht,1,1,0,0,0,0,0,0,0,0,0,0,0,0,0,2,2,0.07655,5,1,yacht
homesickness,1,0,0,0,0,0,0,0,0,0,0,0,0,0,0,2,2,-0.4587,12,1,homesickness
translated,0,1,0,0,0,0,0,0,0,0,0,0,0,0,0,2,2,0.40080000000000005,10,1,translated
succession,1,0,0,0,0,0,0,0,0,0,0,0,0,0,0,2,2,0.21620000000000003,10,1,succession
etc,0,0,0,0,0,0,0,0,0,0,0,0,0,0,0,2,2,0.3753,3,1,etc
arnold,1,0,0,0,0,0,0,0,0,0,0,0,0,0,0,2,2,0.31245,6,1,arnold
discussed,0,0,0,0,0,0,0,0,0,0,0,0,0,0,0,2,2,0.14815,9,1,discussed
ite,0,0,0,0,0,0,0,0,0,0,0,0,0,0,0,2,2,0.20095,3,1,ite
tough,1,0,1,1,0,0,0,0,0,0,0,0,0,0,0,2,2,0.35075,5,1,tough
pinkie,1,0,0,0,0,0,0,0,0,0,0,0,0,0,0,2,1,0.7506,6,1,pinkie
retreated,1,1,0,0,0,0,0,0,0,0,0,0,0,0,0,2,2,-0.15890000000000004,9,1,retreated
ished,0,0,0,0,0,0,0,0,0,0,0,0,0,0,0,2,2,0.68465,5,1,ished
skirt,1,1,0,0,0,0,0,0,0,0,0,0,0,0,0,2,2,0.0,5,1,skirt
proceeded,0,1,0,0,0,0,0,0,0,0,0,0,0,0,0,2,2,0.44985,9,1,proceeded
cream,1,1,1,0,0,0,0,0,0,0,0,0,0,0,0,2,2,0.7807,5,1,cream
clerk,1,1,0,0,0,0,0,0,0,0,0,0,0,0,0,2,2,0.1623,5,1,clerk
preached,0,1,0,0,0,0,0,0,0,0,0,0,0,0,0,2,1,0.5984,8,1,preached
grief,1,0,0,0,0,0,0,0,0,0,0,0,0,0,0,2,2,-0.18425,5,1,grief
hatred,1,0,0,0,0,0,0,0,0,0,0,0,0,0,0,2,2,-0.71665,6,1,hatred
lected,0,0,0,0,0,0,0,0,0,0,0,0,0,0,0,2,2,0.7260500000000001,6,1,lected
sees,1,1,0,0,0,0,0,0,0,0,0,0,0,0,0,2,2,0.1366,4,1,sees
fail,1,1,0,0,0,0,0,0,0,0,0,0,0,0,0,2,2,0.41814999999999997,4,1,fail
california,1,0,0,0,0,0,0,0,0,0,0,0,0,0,0,2,2,0.2202,10,1,california
especially,0,0,0,1,0,0,0,0,0,0,0,0,0,0,0,2,2,0.32395,10,1,especially
bland,1,0,1,0,0,0,0,0,0,0,0,0,0,0,0,2,2,0.20805,5,1,bland
versailles,1,0,0,0,0,0,0,0,0,0,0,0,0,0,0,2,2,0.0386,10,1,versailles
acknowl,0,0,0,0,0,0,0,0,0,0,0,0,0,0,0,2,2,0.20095,7,1,acknowl
moist,0,0,1,0,0,0,0,0,0,0,0,0,0,0,0,2,2,0.31720000000000004,5,1,moist
poles,1,1,0,0,0,0,0,0,0,0,0,0,0,0,0,2,2,0.11035,5,1,poles
lion,1,0,0,0,0,0,0,0,0,0,0,0,0,0,0,2,2,0.0,4,1,lion
sittin,0,0,0,0,0,0,0,0,0,0,0,0,0,0,0,2,2,-0.05135,6,1,sittin
tracing,1,1,0,0,0,0,0,0,0,0,0,0,0,0,0,2,2,-0.10959999999999999,7,1,tracing
ranged,0,1,1,0,0,0,0,0,0,0,0,0,0,0,0,2,2,-0.2337,6,1,ranged
captured,0,1,0,0,0,0,0,0,0,0,0,0,0,0,0,2,2,-0.0386,8,1,captured
scowling,0,1,1,0,0,0,0,0,0,0,0,0,0,0,0,2,2,-0.0257,8,1,scowling
impulsively,0,0,0,1,0,0,0,0,0,0,0,0,0,0,0,2,2,0.10499999999999998,11,1,impulsively
infant,1,0,1,0,0,0,0,0,0,0,0,0,0,0,0,2,2,-0.0046499999999999875,6,1,infant
elbows,1,1,0,0,0,0,0,0,0,0,0,0,0,0,0,2,2,0.27115,6,1,elbows
pouring,1,1,1,0,0,0,0,0,0,0,0,0,0,0,0,2,2,0.0413,7,1,pouring
vistas,1,0,0,0,0,0,0,0,0,0,0,0,0,0,0,2,2,0.13765,6,1,vistas
paul,1,0,0,0,0,0,0,0,0,0,0,0,0,0,0,2,2,0.48260000000000003,4,1,paul
basilisk,1,0,0,0,0,0,0,0,0,0,0,0,0,0,0,2,2,0.6475,8,1,basilisk
flats,1,0,0,0,0,0,0,0,0,0,0,0,0,0,0,2,2,0.4088,5,1,flats
lookin,0,0,0,0,0,0,0,0,0,0,0,0,0,0,0,2,2,-0.05135,6,1,lookin
fist,1,0,0,0,0,0,0,0,0,0,0,0,0,0,0,2,2,0.48355,4,1,fist
maikes,0,0,0,0,0,0,0,0,0,0,0,0,0,0,0,2,2,-0.05135,6,1,maikes
mashing,1,0,0,0,0,0,0,0,0,0,0,0,0,0,0,2,2,0.3934,7,1,mashing
el,1,0,0,0,0,0,0,0,0,0,0,0,0,0,0,2,2,0.5626,2,1,el
mushy,0,0,1,0,0,0,0,0,0,0,0,0,0,0,0,2,2,0.043149999999999966,5,1,mushy
ridicule,1,1,0,0,0,0,0,0,0,0,0,0,0,0,0,2,2,-0.8118000000000001,8,1,ridicule
coward,1,0,1,0,0,0,0,0,0,0,0,0,0,0,0,2,2,-0.13395,6,1,coward
alleys,1,0,0,0,0,0,0,0,0,0,0,0,0,0,0,2,2,-0.20095,6,1,alleys
cours,0,0,0,0,0,0,0,0,0,0,0,0,0,0,0,2,2,0.0258,5,1,cours
reine,0,0,0,0,0,0,0,0,0,0,0,0,0,0,0,2,2,0.0258,5,1,reine
editor,1,0,0,0,0,0,0,0,0,0,0,0,0,0,0,2,2,0.31245,6,1,editor
writer,1,0,0,0,0,0,0,0,0,0,0,0,0,0,0,2,1,0.7978,6,1,writer
essence,1,0,0,0,0,0,0,0,0,0,0,0,0,0,0,2,2,0.07080000000000003,7,1,essence
increase,1,1,0,0,0,0,0,0,0,0,0,0,0,0,0,2,2,0.4079,8,1,increase
adding,0,1,0,0,0,0,0,0,0,0,0,0,0,0,0,2,2,0.34075,6,1,adding
buttonhole,1,0,0,0,0,0,0,0,0,0,0,0,0,0,0,2,2,0.4792,10,1,buttonhole
fix,1,1,0,0,0,0,0,0,0,0,0,0,0,0,0,2,2,0.1366,3,1,fix
mash,1,0,0,0,0,0,0,0,0,0,0,0,0,0,0,2,2,0.08895,4,1,mash
grand,1,0,1,0,0,0,0,0,0,0,0,0,0,0,0,2,2,0.68465,5,1,grand
shape,1,1,0,0,0,0,0,0,0,0,0,0,0,0,0,2,2,0.32985,5,1,shape
sin,1,1,0,0,0,0,0,0,0,0,0,0,0,0,0,2,2,-0.2658,3,1,sin
moses,1,0,0,0,0,0,0,0,0,0,0,0,0,0,0,2,2,-0.5207499999999999,5,1,moses
wrath,1,0,1,0,0,0,0,0,0,0,0,0,0,0,0,2,2,-0.58375,5,1,wrath
centuries,1,0,0,0,0,0,0,0,0,0,0,0,0,0,0,2,2,-0.058499999999999996,9,1,centuries
yelloiv,0,0,0,0,0,0,0,0,0,0,0,0,0,0,0,2,2,-0.148,7,1,yelloiv
pride,1,1,0,0,0,0,0,0,0,0,0,0,0,0,0,2,2,0.6939500000000001,5,1,pride
errand,1,0,0,0,0,0,0,0,0,0,0,0,0,0,0,2,2,-0.39225,6,1,errand
responsibility,1,0,0,0,0,0,0,0,0,0,0,0,0,0,0,2,2,0.015399999999999997,14,1,responsibility
russian,1,0,1,0,0,0,0,0,0,0,0,0,0,0,0,2,2,0.01935,7,1,russian
gods,1,0,0,0,0,0,0,0,0,0,0,0,0,0,0,2,2,0.06924999999999998,4,1,gods
structure,1,1,0,0,0,0,0,0,0,0,0,0,0,0,0,2,2,-0.54985,9,1,structure
ome,0,0,0,0,0,0,0,0,0,0,0,0,0,0,0,2,2,0.31845,3,1,ome
molly,1,0,0,0,0,0,0,0,0,0,0,0,0,0,0,2,2,-0.2202,5,1,molly
nothin,0,0,0,0,0,0,0,0,0,0,0,0,0,0,0,2,2,0.25115,6,1,nothin
considers,0,1,0,0,0,0,0,0,0,0,0,0,0,0,0,2,1,-0.2411,9,1,considers
panelled,0,1,0,0,0,0,0,0,0,0,0,0,0,0,0,2,2,-0.07455,8,1,panelled
sacred,0,0,1,0,0,0,0,0,0,0,0,0,0,0,0,2,2,-0.19815,6,1,sacred
gargon,0,0,0,0,0,0,0,0,0,0,0,0,0,0,0,2,2,0.3994,6,1,gargon
sion,0,0,0,0,0,0,0,0,0,0,0,0,0,0,0,2,2,-0.024999999999999967,4,1,sion
sniffed,0,1,0,0,0,0,0,0,0,0,0,0,0,0,0,2,2,0.0,7,1,sniffed
brushed,0,1,1,0,0,0,0,0,0,0,0,0,0,0,0,2,2,0.0,7,1,brushed
overtook,0,1,0,0,0,0,0,0,0,0,0,0,0,0,0,2,2,-0.148,8,1,overtook
shabby,0,0,1,0,0,0,0,0,0,0,0,0,0,0,0,2,2,0.0129,6,1,shabby
ber,1,0,0,0,0,0,0,0,0,0,0,0,0,0,0,2,2,0.0,3,1,ber
block,1,1,0,0,0,0,0,0,0,0,0,0,0,0,0,2,2,0.0,5,1,block
formerly,0,0,0,1,0,0,0,0,0,0,0,0,0,0,0,2,2,0.0129,8,1,formerly
mar,1,1,0,0,0,0,0,0,0,0,0,0,0,0,0,2,2,0.0258,3,1,mar
ble,0,0,0,0,0,0,0,0,0,0,0,0,0,0,0,2,2,-0.22950000000000004,3,1,ble
thick,0,0,1,1,0,0,0,0,0,0,0,0,0,0,0,2,2,0.3724,5,1,thick
demon,1,0,0,0,0,0,0,0,0,0,0,0,0,0,0,2,2,0.43725,5,1,demon
fagged,0,1,1,0,0,0,0,0,0,0,0,0,0,0,0,2,2,0.0,6,1,fagged
disgust,1,1,0,0,0,0,0,0,0,0,0,0,0,0,0,2,2,-0.34765,7,1,disgust
yawning,1,1,1,0,0,0,0,0,0,0,0,0,0,0,0,2,2,0.20095,7,1,yawning
colorless,0,0,1,0,0,0,0,0,0,0,0,0,0,0,0,2,2,-0.2294,9,1,colorless
approve,0,1,0,0,0,0,0,0,0,0,0,0,0,0,0,2,2,0.4858,7,1,approve
lux,1,0,0,0,0,0,0,0,0,0,0,0,0,0,0,2,2,-0.125,3,1,lux
osborne,1,0,0,0,0,0,0,0,0,0,0,0,0,0,0,2,2,0.13775,7,1,osborne
style,1,1,0,0,0,0,0,0,0,0,0,0,0,0,0,2,2,0.41000000000000003,5,1,style
accom,0,0,0,0,0,0,0,0,0,0,0,0,0,0,0,2,2,0.1909,5,1,accom
blindly,0,0,0,1,0,0,0,0,0,0,0,0,0,0,0,2,2,-0.14845000000000003,7,1,blindly
elysees,0,0,0,0,0,0,0,0,0,0,0,0,0,0,0,2,2,0.4215,7,1,elysees
setting,1,1,1,0,0,0,0,0,0,0,0,0,0,0,0,2,2,0.0,7,1,setting
sending,1,1,0,0,0,0,0,0,0,0,0,0,0,0,0,2,2,0.0,7,1,sending
anguish,1,1,0,0,0,0,0,0,0,0,0,0,0,0,0,2,2,-0.49060000000000004,7,1,anguish
gum,1,1,0,0,0,0,0,0,0,0,0,0,0,0,0,2,2,0.08895,3,1,gum
hem,1,1,0,0,0,0,0,0,0,0,0,0,0,0,0,2,2,0.0,3,1,hem
cough,1,1,0,0,0,0,0,0,0,0,0,0,0,0,0,2,2,0.0,5,1,cough
sparks,1,1,0,0,0,0,0,0,0,0,0,0,0,0,0,2,2,-0.20095,6,1,sparks
invite,1,1,0,0,0,0,0,0,0,0,0,0,0,0,0,2,2,0.3149,6,1,invite
doctrine,1,0,0,0,0,0,0,0,0,0,0,0,0,0,0,2,2,-0.26425,8,1,doctrine
knock,1,1,0,0,0,0,0,0,0,0,0,0,0,0,0,2,2,-0.1351,5,1,knock
eldorado,0,0,0,0,0,0,0,0,0,0,0,0,0,0,0,2,2,0.0,8,1,eldorado
swallow,1,1,0,0,0,0,0,0,0,0,0,0,0,0,0,2,2,-0.05135,7,1,swallow
rays,1,1,0,0,0,0,0,0,0,0,0,0,0,0,0,2,2,0.31245,4,1,rays
yells,1,1,0,0,0,0,0,0,0,0,0,0,0,0,0,2,2,0.3592,5,1,yells
shouldn,0,0,0,0,0,0,0,0,0,0,0,0,0,0,0,2,2,0.4939,7,1,shouldn
cur,1,0,1,0,0,0,0,0,0,0,0,0,0,0,0,2,2,-0.2377,3,1,cur
assist,1,1,0,0,0,0,0,0,0,0,0,0,0,0,0,2,2,0.3592,6,1,assist
bewildered,0,0,1,0,0,0,0,0,0,0,0,0,0,0,0,2,2,-0.1909,10,1,bewildered
confessed,0,1,1,0,0,0,0,0,0,0,0,0,0,0,0,2,2,0.33525,9,1,confessed
queens,1,1,0,0,0,0,0,0,0,0,0,0,0,0,0,2,2,-0.2337,6,1,queens
amer,0,0,0,0,0,0,0,0,0,0,0,0,0,0,0,2,2,0.1366,4,1,amer
hats,1,1,0,0,0,0,0,0,0,0,0,0,0,0,0,2,1,0.3197,4,1,hats
boxes,1,1,0,0,0,0,0,0,0,0,0,0,0,0,0,2,2,0.3982,5,1,boxes
portfolios,1,0,0,0,0,0,0,0,0,0,0,0,0,0,0,2,2,0.10849999999999999,10,1,portfolios
gimlet,1,0,1,0,0,0,0,0,0,0,0,0,0,0,0,2,2,0.20095,6,1,gimlet
proper,0,0,1,1,0,0,0,0,0,0,0,0,0,0,0,2,2,0.38155,6,1,proper
substitute,1,1,1,0,0,0,0,0,0,0,0,0,0,0,0,2,2,0.27115,10,1,substitute
occasionally,0,0,0,1,0,0,0,0,0,0,0,0,0,0,0,2,2,0.2992,12,1,occasionally
trump,1,1,0,0,0,0,0,0,0,0,0,0,0,0,0,2,2,0.0,5,1,trump
plumed,0,1,1,0,0,0,0,0,0,0,0,0,0,0,0,2,2,-0.2202,6,1,plumed
succeed,0,1,0,0,0,0,0,0,0,0,0,0,0,0,0,2,1,0.8979,7,1,succeed
whysot,0,0,0,0,0,0,0,0,0,0,0,0,0,0,0,2,1,0.0,6,1,whysot
cares,0,1,0,0,0,0,0,0,0,0,0,0,0,0,0,2,2,-0.3085,5,1,cares
restaurants,1,0,0,0,0,0,0,0,0,0,0,0,0,0,0,2,2,0.0,11,1,restaurants
foreigners,1,0,0,0,0,0,0,0,0,0,0,0,0,0,0,2,2,-0.45959999999999995,10,1,foreigners
omnibuses,1,0,0,0,0,0,0,0,0,0,0,0,0,0,0,2,2,-0.45625000000000004,9,1,omnibuses
odeon,1,0,0,0,0,0,0,0,0,0,0,0,0,0,0,2,2,-0.148,5,1,odeon
treating,0,1,0,0,0,0,0,0,0,0,0,0,0,0,0,2,2,0.37529999999999997,8,1,treating
lanterns,1,0,0,0,0,0,0,0,0,0,0,0,0,0,0,2,2,0.26855,8,1,lanterns
stair,1,0,0,0,0,0,0,0,0,0,0,0,0,0,0,2,2,0.37739999999999996,5,1,stair
clang,1,1,0,0,0,0,0,0,0,0,0,0,0,0,0,2,2,0.0,5,1,clang
ringing,1,1,1,0,0,0,0,0,0,0,0,0,0,0,0,2,2,-0.15355000000000002,7,1,ringing
unsavory,0,0,1,0,0,0,0,0,0,0,0,0,0,0,0,2,2,0.139,8,1,unsavory
particular,1,0,1,0,0,0,0,0,0,0,0,0,0,0,0,2,2,-0.01639999999999997,10,1,particular
eleven,1,0,1,0,0,0,0,0,0,0,0,0,0,0,0,2,2,0.0,6,1,eleven
sketching,1,1,0,0,0,0,0,0,0,0,0,0,0,0,0,2,2,0.0,9,1,sketching
ideas,1,0,0,0,0,0,0,0,0,0,0,0,0,0,0,2,2,0.3953,5,1,ideas
balance,1,1,0,0,0,0,0,0,0,0,0,0,0,0,0,2,2,0.0681,7,1,balance
naturally,0,0,0,1,0,0,0,0,0,0,0,0,0,0,0,2,2,-0.21075,9,1,naturally
pillars,1,0,0,0,0,0,0,0,0,0,0,0,0,0,0,2,2,0.43725,7,1,pillars
exclusive,1,0,1,0,0,0,0,0,0,0,0,0,0,0,0,2,2,0.2268,9,1,exclusive
outraged,0,0,1,0,0,0,0,0,0,0,0,0,0,0,0,2,2,-0.5542,8,1,outraged
sash,1,0,0,0,0,0,0,0,0,0,0,0,0,0,0,2,2,-0.0386,4,1,sash
applied,0,1,1,0,0,0,0,0,0,0,0,0,0,0,0,2,2,0.1366,7,1,applied
plied,0,1,0,0,0,0,0,0,0,0,0,0,0,0,0,2,2,-0.007550000000000001,5,1,plied
creep,1,1,0,0,0,0,0,0,0,0,0,0,0,0,0,2,2,-0.15979999999999997,5,1,creep
glare,1,1,1,0,0,0,0,0,0,0,0,0,0,0,0,2,2,0.3021,5,1,glare
blackness,0,0,0,0,0,0,0,0,0,0,0,0,0,0,0,2,2,-0.17,9,1,blackness
vault,1,1,0,0,0,0,0,0,0,0,0,0,0,0,0,2,2,0.17,5,1,vault
trifle,1,0,0,0,0,0,0,0,0,0,0,0,0,0,0,2,2,-0.2997,6,1,trifle
tiny,1,0,1,0,0,0,0,0,0,0,0,0,0,0,0,2,2,0.10115,4,1,tiny
dealers,1,0,0,0,0,0,0,0,0,0,0,0,0,0,0,2,2,0.0,7,1,dealers
geranium,1,0,0,0,0,0,0,0,0,0,0,0,0,0,0,2,2,-0.1191,8,1,geranium
se,0,0,0,0,0,0,0,0,0,0,0,0,0,0,0,2,2,0.5570999999999999,2,0,se
nat,1,0,0,0,0,0,0,0,0,0,0,0,0,0,0,2,2,0.5570999999999999,3,1,nat
tormented,0,1,1,0,0,0,0,0,0,0,0,0,0,0,0,2,2,-0.3935,9,1,tormented
implore,0,0,0,0,0,0,0,0,0,0,0,0,0,0,0,2,2,0.09659999999999996,7,1,implore
jo,1,0,0,0,0,0,0,0,0,0,0,0,0,0,0,2,2,0.0,2,1,jo
sorry,1,0,1,0,0,0,0,0,0,0,0,0,0,0,0,2,2,0.0009000000000000119,5,1,sorry
abode,1,0,0,0,0,0,0,0,0,0,0,0,0,0,0,2,2,-0.7184,5,1,abode
souls,1,0,0,0,0,0,0,0,0,0,0,0,0,0,0,2,2,-0.7184,5,1,souls
overhead,1,0,1,1,0,0,0,0,0,0,0,0,0,0,0,2,2,-0.65745,8,1,overhead
mess,1,1,0,0,0,0,0,0,0,0,0,0,0,0,0,2,2,-0.3612,4,1,mess
puffy,0,0,1,0,0,0,0,0,0,0,0,0,0,0,0,2,2,0.008,5,1,puffy
dripping,1,1,1,1,0,0,0,0,0,0,0,0,0,0,0,2,2,0.0,8,1,dripping
drummer,1,0,0,0,0,0,0,0,0,0,0,0,0,0,0,2,2,-0.5454,7,1,drummer
fin,1,1,0,0,0,0,0,0,0,0,0,0,0,0,0,2,2,0.0,3,1,fin
ordered,0,0,1,0,0,0,0,0,0,0,0,0,0,0,0,2,2,0.0,7,1,ordered
cafes,1,0,0,0,0,0,0,0,0,0,0,0,0,0,0,2,2,0.15710000000000002,5,1,cafes
curling,1,1,1,0,0,0,0,0,0,0,0,0,0,0,0,2,2,0.49305,7,1,curling
correct,0,1,1,0,0,0,0,0,0,0,0,0,0,0,0,2,2,0.0386,7,1,correct
resume,1,1,0,0,0,0,0,0,0,0,0,0,0,0,0,2,2,0.0386,6,1,resume
whither,0,0,0,1,0,0,0,0,0,0,0,0,0,0,0,2,2,-0.7184,7,1,whither
virgin,1,0,1,0,0,0,0,0,0,0,0,0,0,0,0,2,2,-0.23835,6,1,virgin
faded,0,1,1,0,0,0,0,0,0,0,0,0,0,0,0,2,2,-0.29295,5,1,faded
caron,1,0,0,0,0,0,0,0,0,0,0,0,0,0,0,2,2,0.17,5,1,caron
mm,1,0,0,0,0,0,0,0,0,0,0,0,0,0,0,2,2,-0.10604999999999998,2,1,mm
whispering,1,0,1,0,0,0,0,0,0,0,0,0,0,0,0,2,2,0.0928,10,1,whispering
unheard,0,0,1,0,0,0,0,0,0,0,0,0,0,0,0,2,2,-0.69425,7,1,unheard
blaze,1,1,0,0,0,0,0,0,0,0,0,0,0,0,0,2,2,0.0,5,1,blaze
increasing,0,1,1,0,0,0,0,0,0,0,0,0,0,0,0,2,2,0.17,10,1,increasing
weep,1,1,0,0,0,0,0,0,0,0,0,0,0,0,0,2,2,-0.56535,4,1,weep
dully,0,0,0,1,0,0,0,0,0,0,0,0,0,0,0,2,1,0.296,5,1,dully
sheer,1,1,1,1,0,0,0,0,0,0,0,0,0,0,0,2,2,0.2651,5,1,sheer
bias,1,1,1,1,0,0,0,0,0,0,0,0,0,0,0,2,2,0.8225,4,1,bias
gil,0,0,0,0,0,0,0,0,0,0,0,0,0,0,0,2,2,0.8225,3,1,gil
discreet,0,0,1,0,0,0,0,0,0,0,0,0,0,0,0,2,2,0.8225,8,1,discreet
jules,0,0,0,0,0,0,0,0,0,0,0,0,0,0,0,2,2,-0.125,5,1,jules
fatherly,0,0,1,0,0,0,0,0,0,0,0,0,0,0,0,2,2,0.3592,8,1,fatherly
outflanked,0,1,0,0,0,0,0,0,0,0,0,0,0,0,0,2,2,-0.27695000000000003,10,1,outflanked
melted,0,1,1,0,0,0,0,0,0,0,0,0,0,0,0,2,2,0.0,6,1,melted
comprehension,1,0,0,0,0,0,0,0,0,0,0,0,0,0,0,2,2,-0.68275,13,1,comprehension
blighted,0,1,1,0,0,0,0,0,0,0,0,0,0,0,0,2,2,-0.1109,8,1,blighted
appealing,0,1,1,0,0,0,0,0,0,0,0,0,0,0,0,2,2,0.7154,9,1,appealing
punctilious,0,0,1,0,0,0,0,0,0,0,0,0,0,0,0,2,1,-0.5719,11,1,punctilious
homage,1,0,0,0,0,0,0,0,0,0,0,0,0,0,0,2,1,0.8271,6,1,homage
separately,0,0,0,1,0,0,0,0,0,0,0,0,0,0,0,2,1,-0.3818,10,1,separately
timidity,1,0,0,0,0,0,0,0,0,0,0,0,0,0,0,2,1,0.3182,8,1,timidity
symptoms,1,0,0,0,0,0,0,0,0,0,0,0,0,0,0,2,2,-0.4063,8,1,symptoms
wrench,1,1,0,0,0,0,0,0,0,0,0,0,0,0,0,2,2,0.0,6,1,wrench
citizens,1,0,0,0,0,0,0,0,0,0,0,0,0,0,0,2,2,0.1594,8,1,citizens
hush,1,1,0,0,0,0,0,0,0,0,0,0,0,0,0,2,2,-0.37895,4,1,hush
size,1,1,1,0,0,0,0,0,0,0,0,0,0,0,0,2,2,-0.58315,4,1,size
sidewalk,1,0,0,0,0,0,0,0,0,0,0,0,0,0,0,2,2,-0.0129,8,1,sidewalk
juleps,1,0,0,0,0,0,0,0,0,0,0,0,0,0,0,2,2,0.27495,6,1,juleps
flit,1,1,0,0,0,0,0,0,0,0,0,0,0,0,0,2,2,0.41155,4,1,flit
unquestioning,0,0,1,0,0,0,0,0,0,0,0,0,0,0,0,2,1,0.9184,13,1,unquestioning
beguiled,0,0,1,0,0,0,0,0,0,0,0,0,0,0,0,1,1,0.0,8,1,beguiled
berkeley,1,0,0,0,0,0,0,0,0,0,0,0,0,0,0,1,1,0.0,8,1,berkeley
robert,1,0,0,0,0,0,0,0,0,0,0,0,0,0,0,1,1,0.0,6,1,robert
aittmor,0,0,0,0,0,0,0,0,0,0,0,0,0,0,0,1,1,0.0,7,1,aittmor
quaxtbk,0,0,0,0,0,0,0,0,0,0,0,0,0,0,0,1,1,0.0,7,1,quaxtbk
neelt,0,0,0,0,0,0,0,0,0,0,0,0,0,0,0,1,1,0.0,5,1,neelt
nedy,0,0,0,0,0,0,0,0,0,0,0,0,0,0,0,1,1,0.368,4,1,nedy
librar,0,0,0,0,0,0,0,0,0,0,0,0,0,0,0,1,1,0.368,6,1,librar
gilt,1,0,1,0,0,0,0,0,0,0,0,0,0,0,0,1,1,0.368,4,1,gilt
trot,1,1,0,0,0,0,0,0,0,0,0,0,0,0,0,1,1,0.0,4,1,trot
railings,1,0,0,0,0,0,0,0,0,0,0,0,0,0,0,1,1,-0.7845,8,1,railings
lasted,0,1,0,0,0,0,0,0,0,0,0,0,0,0,0,1,1,-0.4215,6,1,lasted
mastered,0,0,1,0,0,0,0,0,0,0,0,0,0,0,0,1,1,-0.8126,8,1,mastered
regained,0,0,0,0,0,0,0,0,0,0,0,0,0,0,0,1,1,-0.8126,8,1,regained
insub,0,0,0,0,0,0,0,0,0,0,0,0,0,0,0,1,1,-0.8126,5,1,insub
ordination,1,0,0,0,0,0,0,0,0,0,0,0,0,0,0,1,1,-0.8126,10,1,ordination
traversing,0,1,0,0,0,0,0,0,0,0,0,0,0,0,0,1,1,-0.8126,10,1,traversing
threat,1,0,0,0,0,0,0,0,0,0,0,0,0,0,0,1,1,-0.8126,6,1,threat
madeleine,1,0,0,0,0,0,0,0,0,0,0,0,0,0,0,1,1,-0.8126,9,1,madeleine
mastering,1,0,0,0,0,0,0,0,0,0,0,0,0,0,0,1,1,0.4118,9,1,mastering
pulse,1,1,0,0,0,0,0,0,0,0,0,0,0,0,0,1,1,0.4118,5,1,pulse
confusing,0,1,1,0,0,0,0,0,0,0,0,0,0,0,0,1,1,0.5371,9,1,confusing
pulling,0,1,0,0,0,0,0,0,0,0,0,0,0,0,0,1,1,0.5371,7,1,pulling
undefined,1,0,1,0,0,0,0,0,0,0,0,0,0,0,0,1,1,0.3182,9,1,undefined
safely,0,0,0,1,0,0,0,0,0,0,0,0,0,0,0,1,1,-0.3426,6,1,safely
witty,0,0,1,0,0,0,0,0,0,0,0,0,0,0,0,1,1,0.7717,5,1,witty
undying,0,0,1,0,0,0,0,0,0,0,0,0,0,0,0,1,1,0.4767,7,1,undying
confidence,1,0,0,0,0,0,0,0,0,0,0,0,0,0,0,1,1,0.4767,10,1,confidence
ba,1,0,0,0,0,0,0,0,0,0,0,0,0,0,0,1,1,0.4767,2,1,ba
rree,0,0,0,0,0,0,0,0,0,0,0,0,0,0,0,1,1,0.4767,4,1,rree
rustle,1,1,0,0,0,0,0,0,0,0,0,0,0,0,0,1,1,0.4939,6,1,rustle
fans,1,1,0,0,0,0,0,0,0,0,0,0,0,0,0,1,1,0.4939,4,1,fans
suede,1,0,0,0,0,0,0,0,0,0,0,0,0,0,0,1,1,0.8481,5,1,suede
visages,1,0,0,0,0,0,0,0,0,0,0,0,0,0,0,1,1,-0.7269,7,1,visages
distorted,0,0,1,0,0,0,0,0,0,0,0,0,0,0,0,1,1,-0.7269,9,1,distorted
pierc,0,0,0,0,0,0,0,0,0,0,0,0,0,0,0,1,1,-0.7269,5,1,pierc
guarded,0,1,1,0,0,0,0,0,0,0,0,0,0,0,0,1,1,-0.6249,7,1,guarded
keenly,0,0,0,1,0,0,0,0,0,0,0,0,0,0,0,1,1,-0.6249,6,1,keenly
suspicious,0,0,1,0,0,0,0,0,0,0,0,0,0,0,0,1,1,-0.6249,10,1,suspicious
enabled,0,1,0,0,0,0,0,0,0,0,0,0,0,0,0,1,1,-0.3426,7,1,enabled
ofa,0,0,0,0,0,0,0,0,0,0,0,0,0,0,0,1,1,0.3612,3,1,ofa
grieved,0,1,0,0,0,0,0,0,0,0,0,0,0,0,0,1,1,-0.6705,7,1,grieved
transformation,1,0,0,0,0,0,0,0,0,0,0,0,0,0,0,1,1,-0.6705,14,1,transformation
clares,1,0,0,0,0,0,0,0,0,0,0,0,0,0,0,1,1,0.4215,6,1,clares
filed,0,1,0,0,0,0,0,0,0,0,0,0,0,0,0,1,1,-0.7579,5,1,filed
fussed,0,1,0,0,0,0,0,0,0,0,0,0,0,0,0,1,1,0.0,6,1,fussed
fastidious,0,0,1,0,0,0,0,0,0,0,0,0,0,0,0,1,1,0.0,10,1,fastidious
peacefully,0,0,0,1,0,0,0,0,0,0,0,0,0,0,0,1,1,0.8481,10,1,peacefully
strayed,0,1,0,0,0,0,0,0,0,0,0,0,0,0,0,1,1,0.3919,7,1,strayed
parently,0,0,0,0,0,0,0,0,0,0,0,0,0,0,0,1,1,0.3919,8,1,parently
demolish,0,1,0,0,0,0,0,0,0,0,0,0,0,0,0,1,1,0.4118,8,1,demolish
anticipated,0,1,1,0,0,0,0,0,0,0,0,0,0,0,0,1,1,0.3612,11,1,anticipated
quest,1,1,0,0,0,0,0,0,0,0,0,0,0,0,0,1,1,0.3612,5,1,quest
mysteriously,0,0,0,1,0,0,0,0,0,0,0,0,0,0,0,1,1,0.3612,12,1,mysteriously
reset,1,1,0,0,0,0,0,0,0,0,0,0,0,0,0,1,1,0.3612,5,1,reset
yellowm,0,0,0,0,0,0,0,0,0,0,0,0,0,0,0,1,1,0.3612,7,1,yellowm
spoiling,0,1,0,0,0,0,0,0,0,0,0,0,0,0,0,1,1,0.4215,8,1,spoiling
holiday,1,0,0,0,0,0,0,0,0,0,0,0,0,0,0,1,1,0.3818,7,1,holiday
included,0,1,1,0,0,0,0,0,0,0,0,0,0,0,0,1,1,0.0,8,1,included
involuntary,0,0,1,0,0,0,0,0,0,0,0,0,0,0,0,1,1,0.6369,11,1,involuntary
repelled,0,1,0,0,0,0,0,0,0,0,0,0,0,0,0,1,1,0.016,8,1,repelled
sniff,1,1,0,0,0,0,0,0,0,0,0,0,0,0,0,1,1,0.2263,5,1,sniff
ioo,0,0,0,0,0,0,0,0,0,0,0,0,0,0,0,1,1,0.0,3,1,ioo
groups,1,1,0,0,0,0,0,0,0,0,0,0,0,0,0,1,1,0.3818,6,1,groups
silvia,1,0,0,0,0,0,0,0,0,0,0,0,0,0,0,1,1,0.2815,6,1,silvia
lizard,1,0,0,0,0,0,0,0,0,0,0,0,0,0,0,1,1,0.2815,6,1,lizard
tho,1,0,0,1,0,0,1,0,0,0,0,0,0,0,0,1,1,0.0,3,1,tho
surmise,1,1,0,0,0,0,0,0,0,0,0,0,0,0,0,1,1,0.0,7,1,surmise
starlight,1,0,1,0,0,0,0,0,0,0,0,0,0,0,0,1,1,0.0,9,1,starlight
dies,1,1,0,0,0,0,0,0,0,0,0,0,0,0,0,1,1,0.0,4,1,dies
caverns,1,1,0,0,0,0,0,0,0,0,0,0,0,0,0,1,1,0.0,7,1,caverns
grub,1,1,0,0,0,0,0,0,0,0,0,0,0,0,0,1,1,0.016,4,1,grub
suas,0,0,0,0,0,0,0,0,0,0,0,0,0,0,0,1,1,0.0,4,1,suas
blare,1,0,0,0,0,0,0,0,0,0,0,0,0,0,0,1,1,-0.4215,5,1,blare
dazzling,1,1,1,0,0,0,0,0,0,0,0,0,0,0,0,1,1,0.0,8,1,dazzling
blotting,0,1,0,0,0,0,0,0,0,0,0,0,0,0,0,1,1,0.0,8,1,blotting
yelloh,0,0,0,0,0,0,0,0,0,0,0,0,0,0,0,1,1,0.5859,6,1,yelloh
oblivion,1,0,0,0,0,0,0,0,0,0,0,0,0,0,0,1,1,0.5859,8,1,oblivion
recog,0,0,0,0,0,0,0,0,0,0,0,0,0,0,0,1,1,0.7914,5,1,recog
nized,0,0,0,0,0,0,0,0,0,0,0,0,0,0,0,1,1,0.7914,5,1,nized
rising,1,1,1,0,0,0,0,0,0,0,0,0,0,0,0,1,1,0.34,6,1,rising
swelling,1,1,1,0,0,0,0,0,0,0,0,0,0,0,0,1,1,0.34,8,1,swelling
sallow,1,1,1,0,0,0,0,0,0,0,0,0,0,0,0,1,1,-0.1779,6,1,sallow
sickly,0,0,1,1,0,0,0,0,0,0,0,0,0,0,0,1,1,-0.1779,6,1,sickly
yellq,0,0,0,0,0,0,0,0,0,0,0,0,0,0,0,1,1,0.2732,5,1,yellq
plump,1,1,1,1,0,0,0,0,0,0,0,0,0,0,0,1,1,0.016,5,1,plump
nauseating,0,0,1,0,0,0,0,0,0,0,0,0,0,0,0,1,1,0.016,10,1,nauseating
shown,0,1,0,0,0,0,0,0,0,0,0,0,0,0,0,1,1,0.016,5,1,shown
vigorously,0,0,0,1,0,0,0,0,0,0,0,0,0,0,0,1,1,-0.5574,10,1,vigorously
scraper,1,0,0,0,0,0,0,0,0,0,0,0,0,0,0,1,1,-0.5574,7,1,scraper
defect,1,1,0,0,0,0,0,0,0,0,0,0,0,0,0,1,1,-0.1779,6,1,defect
scrubbed,0,1,1,0,0,0,0,0,0,0,0,0,0,0,0,1,1,-0.1779,8,1,scrubbed
gangrene,1,0,0,0,0,0,0,0,0,0,0,0,0,0,0,1,1,-0.1779,8,1,gangrene
beaver,1,1,0,0,0,0,0,0,0,0,0,0,0,0,0,1,1,0.3612,6,1,beaver
strove,0,1,0,0,0,0,0,0,0,0,0,0,0,0,0,1,1,-0.34,6,1,strove
swm,1,0,0,0,0,0,0,0,0,0,0,0,0,0,0,1,1,0.2732,3,1,swm
thi,0,0,0,0,0,0,0,0,0,0,0,0,0,0,0,1,1,0.0,3,1,thi
wao,0,0,0,0,0,0,0,0,0,0,0,0,0,0,0,1,1,0.0,3,1,wao
gleamed,0,1,0,0,0,0,0,0,0,0,0,0,0,0,0,1,1,0.0516,7,1,gleamed
vaults,1,1,0,0,0,0,0,0,0,0,0,0,0,0,0,1,1,0.3182,6,1,vaults
flap,1,1,0,0,0,0,0,0,0,0,0,0,0,0,0,1,1,-0.8779,4,1,flap
vaulted,0,1,1,0,0,0,0,0,0,0,0,0,0,0,0,1,1,0.0,7,1,vaulted
seared,0,1,1,0,0,0,0,0,0,0,0,0,0,0,0,1,1,0.4019,6,1,seared
hanging,1,1,1,0,0,0,0,0,0,0,0,0,0,0,0,1,1,0.4019,7,1,hanging
sponge,1,1,0,0,0,0,0,0,0,0,0,0,0,0,0,1,1,-0.34,6,1,sponge
soaks,1,1,0,0,0,0,0,0,0,0,0,0,0,0,0,1,1,-0.34,5,1,soaks
tensely,0,0,0,1,0,0,0,0,0,0,0,0,0,0,0,1,1,-0.5994,7,1,tensely
clamps,1,1,0,0,0,0,0,0,0,0,0,0,0,0,0,1,1,0.3182,6,1,clamps
defied,0,1,0,0,0,0,0,0,0,0,0,0,0,0,0,1,1,-0.4588,6,1,defied
preceding,0,1,1,0,0,0,0,0,0,0,0,0,0,0,0,1,1,0.0,9,1,preceding
sacristy,1,0,0,0,0,0,0,0,0,0,0,0,0,0,0,1,1,0.0,8,1,sacristy
anr,0,0,0,0,0,0,0,0,0,0,0,0,0,0,0,1,1,0.0,3,1,anr
nursemaids,1,0,0,0,0,0,0,0,0,0,0,0,0,0,0,1,1,0.3818,10,1,nursemaids
duval,0,0,0,0,0,0,0,0,0,0,0,0,0,0,0,1,1,-0.5574,5,1,duval
defective,1,0,1,0,0,0,0,0,0,0,0,0,0,0,0,1,1,-0.5574,9,1,defective
edward,1,0,0,0,0,0,0,0,0,0,0,0,0,0,0,1,1,-0.5574,6,1,edward
thkb,0,0,0,0,0,0,0,0,0,0,0,0,0,0,0,1,1,0.0,4,1,thkb
ggg,0,0,0,0,0,0,0,0,0,0,0,0,0,0,0,1,1,0.0,3,1,ggg
absorb,0,1,0,0,0,0,0,0,0,0,0,0,0,0,0,1,1,-0.34,6,1,absorb
infection,1,0,0,0,0,0,0,0,0,0,0,0,0,0,0,1,1,-0.34,9,1,infection
disused,0,0,1,0,0,0,0,0,0,0,0,0,0,0,0,1,1,-0.6705,7,1,disused
torture,1,1,0,0,0,0,0,0,0,0,0,0,0,0,0,1,1,-0.6705,7,1,torture
castles,1,1,0,0,0,0,0,0,0,0,0,0,0,0,0,1,1,-0.6705,7,1,castles
reverence,1,1,0,0,0,0,0,0,0,0,0,0,0,0,0,1,1,0.0,9,1,reverence
par,1,1,1,0,0,0,0,0,0,0,0,0,0,0,0,1,1,-0.6339,3,1,par
tial,0,0,0,0,0,0,0,0,0,0,0,0,0,0,0,1,1,-0.6339,4,1,tial
japanese,1,0,1,0,0,0,0,0,0,0,0,0,0,0,0,1,1,0.0,8,1,japanese
forcible,0,0,1,0,0,0,0,0,0,0,0,0,0,0,0,1,1,-0.5423,8,1,forcible
trooped,0,1,0,0,0,0,0,0,0,0,0,0,0,0,0,1,1,0.0,7,1,trooped
serted,0,0,0,0,0,0,0,0,0,0,0,0,0,0,0,1,1,0.0,6,1,serted
conveyed,0,1,1,0,0,0,0,0,0,0,0,0,0,0,0,1,1,-0.1027,8,1,conveyed
enemy,1,0,1,0,0,0,0,0,0,0,0,0,0,0,0,1,1,-0.5423,5,1,enemy
refuge,1,0,0,0,0,0,0,0,0,0,0,0,0,0,0,1,1,0.6486,6,1,refuge
devilish,0,0,1,1,0,0,0,0,0,0,0,0,0,0,0,1,1,-0.6705,8,1,devilish
nameless,0,0,1,0,0,0,0,0,0,0,0,0,0,0,0,1,1,-0.6705,8,1,nameless
instruments,1,1,0,0,0,0,0,0,0,0,0,0,0,0,0,1,1,-0.6705,11,1,instruments
regaled,0,1,0,0,0,0,0,0,0,0,0,0,0,0,0,1,1,-0.6339,7,1,regaled
intervening,1,1,1,0,0,0,0,0,0,0,0,0,0,0,0,1,1,0.296,11,1,intervening
friendly,1,0,1,0,0,0,0,0,0,0,0,0,0,0,0,1,1,-0.128,8,1,friendly
ruinous,0,0,1,0,0,0,0,0,0,0,0,0,0,0,0,1,1,-0.128,7,1,ruinous
couples,1,1,0,0,0,0,0,0,0,0,0,0,0,0,0,1,1,0.0,7,1,couples
waltzing,0,1,0,0,0,0,0,0,0,0,0,0,0,0,0,1,1,0.0,8,1,waltzing
greetings,0,0,0,0,0,0,0,0,0,0,0,0,0,0,0,1,1,0.4215,9,1,greetings
inhabitants,1,0,0,0,0,0,0,0,0,0,0,0,0,0,0,1,1,0.0,11,1,inhabitants
plague,1,0,0,0,0,0,0,0,0,0,0,0,0,0,0,1,1,0.0,6,1,plague
courier,1,0,0,0,0,0,0,0,0,0,0,0,0,0,0,1,1,0.0,7,1,courier
frangais,0,0,0,0,0,0,0,0,0,0,0,0,0,0,0,1,1,0.0,8,1,frangais
loss,1,0,0,0,0,0,0,0,0,0,0,0,0,0,0,1,1,-0.6339,4,1,loss
temper,1,1,0,0,0,0,0,0,0,0,0,0,0,0,0,1,1,-0.6339,6,1,temper
sufficiently,0,0,0,1,0,0,0,0,0,0,0,0,0,0,0,1,1,-0.6339,12,1,sufficiently
outbreak,1,0,0,0,0,0,0,0,0,0,0,0,0,0,0,1,1,-0.7351,8,1,outbreak
ruined,0,1,1,0,0,0,0,0,0,0,0,0,0,0,0,1,1,-0.7351,6,1,ruined
ourt,0,0,0,0,0,0,0,0,0,0,0,0,0,0,0,1,1,0.0,4,1,ourt
halfway,0,0,1,1,0,0,0,0,0,0,0,0,0,0,0,1,1,0.296,7,1,halfway
descended,0,1,0,0,0,0,0,0,0,0,0,0,0,0,0,1,1,0.296,9,1,descended
someway,0,0,0,1,0,0,0,0,0,0,0,0,0,0,0,1,1,0.0,7,1,someway
reminds,0,1,0,0,0,0,0,0,0,0,0,0,0,0,0,1,1,0.0,7,1,reminds
tlream,0,0,0,0,0,0,0,0,0,0,0,0,0,0,0,1,1,-0.25,6,1,tlream
shapely,0,0,1,0,0,0,0,0,0,0,0,0,0,0,0,1,1,0.0,7,1,shapely
bewitched,0,0,1,0,0,0,0,0,0,0,0,0,0,0,0,1,1,0.4019,9,1,bewitched
floors,1,0,0,0,0,0,0,0,0,0,0,0,0,0,0,1,1,0.0,6,1,floors
traversable,0,0,1,0,0,0,0,0,0,0,0,0,0,0,0,1,1,0.0,11,1,traversable
passengers,1,0,0,0,0,0,0,0,0,0,0,0,0,0,0,1,1,0.0,10,1,passengers
leading,1,1,1,0,0,0,0,0,0,0,0,0,0,0,0,1,1,-0.128,7,1,leading
paces,1,1,0,0,0,0,0,0,0,0,0,0,0,0,0,1,1,0.0,5,1,paces
encountered,0,0,0,0,0,0,0,0,0,0,0,0,0,0,0,1,1,0.0,11,1,encountered
retreating,0,1,1,0,0,0,0,0,0,0,0,0,0,0,0,1,1,0.0,10,1,retreating
backward,0,0,1,1,0,0,0,0,0,0,0,0,0,0,0,1,1,0.0,8,1,backward
welsh,1,1,1,0,0,0,0,0,0,0,0,0,0,0,0,1,1,0.0,5,1,welsh
flatter,1,1,0,0,0,0,0,0,0,0,0,0,0,0,0,1,1,0.2263,7,1,flatter
impelled,0,1,1,0,0,0,0,0,0,0,0,0,0,0,0,1,1,0.0,8,1,impelled
hammers,1,1,0,0,0,0,0,0,0,0,0,0,0,0,0,1,1,0.0,7,1,hammers
archways,1,0,0,0,0,0,0,0,0,0,0,0,0,0,0,1,1,0.5267,8,1,archways
collects,1,1,0,0,0,0,0,0,0,0,0,0,0,0,0,1,1,-0.4404,8,1,collects
steep,1,1,1,0,0,0,0,0,0,0,0,0,0,0,0,1,1,0.0,5,1,steep
pitch,1,1,0,0,0,0,0,0,0,0,0,0,0,0,0,1,1,0.0,5,1,pitch
nevertheless,0,0,0,1,0,0,0,0,0,0,0,0,0,0,0,1,1,0.0,12,1,nevertheless
silly,1,0,1,0,0,0,0,0,0,0,0,0,0,0,0,1,1,-0.5994,5,1,silly
ruin,1,1,0,0,0,0,0,0,0,0,0,0,0,0,0,1,1,-0.5994,4,1,ruin
ripping,0,1,1,0,0,0,0,0,0,0,0,0,0,0,0,1,1,0.4404,7,1,ripping
exclaimed,0,1,0,0,0,0,0,0,0,0,0,0,0,0,0,1,1,0.0,9,1,exclaimed
resembles,0,1,0,0,0,0,0,0,0,0,0,0,0,0,0,1,1,0.0,9,1,resembles
cheese,1,1,0,0,0,0,0,0,0,0,0,0,0,0,0,1,1,0.0,6,1,cheese
raining,0,1,1,0,0,0,0,0,0,0,0,0,0,0,0,1,1,0.0,7,1,raining
trade,1,1,1,0,0,0,0,0,0,0,0,0,0,0,0,1,1,0.5106,5,1,trade
diplomatically,0,0,0,1,0,0,0,0,0,0,0,0,0,0,0,1,1,0.0,14,1,diplomatically
induced,0,1,1,0,0,0,0,0,0,0,0,0,0,0,0,1,1,0.0,7,1,induced
marsala,1,0,0,0,0,0,0,0,0,0,0,0,0,0,0,1,1,0.0,7,1,marsala
hearses,1,0,0,0,0,0,0,0,0,0,0,0,0,0,0,1,1,-0.5791,7,1,hearses
picnics,1,1,0,0,0,0,0,0,0,0,0,0,0,0,0,1,1,0.0,7,1,picnics
sulzer,0,0,0,0,0,0,0,0,0,0,0,0,0,0,0,1,1,0.0,6,1,sulzer
rarebits,1,0,0,0,0,0,0,0,0,0,0,0,0,0,0,1,1,0.0,8,1,rarebits
ateliers,1,0,0,0,0,0,0,0,0,0,0,0,0,0,0,1,1,0.2023,8,1,ateliers
architects,1,0,0,0,0,0,0,0,0,0,0,0,0,0,0,1,1,0.2023,10,1,architects
convey,0,1,0,0,0,0,0,0,0,0,0,0,0,0,0,1,1,-0.2592,6,1,convey
ance,0,0,0,0,0,0,0,0,0,0,0,0,0,0,0,1,1,-0.2592,4,1,ance
shops,1,1,0,0,0,0,0,0,0,0,0,0,0,0,0,1,1,0.0,5,1,shops
workers,1,0,0,0,0,0,0,0,0,0,0,0,0,0,0,1,1,0.0,7,1,workers
clink,1,1,0,0,0,0,0,0,0,0,0,0,0,0,0,1,1,0.0,5,1,clink
reardon,0,0,0,0,0,0,0,0,0,0,0,0,0,0,0,1,1,0.3818,7,1,reardon
signs,1,1,0,0,0,0,0,0,0,0,0,0,0,0,0,1,1,0.0103,5,1,signs
mothers,1,1,0,0,0,0,0,0,0,0,0,0,0,0,0,1,1,0.0,7,1,mothers
lounger,1,0,0,0,0,0,0,0,0,0,0,0,0,0,0,1,1,0.7579,7,1,lounger
malignant,0,0,1,0,0,0,0,0,0,0,0,0,0,0,0,1,1,-0.6369,9,1,malignant
leaden,0,0,1,0,0,0,0,0,0,0,0,0,0,0,0,1,1,-0.0516,6,1,leaden
plishment,0,0,0,0,0,0,0,0,0,0,0,0,0,0,0,1,1,0.0,9,1,plishment
purpose,1,1,0,0,0,0,0,0,0,0,0,0,0,0,0,1,1,0.0,7,1,purpose
rond,0,0,0,0,0,0,0,0,0,0,0,0,0,0,0,1,1,0.0,4,1,rond
recoiled,0,0,0,0,0,0,0,0,0,0,0,0,0,0,0,1,1,-0.7469,8,1,recoiled
unlikely,1,0,1,0,0,0,0,0,0,0,0,0,0,0,0,1,1,0.0,8,1,unlikely
unrolled,0,0,1,0,0,0,0,0,0,0,0,0,0,0,0,1,1,0.0,8,1,unrolled
handker,0,0,0,0,0,0,0,0,0,0,0,0,0,0,0,1,1,0.0,7,1,handker
coney,1,0,0,0,0,0,0,0,0,0,0,0,0,0,0,1,1,0.0,5,1,coney
real,1,0,1,1,0,0,0,0,0,0,0,0,0,0,0,1,1,-0.296,4,1,real
crab,1,1,0,0,0,0,0,0,0,0,0,0,0,0,0,1,1,0.25,4,1,crab
ordinary,1,0,1,0,0,0,0,0,0,0,0,0,0,0,0,1,1,-0.5267,8,1,ordinary
wat,1,0,0,0,0,0,0,0,0,0,0,0,0,0,0,1,1,0.0,3,1,wat
slug,1,1,0,0,0,0,0,0,0,0,0,0,0,0,0,1,1,0.0,4,1,slug
ow,0,0,0,0,0,0,0,0,0,0,0,0,0,0,0,1,1,0.1655,2,0,ow
punch,1,1,0,0,0,0,0,0,0,0,0,0,0,0,0,1,1,0.0,5,1,punch
puddin,0,0,0,0,0,0,0,0,0,0,0,0,0,0,0,1,1,0.0,6,1,puddin
hopens,0,0,0,0,0,0,0,0,0,0,0,0,0,0,0,1,1,0.5023,6,1,hopens
punched,0,1,0,0,0,0,0,0,0,0,0,0,0,0,0,1,1,0.3182,7,1,punched
comin,0,0,0,0,0,0,0,0,0,0,0,0,0,0,0,1,1,0.0,5,1,comin
reeled,0,1,0,0,0,0,0,0,0,0,0,0,0,0,0,1,1,0.6597,6,1,reeled
hymns,1,1,0,0,0,0,0,0,0,0,0,0,0,0,0,1,1,0.6597,5,1,hymns
interpretation,1,0,0,0,0,0,0,0,0,0,0,0,0,0,0,1,1,0.6597,14,1,interpretation
frank,1,1,1,0,0,0,0,0,0,0,0,0,0,0,0,1,1,0.4939,5,1,frank
blatant,0,0,1,0,0,0,0,0,0,0,0,0,0,0,0,1,1,-0.3919,7,1,blatant
exhorter,1,0,0,0,0,0,0,0,0,0,0,0,0,0,0,1,1,-0.3919,8,1,exhorter
nasal,1,0,1,0,0,0,0,0,0,0,0,0,0,0,0,1,1,-0.3919,5,1,nasal
persistence,1,0,0,0,0,0,0,0,0,0,0,0,0,0,0,1,1,-0.3919,11,1,persistence
amendment,1,0,0,0,0,0,0,0,0,0,0,0,0,0,0,1,1,0.6597,9,1,amendment
minor,1,0,1,0,0,0,0,0,0,0,0,0,0,0,0,1,1,0.6597,5,1,minor
hears,0,1,0,0,0,0,0,0,0,0,0,0,0,0,0,1,1,0.6597,5,1,hears
quartet,1,0,0,0,0,0,0,0,0,0,0,0,0,0,0,1,1,0.6597,7,1,quartet
undergraduates,1,0,0,0,0,0,0,0,0,0,0,0,0,0,0,1,1,0.6597,14,1,undergraduates
bellowed,0,1,0,0,0,0,0,0,0,0,0,0,0,0,0,1,1,-0.6597,8,1,bellowed
revolted,0,1,0,0,0,0,0,0,0,0,0,0,0,0,0,1,1,-0.3919,8,1,revolted
fiend,1,0,0,0,0,0,0,0,0,0,0,0,0,0,0,1,1,0.6597,5,1,fiend
lobster,1,0,0,0,0,0,0,0,0,0,0,0,0,0,0,1,1,0.0,7,1,lobster
embrasure,1,0,0,0,0,0,0,0,0,0,0,0,0,0,0,1,1,0.0,9,1,embrasure
ij,0,0,0,0,0,0,0,0,0,0,0,0,0,0,0,1,1,-0.2732,2,0,ij
unto,0,0,0,0,0,0,1,0,0,0,0,0,0,0,0,1,1,-0.6597,4,1,unto
sworrrd,0,0,0,0,0,0,0,0,0,0,0,0,0,0,0,1,1,-0.6908,7,1,sworrrd
purgatory,1,0,0,0,0,0,0,0,0,0,0,0,0,0,0,1,1,-0.5574,9,1,purgatory
atone,0,0,0,0,0,0,0,0,0,0,0,0,0,0,0,1,1,-0.5574,5,1,atone
doxology,1,0,0,0,0,0,0,0,0,0,0,0,0,0,0,1,1,0.6597,8,1,doxology
bildin,0,0,0,0,0,0,0,0,0,0,0,0,0,0,0,1,1,0.0,6,1,bildin
lawf,0,0,0,0,0,0,0,0,0,0,0,0,0,0,0,1,1,0.0,4,1,lawf
gawd,1,0,0,0,0,0,0,0,0,0,0,0,0,0,0,1,1,0.5267,4,1,gawd
loathing,0,0,0,0,0,0,0,0,0,0,0,0,0,0,0,1,1,-0.8384,8,1,loathing
orful,0,0,0,0,0,0,0,0,0,0,0,0,0,0,0,1,1,-0.8384,5,1,orful
pulsive,0,0,0,0,0,0,0,0,0,0,0,0,0,0,0,1,1,-0.1531,7,1,pulsive
sojourn,1,1,0,0,0,0,0,0,0,0,0,0,0,0,0,1,1,-0.8519,7,1,sojourn
modified,1,1,1,0,0,0,0,0,0,0,0,0,0,0,0,1,1,-0.8519,8,1,modified
frame,1,1,0,0,0,0,0,0,0,0,0,0,0,0,0,1,1,0.0516,5,1,frame
jen,0,0,0,0,0,0,0,0,0,0,0,0,0,0,0,1,1,0.0,3,1,jen
overwhelming,0,1,1,0,0,0,0,0,0,0,0,0,0,0,0,1,1,-0.5267,12,1,overwhelming
posses,1,0,0,0,0,0,0,0,0,0,0,0,0,0,0,1,1,-0.5267,6,1,posses
gent,1,0,0,0,0,0,0,0,0,0,0,0,0,0,0,1,1,0.0,4,1,gent
wot,0,0,0,0,0,0,0,0,0,0,0,0,0,0,0,1,1,0.0,3,1,wot
owns,0,1,0,0,0,0,0,0,0,0,0,0,0,0,0,1,1,0.0,4,1,owns
amilton,0,0,0,0,0,0,0,0,0,0,0,0,0,0,0,1,1,0.0,7,1,amilton
mimosa,1,0,0,0,0,0,0,0,0,0,0,0,0,0,0,1,1,0.0,6,1,mimosa
seekers,1,0,0,0,0,0,0,0,0,0,0,0,0,0,0,1,1,0.5719,7,1,seekers
trappings,1,0,0,0,0,0,0,0,0,0,0,0,0,0,0,1,1,-0.5994,9,1,trappings
garde,1,0,0,0,0,0,0,0,0,0,0,0,0,0,0,1,1,-0.5994,5,1,garde
republi,0,0,0,0,0,0,0,0,0,0,0,0,0,0,0,1,1,-0.5994,7,1,republi
caine,0,0,0,0,0,0,0,0,0,0,0,0,0,0,0,1,1,-0.5994,5,1,caine
impasse,1,0,0,0,0,0,0,0,0,0,0,0,0,0,0,1,1,0.0,7,1,impasse
boulogne,0,0,0,0,0,0,0,0,0,0,0,0,0,0,0,1,1,0.4215,8,1,boulogne
arry,0,0,0,0,0,0,0,0,0,0,0,0,0,0,0,1,1,0.0,4,1,arry
dusky,1,0,1,0,0,0,0,0,0,0,0,0,0,0,0,1,1,-0.5423,5,1,dusky
lignity,0,0,0,0,0,0,0,0,0,0,0,0,0,0,0,1,1,0.0,7,1,lignity
profile,1,1,0,0,0,0,0,0,0,0,0,0,0,0,0,1,1,0.0,7,1,profile
lithe,1,0,1,0,0,0,0,0,0,0,0,0,0,0,0,1,1,-0.7845,5,1,lithe
fusing,0,1,0,0,0,0,0,0,0,0,0,0,0,0,0,1,1,0.0,6,1,fusing
riviera,1,0,0,0,0,0,0,0,0,0,0,0,0,0,0,1,1,0.0,7,1,riviera
roman,1,0,1,0,0,0,0,0,0,0,0,0,0,0,0,1,1,0.0,5,1,roman
lawncers,0,0,0,0,0,0,0,0,0,0,0,0,0,0,0,1,1,0.25,8,1,lawncers
bugler,1,0,0,0,0,0,0,0,0,0,0,0,0,0,0,1,1,0.25,6,1,bugler
tel,1,0,0,0,0,0,0,0,0,0,0,0,0,0,0,1,1,0.25,3,1,tel
kebir,0,0,0,0,0,0,0,0,0,0,0,0,0,0,0,1,1,0.25,5,1,kebir
wells,1,1,0,0,0,0,0,0,0,0,0,0,0,0,0,1,1,0.25,5,1,wells
ugh,0,0,0,0,0,0,0,0,0,0,0,0,0,0,0,1,1,-0.5719,3,1,ugh
ud,0,0,0,0,0,0,0,0,0,0,0,0,0,0,0,1,1,-0.4404,2,0,ud
sicken,0,1,0,0,0,0,0,0,0,0,0,0,0,0,0,1,1,-0.4404,6,1,sicken
amethyst,1,0,1,0,0,0,0,0,0,0,0,0,0,0,0,1,1,-0.5423,8,1,amethyst
countless,0,0,1,0,0,0,0,0,0,0,0,0,0,0,0,1,1,-0.5423,9,1,countless
stems,1,1,0,0,0,0,0,0,0,0,0,0,0,0,0,1,1,-0.5423,5,1,stems
deserved,0,1,1,0,0,0,0,0,0,0,0,0,0,0,0,1,1,-0.3818,8,1,deserved
dormant,0,0,1,0,0,0,0,0,0,0,0,0,0,0,0,1,1,0.0,7,1,dormant
rivoli,0,0,0,0,0,0,0,0,0,0,0,0,0,0,0,1,1,0.8338,6,1,rivoli
dialect,1,0,0,0,0,0,0,0,0,0,0,0,0,0,0,1,1,-0.8519,7,1,dialect
ain,0,0,1,0,0,0,0,0,0,0,0,0,0,0,0,1,1,0.357,3,1,ain
mock,1,1,1,0,0,0,0,0,0,0,0,0,0,0,0,1,1,-0.0387,4,1,mock
damask,1,0,1,0,0,0,0,0,0,0,0,0,0,0,0,1,1,0.6597,6,1,damask
cloth,1,0,0,0,0,0,0,0,0,0,0,0,0,0,0,1,1,0.6597,5,1,cloth
loft,1,1,0,0,0,0,0,0,0,0,0,0,0,0,0,1,1,0.6597,4,1,loft
trumpet,1,1,0,0,0,0,0,0,0,0,0,0,0,0,0,1,1,0.6597,7,1,trumpet
conceit,1,0,0,0,0,0,0,0,0,0,0,0,0,0,0,1,1,0.6353,7,1,conceit
chaffed,0,0,0,0,0,0,0,0,0,0,0,0,0,0,0,1,1,0.6353,7,1,chaffed
harpy,1,0,0,0,0,0,0,0,0,0,0,0,0,0,0,1,1,0.6353,5,1,harpy
cockney,1,0,1,0,0,0,0,0,0,0,0,0,0,0,0,1,1,-0.8519,7,1,cockney
erent,0,0,0,0,0,0,0,0,0,0,0,0,0,0,0,1,1,0.5984,5,1,erent
hateful,0,0,1,0,0,0,0,0,0,0,0,0,0,0,0,1,1,-0.4215,7,1,hateful
rudeness,0,0,0,0,0,0,0,0,0,0,0,0,0,0,0,1,1,-0.1531,8,1,rudeness
centimes,1,0,0,0,0,0,0,0,0,0,0,0,0,0,0,1,1,0.6353,8,1,centimes
anaemic,0,0,1,0,0,0,0,0,0,0,0,0,0,0,0,1,1,0.6353,7,1,anaemic
complexion,1,1,0,0,0,0,0,0,0,0,0,0,0,0,0,1,1,0.6353,10,1,complexion
devoutness,1,0,0,0,0,0,0,0,0,0,0,0,0,0,0,1,1,0.0,10,1,devoutness
phrase,1,1,0,0,0,0,0,0,0,0,0,0,0,0,0,1,1,0.6757,6,1,phrase
deterioration,1,0,0,0,0,0,0,0,0,0,0,0,0,0,0,1,1,0.6757,13,1,deterioration
sparrow,1,0,0,0,0,0,0,0,0,0,0,0,0,0,0,1,1,0.6705,7,1,sparrow
claret,1,1,0,0,0,0,0,0,0,0,0,0,0,0,0,1,1,0.0,6,1,claret
col,1,0,0,0,0,0,0,0,0,0,0,0,0,0,0,1,1,0.7096,3,1,col
gets,1,1,0,0,0,0,0,0,0,0,0,0,0,0,0,1,1,0.5106,4,1,gets
clere,0,0,0,0,0,0,0,0,0,0,0,0,0,0,0,1,1,0.5106,5,1,clere
attract,0,1,0,0,0,0,0,0,0,0,0,0,0,0,0,1,1,0.1877,7,1,attract
maggie,1,0,0,0,0,0,0,0,0,0,0,0,0,0,0,1,1,0.0,6,1,maggie
whyte,0,0,0,0,0,0,0,0,0,0,0,0,0,0,0,1,1,0.7506,5,1,whyte
mccormick,1,0,0,0,0,0,0,0,0,0,0,0,0,0,0,1,1,0.7506,9,1,mccormick
horrified,0,0,1,0,0,0,0,0,0,0,0,0,0,0,0,1,1,-0.8201,9,1,horrified
nine,1,0,1,0,0,0,0,0,0,0,0,0,0,0,0,1,1,0.7506,4,1,nine
reap,1,1,0,0,0,0,0,0,0,0,0,0,0,0,0,1,1,0.0,4,1,reap
scrape,1,1,0,0,0,0,0,0,0,0,0,0,0,0,0,1,1,0.0,6,1,scrape
awkward,0,0,1,0,0,0,0,0,0,0,0,0,0,0,0,1,1,-0.3818,7,1,awkward
shower,1,1,0,0,0,0,0,0,0,0,0,0,0,0,0,1,1,0.2732,6,1,shower
ative,0,0,0,0,0,0,0,0,0,0,0,0,0,0,0,1,1,0.2732,5,1,ative
kelly,1,0,0,0,0,0,0,0,0,0,0,0,0,0,0,1,1,0.0,5,1,kelly
barnes,0,0,0,0,0,0,0,0,0,0,0,0,0,0,0,1,1,0.0,6,1,barnes
dancer,1,0,0,0,0,0,0,0,0,0,0,0,0,0,0,1,1,0.0,6,1,dancer
fixative,1,0,1,0,0,0,0,0,0,0,0,0,0,0,0,1,1,0.0,8,1,fixative
tony,1,0,1,0,0,0,0,0,0,0,0,0,0,0,0,1,1,0.0,4,1,tony
pastor,1,0,0,0,0,0,0,0,0,0,0,0,0,0,0,1,1,0.0,6,1,pastor
nawthin,0,0,0,0,0,0,0,0,0,0,0,0,0,0,0,1,1,0.0,7,1,nawthin
embarrass,0,1,0,0,0,0,0,0,0,0,0,0,0,0,0,1,1,-0.0258,9,1,embarrass
genvman,0,0,0,0,0,0,0,0,0,0,0,0,0,0,0,1,1,0.5719,7,1,genvman
parental,1,0,1,0,0,0,0,0,0,0,0,0,0,0,0,1,1,0.6124,8,1,parental
chewing,0,1,0,0,0,0,0,0,0,0,0,0,0,0,0,1,1,0.1779,7,1,chewing
related,0,1,1,0,0,0,0,0,0,0,0,0,0,0,0,1,1,0.765,7,1,related
stocking,1,1,1,0,0,0,0,0,0,0,0,0,0,0,0,1,1,0.765,8,1,stocking
mill,1,1,0,0,0,0,0,0,0,0,0,0,0,0,0,1,1,0.765,4,1,mill
setts,1,0,0,0,0,0,0,0,0,0,0,0,0,0,0,1,1,0.765,5,1,setts
accomplished,0,0,1,0,0,0,0,0,0,0,0,0,0,0,0,1,1,0.765,12,1,accomplished
squandering,1,0,0,0,0,0,0,0,0,0,0,0,0,0,0,1,1,0.765,11,1,squandering
jimmy,1,0,0,0,0,0,0,0,0,0,0,0,0,0,0,1,1,0.8573,5,1,jimmy
mccormicks,0,0,0,0,0,0,0,0,0,0,0,0,0,0,0,1,1,0.8573,10,1,mccormicks
bless,0,1,0,0,0,0,0,0,0,0,0,0,0,0,0,1,1,0.8573,5,1,bless
tumbler,1,0,0,0,0,0,0,0,0,0,0,0,0,0,0,1,1,0.0,7,1,tumbler
similar,1,0,1,0,0,0,0,0,0,0,0,0,0,0,0,1,1,-0.2732,7,1,similar
oysters,1,1,0,0,0,0,0,0,0,0,0,0,0,0,0,1,1,0.765,7,1,oysters
celebrate,0,1,0,0,0,0,0,0,0,0,0,0,0,0,0,1,1,0.765,9,1,celebrate
entry,1,0,0,0,0,0,0,0,0,0,0,0,0,0,0,1,1,0.765,5,1,entry
woollen,1,0,1,0,0,0,0,0,0,0,0,0,0,0,0,1,1,0.765,7,1,woollen
department,1,0,0,0,0,0,0,0,0,0,0,0,0,0,0,1,1,0.765,10,1,department
macy,0,0,0,0,0,0,0,0,0,0,0,0,0,0,0,1,1,0.765,4,1,macy
lowell,1,0,0,0,0,0,0,0,0,0,0,0,0,0,0,1,1,0.765,6,1,lowell
massachu,0,0,0,0,0,0,0,0,0,0,0,0,0,0,0,1,1,0.765,8,1,massachu
jon,0,0,0,0,0,0,0,0,0,0,0,0,0,0,0,1,1,0.0,3,1,jon
gi,1,0,0,0,0,0,0,0,0,0,0,0,0,0,0,1,1,0.0,2,1,gi
quils,0,0,0,0,0,0,0,0,0,0,0,0,0,0,0,1,1,0.0,5,1,quils
lecture,1,1,0,0,0,0,0,0,0,0,0,0,0,0,0,1,1,0.5984,7,1,lecture
unctuous,0,0,1,0,0,0,0,0,0,0,0,0,0,0,0,1,1,0.5984,8,1,unctuous
irrev,0,0,0,0,0,0,0,0,0,0,0,0,0,0,0,1,1,0.5984,5,1,irrev
tached,0,0,0,0,0,0,0,0,0,0,0,0,0,0,0,1,1,0.0,6,1,tached
frail,1,0,1,0,0,0,0,0,0,0,0,0,0,0,0,1,1,-0.3818,5,1,frail
organist,1,0,0,0,0,0,0,0,0,0,0,0,0,0,0,1,1,-0.296,8,1,organist
miscalculated,0,1,0,0,0,0,0,0,0,0,0,0,0,0,0,1,1,-0.296,13,1,miscalculated
catches,0,1,0,0,0,0,0,0,0,0,0,0,0,0,0,1,1,-0.8107,7,1,catches
merged,0,0,1,0,0,0,0,0,0,0,0,0,0,0,0,1,1,-0.4201,6,1,merged
subordinate,1,1,1,0,0,0,0,0,0,0,0,0,0,0,0,1,1,-0.4201,11,1,subordinate
committing,0,1,0,0,0,0,0,0,0,0,0,0,0,0,0,1,1,-0.1531,10,1,committing
honore,0,0,0,0,0,0,0,0,0,0,0,0,0,0,0,1,1,0.0,6,1,honore
barrow,1,0,0,0,0,0,0,0,0,0,0,0,0,0,0,1,1,0.0,6,1,barrow
blared,0,0,0,0,0,0,0,0,0,0,0,0,0,0,0,1,1,0.4767,6,1,blared
whoever,0,0,0,0,0,0,0,0,0,0,0,0,1,0,0,1,1,0.5574,7,1,whoever
divine,1,1,1,0,0,0,0,0,0,0,0,0,0,0,0,1,1,0.8176,6,1,divine
ofmine,0,0,0,0,0,0,0,0,0,0,0,0,0,0,0,1,1,-0.296,6,1,ofmine
sixty,1,0,1,0,0,0,0,0,0,0,0,0,0,0,0,1,1,-0.2263,5,1,sixty
hardest,0,0,0,0,0,0,0,0,0,0,0,0,0,0,0,1,1,0.6031,7,1,hardest
rec,0,0,0,0,0,0,0,0,0,0,0,0,0,0,0,1,1,0.0,3,1,rec
oncile,0,0,0,0,0,0,0,0,0,0,0,0,0,0,0,1,1,0.0,6,1,oncile
fringed,0,1,1,0,0,0,0,0,0,0,0,0,0,0,0,1,1,0.6597,7,1,fringed
interval,1,0,0,0,0,0,0,0,0,0,0,0,0,0,0,1,1,-0.296,8,1,interval
likely,1,0,1,1,0,0,0,0,0,0,0,0,0,0,0,1,1,-0.5719,6,1,likely
supernatural,1,0,1,0,0,0,0,0,0,0,0,0,0,0,0,1,1,-0.5719,12,1,supernatural
benumbed,0,0,1,0,0,0,0,0,0,0,0,0,0,0,0,1,1,-0.891,8,1,benumbed
acutely,0,0,0,1,0,0,0,0,0,0,0,0,0,0,0,1,1,-0.891,7,1,acutely
expectantly,0,0,0,1,0,0,0,0,0,0,0,0,0,0,0,1,1,0.0,11,1,expectantly
monseigneurc,0,0,0,0,0,0,0,0,0,0,0,0,0,0,0,1,1,0.0,12,1,monseigneurc
delivered,0,0,0,0,0,0,0,0,0,0,0,0,0,0,0,1,1,0.3182,9,1,delivered
congre,0,0,0,0,0,0,0,0,0,0,0,0,0,0,0,1,1,0.3182,6,1,congre
gation,0,0,0,0,0,0,0,0,0,0,0,0,0,0,0,1,1,0.3182,6,1,gation
gestures,1,0,0,0,0,0,0,0,0,0,0,0,0,0,0,1,1,0.7096,8,1,gestures
notion,1,0,0,0,0,0,0,0,0,0,0,0,0,0,0,1,1,-0.3832,6,1,notion
gruesome,0,0,1,0,0,0,0,0,0,0,0,0,0,0,0,1,1,-0.3832,8,1,gruesome
flyaway,1,0,1,0,0,0,0,0,0,0,0,0,0,0,0,1,1,0.6597,7,1,flyaway
canopy,1,1,0,0,0,0,0,0,0,0,0,0,0,0,0,1,1,0.6597,6,1,canopy
aver,1,0,0,0,0,0,0,0,0,0,0,0,0,0,0,1,1,-0.3716,4,1,aver
morft,0,0,0,0,0,0,0,0,0,0,0,0,0,0,0,1,1,0.7506,5,1,morft
ail,1,1,0,0,0,0,0,0,0,0,0,0,0,0,0,1,1,0.6697,3,1,ail
fathers,1,0,0,0,0,0,0,0,0,0,0,0,0,0,0,1,1,0.0,7,1,fathers
coolest,0,0,0,0,0,0,0,0,0,0,0,0,0,0,0,1,1,-0.1942,7,1,coolest
riddance,1,0,0,0,0,0,0,0,0,0,0,0,0,0,0,1,1,0.4404,8,1,riddance
assistant,1,0,1,0,0,0,0,0,0,0,0,0,0,0,0,1,1,0.6486,9,1,assistant
mild,1,0,1,0,0,0,0,0,0,0,0,0,0,0,0,1,1,0.8591,4,1,mild
pondering,1,0,1,0,0,0,0,0,0,0,0,0,0,0,0,1,1,0.0,9,1,pondering
ered,0,0,0,0,0,0,0,0,0,0,0,0,0,0,0,1,1,0.0,4,1,ered
inaudible,0,0,1,0,0,0,0,0,0,0,0,0,0,0,0,1,1,0.4939,9,1,inaudible
derstood,0,0,0,0,0,0,0,0,0,0,0,0,0,0,0,1,1,0.2846,8,1,derstood
crowning,1,1,1,0,0,0,0,0,0,0,0,0,0,0,0,1,1,0.2732,8,1,crowning
psychological,0,0,1,0,0,0,0,0,0,0,0,0,0,0,0,1,1,-0.2344,13,1,psychological
subtleties,0,0,0,0,0,0,0,0,0,0,0,0,0,0,0,1,1,-0.2344,10,1,subtleties
melody,1,0,0,0,0,0,0,0,0,0,0,0,0,0,0,1,1,-0.2344,6,1,melody
stony,0,0,1,0,0,0,0,0,0,0,0,0,0,0,0,1,1,0.0,5,1,stony
trample,1,1,0,0,0,0,0,0,0,0,0,0,0,0,0,1,1,0.0,7,1,trample
painter,1,0,0,0,0,0,0,0,0,0,0,0,0,0,0,1,1,-0.3716,7,1,painter
dreamt,0,1,0,0,0,0,0,0,0,0,0,0,0,0,0,1,1,-0.3612,6,1,dreamt
plainly,0,0,0,1,0,0,0,0,0,0,0,0,0,0,0,1,1,0.0,7,1,plainly
reclined,0,1,0,0,0,0,0,0,0,0,0,0,0,0,0,1,1,0.0,8,1,reclined
responses,1,0,0,0,0,0,0,0,0,0,0,0,0,0,0,1,1,0.34,9,1,responses
quicker,0,0,0,1,0,0,0,0,0,0,0,0,0,0,0,1,1,0.5267,7,1,quicker
sob,1,1,0,0,0,0,0,0,0,0,0,0,0,0,0,1,1,-0.4939,3,1,sob
show,1,1,0,0,0,0,0,0,0,0,0,0,0,0,0,1,1,0.0,4,1,show
unreasonable,0,0,1,0,0,0,0,0,0,0,0,0,0,0,0,1,1,-0.1531,12,1,unreasonable
sorrowful,0,0,1,0,0,0,0,0,0,0,0,0,0,0,0,1,1,-0.5413,9,1,sorrowful
lane,1,0,1,0,0,0,0,0,0,0,0,0,0,0,0,1,1,0.0,4,1,lane
unclose,0,0,0,0,0,0,0,0,0,0,0,0,0,0,0,1,1,0.0,7,1,unclose
jolt,1,1,0,0,0,0,0,0,0,0,0,0,0,0,0,1,1,0.0,4,1,jolt
itj,0,0,0,0,0,0,0,0,0,0,0,0,0,0,0,1,1,0.0,3,1,itj
significance,1,0,0,0,0,0,0,0,0,0,0,0,0,0,0,1,1,0.1744,12,1,significance
resemble,0,1,0,0,0,0,0,0,0,0,0,0,0,0,0,1,1,0.1744,8,1,resemble
professed,0,1,1,0,0,0,0,0,0,0,0,0,0,0,0,1,1,0.4588,9,1,professed
sincerely,0,0,0,1,0,0,0,0,0,0,0,0,0,0,0,1,1,0.4588,9,1,sincerely
vista,1,0,0,0,0,0,0,0,0,0,0,0,0,0,0,1,1,0.4588,5,1,vista
including,0,1,0,0,0,0,0,0,0,0,0,0,0,0,0,1,1,0.7506,9,1,including
steer,1,1,0,0,0,0,0,0,0,0,0,0,0,0,0,1,1,0.886,5,1,steer
complica,0,0,0,0,0,0,0,0,0,0,0,0,0,0,0,1,1,0.886,8,1,complica
record,1,1,1,0,0,0,0,0,0,0,0,0,0,0,0,1,1,0.0,6,1,record
perience,0,0,0,0,0,0,0,0,0,0,0,0,0,0,0,1,1,0.5766,8,1,perience
alternative,1,0,1,0,0,0,0,0,0,0,0,0,0,0,0,1,1,0.5766,11,1,alternative
cowardly,0,0,1,0,0,0,0,0,0,0,0,0,0,0,0,1,1,0.2571,8,1,cowardly
giving,1,1,1,0,0,0,0,0,0,0,0,0,0,0,0,1,1,0.2571,6,1,giving
puritan,1,0,1,0,0,0,0,0,0,0,0,0,0,0,0,1,1,0.2571,7,1,puritan
disclaiming,0,1,0,0,0,0,0,0,0,0,0,0,0,0,0,1,1,0.2571,11,1,disclaiming
flood,1,1,1,0,0,0,0,0,0,0,0,0,0,0,0,1,1,0.2571,5,1,flood
commanded,0,1,0,0,0,0,0,0,0,0,0,0,0,0,0,1,1,0.0,9,1,commanded
idiocy,1,0,0,0,0,0,0,0,0,0,0,0,0,0,0,1,1,0.2732,6,1,idiocy
committed,0,1,1,0,0,0,0,0,0,0,0,0,0,0,0,1,1,0.2732,9,1,committed
elapsed,0,1,1,0,0,0,0,0,0,0,0,0,0,0,0,1,1,0.34,7,1,elapsed
comforted,0,1,1,0,0,0,0,0,0,0,0,0,0,0,0,1,1,0.4854,9,1,comforted
quiv,0,0,0,0,0,0,0,0,0,0,0,0,0,0,0,1,1,0.0,4,1,quiv
inoffensive,0,0,1,0,0,0,0,0,0,0,0,0,0,0,0,1,1,-0.1531,11,1,inoffensive
donkey,1,0,0,0,0,0,0,0,0,0,0,0,0,0,0,1,1,0.5719,6,1,donkey
association,1,0,0,0,0,0,0,0,0,0,0,0,0,0,0,1,1,0.7906,11,1,association
sensi,0,0,0,0,0,0,0,0,0,0,0,0,0,0,0,1,1,-0.891,5,1,sensi
favorite,1,0,1,0,0,0,0,0,0,0,0,0,0,0,0,1,1,-0.891,8,1,favorite
healing,1,1,1,0,0,0,0,0,0,0,0,0,0,0,0,1,1,-0.891,7,1,healing
ariseth,0,0,0,0,0,0,0,0,0,0,0,0,0,0,0,1,1,0.0,7,1,ariseth
gather,1,1,0,0,0,0,0,0,0,0,0,0,0,0,0,1,1,0.0,6,1,gather
ave,1,0,0,0,0,0,0,0,0,0,0,0,0,0,0,1,1,-0.6124,3,1,ave
maria,1,0,0,0,0,0,0,0,0,0,0,0,0,0,0,1,1,-0.6124,5,1,maria
superstitions,1,0,0,0,0,0,0,0,0,0,0,0,0,0,0,1,1,0.7906,13,1,superstitions
eighteenth,1,0,1,0,0,0,0,0,0,0,0,0,0,0,0,1,1,0.7906,10,1,eighteenth
rococo,1,0,1,0,0,0,0,0,0,0,0,0,0,0,0,1,1,0.7906,6,1,rococo
accompany,0,1,0,0,0,0,0,0,0,0,0,0,0,0,0,1,1,0.5023,9,1,accompany
meditation,1,0,0,0,0,0,0,0,0,0,0,0,0,0,0,1,1,0.5023,10,1,meditation
tected,0,0,0,0,0,0,0,0,0,0,0,0,0,0,0,1,1,0.0,6,1,tected
lery,0,0,0,0,0,0,0,0,0,0,0,0,0,0,0,1,1,0.0,4,1,lery
happening,1,0,1,0,0,0,0,0,0,0,0,0,0,0,0,1,1,0.0,9,1,happening
crate,1,1,0,0,0,0,0,0,0,0,0,0,0,0,0,1,1,-0.3875,5,1,crate
nave,1,0,0,0,0,0,0,0,0,0,0,0,0,0,0,1,1,-0.3875,4,1,nave
chord,1,1,0,0,0,0,0,0,0,0,0,0,0,0,0,1,1,-0.7906,5,1,chord
chiefly,0,0,1,1,0,0,0,0,0,0,0,0,0,0,0,1,1,0.0,7,1,chiefly
beauti,0,0,0,0,0,0,0,0,0,0,0,0,0,0,0,1,1,0.9728,6,1,beauti
wantonly,0,0,0,1,0,0,0,0,0,0,0,0,0,0,0,1,1,0.9728,8,1,wantonly
dissonant,0,0,1,0,0,0,0,0,0,0,0,0,0,0,0,1,1,-0.7365,9,1,dissonant
expressing,0,1,0,0,0,0,0,0,0,0,0,0,0,0,0,1,1,0.0,10,1,expressing
probable,1,0,1,0,0,0,0,0,0,0,0,0,0,0,0,1,1,0.3182,8,1,probable
endings,1,0,0,0,0,0,0,0,0,0,0,0,0,0,0,1,1,0.3182,7,1,endings
af,0,0,0,0,0,0,0,0,0,0,0,0,0,0,0,1,1,0.3182,2,0,af
unsuit,0,0,0,0,0,0,0,0,0,0,0,0,0,0,0,1,1,0.0,6,1,unsuit
gusted,0,0,0,0,0,0,0,0,0,0,0,0,0,0,0,1,1,0.0,6,1,gusted
undertaking,1,1,0,0,0,0,0,0,0,0,0,0,0,0,0,1,1,0.2023,11,1,undertaking
unscrupulous,0,0,1,0,0,0,0,0,0,0,0,0,0,0,0,1,1,0.2023,12,1,unscrupulous
conse,0,0,0,0,0,0,0,0,0,0,0,0,0,0,0,1,1,-0.3875,5,1,conse
rences,0,0,0,0,0,0,0,0,0,0,0,0,0,0,0,1,1,0.0,6,1,rences
mitted,0,0,0,0,0,0,0,0,0,0,0,0,0,0,0,1,1,0.0,6,1,mitted
scrupulous,0,0,1,0,0,0,0,0,0,0,0,0,0,0,0,1,1,-0.7652,10,1,scrupulous
deceiving,0,1,0,0,0,0,0,0,0,0,0,0,0,0,0,1,1,-0.7652,9,1,deceiving
footstep,1,0,0,0,0,0,0,0,0,0,0,0,0,0,0,1,1,0.4404,8,1,footstep
thatistrue,0,0,0,0,0,0,0,0,0,0,0,0,0,0,0,1,1,-0.7096,10,1,thatistrue
squarely,0,0,0,1,0,0,0,0,0,0,0,0,0,0,0,1,1,0.3182,8,1,squarely
araw,0,0,0,0,0,0,0,0,0,0,0,0,0,0,0,1,1,0.3182,4,1,araw
bitually,0,0,0,0,0,0,0,0,0,0,0,0,0,0,0,1,1,-0.4767,8,1,bitually
yanity,0,0,0,0,0,0,0,0,0,0,0,0,0,0,0,1,1,-0.2944,6,1,yanity
bruise,1,1,0,0,0,0,0,0,0,0,0,0,0,0,0,1,1,0.765,6,1,bruise
depth,1,0,0,0,0,0,0,0,0,0,0,0,0,0,0,1,1,0.5766,5,1,depth
comic,1,0,1,0,0,0,0,0,0,0,0,0,0,0,0,1,1,-0.7096,5,1,comic
deploring,0,1,0,0,0,0,0,0,0,0,0,0,0,0,0,1,1,-0.5719,9,1,deploring
regretting,0,1,0,0,0,0,0,0,0,0,0,0,0,0,0,1,1,-0.5719,10,1,regretting
consequences,1,0,0,0,0,0,0,0,0,0,0,0,0,0,0,1,1,-0.5719,12,1,consequences
skill,1,0,0,0,0,0,0,0,0,0,0,0,0,0,0,1,1,-0.7365,5,1,skill
recurred,0,1,0,0,0,0,0,0,0,0,0,0,0,0,0,1,1,-0.3875,8,1,recurred
architect,1,0,0,0,0,0,0,0,0,0,0,0,0,0,0,1,1,-0.3875,9,1,architect
scruples,1,1,0,0,0,0,0,0,0,0,0,0,0,0,0,1,1,0.3491,8,1,scruples
abated,0,1,0,0,0,0,0,0,0,0,0,0,0,0,0,1,1,0.9253,6,1,abated
termina,0,0,0,0,0,0,0,0,0,0,0,0,0,0,0,1,1,0.0,7,1,termina
platonic,0,0,1,0,0,0,0,0,0,0,0,0,0,0,0,1,1,0.0,8,1,platonic
liaisons,1,0,0,0,0,0,0,0,0,0,0,0,0,0,0,1,1,0.0,8,1,liaisons
difference,1,0,0,0,0,0,0,0,0,0,0,0,0,0,0,1,1,0.0,10,1,difference
joward,0,0,0,0,0,0,0,0,0,0,0,0,0,0,0,1,1,0.4215,6,1,joward
thyself,0,0,0,0,0,0,0,0,0,0,0,0,0,0,0,1,1,0.0258,7,1,thyself
blessing,1,1,0,0,0,0,0,0,0,0,0,0,0,0,0,1,1,-0.3875,8,1,blessing
barnab,0,0,0,0,0,0,0,0,0,0,0,0,0,0,0,1,1,0.0,6,1,barnab
christian,1,0,1,1,0,0,0,0,0,0,0,0,0,0,0,1,1,0.0,9,1,christian
unde,0,0,0,0,0,0,0,0,0,0,0,0,0,0,0,1,1,0.0,4,1,unde
lack,1,0,0,0,0,0,0,0,0,0,0,0,0,0,0,1,1,-0.7365,4,1,lack
pedals,1,1,0,0,0,0,0,0,0,0,0,0,0,0,0,1,1,0.4767,6,1,pedals
manuals,1,0,0,0,0,0,0,0,0,0,0,0,0,0,0,1,1,0.4767,7,1,manuals
discord,1,0,0,0,0,0,0,0,0,0,0,0,0,0,0,1,1,-0.7717,7,1,discord
older,0,0,1,0,0,0,0,0,0,0,0,0,0,0,0,1,1,-0.2344,5,1,older
simpler,1,0,0,0,0,0,0,0,0,0,0,0,0,0,0,1,1,-0.2344,7,1,simpler
generation,1,0,0,0,0,0,0,0,0,0,0,0,0,0,0,1,1,-0.2344,10,1,generation
flocked,0,1,0,0,0,0,0,0,0,0,0,0,0,0,0,1,1,0.0,7,1,flocked
toute,0,0,0,0,0,0,0,0,0,0,0,0,0,0,0,1,1,0.0,5,1,toute
telligence,0,0,0,0,0,0,0,0,0,0,0,0,0,0,0,1,1,0.0,10,1,telligence
moreover,0,0,0,1,0,0,0,0,0,0,0,0,0,0,0,1,1,0.7783,8,1,moreover
quality,1,0,1,0,0,0,0,0,0,0,0,0,0,0,0,1,1,0.7783,7,1,quality
reigned,0,1,0,0,0,0,0,0,0,0,0,0,0,0,0,1,1,0.7783,7,1,reigned
reticent,0,0,1,0,0,0,0,0,0,0,0,0,0,0,0,1,1,0.7783,8,1,reticent
harmony,1,0,0,0,0,0,0,0,0,0,0,0,0,0,0,1,1,-0.2344,7,1,harmony
issuing,0,1,0,0,0,0,0,0,0,0,0,0,0,0,0,1,1,-0.2344,7,1,issuing
instrument,1,1,0,0,0,0,0,0,0,0,0,0,0,0,0,1,1,0.0,10,1,instrument
resque,0,0,0,0,0,0,0,0,0,0,0,0,0,0,0,1,1,0.5994,6,1,resque
spangled,0,1,1,0,0,0,0,0,0,0,0,0,0,0,0,1,1,0.5994,8,1,spangled
sewn,0,1,1,0,0,0,0,0,0,0,0,0,0,0,0,1,1,0.5994,4,1,sewn
tur,1,0,0,0,0,0,0,0,0,0,0,0,0,0,0,1,1,0.5994,3,1,tur
quoises,0,0,0,0,0,0,0,0,0,0,0,0,0,0,0,1,1,0.5994,7,1,quoises
turquoises,1,0,0,0,0,0,0,0,0,0,0,0,0,0,0,1,1,0.0,10,1,turquoises
encased,0,1,1,0,0,0,0,0,0,0,0,0,0,0,0,1,1,0.0,7,1,encased
fous,0,0,0,0,0,0,0,0,0,0,0,0,0,0,0,1,1,0.0,4,1,fous
solari,0,0,0,0,0,0,0,0,0,0,0,0,0,0,0,1,1,-0.1531,6,1,solari
gild,1,1,0,0,0,0,0,0,0,0,0,0,0,0,0,1,1,-0.1531,4,1,gild
entitle,0,1,0,0,0,0,0,0,0,0,0,0,0,0,0,1,1,0.0,7,1,entitle
recklessly,0,0,0,1,0,0,0,0,0,0,0,0,0,0,0,1,1,-0.5994,10,1,recklessly
twins,1,1,0,0,0,0,0,0,0,0,0,0,0,0,0,1,1,0.8176,5,1,twins
harlem,1,0,0,0,0,0,0,0,0,0,0,0,0,0,0,1,1,0.8176,6,1,harlem
substantial,1,0,1,0,0,0,0,0,0,0,0,0,0,0,0,1,1,0.802,11,1,substantial
vest,1,1,0,0,0,0,0,0,0,0,0,0,0,0,0,1,1,0.0,4,1,vest
decay,1,1,0,0,0,0,0,0,0,0,0,0,0,0,0,1,1,-0.0516,5,1,decay
tinct,1,0,1,0,0,0,0,0,0,0,0,0,0,0,0,1,1,0.0,5,1,tinct
memtf,0,0,0,0,0,0,0,0,0,0,0,0,0,0,0,1,1,-0.1531,5,1,memtf
crep,0,0,0,0,0,0,0,0,0,0,0,0,0,0,0,1,1,-0.5267,4,1,crep
mutter,1,0,0,0,0,0,0,0,0,0,0,0,0,0,0,1,1,-0.9022,6,1,mutter
smashing,1,1,1,0,0,0,0,0,0,0,0,0,0,0,0,1,1,0.1901,8,1,smashing
dresser,1,0,0,0,0,0,0,0,0,0,0,0,0,0,0,1,1,0.0,7,1,dresser
stage,1,1,0,0,0,0,0,0,0,0,0,0,0,0,0,1,1,0.0,5,1,stage
thojght,0,0,0,0,0,0,0,0,0,0,0,0,0,0,0,1,1,0.0,7,1,thojght
satis,0,0,0,0,0,0,0,0,0,0,0,0,0,0,0,1,1,-0.4767,5,1,satis
faction,1,0,0,0,0,0,0,0,0,0,0,0,0,0,0,1,1,-0.4767,7,1,faction
withstood,0,1,0,0,0,0,0,0,0,0,0,0,0,0,0,1,1,-0.4767,9,1,withstood
oily,1,0,1,0,0,0,0,0,0,0,0,0,0,0,0,1,1,-0.0516,4,1,oily
rendering,1,0,0,0,0,0,0,0,0,0,0,0,0,0,0,1,1,-0.0516,9,1,rendering
vat,1,0,0,0,0,0,0,0,0,0,0,0,0,0,0,1,1,-0.0516,3,1,vat
noisome,0,0,1,0,0,0,0,0,0,0,0,0,0,0,0,1,1,-0.0516,7,1,noisome
advantage,1,1,0,0,0,0,0,0,0,0,0,0,0,0,0,1,1,0.5423,9,1,advantage
glaring,1,1,1,0,0,0,0,0,0,0,0,0,0,0,0,1,1,-0.9134,7,1,glaring
drawings,1,0,0,0,0,0,0,0,0,0,0,0,0,0,0,1,1,-0.9134,8,1,drawings
sketches,1,1,0,0,0,0,0,0,0,0,0,0,0,0,0,1,1,-0.9134,8,1,sketches
twiddle,1,1,0,0,0,0,0,0,0,0,0,0,0,0,0,1,1,-0.9134,7,1,twiddle
thumbs,1,0,0,0,0,0,0,0,0,0,0,0,0,0,0,1,1,-0.9134,6,1,thumbs
rain,1,1,0,0,0,0,0,0,0,0,0,0,0,0,0,1,1,0.1027,4,1,rain
chart,1,1,0,0,0,0,0,0,0,0,0,0,0,0,0,1,1,0.128,5,1,chart
arabesques,1,0,0,0,0,0,0,0,0,0,0,0,0,0,0,1,1,0.0,10,1,arabesques
sie,1,0,0,0,0,0,0,0,0,0,0,0,0,0,0,1,1,-0.296,3,1,sie
plication,1,0,0,0,0,0,0,0,0,0,0,0,0,0,0,1,1,0.0,9,1,plication
nude,1,0,1,0,0,0,0,0,0,0,0,0,0,0,0,1,1,0.4404,4,1,nude
eden,1,0,0,0,0,0,0,0,0,0,0,0,0,0,0,1,1,0.6486,4,1,eden
moorish,1,0,1,0,0,0,0,0,0,0,0,0,0,0,0,1,1,0.0,7,1,moorish
genuine,0,0,1,0,0,0,0,0,0,0,0,0,0,0,0,1,1,0.3818,7,1,genuine
yester,0,0,1,0,0,0,0,0,0,0,0,0,0,0,0,1,1,0.0,6,1,yester
flopping,0,1,0,0,0,0,0,0,0,0,0,0,0,0,0,1,1,-0.1779,8,1,flopping
casts,1,1,0,0,0,0,0,0,0,0,0,0,0,0,0,1,1,0.0,5,1,casts
fragile,0,0,1,0,0,0,0,0,0,0,0,0,0,0,0,1,1,0.4497,7,1,fragile
barnabg,0,0,0,0,0,0,0,0,0,0,0,0,0,0,0,1,1,0.4576,7,1,barnabg
interesting,0,1,1,0,0,0,0,0,0,0,0,0,0,0,0,1,1,0.4576,11,1,interesting
scientific,0,0,1,0,0,0,0,0,0,0,0,0,0,0,0,1,1,0.0,10,1,scientific
stalls,1,1,0,0,0,0,0,0,0,0,0,0,0,0,0,1,1,0.0,6,1,stalls
slippers,1,0,0,0,0,0,0,0,0,0,0,0,0,0,0,1,1,0.0,8,1,slippers
heavenly,0,0,1,0,0,0,0,0,0,0,0,0,0,0,0,1,1,0.8176,8,1,heavenly
flory,1,0,1,0,0,0,0,0,0,0,0,0,0,0,0,1,1,0.8176,5,1,flory
fted,0,0,0,0,0,0,0,0,0,0,0,0,0,0,0,1,1,0.8176,4,1,fted
unsung,0,0,1,0,0,0,0,0,0,0,0,0,0,0,0,1,1,-0.946,6,1,unsung
unshed,0,0,1,0,0,0,0,0,0,0,0,0,0,0,0,1,1,-0.946,6,1,unshed
dry,1,1,1,1,0,0,0,0,0,0,0,0,0,0,0,1,1,-0.946,3,1,dry
pie,1,0,0,0,0,0,0,0,0,0,0,0,0,0,0,1,1,-0.1779,3,1,pie
stolen,0,1,1,0,0,0,0,0,0,0,0,0,0,0,0,1,1,-0.1779,6,1,stolen
symbol,1,0,0,0,0,0,0,0,0,0,0,0,0,0,0,1,1,0.3182,6,1,symbol
arabic,1,0,1,0,0,0,0,0,0,0,0,0,0,0,0,1,1,0.0,6,1,arabic
chinese,1,0,1,0,0,0,0,0,0,0,0,0,0,0,0,1,1,0.0,7,1,chinese
ts,0,0,0,0,0,0,0,0,0,0,0,0,0,0,0,1,1,-0.8934,2,0,ts
reveal,1,1,0,0,0,0,0,0,0,0,0,0,0,0,0,1,1,-0.5709,6,1,reveal
poisonous,0,0,1,0,0,0,0,0,0,0,0,0,0,0,0,1,1,-0.5719,9,1,poisonous
mottled,0,1,1,0,0,0,0,0,0,0,0,0,0,0,0,1,1,-0.5719,7,1,mottled
dumfounded,0,0,1,0,0,0,0,0,0,0,0,0,0,0,0,1,1,0.0,10,1,dumfounded
framed,0,1,1,0,0,0,0,0,0,0,0,0,0,0,0,1,1,0.0772,6,1,framed
wander,1,1,0,0,0,0,0,0,0,0,0,0,0,0,0,1,1,-0.9134,6,1,wander
keepsake,1,0,0,0,0,0,0,0,0,0,0,0,0,0,0,1,1,-0.1779,8,1,keepsake
lapel,1,0,0,0,0,0,0,0,0,0,0,0,0,0,0,1,1,0.0,5,1,lapel
irom,0,0,0,0,0,0,0,0,0,0,0,0,0,0,0,1,1,0.5719,4,1,irom
advertised,0,1,1,0,0,0,0,0,0,0,0,0,0,0,0,1,1,0.5719,10,1,advertised
radiant,1,0,1,0,0,0,0,0,0,0,0,0,0,0,0,1,1,0.6808,7,1,radiant
cotton,1,1,0,0,0,0,0,0,0,0,0,0,0,0,0,1,1,0.3182,6,1,cotton
compassion,1,0,0,0,0,0,0,0,0,0,0,0,0,0,0,1,1,0.4588,10,1,compassion
leur,0,0,0,0,0,0,0,0,0,0,0,0,0,0,0,1,1,0.0,4,1,leur
folie,0,0,0,0,0,0,0,0,0,0,0,0,0,0,0,1,1,0.0,5,1,folie
dure,0,0,1,0,0,0,0,0,0,0,0,0,0,0,0,1,1,0.0,4,1,dure
longtemps,0,0,0,0,0,0,0,0,0,0,0,0,0,0,0,1,1,0.0,9,1,longtemps
voila,0,0,0,0,0,0,0,0,0,0,0,0,0,0,0,1,1,0.0,5,1,voila
kins,1,0,0,0,0,0,0,0,0,0,0,0,0,0,0,1,1,0.0,4,1,kins
raillons,0,0,0,0,0,0,0,0,0,0,0,0,0,0,0,1,1,0.0,8,1,raillons
tessic,0,0,0,0,0,0,0,0,0,0,0,0,0,0,0,1,1,0.128,6,1,tessic
disastrous,0,0,1,0,0,0,0,0,0,0,0,0,0,0,0,1,1,-0.5994,10,1,disastrous
dish,1,1,0,0,0,0,0,0,0,0,0,0,0,0,0,1,1,-0.296,4,1,dish
swimming,1,1,1,0,0,0,0,0,0,0,0,0,0,0,0,1,1,-0.296,8,1,swimming
folds,1,1,0,0,0,0,0,0,0,0,0,0,0,0,0,1,1,0.2263,5,1,folds
drapery,1,0,0,0,0,0,0,0,0,0,0,0,0,0,0,1,1,0.6369,7,1,drapery
tipping,1,1,0,0,0,0,0,0,0,0,0,0,0,0,0,1,1,0.3612,7,1,tipping
nimbus,1,0,0,0,0,0,0,0,0,0,0,0,0,0,0,1,1,0.3612,6,1,nimbus
lettering,1,0,0,0,0,0,0,0,0,0,0,0,0,0,0,1,1,0.0,9,1,lettering
minable,0,0,0,0,0,0,0,0,0,0,0,0,0,0,0,1,1,0.1027,7,1,minable
sewing,1,1,0,0,0,0,0,0,0,0,0,0,0,0,0,1,1,0.4767,6,1,sewing
compas,0,0,0,0,0,0,0,0,0,0,0,0,0,0,0,1,1,0.4767,6,1,compas
irri,0,0,0,0,0,0,0,0,0,0,0,0,0,0,0,1,1,0.4767,4,1,irri
tation,0,0,0,0,0,0,0,0,0,0,0,0,0,0,0,1,1,0.4767,6,1,tation
cupy,0,0,0,0,0,0,0,0,0,0,0,0,0,0,0,1,1,0.4767,4,1,cupy
med,1,0,0,0,0,0,0,0,0,0,0,0,0,0,0,1,1,0.0258,3,1,med
prayers,1,0,0,0,0,0,0,0,0,0,0,0,0,0,0,1,1,0.7872,7,1,prayers
ccile,0,0,0,0,0,0,0,0,0,0,0,0,0,0,0,1,1,0.7872,5,1,ccile
frem,0,0,0,0,0,0,0,0,0,0,0,0,0,0,0,1,1,-0.8934,4,1,frem
exploring,1,1,0,0,0,0,0,0,0,0,0,0,0,0,0,1,1,-0.8934,9,1,exploring
bookcases,1,0,0,0,0,0,0,0,0,0,0,0,0,0,0,1,1,0.0,9,1,bookcases
shoved,0,1,0,0,0,0,0,0,0,0,0,0,0,0,0,1,1,0.0,6,1,shoved
bookcase,1,0,0,0,0,0,0,0,0,0,0,0,0,0,0,1,1,0.2023,8,1,bookcase
decipher,0,1,0,0,0,0,0,0,0,0,0,0,0,0,0,1,1,0.0,8,1,decipher
condition,1,1,0,0,0,0,0,0,0,0,0,0,0,0,0,1,1,-0.101,9,1,condition
bombay,1,0,0,0,0,0,0,0,0,0,0,0,0,0,0,1,1,0.0,6,1,bombay
telegraphed,0,0,0,0,0,0,0,0,0,0,0,0,0,0,0,1,1,0.0,11,1,telegraphed
tank,1,1,0,0,0,0,0,0,0,0,0,0,0,0,0,1,1,-0.296,4,1,tank
interrupting,0,1,0,0,0,0,0,0,0,0,0,0,0,0,0,1,1,-0.296,12,1,interrupting
whimper,1,0,0,0,0,0,0,0,0,0,0,0,0,0,0,1,1,-0.2263,7,1,whimper
ike,0,0,0,0,0,0,0,0,0,0,0,0,0,0,0,1,1,0.0,3,1,ike
incoherent,0,0,1,0,0,0,0,0,0,0,0,0,0,0,0,1,1,-0.4497,10,1,incoherent
suaded,0,0,0,0,0,0,0,0,0,0,0,0,0,0,0,1,1,0.0,6,1,suaded
stores,1,1,0,0,0,0,0,0,0,0,0,0,0,0,0,1,1,-0.4939,6,1,stores
wolf,1,1,0,0,0,0,0,0,0,0,0,0,0,0,0,1,1,0.0,4,1,wolf
distinguished,0,1,1,0,0,0,0,0,0,0,0,0,0,0,0,1,1,-0.7351,13,1,distinguished
outline,1,0,0,0,0,0,0,0,0,0,0,0,0,0,0,1,1,0.223,7,1,outline
ramble,1,0,0,0,0,0,0,0,0,0,0,0,0,0,0,1,1,-0.3102,6,1,ramble
channel,1,1,0,0,0,0,0,0,0,0,0,0,0,0,0,1,1,-0.3102,7,1,channel
morbid,0,0,1,0,0,0,0,0,0,0,0,0,0,0,0,1,1,-0.101,6,1,morbid
crunching,1,1,0,0,0,0,0,0,0,0,0,0,0,0,0,1,1,-0.4404,9,1,crunching
bolted,0,1,1,0,0,0,0,0,0,0,0,0,0,0,0,1,1,-0.4854,6,1,bolted
rotted,0,0,1,0,0,0,0,0,0,0,0,0,0,0,0,1,1,0.0,6,1,rotted
envelop,0,1,0,0,0,0,0,0,0,0,0,0,0,0,0,1,1,-0.8765,7,1,envelop
spirit,1,1,0,0,0,0,0,0,0,0,0,0,0,0,0,1,1,-0.6124,6,1,spirit
shores,1,1,0,0,0,0,0,0,0,0,0,0,0,0,0,1,1,0.0,6,1,shores
blot,1,1,0,0,0,0,0,0,0,0,0,0,0,0,0,1,1,0.1655,4,1,blot
anxiety,1,0,0,0,0,0,0,0,0,0,0,0,0,0,0,1,1,-0.4939,7,1,anxiety
determine,0,1,0,0,0,0,0,0,0,0,0,0,0,0,0,1,1,0.0,9,1,determine
snake,1,1,0,0,0,0,0,0,0,0,0,0,0,0,0,1,1,-0.5719,5,1,snake
admonition,1,0,0,0,0,0,0,0,0,0,0,0,0,0,0,1,1,0.5106,10,1,admonition
tormenting,0,1,0,0,0,0,0,0,0,0,0,0,0,0,0,1,1,-0.6652,10,1,tormenting
bedrooms,1,0,0,0,0,0,0,0,0,0,0,0,0,0,0,1,1,0.0,8,1,bedrooms
laundry,1,0,0,0,0,0,0,0,0,0,0,0,0,0,0,1,1,0.0,7,1,laundry
systematic,0,0,1,0,0,0,0,0,0,0,0,0,0,0,0,1,1,0.0,10,1,systematic
latticed,0,0,1,0,0,0,0,0,0,0,0,0,0,0,0,1,1,0.0,8,1,latticed
excess,1,0,1,0,0,0,0,0,0,0,0,0,0,0,0,1,1,0.0,6,1,excess
emotions,1,0,0,0,0,0,0,0,0,0,0,0,0,0,0,1,1,0.0,8,1,emotions
realized,0,1,1,0,0,0,0,0,0,0,0,0,0,0,0,1,1,-0.4404,8,1,realized
punished,0,1,1,0,0,0,0,0,0,0,0,0,0,0,0,1,1,-0.7003,8,1,punished
foolishness,0,0,0,0,0,0,0,0,0,0,0,0,0,0,0,1,1,-0.7003,11,1,foolishness
eart,0,0,0,0,0,0,0,0,0,0,0,0,0,0,0,1,1,0.0,4,1,eart
obeyed,0,1,0,0,0,0,0,0,0,0,0,0,0,0,0,1,1,-0.1779,6,1,obeyed
regular,1,0,1,0,0,0,0,0,0,0,0,0,0,0,0,1,1,0.0,7,1,regular
icis,0,0,0,0,0,0,0,0,0,0,0,0,0,0,0,1,1,0.0258,4,1,icis
wickedness,1,0,0,0,0,0,0,0,0,0,0,0,0,0,0,1,1,0.1761,10,1,wickedness
dam,1,1,1,1,0,0,0,0,0,0,0,0,0,0,0,1,1,0.1761,3,1,dam
fascinate,0,1,0,0,0,0,0,0,0,0,0,0,0,0,0,1,1,0.1761,9,1,fascinate
para,1,0,0,0,0,0,0,0,0,0,0,0,0,0,0,1,1,0.1761,4,1,para
lyze,0,0,0,0,0,0,0,0,0,0,0,0,0,0,0,1,1,0.1761,4,1,lyze
lently,0,0,0,0,0,0,0,0,0,0,0,0,0,0,0,1,1,0.8013,6,1,lently
injured,0,1,1,0,0,0,0,0,0,0,0,0,0,0,0,1,1,0.8013,7,1,injured
livid,0,0,1,0,0,0,0,0,0,0,0,0,0,0,0,1,1,-0.9518,5,1,livid
theory,1,0,0,0,0,0,0,0,0,0,0,0,0,0,0,1,1,-0.9518,6,1,theory
explana,0,0,0,0,0,0,0,0,0,0,0,0,0,0,0,1,1,-0.9518,7,1,explana
prieat,0,0,0,0,0,0,0,0,0,0,0,0,0,0,0,1,1,0.4019,6,1,prieat
ie,0,0,0,0,0,0,0,0,0,0,0,0,0,0,0,1,1,0.0,2,0,ie
wrecked,0,0,1,0,0,0,0,0,0,0,0,0,0,0,0,1,1,-0.2846,7,1,wrecked
homes,1,1,0,0,0,0,0,0,0,0,0,0,0,0,0,1,1,-0.2846,5,1,homes
smitten,0,1,1,0,0,0,0,0,0,0,0,0,0,0,0,1,1,-0.2846,7,1,smitten
yel,0,0,0,0,0,0,0,0,0,0,0,0,0,0,0,1,1,-0.3818,3,1,yel
pleaded,0,1,0,0,0,0,0,0,0,0,0,0,0,0,0,1,1,-0.128,7,1,pleaded
ignorant,0,0,1,0,0,0,0,0,0,0,0,0,0,0,0,1,1,0.1761,8,1,ignorant
wise,1,0,1,0,0,0,0,0,0,0,0,0,0,0,0,1,1,0.1761,4,1,wise
alike,0,0,1,1,0,0,0,0,0,0,0,0,0,0,0,1,1,0.1761,5,1,alike
unmindful,0,0,1,0,0,0,0,0,0,0,0,0,0,0,0,1,1,0.1761,9,1,unmindful
begging,0,1,0,0,0,0,0,0,0,0,0,0,0,0,0,1,1,0.1761,7,1,begging
decomposed,0,1,1,0,0,0,0,0,0,0,0,0,0,0,0,1,1,-0.9518,10,1,decomposed
express,1,1,1,1,0,0,0,0,0,0,0,0,0,0,0,1,1,0.0,7,1,express
constantinople,1,0,0,0,0,0,0,0,0,0,0,0,0,0,0,1,1,0.0,14,1,constantinople
spanish,1,0,1,0,0,0,0,0,0,0,0,0,0,0,0,1,1,0.3818,7,1,spanish
morion,1,0,0,0,0,0,0,0,0,0,0,0,0,0,0,1,1,0.3818,6,1,morion
tranquilly,0,0,0,1,0,0,0,0,0,0,0,0,0,0,0,1,1,-0.4588,10,1,tranquilly
kneel,1,1,0,0,0,0,0,0,0,0,0,0,0,0,0,1,1,0.1531,5,1,kneel
tawny,0,0,1,0,0,0,0,0,0,0,0,0,0,0,0,1,1,0.0,5,1,tawny
wei,1,0,0,0,0,0,0,0,0,0,0,0,0,0,0,1,1,0.1655,3,1,wei
apprehension,1,0,0,0,0,0,0,0,0,0,0,0,0,0,0,1,1,0.5653,12,1,apprehension
tioned,0,0,0,0,0,0,0,0,0,0,0,0,0,0,0,1,1,0.0,6,1,tioned
particularly,0,0,0,1,0,0,0,0,0,0,0,0,0,0,0,1,1,0.0,12,1,particularly
describe,0,1,0,0,0,0,0,0,0,0,0,0,0,0,0,1,1,-0.5574,8,1,describe
fortnight,1,0,0,0,0,0,0,0,0,0,0,0,0,0,0,1,1,-0.5574,9,1,fortnight
alcide,0,0,0,0,0,0,0,0,0,0,0,0,0,0,0,1,1,0.0,6,1,alcide
valise,1,0,0,0,0,0,0,0,0,0,0,0,0,0,0,1,1,0.0,6,1,valise
orient,1,1,1,0,0,0,0,0,0,0,0,0,0,0,0,1,1,0.0,6,1,orient
tity,0,0,0,0,0,0,0,0,0,0,0,0,0,0,0,1,1,-0.5724,4,1,tity
careless,0,0,1,0,0,0,0,0,0,0,0,0,0,0,0,1,1,0.4847,8,1,careless
powders,0,1,0,0,0,0,0,0,0,0,0,0,0,0,0,1,1,0.4847,7,1,powders
phials,1,0,0,0,0,0,0,0,0,0,0,0,0,0,0,1,1,0.4847,6,1,phials
derstand,0,0,0,0,0,0,0,0,0,0,0,0,0,0,0,1,1,0.4847,8,1,derstand
writs,1,0,0,0,0,0,0,0,0,0,0,0,0,0,0,1,1,-0.5724,5,1,writs
goulven,0,0,0,0,0,0,0,0,0,0,0,0,0,0,0,1,1,0.6486,7,1,goulven
downs,1,1,0,0,0,0,0,0,0,0,0,0,0,0,0,1,1,0.6486,5,1,downs
india,1,0,0,0,0,0,0,0,0,0,0,0,0,0,0,1,1,0.0,5,1,india
unlike,0,0,1,0,0,0,0,0,0,0,0,0,0,0,0,1,1,0.0,6,1,unlike
unable,0,0,1,0,0,0,0,0,0,0,0,0,0,0,0,1,1,-0.4939,6,1,unable
confessional,1,0,1,0,0,0,0,0,0,0,0,0,0,0,0,1,1,-0.2846,12,1,confessional
ea,1,0,0,0,0,0,0,0,0,0,0,0,0,0,0,1,1,0.0,2,1,ea
print,1,1,1,0,0,0,0,0,0,0,0,0,0,0,0,1,1,-0.5724,5,1,print
confessor,1,0,0,0,0,0,0,0,0,0,0,0,0,0,0,1,1,-0.5724,9,1,confessor
sanc,0,0,0,0,0,0,0,0,0,0,0,0,0,0,0,1,1,-0.5724,4,1,sanc
deaths,1,0,0,0,0,0,0,0,0,0,0,0,0,0,0,1,1,0.0,6,1,deaths
seeking,1,1,1,0,0,0,0,0,0,0,0,0,0,0,0,1,1,0.0,7,1,seeking
gether,0,0,0,0,0,0,0,0,0,0,0,0,0,0,0,1,1,0.128,6,1,gether
rosier,0,0,0,0,0,0,0,0,0,0,0,0,0,0,0,1,1,0.0,6,1,rosier
travels,0,1,0,0,0,0,0,0,0,0,0,0,0,0,0,1,1,0.0,7,1,travels
increases,1,1,0,0,0,0,0,0,0,0,0,0,0,0,0,1,1,0.7964,9,1,increases
experi,0,0,0,0,0,0,0,0,0,0,0,0,0,0,0,1,1,0.7964,6,1,experi
satisfy,0,1,0,0,0,0,0,0,0,0,0,0,0,0,0,1,1,-0.4973,7,1,satisfy
batten,1,1,0,0,0,0,0,0,0,0,0,0,0,0,0,1,1,-0.2846,6,1,batten
spies,1,1,0,0,0,0,0,0,0,0,0,0,0,0,0,1,1,-0.2846,5,1,spies
gentleness,1,0,0,0,0,0,0,0,0,0,0,0,0,0,0,1,1,-0.3291,10,1,gentleness
certifi,0,0,0,0,0,0,0,0,0,0,0,0,0,0,0,1,1,0.4588,7,1,certifi
cate,1,0,0,0,0,0,0,0,0,0,0,0,0,0,0,1,1,0.4588,4,1,cate
dated,0,1,1,0,0,0,0,0,0,0,0,0,0,0,0,1,1,0.0,5,1,dated
childless,0,0,1,0,0,0,0,0,0,0,0,0,0,0,0,1,1,0.0,9,1,childless
management,1,0,0,0,0,0,0,0,0,0,0,0,0,0,0,1,1,0.0,10,1,management
suis,0,0,0,0,0,0,0,0,0,0,0,0,0,0,0,1,1,0.0,4,1,suis
descendu,0,0,0,0,0,0,0,0,0,0,0,0,0,0,0,1,1,0.0,8,1,descendu
puiz,0,0,0,0,0,0,0,0,0,0,0,0,0,0,0,1,1,0.0,4,1,puiz
tenebreux,0,0,0,0,0,0,0,0,0,0,0,0,0,0,0,1,1,0.0,9,1,tenebreux
onquel,0,0,0,0,0,0,0,0,0,0,0,0,0,0,0,1,1,0.0,6,1,onquel
disoit,0,0,0,0,0,0,0,0,0,0,0,0,0,0,0,1,1,0.0,6,1,disoit
snipe,1,1,0,0,0,0,0,0,0,0,0,0,0,0,0,1,1,0.4497,5,1,snipe
peeping,1,1,0,0,0,0,0,0,0,0,0,0,0,0,0,1,1,0.4497,7,1,peeping
heraclytus,0,0,0,0,0,0,0,0,0,0,0,0,0,0,0,1,1,0.0,10,1,heraclytus
esire,0,0,0,0,0,0,0,0,0,0,0,0,0,0,0,1,1,0.0,5,1,esire
veritd,0,0,0,0,0,0,0,0,0,0,0,0,0,0,0,1,1,0.0,6,1,veritd
cacwe,0,0,0,0,0,0,0,0,0,0,0,0,0,0,0,1,1,0.0,5,1,cacwe
x,1,0,0,0,0,0,0,0,0,0,0,0,0,0,0,1,1,0.0,1,1,x
yea,1,0,0,1,0,0,1,0,0,0,0,0,0,0,0,1,1,0.5719,3,1,yea
eagle,1,1,0,0,0,0,0,0,0,0,0,0,0,0,0,1,1,0.5719,5,1,eagle
croy,0,0,0,0,0,0,0,0,0,0,0,0,0,0,0,1,1,0.0,4,1,croy
drugs,1,1,0,0,0,0,0,0,0,0,0,0,0,0,0,1,1,0.0,5,1,drugs
yg,0,0,0,0,0,0,0,0,0,0,0,0,0,0,0,1,1,0.0,2,0,yg
bends,1,1,0,0,0,0,0,0,0,0,0,0,0,0,0,1,1,0.802,5,1,bends
fulfil,0,0,0,0,0,0,0,0,0,0,0,0,0,0,0,1,1,0.5106,6,1,fulfil
reverted,0,1,0,0,0,0,0,0,0,0,0,0,0,0,0,1,1,0.0,8,1,reverted
excep,0,0,0,0,0,0,0,0,0,0,0,0,0,0,0,1,1,0.0,5,1,excep
executed,0,1,1,0,0,0,0,0,0,0,0,0,0,0,0,1,1,0.0,8,1,executed
groix,0,0,0,0,0,0,0,0,0,0,0,0,0,0,0,1,1,0.3818,5,1,groix
landmark,1,0,0,0,0,0,0,0,0,0,0,0,0,0,0,1,1,0.0772,8,1,landmark
extricating,0,1,0,0,0,0,0,0,0,0,0,0,0,0,0,1,1,0.0772,11,1,extricating
bottles,1,1,0,0,0,0,0,0,0,0,0,0,0,0,0,1,1,-0.2023,7,1,bottles
hellish,0,0,1,1,0,0,0,0,0,0,0,0,0,0,0,1,1,-0.5574,7,1,hellish
laboratory,1,0,0,0,0,0,0,0,0,0,0,0,0,0,0,1,1,0.7003,10,1,laboratory
relation,1,0,0,0,0,0,0,0,0,0,0,0,0,0,0,1,1,0.0,8,1,relation
spared,0,1,0,0,0,0,0,0,0,0,0,0,0,0,0,1,1,0.5859,6,1,spared
sleeping,1,1,1,0,0,0,0,0,0,0,0,0,0,0,0,1,1,0.0,8,1,sleeping
ker,0,0,0,0,0,0,0,0,0,0,0,0,0,0,0,1,1,0.6486,3,1,ker
selec,0,0,0,0,0,0,0,0,0,0,0,0,0,0,0,1,1,0.6486,5,1,selec
valleys,1,0,0,0,0,0,0,0,0,0,0,0,0,0,0,1,1,0.6486,7,1,valleys
curlew,1,0,0,0,0,0,0,0,0,0,0,0,0,0,0,1,1,0.3612,6,1,curlew
zenith,1,0,0,0,0,0,0,0,0,0,0,0,0,0,0,1,1,0.0,6,1,zenith
smoulder,1,0,0,0,0,0,0,0,0,0,0,0,0,0,0,1,1,-0.34,8,1,smoulder
midges,1,0,0,0,0,0,0,0,0,0,0,0,0,0,0,1,1,0.3182,6,1,midges
bat,1,1,0,0,0,0,0,0,0,0,0,0,0,0,0,1,1,0.3182,3,1,bat
waste,1,1,1,0,0,0,0,0,0,0,0,0,0,0,0,1,1,0.7003,5,1,waste
burnt,0,1,1,0,0,0,0,0,0,0,0,0,0,0,0,1,1,-0.5859,5,1,burnt
inland,0,0,1,1,0,0,0,0,0,0,0,0,0,0,0,1,1,0.0,6,1,inland
reedy,0,0,1,0,0,0,0,0,0,0,0,0,0,0,0,1,1,0.0,5,1,reedy
reality,1,0,0,0,0,0,0,0,0,0,0,0,0,0,0,1,1,0.6486,7,1,reality
enormous,0,0,1,0,0,0,0,0,0,0,0,0,0,0,0,1,1,0.6486,8,1,enormous
goul,0,0,0,0,0,0,0,0,0,0,0,0,0,0,0,1,1,0.1675,4,1,goul
deceptive,0,0,1,0,0,0,0,0,0,0,0,0,0,0,0,1,1,0.6486,9,1,deceptive
atoms,1,0,0,0,0,0,0,0,0,0,0,0,0,0,0,1,1,-0.1725,5,1,atoms
raved,0,1,0,0,0,0,0,0,0,0,0,0,0,0,0,1,1,0.0,5,1,raved
mistrust,0,0,0,0,0,0,0,0,0,0,0,0,0,0,0,1,1,0.0,8,1,mistrust
timacy,0,0,0,0,0,0,0,0,0,0,0,0,0,0,0,1,1,0.1779,6,1,timacy
meaning,1,1,1,0,0,0,0,0,0,0,0,0,0,0,0,1,1,0.0,7,1,meaning
loading,1,1,1,0,0,0,0,0,0,0,0,0,0,0,0,1,1,-0.2023,7,1,loading
nace,0,0,0,0,0,0,0,0,0,0,0,0,0,0,0,1,1,-0.2023,4,1,nace
vestige,1,0,0,0,0,0,0,0,0,0,0,0,0,0,0,1,1,0.0,7,1,vestige
fatigued,0,0,1,0,0,0,0,0,0,0,0,0,0,0,0,1,1,-0.802,8,1,fatigued
galled,0,1,1,0,0,0,0,0,0,0,0,0,0,0,0,1,1,-0.802,6,1,galled
pads,1,1,0,0,0,0,0,0,0,0,0,0,0,0,0,1,1,-0.802,4,1,pads
brawling,0,1,1,0,0,0,0,0,0,0,0,0,0,0,0,1,1,0.0,8,1,brawling
reopen,0,1,0,0,0,0,0,0,0,0,0,0,0,0,0,1,1,-0.6471,6,1,reopen
beckoned,0,0,0,0,0,0,0,0,0,0,0,0,0,0,0,1,1,0.6115,8,1,beckoned
ye,0,0,0,0,0,0,0,0,0,0,0,0,0,0,0,1,1,-0.1725,2,0,ye
convalescent,1,0,1,0,0,0,0,0,0,0,0,0,0,0,0,1,1,-0.1725,12,1,convalescent
billowed,0,1,0,0,0,0,0,0,0,0,0,0,0,0,0,1,1,0.0,8,1,billowed
deftly,0,0,0,1,0,0,0,0,0,0,0,0,0,0,0,1,1,0.0,6,1,deftly
hood,1,1,0,0,0,0,0,0,0,0,0,0,0,0,0,1,1,0.0,4,1,hood
gauntlet,1,0,0,0,0,0,0,0,0,0,0,0,0,0,0,1,1,0.0,8,1,gauntlet
retrace,1,0,0,0,0,0,0,0,0,0,0,0,0,0,0,1,1,0.0,7,1,retrace
round,1,1,1,1,0,0,0,0,0,0,0,0,0,0,0,1,1,0.3612,5,1,round
sleigh,1,0,0,0,0,0,0,0,0,0,0,0,0,0,0,1,1,0.3612,6,1,sleigh
rifts,1,0,0,0,0,0,0,0,0,0,0,0,0,0,0,1,1,0.0,5,1,rifts
gulls,1,1,0,0,0,0,0,0,0,0,0,0,0,0,0,1,1,0.3612,5,1,gulls
tufts,1,0,0,0,0,0,0,0,0,0,0,0,0,0,0,1,1,0.0,5,1,tufts
rabbits,1,1,0,0,0,0,0,0,0,0,0,0,0,0,0,1,1,0.0,7,1,rabbits
swamp,1,1,0,0,0,0,0,0,0,0,0,0,0,0,0,1,1,0.0,5,1,swamp
quack,1,1,1,0,0,0,0,0,0,0,0,0,0,0,0,1,1,0.0,5,1,quack
gigantic,0,0,1,0,0,0,0,0,0,0,0,0,0,0,0,1,1,0.0,8,1,gigantic
seeming,1,1,1,0,0,0,0,0,0,0,0,0,0,0,0,1,1,0.0,7,1,seeming
leggings,1,0,0,0,0,0,0,0,0,0,0,0,0,0,0,1,1,0.0,8,1,leggings
feebly,0,0,0,1,0,0,0,0,0,0,0,0,0,0,0,1,1,0.855,6,1,feebly
heal,0,1,0,0,0,0,0,0,0,0,0,0,0,0,0,1,1,-0.6471,4,1,heal
clue,1,1,0,0,0,0,0,0,0,0,0,0,0,0,0,1,1,0.0,4,1,clue
pect,0,0,0,0,0,0,0,0,0,0,0,0,0,0,0,1,1,0.0,4,1,pect
tails,1,1,0,1,0,0,0,0,0,0,0,0,0,0,0,1,1,0.0,5,1,tails
relapse,1,1,0,0,0,0,0,0,0,0,0,0,0,0,0,1,1,0.0,7,1,relapse
capability,1,0,0,0,0,0,0,0,0,0,0,0,0,0,0,1,1,-0.4767,10,1,capability
slanted,0,1,1,0,0,0,0,0,0,0,0,0,0,0,0,1,1,-0.0772,7,1,slanted
rill,1,0,0,0,0,0,0,0,0,0,0,0,0,0,0,1,1,0.0258,4,1,rill
heron,1,0,0,0,0,0,0,0,0,0,0,0,0,0,0,1,1,0.0258,5,1,heron
reeds,1,0,0,0,0,0,0,0,0,0,0,0,0,0,0,1,1,0.0258,5,1,reeds
searchings,1,0,0,0,0,0,0,0,0,0,0,0,0,0,0,1,1,-0.3291,10,1,searchings
eagerly,0,0,0,1,0,0,0,0,0,0,0,0,0,0,0,1,1,0.855,7,1,eagerly
range,1,1,0,0,0,0,0,0,0,0,0,0,0,0,0,1,1,-0.5927,5,1,range
crowds,1,1,0,0,0,0,0,0,0,0,0,0,0,0,0,1,1,-0.1027,6,1,crowds
senses,1,1,0,0,0,0,0,0,0,0,0,0,0,0,0,1,1,-0.1655,6,1,senses
headlong,0,0,1,1,0,0,0,0,0,0,0,0,0,0,0,1,1,0.3818,8,1,headlong
copyrighted,0,1,1,0,0,0,0,0,0,0,0,0,0,0,0,1,1,0.7845,11,1,copyrighted
statet,0,0,0,0,0,0,0,0,0,0,0,0,0,0,0,1,1,0.7845,6,1,statet
britain,1,0,0,0,0,0,0,0,0,0,0,0,0,0,0,1,1,0.7845,7,1,britain
mdcccxcv,0,0,0,0,0,0,0,0,0,0,0,0,0,0,0,1,1,0.7845,8,1,mdcccxcv
reserved,0,1,1,0,0,0,0,0,0,0,0,0,0,0,0,1,1,0.0,8,1,reserved
maw,1,0,0,0,0,0,0,0,0,0,0,0,0,0,0,1,1,0.0,3,1,maw
conspiracy,1,0,0,0,0,0,0,0,0,0,0,0,0,0,0,1,1,-0.5267,10,1,conspiracy
stronger,0,0,0,0,0,0,0,0,0,0,0,0,0,0,0,1,1,0.6355,8,1,stronger
preoccupied,0,1,1,0,0,0,0,0,0,0,0,0,0,0,0,1,1,-0.3291,11,1,preoccupied
beak,1,0,0,0,0,0,0,0,0,0,0,0,0,0,0,1,1,-0.25,4,1,beak
talon,1,0,0,0,0,0,0,0,0,0,0,0,0,0,0,1,1,-0.1027,5,1,talon
firmly,0,0,0,1,0,0,0,0,0,0,0,0,0,0,0,1,1,-0.1027,6,1,firmly
droop,1,1,0,0,0,0,0,0,0,0,0,0,0,0,0,1,1,0.0,5,1,droop
drowsiness,0,0,0,0,0,0,0,0,0,0,0,0,0,0,0,1,1,-0.4767,10,1,drowsiness
quivering,1,0,1,0,0,0,0,0,0,0,0,0,0,0,0,1,1,0.6249,9,1,quivering
crawling,0,1,1,0,0,0,0,0,0,0,0,0,0,0,0,1,1,-0.2732,8,1,crawling
acquiesced,0,0,0,0,0,0,0,0,0,0,0,0,0,0,0,1,1,-0.3291,10,1,acquiesced
granted,0,1,1,0,0,0,0,0,0,0,0,0,0,0,0,1,1,-0.3291,7,1,granted
unruly,0,0,1,0,0,0,0,0,0,0,0,0,0,0,0,1,1,-0.3291,6,1,unruly
insist,0,1,0,0,0,0,0,0,0,0,0,0,0,0,0,1,1,-0.3291,6,1,insist
relations,1,0,0,0,0,0,0,0,0,0,0,0,0,0,0,1,1,-0.4215,9,1,relations
rancor,0,0,0,0,0,0,0,0,0,0,0,0,0,0,0,1,1,0.0,6,1,rancor
message,1,1,0,0,0,0,0,0,0,0,0,0,0,0,0,1,1,0.6355,7,1,message
amonsr,0,0,0,0,0,0,0,0,0,0,0,0,0,0,0,1,1,-0.4215,6,1,amonsr
snapping,0,1,1,0,0,0,0,0,0,0,0,0,0,0,0,1,1,-0.2732,8,1,snapping
wrapt,0,0,0,0,0,0,0,0,0,0,0,0,0,0,0,1,1,-0.3182,5,1,wrapt
accord,1,1,0,0,0,0,0,0,0,0,0,0,0,0,0,1,1,-0.7615,6,1,accord
hopelessly,0,0,0,1,0,0,0,0,0,0,0,0,0,0,0,1,1,-0.2732,10,1,hopelessly
entangled,0,1,1,0,0,0,0,0,0,0,0,0,0,0,0,1,1,-0.2732,9,1,entangled
rith,0,0,0,0,0,0,0,0,0,0,0,0,0,0,0,1,1,-0.2732,4,1,rith
visions,0,0,0,0,0,0,0,0,0,0,0,0,0,0,0,1,1,-0.2732,7,1,visions
recol,0,0,0,0,0,0,0,0,0,0,0,0,0,0,0,1,1,0.7425,5,1,recol
windy,1,0,1,0,0,0,0,0,0,0,0,0,0,0,0,1,1,0.7425,5,1,windy
delay,1,1,0,0,0,0,0,0,0,0,0,0,0,0,0,1,1,0.7425,5,1,delay
humbly,0,0,0,1,0,0,0,0,0,0,0,0,0,0,0,1,1,-0.631,6,1,humbly
tha,0,0,0,0,0,0,0,0,0,0,0,0,0,0,0,1,1,0.0,3,1,tha
star,1,1,1,0,0,0,0,0,0,0,0,0,0,0,0,1,1,0.0,4,1,star
twinkled,0,1,0,0,0,0,0,0,0,0,0,0,0,0,0,1,1,0.0,8,1,twinkled
triangle,1,0,0,0,0,0,0,0,0,0,0,0,0,0,0,1,1,-0.1531,8,1,triangle
publisher,1,0,0,0,0,0,0,0,0,0,0,0,0,0,0,1,1,0.0,9,1,publisher
anthony,1,0,0,0,0,0,0,0,0,0,0,0,0,0,0,1,1,0.4404,7,1,anthony
professional,1,0,1,0,0,0,0,0,0,0,0,0,0,0,0,1,1,0.5859,12,1,professional
lover,1,0,0,0,0,0,0,0,0,0,0,0,0,0,0,1,1,0.5859,5,1,lover
bijou,1,0,1,0,0,0,0,0,0,0,0,0,0,0,0,1,1,0.0,5,1,bijou
courtships,1,0,0,0,0,0,0,0,0,0,0,0,0,0,0,1,1,0.0,10,1,courtships
perceptible,0,0,1,0,0,0,0,0,0,0,0,0,0,0,0,1,1,0.0,11,1,perceptible
admiration,1,0,0,0,0,0,0,0,0,0,0,0,0,0,0,1,1,0.5871,10,1,admiration
stupe,1,0,0,0,0,0,0,0,0,0,0,0,0,0,0,1,1,0.34,5,1,stupe
fying,0,0,0,0,0,0,0,0,0,0,0,0,0,0,0,1,1,0.34,5,1,fying
agony,1,0,0,0,0,0,0,0,0,0,0,0,0,0,0,1,1,-0.8779,5,1,agony
jvavered,0,0,0,0,0,0,0,0,0,0,0,0,0,0,0,1,1,0.0141,8,1,jvavered
requirement,1,0,0,0,0,0,0,0,0,0,0,0,0,0,0,1,1,0.0141,11,1,requirement
crisis,1,0,0,0,0,0,0,0,0,0,0,0,0,0,0,1,1,0.1321,6,1,crisis
alar,1,0,1,0,0,0,0,0,0,0,0,0,0,0,0,1,1,0.0,4,1,alar
bubbles,1,1,0,0,0,0,0,0,0,0,0,0,0,0,0,1,1,0.0,7,1,bubbles
carbonari,0,0,0,0,0,0,0,0,0,0,0,0,0,0,0,1,1,-0.5267,9,1,carbonari
loitise,0,0,0,0,0,0,0,0,0,0,0,0,0,0,0,1,1,0.0,7,1,loitise
muhlbach,0,0,0,0,0,0,0,0,0,0,0,0,0,0,0,1,1,0.0,8,1,muhlbach
rebellious,0,0,1,0,0,0,0,0,0,0,0,0,0,0,0,1,1,-0.6486,10,1,rebellious
unloyal,0,0,0,0,0,0,0,0,0,0,0,0,0,0,0,1,1,-0.6486,7,1,unloyal
grieve,1,1,0,0,0,0,0,0,0,0,0,0,0,0,0,1,1,0.6262,6,1,grieve
distinctness,1,0,0,0,0,0,0,0,0,0,0,0,0,0,0,1,1,0.7003,12,1,distinctness
incident,1,0,1,0,0,0,0,0,0,0,0,0,0,0,0,1,1,-0.6908,8,1,incident
hut,1,0,0,0,0,0,0,0,0,0,0,0,0,0,0,1,1,0.0,3,1,hut
dedf,0,0,0,0,0,0,0,0,0,0,0,0,0,0,0,1,1,0.0,4,1,dedf
mein,0,0,0,0,0,0,0,0,0,0,0,0,0,0,0,1,1,-0.631,4,1,mein
theme,1,1,0,0,0,0,0,0,0,0,0,0,0,0,0,1,1,0.5106,5,1,theme
sidled,0,1,0,0,0,0,0,0,0,0,0,0,0,0,0,1,1,-0.1027,6,1,sidled
nestled,0,1,1,0,0,0,0,0,0,0,0,0,0,0,0,1,1,-0.1027,7,1,nestled
mates,1,0,0,0,0,0,0,0,0,0,0,0,0,0,0,1,1,-0.1027,5,1,mates
ruffled,0,1,1,0,0,0,0,0,0,0,0,0,0,0,0,1,1,-0.1027,7,1,ruffled
deceived,0,1,0,0,0,0,0,0,0,0,0,0,0,0,0,1,1,-0.6486,8,1,deceived
amazement,0,0,0,0,0,0,0,0,0,0,0,0,0,0,0,1,1,-0.2144,9,1,amazement
pleated,0,1,1,0,0,0,0,0,0,0,0,0,0,0,0,1,1,0.0,7,1,pleated
unac,0,0,0,0,0,0,0,0,0,0,0,0,0,0,0,1,1,0.3612,4,1,unac
quainted,0,0,0,0,0,0,0,0,0,0,0,0,0,0,0,1,1,0.3612,8,1,quainted
finistere,0,0,0,0,0,0,0,0,0,0,0,0,0,0,0,1,1,0.3612,9,1,finistere
een,1,0,0,0,0,0,0,0,0,0,0,0,0,0,0,1,1,0.0,3,1,een
peasant,1,0,0,0,0,0,0,0,0,0,0,0,0,0,0,1,1,0.0,7,1,peasant
channels,1,1,0,0,0,0,0,0,0,0,0,0,0,0,0,1,1,-0.4215,8,1,channels
evieve,0,0,0,0,0,0,0,0,0,0,0,0,0,0,0,1,1,-0.6486,6,1,evieve
tempests,1,0,0,0,0,0,0,0,0,0,0,0,0,0,0,1,1,-0.6486,8,1,tempests
deception,1,0,0,0,0,0,0,0,0,0,0,0,0,0,0,1,1,-0.296,9,1,deception
laying,1,1,0,0,0,0,0,0,0,0,0,0,0,0,0,1,1,-0.7615,6,1,laying
ails,1,1,0,0,0,0,0,0,0,0,0,0,0,0,0,1,1,0.7003,4,1,ails
endured,0,0,0,0,0,0,0,0,0,0,0,0,0,0,0,1,1,0.9153,7,1,endured
fatal,1,0,1,0,0,0,0,0,0,0,0,0,0,0,0,1,1,0.9153,5,1,fatal
glossy,1,0,1,0,0,0,0,0,0,0,0,0,0,0,0,1,1,0.0,6,1,glossy
peasants,1,0,0,0,0,0,0,0,0,0,0,0,0,0,0,1,1,-0.296,8,1,peasants
huts,1,0,0,0,0,0,0,0,0,0,0,0,0,0,0,1,1,-0.296,4,1,huts
adopted,0,1,1,0,0,0,0,0,0,0,0,0,0,0,0,1,1,0.4215,7,1,adopted
forged,0,1,1,0,0,0,0,0,0,0,0,0,0,0,0,1,1,-0.4215,6,1,forged
tortured,0,1,1,0,0,0,0,0,0,0,0,0,0,0,0,1,1,-0.4215,8,1,tortured
incessantly,0,0,0,1,0,0,0,0,0,0,0,0,0,0,0,1,1,0.4404,11,1,incessantly
sisted,0,0,0,0,0,0,0,0,0,0,0,0,0,0,0,1,1,0.4404,6,1,sisted
remedy,1,1,0,0,0,0,0,0,0,0,0,0,0,0,0,1,1,0.0,6,1,remedy
declined,0,1,0,0,0,0,0,0,0,0,0,0,0,0,0,1,1,-0.6428,8,1,declined
random,1,0,1,0,0,0,0,0,0,0,0,0,0,0,0,1,1,0.0,6,1,random
carries,1,1,0,0,0,0,0,0,0,0,0,0,0,0,0,1,1,0.0,7,1,carries
remenv,0,0,0,0,0,0,0,0,0,0,0,0,0,0,0,1,1,-0.945,6,1,remenv
pitfalls,1,0,0,0,0,0,0,0,0,0,0,0,0,0,0,1,1,-0.945,8,1,pitfalls
snares,1,0,0,0,0,0,0,0,0,0,0,0,0,0,0,1,1,-0.945,6,1,snares
apolo,0,0,0,0,0,0,0,0,0,0,0,0,0,0,0,1,1,0.0813,5,1,apolo
gramme,1,0,0,0,0,0,0,0,0,0,0,0,0,0,0,1,1,0.4215,6,1,gramme
twisting,1,1,1,0,0,0,0,0,0,0,0,0,0,0,0,1,1,0.0,8,1,twisting
summon,0,1,0,0,0,0,0,0,0,0,0,0,0,0,0,1,1,0.0,6,1,summon
fussing,1,1,0,0,0,0,0,0,0,0,0,0,0,0,0,1,1,-0.1027,7,1,fussing
doc,1,0,0,0,0,0,0,0,0,0,0,0,0,0,0,1,1,0.0,3,1,doc
intervals,1,0,0,0,0,0,0,0,0,0,0,0,0,0,0,1,1,0.0,9,1,intervals
yj,0,0,0,0,0,0,0,0,0,0,0,0,0,0,0,1,1,0.0,2,0,yj
fetch,1,1,0,0,0,0,0,0,0,0,0,0,0,0,0,1,1,0.0,5,1,fetch
shaft,1,1,0,0,0,0,0,0,0,0,0,0,0,0,0,1,1,0.6124,5,1,shaft
winthrop,0,0,0,0,0,0,0,0,0,0,0,0,0,0,0,1,1,0.4215,8,1,winthrop
adminis,0,0,0,0,0,0,0,0,0,0,0,0,0,0,0,1,1,0.4215,7,1,adminis
tration,0,0,0,0,0,0,0,0,0,0,0,0,0,0,0,1,1,0.4215,7,1,tration
tariff,1,1,0,0,0,0,0,0,0,0,0,0,0,0,0,1,1,0.0,6,1,tariff
labor,1,1,0,0,0,0,0,0,0,0,0,0,0,0,0,1,1,0.0,5,1,labor
practically,0,0,0,1,0,0,0,0,0,0,0,0,0,0,0,1,1,0.4215,11,1,practically
completed,0,1,1,0,0,0,0,0,0,0,0,0,0,0,0,1,1,0.4215,9,1,completed
alter,0,1,0,0,0,0,0,0,0,0,0,0,0,0,0,1,1,-0.2732,5,1,alter
glistening,0,0,1,0,0,0,0,0,0,0,0,0,0,0,0,1,1,0.4939,10,1,glistening
longingly,0,0,0,1,0,0,0,0,0,0,0,0,0,0,0,1,1,0.4767,9,1,longingly
periment,0,0,0,0,0,0,0,0,0,0,0,0,0,0,0,1,1,0.0,8,1,periment
willing,1,1,1,0,0,0,0,0,0,0,0,0,0,0,0,1,1,-0.6428,7,1,willing
tortions,0,0,0,0,0,0,0,0,0,0,0,0,0,0,0,1,1,-0.7506,8,1,tortions
milky,0,0,1,0,0,0,0,0,0,0,0,0,0,0,0,1,1,0.6124,5,1,milky
radiating,0,1,1,0,0,0,0,0,0,0,0,0,0,0,0,1,1,0.6124,9,1,radiating
squirming,1,0,1,0,0,0,0,0,0,0,0,0,0,0,0,1,1,0.0,9,1,squirming
humbled,0,1,1,0,0,0,0,0,0,0,0,0,0,0,0,1,1,0.9231,7,1,humbled
ghostly,0,0,1,0,0,0,0,0,0,0,0,0,0,0,0,1,1,0.0,7,1,ghostly
crickets,1,1,0,0,0,0,0,0,0,0,0,0,0,0,0,1,1,0.0,8,1,crickets
esy,0,0,0,0,0,0,0,0,0,0,0,0,0,0,0,1,1,-0.2023,3,1,esy
coners,0,0,0,0,0,0,0,0,0,0,0,0,0,0,0,1,1,0.0,6,1,coners
heatn,0,0,0,0,0,0,0,0,0,0,0,0,0,0,0,1,1,0.0,5,1,heatn
piqueurs,0,0,0,0,0,0,0,0,0,0,0,0,0,0,0,1,1,0.6808,8,1,piqueurs
saddest,0,0,0,0,0,0,0,0,0,0,0,0,0,0,0,1,1,-0.6124,7,1,saddest
silvered,0,0,0,0,0,0,0,0,0,0,0,0,0,0,0,1,1,0.0,8,1,silvered
exhale,0,1,0,0,0,0,0,0,0,0,0,0,0,0,0,1,1,0.0,6,1,exhale
wherever,0,0,0,1,0,0,1,0,0,0,0,0,0,0,0,1,1,0.0,8,1,wherever
hoc,0,0,1,0,0,0,0,0,0,0,0,0,0,0,0,1,1,-0.7506,3,1,hoc
gleam,1,1,0,0,0,0,0,0,0,0,0,0,0,0,0,1,1,-0.7506,5,1,gleam
twistings,1,0,0,0,0,0,0,0,0,0,0,0,0,0,0,1,1,-0.7506,9,1,twistings
plucked,0,1,1,0,0,0,0,0,0,0,0,0,0,0,0,1,1,0.0,7,1,plucked
nap,1,1,0,0,0,0,0,0,0,0,0,0,0,0,0,1,1,0.4588,3,1,nap
adorably,0,0,0,1,0,0,0,0,0,0,0,0,0,0,0,1,1,0.8442,8,1,adorably
natural,1,0,1,0,0,0,0,0,0,0,0,0,0,0,0,1,1,0.8442,7,1,natural
floats,1,1,0,0,0,0,0,0,0,0,0,0,0,0,0,1,1,0.0,6,1,floats
sandal,1,0,0,0,0,0,0,0,0,0,0,0,0,0,0,1,1,0.0,6,1,sandal
divan,1,0,0,0,0,0,0,0,0,0,0,0,0,0,0,1,1,0.0,5,1,divan
perplexed,0,1,1,0,0,0,0,0,0,0,0,0,0,0,0,1,1,-0.5106,9,1,perplexed
stem,1,1,0,0,0,0,0,0,0,0,0,0,0,0,0,1,1,0.0,4,1,stem
southward,0,0,1,1,0,0,0,0,0,0,0,0,0,0,0,1,1,-0.1531,9,1,southward
ily,0,0,0,0,0,0,0,0,0,0,0,0,0,0,0,1,1,0.765,3,1,ily
inane,1,0,1,0,0,0,0,0,0,0,0,0,0,0,0,1,1,-0.945,5,1,inane
muring,0,0,0,0,0,0,0,0,0,0,0,0,0,0,0,1,1,0.2732,6,1,muring
chimes,1,1,0,0,0,0,0,0,0,0,0,0,0,0,0,1,1,0.2732,6,1,chimes
quieted,0,0,0,0,0,0,0,0,0,0,0,0,0,0,0,1,1,0.4939,7,1,quieted
profoundly,0,0,0,1,0,0,0,0,0,0,0,0,0,0,0,1,1,0.705,10,1,profoundly
gallantry,1,0,0,0,0,0,0,0,0,0,0,0,0,0,0,1,1,0.9231,9,1,gallantry
jeanneton,0,0,0,0,0,0,0,0,0,0,0,0,0,0,0,1,1,0.0,9,1,jeanneton
terms,1,1,0,0,0,0,0,0,0,0,0,0,0,0,0,1,1,0.4939,5,1,terms
manuscripts,1,0,0,0,0,0,0,0,0,0,0,0,0,0,0,1,1,0.4939,11,1,manuscripts
talcons,0,0,0,0,0,0,0,0,0,0,0,0,0,0,0,1,1,0.0,7,1,talcons
squealed,0,1,0,0,0,0,0,0,0,0,0,0,0,0,0,1,1,0.0,8,1,squealed
anticipa,0,0,0,0,0,0,0,0,0,0,0,0,0,0,0,1,1,-0.2263,8,1,anticipa
stamp,1,1,0,0,0,0,0,0,0,0,0,0,0,0,0,1,1,-0.2263,5,1,stamp
spur,1,1,0,0,0,0,0,0,0,0,0,0,0,0,0,1,1,0.743,4,1,spur
restlessly,0,0,0,1,0,0,0,0,0,0,0,0,0,0,0,1,1,-0.34,10,1,restlessly
sprain,1,0,0,0,0,0,0,0,0,0,0,0,0,0,0,1,1,-0.1531,6,1,sprain
member,1,0,0,0,0,0,0,0,0,0,0,0,0,0,0,1,1,0.0,6,1,member
soient,0,0,0,0,0,0,0,0,0,0,0,0,0,0,0,1,1,0.0,6,1,soient
nlanton,0,0,0,0,0,0,0,0,0,0,0,0,0,0,0,1,1,0.0,7,1,nlanton
chassez,0,0,0,0,0,0,0,0,0,0,0,0,0,0,0,1,1,0.0,7,1,chassez
quittez,0,0,0,0,0,0,0,0,0,0,0,0,0,0,0,1,1,0.0,7,1,quittez
rosette,1,0,0,0,0,0,0,0,0,0,0,0,0,0,0,1,1,0.0,7,1,rosette
amours,1,0,0,0,0,0,0,0,0,0,0,0,0,0,0,1,1,0.0,6,1,amours
skins,0,1,0,0,0,0,0,0,0,0,0,0,0,0,0,1,1,0.5251,5,1,skins
turkish,1,0,1,0,0,0,0,0,0,0,0,0,0,0,0,1,1,0.0516,7,1,turkish
isted,0,0,0,0,0,0,0,0,0,0,0,0,0,0,0,1,1,-0.3612,5,1,isted
immediately,0,0,0,1,0,0,1,0,0,0,0,0,0,0,0,1,1,0.0294,11,1,immediately
weapons,1,0,0,0,0,0,0,0,0,0,0,0,0,0,0,1,1,0.0516,7,1,weapons
festoons,1,1,0,0,0,0,0,0,0,0,0,0,0,0,0,1,1,0.0516,8,1,festoons
bade,1,0,0,0,0,0,0,0,0,0,0,0,0,0,0,1,1,0.0,4,1,bade
fauconnier,0,0,0,0,0,0,0,0,0,0,0,0,0,0,0,1,1,0.7096,10,1,fauconnier
veneur,0,0,0,0,0,0,0,0,0,0,0,0,0,0,0,1,1,0.7096,6,1,veneur
incomparable,0,0,1,0,0,0,0,0,0,0,0,0,0,0,0,1,1,0.0,12,1,incomparable
creaking,1,0,1,0,0,0,0,0,0,0,0,0,0,0,0,1,1,-0.5267,8,1,creaking
straining,1,1,1,0,0,0,0,0,0,0,0,0,0,0,0,1,1,-0.5267,9,1,straining
moat,1,0,0,0,0,0,0,0,0,0,0,0,0,0,0,1,1,-0.5267,4,1,moat
rabattre,0,0,0,0,0,0,0,0,0,0,0,0,0,0,0,1,1,0.0,8,1,rabattre
aurore,0,0,0,0,0,0,0,0,0,0,0,0,0,0,0,1,1,0.0,6,1,aurore
empties,1,1,1,0,0,0,0,0,0,0,0,0,0,0,0,1,1,0.4438,7,1,empties
gentlest,0,0,1,0,0,0,0,0,0,0,0,0,0,0,0,1,1,0.4438,8,1,gentlest
loveliest,0,0,1,0,0,0,0,0,0,0,0,0,0,0,0,1,1,0.4438,9,1,loveliest
drained,0,1,1,0,0,0,0,0,0,0,0,0,0,0,0,1,1,-0.3612,7,1,drained
lowering,1,0,1,0,0,0,0,0,0,0,0,0,0,0,0,1,1,-0.0258,8,1,lowering
handing,0,1,0,0,0,0,0,0,0,0,0,0,0,0,0,1,1,0.0,7,1,handing
tasted,0,1,0,0,0,0,0,0,0,0,0,0,0,0,0,1,1,0.0,6,1,tasted
extraordinary,0,0,1,0,0,0,0,0,0,0,0,0,0,0,0,1,1,0.3182,13,1,extraordinary
beggar,1,1,0,0,0,0,0,0,0,0,0,0,0,0,0,1,1,0.0,6,1,beggar
unaccustomed,0,0,1,0,0,0,0,0,0,0,0,0,0,0,0,1,1,0.5251,12,1,unaccustomed
chosen,1,1,1,0,0,0,0,0,0,0,0,0,0,0,0,1,1,0.0,6,1,chosen
flex,1,1,0,0,0,0,0,0,0,0,0,0,0,0,0,1,1,0.0,4,1,flex
ible,0,0,0,0,0,0,0,0,0,0,0,0,0,0,0,1,1,0.0,4,1,ible
lashed,0,1,1,0,0,0,0,0,0,0,0,0,0,0,0,1,1,0.4939,6,1,lashed
yelped,0,1,0,0,0,0,0,0,0,0,0,0,0,0,0,1,1,-0.2263,6,1,yelped
dangers,1,0,0,0,0,0,0,0,0,0,0,0,0,0,0,1,1,0.4438,7,1,dangers
repl,0,0,0,0,0,0,0,0,0,0,0,0,0,0,0,1,1,0.6369,4,1,repl
angelic,0,0,1,0,0,0,0,0,0,0,0,0,0,0,0,1,1,0.6369,7,1,angelic
dismissed,0,1,1,0,0,0,0,0,0,0,0,0,0,0,0,1,1,0.0,9,1,dismissed
poses,1,1,0,0,0,0,0,0,0,0,0,0,0,0,0,1,1,0.2617,5,1,poses
bribes,1,1,0,0,0,0,0,0,0,0,0,0,0,0,0,1,1,0.2617,6,1,bribes
dif,1,0,0,0,0,0,0,0,0,0,0,0,0,0,0,1,1,0.0,3,1,dif
ferent,0,0,0,0,0,0,0,0,0,0,0,0,0,0,0,1,1,0.0,6,1,ferent
outlines,1,0,0,0,0,0,0,0,0,0,0,0,0,0,0,1,1,0.0,8,1,outlines
chateau,1,0,0,0,0,0,0,0,0,0,0,0,0,0,0,1,1,0.8655,7,1,chateau
pack,1,1,0,0,0,0,0,0,0,0,0,0,0,0,0,1,1,0.0,4,1,pack
strapped,0,1,1,0,0,0,0,0,0,0,0,0,0,0,0,1,1,0.4939,8,1,strapped
undo,0,1,0,0,0,0,0,0,0,0,0,0,0,0,0,1,1,-0.5796,4,1,undo
executing,0,1,0,0,0,0,0,0,0,0,0,0,0,0,0,1,1,0.4939,9,1,executing
dance,1,1,0,0,0,0,0,0,0,0,0,0,0,0,0,1,1,0.4939,5,1,dance
whichever,0,0,0,0,0,0,0,0,0,0,0,0,1,0,0,1,1,0.6369,9,1,whichever
pleases,0,1,0,0,0,0,0,0,0,0,0,0,0,0,0,1,1,0.6369,7,1,pleases
facile,0,0,1,0,0,0,0,0,0,0,0,0,0,0,0,1,1,0.0,6,1,facile
oiseau,0,0,0,0,0,0,0,0,0,0,0,0,0,0,0,1,1,0.3193,6,1,oiseau
mayest,0,0,0,0,0,0,0,0,0,0,0,0,0,0,0,1,1,0.3193,6,1,mayest
foamed,0,1,0,0,0,0,0,0,0,0,0,0,0,0,0,1,1,0.0,6,1,foamed
vif,0,0,0,0,0,0,0,0,0,0,0,0,0,0,0,1,1,0.0,3,1,vif
epervier,0,0,0,0,0,0,0,0,0,0,0,0,0,0,0,1,1,0.6369,8,1,epervier
faites,0,0,0,0,0,0,0,0,0,0,0,0,0,0,0,1,1,0.6369,6,1,faites
voiseau,0,0,0,0,0,0,0,0,0,0,0,0,0,0,0,1,1,0.6369,7,1,voiseau
experiment,1,1,0,0,0,0,0,0,0,0,0,0,0,0,0,1,1,0.0772,10,1,experiment
stuck,1,1,1,0,0,0,0,0,0,0,0,0,0,0,0,1,1,-0.5796,5,1,stuck
fume,1,1,0,0,0,0,0,0,0,0,0,0,0,0,0,1,1,0.2123,4,1,fume
tobacco,1,0,0,0,0,0,0,0,0,0,0,0,0,0,0,1,1,0.2123,7,1,tobacco
odds,1,0,0,0,0,0,0,0,0,0,0,0,0,0,0,1,1,-0.5719,4,1,odds
imp,1,0,0,0,0,0,0,0,0,0,0,0,0,0,0,1,1,-0.5796,3,1,imp
daubs,0,1,0,0,0,0,0,0,0,0,0,0,0,0,0,1,1,-0.5796,5,1,daubs
paitre,0,0,0,0,0,0,0,0,0,0,0,0,0,0,0,1,1,0.0,6,1,paitre
jesting,0,0,1,0,0,0,0,0,0,0,0,0,0,0,0,1,1,0.3919,7,1,jesting
appropriated,0,1,1,0,0,0,0,0,0,0,0,0,0,0,0,1,1,-0.1027,12,1,appropriated
ori,0,0,0,0,0,0,0,0,0,0,0,0,0,0,0,1,1,-0.1027,3,1,ori
von,0,0,0,0,0,0,0,0,0,0,0,0,0,0,0,1,1,-0.6908,3,1,von
gartenlaube,0,0,0,0,0,0,0,0,0,0,0,0,0,0,0,1,1,-0.6908,11,1,gartenlaube
forces,1,1,0,0,0,0,0,0,0,0,0,0,0,0,0,1,1,-0.6908,6,1,forces
cuban,1,0,1,0,0,0,0,0,0,0,0,0,0,0,0,1,1,0.6597,5,1,cuban
grewsome,0,0,0,0,0,0,0,0,0,0,0,0,0,0,0,1,1,0.5106,8,1,grewsome
scripts,1,1,0,0,0,0,0,0,0,0,0,0,0,0,0,1,1,-0.2263,7,1,scripts
bayed,0,1,0,0,0,0,0,0,0,0,0,0,0,0,0,1,1,-0.2263,5,1,bayed
accompani,0,0,0,0,0,0,0,0,0,0,0,0,0,0,0,1,1,-0.2263,9,1,accompani
attach,0,1,0,0,0,0,0,0,0,0,0,0,0,0,0,1,1,0.4002,6,1,attach
sport,1,1,1,0,0,0,0,0,0,0,0,0,0,0,0,1,1,0.4002,5,1,sport
beccade,0,0,0,0,0,0,0,0,0,0,0,0,0,0,0,1,1,0.5719,7,1,beccade
acts,0,1,0,0,0,0,0,0,0,0,0,0,0,0,0,1,1,-0.2263,4,1,acts
rodin,1,0,0,0,0,0,0,0,0,0,0,0,0,0,0,1,1,-0.1027,5,1,rodin
carol,1,1,0,0,0,0,0,0,0,0,0,0,0,0,0,1,1,-0.5994,5,1,carol
soaring,1,1,1,0,0,0,0,0,0,0,0,0,0,0,0,1,1,-0.5994,7,1,soaring
lark,1,0,0,1,0,0,0,0,0,0,0,0,0,0,0,1,1,-0.5994,4,1,lark
lafiliere,0,0,0,0,0,0,0,0,0,0,0,0,0,0,0,1,1,0.5719,9,1,lafiliere
exercises,1,1,0,0,0,0,0,0,0,0,0,0,0,0,0,1,1,0.5719,9,1,exercises
escap,0,0,0,0,0,0,0,0,0,0,0,0,0,0,0,1,1,0.5719,5,1,escap
autourserie,0,0,0,0,0,0,0,0,0,0,0,0,0,0,0,1,1,-0.631,11,1,autourserie
trained,0,1,1,0,0,0,0,0,0,0,0,0,0,0,0,1,1,0.4002,7,1,trained
sentiments,0,0,0,0,0,0,0,0,0,0,0,0,0,0,0,1,1,-0.0516,10,1,sentiments
conversations,1,0,0,0,0,0,0,0,0,0,0,0,0,0,0,1,1,-0.0516,13,1,conversations
monet,1,0,0,0,0,0,0,0,0,0,0,0,0,0,0,1,1,-0.1027,5,1,monet
artistic,0,0,1,0,0,0,0,0,0,0,0,0,0,0,0,1,1,-0.1027,8,1,artistic
renaissance,1,0,0,0,0,0,0,0,0,0,0,0,0,0,0,1,1,0.0,11,1,renaissance
unwill,0,0,0,0,0,0,0,0,0,0,0,0,0,0,0,1,1,0.2617,6,1,unwill
ental,0,0,0,0,0,0,0,0,0,0,0,0,0,0,0,1,1,-0.1027,5,1,ental
looted,0,1,1,0,0,0,0,0,0,0,0,0,0,0,0,1,1,-0.1027,6,1,looted
occu,0,0,0,0,0,0,0,0,0,0,0,0,0,0,0,1,1,-0.6908,4,1,occu
pation,0,0,0,0,0,0,0,0,0,0,0,0,0,0,0,1,1,-0.6908,6,1,pation
drily,0,0,0,1,0,0,0,0,0,0,0,0,0,0,0,1,1,0.765,5,1,drily
stored,0,1,0,0,0,0,0,0,0,0,0,0,0,0,0,1,1,0.765,6,1,stored
seizure,1,0,0,0,0,0,0,0,0,0,0,0,0,0,0,1,1,-0.6908,7,1,seizure
coquetted,0,0,0,0,0,0,0,0,0,0,0,0,0,0,0,1,1,0.4939,9,1,coquetted
role,1,0,0,0,0,0,0,0,0,0,0,0,0,0,0,1,1,0.0,4,1,role
interpret,0,1,0,0,0,0,0,0,0,0,0,0,0,0,0,1,1,0.0,9,1,interpret
jardiner,0,0,0,0,0,0,0,0,0,0,0,0,0,0,0,1,1,0.3193,8,1,jardiner
responding,0,1,0,0,0,0,0,0,0,0,0,0,0,0,0,1,1,0.0,10,1,responding
pc,1,0,0,0,0,0,0,0,0,0,0,0,0,0,0,1,1,0.3818,2,1,pc
lagie,0,0,0,0,0,0,0,0,0,0,0,0,0,0,0,1,1,0.3818,5,1,lagie
earthen,0,0,1,0,0,0,0,0,0,0,0,0,0,0,0,1,1,0.3818,7,1,earthen
galloping,0,0,1,0,0,0,0,0,0,0,0,0,0,0,0,1,1,-0.3182,9,1,galloping
hoof,1,1,0,0,0,0,0,0,0,0,0,0,0,0,0,1,1,-0.3182,4,1,hoof
temporary,1,0,1,0,0,0,0,0,0,0,0,0,0,0,0,1,1,-0.6908,9,1,temporary
presumption,1,0,0,0,0,0,0,0,0,0,0,0,0,0,0,1,1,0.1531,11,1,presumption
upturned,0,0,1,0,0,0,0,0,0,0,0,0,0,0,0,1,1,0.9451,8,1,upturned
coursing,1,1,0,0,0,0,0,0,0,0,0,0,0,0,0,1,1,0.9451,8,1,coursing
chivalry,1,0,0,0,0,0,0,0,0,0,0,0,0,0,0,1,1,-0.6007,8,1,chivalry
pronounces,0,1,0,0,0,0,0,0,0,0,0,0,0,0,0,1,1,0.6486,10,1,pronounces
curios,1,0,0,0,0,0,0,0,0,0,0,0,0,0,0,1,1,-0.7184,6,1,curios
prying,0,1,1,0,0,0,0,0,0,0,0,0,0,0,0,1,1,-0.7184,6,1,prying
corners,1,1,0,0,0,0,0,0,0,0,0,0,0,0,0,1,1,-0.7184,7,1,corners
tated,0,0,0,0,0,0,0,0,0,0,0,0,0,0,0,1,1,0.0,5,1,tated
guise,1,0,0,0,0,0,0,0,0,0,0,0,0,0,0,1,1,-0.2023,5,1,guise
contented,0,1,1,0,0,0,0,0,0,0,0,0,0,0,0,1,1,-0.1973,9,1,contented
compelled,0,1,1,0,0,0,0,0,0,0,0,0,0,0,0,1,1,0.0516,9,1,compelled
doublet,1,0,0,0,0,0,0,0,0,0,0,0,0,0,0,1,1,-0.296,7,1,doublet
seamless,0,0,1,0,0,0,0,0,0,0,0,0,0,0,0,1,1,-0.296,8,1,seamless
hospitality,0,0,0,0,0,0,0,0,0,0,0,0,0,0,0,1,1,0.1531,11,1,hospitality
bold,1,0,1,0,0,0,0,0,0,0,0,0,0,0,0,1,1,0.1531,4,1,bold
seating,1,1,0,0,0,0,0,0,0,0,0,0,0,0,0,1,1,0.8832,7,1,seating
removing,0,1,0,0,0,0,0,0,0,0,0,0,0,0,0,1,1,-0.1973,8,1,removing
spinning,1,1,1,0,0,0,0,0,0,0,0,0,0,0,0,1,1,0.0,8,1,spinning
distaff,1,0,1,0,0,0,0,0,0,0,0,0,0,0,0,1,1,0.0,7,1,distaff
belonged,0,1,0,0,0,0,0,0,0,0,0,0,0,0,0,1,1,-0.296,8,1,belonged
costumes,1,1,0,0,0,0,0,0,0,0,0,0,0,0,0,1,1,-0.296,8,1,costumes
por,0,0,0,0,0,0,0,0,0,0,0,0,0,0,0,1,1,0.822,3,1,por
hesi,0,0,0,0,0,0,0,0,0,0,0,0,0,0,0,1,1,0.0,4,1,hesi
essimer,0,0,0,0,0,0,0,0,0,0,0,0,0,0,0,1,1,0.6369,7,1,essimer
abaisser,0,0,0,0,0,0,0,0,0,0,0,0,0,0,0,1,1,0.6369,8,1,abaisser
lui,0,0,0,0,0,0,0,0,0,0,0,0,0,0,0,1,1,0.0,3,1,lui
donnera,0,0,0,0,0,0,0,0,0,0,0,0,0,0,0,1,1,0.0,7,1,donnera
reins,1,1,0,0,0,0,0,0,0,0,0,0,0,0,0,1,1,0.0,5,1,reins
doubts,0,1,0,0,0,0,0,0,0,0,0,0,0,0,0,1,1,0.3818,6,1,doubts
epoch,1,0,0,0,0,0,0,0,0,0,0,0,0,0,0,1,1,0.3818,5,1,epoch
guantlet,0,0,0,0,0,0,0,0,0,0,0,0,0,0,0,1,1,-0.25,8,1,guantlet
pitality,0,0,0,0,0,0,0,0,0,0,0,0,0,0,0,1,1,-0.1511,8,1,pitality
trotted,0,1,0,0,0,0,0,0,0,0,0,0,0,0,0,1,1,0.7351,7,1,trotted
forfeited,0,1,1,0,0,0,0,0,0,0,0,0,0,0,0,1,1,0.6295,9,1,forfeited
grapes,0,0,0,0,0,0,0,0,0,0,0,0,0,0,0,1,1,0.2732,6,1,grapes
fearlessly,0,0,0,1,0,0,0,0,0,0,0,0,0,0,0,1,1,0.2732,10,1,fearlessly
obtained,0,1,0,0,0,0,0,0,0,0,0,0,0,0,0,1,1,0.0,8,1,obtained
tute,1,0,0,0,0,0,0,0,0,0,0,0,0,0,0,1,1,0.2617,4,1,tute
legend,1,0,0,0,0,0,0,0,0,0,0,0,0,0,0,1,1,-0.3182,6,1,legend
platter,1,0,0,0,0,0,0,0,0,0,0,0,0,0,0,1,1,0.7351,7,1,platter
honey,1,1,1,0,0,0,0,0,0,0,0,0,0,0,0,1,1,0.7351,5,1,honey
comb,1,1,0,0,0,0,0,0,0,0,0,0,0,0,0,1,1,0.7351,4,1,comb
flagon,1,0,0,0,0,0,0,0,0,0,0,0,0,0,0,1,1,0.7351,6,1,flagon
inconvenienced,0,0,0,0,0,0,0,0,0,0,0,0,0,0,0,1,1,0.0,14,1,inconvenienced
drying,0,1,1,0,0,0,0,0,0,0,0,0,0,0,0,1,1,-0.6369,6,1,drying
compared,0,1,0,0,0,0,0,0,0,0,0,0,0,0,0,1,1,-0.1779,8,1,compared
hos,1,0,0,0,0,0,0,0,0,0,0,0,0,0,0,1,1,-0.1511,3,1,hos
victories,1,0,0,0,0,0,0,0,0,0,0,0,0,0,0,1,1,-0.6908,9,1,victories
subsequent,0,0,1,0,0,0,0,0,0,0,0,0,0,0,0,1,1,-0.6908,10,1,subsequent
ridiculous,0,0,1,0,0,0,0,0,0,0,0,0,0,0,0,1,1,-0.6908,10,1,ridiculous
samoan,1,0,1,0,0,0,0,0,0,0,0,0,0,0,0,1,1,-0.6908,6,1,samoan
visible,0,0,1,0,0,0,0,0,0,0,0,0,0,0,0,1,1,-0.6908,7,1,visible
scars,1,1,0,0,0,0,0,0,0,0,0,0,0,0,0,1,1,-0.6908,5,1,scars
doom,1,1,0,0,0,0,0,0,0,0,0,0,0,0,0,1,1,0.6486,4,1,doom
lightest,0,0,0,0,0,0,0,0,0,0,0,0,0,0,0,1,1,0.1531,8,1,lightest
cigars,1,0,0,0,0,0,0,0,0,0,0,0,0,0,0,1,1,-0.7184,6,1,cigars
stantly,0,0,0,0,0,0,0,0,0,0,0,0,0,0,0,1,1,0.0,7,1,stantly
labored,0,0,1,0,0,0,0,0,0,0,0,0,0,0,0,1,1,0.8834,7,1,labored
fitfully,0,0,0,1,0,0,0,0,0,0,0,0,0,0,0,1,1,0.8834,8,1,fitfully
idled,0,1,1,0,0,0,0,0,0,0,0,0,0,0,0,1,1,0.8834,5,1,idled
norfolk,1,0,0,0,0,0,0,0,0,0,0,0,0,0,0,1,1,-0.6908,7,1,norfolk
invading,0,1,1,0,0,0,0,0,0,0,0,0,0,0,0,1,1,-0.6908,8,1,invading
naval,0,0,1,0,0,0,0,0,0,0,0,0,0,0,0,1,1,-0.6908,5,1,naval
flax,1,0,0,0,0,0,0,0,0,0,0,0,0,0,0,1,1,0.0,4,1,flax
desti,0,0,0,0,0,0,0,0,0,0,0,0,0,0,0,1,1,0.2617,5,1,desti
awakened,0,0,1,0,0,0,0,0,0,0,0,0,0,0,0,1,1,0.8779,8,1,awakened
immoiselle,0,0,0,0,0,0,0,0,0,0,0,0,0,0,0,1,1,0.0,10,1,immoiselle
fortified,0,1,1,0,0,0,0,0,0,0,0,0,0,0,0,1,1,-0.6845,9,1,fortified
ren,1,0,0,0,0,0,0,0,0,0,0,0,0,0,0,1,1,0.0,3,1,ren
mue,0,0,0,0,0,0,0,0,0,0,0,0,0,0,0,1,1,0.0,3,1,mue
captivity,1,0,0,0,0,0,0,0,0,0,0,0,0,0,0,1,1,0.0,9,1,captivity
tesselated,0,0,0,0,0,0,0,0,0,0,0,0,0,0,0,1,1,0.0,10,1,tesselated
frescoed,0,1,0,0,0,0,0,0,0,0,0,0,0,0,0,1,1,0.3182,8,1,frescoed
pronounce,0,1,0,0,0,0,0,0,0,0,0,0,0,0,0,1,1,0.4404,9,1,pronounce
sidered,0,0,0,0,0,0,0,0,0,0,0,0,0,0,0,1,1,0.6295,7,1,sidered
legends,1,0,0,0,0,0,0,0,0,0,0,0,0,0,0,1,1,0.0,7,1,legends
loup,1,0,0,0,0,0,0,0,0,0,0,0,0,0,0,1,1,0.0,4,1,loup
garou,0,0,0,0,0,0,0,0,0,0,0,0,0,0,0,1,1,0.0,5,1,garou
flamme,0,0,0,0,0,0,0,0,0,0,0,0,0,0,0,1,1,0.0,6,1,flamme
honneur,0,0,0,0,0,0,0,0,0,0,0,0,0,0,0,1,1,-0.2263,7,1,honneur
butrefusing,0,0,0,0,0,0,0,0,0,0,0,0,0,0,0,1,1,-0.2263,11,1,butrefusing
bantering,1,0,1,0,0,0,0,0,0,0,0,0,0,0,0,1,1,-0.2263,9,1,bantering
hospitable,0,0,1,0,0,0,0,0,0,0,0,0,0,0,0,1,1,-0.2263,10,1,hospitable
liis,0,0,0,0,0,0,0,0,0,0,0,0,0,0,0,1,1,0.5719,4,1,liis
upper,1,0,1,0,0,0,0,0,0,0,0,0,0,0,0,1,1,0.5719,5,1,upper
interior,1,0,1,0,0,0,0,0,0,0,0,0,0,0,0,1,1,0.0,8,1,interior
traces,1,1,0,0,0,0,0,0,0,0,0,0,0,0,0,1,1,0.4939,6,1,traces
unexplored,0,0,1,0,0,0,0,0,0,0,0,0,0,0,0,1,1,-0.3182,10,1,unexplored
thunderstorms,1,0,0,0,0,0,0,0,0,0,0,0,0,0,0,1,1,-0.5859,13,1,thunderstorms
aye,1,0,0,0,0,0,0,0,0,0,0,0,0,0,0,1,1,0.0,3,1,aye
advisability,1,0,0,0,0,0,0,0,0,0,0,0,0,0,0,1,1,0.0,12,1,advisability
reappeared,0,1,0,0,0,0,0,0,0,0,0,0,0,0,0,1,1,0.0,10,1,reappeared
bonnet,1,1,0,0,0,0,0,0,0,0,0,0,0,0,0,1,1,0.0,6,1,bonnet
avais,0,0,0,0,0,0,0,0,0,0,0,0,0,0,0,1,1,-0.2263,5,1,avais
bien,0,0,0,0,0,0,0,0,0,0,0,0,0,0,0,1,1,-0.2263,4,1,bien
thongs,1,0,0,0,0,0,0,0,0,0,0,0,0,0,0,1,1,0.0,6,1,thongs
flowed,0,1,0,0,0,0,0,0,0,0,0,0,0,0,0,1,1,0.4404,6,1,flowed
winding,0,1,1,0,0,0,0,0,0,0,0,0,0,0,0,1,1,0.4404,7,1,winding
stooping,0,1,1,0,0,0,0,0,0,0,0,0,0,0,0,1,1,0.0,8,1,stooping
gentil,0,0,0,0,0,0,0,0,0,0,0,0,0,0,0,1,1,0.0,6,1,gentil
awaken,0,1,0,0,0,0,0,0,0,0,0,0,0,0,0,1,1,0.6133,6,1,awaken
avowal,1,0,0,0,0,0,0,0,0,0,0,0,0,0,0,1,1,0.6133,6,1,avowal
lam,1,0,0,0,0,0,0,0,0,0,0,0,0,0,0,1,1,0.6115,3,1,lam
headache,1,0,0,0,0,0,0,0,0,0,0,0,0,0,0,1,1,0.0,8,1,headache
snubbed,0,0,0,0,0,0,0,0,0,0,0,0,0,0,0,1,1,0.296,7,1,snubbed
labonheur,0,0,0,0,0,0,0,0,0,0,0,0,0,0,0,1,1,0.0,9,1,labonheur
tiercelet,1,0,0,0,0,0,0,0,0,0,0,0,0,0,0,1,1,0.0,9,1,tiercelet
heroner,1,0,0,0,0,0,0,0,0,0,0,0,0,0,0,1,1,0.0,7,1,heroner
tht,0,0,0,0,0,0,0,0,0,0,0,0,0,0,0,1,1,0.6369,3,1,tht
partially,0,0,0,1,0,0,0,0,0,0,0,0,0,0,0,1,1,0.0,9,1,partially
imbedded,0,0,0,0,0,0,0,0,0,0,0,0,0,0,0,1,1,0.0,8,1,imbedded
throats,1,0,0,0,0,0,0,0,0,0,0,0,0,0,0,1,1,0.3818,7,1,throats
covetous,0,0,1,0,0,0,0,0,0,0,0,0,0,0,0,1,1,-0.5994,8,1,covetous
scientists,1,0,0,0,0,0,0,0,0,0,0,0,0,0,0,1,1,-0.4939,10,1,scientists
precipitated,0,1,0,0,0,0,0,0,0,0,0,0,0,0,0,1,1,0.0,12,1,precipitated
scandalizing,0,0,0,0,0,0,0,0,0,0,0,0,0,0,0,1,1,0.3612,12,1,scandalizing
blame,1,1,1,0,0,0,0,0,0,0,0,0,0,0,0,1,1,-0.3947,5,1,blame
eighteen,1,0,1,0,0,0,0,0,0,0,0,0,0,0,0,1,1,-0.3947,8,1,eighteen
ivie,0,0,0,0,0,0,0,0,0,0,0,0,0,0,0,1,1,0.0,4,1,ivie
prettily,0,0,0,1,0,0,0,0,0,0,0,0,0,0,0,1,1,0.5423,8,1,prettily
ignoble,0,0,1,0,0,0,0,0,0,0,0,0,0,0,0,1,1,0.0,7,1,ignoble
rises,1,1,0,0,0,0,0,0,0,0,0,0,0,0,0,1,1,0.4588,5,1,rises
gerfalcon,1,0,0,0,0,0,0,0,0,0,0,0,0,0,0,1,1,0.0,9,1,gerfalcon
merlin,1,0,0,0,0,0,0,0,0,0,0,0,0,0,0,1,1,0.0,6,1,merlin
glinted,0,0,0,0,0,0,0,0,0,0,0,0,0,0,0,1,1,0.3182,7,1,glinted
naming,1,1,1,0,0,0,0,0,0,0,0,0,0,0,0,1,1,0.0,6,1,naming
metals,0,1,0,0,0,0,0,0,0,0,0,0,0,0,0,1,1,0.3818,6,1,metals
prevail,0,1,0,0,0,0,0,0,0,0,0,0,0,0,0,1,1,0.3612,7,1,prevail
dressage,1,0,0,0,0,0,0,0,0,0,0,0,0,0,0,1,1,0.5423,8,1,dressage
tamed,0,1,1,0,0,0,0,0,0,0,0,0,0,0,0,1,1,0.0,5,1,tamed
jessed,0,0,0,0,0,0,0,0,0,0,0,0,0,0,0,1,1,0.0,6,1,jessed
brave,1,0,1,0,0,0,0,0,0,0,0,0,0,0,0,1,1,0.5267,5,1,brave
heightened,0,0,0,0,0,0,0,0,0,0,0,0,0,0,0,1,1,0.4019,10,1,heightened
countess,1,0,0,0,0,0,0,0,0,0,0,0,0,0,0,1,1,0.4019,8,1,countess
patience,1,0,0,0,0,0,0,0,0,0,0,0,0,0,0,1,1,0.4939,8,1,patience
conventional,1,0,1,0,0,0,0,0,0,0,0,0,0,0,0,1,1,0.8979,12,1,conventional
alchemy,1,0,0,0,0,0,0,0,0,0,0,0,0,0,0,1,1,0.8126,7,1,alchemy
faire,1,0,0,0,0,0,0,0,0,0,0,0,0,0,0,1,1,0.5106,5,1,faire
foiseau,0,0,0,0,0,0,0,0,0,0,0,0,0,0,0,1,1,0.5106,7,1,foiseau
chaperon,1,0,0,0,0,0,0,0,0,0,0,0,0,0,0,1,1,0.4939,8,1,chaperon
nette,0,0,0,0,0,0,0,0,0,0,0,0,0,0,0,1,1,0.4939,5,1,nette
reduce,0,1,0,0,0,0,0,0,0,0,0,0,0,0,0,1,1,0.4404,6,1,reduce
nourishment,1,0,0,0,0,0,0,0,0,0,0,0,0,0,0,1,1,0.4404,11,1,nourishment
vegetable,1,0,1,0,0,0,0,0,0,0,0,0,0,0,0,1,1,0.4767,9,1,vegetable
gj,0,0,0,0,0,0,0,0,0,0,0,0,0,0,0,1,1,0.4767,2,0,gj
anyone,0,0,0,0,0,0,0,0,0,0,0,0,0,0,1,1,1,0.0,6,1,anyone
phenomena,1,0,0,0,0,0,0,0,0,0,0,0,0,0,0,1,1,-0.0516,9,1,phenomena
mineral,1,0,1,0,0,0,0,0,0,0,0,0,0,0,0,1,1,-0.0516,7,1,mineral
twigs,1,1,0,0,0,0,0,0,0,0,0,0,0,0,0,1,1,-0.0516,5,1,twigs
complained,0,1,0,0,0,0,0,0,0,0,0,0,0,0,0,1,1,0.4218,10,1,complained
omission,1,0,0,0,0,0,0,0,0,0,0,0,0,0,0,1,1,0.4218,8,1,omission
childlike,0,0,1,0,0,0,0,0,0,0,0,0,0,0,0,1,1,0.7003,9,1,childlike
rupted,0,0,0,0,0,0,0,0,0,0,0,0,0,0,0,1,1,-0.4497,6,1,rupted
whipped,0,1,0,0,0,0,0,0,0,0,0,0,0,0,0,1,1,-0.4497,7,1,whipped
height,1,0,0,0,0,0,0,0,0,0,0,0,0,0,0,1,1,-0.296,6,1,height
flapping,0,1,0,0,0,0,0,0,0,0,0,0,0,0,0,1,1,-0.296,8,1,flapping
bowlder,1,0,0,0,0,0,0,0,0,0,0,0,0,0,0,1,1,0.3612,7,1,bowlder
eats,0,1,0,0,0,0,0,0,0,0,0,0,0,0,0,1,1,-0.2732,4,1,eats
disgusted,0,1,1,0,0,0,0,0,0,0,0,0,0,0,0,1,1,-0.6866,9,1,disgusted
glazing,1,1,0,0,0,0,0,0,0,0,0,0,0,0,0,1,1,0.0,7,1,glazing
jr,0,0,0,0,0,0,0,0,0,0,0,0,0,0,0,1,1,0.0,2,0,jr
blocs,1,0,0,0,0,0,0,0,0,0,0,0,0,0,0,1,1,-0.3291,5,1,blocs
drawbridge,1,0,0,0,0,0,0,0,0,0,0,0,0,0,0,1,1,0.0,10,1,drawbridge
couleuvre,0,0,0,0,0,0,0,0,0,0,0,0,0,0,0,1,1,0.0,9,1,couleuvre
reptile,1,0,1,0,0,0,0,0,0,0,0,0,0,0,0,1,1,0.2263,7,1,reptile
smooth,1,1,1,1,0,0,0,0,0,0,0,0,0,0,0,1,1,0.2263,6,1,smooth
patch,1,1,0,0,0,0,0,0,0,0,0,0,0,0,0,1,1,0.2263,5,1,patch
attacking,0,1,1,0,0,0,0,0,0,0,0,0,0,0,0,1,1,-0.5106,9,1,attacking
immersed,0,1,1,0,0,0,0,0,0,0,0,0,0,0,0,1,1,-0.5106,8,1,immersed
ferocity,1,0,0,0,0,0,0,0,0,0,0,0,0,0,0,1,1,-0.5106,8,1,ferocity
fess,1,0,0,0,0,0,0,0,0,0,0,0,0,0,0,1,1,-0.6866,4,1,fess
fossils,1,0,0,0,0,0,0,0,0,0,0,0,0,0,0,1,1,-0.6866,7,1,fossils
narrowing,1,1,1,0,0,0,0,0,0,0,0,0,0,0,0,1,1,-0.5859,9,1,narrowing
rried,0,0,0,0,0,0,0,0,0,0,0,0,0,0,0,1,1,-0.7096,5,1,rried
weeds,1,1,0,0,0,0,0,0,0,0,0,0,0,0,0,1,1,0.0,5,1,weeds
deceive,0,1,0,0,0,0,0,0,0,0,0,0,0,0,0,1,1,0.7147,7,1,deceive
sanctus,0,0,0,0,0,0,0,0,0,0,0,0,0,0,0,1,1,0.4939,7,1,sanctus
gounod,1,0,0,0,0,0,0,0,0,0,0,0,0,0,0,1,1,0.4939,6,1,gounod
rental,1,0,1,0,0,0,0,0,0,0,0,0,0,0,0,1,1,0.7184,6,1,rental
cording,1,1,0,0,0,0,0,0,0,0,0,0,0,0,0,1,1,0.7184,7,1,cording
investi,0,0,0,0,0,0,0,0,0,0,0,0,0,0,0,1,1,-0.5106,7,1,investi
gated,0,1,1,0,0,0,0,0,0,0,0,0,0,0,0,1,1,-0.5106,5,1,gated
accidentally,0,0,0,1,0,0,0,0,0,0,0,0,0,0,0,1,1,-0.5106,12,1,accidentally
willed,0,1,1,0,0,0,0,0,0,0,0,0,0,0,0,1,1,0.1556,6,1,willed
crum,0,0,0,0,0,0,0,0,0,0,0,0,0,0,0,1,1,0.1556,4,1,crum
shrine,1,0,0,0,0,0,0,0,0,0,0,0,0,0,0,1,1,0.1556,6,1,shrine
slab,1,0,0,0,0,0,0,0,0,0,0,0,0,0,0,1,1,0.3291,4,1,slab
numbed,0,1,0,0,0,0,0,0,0,0,0,0,0,0,0,1,1,-0.5859,6,1,numbed
preferred,1,1,1,0,0,0,0,0,0,0,0,0,0,0,0,1,1,0.6597,9,1,preferred
lity,0,0,0,0,0,0,0,0,0,0,0,0,0,0,0,1,1,0.6597,4,1,lity
congratulated,0,1,0,0,0,0,0,0,0,0,0,0,0,0,0,1,1,0.6124,13,1,congratulated
vital,0,0,1,0,0,0,0,0,0,0,0,0,0,0,0,1,1,0.743,5,1,vital
escaping,0,1,0,0,0,0,0,0,0,0,0,0,0,0,0,1,1,0.743,8,1,escaping
source,1,1,0,0,0,0,0,0,0,0,0,0,0,0,0,1,1,0.743,6,1,source
mocking,1,1,1,0,0,0,0,0,0,0,0,0,0,0,0,1,1,0.2846,7,1,mocking
tint,1,1,0,0,0,0,0,0,0,0,0,0,0,0,0,1,1,0.8519,4,1,tint
slumbers,1,0,0,0,0,0,0,0,0,0,0,0,0,0,0,1,1,0.8519,8,1,slumbers
coaling,0,1,0,0,0,0,0,0,0,0,0,0,0,0,0,1,1,0.6597,7,1,coaling
defence,1,0,0,0,0,0,0,0,0,0,0,0,0,0,0,1,1,0.6705,7,1,defence
photography,1,0,0,0,0,0,0,0,0,0,0,0,0,0,0,1,1,0.1779,11,1,photography
corrupt,0,1,1,0,0,0,0,0,0,0,0,0,0,0,0,1,1,-0.3612,7,1,corrupt
confide,0,1,0,0,0,0,0,0,0,0,0,0,0,0,0,1,1,0.0,7,1,confide
variable,1,0,1,0,0,0,0,0,0,0,0,0,0,0,0,1,1,0.0,8,1,variable
eg,0,0,0,0,0,0,0,0,0,0,0,0,0,0,0,1,1,-0.4939,2,0,eg
preserved,0,1,1,0,0,0,0,0,0,0,0,0,0,0,0,1,1,-0.4939,9,1,preserved
sunbeam,1,0,0,0,0,0,0,0,0,0,0,0,0,0,0,1,1,0.6486,7,1,sunbeam
immerse,0,1,0,0,0,0,0,0,0,0,0,0,0,0,0,1,1,0.0,7,1,immerse
samoa,1,0,1,0,0,0,0,0,0,0,0,0,0,0,0,1,1,0.6597,5,1,samoa
proud,0,0,1,1,0,0,0,0,0,0,0,0,0,0,0,1,1,0.4767,5,1,proud
rus,1,0,0,0,0,0,0,0,0,0,0,0,0,0,0,1,1,0.4939,3,1,rus
sian,0,0,0,0,0,0,0,0,0,0,0,0,0,0,0,1,1,0.4939,4,1,sian
waiian,0,0,0,0,0,0,0,0,0,0,0,0,0,0,0,1,1,0.6597,6,1,waiian
sensa,0,0,0,0,0,0,0,0,0,0,0,0,0,0,0,1,1,0.0,5,1,sensa
tech,1,0,0,0,0,0,0,0,0,0,0,0,0,0,0,1,1,0.8381,4,1,tech
nical,0,0,0,0,0,0,0,0,0,0,0,0,0,0,0,1,1,0.8381,5,1,nical
brim,1,1,0,0,0,0,0,0,0,0,0,0,0,0,0,1,1,0.3182,4,1,brim
athirst,0,0,1,0,0,0,0,0,0,0,0,0,0,0,0,1,1,0.0,7,1,athirst
besting,0,0,0,0,0,0,0,0,0,0,0,0,0,0,0,1,1,0.0,7,1,besting
lamentations,1,0,0,0,0,0,0,0,0,0,0,0,0,0,0,1,1,-0.4404,12,1,lamentations
throughout,0,0,0,1,0,0,0,0,0,0,0,0,0,0,0,1,1,0.0,10,1,throughout
pbantom,0,0,0,0,0,0,0,0,0,0,0,0,0,0,0,1,1,0.0,7,1,pbantom
pleading,1,1,1,0,0,0,0,0,0,0,0,0,0,0,0,1,1,-0.3291,8,1,pleading
resisted,0,1,0,0,0,0,0,0,0,0,0,0,0,0,0,1,1,-0.3291,8,1,resisted
eyeballs,1,0,0,0,0,0,0,0,0,0,0,0,0,0,0,1,1,-0.5023,8,1,eyeballs
transfixed,0,1,1,0,0,0,0,0,0,0,0,0,0,0,0,1,1,-0.8583,10,1,transfixed
prostrate,0,1,1,0,0,0,0,0,0,0,0,0,0,0,0,1,1,-0.8583,9,1,prostrate
flaw,1,1,0,0,0,0,0,0,0,0,0,0,0,0,0,1,1,0.0,4,1,flaw
reproduce,0,1,0,0,0,0,0,0,0,0,0,0,0,0,0,1,1,0.0,9,1,reproduce
noticing,0,1,0,0,0,0,0,0,0,0,0,0,0,0,0,1,1,0.5423,8,1,noticing
bot,1,0,0,0,0,0,0,0,0,0,0,0,0,0,0,1,1,0.1027,3,1,bot
tom,1,0,0,0,0,0,0,0,0,0,0,0,0,0,0,1,1,0.1027,3,1,tom
morn,1,0,0,0,0,0,0,0,0,0,0,0,0,0,0,1,1,0.0,4,1,morn
twirling,1,1,0,0,0,0,0,0,0,0,0,0,0,0,0,1,1,0.0,8,1,twirling
academic,1,0,1,0,0,0,0,0,0,0,0,0,0,0,0,1,1,0.0,8,1,academic
mahl,0,0,0,0,0,0,0,0,0,0,0,0,0,0,0,1,1,0.2846,4,1,mahl
throne,1,1,0,0,0,0,0,0,0,0,0,0,0,0,0,1,1,0.0,6,1,throne
cords,1,1,0,0,0,0,0,0,0,0,0,0,0,0,0,1,1,-0.8583,5,1,cords
paroxysms,1,0,0,0,0,0,0,0,0,0,0,0,0,0,0,1,1,-0.6705,9,1,paroxysms
frenzied,0,0,1,0,0,0,0,0,0,0,0,0,0,0,0,1,1,-0.6705,8,1,frenzied
stufcfo,0,0,0,0,0,0,0,0,0,0,0,0,0,0,0,1,1,0.0,7,1,stufcfo
thk,0,0,0,0,0,0,0,0,0,0,0,0,0,0,0,1,1,0.6369,3,1,thk
xove,0,0,0,0,0,0,0,0,0,0,0,0,0,0,0,1,1,0.875,4,1,xove
kith,1,0,0,0,0,0,0,0,0,0,0,0,0,0,0,1,1,-0.1531,4,1,kith
clearness,1,0,0,0,0,0,0,0,0,0,0,0,0,0,0,1,1,-0.3182,9,1,clearness
disap,0,0,0,0,0,0,0,0,0,0,0,0,0,0,0,1,1,0.0,5,1,disap
chem,0,0,0,0,0,0,0,0,0,0,0,0,0,0,0,1,1,0.4767,4,1,chem
istry,0,0,0,0,0,0,0,0,0,0,0,0,0,0,0,1,1,0.4767,5,1,istry
coast,1,1,0,0,0,0,0,0,0,0,0,0,0,0,0,1,1,0.7184,5,1,coast
supplied,0,1,0,0,0,0,0,0,0,0,0,0,0,0,0,1,1,0.7184,8,1,supplied
investments,1,0,0,0,0,0,0,0,0,0,0,0,0,0,0,1,1,0.6597,11,1,investments
vasses,0,0,0,0,0,0,0,0,0,0,0,0,0,0,0,1,1,-0.3818,6,1,vasses
vine,1,0,0,0,0,0,0,0,0,0,0,0,0,0,0,1,1,0.9579,4,1,vine
abjuring,0,1,0,0,0,0,0,0,0,0,0,0,0,0,0,1,1,0.9579,8,1,abjuring
alack,0,0,0,0,0,0,0,0,0,0,0,0,0,0,0,1,1,0.9579,5,1,alack
hano,0,0,0,0,0,0,0,0,0,0,0,0,0,0,0,1,1,0.9579,4,1,hano
sobbing,1,1,0,0,0,0,0,0,0,0,0,0,0,0,0,1,1,0.6597,7,1,sobbing
yeux,0,0,0,0,0,0,0,0,0,0,0,0,0,0,0,1,1,-0.128,4,1,yeux
demi,1,0,0,0,0,0,0,0,0,0,0,0,0,0,0,1,1,-0.128,4,1,demi
croise,1,0,0,0,0,0,0,0,0,0,0,0,0,0,0,1,1,-0.128,6,1,croise
bras,1,0,0,0,0,0,0,0,0,0,0,0,0,0,0,1,1,-0.128,4,1,bras
klinked,0,0,0,0,0,0,0,0,0,0,0,0,0,0,0,1,1,0.4404,7,1,klinked
rim,1,1,0,0,0,0,0,0,0,0,0,0,0,0,0,1,1,0.4404,3,1,rim
travelled,0,1,1,0,0,0,0,0,0,0,0,0,0,0,0,1,1,0.4404,9,1,travelled
sein,1,0,0,0,0,0,0,0,0,0,0,0,0,0,0,1,1,-0.128,4,1,sein
coeur,0,0,0,0,0,0,0,0,0,0,0,0,0,0,0,1,1,-0.128,5,1,coeur
endormi,0,0,0,0,0,0,0,0,0,0,0,0,0,0,0,1,1,-0.128,7,1,endormi
jamais,0,0,0,0,0,0,0,0,0,0,0,0,0,0,0,1,1,-0.128,6,1,jamais
tout,1,1,0,1,0,0,0,0,0,0,0,0,0,0,0,1,1,-0.128,4,1,tout
dessein,0,0,0,0,0,0,0,0,0,0,0,0,0,0,0,1,1,-0.128,7,1,dessein
dishonored,0,0,1,0,0,0,0,0,0,0,0,0,0,0,0,1,1,0.7845,10,1,dishonored
trod,0,1,0,0,0,0,0,0,0,0,0,0,0,0,0,1,1,0.6597,4,1,trod
fatore,0,0,0,0,0,0,0,0,0,0,0,0,0,0,0,1,1,0.0,6,1,fatore
chante,0,0,0,0,0,0,0,0,0,0,0,0,0,0,0,1,1,0.0,6,1,chante
lei,1,0,0,0,0,0,0,0,0,0,0,0,0,0,0,1,1,0.0,3,1,lei
toiles,0,0,0,0,0,0,0,0,0,0,0,0,0,0,0,1,1,0.0,6,1,toiles
larmes,0,0,0,0,0,0,0,0,0,0,0,0,0,0,0,1,1,0.0,6,1,larmes
matin,1,0,1,0,0,0,0,0,0,0,0,0,0,0,0,1,1,0.0,5,1,matin
couchers,1,0,0,0,0,0,0,0,0,0,0,0,0,0,0,1,1,0.0,8,1,couchers
soleil,0,0,0,0,0,0,0,0,0,0,0,0,0,0,0,1,1,0.0,6,1,soleil
kitn,0,0,0,0,0,0,0,0,0,0,0,0,0,0,0,1,1,-0.1531,4,1,kitn
gbe,0,0,0,0,0,0,0,0,0,0,0,0,0,0,0,1,1,0.0,3,1,gbe
troom,0,0,0,0,0,0,0,0,0,0,0,0,0,0,0,1,1,0.0,5,1,troom
ttbrong,0,0,0,0,0,0,0,0,0,0,0,0,0,0,0,1,1,0.0,7,1,ttbrong
lointain,0,0,0,0,0,0,0,0,0,0,0,0,0,0,0,1,1,0.0,8,1,lointain
ciel,0,0,0,0,0,0,0,0,0,0,0,0,0,0,0,1,1,0.0,4,1,ciel
qui,0,0,0,0,0,0,0,0,0,0,0,0,0,0,0,1,1,0.0,3,1,qui
exisunc,0,0,0,0,0,0,0,0,0,0,0,0,0,0,0,1,1,0.0,7,1,exisunc
verse,1,1,0,0,0,0,0,0,0,0,0,0,0,0,0,1,1,-0.2911,5,1,verse
animals,1,0,0,0,0,0,0,0,0,0,0,0,0,0,0,1,1,-0.2911,7,1,animals
busied,0,1,1,0,0,0,0,0,0,0,0,0,0,0,0,1,1,0.0,6,1,busied
duties,1,0,0,0,0,0,0,0,0,0,0,0,0,0,0,1,1,0.0,6,1,duties
uncertainly,0,0,0,1,0,0,0,0,0,0,0,0,0,0,0,1,1,-0.34,11,1,uncertainly
reassuring,0,1,1,0,0,0,0,0,0,0,0,0,0,0,0,1,1,0.4019,10,1,reassuring
flanks,1,1,0,0,0,0,0,0,0,0,0,0,0,0,0,1,1,0.4019,6,1,flanks
adversity,1,0,0,0,0,0,0,0,0,0,0,0,0,0,0,1,1,-0.4215,9,1,adversity
lthough,0,0,0,0,0,0,0,0,0,0,0,0,0,0,0,1,1,0.4767,7,1,lthough
furiated,0,0,0,0,0,0,0,0,0,0,0,0,0,0,0,1,1,-0.6124,8,1,furiated
ghastly,0,0,1,1,0,0,0,0,0,0,0,0,0,0,0,1,1,-0.6249,7,1,ghastly
handle,1,1,0,0,0,0,0,0,0,0,0,0,0,0,0,1,1,-0.3612,6,1,handle
crumbs,1,1,0,0,0,0,0,0,0,0,0,0,0,0,0,1,1,-0.3612,6,1,crumbs
thrust,1,1,0,0,0,0,0,0,0,0,0,0,0,0,0,1,1,-0.3612,6,1,thrust
wince,1,1,0,0,0,0,0,0,0,0,0,0,0,0,0,1,1,0.4939,5,1,wince
eon,1,0,0,0,0,0,0,0,0,0,0,0,0,0,0,1,1,-0.2911,3,1,eon
million,1,0,1,0,0,0,0,0,0,0,0,0,0,0,0,1,1,0.7184,7,1,million
squad,1,0,0,0,0,0,0,0,0,0,0,0,0,0,0,1,1,0.7184,5,1,squad
swifter,1,0,0,0,0,0,0,0,0,0,0,0,0,0,0,1,1,0.1901,7,1,swifter
thumping,0,1,1,0,0,0,0,0,0,0,0,0,0,0,0,1,1,-0.5106,8,1,thumping
terday,0,0,0,0,0,0,0,0,0,0,0,0,0,0,0,1,1,-0.7906,6,1,terday
fhe,0,0,0,0,0,0,0,0,0,0,0,0,0,0,0,1,1,0.0,3,1,fhe
uiimask,0,0,0,0,0,0,0,0,0,0,0,0,0,0,0,1,1,0.0,7,1,uiimask
disguise,1,1,0,0,0,0,0,0,0,0,0,0,0,0,0,1,1,-0.128,8,1,disguise
unlicked,0,0,0,0,0,0,0,0,0,0,0,0,0,0,0,1,1,0.4404,8,1,unlicked
grime,0,0,0,0,0,0,0,0,0,0,0,0,0,0,0,1,1,-0.3612,5,1,grime
rinsed,0,1,0,0,0,0,0,0,0,0,0,0,0,0,0,1,1,0.0,6,1,rinsed
crumbled,0,1,1,0,0,0,0,0,0,0,0,0,0,0,0,1,1,0.4939,8,1,crumbled
rons,0,0,0,0,0,0,0,0,0,0,0,0,0,0,0,1,1,0.0,4,1,rons
spasm,1,0,0,0,0,0,0,0,0,0,0,0,0,0,0,1,1,0.5719,5,1,spasm
creased,0,0,1,0,0,0,0,0,0,0,0,0,0,0,0,1,1,0.7184,7,1,creased
territorial,1,0,1,0,0,0,0,0,0,0,0,0,0,0,0,1,1,0.7184,11,1,territorial
purr,1,1,0,0,0,0,0,0,0,0,0,0,0,0,0,1,1,0.0,4,1,purr
reveries,1,0,0,0,0,0,0,0,0,0,0,0,0,0,0,1,1,0.0,8,1,reveries
spinster,1,0,0,0,0,0,0,0,0,0,0,0,0,0,0,1,1,0.0,8,1,spinster
helen,1,0,0,0,0,0,0,0,0,0,0,0,0,0,0,1,1,0.0,5,1,helen
patches,1,1,0,0,0,0,0,0,0,0,0,0,0,0,0,1,1,-0.6124,7,1,patches
chances,1,1,0,0,0,0,0,0,0,0,0,0,0,0,0,1,1,-0.6124,7,1,chances
bony,0,0,1,0,0,0,0,0,0,0,0,0,0,0,0,1,1,-0.6124,4,1,bony
spine,1,0,0,0,0,0,0,0,0,0,0,0,0,0,0,1,1,-0.6124,5,1,spine
tot,1,0,0,0,0,0,0,0,0,0,0,0,0,0,0,1,1,0.7184,3,1,tot
pft,0,0,0,0,0,0,0,0,0,0,0,0,0,0,0,1,1,0.0,3,1,pft
kim,0,0,0,0,0,0,0,0,0,0,0,0,0,0,0,1,1,0.0,3,1,kim
isr,0,0,0,0,0,0,0,0,0,0,0,0,0,0,0,1,1,0.0,3,1,isr
kimball,0,0,0,0,0,0,0,0,0,0,0,0,0,0,0,1,1,0.0,7,1,kimball
scribner,0,0,0,0,0,0,0,0,0,0,0,0,0,0,0,1,1,0.0,8,1,scribner
licking,1,1,0,0,0,0,0,0,0,0,0,0,0,0,0,1,1,0.5927,7,1,licking
forepaws,1,0,0,0,0,0,0,0,0,0,0,0,0,0,0,1,1,0.0754,8,1,forepaws
grant,1,1,0,0,0,0,0,0,0,0,0,0,0,0,0,1,1,-0.7227,5,1,grant
pire,0,0,0,0,0,0,0,0,0,0,0,0,0,0,0,1,1,0.0,4,1,pire
habitable,0,0,1,0,0,0,0,0,0,0,0,0,0,0,0,1,1,0.0,9,1,habitable
temple,1,0,0,0,0,0,0,0,0,0,0,0,0,0,0,1,1,-0.8779,6,1,temple
patrolled,0,1,0,0,0,0,0,0,0,0,0,0,0,0,0,1,1,0.0,9,1,patrolled
navigable,0,0,1,0,0,0,0,0,0,0,0,0,0,0,0,1,1,0.0,9,1,navigable
seas,0,0,0,0,0,0,0,0,0,0,0,0,0,0,0,1,1,0.0,4,1,seas
amply,0,0,0,1,0,0,0,0,0,0,0,0,0,0,0,1,1,0.0,5,1,amply
zile,0,0,0,0,0,0,0,0,0,0,0,0,0,0,0,1,1,0.0,4,1,zile
trumpeter,1,0,0,0,0,0,0,0,0,0,0,0,0,0,0,1,1,0.0,9,1,trumpeter
fred,0,0,0,0,0,0,0,0,0,0,0,0,0,0,0,1,1,0.0,4,1,fred
davies,0,0,0,0,0,0,0,0,0,0,0,0,0,0,0,1,1,0.0,6,1,davies
melodious,0,0,1,0,0,0,0,0,0,0,0,0,0,0,0,1,1,0.0,9,1,melodious
princes,1,0,0,0,0,0,0,0,0,0,0,0,0,0,0,1,1,0.4939,7,1,princes
lings,1,0,0,0,0,0,0,0,0,0,0,0,0,0,0,1,1,-0.1779,5,1,lings
darted,0,1,0,0,0,0,0,0,0,0,0,0,0,0,0,1,1,-0.6124,6,1,darted
indelicate,0,0,1,0,0,0,0,0,0,0,0,0,0,0,0,1,1,-0.419,10,1,indelicate
musing,1,0,1,0,0,0,0,0,0,0,0,0,0,0,0,1,1,-0.419,6,1,musing
inarched,0,0,0,0,0,0,0,0,0,0,0,0,0,0,0,1,1,0.4404,8,1,inarched
remarks,1,0,0,0,0,0,0,0,0,0,0,0,0,0,0,1,1,0.4404,7,1,remarks
politeness,1,0,0,0,0,0,0,0,0,0,0,0,0,0,0,1,1,0.4404,10,1,politeness
meditated,0,0,0,0,0,0,0,0,0,0,0,0,0,0,0,1,1,0.0258,9,1,meditated
encounter,1,0,0,0,0,0,0,0,0,0,0,0,0,0,0,1,1,0.0258,9,1,encounter
stafford,0,0,0,0,0,0,0,0,0,0,0,0,0,0,0,1,1,0.0,8,1,stafford
flattering,1,0,1,0,0,0,0,0,0,0,0,0,0,0,0,1,1,0.3182,10,1,flattering
employed,0,0,1,0,0,0,0,0,0,0,0,0,0,0,0,1,1,0.3182,8,1,employed
tempest,1,0,0,0,0,0,0,0,0,0,0,0,0,0,0,1,1,-0.1779,7,1,tempest
hemispheres,1,0,0,0,0,0,0,0,0,0,0,0,0,0,0,1,1,-0.1779,11,1,hemispheres
highest,0,0,1,0,0,0,0,0,0,0,0,0,0,0,0,1,1,0.7579,7,1,highest
tension,1,0,0,0,0,0,0,0,0,0,0,0,0,0,0,1,1,0.7579,7,1,tension
hammering,1,0,0,0,0,0,0,0,0,0,0,0,0,0,0,1,1,-0.7876,9,1,hammering
tcred,0,0,0,0,0,0,0,0,0,0,0,0,0,0,0,1,1,-0.4767,5,1,tcred
sooth,1,0,1,0,0,0,0,0,0,0,0,0,0,0,0,1,1,-0.419,5,1,sooth
harmonizing,0,1,0,0,0,0,0,0,0,0,0,0,0,0,0,1,1,-0.419,11,1,harmonizing
triumphantly,0,0,0,1,0,0,0,0,0,0,0,0,0,0,0,1,1,0.6486,12,1,triumphantly
interviewed,0,1,0,0,0,0,0,0,0,0,0,0,0,0,0,1,1,0.6486,11,1,interviewed
deprive,0,1,0,0,0,0,0,0,0,0,0,0,0,0,0,1,1,-0.3182,7,1,deprive
deficient,0,0,1,0,0,0,0,0,0,0,0,0,0,0,0,1,1,0.0,9,1,deficient
presumed,0,1,1,0,0,0,0,0,0,0,0,0,0,0,0,1,1,-0.5719,8,1,presumed
scroll,1,1,0,0,0,0,0,0,0,0,0,0,0,0,0,1,1,0.0,6,1,scroll
apparent,0,0,1,0,0,0,0,0,0,0,0,0,0,0,0,1,1,0.5927,8,1,apparent
prescribed,0,0,1,0,0,0,0,0,0,0,0,0,0,0,0,1,1,0.0,10,1,prescribed
woven,1,1,1,0,0,0,0,0,0,0,0,0,0,0,0,1,1,0.0,5,1,woven
deli,1,0,0,0,0,0,0,0,0,0,0,0,0,0,0,1,1,0.0,4,1,deli
cately,0,0,0,0,0,0,0,0,0,0,0,0,0,0,0,1,1,0.0,6,1,cately
famished,0,0,1,0,0,0,0,0,0,0,0,0,0,0,0,1,1,0.0,8,1,famished
indiscreet,0,0,1,0,0,0,0,0,0,0,0,0,0,0,0,1,1,0.0,10,1,indiscreet
youthful,0,0,1,0,0,0,0,0,0,0,0,0,0,0,0,1,1,0.6369,8,1,youthful
recovering,0,0,1,0,0,0,0,0,0,0,0,0,0,0,0,1,1,0.6059,10,1,recovering
poisoning,1,0,0,0,0,0,0,0,0,0,0,0,0,0,0,1,1,-0.5719,9,1,poisoning
sary,0,0,0,0,0,0,0,0,0,0,0,0,0,0,0,1,1,0.0,4,1,sary
slip,1,1,0,0,0,0,0,0,0,0,0,0,0,0,0,1,1,0.0,4,1,slip
eyelets,1,0,0,0,0,0,0,0,0,0,0,0,0,0,0,1,1,0.0,7,1,eyelets
observe,0,1,0,0,0,0,0,0,0,0,0,0,0,0,0,1,1,-0.296,7,1,observe
eyelet,1,0,0,0,0,0,0,0,0,0,0,0,0,0,0,1,1,-0.296,6,1,eyelet
accus,0,0,0,0,0,0,0,0,0,0,0,0,0,0,0,1,1,-0.296,5,1,accus
vanced,0,0,0,0,0,0,0,0,0,0,0,0,0,0,0,1,1,0.0,6,1,vanced
doctors,1,1,0,0,0,0,0,0,0,0,0,0,0,0,0,1,1,-0.7845,7,1,doctors
concealed,0,1,1,0,0,0,0,0,0,0,0,0,0,0,0,1,1,-0.1027,9,1,concealed
enquired,0,0,0,0,0,0,0,0,0,0,0,0,0,0,0,1,1,0.2732,8,1,enquired
caa,0,0,0,0,0,0,0,0,0,0,0,0,0,0,0,1,1,0.2732,3,1,caa
ginning,0,1,0,0,0,0,0,0,0,0,0,0,0,0,0,1,1,0.3182,7,1,ginning
asking,1,1,1,0,0,0,0,0,0,0,0,0,0,0,0,1,1,0.3182,6,1,asking
interests,0,1,0,0,0,0,0,0,0,0,0,0,0,0,0,1,1,0.6486,9,1,interests
contentment,1,0,0,0,0,0,0,0,0,0,0,0,0,0,0,1,1,0.3612,11,1,contentment
tress,1,0,0,0,0,0,0,0,0,0,0,0,0,0,0,1,1,0.0,5,1,tress
decorate,0,1,0,0,0,0,0,0,0,0,0,0,0,0,0,1,1,0.0,8,1,decorate
article,1,1,0,0,0,0,0,0,0,0,0,0,0,0,0,1,1,0.0,7,1,article
neces,0,0,0,0,0,0,0,0,0,0,0,0,0,0,0,1,1,0.0,5,1,neces
bored,0,1,1,0,0,0,0,0,0,0,0,0,0,0,0,1,1,0.5569,5,1,bored
tffort,0,0,0,0,0,0,0,0,0,0,0,0,0,0,0,1,1,0.5569,6,1,tffort
whimsical,0,0,1,0,0,0,0,0,0,0,0,0,0,0,0,1,1,-0.7351,9,1,whimsical
quiring,0,0,0,0,0,0,0,0,0,0,0,0,0,0,0,1,1,0.8122,7,1,quiring
tainly,0,0,0,0,0,0,0,0,0,0,0,0,0,0,0,1,1,0.8122,6,1,tainly
improved,0,0,1,0,0,0,0,0,0,0,0,0,0,0,0,1,1,0.8122,8,1,improved
pristine,0,0,1,0,0,0,0,0,0,0,0,0,0,0,0,1,1,0.1531,8,1,pristine
plumpness,1,0,0,0,0,0,0,0,0,0,0,0,0,0,0,1,1,0.1531,9,1,plumpness
pillows,1,1,0,0,0,0,0,0,0,0,0,0,0,0,0,1,1,0.0,7,1,pillows
coiled,0,1,1,0,0,0,0,0,0,0,0,0,0,0,0,1,1,0.0,6,1,coiled
pur,1,0,0,0,0,0,0,0,0,0,0,0,0,0,0,1,1,0.0,3,1,pur
uninhabited,0,0,1,0,0,0,0,0,0,0,0,0,0,0,0,1,1,0.0,11,1,uninhabited
janitor,1,0,0,0,0,0,0,0,0,0,0,0,0,0,0,1,1,0.0,7,1,janitor
sober,0,1,1,0,0,0,0,0,0,0,0,0,0,0,0,1,1,0.25,5,1,sober
butcher,1,1,0,0,0,0,0,0,0,0,0,0,0,0,0,1,1,-0.2263,7,1,butcher
baker,1,0,0,0,0,0,0,0,0,0,0,0,0,0,0,1,1,-0.2263,5,1,baker
lapping,1,1,0,0,0,0,0,0,0,0,0,0,0,0,0,1,1,0.0,7,1,lapping
cooked,0,1,1,0,0,0,0,0,0,0,0,0,0,0,0,1,1,-0.1779,6,1,cooked
slice,1,1,0,0,0,0,0,0,0,0,0,0,0,0,0,1,1,-0.1779,5,1,slice
slum,1,1,1,0,0,0,0,0,0,0,0,0,0,0,0,1,1,0.5574,4,1,slum
berland,0,0,0,0,0,0,0,0,0,0,0,0,0,0,0,1,1,0.5574,7,1,berland
drifts,1,1,0,0,0,0,0,0,0,0,0,0,0,0,0,1,1,0.5574,6,1,drifts
pinnacles,1,1,0,0,0,0,0,0,0,0,0,0,0,0,0,1,1,0.5574,9,1,pinnacles
drowsily,0,0,0,1,0,0,0,0,0,0,0,0,0,0,0,1,1,0.6361,8,1,drowsily
burnished,0,0,1,0,0,0,0,0,0,0,0,0,0,0,0,1,1,0.6361,9,1,burnished
shades,0,1,0,0,0,0,0,0,0,0,0,0,0,0,0,1,1,0.8357,6,1,shades
dyes,0,1,0,0,0,0,0,0,0,0,0,0,0,0,0,1,1,0.8357,4,1,dyes
rimmed,0,1,1,0,0,0,0,0,0,0,0,0,0,0,0,1,1,0.0,6,1,rimmed
wines,0,1,0,0,0,0,0,0,0,0,0,0,0,0,0,1,1,0.0,5,1,wines
drooped,0,1,0,0,0,0,0,0,0,0,0,0,0,0,0,1,1,-0.5574,7,1,drooped
relaxed,0,1,1,0,0,0,0,0,0,0,0,0,0,0,0,1,1,0.0,7,1,relaxed
tided,0,1,0,0,0,0,0,0,0,0,0,0,0,0,0,1,1,0.2382,5,1,tided
purchased,0,0,0,0,0,0,0,0,0,0,0,0,0,0,0,1,1,0.2382,9,1,purchased
rainbow,1,0,0,0,0,0,0,0,0,0,0,0,0,0,0,1,1,0.8357,7,1,rainbow
palaces,1,0,0,0,0,0,0,0,0,0,0,0,0,0,0,1,1,0.5574,7,1,palaces
tomed,0,0,0,0,0,0,0,0,0,0,0,0,0,0,0,1,1,-0.296,5,1,tomed
vanities,1,0,0,0,0,0,0,0,0,0,0,0,0,0,0,1,1,0.6369,8,1,vanities
doting,1,1,1,0,0,0,0,0,0,0,0,0,0,0,0,1,1,0.6369,6,1,doting
decorating,0,1,0,0,0,0,0,0,0,0,0,0,0,0,0,1,1,0.6369,10,1,decorating
intimate,1,1,1,0,0,0,0,0,0,0,0,0,0,0,0,1,1,0.6369,8,1,intimate
circumference,1,0,0,0,0,0,0,0,0,0,0,0,0,0,0,1,1,0.0,13,1,circumference
fits,1,1,0,0,0,0,0,0,0,0,0,0,0,0,0,1,1,0.0,4,1,fits
enlarged,0,1,1,0,0,0,0,0,0,0,0,0,0,0,0,1,1,0.5267,8,1,enlarged
cocking,0,1,0,0,0,0,0,0,0,0,0,0,0,0,0,1,1,-0.34,7,1,cocking
creak,1,0,0,0,0,0,0,0,0,0,0,0,0,0,0,1,1,-0.34,5,1,creak
doubtful,0,0,1,0,0,0,0,0,0,0,0,0,0,0,0,1,1,-0.5859,8,1,doubtful
jerk,1,1,0,0,0,0,0,0,0,0,0,0,0,0,0,1,1,-0.34,4,1,jerk
noiseless,0,0,1,0,0,0,0,0,0,0,0,0,0,0,0,1,1,-0.34,9,1,noiseless
tour,1,1,0,0,0,0,0,0,0,0,0,0,0,0,0,1,1,-0.34,4,1,tour
sneezed,0,1,0,0,0,0,0,0,0,0,0,0,0,0,0,1,1,0.4215,7,1,sneezed
corridors,1,0,0,0,0,0,0,0,0,0,0,0,0,0,0,1,1,0.0,9,1,corridors
rubbish,1,1,0,0,0,0,0,0,0,0,0,0,0,0,0,1,1,0.0,7,1,rubbish
emphasis,1,0,0,0,0,0,0,0,0,0,0,0,0,0,0,1,1,0.0,8,1,emphasis
leaky,0,0,1,0,0,0,0,0,0,0,0,0,0,0,0,1,1,0.0,5,1,leaky
demonstrative,1,0,1,0,0,0,0,0,0,0,0,0,0,0,0,1,1,0.9437,13,1,demonstrative
enthusiastically,0,0,0,1,0,0,0,0,0,0,0,0,0,0,0,1,1,0.9437,16,1,enthusiastically
penknife,1,0,0,0,0,0,0,0,0,0,0,0,0,0,0,1,1,-0.2732,8,1,penknife
medicine,1,0,0,0,0,0,0,0,0,0,0,0,0,0,0,1,1,0.0,8,1,medicine
cracks,1,1,0,0,0,0,0,0,0,0,0,0,0,0,0,1,1,-0.34,6,1,cracks
tracks,1,1,0,0,0,0,0,0,0,0,0,0,0,0,0,1,1,-0.4215,6,1,tracks
stillness,1,0,0,0,0,0,0,0,0,0,0,0,0,0,0,1,1,-0.4215,9,1,stillness
mel,0,0,0,0,0,0,0,0,0,0,0,0,0,0,0,1,1,-0.4215,3,1,mel
lowered,0,0,1,0,0,0,0,0,0,0,0,0,0,0,0,1,1,-0.128,7,1,lowered
unanswered,0,0,1,0,0,0,0,0,0,0,0,0,0,0,0,1,1,-0.7469,10,1,unanswered
signature,1,0,0,0,0,0,0,0,0,0,0,0,0,0,0,1,1,0.0,9,1,signature
school,1,1,0,0,0,0,0,0,0,0,0,0,0,0,0,1,1,0.188,6,1,school
contracted,0,1,1,0,0,0,0,0,0,0,0,0,0,0,0,1,1,0.0,10,1,contracted
shredded,0,1,1,0,0,0,0,0,0,0,0,0,0,0,0,1,1,-0.1779,8,1,shredded
caressingly,0,0,0,1,0,0,0,0,0,0,0,0,0,0,0,1,1,0.0,11,1,caressingly
graces,0,0,0,0,0,0,0,0,0,0,0,0,0,0,0,1,1,0.4215,6,1,graces
twelve,1,0,1,0,0,0,0,0,0,0,0,0,0,0,0,1,1,0.0,6,1,twelve
spire,1,0,0,0,0,0,0,0,0,0,0,0,0,0,0,1,1,0.0,5,1,spire
francis,0,0,0,0,0,0,0,0,0,0,0,0,0,0,0,1,1,0.25,7,1,francis
xavier,1,0,0,0,0,0,0,0,0,0,0,0,0,0,0,1,1,0.25,6,1,xavier
portcullis,1,0,0,0,0,0,0,0,0,0,0,0,0,0,0,1,1,0.25,10,1,portcullis
tcv,0,0,0,0,0,0,0,0,0,0,0,0,0,0,0,1,1,0.4939,3,1,tcv
filth,1,0,0,0,0,0,0,0,0,0,0,0,0,0,0,1,1,-0.4601,5,1,filth
poorer,0,0,0,0,0,0,0,0,0,0,0,0,0,0,0,1,1,-0.4601,6,1,poorer
unclasp,0,1,0,0,0,0,0,0,0,0,0,0,0,0,0,1,1,0.0,7,1,unclasp
fashions,0,1,0,0,0,0,0,0,0,0,0,0,0,0,0,1,1,-0.296,8,1,fashions
seasons,1,1,0,0,0,0,0,0,0,0,0,0,0,0,0,1,1,-0.296,7,1,seasons
tified,0,0,0,0,0,0,0,0,0,0,0,0,0,0,0,1,1,-0.2263,6,1,tified
needless,0,0,1,0,0,0,0,0,0,0,0,0,0,0,0,1,1,-0.2263,8,1,needless
corselet,1,0,0,0,0,0,0,0,0,0,0,0,0,0,0,1,1,0.7118,8,1,corselet
bats,1,1,1,0,0,0,0,0,0,0,0,0,0,0,0,1,1,0.0,4,1,bats
darting,1,1,1,0,0,0,0,0,0,0,0,0,0,0,0,1,1,0.0,7,1,darting
plants,1,1,0,0,0,0,0,0,0,0,0,0,0,0,0,1,1,-0.1531,6,1,plants
arabesque,1,0,1,0,0,0,0,0,0,0,0,0,0,0,0,1,1,0.4215,9,1,arabesque
babble,1,1,0,0,0,0,0,0,0,0,0,0,0,0,0,1,1,0.0,6,1,babble
benedick,1,0,0,0,0,0,0,0,0,0,0,0,0,0,0,1,1,0.25,8,1,benedick
pivoted,0,0,0,0,0,0,0,0,0,0,0,0,0,0,0,1,1,0.2263,7,1,pivoted
harness,1,1,0,0,0,0,0,0,0,0,0,0,0,0,0,1,1,-0.3612,7,1,harness
rapid,1,0,1,0,0,0,0,0,0,0,0,0,0,0,0,1,1,-0.1531,5,1,rapid
jerky,1,0,1,0,0,0,0,0,0,0,0,0,0,0,0,1,1,-0.1531,5,1,jerky
aimlessly,0,0,0,1,0,0,0,0,0,0,0,0,0,0,0,1,1,-0.1531,9,1,aimlessly
fro,1,0,0,1,0,0,0,0,0,0,0,0,0,0,0,1,1,-0.1531,3,1,fro
cav,0,0,0,0,0,0,0,0,0,0,0,0,0,0,0,1,1,-0.3612,3,1,cav
alry,0,0,0,0,0,0,0,0,0,0,0,0,0,0,0,1,1,-0.3612,4,1,alry
perial,0,0,0,0,0,0,0,0,0,0,0,0,0,0,0,1,1,0.6115,6,1,perial
moonlit,0,0,1,0,0,0,0,0,0,0,0,0,0,0,0,1,1,0.0,7,1,moonlit
lit,1,1,1,0,0,0,0,0,0,0,0,0,0,0,0,1,1,0.0,3,1,lit
tle,0,0,0,0,0,0,0,0,0,0,0,0,0,0,0,1,1,0.0,3,1,tle
knocking,1,1,0,0,0,0,0,0,0,0,0,0,0,0,0,1,1,0.0,8,1,knocking
oppressive,0,0,1,0,0,0,0,0,0,0,0,0,0,0,0,1,1,-0.5719,10,1,oppressive
candlestick,1,0,0,0,0,0,0,0,0,0,0,0,0,0,0,1,1,0.0,11,1,candlestick
hangings,0,0,0,0,0,0,0,0,0,0,0,0,0,0,0,1,1,0.0,8,1,hangings
ukt,0,0,0,0,0,0,0,0,0,0,0,0,0,0,0,1,1,0.6597,3,1,ukt
trailed,0,1,0,0,0,0,0,0,0,0,0,0,0,0,0,1,1,0.2023,7,1,trailed
jaintly,0,0,0,0,0,0,0,0,0,0,0,0,0,0,0,1,1,0.0,7,1,jaintly
canapg,0,0,0,0,0,0,0,0,0,0,0,0,0,0,0,1,1,0.0516,6,1,canapg
mell,1,0,0,0,0,0,0,0,0,0,0,0,0,0,0,1,1,0.0516,4,1,mell
weighted,0,0,1,0,0,0,0,0,0,0,0,0,0,0,0,1,1,0.0,8,1,weighted
brooding,1,1,1,0,0,0,0,0,0,0,0,0,0,0,0,1,1,-0.5106,8,1,brooding
saddened,0,0,0,0,0,0,0,0,0,0,0,0,0,0,0,1,1,-0.5106,8,1,saddened
penetrated,0,1,0,0,0,0,0,0,0,0,0,0,0,0,0,1,1,0.2263,10,1,penetrated
delicate,1,0,1,0,0,0,0,0,0,0,0,0,0,0,0,1,1,0.0516,8,1,delicate
spiders,1,0,0,0,0,0,0,0,0,0,0,0,0,0,0,1,1,0.0516,7,1,spiders
meshes,1,1,0,0,0,0,0,0,0,0,0,0,0,0,0,1,1,0.0516,6,1,meshes
stockings,1,0,0,0,0,0,0,0,0,0,0,0,0,0,0,1,1,0.0516,9,1,stockings
forwarded,0,1,0,0,0,0,0,0,0,0,0,0,0,0,0,1,1,0.0,9,1,forwarded
emb,0,0,0,0,0,0,0,0,0,0,0,0,0,0,0,1,1,0.0,3,1,emb
oidery,0,0,0,0,0,0,0,0,0,0,0,0,0,0,0,1,1,0.0,6,1,oidery
recess,1,1,0,0,0,0,0,0,0,0,0,0,0,0,0,1,1,0.2023,6,1,recess
ringers,1,0,0,0,0,0,0,0,0,0,0,0,0,0,0,1,1,0.0,7,1,ringers
jyg,0,0,0,0,0,0,0,0,0,0,0,0,0,0,0,1,1,0.0,3,1,jyg
untroubled,0,0,1,0,0,0,0,0,0,0,0,0,0,0,0,1,1,0.2617,10,1,untroubled
flickered,0,0,0,0,0,0,0,0,0,0,0,0,0,0,0,1,1,0.2617,9,1,flickered
watches,1,1,0,0,0,0,0,0,0,0,0,0,0,0,0,1,1,0.4939,7,1,watches
paled,0,1,1,0,0,0,0,0,0,0,0,0,0,0,0,1,1,0.4939,5,1,paled
requite,0,1,0,0,0,0,0,0,0,0,0,0,0,0,0,1,1,-0.1027,7,1,requite
meagre,1,0,1,0,0,0,0,0,0,0,0,0,0,0,0,1,1,-0.1027,6,1,meagre
sarcasm,1,0,0,0,0,0,0,0,0,0,0,0,0,0,0,1,1,-0.2263,7,1,sarcasm
tales,1,0,0,0,0,0,0,0,0,0,0,0,0,0,0,1,1,-0.1027,5,1,tales
idle,1,1,1,0,0,0,0,0,0,0,0,0,0,0,0,1,1,-0.6705,4,1,idle
buying,1,1,0,0,0,0,0,0,0,0,0,0,0,0,0,1,1,0.0,6,1,buying
waa,0,0,0,0,0,0,0,0,0,0,0,0,0,0,0,1,1,-0.1027,3,1,waa
fainting,1,1,0,0,0,0,0,0,0,0,0,0,0,0,0,1,1,-0.1027,8,1,fainting
roofs,1,1,0,0,0,0,0,0,0,0,0,0,0,0,0,1,1,-0.2732,5,1,roofs
knotting,1,1,0,0,0,0,0,0,0,0,0,0,0,0,0,1,1,0.0,8,1,knotting
threads,1,1,0,0,0,0,0,0,0,0,0,0,0,0,0,1,1,0.0,7,1,threads
strip,1,1,1,0,0,0,0,0,0,0,0,0,0,0,0,1,1,0.0,5,1,strip
waning,1,1,1,0,0,0,0,0,0,0,0,0,0,0,0,1,1,0.0,6,1,waning
chimneys,1,0,0,0,0,0,0,0,0,0,0,0,0,0,0,1,1,0.0,8,1,chimneys
whining,0,1,1,0,0,0,0,0,0,0,0,0,0,0,0,1,1,-0.3612,7,1,whining
humming,1,1,1,0,0,0,0,0,0,0,0,0,0,0,0,1,1,0.0,7,1,humming
cheerfully,0,0,0,1,0,0,0,0,0,0,0,0,0,0,0,1,1,-0.6597,10,1,cheerfully
prob,1,0,0,0,0,0,0,0,0,0,0,0,0,0,0,1,1,-0.6597,4,1,prob
iantly,0,0,0,0,0,0,0,0,0,0,0,0,0,0,0,1,1,-0.3612,6,1,iantly
sallyport,1,0,0,0,0,0,0,0,0,0,0,0,0,0,0,1,1,-0.3612,9,1,sallyport
constantly,0,0,0,1,0,0,0,0,0,0,0,0,0,0,0,1,1,-0.3612,10,1,constantly
flint,1,0,0,0,0,0,0,0,0,0,0,0,0,0,0,1,1,-0.6369,5,1,flint
yond,0,0,0,0,0,0,0,0,0,0,0,0,0,0,0,1,1,0.5859,4,1,yond
rocks,1,1,0,0,0,0,0,0,0,0,0,0,0,0,0,1,1,0.5859,5,1,rocks
receding,1,1,1,0,0,0,0,0,0,0,0,0,0,0,0,1,1,0.5859,8,1,receding
growling,1,0,0,0,0,0,0,0,0,0,0,0,0,0,0,1,1,0.5859,8,1,growling
exhaled,0,1,1,0,0,0,0,0,0,0,0,0,0,0,0,1,1,-0.4588,7,1,exhaled
dishes,1,1,0,0,0,0,0,0,0,0,0,0,0,0,0,1,1,-0.3612,6,1,dishes
minute,1,0,1,0,0,0,0,0,0,0,0,0,0,0,0,1,1,0.0,6,1,minute
accoutrements,1,0,0,0,0,0,0,0,0,0,0,0,0,0,0,1,1,0.0,13,1,accoutrements
homeless,1,0,1,0,0,0,0,0,0,0,0,0,0,0,0,1,1,-0.4215,8,1,homeless
loiterer,1,0,0,0,0,0,0,0,0,0,0,0,0,0,0,1,1,-0.4215,8,1,loiterer
coated,0,1,1,0,0,0,0,0,0,0,0,0,0,0,0,1,1,-0.4215,6,1,coated
brill,1,0,0,0,0,0,0,0,0,0,0,0,0,0,0,1,1,-0.3612,5,1,brill
piercing,0,1,1,0,0,0,0,0,0,0,0,0,0,0,0,1,1,-0.6369,8,1,piercing
joist,1,0,0,0,0,0,0,0,0,0,0,0,0,0,0,1,1,-0.6369,5,1,joist
schools,1,1,0,0,0,0,0,0,0,0,0,0,0,0,0,1,1,-0.6908,7,1,schools
barristers,1,0,0,0,0,0,0,0,0,0,0,0,0,0,0,1,1,-0.6908,10,1,barristers
consequently,0,0,0,1,0,0,0,0,0,0,0,0,0,0,0,1,1,-0.6908,12,1,consequently
splash,1,1,0,0,0,0,0,0,0,0,0,0,0,0,0,1,1,0.2023,6,1,splash
reminded,0,1,0,0,0,0,0,0,0,0,0,0,0,0,0,1,1,0.2023,8,1,reminded
chained,0,1,1,0,0,0,0,0,0,0,0,0,0,0,0,1,1,0.2023,7,1,chained
redoubled,0,1,1,0,0,0,0,0,0,0,0,0,0,0,0,1,1,0.0,9,1,redoubled
curls,1,1,0,0,0,0,0,0,0,0,0,0,0,0,0,1,1,0.0,5,1,curls
blade,1,0,0,0,0,0,0,0,0,0,0,0,0,0,0,1,1,0.0,5,1,blade
inscription,1,0,0,0,0,0,0,0,0,0,0,0,0,0,0,1,1,0.0,11,1,inscription
jgl,0,0,0,0,0,0,0,0,0,0,0,0,0,0,0,1,1,0.296,3,1,jgl
aces,1,1,0,0,0,0,0,0,0,0,0,0,0,0,0,1,1,0.0,4,1,aces
sadness,1,0,0,0,0,0,0,0,0,0,0,0,0,0,0,1,1,-0.7425,7,1,sadness
powdering,1,0,0,0,0,0,0,0,0,0,0,0,0,0,0,1,1,0.2023,9,1,powdering
superhuman,1,0,1,0,0,0,0,0,0,0,0,0,0,0,0,1,1,0.0,10,1,superhuman
iled,0,0,0,0,0,0,0,0,0,0,0,0,0,0,0,1,1,-0.4588,4,1,iled
renounc,0,0,0,0,0,0,0,0,0,0,0,0,0,0,0,1,1,0.0,7,1,renounc
ques,0,0,0,0,0,0,0,0,0,0,0,0,0,0,0,1,1,0.0,4,1,ques
exag,0,0,0,0,0,0,0,0,0,0,0,0,0,0,0,1,1,-0.25,4,1,exag
gerated,0,0,0,0,0,0,0,0,0,0,0,0,0,0,0,1,1,-0.25,7,1,gerated
wretched,0,0,1,0,0,0,0,0,0,0,0,0,0,0,0,1,1,-0.5719,8,1,wretched
tale,1,0,0,0,0,0,0,0,0,0,0,0,0,0,0,1,1,-0.5719,4,1,tale
incompetent,1,0,1,0,0,0,0,0,0,0,0,0,0,0,0,1,1,-0.6908,11,1,incompetent
triots,0,0,0,0,0,0,0,0,0,0,0,0,0,0,0,1,1,-0.6908,6,1,triots
prosperous,0,0,1,0,0,0,0,0,0,0,0,0,0,0,0,1,1,0.4767,10,1,prosperous
chicago,1,0,0,0,0,0,0,0,0,0,0,0,0,0,0,1,1,0.6115,7,1,chicago
paralyzed,0,1,1,0,0,0,0,0,0,0,0,0,0,0,0,1,1,0.6115,9,1,paralyzed
diplomats,1,0,0,0,0,0,0,0,0,0,0,0,0,0,0,1,1,-0.6908,9,1,diplomats
affixed,0,1,1,0,0,0,0,0,0,0,0,0,0,0,0,1,1,0.2023,7,1,affixed
thousands,1,0,0,0,0,0,0,0,0,0,0,0,0,0,0,1,1,0.0,9,1,thousands
warmer,1,0,0,0,0,0,0,0,0,0,0,0,0,0,0,1,1,0.296,6,1,warmer
fern,1,0,0,0,0,0,0,0,0,0,0,0,0,0,0,1,1,0.296,4,1,fern
traceries,1,0,0,0,0,0,0,0,0,0,0,0,0,0,0,1,1,0.296,9,1,traceries
judson,0,0,0,0,0,0,0,0,0,0,0,0,0,0,0,1,1,0.0,6,1,judson
memor,0,0,0,0,0,0,0,0,0,0,0,0,0,0,0,1,1,0.0,5,1,memor
uscript,0,0,0,0,0,0,0,0,0,0,0,0,0,0,0,1,1,0.0,7,1,uscript
sham,1,0,1,0,0,0,0,0,0,0,0,0,0,0,0,1,1,0.3612,4,1,sham
slums,1,1,0,0,0,0,0,0,0,0,0,0,0,0,0,1,1,0.3612,5,1,slums
margin,1,0,0,0,0,0,0,0,0,0,0,0,0,0,0,1,1,0.0,6,1,margin
worry,1,1,0,0,0,0,0,0,0,0,0,0,0,0,0,1,1,0.2368,5,1,worry
hob,1,1,0,0,0,0,0,0,0,0,0,0,0,0,0,1,1,0.1027,3,1,hob
bled,1,1,0,0,0,0,0,0,0,0,0,0,0,0,0,1,1,0.1027,4,1,bled
tling,0,0,0,0,0,0,0,0,0,0,0,0,0,0,0,1,1,0.0,5,1,tling
wither,0,0,0,0,0,0,0,0,0,0,0,0,0,0,0,1,1,0.3291,6,1,wither
scissors,1,1,0,0,0,0,0,0,0,0,0,0,0,0,0,1,1,0.0,8,1,scissors
frock,1,1,0,0,0,0,0,0,0,0,0,0,0,0,0,1,1,0.0,5,1,frock
cloudy,0,0,1,0,0,0,0,0,0,0,0,0,0,0,0,1,1,0.0,6,1,cloudy
palsied,0,1,1,0,0,0,0,0,0,0,0,0,0,0,0,1,1,0.2023,7,1,palsied
writ,1,0,0,0,0,0,0,0,0,0,0,0,0,0,0,1,1,0.2023,4,1,writ
execution,1,0,0,0,0,0,0,0,0,0,0,0,0,0,0,1,1,0.2023,9,1,execution
rex,1,0,0,0,0,0,0,0,0,0,0,0,0,0,0,1,1,0.2023,3,1,rex
locking,1,1,0,0,0,0,0,0,0,0,0,0,0,0,0,1,1,0.0,7,1,locking
tis,1,0,0,0,0,0,0,0,0,0,0,0,0,0,0,1,1,0.0,3,1,tis
sue,1,0,0,0,0,0,0,0,0,0,0,0,0,0,0,1,1,0.0,3,1,sue
yhtill,0,0,0,0,0,0,0,0,0,0,0,0,0,0,0,1,1,-0.09,6,1,yhtill
degrees,1,0,0,0,0,0,0,0,0,0,0,0,0,0,0,1,1,0.7184,7,1,degrees
ramifica,0,0,0,0,0,0,0,0,0,0,0,0,0,0,0,1,1,0.7184,8,1,ramifica
uoht,0,0,0,0,0,0,0,0,0,0,0,0,0,0,0,1,1,0.7184,4,1,uoht
thale,0,0,0,0,0,0,0,0,0,0,0,0,0,0,0,1,1,0.7184,5,1,thale
researches,0,1,0,0,0,0,0,0,0,0,0,0,0,0,0,1,1,0.0,10,1,researches
establishment,1,0,0,0,0,0,0,0,0,0,0,0,0,0,0,1,1,0.0,13,1,establishment
lakes,1,0,0,0,0,0,0,0,0,0,0,0,0,0,0,1,1,0.0,5,1,lakes
sifted,0,1,0,0,0,0,0,0,0,0,0,0,0,0,0,1,1,0.0,6,1,sifted
housekeeper,1,0,0,0,0,0,0,0,0,0,0,0,0,0,0,1,1,0.1027,11,1,housekeeper
waving,1,1,1,0,0,0,0,0,0,0,0,0,0,0,0,1,1,0.1027,6,1,waving
scheme,1,1,0,0,0,0,0,0,0,0,0,0,0,0,0,1,1,0.0,6,1,scheme
faithfully,0,0,0,1,0,0,0,0,0,0,0,0,0,0,0,1,1,0.4215,10,1,faithfully
suffer,0,1,0,0,0,0,0,0,0,0,0,0,0,0,0,1,1,-0.5423,6,1,suffer
alcohol,1,0,0,0,0,0,0,0,0,0,0,0,0,0,0,1,1,0.0,7,1,alcohol
demhe,0,0,0,0,0,0,0,0,0,0,0,0,0,0,0,1,1,0.0,5,1,demhe
sockets,1,0,0,0,0,0,0,0,0,0,0,0,0,0,0,1,1,0.8316,7,1,sockets
emeralds,1,0,0,0,0,0,0,0,0,0,0,0,0,0,0,1,1,0.8316,8,1,emeralds
controlling,0,1,1,0,0,0,0,0,0,0,0,0,0,0,0,1,1,0.0,11,1,controlling
naotalba,0,0,0,0,0,0,0,0,0,0,0,0,0,0,0,1,1,0.7184,8,1,naotalba
aldones,0,0,0,0,0,0,0,0,0,0,0,0,0,0,0,1,1,0.7184,7,1,aldones
wretchedly,0,0,0,1,0,0,0,0,0,0,0,0,0,0,0,1,1,0.0,10,1,wretchedly
cheerily,0,0,0,1,0,0,0,0,0,0,0,0,0,0,0,1,1,0.2263,8,1,cheerily
rumor,1,1,0,0,0,0,0,0,0,0,0,0,0,0,0,1,1,0.4588,5,1,rumor
uncle,1,0,0,0,0,0,0,0,0,0,0,0,0,0,0,1,1,0.7506,5,1,uncle
hypnotized,0,1,1,0,0,0,0,0,0,0,0,0,0,0,0,1,1,0.0,10,1,hypnotized
pardoned,0,0,0,0,0,0,0,0,0,0,0,0,0,0,0,1,1,0.2263,8,1,pardoned
discharged,0,1,1,0,0,0,0,0,0,0,0,0,0,0,0,1,1,0.2263,10,1,discharged
january,1,0,0,0,0,0,0,0,0,0,0,0,0,0,0,1,1,0.2263,7,1,january
reputafion,0,0,0,0,0,0,0,0,0,0,0,0,0,0,0,1,1,-0.4404,10,1,reputafion
sheepshead,1,0,0,0,0,0,0,0,0,0,0,0,0,0,0,1,1,-0.4404,10,1,sheepshead
thrilled,0,1,1,0,0,0,0,0,0,0,0,0,0,0,0,1,1,0.7184,8,1,thrilled
phew,0,0,0,0,0,0,0,0,0,0,0,0,0,0,0,1,1,-0.5267,4,1,phew
capes,1,0,0,0,0,0,0,0,0,0,0,0,0,0,0,1,1,0.0,5,1,capes
witted,0,0,1,0,0,0,0,0,0,0,0,0,0,0,0,1,1,0.0,6,1,witted
remarked,0,0,0,0,0,0,0,0,0,0,0,0,0,0,0,1,1,0.0,8,1,remarked
sequence,1,1,0,0,0,0,0,0,0,0,0,0,0,0,0,1,1,-0.296,8,1,sequence
income,1,0,0,0,0,0,0,0,0,0,0,0,0,0,0,1,1,0.0,6,1,income
embezzled,0,1,1,0,0,0,0,0,0,0,0,0,0,0,0,1,1,0.7506,9,1,embezzled
amounting,0,1,0,0,0,0,0,0,0,0,0,0,0,0,0,1,1,0.7506,9,1,amounting
uplifted,0,1,1,0,0,0,0,0,0,0,0,0,0,0,0,1,1,0.296,8,1,uplifted
ably,0,0,0,1,0,0,0,0,0,0,0,0,0,0,0,1,1,-0.6597,4,1,ably
exagger,0,0,0,0,0,0,0,0,0,0,0,0,0,0,0,1,1,-0.6597,7,1,exagger
unconcern,1,0,0,0,0,0,0,0,0,0,0,0,0,0,0,1,1,-0.6597,9,1,unconcern
brightly,0,0,0,1,0,0,0,0,0,0,0,0,0,0,0,1,1,0.6249,8,1,brightly
bet,1,1,0,0,0,0,0,0,0,0,0,0,0,0,0,1,1,0.0,3,1,bet
yelled,0,1,1,0,0,0,0,0,0,0,0,0,0,0,0,1,1,0.0,6,1,yelled
sickening,0,0,1,0,0,0,0,0,0,0,0,0,0,0,0,1,1,-0.5267,9,1,sickening
cunningly,0,0,0,1,0,0,0,0,0,0,0,0,0,0,0,1,1,0.4588,9,1,cunningly
orphan,1,1,1,0,0,0,0,0,0,0,0,0,0,0,0,1,1,0.3182,6,1,orphan
sedan,1,0,0,0,0,0,0,0,0,0,0,0,0,0,0,1,1,0.3182,5,1,sedan
bolster,1,1,0,0,0,0,0,0,0,0,0,0,0,0,0,1,1,0.4939,7,1,bolster
sous,1,0,0,0,0,0,0,0,0,0,0,0,0,0,0,1,1,-0.4404,4,1,sous
blockaded,0,1,1,0,0,0,0,0,0,0,0,0,0,0,0,1,1,0.0,9,1,blockaded
honors,0,1,0,0,0,0,0,0,0,0,0,0,0,0,0,1,1,-0.5574,6,1,honors
jgf,0,0,0,0,0,0,0,0,0,0,0,0,0,0,0,1,1,0.0,3,1,jgf
quit,1,1,1,0,0,0,0,0,0,0,0,0,0,0,0,1,1,-0.8201,4,1,quit
isle,1,0,0,0,0,0,0,0,0,0,0,0,0,0,0,1,1,0.0,4,1,isle
swindle,1,0,0,0,0,0,0,0,0,0,0,0,0,0,0,1,1,-0.5267,7,1,swindle
snivel,1,1,0,0,0,0,0,0,0,0,0,0,0,0,0,1,1,0.0,6,1,snivel
thrusting,1,1,0,0,0,0,0,0,0,0,0,0,0,0,0,1,1,0.0,9,1,thrusting
jgij,0,0,0,0,0,0,0,0,0,0,0,0,0,0,0,1,1,0.0,4,1,jgij
ket,1,0,0,0,0,0,0,0,0,0,0,0,0,0,0,1,1,0.0,3,1,ket
coughing,1,1,0,0,0,0,0,0,0,0,0,0,0,0,0,1,1,0.4588,8,1,coughing
variety,1,0,0,0,0,0,0,0,0,0,0,0,0,0,0,1,1,0.0,7,1,variety
drain,1,1,0,0,0,0,0,0,0,0,0,0,0,0,0,1,1,0.296,5,1,drain
squealing,1,1,1,0,0,0,0,0,0,0,0,0,0,0,0,1,1,0.296,9,1,squealing
quavered,0,0,0,0,0,0,0,0,0,0,0,0,0,0,0,1,1,0.0,8,1,quavered
bedstead,1,0,0,0,0,0,0,0,0,0,0,0,0,0,0,1,1,0.539,8,1,bedstead
pitcher,1,0,0,0,0,0,0,0,0,0,0,0,0,0,0,1,1,0.539,7,1,pitcher
winking,0,1,1,0,0,0,0,0,0,0,0,0,0,0,0,1,1,0.0,7,1,winking
vilely,0,0,0,1,0,0,0,0,0,0,0,0,0,0,0,1,1,-0.8201,6,1,vilely
eral,0,0,0,0,0,0,0,0,0,0,0,0,0,0,0,1,1,0.0,4,1,eral
trochu,0,0,0,0,0,0,0,0,0,0,0,0,0,0,0,1,1,0.0,6,1,trochu
rotten,0,0,1,0,0,0,0,0,0,0,0,0,0,0,0,1,1,-0.7269,6,1,rotten
desperately,0,0,0,1,0,0,0,0,0,0,0,0,0,0,0,1,1,0.0755,11,1,desperately
fffe,0,0,0,0,0,0,0,0,0,0,0,0,0,0,0,1,1,0.0,4,1,fffe
millionaires,1,0,0,0,0,0,0,0,0,0,0,0,0,0,0,1,1,0.0,12,1,millionaires
exploits,1,1,0,0,0,0,0,0,0,0,0,0,0,0,0,1,1,-0.6432,8,1,exploits
banker,1,0,0,0,0,0,0,0,0,0,0,0,0,0,0,1,1,0.0,6,1,banker
anterooms,1,0,0,0,0,0,0,0,0,0,0,0,0,0,0,1,1,0.0,9,1,anterooms
condescends,0,1,0,0,0,0,0,0,0,0,0,0,0,0,0,1,1,-0.5439,11,1,condescends
carry,1,1,0,0,0,0,0,0,0,0,0,0,0,0,0,1,1,-0.5439,5,1,carry
selves,1,0,0,0,0,0,0,0,0,0,0,0,0,0,0,1,1,-0.3432,6,1,selves
defense,1,0,0,0,0,0,0,0,0,0,0,0,0,0,0,1,1,-0.3432,7,1,defense
stung,0,1,1,0,0,0,0,0,0,0,0,0,0,0,0,1,1,-0.4767,5,1,stung
alsatian,1,0,1,0,0,0,0,0,0,0,0,0,0,0,0,1,1,-0.4767,8,1,alsatian
smug,0,0,1,0,0,0,0,0,0,0,0,0,0,0,0,1,1,-0.4767,4,1,smug
pinched,0,1,1,0,0,0,0,0,0,0,0,0,0,0,0,1,1,-0.2263,7,1,pinched
slicing,1,1,0,0,0,0,0,0,0,0,0,0,0,0,0,1,1,0.3182,7,1,slicing
banquet,1,0,0,0,0,0,0,0,0,0,0,0,0,0,0,1,1,-0.5439,7,1,banquet
insolent,0,0,1,0,0,0,0,0,0,0,0,0,0,0,0,1,1,0.0,8,1,insolent
difficulties,1,0,0,0,0,0,0,0,0,0,0,0,0,0,0,1,1,-0.5574,12,1,difficulties
deliver,0,1,0,0,0,0,0,0,0,0,0,0,0,0,0,1,1,-0.5574,7,1,deliver
favorable,0,0,1,0,0,0,0,0,0,0,0,0,0,0,0,1,1,0.8555,9,1,favorable
opportunity,1,0,0,0,0,0,0,0,0,0,0,0,0,0,0,1,1,0.8555,11,1,opportunity
illumi,0,0,0,0,0,0,0,0,0,0,0,0,0,0,0,1,1,0.1695,6,1,illumi
nated,0,0,0,0,0,0,0,0,0,0,0,0,0,0,0,1,1,0.1695,5,1,nated
gasping,1,0,1,0,0,0,0,0,0,0,0,0,0,0,0,1,1,-0.25,7,1,gasping
patiently,0,0,0,1,0,0,0,0,0,0,0,0,0,0,0,1,1,0.296,9,1,patiently
using,0,1,0,0,0,0,0,0,0,0,0,0,0,0,0,1,1,0.0,5,1,using
heraldry,1,0,0,0,0,0,0,0,0,0,0,0,0,0,0,1,1,0.0,8,1,heraldry
sub,1,0,0,0,0,0,0,0,0,0,0,0,0,0,0,1,1,0.0,3,1,sub
stantiate,0,0,0,0,0,0,0,0,0,0,0,0,0,0,0,1,1,0.0,9,1,stantiate
osgood,0,0,0,0,0,0,0,0,0,0,0,0,0,0,0,1,1,0.0,6,1,osgood
oswald,1,0,0,0,0,0,0,0,0,0,0,0,0,0,0,1,1,0.0,6,1,oswald
vulsed,0,0,0,0,0,0,0,0,0,0,0,0,0,0,0,1,1,0.0,6,1,vulsed
madhouse,1,0,0,0,0,0,0,0,0,0,0,0,0,0,0,1,1,-0.9636,8,1,madhouse
leapt,0,0,0,0,0,0,0,0,0,0,0,0,0,0,0,1,1,0.4939,5,1,leapt
nimbly,0,0,0,1,0,0,0,0,0,0,0,0,0,0,0,1,1,0.4939,6,1,nimbly
mangled,0,1,1,0,0,0,0,0,0,0,0,0,0,0,0,1,1,0.4939,7,1,mangled
structures,1,1,0,0,0,0,0,0,0,0,0,0,0,0,0,1,1,0.0,10,1,structures
prayer,1,0,0,0,0,0,0,0,0,0,0,0,0,0,0,1,1,0.8807,6,1,prayer
berlin,1,0,0,0,0,0,0,0,0,0,0,0,0,0,0,1,1,-0.6808,6,1,berlin
loafing,0,0,0,0,0,0,0,0,0,0,0,0,0,0,0,1,1,-0.5574,7,1,loafing
riff,1,1,0,0,0,0,0,0,0,0,0,0,0,0,0,1,1,0.0,4,1,riff
raff,0,0,0,0,0,0,0,0,0,0,0,0,0,0,0,1,1,0.0,4,1,raff
sensibly,0,0,0,1,0,0,0,0,0,0,0,0,0,0,0,1,1,0.0,8,1,sensibly
usurer,1,0,0,0,0,0,0,0,0,0,0,0,0,0,0,1,1,0.6369,6,1,usurer
security,1,0,0,0,0,0,0,0,0,0,0,0,0,0,0,1,1,0.6369,8,1,security
seaforth,0,0,0,0,0,0,0,0,0,0,0,0,0,0,0,1,1,-0.7269,8,1,seaforth
forgery,1,0,0,0,0,0,0,0,0,0,0,0,0,0,0,1,1,-0.7269,7,1,forgery
stump,1,1,0,0,0,0,0,0,0,0,0,0,0,0,0,1,1,0.4939,5,1,stump
compla,0,0,0,0,0,0,0,0,0,0,0,0,0,0,0,1,1,0.5719,6,1,compla
cently,0,0,0,0,0,0,0,0,0,0,0,0,0,0,0,1,1,0.5719,6,1,cently
sixteen,1,0,1,0,0,0,0,0,0,0,0,0,0,0,0,1,1,0.0,7,1,sixteen
lightly,0,0,0,1,0,0,0,0,0,0,0,0,0,0,0,1,1,0.7506,7,1,lightly
grandfather,1,0,0,0,0,0,0,0,0,0,0,0,0,0,0,1,1,0.0,11,1,grandfather
assassinate,1,1,0,0,0,0,0,0,0,0,0,0,0,0,0,1,1,0.0,11,1,assassinate
fruitless,0,0,1,0,0,0,0,0,0,0,0,0,0,0,0,1,1,0.0,9,1,fruitless
furrows,1,1,0,0,0,0,0,0,0,0,0,0,0,0,0,1,1,0.5719,7,1,furrows
collodion,1,0,0,0,0,0,0,0,0,0,0,0,0,0,0,1,1,0.5719,9,1,collodion
jected,0,0,0,0,0,0,0,0,0,0,0,0,0,0,0,1,1,0.0,6,1,jected
tumefied,0,1,0,0,0,0,0,0,0,0,0,0,0,0,0,1,1,0.0,8,1,tumefied
occupa,0,0,0,0,0,0,0,0,0,0,0,0,0,0,0,1,1,-0.7269,6,1,occupa
cashier,1,1,0,0,0,0,0,0,0,0,0,0,0,0,0,1,1,-0.7269,7,1,cashier
stuffed,0,1,1,0,0,0,0,0,0,0,0,0,0,0,0,1,1,-0.5574,7,1,stuffed
thirty,1,0,1,0,0,0,0,0,0,0,0,0,0,0,0,1,1,-0.5574,6,1,thirty
afford,0,1,0,0,0,0,0,0,0,0,0,0,0,0,0,1,1,-0.5574,6,1,afford
curbstone,1,0,0,0,0,0,0,0,0,0,0,0,0,0,0,1,1,0.5023,9,1,curbstone
craving,1,1,0,0,0,0,0,0,0,0,0,0,0,0,0,1,1,-0.0516,7,1,craving
amassed,0,0,1,0,0,0,0,0,0,0,0,0,0,0,0,1,1,0.0772,7,1,amassed
startling,0,1,1,0,0,0,0,0,0,0,0,0,0,0,0,1,1,0.0772,9,1,startling
screws,1,1,0,0,0,0,0,0,0,0,0,0,0,0,0,1,1,-0.25,6,1,screws
denounce,0,1,0,0,0,0,0,0,0,0,0,0,0,0,0,1,1,-0.1779,8,1,denounce
sleek,0,0,1,0,0,0,0,0,0,0,0,0,0,0,0,1,1,0.0,5,1,sleek
peal,1,1,0,0,0,0,0,0,0,0,0,0,0,0,0,1,1,0.4939,4,1,peal
suspects,1,1,0,0,0,0,0,0,0,0,0,0,0,0,0,1,1,-0.34,8,1,suspects
forcing,0,1,0,0,0,0,0,0,0,0,0,0,0,0,0,1,1,-0.8316,7,1,forcing
wickedly,0,0,0,1,0,0,0,0,0,0,0,0,0,0,0,1,1,-0.8316,8,1,wickedly
suspect,1,1,1,0,0,0,0,0,0,0,0,0,0,0,0,1,1,-0.34,7,1,suspect
detect,0,1,0,0,0,0,0,0,0,0,0,0,0,0,0,1,1,-0.1779,6,1,detect
banging,1,1,1,0,0,0,0,0,0,0,0,0,0,0,0,1,1,0.0,7,1,banging
stride,1,1,0,0,0,0,0,0,0,0,0,0,0,0,0,1,1,0.0,6,1,stride
widened,0,0,0,0,0,0,0,0,0,0,0,0,0,0,0,1,1,0.0,7,1,widened
overlooked,0,1,1,0,0,0,0,0,0,0,0,0,0,0,0,1,1,-0.0258,10,1,overlooked
plaything,1,0,0,0,0,0,0,0,0,0,0,0,0,0,0,1,1,0.6115,9,1,plaything
bone,1,1,1,0,0,0,0,0,0,0,0,0,0,0,0,1,1,0.0,4,1,bone
eagerness,1,0,0,0,0,0,0,0,0,0,0,0,0,0,0,1,1,-0.3716,9,1,eagerness
vermin,1,0,0,0,0,0,0,0,0,0,0,0,0,0,0,1,1,-0.1779,6,1,vermin
rap,1,1,0,0,0,0,0,0,0,0,0,0,0,0,0,1,1,0.8591,3,1,rap
dispose,0,1,0,0,0,0,0,0,0,0,0,0,0,0,0,1,1,0.8591,7,1,dispose
victory,1,0,0,0,0,0,0,0,0,0,0,0,0,0,0,1,1,0.0,7,1,victory
clutched,0,0,0,0,0,0,0,0,0,0,0,0,0,0,0,1,1,-0.6908,8,1,clutched
divining,0,1,0,0,0,0,0,0,0,0,0,0,0,0,0,1,1,0.7469,8,1,divining
frayed,0,1,1,0,0,0,0,0,0,0,0,0,0,0,0,1,1,-0.3182,6,1,frayed
recent,0,0,1,0,0,0,0,0,0,0,0,0,0,0,0,1,1,-0.3182,6,1,recent
assented,0,1,0,0,0,0,0,0,0,0,0,0,0,0,0,1,1,0.6652,8,1,assented
monkey,1,0,0,0,0,0,0,0,0,0,0,0,0,0,0,1,1,0.34,6,1,monkey
tucking,0,1,0,0,0,0,0,0,0,0,0,0,0,0,0,1,1,0.5423,7,1,tucking
mattress,1,0,0,0,0,0,0,0,0,0,0,0,0,0,0,1,1,0.5423,8,1,mattress
eighty,1,0,1,0,0,0,0,0,0,0,0,0,0,0,0,1,1,0.0,6,1,eighty
squirm,1,0,0,0,0,0,0,0,0,0,0,0,0,0,0,1,1,0.0,6,1,squirm
contrition,0,0,0,0,0,0,0,0,0,0,0,0,0,0,0,1,1,0.0,10,1,contrition
intricate,0,0,1,0,0,0,0,0,0,0,0,0,0,0,0,1,1,-0.128,9,1,intricate
expla,0,0,0,0,0,0,0,0,0,0,0,0,0,0,0,1,1,-0.128,5,1,expla
valerien,0,0,0,0,0,0,0,0,0,0,0,0,0,0,0,1,1,-0.743,8,1,valerien
trails,1,1,0,0,0,0,0,0,0,0,0,0,0,0,0,1,1,0.6124,6,1,trails
issy,0,0,0,0,0,0,0,0,0,0,0,0,0,0,0,1,1,0.6124,4,1,issy
lune,1,0,0,0,0,0,0,0,0,0,0,0,0,0,0,1,1,-0.2732,4,1,lune
myriads,1,0,0,0,0,0,0,0,0,0,0,0,0,0,0,1,1,0.4903,7,1,myriads
glittered,0,0,0,0,0,0,0,0,0,0,0,0,0,0,0,1,1,0.4903,9,1,glittered
showing,1,1,0,0,0,0,0,0,0,0,0,0,0,0,0,1,1,0.4585,7,1,showing
endurance,1,0,0,0,0,0,0,0,0,0,0,0,0,0,0,1,1,0.4585,9,1,endurance
wh,0,0,0,0,0,0,0,0,0,0,0,0,0,0,0,1,1,0.0,2,0,wh
supply,1,1,0,1,0,0,0,0,0,0,0,0,0,0,0,1,1,0.754,6,1,supply
funds,1,1,0,0,0,0,0,0,0,0,0,0,0,0,0,1,1,0.754,5,1,funds
reimburse,0,1,0,0,0,0,0,0,0,0,0,0,0,0,0,1,1,0.9214,9,1,reimburse
abstinence,1,0,0,0,0,0,0,0,0,0,0,0,0,0,0,1,1,0.9214,10,1,abstinence
fleshly,0,0,1,0,0,0,0,0,0,0,0,0,0,0,0,1,1,0.9214,7,1,fleshly
punctuated,0,1,0,0,0,0,0,0,0,0,0,0,0,0,0,1,1,-0.743,10,1,punctuated
shocks,1,1,0,0,0,0,0,0,0,0,0,0,0,0,0,1,1,-0.743,6,1,shocks
enjoying,0,1,0,0,0,0,0,0,0,0,0,0,0,0,0,1,1,0.0516,8,1,enjoying
ikiie,0,0,0,0,0,0,0,0,0,0,0,0,0,0,0,1,1,-0.4767,5,1,ikiie
splinter,1,1,0,0,0,0,0,0,0,0,0,0,0,0,0,1,1,-0.4767,8,1,splinter
pleasures,1,0,0,0,0,0,0,0,0,0,0,0,0,0,0,1,1,0.9214,9,1,pleasures
positively,0,0,0,1,0,0,0,0,0,0,0,0,0,0,0,1,1,0.128,10,1,positively
freak,1,0,0,0,0,0,0,0,0,0,0,0,0,0,0,1,1,0.128,5,1,freak
famine,1,0,0,0,0,0,0,0,0,0,0,0,0,0,0,1,1,0.128,6,1,famine
skeletons,1,0,0,0,0,0,0,0,0,0,0,0,0,0,0,1,1,0.128,9,1,skeletons
firewood,1,0,0,0,0,0,0,0,0,0,0,0,0,0,0,1,1,-0.4767,8,1,firewood
needed,0,1,1,0,0,0,0,0,0,0,0,0,0,0,0,1,1,-0.4767,6,1,needed
whew,0,0,0,0,0,0,0,0,0,0,0,0,0,0,0,1,1,0.0,4,1,whew
smirking,0,1,0,0,0,0,0,0,0,0,0,0,0,0,0,1,1,0.0516,8,1,smirking
nymph,1,0,0,0,0,0,0,0,0,0,0,0,0,0,0,1,1,0.0516,5,1,nymph
freeze,1,1,0,0,0,0,0,0,0,0,0,0,0,0,0,1,1,0.0516,6,1,freeze
luxuries,1,0,0,0,0,0,0,0,0,0,0,0,0,0,0,1,1,0.7506,8,1,luxuries
tie,1,1,0,0,0,0,0,0,0,0,0,0,0,0,0,1,1,-0.4939,3,1,tie
jingled,0,1,0,0,0,0,0,0,0,0,0,0,0,0,0,1,1,0.4585,7,1,jingled
bom,1,0,0,0,0,0,0,0,0,0,0,0,0,0,0,1,1,-0.743,3,1,bom
bardment,0,0,0,0,0,0,0,0,0,0,0,0,0,0,0,1,1,-0.743,8,1,bardment
guernalecs,0,0,0,0,0,0,0,0,0,0,0,0,0,0,0,1,1,0.0,10,1,guernalecs
corne,0,0,0,0,0,0,0,0,0,0,0,0,0,0,0,1,1,0.0,5,1,corne
accepted,0,1,1,0,0,0,0,0,0,0,0,0,0,0,0,1,1,0.6486,8,1,accepted
shyly,0,0,0,1,0,0,0,0,0,0,0,0,0,0,0,1,1,0.6486,5,1,shyly
charging,0,1,0,0,0,0,0,0,0,0,0,0,0,0,0,1,1,0.6486,8,1,charging
tecture,0,0,0,0,0,0,0,0,0,0,0,0,0,0,0,1,1,0.4404,7,1,tecture
frantic,0,0,1,0,0,0,0,0,0,0,0,0,0,0,0,1,1,0.3818,7,1,frantic
crime,1,0,0,0,0,0,0,0,0,0,0,0,0,0,0,1,1,-0.5423,5,1,crime
happily,0,0,0,1,0,0,0,0,0,0,0,0,0,0,0,1,1,0.8519,7,1,happily
author,1,1,0,0,0,0,0,0,0,0,0,0,0,0,0,1,1,0.0,6,1,author
bullets,1,0,0,0,0,0,0,0,0,0,0,0,0,0,0,1,1,-0.1027,7,1,bullets
tiend,0,0,0,0,0,0,0,0,0,0,0,0,0,0,0,1,1,-0.1027,5,1,tiend
switching,1,1,0,0,0,0,0,0,0,0,0,0,0,0,0,1,1,0.4585,9,1,switching
ordering,1,0,0,0,0,0,0,0,0,0,0,0,0,0,0,1,1,0.0,8,1,ordering
presidio,1,0,0,0,0,0,0,0,0,0,0,0,0,0,0,1,1,0.0,8,1,presidio
attacked,0,1,0,0,0,0,0,0,0,0,0,0,0,0,0,1,1,-0.4588,8,1,attacked
hatchet,1,0,0,0,0,0,0,0,0,0,0,0,0,0,0,1,1,0.0,7,1,hatchet
pantry,1,0,0,0,0,0,0,0,0,0,0,0,0,0,0,1,1,0.0,6,1,pantry
tace,1,0,0,0,0,0,0,0,0,0,0,0,0,0,0,1,1,-0.25,4,1,tace
carpet,1,1,0,0,0,0,0,0,0,0,0,0,0,0,0,1,1,-0.3182,6,1,carpet
archi,0,0,0,0,0,0,0,0,0,0,0,0,0,0,0,1,1,0.4404,5,1,archi
san,1,0,0,0,0,0,0,0,0,0,0,0,0,0,0,1,1,0.0,3,1,san
francisco,0,0,0,0,0,0,0,0,0,0,0,0,0,0,0,1,1,0.0,9,1,francisco
happiest,0,0,1,0,0,0,0,0,0,0,0,0,0,0,0,1,1,0.8432,8,1,happiest
congratulation,1,0,0,0,0,0,0,0,0,0,0,0,0,0,0,1,1,0.8481,14,1,congratulation
natured,0,0,0,0,0,0,0,0,0,0,0,0,0,0,0,1,1,0.8481,7,1,natured
subsidizing,0,1,0,0,0,0,0,0,0,0,0,0,0,0,0,1,1,0.5719,11,1,subsidizing
september,1,0,0,0,0,0,0,0,0,0,0,0,0,0,0,1,1,0.0,9,1,september
despatch,1,0,0,0,0,0,0,0,0,0,0,0,0,0,0,1,1,0.0,8,1,despatch
shriv,0,0,0,0,0,0,0,0,0,0,0,0,0,0,0,1,1,-0.6705,5,1,shriv
elled,0,0,0,0,0,0,0,0,0,0,0,0,0,0,0,1,1,-0.6705,5,1,elled
bonfire,1,0,0,0,0,0,0,0,0,0,0,0,0,0,0,1,1,0.6124,7,1,bonfire
magic,1,0,1,0,0,0,0,0,0,0,0,0,0,0,0,1,1,0.0,5,1,magic
shrunken,0,0,1,0,0,0,0,0,0,0,0,0,0,0,0,1,1,0.0,8,1,shrunken
jacques,0,0,0,0,0,0,0,0,0,0,0,0,0,0,0,1,1,0.0,7,1,jacques
blinked,0,1,0,0,0,0,0,0,0,0,0,0,0,0,0,1,1,0.0,7,1,blinked
piers,1,0,0,0,0,0,0,0,0,0,0,0,0,0,0,1,1,0.0516,5,1,piers
rhich,0,0,0,0,0,0,0,0,0,0,0,0,0,0,0,1,1,0.4404,5,1,rhich
population,1,0,0,0,0,0,0,0,0,0,0,0,0,0,0,1,1,0.4404,10,1,population
demolished,0,1,1,0,0,0,0,0,0,0,0,0,0,0,0,1,1,0.0,10,1,demolished
underground,1,0,1,1,0,0,0,0,0,0,0,0,0,0,0,1,1,0.0,11,1,underground
clove,1,0,0,0,0,0,0,0,0,0,0,0,0,0,0,1,1,-0.4019,5,1,clove
neuf,0,0,0,0,0,0,0,0,0,0,0,0,0,0,0,1,1,0.0,4,1,neuf
swaying,1,0,1,0,0,0,0,0,0,0,0,0,0,0,0,1,1,-0.6705,7,1,swaying
stumbling,1,1,1,0,0,0,0,0,0,0,0,0,0,0,0,1,1,-0.6705,9,1,stumbling
shoemaker,1,0,0,0,0,0,0,0,0,0,0,0,0,0,0,1,1,0.0,9,1,shoemaker
buci,0,0,0,0,0,0,0,0,0,0,0,0,0,0,0,1,1,0.0,4,1,buci
tireur,0,0,0,0,0,0,0,0,0,0,0,0,0,0,0,1,1,0.0,6,1,tireur
repeat,1,1,0,0,0,0,0,0,0,0,0,0,0,0,0,1,1,0.0,6,1,repeat
ia,0,0,0,0,0,0,0,0,0,0,0,0,0,0,0,1,1,0.0,2,0,ia
owl,1,0,0,0,0,0,0,0,0,0,0,0,0,0,0,1,1,0.1901,3,1,owl
poring,0,0,0,0,0,0,0,0,0,0,0,0,0,0,0,1,1,0.1901,6,1,poring
damned,1,0,1,1,0,0,0,0,0,0,0,0,0,0,0,1,1,-0.7269,6,1,damned
messages,1,1,0,0,0,0,0,0,0,0,0,0,0,0,0,1,1,0.6486,8,1,messages
numbers,1,1,0,0,0,0,0,0,0,0,0,0,0,0,0,1,1,-0.4767,7,1,numbers
georges,1,0,0,0,0,0,0,0,0,0,0,0,0,0,0,1,1,0.0,7,1,georges
furiously,0,0,0,1,0,0,0,0,0,0,0,0,0,0,0,1,1,-0.1531,9,1,furiously
wishes,1,1,0,0,0,0,0,0,0,0,0,0,0,0,0,1,1,0.9118,6,1,wishes
jour,0,0,0,0,0,0,0,0,0,0,0,0,0,0,0,1,1,-0.4215,4,1,jour
explosion,1,0,0,0,0,0,0,0,0,0,0,0,0,0,0,1,1,-0.4215,9,1,explosion
bastion,1,0,0,0,0,0,0,0,0,0,0,0,0,0,0,1,1,-0.4215,7,1,bastion
surrender,1,1,0,0,0,0,0,0,0,0,0,0,0,0,0,1,1,-0.296,9,1,surrender
heroes,1,0,0,0,0,0,0,0,0,0,0,0,0,0,0,1,1,0.5106,6,1,heroes
parisians,1,0,0,0,0,0,0,0,0,0,0,0,0,0,0,1,1,0.5106,9,1,parisians
signalled,0,0,0,0,0,0,0,0,0,0,0,0,0,0,0,1,1,0.0,9,1,signalled
vale,1,0,0,0,0,0,0,0,0,0,0,0,0,0,0,1,1,0.0,4,1,vale
syl,0,0,0,0,0,0,0,0,0,0,0,0,0,0,0,1,1,-0.25,3,1,syl
via,1,0,0,0,0,0,0,0,0,0,0,0,0,0,0,1,1,-0.25,3,1,via
sti,0,0,0,0,0,0,0,0,0,0,0,0,0,0,0,1,1,0.0,3,1,sti
leons,0,0,0,0,0,0,0,0,0,0,0,0,0,0,0,1,1,0.2846,5,1,leons
saic,1,0,0,0,0,0,0,0,0,0,0,0,0,0,0,1,1,0.4019,4,1,saic
tering,0,0,0,0,0,0,0,0,0,0,0,0,0,0,0,1,1,-0.7783,6,1,tering
rien,0,0,0,0,0,0,0,0,0,0,0,0,0,0,0,1,1,0.0,4,1,rien
harried,0,1,1,0,0,0,0,0,0,0,0,0,0,0,0,1,1,-0.6788,7,1,harried
worried,0,1,1,0,0,0,0,0,0,0,0,0,0,0,0,1,1,-0.6788,7,1,worried
corps,1,0,0,0,0,0,0,0,0,0,0,0,0,0,0,1,1,-0.4767,5,1,corps
mor,1,0,0,0,0,0,0,0,0,0,0,0,0,0,0,1,1,0.2263,3,1,mor
thanks,1,1,0,0,0,0,0,0,0,0,0,0,0,0,0,1,1,0.6908,6,1,thanks
profited,0,0,0,0,0,0,0,0,0,0,0,0,0,0,0,1,1,0.296,8,1,profited
treaties,1,0,0,0,0,0,0,0,0,0,0,0,0,0,0,1,1,0.296,8,1,treaties
created,0,1,0,0,0,0,0,0,0,0,0,0,0,0,0,1,1,0.6369,7,1,created
denunciations,1,0,0,0,0,0,0,0,0,0,0,0,0,0,0,1,1,0.6369,13,1,denunciations
mantelpiece,1,0,0,0,0,0,0,0,0,0,0,0,0,0,0,1,1,0.1901,11,1,mantelpiece
shelves,1,1,0,0,0,0,0,0,0,0,0,0,0,0,0,1,1,0.0,7,1,shelves
napo,0,0,0,0,0,0,0,0,0,0,0,0,0,0,0,1,1,0.2846,4,1,napo
marne,0,0,0,0,0,0,0,0,0,0,0,0,0,0,0,1,1,0.0,5,1,marne
tvark,0,0,0,0,0,0,0,0,0,0,0,0,0,0,0,1,1,0.0,5,1,tvark
attache,1,0,0,0,0,0,0,0,0,0,0,0,0,0,0,1,1,0.0,7,1,attache
volunteers,1,1,0,0,0,0,0,0,0,0,0,0,0,0,0,1,1,0.0,10,1,volunteers
abruptly,0,0,0,1,0,0,0,0,0,0,0,0,0,0,0,1,1,0.0,8,1,abruptly
grow,0,1,0,0,0,0,0,0,0,0,0,0,0,0,0,1,1,-0.3694,4,1,grow
splashed,0,1,1,0,0,0,0,0,0,0,0,0,0,0,0,1,1,0.0516,8,1,splashed
biscuit,1,0,0,0,0,0,0,0,0,0,0,0,0,0,0,1,1,0.4404,7,1,biscuit
carrion,1,0,0,0,0,0,0,0,0,0,0,0,0,0,0,1,1,0.0,7,1,carrion
tify,0,0,0,0,0,0,0,0,0,0,0,0,0,0,0,1,1,0.0516,4,1,tify
damning,0,0,1,0,0,0,0,0,0,0,0,0,0,0,0,1,1,-0.0258,7,1,damning
proofs,0,1,0,0,0,0,0,0,0,0,0,0,0,0,0,1,1,-0.0258,6,1,proofs
swindling,0,0,0,0,0,0,0,0,0,0,0,0,0,0,0,1,1,-0.0258,9,1,swindling
committee,1,0,0,0,0,0,0,0,0,0,0,0,0,0,0,1,1,-0.0258,9,1,committee
rations,1,1,0,0,0,0,0,0,0,0,0,0,0,0,0,1,1,0.0,7,1,rations
nasty,1,0,1,0,0,0,0,0,0,0,0,0,0,0,0,1,1,-0.5574,5,1,nasty
echoing,0,1,1,0,0,0,0,0,0,0,0,0,0,0,0,1,1,-0.836,7,1,echoing
bustle,1,1,0,0,0,0,0,0,0,0,0,0,0,0,0,1,1,0.7096,6,1,bustle
portfolio,1,0,0,0,0,0,0,0,0,0,0,0,0,0,0,1,1,0.2023,9,1,portfolio
secre,1,0,0,0,0,0,0,0,0,0,0,0,0,0,0,1,1,0.6908,5,1,secre
forrestry,0,0,0,0,0,0,0,0,0,0,0,0,0,0,0,1,1,0.6908,9,1,forrestry
academy,1,0,0,0,0,0,0,0,0,0,0,0,0,0,0,1,1,0.8271,7,1,academy
european,1,0,1,0,0,0,0,0,0,0,0,0,0,0,0,1,1,0.8271,8,1,european
institutions,1,0,0,0,0,0,0,0,0,0,0,0,0,0,0,1,1,0.8271,12,1,institutions
masquerade,1,1,0,0,0,0,0,0,0,0,0,0,0,0,0,1,1,0.0,10,1,masquerade
jumping,1,1,1,0,0,0,0,0,0,0,0,0,0,0,0,1,1,0.0,7,1,jumping
creeks,1,0,0,0,0,0,0,0,0,0,0,0,0,0,0,1,1,0.0,6,1,creeks
medicinal,0,0,1,0,0,0,0,0,0,0,0,0,0,0,0,1,1,-0.25,9,1,medicinal
vhip,0,0,0,0,0,0,0,0,0,0,0,0,0,0,0,1,1,0.0,4,1,vhip
braided,0,1,1,0,0,0,0,0,0,0,0,0,0,0,0,1,1,0.0516,7,1,braided
defiantly,0,0,0,1,0,0,0,0,0,0,0,0,0,0,0,1,1,0.0644,9,1,defiantly
rightful,0,0,1,0,0,0,0,0,0,0,0,0,0,0,0,1,1,-0.1901,8,1,rightful
pitiful,0,0,1,0,0,0,0,0,0,0,0,0,0,0,0,1,1,0.6124,7,1,pitiful
pounding,1,1,0,0,0,0,0,0,0,0,0,0,0,0,0,1,1,0.6124,8,1,pounding
citizen,1,0,0,0,0,0,0,0,0,0,0,0,0,0,0,1,1,0.0,7,1,citizen
citizenship,1,0,0,0,0,0,0,0,0,0,0,0,0,0,0,1,1,-0.1531,11,1,citizenship
privilege,1,1,0,0,0,0,0,0,0,0,0,0,0,0,0,1,1,-0.1531,9,1,privilege
goggle,1,1,0,0,0,0,0,0,0,0,0,0,0,0,0,1,1,-0.1531,6,1,goggle
vied,0,0,0,0,0,0,0,0,0,0,0,0,0,0,0,1,1,0.2023,4,1,vied
paste,1,1,0,0,0,0,0,0,0,0,0,0,0,0,0,1,1,0.8126,5,1,paste
descending,0,1,1,0,0,0,0,0,0,0,0,0,0,0,0,1,1,-0.1531,10,1,descending
enveloping,0,0,1,0,0,0,0,0,0,0,0,0,0,0,0,1,1,-0.1531,10,1,enveloping
sulphurous,0,0,1,0,0,0,0,0,0,0,0,0,0,0,0,1,1,-0.1531,10,1,sulphurous
marseillaise,1,0,0,0,0,0,0,0,0,0,0,0,0,0,0,1,1,0.0,12,1,marseillaise
pounds,1,1,0,0,0,0,0,0,0,0,0,0,0,0,0,1,1,0.0,6,1,pounds
oo,1,0,0,0,0,0,0,0,0,0,0,0,0,0,0,1,1,0.0,2,1,oo
protest,1,1,0,0,0,0,0,0,0,0,0,0,0,0,0,1,1,-0.8338,7,1,protest
aux,0,0,0,0,0,0,0,0,0,0,0,0,0,0,0,1,1,-0.8338,3,1,aux
whirr,1,0,0,0,0,0,0,0,0,0,0,0,0,0,0,1,1,0.0644,5,1,whirr
trick,1,0,0,0,0,0,0,0,0,0,0,0,0,0,0,1,1,0.6486,5,1,trick
whelp,1,1,0,0,0,0,0,0,0,0,0,0,0,0,0,1,1,0.6486,5,1,whelp
rift,1,0,0,0,0,0,0,0,0,0,0,0,0,0,0,1,1,0.34,4,1,rift
abandoned,0,0,1,0,0,0,0,0,0,0,0,0,0,0,0,1,1,-0.7269,9,1,abandoned
slinking,0,1,0,0,0,0,0,0,0,0,0,0,0,0,0,1,1,-0.9246,8,1,slinking
bastions,1,0,0,0,0,0,0,0,0,0,0,0,0,0,0,1,1,0.6124,8,1,bastions
capping,1,1,0,0,0,0,0,0,0,0,0,0,0,0,0,1,1,-0.1531,7,1,capping
quilly,0,0,0,0,0,0,0,0,0,0,0,0,0,0,0,1,1,0.0,6,1,quilly
assailant,1,0,0,0,0,0,0,0,0,0,0,0,0,0,0,1,1,0.0,9,1,assailant
deliberation,1,0,0,0,0,0,0,0,0,0,0,0,0,0,0,1,1,0.0516,12,1,deliberation
squadrons,1,0,0,0,0,0,0,0,0,0,0,0,0,0,0,1,1,-0.5267,9,1,squadrons
casemates,1,0,0,0,0,0,0,0,0,0,0,0,0,0,0,1,1,-0.34,9,1,casemates
whirred,0,0,0,0,0,0,0,0,0,0,0,0,0,0,0,1,1,0.128,7,1,whirred
clamored,0,0,0,0,0,0,0,0,0,0,0,0,0,0,0,1,1,0.128,8,1,clamored
bloody,0,1,1,1,0,0,0,0,0,0,0,0,0,0,0,1,1,-0.8519,6,1,bloody
cheat,1,1,0,0,0,0,0,0,0,0,0,0,0,0,0,1,1,-0.7717,5,1,cheat
robbing,0,1,0,0,0,0,0,0,0,0,0,0,0,0,0,1,1,-0.7717,7,1,robbing
satian,0,0,0,0,0,0,0,0,0,0,0,0,0,0,0,1,1,-0.4767,6,1,satian
conclusive,0,0,1,0,0,0,0,0,0,0,0,0,0,0,0,1,1,-0.0644,10,1,conclusive
urchin,1,0,0,0,0,0,0,0,0,0,0,0,0,0,0,1,1,0.0,6,1,urchin
sailant,0,0,0,0,0,0,0,0,0,0,0,0,0,0,0,1,1,-0.25,7,1,sailant
cest,1,0,0,0,0,0,0,0,0,0,0,0,0,0,0,1,1,0.0,4,1,cest
tran,0,0,0,0,0,0,0,0,0,0,0,0,0,0,0,1,1,0.0,4,1,tran
coup,1,0,0,0,0,0,0,0,0,0,0,0,0,0,0,1,1,0.0,4,1,coup
francois,0,0,0,0,0,0,0,0,0,0,0,0,0,0,0,1,1,0.0,8,1,francois
impudence,1,0,0,0,0,0,0,0,0,0,0,0,0,0,0,1,1,0.0,9,1,impudence
overpowering,0,0,1,0,0,0,0,0,0,0,0,0,0,0,0,1,1,0.0,12,1,overpowering
ragamuffin,1,0,0,0,0,0,0,0,0,0,0,0,0,0,0,1,1,0.0,10,1,ragamuffin
strangler,1,0,0,0,0,0,0,0,0,0,0,0,0,0,0,1,1,-0.6908,9,1,strangler
passionless,0,0,1,0,0,0,0,0,0,0,0,0,0,0,0,1,1,-0.4404,11,1,passionless
currant,1,0,0,0,0,0,0,0,0,0,0,0,0,0,0,1,1,0.0,7,1,currant
beaten,0,0,1,0,0,0,0,0,0,0,0,0,0,0,0,1,1,-0.4019,6,1,beaten
halo,1,0,0,0,0,0,0,0,0,0,0,0,0,0,0,1,1,-0.4019,4,1,halo
agonized,0,1,1,0,0,0,0,0,0,0,0,0,0,0,0,1,1,-0.836,8,1,agonized
darling,1,0,1,0,0,0,0,0,0,0,0,0,0,0,0,1,1,0.9382,7,1,darling
sweetheart,1,0,1,0,0,0,0,0,0,0,0,0,0,0,0,1,1,0.9382,10,1,sweetheart
knob,1,0,0,0,0,0,0,0,0,0,0,0,0,0,0,1,1,0.1027,4,1,knob
garroting,0,1,0,0,0,0,0,0,0,0,0,0,0,0,0,1,1,0.0,9,1,garroting
cash,1,1,0,0,0,0,0,0,0,0,0,0,0,0,0,1,1,0.0,4,1,cash
exclusion,1,0,0,0,0,0,0,0,0,0,0,0,0,0,0,1,1,0.296,9,1,exclusion
loreign,0,0,0,0,0,0,0,0,0,0,0,0,0,0,0,1,1,0.296,7,1,loreign
jew,1,0,0,0,0,0,0,0,0,0,0,0,0,0,0,1,1,0.296,3,1,jew
ride,1,1,0,0,0,0,0,0,0,0,0,0,0,0,0,1,1,0.1451,4,1,ride
scanning,1,1,0,0,0,0,0,0,0,0,0,0,0,0,0,1,1,-0.664,8,1,scanning
offensive,0,0,1,0,0,0,0,0,0,0,0,0,0,0,0,1,1,-0.664,9,1,offensive
nailed,0,1,0,0,0,0,0,0,0,0,0,0,0,0,0,1,1,0.0,6,1,nailed
suppressing,0,1,0,0,0,0,0,0,0,0,0,0,0,0,0,1,1,-0.5574,11,1,suppressing
armes,0,0,0,0,0,0,0,0,0,0,0,0,0,0,0,1,1,-0.8338,5,1,armes
formez,0,0,0,0,0,0,0,0,0,0,0,0,0,0,0,1,1,-0.8338,6,1,formez
vulsively,0,0,0,0,0,0,0,0,0,0,0,0,0,0,0,1,1,0.6486,9,1,vulsively
whoop,1,1,0,0,0,0,0,0,0,0,0,0,0,0,0,1,1,0.6249,5,1,whoop
remnant,1,0,1,0,0,0,0,0,0,0,0,0,0,0,0,1,1,0.4404,7,1,remnant
manners,1,0,0,0,0,0,0,0,0,0,0,0,0,0,0,1,1,0.4404,7,1,manners
immigration,1,0,0,0,0,0,0,0,0,0,0,0,0,0,0,1,1,0.5106,11,1,immigration
strolling,1,1,0,0,0,0,0,0,0,0,0,0,0,0,0,1,1,0.0772,9,1,strolling
invader,1,0,0,0,0,0,0,0,0,0,0,0,0,0,0,1,1,-0.5423,7,1,invader
cheers,0,1,0,0,0,0,0,0,0,0,0,0,0,0,0,1,1,0.4767,6,1,cheers
animated,0,1,1,0,0,0,0,0,0,0,0,0,0,0,0,1,1,0.4215,8,1,animated
ripples,1,1,0,0,0,0,0,0,0,0,0,0,0,0,0,1,1,0.4215,7,1,ripples
geon,1,0,0,0,0,0,0,0,0,0,0,0,0,0,0,1,1,0.0,4,1,geon
amiss,1,0,1,1,0,0,0,0,0,0,0,0,0,0,0,1,1,0.0,5,1,amiss
subsided,0,1,0,0,0,0,0,0,0,0,0,0,0,0,0,1,1,0.0516,8,1,subsided
irregular,1,0,1,0,0,0,0,0,0,0,0,0,0,0,0,1,1,-0.3818,9,1,irregular
beans,1,1,0,0,0,0,0,0,0,0,0,0,0,0,0,1,1,0.0,5,1,beans
vos,0,0,0,0,0,0,0,0,0,0,0,0,0,0,0,1,1,-0.8338,3,1,vos
bataillons,0,0,0,0,0,0,0,0,0,0,0,0,0,0,0,1,1,-0.8338,10,1,bataillons
hammered,0,0,1,0,0,0,0,0,0,0,0,0,0,0,0,1,1,0.4976,8,1,hammered
consoling,1,0,1,0,0,0,0,0,0,0,0,0,0,0,0,1,1,0.4976,9,1,consoling
tan,1,1,1,0,0,0,0,0,0,0,0,0,0,0,0,1,1,-0.0772,3,1,tan
yapped,0,0,0,0,0,0,0,0,0,0,0,0,0,0,0,1,1,-0.0772,6,1,yapped
crush,1,1,0,0,0,0,0,0,0,0,0,0,0,0,0,1,1,-0.5423,5,1,crush
miscellaneous,0,0,1,0,0,0,0,0,0,0,0,0,0,0,0,1,1,0.0,13,1,miscellaneous
corned,0,1,1,0,0,0,0,0,0,0,0,0,0,0,0,1,1,0.0,6,1,corned
thirs,0,0,0,0,0,0,0,0,0,0,0,0,0,0,0,1,1,0.0,5,1,thirs
tewed,0,0,0,0,0,0,0,0,0,0,0,0,0,0,0,1,1,0.0,5,1,tewed
menu,1,0,0,0,0,0,0,0,0,0,0,0,0,0,0,1,1,0.0,4,1,menu
lachaise,1,0,0,0,0,0,0,0,0,0,0,0,0,0,0,1,1,0.0,8,1,lachaise
roti,0,0,0,0,0,0,0,0,0,0,0,0,0,0,0,1,1,0.0,4,1,roti
vegetables,1,0,0,0,0,0,0,0,0,0,0,0,0,0,0,1,1,0.0,10,1,vegetables
jelly,1,0,0,0,0,0,0,0,0,0,0,0,0,0,0,1,1,0.0,5,1,jelly
tea,1,0,0,0,0,0,0,0,0,0,0,0,0,0,0,1,1,0.0,3,1,tea
liqueurs,1,0,0,0,0,0,0,0,0,0,0,0,0,0,0,1,1,0.0,8,1,liqueurs
applauded,0,1,0,0,0,0,0,0,0,0,0,0,0,0,0,1,1,0.0258,9,1,applauded
frantically,0,0,0,1,0,0,0,0,0,0,0,0,0,0,0,1,1,0.0258,11,1,frantically
gravelotte,0,0,0,0,0,0,0,0,0,0,0,0,0,0,0,1,1,0.0,10,1,gravelotte
potatoes,1,0,0,0,0,0,0,0,0,0,0,0,0,0,0,1,1,0.0,8,1,potatoes
irlandaises,0,0,0,0,0,0,0,0,0,0,0,0,0,0,0,1,1,0.0,11,1,irlandaises
birthday,1,0,0,0,0,0,0,0,0,0,0,0,0,0,0,1,1,0.0516,8,1,birthday
neighbors,1,1,0,0,0,0,0,0,0,0,0,0,0,0,0,1,1,0.0516,9,1,neighbors
refilled,0,0,0,0,0,0,0,0,0,0,0,0,0,0,0,1,1,0.0516,8,1,refilled
provoked,0,1,1,0,0,0,0,0,0,0,0,0,0,0,0,1,1,0.0516,8,1,provoked
sipped,0,1,0,0,0,0,0,0,0,0,0,0,0,0,0,1,1,0.1531,6,1,sipped
rapture,1,0,0,0,0,0,0,0,0,0,0,0,0,0,0,1,1,0.1531,7,1,rapture
tureen,1,0,0,0,0,0,0,0,0,0,0,0,0,0,0,1,1,0.0,6,1,tureen
saving,0,1,1,0,0,0,0,0,0,0,0,0,0,0,0,1,1,0.0,6,1,saving
solved,0,1,1,0,0,0,0,0,0,0,0,0,0,0,0,1,1,-0.5267,6,1,solved
measure,1,1,0,0,0,0,0,0,0,0,0,0,0,0,0,1,1,0.5106,7,1,measure
settlement,1,0,0,0,0,0,0,0,0,0,0,0,0,0,0,1,1,0.5106,10,1,settlement
independent,1,0,1,0,0,0,0,0,0,0,0,0,0,0,0,1,1,0.5106,11,1,independent
suanee,0,0,0,0,0,0,0,0,0,0,0,0,0,0,0,1,1,0.5106,6,1,suanee
shouts,1,1,0,0,0,0,0,0,0,0,0,0,0,0,0,1,1,-0.6124,6,1,shouts
amerique,0,0,0,0,0,0,0,0,0,0,0,0,0,0,0,1,1,0.0,8,1,amerique
comparative,1,0,1,0,0,0,0,0,0,0,0,0,0,0,0,1,1,-0.4118,11,1,comparative
richer,0,0,0,0,0,0,0,0,0,0,0,0,0,0,0,1,1,0.7906,6,1,richer
tonished,0,0,0,0,0,0,0,0,0,0,0,0,0,0,0,1,1,-0.2263,8,1,tonished
narrowly,0,0,0,1,0,0,0,0,0,0,0,0,0,0,0,1,1,0.0,8,1,narrowly
naturalization,1,0,0,0,0,0,0,0,0,0,0,0,0,0,0,1,1,0.5106,14,1,naturalization
gradual,1,0,1,0,0,0,0,0,0,0,0,0,0,0,0,1,1,0.5106,7,1,gradual
centralization,1,0,0,0,0,0,0,0,0,0,0,0,0,0,0,1,1,0.5106,14,1,centralization
ecutive,0,0,0,0,0,0,0,0,0,0,0,0,0,0,0,1,1,0.5106,7,1,ecutive
contributed,0,1,0,0,0,0,0,0,0,0,0,0,0,0,0,1,1,0.5106,11,1,contributed
amid,0,0,0,0,0,0,0,0,0,0,0,0,0,0,0,1,1,-0.6124,4,1,amid
studies,1,1,0,0,0,0,0,0,0,0,0,0,0,0,0,1,1,0.5095,7,1,studies
unsound,0,0,1,0,0,0,0,0,0,0,0,0,0,0,0,1,1,0.0,7,1,unsound
unspoken,0,0,1,0,0,0,0,0,0,0,0,0,0,0,0,1,1,0.0,8,1,unspoken
investment,1,0,0,0,0,0,0,0,0,0,0,0,0,0,0,1,1,0.6943,10,1,investment
tinent,0,0,0,0,0,0,0,0,0,0,0,0,0,0,0,1,1,0.8271,6,1,tinent
refuses,0,1,0,0,0,0,0,0,0,0,0,0,0,0,0,1,1,0.0,7,1,refuses
imoney,0,0,0,0,0,0,0,0,0,0,0,0,0,0,0,1,1,0.0,6,1,imoney
furs,1,0,0,0,0,0,0,0,0,0,0,0,0,0,0,1,1,-0.5106,4,1,furs
scoundrel,1,0,0,0,0,0,0,0,0,0,0,0,0,0,0,1,1,0.4215,9,1,scoundrel
complications,1,0,0,0,0,0,0,0,0,0,0,0,0,0,0,1,1,0.4215,13,1,complications
wark,1,0,0,0,0,0,0,0,0,0,0,0,0,0,0,1,1,0.5574,4,1,wark
apart,0,0,1,1,0,0,0,0,0,0,0,0,0,0,0,1,1,0.0,5,1,apart
provide,0,1,0,0,0,0,0,0,0,0,0,0,0,0,0,1,1,0.0,7,1,provide
oath,1,0,0,0,0,0,0,0,0,0,0,0,0,0,0,1,1,-0.0772,4,1,oath
hi,0,0,0,0,0,0,0,0,0,0,0,0,0,0,0,1,1,0.0,2,0,hi
languages,0,0,0,0,0,0,0,0,0,0,0,0,0,0,0,1,1,0.5106,9,1,languages
saucily,0,0,0,1,0,0,0,0,0,0,0,0,0,0,0,1,1,0.5106,7,1,saucily
grumbling,1,1,1,0,0,0,0,0,0,0,0,0,0,0,0,1,1,0.0,9,1,grumbling
volunteered,0,1,0,0,0,0,0,0,0,0,0,0,0,0,0,1,1,-0.4215,11,1,volunteered
reproachfully,0,0,0,1,0,0,0,0,0,0,0,0,0,0,0,1,1,0.0,13,1,reproachfully
fiance,1,0,0,0,0,0,0,0,0,0,0,0,0,0,0,1,1,0.0,6,1,fiance
meek,0,0,1,0,0,0,0,0,0,0,0,0,0,0,0,1,1,-0.2617,4,1,meek
coachman,1,0,0,0,0,0,0,0,0,0,0,0,0,0,0,1,1,-0.5106,8,1,coachman
rascally,0,0,1,1,0,0,0,0,0,0,0,0,0,0,0,1,1,-0.5267,8,1,rascally
odilo,0,0,0,0,0,0,0,0,0,0,0,0,0,0,0,1,1,0.7096,5,1,odilo
soma,1,0,0,0,0,0,0,0,0,0,0,0,0,0,0,1,1,0.7096,4,1,soma
oft,0,0,0,1,0,0,0,0,0,0,0,0,0,0,0,1,1,0.296,3,1,oft
dially,0,0,0,0,0,0,0,0,0,0,0,0,0,0,0,1,1,0.4678,6,1,dially
hor,0,0,0,0,0,0,0,0,0,0,0,0,0,0,0,1,1,0.4939,3,1,hor
ridly,0,0,0,0,0,0,0,0,0,0,0,0,0,0,0,1,1,0.4939,5,1,ridly
untruthful,0,0,1,0,0,0,0,0,0,0,0,0,0,0,0,1,1,0.4939,10,1,untruthful
nineteenth,1,0,1,0,0,0,0,0,0,0,0,0,0,0,0,1,1,0.0516,10,1,nineteenth
banisters,1,0,0,0,0,0,0,0,0,0,0,0,0,0,0,1,1,-0.296,9,1,banisters
banged,0,1,0,0,0,0,0,0,0,0,0,0,0,0,0,1,1,-0.296,6,1,banged
smoothing,1,1,0,0,0,0,0,0,0,0,0,0,0,0,0,1,1,0.0,9,1,smoothing
gaze,1,1,0,0,0,0,0,0,0,0,0,0,0,0,0,1,1,0.7783,4,1,gaze
ceived,0,0,0,0,0,0,0,0,0,0,0,0,0,0,0,1,1,0.0,6,1,ceived
dispatch,1,1,0,0,0,0,0,0,0,0,0,0,0,0,0,1,1,-0.4939,8,1,dispatch
identify,0,1,0,0,0,0,0,0,0,0,0,0,0,0,0,1,1,-0.5267,8,1,identify
linking,0,0,0,0,0,0,0,0,0,0,0,0,0,0,0,1,1,-0.5267,7,1,linking
tolled,0,1,0,0,0,0,0,0,0,0,0,0,0,0,0,1,1,0.0,6,1,tolled
binds,1,1,0,0,0,0,0,0,0,0,0,0,0,0,0,1,1,0.3506,5,1,binds
anuther,0,0,0,0,0,0,0,0,0,0,0,0,0,0,0,1,1,0.4404,7,1,anuther
shared,0,1,1,0,0,0,0,0,0,0,0,0,0,0,0,1,1,0.0038,6,1,shared
teased,0,1,1,0,0,0,0,0,0,0,0,0,0,0,0,1,1,0.0038,6,1,teased
disgrace,1,0,0,0,0,0,0,0,0,0,0,0,0,0,0,1,1,-0.743,8,1,disgrace
lethargy,1,0,0,0,0,0,0,0,0,0,0,0,0,0,0,1,1,-0.7579,8,1,lethargy
incidentally,0,0,0,1,0,0,0,0,0,0,0,0,0,0,0,1,1,0.6908,12,1,incidentally
min,1,0,0,0,0,0,0,0,0,0,0,0,0,0,0,1,1,-0.5106,3,1,min
ister,0,0,0,0,0,0,0,0,0,0,0,0,0,0,0,1,1,-0.5106,5,1,ister
pawing,0,1,0,0,0,0,0,0,0,0,0,0,0,0,0,1,1,-0.5106,6,1,pawing
devotion,1,0,0,0,0,0,0,0,0,0,0,0,0,0,0,1,1,0.0038,8,1,devotion
ror,1,0,0,0,0,0,0,0,0,0,0,0,0,0,0,1,1,-0.1531,3,1,ror
onl,0,0,0,0,0,0,0,0,0,0,0,0,0,0,0,1,1,0.8442,3,1,onl
strkrt,0,0,0,0,0,0,0,0,0,0,0,0,0,0,0,1,1,0.0,6,1,strkrt
dakota,1,0,0,0,0,0,0,0,0,0,0,0,0,0,0,1,1,0.0,6,1,dakota
squatty,0,0,1,0,0,0,0,0,0,0,0,0,0,0,0,1,1,-0.25,7,1,squatty
chunks,1,0,0,0,0,0,0,0,0,0,0,0,0,0,0,1,1,-0.25,6,1,chunks
rangelys,0,0,0,0,0,0,0,0,0,0,0,0,0,0,0,1,1,0.0,8,1,rangelys
athletics,1,0,0,0,0,0,0,0,0,0,0,0,0,0,0,1,1,0.1451,9,1,athletics
yachting,1,1,0,0,0,0,0,0,0,0,0,0,0,0,0,1,1,0.1451,8,1,yachting
hemisphere,1,0,0,0,0,0,0,0,0,0,0,0,0,0,0,1,1,0.8271,10,1,hemisphere
eventually,0,0,0,1,0,0,0,0,0,0,0,0,0,0,0,1,1,0.7184,10,1,eventually
demned,0,0,0,0,0,0,0,0,0,0,0,0,0,0,0,1,1,-0.5106,6,1,demned
ple,0,0,0,0,0,0,0,0,0,0,0,0,0,0,0,1,1,-0.5106,3,1,ple
turreted,0,0,1,0,0,0,0,0,0,0,0,0,0,0,0,1,1,-0.25,8,1,turreted
monitors,1,1,0,0,0,0,0,0,0,0,0,0,0,0,0,1,1,-0.25,8,1,monitors
ram,1,1,0,0,0,0,0,0,0,0,0,0,0,0,0,1,1,-0.25,3,1,ram
osceola,0,0,0,0,0,0,0,0,0,0,0,0,0,0,0,1,1,-0.25,7,1,osceola
proval,0,0,0,0,0,0,0,0,0,0,0,0,0,0,0,1,1,0.5994,6,1,proval
angeles,0,0,0,0,0,0,0,0,0,0,0,0,0,0,0,1,1,0.0,7,1,angeles
detnomphe,0,0,0,0,0,0,0,0,0,0,0,0,0,0,0,1,1,-0.0772,9,1,detnomphe
wretchedness,1,0,0,0,0,0,0,0,0,0,0,0,0,0,0,1,1,-0.0772,12,1,wretchedness
misspent,0,0,0,0,0,0,0,0,0,0,0,0,0,0,0,1,1,-0.0772,8,1,misspent
striving,1,1,0,0,0,0,0,0,0,0,0,0,0,0,0,1,1,0.2846,8,1,striving
cornices,1,1,0,0,0,0,0,0,0,0,0,0,0,0,0,1,1,0.2846,8,1,cornices
bye,1,0,1,0,0,0,0,0,0,0,0,0,0,0,0,1,1,-0.0387,3,1,bye
recently,0,0,0,1,0,0,0,0,0,0,0,0,0,0,0,1,1,-0.6786,8,1,recently
confronted,0,1,0,0,0,0,0,0,0,0,0,0,0,0,0,1,1,-0.6786,10,1,confronted
warring,0,1,1,0,0,0,0,0,0,0,0,0,0,0,0,1,1,0.1779,7,1,warring
sects,1,0,0,0,0,0,0,0,0,0,0,0,0,0,0,1,1,0.1779,5,1,sects
millennium,1,0,0,0,0,0,0,0,0,0,0,0,0,0,0,1,1,0.1779,10,1,millennium
valued,0,1,1,0,0,0,0,0,0,0,0,0,0,0,0,1,1,0.7906,6,1,valued
completes,0,1,0,0,0,0,0,0,0,0,0,0,0,0,0,1,1,0.7906,9,1,completes
junk,1,0,0,0,0,0,0,0,0,0,0,0,0,0,0,1,1,-0.743,4,1,junk
aim,1,1,0,0,0,0,0,0,0,0,0,0,0,0,0,1,1,-0.4939,3,1,aim
bury,1,1,0,0,0,0,0,0,0,0,0,0,0,0,0,1,1,-0.5859,4,1,bury
grinning,0,1,0,0,0,0,0,0,0,0,0,0,0,0,0,1,1,0.2846,8,1,grinning
savage,1,1,1,0,0,0,0,0,0,0,0,0,0,0,0,1,1,-0.9136,6,1,savage
tarpon,1,0,0,0,0,0,0,0,0,0,0,0,0,0,0,1,1,0.0,6,1,tarpon
sel,0,0,0,0,0,0,0,0,0,0,0,0,0,0,0,1,1,-0.3818,3,1,sel
midstream,1,0,0,0,0,0,0,0,0,0,0,0,0,0,0,1,1,-0.3818,9,1,midstream
vessels,1,0,0,0,0,0,0,0,0,0,0,0,0,0,0,1,1,0.0,7,1,vessels
intolerance,1,0,0,0,0,0,0,0,0,0,0,0,0,0,0,1,1,0.1779,11,1,intolerance
graves,1,0,0,0,0,0,0,0,0,0,0,0,0,0,0,1,1,0.1779,6,1,graves
sud,1,0,0,0,0,0,0,0,0,0,0,0,0,0,0,1,1,-0.4767,3,1,sud
peopled,0,1,1,0,0,0,0,0,0,0,0,0,0,0,0,1,1,0.0,7,1,peopled
phantoms,1,0,0,0,0,0,0,0,0,0,0,0,0,0,0,1,1,0.0,8,1,phantoms
lengthening,1,0,1,0,0,0,0,0,0,0,0,0,0,0,0,1,1,0.0,11,1,lengthening
engulfed,0,1,1,0,0,0,0,0,0,0,0,0,0,0,0,1,1,0.0,8,1,engulfed
hero,1,0,0,0,0,0,0,0,0,0,0,0,0,0,0,1,1,0.2846,4,1,hero
battles,1,1,0,0,0,0,0,0,0,0,0,0,0,0,0,1,1,0.2846,7,1,battles
ashen,0,0,1,0,0,0,0,0,0,0,0,0,0,0,0,1,1,0.2846,5,1,ashen
los,0,0,0,0,0,0,0,0,0,0,0,0,0,0,0,1,1,0.0,3,1,los
torpedo,1,1,0,0,0,0,0,0,0,0,0,0,0,0,0,1,1,0.5984,7,1,torpedo
cuir,0,0,0,0,0,0,0,0,0,0,0,0,0,0,0,1,1,0.0,4,1,cuir
assier,0,0,0,0,0,0,0,0,0,0,0,0,0,0,0,1,1,0.0,6,1,assier
pallor,1,0,0,0,0,0,0,0,0,0,0,0,0,0,0,1,1,-0.4019,6,1,pallor
cleaving,0,1,0,0,0,0,0,0,0,0,0,0,0,0,0,1,1,0.0516,8,1,cleaving
silhouettes,1,1,0,0,0,0,0,0,0,0,0,0,0,0,0,1,1,0.1531,11,1,silhouettes
swarmed,0,0,0,0,0,0,0,0,0,0,0,0,0,0,0,1,1,-0.067,7,1,swarmed
puffing,1,1,1,0,0,0,0,0,0,0,0,0,0,0,0,1,1,0.0258,7,1,puffing
ciously,0,0,0,0,0,0,0,0,0,0,0,0,0,0,0,1,1,0.0258,7,1,ciously
octopus,1,0,0,0,0,0,0,0,0,0,0,0,0,0,0,1,1,0.0,7,1,octopus
princeton,1,0,0,0,0,0,0,0,0,0,0,0,0,0,0,1,1,0.0,9,1,princeton
champlain,1,0,0,0,0,0,0,0,0,0,0,0,0,0,0,1,1,0.0,9,1,champlain
erie,1,0,0,0,0,0,0,0,0,0,0,0,0,0,0,1,1,0.0,4,1,erie
farra,0,0,0,0,0,0,0,0,0,0,0,0,0,0,0,1,1,0.0,5,1,farra
gut,1,1,0,0,0,0,0,0,0,0,0,0,0,0,0,1,1,0.0,3,1,gut
organizations,0,0,0,0,0,0,0,0,0,0,0,0,0,0,0,1,1,-0.5267,13,1,organizations
crafts,0,1,0,0,0,0,0,0,0,0,0,0,0,0,0,1,1,0.0258,6,1,crafts
churned,0,1,0,0,0,0,0,0,0,0,0,0,0,0,0,1,1,0.0258,7,1,churned
contrast,1,1,0,0,0,0,0,0,0,0,0,0,0,0,0,1,1,-0.3818,8,1,contrast
ves,0,0,0,0,0,0,0,0,0,0,0,0,0,0,0,1,1,-0.3818,3,1,ves
pervading,0,0,1,0,0,0,0,0,0,0,0,0,0,0,0,1,1,0.0,9,1,pervading
impudent,0,0,1,0,0,0,0,0,0,0,0,0,0,0,0,1,1,0.0258,8,1,impudent
tugs,1,1,0,0,0,0,0,0,0,0,0,0,0,0,0,1,1,0.0258,4,1,tugs
nause,0,0,0,0,0,0,0,0,0,0,0,0,0,0,0,1,1,-0.6786,5,1,nause
solitude,1,0,0,0,0,0,0,0,0,0,0,0,0,0,0,1,1,0.0,8,1,solitude
terribly,0,0,0,1,0,0,0,0,0,0,0,0,0,0,0,1,1,-0.5859,8,1,terribly
unbuttoned,0,0,1,0,0,0,0,0,0,0,0,0,0,0,0,1,1,-0.8519,10,1,unbuttoned
managable,0,0,0,0,0,0,0,0,0,0,0,0,0,0,0,1,1,0.5994,9,1,managable
lighter,1,1,0,0,0,0,0,0,0,0,0,0,0,0,0,1,1,0.0,7,1,lighter
marching,1,1,1,0,0,0,0,0,0,0,0,0,0,0,0,1,1,0.0,8,1,marching
adieu,1,0,0,0,0,0,0,0,0,0,0,0,0,0,0,1,1,-0.1531,5,1,adieu
bandaging,0,1,0,0,0,0,0,0,0,0,0,0,0,0,0,1,1,-0.3818,9,1,bandaging
harding,1,0,0,0,0,0,0,0,0,0,0,0,0,0,0,1,1,0.0,7,1,harding
bo,1,0,0,0,0,0,0,0,0,0,0,0,0,0,0,1,1,0.0,2,1,bo
lustrations,0,0,0,0,0,0,0,0,0,0,0,0,0,0,0,1,1,0.0,11,1,lustrations
hofacher,0,0,0,0,0,0,0,0,0,0,0,0,0,0,0,1,1,0.0,8,1,hofacher
prometheus,1,0,0,0,0,0,0,0,0,0,0,0,0,0,0,1,1,0.0,10,1,prometheus
phillips,1,0,0,0,0,0,0,0,0,0,0,0,0,0,0,1,1,0.0,8,1,phillips
oppenhelm,0,0,0,0,0,0,0,0,0,0,0,0,0,0,0,1,1,0.0,9,1,oppenhelm
clothing,1,1,0,0,0,0,0,0,0,0,0,0,0,0,0,1,1,0.0,8,1,clothing
capote,1,0,0,0,0,0,0,0,0,0,0,0,0,0,0,1,1,0.0,6,1,capote
knapsack,1,0,0,0,0,0,0,0,0,0,0,0,0,0,0,1,1,0.0,8,1,knapsack
imperative,1,0,1,0,0,0,0,0,0,0,0,0,0,0,0,1,1,0.3818,10,1,imperative
pos,0,0,0,0,0,0,0,0,0,0,0,0,0,0,0,1,1,0.3818,3,1,pos
session,1,0,0,0,0,0,0,0,0,0,0,0,0,0,0,1,1,0.3818,7,1,session
chouette,0,0,0,0,0,0,0,0,0,0,0,0,0,0,0,1,1,0.0,8,1,chouette
clinging,0,1,0,0,0,0,0,0,0,0,0,0,0,0,0,1,1,0.1027,8,1,clinging
wrenched,0,1,0,0,0,0,0,0,0,0,0,0,0,0,0,1,1,-0.0516,8,1,wrenched
rut,1,1,0,0,0,0,0,0,0,0,0,0,0,0,0,1,1,-0.0516,3,1,rut
foreigner,1,0,0,0,0,0,0,0,0,0,0,0,0,0,0,1,1,0.0,9,1,foreigner
bretonne,0,0,0,0,0,0,0,0,0,0,0,0,0,0,0,1,1,0.0,8,1,bretonne
sighing,0,1,0,0,0,0,0,0,0,0,0,0,0,0,0,1,1,0.3818,7,1,sighing
shouldered,0,0,1,0,0,0,0,0,0,0,0,0,0,0,0,1,1,0.0,10,1,shouldered
leather,1,1,0,0,0,0,0,0,0,0,0,0,0,0,0,1,1,0.0,7,1,leather
settees,1,0,0,0,0,0,0,0,0,0,0,0,0,0,0,1,1,0.0,7,1,settees
lanes,1,0,0,0,0,0,0,0,0,0,0,0,0,0,0,1,1,-0.4019,5,1,lanes
vapor,1,0,0,0,0,0,0,0,0,0,0,0,0,0,0,1,1,-0.4019,5,1,vapor
eddied,0,1,0,0,0,0,0,0,0,0,0,0,0,0,0,1,1,0.0,6,1,eddied
jects,0,0,0,0,0,0,0,0,0,0,0,0,0,0,0,1,1,0.0,5,1,jects
kepi,1,0,0,0,0,0,0,0,0,0,0,0,0,0,0,1,1,0.0772,4,1,kepi
tireurs,0,0,0,0,0,0,0,0,0,0,0,0,0,0,0,1,1,-0.296,7,1,tireurs
volunteer,1,1,1,0,0,0,0,0,0,0,0,0,0,0,0,1,1,0.4019,9,1,volunteer
ders,0,0,0,0,0,0,0,0,0,0,0,0,0,0,0,1,1,0.4019,4,1,ders
affording,0,1,0,0,0,0,0,0,0,0,0,0,0,0,0,1,1,0.5859,9,1,affording
classe,0,0,0,0,0,0,0,0,0,0,0,0,0,0,0,1,1,0.0,6,1,classe
coasters,1,0,0,0,0,0,0,0,0,0,0,0,0,0,0,1,1,0.0,8,1,coasters
dredgers,1,0,0,0,0,0,0,0,0,0,0,0,0,0,0,1,1,0.0,8,1,dredgers
scows,1,0,0,0,0,0,0,0,0,0,0,0,0,0,0,1,1,0.0,5,1,scows
transports,0,1,0,0,0,0,0,0,0,0,0,0,0,0,0,1,1,0.0,10,1,transports
shackles,1,0,0,0,0,0,0,0,0,0,0,0,0,0,0,1,1,0.0,8,1,shackles
habita,0,0,0,0,0,0,0,0,0,0,0,0,0,0,0,1,1,-0.7579,6,1,habita
pitiable,0,0,1,0,0,0,0,0,0,0,0,0,0,0,0,1,1,-0.5267,8,1,pitiable
impos,0,0,0,0,0,0,0,0,0,0,0,0,0,0,0,1,1,0.0,5,1,impos
res,1,0,0,0,0,0,0,0,0,0,0,0,0,0,0,1,1,0.34,3,1,res
taurants,0,0,0,0,0,0,0,0,0,0,0,0,0,0,0,1,1,0.34,8,1,taurants
kiosques,1,0,0,0,0,0,0,0,0,0,0,0,0,0,0,1,1,0.34,8,1,kiosques
popular,0,0,1,0,0,0,0,0,0,0,0,0,0,0,0,1,1,0.7902,7,1,popular
promenades,1,1,0,0,0,0,0,0,0,0,0,0,0,0,0,1,1,0.7902,10,1,promenades
metropolis,1,0,0,0,0,0,0,0,0,0,0,0,0,0,0,1,1,0.7902,10,1,metropolis
skeletonized,0,0,0,0,0,0,0,0,0,0,0,0,0,0,0,1,1,-0.5267,12,1,skeletonized
colossal,0,0,1,0,0,0,0,0,0,0,0,0,0,0,0,1,1,0.1779,8,1,colossal
gress,0,0,0,0,0,0,0,0,0,0,0,0,0,0,0,1,1,0.1779,5,1,gress
religions,1,0,0,0,0,0,0,0,0,0,0,0,0,0,0,1,1,0.1779,9,1,religions
bigotry,1,0,0,0,0,0,0,0,0,0,0,0,0,0,0,1,1,0.1779,7,1,bigotry
scouts,1,1,0,0,0,0,0,0,0,0,0,0,0,0,0,1,1,-0.5267,6,1,scouts
substi,0,0,0,0,0,0,0,0,0,0,0,0,0,0,0,1,1,-0.5267,6,1,substi
tuted,0,0,0,0,0,0,0,0,0,0,0,0,0,0,0,1,1,-0.5267,5,1,tuted
freight,1,1,0,0,0,0,0,0,0,0,0,0,0,0,0,1,1,0.0,7,1,freight
shipping,1,1,0,0,0,0,0,0,0,0,0,0,0,0,0,1,1,0.0,8,1,shipping
brigs,1,0,0,0,0,0,0,0,0,0,0,0,0,0,0,1,1,0.0,5,1,brigs
schooners,1,0,0,0,0,0,0,0,0,0,0,0,0,0,0,1,1,0.0,9,1,schooners
yachts,1,1,0,0,0,0,0,0,0,0,0,0,0,0,0,1,1,0.0,6,1,yachts
clumsy,1,0,1,0,0,0,0,0,0,0,0,0,0,0,0,1,1,0.0,6,1,clumsy
ferry,1,1,0,0,0,0,0,0,0,0,0,0,0,0,0,1,1,0.0,5,1,ferry
staten,0,0,0,0,0,0,0,0,0,0,0,0,0,0,0,1,1,0.0,6,1,staten
ghosts,1,1,0,0,0,0,0,0,0,0,0,0,0,0,0,1,1,-0.1154,6,1,ghosts
vapors,1,0,0,0,0,0,0,0,0,0,0,0,0,0,0,1,1,-0.1154,6,1,vapors
horribly,0,0,0,1,0,0,0,0,0,0,0,0,0,0,0,1,1,-0.1154,8,1,horribly
uhlans,1,0,0,0,0,0,0,0,0,0,0,0,0,0,0,1,1,-0.1154,6,1,uhlans
inactive,0,0,1,0,0,0,0,0,0,0,0,0,0,0,0,1,1,-0.1154,8,1,inactive
dolman,1,0,0,0,0,0,0,0,0,0,0,0,0,0,0,1,1,0.2263,6,1,dolman
sticking,0,1,1,0,0,0,0,0,0,0,0,0,0,0,0,1,1,0.2263,8,1,sticking
stirrups,1,0,0,0,0,0,0,0,0,0,0,0,0,0,0,1,1,0.2263,8,1,stirrups
haver,1,0,0,0,0,0,0,0,0,0,0,0,0,0,0,1,1,0.0,5,1,haver
chew,1,1,0,0,0,0,0,0,0,0,0,0,0,0,0,1,1,0.0,4,1,chew
montresor,0,0,0,0,0,0,0,0,0,0,0,0,0,0,0,1,1,0.0,9,1,montresor
loota,0,0,0,0,0,0,0,0,0,0,0,0,0,0,0,1,1,0.0,5,1,loota
blackened,0,0,1,0,0,0,0,0,0,0,0,0,0,0,0,1,1,-0.7579,9,1,blackened
treading,0,1,0,0,0,0,0,0,0,0,0,0,0,0,0,1,1,-0.3818,8,1,treading
convinced,0,0,1,0,0,0,0,0,0,0,0,0,0,0,0,1,1,0.4019,9,1,convinced
inten,0,0,0,0,0,0,0,0,0,0,0,0,0,0,0,1,1,0.4019,5,1,inten
bellying,0,1,1,0,0,0,0,0,0,0,0,0,0,0,0,1,1,-0.1655,8,1,bellying
mid,1,0,1,0,0,0,0,0,0,0,0,0,0,0,0,1,1,-0.1655,3,1,mid
dle,0,0,0,0,0,0,0,0,0,0,0,0,0,0,0,1,1,-0.1655,3,1,dle
slough,1,0,0,0,0,0,0,0,0,0,0,0,0,0,0,1,1,0.0,6,1,slough
orderlies,1,0,0,0,0,0,0,0,0,0,0,0,0,0,0,1,1,0.0,9,1,orderlies
blotted,0,1,0,0,0,0,0,0,0,0,0,0,0,0,0,1,1,-0.1027,7,1,blotted
tional,0,0,0,0,0,0,0,0,0,0,0,0,0,0,0,1,1,0.4019,6,1,tional
rummaged,0,1,0,0,0,0,0,0,0,0,0,0,0,0,0,1,1,0.0,8,1,rummaged
fibs,1,1,0,0,0,0,0,0,0,0,0,0,0,0,0,1,1,0.0,4,1,fibs
ky,0,0,0,0,0,0,0,0,0,0,0,0,0,0,0,1,1,0.0,2,0,ky
vivian,0,0,0,0,0,0,0,0,0,0,0,0,0,0,0,1,1,0.0,6,1,vivian
wagons,1,0,0,0,0,0,0,0,0,0,0,0,0,0,0,1,1,0.0,6,1,wagons
flags,1,1,0,0,0,0,0,0,0,0,0,0,0,0,0,1,1,0.0,5,1,flags
sister,1,0,1,0,0,0,0,0,0,0,0,0,0,0,0,1,1,0.4215,6,1,sister
rents,1,1,0,0,0,0,0,0,0,0,0,0,0,0,0,1,1,0.5106,5,1,rents
detach,0,1,0,0,0,0,0,0,0,0,0,0,0,0,0,1,1,-0.1655,6,1,detach
cleaned,0,1,1,0,0,0,0,0,0,0,0,0,0,0,0,1,1,0.0,7,1,cleaned
shift,1,1,0,0,0,0,0,0,0,0,0,0,0,0,0,1,1,0.0,5,1,shift
panting,1,1,1,0,0,0,0,0,0,0,0,0,0,0,0,1,1,0.0,7,1,panting
killing,1,1,1,0,0,0,0,0,0,0,0,0,0,0,0,1,1,-0.8885,7,1,killing
turns,1,1,0,0,0,0,0,0,0,0,0,0,0,0,0,1,1,0.0,5,1,turns
cocktail,1,0,0,0,0,0,0,0,0,0,0,0,0,0,0,1,1,0.5267,8,1,cocktail
anx,0,0,0,0,0,0,0,0,0,0,0,0,0,0,0,1,1,0.5267,3,1,anx
ious,1,0,0,0,0,0,0,0,0,0,0,0,0,0,0,1,1,0.5267,4,1,ious
xvith,0,0,0,0,0,0,0,0,0,0,0,0,0,0,0,1,1,0.0,5,1,xvith
rifled,0,1,1,0,0,0,0,0,0,0,0,0,0,0,0,1,1,0.0,6,1,rifled
boomed,0,1,0,0,0,0,0,0,0,0,0,0,0,0,0,1,1,0.0,6,1,boomed
helmet,1,0,0,0,0,0,0,0,0,0,0,0,0,0,0,1,1,-0.6757,6,1,helmet
inches,1,0,0,0,0,0,0,0,0,0,0,0,0,0,0,1,1,-0.6757,6,1,inches
prussians,1,0,0,0,0,0,0,0,0,0,0,0,0,0,0,1,1,0.0,9,1,prussians
wiping,1,1,0,0,0,0,0,0,0,0,0,0,0,0,0,1,1,-0.0516,6,1,wiping
trickling,0,1,0,0,0,0,0,0,0,0,0,0,0,0,0,1,1,-0.0516,9,1,trickling
chewed,0,1,0,0,0,0,0,0,0,0,0,0,0,0,0,1,1,-0.1027,6,1,chewed
flask,1,0,0,0,0,0,0,0,0,0,0,0,0,0,0,1,1,-0.6808,5,1,flask
lashing,1,1,1,0,0,0,0,0,0,0,0,0,0,0,0,1,1,0.0258,7,1,lashing
ridden,0,1,1,0,0,0,0,0,0,0,0,0,0,0,0,1,1,0.0,6,1,ridden
kicked,0,1,0,0,0,0,0,0,0,0,0,0,0,0,0,1,1,0.0,6,1,kicked
battal,0,0,0,0,0,0,0,0,0,0,0,0,0,0,0,1,1,-0.2732,6,1,battal
continuous,0,0,1,0,0,0,0,0,0,0,0,0,0,0,0,1,1,0.0,10,1,continuous
gallop,1,1,0,0,0,0,0,0,0,0,0,0,0,0,0,1,1,0.0,6,1,gallop
ion,1,0,0,0,0,0,0,0,0,0,0,0,0,0,0,1,1,-0.2732,3,1,ion
collapsed,0,1,1,0,0,0,0,0,0,0,0,0,0,0,0,1,1,-0.2732,9,1,collapsed
mane,1,0,0,0,0,0,0,0,0,0,0,0,0,0,0,1,1,-0.2732,4,1,mane
dangled,0,1,0,0,0,0,0,0,0,0,0,0,0,0,0,1,1,0.0,7,1,dangled
crimsoned,0,0,0,0,0,0,0,0,0,0,0,0,0,0,0,1,1,0.0,9,1,crimsoned
stirrup,1,0,0,0,0,0,0,0,0,0,0,0,0,0,0,1,1,0.0,7,1,stirrup
ditches,1,1,0,0,0,0,0,0,0,0,0,0,0,0,0,1,1,0.0,7,1,ditches
mighty,1,0,1,1,0,0,0,0,0,0,0,0,0,0,0,1,1,0.0,6,1,mighty
orderly,1,0,1,1,0,0,0,0,0,0,0,0,0,0,0,1,1,-0.5719,7,1,orderly
reined,0,1,0,0,0,0,0,0,0,0,0,0,0,0,0,1,1,-0.5719,6,1,reined
fused,0,1,1,0,0,0,0,0,0,0,0,0,0,0,0,1,1,0.0,5,1,fused
fighting,1,1,1,0,0,0,0,0,0,0,0,0,0,0,0,1,1,-0.3612,8,1,fighting
foul,1,1,1,1,0,0,0,0,0,0,0,0,0,0,0,1,1,-0.3612,4,1,foul
infuriated,0,1,1,0,0,0,0,0,0,0,0,0,0,0,0,1,1,-0.7184,10,1,infuriated
tumble,1,1,0,0,0,0,0,0,0,0,0,0,0,0,0,1,1,-0.0258,6,1,tumble
hastening,1,0,1,0,0,0,0,0,0,0,0,0,0,0,0,1,1,0.0,9,1,hastening
sheeted,0,1,0,0,0,0,0,0,0,0,0,0,0,0,0,1,1,0.3612,7,1,sheeted
mists,0,1,0,0,0,0,0,0,0,0,0,0,0,0,0,1,1,0.3612,5,1,mists
reared,0,1,0,0,0,0,0,0,0,0,0,0,0,0,0,1,1,0.0,6,1,reared
soggy,0,0,1,0,0,0,0,0,0,0,0,0,0,0,0,1,1,0.0,5,1,soggy
jog,1,1,0,0,0,0,0,0,0,0,0,0,0,0,0,1,1,0.0,3,1,jog
buglers,1,0,0,0,0,0,0,0,0,0,0,0,0,0,0,1,1,0.25,7,1,buglers
ig,1,0,0,0,0,0,0,0,0,0,0,0,0,0,0,1,1,0.25,2,1,ig
loping,0,1,0,0,0,0,0,0,0,0,0,0,0,0,0,1,1,-0.5719,6,1,loping
ivory,1,0,0,0,0,0,0,0,0,0,0,0,0,0,0,1,1,0.7184,5,1,ivory
mate,1,0,0,0,0,0,0,0,0,0,0,0,0,0,0,1,1,0.7184,4,1,mate
equestrian,1,0,1,0,0,0,0,0,0,0,0,0,0,0,0,1,1,0.4939,10,1,equestrian
sheridan,1,0,0,0,0,0,0,0,0,0,0,0,0,0,0,1,1,0.4939,8,1,sheridan
sunshade,1,0,0,0,0,0,0,0,0,0,0,0,0,0,0,1,1,0.0,8,1,sunshade
shield,1,1,0,0,0,0,0,0,0,0,0,0,0,0,0,1,1,0.0,6,1,shield
fling,1,1,0,0,0,0,0,0,0,0,0,0,0,0,0,1,1,0.4019,5,1,fling
hussar,1,0,0,0,0,0,0,0,0,0,0,0,0,0,0,1,1,0.3612,6,1,hussar
stead,1,0,0,0,0,0,0,0,0,0,0,0,0,0,0,1,1,0.5267,5,1,stead
neatly,0,0,0,1,0,0,0,0,0,0,0,0,0,0,0,1,1,0.5719,6,1,neatly
dismantling,1,0,0,0,0,0,0,0,0,0,0,0,0,0,0,1,1,0.0,11,1,dismantling
railroads,1,1,0,0,0,0,0,0,0,0,0,0,0,0,0,1,1,0.0,9,1,railroads
cycle,1,1,0,0,0,0,0,0,0,0,0,0,0,0,0,1,1,0.0,5,1,cycle
dodge,1,1,0,0,0,0,0,0,0,0,0,0,0,0,0,1,1,0.0,5,1,dodge
sample,1,1,0,0,0,0,0,0,0,0,0,0,0,0,0,1,1,0.5267,6,1,sample
sible,0,0,0,0,0,0,0,0,0,0,0,0,0,0,0,1,1,0.0,5,1,sible
splashing,1,1,0,0,0,0,0,0,0,0,0,0,0,0,0,1,1,0.0,9,1,splashing
dread,1,0,1,0,0,0,0,0,0,0,0,0,0,0,0,1,1,-0.8442,5,1,dread
flaming,1,1,1,0,0,0,0,0,0,0,0,0,0,0,0,1,1,-0.8442,7,1,flaming
scurity,0,0,0,0,0,0,0,0,0,0,0,0,0,0,0,1,1,-0.8442,7,1,scurity
woolen,1,0,1,0,0,0,0,0,0,0,0,0,0,0,0,1,1,0.0,6,1,woolen
socks,1,1,0,0,0,0,0,0,0,0,0,0,0,0,0,1,1,0.0,5,1,socks
halted,0,1,1,0,0,0,0,0,0,0,0,0,0,0,0,1,1,0.0,6,1,halted
terrific,0,0,1,0,0,0,0,0,0,0,0,0,0,0,0,1,1,0.4767,8,1,terrific
wharves,1,0,0,0,0,0,0,0,0,0,0,0,0,0,0,1,1,0.7902,7,1,wharves
attired,0,0,1,0,0,0,0,0,0,0,0,0,0,0,0,1,1,0.5719,7,1,attired
sniffing,1,1,0,0,0,0,0,0,0,0,0,0,0,0,0,1,1,0.5719,8,1,sniffing
impetuous,0,0,1,0,0,0,0,0,0,0,0,0,0,0,0,1,1,0.0,9,1,impetuous
carri,0,0,0,0,0,0,0,0,0,0,0,0,0,0,0,1,1,-0.8381,5,1,carri
aiming,0,1,0,0,0,0,0,0,0,0,0,0,0,0,0,1,1,-0.8381,6,1,aiming
volleys,1,1,0,0,0,0,0,0,0,0,0,0,0,0,0,1,1,0.128,7,1,volleys
bursting,0,1,1,0,0,0,0,0,0,0,0,0,0,0,0,1,1,0.0,8,1,bursting
slapped,0,1,1,0,0,0,0,0,0,0,0,0,0,0,0,1,1,-0.25,7,1,slapped
disliked,0,1,1,0,0,0,0,0,0,0,0,0,0,0,0,1,1,-0.1406,8,1,disliked
generously,0,0,0,1,0,0,0,0,0,0,0,0,0,0,0,1,1,0.0258,10,1,generously
deformed,0,1,1,0,0,0,0,0,0,0,0,0,0,0,0,1,1,0.0258,8,1,deformed
criminally,0,0,0,1,0,0,0,0,0,0,0,0,0,0,0,1,1,0.0258,10,1,criminally
engagement,1,0,0,0,0,0,0,0,0,0,0,0,0,0,0,1,1,0.4588,10,1,engagement
engage,0,1,0,0,0,0,0,0,0,0,0,0,0,0,0,1,1,0.4767,6,1,engage
races,1,1,0,0,0,0,0,0,0,0,0,0,0,0,0,1,1,0.7902,5,1,races
discharge,1,1,0,0,0,0,0,0,0,0,0,0,0,0,0,1,1,-0.802,9,1,discharge
cheering,1,1,1,0,0,0,0,0,0,0,0,0,0,0,0,1,1,0.5106,8,1,cheering
streaming,0,1,1,0,0,0,0,0,0,0,0,0,0,0,0,1,1,0.5106,9,1,streaming
wheel,1,1,0,0,0,0,0,0,0,0,0,0,0,0,0,1,1,-0.8381,5,1,wheel
germany,1,0,0,0,0,0,0,0,0,0,0,0,0,0,0,1,1,-0.7096,7,1,germany
italy,1,0,0,0,0,0,0,0,0,0,0,0,0,0,0,1,1,-0.7096,5,1,italy
spain,1,0,0,0,0,0,0,0,0,0,0,0,0,0,0,1,1,-0.7096,5,1,spain
recovered,0,0,1,0,0,0,0,0,0,0,0,0,0,0,0,1,1,-0.25,9,1,recovered
xvho,0,0,0,0,0,0,0,0,0,0,0,0,0,0,0,1,1,-0.5789,4,1,xvho
relieved,0,1,1,0,0,0,0,0,0,0,0,0,0,0,0,1,1,-0.5789,8,1,relieved
heights,0,0,0,0,0,0,0,0,0,0,0,0,0,0,0,1,1,-0.128,7,1,heights
report,1,1,0,0,0,0,0,0,0,0,0,0,0,0,0,1,1,-0.4939,6,1,report
intrenched,0,0,0,0,0,0,0,0,0,0,0,0,0,0,0,1,1,0.6124,10,1,intrenched
rained,0,1,0,0,0,0,0,0,0,0,0,0,0,0,0,1,1,-0.5574,6,1,rained
displayed,0,1,1,0,0,0,0,0,0,0,0,0,0,0,0,1,1,-0.0413,9,1,displayed
forted,0,1,0,0,0,0,0,0,0,0,0,0,0,0,0,1,1,-0.0413,6,1,forted
leer,1,1,0,0,0,0,0,0,0,0,0,0,0,0,0,1,1,-0.743,4,1,leer
naked,0,0,1,0,0,0,0,0,0,0,0,0,0,0,0,1,1,-0.743,5,1,naked
vincennes,0,0,0,0,0,0,0,0,0,0,0,0,0,0,0,1,1,-0.743,9,1,vincennes
clot,1,1,0,0,0,0,0,0,0,0,0,0,0,0,0,1,1,-0.743,4,1,clot
belfry,1,0,0,0,0,0,0,0,0,0,0,0,0,0,0,1,1,0.0,6,1,belfry
horde,1,0,0,0,0,0,0,0,0,0,0,0,0,0,0,1,1,-0.7351,5,1,horde
consciousness,1,0,0,0,0,0,0,0,0,0,0,0,0,0,0,1,1,-0.0258,13,1,consciousness
mire,1,1,0,0,0,0,0,0,0,0,0,0,0,0,0,1,1,-0.5789,4,1,mire
spattered,0,0,1,0,0,0,0,0,0,0,0,0,0,0,0,1,1,-0.7351,9,1,spattered
slime,1,1,0,0,0,0,0,0,0,0,0,0,0,0,0,1,1,-0.7351,5,1,slime
exhaustion,1,0,0,0,0,0,0,0,0,0,0,0,0,0,0,1,1,-0.7351,10,1,exhaustion
disorder,1,1,0,0,0,0,0,0,0,0,0,0,0,0,0,1,1,-0.4228,8,1,disorder
plung,0,0,0,0,0,0,0,0,0,0,0,0,0,0,0,1,1,-0.4228,5,1,plung
caissons,1,0,0,0,0,0,0,0,0,0,0,0,0,0,0,1,1,-0.4228,8,1,caissons
jolting,0,1,1,0,0,0,0,0,0,0,0,0,0,0,0,1,1,-0.4228,7,1,jolting
remnants,1,0,0,0,0,0,0,0,0,0,0,0,0,0,0,1,1,-0.4228,8,1,remnants
firing,1,1,0,0,0,0,0,0,0,0,0,0,0,0,0,1,1,-0.1027,6,1,firing
base,1,1,1,0,0,0,0,0,0,0,0,0,0,0,0,1,1,0.0,4,1,base
fantry,0,0,0,0,0,0,0,0,0,0,0,0,0,0,0,1,1,-0.743,6,1,fantry
riotous,0,0,1,0,0,0,0,0,0,0,0,0,0,0,0,1,1,-0.743,7,1,riotous
mobiles,1,0,0,0,0,0,0,0,0,0,0,0,0,0,0,1,1,-0.743,7,1,mobiles
arriving,0,1,1,0,0,0,0,0,0,0,0,0,0,0,0,1,1,0.0,8,1,arriving
whimpered,0,0,0,0,0,0,0,0,0,0,0,0,0,0,0,1,1,0.0,9,1,whimpered
riers,0,0,0,0,0,0,0,0,0,0,0,0,0,0,0,1,1,0.0,5,1,riers
fold,1,1,1,0,0,0,0,0,0,0,0,0,0,0,0,1,1,0.2732,4,1,fold
filling,1,1,0,0,0,0,0,0,0,0,0,0,0,0,0,1,1,0.2732,7,1,filling
z,1,0,0,0,0,0,0,0,0,0,0,0,0,0,0,1,1,0.0,1,1,z
monu,0,0,0,0,0,0,0,0,0,0,0,0,0,0,0,1,1,0.0,4,1,monu
parnasse,0,0,0,0,0,0,0,0,0,0,0,0,0,0,0,1,1,0.0,8,1,parnasse
projectiles,1,0,0,0,0,0,0,0,0,0,0,0,0,0,0,1,1,-0.25,11,1,projectiles
hyster,0,0,0,0,0,0,0,0,0,0,0,0,0,0,0,1,1,-0.296,6,1,hyster
ically,0,0,0,0,0,0,0,0,0,0,0,0,0,0,0,1,1,-0.296,6,1,ically
deafening,0,0,1,0,0,0,0,0,0,0,0,0,0,0,0,1,1,-0.4939,9,1,deafening
bac,1,0,0,0,0,0,0,0,0,0,0,0,0,0,0,1,1,-0.25,3,1,bac
scared,0,0,1,0,0,0,0,0,0,0,0,0,0,0,0,1,1,-0.4902,6,1,scared
cocked,0,1,0,0,0,0,0,0,0,0,0,0,0,0,0,1,1,0.3182,6,1,cocked
bundled,0,1,0,0,0,0,0,0,0,0,0,0,0,0,0,1,1,0.0,7,1,bundled
overcoat,1,0,0,0,0,0,0,0,0,0,0,0,0,0,0,1,1,0.0,8,1,overcoat
lining,1,1,0,0,0,0,0,0,0,0,0,0,0,0,0,1,1,-0.4215,6,1,lining
barricaded,0,1,1,0,0,0,0,0,0,0,0,0,0,0,0,1,1,0.0,10,1,barricaded
madison,1,0,0,0,0,0,0,0,0,0,0,0,0,0,0,1,1,0.0,7,1,madison
formality,1,0,0,0,0,0,0,0,0,0,0,0,0,0,0,1,1,0.0,9,1,formality
belgium,1,0,0,0,0,0,0,0,0,0,0,0,0,0,0,1,1,-0.7096,7,1,belgium
throes,1,0,0,0,0,0,0,0,0,0,0,0,0,0,0,1,1,-0.7096,6,1,throes
anarchy,1,0,0,0,0,0,0,0,0,0,0,0,0,0,0,1,1,-0.7096,7,1,anarchy
caucasus,1,0,0,0,0,0,0,0,0,0,0,0,0,0,0,1,1,-0.7096,8,1,caucasus
signalized,0,1,0,0,0,0,0,0,0,0,0,0,0,0,0,1,1,0.0,10,1,signalized
exploded,0,1,1,0,0,0,0,0,0,0,0,0,0,0,0,1,1,-0.4939,8,1,exploded
rummage,1,1,0,0,0,0,0,0,0,0,0,0,0,0,0,1,1,0.0,7,1,rummage
bomb,1,0,1,0,0,0,0,0,0,0,0,0,0,0,0,1,1,-0.4939,4,1,bomb
sunbonnets,1,0,0,0,0,0,0,0,0,0,0,0,0,0,0,1,1,0.4939,10,1,sunbonnets
haeow,0,0,0,0,0,0,0,0,0,0,0,0,0,0,0,1,1,0.4939,5,1,haeow
meal,1,0,0,0,0,0,0,0,0,0,0,0,0,0,0,1,1,-0.6486,4,1,meal
central,1,0,1,0,0,0,0,0,0,0,0,0,0,0,0,1,1,-0.1779,7,1,central
driveway,1,0,0,0,0,0,0,0,0,0,0,0,0,0,0,1,1,-0.1779,8,1,driveway
tapping,1,1,0,0,0,0,0,0,0,0,0,0,0,0,0,1,1,0.0,7,1,tapping
tottered,0,0,0,0,0,0,0,0,0,0,0,0,0,0,0,1,1,-0.4404,8,1,tottered
bakery,1,0,0,0,0,0,0,0,0,0,0,0,0,0,0,1,1,-0.4404,6,1,bakery
bulged,0,1,0,0,0,0,0,0,0,0,0,0,0,0,0,1,1,-0.4404,6,1,bulged
outward,0,0,1,1,0,0,0,0,0,0,0,0,0,0,0,1,1,-0.4404,7,1,outward
elyse,0,0,0,0,0,0,0,0,0,0,0,0,0,0,0,1,1,0.0516,5,1,elyse
straggled,0,0,0,0,0,0,0,0,0,0,0,0,0,0,0,1,1,0.0516,9,1,straggled
spectre,1,0,0,0,0,0,0,0,0,0,0,0,0,0,0,1,1,0.0,7,1,spectre
mysterious,0,0,1,0,0,0,0,0,0,0,0,0,0,0,0,1,1,0.0,10,1,mysterious
zigzagged,0,1,0,0,0,0,0,0,0,0,0,0,0,0,0,1,1,-0.1027,9,1,zigzagged
cellars,1,0,0,0,0,0,0,0,0,0,0,0,0,0,0,1,1,0.0,7,1,cellars
valuables,1,0,0,0,0,0,0,0,0,0,0,0,0,0,0,1,1,0.4767,9,1,valuables
unfortunately,0,0,0,1,0,0,0,0,0,0,0,0,0,0,0,1,1,-0.34,13,1,unfortunately
miserly,0,0,1,0,0,0,0,0,0,0,0,0,0,0,0,1,1,-0.6249,7,1,miserly
landlord,1,0,0,0,0,0,0,0,0,0,0,0,0,0,0,1,1,-0.6249,8,1,landlord
yell,1,1,0,0,0,0,0,0,0,0,0,0,0,0,0,1,1,-0.6249,4,1,yell
clinking,1,1,1,0,0,0,0,0,0,0,0,0,0,0,0,1,1,-0.5994,8,1,clinking
stench,1,0,0,0,0,0,0,0,0,0,0,0,0,0,0,1,1,-0.743,6,1,stench
inwards,1,0,0,1,0,0,0,0,0,0,0,0,0,0,0,1,1,-0.5994,7,1,inwards
shoving,0,1,0,0,0,0,0,0,0,0,0,0,0,0,0,1,1,-0.5574,7,1,shoving
volver,0,0,0,0,0,0,0,0,0,0,0,0,0,0,0,1,1,-0.5574,6,1,volver
aperture,1,0,0,0,0,0,0,0,0,0,0,0,0,0,0,1,1,-0.5574,8,1,aperture
fired,0,1,1,0,0,0,0,0,0,0,0,0,0,0,0,1,1,-0.5574,5,1,fired
resounded,0,1,0,0,0,0,0,0,0,0,0,0,0,0,0,1,1,0.0,9,1,resounded
racket,1,1,0,0,0,0,0,0,0,0,0,0,0,0,0,1,1,0.0,6,1,racket
piling,1,1,0,0,0,0,0,0,0,0,0,0,0,0,0,1,1,0.0,6,1,piling
slabs,1,0,0,0,0,0,0,0,0,0,0,0,0,0,0,1,1,0.0,5,1,slabs
rejoined,0,1,0,0,0,0,0,0,0,0,0,0,0,0,0,1,1,0.0,8,1,rejoined
circular,1,0,1,0,0,0,0,0,0,0,0,0,0,0,0,1,1,0.296,8,1,circular
stomach,1,1,0,0,0,0,0,0,0,0,0,0,0,0,0,1,1,0.34,7,1,stomach
fence,1,1,0,0,0,0,0,0,0,0,0,0,0,0,0,1,1,0.0,5,1,fence
flooded,0,1,1,0,0,0,0,0,0,0,0,0,0,0,0,1,1,-0.743,7,1,flooded
reeked,0,1,0,0,0,0,0,0,0,0,0,0,0,0,0,1,1,-0.743,6,1,reeked
debris,1,0,0,0,0,0,0,0,0,0,0,0,0,0,0,1,1,0.0,6,1,debris
female,1,0,1,0,0,0,0,0,0,0,0,0,0,0,0,1,1,-0.8934,6,1,female
anathemas,1,0,0,0,0,0,0,0,0,0,0,0,0,0,0,1,1,-0.8934,9,1,anathemas
lout,1,0,0,0,0,0,0,0,0,0,0,0,0,0,0,1,1,-0.8934,4,1,lout
measured,0,1,1,0,0,0,0,0,0,0,0,0,0,0,0,1,1,0.0,8,1,measured
pariah,1,0,0,0,0,0,0,0,0,0,0,0,0,0,0,1,1,0.34,6,1,pariah
aristocratic,0,0,1,0,0,0,0,0,0,0,0,0,0,0,0,1,1,0.34,12,1,aristocratic
avenua,0,0,0,0,0,0,0,0,0,0,0,0,0,0,0,1,1,0.34,6,1,avenua
annihilation,1,0,0,0,0,0,0,0,0,0,0,0,0,0,0,1,1,0.0,12,1,annihilation
shelling,0,1,0,0,0,0,0,0,0,0,0,0,0,0,0,1,1,0.0,8,1,shelling
platoon,1,0,0,0,0,0,0,0,0,0,0,0,0,0,0,1,1,0.0,7,1,platoon
fearfully,0,0,0,1,0,0,0,0,0,0,0,0,0,0,0,1,1,-0.4939,9,1,fearfully
postern,1,0,1,0,0,0,0,0,0,0,0,0,0,0,0,1,1,0.0,7,1,postern
parade,1,1,0,0,0,0,0,0,0,0,0,0,0,0,0,1,1,0.0,6,1,parade
berth,1,1,0,0,0,0,0,0,0,0,0,0,0,0,0,1,1,0.0,5,1,berth
flitting,1,1,1,0,0,0,0,0,0,0,0,0,0,0,0,1,1,0.0,8,1,flitting
delmonico,0,0,0,0,0,0,0,0,0,0,0,0,0,0,0,1,1,-0.6486,9,1,delmonico
stark,0,0,1,1,0,0,0,0,0,0,0,0,0,0,0,1,1,-0.7096,5,1,stark
outburst,1,0,0,0,0,0,0,0,0,0,0,0,0,0,0,1,1,-0.0772,8,1,outburst
begged,0,1,0,0,0,0,0,0,0,0,0,0,0,0,0,1,1,-0.0772,6,1,begged
bucolic,1,0,1,0,0,0,0,0,0,0,0,0,0,0,0,1,1,0.4939,7,1,bucolic
curds,1,0,0,0,0,0,0,0,0,0,0,0,0,0,0,1,1,0.4939,5,1,curds
dairy,1,0,0,0,0,0,0,0,0,0,0,0,0,0,0,1,1,0.4939,5,1,dairy
maids,1,0,0,0,0,0,0,0,0,0,0,0,0,0,0,1,1,0.4939,5,1,maids
dusty,0,0,1,0,0,0,0,0,0,0,0,0,0,0,0,1,1,0.4215,5,1,dusty
feathered,0,0,1,0,0,0,0,0,0,0,0,0,0,0,0,1,1,0.4215,9,1,feathered
peacocks,1,0,0,0,0,0,0,0,0,0,0,0,0,0,0,1,1,0.0,8,1,peacocks
drab,1,0,1,0,0,0,0,0,0,0,0,0,0,0,0,1,1,0.0,4,1,drab
slight,1,1,1,0,0,0,0,0,0,0,0,0,0,0,0,1,1,0.4767,6,1,slight
fee,1,0,0,0,0,0,0,0,0,0,0,0,0,0,0,1,1,0.1548,3,1,fee
grudge,1,1,0,0,0,0,0,0,0,0,0,0,0,0,0,1,1,0.0,6,1,grudge
basins,1,0,0,0,0,0,0,0,0,0,0,0,0,0,0,1,1,0.4215,6,1,basins
gaped,0,1,0,0,0,0,0,0,0,0,0,0,0,0,0,1,1,0.0,5,1,gaped
rere,1,0,0,0,0,0,0,0,0,0,0,0,0,0,0,1,1,0.0,4,1,rere
wailed,0,1,0,0,0,0,0,0,0,0,0,0,0,0,0,1,1,0.0,6,1,wailed
mnxious,0,0,0,0,0,0,0,0,0,0,0,0,0,0,0,1,1,0.0,7,1,mnxious
fc,0,0,0,0,0,0,0,0,0,0,0,0,0,0,0,1,1,0.0,2,0,fc
tous,0,0,0,0,0,0,0,0,0,0,0,0,0,0,0,1,1,0.0,4,1,tous
cinder,1,0,0,0,0,0,0,0,0,0,0,0,0,0,0,1,1,-0.6705,6,1,cinder
crannies,1,0,0,0,0,0,0,0,0,0,0,0,0,0,0,1,1,-0.7184,8,1,crannies
jokingly,0,0,0,1,0,0,0,0,0,0,0,0,0,0,0,1,1,0.2732,8,1,jokingly
occupants,1,0,0,0,0,0,0,0,0,0,0,0,0,0,0,1,1,0.2023,9,1,occupants
undefmable,0,0,0,0,0,0,0,0,0,0,0,0,0,0,0,1,1,-0.4404,10,1,undefmable
repeal,1,0,0,0,0,0,0,0,0,0,0,0,0,0,0,1,1,-0.8176,6,1,repeal
attracted,0,1,0,0,0,0,0,0,0,0,0,0,0,0,0,1,1,0.4767,9,1,attracted
strides,1,1,0,0,0,0,0,0,0,0,0,0,0,0,0,1,1,-0.3818,7,1,strides
comptds,0,0,0,0,0,0,0,0,0,0,0,0,0,0,0,1,1,0.0,7,1,comptds
heuraax,0,0,0,0,0,0,0,0,0,0,0,0,0,0,0,1,1,0.0,7,1,heuraax
benches,1,1,0,0,0,0,0,0,0,0,0,0,0,0,0,1,1,0.2023,7,1,benches
glistened,0,0,0,0,0,0,0,0,0,0,0,0,0,0,0,1,1,0.8074,9,1,glistened
extremity,1,0,0,0,0,0,0,0,0,0,0,0,0,0,0,1,1,0.8074,9,1,extremity
dragoons,1,1,0,0,0,0,0,0,0,0,0,0,0,0,0,1,1,0.8074,8,1,dragoons
treatment,1,0,0,0,0,0,0,0,0,0,0,0,0,0,0,1,1,-0.6486,9,1,treatment
insanity,1,0,0,0,0,0,0,0,0,0,0,0,0,0,0,1,1,-0.6486,8,1,insanity
sounder,1,0,0,0,0,0,0,0,0,0,0,0,0,0,0,1,1,0.2732,7,1,sounder
tuition,1,0,0,0,0,0,0,0,0,0,0,0,0,0,0,1,1,0.2732,7,1,tuition
observatoire,0,0,0,0,0,0,0,0,0,0,0,0,0,0,0,1,1,0.34,12,1,observatoire
consider,0,1,0,0,0,0,0,0,0,0,0,0,0,0,0,1,1,0.0,8,1,consider
sneers,1,1,0,0,0,0,0,0,0,0,0,0,0,0,0,1,1,0.1779,6,1,sneers
dans,1,0,0,0,0,0,0,0,0,0,0,0,0,0,0,1,1,0.0,4,1,dans
tristesse,0,0,0,0,0,0,0,0,0,0,0,0,0,0,0,1,1,0.0,9,1,tristesse
nous,1,0,0,0,0,0,0,0,0,0,0,0,0,0,0,1,1,0.0,4,1,nous
sont,0,0,0,0,0,0,0,0,0,0,0,0,0,0,0,1,1,0.0,4,1,sont
lolling,0,0,1,0,0,0,0,0,0,0,0,0,0,0,0,1,1,0.2023,7,1,lolling
shied,0,1,0,0,0,0,0,0,0,0,0,0,0,0,0,1,1,0.6486,5,1,shied
visits,1,1,0,0,0,0,0,0,0,0,0,0,0,0,0,1,1,0.0,6,1,visits
guardians,1,0,0,0,0,0,0,0,0,0,0,0,0,0,0,1,1,0.0,9,1,guardians
passy,0,0,0,0,0,0,0,0,0,0,0,0,0,0,0,1,1,0.0,5,1,passy
respectable,0,0,1,0,0,0,0,0,0,0,0,0,0,0,0,1,1,0.0334,11,1,respectable
regards,1,1,0,0,0,0,0,0,0,0,0,0,0,0,0,1,1,0.1779,7,1,regards
disfavor,1,0,0,0,0,0,0,0,0,0,0,0,0,0,0,1,1,0.1779,8,1,disfavor
correctly,0,0,0,1,0,0,0,0,0,0,0,0,0,0,0,1,1,0.1779,9,1,correctly
elaborate,0,1,1,0,0,0,0,0,0,0,0,0,0,0,0,1,1,0.2023,9,1,elaborate
mower,1,0,0,0,0,0,0,0,0,0,0,0,0,0,0,1,1,0.0,5,1,mower
clinked,0,1,0,0,0,0,0,0,0,0,0,0,0,0,0,1,1,0.0,7,1,clinked
showers,1,1,0,0,0,0,0,0,0,0,0,0,0,0,0,1,1,0.0,7,1,showers
nook,1,0,0,0,0,0,0,0,0,0,0,0,0,0,0,1,1,0.4215,4,1,nook
pains,0,1,0,0,0,0,0,0,0,0,0,0,0,0,0,1,1,-0.4404,5,1,pains
absent,1,1,1,0,0,0,0,0,0,0,0,0,0,0,0,1,1,-0.4404,6,1,absent
rambled,0,0,0,0,0,0,0,0,0,0,0,0,0,0,0,1,1,0.0334,7,1,rambled
jes,0,0,0,0,0,0,0,0,0,0,0,0,0,0,0,1,1,0.0772,3,1,jes
uits,0,0,0,0,0,0,0,0,0,0,0,0,0,0,0,1,1,0.0772,4,1,uits
sucked,0,1,0,0,0,0,0,0,0,0,0,0,0,0,0,1,1,-0.4588,6,1,sucked
impressed,0,1,1,0,0,0,0,0,0,0,0,0,0,0,0,1,1,0.7579,9,1,impressed
mercifully,0,0,0,1,0,0,0,0,0,0,0,0,0,0,0,1,1,-0.6486,10,1,mercifully
peter,1,0,0,0,0,0,0,0,0,0,0,0,0,0,0,1,1,0.2023,5,1,peter
stuyvesant,1,0,0,0,0,0,0,0,0,0,0,0,0,0,0,1,1,0.2023,10,1,stuyvesant
represent,0,1,0,0,0,0,0,0,0,0,0,0,0,0,0,1,1,0.2023,9,1,represent
pillage,0,0,0,0,0,0,0,0,0,0,0,0,0,0,0,1,1,-0.7184,7,1,pillage
cursing,0,1,1,0,0,0,0,0,0,0,0,0,0,0,0,1,1,-0.7184,7,1,cursing
blinded,0,1,1,0,0,0,0,0,0,0,0,0,0,0,0,1,1,0.0387,7,1,blinded
snatching,1,1,0,0,0,0,0,0,0,0,0,0,0,0,0,1,1,-0.3818,9,1,snatching
theirs,0,0,0,0,0,0,0,0,0,0,0,0,0,0,1,1,1,0.0,6,1,theirs
iloor,0,0,0,0,0,0,0,0,0,0,0,0,0,0,0,1,1,0.0,5,1,iloor
violently,0,0,0,1,0,0,0,0,0,0,0,0,0,0,0,1,1,0.6486,9,1,violently
vice,1,0,1,0,0,0,0,0,0,0,0,0,0,0,0,1,1,0.0772,4,1,vice
dire,0,0,1,0,0,0,0,0,0,0,0,0,0,0,0,1,1,-0.4588,4,1,dire
aroma,1,0,0,0,0,0,0,0,0,0,0,0,0,0,0,1,1,0.6486,5,1,aroma
plaisirto,0,0,0,0,0,0,0,0,0,0,0,0,0,0,0,1,1,0.0,9,1,plaisirto
anglish,0,0,0,0,0,0,0,0,0,0,0,0,0,0,0,1,1,-0.3818,7,1,anglish
evident,0,0,1,0,0,0,0,0,0,0,0,0,0,0,0,1,1,0.7579,7,1,evident
shuffled,0,1,0,0,0,0,0,0,0,0,0,0,0,0,0,1,1,-0.4767,8,1,shuffled
bis,1,0,0,1,0,0,0,0,0,0,0,0,0,0,0,1,1,-0.4767,3,1,bis
printed,0,1,1,0,0,0,0,0,0,0,0,0,0,0,0,1,1,0.0,7,1,printed
flock,1,1,0,0,0,0,0,0,0,0,0,0,0,0,0,1,1,0.0,5,1,flock
active,1,0,1,0,0,0,0,0,0,0,0,0,0,0,0,1,1,0.7351,6,1,active
energetic,0,0,1,0,0,0,0,0,0,0,0,0,0,0,0,1,1,0.7351,9,1,energetic
temperate,0,0,1,0,0,0,0,0,0,0,0,0,0,0,0,1,1,0.7351,9,1,temperate
ambitious,0,0,1,0,0,0,0,0,0,0,0,0,0,0,0,1,1,0.7351,9,1,ambitious
pronouncing,0,1,0,0,0,0,0,0,0,0,0,0,0,0,0,1,1,-0.6486,11,1,pronouncing
carriages,1,0,0,0,0,0,0,0,0,0,0,0,0,0,0,1,1,0.2023,9,1,carriages
angleesh,0,0,0,0,0,0,0,0,0,0,0,0,0,0,0,1,1,-0.4588,8,1,angleesh
yott,0,0,0,0,0,0,0,0,0,0,0,0,0,0,0,1,1,0.0,4,1,yott
hort,0,0,0,0,0,0,0,0,0,0,0,0,0,0,0,1,1,-0.3919,4,1,hort
americain,0,0,0,0,0,0,0,0,0,0,0,0,0,0,0,1,1,0.0,9,1,americain
americains,0,0,0,0,0,0,0,0,0,0,0,0,0,0,0,1,1,0.0,10,1,americains
surtout,1,0,0,0,0,0,0,0,0,0,0,0,0,0,0,1,1,0.0,7,1,surtout
downward,0,0,1,1,0,0,0,0,0,0,0,0,0,0,0,1,1,0.0,8,1,downward
maples,1,0,0,0,0,0,0,0,0,0,0,0,0,0,0,1,1,0.4404,6,1,maples
buds,1,1,0,0,0,0,0,0,0,0,0,0,0,0,0,1,1,0.4404,4,1,buds
costumed,0,1,1,0,0,0,0,0,0,0,0,0,0,0,0,1,1,0.1779,8,1,costumed
thorough,1,0,1,0,0,0,0,0,0,0,0,0,0,0,0,1,1,0.0,8,1,thorough
fare,1,1,0,0,0,0,0,0,0,0,0,0,0,0,0,1,1,0.0,4,1,fare
bullier,1,0,0,0,0,0,0,0,0,0,0,0,0,0,0,1,1,0.0,7,1,bullier
personelle,0,0,0,0,0,0,0,0,0,0,0,0,0,0,0,1,1,-0.4588,10,1,personelle
sairvants,0,0,0,0,0,0,0,0,0,0,0,0,0,0,0,1,1,-0.4588,9,1,sairvants
inoins,0,0,0,0,0,0,0,0,0,0,0,0,0,0,0,1,1,0.0,6,1,inoins
chappy,1,0,0,0,0,0,0,0,0,0,0,0,0,0,0,1,1,0.0,6,1,chappy
tres,0,0,0,0,0,0,0,0,0,0,0,0,0,0,0,1,1,0.4588,4,1,tres
roce,0,0,0,0,0,0,0,0,0,0,0,0,0,0,0,1,1,0.4588,4,1,roce
akj,0,0,0,0,0,0,0,0,0,0,0,0,0,0,0,1,1,-0.3818,3,1,akj
yess,0,0,0,0,0,0,0,0,0,0,0,0,0,0,0,1,1,0.0,4,1,yess
jairne,0,0,0,0,0,0,0,0,0,0,0,0,0,0,0,1,1,0.0,6,1,jairne
wiss,0,0,0,0,0,0,0,0,0,0,0,0,0,0,0,1,1,0.0,4,1,wiss
americaine,0,0,0,0,0,0,0,0,0,0,0,0,0,0,0,1,1,0.0,10,1,americaine
anc,0,0,0,0,0,0,0,0,0,0,0,0,0,0,0,1,1,0.0,3,1,anc
opens,1,1,0,0,0,0,0,0,0,0,0,0,0,0,0,1,1,0.872,5,1,opens
lift,1,1,0,0,0,0,0,0,0,0,0,0,0,0,0,1,1,0.872,4,1,lift
freshly,0,0,0,1,0,0,0,0,0,0,0,0,0,0,0,1,1,0.4588,7,1,freshly
smelled,0,1,0,0,0,0,0,0,0,0,0,0,0,0,0,1,1,0.4588,7,1,smelled
spicy,0,0,1,0,0,0,0,0,0,0,0,0,0,0,0,1,1,0.4588,5,1,spicy
myclientelle,0,0,0,0,0,0,0,0,0,0,0,0,0,0,0,1,1,0.6369,12,1,myclientelle
famille,0,0,0,0,0,0,0,0,0,0,0,0,0,0,0,1,1,0.6369,7,1,famille
whera,0,0,0,0,0,0,0,0,0,0,0,0,0,0,0,1,1,0.6369,5,1,whera
information,1,0,0,0,0,0,0,0,0,0,0,0,0,0,0,1,1,0.0,11,1,information
serieux,0,0,0,0,0,0,0,0,0,0,0,0,0,0,0,1,1,0.6369,7,1,serieux
crease,1,0,0,0,0,0,0,0,0,0,0,0,0,0,0,1,1,0.5859,6,1,crease
emperor,1,0,0,0,0,0,0,0,0,0,0,0,0,0,0,1,1,0.3612,7,1,emperor
royal,1,0,1,0,0,0,0,0,0,0,0,0,0,0,0,1,1,-0.5647,5,1,royal
sive,0,0,0,0,0,0,0,0,0,0,0,0,0,0,0,1,1,0.872,4,1,sive
holds,1,1,0,0,0,0,0,0,0,0,0,0,0,0,0,1,1,0.872,5,1,holds
enhanced,0,1,1,0,0,0,0,0,0,0,0,0,0,0,0,1,1,0.872,8,1,enhanced
porter,1,1,0,0,0,0,0,0,0,0,0,0,0,0,0,1,1,0.3182,6,1,porter
thrice,0,0,0,1,0,0,0,0,0,0,0,0,0,0,0,1,1,0.3182,6,1,thrice
towel,1,1,0,0,0,0,0,0,0,0,0,0,0,0,0,1,1,0.0,5,1,towel
accompanied,0,1,1,0,0,0,0,0,0,0,0,0,0,0,0,1,1,-0.1901,11,1,accompanied
mentor,1,1,0,0,0,0,0,0,0,0,0,0,0,0,0,1,1,-0.1901,6,1,mentor
nxea,0,0,0,0,0,0,0,0,0,0,0,0,0,0,0,1,1,-0.1901,4,1,nxea
stain,1,1,0,0,0,0,0,0,0,0,0,0,0,0,0,1,1,0.2247,5,1,stain
parisien,0,0,0,0,0,0,0,0,0,0,0,0,0,0,0,1,1,0.3612,8,1,parisien
eet,0,0,0,0,0,0,0,0,0,0,0,0,0,0,0,1,1,-0.1513,3,1,eet
acquaintances,1,0,0,0,0,0,0,0,0,0,0,0,0,0,0,1,1,0.2732,13,1,acquaintances
brief,1,1,1,0,0,0,0,0,0,0,0,0,0,0,0,1,1,0.6858,5,1,brief
liv,1,0,0,0,0,0,0,0,0,0,0,0,0,0,0,1,1,0.7269,3,1,liv
influences,0,1,0,0,0,0,0,0,0,0,0,0,0,0,0,1,1,0.7269,10,1,influences
morality,1,0,0,0,0,0,0,0,0,0,0,0,0,0,0,1,1,0.1901,8,1,morality
rife,0,0,1,0,0,0,0,0,0,0,0,0,0,0,0,1,1,0.1901,4,1,rife
latch,1,1,0,0,0,0,0,0,0,0,0,0,0,0,0,1,1,0.2617,5,1,latch
accounts,1,1,0,0,0,0,0,0,0,0,0,0,0,0,0,1,1,0.34,8,1,accounts
fortunately,0,0,0,1,0,0,0,0,0,0,0,0,0,0,0,1,1,0.7518,11,1,fortunately
results,1,1,0,0,0,0,0,0,0,0,0,0,0,0,0,1,1,0.7518,7,1,results
proudly,0,0,0,1,0,0,0,0,0,0,0,0,0,0,0,1,1,0.7845,7,1,proudly
wiz,1,0,0,0,0,0,0,0,0,0,0,0,0,0,0,1,1,0.0,3,1,wiz
astang,0,0,0,0,0,0,0,0,0,0,0,0,0,0,0,1,1,0.0,6,1,astang
zat,0,0,0,0,0,0,1,0,0,0,0,0,0,0,0,1,1,0.2732,3,1,zat
existe,0,0,0,0,0,0,0,0,0,0,0,0,0,0,0,1,1,-0.1513,6,1,existe
tramway,1,0,0,0,0,0,0,0,0,0,0,0,0,0,0,1,1,0.0,7,1,tramway
ths,0,0,0,0,0,0,0,0,0,0,0,0,0,0,0,1,1,0.0,3,1,ths
bination,0,0,0,0,0,0,0,0,0,0,0,0,0,0,0,1,1,0.6705,8,1,bination
skirted,0,1,0,0,0,0,0,0,0,0,0,0,0,0,0,1,1,0.3574,7,1,skirted
bene,1,0,0,1,0,0,0,0,0,0,0,0,0,0,0,1,1,0.3574,4,1,bene
dick,1,0,0,0,0,0,0,0,0,0,0,0,0,0,0,1,1,-0.5106,4,1,dick
lunched,0,1,0,0,0,0,0,0,0,0,0,0,0,0,0,1,1,0.6908,7,1,lunched
grate,1,1,0,0,0,0,0,0,0,0,0,0,0,0,0,1,1,-0.5267,5,1,grate
cuffed,0,1,1,0,0,0,0,0,0,0,0,0,0,0,0,1,1,0.0,6,1,cuffed
plunge,1,1,0,0,0,0,0,0,0,0,0,0,0,0,0,1,1,-0.4215,6,1,plunge
limited,0,0,1,0,0,0,0,0,0,0,0,0,0,0,0,1,1,-0.4215,7,1,limited
diffidently,0,0,0,1,0,0,0,0,0,0,0,0,0,0,0,1,1,0.4404,11,1,diffidently
sym,0,0,0,0,0,0,0,0,0,0,0,0,0,0,0,1,1,-0.3948,3,1,sym
pathetic,0,0,1,0,0,0,0,0,0,0,0,0,0,0,0,1,1,-0.3948,8,1,pathetic
handshake,1,0,0,0,0,0,0,0,0,0,0,0,0,0,0,1,1,0.6858,9,1,handshake
shuffling,1,1,1,0,0,0,0,0,0,0,0,0,0,0,0,1,1,0.0,9,1,shuffling
leered,0,1,0,0,0,0,0,0,0,0,0,0,0,0,0,1,1,0.0,6,1,leered
counterpart,1,0,0,0,0,0,0,0,0,0,0,0,0,0,0,1,1,0.0,11,1,counterpart
recognition,1,0,0,0,0,0,0,0,0,0,0,0,0,0,0,1,1,-0.631,11,1,recognition
disappointed,0,1,1,0,0,0,0,0,0,0,0,0,0,0,0,1,1,-0.631,12,1,disappointed
skeptical,0,0,1,0,0,0,0,0,0,0,0,0,0,0,0,1,1,0.5719,9,1,skeptical
appointment,1,0,0,0,0,0,0,0,0,0,0,0,0,0,0,1,1,0.5719,11,1,appointment
magenta,1,0,1,0,0,0,0,0,0,0,0,0,0,0,0,1,1,0.5719,7,1,magenta
invitation,1,0,1,0,0,0,0,0,0,0,0,0,0,0,0,1,1,0.0,10,1,invitation
discussion,1,0,0,0,0,0,0,0,0,0,0,0,0,0,0,1,1,0.0258,10,1,discussion
confined,0,1,1,0,0,0,0,0,0,0,0,0,0,0,0,1,1,0.0258,8,1,confined
ignored,0,1,1,0,0,0,0,0,0,0,0,0,0,0,0,1,1,-0.7184,7,1,ignored
compatriots,1,0,0,0,0,0,0,0,0,0,0,0,0,0,0,1,1,-0.7184,11,1,compatriots
intensified,0,1,1,0,0,0,0,0,0,0,0,0,0,0,0,1,1,-0.7184,11,1,intensified
fumbled,0,1,0,0,0,0,0,0,0,0,0,0,0,0,0,1,1,0.0,7,1,fumbled
talkative,0,0,1,0,0,0,0,0,0,0,0,0,0,0,0,1,1,0.0,9,1,talkative
unpacked,0,1,0,0,0,0,0,0,0,0,0,0,0,0,0,1,1,0.8176,8,1,unpacked
unlocked,0,1,1,0,0,0,0,0,0,0,0,0,0,0,0,1,1,0.0,8,1,unlocked
spit,1,1,0,0,0,0,0,0,0,0,0,0,0,0,0,1,1,-0.3818,4,1,spit
carbines,1,0,0,0,0,0,0,0,0,0,0,0,0,0,0,1,1,0.8271,8,1,carbines
assails,0,1,0,0,0,0,0,0,0,0,0,0,0,0,0,1,1,-0.9559,7,1,assails
suns,1,1,0,0,0,0,0,0,0,0,0,0,0,0,0,1,1,0.0941,4,1,suns
knobs,1,0,0,0,0,0,0,0,0,0,0,0,0,0,0,1,1,0.6705,5,1,knobs
comfortably,0,0,0,1,0,0,0,0,0,0,0,0,0,0,0,1,1,0.6908,11,1,comfortably
meteor,1,0,0,0,0,0,0,0,0,0,0,0,0,0,0,1,1,0.6908,6,1,meteor
beamed,0,1,0,0,0,0,0,0,0,0,0,0,0,0,0,1,1,0.0,6,1,beamed
raging,0,1,1,0,0,0,0,0,0,0,0,0,0,0,0,1,1,-0.5267,6,1,raging
icans,0,0,0,0,0,0,0,0,0,0,0,0,0,0,0,1,1,0.0,5,1,icans
baggy,1,0,1,0,0,0,0,0,0,0,0,0,0,0,0,1,1,-0.3818,5,1,baggy
tfie,0,0,0,0,0,0,0,0,0,0,0,0,0,0,0,1,1,-0.6486,4,1,tfie
complacent,0,0,1,0,0,0,0,0,0,0,0,0,0,0,0,1,1,-0.0772,10,1,complacent
merits,1,0,0,0,0,0,0,0,0,0,0,0,0,0,0,1,1,0.0258,6,1,merits
marche,1,0,0,0,0,0,0,0,0,0,0,0,0,0,0,1,1,0.0258,6,1,marche
entente,1,0,0,0,0,0,0,0,0,0,0,0,0,0,0,1,1,0.4019,7,1,entente
cordiale,0,0,0,0,0,0,0,0,0,0,0,0,0,0,0,1,1,0.4019,8,1,cordiale
protectorate,1,0,0,0,0,0,0,0,0,0,0,0,0,0,0,1,1,0.4019,12,1,protectorate
clearly,0,0,0,1,0,0,0,0,0,0,0,0,0,0,0,1,1,0.4019,7,1,clearly
neutral,1,0,1,0,0,0,0,0,0,0,0,0,0,0,0,1,1,0.4019,7,1,neutral
journal,1,0,0,0,0,0,0,0,0,0,0,0,0,0,0,1,1,0.4215,7,1,journal
expense,1,1,0,0,0,0,0,0,0,0,0,0,0,0,0,1,1,0.4215,7,1,expense
agreeable,1,0,1,0,0,0,0,0,0,0,0,0,0,0,0,1,1,0.4215,9,1,agreeable
clattered,0,0,0,0,0,0,0,0,0,0,0,0,0,0,0,1,1,0.0,9,1,clattered
ilde,0,0,0,0,0,0,0,0,0,0,0,0,0,0,0,1,1,-0.0516,4,1,ilde
pewly,0,0,0,0,0,0,0,0,0,0,0,0,0,0,0,1,1,0.0,5,1,pewly
manufacturing,0,1,0,0,0,0,0,0,0,0,0,0,0,0,0,1,1,0.0,13,1,manufacturing
troy,1,0,1,0,0,0,0,0,0,0,0,0,0,0,0,1,1,0.0,4,1,troy
nourished,0,1,1,0,0,0,0,0,0,0,0,0,0,0,0,1,1,0.8225,9,1,nourished
tinctly,0,0,0,0,0,0,0,0,0,0,0,0,0,0,0,1,1,0.8225,7,1,tinctly
exclusively,0,0,0,1,0,0,0,0,0,0,0,0,0,0,0,1,1,-0.1531,11,1,exclusively
lance,1,1,0,0,0,0,0,0,0,0,0,0,0,0,0,1,1,0.0,5,1,lance
troop,1,1,0,0,0,0,0,0,0,0,0,0,0,0,0,1,1,0.8271,5,1,troop
berries,1,1,0,0,0,0,0,0,0,0,0,0,0,0,0,1,1,0.8271,7,1,berries
regimental,0,0,1,0,0,0,0,0,0,0,0,0,0,0,0,1,1,0.2023,10,1,regimental
aimed,0,1,0,0,0,0,0,0,0,0,0,0,0,0,0,1,1,-0.3818,5,1,aimed
murderous,0,0,1,0,0,0,0,0,0,0,0,0,0,0,0,1,1,-0.3818,9,1,murderous
balustrade,1,0,0,0,0,0,0,0,0,0,0,0,0,0,0,1,1,-0.3818,10,1,balustrade
uneasiness,1,0,0,0,0,0,0,0,0,0,0,0,0,0,0,1,1,-0.6808,10,1,uneasiness
spikes,1,1,0,0,0,0,0,0,0,0,0,0,0,0,0,1,1,-0.25,6,1,spikes
desert,1,1,1,0,0,0,0,0,0,0,0,0,0,0,0,1,1,0.0,6,1,desert
cynic,1,0,1,0,0,0,0,0,0,0,0,0,0,0,0,1,1,-0.7096,5,1,cynic
salary,1,0,0,0,0,0,0,0,0,0,0,0,0,0,0,1,1,0.0,6,1,salary
acted,0,1,0,0,0,0,0,0,0,0,0,0,0,0,0,1,1,0.0,5,1,acted
agent,1,0,0,0,0,0,0,0,0,0,0,0,0,0,0,1,1,0.0,5,1,agent
riveted,0,0,0,0,0,0,0,0,0,0,0,0,0,0,0,1,1,-0.9559,7,1,riveted
poignant,0,0,1,0,0,0,0,0,0,0,0,0,0,0,0,1,1,-0.9559,8,1,poignant
americans,1,0,0,0,0,0,0,0,0,0,0,0,0,0,0,1,1,0.0,9,1,americans
ser,1,0,0,0,0,0,0,0,0,0,0,0,0,0,0,1,1,0.0,3,1,ser
enely,0,0,0,0,0,0,0,0,0,0,0,0,0,0,0,1,1,0.0,5,1,enely
swallowed,0,1,1,0,0,0,0,0,0,0,0,0,0,0,0,1,1,0.4215,9,1,swallowed
lump,1,1,0,0,0,0,0,0,0,0,0,0,0,0,0,1,1,0.4215,4,1,lump
sunny,1,0,1,0,0,0,0,0,0,0,0,0,0,0,0,1,1,0.4215,5,1,sunny
trellised,0,0,0,0,0,0,0,0,0,0,0,0,0,0,0,1,1,-0.25,9,1,trellised
gutters,1,1,0,0,0,0,0,0,0,0,0,0,0,0,0,1,1,0.3818,7,1,gutters
pales,1,1,0,0,0,0,0,0,0,0,0,0,0,0,0,1,1,0.0,5,1,pales
minds,1,1,0,0,0,0,0,0,0,0,0,0,0,0,0,1,1,0.0,5,1,minds
unborn,0,0,1,0,0,0,0,0,0,0,0,0,0,0,0,1,1,0.0,6,1,unborn
coals,1,1,0,0,0,0,0,0,0,0,0,0,0,0,0,1,1,-0.9559,5,1,coals
reread,0,1,0,0,0,0,0,0,0,0,0,0,0,0,0,1,1,-0.9559,6,1,reread
campaign,1,1,0,0,0,0,0,0,0,0,0,0,0,0,0,1,1,0.8271,8,1,campaign
farms,1,1,0,0,0,0,0,0,0,0,0,0,0,0,0,1,1,0.8271,5,1,farms
sabres,1,1,0,0,0,0,0,0,0,0,0,0,0,0,0,1,1,0.8271,6,1,sabres
ending,1,1,0,0,0,0,0,0,0,0,0,0,0,0,0,1,1,0.8625,6,1,ending
palatial,0,0,1,0,0,0,0,0,0,0,0,0,0,0,0,1,1,0.8625,8,1,palatial
soms,1,0,0,0,0,0,0,0,0,0,0,0,0,0,0,1,1,-0.1531,4,1,soms
frenchman,1,0,0,0,0,0,0,0,0,0,0,0,0,0,0,1,1,0.0,9,1,frenchman
tight,0,0,1,1,0,0,0,0,0,0,0,0,0,0,0,1,1,0.4588,5,1,tight
twentieth,1,0,1,0,0,0,0,0,0,0,0,0,0,0,0,1,1,0.0,9,1,twentieth
sweeps,1,1,0,0,0,0,0,0,0,0,0,0,0,0,0,1,1,0.5499,6,1,sweeps
cassar,0,0,0,0,0,0,0,0,0,0,0,0,0,0,0,1,1,0.0,6,1,cassar
original,1,0,1,0,0,0,0,0,0,0,0,0,0,0,0,1,1,0.8225,8,1,original
gratefully,0,0,0,1,0,0,0,0,0,0,0,0,0,0,0,1,1,0.8225,10,1,gratefully
judiciously,0,0,0,1,0,0,0,0,0,0,0,0,0,0,0,1,1,0.8225,11,1,judiciously
feminine,1,0,1,0,0,0,0,0,0,0,0,0,0,0,0,1,1,0.6249,8,1,feminine
chaumicre,0,0,0,0,0,0,0,0,0,0,0,0,0,0,0,1,1,0.0,9,1,chaumicre
jesuit,1,0,0,0,0,0,0,0,0,0,0,0,0,0,0,1,1,0.8625,6,1,jesuit
overwhelmed,0,1,1,0,0,0,0,0,0,0,0,0,0,0,0,1,1,0.8625,11,1,overwhelmed
baedecker,0,0,0,0,0,0,0,0,0,0,0,0,0,0,0,1,1,0.8625,9,1,baedecker
woodbine,1,0,0,0,0,0,0,0,0,0,0,0,0,0,0,1,1,0.9186,8,1,woodbine
piazza,1,0,0,0,0,0,0,0,0,0,0,0,0,0,0,1,1,0.9186,6,1,piazza
paints,1,1,0,0,0,0,0,0,0,0,0,0,0,0,0,1,1,0.8625,6,1,paints
masterpieces,1,0,0,0,0,0,0,0,0,0,0,0,0,0,0,1,1,0.8625,12,1,masterpieces
throaty,0,0,1,0,0,0,0,0,0,0,0,0,0,0,0,1,1,-0.5267,7,1,throaty
chirps,1,0,0,0,0,0,0,0,0,0,0,0,0,0,0,1,1,-0.5267,6,1,chirps
butterfly,1,1,0,0,0,0,0,0,0,0,0,0,0,0,0,1,1,0.0,9,1,butterfly
hotels,1,0,0,0,0,0,0,0,0,0,0,0,0,0,0,1,1,0.8625,6,1,hotels
denounced,0,1,0,0,0,0,0,0,0,0,0,0,0,0,0,1,1,0.7089,9,1,denounced
jackets,1,1,0,0,0,0,0,0,0,0,0,0,0,0,0,1,1,0.4588,7,1,jackets
busbys,0,0,0,0,0,0,0,0,0,0,0,0,0,0,0,1,1,0.4588,6,1,busbys
breeches,1,0,0,0,0,0,0,0,0,0,0,0,0,0,0,1,1,0.4588,8,1,breeches
stripe,1,1,0,0,0,0,0,0,0,0,0,0,0,0,0,1,1,0.4588,6,1,stripe
molded,0,1,1,0,0,0,0,0,0,0,0,0,0,0,0,1,1,0.4588,6,1,molded
lances,1,1,0,0,0,0,0,0,0,0,0,0,0,0,0,1,1,0.0,6,1,lances
vincent,1,0,0,0,0,0,0,0,0,0,0,0,0,0,0,1,1,0.0,7,1,vincent
banded,0,1,1,0,0,0,0,0,0,0,0,0,0,0,0,1,1,0.0,6,1,banded
kne,0,0,0,0,0,0,0,0,0,0,0,0,0,0,0,1,1,0.9186,3,1,kne
mullins,0,0,0,0,0,0,0,0,0,0,0,0,0,0,0,1,1,0.9186,7,1,mullins
milkweed,1,0,0,0,0,0,0,0,0,0,0,0,0,0,0,1,1,0.9186,8,1,milkweed
legitimate,0,1,1,0,0,0,0,0,0,0,0,0,0,0,0,1,1,0.0,10,1,legitimate
copies,1,1,0,0,0,0,0,0,0,0,0,0,0,0,0,1,1,0.3612,6,1,copies
infectious,0,0,1,0,0,0,0,0,0,0,0,0,0,0,0,1,1,0.7089,10,1,infectious
confiscated,0,0,1,0,0,0,0,0,0,0,0,0,0,0,0,1,1,0.7089,11,1,confiscated
curb,1,1,0,0,0,0,0,0,0,0,0,0,0,0,0,1,1,0.8126,4,1,curb
ruffling,1,1,0,0,0,0,0,0,0,0,0,0,0,0,0,1,1,0.8126,8,1,ruffling
blushed,0,1,0,0,0,0,0,0,0,0,0,0,0,0,0,1,1,0.0,7,1,blushed
sympathetic,0,0,1,0,0,0,0,0,0,0,0,0,0,0,0,1,1,0.2732,11,1,sympathetic
resem,0,0,0,0,0,0,0,0,0,0,0,0,0,0,0,1,1,0.0,5,1,resem
blance,0,0,0,0,0,0,0,0,0,0,0,0,0,0,0,1,1,0.0,6,1,blance
flow,1,1,0,0,0,0,0,0,0,0,0,0,0,0,0,1,1,0.0,4,1,flow
threading,0,1,0,0,0,0,0,0,0,0,0,0,0,0,0,1,1,0.0,9,1,threading
groves,1,0,0,0,0,0,0,0,0,0,0,0,0,0,0,1,1,0.3612,6,1,groves
wincing,1,1,0,0,0,0,0,0,0,0,0,0,0,0,0,1,1,0.7082,7,1,wincing
assas,0,0,0,0,0,0,0,0,0,0,0,0,0,0,0,1,1,-0.2617,5,1,assas
embarrassing,1,1,1,0,0,0,0,0,0,0,0,0,0,0,0,1,1,0.8056,12,1,embarrassing
explan,0,0,0,0,0,0,0,0,0,0,0,0,0,0,0,1,1,0.9584,6,1,explan
ation,0,0,0,0,0,0,0,0,0,0,0,0,0,0,0,1,1,0.9584,5,1,ation
energy,1,0,0,0,0,0,0,0,0,0,0,0,0,0,0,1,1,0.9584,6,1,energy
varnishing,1,1,0,0,0,0,0,0,0,0,0,0,0,0,0,1,1,0.9584,10,1,varnishing
observatory,1,0,0,0,0,0,0,0,0,0,0,0,0,0,0,1,1,0.3612,11,1,observatory
mosque,1,0,0,0,0,0,0,0,0,0,0,0,0,0,0,1,1,0.3612,6,1,mosque
ablaze,0,0,1,1,0,0,0,0,0,0,0,0,0,0,0,1,1,0.3612,6,1,ablaze
bamboo,1,0,1,0,0,0,0,0,0,0,0,0,0,0,0,1,1,0.4939,6,1,bamboo
almonds,0,0,0,0,0,0,0,0,0,0,0,0,0,0,0,1,1,0.3612,7,1,almonds
encircled,0,1,1,0,0,0,0,0,0,0,0,0,0,0,0,1,1,0.3612,9,1,encircled
greater,0,0,1,0,0,0,0,0,0,0,0,0,0,0,0,1,1,0.3612,7,1,greater
spiral,1,1,1,0,0,0,0,0,0,0,0,0,0,0,0,1,1,0.3612,6,1,spiral
toy,1,1,0,0,0,0,0,0,0,0,0,0,0,0,0,1,1,0.4939,3,1,toy
epaulettes,1,0,0,0,0,0,0,0,0,0,0,0,0,0,0,1,1,0.0,10,1,epaulettes
sword,1,0,0,0,0,0,0,0,0,0,0,0,0,0,0,1,1,0.0,5,1,sword
unchained,0,1,1,0,0,0,0,0,0,0,0,0,0,0,0,1,1,0.0,9,1,unchained
dirt,1,0,1,0,0,0,0,0,0,0,0,0,0,0,0,1,1,0.1779,4,1,dirt
indignation,1,0,0,0,0,0,0,0,0,0,0,0,0,0,0,1,1,-0.5267,11,1,indignation
complain,0,1,0,0,0,0,0,0,0,0,0,0,0,0,0,1,1,-0.3612,8,1,complain
capitaine,0,0,0,0,0,0,0,0,0,0,0,0,0,0,0,1,1,0.0,9,1,capitaine
jean,1,0,0,0,0,0,0,0,0,0,0,0,0,0,0,1,1,0.8625,4,1,jean
laurens,1,0,0,0,0,0,0,0,0,0,0,0,0,0,0,1,1,0.8625,7,1,laurens
guillaume,0,0,0,0,0,0,0,0,0,0,0,0,0,0,0,1,1,0.8625,9,1,guillaume
stanislas,0,0,0,0,0,0,0,0,0,0,0,0,0,0,0,1,1,0.8625,9,1,stanislas
carolus,1,0,0,0,0,0,0,0,0,0,0,0,0,0,0,1,1,0.8625,7,1,carolus
duran,0,0,0,0,0,0,0,0,0,0,0,0,0,0,0,1,1,0.8625,5,1,duran
wha,0,0,0,0,0,0,0,0,0,0,0,0,0,0,0,1,1,0.0,3,1,wha
deciding,0,1,1,0,0,0,0,0,0,0,0,0,0,0,0,1,1,-0.5267,8,1,deciding
deners,0,0,0,0,0,0,0,0,0,0,0,0,0,0,0,1,1,0.4939,6,1,deners
sponsor,1,1,0,0,0,0,0,0,0,0,0,0,0,0,0,1,1,0.296,7,1,sponsor
aboutyou,0,0,0,0,0,0,0,0,0,0,0,0,0,0,0,1,1,0.4588,8,1,aboutyou
angthing,0,0,0,0,0,0,0,0,0,0,0,0,0,0,0,1,1,0.4588,8,1,angthing
disclaim,0,1,0,0,0,0,0,0,0,0,0,0,0,0,0,1,1,0.0,8,1,disclaim
poser,1,0,0,0,0,0,0,0,0,0,0,0,0,0,0,1,1,0.0,5,1,poser
shambled,0,0,0,0,0,0,0,0,0,0,0,0,0,0,0,1,1,0.0,8,1,shambled
conso,0,0,0,0,0,0,0,0,0,0,0,0,0,0,0,1,1,0.0,5,1,conso
follows,0,1,0,0,0,0,0,0,0,0,0,0,0,0,0,1,1,0.4404,7,1,follows
northwest,1,0,0,1,0,0,0,0,0,0,0,0,0,0,0,1,1,0.4404,9,1,northwest
broom,1,1,0,0,0,0,0,0,0,0,0,0,0,0,0,1,1,0.5499,5,1,broom
communication,1,0,0,0,0,0,0,0,0,0,0,0,0,0,0,1,1,0.0,13,1,communication
malice,1,0,0,0,0,0,0,0,0,0,0,0,0,0,0,1,1,0.5341,6,1,malice
parisienne,1,0,0,0,0,0,0,0,0,0,0,0,0,0,0,1,1,0.5341,10,1,parisienne
moustache,1,0,0,0,0,0,0,0,0,0,0,0,0,0,0,1,1,0.0,9,1,moustache
tag,1,1,0,0,0,0,0,0,0,0,0,0,0,0,0,1,1,-0.0387,3,1,tag
edythe,0,0,0,0,0,0,0,0,0,0,0,0,0,0,0,1,1,0.7506,6,1,edythe
ica,0,0,0,0,0,0,0,0,0,0,0,0,0,0,0,1,1,0.2732,3,1,ica
handling,1,1,0,0,0,0,0,0,0,0,0,0,0,0,0,1,1,0.7506,8,1,handling
cal,1,0,0,0,0,0,0,0,0,0,0,0,0,0,0,1,1,0.7506,3,1,cal
vados,0,0,0,0,0,0,0,0,0,0,0,0,0,0,0,1,1,0.7506,5,1,vados
igth,0,0,0,0,0,0,0,0,0,0,0,0,0,0,0,1,1,0.7506,4,1,igth
masse,1,0,0,0,0,0,0,0,0,0,0,0,0,0,0,1,1,0.0,5,1,masse
coun,0,0,0,0,0,0,0,0,0,0,0,0,0,0,0,1,1,0.4404,4,1,coun
revoir,0,0,0,0,0,0,0,0,0,0,0,0,0,0,0,1,1,0.0772,6,1,revoir
imperceptible,0,0,1,0,0,0,0,0,0,0,0,0,0,0,0,1,1,0.0,13,1,imperceptible
edgment,0,0,0,0,0,0,0,0,0,0,0,0,0,0,0,1,1,0.0,7,1,edgment
rapt,1,0,1,0,0,0,0,0,0,0,0,0,0,0,0,1,1,0.7506,4,1,rapt
peat,1,0,0,0,0,0,0,0,0,0,0,0,0,0,0,1,1,0.7506,4,1,peat
parts,1,0,0,0,0,0,0,0,0,0,0,0,0,0,0,1,1,0.7506,5,1,parts
dwelling,1,1,0,0,0,0,0,0,0,0,0,0,0,0,0,1,1,0.7506,8,1,dwelling
calvados,1,0,0,0,0,0,0,0,0,0,0,0,0,0,0,1,1,0.7506,8,1,calvados
dently,0,0,0,0,0,0,0,0,0,0,0,0,0,0,0,1,1,0.0,6,1,dently
pupil,1,0,0,0,0,0,0,0,0,0,0,0,0,0,0,1,1,0.0,5,1,pupil
pounced,0,1,0,0,0,0,0,0,0,0,0,0,0,0,0,1,1,-0.4497,7,1,pounced
ostentatiously,0,0,0,1,0,0,0,0,0,0,0,0,0,0,0,1,1,-0.0516,14,1,ostentatiously
tempered,0,0,1,0,0,0,0,0,0,0,0,0,0,0,0,1,1,0.0,8,1,tempered
parsol,0,0,0,0,0,0,0,0,0,0,0,0,0,0,0,1,1,-0.1779,6,1,parsol
definatly,0,0,0,0,0,0,0,0,0,0,0,0,0,0,0,1,1,-0.1779,9,1,definatly
mistaken,0,1,1,0,0,0,0,0,0,0,0,0,0,0,0,1,1,0.1901,8,1,mistaken
joking,0,1,1,0,0,0,0,0,0,0,0,0,0,0,0,1,1,0.6486,6,1,joking
questioned,0,1,0,0,0,0,0,0,0,0,0,0,0,0,0,1,1,0.3818,10,1,questioned
thoughf,0,0,0,0,0,0,0,0,0,0,0,0,0,0,0,1,1,0.0,7,1,thoughf
crooked,0,1,1,0,0,0,0,0,0,0,0,0,0,0,0,1,1,0.0,7,1,crooked
orchid,1,0,0,0,0,0,0,0,0,0,0,0,0,0,0,1,1,0.9584,6,1,orchid
reminiscence,1,0,0,0,0,0,0,0,0,0,0,0,0,0,0,1,1,0.5423,12,1,reminiscence
merriment,0,0,0,0,0,0,0,0,0,0,0,0,0,0,0,1,1,0.5267,9,1,merriment
diffi,0,0,0,0,0,0,0,0,0,0,0,0,0,0,0,1,1,0.0,5,1,diffi
fun,1,0,1,0,0,0,0,0,0,0,0,0,0,0,0,1,1,0.2249,3,1,fun
roots,1,1,0,0,0,0,0,0,0,0,0,0,0,0,0,1,1,-0.4939,5,1,roots
nou,0,0,0,0,0,0,0,0,0,0,0,0,0,0,0,1,1,0.0,3,1,nou
veau,0,0,0,0,0,0,0,0,0,0,0,0,0,0,0,1,1,0.0,4,1,veau
lately,0,0,0,1,0,0,0,0,0,0,0,0,0,0,0,1,1,0.0,6,1,lately
tilting,1,1,0,0,0,0,0,0,0,0,0,0,0,0,0,1,1,0.0,7,1,tilting
permitting,0,1,0,0,0,0,0,0,0,0,0,0,0,0,0,1,1,0.0,10,1,permitting
foimself,0,0,0,0,0,0,0,0,0,0,0,0,0,0,0,1,1,0.6486,8,1,foimself
lation,1,0,0,0,0,0,0,0,0,0,0,0,0,0,0,1,1,0.0,6,1,lation
compliment,1,1,0,0,0,0,0,0,0,0,0,0,0,0,0,1,1,0.1027,10,1,compliment
iiesitated,0,0,0,0,0,0,0,0,0,0,0,0,0,0,0,1,1,0.1027,10,1,iiesitated
despised,0,0,1,0,0,0,0,0,0,0,0,0,0,0,0,1,1,0.1027,8,1,despised
mustering,1,0,0,0,0,0,0,0,0,0,0,0,0,0,0,1,1,0.743,9,1,mustering
frankness,1,0,0,0,0,0,0,0,0,0,0,0,0,0,0,1,1,0.743,9,1,frankness
funny,1,0,1,1,0,0,0,0,0,0,0,0,0,0,0,1,1,0.5719,5,1,funny
henner,0,0,0,0,0,0,0,0,0,0,0,0,0,0,0,1,1,0.4019,6,1,henner
courtois,0,0,0,0,0,0,0,0,0,0,0,0,0,0,0,1,1,0.4019,8,1,courtois
antry,0,0,0,0,0,0,0,0,0,0,0,0,0,0,0,1,1,0.9062,5,1,antry
chaperoned,0,1,0,0,0,0,0,0,0,0,0,0,0,0,0,1,1,0.6808,10,1,chaperoned
apollo,1,0,0,0,0,0,0,0,0,0,0,0,0,0,0,1,1,0.3919,6,1,apollo
juno,1,0,0,0,0,0,0,0,0,0,0,0,0,0,0,1,1,0.3919,4,1,juno
venus,1,0,0,0,0,0,0,0,0,0,0,0,0,0,0,1,1,0.3919,5,1,venus
pedestals,1,0,0,0,0,0,0,0,0,0,0,0,0,0,0,1,1,0.3919,9,1,pedestals
counting,1,1,0,0,0,0,0,0,0,0,0,0,0,0,0,1,1,0.3919,8,1,counting
landes,0,0,0,0,0,0,0,0,0,0,0,0,0,0,0,1,1,0.7506,6,1,landes
vriggled,0,0,0,0,0,0,0,0,0,0,0,0,0,0,0,1,1,-0.4497,8,1,vriggled
sailor,1,0,0,0,0,0,0,0,0,0,0,0,0,0,0,1,1,0.1531,6,1,sailor
lau,0,0,0,0,0,0,0,0,0,0,0,0,0,0,0,1,1,0.4019,3,1,lau
rens,1,0,0,0,0,0,0,0,0,0,0,0,0,0,0,1,1,0.4019,4,1,rens
puvis,0,0,0,0,0,0,0,0,0,0,0,0,0,0,0,1,1,0.4019,5,1,puvis
chavannes,0,0,0,0,0,0,0,0,0,0,0,0,0,0,0,1,1,0.4019,9,1,chavannes
dagnan,0,0,0,0,0,0,0,0,0,0,0,0,0,0,0,1,1,0.4019,6,1,dagnan
bargain,1,1,1,0,0,0,0,0,0,0,0,0,0,0,0,1,1,0.6815,7,1,bargain
poison,1,1,0,0,0,0,0,0,0,0,0,0,0,0,0,1,1,-0.6544,6,1,poison
silenced,0,1,1,0,0,0,0,0,0,0,0,0,0,0,0,1,1,0.0,8,1,silenced
bark,1,1,0,0,0,0,0,0,0,0,0,0,0,0,0,1,1,0.0,4,1,bark
stupendous,0,0,1,0,0,0,0,0,0,0,0,0,0,0,0,1,1,0.7978,10,1,stupendous
creation,1,0,0,0,0,0,0,0,0,0,0,0,0,0,0,1,1,0.7978,8,1,creation
irresistible,0,0,1,0,0,0,0,0,0,0,0,0,0,0,0,1,1,0.7978,12,1,irresistible
trembles,1,1,0,0,0,0,0,0,0,0,0,0,0,0,0,1,1,0.7978,8,1,trembles
customs,1,0,0,0,0,0,0,0,0,0,0,0,0,0,0,1,1,0.5267,7,1,customs
ranny,1,0,0,0,0,0,0,0,0,0,0,0,0,0,0,1,1,-0.4019,5,1,ranny
exasperated,0,0,1,0,0,0,0,0,0,0,0,0,0,0,0,1,1,-0.4019,11,1,exasperated
countrymen,1,0,0,0,0,0,0,0,0,0,0,0,0,0,0,1,1,0.0,10,1,countrymen
stripes,1,1,0,0,0,0,0,0,0,0,0,0,0,0,0,1,1,0.0,7,1,stripes
limply,0,0,0,1,0,0,0,0,0,0,0,0,0,0,0,1,1,0.3182,6,1,limply
drummed,0,1,0,0,0,0,0,0,0,0,0,0,0,0,0,1,1,0.6815,7,1,drummed
thinks,0,1,0,0,0,0,0,0,0,0,0,0,0,0,0,1,1,0.6815,6,1,thinks
ceive,0,0,0,0,0,0,0,0,0,0,0,0,0,0,0,1,1,0.0,5,1,ceive
uneasy,0,0,1,0,0,0,0,0,0,0,0,0,0,0,0,1,1,-0.5106,6,1,uneasy
chaperone,1,1,0,0,0,0,0,0,0,0,0,0,0,0,0,1,1,0.5267,9,1,chaperone
presume,0,1,0,0,0,0,0,0,0,0,0,0,0,0,0,1,1,0.0396,7,1,presume
fhb,0,0,0,0,0,0,0,0,0,0,0,0,0,0,0,1,1,0.0,3,1,fhb
kixg,0,0,0,0,0,0,0,0,0,0,0,0,0,0,0,1,1,0.0,4,1,kixg
peu,0,0,0,0,0,0,0,0,0,0,0,0,0,0,0,1,1,0.0,3,1,peu
sans,1,0,0,0,0,0,0,0,0,0,0,0,0,0,0,1,1,0.0,4,1,sans
squat,1,1,1,0,0,0,0,0,0,0,0,0,0,0,0,1,1,0.0,5,1,squat
snarling,1,1,0,0,0,0,0,0,0,0,0,0,0,0,0,1,1,0.0,8,1,snarling
declared,0,1,1,0,0,0,0,0,0,0,0,0,0,0,0,1,1,0.5859,8,1,declared
ciety,0,0,0,0,0,0,0,0,0,0,0,0,0,0,0,1,1,0.34,5,1,ciety
intimately,0,0,0,1,0,0,0,0,0,0,0,0,0,0,0,1,1,0.0,10,1,intimately
tissot,0,0,0,0,0,0,0,0,0,0,0,0,0,0,0,1,1,0.0,6,1,tissot
honored,0,0,0,0,0,0,0,0,0,0,0,0,0,0,0,1,1,0.296,7,1,honored
displease,0,1,0,0,0,0,0,0,0,0,0,0,0,0,0,1,1,0.0,9,1,displease
literary,0,0,1,0,0,0,0,0,0,0,0,0,0,0,0,1,1,0.7089,8,1,literary
anarchists,1,0,0,0,0,0,0,0,0,0,0,0,0,0,0,1,1,0.7089,10,1,anarchists
wages,1,0,0,0,0,0,0,0,0,0,0,0,0,0,0,1,1,0.3612,5,1,wages
dwindled,0,1,0,0,0,0,0,0,0,0,0,0,0,0,0,1,1,0.0,8,1,dwindled
timbre,1,0,0,0,0,0,0,0,0,0,0,0,0,0,0,1,1,0.3182,6,1,timbre
stroked,0,1,0,0,0,0,0,0,0,0,0,0,0,0,0,1,1,0.3182,7,1,stroked
hundredth,1,0,1,0,0,0,0,0,0,0,0,0,0,0,0,1,1,0.2732,9,1,hundredth
bundle,1,1,0,0,0,0,0,0,0,0,0,0,0,0,0,1,1,0.2732,6,1,bundle
surprised,0,1,1,0,0,0,0,0,0,0,0,0,0,0,0,1,1,0.2023,9,1,surprised
puzzlecl,0,0,0,0,0,0,0,0,0,0,0,0,0,0,0,1,1,0.2023,8,1,puzzlecl
defiant,0,0,1,0,0,0,0,0,0,0,0,0,0,0,0,1,1,-0.2263,7,1,defiant
liberal,1,0,1,0,0,0,0,0,0,0,0,0,0,0,0,1,1,-0.3818,7,1,liberal
views,1,1,0,0,0,0,0,0,0,0,0,0,0,0,0,1,1,-0.3818,5,1,views
promulgated,0,1,1,0,0,0,0,0,0,0,0,0,0,0,0,1,1,-0.8467,11,1,promulgated
convictions,1,0,0,0,0,0,0,0,0,0,0,0,0,0,0,1,1,-0.8467,11,1,convictions
censured,0,0,1,0,0,0,0,0,0,0,0,0,0,0,0,1,1,0.7089,8,1,censured
drawled,0,1,0,0,0,0,0,0,0,0,0,0,0,0,0,1,1,0.743,7,1,drawled
hisfriend,0,0,0,0,0,0,0,0,0,0,0,0,0,0,0,1,1,0.743,9,1,hisfriend
appetizing,0,0,1,0,0,0,0,0,0,0,0,0,0,0,0,1,1,0.743,10,1,appetizing
lussac,0,0,0,0,0,0,0,0,0,0,0,0,0,0,0,1,1,0.0,6,1,lussac
vhy,0,0,0,0,0,0,0,0,0,0,0,0,0,0,0,1,1,0.0,3,1,vhy
lamely,0,0,0,1,0,0,0,0,0,0,0,0,0,0,0,1,1,0.296,6,1,lamely
jcnovv,0,0,0,0,0,0,0,0,0,0,0,0,0,0,0,1,1,0.7906,6,1,jcnovv
laced,0,1,1,0,0,0,0,0,0,0,0,0,0,0,0,1,1,0.7906,5,1,laced
plastering,1,0,0,0,0,0,0,0,0,0,0,0,0,0,0,1,1,0.0,10,1,plastering
background,1,1,0,0,0,0,0,0,0,0,0,0,0,0,0,1,1,0.0,10,1,background
squeedunk,0,0,0,0,0,0,0,0,0,0,0,0,0,0,0,1,1,0.6124,9,1,squeedunk
oshkosh,0,0,0,0,0,0,0,0,0,0,0,0,0,0,0,1,1,0.6124,7,1,oshkosh
daisies,1,0,0,0,0,0,0,0,0,0,0,0,0,0,0,1,1,0.6124,7,1,daisies
caped,0,0,1,0,0,0,0,0,0,0,0,0,0,0,0,1,1,0.6124,5,1,caped
cows,1,0,0,0,0,0,0,0,0,0,0,0,0,0,0,1,1,0.6124,4,1,cows
ceres,1,1,0,0,0,0,0,0,0,0,0,0,0,0,0,1,1,0.3919,5,1,ceres
phere,0,0,0,0,0,0,0,0,0,0,0,0,0,0,0,1,1,-0.25,5,1,phere
pulled,0,1,1,0,0,0,0,0,0,0,0,0,0,0,0,1,1,-0.25,6,1,pulled
relight,0,0,0,0,0,0,0,0,0,0,0,0,0,0,0,1,1,-0.25,7,1,relight
hurling,1,1,1,0,0,0,0,0,0,0,0,0,0,0,0,1,1,0.0,7,1,hurling
berry,1,1,0,0,0,0,0,0,0,0,0,0,0,0,0,1,1,0.0,5,1,berry
planet,1,0,0,0,0,0,0,0,0,0,0,0,0,0,0,1,1,0.0,6,1,planet
maiden,1,0,1,0,0,0,0,0,0,0,0,0,0,0,0,1,1,0.0,6,1,maiden
hayseed,0,0,0,0,0,0,0,0,0,0,0,0,0,0,0,1,1,0.0,7,1,hayseed
etiquette,1,0,0,0,0,0,0,0,0,0,0,0,0,0,0,1,1,0.0,9,1,etiquette
backwoods,1,0,1,0,0,0,0,0,0,0,0,0,0,0,0,1,1,0.7096,9,1,backwoods
ranch,1,1,0,0,0,0,0,0,0,0,0,0,0,0,0,1,1,0.7096,5,1,ranch
talks,1,1,0,0,0,0,0,0,0,0,0,0,0,0,0,1,1,0.7096,5,1,talks
misrepresented,0,1,1,0,0,0,0,0,0,0,0,0,0,0,0,1,1,0.6705,14,1,misrepresented
pointer,1,0,0,0,0,0,0,0,0,0,0,0,0,0,0,1,1,-0.4588,7,1,pointer
ladies,1,0,0,0,0,0,0,0,0,0,0,0,0,0,0,1,1,-0.4588,6,1,ladies
atmos,1,0,0,0,0,0,0,0,0,0,0,0,0,0,0,1,1,-0.25,5,1,atmos
envy,1,1,0,0,0,0,0,0,0,0,0,0,0,0,0,1,1,0.9153,4,1,envy
menial,1,0,1,0,0,0,0,0,0,0,0,0,0,0,0,1,1,0.9153,6,1,menial
charmed,0,1,1,0,0,0,0,0,0,0,0,0,0,0,0,1,1,0.9153,7,1,charmed
respected,0,1,1,0,0,0,0,0,0,0,0,0,0,0,0,1,1,0.9153,9,1,respected
busi,0,0,0,0,0,0,0,0,0,0,0,0,0,0,0,1,1,0.0,4,1,busi
disagreeable,1,0,1,0,0,0,0,0,0,0,0,0,0,0,0,1,1,-0.34,12,1,disagreeable
inclined,0,1,1,0,0,0,0,0,0,0,0,0,0,0,0,1,1,-0.34,8,1,inclined
virtuous,0,0,1,0,0,0,0,0,0,0,0,0,0,0,0,1,1,0.6908,8,1,virtuous
standard,1,0,1,0,0,0,0,0,0,0,0,0,0,0,0,1,1,0.5574,8,1,standard
thrive,0,1,0,0,0,0,0,0,0,0,0,0,0,0,0,1,1,-0.6544,6,1,thrive
principles,1,0,0,0,0,0,0,0,0,0,0,0,0,0,0,1,1,-0.8467,10,1,principles
violated,0,1,1,0,0,0,0,0,0,0,0,0,0,0,0,1,1,-0.8467,8,1,violated
montrouge,0,0,0,0,0,0,0,0,0,0,0,0,0,0,0,1,1,0.2023,9,1,montrouge
tram,1,1,0,0,0,0,0,0,0,0,0,0,0,0,0,1,1,0.2023,4,1,tram
nouveaux,0,0,0,0,0,0,0,0,0,0,0,0,0,0,0,1,1,0.9153,8,1,nouveaux
theif,1,0,0,0,0,0,0,0,0,0,0,0,0,0,0,1,1,0.9153,5,1,theif
temples,1,0,0,0,0,0,0,0,0,0,0,0,0,0,0,1,1,0.5563,7,1,temples
prop,1,0,0,0,0,0,0,0,0,0,0,0,0,0,0,1,1,0.5563,4,1,prop
financial,0,0,1,0,0,0,0,0,0,0,0,0,0,0,0,1,1,0.5563,9,1,financial
disputed,0,0,1,0,0,0,0,0,0,0,0,0,0,0,0,1,1,0.5563,8,1,disputed
sway,1,0,0,0,0,0,0,0,0,0,0,0,0,0,0,1,1,0.5563,4,1,sway
grade,1,1,1,0,0,0,0,0,0,0,0,0,0,0,0,1,1,0.5563,5,1,grade
society,1,0,0,0,0,0,0,0,0,0,0,0,0,0,0,1,1,0.5563,7,1,society
judged,0,1,0,0,0,0,0,0,0,0,0,0,0,0,0,1,1,0.5574,6,1,judged
puritanical,1,0,1,0,0,0,0,0,0,0,0,0,0,0,0,1,1,0.7906,11,1,puritanical
behave,0,1,0,0,0,0,0,0,0,0,0,0,0,0,0,1,1,0.4939,6,1,behave
truly,0,0,0,1,0,0,0,0,0,0,0,0,0,0,0,1,1,0.9153,5,1,truly
splitting,1,1,1,0,0,0,0,0,0,0,0,0,0,0,0,1,1,0.0,9,1,splitting
utters,0,1,0,0,0,0,0,0,0,0,0,0,0,0,0,1,1,0.0,6,1,utters
tiful,0,0,0,0,0,0,0,0,0,0,0,0,0,0,0,1,1,0.0,5,1,tiful
treble,1,1,1,0,0,0,0,0,0,0,0,0,0,0,0,1,1,0.0772,6,1,treble
social,1,0,1,0,0,0,0,0,0,0,0,0,0,0,0,1,1,0.5563,6,1,social
av,0,0,0,0,0,0,0,0,0,0,0,0,0,0,0,1,1,0.0,2,0,av
dulgent,0,0,0,0,0,0,0,0,0,0,0,0,0,0,0,1,1,-0.7783,7,1,dulgent
jamming,1,1,0,0,0,0,0,0,0,0,0,0,0,0,0,1,1,-0.7783,7,1,jamming
puts,1,1,0,0,0,0,0,0,0,0,0,0,0,0,0,1,1,0.1655,4,1,puts
antics,1,0,0,0,0,0,0,0,0,0,0,0,0,0,0,1,1,0.1655,6,1,antics
arrangements,1,0,0,0,0,0,0,0,0,0,0,0,0,0,0,1,1,-0.296,12,1,arrangements
avoid,0,1,0,0,0,0,0,0,0,0,0,0,0,0,0,1,1,-0.296,5,1,avoid
lucrative,0,0,1,0,0,0,0,0,0,0,0,0,0,0,0,1,1,0.2732,9,1,lucrative
elliot,0,0,0,0,0,0,0,0,0,0,0,0,0,0,0,1,1,0.0,6,1,elliot
embourg,0,0,0,0,0,0,0,0,0,0,0,0,0,0,0,1,1,0.0,7,1,embourg
sist,1,0,0,0,0,0,0,0,0,0,0,0,0,0,0,1,1,0.7783,4,1,sist
presenting,0,1,0,0,0,0,0,0,0,0,0,0,0,0,0,1,1,0.6757,10,1,presenting
trav,0,0,0,0,0,0,0,0,0,0,0,0,0,0,0,1,1,0.0,4,1,trav
ersing,0,0,0,0,0,0,0,0,0,0,0,0,0,0,0,1,1,0.0,6,1,ersing
cards,0,1,0,0,0,0,0,0,0,0,0,0,0,0,0,1,1,0.0,5,1,cards
jvc,0,0,0,0,0,0,0,0,0,0,0,0,0,0,0,1,1,0.0,3,1,jvc
illusions,0,0,0,0,0,0,0,0,0,0,0,0,0,0,0,1,1,0.0258,9,1,illusions
pelled,0,0,0,0,0,0,0,0,0,0,0,0,0,0,0,1,1,0.0258,6,1,pelled
dispel,0,0,0,0,0,0,0,0,0,0,0,0,0,0,0,1,1,-0.5256,6,1,dispel
unexpectedly,0,0,0,1,0,0,0,0,0,0,0,0,0,0,0,1,1,0.6908,12,1,unexpectedly
panels,1,1,0,0,0,0,0,0,0,0,0,0,0,0,0,1,1,0.0,6,1,panels
dosen,0,0,0,0,0,0,0,0,0,0,0,0,0,0,0,1,1,-0.6249,5,1,dosen
caresses,1,1,0,0,0,0,0,0,0,0,0,0,0,0,0,1,1,-0.4404,8,1,caresses
brmdle,0,0,0,0,0,0,0,0,0,0,0,0,0,0,0,1,1,-0.4404,6,1,brmdle
postpone,0,1,0,0,0,0,0,0,0,0,0,0,0,0,0,1,1,-0.2878,8,1,postpone
orgie,0,0,0,0,0,0,0,0,0,0,0,0,0,0,0,1,1,-0.2878,5,1,orgie
indignantly,0,0,0,1,0,0,0,0,0,0,0,0,0,0,0,1,1,-0.3818,11,1,indignantly
complacently,0,0,0,1,0,0,0,0,0,0,0,0,0,0,0,1,1,0.0,12,1,complacently
rustic,1,0,1,0,0,0,0,0,0,0,0,0,0,0,0,1,1,0.5423,6,1,rustic
valen,0,0,0,0,0,0,0,0,0,0,0,0,0,0,0,1,1,0.5423,5,1,valen
absently,0,0,0,1,0,0,0,0,0,0,0,0,0,0,0,1,1,0.34,8,1,absently
armoire,1,0,0,0,0,0,0,0,0,0,0,0,0,0,0,1,1,0.25,7,1,armoire
example,1,0,0,0,0,0,0,0,0,0,0,0,0,0,0,1,1,0.5423,7,1,example
moral,1,0,1,0,0,0,0,0,0,0,0,0,0,0,0,1,1,0.5423,5,1,moral
elephants,1,0,0,0,0,0,0,0,0,0,0,0,0,0,0,1,1,0.5423,9,1,elephants
blackguard,1,0,0,0,0,0,0,0,0,0,0,0,0,0,0,1,1,-0.4033,10,1,blackguard
loffat,0,0,0,0,0,0,0,0,0,0,0,0,0,0,0,1,1,-0.4033,6,1,loffat
immoral,0,0,1,0,0,0,0,0,0,0,0,0,0,0,0,1,1,-0.4033,7,1,immoral
eruption,1,0,0,0,0,0,0,0,0,0,0,0,0,0,0,1,1,-0.4033,8,1,eruption
borrowed,0,1,0,0,0,0,0,0,0,0,0,0,0,0,0,1,1,0.34,8,1,borrowed
saloons,1,0,0,0,0,0,0,0,0,0,0,0,0,0,0,1,1,0.0,7,1,saloons
dan,1,0,0,0,0,0,0,0,0,0,0,0,0,0,0,1,1,0.2732,3,1,dan
gerous,0,0,0,0,0,0,0,0,0,0,0,0,0,0,0,1,1,0.2732,6,1,gerous
jezabel,0,0,0,0,0,0,0,0,0,0,0,0,0,0,0,1,1,0.2732,7,1,jezabel
pessimism,1,0,0,0,0,0,0,0,0,0,0,0,0,0,0,1,1,0.2755,9,1,pessimism
ctf,0,0,0,0,0,0,0,0,0,0,0,0,0,0,0,1,1,0.0,3,1,ctf
helyett,0,0,0,0,0,0,0,0,0,0,0,0,0,0,0,1,1,0.7964,7,1,helyett
avas,0,0,0,0,0,0,0,0,0,0,0,0,0,0,0,1,1,0.0,4,1,avas
adjusted,0,1,1,0,0,0,0,0,0,0,0,0,0,0,0,1,1,0.0,8,1,adjusted
substitutes,1,1,0,0,0,0,0,0,0,0,0,0,0,0,0,1,1,0.0,11,1,substitutes
thoughtfully,0,0,0,1,0,0,0,0,0,0,0,0,0,0,0,1,1,-0.3089,12,1,thoughtfully
leisure,1,0,1,0,0,0,0,0,0,0,0,0,0,0,0,1,1,0.0,7,1,leisure
advertisements,1,0,0,0,0,0,0,0,0,0,0,0,0,0,0,1,1,0.0,14,1,advertisements
cowards,1,0,0,0,0,0,0,0,0,0,0,0,0,0,0,1,1,0.4404,7,1,cowards
offto,0,0,0,0,0,0,0,0,0,0,0,0,0,0,0,1,1,-0.4019,5,1,offto
complaint,1,0,0,0,0,0,0,0,0,0,0,0,0,0,0,1,1,-0.296,9,1,complaint
rep,1,0,0,0,0,0,0,0,0,0,0,0,0,0,0,1,1,-0.4404,3,1,rep
utation,0,0,0,0,0,0,0,0,0,0,0,0,0,0,0,1,1,-0.4404,7,1,utation
dieppe,0,0,0,0,0,0,0,0,0,0,0,0,0,0,0,1,1,-0.4404,6,1,dieppe
greene,1,0,0,0,0,0,0,0,0,0,0,0,0,0,0,1,1,0.0,6,1,greene
dusenberry,0,0,0,0,0,0,0,0,0,0,0,0,0,0,0,1,1,0.0,10,1,dusenberry
gospel,1,0,0,0,0,0,0,0,0,0,0,0,0,0,0,1,1,0.0,6,1,gospel
fairbeach,0,0,0,0,0,0,0,0,0,0,0,0,0,0,0,1,1,0.0,9,1,fairbeach
bowery,1,0,1,0,0,0,0,0,0,0,0,0,0,0,0,1,1,-0.4404,6,1,bowery
od,0,0,0,0,0,0,0,0,0,0,0,0,0,0,0,1,1,0.0,2,0,od
milliner,1,0,0,0,0,0,0,0,0,0,0,0,0,0,0,1,1,0.3197,8,1,milliner
rets,0,1,0,0,0,0,0,0,0,0,0,0,0,0,0,1,1,0.3197,4,1,rets
canes,0,1,0,0,0,0,0,0,0,0,0,0,0,0,0,1,1,0.3197,5,1,canes
cers,0,0,0,0,0,0,0,0,0,0,0,0,0,0,0,1,1,0.3197,4,1,cers
symphonies,1,0,0,0,0,0,0,0,0,0,0,0,0,0,0,1,1,0.3197,10,1,symphonies
facade,1,0,0,0,0,0,0,0,0,0,0,0,0,0,0,1,1,-0.4019,6,1,facade
noist,0,0,0,0,0,0,0,0,0,0,0,0,0,0,0,1,1,-0.4019,5,1,noist
unwillingness,1,0,0,0,0,0,0,0,0,0,0,0,0,0,0,1,1,0.0,13,1,unwillingness
fools,1,1,0,0,0,0,0,0,0,0,0,0,0,0,0,1,1,0.0,5,1,fools
toddled,0,1,0,0,0,0,0,0,0,0,0,0,0,0,0,1,1,0.0,7,1,toddled
probabilities,1,0,0,0,0,0,0,0,0,0,0,0,0,0,0,1,1,0.0,13,1,probabilities
spank,1,1,0,0,0,0,0,0,0,0,0,0,0,0,0,1,1,0.0,5,1,spank
excuses,1,1,0,0,0,0,0,0,0,0,0,0,0,0,0,1,1,0.2732,7,1,excuses
continental,1,0,1,0,0,0,0,0,0,0,0,0,0,0,0,1,1,0.2732,11,1,continental
kit,1,0,0,0,0,0,0,0,0,0,0,0,0,0,0,1,1,0.0,3,1,kit
banjo,1,0,0,0,0,0,0,0,0,0,0,0,0,0,0,1,1,0.5984,5,1,banjo
pleasing,1,1,1,0,0,0,0,0,0,0,0,0,0,0,0,1,1,0.5984,8,1,pleasing
diversion,1,0,0,0,0,0,0,0,0,0,0,0,0,0,0,1,1,0.5984,9,1,diversion
gambling,1,1,1,0,0,0,0,0,0,0,0,0,0,0,0,1,1,0.5984,8,1,gambling
muster,1,1,0,0,0,0,0,0,0,0,0,0,0,0,0,1,1,0.7003,6,1,muster
vanish,1,1,0,0,0,0,0,0,0,0,0,0,0,0,0,1,1,-0.0516,6,1,vanish
departed,1,1,1,0,0,0,0,0,0,0,0,0,0,0,0,1,1,0.0,8,1,departed
snort,1,1,0,0,0,0,0,0,0,0,0,0,0,0,0,1,1,0.0,5,1,snort
gear,1,1,0,0,0,0,0,0,0,0,0,0,0,0,0,1,1,0.34,4,1,gear
handkerchiefs,1,0,0,0,0,0,0,0,0,0,0,0,0,0,0,1,1,0.5423,13,1,handkerchiefs
fan,1,1,0,0,0,0,0,0,0,0,0,0,0,0,0,1,1,0.5423,3,1,fan
eclat,1,0,0,0,0,0,0,0,0,0,0,0,0,0,0,1,1,0.5423,5,1,eclat
coats,0,1,0,0,0,0,0,0,0,0,0,0,0,0,0,1,1,0.0,5,1,coats
afifeo,0,0,0,0,0,0,0,0,0,0,0,0,0,0,0,1,1,0.0,6,1,afifeo
blended,0,1,1,0,0,0,0,0,0,0,0,0,0,0,0,1,1,0.0,7,1,blended
arrayed,0,0,1,0,0,0,0,0,0,0,0,0,0,0,0,1,1,0.8934,7,1,arrayed
array,1,0,0,0,0,0,0,0,0,0,0,0,0,0,0,1,1,-0.8074,5,1,array
sauntered,0,0,0,0,0,0,0,0,0,0,0,0,0,0,0,1,1,0.0,9,1,sauntered
bestowed,0,1,1,0,0,0,0,0,0,0,0,0,0,0,0,1,1,0.7184,8,1,bestowed
tun,1,0,0,0,0,0,0,0,0,0,0,0,0,0,0,1,1,0.0,3,1,tun
hills,1,1,0,0,0,0,0,0,0,0,0,0,0,0,0,1,1,0.0,5,1,hills
meudon,0,0,0,0,0,0,0,0,0,0,0,0,0,0,0,1,1,0.0,6,1,meudon
invalides,0,0,0,0,0,0,0,0,0,0,0,0,0,0,0,1,1,0.1027,9,1,invalides
smouldering,1,0,1,0,0,0,0,0,0,0,0,0,0,0,0,1,1,-0.128,11,1,smouldering
rakish,0,0,1,0,0,0,0,0,0,0,0,0,0,0,0,1,1,0.3197,6,1,rakish
deepening,1,0,1,0,0,0,0,0,0,0,0,0,0,0,0,1,1,0.0,9,1,deepening
carolling,1,1,0,0,0,0,0,0,0,0,0,0,0,0,0,1,1,0.0,9,1,carolling
thicket,1,0,0,0,0,0,0,0,0,0,0,0,0,0,0,1,1,0.0,7,1,thicket
pantheon,1,0,0,0,0,0,0,0,0,0,0,0,0,0,0,1,1,-0.8074,8,1,pantheon
aglow,0,0,1,0,0,0,0,0,0,0,0,0,0,0,0,1,1,-0.8074,5,1,aglow
liery,0,0,0,0,0,0,0,0,0,0,0,0,0,0,0,1,1,-0.8074,5,1,liery
valhalla,1,0,0,0,0,0,0,0,0,0,0,0,0,0,0,1,1,-0.8074,8,1,valhalla
italian,1,0,1,0,0,0,0,0,0,0,0,0,0,0,0,1,1,-0.0258,7,1,italian
contracting,0,1,0,0,0,0,0,0,0,0,0,0,0,0,0,1,1,0.3612,11,1,contracting
demonstrate,0,1,0,0,0,0,0,0,0,0,0,0,0,0,0,1,1,0.0,11,1,demonstrate
cases,1,1,0,0,0,0,0,0,0,0,0,0,0,0,0,1,1,0.8979,5,1,cases
poorly,0,0,1,1,0,0,0,0,0,0,0,0,0,0,0,1,1,-0.1154,6,1,poorly
pursue,0,1,0,0,0,0,0,0,0,0,0,0,0,0,0,1,1,-0.1154,6,1,pursue
pairer,1,0,0,0,0,0,0,0,0,0,0,0,0,0,0,1,1,0.2732,6,1,pairer
slouchy,0,0,1,0,0,0,0,0,0,0,0,0,0,0,0,1,1,0.3197,7,1,slouchy
priests,1,0,0,0,0,0,0,0,0,0,0,0,0,0,0,1,1,0.3197,7,1,priests
welcher,1,0,0,0,0,0,0,0,0,0,0,0,0,0,0,1,1,0.0,7,1,welcher
paired,0,1,1,0,0,0,0,0,0,0,0,0,0,0,0,1,1,0.0,6,1,paired
spider,1,0,0,0,0,0,0,0,0,0,0,0,0,0,0,1,1,0.3612,6,1,spider
eared,0,0,1,0,0,0,0,0,0,0,0,0,0,0,0,1,1,0.0,5,1,eared
henry,1,0,0,0,0,0,0,0,0,0,0,0,0,0,0,1,1,0.0,5,1,henry
matthews,0,0,0,0,0,0,0,0,0,0,0,0,0,0,0,1,1,0.0,8,1,matthews
acquired,0,1,1,0,0,0,0,0,0,0,0,0,0,0,0,1,1,0.0258,8,1,acquired
cooks,1,1,0,0,0,0,0,0,0,0,0,0,0,0,0,1,1,0.3197,5,1,cooks
safety,1,0,0,0,0,0,0,0,0,0,0,0,0,0,0,1,1,0.3197,6,1,safety
mer,0,0,0,0,0,0,0,0,0,0,0,0,0,0,0,1,1,0.3612,3,1,mer
warned,0,1,0,0,0,0,0,0,0,0,0,0,0,0,0,1,1,0.3612,6,1,warned
coles,1,0,0,0,0,0,0,0,0,0,0,0,0,0,0,1,1,0.0,5,1,coles
stopping,1,1,1,0,0,0,0,0,0,0,0,0,0,0,0,1,1,-0.1531,8,1,stopping
rendezvous,1,1,0,0,0,0,0,0,0,0,0,0,0,0,0,1,1,-0.1531,10,1,rendezvous
victor,1,0,0,0,0,0,0,0,0,0,0,0,0,0,0,1,1,0.0,6,1,victor
furtively,0,0,0,1,0,0,0,0,0,0,0,0,0,0,0,1,1,-0.296,9,1,furtively
scan,1,1,0,0,0,0,0,0,0,0,0,0,0,0,0,1,1,-0.296,4,1,scan
smokers,1,0,0,0,0,0,0,0,0,0,0,0,0,0,0,1,1,-0.296,7,1,smokers
turquoise,1,0,0,0,0,0,0,0,0,0,0,0,0,0,0,1,1,0.3197,9,1,turquoise
ponderous,0,0,1,0,0,0,0,0,0,0,0,0,0,0,0,1,1,0.3197,9,1,ponderous
jangling,1,0,1,0,0,0,0,0,0,0,0,0,0,0,0,1,1,0.3197,8,1,jangling
cavalrymen,1,0,0,0,0,0,0,0,0,0,0,0,0,0,0,1,1,0.3197,10,1,cavalrymen
pastry,1,0,0,0,0,0,0,0,0,0,0,0,0,0,0,1,1,0.3197,6,1,pastry
flicker,1,1,0,0,0,0,0,0,0,0,0,0,0,0,0,1,1,-0.296,7,1,flicker
melancholy,1,0,1,0,0,0,0,0,0,0,0,0,0,0,0,1,1,-0.4404,10,1,melancholy
hoarse,0,0,1,0,0,0,0,0,0,0,0,0,0,0,0,1,1,0.0,6,1,hoarse
furtive,0,0,1,0,0,0,0,0,0,0,0,0,0,0,0,1,1,0.2732,7,1,furtive
intruding,0,1,1,0,0,0,0,0,0,0,0,0,0,0,0,1,1,0.0,9,1,intruding
oa,0,0,0,0,0,0,0,0,0,0,0,0,0,0,0,1,1,0.3197,2,0,oa
impish,0,0,1,0,0,0,0,0,0,0,0,0,0,0,0,1,1,0.3197,6,1,impish
shambling,1,0,0,0,0,0,0,0,0,0,0,0,0,0,0,1,1,-0.296,9,1,shambling
unheeding,0,0,1,0,0,0,0,0,0,0,0,0,0,0,0,1,1,0.0,9,1,unheeding
conceived,0,1,1,0,0,0,0,0,0,0,0,0,0,0,0,1,1,0.0,9,1,conceived
otherwise,0,0,1,1,0,0,0,0,0,0,0,0,0,0,0,1,1,0.0,9,1,otherwise
insupport,0,0,0,0,0,0,0,0,0,0,0,0,0,0,0,1,1,0.0,9,1,insupport
creeps,1,1,0,0,0,0,0,0,0,0,0,0,0,0,0,1,1,-0.6249,6,1,creeps
assassin,1,0,0,0,0,0,0,0,0,0,0,0,0,0,0,1,1,-0.6249,8,1,assassin
experience,1,1,0,0,0,0,0,0,0,0,0,0,0,0,0,1,1,0.0,10,1,experience
arcades,1,0,0,0,0,0,0,0,0,0,0,0,0,0,0,1,1,-0.296,7,1,arcades
sharpness,1,0,0,0,0,0,0,0,0,0,0,0,0,0,0,1,1,0.0,9,1,sharpness
plished,0,0,0,0,0,0,0,0,0,0,0,0,0,0,0,1,1,0.3818,7,1,plished
stealing,0,1,0,0,0,0,0,0,0,0,0,0,0,0,0,1,1,0.128,8,1,stealing
start,1,1,0,0,0,0,0,0,0,0,0,0,0,0,0,1,1,0.4939,5,1,start
strangely,0,0,0,1,0,0,0,0,0,0,0,0,0,0,0,1,1,-0.296,9,1,strangely
ville,0,0,0,0,0,0,0,0,0,0,0,0,0,0,0,1,1,0.0,5,1,ville
cirque,1,0,0,0,0,0,0,0,0,0,0,0,0,0,0,1,1,0.0,6,1,cirque
funnier,0,0,1,0,0,0,0,0,0,0,0,0,0,0,0,1,1,0.902,7,1,funnier
race,1,1,0,0,0,0,0,0,0,0,0,0,0,0,0,1,1,-0.4404,4,1,race
imustre,0,0,0,0,0,0,0,0,0,0,0,0,0,0,0,1,1,-0.25,7,1,imustre
ern,1,0,0,0,0,0,0,0,0,0,0,0,0,0,0,1,1,0.3612,3,1,ern
aglim,0,0,0,0,0,0,0,0,0,0,0,0,0,0,0,1,1,0.3612,5,1,aglim
onet,0,0,0,0,0,0,0,0,0,0,0,0,0,0,0,1,1,0.2263,4,1,onet
ming,1,0,0,0,0,0,0,0,0,0,0,0,0,0,0,1,1,0.2263,4,1,ming
theroll,0,0,0,0,0,0,0,0,0,0,0,0,0,0,0,1,1,0.0,7,1,theroll
fainter,0,0,0,0,0,0,0,0,0,0,0,0,0,0,0,1,1,0.0,7,1,fainter
scratching,0,1,1,0,0,0,0,0,0,0,0,0,0,0,0,1,1,-0.3182,10,1,scratching
clawing,0,1,0,0,0,0,0,0,0,0,0,0,0,0,0,1,1,-0.3182,7,1,clawing
dips,1,1,0,0,0,0,0,0,0,0,0,0,0,0,0,1,1,0.0,4,1,dips
citement,0,0,0,0,0,0,0,0,0,0,0,0,0,0,0,1,1,0.0,8,1,citement
august,1,0,1,0,0,0,0,0,0,0,0,0,0,0,0,1,1,0.0,6,1,august
gerless,0,0,0,0,0,0,0,0,0,0,0,0,0,0,0,1,1,0.0,7,1,gerless
knuckles,1,1,0,0,0,0,0,0,0,0,0,0,0,0,0,1,1,0.0,8,1,knuckles
ornaments,1,1,0,0,0,0,0,0,0,0,0,0,0,0,0,1,1,0.0,9,1,ornaments
shiver,1,1,0,0,0,0,0,0,0,0,0,0,0,0,0,1,1,0.5796,6,1,shiver
nodding,0,1,1,0,0,0,0,0,0,0,0,0,0,0,0,1,1,0.5796,7,1,nodding
epau,0,0,0,0,0,0,0,0,0,0,0,0,0,0,0,1,1,-0.8176,4,1,epau
lettes,0,0,0,0,0,0,0,0,0,0,0,0,0,0,0,1,1,-0.8176,6,1,lettes
rme,0,0,0,0,0,0,0,0,0,0,0,0,0,0,0,1,1,0.0,3,1,rme
cham,1,0,0,0,0,0,0,0,0,0,0,0,0,0,0,1,1,0.0,4,1,cham
belly,1,1,0,0,0,0,0,0,0,0,0,0,0,0,0,1,1,-0.2732,5,1,belly
howling,1,1,1,1,0,0,0,0,0,0,0,0,0,0,0,1,1,-0.3182,7,1,howling
rette,0,0,0,0,0,0,0,0,0,0,0,0,0,0,0,1,1,-0.1779,5,1,rette
antly,0,0,0,0,0,0,0,0,0,0,0,0,0,0,0,1,1,0.5106,5,1,antly
rv,1,0,0,0,0,0,0,0,0,0,0,0,0,0,0,1,1,0.0,2,1,rv
hie,1,0,0,0,0,0,0,0,0,0,0,0,0,0,0,1,1,0.4588,3,1,hie
vever,0,0,0,0,0,0,0,0,0,0,0,0,0,0,0,1,1,-0.0516,5,1,vever
raiment,1,0,0,0,0,0,0,0,0,0,0,0,0,0,0,1,1,0.0,7,1,raiment
becomes,0,1,0,0,0,0,0,0,0,0,0,0,0,0,0,1,1,0.3612,7,1,becomes
retorted,0,1,0,0,0,0,0,0,0,0,0,0,0,0,0,1,1,0.3612,8,1,retorted
adora,0,0,0,0,0,0,0,0,0,0,0,0,0,0,0,1,1,0.0,5,1,adora
cluny,0,0,0,0,0,0,0,0,0,0,0,0,0,0,0,1,1,0.6527,5,1,cluny
restaurant,1,0,0,0,0,0,0,0,0,0,0,0,0,0,0,1,1,0.0,10,1,restaurant
peaked,0,0,1,0,0,0,0,0,0,0,0,0,0,0,0,1,1,0.0,6,1,peaked
carpeted,0,0,1,0,0,0,0,0,0,0,0,0,0,0,0,1,1,0.0,8,1,carpeted
peated,0,0,0,0,0,0,0,0,0,0,0,0,0,0,0,1,1,-0.128,6,1,peated
passionately,0,0,0,1,0,0,0,0,0,0,0,0,0,0,0,1,1,-0.1779,12,1,passionately
ciga,0,0,0,0,0,0,0,0,0,0,0,0,0,0,0,1,1,-0.1779,4,1,ciga
courses,1,1,0,0,0,0,0,0,0,0,0,0,0,0,0,1,1,0.0,7,1,courses
regularity,1,0,0,0,0,0,0,0,0,0,0,0,0,0,0,1,1,0.0,10,1,regularity
vaude,0,0,0,0,0,0,0,0,0,0,0,0,0,0,0,1,1,0.0,5,1,vaude
noiselessly,0,0,0,1,0,0,0,0,0,0,0,0,0,0,0,1,1,-0.128,11,1,noiselessly
cabinets,1,0,0,0,0,0,0,0,0,0,0,0,0,0,0,1,1,-0.296,8,1,cabinets
madelon,0,0,0,0,0,0,0,0,0,0,0,0,0,0,0,1,1,-0.296,7,1,madelon
clamart,0,0,0,0,0,0,0,0,0,0,0,0,0,0,0,1,1,-0.296,7,1,clamart
accents,1,0,0,0,0,0,0,0,0,0,0,0,0,0,0,1,1,0.0,7,1,accents
eldo,0,0,0,0,0,0,0,0,0,0,0,0,0,0,0,1,1,0.902,4,1,eldo
rado,0,0,0,0,0,0,0,0,0,0,0,0,0,0,0,1,1,0.902,4,1,rado
guy,1,1,0,0,0,0,0,0,0,0,0,0,0,0,0,1,1,0.0,3,1,guy
kills,1,1,0,0,0,0,0,0,0,0,0,0,0,0,0,1,1,0.4588,5,1,kills
conduct,0,1,0,0,0,0,0,0,0,0,0,0,0,0,0,1,1,0.5859,7,1,conduct
disconcerted,0,0,1,0,0,0,0,0,0,0,0,0,0,0,0,1,1,-0.296,12,1,disconcerted
bisque,1,0,0,0,0,0,0,0,0,0,0,0,0,0,0,1,1,0.0,6,1,bisque
mery,0,0,0,0,0,0,0,0,0,0,0,0,0,0,0,1,1,0.0,4,1,mery
rades,1,0,0,0,0,0,0,0,0,0,0,0,0,0,0,1,1,0.7184,5,1,rades
sarcastic,0,0,1,0,0,0,0,0,0,0,0,0,0,0,0,1,1,-0.6389,9,1,sarcastic
deserves,0,1,0,0,0,0,0,0,0,0,0,0,0,0,0,1,1,0.7003,8,1,deserves
inconstant,0,0,1,0,0,0,0,0,0,0,0,0,0,0,0,1,1,0.0,10,1,inconstant
incor,0,0,0,0,0,0,0,0,0,0,0,0,0,0,0,1,1,0.0,5,1,incor
rigible,0,0,0,0,0,0,0,0,0,0,0,0,0,0,0,1,1,-0.1742,7,1,rigible
gnat,1,0,0,0,0,0,0,0,0,0,0,0,0,0,0,1,1,-0.1742,4,1,gnat
charmingly,0,0,0,1,0,0,0,0,0,0,0,0,0,0,0,1,1,0.796,10,1,charmingly
sooner,1,0,0,1,0,0,0,0,0,0,0,0,0,0,0,1,1,0.0,6,1,sooner
spoiled,0,1,1,0,0,0,0,0,0,0,0,0,0,0,0,1,1,0.0,7,1,spoiled
makes,1,1,0,0,0,0,0,0,0,0,0,0,0,0,0,1,1,0.3007,5,1,makes
victim,1,0,0,0,0,0,0,0,0,0,0,0,0,0,0,1,1,0.3007,6,1,victim
ceives,0,0,0,0,0,0,0,0,0,0,0,0,0,0,0,1,1,0.0,6,1,ceives
sends,1,1,0,0,0,0,0,0,0,0,0,0,0,0,0,1,1,0.0,5,1,sends
dresses,0,1,0,0,0,0,0,0,0,0,0,0,0,0,0,1,1,0.0,7,1,dresses
conquering,0,1,1,0,0,0,0,0,0,0,0,0,0,0,0,1,1,0.0,10,1,conquering
remarkable,0,0,1,0,0,0,0,0,0,0,0,0,0,0,0,1,1,0.5984,10,1,remarkable
marvellous,0,0,1,0,0,0,0,0,0,0,0,0,0,0,0,1,1,0.4767,10,1,marvellous
consisted,0,1,0,0,0,0,0,0,0,0,0,0,0,0,0,1,1,0.0258,9,1,consisted
lurked,0,1,0,0,0,0,0,0,0,0,0,0,0,0,0,1,1,-0.6544,6,1,lurked
banality,1,0,0,0,0,0,0,0,0,0,0,0,0,0,0,1,1,-0.1102,8,1,banality
allowed,0,1,1,0,0,0,0,0,0,0,0,0,0,0,0,1,1,-0.1102,7,1,allowed
unnoticed,0,0,1,0,0,0,0,0,0,0,0,0,0,0,0,1,1,0.0,9,1,unnoticed
cease,1,0,0,0,0,0,0,0,0,0,0,0,0,0,0,1,1,-0.3089,5,1,cease
distress,1,1,0,0,0,0,0,0,0,0,0,0,0,0,0,1,1,0.1779,8,1,distress
teasing,1,1,1,0,0,0,0,0,0,0,0,0,0,0,0,1,1,0.6844,7,1,teasing
intelligence,1,0,0,0,0,0,0,0,0,0,0,0,0,0,0,1,1,0.4767,12,1,intelligence
unfortunates,1,0,0,0,0,0,0,0,0,0,0,0,0,0,0,1,1,-0.1027,12,1,unfortunates
imprison,0,1,0,0,0,0,0,0,0,0,0,0,0,0,0,1,1,-0.1027,8,1,imprison
asylums,1,0,0,0,0,0,0,0,0,0,0,0,0,0,0,1,1,-0.1027,7,1,asylums
thighs,1,0,0,0,0,0,0,0,0,0,0,0,0,0,0,1,1,0.7964,6,1,thighs
athlete,1,0,0,0,0,0,0,0,0,0,0,0,0,0,0,1,1,0.7964,7,1,athlete
capucines,1,0,0,0,0,0,0,0,0,0,0,0,0,0,0,1,1,0.1779,9,1,capucines
dismayed,0,1,1,0,0,0,0,0,0,0,0,0,0,0,0,1,1,0.1779,8,1,dismayed
hauled,0,1,0,0,0,0,0,0,0,0,0,0,0,0,0,1,1,0.296,6,1,hauled
bock,1,0,0,0,0,0,0,0,0,0,0,0,0,0,0,1,1,0.296,4,1,bock
pany,0,0,0,0,0,0,0,0,0,0,0,0,0,0,0,1,1,0.0,4,1,pany
instinctive,0,0,1,0,0,0,0,0,0,0,0,0,0,0,0,1,1,0.0,11,1,instinctive
asserted,0,1,1,0,0,0,0,0,0,0,0,0,0,0,0,1,1,-0.4215,8,1,asserted
intent,1,0,1,0,0,0,0,0,0,0,0,0,0,0,0,1,1,0.7717,6,1,intent
surly,0,0,1,0,0,0,0,0,0,0,0,0,0,0,0,1,1,-0.6703,5,1,surly
mania,1,0,0,0,0,0,0,0,0,0,0,0,0,0,0,1,1,0.6844,5,1,mania
softened,0,0,1,0,0,0,0,0,0,0,0,0,0,0,0,1,1,0.796,8,1,softened
garding,0,0,0,0,0,0,0,0,0,0,0,0,0,0,0,1,1,0.0,7,1,garding
conquer,0,1,0,0,0,0,0,0,0,0,0,0,0,0,0,1,1,-0.8402,7,1,conquer
lonely,0,0,1,0,0,0,0,0,0,0,0,0,0,0,0,1,1,-0.25,6,1,lonely
wanderv,0,0,0,0,0,0,0,0,0,0,0,0,0,0,0,1,1,-0.25,7,1,wanderv
meeting,1,1,0,0,0,0,0,0,0,0,0,0,0,0,0,1,1,-0.25,7,1,meeting
magnificently,0,0,0,1,0,0,0,0,0,0,0,0,0,0,0,1,1,0.7964,13,1,magnificently
developed,0,0,1,0,0,0,0,0,0,0,0,0,0,0,0,1,1,0.7964,9,1,developed
enclosed,0,1,1,0,0,0,0,0,0,0,0,0,0,0,0,1,1,-0.0258,8,1,enclosed
ofwax,0,0,0,0,0,0,0,0,0,0,0,0,0,0,0,1,1,0.0,5,1,ofwax
revelled,0,1,0,0,0,0,0,0,0,0,0,0,0,0,0,1,1,0.8561,8,1,revelled
luxury,1,0,1,0,0,0,0,0,0,0,0,0,0,0,0,1,1,0.8561,6,1,luxury
fingerless,0,0,1,0,0,0,0,0,0,0,0,0,0,0,0,1,1,0.8561,10,1,fingerless
shutting,1,1,0,0,0,0,0,0,0,0,0,0,0,0,0,1,1,-0.6703,8,1,shutting
seconded,0,1,0,0,0,0,0,0,0,0,0,0,0,0,0,1,1,0.796,8,1,seconded
consented,0,0,0,0,0,0,0,0,0,0,0,0,0,0,0,1,1,0.796,9,1,consented
briefly,0,0,0,1,0,0,0,0,0,0,0,0,0,0,0,1,1,0.8689,7,1,briefly
outlined,0,0,1,0,0,0,0,0,0,0,0,0,0,0,0,1,1,0.8689,8,1,outlined
projected,0,1,1,0,0,0,0,0,0,0,0,0,0,0,0,1,1,0.8689,9,1,projected
terminus,1,0,0,0,0,0,0,0,0,0,0,0,0,0,0,1,1,0.0,8,1,terminus
ami,1,0,0,0,0,0,0,0,0,0,0,0,0,0,0,1,1,0.0,3,1,ami
testing,1,1,0,0,0,0,0,0,0,0,0,0,0,0,0,1,1,0.796,7,1,testing
excursion,1,0,0,0,0,0,0,0,0,0,0,0,0,0,0,1,1,0.8689,9,1,excursion
delightedly,0,0,0,1,0,0,0,0,0,0,0,0,0,0,0,1,1,0.8689,11,1,delightedly
encourage,0,1,0,0,0,0,0,0,0,0,0,0,0,0,0,1,1,0.8689,9,1,encourage
meantime,0,0,0,1,0,0,0,0,0,0,0,0,0,0,0,1,1,-0.5423,8,1,meantime
divin,0,0,0,0,0,0,0,0,0,0,0,0,0,0,0,1,1,-0.2732,5,1,divin
affairs,1,0,0,0,0,0,0,0,0,0,0,0,0,0,0,1,1,-0.2732,7,1,affairs
concealing,0,1,1,0,0,0,0,0,0,0,0,0,0,0,0,1,1,0.4767,10,1,concealing
swerving,0,1,0,0,0,0,0,0,0,0,0,0,0,0,0,1,1,-0.3182,8,1,swerving
converted,0,1,1,0,0,0,0,0,0,0,0,0,0,0,0,1,1,-0.0258,9,1,converted
grubbing,0,1,0,0,0,0,0,0,0,0,0,0,0,0,0,1,1,0.0258,8,1,grubbing
grin,1,1,0,0,0,0,0,0,0,0,0,0,0,0,0,1,1,0.4767,4,1,grin
towards,0,0,0,0,0,0,0,0,0,0,0,0,0,0,0,1,1,0.6486,7,1,towards
havre,0,0,0,0,0,0,0,0,0,0,0,0,0,0,0,1,1,0.6486,5,1,havre
roofed,0,1,1,0,0,0,0,0,0,0,0,0,0,0,0,1,1,0.6486,6,1,roofed
sunshades,1,0,0,0,0,0,0,0,0,0,0,0,0,0,0,1,1,0.6486,9,1,sunshades
combatant,1,0,1,0,0,0,0,0,0,0,0,0,0,0,0,1,1,0.6486,9,1,combatant
arti,0,0,0,0,0,0,0,0,0,0,0,0,0,0,0,1,1,0.3182,4,1,arti
blanched,0,1,1,0,0,0,0,0,0,0,0,0,0,0,0,1,1,0.7876,8,1,blanched
circumstance,1,0,0,0,0,0,0,0,0,0,0,0,0,0,0,1,1,0.5859,12,1,circumstance
cordon,1,0,0,0,0,0,0,0,0,0,0,0,0,0,0,1,1,-0.3291,6,1,cordon
australia,1,0,0,0,0,0,0,0,0,0,0,0,0,0,0,1,1,-0.8898,9,1,australia
survive,0,1,0,0,0,0,0,0,0,0,0,0,0,0,0,1,1,-0.8898,7,1,survive
classical,0,0,1,0,0,0,0,0,0,0,0,0,0,0,0,1,1,-0.4588,9,1,classical
ionic,0,0,1,0,0,0,0,0,0,0,0,0,0,0,0,1,1,0.3182,5,1,ionic
equip,0,1,0,0,0,0,0,0,0,0,0,0,0,0,0,1,1,0.7717,5,1,equip
destined,0,1,1,0,0,0,0,0,0,0,0,0,0,0,0,1,1,0.7717,8,1,destined
split,1,1,1,0,0,0,0,0,0,0,0,0,0,0,0,1,1,0.8176,5,1,split
camp,1,1,1,0,0,0,0,0,0,0,0,0,0,0,0,1,1,0.0,4,1,camp
knowledged,0,0,0,0,0,0,0,0,0,0,0,0,0,0,0,1,1,0.0,10,1,knowledged
sportsmanship,1,0,0,0,0,0,0,0,0,0,0,0,0,0,0,1,1,0.0,13,1,sportsmanship
divide,1,1,0,0,0,0,0,0,0,0,0,0,0,0,0,1,1,0.0,6,1,divide
wires,0,1,0,0,0,0,0,0,0,0,0,0,0,0,0,1,1,0.3182,5,1,wires
doubtfully,0,0,0,1,0,0,0,0,0,0,0,0,0,0,0,1,1,-0.296,10,1,doubtfully
gudgeons,1,0,0,0,0,0,0,0,0,0,0,0,0,0,0,1,1,0.3182,8,1,gudgeons
damsel,1,0,0,0,0,0,0,0,0,0,0,0,0,0,0,1,1,0.3182,6,1,damsel
decision,1,0,0,0,0,0,0,0,0,0,0,0,0,0,0,1,1,0.3182,8,1,decision
sustain,1,1,0,0,0,0,0,0,0,0,0,0,0,0,0,1,1,0.4767,7,1,sustain
capacity,1,0,0,0,0,0,0,0,0,0,0,0,0,0,0,1,1,0.4767,8,1,capacity
baiter,1,0,0,0,0,0,0,0,0,0,0,0,0,0,0,1,1,0.4767,6,1,baiter
taker,1,0,0,0,0,0,0,0,0,0,0,0,0,0,0,1,1,0.4767,5,1,taker
ones,1,0,0,0,0,0,0,0,0,0,0,0,0,0,0,1,1,-0.25,4,1,ones
angle,1,1,0,0,0,0,0,0,0,0,0,0,0,0,0,1,1,-0.25,5,1,angle
wire,1,1,0,0,0,0,0,0,0,0,0,0,0,0,0,1,1,-0.25,4,1,wire
scratches,1,1,0,0,0,0,0,0,0,0,0,0,0,0,0,1,1,0.3182,9,1,scratches
collared,0,0,0,0,0,0,0,0,0,0,0,0,0,0,0,1,1,0.0,8,1,collared
flows,0,1,0,0,0,0,0,0,0,0,0,0,0,0,0,1,1,-0.3182,5,1,flows
lessons,1,0,0,0,0,0,0,0,0,0,0,0,0,0,0,1,1,0.8338,7,1,lessons
tow,1,1,0,0,0,0,0,0,0,0,0,0,0,0,0,1,1,0.8338,3,1,tow
flip,1,1,1,0,0,0,0,0,0,0,0,0,0,0,0,1,1,0.0,4,1,flip
inauguration,1,0,0,0,0,0,0,0,0,0,0,0,0,0,0,1,1,0.0,12,1,inauguration
avonshireand,0,0,0,0,0,0,0,0,0,0,0,0,0,0,0,1,1,-0.6124,12,1,avonshireand
feature,1,0,0,0,0,0,0,0,0,0,0,0,0,0,0,1,1,-0.6124,7,1,feature
interposed,0,1,0,0,0,0,0,0,0,0,0,0,0,0,0,1,1,0.7964,10,1,interposed
ako,0,0,0,0,0,0,0,0,0,0,0,0,0,0,0,1,1,-0.8898,3,1,ako
ficial,0,0,0,0,0,0,0,0,0,0,0,0,0,0,0,1,1,0.3182,6,1,ficial
displaced,0,1,0,0,0,0,0,0,0,0,0,0,0,0,0,1,1,0.3182,9,1,displaced
quills,1,0,0,0,0,0,0,0,0,0,0,0,0,0,0,1,1,-0.3182,6,1,quills
moss,1,0,0,0,0,0,0,0,0,0,0,0,0,0,0,1,1,-0.3182,4,1,moss
gallantly,0,0,0,1,0,0,0,0,0,0,0,0,0,0,0,1,1,-0.3182,9,1,gallantly
hooked,0,1,1,0,0,0,0,0,0,0,0,0,0,0,0,1,1,-0.3182,6,1,hooked
indignant,0,0,1,0,0,0,0,0,0,0,0,0,0,0,0,1,1,-0.3182,9,1,indignant
leafy,0,0,1,0,0,0,0,0,0,0,0,0,0,0,0,1,1,0.0,5,1,leafy
awaking,0,0,0,0,0,0,0,0,0,0,0,0,0,0,0,1,1,0.0,7,1,awaking
undecided,1,0,1,0,0,0,0,0,0,0,0,0,0,0,0,1,1,-0.2263,9,1,undecided
jays,1,0,0,0,0,0,0,0,0,0,0,0,0,0,0,1,1,0.0,4,1,jays
ripening,1,0,0,0,0,0,0,0,0,0,0,0,0,0,0,1,1,0.0,8,1,ripening
wheat,1,0,0,0,0,0,0,0,0,0,0,0,0,0,0,1,1,0.0,5,1,wheat
flocks,1,1,0,0,0,0,0,0,0,0,0,0,0,0,0,1,1,0.0,6,1,flocks
functory,0,0,0,0,0,0,0,0,0,0,0,0,0,0,0,1,1,0.3197,8,1,functory
inquiry,1,0,0,0,0,0,0,0,0,0,0,0,0,0,0,1,1,0.3197,7,1,inquiry
sais,1,0,0,0,0,0,0,0,0,0,0,0,0,0,0,1,1,0.3197,4,1,sais
irony,1,0,1,0,0,0,0,0,0,0,0,0,0,0,0,1,1,0.5423,5,1,irony
plume,1,1,0,0,0,0,0,0,0,0,0,0,0,0,0,1,1,0.3612,5,1,plume
shrill,1,0,1,0,0,0,0,0,0,0,0,0,0,0,0,1,1,-0.4019,6,1,shrill
crovk,0,0,0,0,0,0,0,0,0,0,0,0,0,0,0,1,1,-0.4019,5,1,crovk
baying,1,1,0,0,0,0,0,0,0,0,0,0,0,0,0,1,1,-0.4019,6,1,baying
tug,1,1,0,0,0,0,0,0,0,0,0,0,0,0,0,1,1,0.0,3,1,tug
magpies,1,0,0,0,0,0,0,0,0,0,0,0,0,0,0,1,1,-0.0516,7,1,magpies
flirted,0,0,0,0,0,0,0,0,0,0,0,0,0,0,0,1,1,-0.0516,7,1,flirted
twitch,1,1,0,0,0,0,0,0,0,0,0,0,0,0,0,1,1,-0.0516,6,1,twitch
gupe,0,0,0,0,0,0,0,0,0,0,0,0,0,0,0,1,1,0.0,4,1,gupe
barges,1,1,0,0,0,0,0,0,0,0,0,0,0,0,0,1,1,0.0,6,1,barges
sailboat,1,0,0,0,0,0,0,0,0,0,0,0,0,0,0,1,1,0.0,8,1,sailboat
jl,0,0,0,0,0,0,0,0,0,0,0,0,0,0,0,1,1,0.0,2,0,jl
rouen,0,0,0,0,0,0,0,0,0,0,0,0,0,0,0,1,1,0.0,5,1,rouen
velvety,0,0,1,0,0,0,0,0,0,0,0,0,0,0,0,1,1,0.3182,7,1,velvety
twittering,1,0,0,0,0,0,0,0,0,0,0,0,0,0,0,1,1,0.0,10,1,twittering
gull,1,1,0,0,0,0,0,0,0,0,0,0,0,0,0,1,1,0.3612,4,1,gull
doubtless,0,0,1,1,0,0,0,0,0,0,0,0,0,0,0,1,1,0.8338,9,1,doubtless
admitting,0,1,0,0,0,0,0,0,0,0,0,0,0,0,0,1,1,0.5859,9,1,admitting
eluded,0,1,0,0,0,0,0,0,0,0,0,0,0,0,0,1,1,0.5859,6,1,eluded
doze,1,0,0,0,0,0,0,0,0,0,0,0,0,0,0,1,1,0.5859,4,1,doze
satisfaction,1,0,0,0,0,0,0,0,0,0,0,0,0,0,0,1,1,0.5859,12,1,satisfaction
scornful,0,0,1,0,0,0,0,0,0,0,0,0,0,0,0,1,1,-0.1027,8,1,scornful
lazily,0,0,0,1,0,0,0,0,0,0,0,0,0,0,0,1,1,0.7506,6,1,lazily
raking,1,1,0,0,0,0,0,0,0,0,0,0,0,0,0,1,1,0.0,6,1,raking
powers,1,1,0,0,0,0,0,0,0,0,0,0,0,0,0,1,1,0.1531,6,1,powers
watcheth,0,0,0,0,0,0,0,0,0,0,0,0,0,0,0,1,1,0.0,8,1,watcheth
wanderer,1,0,0,0,0,0,0,0,0,0,0,0,0,0,0,1,1,0.0,8,1,wanderer
jf,0,0,0,0,0,0,0,0,0,0,0,0,0,0,0,1,1,0.0,2,0,jf
wagged,0,1,0,0,0,0,0,0,0,0,0,0,0,0,0,1,1,0.0,6,1,wagged
howled,0,1,0,0,0,0,0,0,0,0,0,0,0,0,0,1,1,0.25,6,1,howled
shedding,1,1,0,0,0,0,0,0,0,0,0,0,0,0,0,1,1,0.7269,8,1,shedding
pokes,1,1,0,0,0,0,0,0,0,0,0,0,0,0,0,1,1,0.0,5,1,pokes
immensly,0,0,0,0,0,0,0,0,0,0,0,0,0,0,0,1,1,0.8752,8,1,immensly
ments,0,0,0,0,0,0,0,0,0,0,0,0,0,0,0,1,1,0.8752,5,1,ments
plod,1,0,0,0,0,0,0,0,0,0,0,0,0,0,0,1,1,0.7506,4,1,plod
disdained,0,0,0,0,0,0,0,0,0,0,0,0,0,0,0,1,1,0.0,9,1,disdained
manding,0,0,0,0,0,0,0,0,0,0,0,0,0,0,0,1,1,-0.128,7,1,manding
refreshment,1,0,0,0,0,0,0,0,0,0,0,0,0,0,0,1,1,-0.128,11,1,refreshment
recounted,0,1,0,0,0,0,0,0,0,0,0,0,0,0,0,1,1,0.1531,9,1,recounted
eulogized,0,1,0,0,0,0,0,0,0,0,0,0,0,0,0,1,1,0.1531,9,1,eulogized
twinkling,1,1,1,0,0,0,0,0,0,0,0,0,0,0,0,1,1,0.6124,9,1,twinkling
workmen,1,0,0,0,0,0,0,0,0,0,0,0,0,0,0,1,1,0.5994,7,1,workmen
brisk,0,1,1,0,0,0,0,0,0,0,0,0,0,0,0,1,1,0.7003,5,1,brisk
beguile,0,0,0,0,0,0,0,0,0,0,0,0,0,0,0,1,1,0.7003,7,1,beguile
creel,1,0,0,0,0,0,0,0,0,0,0,0,0,0,0,1,1,-0.296,5,1,creel
defunct,0,0,1,0,0,0,0,0,0,0,0,0,0,0,0,1,1,-0.296,7,1,defunct
chub,1,0,0,0,0,0,0,0,0,0,0,0,0,0,0,1,1,-0.296,4,1,chub
voted,0,1,0,0,0,0,0,0,0,0,0,0,0,0,0,1,1,0.8221,5,1,voted
fiery,0,0,1,0,0,0,0,0,0,0,0,0,0,0,0,1,1,-0.0772,5,1,fiery
eulogy,1,0,0,0,0,0,0,0,0,0,0,0,0,0,0,1,1,-0.0772,6,1,eulogy
battering,1,0,0,0,0,0,0,0,0,0,0,0,0,0,0,1,1,-0.0772,9,1,battering
gendarme,1,0,0,0,0,0,0,0,0,0,0,0,0,0,0,1,1,-0.0772,8,1,gendarme
flirtation,0,0,0,0,0,0,0,0,0,0,0,0,0,0,0,1,1,0.8752,10,1,flirtation
connecticut,1,0,0,0,0,0,0,0,0,0,0,0,0,0,0,1,1,0.8752,11,1,connecticut
liot,0,0,0,0,0,0,0,0,0,0,0,0,0,0,0,1,1,0.0,4,1,liot
drift,1,1,0,0,0,0,0,0,0,0,0,0,0,0,0,1,1,0.6124,5,1,drift
altred,0,0,0,0,0,0,0,0,0,0,0,0,0,0,0,1,1,0.0,6,1,altred
coursed,0,1,1,0,0,0,0,0,0,0,0,0,0,0,0,1,1,-0.0772,7,1,coursed
eloquently,0,0,0,1,0,0,0,0,0,0,0,0,0,0,0,1,1,-0.0772,10,1,eloquently
tem,0,0,0,0,0,0,0,0,0,0,0,0,0,0,0,1,1,-0.0772,3,1,tem
perance,0,0,0,0,0,0,0,0,0,0,0,0,0,0,0,1,1,-0.0772,7,1,perance
ostentatious,0,0,1,0,0,0,0,0,0,0,0,0,0,0,0,1,1,-0.0772,12,1,ostentatious
draught,1,0,0,0,0,0,0,0,0,0,0,0,0,0,0,1,1,-0.0772,7,1,draught
cierge,1,0,0,0,0,0,0,0,0,0,0,0,0,0,0,1,1,0.5267,6,1,cierge
spectators,1,0,0,0,0,0,0,0,0,0,0,0,0,0,0,1,1,-0.3291,10,1,spectators
traducer,1,0,0,0,0,0,0,0,0,0,0,0,0,0,0,1,1,-0.8898,8,1,traducer
maudlin,1,0,1,0,0,0,0,0,0,0,0,0,0,0,0,1,1,0.0,7,1,maudlin
providence,1,0,0,0,0,0,0,0,0,0,0,0,0,0,0,1,1,0.0,10,1,providence
mission,1,0,0,0,0,0,0,0,0,0,0,0,0,0,0,1,1,-0.7003,7,1,mission
pears,1,0,0,0,0,0,0,0,0,0,0,0,0,0,0,1,1,0.0,5,1,pears
wave,1,1,0,0,0,0,0,0,0,0,0,0,0,0,0,1,1,0.6486,4,1,wave
goto,0,0,0,0,0,0,0,0,0,0,0,0,0,0,0,1,1,0.5106,4,1,goto
managing,0,1,1,0,0,0,0,0,0,0,0,0,0,0,0,1,1,-0.6597,8,1,managing
senators,1,0,0,0,0,0,0,0,0,0,0,0,0,0,0,1,1,0.8126,8,1,senators
wyse,0,0,0,0,0,0,0,0,0,0,0,0,0,0,0,1,1,0.8126,4,1,wyse
franklin,1,0,0,0,0,0,0,0,0,0,0,0,0,0,0,1,1,0.8126,8,1,franklin
commissioner,1,0,0,0,0,0,0,0,0,0,0,0,0,0,0,1,1,0.8126,12,1,commissioner
prog,1,0,0,0,0,0,0,0,0,0,0,0,0,0,0,1,1,0.0,4,1,prog
ress,0,0,0,0,0,0,0,0,0,0,0,0,0,0,0,1,1,0.0,4,1,ress
university,1,0,0,0,0,0,0,0,0,0,0,0,0,0,0,1,1,0.0,10,1,university
shaggy,0,0,1,0,0,0,0,0,0,0,0,0,0,0,0,1,1,0.0,6,1,shaggy
emo,0,0,0,0,0,0,0,0,0,0,0,0,0,0,0,1,1,-0.4767,3,1,emo
commonly,0,0,0,1,0,0,0,0,0,0,0,0,0,0,0,1,1,-0.6486,8,1,commonly
escapes,1,1,0,0,0,0,0,0,0,0,0,0,0,0,0,1,1,-0.4449,7,1,escapes
precise,0,0,1,0,0,0,0,0,0,0,0,0,0,0,0,1,1,-0.4449,7,1,precise
details,1,1,0,0,0,0,0,0,0,0,0,0,0,0,0,1,1,-0.4449,7,1,details
existed,0,1,0,0,0,0,0,0,0,0,0,0,0,0,0,1,1,-0.4449,7,1,existed
rivet,1,1,0,0,0,0,0,0,0,0,0,0,0,0,0,1,1,-0.6369,5,1,rivet
beaming,0,1,1,0,0,0,0,0,0,0,0,0,0,0,0,1,1,0.0,7,1,beaming
alluding,0,1,0,0,0,0,0,0,0,0,0,0,0,0,0,1,1,0.5859,8,1,alluding
mir,1,0,0,0,0,0,0,0,0,0,0,0,0,0,0,1,1,-0.4767,3,1,mir
acle,0,0,0,0,0,0,0,0,0,0,0,0,0,0,0,1,1,-0.4767,4,1,acle
reference,1,1,0,0,0,0,0,0,0,0,0,0,0,0,0,1,1,0.6335,9,1,reference
cannibal,1,0,0,0,0,0,0,0,0,0,0,0,0,0,0,1,1,0.3818,8,1,cannibal
dejeuner,0,0,0,0,0,0,0,0,0,0,0,0,0,0,0,1,1,0.0,8,1,dejeuner
wih,0,0,0,0,0,0,0,0,0,0,0,0,0,0,0,1,1,0.0,3,1,wih
rung,1,1,0,0,0,0,0,0,0,0,0,0,0,0,0,1,1,0.7184,4,1,rung
connaisscur,0,0,0,0,0,0,0,0,0,0,0,0,0,0,0,1,1,0.7184,11,1,connaisscur
condescension,1,0,0,0,0,0,0,0,0,0,0,0,0,0,0,1,1,0.8126,13,1,condescension
reclining,1,1,1,0,0,0,0,0,0,0,0,0,0,0,0,1,1,0.8126,9,1,reclining
dusted,0,1,0,0,0,0,0,0,0,0,0,0,0,0,0,1,1,0.0,6,1,dusted
escorted,0,1,0,0,0,0,0,0,0,0,0,0,0,0,0,1,1,0.0,8,1,escorted
scalding,1,1,1,0,0,0,0,0,0,0,0,0,0,0,0,1,1,0.7269,8,1,scalding
precaution,1,0,0,0,0,0,0,0,0,0,0,0,0,0,0,1,1,0.7269,10,1,precaution
bestowing,0,1,0,0,0,0,0,0,0,0,0,0,0,0,0,1,1,0.1531,9,1,bestowing
patronizing,0,1,1,0,0,0,0,0,0,0,0,0,0,0,0,1,1,0.1531,11,1,patronizing
tolerably,0,0,0,1,0,0,0,0,0,0,0,0,0,0,0,1,1,0.1531,9,1,tolerably
retraced,0,0,0,0,0,0,0,0,0,0,0,0,0,0,0,1,1,0.0,8,1,retraced
pressure,1,0,0,0,0,0,0,0,0,0,0,0,0,0,0,1,1,0.6249,8,1,pressure
hued,0,1,1,0,0,0,0,0,0,0,0,0,0,0,0,1,1,0.0,4,1,hued
calculation,1,0,0,0,0,0,0,0,0,0,0,0,0,0,0,1,1,0.7184,11,1,calculation
equilibrium,1,0,0,0,0,0,0,0,0,0,0,0,0,0,0,1,1,0.7184,11,1,equilibrium
swal,0,0,0,0,0,0,0,0,0,0,0,0,0,0,0,1,1,-0.7003,4,1,swal
soaking,1,1,1,1,0,0,0,0,0,0,0,0,0,0,0,1,1,0.0,7,1,soaking
chirping,1,0,0,0,0,0,0,0,0,0,0,0,0,0,0,1,1,0.0,8,1,chirping
surround,1,1,0,0,0,0,0,0,0,0,0,0,0,0,0,1,1,-0.0772,8,1,surround
pond,1,0,0,0,0,0,0,0,0,0,0,0,0,0,0,1,1,-0.0772,4,1,pond
herbage,1,0,0,0,0,0,0,0,0,0,0,0,0,0,0,1,1,-0.0772,7,1,herbage
embark,0,1,0,0,0,0,0,0,0,0,0,0,0,0,0,1,1,-0.0772,6,1,embark
aimless,0,0,1,0,0,0,0,0,0,0,0,0,0,0,0,1,1,-0.0772,7,1,aimless
quarrel,1,1,0,0,0,0,0,0,0,0,0,0,0,0,0,1,1,-0.4019,7,1,quarrel
accusing,0,1,1,0,0,0,0,0,0,0,0,0,0,0,0,1,1,-0.4019,8,1,accusing
behavior,1,0,0,0,0,0,0,0,0,0,0,0,0,0,0,1,1,-0.4019,8,1,behavior
denying,0,1,0,0,0,0,0,0,0,0,0,0,0,0,0,1,1,-0.4019,7,1,denying
counter,1,1,1,1,0,0,0,0,0,0,0,0,0,0,0,1,1,-0.4019,7,1,counter
charges,1,1,0,0,0,0,0,0,0,0,0,0,0,0,0,1,1,-0.4019,7,1,charges
sympathy,1,0,0,0,0,0,0,0,0,0,0,0,0,0,0,1,1,-0.4019,8,1,sympathy
truce,1,0,0,0,0,0,0,0,0,0,0,0,0,0,0,1,1,-0.4019,5,1,truce
cruise,1,1,0,0,0,0,0,0,0,0,0,0,0,0,0,1,1,-0.0772,6,1,cruise
lame,1,0,1,0,0,0,0,0,0,0,0,0,0,0,0,1,1,-0.3626,4,1,lame
repose,1,1,0,0,0,0,0,0,0,0,0,0,0,0,0,1,1,-0.3626,6,1,repose
lilac,1,0,1,0,0,0,0,0,0,0,0,0,0,0,0,1,1,-0.3626,5,1,lilac
phlox,1,0,0,0,0,0,0,0,0,0,0,0,0,0,0,1,1,-0.3626,5,1,phlox
rheumatic,1,0,1,0,0,0,0,0,0,0,0,0,0,0,0,1,1,-0.3626,9,1,rheumatic
shrub,1,0,0,0,0,0,0,0,0,0,0,0,0,0,0,1,1,-0.3626,5,1,shrub
forelegs,1,0,0,0,0,0,0,0,0,0,0,0,0,0,0,1,1,0.8074,8,1,forelegs
profound,0,0,1,0,0,0,0,0,0,0,0,0,0,0,0,1,1,0.0,8,1,profound
valuable,1,0,1,0,0,0,0,0,0,0,0,0,0,0,0,1,1,0.6335,8,1,valuable
jewel,1,0,0,0,0,0,0,0,0,0,0,0,0,0,0,1,1,0.6335,5,1,jewel
exulting,0,1,1,0,0,0,0,0,0,0,0,0,0,0,0,1,1,0.8074,8,1,exulting
sentries,1,0,0,0,0,0,0,0,0,0,0,0,0,0,0,1,1,0.4767,8,1,sentries
paced,0,1,1,0,0,0,0,0,0,0,0,0,0,0,0,1,1,0.4767,5,1,paced
sul,0,0,0,0,0,0,0,0,0,0,0,0,0,0,0,1,1,0.0,3,1,sul
pice,1,0,0,0,0,0,0,0,0,0,0,0,0,0,0,1,1,0.0,4,1,pice
indefinable,1,0,1,0,0,0,0,0,0,0,0,0,0,0,0,1,1,0.0,11,1,indefinable
doubting,0,1,1,0,0,0,0,0,0,0,0,0,0,0,0,1,1,-0.34,8,1,doubting
happi,1,0,0,0,0,0,0,0,0,0,0,0,0,0,0,1,1,-0.34,5,1,happi
toucned,0,0,0,0,0,0,0,0,0,0,0,0,0,0,0,1,1,0.0,7,1,toucned
mute,1,0,1,0,0,0,0,0,0,0,0,0,0,0,0,1,1,0.5574,4,1,mute
acknowledging,0,1,0,0,0,0,0,0,0,0,0,0,0,0,0,1,1,0.5574,13,1,acknowledging
recrossed,0,0,0,0,0,0,0,0,0,0,0,0,0,0,0,1,1,0.4767,9,1,recrossed
superfluous,0,0,1,0,0,0,0,0,0,0,0,0,0,0,0,1,1,0.4767,11,1,superfluous
primrose,1,0,1,0,0,0,0,0,0,0,0,0,0,0,0,1,1,0.4767,8,1,primrose
pats,1,0,0,0,0,0,0,0,0,0,0,0,0,0,0,1,1,0.4767,4,1,pats
cre,0,0,0,0,0,0,0,0,0,0,0,0,0,0,0,1,1,0.6908,3,1,cre
merie,0,0,0,0,0,0,0,0,0,0,0,0,0,0,0,1,1,0.6908,5,1,merie
auburn,0,0,1,0,0,0,0,0,0,0,0,0,0,0,0,1,1,0.9136,6,1,auburn
haired,0,0,1,0,0,0,0,0,0,0,0,0,0,0,0,1,1,0.9136,6,1,haired
rejoices,0,1,0,0,0,0,0,0,0,0,0,0,0,0,0,1,1,0.9136,8,1,rejoices
napkin,1,0,0,0,0,0,0,0,0,0,0,0,0,0,0,1,1,0.9136,6,1,napkin
absurd,1,0,1,0,0,0,0,0,0,0,0,0,0,0,0,1,1,-0.0258,6,1,absurd
proves,0,1,0,0,0,0,0,0,0,0,0,0,0,0,0,1,1,0.5267,6,1,proves
te,0,0,0,0,0,0,0,0,0,0,0,0,0,0,0,1,1,0.9136,2,0,te
tte,0,0,0,0,0,0,0,0,0,0,0,0,0,0,0,1,1,0.9136,3,1,tte
whisked,0,1,0,0,0,0,0,0,0,0,0,0,0,0,0,1,1,0.9136,7,1,whisked
cups,1,1,0,0,0,0,0,0,0,0,0,0,0,0,0,1,1,0.9136,4,1,cups
crisp,1,0,1,0,0,0,0,0,0,0,0,0,0,0,0,1,1,0.9136,5,1,crisp
croissons,0,0,0,0,0,0,0,0,0,0,0,0,0,0,0,1,1,0.9136,9,1,croissons
grouped,0,1,1,0,0,0,0,0,0,0,0,0,0,0,0,1,1,0.8126,7,1,grouped
mayor,1,0,0,0,0,0,0,0,0,0,0,0,0,0,0,1,1,0.8126,5,1,mayor
plates,1,1,0,0,0,0,0,0,0,0,0,0,0,0,0,1,1,0.2755,6,1,plates
properties,1,0,0,0,0,0,0,0,0,0,0,0,0,0,0,1,1,-0.6486,10,1,properties
stoves,1,0,0,0,0,0,0,0,0,0,0,0,0,0,0,1,1,-0.6486,6,1,stoves
ragpicker,1,0,0,0,0,0,0,0,0,0,0,0,0,0,0,1,1,-0.6486,9,1,ragpicker
cuissards,0,0,0,0,0,0,0,0,0,0,0,0,0,0,0,1,1,-0.6597,9,1,cuissards
enamelled,0,1,0,0,0,0,0,0,0,0,0,0,0,0,0,1,1,-0.6597,9,1,enamelled
butter,1,1,0,0,0,0,0,0,0,0,0,0,0,0,0,1,1,0.4767,6,1,butter
shamrock,1,0,0,0,0,0,0,0,0,0,0,0,0,0,0,1,1,0.4767,8,1,shamrock
normandy,0,0,0,0,0,0,0,0,0,0,0,0,0,0,0,1,1,0.4767,8,1,normandy
pastures,1,0,0,0,0,0,0,0,0,0,0,0,0,0,0,1,1,0.4767,8,1,pastures
coincidence,1,0,0,0,0,0,0,0,0,0,0,0,0,0,0,1,1,0.7717,11,1,coincidence
blount,0,0,0,0,0,0,0,0,0,0,0,0,0,0,0,1,1,0.8126,6,1,blount
acquire,0,1,0,0,0,0,0,0,0,0,0,0,0,0,0,1,1,0.4215,7,1,acquire
trivial,1,0,1,0,0,0,0,0,0,0,0,0,0,0,0,1,1,-0.4449,7,1,trivial
dun,1,1,1,0,0,0,0,0,0,0,0,0,0,0,0,1,1,0.0,3,1,dun
mafoi,0,0,0,0,0,0,0,0,0,0,0,0,0,0,0,1,1,0.0,5,1,mafoi
ont,0,0,0,0,0,0,0,0,0,0,0,0,0,0,0,1,1,0.0,3,1,ont
lefebvre,0,0,0,0,0,0,0,0,0,0,0,0,0,0,0,1,1,0.0,8,1,lefebvre
subsiding,0,1,1,0,0,0,0,0,0,0,0,0,0,0,0,1,1,0.0,9,1,subsiding
apprehensive,0,0,1,0,0,0,0,0,0,0,0,0,0,0,0,1,1,-0.3818,12,1,apprehensive
serenely,0,0,0,1,0,0,0,0,0,0,0,0,0,0,0,1,1,-0.3818,8,1,serenely
unaffected,1,0,1,0,0,0,0,0,0,0,0,0,0,0,0,1,1,0.5106,10,1,unaffected
gong,1,1,0,0,0,0,0,0,0,0,0,0,0,0,0,1,1,0.0,4,1,gong
locomotive,1,0,1,0,0,0,0,0,0,0,0,0,0,0,0,1,1,0.4939,10,1,locomotive
ribbons,1,0,0,0,0,0,0,0,0,0,0,0,0,0,0,1,1,0.0,7,1,ribbons
untied,0,1,1,0,0,0,0,0,0,0,0,0,0,0,0,1,1,0.0,6,1,untied
mile,1,0,0,1,0,0,0,0,0,0,0,0,0,0,0,1,1,0.4404,4,1,mile
madam,1,0,0,0,0,0,0,0,0,0,0,0,0,0,0,1,1,0.2263,5,1,madam
hail,1,1,0,0,0,0,0,0,0,0,0,0,0,0,0,1,1,0.0772,4,1,hail
qu,0,0,0,0,0,0,0,0,0,0,0,0,0,0,0,1,1,0.0,2,0,qu
pin,1,1,0,0,0,0,0,0,0,0,0,0,0,0,0,1,1,0.0,3,1,pin
telegraph,1,0,0,0,0,0,0,0,0,0,0,0,0,0,0,1,1,-0.2732,9,1,telegraph
chapel,1,0,0,0,0,0,0,0,0,0,0,0,0,0,0,1,1,-0.7003,6,1,chapel
emerald,1,0,0,0,0,0,0,0,0,0,0,0,0,0,0,1,1,0.2732,7,1,emerald
thundered,0,0,0,0,0,0,0,0,0,0,0,0,0,0,0,1,1,0.0,9,1,thundered
bicn,0,0,0,0,0,0,0,0,0,0,0,0,0,0,0,1,1,0.0,4,1,bicn
vaugirard,0,0,0,0,0,0,0,0,0,0,0,0,0,0,0,1,1,-0.1779,9,1,vaugirard
scampered,0,0,0,0,0,0,0,0,0,0,0,0,0,0,0,1,1,0.0,9,1,scampered
tunnel,1,1,0,0,0,0,0,0,0,0,0,0,0,0,0,1,1,0.0,6,1,tunnel
freshet,1,0,0,0,0,0,0,0,0,0,0,0,0,0,0,1,1,0.0,7,1,freshet
roared,0,1,0,0,0,0,0,0,0,0,0,0,0,0,0,1,1,0.0,6,1,roared
flashes,1,1,0,0,0,0,0,0,0,0,0,0,0,0,0,1,1,-0.34,7,1,flashes
ingless,0,0,0,0,0,0,0,0,0,0,0,0,0,0,0,1,1,-0.0274,7,1,ingless
meaningless,0,0,1,0,0,0,0,0,0,0,0,0,0,0,0,1,1,-0.0274,11,1,meaningless
flooding,1,1,1,0,0,0,0,0,0,0,0,0,0,0,0,1,1,0.3818,8,1,flooding
brightness,1,0,0,0,0,0,0,0,0,0,0,0,0,0,0,1,1,0.3818,10,1,brightness
sarcasms,0,0,0,0,0,0,0,0,0,0,0,0,0,0,0,1,1,-0.2263,8,1,sarcasms
professor,1,0,0,0,0,0,0,0,0,0,0,0,0,0,0,1,1,0.0,9,1,professor
noncommittal,0,0,1,0,0,0,0,0,0,0,0,0,0,0,0,1,1,0.0,12,1,noncommittal
jam,1,1,0,0,0,0,0,0,0,0,0,0,0,0,0,1,1,0.7579,3,1,jam
chatelet,1,0,0,0,0,0,0,0,0,0,0,0,0,0,0,1,1,-0.296,8,1,chatelet
turrets,1,0,0,0,0,0,0,0,0,0,0,0,0,0,0,1,1,0.5267,7,1,turrets
ney,1,0,0,0,0,0,0,0,0,0,0,0,0,0,0,1,1,-0.4215,3,1,ney
tidbits,1,0,0,0,0,0,0,0,0,0,0,0,0,0,0,1,1,-0.4215,7,1,tidbits
trusted,0,1,1,0,0,0,0,0,0,0,0,0,0,0,0,1,1,0.0387,7,1,trusted
worshipped,0,1,1,0,0,0,0,0,0,0,0,0,0,0,0,1,1,0.8689,10,1,worshipped
inured,0,1,1,0,0,0,0,0,0,0,0,0,0,0,0,1,1,0.0736,6,1,inured
forgave,0,1,0,0,0,0,0,0,0,0,0,0,0,0,0,1,1,0.6486,7,1,forgave
barrfie,0,0,0,0,0,0,0,0,0,0,0,0,0,0,0,1,1,0.0,7,1,barrfie
philosopher,1,0,0,0,0,0,0,0,0,0,0,0,0,0,0,1,1,0.0,11,1,philosopher
preach,1,1,0,0,0,0,0,0,0,0,0,0,0,0,0,1,1,0.0,6,1,preach
link,1,0,0,0,0,0,0,0,0,0,0,0,0,0,0,1,1,0.0,4,1,link
clip,1,1,0,0,0,0,0,0,0,0,0,0,0,0,0,1,1,0.0,4,1,clip
ovcr,0,0,0,0,0,0,0,0,0,0,0,0,0,0,0,1,1,0.0,4,1,ovcr
roack,0,0,0,0,0,0,0,0,0,0,0,0,0,0,0,1,1,0.0,5,1,roack
savour,1,0,0,0,0,0,0,0,0,0,0,0,0,0,0,1,1,0.6705,6,1,savour
adore,0,1,0,0,0,0,0,0,0,0,0,0,0,0,0,1,1,0.6705,5,1,adore
clings,1,1,0,0,0,0,0,0,0,0,0,0,0,0,0,1,1,0.6705,6,1,clings
changeless,0,0,1,0,0,0,0,0,0,0,0,0,0,0,0,1,1,0.34,10,1,changeless
weary,0,0,1,0,0,0,0,0,0,0,0,0,0,0,0,1,1,0.34,5,1,weary
nationalities,1,0,0,0,0,0,0,0,0,0,0,0,0,0,0,1,1,0.6369,13,1,nationalities
ache,1,1,0,0,0,0,0,0,0,0,0,0,0,0,0,1,1,0.34,4,1,ache
thine,0,0,0,0,0,0,0,0,0,0,0,0,0,0,0,1,1,0.34,5,1,thine
upcurled,0,0,0,0,0,0,0,0,0,0,0,0,0,0,0,1,1,0.1154,8,1,upcurled
shy,1,1,1,0,0,0,0,0,0,0,0,0,0,0,0,1,1,-0.9246,3,1,shy
intro,1,0,0,0,0,0,0,0,0,0,0,0,0,0,0,1,1,-0.9246,5,1,intro
duction,1,0,0,0,0,0,0,0,0,0,0,0,0,0,0,1,1,-0.9246,7,1,duction
assaulted,0,0,1,0,0,0,0,0,0,0,0,0,0,0,0,1,1,-0.9246,9,1,assaulted
prodigious,0,0,1,0,0,0,0,0,0,0,0,0,0,0,0,1,1,0.4404,10,1,prodigious
cordial,1,0,1,0,0,0,0,0,0,0,0,0,0,0,0,1,1,0.0,7,1,cordial
majestic,0,0,1,0,0,0,0,0,0,0,0,0,0,0,0,1,1,0.8676,8,1,majestic
unbent,0,0,1,0,0,0,0,0,0,0,0,0,0,0,0,1,1,0.8676,6,1,unbent
chaff,1,0,0,0,0,0,0,0,0,0,0,0,0,0,0,1,1,0.0,5,1,chaff
lots,1,1,0,1,0,0,0,0,0,0,0,0,0,0,0,1,1,0.4215,4,1,lots
lat,1,0,0,0,0,0,0,0,0,0,0,0,0,0,0,1,1,0.4939,3,1,lat
prophecy,1,0,0,0,0,0,0,0,0,0,0,0,0,0,0,1,1,0.6124,8,1,prophecy
wednesday,1,0,0,0,0,0,0,0,0,0,0,0,0,0,0,1,1,0.0,9,1,wednesday
aston,0,0,0,0,0,0,0,0,0,0,0,0,0,0,0,1,1,0.6187,5,1,aston
jeune,0,0,0,0,0,0,0,0,0,0,0,0,0,0,0,1,1,0.7506,5,1,jeune
homme,0,0,0,0,0,0,0,0,0,0,0,0,0,0,0,1,1,0.7506,5,1,homme
christened,0,0,0,0,0,0,0,0,0,0,0,0,0,0,0,1,1,0.4404,10,1,christened
enfant,0,0,0,0,0,0,0,0,0,0,0,0,0,0,0,1,1,0.4404,6,1,enfant
prodigue,0,0,0,0,0,0,0,0,0,0,0,0,0,0,0,1,1,0.4404,8,1,prodigue
freely,0,0,0,1,0,0,0,0,0,0,0,0,0,0,0,1,1,0.4404,6,1,freely
major,1,1,1,0,0,0,0,0,0,0,0,0,0,0,0,1,1,0.8126,5,1,major
admiral,1,0,0,0,0,0,0,0,0,0,0,0,0,0,0,1,1,0.8126,7,1,admiral
buftby,0,0,0,0,0,0,0,0,0,0,0,0,0,0,0,1,1,0.8126,6,1,buftby
lanceford,0,0,0,0,0,0,0,0,0,0,0,0,0,0,0,1,1,0.8126,9,1,lanceford
inspector,1,0,0,0,0,0,0,0,0,0,0,0,0,0,0,1,1,0.8126,9,1,inspector
livingston,1,0,0,0,0,0,0,0,0,0,0,0,0,0,0,1,1,0.8126,10,1,livingston
ultimately,0,0,0,1,0,0,0,0,0,0,0,0,0,0,0,1,1,-0.4215,10,1,ultimately
relapsed,0,1,0,0,0,0,0,0,0,0,0,0,0,0,0,1,1,-0.4215,8,1,relapsed
suicides,0,0,0,0,0,0,0,0,0,0,0,0,0,0,0,1,1,0.3151,8,1,suicides
auguration,0,0,0,0,0,0,0,0,0,0,0,0,0,0,0,1,1,0.0,10,1,auguration
banner,1,0,1,0,0,0,0,0,0,0,0,0,0,0,0,1,1,0.0,6,1,banner
request,1,1,0,0,0,0,0,0,0,0,0,0,0,0,0,1,1,0.0,7,1,request
slighest,0,0,0,0,0,0,0,0,0,0,0,0,0,0,0,1,1,0.0,8,1,slighest
community,1,0,1,0,0,0,0,0,0,0,0,0,0,0,0,1,1,0.0,9,1,community
benefited,0,0,0,0,0,0,0,0,0,0,0,0,0,0,0,1,1,0.0,9,1,benefited
removal,1,0,0,0,0,0,0,0,0,0,0,0,0,0,0,1,1,0.0,7,1,removal
tooting,0,0,0,0,0,0,0,0,0,0,0,0,0,0,0,1,1,0.0,7,1,tooting
trams,1,1,0,0,0,0,0,0,0,0,0,0,0,0,0,1,1,0.0,5,1,trams
medecine,0,0,0,0,0,0,0,0,0,0,0,0,0,0,0,1,1,0.0,8,1,medecine
smirked,0,1,0,0,0,0,0,0,0,0,0,0,0,0,0,1,1,-0.25,7,1,smirked
agitated,0,1,1,0,0,0,0,0,0,0,0,0,0,0,0,1,1,-0.25,8,1,agitated
bluest,0,0,1,0,0,0,0,0,0,0,0,0,0,0,0,1,1,0.3291,6,1,bluest
prettiest,0,0,1,0,0,0,0,0,0,0,0,0,0,0,0,1,1,0.5719,9,1,prettiest
qo,0,0,0,0,0,0,0,0,0,0,0,0,0,0,0,1,1,0.5719,2,0,qo
cern,0,0,0,0,0,0,0,0,0,0,0,0,0,0,0,1,1,0.8074,4,1,cern
telegraphic,0,0,1,0,0,0,0,0,0,0,0,0,0,0,0,1,1,0.8074,11,1,telegraphic
stalking,1,1,1,0,0,0,0,0,0,0,0,0,0,0,0,1,1,0.5267,8,1,stalking
vermilion,1,1,1,0,0,0,0,0,0,0,0,0,0,0,0,1,1,0.5267,9,1,vermilion
jum,0,0,0,0,0,0,0,0,0,0,0,0,0,0,0,1,1,-0.5106,3,1,jum
ugly,0,0,1,0,0,0,0,0,0,0,0,0,0,0,0,1,1,-0.5106,4,1,ugly
spitting,1,1,0,0,0,0,0,0,0,0,0,0,0,0,0,1,1,-0.5106,8,1,spitting
griffins,1,0,0,0,0,0,0,0,0,0,0,0,0,0,0,1,1,-0.5106,8,1,griffins
mouthed,0,1,0,0,0,0,0,0,0,0,0,0,0,0,0,1,1,-0.2023,7,1,mouthed
unsatisfactory,0,0,1,0,0,0,0,0,0,0,0,0,0,0,0,1,1,0.0,14,1,unsatisfactory
hobgoblin,1,0,0,0,0,0,0,0,0,0,0,0,0,0,0,1,1,-0.2584,9,1,hobgoblin
terraces,1,1,0,0,0,0,0,0,0,0,0,0,0,0,0,1,1,0.0,8,1,terraces
phalt,0,0,0,0,0,0,0,0,0,0,0,0,0,0,0,1,1,0.0,5,1,phalt
cabman,1,0,0,0,0,0,0,0,0,0,0,0,0,0,0,1,1,0.2263,6,1,cabman
bourgeois,1,0,1,0,0,0,0,0,0,0,0,0,0,0,0,1,1,0.2263,9,1,bourgeois
appearance,1,0,0,0,0,0,0,0,0,0,0,0,0,0,0,1,1,0.8074,10,1,appearance
cerning,0,0,0,0,0,0,0,0,0,0,0,0,0,0,0,1,1,0.6124,7,1,cerning
immortal,1,0,1,0,0,0,0,0,0,0,0,0,0,0,0,1,1,0.6124,8,1,immortal
characterized,0,1,1,0,0,0,0,0,0,0,0,0,0,0,0,1,1,0.6124,13,1,characterized
ent,1,0,0,0,0,0,0,0,0,0,0,0,0,0,0,1,1,-0.296,3,1,ent
exertion,1,0,0,0,0,0,0,0,0,0,0,0,0,0,0,1,1,-0.296,8,1,exertion
awning,1,0,0,0,0,0,0,0,0,0,0,0,0,0,0,1,1,-0.296,6,1,awning
feats,1,0,0,0,0,0,0,0,0,0,0,0,0,0,0,1,1,0.8074,5,1,feats
violet,1,0,1,0,0,0,0,0,0,0,0,0,0,0,0,1,1,0.4939,6,1,violet
winner,1,0,0,0,0,0,0,0,0,0,0,0,0,0,0,1,1,0.7096,6,1,winner
opinions,1,0,0,0,0,0,0,0,0,0,0,0,0,0,0,1,1,0.8316,8,1,opinions
boldly,0,0,0,1,0,0,0,0,0,0,0,0,0,0,0,1,1,0.8316,6,1,boldly
cercle,0,0,0,0,0,0,0,0,0,0,0,0,0,0,0,1,1,-0.296,6,1,cercle
tw,0,0,0,0,0,0,0,0,0,0,0,0,0,0,0,1,1,0.0,2,0,tw
ro,1,0,0,0,0,0,0,0,0,0,0,0,0,0,0,1,1,0.0,2,1,ro
stanley,1,0,0,0,0,0,0,0,0,0,0,0,0,0,0,1,1,0.0,7,1,stanley
vermouth,1,0,0,0,0,0,0,0,0,0,0,0,0,0,0,1,1,0.0,8,1,vermouth
manoeuvring,1,0,0,0,0,0,0,0,0,0,0,0,0,0,0,1,1,0.0,11,1,manoeuvring
dipping,0,1,0,0,0,0,0,0,0,0,0,0,0,0,0,1,1,-0.2732,7,1,dipping
bour,1,0,0,0,0,0,0,0,0,0,0,0,0,0,0,1,1,-0.2732,4,1,bour
saun,1,0,0,0,0,0,0,0,0,0,0,0,0,0,0,1,1,0.0,4,1,saun
nationality,1,0,0,0,0,0,0,0,0,0,0,0,0,0,0,1,1,-0.4767,11,1,nationality
eulogies,1,0,0,0,0,0,0,0,0,0,0,0,0,0,0,1,1,0.7096,8,1,eulogies
prix,0,0,0,0,0,0,0,0,0,0,0,0,0,0,0,1,1,0.7096,4,1,prix
rome,1,0,0,0,0,0,0,0,0,0,0,0,0,0,0,1,1,0.7096,4,1,rome
sistently,0,0,0,0,0,0,0,0,0,0,0,0,0,0,0,1,1,-0.1877,9,1,sistently
certainty,1,0,0,0,0,0,0,0,0,0,0,0,0,0,0,1,1,-0.1877,9,1,certainty
complete,0,1,1,0,0,0,0,0,0,0,0,0,0,0,0,1,1,0.4019,8,1,complete
stainbridge,0,0,0,0,0,0,0,0,0,0,0,0,0,0,0,1,1,0.0,11,1,stainbridge
collection,1,0,0,0,0,0,0,0,0,0,0,0,0,0,0,1,1,0.0202,10,1,collection
rouses,1,0,0,0,0,0,0,0,0,0,0,0,0,0,0,1,1,-0.1351,6,1,rouses
eyelashes,1,0,0,0,0,0,0,0,0,0,0,0,0,0,0,1,1,0.0,9,1,eyelashes
regi,0,0,0,0,0,0,0,0,0,0,0,0,0,0,0,1,1,0.0,4,1,regi
thr,0,0,0,0,0,0,0,0,0,0,0,0,0,0,0,1,1,0.5719,3,1,thr
debated,0,1,0,0,0,0,0,0,0,0,0,0,0,0,0,1,1,0.8316,7,1,debated
slang,1,1,0,0,0,0,0,0,0,0,0,0,0,0,0,1,1,0.8316,5,1,slang
strife,1,0,0,0,0,0,0,0,0,0,0,0,0,0,0,1,1,0.4404,6,1,strife
shilpice,0,0,0,0,0,0,0,0,0,0,0,0,0,0,0,1,1,-0.25,8,1,shilpice
providing,0,1,0,0,0,0,0,0,0,0,0,0,0,0,0,1,1,-0.9081,9,1,providing
punishment,1,0,0,0,0,0,0,0,0,0,0,0,0,0,0,1,1,-0.9081,10,1,punishment
located,0,1,1,0,0,0,0,0,0,0,0,0,0,0,0,1,1,0.0202,7,1,located
ott,0,0,0,0,0,0,0,0,0,0,0,0,0,0,0,1,1,-0.34,3,1,ott
conscientiousness,1,0,0,0,0,0,0,0,0,0,0,0,0,0,0,1,1,0.2023,17,1,conscientiousness
heaped,0,1,1,0,0,0,0,0,0,0,0,0,0,0,0,1,1,0.0,6,1,heaped
lacework,1,0,0,0,0,0,0,0,0,0,0,0,0,0,0,1,1,0.6486,8,1,lacework
tide,1,1,0,0,0,0,0,0,0,0,0,0,0,0,0,1,1,0.0,4,1,tide
sprinklers,1,0,0,0,0,0,0,0,0,0,0,0,0,0,0,1,1,-0.2263,10,1,sprinklers
spar,1,1,0,0,0,0,0,0,0,0,0,0,0,0,0,1,1,-0.2263,4,1,spar
vulgarly,0,0,0,1,0,0,0,0,0,0,0,0,0,0,0,1,1,-0.2263,8,1,vulgarly
pianist,1,0,0,0,0,0,0,0,0,0,0,0,0,0,0,1,1,0.0,7,1,pianist
residence,1,0,0,0,0,0,0,0,0,0,0,0,0,0,0,1,1,-0.128,9,1,residence
perpetual,0,0,1,0,0,0,0,0,0,0,0,0,0,0,0,1,1,-0.128,9,1,perpetual
clamation,1,0,0,0,0,0,0,0,0,0,0,0,0,0,0,1,1,0.128,9,1,clamation
trio,1,0,0,0,0,0,0,0,0,0,0,0,0,0,0,1,1,0.128,4,1,trio
boding,1,1,1,0,0,0,0,0,0,0,0,0,0,0,0,1,1,0.128,6,1,boding
fid,1,0,0,0,0,0,0,0,0,0,0,0,0,0,0,1,1,0.0772,3,1,fid
elli,1,0,0,0,0,0,0,0,0,0,0,0,0,0,0,1,1,-0.34,4,1,elli
occasions,1,1,0,0,0,0,0,0,0,0,0,0,0,0,0,1,1,0.8358,9,1,occasions
authori,0,0,0,0,0,0,0,0,0,0,0,0,0,0,0,1,1,-0.128,7,1,authori
defends,0,1,0,0,0,0,0,0,0,0,0,0,0,0,0,1,1,-0.128,7,1,defends
traffic,1,1,0,0,0,0,0,0,0,0,0,0,0,0,0,1,1,-0.128,7,1,traffic
hotly,0,0,0,1,0,0,0,0,0,0,0,0,0,0,0,1,1,0.5719,5,1,hotly
team,1,1,0,0,0,0,0,0,0,0,0,0,0,0,0,1,1,0.2023,4,1,team
returns,1,1,0,0,0,0,0,0,0,0,0,0,0,0,0,1,1,-0.5499,7,1,returns
obtain,0,1,0,0,0,0,0,0,0,0,0,0,0,0,0,1,1,-0.5499,6,1,obtain
commune,1,1,0,0,0,0,0,0,0,0,0,0,0,0,0,1,1,0.0,7,1,commune
yvette,1,0,0,0,0,0,0,0,0,0,0,0,0,0,0,1,1,-0.4767,6,1,yvette
rapin,0,0,0,0,0,0,0,0,0,0,0,0,0,0,0,1,1,0.5994,5,1,rapin
rapins,0,0,0,0,0,0,0,0,0,0,0,0,0,0,0,1,1,0.5994,6,1,rapins
various,0,0,1,0,0,0,0,0,0,0,0,0,0,0,0,1,1,0.0,7,1,various
unfortunate,1,0,1,0,0,0,0,0,0,0,0,0,0,0,0,1,1,-0.4588,11,1,unfortunate
chilling,0,1,1,0,0,0,0,0,0,0,0,0,0,0,0,1,1,0.8358,8,1,chilling
uses,1,1,0,0,0,0,0,0,0,0,0,0,0,0,0,1,1,0.8358,4,1,uses
unwound,0,0,1,0,0,0,0,0,0,0,0,0,0,0,0,1,1,-0.2263,7,1,unwound
impressive,0,0,1,0,0,0,0,0,0,0,0,0,0,0,0,1,1,0.8358,10,1,impressive
scholarly,0,0,1,0,0,0,0,0,0,0,0,0,0,0,0,1,1,0.8358,9,1,scholarly
buxom,0,0,1,0,0,0,0,0,0,0,0,0,0,0,0,1,1,0.8358,5,1,buxom
boiling,1,1,1,1,0,0,0,0,0,0,0,0,0,0,0,1,1,-0.3818,7,1,boiling
indigna,0,0,0,0,0,0,0,0,0,0,0,0,0,0,0,1,1,-0.3818,7,1,indigna
wenty,0,0,0,0,0,0,0,0,0,0,0,0,0,0,0,1,1,-0.2944,5,1,wenty
nightmare,1,0,0,0,0,0,0,0,0,0,0,0,0,0,0,1,1,-0.5777,9,1,nightmare
tured,0,0,0,0,0,0,0,0,0,0,0,0,0,0,0,1,1,0.2263,5,1,tured
tries,1,1,0,0,0,0,0,0,0,0,0,0,0,0,0,1,1,-0.5994,5,1,tries
attractive,0,0,1,0,0,0,0,0,0,0,0,0,0,0,0,1,1,0.8885,10,1,attractive
cloudless,0,0,1,0,0,0,0,0,0,0,0,0,0,0,0,1,1,0.0,9,1,cloudless
ochre,1,0,1,0,0,0,0,0,0,0,0,0,0,0,0,1,1,-0.5777,5,1,ochre
apropos,0,0,1,1,0,0,0,0,0,0,0,0,0,0,0,1,1,0.0,7,1,apropos
noth,0,0,0,0,0,0,0,0,0,0,0,0,0,0,0,1,1,0.0,4,1,noth
inspect,0,1,0,0,0,0,0,0,0,0,0,0,0,0,0,1,1,-0.2263,7,1,inspect
amine,1,0,0,0,0,0,0,0,0,0,0,0,0,0,0,1,1,0.0,5,1,amine
pattern,1,1,0,0,0,0,0,0,0,0,0,0,0,0,0,1,1,0.0,7,1,pattern
addition,1,0,0,0,0,0,0,0,0,0,0,0,0,0,0,1,1,0.4215,8,1,addition
household,1,0,1,0,0,0,0,0,0,0,0,0,0,0,0,1,1,0.4215,9,1,household
rust,1,1,1,0,0,0,0,0,0,0,0,0,0,0,0,1,1,0.0,4,1,rust
embroidery,1,0,0,0,0,0,0,0,0,0,0,0,0,0,0,1,1,0.0,10,1,embroidery
repealed,0,0,0,0,0,0,0,0,0,0,0,0,0,0,0,1,1,-0.9081,8,1,repealed
intolerable,0,0,1,0,0,0,0,0,0,0,0,0,0,0,0,1,1,-0.4404,11,1,intolerable
obtrusive,0,0,1,0,0,0,0,0,0,0,0,0,0,0,0,1,1,-0.2263,9,1,obtrusive
credulous,0,0,1,0,0,0,0,0,0,0,0,0,0,0,0,1,1,-0.2263,9,1,credulous
yarn,0,1,0,0,0,0,0,0,0,0,0,0,0,0,0,1,1,-0.2263,4,1,yarn
tuesday,1,0,0,0,0,0,0,0,0,0,0,0,0,0,0,1,1,-0.2263,7,1,tuesday
piqued,0,1,0,0,0,0,0,0,0,0,0,0,0,0,0,1,1,0.6461,6,1,piqued
ception,0,0,0,0,0,0,0,0,0,0,0,0,0,0,0,1,1,0.6461,7,1,ception
biped,1,0,1,0,0,0,0,0,0,0,0,0,0,0,0,1,1,0.6461,5,1,biped
amateurs,1,0,0,0,0,0,0,0,0,0,0,0,0,0,0,1,1,0.5574,8,1,amateurs
craft,1,1,0,0,0,0,0,0,0,0,0,0,0,0,0,1,1,0.3182,5,1,craft
sweetness,1,0,0,0,0,0,0,0,0,0,0,0,0,0,0,1,1,0.0258,9,1,sweetness
undoubtedly,0,0,0,1,0,0,0,0,0,0,0,0,0,0,0,1,1,0.2023,11,1,undoubtedly
pots,1,1,0,0,0,0,0,0,0,0,0,0,0,0,0,1,1,0.2755,4,1,pots
feeler,1,0,0,0,0,0,0,0,0,0,0,0,0,0,0,1,1,0.2716,6,1,feeler
angler,1,0,0,0,0,0,0,0,0,0,0,0,0,0,0,1,1,-0.2263,6,1,angler
floating,1,1,1,0,0,0,0,0,0,0,0,0,0,0,0,1,1,0.0,8,1,floating
soapsuds,1,0,0,0,0,0,0,0,0,0,0,0,0,0,0,1,1,0.0,8,1,soapsuds
dilating,0,1,0,0,0,0,0,0,0,0,0,0,0,0,0,1,1,0.6908,8,1,dilating
negotiated,0,1,0,0,0,0,0,0,0,0,0,0,0,0,0,1,1,0.4019,10,1,negotiated
appointed,0,1,1,0,0,0,0,0,0,0,0,0,0,0,0,1,1,0.5574,9,1,appointed
collections,1,0,0,0,0,0,0,0,0,0,0,0,0,0,0,1,1,0.5574,11,1,collections
argument,1,0,0,0,0,0,0,0,0,0,0,0,0,0,0,1,1,-0.6908,8,1,argument
eulogize,0,1,0,0,0,0,0,0,0,0,0,0,0,0,0,1,1,0.3178,8,1,eulogize
teardrop,1,0,0,0,0,0,0,0,0,0,0,0,0,0,0,1,1,0.5423,8,1,teardrop
skimmed,0,1,1,0,0,0,0,0,0,0,0,0,0,0,0,1,1,0.3182,7,1,skimmed
trance,1,0,0,0,0,0,0,0,0,0,0,0,0,0,0,1,1,0.5994,6,1,trance
burying,1,1,0,0,0,0,0,0,0,0,0,0,0,0,0,1,1,0.5267,7,1,burying
centime,1,0,0,0,0,0,0,0,0,0,0,0,0,0,0,1,1,0.8689,7,1,centime
plant,1,1,0,0,0,0,0,0,0,0,0,0,0,0,0,1,1,0.8689,5,1,plant
victims,1,0,0,0,0,0,0,0,0,0,0,0,0,0,0,1,1,0.4939,7,1,victims
secretly,0,0,0,1,0,0,0,0,0,0,0,0,0,0,0,1,1,0.6908,8,1,secretly
polishing,1,1,0,0,0,0,0,0,0,0,0,0,0,0,0,1,1,0.6908,9,1,polishing
establish,0,1,0,0,0,0,0,0,0,0,0,0,0,0,0,1,1,0.4939,9,1,establish
refracting,0,1,0,0,0,0,0,0,0,0,0,0,0,0,0,1,1,0.5423,10,1,refracting
diamond,1,0,0,0,0,0,0,0,0,0,0,0,0,0,0,1,1,0.5423,7,1,diamond
cleared,0,1,1,0,0,0,0,0,0,0,0,0,0,0,0,1,1,0.5423,7,1,cleared
barrassed,0,0,0,0,0,0,0,0,0,0,0,0,0,0,0,1,1,0.5423,9,1,barrassed
thirst,1,1,0,0,0,0,0,0,0,0,0,0,0,0,0,1,1,0.0,6,1,thirst
astronomical,0,0,1,0,0,0,0,0,0,0,0,0,0,0,0,1,1,0.0,12,1,astronomical
research,1,1,0,0,0,0,0,0,0,0,0,0,0,0,0,1,1,0.0,8,1,research
investigations,1,0,0,0,0,0,0,0,0,0,0,0,0,0,0,1,1,0.0,14,1,investigations
bargaining,1,1,0,0,0,0,0,0,0,0,0,0,0,0,0,1,1,-0.7783,10,1,bargaining
ofheaven,0,0,0,0,0,0,0,0,0,0,0,0,0,0,0,1,1,-0.7783,8,1,ofheaven
witness,1,1,0,0,0,0,0,0,0,0,0,0,0,0,0,1,1,-0.7783,7,1,witness
contemplation,1,0,0,0,0,0,0,0,0,0,0,0,0,0,0,1,1,-0.3528,13,1,contemplation
retrospective,1,0,1,0,0,0,0,0,0,0,0,0,0,0,0,1,1,-0.3528,13,1,retrospective
fills,1,1,0,0,0,0,0,0,0,0,0,0,0,0,0,1,1,0.5423,5,1,fills
amaze,0,1,0,0,0,0,0,0,0,0,0,0,0,0,0,1,1,0.5423,5,1,amaze
shrubs,1,0,0,0,0,0,0,0,0,0,0,0,0,0,0,1,1,0.5423,6,1,shrubs
spiration,0,0,0,0,0,0,0,0,0,0,0,0,0,0,0,1,1,-0.296,9,1,spiration
madder,1,1,0,0,0,0,0,0,0,0,0,0,0,0,0,1,1,-0.296,6,1,madder
equals,1,1,0,0,0,0,0,0,0,0,0,0,0,0,0,1,1,0.5719,6,1,equals
noely,0,0,0,0,0,0,0,0,0,0,0,0,0,0,0,1,1,0.5719,5,1,noely
elegance,1,0,0,0,0,0,0,0,0,0,0,0,0,0,0,1,1,0.5719,8,1,elegance
elec,0,0,0,0,0,0,0,0,0,0,0,0,0,0,0,1,1,0.0,4,1,elec
trified,0,0,0,0,0,0,0,0,0,0,0,0,0,0,0,1,1,0.0,7,1,trified
unanimity,1,0,0,0,0,0,0,0,0,0,0,0,0,0,0,1,1,-0.357,9,1,unanimity
sinners,1,0,0,0,0,0,0,0,0,0,0,0,0,0,0,1,1,0.0,7,1,sinners
carlos,0,0,0,0,0,0,0,0,0,0,0,0,0,0,0,1,1,0.0,6,1,carlos
martyn,0,0,0,0,0,0,0,0,0,0,0,0,0,0,0,1,1,0.0,6,1,martyn
tqual,0,0,0,0,0,0,0,0,0,0,0,0,0,0,0,1,1,-0.2584,5,1,tqual
aad,1,0,0,0,0,0,0,0,0,0,0,0,0,0,0,1,1,-0.2584,3,1,aad
noje,0,0,0,0,0,0,0,0,0,0,0,0,0,0,0,1,1,-0.2584,4,1,noje
surpass,0,1,0,0,0,0,0,0,0,0,0,0,0,0,0,1,1,-0.2584,7,1,surpass
spice,1,1,0,0,0,0,0,0,0,0,0,0,0,0,0,1,1,0.0,5,1,spice
lavoirs,0,0,0,0,0,0,0,0,0,0,0,0,0,0,0,1,1,0.0,7,1,lavoirs
shoddy,1,0,1,0,0,0,0,0,0,0,0,0,0,0,0,1,1,0.0,6,1,shoddy
flaunted,0,1,0,0,0,0,0,0,0,0,0,0,0,0,0,1,1,0.0,8,1,flaunted
woodland,1,0,0,0,0,0,0,0,0,0,0,0,0,0,0,1,1,0.3182,8,1,woodland
swallows,1,1,0,0,0,0,0,0,0,0,0,0,0,0,0,1,1,0.3182,8,1,swallows
robinson,1,0,0,0,0,0,0,0,0,0,0,0,0,0,0,1,1,0.0,8,1,robinson
saints,1,0,0,0,0,0,0,0,0,0,0,0,0,0,0,1,1,0.0,6,1,saints
swfet,0,0,0,0,0,0,0,0,0,0,0,0,0,0,0,1,1,0.0,5,1,swfet
relished,0,0,0,0,0,0,0,0,0,0,0,0,0,0,0,1,1,0.0,8,1,relished
contusion,1,0,0,0,0,0,0,0,0,0,0,0,0,0,0,1,1,0.0,9,1,contusion
cool,1,1,1,1,0,0,0,0,0,0,0,0,0,0,0,1,1,-0.6124,4,1,cool
momen,0,0,0,0,0,0,0,0,0,0,0,0,0,0,0,1,1,-0.6124,5,1,momen
bullied,0,0,1,0,0,0,0,0,0,0,0,0,0,0,0,1,1,-0.6124,7,1,bullied
statement,1,0,0,0,0,0,0,0,0,0,0,0,0,0,0,1,1,0.7137,9,1,statement
contemplated,0,1,0,0,0,0,0,0,0,0,0,0,0,0,0,1,1,-0.1531,12,1,contemplated
connaisseur,1,0,0,0,0,0,0,0,0,0,0,0,0,0,0,1,1,-0.1531,11,1,connaisseur
wealthy,0,0,1,0,0,0,0,0,0,0,0,0,0,0,0,1,1,-0.2755,7,1,wealthy
expensive,0,0,1,0,0,0,0,0,0,0,0,0,0,0,0,1,1,0.0,9,1,expensive
midday,0,0,0,0,0,0,0,0,0,0,0,0,0,0,0,1,1,0.0,6,1,midday
saucers,1,0,0,0,0,0,0,0,0,0,0,0,0,0,0,1,1,0.5719,7,1,saucers
victorious,0,0,1,0,0,0,0,0,0,0,0,0,0,0,0,1,1,0.5719,10,1,victorious
hdtel,0,0,0,0,0,0,0,0,0,0,0,0,0,0,0,1,1,0.5719,5,1,hdtel
til,0,0,0,0,0,0,1,0,0,0,0,0,0,0,0,1,1,0.0,3,1,til
braced,0,1,1,0,0,0,0,0,0,0,0,0,0,0,0,1,1,0.0,6,1,braced
fitth,0,0,0,0,0,0,0,0,0,0,0,0,0,0,0,1,1,-0.5994,5,1,fitth
provided,0,1,0,0,0,0,0,0,0,0,0,0,0,0,0,1,1,0.4939,8,1,provided
painless,0,0,1,0,0,0,0,0,0,0,0,0,0,0,0,1,1,-0.7351,8,1,painless
remains,1,1,0,0,0,0,0,0,0,0,0,0,0,0,0,1,1,0.4939,7,1,remains
class,1,0,0,0,0,0,0,0,0,0,0,0,0,0,0,1,1,0.4939,5,1,class
desponding,0,1,0,0,0,0,0,0,0,0,0,0,0,0,0,1,1,0.4939,10,1,desponding
senat,0,0,0,0,0,0,0,0,0,0,0,0,0,0,0,1,1,-0.8271,5,1,senat
peating,0,0,0,0,0,0,0,0,0,0,0,0,0,0,0,1,1,-0.8271,7,1,peating
calculating,0,1,1,0,0,0,0,0,0,0,0,0,0,0,0,1,1,0.34,11,1,calculating
directions,1,0,0,0,0,0,0,0,0,0,0,0,0,0,0,1,1,-0.0516,10,1,directions
buttoned,0,0,1,0,0,0,0,0,0,0,0,0,0,0,0,1,1,0.0,8,1,buttoned
dig,1,1,0,0,0,0,0,0,0,0,0,0,0,0,0,1,1,0.0,3,1,dig
nity,0,0,0,0,0,0,0,0,0,0,0,0,0,0,0,1,1,-0.8338,4,1,nity
stalked,0,1,1,0,0,0,0,0,0,0,0,0,0,0,0,1,1,-0.8338,7,1,stalked
atten,0,0,0,0,0,0,0,0,0,0,0,0,0,0,0,1,1,0.0,5,1,atten
gape,1,1,0,0,0,0,0,0,0,0,0,0,0,0,0,1,1,-0.5994,4,1,gape
cher,0,0,0,0,0,0,0,0,0,0,0,0,0,0,0,1,1,0.0,4,1,cher
chons,0,0,0,0,0,0,0,0,0,0,0,0,0,0,0,1,1,0.0,5,1,chons
lafemme,0,0,0,0,0,0,0,0,0,0,0,0,0,0,0,1,1,0.0,7,1,lafemme
feast,1,1,0,0,0,0,0,0,0,0,0,0,0,0,0,1,1,0.0,5,1,feast
exchanged,0,1,1,0,0,0,0,0,0,0,0,0,0,0,0,1,1,0.2263,9,1,exchanged
trous,0,0,0,0,0,0,0,0,0,0,0,0,0,0,0,1,1,0.2263,5,1,trous
phasis,1,0,0,0,0,0,0,0,0,0,0,0,0,0,0,1,1,0.0,6,1,phasis
receptions,0,0,0,0,0,0,0,0,0,0,0,0,0,0,0,1,1,0.4019,10,1,receptions
shirt,1,1,0,0,0,0,0,0,0,0,0,0,0,0,0,1,1,0.4939,5,1,shirt
sleeves,1,0,0,0,0,0,0,0,0,0,0,0,0,0,0,1,1,0.4939,7,1,sleeves
originally,0,0,0,1,0,0,0,0,0,0,0,0,0,0,0,1,1,0.0,10,1,originally
verres,0,0,0,0,0,0,0,0,0,0,0,0,0,0,0,1,1,0.34,6,1,verres
disclaimed,0,1,0,0,0,0,0,0,0,0,0,0,0,0,0,1,1,0.34,10,1,disclaimed
knowl,0,0,0,0,0,0,0,0,0,0,0,0,0,0,0,1,1,0.34,5,1,knowl
destination,1,0,0,0,0,0,0,0,0,0,0,0,0,0,0,1,1,0.34,11,1,destination
voyons,0,0,0,0,0,0,0,0,0,0,0,0,0,0,0,1,1,0.0,6,1,voyons
warranted,0,0,1,0,0,0,0,0,0,0,0,0,0,0,0,1,1,0.3182,9,1,warranted
apologized,0,1,0,0,0,0,0,0,0,0,0,0,0,0,0,1,1,0.8405,10,1,apologized
lull,1,1,0,0,0,0,0,0,0,0,0,0,0,0,0,1,1,0.8405,4,1,lull
fste,0,0,0,0,0,0,0,0,0,0,0,0,0,0,0,1,1,0.8405,4,1,fste
pensive,0,0,1,0,0,0,0,0,0,0,0,0,0,0,0,1,1,0.0772,7,1,pensive
gaudiness,0,0,0,0,0,0,0,0,0,0,0,0,0,0,0,1,1,0.0,9,1,gaudiness
vie,0,0,0,0,0,0,0,0,0,0,0,0,0,0,0,1,1,0.0,3,1,vie
display,1,1,0,0,0,0,0,0,0,0,0,0,0,0,0,1,1,0.0,7,1,display
poked,0,1,0,0,0,0,0,0,0,0,0,0,0,0,0,1,1,0.0,5,1,poked
announcing,0,1,0,0,0,0,0,0,0,0,0,0,0,0,0,1,1,0.5106,10,1,announcing
sum,1,0,0,0,0,0,0,0,0,0,0,0,0,0,0,1,1,0.5106,3,1,sum
total,1,1,1,0,0,0,0,0,0,0,0,0,0,0,0,1,1,0.5106,5,1,total
contained,0,1,1,0,0,0,0,0,0,0,0,0,0,0,0,1,1,0.0,9,1,contained
furniture,1,0,0,0,0,0,0,0,0,0,0,0,0,0,0,1,1,0.0,9,1,furniture
crates,1,1,0,0,0,0,0,0,0,0,0,0,0,0,0,1,1,0.3182,6,1,crates
washstand,1,0,0,0,0,0,0,0,0,0,0,0,0,0,0,1,1,0.3182,9,1,washstand
remark,1,0,0,0,0,0,0,0,0,0,0,0,0,0,0,1,1,0.7003,6,1,remark
rent,1,1,1,0,0,0,0,0,0,0,0,0,0,0,0,1,1,-0.1027,4,1,rent
demands,1,1,0,0,0,0,0,0,0,0,0,0,0,0,0,1,1,-0.1027,7,1,demands
ciceri,0,0,0,0,0,0,0,0,0,0,0,0,0,0,0,1,1,-0.1027,6,1,ciceri
palmier,1,0,1,0,0,0,0,0,0,0,0,0,0,0,0,1,1,-0.4404,7,1,palmier
judas,1,0,0,0,0,0,0,0,0,0,0,0,0,0,0,1,1,-0.4404,5,1,judas
dispensed,0,1,1,0,0,0,0,0,0,0,0,0,0,0,0,1,1,-0.4404,9,1,dispensed
stale,1,1,1,0,0,0,0,0,0,0,0,0,0,0,0,1,1,-0.4404,5,1,stale
amount,1,1,0,0,0,0,0,0,0,0,0,0,0,0,0,1,1,0.0,6,1,amount
impress,1,1,0,0,0,0,0,0,0,0,0,0,0,0,0,1,1,0.5106,7,1,impress
intimidate,0,1,0,0,0,0,0,0,0,0,0,0,0,0,0,1,1,0.5106,10,1,intimidate
gorging,0,1,0,0,0,0,0,0,0,0,0,0,0,0,0,1,1,0.5106,7,1,gorging
pourboire,0,0,0,0,0,0,0,0,0,0,0,0,0,0,0,1,1,0.5106,9,1,pourboire
chose,1,1,0,0,0,0,0,0,0,0,0,0,0,0,0,1,1,0.5106,5,1,chose
tribute,1,0,0,0,0,0,0,0,0,0,0,0,0,0,0,1,1,-0.1027,7,1,tribute
indifference,1,0,0,0,0,0,0,0,0,0,0,0,0,0,0,1,1,-0.5423,12,1,indifference
ous,1,0,0,0,0,0,0,0,0,0,0,0,0,0,0,1,1,0.4588,3,1,ous
perked,0,0,1,0,0,0,0,0,0,0,0,0,0,0,0,1,1,0.6369,6,1,perked
tingling,1,1,1,0,0,0,0,0,0,0,0,0,0,0,0,1,1,0.6369,8,1,tingling
incentive,1,0,1,0,0,0,0,0,0,0,0,0,0,0,0,1,1,0.0387,9,1,incentive
foiled,0,1,1,0,0,0,0,0,0,0,0,0,0,0,0,1,1,0.0387,6,1,foiled
wrung,0,1,0,0,0,0,0,0,0,0,0,0,0,0,0,1,1,0.0,5,1,wrung
prick,1,1,0,0,0,0,0,0,0,0,0,0,0,0,0,1,1,-0.4767,5,1,prick
pent,0,0,1,0,0,0,0,0,0,0,0,0,0,0,0,1,1,-0.4767,4,1,pent
invites,1,1,0,0,0,0,0,0,0,0,0,0,0,0,0,1,1,0.4019,7,1,invites
revel,1,1,0,0,0,0,0,0,0,0,0,0,0,0,0,1,1,0.6249,5,1,revel
invested,0,1,1,0,0,0,0,0,0,0,0,0,0,0,0,1,1,-0.25,8,1,invested
uries,0,0,0,0,0,0,0,0,0,0,0,0,0,0,0,1,1,-0.25,5,1,uries
declaration,1,0,0,0,0,0,0,0,0,0,0,0,0,0,0,1,1,-0.25,11,1,declaration
fashion,1,1,0,0,0,0,0,0,0,0,0,0,0,0,0,1,1,-0.6249,7,1,fashion
supplication,1,0,0,0,0,0,0,0,0,0,0,0,0,0,0,1,1,0.0,12,1,supplication
indigen,0,0,0,0,0,0,0,0,0,0,0,0,0,0,0,1,1,0.4588,7,1,indigen
som,1,0,0,0,0,0,0,0,0,0,0,0,0,0,0,1,1,0.0,3,1,som
mightily,0,0,0,1,0,0,0,0,0,0,0,0,0,0,0,1,1,0.0,8,1,mightily
misgiving,1,1,0,0,0,0,0,0,0,0,0,0,0,0,0,1,1,0.6249,9,1,misgiving
odette,0,0,0,0,0,0,0,0,0,0,0,0,0,0,0,1,1,0.6249,6,1,odette
plaintive,0,0,1,0,0,0,0,0,0,0,0,0,0,0,0,1,1,0.0,9,1,plaintive
howl,1,1,0,0,0,0,0,0,0,0,0,0,0,0,0,1,1,0.0,4,1,howl
kicking,1,1,0,0,0,0,0,0,0,0,0,0,0,0,0,1,1,0.0,7,1,kicking
tiles,1,1,0,0,0,0,0,0,0,0,0,0,0,0,0,1,1,0.0,5,1,tiles
squabbled,0,0,0,0,0,0,0,0,0,0,0,0,0,0,0,1,1,-0.1027,9,1,squabbled
palettes,1,0,0,0,0,0,0,0,0,0,0,0,0,0,0,1,1,-0.1027,8,1,palettes
posies,1,0,0,0,0,0,0,0,0,0,0,0,0,0,0,1,1,0.0,6,1,posies
specified,0,1,1,0,0,0,0,0,0,0,0,0,0,0,0,1,1,0.0,9,1,specified
bulldog,1,1,1,0,0,0,0,0,0,0,0,0,0,0,0,1,1,0.0,7,1,bulldog
suspicion,1,0,0,0,0,0,0,0,0,0,0,0,0,0,0,1,1,-0.3818,9,1,suspicion
tune,1,1,0,0,0,0,0,0,0,0,0,0,0,0,0,1,1,0.0,4,1,tune
detached,0,1,1,0,0,0,0,0,0,0,0,0,0,0,0,1,1,0.0,8,1,detached
greaves,1,0,0,0,0,0,0,0,0,0,0,0,0,0,0,1,1,-0.296,7,1,greaves
complimented,0,1,0,0,0,0,0,0,0,0,0,0,0,0,0,1,1,0.128,12,1,complimented
ban,1,1,0,0,0,0,0,0,0,0,0,0,0,0,0,1,1,0.128,3,1,ban
embroidering,1,0,0,0,0,0,0,0,0,0,0,0,0,0,0,1,1,0.128,12,1,embroidering
visiting,1,0,1,0,0,0,0,0,0,0,0,0,0,0,0,1,1,0.861,8,1,visiting
fascination,1,0,0,0,0,0,0,0,0,0,0,0,0,0,0,1,1,0.861,11,1,fascination
personally,0,0,0,1,0,0,0,0,0,0,0,0,0,0,0,1,1,0.4482,10,1,personally
appropriating,0,1,0,0,0,0,0,0,0,0,0,0,0,0,0,1,1,-0.1027,13,1,appropriating
sou,1,0,0,0,0,0,0,0,0,0,0,0,0,0,0,1,1,-0.4404,3,1,sou
onday,0,0,0,0,0,0,0,0,0,0,0,0,0,0,0,1,1,-0.1027,5,1,onday
fought,0,1,0,0,0,0,0,0,0,0,0,0,0,0,0,1,1,-0.1027,6,1,fought
prior,1,0,1,0,0,0,0,0,0,0,0,0,0,0,0,1,1,-0.1027,5,1,prior
coveted,0,0,1,0,0,0,0,0,0,0,0,0,0,0,0,1,1,-0.1027,7,1,coveted
tabourets,1,0,0,0,0,0,0,0,0,0,0,0,0,0,0,1,1,-0.1027,9,1,tabourets
clash,1,1,0,0,0,0,0,0,0,0,0,0,0,0,0,1,1,0.7351,5,1,clash
riveting,1,0,1,0,0,0,0,0,0,0,0,0,0,0,0,1,1,-0.296,8,1,riveting
battling,1,1,0,0,0,0,0,0,0,0,0,0,0,0,0,1,1,-0.4404,8,1,battling
hordes,1,0,0,0,0,0,0,0,0,0,0,0,0,0,0,1,1,-0.4404,6,1,hordes
dues,1,0,0,0,0,0,0,0,0,0,0,0,0,0,0,1,1,0.0,4,1,dues
summoned,0,0,0,0,0,0,0,0,0,0,0,0,0,0,0,1,1,0.0,8,1,summoned
period,1,0,0,0,0,0,0,0,0,0,0,0,0,0,0,1,1,-0.0258,6,1,period
quarrelled,0,1,0,0,0,0,0,0,0,0,0,0,0,0,0,1,1,0.0,10,1,quarrelled
chattered,0,0,0,0,0,0,0,0,0,0,0,0,0,0,0,1,1,0.0,9,1,chattered
courtship,1,0,0,0,0,0,0,0,0,0,0,0,0,0,0,1,1,0.0,9,1,courtship
rev,1,0,0,0,0,0,0,0,0,0,0,0,0,0,0,1,1,0.0,3,1,rev
olution,0,0,0,0,0,0,0,0,0,0,0,0,0,0,0,1,1,0.0,7,1,olution
assuming,0,1,1,0,0,0,0,0,0,0,0,0,0,0,0,1,1,0.0,8,1,assuming
acute,1,0,1,0,0,0,0,0,0,0,0,0,0,0,0,1,1,0.0,5,1,acute
howls,1,1,0,0,0,0,0,0,0,0,0,0,0,0,0,1,1,0.0,5,1,howls
disappearance,1,0,0,0,0,0,0,0,0,0,0,0,0,0,0,1,1,-0.4404,13,1,disappearance
apparition,1,0,0,0,0,0,0,0,0,0,0,0,0,0,0,1,1,-0.4404,10,1,apparition
foxy,0,0,1,0,0,0,0,0,0,0,0,0,0,0,0,1,1,-0.4404,4,1,foxy
umpired,0,0,0,0,0,0,0,0,0,0,0,0,0,0,0,1,1,-0.25,7,1,umpired
fights,1,1,0,0,0,0,0,0,0,0,0,0,0,0,0,1,1,-0.25,6,1,fights
resignation,1,0,0,0,0,0,0,0,0,0,0,0,0,0,0,1,1,-0.25,11,1,resignation
atmosphere,1,0,0,0,0,0,0,0,0,0,0,0,0,0,0,1,1,-0.25,10,1,atmosphere
lions,1,0,0,0,0,0,0,0,0,0,0,0,0,0,0,1,1,0.8074,5,1,lions
lambs,1,1,0,0,0,0,0,0,0,0,0,0,0,0,0,1,1,0.8074,5,1,lambs
siers,1,0,0,0,0,0,0,0,0,0,0,0,0,0,0,1,1,0.8074,5,1,siers
wards,1,0,0,0,0,0,0,0,0,0,0,0,0,0,0,1,1,-0.0772,5,1,wards
soured,0,1,1,0,0,0,0,0,0,0,0,0,0,0,0,1,1,0.3818,6,1,soured
rua,0,0,0,0,0,0,0,0,0,0,0,0,0,0,0,1,1,0.3818,3,1,rua
bang,1,1,0,1,0,0,0,0,0,0,0,0,0,0,0,1,1,0.0,4,1,bang
nom,1,0,0,0,0,0,0,0,0,0,0,0,0,0,0,1,1,0.0,3,1,nom
spat,1,1,0,0,0,0,0,0,0,0,0,0,0,0,0,1,1,0.0,4,1,spat
clinch,1,1,0,0,0,0,0,0,0,0,0,0,0,0,0,1,1,0.0,6,1,clinch
stern,1,0,1,0,0,0,0,0,0,0,0,0,0,0,0,1,1,0.0,5,1,stern
reproachful,0,0,1,0,0,0,0,0,0,0,0,0,0,0,0,1,1,0.0,11,1,reproachful
boisterous,0,0,1,0,0,0,0,0,0,0,0,0,0,0,0,1,1,0.9354,10,1,boisterous
belief,1,0,0,0,0,0,0,0,0,0,0,0,0,0,0,1,1,0.0,6,1,belief
dangle,1,1,0,0,0,0,0,0,0,0,0,0,0,0,0,1,1,0.9393,6,1,dangle
tiptoe,1,1,1,1,0,0,0,0,0,0,0,0,0,0,0,1,1,0.9393,6,1,tiptoe
inanity,1,0,0,0,0,0,0,0,0,0,0,0,0,0,0,1,1,0.9393,7,1,inanity
doggedly,0,0,0,1,0,0,0,0,0,0,0,0,0,0,0,1,1,0.4019,8,1,doggedly
gnsette,0,0,0,0,0,0,0,0,0,0,0,0,0,0,0,1,1,0.8934,7,1,gnsette
estimable,0,0,1,0,0,0,0,0,0,0,0,0,0,0,0,1,1,0.8934,9,1,estimable
stalled,0,1,0,0,0,0,0,0,0,0,0,0,0,0,0,1,1,0.1779,7,1,stalled
according,0,1,1,0,0,0,0,0,0,0,0,0,0,0,0,1,1,0.7096,9,1,according
regulations,0,0,0,0,0,0,0,0,0,0,0,0,0,0,0,1,1,0.7096,11,1,regulations
cochon,0,0,0,0,0,0,0,0,0,0,0,0,0,0,0,1,1,0.0,6,1,cochon
miles,1,0,0,0,0,0,0,0,0,0,0,0,0,0,0,1,1,0.2732,5,1,miles
gait,1,0,0,0,0,0,0,0,0,0,0,0,0,0,0,1,1,0.1531,4,1,gait
peculiar,0,0,1,0,0,0,0,0,0,0,0,0,0,0,0,1,1,0.1531,8,1,peculiar
deeming,0,1,0,0,0,0,0,0,0,0,0,0,0,0,0,1,1,0.9354,7,1,deeming
glitter,1,1,0,0,0,0,0,0,0,0,0,0,0,0,0,1,1,0.0,7,1,glitter
walks,1,1,0,0,0,0,0,0,0,0,0,0,0,0,0,1,1,-0.0258,5,1,walks
tracery,1,0,0,0,0,0,0,0,0,0,0,0,0,0,0,1,1,-0.0258,7,1,tracery
encouragement,1,0,0,0,0,0,0,0,0,0,0,0,0,0,0,1,1,-0.0258,13,1,encouragement
mirth,1,0,0,0,0,0,0,0,0,0,0,0,0,0,0,1,1,0.9354,5,1,mirth
unsuitable,0,0,1,0,0,0,0,0,0,0,0,0,0,0,0,1,1,0.9354,10,1,unsuitable
subdued,0,0,1,0,0,0,0,0,0,0,0,0,0,0,0,1,1,0.9354,7,1,subdued
moodily,0,0,0,1,0,0,0,0,0,0,0,0,0,0,0,1,1,0.1779,7,1,moodily
sunbeams,1,0,0,0,0,0,0,0,0,0,0,0,0,0,0,1,1,0.0,8,1,sunbeams
haled,0,0,0,0,0,0,0,0,0,0,0,0,0,0,0,1,1,0.0,5,1,haled
perfumes,1,1,0,0,0,0,0,0,0,0,0,0,0,0,0,1,1,0.0,8,1,perfumes
languorous,0,0,1,0,0,0,0,0,0,0,0,0,0,0,0,1,1,0.0,10,1,languorous
tied,0,1,1,0,0,0,0,0,0,0,0,0,0,0,0,1,1,0.7096,4,1,tied
twd,0,0,0,0,0,0,0,0,0,0,0,0,0,0,0,1,1,0.7096,3,1,twd
barker,1,0,0,0,0,0,0,0,0,0,0,0,0,0,0,1,1,0.7096,6,1,barker
sumed,0,0,0,0,0,0,0,0,0,0,0,0,0,0,0,1,1,0.7096,5,1,sumed
winced,0,1,0,0,0,0,0,0,0,0,0,0,0,0,0,1,1,0.2374,6,1,winced
recklessness,1,0,0,0,0,0,0,0,0,0,0,0,0,0,0,1,1,-0.6597,12,1,recklessness
goods,0,0,0,0,0,0,0,0,0,0,0,0,0,0,0,1,1,-0.6597,5,1,goods
chattels,1,0,0,0,0,0,0,0,0,0,0,0,0,0,0,1,1,-0.6597,8,1,chattels
tiger,1,0,0,0,0,0,0,0,0,0,0,0,0,0,0,1,1,0.8885,5,1,tiger
resemblance,1,0,0,0,0,0,0,0,0,0,0,0,0,0,0,1,1,0.1226,11,1,resemblance
bobbing,0,1,0,0,0,0,0,0,0,0,0,0,0,0,0,1,1,0.1226,7,1,bobbing
utterance,1,0,0,0,0,0,0,0,0,0,0,0,0,0,0,1,1,0.0,9,1,utterance
petticoat,1,0,0,0,0,0,0,0,0,0,0,0,0,0,0,1,1,0.0,9,1,petticoat
wrathfully,0,0,0,1,0,0,0,0,0,0,0,0,0,0,0,1,1,0.7347,10,1,wrathfully
perfections,1,0,0,0,0,0,0,0,0,0,0,0,0,0,0,1,1,0.7347,11,1,perfections
remonstrated,0,1,0,0,0,0,0,0,0,0,0,0,0,0,0,1,1,0.7347,12,1,remonstrated
sadly,0,0,0,1,0,0,0,0,0,0,0,0,0,0,0,1,1,-0.4767,5,1,sadly
occa,0,0,0,0,0,0,0,0,0,0,0,0,0,0,0,1,1,0.0,4,1,occa
sionally,0,0,0,0,0,0,0,0,0,0,0,0,0,0,0,1,1,0.0,8,1,sionally
ifyou,0,0,0,0,0,0,0,0,0,0,0,0,0,0,0,1,1,0.0,5,1,ifyou
mence,0,0,0,0,0,0,0,0,0,0,0,0,0,0,0,1,1,0.828,5,1,mence
tellec,0,0,0,0,0,0,0,0,0,0,0,0,0,0,0,1,1,0.828,6,1,tellec
cosette,0,0,0,0,0,0,0,0,0,0,0,0,0,0,0,1,1,0.828,7,1,cosette
fifine,0,0,0,0,0,0,0,0,0,0,0,0,0,0,0,1,1,0.828,6,1,fifine
verdier,0,0,0,0,0,0,0,0,0,0,0,0,0,0,0,1,1,0.828,7,1,verdier
wistfulness,1,0,0,0,0,0,0,0,0,0,0,0,0,0,0,1,1,0.0,11,1,wistfulness
folding,1,1,1,0,0,0,0,0,0,0,0,0,0,0,0,1,1,0.4939,7,1,folding
tagging,1,1,0,0,0,0,0,0,0,0,0,0,0,0,0,1,1,0.0,7,1,tagging
cleanly,0,0,1,1,0,0,0,0,0,0,0,0,0,0,0,1,1,0.8934,7,1,cleanly
founded,0,1,1,0,0,0,0,0,0,0,0,0,0,0,0,1,1,0.8047,7,1,founded
facts,1,0,0,0,0,0,0,0,0,0,0,0,0,0,0,1,1,0.8047,5,1,facts
gnashed,0,1,0,0,0,0,0,0,0,0,0,0,0,0,0,1,1,0.0,7,1,gnashed
moping,0,1,0,0,0,0,0,0,0,0,0,0,0,0,0,1,1,0.2023,6,1,moping
moaning,0,0,1,0,0,0,0,0,0,0,0,0,0,0,0,1,1,0.2023,7,1,moaning
engulf,0,1,0,0,0,0,0,0,0,0,0,0,0,0,0,1,1,0.2023,6,1,engulf
cle,0,0,0,0,0,0,0,0,0,0,0,0,0,0,0,1,1,0.828,3,1,cle
reserving,0,1,0,0,0,0,0,0,0,0,0,0,0,0,0,1,1,-0.6652,9,1,reserving
tortures,1,1,0,0,0,0,0,0,0,0,0,0,0,0,0,1,1,-0.7717,8,1,tortures
unexplainable,0,0,1,0,0,0,0,0,0,0,0,0,0,0,0,1,1,-0.3818,13,1,unexplainable
thaw,1,0,0,0,0,0,0,0,0,0,0,0,0,0,0,1,1,-0.3818,4,1,thaw
frigidity,1,0,0,0,0,0,0,0,0,0,0,0,0,0,0,1,1,-0.3818,9,1,frigidity
frequent,0,1,1,0,0,0,0,0,0,0,0,0,0,0,0,1,1,0.4588,8,1,frequent
encounters,1,0,0,0,0,0,0,0,0,0,0,0,0,0,0,1,1,0.4588,10,1,encounters
tripping,0,1,1,0,0,0,0,0,0,0,0,0,0,0,0,1,1,0.4588,8,1,tripping
sustaining,0,1,0,0,0,0,0,0,0,0,0,0,0,0,0,1,1,0.5302,10,1,sustaining
toppled,0,1,0,0,0,0,0,0,0,0,0,0,0,0,0,1,1,0.5302,7,1,toppled
familiars,1,0,0,0,0,0,0,0,0,0,0,0,0,0,0,1,1,0.4588,9,1,familiars
steering,1,1,0,0,0,0,0,0,0,0,0,0,0,0,0,1,1,0.4588,8,1,steering
easterly,1,0,1,1,0,0,0,0,0,0,0,0,0,0,0,1,1,0.4588,8,1,easterly
uncovering,0,0,0,0,0,0,0,0,0,0,0,0,0,0,0,1,1,0.4588,10,1,uncovering
suspicions,1,0,0,0,0,0,0,0,0,0,0,0,0,0,0,1,1,0.4588,10,1,suspicions
qualifying,0,1,1,0,0,0,0,0,0,0,0,0,0,0,0,1,1,-0.6652,10,1,qualifying
strutted,0,0,0,0,0,0,0,0,0,0,0,0,0,0,0,1,1,0.4588,8,1,strutted
beheld,0,0,0,0,0,0,0,0,0,0,0,0,0,0,0,1,1,0.4588,6,1,beheld
bengal,1,0,0,0,0,0,0,0,0,0,0,0,0,0,0,1,1,0.8885,6,1,bengal
washlady,0,0,0,0,0,0,0,0,0,0,0,0,0,0,0,1,1,0.8934,8,1,washlady
aspirations,1,0,0,0,0,0,0,0,0,0,0,0,0,0,0,1,1,0.0,11,1,aspirations
unmistakably,0,0,0,1,0,0,0,0,0,0,0,0,0,0,0,1,1,0.0,12,1,unmistakably
dappled,0,0,1,0,0,0,0,0,0,0,0,0,0,0,0,1,1,0.0,7,1,dappled
spots,1,1,0,0,0,0,0,0,0,0,0,0,0,0,0,1,1,0.0,5,1,spots
rippled,0,1,1,0,0,0,0,0,0,0,0,0,0,0,0,1,1,0.0,7,1,rippled
strutting,0,0,1,0,0,0,0,0,0,0,0,0,0,0,0,1,1,0.0,9,1,strutting
render,1,1,0,0,0,0,0,0,0,0,0,0,0,0,0,1,1,0.8271,6,1,render
downwards,0,0,0,1,0,0,0,0,0,0,0,0,0,0,0,1,1,0.4951,9,1,downwards
fluttering,1,0,1,0,0,0,0,0,0,0,0,0,0,0,0,1,1,0.8934,10,1,fluttering
shine,0,1,0,0,0,0,0,0,0,0,0,0,0,0,0,1,1,0.6369,5,1,shine
passers,1,0,0,0,0,0,0,0,0,0,0,0,0,0,0,1,1,0.0,7,1,passers
mouse,1,1,0,0,0,0,0,0,0,0,0,0,0,0,0,1,1,0.4588,5,1,mouse
balm,1,0,0,0,0,0,0,0,0,0,0,0,0,0,0,1,1,0.5499,4,1,balm
sting,1,1,0,0,0,0,0,0,0,0,0,0,0,0,0,1,1,0.5499,5,1,sting
jealousy,1,0,0,0,0,0,0,0,0,0,0,0,0,0,0,1,1,0.5499,8,1,jealousy
trickled,0,1,0,0,0,0,0,0,0,0,0,0,0,0,0,1,1,0.5499,8,1,trickled
outdone,0,0,1,0,0,0,0,0,0,0,0,0,0,0,0,1,1,0.5499,7,1,outdone
accompanying,1,1,1,0,0,0,0,0,0,0,0,0,0,0,0,1,1,0.5499,12,1,accompanying
minated,0,0,0,0,0,0,0,0,0,0,0,0,0,0,0,1,1,0.0,7,1,minated
erratic,1,0,1,0,0,0,0,0,0,0,0,0,0,0,0,1,1,0.0,7,1,erratic
nocturnal,0,0,1,0,0,0,0,0,0,0,0,0,0,0,0,1,1,0.2732,9,1,nocturnal
prowls,1,1,0,0,0,0,0,0,0,0,0,0,0,0,0,1,1,0.2732,6,1,prowls
gayety,0,0,0,0,0,0,0,0,0,0,0,0,0,0,0,1,1,0.2732,6,1,gayety
proposed,0,1,1,0,0,0,0,0,0,0,0,0,0,0,0,1,1,0.2732,8,1,proposed
viewed,0,1,0,0,0,0,0,0,0,0,0,0,0,0,0,1,1,0.0,6,1,viewed
chef,1,0,0,0,0,0,0,0,0,0,0,0,0,0,0,1,1,0.0,4,1,chef
butler,1,0,0,0,0,0,0,0,0,0,0,0,0,0,0,1,1,0.0,6,1,butler
unfeigned,0,0,1,0,0,0,0,0,0,0,0,0,0,0,0,1,1,0.7178,9,1,unfeigned
rescue,1,1,0,0,0,0,0,0,0,0,0,0,0,0,0,1,1,-0.0772,6,1,rescue
maledictions,1,0,0,0,0,0,0,0,0,0,0,0,0,0,0,1,1,-0.0772,12,1,maledictions
barrevs,0,0,0,0,0,0,0,0,0,0,0,0,0,0,0,1,1,0.2732,7,1,barrevs
response,1,0,0,0,0,0,0,0,0,0,0,0,0,0,0,1,1,0.2732,8,1,response
cooled,0,1,1,0,0,0,0,0,0,0,0,0,0,0,0,1,1,0.2732,6,1,cooled
proportions,0,1,0,0,0,0,0,0,0,0,0,0,0,0,0,1,1,0.0,11,1,proportions
protestations,1,0,0,0,0,0,0,0,0,0,0,0,0,0,0,1,1,-0.6808,13,1,protestations
verb,0,1,0,0,0,0,0,0,0,0,0,0,0,0,0,1,1,0.2732,4,1,verb
plucking,1,1,0,0,0,0,0,0,0,0,0,0,0,0,0,1,1,0.0,8,1,plucking
petal,1,0,0,0,0,0,0,0,0,0,0,0,0,0,0,1,1,0.0,5,1,petal
valescent,0,0,0,0,0,0,0,0,0,0,0,0,0,0,0,1,1,0.0,9,1,valescent
blessed,0,1,1,0,0,0,0,0,0,0,0,0,0,0,0,1,1,0.93,7,1,blessed
refusal,1,0,0,0,0,0,0,0,0,0,0,0,0,0,0,1,1,0.93,7,1,refusal
lucky,0,0,1,0,0,0,0,0,0,0,0,0,0,0,0,1,1,0.93,5,1,lucky
wondrous,0,0,1,1,0,0,0,0,0,0,0,0,0,0,0,1,1,0.93,8,1,wondrous
plaza,1,0,0,0,0,0,0,0,0,0,0,0,0,0,0,1,1,-0.0772,5,1,plaza
slower,1,0,0,1,0,0,0,0,0,0,0,0,0,0,0,1,1,0.0,6,1,slower
clattering,0,0,1,0,0,0,0,0,0,0,0,0,0,0,0,1,1,0.0387,10,1,clattering
pave,1,1,0,0,0,0,0,0,0,0,0,0,0,0,0,1,1,0.0387,4,1,pave
occasion,1,1,0,0,0,0,0,0,0,0,0,0,0,0,0,1,1,-0.6705,8,1,occasion
mobility,1,0,0,0,0,0,0,0,0,0,0,0,0,0,0,1,1,-0.1531,8,1,mobility
immense,0,0,1,0,0,0,0,0,0,0,0,0,0,0,0,1,1,0.25,7,1,immense
ducts,1,0,0,0,0,0,0,0,0,0,0,0,0,0,0,1,1,0.25,5,1,ducts
tightly,0,0,0,1,0,0,0,0,0,0,0,0,0,0,0,1,1,0.0,7,1,tightly
protect,0,1,0,0,0,0,0,0,0,0,0,0,0,0,0,1,1,0.8481,7,1,protect
drafts,1,1,0,0,0,0,0,0,0,0,0,0,0,0,0,1,1,0.8481,6,1,drafts
fa,1,0,0,0,0,0,0,0,0,0,0,0,0,0,0,1,1,0.0,2,1,fa
miliar,0,0,0,0,0,0,0,0,0,0,0,0,0,0,0,1,1,0.0,6,1,miliar
considerably,0,0,0,1,0,0,0,0,0,0,0,0,0,0,0,1,1,-0.3426,12,1,considerably
suspecting,0,1,0,0,0,0,0,0,0,0,0,0,0,0,0,1,1,-0.3426,10,1,suspecting
companion,1,0,0,0,0,0,0,0,0,0,0,0,0,0,0,1,1,-0.3426,9,1,companion
tighter,1,0,0,0,0,0,0,0,0,0,0,0,0,0,0,1,1,0.0,7,1,tighter
brooks,1,0,0,0,0,0,0,0,0,0,0,0,0,0,0,1,1,-0.7184,6,1,brooks
mowers,1,0,0,0,0,0,0,0,0,0,0,0,0,0,0,1,1,-0.7184,6,1,mowers
spent,0,1,1,0,0,0,0,0,0,0,0,0,0,0,0,1,1,0.0,5,1,spent
sulkily,0,0,0,1,0,0,0,0,0,0,0,0,0,0,0,1,1,-0.1531,7,1,sulkily
cul,1,0,0,0,0,0,0,0,0,0,0,0,0,0,0,1,1,0.0,3,1,cul
plumy,0,0,1,0,0,0,0,0,0,0,0,0,0,0,0,1,1,0.8481,5,1,plumy
boa,1,0,0,0,0,0,0,0,0,0,0,0,0,0,0,1,1,0.8481,3,1,boa
visted,0,0,0,0,0,0,0,0,0,0,0,0,0,0,0,1,1,0.8481,6,1,visted
morgue,1,0,0,0,0,0,0,0,0,0,0,0,0,0,0,1,1,0.0,6,1,morgue
conva,0,0,0,0,0,0,0,0,0,0,0,0,0,0,0,1,1,0.0,5,1,conva
lescing,0,0,0,0,0,0,0,0,0,0,0,0,0,0,0,1,1,0.0,7,1,lescing
entertaining,0,1,1,0,0,0,0,0,0,0,0,0,0,0,0,1,1,0.7178,12,1,entertaining
pump,1,1,0,0,0,0,0,0,0,0,0,0,0,0,0,1,1,0.7178,4,1,pump
opinioiv,0,0,0,0,0,0,0,0,0,0,0,0,0,0,0,1,1,-0.6652,8,1,opinioiv
jealous,0,0,1,0,0,0,0,0,0,0,0,0,0,0,0,1,1,-0.4588,7,1,jealous
aggravated,0,0,1,0,0,0,0,0,0,0,0,0,0,0,0,1,1,-0.7184,10,1,aggravated
overhanging,0,1,1,0,0,0,0,0,0,0,0,0,0,0,0,1,1,-0.4215,11,1,overhanging
obedience,1,0,0,0,0,0,0,0,0,0,0,0,0,0,0,1,1,-0.4767,9,1,obedience
attack,1,1,1,0,0,0,0,0,0,0,0,0,0,0,0,1,1,-0.4767,6,1,attack
paving,1,1,0,0,0,0,0,0,0,0,0,0,0,0,0,1,1,-0.128,6,1,paving
boule,1,0,0,0,0,0,0,0,0,0,0,0,0,0,0,1,1,0.0,5,1,boule
vard,0,0,0,0,0,0,0,0,0,0,0,0,0,0,0,1,1,0.0,4,1,vard
treacherous,0,0,1,0,0,0,0,0,0,0,0,0,0,0,0,1,1,0.0,11,1,treacherous
whitened,0,0,1,0,0,0,0,0,0,0,0,0,0,0,0,1,1,0.6361,8,1,whitened
detour,1,1,0,0,0,0,0,0,0,0,0,0,0,0,0,1,1,0.0,6,1,detour
mortar,1,1,0,0,0,0,0,0,0,0,0,0,0,0,0,1,1,0.0,6,1,mortar
standpoint,1,0,0,0,0,0,0,0,0,0,0,0,0,0,0,1,1,0.2617,10,1,standpoint
balconies,1,0,0,0,0,0,0,0,0,0,0,0,0,0,0,1,1,0.0,9,1,balconies
lucid,1,0,1,0,0,0,0,0,0,0,0,0,0,0,0,1,1,-0.6124,5,1,lucid
rejecting,0,1,0,0,0,0,0,0,0,0,0,0,0,0,0,1,1,-0.6124,9,1,rejecting
uncer,0,0,0,0,0,0,0,0,0,0,0,0,0,0,0,1,1,-0.6124,5,1,uncer
tain,0,0,0,0,0,0,0,0,0,0,0,0,0,0,0,1,1,-0.6124,4,1,tain
somehow,0,0,0,1,0,0,0,0,0,0,0,0,0,0,0,1,1,-0.5334,7,1,somehow
sobering,0,0,1,0,0,0,0,0,0,0,0,0,0,0,0,1,1,-0.2023,8,1,sobering
expressionless,0,0,1,0,0,0,0,0,0,0,0,0,0,0,0,1,1,-0.2732,14,1,expressionless
imperceptibly,0,0,0,1,0,0,0,0,0,0,0,0,0,0,0,1,1,-0.2732,13,1,imperceptibly
deepened,0,0,1,0,0,0,0,0,0,0,0,0,0,0,0,1,1,0.6361,8,1,deepened
drunken,0,0,1,0,0,0,0,0,0,0,0,0,0,0,0,1,1,-0.9313,7,1,drunken
obstinacy,0,0,0,0,0,0,0,0,0,0,0,0,0,0,0,1,1,-0.9313,9,1,obstinacy
tattoo,1,1,0,0,0,0,0,0,0,0,0,0,0,0,0,1,1,-0.296,6,1,tattoo
painfully,0,0,0,1,0,0,0,0,0,0,0,0,0,0,0,1,1,-0.7269,9,1,painfully
reflec,0,0,0,0,0,0,0,0,0,0,0,0,0,0,0,1,1,-0.7269,6,1,reflec
clearer,1,0,0,0,0,0,0,0,0,0,0,0,0,0,0,1,1,-0.7269,7,1,clearer
mattered,0,0,0,0,0,0,0,0,0,0,0,0,0,0,0,1,1,0.296,8,1,mattered
rosebush,1,0,0,0,0,0,0,0,0,0,0,0,0,0,0,1,1,0.0,8,1,rosebush
gliding,0,1,0,0,0,0,0,0,0,0,0,0,0,0,0,1,1,0.0,7,1,gliding
unchaining,0,1,0,0,0,0,0,0,0,0,0,0,0,0,0,1,1,0.0,10,1,unchaining
contemplating,0,1,0,0,0,0,0,0,0,0,0,0,0,0,0,1,1,-0.4215,13,1,contemplating
foothold,1,0,0,0,0,0,0,0,0,0,0,0,0,0,0,1,1,-0.0258,8,1,foothold
blind,1,1,1,1,0,0,0,0,0,0,0,0,0,0,0,1,1,-0.9313,5,1,blind
thundering,1,0,1,0,0,0,0,0,0,0,0,0,0,0,0,1,1,0.34,10,1,thundering
flaring,0,1,1,0,0,0,0,0,0,0,0,0,0,0,0,1,1,0.34,7,1,flaring
radiance,1,0,0,0,0,0,0,0,0,0,0,0,0,0,0,1,1,0.34,8,1,radiance
increas,0,0,0,0,0,0,0,0,0,0,0,0,0,0,0,1,1,0.34,7,1,increas
chilled,0,1,1,0,0,0,0,0,0,0,0,0,0,0,0,1,1,0.4019,7,1,chilled
leagues,1,1,0,0,0,0,0,0,0,0,0,0,0,0,0,1,1,0.0,7,1,leagues
blossoming,1,0,0,0,0,0,0,0,0,0,0,0,0,0,0,1,1,0.0,10,1,blossoming
accustomed,0,0,1,0,0,0,0,0,0,0,0,0,0,0,0,1,1,0.0,10,1,accustomed
gripping,0,1,1,0,0,0,0,0,0,0,0,0,0,0,0,1,1,-0.296,8,1,gripping
cornice,1,1,0,0,0,0,0,0,0,0,0,0,0,0,0,1,1,-0.296,7,1,cornice
ledge,1,0,0,0,0,0,0,0,0,0,0,0,0,0,0,1,1,-0.296,5,1,ledge
climb,1,1,0,0,0,0,0,0,0,0,0,0,0,0,0,1,1,-0.6124,5,1,climb
wis,0,0,0,0,0,0,0,0,0,0,0,0,0,0,0,1,1,0.7351,3,1,wis
clambering,0,0,0,0,0,0,0,0,0,0,0,0,0,0,0,1,1,-0.0258,10,1,clambering
ink,1,1,0,0,0,0,0,0,0,0,0,0,0,0,0,1,1,0.0,3,1,ink
ruled,0,1,1,0,0,0,0,0,0,0,0,0,0,0,0,1,1,0.0,5,1,ruled
bourbon,1,0,0,0,0,0,0,0,0,0,0,0,0,0,0,1,1,0.0,7,1,bourbon
unsteady,0,0,1,0,0,0,0,0,0,0,0,0,0,0,0,1,1,0.0,8,1,unsteady
crim,1,0,0,0,0,0,0,0,0,0,0,0,0,0,0,1,1,0.1779,4,1,crim
soned,0,0,0,0,0,0,0,0,0,0,0,0,0,0,0,1,1,0.1779,5,1,soned
lamplit,0,0,1,0,0,0,0,0,0,0,0,0,0,0,0,1,1,0.1779,7,1,lamplit
china,1,0,1,0,0,0,0,0,0,0,0,0,0,0,0,1,1,0.0,5,1,china
curve,1,0,0,0,0,0,0,0,0,0,0,0,0,0,0,1,1,0.0,5,1,curve
infantine,0,0,1,0,0,0,0,0,0,0,0,0,0,0,0,1,1,0.0,9,1,infantine
lamplight,1,0,0,0,0,0,0,0,0,0,0,0,0,0,0,1,1,0.0,9,1,lamplight
piano,1,0,1,1,0,0,0,0,0,0,0,0,0,0,0,1,1,0.0,5,1,piano
tub,1,0,0,0,0,0,0,0,0,0,0,0,0,0,0,1,1,0.0,3,1,tub
pegs,1,1,0,0,0,0,0,0,0,0,0,0,0,0,0,1,1,0.0516,4,1,pegs
chintz,1,0,0,0,0,0,0,0,0,0,0,0,0,0,0,1,1,0.0516,6,1,chintz
curtain,1,1,0,0,0,0,0,0,0,0,0,0,0,0,0,1,1,0.0516,7,1,curtain
