mapped_id,word,sentence_id,location_in_sentence,bundle_id
0,!,53,1,0
1,!,54,15,2
2,!,54,16,2
3,!,54,17,2
4,!,58,67,12
5,!,58,68,12
6,!,114,2,0
7,!,120,25,2
8,!,159,23,2
9,!,159,31,2
10,!,185,3,0
11,!,185,7,0
12,!,193,6,0
13,!,205,16,3
14,!,208,4,0
15,!,208,6,0
16,!,209,16,2
17,!,221,9,2
18,!,221,38,7
19,!,251,7,1
20,!,251,10,1
21,!,252,8,0
22,!,252,13,0
23,!,314,10,0
24,!,314,13,1
25,!,319,3,0
26,!,320,9,0
27,!,320,13,0
28,!,322,11,3
29,!,327,32,2
30,!,327,36,4
31,!,369,12,0
32,!,370,4,0
33,!,370,6,0
34,!,378,6,0
35,!,381,2,0
36,!,385,24,8
37,!,386,1,0
38,!,386,8,0
39,!,386,26,3
40,!,386,34,3
41,!,386,37,3
42,!,397,26,7
43,!,409,2,1
44,!,409,10,3
45,!,415,19,1
46,!,424,21,4
47,!,428,50,14
48,!,476,35,7
49,!,499,24,8
50,!,509,13,1
51,!,509,17,1
52,!,520,2,0
53,!,520,9,0
54,!,524,3,0
55,!,525,74,12
56,!,529,14,5
57,!,529,64,17
58,!,529,103,27
59,!,542,8,0
60,!,562,15,4
61,!,573,24,5
62,!,573,34,6
63,!,573,78,13
64,!,586,8,1
65,!,587,14,1
66,!,587,17,1
67,!,587,47,5
68,!,587,55,6
69,!,587,65,9
70,!,594,2,0
71,!,594,3,0
72,!,609,1,0
73,!,620,16,4
74,!,638,4,0
75,!,646,4,0
76,!,670,19,1
77,!,680,41,6
78,!,711,6,0
79,!,718,1,0
80,!,718,3,0
81,!,738,1,0
82,!,739,4,0
83,!,744,10,2
84,!,753,4,1
85,!,778,23,2
86,!,794,7,1
87,!,816,16,4
88,!,820,8,1
89,!,821,1,0
90,!,821,5,0
91,!,821,7,0
92,!,821,10,0
93,!,821,14,0
94,!,827,21,4
95,!,827,78,14
96,!,888,8,1
97,!,888,17,2
98,!,888,36,7
99,!,894,14,1
100,!,895,10,1
101,!,896,7,0
102,!,898,2,0
103,!,898,36,5
104,!,899,2,0
105,!,901,1,0
106,!,901,8,0
107,!,901,11,0
108,!,901,17,0
109,!,902,5,0
110,!,903,9,0
111,!,905,4,0
112,!,905,10,0
113,!,907,16,3
114,!,907,26,4
115,!,913,7,1
116,!,993,3,0
117,!,993,7,0
118,!,998,16,2
119,!,999,3,0
120,!,1002,2,0
121,!,1003,14,2
122,!,1003,17,2
123,!,1003,22,3
124,!,1006,3,1
125,!,1008,20,5
126,!,1011,8,0
127,!,1023,13,2
128,!,1023,15,2
129,!,1024,52,8
130,!,1024,56,8
131,!,1025,28,3
132,!,1025,32,3
133,!,1025,58,8
134,!,1025,76,9
135,!,1029,9,0
136,!,1032,5,1
137,!,1032,40,6
138,!,1033,10,2
139,!,1033,22,5
140,!,1034,1,0
141,!,1034,6,0
142,!,1035,6,0
143,!,1035,13,1
144,!,1036,1,0
145,!,1038,19,4
146,!,1038,21,4
147,!,1038,23,4
148,!,1041,1,0
149,!,1043,5,0
150,!,1043,41,3
151,!,1043,52,5
152,!,1044,2,0
153,!,1044,4,0
154,!,1047,17,2
155,!,1047,31,3
156,!,1050,10,0
157,!,1056,1,0
158,!,1056,15,1
159,!,1056,19,2
160,!,1056,22,2
161,!,1056,24,2
162,!,1056,27,2
163,!,1056,32,3
164,!,1063,8,1
165,!,1069,12,2
166,!,1069,16,2
167,!,1071,3,0
168,!,1071,9,0
169,!,1072,12,3
170,!,1076,2,0
171,!,1079,19,4
172,!,1087,30,7
173,!,1087,32,7
174,!,1087,34,7
175,!,1089,0,0
176,!,1091,26,6
177,!,1092,2,0
178,!,1092,9,0
179,!,1092,14,0
180,!,1092,31,1
181,!,1093,3,1
182,!,1095,17,3
183,!,1095,18,3
184,!,1096,15,1
185,!,1106,19,3
186,!,1106,23,5
187,!,1106,33,6
188,!,1106,35,6
189,!,1106,37,6
190,!,1106,72,14
191,!,1106,80,16
192,!,1116,2,1
193,!,1118,36,5
194,!,1119,9,0
195,!,1121,14,3
196,!,1124,15,4
197,!,1124,30,7
198,!,1125,27,2
199,!,1125,30,2
200,!,1126,8,1
201,!,1126,19,1
202,!,1126,44,3
203,!,1126,61,3
204,!,1127,7,0
205,!,1128,2,0
206,!,1128,4,0
207,!,1131,8,2
208,!,1138,5,1
209,!,1138,7,1
210,!,1141,18,1
211,!,1142,40,11
212,!,1154,5,0
213,!,1162,1,0
214,!,1162,8,2
215,!,1165,1,0
216,!,1198,11,0
217,!,1217,9,2
218,!,1223,2,1
219,!,1223,4,1
220,!,1223,6,1
221,!,1246,21,5
222,!,1248,20,3
223,!,1250,8,1
224,!,1250,12,1
225,!,1256,18,5
226,!,1260,13,3
227,!,1260,14,3
228,!,1262,19,3
229,!,1262,21,3
230,!,1262,25,4
231,!,1262,28,4
232,!,1268,14,3
233,!,1268,17,3
234,!,1268,18,3
235,!,1268,19,3
236,!,1281,1,0
237,!,1284,12,1
238,!,1284,19,2
239,!,1286,12,2
240,!,1286,18,2
241,!,1286,20,2
242,!,1286,21,2
243,!,1286,23,2
244,!,1288,1,0
245,!,1288,6,0
246,!,1292,16,2
247,!,1292,30,4
248,!,1292,59,13
249,!,1301,13,2
250,!,1302,18,4
251,!,1317,6,0
252,!,1318,7,2
253,!,1322,5,0
254,!,1336,17,1
255,!,1338,6,0
256,!,1354,9,1
257,!,1358,15,2
258,!,1363,14,0
259,!,1363,16,0
260,!,1370,9,0
261,!,1372,9,1
262,!,1372,11,1
263,!,1373,13,1
264,!,1373,16,1
265,!,1395,3,0
266,!,1408,17,2
267,!,1413,10,2
268,!,1418,4,0
269,!,1427,13,3
270,!,1427,19,3
271,!,1427,24,3
272,!,1427,35,3
273,!,1429,11,1
274,!,1432,2,0
275,!,1432,22,3
276,!,1435,10,0
277,!,1436,21,4
278,!,1437,3,0
279,!,1443,18,2
280,!,1443,43,6
281,!,1444,12,2
282,!,1444,23,2
283,!,1452,1,0
284,!,1452,6,1
285,!,1452,27,7
286,!,1470,15,1
287,!,1471,6,0
288,!,1476,22,0
289,!,1476,31,1
290,!,1476,35,1
291,!,1478,19,5
292,!,1478,21,6
293,!,1478,26,7
294,!,1478,28,8
295,!,1481,8,2
296,!,1493,9,0
297,!,1501,12,4
298,!,1504,2,0
299,!,1505,7,0
300,!,1510,13,2
301,!,1510,21,5
302,!,1513,1,0
303,!,1515,12,1
304,!,1535,34,5
305,!,1535,38,6
306,!,1535,40,6
307,!,1567,10,2
308,!,1576,3,0
309,!,1585,9,1
310,!,1604,1,0
311,!,1604,3,0
312,!,1605,22,6
313,!,1607,1,0
314,!,1607,5,1
315,!,1609,4,0
316,!,1611,9,3
317,!,1611,15,3
318,!,1611,18,3
319,!,1611,19,3
320,!,1614,23,5
321,!,1614,43,7
322,!,1637,7,0
323,!,1637,8,0
324,!,1637,28,2
325,!,1637,32,2
326,!,1637,40,2
327,!,1660,28,8
328,!,1660,31,8
329,!,1666,5,0
330,!,1688,17,5
331,!,1688,20,5
332,!,1690,2,0
333,!,1697,27,5
334,!,1713,11,1
335,!,1718,1,0
336,!,1729,8,1
337,!,1730,3,0
338,!,1730,8,0
339,!,1731,1,0
340,!,1731,8,1
341,!,1732,1,0
342,!,1732,13,2
343,!,1732,19,3
344,!,1732,23,3
345,!,1732,28,4
346,!,1744,21,4
347,!,1752,13,3
348,!,1769,43,7
349,!,1788,12,4
350,!,1789,23,10
351,"!""",594,10,0
352,"!""",1106,47,9
353,"!""",1178,16,4
354,"!""",1292,54,11
355,"!""",1481,14,2
356,"!""",1547,2,1
357,"!""",1605,24,6
358,!26,789,7,0
359,!^5,1069,20,3
360,"""",1,1,0
361,"""",13,39,13
362,"""",14,0,0
363,"""",33,11,1
364,"""",33,12,1
365,"""",35,7,1
366,"""",41,21,4
367,"""",41,23,4
368,"""",43,21,8
369,"""",43,23,8
370,"""",44,9,2
371,"""",47,0,0
372,"""",50,16,4
373,"""",50,20,4
374,"""",51,0,0
375,"""",53,2,0
376,"""",58,79,16
377,"""",58,80,16
378,"""",61,19,5
379,"""",61,31,8
380,"""",61,35,8
381,"""",62,7,2
382,"""",62,10,3
383,"""",63,0,0
384,"""",63,2,0
385,"""",63,4,0
386,"""",64,0,0
387,"""",64,1,0
388,"""",64,7,1
389,"""",64,10,1
390,"""",64,14,2
391,"""",65,0,0
392,"""",65,2,0
393,"""",65,12,3
394,"""",66,0,0
395,"""",67,0,0
396,"""",67,7,1
397,"""",67,15,1
398,"""",67,24,3
399,"""",69,0,0
400,"""",69,1,0
401,"""",69,3,0
402,"""",69,6,1
403,"""",70,0,0
404,"""",70,1,0
405,"""",70,3,0
406,"""",70,16,3
407,"""",72,0,0
408,"""",72,4,0
409,"""",73,0,0
410,"""",73,1,0
411,"""",73,3,1
412,"""",73,9,1
413,"""",73,34,9
414,"""",73,51,13
415,"""",74,0,0
416,"""",74,1,0
417,"""",75,0,0
418,"""",75,2,0
419,"""",75,9,0
420,"""",75,10,0
421,"""",75,12,0
422,"""",76,0,0
423,"""",76,3,0
424,"""",76,6,0
425,"""",76,8,0
426,"""",76,9,0
427,"""",76,16,1
428,"""",76,19,1
429,"""",76,20,1
430,"""",77,0,0
431,"""",77,1,0
432,"""",77,4,0
433,"""",78,2,0
434,"""",78,11,2
435,"""",90,0,0
436,"""",91,1,0
437,"""",91,3,0
438,"""",95,0,0
439,"""",96,0,0
440,"""",96,18,4
441,"""",97,0,0
442,"""",97,1,0
443,"""",97,6,1
444,"""",97,8,1
445,"""",97,9,1
446,"""",99,1,0
447,"""",103,0,0
448,"""",103,2,0
449,"""",103,10,1
450,"""",106,0,0
451,"""",106,3,1
452,"""",106,5,1
453,"""",107,3,0
454,"""",108,0,0
455,"""",108,1,0
456,"""",108,7,1
457,"""",111,0,0
458,"""",111,6,1
459,"""",112,3,0
460,"""",112,4,0
461,"""",112,6,0
462,"""",112,8,0
463,"""",112,10,0
464,"""",112,16,1
465,"""",112,19,1
466,"""",112,21,1
467,"""",112,23,1
468,"""",113,0,0
469,"""",113,3,0
470,"""",114,0,0
471,"""",114,1,0
472,"""",114,3,0
473,"""",114,6,0
474,"""",116,19,5
475,"""",118,0,0
476,"""",118,21,5
477,"""",118,26,5
478,"""",118,37,8
479,"""",120,0,0
480,"""",120,2,0
481,"""",120,9,0
482,"""",120,10,0
483,"""",120,12,0
484,"""",120,24,2
485,"""",120,34,3
486,"""",121,0,0
487,"""",121,2,0
488,"""",121,3,0
489,"""",122,0,0
490,"""",122,1,0
491,"""",122,4,0
492,"""",123,12,4
493,"""",126,0,0
494,"""",126,5,2
495,"""",127,0,0
496,"""",127,1,0
497,"""",127,14,4
498,"""",127,16,4
499,"""",127,18,4
500,"""",128,0,0
501,"""",128,1,0
502,"""",128,4,0
503,"""",129,7,1
504,"""",129,10,1
505,"""",140,0,0
506,"""",140,2,0
507,"""",140,3,0
508,"""",141,0,0
509,"""",156,12,3
510,"""",156,14,3
511,"""",158,4,1
512,"""",158,7,1
513,"""",159,9,2
514,"""",159,13,2
515,"""",159,16,2
516,"""",159,20,2
517,"""",159,21,2
518,"""",159,22,2
519,"""",159,24,2
520,"""",159,27,2
521,"""",159,34,2
522,"""",159,38,2
523,"""",159,39,2
524,"""",159,55,4
525,"""",159,57,4
526,"""",159,70,5
527,"""",159,72,5
528,"""",159,76,5
529,"""",160,0,0
530,"""",160,1,0
531,"""",160,5,0
532,"""",164,0,0
533,"""",164,6,0
534,"""",164,12,0
535,"""",166,0,0
536,"""",168,57,10
537,"""",168,58,10
538,"""",168,60,10
539,"""",168,63,11
540,"""",169,2,0
541,"""",169,4,0
542,"""",172,0,0
543,"""",173,0,0
544,"""",173,5,1
545,"""",174,6,1
546,"""",174,8,1
547,"""",175,0,0
548,"""",176,0,0
549,"""",176,1,0
550,"""",176,3,0
551,"""",177,0,0
552,"""",178,5,1
553,"""",179,0,0
554,"""",179,4,0
555,"""",181,0,0
556,"""",181,1,0
557,"""",181,3,0
558,"""",181,7,0
559,"""",182,0,0
560,"""",182,1,0
561,"""",182,6,0
562,"""",183,0,0
563,"""",184,0,0
564,"""",185,0,0
565,"""",185,8,0
566,"""",186,0,0
567,"""",188,12,0
568,"""",188,13,0
569,"""",188,14,0
570,"""",189,3,0
571,"""",191,10,2
572,"""",193,7,0
573,"""",193,9,0
574,"""",193,10,0
575,"""",193,11,0
576,"""",194,0,0
577,"""",194,1,0
578,"""",194,3,0
579,"""",194,4,0
580,"""",194,6,0
581,"""",195,8,0
582,"""",198,0,0
583,"""",198,1,0
584,"""",198,9,1
585,"""",198,17,4
586,"""",198,21,5
587,"""",198,28,5
588,"""",198,29,5
589,"""",198,31,5
590,"""",198,33,5
591,"""",198,36,5
592,"""",199,7,0
593,"""",199,9,0
594,"""",199,10,0
595,"""",201,3,0
596,"""",201,4,0
597,"""",201,6,0
598,"""",202,0,0
599,"""",202,2,0
600,"""",202,49,13
601,"""",202,60,17
602,"""",202,64,17
603,"""",208,3,0
604,"""",208,7,0
605,"""",209,15,2
606,"""",209,22,3
607,"""",209,28,3
608,"""",210,4,0
609,"""",210,5,0
610,"""",211,2,0
611,"""",211,3,0
612,"""",211,5,0
613,"""",212,2,0
614,"""",212,3,0
615,"""",212,10,1
616,"""",214,5,2
617,"""",214,6,2
618,"""",214,9,2
619,"""",217,10,1
620,"""",217,12,1
621,"""",217,13,1
622,"""",217,16,2
623,"""",217,17,2
624,"""",218,0,0
625,"""",218,3,0
626,"""",218,5,0
627,"""",218,6,0
628,"""",219,0,0
629,"""",219,1,0
630,"""",219,7,1
631,"""",220,0,0
632,"""",220,3,0
633,"""",220,5,0
634,"""",220,6,0
635,"""",221,0,0
636,"""",221,8,2
637,"""",221,10,2
638,"""",221,14,3
639,"""",221,15,3
640,"""",221,19,4
641,"""",221,20,4
642,"""",221,25,5
643,"""",221,32,7
644,"""",221,33,7
645,"""",221,35,7
646,"""",222,0,0
647,"""",224,4,0
648,"""",224,6,1
649,"""",225,0,0
650,"""",225,3,0
651,"""",225,5,0
652,"""",226,3,0
653,"""",226,4,0
654,"""",226,8,0
655,"""",226,10,0
656,"""",226,13,0
657,"""",226,17,0
658,"""",227,0,0
659,"""",227,1,0
660,"""",227,5,0
661,"""",227,7,0
662,"""",227,9,0
663,"""",227,10,0
664,"""",229,0,0
665,"""",229,1,0
666,"""",229,2,0
667,"""",229,4,0
668,"""",229,6,0
669,"""",229,7,0
670,"""",230,0,0
671,"""",230,6,1
672,"""",230,11,1
673,"""",231,0,0
674,"""",231,3,0
675,"""",231,4,0
676,"""",232,0,0
677,"""",232,5,1
678,"""",233,2,1
679,"""",234,0,0
680,"""",235,0,0
681,"""",235,17,2
682,"""",235,26,4
683,"""",236,0,0
684,"""",236,3,0
685,"""",236,35,2
686,"""",236,42,2
687,"""",236,43,2
688,"""",237,0,0
689,"""",237,4,0
690,"""",237,8,0
691,"""",237,10,0
692,"""",237,11,0
693,"""",238,0,0
694,"""",238,2,0
695,"""",239,0,0
696,"""",239,1,0
697,"""",239,2,0
698,"""",242,10,3
699,"""",242,13,3
700,"""",244,0,0
701,"""",246,36,10
702,"""",247,0,0
703,"""",247,6,1
704,"""",247,8,1
705,"""",247,12,1
706,"""",249,14,4
707,"""",249,30,9
708,"""",249,32,10
709,"""",250,0,0
710,"""",250,4,1
711,"""",251,6,1
712,"""",254,6,2
713,"""",254,8,2
714,"""",254,10,2
715,"""",255,0,0
716,"""",255,9,3
717,"""",255,12,3
718,"""",255,13,3
719,"""",258,6,0
720,"""",260,0,0
721,"""",260,5,0
722,"""",262,11,1
723,"""",268,0,0
724,"""",268,4,0
725,"""",288,17,6
726,"""",288,19,6
727,"""",288,25,7
728,"""",288,26,7
729,"""",289,0,0
730,"""",290,9,1
731,"""",290,11,1
732,"""",290,12,1
733,"""",290,14,1
734,"""",290,15,1
735,"""",291,0,0
736,"""",291,1,0
737,"""",291,3,0
738,"""",291,5,0
739,"""",292,0,0
740,"""",297,10,0
741,"""",297,11,0
742,"""",297,12,0
743,"""",298,2,0
744,"""",298,3,0
745,"""",298,7,0
746,"""",298,30,4
747,"""",298,32,4
748,"""",298,33,4
749,"""",298,37,4
750,"""",299,1,0
751,"""",302,0,0
752,"""",302,6,0
753,"""",303,14,3
754,"""",303,22,4
755,"""",303,24,4
756,"""",304,0,0
757,"""",304,5,0
758,"""",304,10,0
759,"""",304,11,0
760,"""",304,13,0
761,"""",306,0,0
762,"""",306,1,0
763,"""",306,6,1
764,"""",306,8,1
765,"""",307,0,0
766,"""",307,1,0
767,"""",308,0,0
768,"""",308,1,0
769,"""",308,3,0
770,"""",312,0,0
771,"""",314,4,0
772,"""",314,6,0
773,"""",314,14,1
774,"""",315,26,7
775,"""",318,0,0
776,"""",319,1,0
777,"""",319,4,0
778,"""",320,7,0
779,"""",320,14,0
780,"""",327,37,4
781,"""",334,14,5
782,"""",334,16,5
783,"""",336,0,0
784,"""",336,15,4
785,"""",336,17,4
786,"""",336,18,4
787,"""",337,3,0
788,"""",337,26,7
789,"""",337,32,9
790,"""",338,0,0
791,"""",338,22,6
792,"""",338,24,6
793,"""",338,28,6
794,"""",338,30,6
795,"""",339,0,0
796,"""",339,1,0
797,"""",339,6,0
798,"""",340,0,0
799,"""",340,1,0
800,"""",340,3,0
801,"""",341,0,0
802,"""",341,4,0
803,"""",341,6,0
804,"""",342,0,0
805,"""",342,10,0
806,"""",343,0,0
807,"""",343,1,0
808,"""",343,5,1
809,"""",343,7,1
810,"""",344,0,0
811,"""",344,1,0
812,"""",344,4,0
813,"""",345,2,1
814,"""",345,5,1
815,"""",345,11,2
816,"""",346,0,0
817,"""",346,9,1
818,"""",348,0,0
819,"""",348,2,1
820,"""",352,0,0
821,"""",352,2,0
822,"""",359,13,3
823,"""",360,0,0
824,"""",362,0,0
825,"""",362,8,1
826,"""",362,11,1
827,"""",363,0,0
828,"""",363,1,0
829,"""",364,0,0
830,"""",367,26,8
831,"""",368,5,1
832,"""",368,6,1
833,"""",368,7,1
834,"""",368,8,1
835,"""",369,0,0
836,"""",369,2,0
837,"""",369,5,0
838,"""",369,6,0
839,"""",369,13,0
840,"""",370,0,0
841,"""",370,7,0
842,"""",372,0,0
843,"""",373,3,0
844,"""",373,6,0
845,"""",373,7,0
846,"""",373,10,0
847,"""",378,0,0
848,"""",378,3,0
849,"""",378,5,0
850,"""",378,7,0
851,"""",379,2,0
852,"""",380,10,0
853,"""",381,0,0
854,"""",381,1,0
855,"""",381,7,0
856,"""",381,8,0
857,"""",381,10,0
858,"""",382,0,0
859,"""",385,14,6
860,"""",385,16,6
861,"""",385,19,7
862,"""",385,25,8
863,"""",386,0,0
864,"""",386,2,0
865,"""",386,4,0
866,"""",386,9,0
867,"""",386,19,1
868,"""",386,27,3
869,"""",386,29,3
870,"""",386,31,3
871,"""",386,33,3
872,"""",386,35,3
873,"""",386,36,3
874,"""",386,54,5
875,"""",389,8,3
876,"""",389,12,3
877,"""",389,16,3
878,"""",397,27,7
879,"""",399,8,0
880,"""",399,10,0
881,"""",399,12,0
882,"""",399,13,0
883,"""",402,0,0
884,"""",402,1,0
885,"""",402,18,2
886,"""",404,0,0
887,"""",404,4,1
888,"""",405,0,0
889,"""",405,19,5
890,"""",407,0,0
891,"""",408,12,0
892,"""",408,25,1
893,"""",408,27,1
894,"""",408,28,1
895,"""",408,30,1
896,"""",410,8,1
897,"""",411,0,0
898,"""",413,8,1
899,"""",413,9,1
900,"""",413,11,1
901,"""",413,17,1
902,"""",413,22,3
903,"""",413,28,4
904,"""",415,12,1
905,"""",415,23,2
906,"""",415,24,2
907,"""",416,18,2
908,"""",417,0,0
909,"""",419,0,0
910,"""",424,7,1
911,"""",424,10,1
912,"""",424,20,4
913,"""",424,22,4
914,"""",424,30,6
915,"""",425,0,0
916,"""",425,24,4
917,"""",425,31,5
918,"""",425,56,11
919,"""",425,62,11
920,"""",428,47,14
921,"""",428,51,14
922,"""",432,53,8
923,"""",433,0,0
924,"""",433,12,3
925,"""",434,0,0
926,"""",439,6,0
927,"""",439,11,0
928,"""",442,0,0
929,"""",445,0,0
930,"""",449,6,2
931,"""",453,0,0
932,"""",454,0,0
933,"""",462,0,0
934,"""",462,8,0
935,"""",463,0,0
936,"""",465,10,4
937,"""",466,0,0
938,"""",466,4,0
939,"""",467,0,0
940,"""",473,7,3
941,"""",476,0,0
942,"""",476,14,5
943,"""",479,4,1
944,"""",481,26,5
945,"""",481,32,5
946,"""",482,0,0
947,"""",483,0,0
948,"""",483,2,0
949,"""",485,0,0
950,"""",495,13,2
951,"""",495,19,4
952,"""",499,26,8
953,"""",514,36,7
954,"""",515,0,0
955,"""",516,0,0
956,"""",520,0,0
957,"""",520,3,0
958,"""",520,6,0
959,"""",522,0,0
960,"""",522,2,0
961,"""",522,6,1
962,"""",524,0,0
963,"""",524,1,0
964,"""",524,4,0
965,"""",524,7,0
966,"""",525,0,0
967,"""",525,1,0
968,"""",525,5,1
969,"""",525,12,2
970,"""",525,14,2
971,"""",529,119,31
972,"""",542,24,3
973,"""",542,26,3
974,"""",573,19,4
975,"""",573,25,5
976,"""",573,28,6
977,"""",573,74,12
978,"""",573,79,13
979,"""",578,45,7
980,"""",578,49,7
981,"""",578,50,7
982,"""",578,66,11
983,"""",579,4,1
984,"""",580,0,0
985,"""",580,3,0
986,"""",581,0,0
987,"""",581,3,0
988,"""",583,30,6
989,"""",583,31,6
990,"""",584,0,0
991,"""",585,2,0
992,"""",585,6,0
993,"""",586,0,0
994,"""",586,2,0
995,"""",586,5,0
996,"""",586,9,1
997,"""",586,10,1
998,"""",586,12,1
999,"""",587,0,0
1000,"""",587,4,0
1001,"""",587,7,1
1002,"""",587,9,1
1003,"""",587,10,1
1004,"""",587,12,1
1005,"""",587,13,1
1006,"""",587,15,1
1007,"""",587,16,1
1008,"""",587,18,1
1009,"""",587,19,1
1010,"""",587,37,5
1011,"""",587,66,9
1012,"""",589,16,3
1013,"""",589,23,5
1014,"""",589,24,5
1015,"""",589,26,5
1016,"""",589,29,5
1017,"""",589,32,5
1018,"""",589,36,6
1019,"""",590,0,0
1020,"""",591,2,0
1021,"""",591,8,1
1022,"""",592,1,0
1023,"""",592,9,2
1024,"""",593,1,0
1025,"""",593,4,0
1026,"""",593,5,0
1027,"""",593,7,0
1028,"""",593,13,1
1029,"""",594,0,0
1030,"""",594,1,0
1031,"""",594,4,0
1032,"""",594,6,0
1033,"""",594,11,0
1034,"""",594,13,0
1035,"""",594,15,0
1036,"""",594,19,0
1037,"""",594,22,0
1038,"""",594,25,0
1039,"""",605,0,0
1040,"""",605,4,1
1041,"""",606,0,0
1042,"""",606,1,0
1043,"""",606,2,0
1044,"""",607,0,0
1045,"""",607,1,0
1046,"""",607,3,0
1047,"""",608,0,0
1048,"""",608,1,0
1049,"""",608,9,0
1050,"""",609,0,0
1051,"""",609,2,0
1052,"""",610,0,0
1053,"""",610,1,0
1054,"""",611,0,0
1055,"""",611,4,1
1056,"""",611,7,1
1057,"""",612,4,0
1058,"""",612,9,0
1059,"""",613,0,0
1060,"""",614,0,0
1061,"""",614,7,2
1062,"""",614,9,2
1063,"""",614,11,2
1064,"""",619,0,0
1065,"""",619,2,0
1066,"""",619,3,0
1067,"""",619,4,0
1068,"""",620,0,0
1069,"""",620,17,4
1070,"""",622,0,0
1071,"""",622,2,0
1072,"""",622,3,0
1073,"""",622,5,0
1074,"""",622,7,0
1075,"""",624,0,0
1076,"""",624,20,5
1077,"""",627,12,2
1078,"""",628,2,1
1079,"""",631,0,0
1080,"""",631,14,6
1081,"""",631,17,7
1082,"""",631,21,7
1083,"""",632,0,0
1084,"""",634,5,0
1085,"""",635,0,0
1086,"""",635,1,0
1087,"""",639,0,0
1088,"""",639,1,0
1089,"""",639,2,0
1090,"""",639,4,0
1091,"""",640,0,0
1092,"""",640,1,0
1093,"""",640,2,0
1094,"""",641,0,0
1095,"""",642,0,0
1096,"""",642,1,0
1097,"""",642,2,0
1098,"""",643,0,0
1099,"""",643,2,0
1100,"""",643,3,0
1101,"""",645,0,0
1102,"""",645,1,0
1103,"""",645,3,0
1104,"""",645,17,1
1105,"""",645,18,1
1106,"""",646,0,0
1107,"""",646,1,0
1108,"""",646,2,0
1109,"""",646,3,0
1110,"""",646,5,0
1111,"""",647,0,0
1112,"""",648,0,0
1113,"""",648,10,3
1114,"""",650,0,0
1115,"""",651,19,6
1116,"""",652,0,0
1117,"""",653,7,2
1118,"""",654,0,0
1119,"""",654,1,0
1120,"""",654,4,0
1121,"""",654,6,0
1122,"""",656,0,0
1123,"""",656,13,3
1124,"""",657,0,0
1125,"""",657,1,0
1126,"""",657,5,0
1127,"""",657,6,0
1128,"""",657,8,0
1129,"""",657,18,1
1130,"""",657,21,1
1131,"""",657,23,1
1132,"""",658,0,0
1133,"""",659,2,0
1134,"""",662,4,1
1135,"""",662,5,1
1136,"""",662,8,1
1137,"""",670,22,1
1138,"""",670,28,2
1139,"""",670,30,2
1140,"""",670,32,2
1141,"""",670,33,2
1142,"""",671,0,0
1143,"""",671,9,2
1144,"""",671,12,2
1145,"""",676,0,0
1146,"""",676,3,0
1147,"""",676,6,0
1148,"""",676,8,0
1149,"""",678,11,4
1150,"""",680,0,0
1151,"""",680,2,0
1152,"""",680,4,0
1153,"""",680,30,6
1154,"""",680,46,8
1155,"""",680,49,8
1156,"""",680,52,8
1157,"""",682,0,0
1158,"""",682,11,0
1159,"""",683,0,0
1160,"""",684,0,0
1161,"""",684,3,1
1162,"""",684,5,1
1163,"""",685,0,0
1164,"""",685,7,1
1165,"""",685,8,1
1166,"""",686,0,0
1167,"""",686,1,0
1168,"""",686,2,0
1169,"""",686,4,0
1170,"""",686,6,0
1171,"""",686,10,1
1172,"""",687,0,0
1173,"""",702,10,3
1174,"""",702,12,3
1175,"""",703,0,0
1176,"""",709,15,0
1177,"""",709,16,0
1178,"""",709,17,0
1179,"""",709,18,0
1180,"""",709,20,0
1181,"""",711,5,0
1182,"""",711,9,0
1183,"""",711,16,1
1184,"""",712,0,0
1185,"""",712,11,2
1186,"""",712,12,2
1187,"""",712,14,2
1188,"""",713,0,0
1189,"""",713,1,0
1190,"""",714,0,0
1191,"""",714,1,0
1192,"""",714,7,1
1193,"""",720,0,0
1194,"""",720,3,0
1195,"""",720,6,0
1196,"""",720,11,0
1197,"""",721,4,0
1198,"""",722,0,0
1199,"""",722,1,0
1200,"""",722,2,0
1201,"""",725,0,0
1202,"""",725,10,3
1203,"""",725,17,4
1204,"""",725,20,4
1205,"""",726,0,0
1206,"""",728,0,0
1207,"""",728,3,2
1208,"""",728,7,2
1209,"""",728,8,2
1210,"""",728,10,2
1211,"""",728,28,4
1212,"""",729,0,0
1213,"""",731,28,7
1214,"""",731,30,7
1215,"""",731,33,7
1216,"""",735,3,1
1217,"""",735,7,1
1218,"""",735,11,1
1219,"""",736,0,0
1220,"""",738,0,0
1221,"""",738,2,0
1222,"""",738,8,1
1223,"""",739,5,0
1224,"""",739,28,6
1225,"""",739,29,6
1226,"""",741,2,0
1227,"""",744,0,0
1228,"""",752,16,3
1229,"""",753,5,1
1230,"""",754,12,3
1231,"""",754,15,3
1232,"""",759,25,5
1233,"""",759,28,5
1234,"""",759,31,5
1235,"""",759,35,5
1236,"""",760,0,0
1237,"""",778,22,2
1238,"""",778,24,2
1239,"""",779,0,0
1240,"""",779,9,2
1241,"""",780,0,0
1242,"""",780,2,1
1243,"""",780,4,1
1244,"""",780,7,1
1245,"""",781,0,0
1246,"""",781,7,2
1247,"""",781,9,2
1248,"""",782,0,0
1249,"""",782,6,0
1250,"""",782,7,0
1251,"""",782,9,0
1252,"""",782,10,0
1253,"""",785,0,0
1254,"""",785,2,0
1255,"""",785,11,0
1256,"""",786,0,0
1257,"""",788,0,0
1258,"""",788,2,0
1259,"""",788,4,0
1260,"""",789,0,0
1261,"""",790,0,0
1262,"""",790,2,0
1263,"""",791,4,3
1264,"""",791,10,4
1265,"""",791,12,4
1266,"""",791,17,5
1267,"""",792,0,0
1268,"""",792,2,0
1269,"""",792,4,0
1270,"""",793,0,0
1271,"""",793,1,0
1272,"""",793,2,0
1273,"""",793,4,0
1274,"""",794,0,0
1275,"""",794,2,0
1276,"""",794,4,0
1277,"""",794,8,1
1278,"""",794,12,2
1279,"""",795,0,0
1280,"""",796,9,2
1281,"""",796,11,2
1282,"""",798,0,0
1283,"""",801,14,2
1284,"""",801,19,3
1285,"""",801,24,4
1286,"""",803,0,0
1287,"""",804,13,2
1288,"""",804,19,3
1289,"""",804,23,3
1290,"""",804,34,3
1291,"""",805,0,0
1292,"""",809,2,1
1293,"""",810,6,1
1294,"""",812,14,4
1295,"""",812,17,4
1296,"""",812,26,5
1297,"""",813,10,5
1298,"""",814,0,0
1299,"""",816,15,4
1300,"""",816,17,4
1301,"""",816,30,6
1302,"""",818,23,6
1303,"""",819,11,1
1304,"""",820,0,0
1305,"""",820,1,0
1306,"""",820,2,0
1307,"""",820,9,1
1308,"""",821,0,0
1309,"""",821,2,0
1310,"""",821,3,0
1311,"""",821,15,0
1312,"""",821,69,15
1313,"""",821,73,15
1314,"""",827,24,4
1315,"""",827,26,4
1316,"""",827,63,13
1317,"""",827,74,14
1318,"""",827,75,14
1319,"""",827,79,14
1320,"""",827,82,14
1321,"""",827,85,14
1322,"""",827,90,15
1323,"""",827,92,15
1324,"""",827,98,15
1325,"""",827,101,15
1326,"""",827,104,15
1327,"""",827,106,15
1328,"""",828,2,0
1329,"""",828,5,0
1330,"""",828,11,0
1331,"""",829,0,0
1332,"""",829,8,0
1333,"""",830,0,0
1334,"""",832,0,0
1335,"""",832,1,0
1336,"""",833,0,0
1337,"""",833,1,0
1338,"""",833,3,0
1339,"""",846,32,9
1340,"""",846,34,9
1341,"""",846,38,10
1342,"""",846,49,10
1343,"""",846,62,12
1344,"""",846,65,12
1345,"""",846,66,12
1346,"""",846,67,12
1347,"""",847,0,0
1348,"""",847,2,0
1349,"""",848,0,0
1350,"""",851,0,0
1351,"""",851,1,0
1352,"""",852,0,0
1353,"""",855,2,0
1354,"""",858,5,0
1355,"""",859,0,0
1356,"""",859,3,0
1357,"""",860,0,0
1358,"""",860,2,0
1359,"""",861,0,0
1360,"""",861,3,0
1361,"""",861,6,0
1362,"""",861,7,0
1363,"""",861,9,0
1364,"""",861,20,3
1365,"""",861,24,3
1366,"""",862,0,0
1367,"""",862,6,0
1368,"""",862,8,0
1369,"""",862,10,0
1370,"""",862,12,0
1371,"""",862,19,0
1372,"""",863,6,0
1373,"""",863,15,2
1374,"""",863,18,2
1375,"""",863,20,2
1376,"""",863,24,2
1377,"""",864,0,0
1378,"""",865,0,0
1379,"""",865,4,1
1380,"""",865,8,1
1381,"""",868,0,0
1382,"""",868,16,8
1383,"""",868,17,8
1384,"""",868,19,8
1385,"""",868,21,8
1386,"""",870,6,2
1387,"""",870,7,2
1388,"""",870,10,2
1389,"""",870,14,3
1390,"""",870,18,3
1391,"""",870,20,3
1392,"""",871,0,0
1393,"""",871,12,4
1394,"""",872,0,0
1395,"""",872,1,0
1396,"""",872,2,0
1397,"""",872,3,0
1398,"""",873,0,0
1399,"""",873,6,1
1400,"""",874,0,0
1401,"""",879,13,2
1402,"""",879,15,2
1403,"""",885,0,0
1404,"""",887,2,0
1405,"""",887,6,0
1406,"""",887,38,4
1407,"""",887,40,4
1408,"""",887,42,4
1409,"""",887,55,7
1410,"""",887,56,7
1411,"""",887,60,7
1412,"""",888,0,0
1413,"""",888,7,1
1414,"""",888,9,1
1415,"""",888,11,1
1416,"""",888,18,2
1417,"""",888,22,3
1418,"""",888,32,7
1419,"""",888,39,7
1420,"""",889,0,0
1421,"""",891,0,0
1422,"""",891,2,0
1423,"""",892,0,0
1424,"""",892,10,0
1425,"""",892,13,0
1426,"""",892,15,0
1427,"""",894,8,1
1428,"""",894,15,1
1429,"""",895,5,1
1430,"""",895,11,1
1431,"""",896,0,0
1432,"""",898,1,0
1433,"""",898,3,0
1434,"""",898,7,0
1435,"""",898,10,0
1436,"""",898,33,5
1437,"""",898,37,5
1438,"""",899,0,0
1439,"""",899,1,0
1440,"""",899,3,0
1441,"""",900,3,0
1442,"""",900,7,1
1443,"""",900,15,2
1444,"""",900,19,2
1445,"""",900,21,2
1446,"""",900,23,2
1447,"""",901,0,0
1448,"""",901,2,0
1449,"""",901,6,0
1450,"""",901,12,0
1451,"""",901,15,0
1452,"""",901,18,0
1453,"""",902,2,0
1454,"""",902,3,0
1455,"""",902,6,0
1456,"""",903,2,0
1457,"""",903,8,0
1458,"""",903,10,0
1459,"""",904,3,0
1460,"""",905,0,0
1461,"""",905,11,0
1462,"""",905,13,0
1463,"""",905,15,0
1464,"""",905,18,0
1465,"""",906,0,0
1466,"""",906,2,0
1467,"""",907,0,0
1468,"""",907,4,0
1469,"""",907,5,0
1470,"""",907,9,0
1471,"""",907,27,4
1472,"""",908,0,0
1473,"""",908,1,0
1474,"""",908,4,0
1475,"""",910,4,1
1476,"""",910,12,3
1477,"""",910,13,3
1478,"""",910,15,3
1479,"""",910,17,3
1480,"""",910,18,3
1481,"""",910,19,3
1482,"""",911,0,0
1483,"""",911,1,0
1484,"""",911,11,0
1485,"""",912,5,0
1486,"""",912,8,0
1487,"""",913,0,0
1488,"""",913,5,1
1489,"""",913,8,1
1490,"""",913,11,1
1491,"""",914,0,0
1492,"""",914,9,0
1493,"""",914,14,0
1494,"""",916,6,1
1495,"""",916,8,1
1496,"""",917,0,0
1497,"""",917,4,2
1498,"""",919,13,2
1499,"""",919,15,2
1500,"""",919,17,2
1501,"""",919,18,2
1502,"""",920,0,0
1503,"""",924,0,0
1504,"""",924,3,0
1505,"""",924,4,0
1506,"""",925,0,0
1507,"""",931,0,0
1508,"""",931,22,3
1509,"""",931,24,3
1510,"""",931,62,10
1511,"""",931,64,10
1512,"""",931,74,13
1513,"""",935,0,0
1514,"""",938,6,1
1515,"""",939,5,1
1516,"""",939,15,1
1517,"""",939,19,1
1518,"""",940,0,0
1519,"""",940,1,0
1520,"""",942,0,0
1521,"""",944,3,0
1522,"""",945,0,0
1523,"""",945,3,1
1524,"""",947,4,2
1525,"""",950,0,0
1526,"""",955,0,0
1527,"""",955,5,1
1528,"""",956,0,0
1529,"""",959,3,0
1530,"""",961,0,0
1531,"""",961,2,1
1532,"""",961,3,1
1533,"""",962,0,0
1534,"""",971,31,7
1535,"""",972,0,0
1536,"""",973,0,0
1537,"""",986,14,4
1538,"""",987,0,0
1539,"""",987,5,0
1540,"""",990,24,9
1541,"""",990,32,9
1542,"""",990,35,11
1543,"""",990,37,11
1544,"""",990,38,11
1545,"""",990,43,11
1546,"""",990,47,12
1547,"""",990,49,12
1548,"""",990,51,12
1549,"""",990,52,12
1550,"""",990,59,14
1551,"""",990,70,15
1552,"""",991,0,0
1553,"""",991,3,0
1554,"""",991,10,2
1555,"""",991,11,2
1556,"""",991,14,2
1557,"""",991,21,3
1558,"""",992,0,0
1559,"""",992,1,0
1560,"""",992,2,0
1561,"""",993,1,0
1562,"""",993,20,1
1563,"""",993,30,5
1564,"""",994,0,0
1565,"""",994,4,0
1566,"""",994,7,0
1567,"""",995,0,0
1568,"""",996,13,2
1569,"""",997,0,0
1570,"""",997,4,0
1571,"""",998,0,0
1572,"""",998,1,0
1573,"""",998,5,0
1574,"""",998,10,1
1575,"""",998,17,2
1576,"""",998,18,2
1577,"""",998,19,2
1578,"""",998,21,2
1579,"""",1000,0,0
1580,"""",1000,2,0
1581,"""",1001,0,0
1582,"""",1002,3,0
1583,"""",1002,8,0
1584,"""",1002,26,1
1585,"""",1003,0,0
1586,"""",1003,13,2
1587,"""",1003,23,3
1588,"""",1003,36,6
1589,"""",1004,3,0
1590,"""",1007,0,0
1591,"""",1008,0,0
1592,"""",1008,1,0
1593,"""",1008,3,0
1594,"""",1008,10,3
1595,"""",1008,16,3
1596,"""",1008,19,5
1597,"""",1008,21,5
1598,"""",1008,23,5
1599,"""",1008,25,5
1600,"""",1009,2,1
1601,"""",1009,3,1
1602,"""",1009,4,1
1603,"""",1009,6,1
1604,"""",1009,11,1
1605,"""",1009,14,1
1606,"""",1009,15,1
1607,"""",1010,0,0
1608,"""",1010,1,0
1609,"""",1010,2,0
1610,"""",1010,3,0
1611,"""",1011,0,0
1612,"""",1011,1,0
1613,"""",1011,2,0
1614,"""",1013,4,2
1615,"""",1013,7,3
1616,"""",1013,13,4
1617,"""",1014,0,0
1618,"""",1014,3,0
1619,"""",1014,5,0
1620,"""",1015,0,0
1621,"""",1015,10,4
1622,"""",1015,18,6
1623,"""",1015,20,6
1624,"""",1017,0,0
1625,"""",1017,1,0
1626,"""",1017,3,0
1627,"""",1017,4,0
1628,"""",1019,23,7
1629,"""",1019,27,8
1630,"""",1019,30,8
1631,"""",1019,34,8
1632,"""",1019,38,8
1633,"""",1019,41,9
1634,"""",1020,18,6
1635,"""",1020,22,7
1636,"""",1021,0,0
1637,"""",1021,5,0
1638,"""",1021,9,0
1639,"""",1022,0,0
1640,"""",1022,10,1
1641,"""",1022,17,3
1642,"""",1022,20,3
1643,"""",1022,21,3
1644,"""",1024,11,3
1645,"""",1024,34,6
1646,"""",1024,36,6
1647,"""",1024,44,7
1648,"""",1024,46,7
1649,"""",1024,51,8
1650,"""",1024,57,8
1651,"""",1025,0,0
1652,"""",1025,4,0
1653,"""",1025,7,0
1654,"""",1025,10,0
1655,"""",1025,12,1
1656,"""",1025,14,1
1657,"""",1025,22,3
1658,"""",1025,24,3
1659,"""",1025,26,3
1660,"""",1025,61,8
1661,"""",1025,73,9
1662,"""",1025,74,9
1663,"""",1025,85,10
1664,"""",1025,98,13
1665,"""",1025,100,13
1666,"""",1026,0,0
1667,"""",1027,0,0
1668,"""",1029,0,0
1669,"""",1029,4,0
1670,"""",1029,8,0
1671,"""",1029,10,0
1672,"""",1032,0,0
1673,"""",1032,6,1
1674,"""",1032,10,1
1675,"""",1032,41,6
1676,"""",1033,0,0
1677,"""",1033,6,1
1678,"""",1033,36,6
1679,"""",1034,2,0
1680,"""",1034,3,0
1681,"""",1034,7,0
1682,"""",1034,17,3
1683,"""",1034,22,4
1684,"""",1035,0,0
1685,"""",1036,2,0
1686,"""",1038,7,3
1687,"""",1038,9,3
1688,"""",1038,13,4
1689,"""",1038,18,4
1690,"""",1038,24,4
1691,"""",1039,5,0
1692,"""",1040,0,0
1693,"""",1040,1,0
1694,"""",1040,6,0
1695,"""",1040,15,2
1696,"""",1040,18,2
1697,"""",1041,0,0
1698,"""",1041,2,0
1699,"""",1042,0,0
1700,"""",1042,5,0
1701,"""",1042,10,0
1702,"""",1042,15,0
1703,"""",1042,16,0
1704,"""",1042,18,1
1705,"""",1042,22,1
1706,"""",1042,27,2
1707,"""",1043,6,0
1708,"""",1043,7,0
1709,"""",1043,9,0
1710,"""",1043,10,0
1711,"""",1043,20,1
1712,"""",1043,23,1
1713,"""",1043,33,2
1714,"""",1043,34,2
1715,"""",1043,35,2
1716,"""",1043,39,3
1717,"""",1043,53,5
1718,"""",1043,63,7
1719,"""",1043,71,10
1720,"""",1044,0,0
1721,"""",1044,5,0
1722,"""",1045,0,0
1723,"""",1046,4,1
1724,"""",1046,7,1
1725,"""",1047,4,0
1726,"""",1047,32,3
1727,"""",1047,40,4
1728,"""",1048,0,0
1729,"""",1048,2,0
1730,"""",1049,1,0
1731,"""",1050,2,0
1732,"""",1050,20,1
1733,"""",1050,21,1
1734,"""",1050,23,1
1735,"""",1050,24,1
1736,"""",1050,26,1
1737,"""",1050,29,1
1738,"""",1050,32,1
1739,"""",1054,0,0
1740,"""",1056,0,0
1741,"""",1056,2,0
1742,"""",1056,14,1
1743,"""",1056,16,1
1744,"""",1056,20,2
1745,"""",1056,21,2
1746,"""",1056,23,2
1747,"""",1056,37,5
1748,"""",1056,38,5
1749,"""",1056,44,5
1750,"""",1056,47,5
1751,"""",1056,52,6
1752,"""",1057,0,0
1753,"""",1057,4,0
1754,"""",1057,8,1
1755,"""",1057,12,1
1756,"""",1058,0,0
1757,"""",1059,3,1
1758,"""",1059,8,2
1759,"""",1059,9,2
1760,"""",1059,11,2
1761,"""",1061,16,7
1762,"""",1061,20,8
1763,"""",1061,22,8
1764,"""",1061,24,8
1765,"""",1061,27,8
1766,"""",1061,29,8
1767,"""",1063,9,1
1768,"""",1063,12,2
1769,"""",1063,14,2
1770,"""",1064,0,0
1771,"""",1064,1,0
1772,"""",1064,10,1
1773,"""",1065,0,0
1774,"""",1065,1,0
1775,"""",1066,0,0
1776,"""",1066,4,1
1777,"""",1068,3,0
1778,"""",1068,5,0
1779,"""",1068,7,0
1780,"""",1069,0,0
1781,"""",1069,1,0
1782,"""",1069,3,0
1783,"""",1069,8,2
1784,"""",1069,13,2
1785,"""",1069,17,2
1786,"""",1071,0,0
1787,"""",1071,4,0
1788,"""",1071,10,0
1789,"""",1071,11,0
1790,"""",1072,8,3
1791,"""",1072,11,3
1792,"""",1072,13,3
1793,"""",1072,14,3
1794,"""",1073,2,0
1795,"""",1073,3,0
1796,"""",1074,0,0
1797,"""",1074,1,0
1798,"""",1076,0,0
1799,"""",1076,3,0
1800,"""",1077,0,0
1801,"""",1077,1,0
1802,"""",1077,3,0
1803,"""",1077,4,0
1804,"""",1079,0,0
1805,"""",1079,15,4
1806,"""",1079,18,4
1807,"""",1079,20,4
1808,"""",1079,21,4
1809,"""",1080,0,0
1810,"""",1080,1,0
1811,"""",1080,3,0
1812,"""",1081,0,0
1813,"""",1081,11,0
1814,"""",1081,15,0
1815,"""",1081,21,0
1816,"""",1081,34,1
1817,"""",1087,13,6
1818,"""",1087,15,6
1819,"""",1087,22,6
1820,"""",1087,26,6
1821,"""",1087,35,7
1822,"""",1089,3,0
1823,"""",1089,7,0
1824,"""",1090,2,2
1825,"""",1090,4,2
1826,"""",1090,5,2
1827,"""",1090,7,3
1828,"""",1091,0,0
1829,"""",1091,24,6
1830,"""",1091,27,6
1831,"""",1091,30,6
1832,"""",1091,37,8
1833,"""",1091,38,8
1834,"""",1091,40,8
1835,"""",1091,43,9
1836,"""",1092,0,0
1837,"""",1092,1,0
1838,"""",1092,3,0
1839,"""",1092,10,0
1840,"""",1092,12,0
1841,"""",1092,15,0
1842,"""",1092,23,1
1843,"""",1092,28,1
1844,"""",1092,30,1
1845,"""",1092,32,1
1846,"""",1093,0,0
1847,"""",1093,4,1
1848,"""",1093,8,1
1849,"""",1093,11,1
1850,"""",1093,16,3
1851,"""",1094,0,0
1852,"""",1094,13,2
1853,"""",1094,18,3
1854,"""",1095,0,0
1855,"""",1095,12,3
1856,"""",1095,14,3
1857,"""",1095,16,3
1858,"""",1095,19,3
1859,"""",1096,6,1
1860,"""",1096,8,1
1861,"""",1096,14,1
1862,"""",1096,16,1
1863,"""",1100,9,1
1864,"""",1100,11,1
1865,"""",1100,20,1
1866,"""",1101,0,0
1867,"""",1101,4,0
1868,"""",1102,0,0
1869,"""",1102,6,0
1870,"""",1102,9,0
1871,"""",1103,0,0
1872,"""",1105,12,3
1873,"""",1105,13,3
1874,"""",1105,15,3
1875,"""",1106,0,0
1876,"""",1106,3,0
1877,"""",1106,6,0
1878,"""",1106,17,3
1879,"""",1106,18,3
1880,"""",1106,24,5
1881,"""",1106,32,6
1882,"""",1106,38,6
1883,"""",1106,71,14
1884,"""",1106,81,16
1885,"""",1107,1,0
1886,"""",1107,5,1
1887,"""",1107,7,1
1888,"""",1108,0,0
1889,"""",1108,6,1
1890,"""",1109,0,0
1891,"""",1109,5,0
1892,"""",1109,7,0
1893,"""",1109,8,0
1894,"""",1110,0,0
1895,"""",1111,0,0
1896,"""",1111,1,0
1897,"""",1112,0,0
1898,"""",1112,8,1
1899,"""",1112,13,2
1900,"""",1112,15,2
1901,"""",1113,0,0
1902,"""",1113,3,0
1903,"""",1114,0,0
1904,"""",1114,1,0
1905,"""",1114,9,2
1906,"""",1115,0,0
1907,"""",1115,1,0
1908,"""",1115,3,0
1909,"""",1115,6,0
1910,"""",1115,8,0
1911,"""",1116,0,0
1912,"""",1118,4,0
1913,"""",1118,37,5
1914,"""",1118,38,5
1915,"""",1118,39,5
1916,"""",1119,0,0
1917,"""",1119,1,0
1918,"""",1119,3,0
1919,"""",1119,4,0
1920,"""",1119,7,0
1921,"""",1119,8,0
1922,"""",1119,10,0
1923,"""",1120,0,0
1924,"""",1120,26,2
1925,"""",1120,27,2
1926,"""",1121,12,3
1927,"""",1121,15,3
1928,"""",1122,7,1
1929,"""",1122,8,1
1930,"""",1126,9,1
1931,"""",1126,30,1
1932,"""",1126,42,3
1933,"""",1127,8,0
1934,"""",1127,53,12
1935,"""",1128,0,0
1936,"""",1128,5,0
1937,"""",1128,13,2
1938,"""",1136,5,3
1939,"""",1136,9,4
1940,"""",1137,0,0
1941,"""",1137,3,1
1942,"""",1138,8,1
1943,"""",1138,9,1
1944,"""",1138,16,3
1945,"""",1138,22,3
1946,"""",1141,0,0
1947,"""",1141,3,0
1948,"""",1141,6,1
1949,"""",1141,8,1
1950,"""",1141,19,1
1951,"""",1154,4,0
1952,"""",1154,6,0
1953,"""",1154,10,1
1954,"""",1154,11,1
1955,"""",1159,5,0
1956,"""",1159,6,0
1957,"""",1159,9,0
1958,"""",1159,10,0
1959,"""",1159,22,4
1960,"""",1159,25,4
1961,"""",1160,0,0
1962,"""",1162,0,0
1963,"""",1162,2,0
1964,"""",1162,7,2
1965,"""",1162,9,2
1966,"""",1165,0,0
1967,"""",1165,2,0
1968,"""",1165,4,0
1969,"""",1165,8,0
1970,"""",1166,0,0
1971,"""",1167,0,0
1972,"""",1167,4,1
1973,"""",1167,13,3
1974,"""",1168,0,0
1975,"""",1170,5,2
1976,"""",1170,8,2
1977,"""",1171,0,0
1978,"""",1171,1,0
1979,"""",1171,8,1
1980,"""",1172,0,0
1981,"""",1172,1,0
1982,"""",1178,15,4
1983,"""",1178,24,6
1984,"""",1179,7,1
1985,"""",1179,16,3
1986,"""",1198,12,0
1987,"""",1206,6,1
1988,"""",1206,16,1
1989,"""",1207,0,0
1990,"""",1209,0,0
1991,"""",1209,1,0
1992,"""",1209,4,0
1993,"""",1217,8,2
1994,"""",1217,10,2
1995,"""",1226,12,2
1996,"""",1226,15,2
1997,"""",1231,14,5
1998,"""",1232,0,0
1999,"""",1233,0,0
2000,"""",1233,1,0
2001,"""",1233,5,2
2002,"""",1235,2,0
2003,"""",1235,5,0
2004,"""",1235,14,1
2005,"""",1235,17,1
2006,"""",1235,18,1
2007,"""",1235,20,1
2008,"""",1235,21,1
2009,"""",1235,23,1
2010,"""",1236,0,0
2011,"""",1237,0,0
2012,"""",1238,0,0
2013,"""",1238,1,0
2014,"""",1239,0,0
2015,"""",1239,1,0
2016,"""",1240,0,0
2017,"""",1240,3,0
2018,"""",1240,13,2
2019,"""",1240,37,12
2020,"""",1240,40,12
2021,"""",1242,0,0
2022,"""",1243,7,2
2023,"""",1243,10,2
2024,"""",1243,13,2
2025,"""",1244,0,0
2026,"""",1244,1,0
2027,"""",1245,0,0
2028,"""",1245,1,0
2029,"""",1245,5,0
2030,"""",1245,7,0
2031,"""",1245,10,0
2032,"""",1245,12,0
2033,"""",1246,14,4
2034,"""",1246,16,4
2035,"""",1246,20,5
2036,"""",1246,22,5
2037,"""",1248,2,0
2038,"""",1248,5,0
2039,"""",1248,19,3
2040,"""",1248,21,3
2041,"""",1250,7,1
2042,"""",1250,9,1
2043,"""",1250,11,1
2044,"""",1250,13,1
2045,"""",1253,25,7
2046,"""",1255,0,0
2047,"""",1256,16,5
2048,"""",1256,19,5
2049,"""",1260,12,3
2050,"""",1260,15,3
2051,"""",1262,15,3
2052,"""",1262,16,3
2053,"""",1262,18,3
2054,"""",1262,26,4
2055,"""",1262,27,4
2056,"""",1262,29,4
2057,"""",1264,0,0
2058,"""",1268,13,3
2059,"""",1268,15,3
2060,"""",1268,20,3
2061,"""",1268,28,6
2062,"""",1268,33,6
2063,"""",1268,35,6
2064,"""",1268,44,6
2065,"""",1269,3,0
2066,"""",1273,25,11
2067,"""",1273,27,11
2068,"""",1273,29,11
2069,"""",1273,30,11
2070,"""",1274,0,0
2071,"""",1274,3,1
2072,"""",1275,0,0
2073,"""",1281,0,0
2074,"""",1284,5,1
2075,"""",1284,6,1
2076,"""",1286,8,2
2077,"""",1286,11,2
2078,"""",1286,13,2
2079,"""",1286,16,2
2080,"""",1286,24,2
2081,"""",1286,25,2
2082,"""",1286,27,2
2083,"""",1286,31,2
2084,"""",1287,0,0
2085,"""",1288,7,0
2086,"""",1288,11,1
2087,"""",1289,0,0
2088,"""",1290,21,4
2089,"""",1290,22,4
2090,"""",1292,0,0
2091,"""",1292,7,1
2092,"""",1292,17,2
2093,"""",1292,23,3
2094,"""",1292,31,4
2095,"""",1292,53,11
2096,"""",1292,58,13
2097,"""",1292,60,13
2098,"""",1292,62,13
2099,"""",1292,67,13
2100,"""",1293,10,1
2101,"""",1293,16,1
2102,"""",1301,12,2
2103,"""",1301,14,2
2104,"""",1302,19,4
2105,"""",1302,20,4
2106,"""",1303,6,0
2107,"""",1303,8,0
2108,"""",1303,10,0
2109,"""",1303,12,0
2110,"""",1303,14,0
2111,"""",1303,16,0
2112,"""",1303,26,1
2113,"""",1304,0,0
2114,"""",1304,39,11
2115,"""",1307,0,0
2116,"""",1308,2,0
2117,"""",1309,0,0
2118,"""",1317,5,0
2119,"""",1317,7,0
2120,"""",1317,9,0
2121,"""",1317,12,1
2122,"""",1317,18,2
2123,"""",1318,6,2
2124,"""",1318,8,2
2125,"""",1318,17,4
2126,"""",1319,0,0
2127,"""",1319,1,0
2128,"""",1319,5,0
2129,"""",1319,11,3
2130,"""",1320,0,0
2131,"""",1322,2,0
2132,"""",1322,6,0
2133,"""",1325,0,0
2134,"""",1325,1,0
2135,"""",1325,4,1
2136,"""",1326,1,0
2137,"""",1327,0,0
2138,"""",1327,1,0
2139,"""",1327,6,1
2140,"""",1327,10,2
2141,"""",1327,14,4
2142,"""",1329,0,0
2143,"""",1329,6,3
2144,"""",1335,4,0
2145,"""",1335,5,0
2146,"""",1335,7,0
2147,"""",1336,1,0
2148,"""",1336,4,1
2149,"""",1336,5,1
2150,"""",1336,11,1
2151,"""",1336,13,1
2152,"""",1336,14,1
2153,"""",1336,15,1
2154,"""",1336,20,1
2155,"""",1336,21,1
2156,"""",1336,29,1
2157,"""",1338,7,0
2158,"""",1338,8,0
2159,"""",1338,10,0
2160,"""",1338,12,0
2161,"""",1339,0,0
2162,"""",1341,6,2
2163,"""",1341,8,2
2164,"""",1341,9,2
2165,"""",1342,0,0
2166,"""",1342,1,0
2167,"""",1342,2,0
2168,"""",1342,7,2
2169,"""",1342,13,3
2170,"""",1342,14,3
2171,"""",1345,0,0
2172,"""",1346,0,0
2173,"""",1347,2,0
2174,"""",1347,7,0
2175,"""",1347,13,1
2176,"""",1348,0,0
2177,"""",1348,1,0
2178,"""",1348,7,1
2179,"""",1349,3,0
2180,"""",1349,11,1
2181,"""",1350,0,0
2182,"""",1352,0,0
2183,"""",1352,1,0
2184,"""",1353,0,0
2185,"""",1353,7,0
2186,"""",1354,1,0
2187,"""",1354,10,1
2188,"""",1354,24,3
2189,"""",1354,31,3
2190,"""",1354,34,3
2191,"""",1355,5,0
2192,"""",1356,0,0
2193,"""",1356,1,0
2194,"""",1356,2,0
2195,"""",1356,4,0
2196,"""",1356,7,0
2197,"""",1357,0,0
2198,"""",1357,6,0
2199,"""",1358,0,0
2200,"""",1358,17,2
2201,"""",1358,22,3
2202,"""",1359,0,0
2203,"""",1360,0,0
2204,"""",1360,3,0
2205,"""",1360,11,0
2206,"""",1360,12,0
2207,"""",1360,14,0
2208,"""",1361,16,3
2209,"""",1361,20,3
2210,"""",1361,25,4
2211,"""",1361,28,4
2212,"""",1361,29,4
2213,"""",1362,0,0
2214,"""",1362,6,1
2215,"""",1363,0,0
2216,"""",1363,4,0
2217,"""",1363,6,0
2218,"""",1363,10,0
2219,"""",1363,17,0
2220,"""",1363,19,0
2221,"""",1363,21,0
2222,"""",1363,24,0
2223,"""",1364,0,0
2224,"""",1365,2,0
2225,"""",1366,0,0
2226,"""",1366,2,0
2227,"""",1366,3,0
2228,"""",1367,0,0
2229,"""",1367,3,0
2230,"""",1368,5,0
2231,"""",1368,6,0
2232,"""",1369,0,0
2233,"""",1369,3,0
2234,"""",1370,0,0
2235,"""",1370,3,0
2236,"""",1370,10,0
2237,"""",1370,11,0
2238,"""",1371,0,0
2239,"""",1371,1,0
2240,"""",1371,4,0
2241,"""",1371,8,0
2242,"""",1371,9,0
2243,"""",1371,11,0
2244,"""",1372,6,1
2245,"""",1372,12,1
2246,"""",1372,17,2
2247,"""",1373,0,0
2248,"""",1373,6,1
2249,"""",1373,14,1
2250,"""",1373,15,1
2251,"""",1373,17,1
2252,"""",1373,20,1
2253,"""",1374,0,0
2254,"""",1374,1,0
2255,"""",1374,4,0
2256,"""",1374,17,5
2257,"""",1374,20,5
2258,"""",1374,32,6
2259,"""",1374,34,6
2260,"""",1374,44,8
2261,"""",1374,46,8
2262,"""",1375,6,2
2263,"""",1375,8,2
2264,"""",1375,9,2
2265,"""",1375,34,5
2266,"""",1375,38,5
2267,"""",1377,0,0
2268,"""",1377,5,2
2269,"""",1377,6,2
2270,"""",1377,7,2
2271,"""",1377,8,2
2272,"""",1377,21,3
2273,"""",1377,22,3
2274,"""",1377,23,3
2275,"""",1377,26,3
2276,"""",1377,31,3
2277,"""",1378,2,0
2278,"""",1380,0,0
2279,"""",1381,17,1
2280,"""",1381,27,4
2281,"""",1381,29,4
2282,"""",1381,30,4
2283,"""",1382,0,0
2284,"""",1382,2,0
2285,"""",1382,3,0
2286,"""",1384,0,0
2287,"""",1384,4,1
2288,"""",1384,5,1
2289,"""",1386,6,2
2290,"""",1386,9,2
2291,"""",1388,28,5
2292,"""",1388,29,5
2293,"""",1388,30,5
2294,"""",1388,31,5
2295,"""",1388,37,6
2296,"""",1389,0,0
2297,"""",1389,3,0
2298,"""",1389,4,0
2299,"""",1390,0,0
2300,"""",1390,3,0
2301,"""",1391,5,1
2302,"""",1391,7,1
2303,"""",1391,8,1
2304,"""",1391,9,1
2305,"""",1391,11,2
2306,"""",1393,0,0
2307,"""",1393,1,0
2308,"""",1393,3,0
2309,"""",1393,5,0
2310,"""",1394,0,0
2311,"""",1394,1,0
2312,"""",1394,3,0
2313,"""",1394,5,0
2314,"""",1395,0,0
2315,"""",1395,1,0
2316,"""",1395,4,0
2317,"""",1395,5,0
2318,"""",1396,0,0
2319,"""",1396,4,1
2320,"""",1396,6,1
2321,"""",1396,9,1
2322,"""",1397,0,0
2323,"""",1397,8,1
2324,"""",1397,10,1
2325,"""",1397,12,1
2326,"""",1397,21,2
2327,"""",1397,22,2
2328,"""",1397,25,2
2329,"""",1397,29,3
2330,"""",1398,0,0
2331,"""",1399,0,0
2332,"""",1401,0,0
2333,"""",1401,1,0
2334,"""",1401,2,0
2335,"""",1401,4,0
2336,"""",1401,6,0
2337,"""",1401,7,0
2338,"""",1402,0,0
2339,"""",1402,1,0
2340,"""",1402,3,0
2341,"""",1402,4,0
2342,"""",1403,0,0
2343,"""",1403,1,0
2344,"""",1403,3,0
2345,"""",1403,4,0
2346,"""",1403,6,0
2347,"""",1403,7,0
2348,"""",1403,9,0
2349,"""",1403,10,0
2350,"""",1404,0,0
2351,"""",1404,2,0
2352,"""",1404,5,0
2353,"""",1404,12,2
2354,"""",1405,2,1
2355,"""",1405,5,1
2356,"""",1405,23,4
2357,"""",1405,26,4
2358,"""",1406,0,0
2359,"""",1406,3,0
2360,"""",1407,7,0
2361,"""",1408,0,0
2362,"""",1408,1,0
2363,"""",1408,3,0
2364,"""",1408,8,2
2365,"""",1408,18,2
2366,"""",1408,27,3
2367,"""",1409,0,0
2368,"""",1409,2,0
2369,"""",1409,6,3
2370,"""",1411,6,1
2371,"""",1412,3,0
2372,"""",1413,0,0
2373,"""",1413,9,2
2374,"""",1413,11,2
2375,"""",1413,12,2
2376,"""",1413,14,2
2377,"""",1413,17,2
2378,"""",1414,0,0
2379,"""",1414,1,0
2380,"""",1415,0,0
2381,"""",1415,1,0
2382,"""",1416,0,0
2383,"""",1416,1,0
2384,"""",1416,3,0
2385,"""",1416,11,0
2386,"""",1416,13,0
2387,"""",1416,19,2
2388,"""",1417,1,0
2389,"""",1418,0,0
2390,"""",1418,3,0
2391,"""",1418,5,0
2392,"""",1419,0,0
2393,"""",1420,0,0
2394,"""",1420,8,0
2395,"""",1420,10,0
2396,"""",1422,7,0
2397,"""",1422,9,0
2398,"""",1422,10,0
2399,"""",1422,14,0
2400,"""",1422,16,0
2401,"""",1422,25,1
2402,"""",1422,26,1
2403,"""",1422,28,1
2404,"""",1422,31,2
2405,"""",1422,33,2
2406,"""",1423,0,0
2407,"""",1424,0,0
2408,"""",1424,12,2
2409,"""",1424,23,5
2410,"""",1424,30,6
2411,"""",1426,0,0
2412,"""",1426,6,1
2413,"""",1427,0,0
2414,"""",1427,3,1
2415,"""",1427,11,2
2416,"""",1427,14,3
2417,"""",1427,20,3
2418,"""",1427,25,3
2419,"""",1427,27,3
2420,"""",1427,36,3
2421,"""",1427,39,3
2422,"""",1427,40,3
2423,"""",1428,0,0
2424,"""",1428,2,0
2425,"""",1428,3,0
2426,"""",1428,5,0
2427,"""",1429,7,1
2428,"""",1429,12,1
2429,"""",1429,27,5
2430,"""",1429,37,6
2431,"""",1429,39,6
2432,"""",1429,45,8
2433,"""",1430,2,0
2434,"""",1430,5,1
2435,"""",1430,15,4
2436,"""",1430,16,4
2437,"""",1430,18,4
2438,"""",1430,19,4
2439,"""",1431,0,0
2440,"""",1431,2,0
2441,"""",1431,4,0
2442,"""",1431,5,0
2443,"""",1431,6,0
2444,"""",1432,0,0
2445,"""",1432,1,0
2446,"""",1432,3,0
2447,"""",1432,8,1
2448,"""",1432,12,2
2449,"""",1432,14,2
2450,"""",1432,19,2
2451,"""",1432,21,3
2452,"""",1432,23,3
2453,"""",1432,24,3
2454,"""",1433,0,0
2455,"""",1433,1,0
2456,"""",1433,3,0
2457,"""",1434,2,0
2458,"""",1435,0,0
2459,"""",1435,1,0
2460,"""",1435,3,0
2461,"""",1435,8,0
2462,"""",1435,9,0
2463,"""",1435,11,0
2464,"""",1435,14,1
2465,"""",1436,5,0
2466,"""",1436,22,4
2467,"""",1436,23,4
2468,"""",1436,25,4
2469,"""",1436,26,4
2470,"""",1436,27,4
2471,"""",1436,68,9
2472,"""",1436,69,9
2473,"""",1436,71,9
2474,"""",1436,72,9
2475,"""",1436,74,9
2476,"""",1437,0,0
2477,"""",1437,1,0
2478,"""",1437,2,0
2479,"""",1437,4,0
2480,"""",1437,6,0
2481,"""",1438,0,0
2482,"""",1438,4,1
2483,"""",1439,0,0
2484,"""",1439,3,0
2485,"""",1439,5,0
2486,"""",1439,20,5
2487,"""",1439,22,5
2488,"""",1440,1,0
2489,"""",1441,0,0
2490,"""",1441,2,0
2491,"""",1441,9,0
2492,"""",1441,12,1
2493,"""",1441,13,1
2494,"""",1441,14,1
2495,"""",1441,21,1
2496,"""",1441,22,1
2497,"""",1441,24,1
2498,"""",1441,25,1
2499,"""",1442,0,0
2500,"""",1442,2,0
2501,"""",1442,8,2
2502,"""",1442,12,3
2503,"""",1442,13,3
2504,"""",1442,14,3
2505,"""",1442,16,3
2506,"""",1443,0,0
2507,"""",1443,3,0
2508,"""",1443,8,0
2509,"""",1443,19,2
2510,"""",1443,52,7
2511,"""",1443,57,8
2512,"""",1446,0,0
2513,"""",1446,16,3
2514,"""",1446,24,4
2515,"""",1447,0,0
2516,"""",1449,12,3
2517,"""",1449,16,3
2518,"""",1452,28,7
2519,"""",1462,7,1
2520,"""",1462,14,1
2521,"""",1463,0,0
2522,"""",1464,9,2
2523,"""",1464,10,2
2524,"""",1464,13,2
2525,"""",1464,17,2
2526,"""",1465,0,0
2527,"""",1465,1,0
2528,"""",1465,2,0
2529,"""",1466,0,0
2530,"""",1466,1,0
2531,"""",1466,2,0
2532,"""",1466,3,0
2533,"""",1466,5,0
2534,"""",1466,11,2
2535,"""",1467,0,0
2536,"""",1467,2,0
2537,"""",1467,5,0
2538,"""",1468,2,0
2539,"""",1468,18,5
2540,"""",1468,20,5
2541,"""",1468,24,5
2542,"""",1469,0,0
2543,"""",1469,1,0
2544,"""",1469,10,1
2545,"""",1469,14,2
2546,"""",1470,0,0
2547,"""",1470,1,0
2548,"""",1470,3,0
2549,"""",1470,14,1
2550,"""",1470,16,1
2551,"""",1470,19,1
2552,"""",1470,21,1
2553,"""",1470,22,1
2554,"""",1471,0,0
2555,"""",1471,1,0
2556,"""",1471,3,0
2557,"""",1471,4,0
2558,"""",1471,7,0
2559,"""",1471,10,0
2560,"""",1472,0,0
2561,"""",1472,1,0
2562,"""",1472,3,0
2563,"""",1472,5,0
2564,"""",1473,0,0
2565,"""",1473,8,3
2566,"""",1475,0,0
2567,"""",1475,1,0
2568,"""",1475,3,0
2569,"""",1476,0,0
2570,"""",1476,5,0
2571,"""",1476,7,0
2572,"""",1476,8,0
2573,"""",1476,11,0
2574,"""",1476,13,0
2575,"""",1476,21,0
2576,"""",1476,23,0
2577,"""",1476,26,0
2578,"""",1476,36,1
2579,"""",1477,0,0
2580,"""",1477,2,0
2581,"""",1477,6,0
2582,"""",1478,22,6
2583,"""",1478,25,7
2584,"""",1478,29,8
2585,"""",1478,32,8
2586,"""",1479,0,0
2587,"""",1481,7,2
2588,"""",1481,9,2
2589,"""",1481,12,2
2590,"""",1481,15,2
2591,"""",1481,17,2
2592,"""",1482,0,0
2593,"""",1483,13,3
2594,"""",1483,33,8
2595,"""",1483,34,8
2596,"""",1483,35,8
2597,"""",1484,0,0
2598,"""",1484,3,0
2599,"""",1484,6,0
2600,"""",1485,1,1
2601,"""",1485,5,3
2602,"""",1486,18,3
2603,"""",1486,24,3
2604,"""",1487,0,0
2605,"""",1487,2,0
2606,"""",1489,0,0
2607,"""",1489,5,1
2608,"""",1489,7,1
2609,"""",1489,8,1
2610,"""",1489,9,1
2611,"""",1489,12,2
2612,"""",1489,16,2
2613,"""",1490,0,0
2614,"""",1490,1,0
2615,"""",1490,2,0
2616,"""",1490,3,0
2617,"""",1490,5,0
2618,"""",1490,9,0
2619,"""",1490,12,0
2620,"""",1490,29,4
2621,"""",1490,33,5
2622,"""",1490,38,5
2623,"""",1490,39,5
2624,"""",1490,41,5
2625,"""",1490,43,5
2626,"""",1490,51,5
2627,"""",1490,52,5
2628,"""",1491,0,0
2629,"""",1491,1,0
2630,"""",1491,9,1
2631,"""",1491,10,1
2632,"""",1491,12,1
2633,"""",1491,13,1
2634,"""",1492,0,0
2635,"""",1493,0,0
2636,"""",1493,2,0
2637,"""",1493,5,0
2638,"""",1493,10,0
2639,"""",1493,15,0
2640,"""",1493,18,0
2641,"""",1493,19,0
2642,"""",1494,0,0
2643,"""",1494,1,0
2644,"""",1494,2,0
2645,"""",1494,3,0
2646,"""",1494,5,0
2647,"""",1495,0,0
2648,"""",1495,1,0
2649,"""",1495,6,0
2650,"""",1495,12,2
2651,"""",1496,18,1
2652,"""",1496,19,1
2653,"""",1496,25,1
2654,"""",1497,0,0
2655,"""",1497,1,0
2656,"""",1500,0,0
2657,"""",1500,1,0
2658,"""",1500,7,0
2659,"""",1501,13,4
2660,"""",1501,19,4
2661,"""",1504,0,0
2662,"""",1504,1,0
2663,"""",1504,3,0
2664,"""",1504,4,0
2665,"""",1504,6,1
2666,"""",1504,7,1
2667,"""",1505,2,0
2668,"""",1505,4,0
2669,"""",1505,14,0
2670,"""",1505,15,0
2671,"""",1505,17,0
2672,"""",1505,21,0
2673,"""",1506,0,0
2674,"""",1506,2,0
2675,"""",1507,0,0
2676,"""",1507,1,0
2677,"""",1507,3,0
2678,"""",1507,4,0
2679,"""",1507,7,1
2680,"""",1507,11,2
2681,"""",1507,19,5
2682,"""",1507,20,5
2683,"""",1507,23,6
2684,"""",1508,0,0
2685,"""",1508,2,0
2686,"""",1509,5,0
2687,"""",1509,11,1
2688,"""",1510,0,0
2689,"""",1510,2,0
2690,"""",1513,2,0
2691,"""",1513,5,0
2692,"""",1513,7,0
2693,"""",1514,3,1
2694,"""",1515,0,0
2695,"""",1515,1,0
2696,"""",1515,3,0
2697,"""",1515,7,0
2698,"""",1515,13,1
2699,"""",1515,14,1
2700,"""",1515,18,1
2701,"""",1524,15,3
2702,"""",1524,18,3
2703,"""",1525,16,3
2704,"""",1525,19,3
2705,"""",1526,0,0
2706,"""",1526,6,0
2707,"""",1530,19,5
2708,"""",1530,22,5
2709,"""",1531,0,0
2710,"""",1531,3,1
2711,"""",1531,5,1
2712,"""",1531,12,1
2713,"""",1531,13,1
2714,"""",1532,6,1
2715,"""",1532,11,2
2716,"""",1533,19,4
2717,"""",1533,21,4
2718,"""",1533,28,4
2719,"""",1533,29,4
2720,"""",1533,31,4
2721,"""",1534,0,0
2722,"""",1534,4,0
2723,"""",1535,1,0
2724,"""",1535,13,2
2725,"""",1535,17,2
2726,"""",1535,20,2
2727,"""",1535,21,2
2728,"""",1535,23,2
2729,"""",1535,33,5
2730,"""",1535,41,6
2731,"""",1539,8,1
2732,"""",1541,13,1
2733,"""",1541,17,1
2734,"""",1542,0,0
2735,"""",1542,3,0
2736,"""",1542,10,1
2737,"""",1542,12,1
2738,"""",1542,15,1
2739,"""",1543,0,0
2740,"""",1544,0,0
2741,"""",1544,3,0
2742,"""",1544,17,3
2743,"""",1545,0,0
2744,"""",1546,4,0
2745,"""",1546,7,0
2746,"""",1548,35,10
2747,"""",1548,37,10
2748,"""",1548,43,10
2749,"""",1548,48,10
2750,"""",1548,53,12
2751,"""",1549,0,0
2752,"""",1549,17,3
2753,"""",1549,20,4
2754,"""",1549,28,6
2755,"""",1549,33,7
2756,"""",1552,0,0
2757,"""",1554,4,1
2758,"""",1554,6,1
2759,"""",1555,0,0
2760,"""",1555,14,3
2761,"""",1555,16,3
2762,"""",1556,0,0
2763,"""",1556,3,0
2764,"""",1556,4,0
2765,"""",1557,0,0
2766,"""",1558,0,0
2767,"""",1558,11,1
2768,"""",1560,0,0
2769,"""",1560,4,0
2770,"""",1560,7,0
2771,"""",1560,9,0
2772,"""",1561,5,2
2773,"""",1561,6,2
2774,"""",1561,8,2
2775,"""",1561,21,2
2776,"""",1562,0,0
2777,"""",1563,4,0
2778,"""",1563,6,0
2779,"""",1563,7,0
2780,"""",1565,0,0
2781,"""",1565,2,0
2782,"""",1565,4,0
2783,"""",1567,0,0
2784,"""",1567,2,0
2785,"""",1567,3,0
2786,"""",1567,11,2
2787,"""",1576,2,0
2788,"""",1576,6,1
2789,"""",1577,0,0
2790,"""",1577,7,2
2791,"""",1577,11,4
2792,"""",1577,12,4
2793,"""",1578,0,0
2794,"""",1578,1,0
2795,"""",1578,3,0
2796,"""",1579,2,0
2797,"""",1580,0,0
2798,"""",1580,1,0
2799,"""",1580,8,2
2800,"""",1580,9,2
2801,"""",1580,13,2
2802,"""",1582,12,2
2803,"""",1582,17,2
2804,"""",1582,19,2
2805,"""",1583,0,0
2806,"""",1583,1,0
2807,"""",1583,2,0
2808,"""",1584,0,0
2809,"""",1584,1,0
2810,"""",1584,3,0
2811,"""",1584,4,0
2812,"""",1585,0,0
2813,"""",1585,1,0
2814,"""",1585,4,0
2815,"""",1585,8,1
2816,"""",1585,10,1
2817,"""",1585,11,1
2818,"""",1585,12,1
2819,"""",1585,13,1
2820,"""",1585,14,1
2821,"""",1585,16,2
2822,"""",1586,0,0
2823,"""",1586,1,0
2824,"""",1586,2,0
2825,"""",1586,3,0
2826,"""",1586,4,0
2827,"""",1586,6,0
2828,"""",1586,15,0
2829,"""",1586,17,0
2830,"""",1587,0,0
2831,"""",1588,0,0
2832,"""",1588,1,0
2833,"""",1588,2,0
2834,"""",1589,0,0
2835,"""",1589,2,0
2836,"""",1589,4,0
2837,"""",1590,0,0
2838,"""",1595,0,0
2839,"""",1595,2,0
2840,"""",1595,11,3
2841,"""",1595,14,3
2842,"""",1596,0,0
2843,"""",1596,3,0
2844,"""",1597,0,0
2845,"""",1597,29,4
2846,"""",1598,4,0
2847,"""",1598,9,0
2848,"""",1600,5,2
2849,"""",1600,8,3
2850,"""",1604,0,0
2851,"""",1604,4,0
2852,"""",1605,21,6
2853,"""",1606,3,0
2854,"""",1607,0,0
2855,"""",1607,6,1
2856,"""",1609,5,0
2857,"""",1611,7,3
2858,"""",1611,10,3
2859,"""",1611,20,3
2860,"""",1611,21,3
2861,"""",1611,24,4
2862,"""",1614,24,5
2863,"""",1614,37,7
2864,"""",1617,0,0
2865,"""",1618,10,1
2866,"""",1620,0,0
2867,"""",1620,3,0
2868,"""",1621,0,0
2869,"""",1623,2,0
2870,"""",1624,0,0
2871,"""",1624,1,0
2872,"""",1624,5,0
2873,"""",1626,0,0
2874,"""",1626,1,0
2875,"""",1627,0,0
2876,"""",1628,0,0
2877,"""",1628,10,3
2878,"""",1628,14,3
2879,"""",1628,25,5
2880,"""",1628,38,7
2881,"""",1630,3,1
2882,"""",1630,5,1
2883,"""",1630,6,1
2884,"""",1631,0,0
2885,"""",1634,7,2
2886,"""",1635,0,0
2887,"""",1635,1,0
2888,"""",1635,2,0
2889,"""",1635,4,0
2890,"""",1636,8,1
2891,"""",1637,0,0
2892,"""",1637,6,0
2893,"""",1637,9,0
2894,"""",1637,14,0
2895,"""",1637,18,2
2896,"""",1637,20,2
2897,"""",1637,27,2
2898,"""",1637,33,2
2899,"""",1637,38,2
2900,"""",1637,41,2
2901,"""",1638,2,1
2902,"""",1638,5,1
2903,"""",1638,8,1
2904,"""",1638,9,1
2905,"""",1638,11,1
2906,"""",1639,0,0
2907,"""",1639,4,0
2908,"""",1639,6,0
2909,"""",1639,8,1
2910,"""",1639,12,1
2911,"""",1639,13,1
2912,"""",1639,14,1
2913,"""",1639,21,2
2914,"""",1640,0,0
2915,"""",1646,11,5
2916,"""",1646,13,5
2917,"""",1650,7,3
2918,"""",1650,9,3
2919,"""",1650,10,3
2920,"""",1652,0,0
2921,"""",1653,5,2
2922,"""",1653,15,4
2923,"""",1653,16,4
2924,"""",1654,6,1
2925,"""",1655,0,0
2926,"""",1655,3,0
2927,"""",1656,12,1
2928,"""",1656,15,1
2929,"""",1656,16,1
2930,"""",1656,18,1
2931,"""",1656,22,1
2932,"""",1657,0,0
2933,"""",1660,15,7
2934,"""",1660,19,7
2935,"""",1660,27,8
2936,"""",1660,29,8
2937,"""",1660,30,8
2938,"""",1660,32,8
2939,"""",1662,0,0
2940,"""",1662,1,0
2941,"""",1662,4,0
2942,"""",1662,7,0
2943,"""",1662,10,0
2944,"""",1662,15,1
2945,"""",1662,16,1
2946,"""",1662,20,2
2947,"""",1665,5,1
2948,"""",1665,6,1
2949,"""",1665,8,1
2950,"""",1665,9,1
2951,"""",1665,16,4
2952,"""",1665,19,4
2953,"""",1665,20,4
2954,"""",1665,22,4
2955,"""",1665,23,4
2956,"""",1665,46,9
2957,"""",1665,51,9
2958,"""",1666,0,0
2959,"""",1666,4,0
2960,"""",1666,6,0
2961,"""",1666,8,0
2962,"""",1667,0,0
2963,"""",1678,2,1
2964,"""",1678,17,4
2965,"""",1678,19,4
2966,"""",1678,21,5
2967,"""",1678,23,5
2968,"""",1680,5,2
2969,"""",1681,0,0
2970,"""",1683,0,0
2971,"""",1683,2,0
2972,"""",1687,1,0
2973,"""",1687,4,0
2974,"""",1687,8,0
2975,"""",1688,21,5
2976,"""",1689,0,0
2977,"""",1690,0,0
2978,"""",1690,3,0
2979,"""",1690,5,0
2980,"""",1691,0,0
2981,"""",1691,2,1
2982,"""",1691,5,1
2983,"""",1691,7,1
2984,"""",1691,8,1
2985,"""",1692,0,0
2986,"""",1692,6,2
2987,"""",1693,6,0
2988,"""",1694,8,1
2989,"""",1694,12,1
2990,"""",1694,13,1
2991,"""",1694,14,1
2992,"""",1694,16,1
2993,"""",1694,17,1
2994,"""",1694,22,1
2995,"""",1694,23,1
2996,"""",1694,24,1
2997,"""",1695,0,0
2998,"""",1696,0,0
2999,"""",1696,1,0
3000,"""",1696,6,2
3001,"""",1696,10,3
3002,"""",1697,0,0
3003,"""",1697,25,5
3004,"""",1697,28,5
3005,"""",1699,16,5
3006,"""",1699,18,5
3007,"""",1699,19,5
3008,"""",1701,7,2
3009,"""",1701,9,2
3010,"""",1702,5,1
3011,"""",1703,0,0
3012,"""",1703,5,1
3013,"""",1704,0,0
3014,"""",1707,5,1
3015,"""",1707,9,2
3016,"""",1710,0,0
3017,"""",1711,6,0
3018,"""",1711,11,0
3019,"""",1711,12,0
3020,"""",1711,13,0
3021,"""",1712,0,0
3022,"""",1712,1,0
3023,"""",1713,0,0
3024,"""",1713,1,0
3025,"""",1713,2,0
3026,"""",1713,3,0
3027,"""",1715,6,0
3028,"""",1715,9,0
3029,"""",1715,13,1
3030,"""",1715,15,1
3031,"""",1716,0,0
3032,"""",1716,3,0
3033,"""",1717,0,0
3034,"""",1717,12,3
3035,"""",1718,2,0
3036,"""",1718,3,0
3037,"""",1718,11,1
3038,"""",1718,14,2
3039,"""",1718,16,2
3040,"""",1719,0,0
3041,"""",1719,2,0
3042,"""",1719,3,0
3043,"""",1720,0,0
3044,"""",1720,1,0
3045,"""",1720,6,1
3046,"""",1720,11,2
3047,"""",1720,12,2
3048,"""",1720,13,2
3049,"""",1720,15,2
3050,"""",1720,16,2
3051,"""",1720,19,2
3052,"""",1720,29,4
3053,"""",1720,37,4
3054,"""",1720,38,4
3055,"""",1720,43,5
3056,"""",1720,47,5
3057,"""",1721,0,0
3058,"""",1721,5,0
3059,"""",1722,0,0
3060,"""",1722,1,0
3061,"""",1722,3,0
3062,"""",1722,4,0
3063,"""",1722,7,1
3064,"""",1729,7,1
3065,"""",1729,9,1
3066,"""",1729,29,8
3067,"""",1730,0,0
3068,"""",1730,2,0
3069,"""",1730,4,0
3070,"""",1730,7,0
3071,"""",1730,9,0
3072,"""",1731,2,0
3073,"""",1731,3,0
3074,"""",1731,5,0
3075,"""",1731,9,1
3076,"""",1732,11,2
3077,"""",1732,18,3
3078,"""",1732,20,3
3079,"""",1732,22,3
3080,"""",1732,24,3
3081,"""",1732,27,4
3082,"""",1732,29,4
3083,"""",1734,3,0
3084,"""",1734,5,0
3085,"""",1735,6,1
3086,"""",1735,7,1
3087,"""",1736,12,4
3088,"""",1736,13,4
3089,"""",1737,21,5
3090,"""",1737,22,5
3091,"""",1737,25,5
3092,"""",1738,0,0
3093,"""",1739,1,0
3094,"""",1739,4,0
3095,"""",1739,11,3
3096,"""",1739,14,3
3097,"""",1739,17,3
3098,"""",1739,27,5
3099,"""",1739,28,5
3100,"""",1739,30,5
3101,"""",1739,31,5
3102,"""",1739,34,6
3103,"""",1739,35,6
3104,"""",1739,37,7
3105,"""",1739,38,7
3106,"""",1740,0,0
3107,"""",1740,10,2
3108,"""",1740,11,2
3109,"""",1740,14,3
3110,"""",1740,15,3
3111,"""",1741,3,0
3112,"""",1741,4,0
3113,"""",1741,10,2
3114,"""",1742,0,0
3115,"""",1742,1,0
3116,"""",1744,0,0
3117,"""",1744,3,0
3118,"""",1744,5,0
3119,"""",1744,7,0
3120,"""",1744,12,1
3121,"""",1744,22,4
3122,"""",1744,23,4
3123,"""",1745,0,0
3124,"""",1745,1,0
3125,"""",1747,0,0
3126,"""",1747,1,0
3127,"""",1748,0,0
3128,"""",1748,1,0
3129,"""",1748,2,0
3130,"""",1748,3,0
3131,"""",1749,4,0
3132,"""",1749,6,0
3133,"""",1749,8,0
3134,"""",1749,9,0
3135,"""",1749,19,1
3136,"""",1749,20,1
3137,"""",1749,22,1
3138,"""",1749,23,1
3139,"""",1749,24,1
3140,"""",1750,1,0
3141,"""",1751,0,0
3142,"""",1751,3,1
3143,"""",1756,0,0
3144,"""",1756,1,0
3145,"""",1756,3,0
3146,"""",1766,5,1
3147,"""",1767,0,0
3148,"""",1770,5,0
3149,"""",1771,0,0
3150,"""",1771,1,0
3151,"""",1771,4,0
3152,"""",1771,7,0
3153,"""",1772,0,0
3154,"""",1772,1,0
3155,"""",1772,3,0
3156,"""",1772,4,0
3157,"""",1773,0,0
3158,"""",1773,1,0
3159,"""",1773,4,0
3160,"""",1776,5,2
3161,"""",1776,8,2
3162,"""",1777,0,0
3163,"""",1778,0,0
3164,"""",1780,0,0
3165,"""",1781,0,0
3166,"""",1783,1,0
3167,"""",1784,0,0
3168,"""",1784,11,2
3169,"""",1785,0,0
3170,"""",1786,1,0
3171,"""",1789,22,10
3172,"""",1789,24,10
3173,"""",1792,0,0
3174,"""",1794,6,1
3175,"""",1795,0,0
3176,"""*",1383,0,0
3177,"""93",1049,4,2
3178,"""ah",785,10,0
3179,"""ah",1284,8,1
3180,"""ah!",327,24,2
3181,"""ah!""",827,89,15
3182,"""alec",380,12,0
3183,"""alfred",1446,23,4
3184,"""all",987,3,0
3185,"""all",1025,86,10
3186,"""along",13,22,10
3187,"""american",1165,3,0
3188,"""and",339,8,0
3189,"""and",1354,5,0
3190,"""and",1373,8,1
3191,"""and",1548,41,10
3192,"""are",67,2,0
3193,"""are",804,12,2
3194,"""are",1701,12,2
3195,"""as",620,1,0
3196,"""as",1338,3,0
3197,"""as",1662,23,2
3198,"""but",605,1,0
3199,"""by",346,7,1
3200,"""by",1422,12,0
3201,"""by",1660,13,7
3202,"""c",1049,0,0
3203,"""cap",1196,2,0
3204,"""castaigne",118,22,5
3205,"""cer",930,9,2
3206,"""certainly",1354,0,0
3207,"""chicken",1044,1,0
3208,"""child",415,10,1
3209,"""colette!",1240,11,2
3210,"""come",112,7,0
3211,"""come",212,0,0
3212,"""come",307,2,0
3213,"""come",413,3,1
3214,"""damn",1709,1,1
3215,"""dieu",1732,9,2
3216,"""do",1531,8,1
3217,"""do",1660,16,7
3218,"""do",1666,9,0
3219,"""don",1496,28,1
3220,"""flit",1791,27,8
3221,"""for",1500,11,1
3222,"""genevieve",408,7,0
3223,"""get",260,2,0
3224,"""give",1373,2,1
3225,"""go",315,25,7
3226,"""go",594,20,0
3227,"""go",634,6,0
3228,"""good",1141,16,1
3229,"""good",1478,30,8
3230,"""have",1739,20,3
3231,"""he",231,6,0
3232,"""here",931,26,3
3233,"""how",1462,5,1
3234,"""how",1595,12,3
3235,"""i",1,8,0
3236,"""i",50,13,4
3237,"""i",107,0,0
3238,"""i",159,14,2
3239,"""i",304,16,0
3240,"""i",338,26,6
3241,"""i",346,12,1
3242,"""i",381,3,0
3243,"""i",589,39,6
3244,"""i",728,5,2
3245,"""i",821,56,14
3246,"""i",830,8,1
3247,"""i",859,1,0
3248,"""i",1024,27,5
3249,"""i",1045,7,0
3250,"""i",1240,1,0
3251,"""i",1363,34,2
3252,"""i",1404,3,0
3253,"""i",1424,25,5
3254,"""i",1427,37,3
3255,"""i",1481,21,3
3256,"""i",1490,48,5
3257,"""i",1500,3,0
3258,"""i",1508,3,0
3259,"""i",1576,7,1
3260,"""i",1595,20,3
3261,"""i",1666,7,0
3262,"""if",785,3,0
3263,"""if",885,6,1
3264,"""if",910,0,0
3265,"""imustre",1478,33,8
3266,"""in",812,23,5
3267,"""into",954,8,0
3268,"""it",621,0,0
3269,"""it",990,61,14
3270,"""it",1386,7,2
3271,"""it",1417,3,0
3272,"""it",1783,2,0
3273,"""j",376,0,0
3274,"""j",1548,40,10
3275,"""jack",998,11,1
3276,"""jack",1124,10,4
3277,"""jack?""",986,12,4
3278,"""jeanne",862,9,0
3279,"""jessed",860,5,0
3280,"""just",158,0,0
3281,"""just",1047,6,0
3282,"""just",1372,14,1
3283,"""lam",847,5,0
3284,"""look",1038,10,3
3285,"""lunatic",67,14,1
3286,"""make",1446,28,5
3287,"""monsieur",1358,7,2
3288,"""must",1126,11,1
3289,"""my",202,62,17
3290,"""never",1365,3,0
3291,"""no",796,8,2
3292,"""no",1635,3,0
3293,"""no!""",691,8,3
3294,"""no!""",691,16,6
3295,"""not",1482,1,0
3296,"""not",1557,1,0
3297,"""not",1609,0,0
3298,"""of",61,33,8
3299,"""of",237,1,0
3300,"""of",304,15,0
3301,"""of",1076,4,0
3302,"""of",1235,3,0
3303,"""of",1634,8,2
3304,"""oh",193,8,0
3305,"""oh",847,1,0
3306,"""oh",990,60,14
3307,"""oh",1426,1,0
3308,"""oh",1428,1,0
3309,"""oh",1464,18,2
3310,"""oh",1606,2,0
3311,"""oh",1771,5,0
3312,"""oh",1783,0,0
3313,"""on",1478,17,5
3314,"""ours",1268,34,6
3315,"""out",236,38,2
3316,"""pardon",1549,26,6
3317,"""petit",1303,19,0
3318,"""pray",882,4,0
3319,"""providence",1560,13,0
3320,"""puss",928,8,2
3321,"""see",1739,15,3
3322,"""shall",481,16,3
3323,"""she",242,17,3
3324,"""she",1281,2,0
3325,"""shut",1046,10,1
3326,"""since",1381,1,0
3327,"""sixteen",1025,101,13
3328,"""so",593,16,1
3329,"""so",1092,5,0
3330,"""so",1596,1,0
3331,"""stabbed",905,12,0
3332,"""sweetheart",202,59,17
3333,"""syl",1081,31,1
3334,"""sylvia",1119,23,2
3335,"""take",1637,12,0
3336,"""that",169,0,0
3337,"""that",891,4,0
3338,"""that",990,57,14
3339,"""that",993,29,5
3340,"""that",1043,24,1
3341,"""that",1112,18,3
3342,"""that",1241,0,0
3343,"""that",1316,14,8
3344,"""that",1509,8,1
3345,"""that",1596,7,0
3346,"""that",1692,7,2
3347,"""the",103,5,0
3348,"""the",269,8,3
3349,"""the",425,35,6
3350,"""the",515,1,0
3351,"""the",609,5,1
3352,"""the",731,32,7
3353,"""the",743,44,8
3354,"""the",801,10,2
3355,"""the",1029,1,0
3356,"""the",1047,0,0
3357,"""then",1342,11,3
3358,"""there",159,10,2
3359,"""there",957,1,0
3360,"""they",855,0,0
3361,"""they",1064,11,1
3362,"""think",905,2,0
3363,"""this",802,0,0
3364,"""this",1071,6,0
3365,"""throw",1408,23,2
3366,"""tiens",1089,4,0
3367,"""to",785,14,0
3368,"""to",1056,55,6
3369,"""to",1079,3,1
3370,"""to",1106,44,8
3371,"""to",1441,5,0
3372,"""truth",903,4,0
3373,"""try",484,0,0
3374,"""two",1014,6,0
3375,"""valentine",1292,61,13
3376,"""very",846,63,12
3377,"""voyons""",1699,12,4
3378,"""was",907,1,0
3379,"""was",993,31,5
3380,"""was",1554,8,1
3381,"""we",162,10,0
3382,"""we",1467,1,0
3383,"""we",1665,17,4
3384,"""well",103,1,0
3385,"""well",785,1,0
3386,"""well",1335,2,0
3387,"""well",1414,3,0
3388,"""well",1490,42,5
3389,"""well",1560,1,0
3390,"""well?""",1441,11,1
3391,"""were",1206,15,1
3392,"""west",1004,4,0
3393,"""what",620,18,4
3394,"""what",919,11,1
3395,"""what",1118,1,0
3396,"""what",1118,5,0
3397,"""what",1292,65,13
3398,"""what",1361,17,3
3399,"""what",1416,7,0
3400,"""what",1443,26,3
3401,"""what",1464,0,0
3402,"""what",1590,2,0
3403,"""what",1656,0,0
3404,"""what",1687,0,0
3405,"""when",1323,7,1
3406,"""where",1560,5,0
3407,"""whether",1360,8,0
3408,"""whichever",389,14,3
3409,"""who",112,0,0
3410,"""who",381,5,0
3411,"""who",627,35,5
3412,"""who",910,6,1
3413,"""why",936,3,1
3414,"""why",1420,3,0
3415,"""why",1429,24,4
3416,"""will",1241,1,0
3417,"""win",863,4,0
3418,"""wings",1464,16,2
3419,"""with",1595,9,3
3420,"""yes",114,5,0
3421,"""yes",230,5,1
3422,"""yes",589,35,6
3423,"""yes",606,3,0
3424,"""yes",642,3,0
3425,"""yes",645,19,1
3426,"""yes",1048,1,0
3427,"""yes",1061,25,8
3428,"""yes",1159,29,6
3429,"""yes",1417,0,0
3430,"""yes",1431,1,0
3431,"""yes",1744,27,4
3432,"""yes",1750,0,0
3433,"""you",308,6,0
3434,"""you",315,29,8
3435,"""you",327,29,2
3436,"""you",371,20,1
3437,"""you",413,13,1
3438,"""you",593,10,0
3439,"""you",903,0,0
3440,"""you",1043,78,10
3441,"""you",1362,1,0
3442,"""you",1387,4,0
3443,"""you",1424,34,6
3444,"""you",1473,4,2
3445,"""you",1505,18,0
3446,"""you",1509,13,1
3447,"""you",1547,0,0
3448,"""you",1637,21,2
3449,"""you",1654,2,0
3450,"""you",1661,9,1
3451,"""your",1136,12,4
3452,$30,258,8,0
3453,$ea,751,10,5
3454,&gt;,19,17,5
3455,&gt;,65,9,3
3456,&gt;jl,1539,11,1
3457,&lt;,158,16,2
3458,&lt;,863,0,0
3459,&lt;,911,12,0
3460,&lt;,1024,4,0
3461,&lt;,1614,20,5
3462,&lt;(,1436,75,9
3463,&lt;*,1292,28,4
3464,(^a,818,40,7
3465,(she,529,84,23
3466,(white,1097,1,0
3467,),329,0,0
3468,),529,96,25
3469,*,49,0,0
3470,*,159,54,4
3471,*,168,41,6
3472,*,170,2,1
3473,*,180,0,0
3474,*,184,1,0
3475,*,192,2,1
3476,*,231,7,0
3477,*,239,16,2
3478,*,262,5,1
3479,*,303,4,0
3480,*,612,3,0
3481,*,712,15,2
3482,*,743,30,6
3483,*,743,31,6
3484,*,743,32,6
3485,*,743,33,6
3486,*,743,34,6
3487,*,743,35,6
3488,*,753,6,1
3489,*,753,7,1
3490,*,753,8,1
3491,*,753,9,1
3492,*,753,10,1
3493,*,754,6,2
3494,*,888,37,7
3495,*,892,18,1
3496,*,896,8,0
3497,*,914,4,0
3498,*,914,6,0
3499,*,914,7,0
3500,*,914,8,0
3501,*,974,22,5
3502,*,1002,10,0
3503,*,1269,0,0
3504,*,1302,21,4
3505,*,1342,6,2
3506,*,1361,18,3
3507,*,1363,8,0
3508,*,1363,11,0
3509,*,1435,6,0
3510,*,1465,3,0
3511,*,1493,12,0
3512,*,1495,4,0
3513,*,1549,24,5
3514,*,1625,13,4
3515,*,1625,15,4
3516,*,1688,19,5
3517,*,1770,0,0
3518,*,1770,1,0
3519,*,1770,2,0
3520,*,1770,3,0
3521,*,1770,4,0
3522,**,65,10,3
3523,**,191,8,2
3524,**,382,4,1
3525,**,607,2,0
3526,**,1043,18,1
3527,**,1361,14,3
3528,**,1365,0,0
3529,**,1368,7,0
3530,**,1688,18,5
3531,**,1695,2,0
3532,**,1713,6,0
3533,*e,632,1,0
3534,*een,779,1,0
3535,0,6,1,0
3536,000,258,9,0
3537,02,538,2,0
3538,04,551,5,1
3539,04,1118,19,1
3540,0hort,1284,7,1
3541,1,28,53,16
3542,1,36,0,0
3543,1,167,3,2
3544,1,220,21,3
3545,1,315,38,9
3546,1,326,39,6
3547,1,326,54,9
3548,1,370,8,0
3549,1,376,1,0
3550,1,567,16,2
3551,1,569,18,3
3552,1,580,4,0
3553,1,630,5,1
3554,1,744,28,4
3555,1,796,7,2
3556,1,812,29,5
3557,1,821,68,15
3558,1,833,19,1
3559,1,894,0,0
3560,1,900,22,2
3561,1,914,12,0
3562,1,920,3,0
3563,1,1017,14,3
3564,1,1082,2,1
3565,1,1106,34,6
3566,1,1114,2,0
3567,1,1270,22,5
3568,1,1277,22,5
3569,1,1286,32,2
3570,1,1308,8,2
3571,1,1439,35,6
3572,1,1443,51,7
3573,1,1462,23,2
3574,1,1638,3,1
3575,1,1646,17,6
3576,1,1731,7,1
3577,10,1085,8,0
3578,102,587,5,0
3579,104,597,2,1
3580,11,1100,14,1
3581,11,1452,18,4
3582,11,1548,46,10
3583,11,1586,7,0
3584,11,1739,12,3
3585,111,1697,47,12
3586,114,1,3,0
3587,117,700,2,1
3588,12,30,1,0
3589,12,731,25,6
3590,12,747,11,2
3591,120,720,40,5
3592,121,728,30,4
3593,124,739,21,2
3594,131,13,10,5
3595,132,759,23,4
3596,134,772,0,0
3597,139,809,9,2
3598,14,854,20,4
3599,14,1143,2,0
3600,14*,821,40,10
3601,144,827,44,9
3602,145,830,2,1
3603,1450,60,8,0
3604,155,13,13,6
3605,1573,884,0,0
3606,16,1361,3,0
3607,167,13,15,7
3608,17,1047,43,4
3609,17,1048,10,1
3610,170,982,12,5
3611,174,952,29,6
3612,175,961,5,2
3613,179,13,17,8
3614,182,993,21,1
3615,1870,989,1,0
3616,1877,118,25,5
3617,1897,151,5,2
3618,19,256,6,3
3619,1918,256,7,3
3620,1919,258,13,0
3621,1920,42,11,2
3622,1i2,666,7,1
3623,2,78,14,3
3624,2,96,5,2
3625,2,116,6,2
3626,2,123,6,3
3627,2,142,40,8
3628,2,150,25,9
3629,2,166,12,2
3630,2,312,4,1
3631,2,370,30,4
3632,2,495,27,6
3633,2,1132,2,1
3634,2,1151,8,3
3635,2,1230,14,7
3636,2,1245,16,2
3637,2,1278,0,0
3638,2,1304,24,8
3639,2,1316,12,7
3640,2,1413,29,3
3641,2,1420,15,0
3642,2,1439,2,0
3643,2,1468,4,1
3644,2,1476,4,0
3645,2,1479,1,0
3646,2,1549,23,5
3647,2,1561,10,2
3648,2,1611,13,3
3649,2,1619,1,0
3650,2,1646,14,5
3651,2,1660,21,8
3652,2,1665,33,6
3653,2,1688,14,4
3654,2,1804,22,1
3655,20,154,7,2
3656,20,1122,10,2
3657,20,1759,11,3
3658,201,1277,13,3
3659,202,1106,7,0
3660,202,1667,1,0
3661,202,1729,26,6
3662,203,1110,2,1
3663,209,1141,5,1
3664,210,1143,3,0
3665,212,1159,12,0
3666,213,1170,3,2
3667,217,1205,7,1
3668,219,1222,15,2
3669,22,84,28,6
3670,22,1265,18,2
3671,22$,1260,3,1
3672,220,1226,32,8
3673,222,1236,24,10
3674,224,1250,28,4
3675,232,1291,7,0
3676,234,1299,13,2
3677,24,106,1,0
3678,24,1342,8,2
3679,242,1361,4,0
3680,244,1374,14,4
3681,246,1387,2,0
3682,248,1405,16,3
3683,266,1509,6,0
3684,27,1539,7,1
3685,272,1544,10,2
3686,279,1597,2,0
3687,285,13,20,9
3688,285,1632,3,1
3689,286,1632,4,1
3690,287,1639,10,1
3691,289,1654,1,0
3692,28th,255,11,3
3693,293,1675,10,1
3694,2^4,1490,30,4
3695,2^8,1700,40,15
3696,2c2,1424,26,5
3697,2i,1178,22,5
3698,2i,1185,4,1
3699,2i,1214,8,3
3700,2o,73,12,1
3701,2oo,1095,1,0
3702,2oth,258,12,0
3703,3,1279,0,0
3704,3,1717,4,1
3705,3!,159,41,3
3706,306,1759,12,3
3707,31,417,19,5
3708,313,1812,4,2
3709,34,1740,5,1
3710,349,1407,0,0
3711,35,192,1,1
3712,36,503,3,0
3713,37,133,15,5
3714,3d,92,1,0
3715,3d,200,1,0
3716,3d,240,1,0
3717,3io,1789,26,10
3718,3o,1100,3,1
3719,3tewed,1098,6,0
3720,4,175,1,0
3721,4,269,13,3
3722,4,276,8,1
3723,4,326,52,8
3724,4,1505,24,1
3725,4&lt;,293,4,0
3726,4&lt;,1611,11,3
3727,41,118,14,4
3728,41,290,21,2
3729,41,720,1,0
3730,41,1292,21,3
3731,41,1372,26,5
3732,41,1493,16,0
3733,41,1539,6,1
3734,41,1695,1,0
3735,44,252,17,1
3736,44,404,1,0
3737,44,1627,2,0
3738,4i,1194,7,2
3739,540ggg,12,6,2
3740,57,13,4,2
3741,57,337,4,0
3742,58,404,19,2
3743,59,897,1,1
3744,5e0ter,903,18,2
3745,5th,139,5,2
3746,6,199,14,0
3747,6,407,4,2
3748,6,495,26,6
3749,65,385,29,9
3750,6cole,989,0,0
3751,6oth,1170,7,2
3752,6th,96,20,4
3753,7,1091,16,3
3754,7,1614,11,3
3755,7,1697,8,1
3756,73,429,7,2
3757,74,434,19,5
3758,79,476,7,3
3759,8,680,6,1
3760,8,1086,0,0
3761,85,13,6,3
3762,9,13,2,1
3763,93,542,17,2
3764,95,560,7,1
3765,95,1061,13,6
3766,99,13,8,4
3767,99,574,11,6
3768,:,44,8,2
3769,:,50,19,4
3770,:,67,23,3
3771,:,70,15,3
3772,:,72,3,0
3773,:,199,20,2
3774,:,209,21,3
3775,:,290,20,2
3776,:,328,4,1
3777,:,328,7,1
3778,:,328,16,1
3779,:,328,18,1
3780,:,405,18,5
3781,:,433,6,3
3782,:,495,12,2
3783,:,503,35,5
3784,:,510,4,1
3785,:,514,18,3
3786,:,525,47,7
3787,:,525,61,11
3788,:,526,10,1
3789,:,526,26,3
3790,:,528,29,8
3791,:,529,97,25
3792,:,529,118,31
3793,:,529,129,33
3794,:,534,4,0
3795,:,535,5,1
3796,:,537,5,1
3797,:,540,31,7
3798,:,563,2,1
3799,:,571,17,7
3800,:,573,18,4
3801,:,573,73,12
3802,:,587,36,5
3803,:,627,11,2
3804,:,635,24,6
3805,:,636,3,0
3806,:,648,9,3
3807,:,656,12,3
3808,:,709,14,0
3809,:,718,12,2
3810,:,748,26,5
3811,:,752,15,3
3812,:,754,14,3
3813,:,779,8,2
3814,:,816,29,6
3815,:,818,22,6
3816,:,819,10,1
3817,:,828,10,0
3818,:,863,14,2
3819,:,873,5,1
3820,:,882,3,0
3821,:,887,1,0
3822,:,888,21,3
3823,:,888,31,7
3824,:,901,14,0
3825,:,913,4,1
3826,:,928,7,2
3827,:,936,2,1
3828,:,937,30,6
3829,:,971,30,7
3830,:,991,2,0
3831,:,994,3,0
3832,:,994,6,0
3833,:,1002,7,0
3834,:,1002,25,1
3835,:,1003,12,2
3836,:,1003,34,6
3837,:,1009,25,2
3838,:,1014,2,0
3839,:,1020,21,7
3840,:,1025,6,0
3841,:,1029,7,0
3842,:,1040,14,2
3843,:,1042,42,4
3844,:,1043,62,7
3845,:,1047,39,4
3846,:,1050,31,1
3847,:,1056,46,5
3848,:,1056,54,6
3849,:,1057,3,0
3850,:,1059,2,1
3851,:,1066,3,1
3852,:,1069,7,2
3853,:,1072,7,3
3854,:,1082,21,11
3855,:,1106,70,14
3856,:,1167,12,3
3857,:,1206,5,1
3858,:,1235,13,1
3859,:,1253,24,7
3860,:,1277,21,5
3861,:,1323,6,1
3862,:,1357,5,0
3863,:,1413,27,3
3864,:,1597,28,4
3865,:,1619,4,1
3866,:,1623,1,0
3867,:,1628,24,5
3868,:,1633,9,3
3869,:,1637,26,2
3870,:,1637,37,2
3871,:,1697,4,1
3872,:,1697,24,5
3873,:,1732,17,3
3874,:,1766,4,1
3875,:ere,1072,1,0
3876,:spoke,115,2,1
3877,;,19,4,0
3878,;,19,16,5
3879,;,20,0,0
3880,;,21,10,6
3881,;,27,11,5
3882,;,29,6,3
3883,;,31,17,3
3884,;,33,34,4
3885,;,36,9,3
3886,;,38,7,3
3887,;,38,14,6
3888,;,42,36,8
3889,;,70,12,3
3890,;,85,4,0
3891,;,103,16,2
3892,;,104,17,7
3893,;,104,22,8
3894,;,104,26,9
3895,;,150,11,5
3896,;,153,2,0
3897,;,158,6,1
3898,;,158,8,1
3899,;,159,47,4
3900,;,159,49,4
3901,;,168,44,6
3902,;,169,3,0
3903,;,171,26,3
3904,;,181,6,0
3905,;,184,10,0
3906,;,192,4,1
3907,;,198,23,5
3908,;,199,1,0
3909,;,199,18,2
3910,;,202,46,13
3911,;,202,50,13
3912,;,205,21,4
3913,;,209,3,0
3914,;,217,22,3
3915,;,217,29,4
3916,;,226,16,0
3917,;,240,12,2
3918,;,242,16,3
3919,;,255,18,5
3920,;,270,6,3
3921,;,276,2,0
3922,;,283,18,5
3923,;,327,16,1
3924,;,355,5,1
3925,;,367,35,9
3926,;,369,8,0
3927,;,370,17,1
3928,;,370,29,4
3929,;,371,18,1
3930,;,380,9,0
3931,;,382,3,1
3932,;,382,10,2
3933,;,384,18,8
3934,;,386,39,3
3935,;,386,48,5
3936,;,393,8,1
3937,;,393,21,6
3938,;,408,21,1
3939,;,413,37,6
3940,;,414,10,2
3941,;,417,24,7
3942,;,423,4,1
3943,;,424,11,1
3944,;,427,12,4
3945,;,429,27,4
3946,;,434,3,0
3947,;,434,47,9
3948,;,434,62,10
3949,;,439,8,0
3950,;,448,12,2
3951,;,451,7,1
3952,;,456,18,4
3953,;,462,11,1
3954,;,480,4,0
3955,;,486,2,0
3956,;,490,13,4
3957,;,491,54,11
3958,;,494,3,0
3959,;,495,38,9
3960,;,495,48,12
3961,;,497,5,2
3962,;,499,30,9
3963,;,499,33,10
3964,;,499,46,14
3965,;,500,11,1
3966,;,502,5,1
3967,;,508,9,2
3968,;,515,2,0
3969,;,522,12,2
3970,;,525,16,2
3971,;,525,44,7
3972,;,525,67,11
3973,;,526,36,5
3974,;,527,5,0
3975,;,533,19,2
3976,;,535,14,1
3977,;,541,4,0
3978,;,542,25,3
3979,;,552,7,0
3980,;,558,15,2
3981,;,560,4,0
3982,;,563,7,2
3983,;,567,26,3
3984,;,569,11,2
3985,;,569,14,2
3986,;,569,21,4
3987,;,572,7,1
3988,;,583,22,5
3989,;,594,14,0
3990,;,604,2,0
3991,;,605,9,3
3992,;,607,4,0
3993,;,609,8,3
3994,;,612,2,0
3995,;,627,18,3
3996,;,642,4,0
3997,;,680,51,8
3998,;,711,21,1
3999,;,720,10,0
4000,;,735,10,1
4001,;,755,4,1
4002,;,759,27,5
4003,;,759,30,5
4004,;,764,22,2
4005,;,768,8,3
4006,;,785,18,0
4007,;,788,3,0
4008,;,804,26,3
4009,;,805,6,3
4010,;,816,12,4
4011,;,818,30,6
4012,;,821,26,4
4013,;,823,7,0
4014,;,823,18,3
4015,;,827,103,15
4016,;,833,23,1
4017,;,837,11,1
4018,;,846,48,10
4019,;,860,4,0
4020,;,861,5,0
4021,;,861,21,3
4022,;,863,23,2
4023,;,865,7,1
4024,;,868,18,8
4025,;,870,19,3
4026,;,878,4,0
4027,;,887,25,4
4028,;,888,47,9
4029,;,892,7,0
4030,;,896,2,0
4031,;,898,9,0
4032,;,899,4,0
4033,;,900,16,2
4034,;,901,5,0
4035,;,905,1,0
4036,;,907,8,0
4037,;,908,7,0
4038,;,918,5,0
4039,;,919,7,1
4040,;,923,6,3
4041,;,932,4,1
4042,;,941,19,7
4043,;,951,4,0
4044,;,954,3,0
4045,;,961,8,2
4046,;,971,9,3
4047,;,971,20,5
4048,;,971,25,6
4049,;,990,76,16
4050,;,996,4,1
4051,;,997,3,0
4052,;,997,7,0
4053,;,1008,9,3
4054,;,1009,8,1
4055,;,1009,10,1
4056,;,1009,27,2
4057,;,1011,6,0
4058,;,1013,12,4
4059,;,1016,3,0
4060,;,1019,29,8
4061,;,1019,33,8
4062,;,1023,11,2
4063,;,1024,8,2
4064,;,1025,25,3
4065,;,1031,18,4
4066,;,1032,9,1
4067,;,1039,7,1
4068,;,1042,28,2
4069,;,1042,33,3
4070,;,1050,6,0
4071,;,1064,2,0
4072,;,1064,5,0
4073,;,1071,5,0
4074,;,1073,6,0
4075,;,1081,23,1
4076,;,1087,28,6
4077,;,1092,11,0
4078,;,1092,24,1
4079,;,1093,15,3
4080,;,1102,8,0
4081,;,1114,8,2
4082,;,1121,8,2
4083,;,1125,3,0
4084,;,1125,22,2
4085,;,1126,21,1
4086,;,1126,50,3
4087,;,1136,11,4
4088,;,1137,2,1
4089,;,1141,13,1
4090,;,1144,8,2
4091,;,1155,3,0
4092,;,1159,8,0
4093,;,1162,6,2
4094,;,1187,3,0
4095,;,1193,16,4
4096,;,1220,3,0
4097,;,1224,7,1
4098,;,1226,6,2
4099,;,1226,11,2
4100,;,1229,27,9
4101,;,1231,15,5
4102,;,1243,12,2
4103,;,1245,19,2
4104,;,1262,32,4
4105,;,1268,30,6
4106,;,1283,2,0
4107,;,1288,12,1
4108,;,1292,66,13
4109,;,1329,8,3
4110,;,1332,11,7
4111,;,1344,6,1
4112,;,1347,11,1
4113,;,1397,30,3
4114,;,1397,34,4
4115,;,1400,3,0
4116,;,1405,14,3
4117,;,1413,38,6
4118,;,1413,43,7
4119,;,1427,33,3
4120,;,1443,7,0
4121,;,1460,53,6
4122,;,1477,34,7
4123,;,1483,37,8
4124,;,1505,11,0
4125,;,1531,7,1
4126,;,1533,25,4
4127,;,1548,55,12
4128,;,1586,11,0
4129,;,1597,8,1
4130,;,1607,9,1
4131,;,1614,9,3
4132,;,1617,2,0
4133,;,1618,7,1
4134,;,1619,6,1
4135,;,1620,2,0
4136,;,1628,9,3
4137,;,1649,3,0
4138,;,1656,11,1
4139,;,1656,13,1
4140,;,1661,11,1
4141,;,1662,6,0
4142,;,1678,1,1
4143,;,1694,20,1
4144,;,1711,3,0
4145,;,1716,6,1
4146,;,1720,8,1
4147,;,1720,46,5
4148,;,1721,4,0
4149,;,1725,2,0
4150,;,1725,10,2
4151,;,1736,17,4
4152,;,1740,2,1
4153,;,1740,30,9
4154,;,1744,25,4
4155,;,1746,9,1
4156,;,1749,26,2
4157,;,1795,7,2
4158,;,1799,6,0
4159,;,1805,15,5
4160,;,1822,3,2
4161,;,1826,3,0
4162,;,1828,16,5
4163,;,1836,7,1
4164,;,1836,10,2
4165,?,61,30,8
4166,?,64,6,1
4167,?,67,6,1
4168,?,108,6,1
4169,?,112,20,1
4170,?,116,18,5
4171,?,159,8,2
4172,?,176,2,0
4173,?,182,5,0
4174,?,196,5,0
4175,?,199,12,0
4176,?,201,2,0
4177,?,212,9,1
4178,?,214,8,2
4179,?,221,36,7
4180,?,231,5,0
4181,?,237,9,0
4182,?,337,2,0
4183,?,345,4,1
4184,?,389,11,3
4185,?,481,25,5
4186,?,529,27,8
4187,?,578,48,7
4188,?,585,5,0
4189,?,608,8,0
4190,?,635,28,6
4191,?,645,2,0
4192,?,654,3,0
4193,?,670,27,2
4194,?,685,6,1
4195,?,818,4,1
4196,?,828,4,0
4197,?,846,61,12
4198,?,887,10,1
4199,?,887,39,4
4200,?,888,34,7
4201,?,900,6,1
4202,?,931,41,7
4203,?,933,25,3
4204,?,936,9,2
4205,?,991,9,2
4206,?,1009,13,1
4207,?,1020,1,0
4208,?,1021,10,0
4209,?,1025,99,13
4210,?,1040,5,0
4211,?,1042,21,1
4212,?,1046,6,1
4213,?,1056,40,5
4214,?,1056,43,5
4215,?,1057,7,1
4216,?,1059,7,2
4217,?,1063,7,1
4218,?,1077,2,0
4219,?,1101,3,0
4220,?,1118,3,0
4221,?,1119,6,0
4222,?,1126,4,1
4223,?,1142,46,11
4224,?,1143,11,3
4225,?,1158,3,1
4226,?,1159,24,4
4227,?,1327,5,1
4228,?,1336,19,1
4229,?,1336,28,1
4230,?,1342,12,3
4231,?,1353,6,0
4232,?,1355,4,0
4233,?,1360,10,0
4234,?,1361,12,3
4235,?,1361,27,4
4236,?,1365,1,0
4237,?,1369,2,0
4238,?,1370,2,0
4239,?,1371,10,0
4240,?,1381,16,1
4241,?,1397,17,2
4242,?,1397,20,2
4243,?,1403,2,0
4244,?,1408,2,0
4245,?,1422,24,1
4246,?,1429,26,5
4247,?,1430,17,4
4248,?,1436,4,0
4249,?,1436,24,4
4250,?,1441,20,1
4251,?,1443,11,1
4252,?,1464,8,2
4253,?,1469,9,1
4254,?,1476,10,0
4255,?,1486,23,3
4256,?,1490,11,0
4257,?,1491,11,1
4258,?,1493,14,0
4259,?,1495,11,2
4260,?,1496,6,1
4261,?,1496,17,1
4262,?,1509,4,0
4263,?,1531,11,1
4264,?,1533,27,4
4265,?,1548,36,10
4266,?,1576,5,1
4267,?,1580,7,2
4268,?,1586,14,0
4269,?,1605,11,4
4270,?,1619,9,1
4271,?,1637,19,2
4272,?,1662,9,0
4273,?,1694,15,1
4274,?,1711,10,0
4275,?,1711,16,1
4276,?,1713,5,0
4277,?,1720,18,2
4278,?,1720,36,4
4279,?,1739,29,5
4280,?,1769,34,7
4281,?,1773,3,0
4282,?,1817,7,2
4283,?,1821,9,4
4284,"?""",232,2,0
4285,"?""",298,1,0
4286,"?""",362,7,1
4287,"?""",1179,4,0
4288,"?""",1482,2,0
4289,\\,1100,4,1
4290,\\vas,134,16,4
4291,\\vhich,514,27,4
4292,\\vhip,216,18,4
4293,^,246,17,5
4294,^,763,53,11
4295,^,846,59,12
4296,^,1627,1,0
4297,^,1795,27,5
4298,^3,284,25,10
4299,^ar,1055,5,1
4300,^entitled,180,5,0
4301,^j,232,4,1
4302,^o,221,30,6
4303,_,1369,4,0
4304,_,1837,34,6
4305,a,4,2,2
4306,a,4,6,6
4307,a,8,9,7
4308,a,9,0,1
4309,a,17,40,13
4310,a,18,3,3
4311,a,19,13,5
4312,a,21,4,4
4313,a,27,2,2
4314,a,27,16,8
4315,a,28,19,8
4316,a,30,4,2
4317,a,34,1,2
4318,a,37,5,1
4319,a,38,36,11
4320,a,43,18,7
4321,a,43,46,13
4322,a,43,54,16
4323,a,46,4,1
4324,a,58,42,6
4325,a,71,3,1
4326,a,73,24,5
4327,a,73,31,8
4328,a,79,10,3
4329,a,109,2,1
4330,a,110,1,1
4331,a,111,7,2
4332,a,114,7,1
4333,a,120,28,3
4334,a,127,22,5
4335,a,148,34,8
4336,a,149,15,6
4337,a,150,0,1
4338,a,150,31,11
4339,a,150,32,12
4340,a,152,26,9
4341,a,153,24,7
4342,a,153,31,9
4343,a,154,0,1
4344,a,155,2,1
4345,a,156,5,2
4346,a,167,17,6
4347,a,178,1,1
4348,a,198,12,2
4349,a,202,8,2
4350,a,202,57,16
4351,a,203,19,7
4352,a,208,19,4
4353,a,209,8,1
4354,a,217,27,4
4355,a,235,23,4
4356,a,249,22,7
4357,a,254,1,1
4358,a,255,21,6
4359,a,264,15,5
4360,a,270,1,1
4361,a,274,9,3
4362,a,275,3,1
4363,a,275,10,6
4364,a,282,0,1
4365,a,282,19,5
4366,a,284,22,10
4367,a,286,6,2
4368,a,289,29,9
4369,a,315,1,1
4370,a,325,12,4
4371,a,333,1,1
4372,a,333,9,4
4373,a,336,19,5
4374,a,337,20,7
4375,a,357,12,4
4376,a,367,15,4
4377,a,367,19,6
4378,a,373,13,2
4379,a,375,2,1
4380,a,376,10,2
4381,a,384,12,7
4382,a,384,27,10
4383,a,385,0,1
4384,a,386,42,5
4385,a,387,1,1
4386,a,389,55,15
4387,a,390,0,1
4388,a,397,6,2
4389,a,397,32,8
4390,a,404,2,1
4391,a,404,13,2
4392,a,405,3,1
4393,a,413,19,2
4394,a,413,31,5
4395,a,414,5,2
4396,a,419,4,2
4397,a,423,33,6
4398,a,426,24,5
4399,a,427,5,3
4400,a,432,13,2
4401,a,434,4,1
4402,a,439,24,3
4403,a,439,41,5
4404,a,439,48,7
4405,a,450,6,2
4406,a,458,10,6
4407,a,460,2,1
4408,a,460,25,9
4409,a,471,10,4
4410,a,473,2,1
4411,a,474,5,2
4412,a,491,45,8
4413,a,491,49,10
4414,a,495,31,7
4415,a,497,17,3
4416,a,499,8,4
4417,a,499,40,13
4418,a,502,24,7
4419,a,503,33,4
4420,a,506,3,1
4421,a,517,4,2
4422,a,524,8,1
4423,a,525,56,10
4424,a,526,44,9
4425,a,526,52,11
4426,a,527,12,3
4427,a,529,9,3
4428,a,529,44,11
4429,a,529,50,13
4430,a,529,85,24
4431,a,530,0,1
4432,a,531,19,7
4433,a,533,36,4
4434,a,534,7,1
4435,a,535,38,10
4436,a,551,12,4
4437,a,569,26,7
4438,a,570,0,1
4439,a,573,21,5
4440,a,573,58,12
4441,a,574,7,4
4442,a,578,14,1
4443,a,581,12,2
4444,a,583,11,4
4445,a,599,10,2
4446,a,608,17,4
4447,a,613,19,4
4448,a,614,2,1
4449,a,624,7,3
4450,a,626,19,5
4451,a,626,46,12
4452,a,626,77,21
4453,a,627,5,2
4454,a,630,3,1
4455,a,656,3,1
4456,a,659,8,2
4457,a,660,1,1
4458,a,660,20,7
4459,a,660,27,9
4460,a,664,31,3
4461,a,665,1,1
4462,a,666,14,3
4463,a,670,25,2
4464,a,670,34,3
4465,a,672,27,8
4466,a,674,3,1
4467,a,674,6,3
4468,a,678,5,3
4469,a,678,12,5
4470,a,681,1,1
4471,a,681,3,2
4472,a,699,10,2
4473,a,725,2,1
4474,a,725,7,3
4475,a,728,1,1
4476,a,730,3,1
4477,a,731,16,4
4478,a,745,17,5
4479,a,754,16,4
4480,a,763,38,8
4481,a,764,23,3
4482,a,768,0,1
4483,a,768,23,8
4484,a,769,10,3
4485,a,769,13,4
4486,a,771,5,1
4487,a,771,13,4
4488,a,778,16,2
4489,a,791,0,1
4490,a,794,11,2
4491,a,799,3,1
4492,a,809,23,5
4493,a,809,25,6
4494,a,809,38,10
4495,a,813,4,4
4496,a,816,0,1
4497,a,816,3,2
4498,a,820,16,5
4499,a,822,4,2
4500,a,827,61,13
4501,a,846,25,7
4502,a,848,12,4
4503,a,850,0,1
4504,a,854,8,2
4505,a,856,0,1
4506,a,857,2,1
4507,a,857,8,2
4508,a,865,2,1
4509,a,868,1,1
4510,a,870,0,1
4511,a,871,5,3
4512,a,878,14,3
4513,a,880,9,1
4514,a,882,8,2
4515,a,888,2,1
4516,a,888,27,6
4517,a,891,7,2
4518,a,894,6,1
4519,a,894,18,3
4520,a,895,3,1
4521,a,931,44,8
4522,a,931,49,9
4523,a,945,5,2
4524,a,947,5,3
4525,a,948,5,2
4526,a,967,3,2
4527,a,969,18,7
4528,a,970,20,7
4529,a,971,23,6
4530,a,977,7,3
4531,a,981,3,2
4532,a,985,2,1
4533,a,985,9,5
4534,a,990,22,9
4535,a,1012,0,1
4536,a,1012,6,2
4537,a,1015,1,1
4538,a,1015,12,5
4539,a,1019,11,5
4540,a,1020,2,1
4541,a,1022,3,1
4542,a,1025,20,3
4543,a,1025,46,5
4544,a,1025,89,11
4545,a,1032,52,9
4546,a,1036,7,2
4547,a,1037,0,1
4548,a,1037,7,4
4549,a,1038,33,5
4550,a,1042,82,12
4551,a,1043,49,5
4552,a,1043,55,6
4553,a,1047,34,4
4554,a,1055,12,6
4555,a,1056,48,6
4556,a,1058,8,4
4557,a,1079,7,3
4558,a,1081,22,1
4559,a,1082,7,4
4560,a,1083,0,1
4561,a,1084,22,7
4562,a,1086,6,3
4563,a,1087,11,6
4564,a,1087,29,7
4565,a,1087,37,9
4566,a,1091,31,7
4567,a,1093,13,3
4568,a,1106,45,9
4569,a,1115,9,1
4570,a,1117,2,2
4571,a,1118,27,3
4572,a,1118,30,4
4573,a,1118,33,5
4574,a,1119,19,2
4575,a,1121,19,4
4576,a,1124,2,3
4577,a,1124,4,4
4578,a,1131,2,1
4579,a,1135,7,3
4580,a,1138,10,2
4581,a,1142,48,13
4582,a,1142,49,14
4583,a,1143,7,2
4584,a,1143,9,3
4585,a,1144,6,2
4586,a,1146,0,1
4587,a,1150,2,1
4588,a,1151,0,1
4589,a,1159,28,6
4590,a,1160,2,1
4591,a,1162,12,5
4592,a,1165,9,1
4593,a,1167,9,3
4594,a,1170,0,1
4595,a,1174,0,1
4596,a,1175,3,2
4597,a,1180,1,1
4598,a,1183,0,1
4599,a,1185,18,3
4600,a,1185,19,4
4601,a,1190,0,1
4602,a,1193,7,4
4603,a,1194,26,8
4604,a,1197,8,2
4605,a,1201,5,2
4606,a,1205,13,3
4607,a,1206,18,3
4608,a,1213,0,1
4609,a,1217,1,1
4610,a,1218,3,1
4611,a,1221,3,1
4612,a,1221,9,4
4613,a,1221,16,6
4614,a,1223,15,5
4615,a,1229,35,12
4616,a,1231,19,7
4617,a,1236,1,1
4618,a,1236,2,2
4619,a,1236,10,4
4620,a,1236,23,10
4621,a,1240,34,11
4622,a,1245,13,1
4623,a,1245,28,4
4624,a,1256,6,4
4625,a,1256,10,5
4626,a,1257,11,3
4627,a,1259,15,7
4628,a,1260,16,4
4629,a,1262,1,1
4630,a,1263,12,6
4631,a,1263,31,12
4632,a,1263,44,15
4633,a,1263,47,16
4634,a,1265,35,9
4635,a,1266,2,1
4636,a,1267,17,6
4637,a,1268,26,6
4638,a,1270,8,1
4639,a,1270,10,2
4640,a,1271,10,4
4641,a,1274,2,1
4642,a,1277,17,4
4643,a,1283,9,2
4644,a,1290,14,4
4645,a,1290,31,5
4646,a,1292,1,1
4647,a,1292,42,8
4648,a,1292,43,9
4649,a,1292,46,10
4650,a,1296,2,2
4651,a,1301,17,5
4652,a,1302,13,4
4653,a,1310,2,1
4654,a,1312,1,1
4655,a,1313,0,1
4656,a,1315,1,2
4657,a,1318,3,2
4658,a,1318,22,5
4659,a,1318,31,6
4660,a,1319,7,1
4661,a,1320,19,8
4662,a,1321,4,2
4663,a,1321,11,3
4664,a,1321,24,7
4665,a,1321,26,9
4666,a,1334,0,1
4667,a,1334,6,2
4668,a,1334,12,4
4669,a,1336,35,3
4670,a,1339,2,1
4671,a,1342,5,2
4672,a,1343,1,1
4673,a,1345,5,2
4674,a,1357,16,4
4675,a,1364,3,2
4676,a,1372,0,1
4677,a,1372,15,2
4678,a,1372,19,3
4679,a,1381,25,4
4680,a,1386,11,3
4681,a,1388,35,6
4682,a,1388,40,8
4683,a,1393,6,1
4684,a,1397,5,1
4685,a,1404,17,4
4686,a,1407,9,1
4687,a,1408,6,2
4688,a,1408,24,3
4689,a,1427,2,1
4690,a,1427,12,3
4691,a,1434,6,1
4692,a,1436,39,7
4693,a,1438,2,1
4694,a,1439,9,1
4695,a,1439,18,4
4696,a,1441,10,1
4697,a,1447,4,2
4698,a,1449,25,5
4699,a,1450,1,1
4700,a,1452,10,2
4701,a,1452,33,9
4702,a,1455,7,4
4703,a,1457,0,1
4704,a,1457,16,8
4705,a,1459,9,4
4706,a,1460,58,9
4707,a,1463,2,1
4708,a,1464,1,1
4709,a,1473,3,2
4710,a,1481,0,1
4711,a,1481,3,2
4712,a,1481,20,3
4713,a,1483,24,8
4714,a,1491,8,1
4715,a,1503,1,1
4716,a,1505,35,3
4717,a,1505,36,4
4718,a,1518,2,1
4719,a,1521,16,6
4720,a,1524,3,1
4721,a,1524,69,18
4722,a,1528,1,2
4723,a,1530,5,2
4724,a,1534,10,1
4725,a,1535,36,6
4726,a,1535,61,14
4727,a,1535,65,15
4728,a,1535,67,16
4729,a,1537,5,2
4730,a,1537,17,4
4731,a,1538,3,2
4732,a,1540,0,1
4733,a,1542,8,1
4734,a,1552,4,2
4735,a,1555,11,3
4736,a,1555,21,6
4737,a,1567,13,3
4738,a,1569,11,3
4739,a,1570,4,1
4740,a,1570,6,2
4741,a,1573,3,2
4742,a,1574,32,14
4743,a,1574,47,17
4744,a,1577,3,2
4745,a,1581,2,2
4746,a,1592,8,1
4747,a,1593,14,4
4748,a,1593,21,7
4749,a,1593,30,9
4750,a,1594,6,4
4751,a,1597,6,1
4752,a,1597,33,5
4753,a,1602,1,2
4754,a,1614,3,1
4755,a,1628,4,2
4756,a,1632,12,4
4757,a,1633,14,4
4758,a,1637,16,1
4759,a,1641,11,5
4760,a,1646,10,5
4761,a,1647,0,1
4762,a,1647,13,7
4763,a,1664,5,2
4764,a,1668,20,5
4765,a,1672,1,2
4766,a,1678,28,7
4767,a,1678,35,9
4768,a,1680,1,1
4769,a,1683,5,2
4770,a,1684,2,1
4771,a,1685,7,4
4772,a,1692,9,3
4773,a,1697,45,12
4774,a,1699,27,7
4775,a,1699,38,12
4776,a,1700,28,13
4777,a,1700,43,17
4778,a,1701,2,2
4779,a,1703,3,1
4780,a,1705,8,3
4781,a,1705,24,7
4782,a,1708,10,4
4783,a,1708,30,11
4784,a,1713,34,8
4785,a,1714,4,2
4786,a,1720,26,4
4787,a,1726,2,2
4788,a,1728,0,1
4789,a,1732,2,1
4790,a,1732,14,3
4791,a,1748,4,1
4792,a,1749,25,2
4793,a,1752,10,3
4794,a,1755,5,2
4795,a,1759,0,1
4796,a,1759,6,2
4797,a,1759,20,6
4798,a,1774,6,2
4799,a,1774,33,8
4800,a,1779,1,1
4801,a,1780,1,1
4802,a,1787,1,1
4803,a,1788,2,1
4804,a,1792,3,2
4805,a,1795,1,1
4806,a,1798,1,2
4807,a,1799,7,1
4808,a,1808,0,1
4809,a,1815,2,2
4810,a,1815,50,15
4811,a,1816,13,4
4812,a,1816,16,5
4813,a,1825,5,2
4814,a,1828,7,2
4815,a,1830,20,6
4816,a,1830,21,7
4817,a,1830,24,8
4818,a,1834,1,2
4819,a,1837,11,2
4820,abaisser,818,38,7
4821,abated,697,4,1
4822,able,434,6,1
4823,able,486,13,1
4824,able,701,14,0
4825,able,1464,24,3
4826,ablutions,923,24,6
4827,ably,990,62,14
4828,abode,569,5,2
4829,about,54,29,3
4830,about,58,21,2
4831,about,84,11,1
4832,about,150,5,2
4833,about,155,26,6
4834,about,186,4,0
4835,about,203,21,7
4836,about,289,5,0
4837,about,339,5,0
4838,about,428,16,2
4839,about,431,6,1
4840,about,491,58,11
4841,about,492,1,0
4842,about,537,11,3
4843,about,577,11,2
4844,about,589,21,5
4845,about,594,8,0
4846,about,594,17,0
4847,about,596,5,0
4848,about,614,14,2
4849,about,707,5,1
4850,about,709,6,0
4851,about,728,37,5
4852,about,746,23,8
4853,about,771,8,2
4854,about,821,86,17
4855,about,876,18,4
4856,about,1019,7,1
4857,about,1063,11,2
4858,about,1074,4,0
4859,about,1110,15,5
4860,about,1159,21,4
4861,about,1193,3,1
4862,about,1194,3,1
4863,about,1218,13,3
4864,about,1230,3,1
4865,about,1276,3,1
4866,about,1355,3,0
4867,about,1357,11,2
4868,about,1411,3,0
4869,about,1416,25,2
4870,about,1430,12,2
4871,about,1471,5,0
4872,about,1504,11,1
4873,about,1535,11,2
4874,about,1545,18,3
4875,about,1561,25,2
4876,about,1610,2,1
4877,about,1611,39,8
4878,about,1661,15,1
4879,about,1668,21,5
4880,about,1700,7,2
4881,about,1729,0,0
4882,about,1737,1,0
4883,about,1799,22,3
4884,about,1828,18,5
4885,above,34,9,2
4886,above,283,15,5
4887,above,422,14,1
4888,above,465,15,6
4889,above,481,23,5
4890,above,529,29,8
4891,above,547,14,0
4892,above,720,23,1
4893,above,768,1,1
4894,above,853,11,1
4895,above,887,24,4
4896,above,888,20,3
4897,above,888,46,9
4898,above,979,18,3
4899,above,993,26,4
4900,above,1151,3,1
4901,above,1247,6,2
4902,above,1454,4,1
4903,above,1456,1,0
4904,above,1457,12,6
4905,above,1540,6,3
4906,above,1605,20,6
4907,abroad,1291,6,0
4908,abroad,1572,4,1
4909,absently,1429,41,6
4910,absolute,48,6,3
4911,absorbed,1815,22,7
4912,absorbed,1819,18,4
4913,abstinence,1042,84,12
4914,abstraction,564,12,2
4915,absurd,1595,13,3
4916,ac,46,18,3
4917,ac,1533,6,0
4918,academy,25,4,1
4919,accent,778,28,3
4920,"accept""",1786,2,0
4921,accepting,827,37,8
4922,accident,1040,17,2
4923,accidentally,367,13,3
4924,accom,538,27,5
4925,accompany,506,20,3
4926,accomplished,658,12,4
4927,accord,427,19,5
4928,accoutrements,286,5,1
4929,aces,984,3,1
4930,acknowledged,41,13,1
4931,acknowledged,159,81,5
4932,acknowledged,776,8,0
4933,acknowledged,1294,6,1
4934,acknowledged,1787,13,4
4935,acle,1567,9,2
4936,acquaintance,1359,4,1
4937,acquaintance,1361,11,3
4938,acquaintance,1384,3,1
4939,acquire,71,10,2
4940,across,85,35,3
4941,across,153,13,1
4942,across,202,19,6
4943,across,246,22,6
4944,across,432,34,8
4945,across,497,19,3
4946,across,499,38,11
4947,across,503,11,2
4948,across,556,4,2
4949,across,762,4,1
4950,across,763,28,5
4951,across,764,5,1
4952,across,806,2,0
4953,across,807,9,2
4954,across,870,4,1
4955,across,978,4,1
4956,across,1168,2,0
4957,across,1195,11,5
4958,across,1198,3,0
4959,across,1224,4,0
4960,across,1246,13,4
4961,across,1255,6,0
4962,across,1257,3,0
4963,across,1265,21,3
4964,across,1267,19,6
4965,across,1277,7,2
4966,across,1428,11,0
4967,across,1538,0,0
4968,across,1548,13,4
4969,across,1552,13,3
4970,across,1587,6,1
4971,act,13,40,13
4972,act,42,4,2
4973,act,204,16,5
4974,act,329,5,0
4975,act,587,41,5
4976,act,812,13,4
4977,acted,1310,4,1
4978,action,1183,4,1
4979,active,34,5,2
4980,actually,408,31,1
4981,acute,1729,3,0
4982,ad,635,7,0
4983,ad*,293,1,0
4984,add,1450,10,2
4985,added,96,17,4
4986,added,120,36,3
4987,added,804,32,3
4988,added,1047,37,4
4989,added,1171,9,1
4990,adding,1598,7,0
4991,addition,58,84,17
4992,address,1304,20,7
4993,addressed,1716,2,0
4994,addressing,1024,18,4
4995,adjusted,106,9,1
4996,adminis,15,19,5
4997,admiration,777,6,1
4998,admitted,1580,15,2
4999,admitting,1541,7,0
5000,adopted,15,11,3
5001,adoration,1651,9,0
5002,advance,1042,13,0
5003,advanced,40,17,6
5004,advancing,558,10,0
5005,advancing,1347,22,3
5006,advantage,711,25,1
5007,advertised,728,20,4
5008,advice,657,13,0
5009,advisability,378,11,1
5010,advised,1521,20,6
5011,af,700,15,6
5012,affair,264,11,3
5013,affair,298,21,3
5014,affair,525,45,7
5015,affair,1078,10,2
5016,affairs,1525,5,1
5017,affected,1524,38,8
5018,affection,355,14,4
5019,affixed,274,5,1
5020,afield,894,5,0
5021,afield,895,1,0
5022,afifeo,1447,7,3
5023,afraid,684,1,0
5024,afraid,685,5,1
5025,afraid,871,14,4
5026,afraid,1490,49,5
5027,afraid,1510,4,0
5028,afraid,1510,6,1
5029,after,22,2,2
5030,after,28,36,11
5031,after,69,14,2
5032,after,162,2,0
5033,after,166,18,3
5034,after,254,0,0
5035,after,264,14,4
5036,after,356,4,0
5037,after,370,23,2
5038,after,382,8,2
5039,after,389,27,7
5040,after,396,0,0
5041,after,456,23,5
5042,after,474,7,2
5043,after,578,0,0
5044,after,587,71,9
5045,after,671,13,2
5046,after,673,20,4
5047,after,678,0,0
5048,after,697,0,0
5049,after,703,10,3
5050,after,741,13,2
5051,after,761,2,1
5052,after,794,10,1
5053,after,863,12,2
5054,after,865,16,2
5055,after,867,5,3
5056,after,867,14,4
5057,after,905,8,0
5058,after,907,22,4
5059,after,947,16,6
5060,after,957,0,0
5061,after,991,1,0
5062,after,996,9,2
5063,after,1001,13,4
5064,after,1009,9,1
5065,after,1024,73,9
5066,after,1047,33,3
5067,after,1066,9,2
5068,after,1095,8,1
5069,after,1185,10,2
5070,after,1229,10,1
5071,after,1231,1,1
5072,after,1240,31,9
5073,after,1245,20,2
5074,after,1274,1,0
5075,after,1302,10,2
5076,after,1303,18,0
5077,after,1314,18,5
5078,after,1378,0,0
5079,after,1390,1,0
5080,after,1422,4,0
5081,after,1427,1,0
5082,after,1517,4,1
5083,after,1563,1,0
5084,after,1598,8,0
5085,after,1680,3,2
5086,after,1703,2,0
5087,after,1738,5,0
5088,after,1749,14,0
5089,after,1761,0,0
5090,after,1779,0,0
5091,after,1804,8,0
5092,after,1806,11,0
5093,after,1836,20,4
5094,afternoon,402,4,1
5095,afternoon,583,33,6
5096,afterward,42,6,2
5097,afterward,432,0,0
5098,afterward,439,40,4
5099,again,58,58,8
5100,again,67,5,1
5101,again,142,20,2
5102,again,189,7,1
5103,again,199,6,0
5104,again,252,36,5
5105,again,361,22,4
5106,again,427,16,4
5107,again,434,21,6
5108,again,435,9,2
5109,again,459,5,1
5110,again,500,10,1
5111,again,503,7,2
5112,again,503,22,3
5113,again,503,23,3
5114,again,549,16,3
5115,again,556,6,2
5116,again,602,3,1
5117,again,603,5,1
5118,again,667,1,0
5119,again,683,10,1
5120,again,743,16,4
5121,again,763,31,5
5122,again,769,5,1
5123,again,800,25,6
5124,again,805,17,5
5125,again,848,3,0
5126,again,875,1,0
5127,again,898,28,3
5128,again,930,5,1
5129,again,933,44,10
5130,again,963,7,0
5131,again,972,1,0
5132,again,980,15,7
5133,again,994,2,0
5134,again,1002,23,1
5135,again,1061,4,3
5136,again,1105,54,10
5137,again,1142,51,14
5138,again,1155,7,0
5139,again,1181,13,1
5140,again,1198,16,1
5141,again,1210,5,0
5142,again,1212,15,4
5143,again,1226,7,2
5144,again,1236,31,13
5145,again,1248,27,3
5146,again,1347,6,0
5147,again,1377,9,2
5148,again,1489,6,1
5149,again,1554,2,0
5150,again,1587,1,0
5151,again,1609,15,3
5152,again,1615,14,5
5153,again,1708,27,10
5154,again,1738,8,0
5155,again,1739,26,5
5156,again,1758,16,4
5157,again,1763,2,0
5158,again,1779,5,1
5159,again,1781,3,0
5160,against,55,8,3
5161,against,142,17,2
5162,against,286,26,6
5163,against,490,4,1
5164,against,564,3,0
5165,against,743,28,6
5166,against,763,3,1
5167,against,990,11,5
5168,against,1222,3,0
5169,against,1710,5,1
5170,against,1815,57,16
5171,against,1827,5,0
5172,age,671,8,2
5173,age,1221,1,0
5174,aged,548,2,0
5175,aged,1435,16,1
5176,agent,1310,6,1
5177,ages,818,17,5
5178,ages,823,25,3
5179,agitated,1658,34,11
5180,agitation,486,7,1
5181,agitation,1243,4,1
5182,aglow,1457,11,6
5183,ago,232,8,2
5184,ago,569,6,2
5185,ago,1042,14,0
5186,ago,1074,5,0
5187,ago,1356,10,1
5188,agonized,204,2,0
5189,agree,78,4,0
5190,agreed,827,23,4
5191,ah,205,12,3
5192,ah,370,3,0
5193,ah,827,107,15
5194,ah,1124,14,4
5195,ah,1131,7,2
5196,ahead,448,8,2
5197,ahead,594,21,0
5198,ahead,1604,14,2
5199,aid,50,10,3
5200,aid,459,6,1
5201,aid,522,3,0
5202,aid,1155,27,5
5203,aid,1550,2,0
5204,aided,1787,12,4
5205,ail,669,13,0
5206,ails,425,26,4
5207,aimed,142,9,0
5208,aimless,1572,32,11
5209,aimlessly,284,36,11
5210,air,214,3,2
5211,air,304,2,0
5212,air,765,14,6
5213,air,983,1,1
5214,air,990,18,8
5215,air,1112,12,2
5216,air,1161,1,1
5217,air,1313,6,3
5218,air,1524,36,8
5219,air,1538,7,3
5220,air,1571,9,1
5221,air,1571,22,6
5222,air,1673,1,1
5223,air,1676,9,3
5224,air,1725,19,3
5225,aisle,499,43,14
5226,aisle,626,28,6
5227,aittmor,1,0,0
5228,akj,1287,2,1
5229,ako,76,21,1
5230,al,734,2,0
5231,alack,885,9,1
5232,alar,429,3,1
5233,alarm,205,18,4
5234,alarm,208,8,0
5235,alarm,215,1,1
5236,alarmed,583,0,0
5237,alarmed,1185,30,5
5238,alas,416,15,2
5239,alas,529,102,27
5240,alas,718,0,0
5241,alas,718,2,0
5242,alas,1691,6,1
5243,alcohol,1001,6,2
5244,aldebaran,118,20,5
5245,aldebaran,266,6,2
5246,aldebaran,429,0,0
5247,alec,362,6,1
5248,alec,418,0,0
5249,alec,466,5,0
5250,alert,915,3,1
5251,alert,1797,8,2
5252,alfred,1446,40,7
5253,alfred,1548,30,8
5254,alighting,150,13,5
5255,alike,744,23,4
5256,alive,152,17,5
5257,alive,226,7,0
5258,alive,481,7,1
5259,alive,1321,19,4
5260,all,12,0,0
5261,all,28,37,11
5262,all,34,7,2
5263,all,34,10,2
5264,all,105,7,2
5265,all,118,8,1
5266,all,173,8,1
5267,all,205,3,0
5268,all,212,7,0
5269,all,217,6,0
5270,all,252,21,2
5271,all,328,10,1
5272,all,347,1,0
5273,all,356,5,0
5274,all,382,9,2
5275,all,383,25,5
5276,all,386,61,5
5277,all,388,5,1
5278,all,408,33,1
5279,all,434,15,4
5280,all,435,11,3
5281,all,438,18,2
5282,all,439,30,4
5283,all,439,58,10
5284,all,458,8,4
5285,all,477,7,0
5286,all,487,2,0
5287,all,487,5,1
5288,all,522,9,1
5289,all,526,23,3
5290,all,527,7,0
5291,all,535,2,0
5292,all,537,10,3
5293,all,538,11,2
5294,all,547,0,0
5295,all,554,0,0
5296,all,562,23,6
5297,all,583,18,4
5298,all,615,2,0
5299,all,659,12,2
5300,all,661,4,0
5301,all,662,27,4
5302,all,663,4,1
5303,all,669,15,1
5304,all,677,7,0
5305,all,727,1,0
5306,all,728,25,4
5307,all,730,50,7
5308,all,730,52,8
5309,all,731,3,0
5310,all,768,26,9
5311,all,821,9,0
5312,all,827,38,8
5313,all,844,18,3
5314,all,848,22,7
5315,all,862,14,0
5316,all,868,28,10
5317,all,875,7,0
5318,all,898,16,2
5319,all,900,0,0
5320,all,900,20,2
5321,all,903,7,0
5322,all,917,8,3
5323,all,923,9,4
5324,all,936,7,2
5325,all,957,13,4
5326,all,1025,54,7
5327,all,1131,10,2
5328,all,1148,0,0
5329,all,1150,1,0
5330,all,1155,44,9
5331,all,1214,16,7
5332,all,1219,3,1
5333,all,1222,7,0
5334,all,1229,44,13
5335,all,1297,3,1
5336,all,1355,2,0
5337,all,1364,10,2
5338,all,1370,8,0
5339,all,1388,23,5
5340,all,1460,54,6
5341,all,1504,19,3
5342,all,1525,13,2
5343,all,1527,1,1
5344,all,1530,12,4
5345,all,1544,15,3
5346,all,1570,2,0
5347,all,1581,7,3
5348,all,1586,8,0
5349,all,1586,9,0
5350,all,1595,18,3
5351,all,1618,6,1
5352,all,1632,17,4
5353,all,1637,30,2
5354,all,1637,42,2
5355,all,1652,11,3
5356,all,1653,7,2
5357,all,1658,37,11
5358,all,1732,8,2
5359,all,1772,5,0
5360,all,1774,1,0
5361,all,1789,33,13
5362,all,1796,4,1
5363,all,1828,4,1
5364,alley,1236,5,2
5365,alley,1246,2,2
5366,alley,1428,15,1
5367,alley,1478,8,2
5368,alley,1552,11,3
5369,allowance,1503,5,1
5370,allowed,42,5,2
5371,alluding,1566,2,0
5372,almond,1422,30,2
5373,almond,1548,19,6
5374,almost,69,19,2
5375,almost,162,8,0
5376,almost,527,10,1
5377,almost,529,32,8
5378,almost,538,8,2
5379,almost,554,21,4
5380,almost,785,9,0
5381,almost,841,3,1
5382,almost,952,2,1
5383,almost,1011,13,1
5384,almost,1196,0,0
5385,almost,1219,2,1
5386,almost,1251,1,0
5387,almost,1510,3,0
5388,almost,1535,4,0
5389,almost,1581,22,4
5390,almost,1832,12,3
5391,almost,1832,44,12
5392,alone,69,12,2
5393,alone,383,34,6
5394,alone,424,31,6
5395,alone,548,6,0
5396,alone,666,17,3
5397,alone,692,3,1
5398,alone,835,15,2
5399,alone,919,6,1
5400,alone,1149,1,0
5401,alone,1379,8,2
5402,alone,1381,6,0
5403,alone,1381,8,0
5404,alone,1478,35,8
5405,alone,1641,14,5
5406,alone,1780,4,1
5407,along,51,10,5
5408,along,51,24,9
5409,along,120,8,0
5410,along,163,1,0
5411,along,165,2,1
5412,along,166,39,7
5413,along,221,3,0
5414,along,533,30,3
5415,along,537,4,1
5416,along,599,12,2
5417,along,985,18,6
5418,along,1012,2,1
5419,along,1181,0,0
5420,along,1214,23,8
5421,along,1229,3,1
5422,along,1258,1,0
5423,along,1314,14,4
5424,along,1457,25,11
5425,along,1477,17,3
5426,along,1672,6,3
5427,along,1741,11,2
5428,aloud,254,9,2
5429,aloud,538,9,2
5430,aloud,990,45,11
5431,already,1035,2,0
5432,already,1288,4,0
5433,already,1420,25,1
5434,already,1548,4,1
5435,already,1574,1,1
5436,alry,285,1,1
5437,also,58,89,19
5438,also,184,12,0
5439,also,242,6,2
5440,also,372,2,1
5441,also,434,52,9
5442,also,573,76,13
5443,also,663,23,2
5444,also,664,12,0
5445,also,669,1,0
5446,also,674,17,3
5447,also,820,18,5
5448,also,833,8,0
5449,also,846,30,9
5450,also,854,4,1
5451,also,1337,17,4
5452,also,1549,12,1
5453,also,1633,13,3
5454,also,1671,4,0
5455,altar,510,14,4
5456,altar,570,5,2
5457,alter,417,1,0
5458,although,353,6,1
5459,although,426,6,0
5460,although,698,5,2
5461,although,759,11,2
5462,although,1658,4,1
5463,although,1814,5,1
5464,altred,1557,5,0
5465,always,337,39,9
5466,always,373,2,0
5467,always,426,17,3
5468,always,431,2,0
5469,always,500,15,2
5470,always,714,6,1
5471,always,1042,35,3
5472,always,1142,37,10
5473,always,1783,5,0
5474,always,1836,9,2
5475,always,1836,13,2
5476,am,229,11,1
5477,am,933,18,3
5478,am,1043,22,1
5479,am,1363,23,0
5480,am,1435,2,0
5481,am,1472,7,0
5482,am,1650,11,3
5483,am,1746,0,0
5484,amateurs,58,92,20
5485,amazed,423,26,5
5486,ambition,204,55,16
5487,ambitious,34,12,2
5488,ambulance,1032,32,6
5489,ambulance,1108,9,1
5490,ambulance,1155,6,0
5491,ambulances,1066,12,4
5492,ambulances,1214,4,1
5493,amendment,626,69,18
5494,america,50,28,7
5495,america,1106,16,3
5496,americains,1282,5,0
5497,american,990,6,3
5498,american,1022,25,3
5499,american,1025,42,4
5500,american,1025,53,7
5501,american,1032,4,1
5502,american,1032,31,6
5503,american,1073,5,0
5504,american,1135,6,2
5505,american,1303,28,1
5506,american,1374,3,0
5507,american,1413,53,8
5508,american,1424,5,1
5509,americans,1317,11,1
5510,ami,1524,20,3
5511,amiable,1653,18,4
5512,amid,1106,30,6
5513,amilton,629,3,1
5514,amine,58,77,16
5515,amiss,1107,17,4
5516,among,148,35,8
5517,among,327,5,1
5518,among,431,11,1
5519,among,573,46,8
5520,among,767,3,0
5521,among,858,7,0
5522,among,888,49,9
5523,among,1155,12,1
5524,among,1201,10,3
5525,among,1312,21,6
5526,among,1640,9,2
5527,among,1675,22,6
5528,among,1675,29,6
5529,amused,1636,2,0
5530,amusement,1790,20,5
5531,an,40,4,2
5532,an,44,19,5
5533,an,104,10,5
5534,an,145,18,7
5535,an,148,37,9
5536,an,232,7,2
5537,an,282,14,4
5538,an,293,20,5
5539,an,331,3,1
5540,an,549,17,4
5541,an,592,11,3
5542,an,626,68,18
5543,an,635,14,4
5544,an,644,3,1
5545,an,658,11,4
5546,an,679,4,1
5547,an,710,5,2
5548,an,768,17,6
5549,an,778,53,9
5550,an,809,41,12
5551,an,928,17,5
5552,an,1009,0,1
5553,an,1032,3,1
5554,an,1033,8,2
5555,an,1069,30,8
5556,an,1106,88,19
5557,an,1123,1,2
5558,an,1143,21,4
5559,an,1183,9,2
5560,an,1226,19,5
5561,an,1227,11,4
5562,an,1236,16,7
5563,an,1320,12,5
5564,an,1452,17,4
5565,an,1454,22,8
5566,an,1521,1,1
5567,an,1524,72,19
5568,an,1532,12,3
5569,an,1567,7,2
5570,an,1605,32,9
5571,an,1660,2,3
5572,an,1660,20,8
5573,an,1665,11,2
5574,an,1697,29,6
5575,an,1708,18,7
5576,an,1735,3,1
5577,an,1787,10,4
5578,an,1788,28,8
5579,an,1805,1,1
5580,an,1807,1,1
5581,an*,644,5,1
5582,anaemic,529,94,25
5583,anarchists,40,20,7
5584,anathemas,1253,4,1
5585,ance,549,9,2
5586,anchored,171,18,2
5587,anchored,1675,31,7
5588,ancient,54,12,2
5589,ancient,366,7,3
5590,ancient,490,9,3
5591,and,13,27,13
5592,and,23,4,0
5593,and,28,4,1
5594,and,28,50,15
5595,and,33,22,1
5596,and,33,30,3
5597,and,40,12,5
5598,and,42,22,5
5599,and,43,7,3
5600,and,47,3,0
5601,and,50,23,5
5602,and,51,20,9
5603,and,51,35,13
5604,and,53,9,1
5605,and,54,14,2
5606,and,54,27,3
5607,and,58,3,0
5608,and,59,7,2
5609,and,60,3,0
5610,and,67,27,4
5611,and,69,18,2
5612,and,76,13,0
5613,and,81,13,2
5614,and,83,6,2
5615,and,84,6,0
5616,and,84,15,2
5617,and,85,26,2
5618,and,86,16,5
5619,and,86,22,6
5620,and,89,0,0
5621,and,96,16,4
5622,and,106,8,1
5623,and,112,25,1
5624,and,115,12,3
5625,and,118,19,5
5626,and,120,5,0
5627,and,124,11,1
5628,and,124,23,3
5629,and,133,6,2
5630,and,133,23,7
5631,and,133,30,8
5632,and,134,8,2
5633,and,134,10,2
5634,and,134,14,4
5635,and,142,7,0
5636,and,142,24,3
5637,and,144,2,1
5638,and,148,7,2
5639,and,148,16,4
5640,and,149,14,5
5641,and,149,22,10
5642,and,152,9,3
5643,and,152,13,4
5644,and,153,6,0
5645,and,155,7,2
5646,and,155,28,7
5647,and,158,15,2
5648,and,159,37,2
5649,and,159,66,5
5650,and,166,25,3
5651,and,167,8,3
5652,and,167,9,3
5653,and,169,13,3
5654,and,170,7,3
5655,and,171,3,0
5656,and,171,5,0
5657,and,171,9,0
5658,and,171,24,3
5659,and,173,7,1
5660,and,188,9,0
5661,and,192,19,1
5662,and,196,1,0
5663,and,202,21,7
5664,and,202,61,17
5665,and,203,13,5
5666,and,204,17,5
5667,and,204,44,13
5668,and,204,52,15
5669,and,205,19,4
5670,and,208,0,0
5671,and,208,12,2
5672,and,208,14,2
5673,and,209,6,0
5674,and,224,3,0
5675,and,227,14,0
5676,and,235,6,1
5677,and,236,1,0
5678,and,236,15,1
5679,and,236,26,2
5680,and,239,24,4
5681,and,240,3,0
5682,and,244,20,5
5683,and,252,31,5
5684,and,266,7,2
5685,and,268,19,5
5686,and,268,26,7
5687,and,268,39,7
5688,and,268,41,7
5689,and,281,5,1
5690,and,283,26,7
5691,and,283,29,8
5692,and,285,6,2
5693,and,285,20,5
5694,and,286,19,5
5695,and,287,8,3
5696,and,290,18,2
5697,and,290,19,2
5698,and,294,10,3
5699,and,294,15,3
5700,and,294,23,5
5701,and,301,4,0
5702,and,302,12,1
5703,and,303,10,1
5704,and,314,3,0
5705,and,314,18,1
5706,and,315,19,7
5707,and,315,21,7
5708,and,319,10,0
5709,and,320,3,0
5710,and,325,9,2
5711,and,325,18,5
5712,and,327,7,1
5713,and,342,5,0
5714,and,342,9,0
5715,and,346,6,1
5716,and,355,0,0
5717,and,367,11,3
5718,and,368,2,0
5719,and,370,10,0
5720,and,371,3,0
5721,and,371,10,1
5722,and,376,13,2
5723,and,383,24,5
5724,and,383,39,7
5725,and,385,40,11
5726,and,389,3,1
5727,and,393,16,4
5728,and,393,20,6
5729,and,397,40,11
5730,and,399,1,0
5731,and,402,5,1
5732,and,406,3,0
5733,and,409,7,3
5734,and,415,15,1
5735,and,420,7,1
5736,and,420,12,2
5737,and,422,7,1
5738,and,422,23,1
5739,and,423,13,2
5740,and,424,12,1
5741,and,425,32,5
5742,and,426,11,1
5743,and,426,21,3
5744,and,428,45,14
5745,and,428,59,16
5746,and,429,19,3
5747,and,432,37,8
5748,and,434,88,14
5749,and,437,1,0
5750,and,445,5,1
5751,and,447,5,0
5752,and,451,4,1
5753,and,460,15,5
5754,and,463,7,0
5755,and,465,17,6
5756,and,471,20,4
5757,and,472,1,0
5758,and,472,12,4
5759,and,477,6,0
5760,and,481,2,0
5761,and,481,29,5
5762,and,488,18,1
5763,and,491,3,0
5764,and,491,24,4
5765,and,496,3,0
5766,and,497,11,2
5767,and,499,16,5
5768,and,500,13,2
5769,and,506,5,1
5770,and,506,17,3
5771,and,514,15,3
5772,and,514,24,4
5773,and,525,26,5
5774,and,525,51,7
5775,and,525,60,11
5776,and,529,71,19
5777,and,532,4,1
5778,and,538,10,2
5779,and,539,0,0
5780,and,540,4,1
5781,and,540,44,11
5782,and,541,6,0
5783,and,541,18,2
5784,and,546,6,2
5785,and,547,9,0
5786,and,547,11,0
5787,and,548,1,0
5788,and,551,7,2
5789,and,555,4,0
5790,and,567,14,2
5791,and,572,0,0
5792,and,572,14,3
5793,and,573,0,0
5794,and,573,6,0
5795,and,573,31,6
5796,and,575,12,3
5797,and,576,2,0
5798,and,578,17,1
5799,and,578,22,3
5800,and,578,38,5
5801,and,578,43,7
5802,and,581,6,0
5803,and,581,14,2
5804,and,587,28,3
5805,and,587,40,5
5806,and,587,43,5
5807,and,591,1,0
5808,and,592,4,0
5809,and,594,24,0
5810,and,595,15,4
5811,and,599,5,1
5812,and,599,14,2
5813,and,601,15,4
5814,and,613,13,3
5815,and,613,14,3
5816,and,616,12,2
5817,and,624,21,5
5818,and,626,39,8
5819,and,627,23,3
5820,and,631,7,3
5821,and,647,6,0
5822,and,647,11,0
5823,and,651,12,4
5824,and,655,13,0
5825,and,657,3,0
5826,and,658,14,4
5827,and,658,21,6
5828,and,660,4,1
5829,and,660,8,2
5830,and,661,3,0
5831,and,662,20,3
5832,and,669,4,0
5833,and,670,6,0
5834,and,670,14,1
5835,and,671,3,0
5836,and,672,10,2
5837,and,674,8,3
5838,and,675,3,0
5839,and,676,2,0
5840,and,677,2,0
5841,and,680,18,3
5842,and,683,3,0
5843,and,688,13,1
5844,and,693,47,14
5845,and,701,35,4
5846,and,701,37,4
5847,and,701,40,4
5848,and,705,3,2
5849,and,706,1,1
5850,and,709,0,0
5851,and,709,4,0
5852,and,711,1,0
5853,and,711,18,1
5854,and,718,6,0
5855,and,720,46,7
5856,and,730,40,5
5857,and,731,9,1
5858,and,734,4,0
5859,and,739,13,2
5860,and,741,18,2
5861,and,743,24,6
5862,and,744,57,13
5863,and,744,63,14
5864,and,745,8,2
5865,and,746,11,4
5866,and,746,38,12
5867,and,746,42,12
5868,and,747,14,3
5869,and,750,29,3
5870,and,751,8,5
5871,and,759,10,2
5872,and,759,21,3
5873,and,759,32,5
5874,and,760,15,2
5875,and,763,30,5
5876,and,765,10,4
5877,and,765,16,6
5878,and,768,12,3
5879,and,768,25,9
5880,and,772,4,2
5881,and,774,10,0
5882,and,776,6,0
5883,and,778,38,4
5884,and,781,6,2
5885,and,782,13,0
5886,and,785,20,1
5887,and,793,10,0
5888,and,796,16,3
5889,and,801,7,2
5890,and,803,3,0
5891,and,804,29,3
5892,and,804,39,3
5893,and,808,3,1
5894,and,809,16,3
5895,and,809,29,6
5896,and,812,22,5
5897,and,816,9,4
5898,and,817,3,1
5899,and,819,6,1
5900,and,821,42,11
5901,and,821,70,15
5902,and,823,10,1
5903,and,824,3,0
5904,and,827,14,3
5905,and,827,52,11
5906,and,827,96,15
5907,and,829,1,0
5908,and,834,5,1
5909,and,835,8,0
5910,and,836,4,1
5911,and,845,3,1
5912,and,848,9,2
5913,and,848,21,7
5914,and,855,9,2
5915,and,860,6,0
5916,and,866,5,3
5917,and,874,1,0
5918,and,875,12,0
5919,and,878,2,0
5920,and,880,0,0
5921,and,882,1,0
5922,and,887,20,2
5923,and,887,31,4
5924,and,887,34,4
5925,and,887,58,7
5926,and,888,4,1
5927,and,888,41,7
5928,and,888,52,9
5929,and,888,58,9
5930,and,894,16,1
5931,and,898,18,2
5932,and,919,8,1
5933,and,920,17,5
5934,and,921,2,2
5935,and,927,10,2
5936,and,931,6,0
5937,and,931,18,2
5938,and,931,31,6
5939,and,931,52,9
5940,and,933,7,2
5941,and,933,61,14
5942,and,940,12,2
5943,and,943,7,1
5944,and,945,13,3
5945,and,947,24,9
5946,and,949,27,6
5947,and,949,32,6
5948,and,952,20,5
5949,and,956,6,1
5950,and,963,6,0
5951,and,964,6,1
5952,and,970,17,5
5953,and,974,0,0
5954,and,974,11,2
5955,and,974,19,4
5956,and,977,5,2
5957,and,978,6,1
5958,and,979,9,2
5959,and,983,22,9
5960,and,983,26,9
5961,and,984,6,1
5962,and,985,14,5
5963,and,986,6,3
5964,and,988,1,0
5965,and,993,8,0
5966,and,998,2,0
5967,and,1002,18,1
5968,and,1003,28,4
5969,and,1004,1,0
5970,and,1017,13,3
5971,and,1019,4,1
5972,and,1019,37,8
5973,and,1024,17,4
5974,and,1024,66,8
5975,and,1025,16,1
5976,and,1025,51,6
5977,and,1032,33,6
5978,and,1032,38,6
5979,and,1033,23,5
5980,and,1033,39,6
5981,and,1036,14,3
5982,and,1038,1,0
5983,and,1038,30,4
5984,and,1043,84,10
5985,and,1047,11,2
5986,and,1047,41,4
5987,and,1050,16,0
5988,and,1055,21,9
5989,and,1055,33,10
5990,and,1056,50,6
5991,and,1066,5,1
5992,and,1072,10,3
5993,and,1077,9,0
5994,and,1082,22,11
5995,and,1084,19,5
5996,and,1085,0,0
5997,and,1086,15,6
5998,and,1091,18,3
5999,and,1092,21,1
6000,and,1094,6,1
6001,and,1094,21,3
6002,and,1094,22,3
6003,and,1104,21,4
6004,and,1105,20,4
6005,and,1105,24,4
6006,and,1105,49,9
6007,and,1105,53,10
6008,and,1106,15,3
6009,and,1117,13,6
6010,and,1118,22,2
6011,and,1118,24,2
6012,and,1120,12,2
6013,and,1120,20,2
6014,and,1120,31,3
6015,and,1120,50,7
6016,and,1121,17,3
6017,and,1123,11,3
6018,and,1124,5,4
6019,and,1125,19,2
6020,and,1125,26,2
6021,and,1125,33,2
6022,and,1128,11,1
6023,and,1133,9,2
6024,and,1136,15,4
6025,and,1138,18,3
6026,and,1140,2,0
6027,and,1142,9,2
6028,and,1148,12,3
6029,and,1148,16,3
6030,and,1149,25,6
6031,and,1154,13,2
6032,and,1155,30,5
6033,and,1160,5,2
6034,and,1167,5,1
6035,and,1169,5,1
6036,and,1173,2,1
6037,and,1174,7,4
6038,and,1174,15,7
6039,and,1182,10,4
6040,and,1183,19,3
6041,and,1185,9,2
6042,and,1185,38,7
6043,and,1185,45,8
6044,and,1190,8,2
6045,and,1200,11,3
6046,and,1206,12,1
6047,and,1212,12,4
6048,and,1214,19,8
6049,and,1217,11,2
6050,and,1218,8,2
6051,and,1222,12,1
6052,and,1223,18,5
6053,and,1225,11,4
6054,and,1229,1,0
6055,and,1229,6,1
6056,and,1231,4,1
6057,and,1231,22,7
6058,and,1233,10,3
6059,and,1236,9,3
6060,and,1245,34,4
6061,and,1246,9,4
6062,and,1248,24,3
6063,and,1250,19,2
6064,and,1250,25,2
6065,and,1253,12,2
6066,and,1253,19,6
6067,and,1256,13,5
6068,and,1256,20,5
6069,and,1262,22,3
6070,and,1263,16,6
6071,and,1263,38,12
6072,and,1265,15,2
6073,and,1265,34,8
6074,and,1265,39,11
6075,and,1267,10,2
6076,and,1268,12,3
6077,and,1273,38,12
6078,and,1280,4,0
6079,and,1280,11,1
6080,and,1280,16,4
6081,and,1290,11,3
6082,and,1290,16,4
6083,and,1291,3,0
6084,and,1293,25,2
6085,and,1294,5,1
6086,and,1295,11,0
6087,and,1301,21,5
6088,and,1303,2,0
6089,and,1304,36,11
6090,and,1306,3,1
6091,and,1312,4,1
6092,and,1314,2,1
6093,and,1314,21,7
6094,and,1319,13,3
6095,and,1321,16,4
6096,and,1321,31,9
6097,and,1323,5,1
6098,and,1328,4,0
6099,and,1337,3,0
6100,and,1340,8,3
6101,and,1358,6,2
6102,and,1362,9,1
6103,and,1364,13,2
6104,and,1368,3,0
6105,and,1369,1,0
6106,and,1370,1,0
6107,and,1370,7,0
6108,and,1371,13,1
6109,and,1372,4,1
6110,and,1377,16,3
6111,and,1377,18,3
6112,and,1381,7,0
6113,and,1388,1,0
6114,and,1388,24,5
6115,and,1397,1,0
6116,and,1398,4,0
6117,and,1407,6,0
6118,and,1407,13,1
6119,and,1408,12,2
6120,and,1411,7,1
6121,and,1413,39,6
6122,and,1413,50,8
6123,and,1416,26,2
6124,and,1418,6,0
6125,and,1419,3,1
6126,and,1420,35,5
6127,and,1426,11,2
6128,and,1436,50,7
6129,and,1436,67,9
6130,and,1439,27,5
6131,and,1444,20,2
6132,and,1446,30,5
6133,and,1449,27,5
6134,and,1451,3,0
6135,and,1451,4,0
6136,and,1454,15,4
6137,and,1457,40,17
6138,and,1459,1,0
6139,and,1460,19,2
6140,and,1460,29,3
6141,and,1462,21,2
6142,and,1462,22,2
6143,and,1464,11,2
6144,and,1468,17,5
6145,and,1476,2,0
6146,and,1477,18,3
6147,and,1477,25,5
6148,and,1477,27,5
6149,and,1478,6,1
6150,and,1481,2,1
6151,and,1483,15,4
6152,and,1483,30,8
6153,and,1483,42,10
6154,and,1486,11,2
6155,and,1488,4,1
6156,and,1488,13,3
6157,and,1490,20,2
6158,and,1491,5,0
6159,and,1496,7,1
6160,and,1505,31,2
6161,and,1510,29,6
6162,and,1524,31,7
6163,and,1524,41,9
6164,and,1526,2,0
6165,and,1532,3,1
6166,and,1534,8,0
6167,and,1535,50,9
6168,and,1537,4,1
6169,and,1537,7,2
6170,and,1537,16,3
6171,and,1539,3,0
6172,and,1541,5,0
6173,and,1546,1,0
6174,and,1548,12,4
6175,and,1552,12,3
6176,and,1555,12,3
6177,and,1555,23,7
6178,and,1561,17,2
6179,and,1567,12,2
6180,and,1569,18,5
6181,and,1571,4,1
6182,and,1571,17,3
6183,and,1573,8,3
6184,and,1574,35,15
6185,and,1574,42,16
6186,and,1581,6,3
6187,and,1581,17,4
6188,and,1592,5,0
6189,and,1593,12,3
6190,and,1597,11,1
6191,and,1597,15,1
6192,and,1597,36,5
6193,and,1599,7,3
6194,and,1604,6,0
6195,and,1611,6,3
6196,and,1611,32,5
6197,and,1614,33,7
6198,and,1614,58,10
6199,and,1615,3,1
6200,and,1616,16,2
6201,and,1617,7,0
6202,and,1618,14,2
6203,and,1627,5,0
6204,and,1628,46,8
6205,and,1629,1,0
6206,and,1637,10,0
6207,and,1639,19,2
6208,and,1644,2,1
6209,and,1644,10,3
6210,and,1648,13,4
6211,and,1652,15,4
6212,and,1652,16,4
6213,and,1653,19,4
6214,and,1656,7,1
6215,and,1658,20,8
6216,and,1658,33,11
6217,and,1658,39,11
6218,and,1660,4,3
6219,and,1665,30,6
6220,and,1665,45,9
6221,and,1668,19,4
6222,and,1672,5,3
6223,and,1675,3,1
6224,and,1675,27,6
6225,and,1678,18,4
6226,and,1697,3,1
6227,and,1699,22,6
6228,and,1699,37,11
6229,and,1700,35,14
6230,and,1701,10,2
6231,and,1705,21,6
6232,and,1711,5,0
6233,and,1713,22,4
6234,and,1715,4,0
6235,and,1715,16,1
6236,and,1719,7,1
6237,and,1726,20,7
6238,and,1727,14,2
6239,and,1729,23,6
6240,and,1732,15,3
6241,and,1732,16,3
6242,and,1736,6,3
6243,and,1739,0,0
6244,and,1744,19,4
6245,and,1752,11,3
6246,and,1757,8,1
6247,and,1759,4,1
6248,and,1768,5,0
6249,and,1768,11,1
6250,and,1769,3,1
6251,and,1769,26,5
6252,and,1769,54,11
6253,and,1771,9,0
6254,and,1773,10,0
6255,and,1773,16,0
6256,and,1774,0,0
6257,and,1774,12,2
6258,and,1774,38,9
6259,and,1778,3,0
6260,and,1781,4,0
6261,and,1783,29,2
6262,and,1785,4,1
6263,and,1788,40,13
6264,and,1788,53,15
6265,and,1789,11,6
6266,and,1789,32,13
6267,and,1790,10,1
6268,and,1791,4,2
6269,and,1791,8,2
6270,and,1792,12,4
6271,and,1795,16,3
6272,and,1795,28,5
6273,and,1796,8,1
6274,and,1797,7,2
6275,and,1804,7,0
6276,and,1804,18,1
6277,and,1806,21,2
6278,and,1807,7,2
6279,and,1808,3,1
6280,and,1814,19,4
6281,and,1815,7,4
6282,and,1818,8,2
6283,and,1818,15,4
6284,and,1822,16,6
6285,and,1823,7,3
6286,and,1825,10,2
6287,and,1826,18,3
6288,and,1826,22,4
6289,and,1826,24,4
6290,and,1828,26,7
6291,and,1832,26,7
6292,and,1833,8,1
6293,and,1833,12,1
6294,and,1835,0,0
6295,anger,292,9,1
6296,anger,705,11,2
6297,angrily,185,11,0
6298,angrily,497,23,3
6299,angry,793,15,0
6300,angry,1142,56,17
6301,angry,1375,16,3
6302,angthing,1347,4,0
6303,anguish,1740,26,6
6304,animated,1106,92,21
6305,anity,1749,16,1
6306,ankles,1295,18,2
6307,annihilation,1260,23,6
6308,announced,1535,66,15
6309,annoyed,727,5,0
6310,annoyed,1809,2,0
6311,another,123,1,0
6312,another,664,18,1
6313,another,674,1,0
6314,another,821,65,15
6315,another,850,12,4
6316,another,1056,53,6
6317,another,1194,30,9
6318,another,1219,0,0
6319,another,1226,9,2
6320,another,1236,20,8
6321,another,1522,0,0
6322,another,1543,4,0
6323,anr,559,6,1
6324,answer,438,23,3
6325,answered,126,4,2
6326,answered,185,10,0
6327,answered,198,11,1
6328,answered,298,27,4
6329,answered,481,31,5
6330,answered,830,6,1
6331,answered,833,25,1
6332,answered,887,41,4
6333,answered,1029,11,0
6334,answered,1308,1,0
6335,answered,1356,6,0
6336,answered,1599,4,2
6337,answered,1656,9,1
6338,anticipa,816,10,4
6339,anticipated,1804,6,0
6340,antly,1515,19,1
6341,antry,1404,23,4
6342,anuther,1126,63,4
6343,anxiety,476,26,6
6344,anxious,399,2,0
6345,anxious,1081,33,1
6346,any,188,3,0
6347,any,198,7,1
6348,any,365,6,1
6349,any,425,19,4
6350,any,434,57,9
6351,any,442,3,0
6352,any,525,64,11
6353,any,662,15,2
6354,any,733,11,1
6355,any,844,24,5
6356,any,1020,17,6
6357,any,1064,4,0
6358,any,1102,4,0
6359,any,1107,15,4
6360,any,1292,15,2
6361,any,1297,8,2
6362,any,1699,32,8
6363,anybody,1017,9,1
6364,anything,432,50,8
6365,anything,508,15,4
6366,anything,1720,42,5
6367,anyway,936,10,2
6368,anyway,1651,0,0
6369,anywhere,1736,21,4
6370,apartment,706,8,2
6371,apartments,425,5,2
6372,aperture,1245,39,4
6373,apollo,1405,19,4
6374,apology,795,5,1
6375,apology,1524,11,2
6376,apparent,927,8,2
6377,apparently,917,5,2
6378,apparently,1665,31,6
6379,apparently,1685,4,2
6380,apparently,1697,40,9
6381,apparition,1727,2,0
6382,appearance,1647,1,1
6383,appeared,367,2,0
6384,appeared,725,5,1
6385,appeared,824,49,13
6386,appeared,1483,27,8
6387,appetite,865,3,1
6388,appetite,1095,27,4
6389,appetizing,1407,14,1
6390,applause,1105,36,6
6391,apply,108,3,0
6392,approached,599,4,1
6393,april,96,19,4
6394,april,255,10,3
6395,april,360,4,0
6396,apron,75,26,1
6397,arabic,726,12,4
6398,araw,700,10,4
6399,arc,536,7,1
6400,arc,539,13,3
6401,arc,549,13,3
6402,arc,1060,5,2
6403,arc,1260,11,3
6404,arch,152,2,1
6405,arch,283,21,5
6406,arched,931,8,1
6407,arched,1598,42,8
6408,archer,30,0,0
6409,archer,32,11,2
6410,archer,190,1,0
6411,archer,314,0,0
6412,arches,571,5,2
6413,arches,1148,8,2
6414,architecture,43,6,3
6415,archways,543,3,0
6416,ardor,415,26,2
6417,ardor,1774,40,9
6418,are,97,2,0
6419,are,104,4,2
6420,are,104,19,7
6421,are,116,15,4
6422,are,123,9,4
6423,are,144,14,3
6424,are,171,17,2
6425,are,188,5,0
6426,are,211,0,0
6427,are,212,5,0
6428,are,252,10,0
6429,are,302,7,0
6430,are,303,1,0
6431,are,337,37,9
6432,are,381,6,0
6433,are,402,6,1
6434,are,546,1,1
6435,are,616,14,2
6436,are,680,11,2
6437,are,685,4,1
6438,are,744,24,4
6439,are,791,5,3
6440,are,801,12,2
6441,are,831,1,0
6442,are,885,7,1
6443,are,894,1,0
6444,are,894,26,4
6445,are,931,42,7
6446,are,933,59,13
6447,are,957,14,4
6448,are,993,5,0
6449,are,1032,12,1
6450,are,1035,1,0
6451,are,1035,5,0
6452,are,1040,2,0
6453,are,1042,44,4
6454,are,1043,1,0
6455,are,1043,14,0
6456,are,1046,2,0
6457,are,1063,4,0
6458,are,1112,1,0
6459,are,1240,38,12
6460,are,1262,23,3
6461,are,1290,29,4
6462,are,1348,2,0
6463,are,1362,2,0
6464,are,1377,24,3
6465,are,1388,3,0
6466,are,1403,12,0
6467,are,1405,11,1
6468,are,1431,13,1
6469,are,1436,40,7
6470,are,1462,6,1
6471,are,1471,13,0
6472,are,1476,18,0
6473,are,1486,19,3
6474,are,1490,53,5
6475,are,1495,3,0
6476,are,1541,14,1
6477,are,1582,20,2
6478,are,1625,17,5
6479,are,1694,21,1
6480,are,1711,14,0
6481,are,1738,3,0
6482,argued,1301,1,0
6483,ariadne,349,4,2
6484,arm,380,11,0
6485,arm,1094,5,1
6486,arm,1094,9,1
6487,arm,1204,8,2
6488,arm,1277,6,2
6489,arm,1420,11,0
6490,arm,1561,20,2
6491,arm,1799,15,2
6492,armed,133,1,0
6493,armed,1333,6,1
6494,armor,55,23,9
6495,armor,73,16,3
6496,armor,76,10,0
6497,armorer,58,51,8
6498,arms,115,11,3
6499,arms,491,28,4
6500,arms,875,11,0
6501,arms,888,55,9
6502,arms,1375,13,3
6503,arms,1752,6,0
6504,army,1227,12,4
6505,arose,1443,54,7
6506,around,43,57,16
6507,around,151,0,0
6508,around,153,36,11
6509,around,731,6,0
6510,around,781,8,2
6511,around,931,9,1
6512,around,949,7,1
6513,around,967,10,5
6514,around,1095,15,3
6515,around,1106,94,21
6516,around,1119,16,0
6517,around,1152,12,3
6518,around,1185,24,4
6519,around,1250,24,2
6520,around,1333,0,0
6521,around,1337,0,0
6522,around,1407,3,0
6523,around,1418,7,0
6524,around,1430,8,1
6525,around,1484,2,0
6526,around,1737,0,0
6527,around,1807,13,3
6528,arouse,736,5,2
6529,aroused,1569,17,5
6530,arrange,58,6,0
6531,arrange,58,12,1
6532,arrange,1289,6,2
6533,array,1457,24,11
6534,arrest,583,4,1
6535,arrested,1072,24,4
6536,arrested,1074,3,0
6537,arrested,1639,16,1
6538,arrived,39,8,2
6539,arrived,202,68,18
6540,arrived,563,1,1
6541,arrived,1272,6,2
6542,arrived,1628,31,5
6543,arry,635,2,0
6544,art,508,8,2
6545,art,542,35,8
6546,art,1533,13,3
6547,art,1640,15,3
6548,artificial,83,1,1
6549,artificial,83,11,3
6550,artillery,152,16,5
6551,artillery,283,24,7
6552,artillery,1229,19,5
6553,artist,1081,20,0
6554,artist,1118,32,4
6555,artist,1370,12,0
6556,artists,476,16,5
6557,artists,587,64,9
6558,artists,655,9,0
6559,artists,1033,11,2
6560,artists,1424,6,1
6561,arts,26,5,2
6562,as,17,39,12
6563,as,27,15,7
6564,as,28,43,11
6565,as,33,8,1
6566,as,38,22,7
6567,as,42,28,6
6568,as,43,32,10
6569,as,73,19,3
6570,as,84,32,7
6571,as,93,3,1
6572,as,134,3,1
6573,as,134,20,4
6574,as,153,28,8
6575,as,155,8,2
6576,as,156,0,0
6577,as,166,5,1
6578,as,166,20,3
6579,as,188,15,0
6580,as,192,6,1
6581,as,202,38,12
6582,as,205,0,0
6583,as,222,5,0
6584,as,222,6,0
6585,as,228,6,1
6586,as,235,22,3
6587,as,262,2,0
6588,as,262,8,1
6589,as,269,0,0
6590,as,293,0,0
6591,as,296,3,0
6592,as,298,28,4
6593,as,306,9,1
6594,as,315,37,9
6595,as,319,14,1
6596,as,323,1,0
6597,as,326,9,2
6598,as,326,26,5
6599,as,337,10,2
6600,as,343,9,1
6601,as,360,3,0
6602,as,380,14,0
6603,as,383,21,5
6604,as,389,53,14
6605,as,413,18,1
6606,as,415,17,1
6607,as,422,10,1
6608,as,423,19,4
6609,as,424,13,1
6610,as,428,5,1
6611,as,428,14,2
6612,as,429,9,2
6613,as,432,47,8
6614,as,434,42,9
6615,as,434,48,9
6616,as,434,53,9
6617,as,456,7,1
6618,as,488,15,1
6619,as,491,55,11
6620,as,495,0,0
6621,as,499,13,5
6622,as,503,8,2
6623,as,503,20,3
6624,as,503,28,3
6625,as,503,29,3
6626,as,526,47,10
6627,as,529,0,0
6628,as,529,112,29
6629,as,535,17,1
6630,as,566,0,0
6631,as,574,15,7
6632,as,575,24,6
6633,as,578,9,0
6634,as,578,63,11
6635,as,583,10,3
6636,as,587,68,9
6637,as,596,26,2
6638,as,626,32,8
6639,as,644,8,2
6640,as,666,16,3
6641,as,666,18,3
6642,as,673,6,1
6643,as,677,9,0
6644,as,698,18,4
6645,as,701,43,4
6646,as,704,1,0
6647,as,709,1,0
6648,as,710,1,0
6649,as,714,4,1
6650,as,714,5,1
6651,as,726,15,4
6652,as,744,7,2
6653,as,745,3,1
6654,as,748,48,8
6655,as,749,0,0
6656,as,762,6,1
6657,as,763,32,5
6658,as,767,1,0
6659,as,776,0,0
6660,as,778,1,0
6661,as,778,18,2
6662,as,805,12,5
6663,as,809,10,2
6664,as,809,33,6
6665,as,812,31,5
6666,as,815,14,7
6667,as,822,9,4
6668,as,829,2,0
6669,as,867,9,4
6670,as,874,2,0
6671,as,879,6,0
6672,as,880,1,0
6673,as,921,5,2
6674,as,926,0,0
6675,as,928,16,4
6676,as,931,47,8
6677,as,931,60,10
6678,as,932,11,3
6679,as,933,68,14
6680,as,940,22,3
6681,as,966,0,0
6682,as,969,12,4
6683,as,970,4,2
6684,as,971,22,5
6685,as,1024,20,4
6686,as,1033,33,6
6687,as,1038,15,4
6688,as,1042,57,6
6689,as,1055,23,9
6690,as,1056,4,0
6691,as,1070,1,1
6692,as,1118,26,2
6693,as,1127,38,7
6694,as,1183,5,1
6695,as,1214,2,1
6696,as,1250,4,1
6697,as,1255,1,0
6698,as,1265,17,2
6699,as,1271,9,3
6700,as,1292,55,11
6701,as,1304,47,11
6702,as,1310,5,1
6703,as,1317,4,0
6704,as,1336,34,2
6705,as,1354,11,1
6706,as,1354,16,3
6707,as,1357,12,2
6708,as,1372,2,1
6709,as,1375,22,3
6710,as,1397,2,0
6711,as,1397,4,0
6712,as,1413,21,2
6713,as,1413,52,8
6714,as,1416,23,2
6715,as,1436,41,7
6716,as,1436,43,7
6717,as,1437,10,0
6718,as,1437,11,0
6719,as,1444,15,2
6720,as,1450,4,1
6721,as,1451,6,0
6722,as,1459,2,0
6723,as,1470,5,0
6724,as,1509,19,1
6725,as,1510,20,5
6726,as,1520,3,0
6727,as,1524,0,0
6728,as,1543,8,1
6729,as,1545,20,3
6730,as,1592,7,0
6731,as,1593,9,3
6732,as,1604,8,0
6733,as,1609,16,3
6734,as,1637,4,0
6735,as,1637,25,2
6736,as,1662,25,2
6737,as,1708,17,6
6738,as,1713,7,0
6739,as,1726,9,3
6740,as,1736,18,4
6741,as,1774,24,6
6742,as,1792,8,3
6743,as,1794,7,1
6744,as,1830,7,2
6745,ashamed,1022,5,1
6746,ashen,1142,38,10
6747,ashes,969,3,2
6748,aside,328,13,1
6749,aside,328,19,1
6750,aside,1106,62,12
6751,aside,1766,15,2
6752,aside,1775,3,0
6753,ask,337,27,7
6754,ask,1360,2,0
6755,ask,1509,2,0
6756,asked,33,23,1
6757,asked,64,9,1
6758,asked,64,16,2
6759,asked,65,3,0
6760,asked,73,40,10
6761,asked,116,21,5
6762,asked,397,41,11
6763,asked,481,28,5
6764,asked,492,4,0
6765,asked,627,40,6
6766,asked,827,102,15
6767,asked,900,9,1
6768,asked,905,20,0
6769,asked,908,6,0
6770,asked,992,3,0
6771,asked,1061,21,8
6772,asked,1107,13,3
6773,asked,1656,5,1
6774,asleep,242,19,3
6775,asleep,404,9,1
6776,asleep,408,9,0
6777,asleep,596,4,0
6778,asleep,680,29,6
6779,asleep,943,2,1
6780,asphalt,150,43,16
6781,asphalt,285,12,3
6782,asphalt,575,10,3
6783,asphalt,1548,33,9
6784,aspirations,1755,3,0
6785,ass,1524,73,19
6786,assails,37,41,9
6787,assaulted,1628,43,8
6788,asserted,1531,6,1
6789,assier,1155,11,1
6790,assistance,1032,35,6
6791,assistance,1570,3,0
6792,assistant,520,12,0
6793,"astang?""",1293,4,0
6794,astonished,777,2,0
6795,astonished,1358,9,2
6796,astonished,1418,12,1
6797,astonishment,1700,39,15
6798,astrakan,1193,27,8
6799,astronomical,1685,10,5
6800,at,21,2,3
6801,at,31,28,5
6802,at,33,0,1
6803,at,35,3,1
6804,at,43,82,27
6805,at,51,17,9
6806,at,51,41,14
6807,at,57,13,3
6808,at,79,9,2
6809,at,98,7,2
6810,at,105,2,1
6811,at,120,18,2
6812,at,129,22,6
6813,at,138,2,1
6814,at,148,27,7
6815,at,152,20,6
6816,at,159,4,1
6817,at,166,1,1
6818,at,167,26,13
6819,at,172,3,1
6820,at,197,1,1
6821,at,202,7,1
6822,at,215,7,3
6823,at,232,14,3
6824,at,255,1,1
6825,at,255,22,7
6826,at,257,2,1
6827,at,269,2,2
6828,at,282,6,2
6829,at,283,2,1
6830,at,283,7,3
6831,at,288,0,1
6832,at,289,17,1
6833,at,315,9,4
6834,at,318,11,2
6835,at,319,12,1
6836,at,322,0,1
6837,at,326,3,2
6838,at,334,9,5
6839,at,349,2,1
6840,at,357,9,3
6841,at,361,3,2
6842,at,377,2,1
6843,at,383,40,8
6844,at,389,31,8
6845,at,389,39,12
6846,at,417,7,1
6847,at,419,2,1
6848,at,422,0,1
6849,at,423,0,1
6850,at,424,2,1
6851,at,425,65,13
6852,at,428,28,8
6853,at,432,27,6
6854,at,439,13,1
6855,at,456,1,1
6856,at,456,8,2
6857,at,459,2,1
6858,at,460,10,3
6859,at,463,21,5
6860,at,476,11,4
6861,at,489,0,1
6862,at,500,20,4
6863,at,503,34,5
6864,at,504,5,2
6865,at,507,1,2
6866,at,510,3,1
6867,at,511,5,2
6868,at,527,11,2
6869,at,528,19,7
6870,at,529,53,14
6871,at,529,68,19
6872,at,538,20,5
6873,at,550,16,5
6874,at,555,6,1
6875,at,562,4,2
6876,at,577,0,1
6877,at,592,8,2
6878,at,600,4,1
6879,at,604,5,1
6880,at,613,7,3
6881,at,616,9,2
6882,at,629,5,2
6883,at,631,8,4
6884,at,633,4,1
6885,at,635,20,6
6886,at,651,15,6
6887,at,660,14,4
6888,at,662,22,4
6889,at,663,3,1
6890,at,664,33,4
6891,at,687,1,1
6892,at,703,13,4
6893,at,716,2,1
6894,at,735,1,1
6895,at,737,2,1
6896,at,739,24,4
6897,at,739,31,7
6898,at,744,40,9
6899,at,747,18,4
6900,at,757,3,1
6901,at,762,13,4
6902,at,763,36,7
6903,at,772,7,4
6904,at,778,14,1
6905,at,790,5,1
6906,at,810,7,2
6907,at,812,9,3
6908,at,824,29,8
6909,at,824,45,12
6910,at,824,66,18
6911,at,841,5,2
6912,at,842,5,2
6913,at,846,10,3
6914,at,867,0,1
6915,at,867,18,7
6916,at,900,5,1
6917,at,923,7,4
6918,at,928,1,1
6919,at,928,9,3
6920,at,936,6,2
6921,at,947,21,8
6922,at,948,4,1
6923,at,963,9,2
6924,at,967,4,3
6925,at,971,29,7
6926,at,986,2,2
6927,at,1002,16,1
6928,at,1013,10,4
6929,at,1019,39,9
6930,at,1020,8,4
6931,at,1023,25,4
6932,at,1024,5,1
6933,at,1034,11,1
6934,at,1038,11,4
6935,at,1040,11,2
6936,at,1043,47,4
6937,at,1069,19,3
6938,at,1076,5,1
6939,at,1079,6,2
6940,at,1086,20,7
6941,at,1091,8,1
6942,at,1091,19,4
6943,at,1104,20,4
6944,at,1105,5,3
6945,at,1106,40,7
6946,at,1110,5,2
6947,at,1115,11,2
6948,at,1118,18,1
6949,at,1124,0,1
6950,at,1124,19,5
6951,at,1139,5,3
6952,at,1142,47,12
6953,at,1149,4,2
6954,at,1149,16,3
6955,at,1170,12,4
6956,at,1172,9,1
6957,at,1178,1,1
6958,at,1182,0,1
6959,at,1186,0,1
6960,at,1195,0,1
6961,at,1221,5,2
6962,at,1230,0,1
6963,at,1230,7,3
6964,at,1231,0,1
6965,at,1240,21,6
6966,at,1243,1,1
6967,at,1253,17,5
6968,at,1265,29,6
6969,at,1270,34,11
6970,at,1271,0,1
6971,at,1273,18,7
6972,at,1277,2,1
6973,at,1286,2,1
6974,at,1292,34,5
6975,at,1292,51,11
6976,at,1295,17,2
6977,at,1299,11,2
6978,at,1308,5,1
6979,at,1312,15,5
6980,at,1323,2,1
6981,at,1328,6,1
6982,at,1332,6,4
6983,at,1332,12,8
6984,at,1334,27,9
6985,at,1337,21,7
6986,at,1340,3,2
6987,at,1340,20,7
6988,at,1345,13,4
6989,at,1348,5,1
6990,at,1359,2,1
6991,at,1359,10,4
6992,at,1361,24,4
6993,at,1371,12,1
6994,at,1374,13,4
6995,at,1377,4,2
6996,at,1379,1,1
6997,at,1397,28,3
6998,at,1405,29,6
6999,at,1408,28,4
7000,at,1409,4,2
7001,at,1429,42,7
7002,at,1430,3,1
7003,at,1441,26,2
7004,at,1443,33,6
7005,at,1458,2,1
7006,at,1468,7,3
7007,at,1473,6,3
7008,at,1476,38,3
7009,at,1480,0,1
7010,at,1483,6,2
7011,at,1486,4,1
7012,at,1521,23,8
7013,at,1528,0,1
7014,at,1545,6,2
7015,at,1549,6,1
7016,at,1571,0,1
7017,at,1574,24,9
7018,at,1574,29,12
7019,at,1575,0,1
7020,at,1576,4,1
7021,at,1577,8,3
7022,at,1585,7,1
7023,at,1593,8,3
7024,at,1595,8,3
7025,at,1602,24,11
7026,at,1611,37,8
7027,at,1618,12,2
7028,at,1628,2,1
7029,at,1628,17,4
7030,at,1636,10,2
7031,at,1637,44,3
7032,at,1641,6,2
7033,at,1643,3,1
7034,at,1648,6,2
7035,at,1652,10,3
7036,at,1658,28,11
7037,at,1665,29,6
7038,at,1668,11,2
7039,at,1675,38,9
7040,at,1677,0,1
7041,at,1678,20,5
7042,at,1686,3,1
7043,at,1688,4,1
7044,at,1695,3,1
7045,at,1696,8,3
7046,at,1700,24,11
7047,at,1706,2,1
7048,at,1707,7,2
7049,at,1708,1,1
7050,at,1710,10,2
7051,at,1713,31,6
7052,at,1714,2,1
7053,at,1725,7,2
7054,at,1726,12,4
7055,at,1740,27,7
7056,at,1769,18,4
7057,at,1769,52,10
7058,at,1769,53,11
7059,at,1776,0,1
7060,at,1781,6,1
7061,at,1788,10,3
7062,at,1788,20,7
7063,at,1788,31,10
7064,at,1788,42,14
7065,at,1789,0,1
7066,at,1789,41,15
7067,at,1792,11,4
7068,at,1801,4,1
7069,at,1803,5,1
7070,at,1808,7,2
7071,at,1810,14,4
7072,at,1819,16,4
7073,at,1823,16,8
7074,at,1825,4,1
7075,at,1827,13,2
7076,at,1828,13,4
7077,at,1832,9,3
7078,at,1833,1,1
7079,at,1836,24,5
7080,ate,659,6,0
7081,ate,1524,61,16
7082,ated,990,68,15
7083,ated,1141,36,5
7084,athirst,896,1,0
7085,athletics,198,24,5
7086,ation,1357,3,0
7087,ative,656,9,3
7088,atom,365,34,8
7089,atrical,73,26,6
7090,attach,818,24,6
7091,attached,849,1,0
7092,attempt,730,14,1
7093,attempt,929,0,0
7094,attempt,1706,1,0
7095,atten,57,9,2
7096,attention,118,32,6
7097,attention,153,37,11
7098,attention,386,75,8
7099,attention,573,88,13
7100,attract,528,23,8
7101,attractive,1671,10,1
7102,auburn,1593,1,1
7103,auguration,64,27,4
7104,australia,76,31,6
7105,authority,1787,11,4
7106,avalanche,102,0,0
7107,avalanche,1236,17,7
7108,avas,1439,25,5
7109,avenue,51,23,9
7110,avenue,1477,20,3
7111,avoided,240,15,2
7112,avonshire,269,26,7
7113,avowal,846,53,10
7114,awake,1124,18,4
7115,awaken,846,52,10
7116,away,31,11,2
7117,away,174,3,1
7118,away,198,38,5
7119,away,239,10,1
7120,away,286,17,5
7121,away,397,23,6
7122,away,417,5,0
7123,away,471,22,4
7124,away,525,49,7
7125,away,533,24,2
7126,away,564,15,2
7127,away,571,3,1
7128,away,648,13,3
7129,away,744,34,6
7130,away,827,25,4
7131,away,1013,14,4
7132,away,1185,0,0
7133,away,1225,3,1
7134,away,1233,14,4
7135,away,1375,26,4
7136,away,1452,38,10
7137,away,1457,8,4
7138,away,1464,21,3
7139,away,1574,43,16
7140,away,1597,38,5
7141,away,1609,21,4
7142,awful,42,7,2
7143,awful,204,4,1
7144,awful,402,15,2
7145,awful,569,4,2
7146,awful,592,12,3
7147,awhile,549,7,2
7148,awhile,578,1,0
7149,awhile,671,14,2
7150,awkward,660,29,9
7151,awoke,604,4,0
7152,awoke,671,19,2
7153,awoke,815,0,0
7154,azure,491,31,4
7155,azure,941,4,1
7156,b,8,12,8
7157,b,90,1,0
7158,babbled,1789,18,8
7159,back,31,9,2
7160,back,86,29,9
7161,back,142,18,2
7162,back,158,1,0
7163,back,279,8,2
7164,back,283,27,7
7165,back,295,3,0
7166,back,346,2,0
7167,back,399,5,0
7168,back,422,3,1
7169,back,471,21,4
7170,back,491,48,9
7171,back,534,10,1
7172,back,543,2,0
7173,back,682,3,0
7174,back,816,6,3
7175,back,846,47,10
7176,back,891,11,2
7177,back,921,4,2
7178,back,1055,28,10
7179,back,1081,35,1
7180,back,1104,13,2
7181,back,1133,6,2
7182,back,1221,13,4
7183,back,1253,29,7
7184,back,1265,5,1
7185,back,1334,23,7
7186,back,1358,14,2
7187,back,1358,26,4
7188,back,1488,26,5
7189,back,1541,4,0
7190,back,1708,2,1
7191,back,1791,14,4
7192,backs,535,36,9
7193,bad,22,10,2
7194,bad,1095,21,4
7195,balance,1416,22,2
7196,balanced,1295,10,0
7197,balconies,1821,4,2
7198,balcony,1815,29,11
7199,balcony,1822,15,6
7200,"ball?""",1701,13,2
7201,banality,42,1,1
7202,band,133,9,3
7203,band,1788,37,13
7204,bandaged,1178,21,5
7205,bandaged,1226,2,1
7206,bang,1731,0,0
7207,banged,1120,49,7
7208,banisters,1120,39,5
7209,banjo,1449,9,2
7210,bank,259,3,1
7211,bank,1572,27,9
7212,bankment,231,14,2
7213,bankment,1174,10,5
7214,bankment,1200,3,0
7215,bankment,1209,3,0
7216,bankment,1209,10,3
7217,bantering,376,6,1
7218,bar,1455,12,4
7219,bardment,1055,11,5
7220,bargain,113,6,0
7221,bargaining,1688,10,2
7222,barnabe,526,50,10
7223,"barnabe""",506,0,0
7224,barracks,287,2,2
7225,barracks,1255,9,1
7226,barrassed,1684,15,3
7227,"barre""e",1677,11,1
7228,"barre""e",1720,52,5
7229,"barre""e",1749,3,0
7230,"barre""e",1756,2,0
7231,"barre""e",1763,1,0
7232,"barre""e",1768,7,0
7233,"barre""e",1776,3,2
7234,barre*e,1721,10,1
7235,barred,40,9,4
7236,barred,564,4,0
7237,barred,1159,7,0
7238,barree,1656,24,1
7239,barree,1756,14,1
7240,barree,1758,4,0
7241,barree,1769,33,7
7242,barrel,1769,14,3
7243,barrel,1820,3,1
7244,barrier,1664,9,3
7245,barristers,21,9,6
7246,bars,1825,14,3
7247,basin,284,28,11
7248,basin,331,12,3
7249,basin,428,19,3
7250,basin,821,78,16
7251,basin,1020,6,3
7252,basin,1043,74,10
7253,basin,1331,17,4
7254,basin,1571,35,9
7255,basins,153,8,1
7256,baskets,1543,7,1
7257,bastion,1061,8,3
7258,bat,765,15,6
7259,bathing,153,4,0
7260,bathing,383,42,8
7261,battal,1190,3,1
7262,battalion,1186,9,3
7263,battalion,1195,6,3
7264,battalion,1205,4,0
7265,battalion,1209,7,1
7266,batteries,1058,6,2
7267,batteries,1230,12,6
7268,battering,1549,5,0
7269,battery,1183,1,1
7270,battery,1209,2,0
7271,battle,171,6,0
7272,battle,1259,13,6
7273,battle,1544,8,1
7274,battles,1142,33,10
7275,battling,1727,9,2
7276,bay,257,3,1
7277,bay,672,15,5
7278,bayed,818,18,5
7279,bayonet,1158,2,1
7280,bayonet,1221,17,6
7281,bayonet,1265,13,2
7282,bayonet,1477,41,9
7283,bayonets,1151,10,3
7284,bayonets,1152,0,0
7285,bayonets,1223,8,2
7286,be,39,13,4
7287,be,45,5,0
7288,be,46,10,2
7289,be,64,4,1
7290,be,69,8,1
7291,be,93,6,2
7292,be,98,9,3
7293,be,146,2,1
7294,be,236,11,1
7295,be,293,19,4
7296,be,314,8,0
7297,be,342,13,0
7298,be,363,3,0
7299,be,365,2,0
7300,be,388,7,1
7301,be,425,12,3
7302,be,439,44,6
7303,be,485,12,0
7304,be,492,6,0
7305,be,504,4,1
7306,be,510,6,2
7307,be,523,3,0
7308,be,526,19,1
7309,be,529,81,22
7310,be,611,8,1
7311,be,630,2,0
7312,be,664,30,2
7313,be,750,2,0
7314,be,887,15,1
7315,be,931,33,6
7316,be,1023,8,1
7317,be,1047,30,3
7318,be,1078,5,1
7319,be,1153,0,0
7320,be,1303,24,1
7321,be,1308,4,0
7322,be,1331,13,3
7323,be,1405,7,1
7324,be,1424,19,3
7325,be,1426,8,1
7326,be,1455,0,0
7327,be,1496,20,1
7328,be,1496,22,1
7329,be,1569,16,5
7330,be,1770,18,2
7331,"be""rets",1460,18,2
7332,beam,58,30,4
7333,beam,981,7,2
7334,bear,38,17,6
7335,bear,533,26,3
7336,bearing,1460,14,2
7337,beast,244,16,5
7338,beat,230,3,1
7339,beat,1143,39,9
7340,beat,1212,16,4
7341,beat,1443,23,2
7342,beat,1545,41,4
7343,beating,1824,6,1
7344,beating,1826,17,3
7345,beau,1598,3,0
7346,beau,1637,39,2
7347,beauties,1112,21,3
7348,beautiful,38,25,8
7349,beautiful,172,7,2
7350,beautiful,495,50,13
7351,beautiful,655,6,0
7352,beautiful,701,31,3
7353,beautiful,791,6,3
7354,beautiful,910,3,1
7355,beautiful,939,12,1
7356,beautiful,941,29,9
7357,beautiful,953,1,0
7358,beautiful,955,9,1
7359,beautifully,254,4,2
7360,beautifully,338,9,3
7361,beauty,1650,8,3
7362,beauty,1665,59,11
7363,beauty,1692,10,3
7364,became,414,16,4
7365,became,821,46,12
7366,became,1182,13,5
7367,became,1665,49,9
7368,became,1815,21,7
7369,because,596,7,0
7370,because,626,13,3
7371,because,693,32,10
7372,because,827,66,13
7373,because,852,5,0
7374,because,853,4,1
7375,because,1426,12,2
7376,because,1426,13,2
7377,because,1770,8,0
7378,beckoned,439,5,0
7379,become,44,21,5
7380,become,58,38,4
7381,become,425,69,13
7382,become,1204,3,1
7383,becoming,927,7,2
7384,bed,249,12,4
7385,bed,398,9,4
7386,bed,432,36,8
7387,bed,458,15,6
7388,bed,937,28,6
7389,bed,969,9,4
7390,bed,1133,13,2
7391,bed,1268,8,3
7392,bed,1321,30,9
7393,bed,1337,15,3
7394,bed,1556,5,0
7395,bed,1567,1,0
7396,bed,1567,6,1
7397,bed,1668,16,4
7398,bed,1712,4,0
7399,bed,1828,22,6
7400,bedroom,1121,22,5
7401,beds,150,28,10
7402,beef,1096,18,2
7403,beef,1100,19,1
7404,beef,1106,53,10
7405,beef?,945,11,2
7406,been,17,17,5
7407,been,23,2,0
7408,been,23,19,3
7409,been,61,16,4
7410,been,217,11,1
7411,been,286,15,5
7412,been,353,4,1
7413,been,432,7,1
7414,been,465,26,7
7415,been,486,1,0
7416,been,495,43,10
7417,been,503,2,0
7418,been,503,38,5
7419,been,512,1,1
7420,been,514,22,4
7421,been,533,12,2
7422,been,550,15,4
7423,been,587,50,5
7424,been,589,7,2
7425,been,625,6,1
7426,been,626,36,8
7427,been,693,3,0
7428,been,698,13,3
7429,been,699,2,0
7430,been,822,16,6
7431,been,837,2,0
7432,been,991,24,3
7433,been,1125,13,0
7434,been,1201,2,0
7435,been,1227,10,3
7436,been,1229,47,14
7437,been,1231,17,5
7438,been,1291,5,0
7439,been,1439,14,2
7440,been,1725,4,0
7441,been,1804,20,1
7442,before,31,4,0
7443,before,38,39,11
7444,before,43,24,8
7445,before,51,37,13
7446,before,79,7,1
7447,before,85,31,2
7448,before,86,0,0
7449,before,155,4,1
7450,before,155,39,9
7451,before,164,10,0
7452,before,203,6,1
7453,before,251,0,0
7454,before,271,8,3
7455,before,314,20,1
7456,before,343,12,1
7457,before,371,16,1
7458,before,374,2,0
7459,before,436,6,0
7460,before,448,0,0
7461,before,488,17,1
7462,before,526,7,0
7463,before,549,8,2
7464,before,551,10,2
7465,before,573,54,9
7466,before,578,28,4
7467,before,658,30,10
7468,before,743,40,8
7469,before,749,8,0
7470,before,777,8,2
7471,before,778,36,4
7472,before,803,1,0
7473,before,808,2,1
7474,before,837,5,0
7475,before,880,8,0
7476,before,927,15,2
7477,before,949,19,5
7478,before,959,6,0
7479,before,1042,40,3
7480,before,1043,43,3
7481,before,1105,32,4
7482,before,1124,26,7
7483,before,1128,19,2
7484,before,1240,26,7
7485,before,1321,6,2
7486,before,1449,14,3
7487,before,1481,1,1
7488,before,1483,2,0
7489,before,1483,20,6
7490,before,1574,20,7
7491,before,1593,25,7
7492,before,1668,17,4
7493,before,1698,13,3
7494,before,1768,14,1
7495,before,1777,1,0
7496,beg,634,4,0
7497,beg,635,29,6
7498,began,29,12,5
7499,began,112,11,0
7500,began,159,73,5
7501,began,292,2,0
7502,began,441,1,0
7503,began,526,41,7
7504,began,533,35,3
7505,began,764,11,2
7506,began,780,6,1
7507,began,949,41,10
7508,began,1022,6,1
7509,began,1216,1,0
7510,began,1548,44,10
7511,began,1628,23,5
7512,began,1756,4,0
7513,began,1830,6,2
7514,begin,863,19,2
7515,begin,866,6,3
7516,begin,1564,3,1
7517,beginning,70,4,0
7518,beginning,118,13,4
7519,beginning,805,16,5
7520,beguile,1548,25,7
7521,begun,1144,3,0
7522,behave,1425,3,0
7523,beheld,1768,12,1
7524,behind,155,32,8
7525,behind,171,27,3
7526,behind,276,5,0
7527,behind,281,0,0
7528,behind,351,21,7
7529,behind,805,19,5
7530,behind,809,31,6
7531,behind,1222,11,1
7532,behind,1256,12,5
7533,behind,1292,4,1
7534,behind,1374,26,5
7535,behind,1615,8,3
7536,behind,1728,13,3
7537,behind,1818,4,1
7538,behind,1832,0,0
7539,being,61,29,8
7540,being,270,14,3
7541,being,389,26,7
7542,being,509,8,1
7543,being,528,6,2
7544,being,1580,5,2
7545,belfry,1227,5,2
7546,believe,226,1,0
7547,believe,627,1,0
7548,believe,672,19,5
7549,believe,1025,1,0
7550,believe,1072,3,0
7551,believe,1322,4,0
7552,believe,1468,9,3
7553,believe,1665,55,10
7554,believe,1693,1,0
7555,believed,45,2,0
7556,bell,200,2,0
7557,bell,417,9,2
7558,bell,625,1,0
7559,bell,771,15,4
7560,bell,824,16,3
7561,belled,800,22,6
7562,belled,860,7,0
7563,belled,864,14,5
7564,bellowed,627,10,2
7565,bells,595,10,2
7566,bells,799,15,5
7567,bells,908,13,2
7568,bells,1460,70,13
7569,belly,86,5,0
7570,belong,1170,6,2
7571,belongs,184,13,0
7572,below,384,15,7
7573,below,622,14,1
7574,below,747,1,1
7575,below,815,19,9
7576,below,874,6,1
7577,below,887,51,7
7578,below,888,3,1
7579,below,982,3,2
7580,below,1106,67,14
7581,below,1185,46,8
7582,below,1277,19,4
7583,below,1609,6,0
7584,bench,289,31,9
7585,bench,1363,27,0
7586,benches,151,26,10
7587,bend,918,3,0
7588,bending,491,43,6
7589,bending,876,8,1
7590,bending,978,7,1
7591,bending,1377,27,3
7592,beneath,491,33,4
7593,beneath,727,13,1
7594,beneath,763,7,1
7595,beneath,970,8,4
7596,beneath,1263,43,14
7597,benedick,288,16,6
7598,benefited,45,6,0
7599,bengal,1769,11,2
7600,bent,166,7,1
7601,bent,326,28,5
7602,bent,422,13,1
7603,bent,573,66,12
7604,bent,576,5,0
7605,bent,1122,2,0
7606,bent,1166,5,0
7607,bent,1460,44,4
7608,bent,1616,10,1
7609,ber,42,12,2
7610,ber,85,23,1
7611,bered,295,9,0
7612,bered,795,16,2
7613,berk,51,43,15
7614,berk,61,3,0
7615,berk,202,6,0
7616,berk,284,23,10
7617,berk,319,7,0
7618,berland,941,12,4
7619,berries,134,4,1
7620,berry,1410,2,0
7621,berth,1252,8,3
7622,beside,81,6,1
7623,beside,288,5,3
7624,beside,289,33,9
7625,beside,602,4,1
7626,beside,651,2,1
7627,beside,743,20,5
7628,beside,826,14,5
7629,beside,869,4,1
7630,beside,878,7,1
7631,beside,1043,72,10
7632,beside,1133,12,2
7633,beside,1155,10,1
7634,beside,1606,8,2
7635,beside,1795,35,6
7636,beside,1828,35,8
7637,besides,107,10,1
7638,besides,1077,10,0
7639,besides,1700,4,1
7640,best,236,12,1
7641,best,535,18,1
7642,best,1404,10,2
7643,best,1525,15,3
7644,best,1729,20,5
7645,besting,897,2,1
7646,bet,991,13,2
7647,better,33,37,5
7648,better,35,16,2
7649,better,83,9,2
7650,better,338,31,6
7651,better,350,6,2
7652,better,369,7,0
7653,better,370,14,0
7654,better,386,13,0
7655,better,482,3,0
7656,better,659,1,0
7657,better,697,10,1
7658,better,697,27,3
7659,better,759,29,5
7660,better,778,11,0
7661,better,1009,5,1
7662,better,1009,29,2
7663,better,1033,38,6
7664,better,1500,13,1
7665,better,1718,8,1
7666,between,356,2,0
7667,between,528,32,8
7668,between,680,35,6
7669,between,688,1,0
7670,between,931,16,2
7671,between,1436,46,7
7672,between,1769,24,5
7673,beyond,152,10,3
7674,beyond,362,20,2
7675,beyond,471,2,0
7676,beyond,572,8,1
7677,beyond,980,7,3
7678,beyond,1193,6,3
7679,beyond,1788,49,14
7680,bias,1734,4,0
7681,bid,937,17,3
7682,big,386,52,5
7683,big,1294,2,1
7684,big,1302,7,2
7685,big,1737,5,0
7686,big,1788,25,7
7687,big,1831,4,2
7688,bigotry,28,25,9
7689,bijou,8,11,8
7690,bildin,630,4,1
7691,bill,1705,4,1
7692,bill,1705,20,6
7693,billowed,763,17,3
7694,bination,145,5,2
7695,bird,818,44,8
7696,bird,856,1,1
7697,bird,930,14,3
7698,bird,1320,11,4
7699,bird,1675,35,8
7700,birds,846,17,5
7701,birds,868,30,11
7702,birds,1316,5,3
7703,birds,1536,8,3
7704,birds,1537,27,6
7705,bis,1277,14,3
7706,bisque,1490,17,1
7707,bit,273,1,1
7708,bit,282,20,5
7709,bit,624,5,1
7710,bit,625,3,0
7711,bit,687,13,4
7712,bit,1127,43,9
7713,bit,1375,20,3
7714,bit,1375,32,5
7715,bit,1799,2,0
7716,bit,1799,4,0
7717,biting,1640,8,2
7718,bits,764,21,2
7719,bits,978,16,4
7720,bitter,981,4,2
7721,bitter,1080,6,0
7722,bitter,1142,11,3
7723,bitter,1614,18,5
7724,bitterly,691,29,7
7725,bitually,694,1,0
7726,black,519,2,0
7727,black,540,22,6
7728,black,552,3,0
7729,black,567,30,5
7730,black,571,15,6
7731,black,601,12,4
7732,black,820,12,3
7733,black,900,14,2
7734,black,902,13,2
7735,black,1096,2,1
7736,black,1171,11,2
7737,black,1460,2,1
7738,black,1483,9,2
7739,black,1537,3,1
7740,blackbird,1548,16,5
7741,blackbirds,1315,6,4
7742,blackened,1177,9,2
7743,blackguard,1436,48,7
7744,blackness,562,3,1
7745,blackness,1121,5,2
7746,bladen,1303,0,0
7747,bladen,1519,0,0
7748,blance,1326,6,1
7749,blandly,1656,21,1
7750,blank,428,60,16
7751,blank,1263,41,14
7752,blare,569,27,7
7753,blast,227,15,0
7754,blatant,626,20,5
7755,blazed,268,44,7
7756,blazed,720,14,0
7757,blazed,1061,14,6
7758,blazed,1263,33,12
7759,ble,43,19,7
7760,ble,1644,7,2
7761,bled,1003,9,2
7762,bleecker,142,28,4
7763,blended,1447,13,4
7764,bless,670,16,1
7765,blessed,1788,4,1
7766,blew,1042,30,2
7767,blighted,1791,3,2
7768,blindly,536,5,0
7769,bling,276,3,0
7770,bling,880,10,1
7771,bloc,865,18,2
7772,block,42,25,6
7773,block,42,39,9
7774,blockaded,1025,50,6
7775,blood,241,3,1
7776,blood,750,33,3
7777,blood,845,5,1
7778,blood,894,20,3
7779,blood,895,4,1
7780,blood,1226,30,8
7781,blossoms,763,13,2
7782,blossoms,1837,9,1
7783,blot,746,1,0
7784,blount,43,81,26
7785,blow,1042,36,3
7786,blow,1221,4,1
7787,blows,1222,18,2
7788,blue,132,4,0
7789,blue,415,4,1
7790,blue,720,38,5
7791,blue,887,37,4
7792,blue,1055,30,10
7793,blue,1127,31,6
7794,blue,1277,18,4
7795,blue,1537,6,2
7796,blue,1604,7,0
7797,blue,1684,13,3
7798,blue,1832,18,4
7799,bluest,1659,5,3
7800,blush,53,13,2
7801,blushed,1322,8,0
7802,blushing,1650,14,3
7803,boat,169,1,0
7804,boat,1372,29,5
7805,boat,1373,3,1
7806,boats,1333,12,2
7807,bobbed,133,27,7
7808,bock,1520,0,0
7809,boding,1660,26,8
7810,body,386,47,5
7811,body,764,6,1
7812,body,1106,49,9
7813,body,1222,10,1
7814,body,1301,18,5
7815,bois,541,8,1
7816,bois,541,27,4
7817,bold,829,15,0
7818,boldly,1658,3,1
7819,bolt,420,2,0
7820,bolt,1124,8,4
7821,bon,1658,17,8
7822,bonfire,1055,35,10
7823,book,40,2,1
7824,book,221,22,4
7825,book,457,8,2
7826,book,731,46,8
7827,book,1533,4,0
7828,book,1785,3,1
7829,books,220,18,2
7830,books,750,9,1
7831,boot,1554,9,1
7832,bordered,1530,8,3
7833,bore,448,10,2
7834,bore,563,4,1
7835,bore,825,9,0
7836,bore,1127,19,2
7837,bore,1223,16,5
7838,bore,1277,10,2
7839,bored,293,10,1
7840,boris,43,27,9
7841,boris,344,5,0
7842,boris,354,1,0
7843,boris,363,12,0
7844,boris,367,0,0
7845,boris,377,0,0
7846,boris,381,11,0
7847,boris,383,15,4
7848,boris,384,0,0
7849,boris,385,8,4
7850,boris,385,38,11
7851,boris,386,69,7
7852,boris,387,3,1
7853,boris,397,43,12
7854,boris,410,0,0
7855,boris,412,1,0
7856,boris,415,0,0
7857,boris,417,14,4
7858,boris,420,15,2
7859,boris,425,61,11
7860,boris,428,18,3
7861,boris,429,18,3
7862,boris,432,54,8
7863,boris,433,14,3
7864,boris,434,34,8
7865,boris,437,0,0
7866,boris,438,0,0
7867,boris,439,51,9
7868,boris,445,7,2
7869,boris,451,0,0
7870,boris,454,3,0
7871,boris,472,13,4
7872,born,353,5,1
7873,born,1581,14,4
7874,borne,1260,6,1
7875,borrowed,1449,18,3
7876,both,240,17,2
7877,both,439,19,1
7878,both,462,16,2
7879,both,651,5,2
7880,both,1486,15,3
7881,both,1682,1,0
7882,both,1753,8,1
7883,both,1774,14,3
7884,bothered,699,5,0
7885,bothered,1155,32,5
7886,bottle,456,22,5
7887,bottle,660,7,2
7888,bottle,920,12,4
7889,boudoir,383,10,4
7890,boudoir,387,8,3
7891,bought,61,4,0
7892,bought,627,36,5
7893,bouguereau,1359,8,3
7894,bouguereau,1360,9,0
7895,boulanger,1629,0,0
7896,boulders,760,16,2
7897,boulevard,1056,3,0
7898,boulevard,1271,11,4
7899,boulevard,1312,11,4
7900,boulevard,1318,23,5
7901,boulevard,1479,14,4
7902,boulevard,1480,2,2
7903,boulevard,1482,10,2
7904,boulevard,1519,3,2
7905,boulevard,1520,5,0
7906,boulevard,1547,9,1
7907,boulevard,1591,2,2
7908,boulevard,1812,12,4
7909,boulevard,1817,5,2
7910,bound,720,22,1
7911,bound,1186,7,2
7912,bourg,386,70,7
7913,bourg,1453,1,1
7914,bourgeois,1646,12,5
7915,bow,375,3,1
7916,bowed,763,16,3
7917,bowed,1398,2,0
7918,bowed,1483,31,8
7919,bowed,1658,38,11
7920,bowed,1757,9,1
7921,bowing,801,1,1
7922,bowl,1407,17,1
7923,bowles,1408,19,2
7924,bowles,1413,1,0
7925,bowles,1436,53,7
7926,box,673,23,4
7927,box,725,9,3
7928,box,1079,14,4
7929,box,1135,20,7
7930,box,1700,32,13
7931,box,1732,4,1
7932,boxes,1460,15,2
7933,boy,625,2,0
7934,boyish,236,19,2
7935,boys,499,37,11
7936,boys,1460,33,3
7937,braced,1692,2,1
7938,bracken,763,22,5
7939,bracken,821,36,8
7940,braided,217,1,0
7941,brain,1826,8,1
7942,brained,952,26,5
7943,brained,1354,30,3
7944,braith,1003,38,6
7945,braith,1020,13,6
7946,braith,1022,1,0
7947,braith,1024,47,7
7948,braith,1025,15,1
7949,braith,1029,5,0
7950,braith,1032,36,6
7951,braith,1043,85,10
7952,braith,1231,12,4
7953,braith,1232,1,0
7954,braith,1242,1,0
7955,braith,1243,11,2
7956,braith,1248,9,1
7957,braith,1248,23,3
7958,braith,1253,22,7
7959,braith,1262,31,4
7960,braith,1268,40,6
7961,braith;,1235,7,0
7962,brake,763,15,3
7963,branch,855,11,2
7964,branch,855,13,3
7965,branches,672,9,2
7966,branchier,855,3,0
7967,brandy,218,8,0
7968,brandy,1185,21,4
7969,brass,1477,39,8
7970,brawling,761,8,2
7971,bread,945,16,3
7972,bread,949,24,5
7973,bread,1032,22,3
7974,bread,1155,24,4
7975,bread,1155,43,9
7976,bread,1725,21,4
7977,break,491,60,12
7978,break,745,9,2
7979,break,758,5,0
7980,breakfast,281,9,1
7981,breaking,58,44,6
7982,breaking,1120,10,2
7983,breaking,1834,12,4
7984,breast,744,48,11
7985,breast,773,8,1
7986,breast,1765,7,2
7987,breast,1767,5,0
7988,breast,1805,22,7
7989,breasts,1537,11,2
7990,breasts,1571,30,8
7991,breath,234,8,1
7992,breath,793,7,0
7993,breath,794,3,0
7994,breath,1218,1,0
7995,breath,1595,7,2
7996,breathing,673,37,8
7997,breathing,741,16,2
7998,breathless,476,31,6
7999,breathless,1827,8,1
8000,bred,1436,61,8
8001,breton,816,20,5
8002,breton,824,34,9
8003,bribes,388,6,1
8004,brick,1430,21,4
8005,brick,1574,4,3
8006,bricks,1177,7,2
8007,bricks,1236,19,8
8008,bricks,1263,23,8
8009,bridge,821,29,6
8010,bridge,898,30,4
8011,bridge,1082,6,3
8012,bridge,1092,26,1
8013,bridge,1253,21,7
8014,bridge,1789,46,18
8015,bridge,1812,8,3
8016,bridges,983,27,9
8017,bridges,984,5,1
8018,bridges,1084,18,5
8019,brief,1292,47,10
8020,bright,378,20,4
8021,bright,391,5,0
8022,bright,1377,17,3
8023,brightness,1615,16,6
8024,brigs,168,27,5
8025,brilliant,1532,4,1
8026,bring,417,25,7
8027,bring,488,3,0
8028,bring,846,54,10
8029,bring,1119,30,3
8030,bring,1324,7,1
8031,bring,1628,34,6
8032,bringing,383,37,7
8033,bringing,1290,26,4
8034,bringing,1597,16,1
8035,brings,1352,4,0
8036,briskly,1574,19,7
8037,briskly,1805,24,7
8038,britain,11,4,1
8039,broad,1609,13,3
8040,broke,286,20,5
8041,broke,414,21,4
8042,broke,466,2,0
8043,broke,928,11,3
8044,broke,982,6,2
8045,broken,409,8,3
8046,broken,1106,96,21
8047,bronze,1477,23,5
8048,brook,1675,25,6
8049,brooklyn,43,67,20
8050,brother,162,4,0
8051,brother,1118,31,4
8052,brought,331,7,1
8053,brought,347,5,1
8054,brought,495,44,10
8055,brought,514,30,4
8056,brought,1293,22,2
8057,brought,1436,64,8
8058,brown,763,12,2
8059,brows,510,10,3
8060,brunswick,703,15,5
8061,brushes,587,46,5
8062,brushes,1551,4,0
8063,brushes,1725,15,3
8064,brushes,1732,7,2
8065,brushing,55,7,3
8066,brutal,693,7,1
8067,bucket,947,8,3
8068,bucket,949,35,7
8069,buckle,1163,1,0
8070,buckled,1460,5,2
8071,buds,149,21,10
8072,buftby,43,91,28
8073,bugle,1478,23,6
8074,buglers,1194,1,1
8075,bugles,202,32,11
8076,bugles,1194,6,2
8077,building,43,2,2
8078,buildings,23,14,1
8079,buildings,42,27,6
8080,built,23,12,0
8081,built,166,43,8
8082,bull,1337,11,3
8083,bulldogs,1715,19,1
8084,bulldogs,1774,15,3
8085,bullet,32,6,1
8086,bullet,1193,22,6
8087,bundle,117,11,5
8088,buried,769,15,4
8089,buried,1245,3,0
8090,burke,655,15,0
8091,burkes,670,13,1
8092,burned,203,17,6
8093,burned,1265,36,9
8094,burned,1454,20,7
8095,burnished,939,22,1
8096,burst,129,15,2
8097,burst,1037,5,2
8098,burst,1476,24,0
8099,burst,1700,36,14
8100,bursting,1214,22,8
8101,burying,1679,7,2
8102,busbys,132,9,0
8103,bush,1696,4,1
8104,business,680,54,8
8105,business,1024,10,3
8106,business,1042,56,6
8107,business,1112,5,0
8108,business,1417,4,0
8109,business,1815,40,12
8110,but,13,28,13
8111,but,28,40,11
8112,but,43,44,12
8113,but,58,0,0
8114,but,75,4,0
8115,but,76,23,1
8116,but,84,2,0
8117,but,112,14,1
8118,but,120,26,2
8119,but,121,4,0
8120,but,136,2,0
8121,but,142,12,1
8122,but,152,31,10
8123,but,159,64,5
8124,but,159,74,5
8125,but,161,3,0
8126,but,166,14,3
8127,but,195,0,0
8128,but,202,47,13
8129,but,211,7,0
8130,but,224,0,0
8131,but,240,13,2
8132,but,246,24,6
8133,but,252,32,5
8134,but,268,5,0
8135,but,284,15,7
8136,but,284,29,11
8137,but,294,11,3
8138,but,319,5,0
8139,but,326,25,5
8140,but,327,0,0
8141,but,337,11,2
8142,but,338,4,2
8143,but,342,8,0
8144,but,356,3,0
8145,but,359,5,2
8146,but,365,11,2
8147,but,369,9,0
8148,but,380,5,0
8149,but,383,20,5
8150,but,388,0,0
8151,but,389,32,8
8152,but,393,17,4
8153,but,408,16,0
8154,but,415,20,1
8155,but,427,13,4
8156,but,432,8,1
8157,but,440,3,1
8158,but,451,8,1
8159,but,472,14,4
8160,but,482,1,0
8161,but,497,9,2
8162,but,498,0,0
8163,but,506,12,2
8164,but,512,2,1
8165,but,525,15,2
8166,but,525,28,5
8167,but,533,3,0
8168,but,535,11,1
8169,but,538,17,4
8170,but,542,13,1
8171,but,555,3,0
8172,but,558,16,2
8173,but,560,0,0
8174,but,568,0,0
8175,but,572,27,6
8176,but,590,4,1
8177,but,601,10,3
8178,but,605,10,3
8179,but,626,12,3
8180,but,627,7,2
8181,but,638,3,0
8182,but,645,15,1
8183,but,660,22,7
8184,but,662,12,2
8185,but,668,0,0
8186,but,670,0,0
8187,but,670,12,1
8188,but,674,16,3
8189,but,680,42,6
8190,but,682,6,0
8191,but,683,5,0
8192,but,688,23,1
8193,but,693,28,9
8194,but,705,9,2
8195,but,748,43,7
8196,but,761,18,6
8197,but,764,7,1
8198,but,769,24,6
8199,but,778,0,0
8200,but,778,17,2
8201,but,780,3,1
8202,but,791,13,4
8203,but,795,8,1
8204,but,796,15,3
8205,but,827,71,14
8206,but,833,4,0
8207,but,846,19,5
8208,but,850,9,3
8209,but,854,17,4
8210,but,862,1,0
8211,but,874,7,1
8212,but,879,18,2
8213,but,885,1,0
8214,but,898,38,5
8215,but,900,10,1
8216,but,904,5,0
8217,but,906,4,0
8218,but,908,8,0
8219,but,927,6,2
8220,but,931,79,14
8221,but,933,43,10
8222,but,959,0,0
8223,but,971,26,6
8224,but,988,5,1
8225,but,998,4,0
8226,but,1015,4,2
8227,but,1015,17,6
8228,but,1032,47,8
8229,but,1038,25,4
8230,but,1040,27,4
8231,but,1042,53,6
8232,but,1053,2,1
8233,but,1061,33,8
8234,but,1072,19,3
8235,but,1086,16,6
8236,but,1106,56,11
8237,but,1116,6,1
8238,but,1119,13,0
8239,but,1123,5,2
8240,but,1125,6,0
8241,but,1125,31,2
8242,but,1125,34,2
8243,but,1127,10,0
8244,but,1128,6,0
8245,but,1129,0,0
8246,but,1141,28,4
8247,but,1142,36,10
8248,but,1147,0,0
8249,but,1159,16,2
8250,but,1185,43,8
8251,but,1206,10,1
8252,but,1221,11,4
8253,but,1250,22,2
8254,but,1262,33,4
8255,but,1263,0,0
8256,but,1265,8,1
8257,but,1267,4,1
8258,but,1271,3,2
8259,but,1284,16,1
8260,but,1292,48,10
8261,but,1324,3,0
8262,but,1338,9,0
8263,but,1347,17,2
8264,but,1354,18,3
8265,but,1357,4,0
8266,but,1363,12,0
8267,but,1374,43,8
8268,but,1377,32,3
8269,but,1379,12,2
8270,but,1388,27,5
8271,but,1394,2,0
8272,but,1397,35,4
8273,but,1405,25,4
8274,but,1429,10,1
8275,but,1443,12,1
8276,but,1452,7,1
8277,but,1473,9,3
8278,but,1490,28,4
8279,but,1533,0,0
8280,but,1535,31,5
8281,but,1561,11,2
8282,but,1567,19,4
8283,but,1584,5,0
8284,but,1614,25,5
8285,but,1639,1,0
8286,but,1658,35,11
8287,but,1659,0,0
8288,but,1671,0,0
8289,but,1688,9,2
8290,but,1688,22,5
8291,but,1701,4,2
8292,but,1707,4,1
8293,but,1708,22,8
8294,but,1736,15,4
8295,but,1741,6,1
8296,but,1761,1,0
8297,but,1775,2,0
8298,but,1788,45,14
8299,but,1789,8,5
8300,but,1791,0,0
8301,but,1807,9,2
8302,but,1809,10,0
8303,but,1814,15,3
8304,but,1815,18,7
8305,but,1816,4,1
8306,but,1817,8,2
8307,but,1824,1,0
8308,butler,1792,23,8
8309,butterflies,1540,4,3
8310,butterflies,1573,0,0
8311,buttonhole,1357,15,3
8312,buttons,1024,19,4
8313,buy,1711,9,0
8314,by,0,3,3
8315,by,2,3,1
8316,by,4,3,3
8317,by,4,5,5
8318,by,4,7,7
8319,by,6,4,2
8320,by,6,6,4
8321,by,6,8,5
8322,by,8,1,1
8323,by,8,4,2
8324,by,8,6,4
8325,by,8,8,6
8326,by,8,10,8
8327,by,9,1,2
8328,by,9,3,3
8329,by,28,56,17
8330,by,40,10,5
8331,by,40,15,6
8332,by,41,11,1
8333,by,42,41,10
8334,by,43,8,4
8335,by,51,2,2
8336,by,60,14,3
8337,by,118,9,2
8338,by,139,3,1
8339,by,151,20,8
8340,by,168,70,12
8341,by,204,39,11
8342,by,244,25,7
8343,by,256,1,1
8344,by,268,8,1
8345,by,390,7,3
8346,by,525,79,14
8347,by,542,34,8
8348,by,546,7,3
8349,by,601,4,1
8350,by,626,18,4
8351,by,658,40,12
8352,by,744,20,4
8353,by,751,4,3
8354,by,820,15,4
8355,by,824,24,5
8356,by,827,4,1
8357,by,849,4,3
8358,by,932,14,4
8359,by,952,0,1
8360,by,1022,12,2
8361,by,1055,15,8
8362,by,1106,97,22
8363,by,1149,18,4
8364,by,1183,12,3
8365,by,1250,15,2
8366,by,1304,9,4
8367,by,1317,10,1
8368,by,1332,4,3
8369,by,1347,23,4
8370,by,1363,30,1
8371,by,1449,11,3
8372,by,1477,21,4
8373,by,1529,10,3
8374,by,1599,5,3
8375,by,1605,30,8
8376,by,1639,17,2
8377,by,1645,1,2
8378,by,1659,1,1
8379,by,1739,32,6
8380,by,1766,6,2
8381,by,1787,7,3
8382,by,1788,16,5
8383,bye,1141,17,1
8384,byng,1312,13,4
8385,byng,1327,17,4
8386,byram,1273,15,6
8387,byram,1290,0,0
8388,byram,1292,20,3
8389,c,97,10,1
8390,c,99,2,0
8391,c,293,5,0
8392,c,1226,13,2
8393,c,1838,0,0
8394,c^cile,573,44,8
8395,cab,550,13,4
8396,cab,1597,35,5
8397,cabane,954,6,0
8398,cabinet,26,7,2
8399,cabinet,86,26,8
8400,cabinet,275,2,0
8401,cabinet,320,22,2
8402,cabinet,457,5,2
8403,cabinets,1483,36,8
8404,cactus,1703,6,1
8405,cactus,1704,3,1
8406,cactus,1708,25,9
8407,cactus,1709,2,1
8408,cafe,541,23,2
8409,cafe,1099,4,0
8410,cafe,1645,8,5
8411,"cafe""",1160,9,4
8412,"cafe""",1519,8,3
8413,"cafe""",1652,17,4
8414,"cafe""",1788,30,9
8415,cafe*,1483,4,1
8416,cafes,167,11,4
8417,caged,1676,4,3
8418,caine,540,49,13
8419,caissons,1229,14,2
8420,calculating,1699,7,2
8421,california,124,22,3
8422,california,171,8,0
8423,call,33,25,2
8424,call,406,1,0
8425,call,459,13,4
8426,call,655,3,0
8427,call,755,7,1
8428,call,852,3,0
8429,call,865,14,2
8430,call,1032,1,0
8431,call,1033,3,1
8432,call,1267,3,1
8433,call,1422,18,0
8434,call,1446,15,3
8435,call,1665,24,4
8436,call,1725,9,2
8437,called,33,13,1
8438,called,92,0,0
8439,called,156,10,3
8440,called,359,11,3
8441,called,404,17,2
8442,called,408,3,0
8443,called,421,1,0
8444,called,584,2,0
8445,called,764,25,3
8446,called,1081,17,0
8447,called,1483,5,1
8448,called,1699,1,0
8449,called,1717,10,3
8450,calling,289,8,0
8451,calling,1003,11,2
8452,calling,1292,52,11
8453,calls,1073,4,0
8454,calls,1374,18,5
8455,cally,1063,15,2
8456,cally,1837,15,3
8457,calm,27,31,13
8458,calm,517,5,2
8459,calmly,1119,22,2
8460,calmly,1490,8,0
8461,calmly;,1240,5,0
8462,came,39,14,4
8463,came,202,26,8
8464,came,288,24,7
8465,came,326,47,8
8466,came,339,11,0
8467,came,341,17,3
8468,came,386,60,5
8469,came,397,22,6
8470,came,405,12,4
8471,came,417,10,2
8472,came,434,29,8
8473,came,476,4,1
8474,came,589,11,2
8475,came,603,4,1
8476,came,1091,15,3
8477,came,1135,1,0
8478,came,1181,15,1
8479,came,1247,3,2
8480,came,1250,6,1
8481,came,1321,10,2
8482,came,1527,6,1
8483,came,1604,15,2
8484,came,1696,14,3
8485,came,1768,1,0
8486,came,1804,11,0
8487,came,1815,12,5
8488,came,1821,15,6
8489,came,1830,9,2
8490,camilla,328,3,1
8491,campaign,134,5,1
8492,can,38,4,2
8493,can,73,22,4
8494,can,120,30,3
8495,can,124,1,0
8496,can,201,1,0
8497,can,252,5,0
8498,can,523,1,0
8499,can,578,58,11
8500,can,782,4,0
8501,can,868,20,8
8502,can,887,32,4
8503,can,910,7,1
8504,can,940,19,3
8505,can,999,6,0
8506,can,1025,69,9
8507,can,1032,24,3
8508,can,1072,9,3
8509,can,1078,6,1
8510,can,1126,17,1
8511,can,1179,0,0
8512,can,1179,8,1
8513,can,1206,7,1
8514,can,1352,6,0
8515,can,1508,1,0
8516,can,1619,11,1
8517,can,1651,2,0
8518,can,1662,27,2
8519,candle,971,6,2
8520,candle,971,14,5
8521,candle,971,28,6
8522,candle,1121,20,4
8523,candle,1551,8,1
8524,candle,1558,4,1
8525,cane,142,13,1
8526,cane,1529,8,2
8527,cane,1806,28,4
8528,cane,1808,6,1
8529,canes,1460,20,2
8530,canned,1098,0,0
8531,canned,1098,1,0
8532,cannon,1020,23,7
8533,cannon,1060,9,2
8534,cannon,1155,4,0
8535,cannon,1229,39,13
8536,cannonade,1189,1,1
8537,cannonade,1211,6,2
8538,cannot,249,29,9
8539,cannot,309,1,0
8540,cannot,931,81,14
8541,cannot,1102,2,0
8542,cannot,1397,24,2
8543,cannot,1397,37,4
8544,cannot,1617,1,0
8545,canopy,529,41,10
8546,canvas,578,65,11
8547,canvas,587,61,9
8548,canvas,587,74,9
8549,canvas,656,10,3
8550,canvas,730,7,1
8551,canvas,931,39,6
8552,canvas,940,7,1
8553,canvasses,497,10,2
8554,cap,776,5,0
8555,cap,823,3,0
8556,cap,823,30,4
8557,cap,824,22,4
8558,cap,904,9,0
8559,cap,905,25,1
8560,cap,908,15,3
8561,capability,439,46,6
8562,capable,423,38,7
8563,capable,423,41,8
8564,capable,768,6,2
8565,capable,1720,40,4
8566,capable,1758,7,2
8567,caped,1408,16,2
8568,capped,1333,4,1
8569,capped,1340,15,5
8570,caprice,937,8,1
8571,caprice,1393,8,1
8572,caprice,1503,7,2
8573,captain,1141,10,1
8574,captain,1335,3,0
8575,captivity,856,9,2
8576,capucines,1519,4,2
8577,car,166,28,3
8578,car,286,18,5
8579,car,1605,27,7
8580,car,1613,1,1
8581,carbines,134,15,4
8582,carcosa,118,16,5
8583,carcosa,271,13,7
8584,care,42,29,6
8585,care,188,8,0
8586,care,198,4,0
8587,care,228,1,0
8588,care,409,4,1
8589,care,445,4,1
8590,care,476,19,5
8591,care,1031,13,4
8592,care,1448,3,1
8593,careful,1290,25,4
8594,carefully,1470,8,0
8595,careless,749,5,0
8596,carelessly,65,14,3
8597,carelessly,153,30,8
8598,caressed,115,13,3
8599,caressed,1127,37,7
8600,caressed,1699,24,6
8601,caresses,1429,30,5
8602,caressing,850,13,4
8603,caressing,892,6,0
8604,carmichel,702,13,3
8605,carol,821,49,12
8606,carolling,1457,1,1
8607,carolus,1319,17,4
8608,caron,1730,10,0
8609,carpet,242,4,2
8610,carriage,1135,11,3
8611,carried,32,9,1
8612,carried,393,5,1
8613,carried,398,1,0
8614,carried,454,2,0
8615,carried,533,23,2
8616,carried,743,11,2
8617,carried,799,2,0
8618,carried,1529,9,2
8619,carrying,285,5,2
8620,carts,150,36,13
8621,carts,1675,2,1
8622,case,320,23,2
8623,case,386,67,7
8624,case,463,9,1
8625,case,503,40,6
8626,case,554,19,4
8627,case,664,27,2
8628,case,1723,4,2
8629,case,1747,4,2
8630,case,1789,16,7
8631,casemates,202,11,3
8632,cases,103,19,2
8633,cash,1092,8,0
8634,cassilda,13,38,13
8635,cassilda,328,6,1
8636,cassilda,328,21,2
8637,castaigne,53,0,0
8638,castaigne,69,21,2
8639,castaigne,118,38,8
8640,castaigne,196,0,0
8641,castaigne,250,3,1
8642,castaigne,252,2,0
8643,casting,1542,7,0
8644,castle,202,13,4
8645,castles,567,48,10
8646,casts,497,13,2
8647,cat,86,20,6
8648,cat,115,1,1
8649,cat,116,1,1
8650,cat,120,15,1
8651,cat,142,11,1
8652,cat,242,12,3
8653,cat,246,4,2
8654,cat,916,1,1
8655,cat,926,8,2
8656,cat,931,46,8
8657,cat,935,2,1
8658,cat,943,1,1
8659,cat,947,12,4
8660,cat,949,4,1
8661,cat,949,17,5
8662,cat,956,2,1
8663,cat,966,4,1
8664,cat,974,6,2
8665,catch,857,1,0
8666,catch,1035,19,1
8667,catch,1120,36,4
8668,catch,1159,20,4
8669,catch,1340,6,3
8670,catch,1347,10,1
8671,catch,1535,68,16
8672,catching,1265,9,1
8673,catching,1341,1,0
8674,catching,1347,18,2
8675,cate,461,2,0
8676,cately,933,9,2
8677,catholic,524,9,1
8678,catholic,665,2,1
8679,catholic,669,3,0
8680,cations,1183,8,1
8681,cations,1233,18,6
8682,caucasus,28,49,15
8683,caught,37,4,0
8684,caught,859,2,0
8685,caught,1019,2,1
8686,caught,1077,11,0
8687,caught,1280,25,7
8688,caught,1543,3,0
8689,caught,1606,1,0
8690,caught,1727,13,2
8691,caught,1833,3,1
8692,cause,322,6,2
8693,cause,525,13,2
8694,cause,868,25,9
8695,cause,990,42,11
8696,cavalry,28,9,3
8697,cavalry,1155,1,0
8698,cavalry,1229,18,5
8699,cbe,899,7,1
8700,cbe,911,4,0
8701,ccile,494,20,4
8702,"ce""cile",1441,19,1
8703,"ce""cile",1499,3,1
8704,"ce""cile",1524,65,16
8705,"ce""cile",1535,16,2
8706,"ce""cile",1543,10,1
8707,"ce""cile",1543,12,1
8708,"ce""cile",1544,5,0
8709,"ce""cile",1545,14,3
8710,ceased,116,2,1
8711,ceased,215,2,1
8712,ceased,293,17,3
8713,ceased,1614,57,10
8714,ceasing,216,6,2
8715,cecile,463,16,3
8716,cecile,1489,17,2
8717,ceiling,384,29,10
8718,ceiling,670,21,1
8719,ceive,1397,16,2
8720,ceived,1125,2,0
8721,ceives,1505,10,0
8722,celebrate,658,24,7
8723,cellar,1177,10,2
8724,cellar,1233,9,3
8725,cellar,1235,12,1
8726,cellar,1240,9,1
8727,cellar,1240,29,9
8728,cellar,1246,25,5
8729,cellar,1249,1,1
8730,cellars,1243,15,3
8731,cent,17,30,10
8732,cent,1025,47,5
8733,cently,254,5,2
8734,central,156,3,1
8735,centre,384,11,6
8736,centuries,785,21,1
8737,cept,46,19,3
8738,cept,1533,7,0
8739,ception,1670,19,5
8740,cer,1183,11,2
8741,cercle,1652,18,4
8742,ceremonies,64,22,3
8743,ceremony,1388,2,0
8744,cern,1647,3,2
8745,cerned,434,46,9
8746,cerned,1027,5,0
8747,cerning,1652,2,0
8748,cers,1460,25,2
8749,certain,67,19,2
8750,certain,103,18,2
8751,certain,573,36,6
8752,certain,870,16,3
8753,certain,1217,5,1
8754,certainly,1533,30,4
8755,certifi,461,1,0
8756,cessantly,420,11,2
8757,cest,1089,5,0
8758,chain,55,22,9
8759,chain,1336,7,1
8760,chain,1336,26,1
8761,chair,115,4,1
8762,chair,139,8,2
8763,chair,253,6,2
8764,chair,938,8,1
8765,chair,1119,20,2
8766,chair,1799,16,2
8767,chairs,887,35,4
8768,chalk,900,13,2
8769,chalk,902,10,1
8770,chamber,47,9,2
8771,chamber,51,19,9
8772,chamber,71,5,1
8773,chamber,152,23,7
8774,chamber,154,9,3
8775,chamber,249,13,4
8776,chamber,1700,1,1
8777,chambers,567,45,9
8778,champlain,170,4,2
8779,champs,1259,3,2
8780,chance,1143,8,2
8781,chance,1706,11,2
8782,chang,334,0,0
8783,change,217,20,3
8784,change,502,26,7
8785,change,1789,44,17
8786,changed,245,3,0
8787,changed,285,9,2
8788,changed,572,22,5
8789,changed,888,15,2
8790,changed,1045,14,0
8791,changed,1769,36,7
8792,changed,1769,38,7
8793,chanted,843,13,2
8794,chaos,389,56,15
8795,chap,290,10,1
8796,chap,298,36,4
8797,chap,1019,32,8
8798,chap,1025,13,1
8799,chap,1101,2,0
8800,chap,1426,15,2
8801,chap,1560,8,0
8802,chap,1563,5,0
8803,chaperoned,1405,9,1
8804,character,1290,27,4
8805,charge,1206,11,1
8806,charge,1272,10,3
8807,charges,1597,18,1
8808,charity,28,31,10
8809,charm,1319,18,4
8810,charming,373,14,2
8811,charming,1544,18,3
8812,chase,821,61,15
8813,chasse,914,3,0
8814,chasse,1163,6,1
8815,chasse,1202,8,2
8816,chat,111,4,1
8817,chatted,1194,11,4
8818,chatted,1345,3,0
8819,chattels,1773,17,0
8820,chatter,236,20,2
8821,chatter,1106,93,21
8822,chatter,1120,44,6
8823,chattered,1737,4,0
8824,chattering,658,38,11
8825,chattering,1056,12,1
8826,cheat,1079,4,1
8827,checked,239,3,0
8828,checked,1776,4,2
8829,cheek,930,4,1
8830,cheek,1521,9,2
8831,cheeks,53,15,2
8832,cheeks,137,4,0
8833,cheeks,420,6,1
8834,cheeks,827,81,14
8835,cheeks,1595,17,3
8836,cheer,1009,26,2
8837,cheerful,506,10,2
8838,cheerful,547,7,0
8839,cheerful,666,11,2
8840,cheers,1106,83,17
8841,chef,1792,18,6
8842,ches,1205,16,4
8843,chest,139,10,3
8844,chest,1187,6,1
8845,chester,98,1,0
8846,chester,98,3,1
8847,chester,130,3,1
8848,chests,888,57,9
8849,chicken,1024,14,4
8850,chicken,1043,88,12
8851,chief,112,28,2
8852,chief,624,4,1
8853,child,526,3,0
8854,child,660,30,9
8855,child,971,24,6
8856,child,1019,1,1
8857,child,1139,3,2
8858,child,1160,3,1
8859,child,1166,8,1
8860,child,1263,46,15
8861,child,1268,27,6
8862,child,1375,25,4
8863,childless,463,10,1
8864,childlike,848,5,1
8865,children,151,11,4
8866,children,508,1,0
8867,children,522,1,0
8868,children,551,15,5
8869,children,844,25,5
8870,children,1260,5,1
8871,children,1376,3,1
8872,chill,525,42,7
8873,chill,704,13,2
8874,chilled,571,19,7
8875,chilly,1180,2,1
8876,chilly,1573,4,2
8877,chime,1574,49,17
8878,chimney,1455,9,4
8879,chimneys,979,20,4
8880,chin,1601,3,2
8881,chintz,1830,30,9
8882,chisel,346,5,1
8883,chisel,363,15,2
8884,chocolate,1582,16,2
8885,choir,499,36,11
8886,choked,1177,11,2
8887,choked,1227,7,2
8888,chons,1699,17,5
8889,choose,105,1,0
8890,choose,334,17,5
8891,choosing,977,6,2
8892,chord,502,17,4
8893,chords,573,37,6
8894,chords,626,72,19
8895,christian,504,7,3
8896,chuckled,904,8,0
8897,chuckled,907,7,0
8898,church,91,7,1
8899,church,507,4,4
8900,church,514,33,5
8901,church,525,53,8
8902,church,526,53,11
8903,church,528,12,6
8904,church,529,138,34
8905,church,626,31,8
8906,church,680,25,6
8907,churchyard,575,32,9
8908,churchyard,589,22,5
8909,churchyard,620,13,3
8910,cided,476,9,3
8911,cided,697,24,2
8912,cierge,1549,32,7
8913,ciety,1404,11,2
8914,cigarette,581,13,2
8915,cigarette,1194,10,4
8916,cigarette,1449,26,5
8917,cigarettes,660,11,2
8918,cigarettes,1708,16,6
8919,ciously,168,43,6
8920,circle,1460,62,10
8921,circled,150,4,2
8922,circled,155,25,6
8923,circled,252,40,5
8924,circles,866,10,6
8925,circlet,214,12,3
8926,circlet,799,8,4
8927,cirque,1490,37,5
8928,citement,85,28,2
8929,citizen,1079,22,4
8930,citizenship,1081,1,0
8931,city,46,7,2
8932,city,202,41,13
8933,city,271,1,1
8934,city,595,13,4
8935,city,744,74,18
8936,city,980,3,2
8937,city,983,18,8
8938,city,1025,49,6
8939,city,1043,4,0
8940,city,1291,10,1
8941,city,1320,9,4
8942,city,1324,10,1
8943,city,1460,66,12
8944,city,1759,21,6
8945,city,1778,7,2
8946,clad,1012,4,1
8947,clad,1675,17,5
8948,claim,1118,25,2
8949,claimed,1245,6,0
8950,claims,1078,3,0
8951,claims,1725,3,0
8952,clamation,1660,23,8
8953,clamored,208,13,2
8954,clang,1257,18,7
8955,clares,50,33,8
8956,claret,660,5,1
8957,clasp,931,89,15
8958,clasp,932,1,1
8959,clasp,933,72,16
8960,clasp,970,22,7
8961,classe,168,34,5
8962,classical,43,4,2
8963,clatter,1548,9,3
8964,clattered,139,2,0
8965,clawing,86,17,5
8966,claws,205,6,2
8967,claws,246,5,2
8968,claws,939,4,1
8969,claws,974,15,2
8970,clay,412,5,0
8971,clay,1047,25,2
8972,"cle""mence",1740,7,2
8973,clean,126,6,2
8974,clean,455,11,2
8975,clean,1087,24,6
8976,clean,1436,59,8
8977,clean,1592,6,0
8978,cleaned,1207,3,1
8979,clear,429,26,4
8980,clear,434,18,5
8981,clear,503,12,2
8982,clear,578,40,6
8983,clear,809,0,0
8984,clear,1377,15,3
8985,clear,1571,8,1
8986,clear,1773,9,0
8987,cleared,1684,10,2
8988,clearer,1833,15,1
8989,clearest,338,21,6
8990,clearness,332,3,0
8991,cleaving,1152,4,0
8992,clenched,1034,27,4
8993,clenched,1126,33,1
8994,clergy,499,32,10
8995,clerk,658,25,7
8996,clerk,1727,4,1
8997,click,1223,1,1
8998,click,1223,3,1
8999,click,1223,5,1
9000,click,1574,36,15
9001,clif,1533,16,4
9002,clif,1640,11,3
9003,clifford,1341,7,2
9004,clifford,1347,1,0
9005,clifford,1349,8,1
9006,clifford,1353,8,0
9007,clifford,1354,3,0
9008,clifford,1354,25,3
9009,clifford,1363,31,1
9010,clifford,1385,0,0
9011,clifford,1388,10,2
9012,clifford,1392,1,0
9013,clifford,1416,4,0
9014,clifford,1416,24,2
9015,clifford,1420,6,0
9016,clifford,1422,35,2
9017,clifford,1424,11,2
9018,clifford,1428,9,0
9019,clifford,1429,40,6
9020,clifford,1432,7,1
9021,clifford,1433,5,0
9022,clifford,1437,5,0
9023,clifford,1442,17,3
9024,clifford,1446,1,0
9025,clifford,1447,11,4
9026,clifford,1452,30,7
9027,clifford,1484,11,1
9028,clifford,1486,8,2
9029,clifford,1489,14,2
9030,clifford,1493,11,0
9031,clifford,1501,14,4
9032,clifford,1506,1,0
9033,clifford,1513,8,0
9034,clifford,1524,26,5
9035,clifford,1524,67,16
9036,clifford,1525,9,1
9037,clifford,1525,21,4
9038,clifford,1530,9,3
9039,clifford,1533,3,0
9040,clifford,1543,9,1
9041,clifford,1548,42,10
9042,clifford,1548,47,10
9043,clifford,1549,36,7
9044,clifford,1555,7,1
9045,clifford,1558,7,1
9046,clifford,1558,14,1
9047,clifford,1560,11,0
9048,clifford,1561,12,2
9049,clifford,1628,13,3
9050,clifford,1633,16,4
9051,clifford,1636,0,0
9052,clifford,1639,18,2
9053,clifford,1649,0,0
9054,clifford,1653,0,0
9055,clifford,1656,20,1
9056,clifford,1658,30,11
9057,clifford,1660,34,9
9058,clifford,1661,5,0
9059,clifford,1670,11,2
9060,clifford,1700,26,11
9061,clifford,1701,14,2
9062,clifford,1705,0,0
9063,clifford,1705,9,3
9064,clifford,1705,17,5
9065,clifford,1706,6,1
9066,clifford,1713,32,6
9067,clifford,1715,0,0
9068,clifford,1719,10,2
9069,clifford,1722,11,2
9070,clifford,1732,30,4
9071,clifford,1749,29,2
9072,clifford,1756,5,0
9073,clifford,1758,0,0
9074,clifford,1760,5,0
9075,clifford,1768,13,1
9076,clifford,1769,19,4
9077,clifford,1769,55,11
9078,clifford,1773,11,0
9079,clifford,1774,21,5
9080,clifford,1774,28,6
9081,clifford,1788,17,5
9082,clifford,1788,50,14
9083,clifford,1790,4,1
9084,clifford,1790,15,3
9085,clifford,1791,6,2
9086,clifford,1791,13,4
9087,clifford,1792,6,3
9088,clifford,1792,19,6
9089,climbed,79,0,0
9090,climbed,79,6,1
9091,climbed,120,23,2
9092,climbed,1421,6,1
9093,clina,776,11,1
9094,clina,1815,46,14
9095,clination,1351,7,2
9096,clination,1815,4,3
9097,clinched,1127,56,12
9098,clinked,150,34,12
9099,clinking,1245,25,3
9100,clisson,1483,46,10
9101,clisson,1730,5,0
9102,cloak,902,14,2
9103,clock,1458,5,2
9104,clock,1461,2,1
9105,clock,1574,52,18
9106,close,318,9,1
9107,close,540,17,6
9108,close,542,41,8
9109,close,876,9,1
9110,close,892,4,0
9111,close,1229,22,7
9112,close,1616,13,1
9113,closed,155,31,8
9114,closed,285,19,5
9115,closed,561,4,1
9116,closed,562,20,6
9117,closed,928,4,1
9118,closed,947,17,6
9119,closed,959,8,1
9120,closed,963,17,3
9121,closed,1117,14,6
9122,closed,1280,29,8
9123,closed,1607,11,1
9124,closely,95,10,2
9125,closely,294,5,2
9126,closing,422,4,1
9127,closing,520,16,1
9128,closing,677,4,0
9129,closing,1048,5,0
9130,clot,1226,29,8
9131,cloth,529,48,11
9132,clothes,241,4,1
9133,clothes,245,5,0
9134,clothes,821,88,18
9135,clothes,822,21,8
9136,clothes,824,15,3
9137,clothes,827,7,2
9138,clothes,969,10,4
9139,clothes,1830,34,10
9140,cloud,531,20,7
9141,cloud,572,1,0
9142,cloud,745,5,2
9143,cloud,1032,53,9
9144,cloud,1084,7,3
9145,clouded,1833,10,1
9146,clouded,1833,14,1
9147,cloudless,1672,2,2
9148,clouds,432,21,4
9149,clouds,765,9,4
9150,clouds,983,9,6
9151,clung,871,11,4
9152,clung,1826,19,3
9153,cluster,1320,20,8
9154,cluster,1602,22,9
9155,clustered,1194,2,1
9156,clustered,1803,4,0
9157,coal,423,35,6
9158,coal,729,6,1
9159,coal,1483,8,2
9160,coal,1830,22,7
9161,coaling,17,41,13
9162,coals,37,33,8
9163,coasters,168,37,5
9164,coat,727,12,1
9165,coat,1232,4,1
9166,coat,1449,32,6
9167,cocked,1231,20,7
9168,cockney,645,13,1
9169,cocktail,162,12,1
9170,coffee,1280,33,10
9171,coffee,1293,24,2
9172,coffee,1295,2,0
9173,coffee,1490,27,4
9174,coffin,605,8,3
9175,cold,601,9,3
9176,cold,981,1,1
9177,cold,981,6,2
9178,cold,1098,5,0
9179,cole,1658,27,10
9180,coles,1480,7,4
9181,colette,991,22,3
9182,colette,1024,72,9
9183,colette,1032,19,2
9184,colette,1035,14,1
9185,colette,1043,90,13
9186,colette,1046,0,0
9187,colette,1094,3,1
9188,colette,1100,22,1
9189,colette,1105,21,4
9190,colette,1113,1,0
9191,colette,1233,6,2
9192,colette,1256,14,5
9193,colette,1532,15,3
9194,colette,1534,12,1
9195,colette,1541,19,1
9196,colette,1543,2,0
9197,colette,1720,32,4
9198,colette,1747,6,2
9199,colette!,1240,12,2
9200,collar,1155,16,2
9201,collar,1193,28,8
9202,collects,544,3,1
9203,college,1319,4,0
9204,collodion,246,13,4
9205,colonel,133,19,6
9206,colonel,1194,18,5
9207,colonel,1195,1,1
9208,colonel,1213,5,2
9209,colonel,1218,9,2
9210,color,578,20,2
9211,color,834,1,0
9212,color,861,17,2
9213,color,1602,17,7
9214,color,1788,39,13
9215,colored,54,8,2
9216,colored,931,53,9
9217,colored,1572,9,2
9218,colored,1574,5,3
9219,colorless,103,9,1
9220,colors,428,40,13
9221,colors,583,28,5
9222,colors,940,21,3
9223,colors,1375,2,1
9224,column,1181,2,0
9225,columns,43,13,5
9226,columns,95,12,2
9227,comb,827,62,13
9228,combatant,1529,13,4
9229,combination,143,10,3
9230,come,58,1,0
9231,come,163,0,0
9232,come,299,3,0
9233,come,305,0,0
9234,come,380,8,0
9235,come,636,4,0
9236,come,797,1,0
9237,come,813,11,5
9238,come,847,8,0
9239,come,915,8,1
9240,come,916,11,1
9241,come,917,2,1
9242,come,1002,0,0
9243,come,1138,6,1
9244,come,1674,1,0
9245,comes,615,4,0
9246,comes,867,1,1
9247,comes,887,44,4
9248,comfort,357,14,4
9249,comfort,438,6,1
9250,comfort,547,10,0
9251,comfort,993,33,6
9252,comfort,1337,9,2
9253,comfortably,143,2,0
9254,coming,1716,8,1
9255,command,1797,15,3
9256,command,1798,7,2
9257,commanding,43,88,27
9258,comme,1284,4,1
9259,committed,687,18,5
9260,committee,1077,16,1
9261,commonly,73,17,3
9262,commonplace,376,12,2
9263,commotion,153,32,9
9264,commune,1655,1,0
9265,company,1310,10,3
9266,company,1543,16,1
9267,company,1752,8,1
9268,compared,827,18,4
9269,complacent,1300,3,0
9270,complain,1336,2,0
9271,complained,371,6,0
9272,complete,59,8,2
9273,complexion,529,95,25
9274,complications,1136,17,4
9275,comprehension,1805,14,5
9276,comrade,1131,4,1
9277,comrade,1224,1,0
9278,con,77,5,0
9279,con,193,3,0
9280,con,383,12,4
9281,con,434,45,9
9282,con*,1549,31,7
9283,conceal,1558,10,1
9284,conceal,1670,22,5
9285,concealed,290,8,1
9286,conceit,529,67,18
9287,concerning,27,25,11
9288,concerning,657,14,0
9289,concerning,948,20,5
9290,concierge,552,1,0
9291,concierge,1008,8,3
9292,concierge,1019,45,10
9293,concierge,1102,11,1
9294,concierge,1233,12,4
9295,concierge,1267,14,4
9296,concierge,1446,14,3
9297,concierge,1447,2,1
9298,concierge,1548,51,11
9299,concierge,1554,7,1
9300,conclusions,1003,41,6
9301,conclusions,1024,33,6
9302,conclusive,1076,9,1
9303,concorde,1259,7,3
9304,condescends,1023,17,3
9305,condescension,1569,6,1
9306,coners,803,2,0
9307,confess,666,22,3
9308,confessed,1582,18,2
9309,confide,364,6,1
9310,confidence,1795,23,4
9311,confined,1301,11,2
9312,confused,159,61,4
9313,confused,583,32,6
9314,confused,804,28,3
9315,confused,955,3,1
9316,confused,1363,2,0
9317,confusion,54,1,0
9318,confusion,1229,4,1
9319,congratulated,356,13,0
9320,congratulation,235,5,1
9321,congregation,626,9,3
9322,congregation,1082,10,4
9323,connected,533,28,3
9324,conscientiousness,1662,22,2
9325,consented,1524,54,15
9326,consequences,691,31,7
9327,consequently,21,11,6
9328,considers,1509,17,1
9329,considers,1509,21,1
9330,constance,53,3,0
9331,constance,57,4,0
9332,constance,58,69,12
9333,constance,64,15,2
9334,constance,120,4,0
9335,constance,168,0,0
9336,constance,168,55,10
9337,constance,172,1,0
9338,constance,202,63,17
9339,constance,231,1,0
9340,constance,240,7,0
9341,constance,303,3,0
9342,constant,1443,41,6
9343,constant,1501,7,4
9344,contained,1700,3,1
9345,contemplating,1815,24,8
9346,contentment,935,7,2
9347,contents,12,7,2
9348,contents,1421,11,3
9349,continually,75,14,0
9350,continually,1795,38,6
9351,continue,61,21,5
9352,continued,179,5,0
9353,continued,198,22,5
9354,continued,230,8,1
9355,continued,671,11,2
9356,continued,801,30,4
9357,continued,931,65,10
9358,continued,1033,26,5
9359,continued,1317,13,1
9360,continued,1358,19,2
9361,continued,1507,8,1
9362,continued,1739,2,0
9363,continuous,1182,14,5
9364,contracting,86,32,9
9365,contrast,168,49,9
9366,control,20,10,3
9367,control,463,14,2
9368,control,1810,3,0
9369,controlled,127,11,4
9370,controlled,224,2,0
9371,controlled,502,10,1
9372,controlling,269,12,3
9373,convalescent,439,33,4
9374,convent,1273,23,10
9375,convent,1292,27,4
9376,convent,1292,36,6
9377,convent,1318,32,6
9378,conventional,373,15,2
9379,conversation,168,5,0
9380,conversation,927,19,3
9381,conversation,1110,7,3
9382,conversation,1300,1,0
9383,conversation,1304,6,3
9384,conversation,1708,21,8
9385,conversations,385,34,11
9386,conviction,1521,3,1
9387,convictions,41,9,0
9388,convinced,1178,0,0
9389,cool,1694,4,1
9390,cooled,1774,41,9
9391,coolest,525,10,2
9392,coolly,61,37,8
9393,coolly,923,22,5
9394,copies,39,6,2
9395,copyrighted,11,0,0
9396,cordial,1632,16,4
9397,cordiale,1304,33,11
9398,cordiality,357,2,1
9399,cordiality,1426,5,1
9400,cording,19,10,3
9401,cords,326,51,8
9402,corner,152,25,8
9403,corner,318,13,3
9404,corner,327,23,2
9405,corner,529,37,8
9406,corner,1012,5,1
9407,corner,1020,5,3
9408,corner,1263,30,11
9409,corner,1318,34,7
9410,corner,1658,29,11
9411,corner,1697,17,2
9412,corners,383,36,7
9413,corporal,1170,1,1
9414,corporal,1170,10,3
9415,corporal,1185,28,5
9416,correct,1416,2,0
9417,cost,17,38,12
9418,cost,103,21,2
9419,costume,824,65,17
9420,cottard,1008,15,3
9421,cough,114,8,1
9422,cough,1302,15,4
9423,coughed,96,15,4
9424,coughed,119,1,0
9425,could,41,27,4
9426,could,105,9,2
9427,could,195,2,0
9428,could,210,1,0
9429,could,327,13,1
9430,could,425,68,13
9431,could,425,73,13
9432,could,432,4,1
9433,could,432,52,8
9434,could,440,7,2
9435,could,443,3,0
9436,could,470,5,1
9437,could,482,7,2
9438,could,488,1,0
9439,could,494,14,1
9440,could,507,6,5
9441,could,528,21,8
9442,could,533,14,2
9443,could,535,20,1
9444,could,599,8,1
9445,could,674,11,3
9446,could,688,6,0
9447,could,688,17,1
9448,could,731,48,8
9449,could,748,40,7
9450,could,756,1,0
9451,could,756,6,1
9452,could,780,9,1
9453,could,940,2,0
9454,could,940,17,3
9455,could,1015,11,4
9456,could,1095,6,1
9457,could,1127,49,10
9458,could,1129,3,0
9459,could,1129,19,1
9460,could,1302,1,0
9461,could,1452,25,7
9462,could,1680,4,2
9463,could,1699,30,8
9464,count,124,2,0
9465,count,933,57,13
9466,count,1641,13,5
9467,counted,514,7,1
9468,counted,898,19,2
9469,counter,1597,17,1
9470,counterpart,1297,1,0
9471,country,18,1,1
9472,country,614,12,2
9473,country,1436,62,8
9474,country,1548,22,6
9475,country,1605,10,4
9476,country,1789,7,5
9477,country,1789,29,12
9478,countryman,1033,5,1
9479,countryman,1118,29,3
9480,countrymen,1374,33,6
9481,county,66,8,1
9482,couples,552,8,0
9483,courage,1364,6,2
9484,course,61,34,8
9485,course,434,39,9
9486,course,850,4,2
9487,course,1025,75,9
9488,course,1042,77,10
9489,course,1108,11,1
9490,course,1235,4,0
9491,course,1281,5,0
9492,course,1342,15,3
9493,course,1634,9,2
9494,course,1648,12,4
9495,course,1789,14,7
9496,coursed,1549,13,1
9497,courses,1490,22,3
9498,court,545,6,2
9499,court,554,2,1
9500,court,554,17,4
9501,court,558,12,1
9502,court,815,18,9
9503,court,821,25,4
9504,courtesy,821,66,15
9505,courtesy,829,14,0
9506,courtesy,1524,44,10
9507,courtois,1370,6,0
9508,courtoisie,867,21,8
9509,"courtoisie""",821,74,15
9510,courtyard,821,18,2
9511,cousin,131,3,0
9512,cousin,269,9,3
9513,cousin,269,22,6
9514,cousin,303,2,0
9515,cover,672,29,8
9516,cover,1248,12,2
9517,covered,81,11,2
9518,covered,367,37,9
9519,covered,674,25,7
9520,covered,739,20,2
9521,covered,825,7,0
9522,covered,1143,26,6
9523,covered,1160,16,6
9524,covered,1552,10,3
9525,covered,1700,20,8
9526,covered,1734,1,0
9527,covering,567,31,5
9528,covering,990,13,6
9529,covering,1123,13,3
9530,covering,1830,32,9
9531,covert,772,12,5
9532,covert,775,3,1
9533,covetous,370,5,0
9534,crab,618,3,0
9535,crack,1246,11,4
9536,crackled,763,6,1
9537,crackling,1182,2,1
9538,crackling,1182,12,5
9539,cracks,947,23,9
9540,crash,1058,9,4
9541,crash,1245,14,1
9542,crash,1732,0,0
9543,crate,503,27,3
9544,crazed,422,21,1
9545,crazy,221,41,7
9546,crazy,223,11,0
9547,crazy,1121,13,3
9548,"cre""merie",1592,3,0
9549,creaking,809,28,6
9550,cream,658,20,6
9551,crease,148,31,7
9552,creased,19,12,4
9553,creases,477,11,2
9554,creation,38,27,8
9555,creature,85,18,1
9556,creature,115,8,2
9557,creature,282,4,1
9558,creature,341,10,1
9559,creature,619,6,0
9560,creature,747,10,2
9561,creature,769,17,5
9562,creature,920,15,5
9563,creature,1419,9,2
9564,creature,1633,3,1
9565,creature,1727,5,1
9566,creatures,46,14,3
9567,creatures,428,13,2
9568,creatures,587,63,9
9569,creatures,744,15,2
9570,creatures,750,23,2
9571,credit,1741,8,2
9572,credulous,1675,8,1
9573,creel,1544,12,3
9574,creep,582,19,5
9575,creep,1775,1,0
9576,creeping,85,34,3
9577,crep*,704,14,2
9578,crept,37,34,8
9579,crept,879,1,0
9580,crept,920,18,5
9581,crept,984,7,1
9582,crept,1151,2,1
9583,cried,75,3,0
9584,cried,381,4,0
9585,cried,691,17,6
9586,cried,738,4,0
9587,cried,793,5,0
9588,cried,816,18,4
9589,cried,888,10,1
9590,cried,894,7,1
9591,cried,895,13,1
9592,cried,901,4,0
9593,cried,903,12,0
9594,cried,990,50,12
9595,cried,1008,22,5
9596,cried,1079,16,4
9597,cried,1091,28,6
9598,cried,1106,5,0
9599,cried,1106,26,5
9600,cried,1106,69,14
9601,cried,1111,2,0
9602,cried,1116,4,1
9603,cried,1159,26,4
9604,cried,1248,22,3
9605,cried,1262,12,3
9606,cried,1286,14,2
9607,cried,1303,11,0
9608,cried,1373,7,1
9609,cried,1396,8,1
9610,cried,1401,3,0
9611,cried,1427,15,3
9612,cried,1481,10,2
9613,cried,1493,4,0
9614,cried,1505,3,0
9615,cried,1513,3,0
9616,cried,1515,6,0
9617,cried,1595,16,3
9618,cried,1739,18,3
9619,cries,1457,42,18
9620,criminal,255,27,10
9621,crimson,334,3,1
9622,crimson,420,5,1
9623,crimsoned,1190,7,2
9624,crippled,69,17,2
9625,crippled,129,6,1
9626,crisis,429,31,4
9627,croise,914,1,0
9628,croisson,1595,22,3
9629,croissons,1593,32,9
9630,cropped,1572,20,6
9631,cross,1273,20,8
9632,cross,1605,9,4
9633,crossed,761,10,2
9634,crossed,966,1,0
9635,crossed,1658,25,10
9636,crosses,1174,17,7
9637,crosses,1598,18,2
9638,crossing,288,12,5
9639,crossing,812,28,5
9640,crossing,1812,6,2
9641,crouched,86,7,1
9642,crouched,949,18,5
9643,crouching,249,23,7
9644,crowd,51,16,8
9645,crowded,153,10,1
9646,crowded,1421,15,4
9647,crowding,133,22,7
9648,crowding,1155,2,0
9649,crowding,1229,9,1
9650,crowds,431,3,0
9651,crown,304,12,0
9652,crown,321,7,2
9653,crowned,1331,12,3
9654,crowning,687,12,4
9655,cruel,440,1,0
9656,cruel,791,14,4
9657,cruel,792,1,0
9658,cruel,792,5,0
9659,cruel,794,5,0
9660,cruel,1126,7,1
9661,cruise,1572,33,11
9662,crumbled,920,13,4
9663,crunch,1574,46,16
9664,crunching,746,35,11
9665,crush,1106,76,14
9666,crushing,1200,12,3
9667,cry,51,3,2
9668,cry,315,14,7
9669,cry,608,19,4
9670,cry,1614,19,5
9671,crying,1372,5,1
9672,crying:,209,14,2
9673,crystalline,985,11,5
9674,cuban,17,28,10
9675,cuissard,73,46,11
9676,cup,812,33,5
9677,cupid,385,3,1
9678,cupid,1464,6,2
9679,cups,1593,28,7
9680,cupy,730,48,7
9681,cur,1434,3,0
9682,curbstone,1032,46,8
9683,cured,159,71,5
9684,curi,216,1,0
9685,curiosity,362,21,2
9686,curiosity,367,4,0
9687,curiosity,733,2,0
9688,curiosity,948,19,5
9689,curious,339,4,0
9690,curious,750,4,0
9691,curiously,573,68,12
9692,curiously,1039,1,0
9693,curled,935,3,1
9694,curled,1488,15,3
9695,curling,86,33,9
9696,curling,1488,8,2
9697,curls,986,10,3
9698,curly,1122,5,1
9699,currant,1099,2,0
9700,current,1069,26,7
9701,curse,397,30,7
9702,cursed,38,23,7
9703,cursed,954,10,1
9704,cursed,1043,3,0
9705,cursed,1225,1,1
9706,curtain,1830,31,9
9707,curtained,1828,21,6
9708,curtains,1008,29,7
9709,curve,1832,42,11
9710,curves,370,27,3
9711,cuse,163,6,0
9712,cuse,166,11,2
9713,custom,1386,3,1
9714,customer,1312,9,3
9715,customs,1381,11,0
9716,cut,368,21,4
9717,cut,976,4,1
9718,cut,983,12,6
9719,cut,1245,17,2
9720,cut,1337,13,3
9721,cut,1476,40,3
9722,cut,1477,10,1
9723,cut,1603,4,0
9724,cut,1605,2,0
9725,cut,1728,10,3
9726,cutting,1226,22,6
9727,cycle,29,5,3
9728,cynic,1306,5,1
9729,d,59,3,1
9730,d,752,0,0
9731,d,883,0,0
9732,d,1025,31,3
9733,d,1255,8,1
9734,d,1413,25,3
9735,daily,112,29,2
9736,daily,488,10,1
9737,dairy,158,11,1
9738,daisies,1408,14,2
9739,dakota,171,10,0
9740,damage,679,7,2
9741,damaged,96,9,2
9742,damaged,257,1,0
9743,damask,529,46,11
9744,dame,933,28,3
9745,dame,1293,5,0
9746,dame,1483,47,10
9747,dame,1548,7,2
9748,dame,1643,6,2
9749,danced,1540,5,3
9750,dancer,657,2,0
9751,danger,334,13,5
9752,danger,1108,12,1
9753,danger,1239,2,0
9754,dangerous,224,7,1
9755,dangerous,1676,7,3
9756,dare,594,7,0
9757,dare,1033,1,0
9758,dare,1696,11,3
9759,dared,204,19,5
9760,dared,204,24,6
9761,dared,270,15,3
9762,dared,696,1,0
9763,dark,141,10,4
9764,dark,397,2,1
9765,dark,531,14,5
9766,dark,965,1,1
9767,dark,975,2,0
9768,dark,1069,22,4
9769,dark,1237,4,0
9770,dark,1251,2,0
9771,darkening,1456,3,1
9772,darkness,325,22,7
9773,darkness,397,21,6
9774,darkness,562,11,4
9775,darkness,748,4,2
9776,darkness,1127,52,12
9777,darted,318,2,0
9778,dashed,318,17,4
9779,dashing,1614,1,0
9780,daughter,53,5,0
9781,daughter,315,23,7
9782,day,29,21,6
9783,day,104,1,1
9784,day,148,22,4
9785,day,208,5,0
9786,day,360,5,0
9787,day,502,12,2
9788,day,615,3,0
9789,day,619,5,0
9790,day,664,15,0
9791,day,688,42,3
9792,day,692,18,2
9793,day,711,8,0
9794,day,728,31,4
9795,day,730,1,0
9796,day,818,36,7
9797,day,846,68,12
9798,day,937,32,6
9799,day,991,27,4
9800,day,1229,46,14
9801,day,1229,48,14
9802,day,1303,5,0
9803,day,1583,7,1
9804,day,1589,1,0
9805,day,1654,5,1
9806,day,1781,13,3
9807,daylight,976,12,3
9808,daylight,1832,21,6
9809,days,907,13,2
9810,days,1363,9,0
9811,days,1726,7,3
9812,dazzling,570,1,1
9813,de,50,32,8
9814,de,108,9,1
9815,de,535,27,4
9816,de,549,14,3
9817,de,697,23,2
9818,de,778,40,5
9819,de,1054,12,4
9820,de,1057,18,2
9821,de,1060,6,2
9822,de,1263,28,10
9823,de,1270,21,5
9824,de,1314,8,3
9825,de,1486,26,3
9826,de,1571,5,1
9827,de,1641,2,0
9828,de,1732,10,2
9829,de,1768,9,1
9830,de,1788,22,7
9831,de,1815,16,7
9832,dead,326,8,2
9833,dead,326,44,8
9834,dead,439,20,1
9835,dead,605,12,3
9836,dead,769,11,3
9837,dead,960,5,3
9838,dead,1087,31,7
9839,dead,1265,43,12
9840,dead,1397,9,1
9841,dead,1493,7,0
9842,dealers,91,5,0
9843,dealers,546,5,2
9844,dear,426,23,4
9845,dear,680,47,8
9846,dear,990,25,9
9847,dear,991,4,0
9848,dear,999,9,0
9849,dear,1003,35,6
9850,dear,1471,2,0
9851,dear,1584,2,0
9852,dear,1688,23,5
9853,dear,1752,0,0
9854,dearest,439,10,0
9855,dearest,986,13,4
9856,dearest,1002,28,1
9857,death,50,4,1
9858,death,51,18,9
9859,death,413,7,1
9860,death,569,2,1
9861,death,572,13,3
9862,death,750,25,3
9863,death,870,17,3
9864,deathly,1119,12,0
9865,debris,1252,14,4
9866,decay,708,4,0
9867,deceive,357,6,2
9868,deceived,426,4,0
9869,deceiving,690,12,3
9870,december,976,11,3
9871,decency,1436,37,5
9872,deceptive,759,13,2
9873,decided,33,2,1
9874,decided,1383,2,0
9875,decided,1449,23,4
9876,decided,1533,5,0
9877,decided,1791,23,7
9878,decided,1822,11,3
9879,deciding,1336,33,2
9880,decision,1533,20,4
9881,decorations,383,7,3
9882,decorations,1719,6,1
9883,dedf7ated,12,3,1
9884,deed,662,3,1
9885,deed,1405,1,1
9886,deed,1462,17,2
9887,deed,1468,14,5
9888,deed,1836,4,1
9889,deep,172,5,2
9890,deep,337,24,7
9891,deep,562,17,5
9892,deep,969,7,4
9893,deepened,1832,25,7
9894,defect,582,5,1
9895,defence,18,7,4
9896,deficient,299,17,3
9897,definable,1587,4,1
9898,definite,41,1,0
9899,definite,482,13,3
9900,deftly,774,2,0
9901,deli,933,8,2
9902,deliberately,701,25,1
9903,delicate,931,78,14
9904,delicious,385,1,1
9905,delicious,1595,1,0
9906,delight,834,7,1
9907,delight,1314,25,7
9908,delighted,1473,5,2
9909,delighted,1631,4,0
9910,delighted,1658,1,0
9911,delightedly,1524,60,16
9912,delightful,1427,44,3
9913,delirium,438,20,2
9914,deliver,1024,12,3
9915,delivered,517,0,0
9916,demand,1524,49,13
9917,demanded,1021,6,0
9918,demanded,1040,7,0
9919,demanded,1043,19,1
9920,demanded,1110,11,4
9921,demanded,1374,47,8
9922,demented,70,25,5
9923,demned,1135,2,0
9924,demoiselle,882,5,0
9925,demonstrative,949,5,1
9926,den,42,46,11
9927,den,963,5,0
9928,den,1144,7,2
9929,den,1180,6,1
9930,den,1428,17,1
9931,dener,1685,14,7
9932,dener,1694,2,1
9933,dener,1697,2,1
9934,deners,1344,4,1
9935,dens,515,7,1
9936,dens,1323,16,3
9937,dently,1360,7,0
9938,deny,1741,1,0
9939,denying,1597,13,1
9940,depart,525,82,14
9941,departed,1447,3,1
9942,department,658,28,9
9943,deploring,691,27,7
9944,deposited,1296,1,1
9945,depression,1298,4,2
9946,deprive,299,8,1
9947,depth,693,20,5
9948,depths,414,26,6
9949,der,424,6,1
9950,der,1142,30,9
9951,ders,1172,4,0
9952,derstand,749,15,1
9953,derstood,687,6,2
9954,des,1453,4,1
9955,des,1480,6,4
9956,descend,456,3,1
9957,descend,518,16,2
9958,descending,1084,12,4
9959,describe,474,2,1
9960,description,1424,2,0
9961,desert,1304,43,11
9962,deserted,152,35,11
9963,deserted,1011,14,1
9964,deserved,534,2,0
9965,deserves,1500,12,1
9966,design,495,32,7
9967,desire,663,26,2
9968,desire,1159,3,0
9969,desire,1201,6,2
9970,desire,1562,2,0
9971,desire,1627,6,0
9972,desire,1774,17,3
9973,desolate,782,14,0
9974,despair,44,28,5
9975,despair,326,36,6
9976,despair,434,76,12
9977,despair,730,21,1
9978,despair,1805,3,1
9979,despatch,232,9,2
9980,desperate,1708,11,4
9981,desperate,1745,2,0
9982,dessert,1098,7,0
9983,dessert,1794,2,1
9984,desti,842,10,3
9985,destined,1531,20,2
9986,destruction,44,11,2
9987,deterioration,662,16,2
9988,determined,478,4,0
9989,deuce,1524,16,3
9990,developed,84,5,0
9991,devil,205,8,3
9992,devil,509,12,1
9993,devil,1446,18,4
9994,devilish,567,36,6
9995,devils,1065,2,0
9996,devotion,1127,46,9
9997,devoured,1685,5,2
9998,devout,669,7,0
9999,dialect,645,14,1
10000,dially,1120,25,2
10001,diamonds,208,16,3
10002,dian,28,2,1
10003,dian,28,8,3
10004,dick,142,42,9
10005,did,31,21,3
10006,did,76,32,6
10007,did,191,4,1
10008,did,289,16,0
10009,did,290,5,1
10010,did,357,5,2
10011,did,373,5,0
10012,did,401,1,0
10013,did,402,9,1
10014,did,430,12,1
10015,did,577,15,2
10016,did,587,70,9
10017,did,594,12,0
10018,did,622,8,0
10019,did,672,2,0
10020,did,697,6,1
10021,did,726,18,4
10022,did,748,7,3
10023,did,827,57,11
10024,did,829,4,0
10025,did,846,1,0
10026,did,874,9,1
10027,did,990,64,14
10028,did,1002,5,0
10029,did,1042,11,0
10030,did,1143,12,3
10031,did,1205,18,4
10032,did,1361,30,4
10033,did,1544,1,0
10034,did,1555,13,3
10035,did,1575,1,1
10036,did,1685,15,7
10037,did,1769,40,7
10038,did,1829,1,0
10039,didn,212,14,2
10040,didn,231,9,0
10041,didn,1809,12,0
10042,die,13,35,13
10043,die,294,17,3
10044,die,311,5,1
10045,die,409,9,3
10046,die,749,7,0
10047,die,1124,25,7
10048,die,1127,3,0
10049,die,1128,1,0
10050,die,1619,14,1
10051,died,474,8,2
10052,died,879,19,2
10053,dieu,1598,0,0
10054,dieu,1690,1,0
10055,different,252,11,0
10056,different,668,8,1
10057,different,1509,25,1
10058,different,1742,7,2
10059,differently,219,10,2
10060,diffi,1360,6,0
10061,diffidently,1294,7,1
10062,dignity,824,54,14
10063,dilapidated,79,3,1
10064,dilapidated,1818,10,3
10065,dilating,58,40,4
10066,dim,13,33,13
10067,dimly,673,0,0
10068,din,215,6,2
10069,din,998,29,3
10070,dine,1050,33,1
10071,dine,1791,25,8
10072,dingy,51,38,13
10073,dingy,1048,9,1
10074,dining,382,6,2
10075,dinner,155,40,9
10076,dinner,164,11,0
10077,dinner,231,15,2
10078,dinner,402,19,2
10079,dinner,1661,4,0
10080,dinner,1668,18,4
10081,dinner,1792,9,3
10082,direct,852,10,2
10083,direct,1732,33,4
10084,direction,785,4,0
10085,directly,342,15,0
10086,directly,518,17,2
10087,directly,790,1,0
10088,directly,1716,9,1
10089,dirt,1334,20,6
10090,dirty,1726,3,2
10091,dis,759,15,2
10092,dis,1304,12,4
10093,dis,1431,14,1
10094,dis,1705,14,5
10095,disap,333,11,4
10096,disappeared,376,14,2
10097,disappeared,525,78,13
10098,disappointed,1297,10,3
10099,disapproval,566,3,1
10100,disastrous,730,4,1
10101,disclaim,1338,13,0
10102,discovery,179,3,0
10103,discovery,362,5,1
10104,discretion,1717,1,0
10105,discuss,1112,20,3
10106,discussed,1790,11,1
10107,discussing,378,9,0
10108,discussing,743,43,8
10109,disease,40,6,2
10110,disease,461,4,1
10111,disease,582,17,4
10112,disguise,328,14,1
10113,disgust,590,6,1
10114,disgusted,366,12,3
10115,dish,495,9,2
10116,dishonor,911,16,0
10117,dishonored,911,21,1
10118,dislike,680,20,3
10119,dismantled,1210,7,0
10120,dismantling,28,58,18
10121,dispatch,1118,17,0
10122,dispensed,1726,10,3
10123,displaced,81,16,2
10124,displayed,1243,2,1
10125,disputed,104,29,9
10126,disregard,270,16,3
10127,disregard,1460,36,3
10128,dissonant,503,17,2
10129,distance,1732,36,5
10130,distant,746,28,10
10131,distant,821,39,10
10132,distant,821,43,11
10133,distant,980,6,3
10134,distant,1320,5,2
10135,distant,1454,19,7
10136,distant,1539,2,0
10137,distinct,809,12,2
10138,distinct,1150,7,1
10139,distinct,1154,2,0
10140,distinctness,425,20,4
10141,distinguished,489,3,1
10142,distorted,1796,9,1
10143,distraction,416,5,0
10144,distraction,840,2,0
10145,distress,1506,6,1
10146,disturbed,577,32,6
10147,disused,567,43,9
10148,ditch,1195,9,5
10149,divan,398,4,2
10150,dle,1181,18,2
10151,do,69,22,2
10152,do,85,1,0
10153,do,120,3,0
10154,do,186,1,0
10155,do,201,0,0
10156,do,201,5,0
10157,do,262,7,1
10158,do,310,0,0
10159,do,362,1,0
10160,do,386,40,3
10161,do,403,0,0
10162,do,434,27,7
10163,do,476,17,5
10164,do,666,20,3
10165,do,752,1,0
10166,do,821,57,14
10167,do,846,39,10
10168,do,846,44,10
10169,do,990,26,9
10170,do,1073,0,0
10171,do,1179,2,0
10172,do,1381,12,0
10173,do,1436,0,0
10174,do,1446,19,4
10175,do,1446,21,4
10176,do,1476,27,0
10177,do,1491,4,0
10178,do,1496,10,1
10179,do,1496,14,1
10180,do,1511,1,0
10181,do,1560,3,0
10182,do,1651,10,0
10183,do,1662,3,0
10184,do,1741,0,0
10185,do,1770,16,2
10186,do,1811,2,1
10187,doctor,417,23,7
10188,doctor,425,25,4
10189,doctor,459,14,4
10190,doctor,460,23,8
10191,doctor,752,8,1
10192,doctor,1063,13,2
10193,doctor,1069,5,1
10194,doctors,289,40,10
10195,doctrine,41,6,0
10196,doctrine,524,2,0
10197,dodged,1336,38,3
10198,does,475,4,0
10199,does,592,3,0
10200,does,816,35,6
10201,does,1032,37,6
10202,does,1305,0,0
10203,does,1468,25,5
10204,does,1502,2,0
10205,doesn,187,2,0
10206,dog,1334,29,10
10207,dog,1337,12,3
10208,dog,1338,14,0
10209,dogs,1449,10,2
10210,doing,585,3,0
10211,doing,1040,3,0
10212,doing,1486,21,3
10213,dol,1155,17,2
10214,dol,1310,0,0
10215,dollar,658,17,5
10216,dollar,1032,28,4
10217,dolman,1193,31,9
10218,domes,983,23,9
10219,don,198,3,0
10220,don,209,24,3
10221,don,368,12,1
10222,don,579,2,1
10223,don,591,6,1
10224,don,596,9,0
10225,don,680,15,3
10226,don,795,3,0
10227,don,804,1,0
10228,don,986,15,4
10229,don,1033,12,2
10230,don,1072,0,0
10231,don,1072,2,0
10232,don,1114,10,2
10233,don,1326,3,0
10234,don,1336,6,1
10235,don,1373,9,1
10236,don,1420,5,0
10237,don,1444,26,2
10238,don,1496,0,0
10239,don,1496,21,1
10240,don,1579,9,1
10241,done,485,13,0
10242,done,1436,3,0
10243,donnera,818,41,7
10244,doom,828,8,0
10245,door,43,26,9
10246,door,111,9,3
10247,door,112,18,1
10248,door,139,11,3
10249,door,214,20,5
10250,door,320,1,0
10251,door,324,5,2
10252,door,528,36,8
10253,door,569,20,4
10254,door,626,11,3
10255,door,822,2,1
10256,door,824,23,4
10257,door,947,15,6
10258,door,959,9,1
10259,door,963,18,3
10260,door,1020,10,5
10261,door,1039,3,0
10262,door,1115,14,3
10263,door,1116,9,1
10264,door,1117,16,7
10265,door,1120,48,7
10266,door,1165,7,0
10267,door,1290,2,0
10268,door,1429,17,4
10269,door,1429,29,5
10270,door,1599,3,2
10271,door,1791,16,5
10272,door,1821,6,3
10273,doors,145,15,6
10274,doors,499,1,1
10275,doors,543,5,0
10276,doors,562,21,6
10277,doors,564,5,0
10278,doors,1245,22,3
10279,doorway,378,15,4
10280,doorway,495,6,2
10281,doorway,1698,15,4
10282,double,132,14,2
10283,doublet,823,5,0
10284,doubt,698,26,6
10285,doubted,569,13,2
10286,doubting,1588,4,0
10287,dow,138,3,1
10288,dow,602,6,2
10289,dow,730,39,5
10290,dow,1706,8,1
10291,dow,1822,23,7
10292,dow,1827,11,1
10293,down,95,8,1
10294,down,247,16,1
10295,down,298,26,4
10296,down,384,21,8
10297,down,540,9,2
10298,down,540,40,10
10299,down,735,12,1
10300,down,743,18,4
10301,down,824,2,0
10302,down,959,5,0
10303,down,963,0,0
10304,down,990,21,8
10305,down,996,12,2
10306,down,1023,28,4
10307,down,1149,10,2
10308,down,1187,2,0
10309,down,1219,9,3
10310,down,1248,26,3
10311,down,1259,0,0
10312,down,1312,17,5
10313,down,1790,8,1
10314,downstairs,1120,34,3
10315,downward,150,21,7
10316,doxology,626,66,16
10317,dozen,1025,90,11
10318,dozen,1043,50,5
10319,dozen,1632,13,4
10320,dr,29,23,7
10321,dr,313,3,0
10322,dr,1275,1,0
10323,dr,1289,7,2
10324,dr,1346,4,0
10325,drafts,1799,26,4
10326,drag,867,13,4
10327,drag,1036,6,1
10328,drag,1814,12,3
10329,dragged,1825,8,2
10330,dragged,1826,25,4
10331,dragging,879,3,0
10332,dragging,1240,6,0
10333,dragon,557,7,2
10334,dragon,561,2,1
10335,dragon,1815,26,9
10336,drain,1019,17,6
10337,draw,1470,11,1
10338,draw,1698,11,3
10339,drawing,562,12,4
10340,drawing,624,14,5
10341,drawing,1640,20,4
10342,drawing,1756,6,0
10343,drawing,1759,5,1
10344,drawings,730,18,1
10345,drawn,43,51,14
10346,drawn,410,7,1
10347,drawn,876,19,4
10348,dread,1216,3,1
10349,dreaded,465,7,2
10350,dream,603,3,1
10351,dream,618,4,0
10352,dream,680,17,3
10353,dream,728,36,5
10354,dreamed,396,3,0
10355,dreamed,596,17,0
10356,dreamed,709,36,3
10357,dreaming,394,7,1
10358,dreaming,475,2,0
10359,dreams,494,10,1
10360,dreams,681,4,2
10361,dreams,1579,11,1
10362,dreamt,671,16,2
10363,dreary,1127,24,4
10364,dredgers,168,38,5
10365,dress,491,38,5
10366,dress,510,21,6
10367,dress,588,4,1
10368,dress,604,10,2
10369,dress,824,63,16
10370,dress,1334,7,2
10371,dress,1449,31,6
10372,dressage,859,7,0
10373,dressed,823,19,3
10374,drew,290,16,1
10375,drew,334,11,5
10376,drew,971,1,0
10377,drew,1081,26,1
10378,drew,1094,8,1
10379,drew,1312,6,2
10380,drew,1614,10,3
10381,drew,1683,4,1
10382,drew,1797,1,0
10383,drew,1837,32,6
10384,dried,822,22,8
10385,dried,1099,0,0
10386,drift,1547,4,1
10387,drifted,791,1,1
10388,drifted,985,15,5
10389,drifting,1148,5,1
10390,drifting,1371,23,3
10391,drily,386,11,0
10392,drink,896,6,0
10393,drink,1253,2,1
10394,dripping,572,5,1
10395,dripping,1190,9,2
10396,drive,550,5,3
10397,drive,1597,37,5
10398,driven,221,40,7
10399,driven,286,16,5
10400,driven,1176,1,0
10401,driver,601,17,5
10402,driver,673,38,8
10403,driver,1175,2,1
10404,drives,150,44,16
10405,drives,575,11,3
10406,driveway,156,4,1
10407,driving,300,6,4
10408,driving,730,31,3
10409,droll,1377,25,3
10410,droop,766,3,1
10411,drooped,942,4,1
10412,drop,455,14,3
10413,dropped,54,24,3
10414,dropped,371,15,1
10415,dropped,801,8,2
10416,dropped,841,4,1
10417,dropped,1539,12,1
10418,dropping,1033,27,5
10419,dropping,1138,19,3
10420,drops,242,0,0
10421,drops,284,10,5
10422,drops,853,8,1
10423,drowned,1607,10,1
10424,drowning,1668,23,6
10425,drowsily,939,18,1
10426,drunk,1106,29,6
10427,drunk,1797,21,3
10428,du,561,1,1
10429,duction,1628,37,7
10430,dulgent,1443,46,7
10431,dull,391,4,0
10432,dull,743,39,8
10433,dull,746,34,11
10434,dull,888,53,9
10435,dull,1143,35,8
10436,dull,1149,15,2
10437,dull,1824,12,3
10438,dully,1836,2,0
10439,dumb,1229,43,13
10440,duplicate,365,36,9
10441,duplicate,1555,2,0
10442,dure,14,1,0
10443,during,15,12,3
10444,during,35,5,1
10445,during,472,7,3
10446,during,503,0,0
10447,during,688,0,0
10448,during,692,16,1
10449,during,1292,45,9
10450,during,1549,7,1
10451,during,1661,3,0
10452,during,1668,6,0
10453,dusenberry,96,1,0
10454,dusky,535,37,9
10455,dust,1453,14,4
10456,dust,1572,8,2
10457,dusting,900,11,1
10458,dusting,902,8,0
10459,duval,583,21,5
10460,dyed,168,25,5
10461,dying,86,38,11
10462,dying,750,39,3
10463,dying,753,14,1
10464,dynasty,266,4,1
10465,e,630,0,0
10466,e,633,0,0
10467,e,635,15,4
10468,e,636,1,0
10469,e,637,3,1
10470,e,649,0,0
10471,e,887,0,0
10472,e,1056,31,3
10473,e,1438,7,1
10474,e,1625,20,6
10475,e,1626,6,3
10476,e*,320,16,1
10477,each,168,69,11
10478,each,746,16,5
10479,each,850,6,2
10480,each,1050,15,0
10481,each,1349,5,1
10482,each,1490,24,3
10483,each,1594,3,2
10484,each,1602,19,8
10485,each,1828,14,4
10486,eager,118,30,6
10487,eagerness,1042,8,0
10488,ear,1420,36,5
10489,eared,89,1,0
10490,early,203,2,0
10491,early,343,3,1
10492,early,1055,0,0
10493,ears,82,3,0
10494,ears,83,17,5
10495,ears,129,3,0
10496,ears,253,9,2
10497,ears,806,4,0
10498,ears,947,32,12
10499,ears,1478,5,1
10500,ears,1608,5,2
10501,ears,1708,6,2
10502,ears,1824,9,2
10503,eart,739,32,7
10504,earth,230,12,1
10505,earth,731,47,8
10506,earth,1021,3,0
10507,earth,1615,13,5
10508,earth,1818,14,4
10509,easel,917,15,3
10510,easel,1407,5,0
10511,easel,1416,6,0
10512,easel,1628,18,4
10513,easel,1628,41,7
10514,easily,1248,18,3
10515,east,130,5,2
10516,east,1658,24,10
10517,easter,331,4,1
10518,eastern,1061,7,3
10519,easy,105,6,2
10520,easy,529,18,5
10521,easy,783,2,0
10522,easy,785,16,0
10523,easy,845,1,0
10524,easy,938,3,0
10525,easy,1093,10,1
10526,easy,1110,4,1
10527,easy,1299,20,4
10528,eat,780,13,1
10529,eat,827,70,14
10530,eat,827,100,15
10531,eat,1179,9,1
10532,eat,1185,16,2
10533,eaten,1106,54,10
10534,eating,608,3,0
10535,eating,1104,4,1
10536,eats,867,2,1
10537,eccentric,85,3,0
10538,eccentric,87,1,0
10539,echo,432,15,2
10540,echoed,202,24,7
10541,echoed,626,25,5
10542,echoing,204,6,1
10543,ecutive,27,28,12
10544,ed,634,3,0
10545,ed,636,7,0
10546,ed,638,6,0
10547,ed,657,24,1
10548,ed,673,19,4
10549,ed,1046,9,1
10550,edge,1505,29,2
10551,edge,1699,11,4
10552,edges,1151,5,2
10553,edgment,1348,11,1
10554,edith,703,12,3
10555,editor,112,26,1
10556,editor,327,38,4
10557,ees,1282,3,0
10558,ees,1292,14,2
10559,effort,1248,8,1
10560,effort,1708,12,4
10561,eg,345,1,1
10562,eh,236,2,0
10563,eight,124,9,1
10564,eight,124,14,2
10565,eight,1109,12,1
10566,eighteen,382,12,2
10567,either,357,8,2
10568,either,542,39,8
10569,either,690,13,3
10570,either,701,8,0
10571,either,701,20,1
10572,either,1033,9,2
10573,either,1212,10,4
10574,either,1413,57,9
10575,either,1795,33,6
10576,elbow,730,63,13
10577,elbow,967,6,3
10578,elbows,1486,16,3
10579,elec,1687,12,1
10580,electric,1280,1,0
10581,elevated,28,61,20
10582,elled,1057,10,1
10583,elli,1662,13,1
10584,elliot,1429,32,6
10585,elliott,1423,4,1
10586,elliott,1430,1,0
10587,elliott,1431,3,0
10588,elliott,1435,5,0
10589,elliott,1438,1,0
10590,elliott,1441,3,0
10591,elliott,1442,1,0
10592,elliott,1451,0,0
10593,elliott,1481,6,2
10594,elliott,1524,56,15
10595,elliott,1531,1,0
10596,elliott,1533,18,4
10597,elliott,1533,32,4
10598,elliott,1534,6,0
10599,elliott,1535,24,2
10600,elliott,1541,3,0
10601,elliott,1542,4,0
10602,elliott,1543,5,0
10603,elliott,1653,12,3
10604,elliott,1654,7,1
10605,elliott,1656,6,1
10606,elliott,1658,32,11
10607,elliott,1665,57,10
10608,elliott,1666,1,0
10609,elliott,1715,14,1
10610,elliott,1721,1,0
10611,elliott,1722,8,1
10612,elliott,1734,0,0
10613,elliott,1734,2,0
10614,elliott,1735,0,0
10615,elliott,1739,19,3
10616,elliott,1743,0,0
10617,elliott,1744,9,0
10618,elliott,1745,3,0
10619,elliott,1751,4,1
10620,elliott,1757,5,1
10621,elliott,1774,25,6
10622,elliott,1787,8,3
10623,elliott,1788,14,4
10624,elliott,1788,43,14
10625,"elliott?""",1560,6,0
10626,eloquent,1581,9,3
10627,else,34,11,2
10628,else,370,16,1
10629,else,429,15,2
10630,else,694,6,1
10631,else,1530,27,5
10632,else,1769,44,7
10633,eluded,1541,10,0
10634,elven,958,2,0
10635,elven,959,1,0
10636,elyse,540,11,3
10637,"elyse""es",1259,4,2
10638,emb,968,3,1
10639,embankment,1214,25,9
10640,embankment,1257,5,1
10641,embarrassing,1354,37,3
10642,emblazoned,73,52,13
10643,emblazoned,184,5,0
10644,embourg,1427,10,2
10645,embroidered,239,28,5
10646,embroidered,321,5,1
10647,embroidered,720,42,6
10648,embroidering,54,6,1
10649,embroidery,58,73,14
10650,emerald,1605,33,9
10651,emperor,148,38,9
10652,emperors,127,24,5
10653,emperors,148,39,9
10654,emphasis,949,45,11
10655,employ,298,13,2
10656,employed,298,16,3
10657,emptied,1105,50,9
10658,empty,549,18,4
10659,empty,675,2,0
10660,empty,1024,15,4
10661,en,43,36,10
10662,en,320,5,0
10663,en,333,6,2
10664,en,843,12,2
10665,en,1796,1,1
10666,ence,477,14,2
10667,ence,804,15,2
10668,enclosed,42,40,9
10669,encounters,1788,21,7
10670,end,44,18,4
10671,end,147,3,0
10672,end,448,17,2
10673,end,664,35,5
10674,end,1457,32,14
10675,end,1783,32,2
10676,ended,1424,24,5
10677,ended,1789,40,14
10678,endless,1155,9,1
10679,ends,542,43,9
10680,ends,720,25,1
10681,endure,32,16,4
10682,endure,425,74,13
10683,endured,425,48,11
10684,ened,419,5,2
10685,ened,868,27,10
10686,ened,1215,2,0
10687,ened,1253,10,2
10688,ened,1404,22,4
10689,ened,1476,9,0
10690,ened,1563,3,0
10691,ened,1810,11,2
10692,ened,1836,17,3
10693,enely,1317,17,2
10694,energetic,34,6,2
10695,england,27,10,5
10696,english,1108,5,1
10697,english,1110,9,4
10698,english,1373,22,1
10699,english,1374,9,2
10700,english,1658,7,2
10701,english,1731,11,2
10702,engulfed,1148,17,3
10703,enjoyed,1545,31,4
10704,enjoying,1045,3,0
10705,enough,72,19,1
10706,enough,198,46,6
10707,enough,219,4,0
10708,enough,340,2,0
10709,enough,432,42,8
10710,enough,736,3,1
10711,enough,993,15,0
10712,enough,1308,10,2
10713,enough,1726,13,4
10714,enough,1753,5,0
10715,enough,1814,4,1
10716,ent,1652,14,4
10717,ental,386,62,5
10718,entente,1304,32,11
10719,enter,470,9,2
10720,enter,488,4,0
10721,enter,783,3,0
10722,entered,288,15,6
10723,entered,415,22,2
10724,entered,504,10,3
10725,entered,747,21,4
10726,entered,1295,8,0
10727,entered,1428,16,1
10728,entered,1523,1,0
10729,entered,1593,11,3
10730,entered,1646,4,2
10731,entering,738,5,0
10732,enthusiasm,104,11,5
10733,enthusiastic,1544,6,0
10734,enthusiastic,1545,17,3
10735,enthusiastic,1567,17,4
10736,entirely,440,8,2
10737,entirely,1706,4,1
10738,entirely,1760,2,0
10739,entirely,1787,3,2
10740,entitled,117,13,6
10741,ently,54,22,3
10742,ently,293,11,1
10743,ently,986,9,3
10744,ently,1614,56,10
10745,envelop,748,11,3
10746,enveloping,1084,16,5
10747,envy,1420,19,0
10748,epau,1477,43,10
10749,epaulettes,1334,5,1
10750,ept,399,16,1
10751,ept,463,22,5
10752,er,1491,14,1
10753,er,1535,6,1
10754,er,1561,0,0
10755,er,1563,9,0
10756,er,1563,10,0
10757,eral,1010,5,0
10758,ere,629,2,1
10759,ered,684,8,1
10760,erent,529,123,32
10761,erie,170,9,4
10762,ern,1479,4,1
10763,errand,533,27,3
10764,erratic,1789,38,14
10765,ers,134,1,1
10766,ers,837,8,1
10767,ers,1330,1,0
10768,ers,1718,13,2
10769,ersing,1428,13,0
10770,eruption,1436,52,7
10771,es,1408,15,2
10772,escape,535,13,1
10773,escaped,1710,18,2
10774,escaping,341,11,1
10775,especially,550,9,4
10776,essence,41,37,8
10777,essimer,818,37,7
10778,est,1031,0,0
10779,est,1354,6,0
10780,est,1598,2,0
10781,establish,46,3,0
10782,established,42,14,2
10783,established,1304,35,11
10784,established,1530,2,0
10785,establishment,266,3,1
10786,esy,802,3,0
10787,et,914,2,0
10788,eugene,1490,15,0
10789,eulogize,1682,5,1
10790,even,40,14,5
10791,even,57,11,2
10792,even,127,12,4
10793,even,204,26,6
10794,even,426,34,7
10795,even,482,10,2
10796,even,526,27,3
10797,even,844,5,1
10798,even,1126,52,3
10799,even,1149,3,1
10800,even,1468,29,5
10801,even,1633,0,0
10802,evening,361,4,2
10803,evening,688,31,1
10804,evening,702,5,2
10805,evening,764,1,1
10806,evening,1304,46,11
10807,evening,1555,8,1
10808,events,1142,1,1
10809,ever,31,0,0
10810,ever,361,5,2
10811,ever,396,9,2
10812,ever,691,6,3
10813,ever,1007,2,0
10814,ever,1124,29,7
10815,ever,1318,26,5
10816,ever,1323,8,1
10817,ever,1659,9,3
10818,every,19,0,0
10819,every,133,0,0
10820,every,270,7,3
10821,every,354,0,0
10822,every,455,13,3
10823,every,457,7,2
10824,every,533,20,2
10825,every,567,6,1
10826,every,569,8,2
10827,every,572,25,6
10828,every,626,23,5
10829,every,731,1,0
10830,every,760,11,2
10831,every,761,9,2
10832,every,762,14,4
10833,every,923,15,5
10834,every,947,25,9
10835,every,982,4,2
10836,every,1081,6,0
10837,every,1106,48,9
10838,every,1304,45,11
10839,every,1332,13,8
10840,every,1503,2,1
10841,every,1509,22,1
10842,every,1663,0,0
10843,every,1740,16,3
10844,every,1740,31,9
10845,every,1832,29,8
10846,everybody,16,1,1
10847,everybody,1092,20,1
10848,everybody,1096,13,1
10849,everybody,1120,13,2
10850,everybody,1502,1,0
10851,everything,198,20,5
10852,everything,469,0,0
10853,everything,529,72,19
10854,everything,597,4,2
10855,everything,823,0,0
10856,everywhere,22,8,2
10857,everywhere,1152,3,0
10858,everywhere,1263,5,2
10859,everywhere,1571,24,7
10860,evidently,822,15,6
10861,evieve,426,20,3
10862,evil,954,15,2
10863,evil,1337,26,9
10864,ex,163,5,0
10865,ex,192,9,1
10866,ex,416,1,0
10867,exactly,194,5,0
10868,exactly,436,3,0
10869,exactly,1422,32,2
10870,exactly,1433,2,0
10871,examined,1488,5,1
10872,examined,1533,33,4
10873,examined,1650,3,1
10874,examining,1205,8,1
10875,examining,1669,8,1
10876,excellent,258,14,0
10877,excep,464,4,3
10878,except,465,27,7
10879,except,848,23,7
10880,except,1177,4,2
10881,except,1274,10,2
10882,except,1318,21,4
10883,except,1318,28,5
10884,except,1545,33,4
10885,except,1736,22,4
10886,excepting,384,3,2
10887,excitement,477,9,1
10888,exclaimed,585,7,0
10889,exhausted,478,1,0
10890,exhausted,1204,4,1
10891,exhaustion,1228,4,0
10892,exhorter,626,21,5
10893,existe,1292,12,2
10894,existence,44,20,5
10895,existing,22,13,4
10896,expect,1634,1,0
10897,expect,1829,6,1
10898,expectancy,476,32,6
10899,expectantly,511,4,1
10900,expectation,145,20,8
10901,expectation,947,36,13
10902,expected,53,17,2
10903,expected,58,10,0
10904,expected,812,4,0
10905,expected,1203,3,0
10906,expected,1297,7,2
10907,expense,1303,20,0
10908,experience,1469,4,0
10909,explain,1045,12,0
10910,explained,246,41,12
10911,explained,1094,19,3
10912,explanation,437,17,4
10913,exploded,1236,21,8
10914,exploits,1022,9,1
10915,express,472,5,2
10916,expressed,533,16,2
10917,expressed,540,28,7
10918,expression,111,14,4
10919,expression,587,32,4
10920,expression,683,7,0
10921,expression,1713,36,8
10922,expressionless,1832,7,2
10923,exquisite,148,9,3
10924,exquisite,284,19,7
10925,exquisite,348,3,1
10926,exquisitely,491,13,1
10927,exquisitely,660,23,7
10928,extreme,1212,19,6
10929,extreme,1524,43,10
10930,extricating,755,10,2
10931,eye,432,48,8
10932,eye,1460,46,4
10933,eye,1530,26,5
10934,eyeballs,326,32,6
10935,eyebrows,292,6,0
10936,eyed,1081,8,0
10937,eyed,1127,32,6
10938,eyed,1548,31,8
10939,eyeing,1292,25,3
10940,eyelet,933,65,14
10941,eyelids,766,1,0
10942,eyes,37,19,4
10943,eyes,58,36,4
10944,eyes,120,20,2
10945,eyes,172,8,2
10946,eyes,206,7,4
10947,eyes,255,6,2
10948,eyes,268,43,7
10949,eyes,326,15,3
10950,eyes,411,9,2
10951,eyes,420,9,1
10952,eyes,422,6,1
10953,eyes,518,1,0
10954,eyes,525,55,9
10955,eyes,558,1,0
10956,eyes,563,12,3
10957,eyes,570,6,2
10958,eyes,571,8,3
10959,eyes,596,15,0
10960,eyes,748,1,1
10961,eyes,767,5,0
10962,eyes,862,3,0
10963,eyes,876,14,3
10964,eyes,900,1,0
10965,eyes,941,2,1
10966,eyes,971,21,5
10967,eyes,979,14,3
10968,eyes,1019,15,5
10969,eyes,1103,3,0
10970,eyes,1143,19,3
10971,eyes,1303,9,0
10972,eyes,1321,8,2
10973,eyes,1377,13,3
10974,eyes,1380,2,0
10975,eyes,1386,13,4
10976,eyes,1388,41,8
10977,eyes,1420,18,0
10978,eyes,1473,11,3
10979,eyes,1547,7,1
10980,eyes,1574,6,3
10981,eyes,1587,8,1
10982,eyes,1647,16,8
10983,eyes,1654,10,1
10984,eyes,1658,43,11
10985,eyes,1659,6,3
10986,eyes,1684,14,3
10987,eyes,1773,6,0
10988,eyes,1782,2,0
10989,eyes,1832,15,4
10990,f,9,4,3
10991,f,11,6,2
10992,f,648,11,3
10993,f,1268,38,6
10994,f,1320,21,8
10995,f,1443,31,5
10996,fa,1802,2,1
10997,face,85,10,0
10998,face,109,1,0
10999,face,199,5,0
11000,face,246,10,3
11001,face,249,37,12
11002,face,296,2,0
11003,face,422,18,1
11004,face,423,31,5
11005,face,425,28,5
11006,face,448,11,2
11007,face,465,22,7
11008,face,525,18,2
11009,face,571,20,7
11010,face,576,1,0
11011,face,612,8,0
11012,face,613,10,3
11013,face,620,9,1
11014,face,648,4,1
11015,face,676,5,0
11016,face,700,9,4
11017,face,717,1,0
11018,face,720,53,9
11019,face,755,6,1
11020,face,833,6,0
11021,face,834,4,1
11022,face,875,4,0
11023,face,876,7,1
11024,face,881,2,1
11025,face,958,4,0
11026,face,997,2,0
11027,face,1015,6,2
11028,face,1032,50,8
11029,face,1123,15,3
11030,face,1129,11,0
11031,face,1142,19,5
11032,face,1143,28,6
11033,face,1253,11,2
11034,face,1256,11,5
11035,face,1264,6,3
11036,face,1381,22,2
11037,face,1412,1,0
11038,face,1828,3,1
11039,face,1828,27,7
11040,face,1832,6,2
11041,faced,557,2,0
11042,faced,1160,10,4
11043,faces,155,17,4
11044,faces,431,5,1
11045,faces,1024,49,8
11046,faces,1154,1,0
11047,faces,1600,3,2
11048,facing,50,17,4
11049,facing,833,12,0
11050,fact,57,5,0
11051,fact,1384,6,1
11052,fact,1548,56,12
11053,faction,694,4,0
11054,fade,1142,12,3
11055,faded,571,2,1
11056,fagade,1823,17,8
11057,fagged,616,15,2
11058,fagged,763,56,12
11059,fail,528,22,8
11060,failed,986,5,3
11061,failed,1706,3,1
11062,faint,337,21,7
11063,faint,432,14,2
11064,faint,525,41,7
11065,faint,821,47,12
11066,faint,1228,3,0
11067,faint,1266,0,0
11068,faint,1313,1,1
11069,faint,1581,11,4
11070,faint,1616,8,1
11071,fainted,1023,24,3
11072,fainted,1119,25,2
11073,faintly,702,8,3
11074,faintly,790,13,5
11075,fair,700,16,6
11076,fair,818,35,7
11077,fair,904,2,0
11078,fair,905,17,0
11079,fair,908,3,0
11080,fair,1509,10,1
11081,fair,1671,1,0
11082,fair,1781,8,1
11083,"fair?""",907,2,0
11084,fairbeach,96,7,2
11085,fairly,720,13,0
11086,fairly,1468,27,5
11087,faithful,1125,14,0
11088,faithful,1542,18,2
11089,faithful,1741,9,2
11090,fal,1003,20,3
11091,fal,1045,4,0
11092,falcon,169,10,2
11093,falcon,769,14,4
11094,falcon,771,3,0
11095,falcon,837,7,1
11096,falcon,852,13,3
11097,falcon,857,4,1
11098,falcon,857,13,3
11099,falcon,858,13,0
11100,falcon,861,4,0
11101,falcon,863,25,2
11102,falcon,864,6,1
11103,falconer,800,6,3
11104,falconer,807,1,0
11105,falconer,811,1,1
11106,falconer,819,8,1
11107,falconers,810,8,2
11108,falconers,836,7,2
11109,falconers,844,4,1
11110,falconry,818,9,3
11111,falconry,853,1,1
11112,falconry,865,13,2
11113,falcons,799,11,4
11114,falcons,816,22,6
11115,falcons,848,24,7
11116,falcons,854,23,5
11117,falcons,868,7,4
11118,fall,46,16,3
11119,fall,198,30,5
11120,fall,198,35,5
11121,fall,477,12,2
11122,fall,701,21,1
11123,fall,998,6,0
11124,fall,1224,3,0
11125,fallen,541,17,2
11126,fallen,596,3,0
11127,fallen,880,7,0
11128,falling,402,13,2
11129,falling,414,0,0
11130,falling,432,33,8
11131,falling,876,2,0
11132,falling,1628,40,7
11133,fallowby,1003,37,6
11134,fallowby,1006,0,0
11135,fallowby,1040,22,3
11136,fallowby,1040,33,5
11137,fallowby,1042,7,0
11138,fallowby,1042,23,1
11139,fallowby,1053,0,0
11140,fallowby,1093,6,1
11141,fallowby,1095,3,1
11142,fallowby,1100,5,1
11143,fallowby,1100,24,2
11144,fallowby,1102,1,0
11145,fallowby,1103,1,0
11146,fallowby,1105,16,3
11147,fallowby,1109,4,0
11148,fallowby,1116,5,1
11149,faltered,722,3,0
11150,faltered,812,16,4
11151,faltered,979,6,2
11152,familiar,204,37,10
11153,family,258,15,0
11154,family,268,16,4
11155,family,1286,4,1
11156,family,1395,7,0
11157,family,1751,2,1
11158,famine,1043,2,0
11159,famous,1646,9,4
11160,fan,1450,2,1
11161,fancy,104,32,10
11162,fancy,1358,16,2
11163,fancy,1535,35,5
11164,fantastic,428,39,13
11165,fantastic,529,122,32
11166,fantastic,941,15,5
11167,fantine,1832,46,13
11168,fantry,1229,26,9
11169,far,198,45,6
11170,far,434,41,9
11171,far,514,1,0
11172,far,541,9,1
11173,far,596,27,2
11174,far,746,25,8
11175,far,758,4,0
11176,far,805,18,5
11177,far,894,4,0
11178,far,895,0,0
11179,far,951,3,0
11180,far,1545,36,4
11181,far,1604,13,2
11182,far,1609,2,0
11183,far,1611,2,1
11184,far,1662,24,2
11185,fare,1271,2,2
11186,farm,835,14,2
11187,farms,134,6,1
11188,farra,171,1,0
11189,farther,327,21,1
11190,farther,1804,2,0
11191,fascinated,268,25,7
11192,fascinated,330,5,0
11193,fascinated,1533,1,0
11194,fascinating,284,17,7
11195,fascinating,1452,34,9
11196,fashionable,511,1,1
11197,fashionable,565,1,1
11198,fashioned,804,22,3
11199,fashioned,1324,5,0
11200,fast,835,1,0
11201,fast,1230,18,7
11202,fast,1733,5,0
11203,fastened,727,9,0
11204,fastened,774,11,0
11205,fastened,799,5,2
11206,fastened,849,7,4
11207,fastened,931,87,15
11208,fastened,1155,29,5
11209,faster,1599,14,6
11210,faster,1599,15,6
11211,faster,1604,2,0
11212,faster,1605,23,6
11213,faster,1611,14,3
11214,faster,1611,17,3
11215,fat,150,33,12
11216,fat,635,27,6
11217,fat,1014,8,1
11218,fat,1022,23,3
11219,fat,1193,33,9
11220,fatal,425,51,11
11221,fate,538,29,5
11222,fate,670,4,0
11223,fate,958,5,0
11224,fate,1500,14,1
11225,fates,43,22,8
11226,fates,153,20,5
11227,fates,155,6,2
11228,fates,345,12,2
11229,fates,352,1,0
11230,fates,445,11,2
11231,fates,481,18,3
11232,father,8,3,1
11233,father,259,0,0
11234,father,353,8,1
11235,father,750,11,1
11236,father,836,15,2
11237,father,1752,1,0
11238,fatherly,1792,20,6
11239,fathers,524,13,1
11240,fathomless,563,6,2
11241,fathomless,571,11,5
11242,fatigue,295,6,0
11243,fatigue,542,2,0
11244,fault,424,8,1
11245,favor,1505,37,4
11246,favor,1734,16,4
11247,favorite,514,32,5
11248,fear,289,37,9
11249,fear,522,17,3
11250,fear,526,28,3
11251,fear,600,2,0
11252,fear,677,5,0
11253,fear,1142,25,7
11254,fear,1754,4,2
11255,feared,486,9,1
11256,fearful,573,22,5
11257,fearful,733,0,0
11258,fearfully,1257,2,0
11259,fearing,216,9,3
11260,fearing,1125,20,2
11261,feather,1542,21,3
11262,feathers,800,19,5
11263,feathers,1314,24,7
11264,feathers,1572,10,2
11265,feats,1647,12,6
11266,fee,31,15,3
11267,feed,1033,19,4
11268,feeds,1560,14,0
11269,feeds,1560,15,0
11270,feel,347,7,1
11271,feel,666,9,2
11272,feel,678,4,2
11273,feel,712,13,2
11274,feel,730,43,5
11275,feel,1419,7,2
11276,feeler,1678,13,3
11277,feeling,367,3,0
11278,feeling,520,19,2
11279,feeling,659,10,2
11280,feeling,833,26,1
11281,feet,303,8,1
11282,feet,533,31,3
11283,feet,538,22,5
11284,feet,720,27,1
11285,feet,763,9,1
11286,feet,768,15,4
11287,feet,809,27,6
11288,feet,858,9,0
11289,feet,1164,6,1
11290,feet,1225,10,4
11291,feet,1700,10,2
11292,fel,1066,17,5
11293,fel,1721,7,0
11294,fell,36,11,4
11295,fell,73,36,9
11296,fell,209,20,3
11297,fell,253,1,0
11298,fell,365,22,5
11299,fell,394,5,0
11300,fell,427,15,4
11301,fell,436,8,0
11302,fell,439,22,1
11303,fell,573,8,0
11304,fell,680,28,6
11305,fell,682,2,0
11306,fell,720,35,3
11307,fell,731,13,2
11308,fell,744,56,13
11309,fell,748,21,5
11310,fell,769,4,1
11311,fell,862,2,0
11312,fell,869,1,0
11313,fell,871,3,1
11314,fell,988,7,2
11315,fell,990,63,14
11316,fell,996,1,0
11317,fell,1104,23,4
11318,fell,1192,3,1
11319,fell,1193,18,5
11320,fell,1214,21,8
11321,fell,1226,4,2
11322,fell,1230,17,7
11323,fell,1231,9,2
11324,fell,1245,26,3
11325,fell,1388,45,9
11326,fell,1459,5,0
11327,fell,1574,40,16
11328,fell,1587,5,1
11329,fell,1602,20,8
11330,fell,1700,31,13
11331,fell,1708,29,10
11332,fell,1732,5,1
11333,fell,1827,2,0
11334,fellow,69,2,0
11335,fellow,212,1,0
11336,fellow,220,4,0
11337,fellow,640,4,1
11338,fellow,1112,19,3
11339,fellow,1118,28,3
11340,fellow,1448,6,2
11341,fellow,1650,17,3
11342,fellow,1660,6,4
11343,fellows,1630,11,2
11344,fellows,1660,17,7
11345,felt,41,24,4
11346,felt,73,8,1
11347,felt,236,24,2
11348,felt,424,5,1
11349,felt,434,31,8
11350,felt,481,4,0
11351,felt,488,7,0
11352,felt,502,20,4
11353,felt,508,20,4
11354,felt,529,111,29
11355,felt,540,19,6
11356,felt,558,19,2
11357,felt,562,1,0
11358,felt,657,12,0
11359,felt,662,21,3
11360,felt,748,10,3
11361,felt,764,13,2
11362,felt,804,6,0
11363,felt,812,1,0
11364,felt,1091,12,1
11365,felt,1141,38,5
11366,felt,1217,4,1
11367,felt,1265,32,7
11368,felt,1323,10,1
11369,felt,1429,1,0
11370,felt,1520,2,0
11371,felt,1545,35,4
11372,felt,1571,3,1
11373,felt,1681,4,1
11374,ferent,389,6,2
11375,ferme,1478,18,5
11376,fernal,215,5,2
11377,fernal,244,15,5
11378,ferns,789,15,2
11379,fess,366,2,1
11380,festoons,391,6,0
11381,fetch,419,10,4
11382,fete,550,19,7
11383,fete,1050,40,1
11384,fever,422,20,1
11385,fever,423,21,5
11386,feverish,413,30,4
11387,feverish,423,45,9
11388,feverish,1126,39,2
11389,feverishly,428,52,14
11390,few,389,30,7
11391,few,898,14,2
11392,few,1205,14,3
11393,few,1270,37,12
11394,few,1759,1,1
11395,fe~roce,1286,33,2
11396,fffe,1020,16,6
11397,fhb,1387,3,0
11398,fhe,328,1,0
11399,"fiance""",1111,4,0
11400,ficial,81,14,2
11401,fie,300,0,0
11402,fie,1439,7,0
11403,fie,1819,4,1
11404,field,846,16,5
11405,fields,1192,1,1
11406,fields,1268,46,7
11407,fields,1269,5,1
11408,fields,1271,8,3
11409,fields,1537,20,4
11410,fields,1605,28,7
11411,fields,1609,22,4
11412,fields,1625,6,2
11413,fields,1789,12,6
11414,fiend,626,53,12
11415,fierce,1019,20,7
11416,fierce,1159,2,0
11417,fiery,1549,3,0
11418,fifine,1740,9,2
11419,fifth,42,23,5
11420,fifth,318,5,1
11421,fifth,596,25,2
11422,fifth,933,64,14
11423,fifty,183,1,0
11424,fifty,1693,4,0
11425,fight,434,75,12
11426,fighting,1222,6,0
11427,fights,1729,11,1
11428,figure,404,14,2
11429,figure,448,5,1
11430,figure,583,7,2
11431,figure,704,8,1
11432,figure,825,2,0
11433,figure,1250,5,1
11434,figure,1262,2,1
11435,file,1256,7,4
11436,filed,51,8,5
11437,fill,1001,3,0
11438,fill,1634,3,1
11439,fill,1739,9,2
11440,filled,246,11,3
11441,filled,285,3,1
11442,filled,285,7,2
11443,filled,338,19,5
11444,filled,498,4,1
11445,filled,570,3,1
11446,filled,575,6,1
11447,filled,920,5,1
11448,filled,949,33,6
11449,filled,1056,8,0
11450,filled,1105,48,9
11451,filling,1230,2,1
11452,fills,1698,2,0
11453,filtered,573,62,12
11454,filtered,1536,2,1
11455,filth,961,13,3
11456,fin,95,5,1
11457,finable,778,41,5
11458,finable,1578,5,0
11459,final,301,5,0
11460,final,1755,6,2
11461,finally,386,68,7
11462,finally,587,27,3
11463,finally,599,6,1
11464,finally,739,10,1
11465,finally,1141,29,4
11466,finally,1170,4,2
11467,finally,1728,12,3
11468,finally,1822,4,2
11469,financial,104,25,9
11470,find,147,2,0
11471,find,244,12,3
11472,find,313,2,0
11473,find,320,19,1
11474,find,365,5,1
11475,find,432,30,7
11476,find,508,13,3
11477,find,658,7,3
11478,find,694,2,0
11479,find,756,3,0
11480,find,780,11,1
11481,find,891,5,0
11482,find,892,16,0
11483,find,1340,11,4
11484,find,1512,2,0
11485,fine,969,11,4
11486,finish,1126,43,3
11487,finished,37,12,3
11488,finished,64,28,4
11489,finished,118,42,9
11490,finished,166,45,9
11491,finished,248,6,0
11492,finished,269,5,2
11493,finished,296,5,0
11494,finished,346,14,1
11495,finished,658,32,10
11496,finished,927,14,2
11497,finished,949,31,6
11498,finished,956,3,1
11499,finished,1100,25,2
11500,finished,1106,58,11
11501,finished,1265,3,1
11502,finished,1420,30,3
11503,finished,1774,29,6
11504,finished,1774,31,6
11505,finishing,35,9,1
11506,finishing,351,7,2
11507,finistere,778,47,6
11508,fire,22,3,2
11509,fire,36,7,3
11510,fire,36,13,5
11511,fire,750,27,3
11512,fire,1202,2,0
11513,fire,1208,1,0
11514,fire,1263,32,12
11515,fire,1455,15,5
11516,fire,1762,2,0
11517,fire,1762,5,1
11518,fireplace,824,25,5
11519,fireplace,969,1,1
11520,fires,499,21,8
11521,fires,1023,12,2
11522,fires,1023,14,2
11523,fires,1252,10,4
11524,firewood,1047,9,1
11525,firmly,769,22,6
11526,first,31,29,5
11527,first,42,3,2
11528,first,62,2,1
11529,first,124,7,1
11530,first,202,34,11
11531,first,204,15,5
11532,first,249,18,6
11533,first,274,13,3
11534,first,322,13,4
11535,first,326,4,2
11536,first,422,1,1
11537,first,456,14,3
11538,first,472,10,4
11539,first,481,14,3
11540,first,502,16,4
11541,first,526,1,0
11542,first,529,55,15
11543,first,556,2,2
11544,first,573,82,13
11545,first,728,34,5
11546,first,857,10,2
11547,first,858,12,0
11548,first,865,1,0
11549,first,1125,8,0
11550,first,1217,13,3
11551,first,1231,7,2
11552,first,1323,11,1
11553,first,1548,2,0
11554,first,1571,1,1
11555,first,1636,11,2
11556,first,1776,2,2
11557,first,1787,5,2
11558,fish,337,45,10
11559,fish,495,11,2
11560,fish,1096,19,2
11561,fish,1531,22,3
11562,fish,1532,20,5
11563,fishing,196,10,2
11564,fishing,198,6,1
11565,fist,1126,34,1
11566,fit,44,14,3
11567,fit,148,33,7
11568,fit,730,33,4
11569,fit,1015,2,1
11570,fitfully,383,23,5
11571,fitted,771,4,0
11572,fitted,799,12,4
11573,fitted,970,18,5
11574,fitth,51,22,9
11575,fitting,132,6,0
11576,five,548,0,0
11577,five,931,32,6
11578,five,933,58,13
11579,five,1318,11,2
11580,five,1421,0,0
11581,five,1698,0,0
11582,fix,656,8,3
11583,fix,866,1,0
11584,fixed,58,39,4
11585,fixed,862,4,0
11586,fixed,979,15,3
11587,fixed,1604,11,1
11588,flag,202,29,10
11589,flag,1597,21,3
11590,flagons,887,27,4
11591,flagons,888,51,9
11592,flame,971,15,5
11593,flank,943,6,1
11594,flank,1212,11,4
11595,flapped,763,39,8
11596,flapped,808,10,4
11597,flapped,1540,10,4
11598,flared,1055,32,10
11599,flash,1082,26,11
11600,flash,1397,6,1
11601,flashed,414,3,0
11602,flashed,573,53,9
11603,flashed,971,16,5
11604,flashed,1488,17,3
11605,flashing,540,41,10
11606,flashing,1571,31,8
11607,flask,1185,27,5
11608,flat,84,18,2
11609,flat,489,5,1
11610,flat,789,12,2
11611,flat,869,3,1
11612,flat,878,3,0
11613,flats,701,39,4
11614,flattened,86,4,0
11615,flattened,947,33,12
11616,flattered,931,2,0
11617,flattered,1299,9,1
11618,flattered,1376,1,1
11619,flattered,1490,47,5
11620,flattering,298,11,1
11621,flaw,336,20,5
11622,flax,839,1,0
11623,flecked,1736,7,3
11624,flecked,1756,12,1
11625,fled,86,23,6
11626,fled,1225,2,1
11627,fled,1265,16,2
11628,fled,1265,28,5
11629,fled,1604,16,2
11630,fled,1744,26,4
11631,fled,1826,2,0
11632,fleet,168,53,10
11633,fleet,168,62,11
11634,flesh,587,2,0
11635,flesh,1043,70,10
11636,fleshly,1042,86,13
11637,flew,85,8,0
11638,flew,325,7,2
11639,flew,499,2,1
11640,flies,1530,24,5
11641,flies,1535,10,2
11642,flies,1737,14,3
11643,flight,284,32,11
11644,flight,1003,6,1
11645,flight,1537,23,5
11646,flight,1573,16,5
11647,flights,79,4,1
11648,flights,963,1,0
11649,fling,1201,8,3
11650,flint,981,13,5
11651,flip,1535,9,2
11652,flirtation,1545,9,2
11653,flit,1792,2,1
11654,flitted,1727,6,1
11655,flitting,1252,11,4
11656,floated,807,8,2
11657,floated,1574,50,17
11658,floats,397,15,4
11659,flock,150,1,1
11660,flocks,1537,24,5
11661,flooded,1249,3,1
11662,flooding,1615,11,4
11663,floor,86,14,5
11664,floor,253,4,2
11665,floor,275,0,0
11666,floor,384,5,3
11667,floor,495,56,15
11668,floor,564,7,0
11669,floor,731,20,5
11670,floor,752,11,1
11671,floor,821,80,16
11672,floor,970,7,4
11673,floor,987,11,2
11674,floor,996,3,1
11675,floor,1160,13,5
11676,floor,1823,3,2
11677,floral,1719,5,1
11678,flory,499,10,4
11679,flowed,850,2,1
11680,flower,150,27,10
11681,flower,498,2,1
11682,flower,1337,14,3
11683,flower,1669,6,1
11684,flowered,931,54,9
11685,flowered,970,16,5
11686,flowering,760,14,2
11687,flowering,1332,0,0
11688,flowers,42,47,11
11689,flowers,894,23,4
11690,flowers,896,13,1
11691,flowers,960,6,3
11692,flowers,1672,4,3
11693,flowers,1688,3,0
11694,flowers,1702,4,1
11695,flowers,1717,15,3
11696,fluid,455,5,0
11697,flung,36,4,1
11698,flung,120,21,2
11699,flung,875,13,0
11700,flung,1268,11,3
11701,flush,337,22,7
11702,flush,578,41,6
11703,flushed,812,11,4
11704,fluttered,133,5,2
11705,fluttered,133,32,9
11706,fluttered,429,8,2
11707,fluttering,1762,8,1
11708,fly,662,7,1
11709,fly,1531,16,1
11710,flyaway,529,34,8
11711,foam,333,10,4
11712,fog,744,72,18
11713,fog,1147,2,1
11714,fog,1180,10,2
11715,fog,1182,6,3
11716,fog,1184,3,0
11717,fog,1212,13,4
11718,fog,1213,8,2
11719,fog,1225,6,3
11720,foi,1282,4,0
11721,foiled,1708,23,8
11722,foimself,1361,6,1
11723,fol,142,30,4
11724,fol,173,13,3
11725,fol,803,6,1
11726,fol,1649,1,0
11727,fold,1230,1,1
11728,folded,294,30,7
11729,folding,1737,29,6
11730,foliage,149,24,10
11731,foliage,573,64,12
11732,foliage,1456,4,1
11733,follow,748,29,6
11734,follow,1141,12,1
11735,followed,204,23,6
11736,followed,451,6,1
11737,followed,528,14,6
11738,followed,737,5,1
11739,followed,820,14,3
11740,followed,918,6,0
11741,followed,1058,2,0
11742,followed,1225,12,4
11743,followed,1236,15,6
11744,followed,1328,2,0
11745,followed,1490,23,3
11746,followed,1637,3,0
11747,followed,1782,1,0
11748,following,29,11,5
11749,following,730,2,0
11750,fond,198,19,5
11751,fond,933,32,5
11752,food,865,32,9
11753,fool,235,14,2
11754,fool,1415,2,0
11755,fool,1774,7,2
11756,foolish,611,9,1
11757,foolish,671,2,0
11758,fools,1444,5,1
11759,foot,142,3,0
11760,foot,542,28,4
11761,foot,730,8,1
11762,foot,821,76,15
11763,foot,821,81,16
11764,foot,824,30,8
11765,foot,879,5,0
11766,foot,1328,7,1
11767,foothold,1823,18,8
11768,footsteps,239,22,3
11769,footsteps,887,54,7
11770,footsteps,888,1,0
11771,footsteps,1120,43,6
11772,for,22,1,2
11773,for,22,11,3
11774,for,28,12,4
11775,for,29,4,3
11776,for,32,18,5
11777,for,38,2,2
11778,for,42,31,7
11779,for,59,6,2
11780,for,61,11,3
11781,for,62,1,1
11782,for,68,0,1
11783,for,83,12,4
11784,for,117,5,3
11785,for,148,5,1
11786,for,148,6,2
11787,for,155,38,9
11788,for,159,62,5
11789,for,191,3,1
11790,for,198,5,1
11791,for,204,41,13
11792,for,209,17,3
11793,for,219,5,1
11794,for,221,12,3
11795,for,228,17,4
11796,for,234,9,2
11797,for,247,18,3
11798,for,249,16,5
11799,for,255,25,9
11800,for,269,1,1
11801,for,283,4,2
11802,for,293,12,2
11803,for,298,22,4
11804,for,325,11,3
11805,for,326,22,5
11806,for,351,10,4
11807,for,355,15,5
11808,for,359,9,3
11809,for,366,5,2
11810,for,383,8,4
11811,for,387,7,3
11812,for,389,23,7
11813,for,393,9,2
11814,for,397,42,12
11815,for,403,2,1
11816,for,413,2,1
11817,for,417,21,6
11818,for,423,17,4
11819,for,427,2,2
11820,for,429,17,3
11821,for,434,73,12
11822,for,434,83,14
11823,for,435,10,3
11824,for,449,3,2
11825,for,459,9,3
11826,for,462,14,2
11827,for,472,6,3
11828,for,488,25,3
11829,for,501,4,1
11830,for,502,21,5
11831,for,508,4,1
11832,for,512,0,1
11833,for,514,34,6
11834,for,514,35,7
11835,for,521,3,1
11836,for,525,31,6
11837,for,526,21,2
11838,for,526,32,5
11839,for,529,1,1
11840,for,529,80,22
11841,for,529,106,29
11842,for,542,27,4
11843,for,556,0,1
11844,for,569,0,1
11845,for,572,24,6
11846,for,577,28,5
11847,for,578,53,9
11848,for,598,6,3
11849,for,626,1,1
11850,for,626,7,2
11851,for,648,7,3
11852,for,658,18,6
11853,for,667,4,1
11854,for,669,19,2
11855,for,673,9,2
11856,for,680,14,3
11857,for,680,21,4
11858,for,691,9,4
11859,for,691,11,5
11860,for,691,13,6
11861,for,693,5,1
11862,for,693,43,13
11863,for,698,0,1
11864,for,698,24,6
11865,for,699,6,1
11866,for,701,15,1
11867,for,702,6,3
11868,for,706,0,1
11869,for,707,0,1
11870,for,709,34,3
11871,for,710,4,1
11872,for,730,47,7
11873,for,730,56,11
11874,for,739,27,6
11875,for,742,0,1
11876,for,743,37,7
11877,for,753,2,1
11878,for,761,11,3
11879,for,768,2,2
11880,for,778,49,7
11881,for,779,2,1
11882,for,795,21,4
11883,for,818,31,7
11884,for,821,87,18
11885,for,822,19,7
11886,for,824,12,3
11887,for,827,10,3
11888,for,850,14,5
11889,for,861,14,1
11890,for,865,30,9
11891,for,907,18,4
11892,for,917,7,3
11893,for,923,5,3
11894,for,926,7,2
11895,for,932,0,1
11896,for,933,40,10
11897,for,940,8,2
11898,for,941,0,1
11899,for,941,9,3
11900,for,941,13,5
11901,for,944,11,2
11902,for,946,2,1
11903,for,947,30,12
11904,for,956,13,3
11905,for,960,1,2
11906,for,964,3,1
11907,for,971,2,1
11908,for,993,32,6
11909,for,1001,4,1
11910,for,1014,7,1
11911,for,1015,14,6
11912,for,1019,10,4
11913,for,1025,83,10
11914,for,1033,30,6
11915,for,1043,66,9
11916,for,1047,10,2
11917,for,1082,14,7
11918,for,1086,5,2
11919,for,1102,10,1
11920,for,1104,7,2
11921,for,1105,0,1
11922,for,1106,63,13
11923,for,1106,84,18
11924,for,1114,3,1
11925,for,1120,9,2
11926,for,1123,0,1
11927,for,1124,31,8
11928,for,1126,0,1
11929,for,1126,62,4
11930,for,1128,8,1
11931,for,1128,12,2
11932,for,1133,15,3
11933,for,1140,8,1
11934,for,1143,29,7
11935,for,1143,42,11
11936,for,1149,2,1
11937,for,1167,1,1
11938,for,1171,5,1
11939,for,1177,13,4
11940,for,1179,14,3
11941,for,1181,10,1
11942,for,1193,0,1
11943,for,1212,0,1
11944,for,1217,6,2
11945,for,1220,7,1
11946,for,1226,23,7
11947,for,1229,20,6
11948,for,1246,0,1
11949,for,1273,9,5
11950,for,1306,2,1
11951,for,1310,7,2
11952,for,1316,2,1
11953,for,1321,3,1
11954,for,1336,3,1
11955,for,1337,8,2
11956,for,1343,3,2
11957,for,1345,4,1
11958,for,1349,4,1
11959,for,1364,2,1
11960,for,1377,1,1
11961,for,1381,18,2
11962,for,1388,7,2
11963,for,1388,16,5
11964,for,1413,46,8
11965,for,1427,47,4
11966,for,1429,2,1
11967,for,1442,4,2
11968,for,1447,10,4
11969,for,1460,50,6
11970,for,1468,3,1
11971,for,1488,0,1
11972,for,1489,10,2
11973,for,1494,7,1
11974,for,1496,4,1
11975,for,1527,0,1
11976,for,1543,6,1
11977,for,1545,27,4
11978,for,1548,27,8
11979,for,1581,1,1
11980,for,1581,10,4
11981,for,1598,28,4
11982,for,1625,8,3
11983,for,1628,47,9
11984,for,1640,3,1
11985,for,1658,11,4
11986,for,1670,12,3
11987,for,1685,9,5
11988,for,1685,13,7
11989,for,1699,29,8
11990,for,1708,15,6
11991,for,1722,5,1
11992,for,1725,20,4
11993,for,1729,6,1
11994,for,1729,22,6
11995,for,1739,7,2
11996,for,1739,39,8
11997,for,1751,1,1
11998,for,1753,6,1
11999,for,1756,8,1
12000,for,1769,12,3
12001,for,1769,48,8
12002,for,1774,22,6
12003,for,1784,2,1
12004,for,1788,5,2
12005,for,1789,4,3
12006,for,1789,30,13
12007,for,1797,4,1
12008,for,1798,0,1
12009,for,1814,18,4
12010,for,1818,2,1
12011,for,1819,15,3
12012,for,1822,20,7
12013,for,1827,6,1
12014,for,1827,15,3
12015,for,1834,0,1
12016,forbid,310,2,0
12017,force,470,7,1
12018,force,1155,22,3
12019,force,1572,6,2
12020,forced,161,2,0
12021,forced,1155,40,7
12022,forced,1665,53,9
12023,forces,17,22,6
12024,forcible,587,31,4
12025,ford,1533,17,4
12026,ford,1640,12,3
12027,ford,1737,18,4
12028,fore,526,20,1
12029,fore,529,82,22
12030,fore,1088,3,0
12031,fore,1477,35,7
12032,fore,1598,24,2
12033,fore,1660,25,8
12034,fore,1757,3,1
12035,forehead,720,24,1
12036,foreigners,42,32,7
12037,foreigners,795,22,4
12038,forelegs,1574,15,6
12039,forest,573,60,12
12040,forest,1614,4,1
12041,forest,1615,1,1
12042,forever,38,18,6
12043,forever,268,3,0
12044,forever,423,12,2
12045,forever,437,21,4
12046,forever,1126,60,3
12047,forever,1241,3,0
12048,forget,612,7,0
12049,forget,1784,7,2
12050,forgetting,1304,18,6
12051,forgetting,1358,23,3
12052,forgive,252,0,0
12053,forgive,1624,3,0
12054,forgot,386,5,0
12055,forgot,1038,29,4
12056,forgotten,252,24,2
12057,forgotten,300,11,4
12058,forgotten,533,39,5
12059,forgotten,573,97,15
12060,forgotten,1760,3,0
12061,form,491,11,1
12062,form,934,4,1
12063,form,1729,4,0
12064,formality,30,5,2
12065,formed,365,10,2
12066,formed,660,24,7
12067,formed,1452,16,3
12068,formed,1581,20,4
12069,former,1726,1,1
12070,formerly,129,20,4
12071,formez,1095,13,3
12072,forms,1252,12,4
12073,fort,168,78,14
12074,forted,1243,6,2
12075,forth,226,2,0
12076,forth,259,2,1
12077,forth,693,49,15
12078,forth,1551,2,0
12079,fortifi,1233,17,6
12080,fortifications,19,3,0
12081,fortifications,1061,11,5
12082,fortifications,1083,1,1
12083,fortified,835,13,2
12084,fortnight,474,6,2
12085,fortress,1605,4,1
12086,forty,124,13,2
12087,forty,1788,0,0
12088,forward,769,1,0
12089,forward,871,8,3
12090,forward,879,2,0
12091,forward,1198,9,0
12092,forward,1198,10,0
12093,forward,1486,13,2
12094,fossils,366,8,3
12095,fought,1725,1,0
12096,found,73,23,4
12097,found,175,3,1
12098,found,404,12,1
12099,found,408,5,0
12100,found,416,17,2
12101,found,445,9,2
12102,found,456,6,1
12103,found,486,11,1
12104,found,500,16,2
12105,found,514,4,0
12106,found,674,9,3
12107,found,726,17,4
12108,found,940,25,3
12109,found,1157,1,0
12110,found,1178,11,3
12111,found,1759,15,4
12112,found,1788,46,14
12113,found,1806,16,1
12114,found,1810,7,1
12115,found,1816,5,1
12116,fountain,284,4,3
12117,fountain,535,35,9
12118,fountain,575,2,1
12119,fountain,1333,2,1
12120,fountain,1337,23,8
12121,fountain,1347,25,5
12122,fountain,1453,21,8
12123,fountain,1459,16,6
12124,fountain,1460,61,10
12125,fountain,1570,20,4
12126,fountains,42,48,11
12127,four,220,9,0
12128,four,754,13,3
12129,four,836,6,2
12130,four,954,14,2
12131,four,1231,2,1
12132,four,1532,2,1
12133,four,1668,1,0
12134,fours,917,9,3
12135,fourth,315,4,1
12136,fourth,1728,1,1
12137,fowl,1572,19,6
12138,fox,763,26,5
12139,foxhall,1429,21,4
12140,foxhall,1628,12,3
12141,foxhall,1760,4,0
12142,fragments,1259,10,4
12143,fragrance,1594,12,7
12144,frail,660,28,9
12145,frainch,1286,7,2
12146,frainch,1288,5,0
12147,frames,887,30,4
12148,franc,944,14,2
12149,franc,1018,2,0
12150,franc,1043,59,7
12151,franc,1171,6,1
12152,france,1106,14,3
12153,france,1167,14,3
12154,france,1386,5,2
12155,francois,1092,13,0
12156,francs,1015,16,6
12157,francs,1032,23,3
12158,francs,1693,5,0
12159,frangais,581,16,2
12160,frankly,1541,6,0
12161,frankness,1364,11,2
12162,frantic,227,13,0
12163,frantically,1100,6,1
12164,frayed,242,7,2
12165,free,43,95,28
12166,freely,1638,6,1
12167,freeze,1047,29,3
12168,freezing,983,14,7
12169,freezing,1061,32,8
12170,freezing,1226,5,2
12171,frem,733,17,1
12172,french,795,18,3
12173,french,932,18,6
12174,french,1413,40,6
12175,french,1593,6,1
12176,french,1731,4,0
12177,frenzy,325,25,7
12178,frescoed,384,28,10
12179,fresh,164,2,0
12180,fresh,343,8,1
12181,fresh,1097,3,0
12182,fresh,1593,15,4
12183,fresh,1593,31,9
12184,fresh,1675,24,6
12185,freshly,150,29,10
12186,freshness,1313,2,1
12187,friend,657,27,1
12188,friend,891,8,2
12189,friend,1026,5,0
12190,friend,1321,5,2
12191,friend,1388,20,5
12192,friend,1413,16,2
12193,friend,1423,3,1
12194,friend,1514,6,1
12195,friend,1515,2,0
12196,friend,1633,11,3
12197,friend,1633,15,4
12198,friend,1665,56,10
12199,friend,1665,60,11
12200,friends,1420,17,0
12201,friends,1424,28,6
12202,friends,1426,9,1
12203,friends,1729,24,6
12204,fright,1215,1,0
12205,fright,1266,1,0
12206,frighten,402,11,1
12207,frighten,680,56,9
12208,frightened,155,34,8
12209,frightened,608,18,4
12210,frightened,644,9,2
12211,frightened,793,16,0
12212,frightened,1476,16,0
12213,fringed,529,45,11
12214,fro,284,37,11
12215,frock,996,8,2
12216,from,28,47,14
12217,from,29,22,7
12218,from,34,0,1
12219,from,40,7,3
12220,from,45,10,2
12221,from,54,7,2
12222,from,60,9,1
12223,from,73,49,12
12224,from,118,11,3
12225,from,118,15,5
12226,from,133,2,1
12227,from,145,0,1
12228,from,155,21,6
12229,from,158,2,1
12230,from,164,19,3
12231,from,167,19,7
12232,from,202,10,3
12233,from,202,27,9
12234,from,202,37,12
12235,from,204,47,14
12236,from,205,4,1
12237,from,213,3,1
12238,from,225,9,2
12239,from,249,7,3
12240,from,255,24,8
12241,from,275,4,2
12242,from,339,12,1
12243,from,414,22,5
12244,from,416,6,1
12245,from,417,11,3
12246,from,434,13,3
12247,from,458,2,2
12248,from,502,14,3
12249,from,509,2,1
12250,from,529,98,26
12251,from,529,134,34
12252,from,531,11,4
12253,from,550,0,1
12254,from,563,5,2
12255,from,589,0,1
12256,from,589,17,4
12257,from,658,3,1
12258,from,660,12,3
12259,from,660,26,8
12260,from,678,13,6
12261,from,693,41,12
12262,from,744,66,15
12263,from,745,19,6
12264,from,748,17,4
12265,from,763,18,4
12266,from,765,6,3
12267,from,771,10,3
12268,from,809,40,11
12269,from,846,8,2
12270,from,868,3,2
12271,from,869,6,3
12272,from,879,9,1
12273,from,894,17,2
12274,from,902,11,2
12275,from,923,0,1
12276,from,947,1,1
12277,from,978,11,3
12278,from,979,1,1
12279,from,980,0,1
12280,from,982,0,1
12281,from,986,11,4
12282,from,990,15,7
12283,from,993,23,3
12284,from,1013,0,1
12285,from,1036,9,3
12286,from,1042,85,13
12287,from,1055,14,7
12288,from,1058,5,2
12289,from,1084,0,1
12290,from,1091,14,3
12291,from,1106,100,24
12292,from,1179,24,5
12293,from,1190,10,3
12294,from,1194,12,5
12295,from,1197,3,1
12296,from,1206,19,4
12297,from,1227,3,1
12298,from,1229,16,4
12299,from,1240,36,12
12300,from,1257,22,10
12301,from,1259,1,1
12302,from,1262,4,2
12303,from,1268,21,4
12304,from,1280,17,5
12305,from,1320,4,2
12306,from,1424,10,2
12307,from,1439,19,5
12308,from,1455,6,3
12309,from,1457,30,13
12310,from,1524,28,6
12311,from,1533,9,1
12312,from,1545,43,5
12313,from,1554,3,1
12314,from,1571,23,7
12315,from,1573,2,1
12316,from,1598,35,6
12317,from,1599,11,5
12318,from,1602,9,3
12319,from,1611,3,2
12320,from,1611,34,6
12321,from,1615,7,3
12322,from,1622,0,1
12323,from,1647,8,4
12324,from,1737,9,1
12325,from,1758,13,4
12326,from,1759,7,3
12327,from,1785,6,2
12328,from,1804,14,1
12329,front,535,10,1
12330,front,772,14,6
12331,front,809,15,3
12332,front,987,13,3
12333,front,1135,13,4
12334,front,1174,3,2
12335,front,1179,33,8
12336,front,1183,16,3
12337,front,1188,3,1
12338,front,1191,1,0
12339,front,1212,8,3
12340,front,1214,14,7
12341,front,1222,13,1
12342,frontier,1270,33,10
12343,frontier,1646,3,2
12344,frowned,1525,8,1
12345,frowned,1769,15,3
12346,frowning,1042,9,0
12347,frowning,1277,1,0
12348,frozen,1012,3,1
12349,frozen,1177,6,2
12350,frozen,1214,28,9
12351,fted,499,15,5
12352,ful,503,6,2
12353,ful,569,16,2
12354,ful,1833,6,1
12355,full,389,24,7
12356,full,413,6,1
12357,full,531,4,1
12358,full,988,12,3
12359,full,1032,13,1
12360,full,1192,2,1
12361,full,1321,35,9
12362,full,1674,4,1
12363,fully,378,16,4
12364,fume,389,51,13
12365,fun,1362,3,0
12366,functory,1548,39,10
12367,funnier,1490,54,5
12368,funny,1367,2,0
12369,fur,458,16,6
12370,fur,892,20,2
12371,furiated,327,4,1
12372,furiated,1223,10,3
12373,furious,705,10,2
12374,furious,1637,5,0
12375,furniture,1700,6,2
12376,furrows,246,2,1
12377,furs,1135,21,7
12378,further,1177,0,0
12379,further,1205,17,4
12380,further,1246,24,5
12381,further,1545,10,2
12382,further,1545,25,3
12383,further,1752,17,4
12384,furtive,1463,3,1
12385,furtively,1460,47,4
12386,fury,748,15,3
12387,fury,1751,7,2
12388,fused,1194,24,6
12389,fusing,533,33,3
12390,fussed,54,28,3
12391,future,58,8,0
12392,future,698,23,5
12393,future,700,5,2
12394,future,701,50,5
12395,future,1143,44,12
12396,future,1289,5,2
12397,fying,423,36,6
12398,g,28,46,13
12399,g,58,91,20
12400,g,152,30,10
12401,g,157,2,1
12402,g,169,6,1
12403,g,202,52,14
12404,g,206,5,3
12405,g,209,10,2
12406,g,269,24,7
12407,g,281,2,1
12408,g,331,9,2
12409,g,334,2,1
12410,g,386,74,8
12411,g,393,26,8
12412,g,395,1,1
12413,g,471,6,2
12414,g,482,14,3
12415,g,491,10,1
12416,g,529,20,5
12417,g,540,15,6
12418,g,573,10,1
12419,g,589,34,6
12420,g,765,8,4
12421,g,779,6,2
12422,g,806,13,2
12423,g,879,11,2
12424,g,896,12,1
12425,g,931,13,2
12426,g,931,68,12
12427,g,947,20,7
12428,g,956,9,2
12429,g,971,12,4
12430,g,980,10,4
12431,g,980,13,6
12432,g,985,4,2
12433,g,1029,14,1
12434,g,1038,3,1
12435,g,1042,51,6
12436,g,1142,54,16
12437,g,1229,13,2
12438,g,1229,30,10
12439,g,1280,32,10
12440,g,1285,0,0
12441,g,1291,15,2
12442,g,1349,15,2
12443,g,1377,11,3
12444,g,1442,11,3
12445,g,1470,24,2
12446,g,1477,12,2
12447,g,1479,11,3
12448,g,1525,4,1
12449,g,1574,57,19
12450,g,1614,28,6
12451,g,1669,2,1
12452,g,1722,10,2
12453,g,1724,4,2
12454,g,1733,8,2
12455,g,1734,12,3
12456,g,1740,13,3
12457,g,1795,22,4
12458,g,1796,12,2
12459,g,1815,55,16
12460,g!es,796,14,3
12461,"g""",1484,10,1
12462,g:&gt;od,1444,36,5
12463,g;,509,1,0
12464,g^,525,77,13
12465,gaily,161,6,0
12466,gaily,1381,31,4
12467,gaily,1427,26,3
12468,gain,1679,11,3
12469,gait,1733,10,2
12470,gal,1194,14,5
12471,gallery,386,71,7
12472,galloped,842,9,3
12473,gamin,1037,1,1
12474,gamin,1087,17,6
12475,gan,755,3,1
12476,gan,1303,25,1
12477,gan,1687,10,0
12478,ganist,518,8,1
12479,ganist,529,92,24
12480,gar,1694,1,1
12481,garden,878,11,2
12482,garden,1236,14,6
12483,garden,1280,10,1
12484,gardener,1686,1,0
12485,gardener,1687,3,0
12486,gardener,1696,9,3
12487,garding,1521,5,1
12488,garibaldi,151,10,4
12489,garment,978,3,1
12490,garret,175,8,3
12491,garrison,43,90,28
12492,gartenlaube,17,21,6
12493,garter,931,55,9
12494,garter,931,85,15
12495,garter,933,2,1
12496,garter,933,37,8
12497,garter,956,10,2
12498,garter,970,11,4
12499,gasped,1090,3,2
12500,gasped,1256,15,5
12501,gasping,251,5,1
12502,gaston,836,9,2
12503,gate,651,8,3
12504,gate,906,1,0
12505,gate,963,10,2
12506,gate,1327,13,4
12507,gate,1569,19,5
12508,gated,367,8,2
12509,gates,543,1,0
12510,gates,1230,5,2
12511,gateway,1168,6,2
12512,gateway,1277,9,2
12513,gathered,789,2,0
12514,gathered,1135,9,3
12515,gathering,1474,9,3
12516,gathering,1477,38,8
12517,gation,517,6,2
12518,gaudy,1533,2,0
12519,gaudy,1675,11,1
12520,gauntlet,774,6,0
12521,gave,58,34,4
12522,gave,1186,6,2
12523,gave,1788,47,14
12524,gave,1807,12,3
12525,gay,1302,17,4
12526,gay,1483,1,0
12527,gay,1483,44,10
12528,gayly,1050,30,1
12529,gaze,1123,4,2
12530,gbe,909,2,1
12531,gen,1010,4,0
12532,gendarme,1549,9,1
12533,general,43,70,21
12534,general,43,86,27
12535,general,43,92,28
12536,general,1155,14,1
12537,general,1304,29,10
12538,general,1837,35,6
12539,generally,1270,13,2
12540,genevieve,331,6,1
12541,genevieve,342,11,0
12542,genevieve,358,3,0
12543,genevieve,370,20,1
12544,genevieve,370,24,2
12545,genevieve,383,9,4
12546,genevieve,420,0,0
12547,genevieve,425,54,11
12548,genevieve,426,14,2
12549,genevieve,436,7,0
12550,genevieve,438,3,0
12551,genevieve,446,0,0
12552,genevieve,465,18,6
12553,genevieve,491,19,1
12554,genevieve,499,14,5
12555,gentle,261,2,1
12556,gentle,420,16,2
12557,gentle,1625,3,0
12558,gentlemen,1295,15,1
12559,gentlemen,1303,13,0
12560,gentlemen,1665,27,5
12561,gently,781,12,2
12562,geon,1107,9,2
12563,george,1739,33,6
12564,ger,1081,9,0
12565,ger,1732,26,4
12566,geranium,1700,44,17
12567,geranium,1701,1,1
12568,gerated,283,9,3
12569,gerless,95,6,1
12570,germain,1483,0,0
12571,germain,1650,0,0
12572,germain,1813,0,0
12573,german,1022,24,3
12574,gerous,1436,76,9
12575,gesture,268,37,7
12576,gesture,803,4,0
12577,gesture,811,2,1
12578,gesture,1404,19,4
12579,gesture,1640,26,5
12580,gestures,529,19,5
12581,get,120,7,0
12582,get,235,20,3
12583,get,582,12,3
12584,get,711,19,1
12585,get,1021,4,0
12586,get,1025,45,4
12587,get,1036,0,0
12588,get,1042,63,7
12589,get,1140,0,0
12590,get,1237,3,0
12591,get,1661,14,1
12592,get,1817,2,1
12593,gether,460,5,2
12594,getting,307,3,0
12595,getting,495,34,8
12596,gg,518,12,1
12597,gg,568,5,0
12598,ghastly,327,20,1
12599,ghost,1605,15,5
12600,gi,531,7,3
12601,gilded,42,42,10
12602,gilded,888,50,9
12603,gilt,1,7,0
12604,ginning,290,26,4
12605,girdle,774,17,3
12606,girl,422,22,1
12607,girl,608,13,1
12608,girl,681,2,1
12609,girl,772,9,4
12610,girl,781,4,2
12611,girl,800,1,1
12612,girl,801,17,3
12613,girl,806,16,3
12614,girl,808,11,4
12615,girl,809,45,13
12616,girl,869,8,4
12617,girl,977,1,1
12618,girl,986,7,3
12619,girl,1024,71,9
12620,girl,1131,6,2
12621,girl,1240,17,4
12622,girl,1317,15,2
12623,girl,1347,21,3
12624,girl,1354,15,3
12625,girl,1374,38,8
12626,girl,1396,3,1
12627,girl,1427,42,3
12628,girl,1467,7,1
12629,girl,1481,5,2
12630,girl,1481,11,2
12631,girl,1484,14,3
12632,girl,1500,10,1
12633,girl,1514,1,1
12634,girl,1611,1,1
12635,girl,1647,14,7
12636,girls,635,11,1
12637,girls,664,4,0
12638,girls,1381,5,0
12639,girls,1413,49,8
12640,girls,1460,11,2
12641,girls,1535,30,5
12642,give,71,8,1
12643,give,542,45,9
12644,give,725,11,3
12645,give,827,111,15
12646,give,911,13,0
12647,give,1032,27,4
12648,give,1087,33,7
12649,give,1524,2,0
12650,give,1583,5,0
12651,give,1706,10,2
12652,give,1783,23,2
12653,given,645,16,1
12654,given,1815,48,14
12655,gives,1468,30,5
12656,gj,365,32,8
12657,glad,1579,4,0
12658,gladly,513,3,1
12659,glance,527,13,3
12660,glance,575,27,6
12661,glance,773,1,0
12662,glance,834,6,1
12663,glance,1375,17,3
12664,glance,1463,4,1
12665,glance,1471,9,0
12666,glance,1534,11,1
12667,glanced,221,2,0
12668,glances,1581,13,4
12669,glancing,1172,8,0
12670,glancing,1240,23,6
12671,glare,571,12,5
12672,glared,1701,11,2
12673,glass,495,8,2
12674,glass,672,28,8
12675,glass,674,20,4
12676,glass,888,45,9
12677,glass,1837,12,2
12678,glasses,1105,29,4
12679,glasses,1105,46,9
12680,gleamed,562,8,2
12681,glee,1524,39,8
12682,glemarec,836,0,0
12683,gless,1614,54,10
12684,glided,1599,10,4
12685,glimpse,37,6,1
12686,glimpse,1280,26,7
12687,glistened,152,3,1
12688,glistening,415,8,1
12689,glittering,420,8,1
12690,globe,1454,3,1
12691,gloomily,1665,50,9
12692,gloved,166,9,2
12693,gloved,773,4,0
12694,gloved,1405,22,4
12695,gloves,624,16,5
12696,gloves,1697,33,7
12697,glow,744,8,2
12698,glow,790,9,3
12699,glow,1774,34,8
12700,glowed,578,31,4
12701,gly,388,2,1
12702,gly,414,24,6
12703,gly,978,20,6
12704,gnashed,1744,2,0
12705,go,234,11,2
12706,go,252,35,5
12707,go,697,33,3
12708,go,821,64,15
12709,go,1124,36,8
12710,go,1128,15,2
12711,go,1238,2,0
12712,go,1238,5,0
12713,go,1253,28,7
12714,go,1347,16,2
12715,go,1353,4,0
12716,go,1379,7,2
12717,go,1791,5,2
12718,god,443,0,0
12719,god,476,34,7
12720,god,525,69,12
12721,god,573,23,5
12722,god,1405,30,6
12723,goes,662,11,2
12724,goes,1008,24,5
12725,goes,1563,13,0
12726,goggle,1081,7,0
12727,goin,1564,1,0
12728,going,161,10,0
12729,going,235,18,2
12730,going,659,13,2
12731,going,1159,23,4
12732,going,1349,2,0
12733,going,1440,0,0
12734,going,1441,33,4
12735,going,1444,22,2
12736,gold,148,20,4
12737,gold,192,17,1
12738,gold,203,16,6
12739,gold,221,18,4
12740,gold,369,4,0
12741,gold,370,12,0
12742,gold,491,2,0
12743,gold,495,10,2
12744,gold,888,59,9
12745,gold,894,28,4
12746,gold,896,16,1
12747,gold,939,23,1
12748,gold,1025,91,11
12749,gold,1050,28,1
12750,gold,1694,25,1
12751,gold,1756,10,1
12752,gone,198,44,6
12753,gone,389,28,7
12754,gone,399,14,0
12755,gone,601,19,5
12756,gone,610,7,1
12757,gone,650,3,0
12758,gone,1205,5,0
12759,gone,1250,3,1
12760,gone,1256,23,5
12761,gone,1262,35,4
12762,gone,1344,1,0
12763,gong,1598,38,7
12764,good,219,3,0
12765,good,235,12,2
12766,good,388,8,1
12767,good,391,9,1
12768,good,410,10,2
12769,good,460,28,10
12770,good,483,1,0
12771,good,937,31,6
12772,good,946,4,1
12773,good,1024,64,8
12774,good,1044,3,0
12775,good,1069,10,2
12776,good,1291,20,2
12777,good,1374,8,2
12778,good,1443,48,7
12779,good,1445,3,0
12780,good,1475,7,0
12781,good,1476,20,0
12782,good,1546,5,0
12783,good,1752,12,3
12784,goods,1773,15,0
12785,gorgeous,1682,12,2
12786,gorging,1705,15,5
12787,gorse,762,5,1
12788,gorse,763,1,1
12789,gospel,96,6,2
12790,got,465,3,2
12791,got,1449,13,3
12792,got,1814,1,0
12793,government,15,1,0
12794,government,39,2,1
12795,government,50,31,8
12796,governor,43,83,27
12797,governor,256,3,2
12798,gown,825,4,0
12799,grabbed,644,1,0
12800,graceful,827,19,4
12801,graces,289,7,0
12802,gradually,472,15,4
12803,gradually,1571,7,1
12804,graduates,626,83,23
12805,gramme,15,10,3
12806,grass,848,20,7
12807,grass,874,5,1
12808,grass,1334,19,6
12809,grass,1540,9,4
12810,grateful,1784,14,2
12811,gratefully,1304,4,2
12812,grave,481,36,6
12813,grave,577,20,4
12814,grave,677,10,0
12815,grave,931,21,3
12816,grave,1797,3,0
12817,gravel,154,5,2
12818,gravel,1290,9,3
12819,gravel,1371,15,1
12820,gravel,1462,3,1
12821,gravely,344,6,0
12822,gravely,1096,11,1
12823,gravely,1371,3,0
12824,gravely,1776,13,2
12825,gravity,1814,25,4
12826,gray,870,1,1
12827,gray,878,17,4
12828,great,11,3,1
12829,great,246,1,1
12830,great,357,13,4
12831,great,503,10,2
12832,great,539,12,3
12833,great,759,20,3
12834,great,828,1,0
12835,great,878,18,4
12836,great,1103,9,2
12837,great,1359,7,3
12838,great,1426,4,1
12839,great,1448,2,1
12840,great,1506,5,1
12841,great,1780,2,1
12842,greatly,1490,46,5
12843,greave,59,1,1
12844,greave,61,14,4
12845,greave,70,10,3
12846,green,326,12,2
12847,green,535,41,11
12848,green,573,71,12
12849,green,587,3,0
12850,green,1364,9,2
12851,greeting,370,32,5
12852,gress,28,22,8
12853,grew,166,3,1
12854,grew,1830,13,3
12855,grief,526,31,4
12856,grief;,1045,6,0
12857,griffins,1644,14,3
12858,grille,1103,8,2
12859,grille,1257,15,6
12860,grimace,1142,23,6
12861,grime,926,2,1
12862,grin,1526,8,0
12863,grinned,902,7,0
12864,grinned,1433,4,0
12865,groan,1046,8,1
12866,groaned,323,9,1
12867,groaned,1261,1,0
12868,groans,242,15,3
12869,groping,142,0,0
12870,groping,1091,5,0
12871,group,156,6,2
12872,group,351,15,5
12873,group,1795,2,1
12874,groups,575,15,4
12875,grove,481,22,5
12876,grove,1530,6,2
12877,grow,1068,8,0
12878,growing,412,2,0
12879,growled,586,4,0
12880,growled,1335,8,0
12881,growled,1549,29,6
12882,growling,980,17,7
12883,grown,1125,25,2
12884,grub,577,33,6
12885,gs,1289,4,2
12886,gs,1296,4,3
12887,gs,1304,3,2
12888,gs,1304,26,9
12889,gs,1409,9,4
12890,gs,1469,8,1
12891,gs,1517,3,1
12892,gs,1522,5,1
12893,gs,1549,22,5
12894,gs,1582,10,2
12895,gton,149,10,3
12896,gton,703,8,3
12897,guantlet,825,6,0
12898,guard,1057,25,3
12899,guard,1138,26,3
12900,guard,1599,1,1
12901,guernalec,1094,7,1
12902,guernalec,1105,26,4
12903,guernalecs,1052,4,2
12904,guide,779,13,2
12905,guise,824,9,1
12906,gull,1538,4,2
12907,gulls,764,17,2
12908,gun,202,17,6
12909,gun,761,5,1
12910,guns,1082,24,11
12911,gusted,698,11,3
12912,gut,171,2,0
12913,gutter,1019,19,7
12914,gutter,1036,18,5
12915,gutter,1087,20,6
12916,gutters,1314,5,2
12917,ha,1270,16,3
12918,habited,124,27,5
12919,had,15,6,2
12920,had,17,4,1
12921,had,23,1,0
12922,had,23,7,0
12923,had,29,18,6
12924,had,30,3,1
12925,had,31,6,0
12926,had,34,4,2
12927,had,35,15,2
12928,had,37,2,0
12929,had,39,7,2
12930,had,41,20,4
12931,had,42,26,6
12932,had,57,1,0
12933,had,59,2,1
12934,had,61,15,4
12935,had,64,19,2
12936,had,81,15,2
12937,had,127,7,2
12938,had,162,6,0
12939,had,198,43,6
12940,had,202,67,18
12941,had,205,2,0
12942,had,242,5,2
12943,had,245,1,0
12944,had,246,35,10
12945,had,248,5,0
12946,had,263,14,3
12947,had,269,4,2
12948,had,282,18,4
12949,had,336,8,1
12950,had,355,9,2
12951,had,367,12,3
12952,had,370,13,0
12953,had,373,1,0
12954,had,386,15,0
12955,had,411,2,1
12956,had,426,3,0
12957,had,446,8,2
12958,had,495,42,10
12959,had,502,19,4
12960,had,514,21,4
12961,had,514,29,4
12962,had,525,29,5
12963,had,526,16,1
12964,had,528,34,8
12965,had,529,107,29
12966,had,533,11,2
12967,had,559,1,0
12968,had,567,19,3
12969,had,568,3,0
12970,had,572,21,5
12971,had,578,30,4
12972,had,578,36,5
12973,had,589,6,2
12974,had,592,14,3
12975,had,595,0,0
12976,had,625,5,1
12977,had,626,35,8
12978,had,650,2,0
12979,had,661,1,0
12980,had,663,30,3
12981,had,669,17,1
12982,had,672,26,7
12983,had,687,17,5
12984,had,691,15,6
12985,had,691,23,6
12986,had,692,15,1
12987,had,693,2,0
12988,had,697,3,1
12989,had,699,0,0
12990,had,709,9,0
12991,had,718,5,0
12992,had,731,36,7
12993,had,734,1,0
12994,had,739,16,2
12995,had,741,1,0
12996,had,778,10,0
12997,had,799,1,0
12998,had,805,5,3
12999,had,818,11,3
13000,had,822,10,4
13001,had,822,14,6
13002,had,833,20,1
13003,had,837,10,1
13004,had,837,13,1
13005,had,844,12,2
13006,had,878,8,1
13007,had,926,6,1
13008,had,927,1,0
13009,had,927,13,2
13010,had,937,10,1
13011,had,949,30,6
13012,had,964,1,0
13013,had,978,14,4
13014,had,1003,2,0
13015,had,1033,31,6
13016,had,1036,4,0
13017,had,1037,2,1
13018,had,1057,19,2
13019,had,1104,15,2
13020,had,1105,9,3
13021,had,1105,41,8
13022,had,1109,3,0
13023,had,1131,1,0
13024,had,1201,1,0
13025,had,1203,1,0
13026,had,1235,11,1
13027,had,1357,7,0
13028,had,1394,6,0
13029,had,1424,8,1
13030,had,1457,7,4
13031,had,1568,1,0
13032,had,1597,5,0
13033,had,1659,8,3
13034,had,1668,5,0
13035,had,1670,1,1
13036,had,1726,4,2
13037,had,1760,1,0
13038,had,1804,5,0
13039,had,1804,19,1
13040,had,1828,28,7
13041,had,1832,33,8
13042,haeow,158,14,2
13043,hagard,816,51,8
13044,hail,1597,32,4
13045,hair,655,8,0
13046,hair,937,25,5
13047,hair,939,20,1
13048,hair,971,17,5
13049,hair,1206,20,4
13050,hair,1354,29,3
13051,hair,1488,9,2
13052,hair,1551,3,0
13053,hair,1600,4,2
13054,haired,1593,2,1
13055,haled,1737,17,4
13056,half,81,8,2
13057,half,263,15,3
13058,half,282,2,1
13059,half,351,16,5
13060,half,503,32,3
13061,half,550,7,4
13062,half,567,0,0
13063,half,573,67,12
13064,half,573,69,12
13065,half,658,16,5
13066,half,1040,29,4
13067,half,1205,3,0
13068,half,1614,15,5
13069,half,1632,11,3
13070,halfway,554,15,3
13071,hali,267,2,1
13072,hall,51,45,15
13073,hall,279,5,2
13074,hall,498,9,2
13075,hall,1117,11,6
13076,hall,1421,18,5
13077,hall,1483,40,10
13078,halo,203,20,7
13079,halt,750,34,3
13080,halted,1210,4,0
13081,hamilton,43,87,27
13082,hamilton,98,0,0
13083,hamilton,704,3,0
13084,hammer,54,26,3
13085,hammering,319,9,0
13086,hammers,547,2,0
13087,hand,75,8,0
13088,hand,253,14,5
13089,hand,371,14,1
13090,hand,415,3,1
13091,hand,546,4,2
13092,hand,624,19,5
13093,hand,773,5,0
13094,hand,806,18,3
13095,hand,918,8,0
13096,hand,1015,9,4
13097,hand,1535,37,6
13098,hand,1799,20,3
13099,handkerchief,471,12,4
13100,handkerchief,1684,9,2
13101,hands,462,5,0
13102,hands,490,23,7
13103,hands,651,6,2
13104,hands,748,16,3
13105,hands,811,7,2
13106,hands,956,16,4
13107,hands,1081,14,0
13108,hands,1092,18,0
13109,hands,1123,16,3
13110,hands,1358,12,2
13111,hands,1795,15,3
13112,handshake,1292,50,10
13113,hanging,1815,31,12
13114,hangings,968,2,1
13115,happiest,234,6,1
13116,happily,230,10,1
13117,happy,1050,25,1
13118,happy,1104,19,3
13119,happy,1543,14,1
13120,happy,1577,5,2
13121,happy,1764,1,0
13122,happy*,847,7,0
13123,harbor,529,13,5
13124,hard,69,9,1
13125,hard,365,3,0
13126,hard,383,19,5
13127,hard,547,12,0
13128,hard,1783,3,0
13129,hardly,148,14,4
13130,hardly,207,7,1
13131,hardly,812,3,0
13132,hardly,1267,6,1
13133,hare,769,12,3
13134,hare,801,6,2
13135,harlem,701,38,4
13136,harm,523,5,0
13137,harmonizing,931,70,12
13138,harmony,508,19,4
13139,harpy,529,75,20
13140,harsh,503,16,2
13141,harsh,928,13,4
13142,harshly,1037,12,5
13143,hart,1034,8,0
13144,hartman,1032,42,6
13145,hartman,1036,3,0
13146,hartman,1038,16,4
13147,hartman,1073,9,0
13148,has,255,19,5
13149,has,258,7,0
13150,has,856,2,1
13151,has,991,23,3
13152,has,1059,4,1
13153,has,1119,24,2
13154,has,1125,24,2
13155,has,1126,64,4
13156,has,1231,16,5
13157,has,1291,4,0
13158,has,1419,1,0
13159,has,1766,13,2
13160,hast,1469,6,0
13161,haste,1126,40,2
13162,hastened,1660,7,4
13163,hastily,651,10,3
13164,hastily,948,8,3
13165,hastily,1138,17,3
13166,hastings,1273,1,1
13167,hastings,1277,5,2
13168,hastings,1280,0,0
13169,hastings,1280,24,7
13170,hastings,1286,29,2
13171,hastings,1292,32,4
13172,hastings,1292,64,13
13173,hastings,1293,6,0
13174,hastings,1304,40,11
13175,hastings,1308,0,0
13176,hastings,1312,12,4
13177,hastings,1316,0,0
13178,hastings,1319,6,0
13179,hastings,1321,0,0
13180,hastings,1322,7,0
13181,hastings,1327,9,2
13182,hastings,1341,4,1
13183,hastings,1349,16,2
13184,hastings,1350,1,0
13185,hastings,1354,22,3
13186,hastings,1359,1,0
13187,hastings,1371,16,1
13188,hastings,1372,18,2
13189,hastings,1373,19,1
13190,hastings,1374,16,5
13191,hastings,1374,27,5
13192,hastings,1375,31,5
13193,hastings,1405,27,4
13194,hastings,1420,1,0
13195,hastings,1420,12,0
13196,hastings,1424,1,0
13197,hastings,1424,32,6
13198,hastings,1427,16,3
13199,hastings,1452,0,0
13200,hastings,1452,2,0
13201,hastings,1452,37,10
13202,hastings,1458,0,0
13203,hastings,1462,4,1
13204,hastings,1464,14,2
13205,hastings,1468,22,5
13206,hastings,1506,11,2
13207,hastings,1509,30,1
13208,hastings,1524,59,16
13209,hastings,1529,14,4
13210,hastings,1535,56,12
13211,hastings,1540,12,5
13212,hastings,1542,13,1
13213,hastings,1544,16,3
13214,hastings,1549,1,0
13215,hastings,1552,1,0
13216,hastings,1555,6,1
13217,hastings,1555,24,7
13218,hastings,1558,1,0
13219,hastings,1562,6,1
13220,hastings,1566,0,0
13221,hastings,1569,8,2
13222,hastings,1570,5,1
13223,hastings,1570,8,2
13224,hastings,1574,55,18
13225,hastur,118,18,5
13226,hastur,322,5,2
13227,hastur,429,4,1
13228,hastur,801,22,3
13229,hastur,816,45,8
13230,hastur,836,10,2
13231,hasty,1117,3,2
13232,hat,141,4,1
13233,hat,635,26,6
13234,hat,1175,7,3
13235,hat,1231,21,7
13236,hat,1347,29,5
13237,hat,1446,35,6
13238,hat,1535,58,12
13239,hat,1602,10,3
13240,hat,1636,6,1
13241,hat,1827,1,0
13242,hat,1837,4,1
13243,hatred,526,9,1
13244,hatred,538,15,4
13245,hats,1460,13,2
13246,haunt,1033,42,7
13247,have,58,18,2
13248,have,107,6,0
13249,have,127,25,5
13250,have,195,3,0
13251,have,303,20,4
13252,have,327,30,2
13253,have,328,11,1
13254,have,346,13,1
13255,have,385,5,2
13256,have,404,18,2
13257,have,432,6,1
13258,have,434,35,8
13259,have,465,25,7
13260,have,474,4,1
13261,have,478,3,0
13262,have,493,6,1
13263,have,504,9,3
13264,have,508,11,2
13265,have,525,63,11
13266,have,528,3,1
13267,have,587,49,5
13268,have,596,2,0
13269,have,612,1,0
13270,have,680,8,2
13271,have,697,11,1
13272,have,699,8,1
13273,have,701,7,0
13274,have,709,19,0
13275,have,731,49,8
13276,have,758,3,0
13277,have,788,5,0
13278,have,796,4,1
13279,have,806,22,4
13280,have,894,9,1
13281,have,895,6,1
13282,have,919,20,2
13283,have,944,6,0
13284,have,1042,46,4
13285,have,1042,59,6
13286,have,1063,1,0
13287,have,1071,13,0
13288,have,1102,3,0
13289,have,1125,1,0
13290,have,1125,12,0
13291,have,1171,2,0
13292,have,1284,2,1
13293,have,1286,1,0
13294,have,1291,13,1
13295,have,1396,10,1
13296,have,1452,26,7
13297,have,1535,3,0
13298,have,1582,13,2
13299,have,1614,42,7
13300,have,1618,1,0
13301,have,1628,29,5
13302,have,1633,19,4
13303,have,1651,6,0
13304,have,1665,28,5
13305,have,1665,61,11
13306,have,1670,6,2
13307,have,1740,20,5
13308,have,1752,3,0
13309,have,1769,7,1
13310,have,1783,21,2
13311,have,1797,10,2
13312,haven,217,26,3
13313,haven,380,7,0
13314,having,299,2,0
13315,having,353,3,1
13316,having,529,116,31
13317,haw,202,5,0
13318,hawberk,51,39,13
13319,hawberk,56,8,2
13320,hawberk,58,82,16
13321,hawberk,72,1,0
13322,hawberk,73,35,9
13323,hawberk,75,21,1
13324,hawberk,166,17,3
13325,hawberk,174,4,1
13326,hawberk,179,6,0
13327,hawberk,182,8,0
13328,hawberk,231,2,0
13329,hawberk,318,21,7
13330,hawk,806,3,0
13331,hawk,819,16,2
13332,hawk,824,21,4
13333,hawk,1537,18,4
13334,hawks,825,12,1
13335,hawks,847,9,0
13336,haze,790,15,5
13337,haze,1454,25,9
13338,hdtel,1697,6,1
13339,he,31,27,4
13340,he,32,12,2
13341,he,33,20,1
13342,he,47,1,0
13343,he,52,0,0
13344,he,54,23,3
13345,he,57,0,0
13346,he,59,4,1
13347,he,60,0,0
13348,he,70,17,3
13349,he,73,38,10
13350,he,74,3,0
13351,he,76,4,0
13352,he,81,1,0
13353,he,82,2,0
13354,he,83,8,2
13355,he,83,15,4
13356,he,84,0,0
13357,he,85,15,0
13358,he,87,0,0
13359,he,95,1,0
13360,he,96,14,4
13361,he,106,7,1
13362,he,113,1,0
13363,he,113,4,0
13364,he,115,3,1
13365,he,116,12,4
13366,he,117,0,0
13367,he,120,35,3
13368,he,123,13,4
13369,he,127,20,4
13370,he,134,19,4
13371,he,141,1,0
13372,he,155,0,0
13373,he,155,9,2
13374,he,158,5,1
13375,he,159,25,2
13376,he,159,35,2
13377,he,159,45,4
13378,he,159,48,4
13379,he,161,9,0
13380,he,185,1,0
13381,he,185,4,0
13382,he,187,1,0
13383,he,188,0,0
13384,he,190,0,0
13385,he,195,5,0
13386,he,199,2,0
13387,he,199,13,0
13388,he,205,10,3
13389,he,205,14,3
13390,he,210,2,0
13391,he,214,0,0
13392,he,216,0,0
13393,he,216,7,2
13394,he,217,0,0
13395,he,220,2,0
13396,he,221,1,0
13397,he,221,11,2
13398,he,222,2,0
13399,he,222,7,0
13400,he,226,14,0
13401,he,230,7,1
13402,he,235,7,1
13403,he,235,15,2
13404,he,235,27,4
13405,he,236,5,0
13406,he,236,32,2
13407,he,237,5,0
13408,he,239,11,1
13409,he,245,0,0
13410,he,246,27,7
13411,he,258,2,0
13412,he,262,6,1
13413,he,266,0,0
13414,he,267,0,0
13415,he,268,30,7
13416,he,274,1,0
13417,he,275,6,3
13418,he,283,0,0
13419,he,289,4,0
13420,he,289,34,9
13421,he,292,1,0
13422,he,294,0,0
13423,he,294,12,3
13424,he,294,29,7
13425,he,296,4,0
13426,he,297,5,0
13427,he,298,38,4
13428,he,312,1,0
13429,he,319,0,0
13430,he,319,6,0
13431,he,326,7,2
13432,he,331,0,0
13433,he,334,15,5
13434,he,336,1,0
13435,he,342,3,0
13436,he,346,1,0
13437,he,346,10,1
13438,he,361,21,4
13439,he,367,24,8
13440,he,369,14,0
13441,he,386,14,0
13442,he,386,32,3
13443,he,389,0,0
13444,he,408,11,0
13445,he,408,26,1
13446,he,415,13,1
13447,he,417,18,5
13448,he,421,0,0
13449,he,433,10,3
13450,he,434,43,9
13451,he,439,15,1
13452,he,441,0,0
13453,he,447,0,0
13454,he,460,0,0
13455,he,461,0,0
13456,he,462,6,0
13457,he,463,6,0
13458,he,465,5,2
13459,he,468,0,0
13460,he,476,13,5
13461,he,482,6,2
13462,he,485,2,0
13463,he,494,4,0
13464,he,494,11,1
13465,he,494,13,1
13466,he,519,0,0
13467,he,525,6,1
13468,he,526,13,1
13469,he,528,33,8
13470,he,533,0,0
13471,he,538,0,0
13472,he,540,16,6
13473,he,540,23,6
13474,he,540,39,10
13475,he,541,0,0
13476,he,555,0,0
13477,he,555,1,0
13478,he,555,5,0
13479,he,558,9,0
13480,he,577,4,2
13481,he,609,9,3
13482,he,625,0,0
13483,he,627,9,2
13484,he,646,6,0
13485,he,648,8,3
13486,he,657,9,0
13487,he,730,0,0
13488,he,755,0,0
13489,he,816,7,3
13490,he,887,57,7
13491,he,904,6,0
13492,he,905,21,0
13493,he,907,6,0
13494,he,908,9,0
13495,he,910,5,1
13496,he,915,0,0
13497,he,917,13,3
13498,he,919,9,1
13499,he,922,0,0
13500,he,928,14,4
13501,he,930,0,0
13502,he,936,1,1
13503,he,939,16,1
13504,he,947,9,3
13505,he,949,11,2
13506,he,949,23,5
13507,he,949,29,6
13508,he,949,42,10
13509,he,953,0,0
13510,he,954,0,0
13511,he,956,7,1
13512,he,959,4,0
13513,he,962,1,0
13514,he,963,12,2
13515,he,963,15,2
13516,he,964,7,1
13517,he,966,7,2
13518,he,969,16,6
13519,he,969,21,7
13520,he,975,0,0
13521,he,987,1,0
13522,he,995,1,0
13523,he,997,1,0
13524,he,1000,1,0
13525,he,1002,13,0
13526,he,1003,24,3
13527,he,1008,26,5
13528,he,1013,8,3
13529,he,1017,15,3
13530,he,1019,36,8
13531,he,1022,13,2
13532,he,1025,87,10
13533,he,1031,11,4
13534,he,1032,7,1
13535,he,1032,39,6
13536,he,1034,23,4
13537,he,1038,27,4
13538,he,1047,36,4
13539,he,1048,6,0
13540,he,1050,27,1
13541,he,1054,7,3
13542,he,1054,9,3
13543,he,1055,24,9
13544,he,1059,12,2
13545,he,1068,2,0
13546,he,1074,2,0
13547,he,1078,0,0
13548,he,1078,2,0
13549,he,1085,5,0
13550,he,1086,3,1
13551,he,1087,4,3
13552,he,1091,7,0
13553,he,1091,44,9
13554,he,1105,3,2
13555,he,1105,8,3
13556,he,1106,4,0
13557,he,1107,12,3
13558,he,1117,7,4
13559,he,1121,0,0
13560,he,1122,1,0
13561,he,1124,6,4
13562,he,1126,5,1
13563,he,1126,20,1
13564,he,1126,27,1
13565,he,1127,0,0
13566,he,1127,55,12
13567,he,1128,16,2
13568,he,1129,2,0
13569,he,1129,8,0
13570,he,1129,16,1
13571,he,1130,0,0
13572,he,1131,9,2
13573,he,1131,15,2
13574,he,1141,22,2
13575,he,1141,37,5
13576,he,1142,8,2
13577,he,1143,18,3
13578,he,1144,5,1
13579,he,1145,0,0
13580,he,1149,0,0
13581,he,1158,4,1
13582,he,1165,12,2
13583,he,1166,4,0
13584,he,1168,1,0
13585,he,1169,2,0
13586,he,1178,7,2
13587,he,1179,11,1
13588,he,1185,23,4
13589,he,1193,9,4
13590,he,1197,6,1
13591,he,1198,6,0
13592,he,1200,4,0
13593,he,1201,0,0
13594,he,1202,0,0
13595,he,1203,0,0
13596,he,1204,0,0
13597,he,1205,1,0
13598,he,1211,4,1
13599,he,1212,2,1
13600,he,1216,0,0
13601,he,1217,0,0
13602,he,1218,0,0
13603,he,1220,4,0
13604,he,1223,12,3
13605,he,1224,0,0
13606,he,1226,8,2
13607,he,1255,2,0
13608,he,1256,21,5
13609,he,1262,8,3
13610,he,1262,11,3
13611,he,1262,34,4
13612,he,1263,19,6
13613,he,1267,0,0
13614,he,1270,0,0
13615,he,1276,4,1
13616,he,1288,2,0
13617,he,1291,0,0
13618,he,1291,21,2
13619,he,1292,24,3
13620,he,1292,41,7
13621,he,1293,17,1
13622,he,1294,0,0
13623,he,1295,0,0
13624,he,1299,0,0
13625,he,1299,18,4
13626,he,1303,23,1
13627,he,1317,0,0
13628,he,1322,0,0
13629,he,1328,0,0
13630,he,1330,0,0
13631,he,1331,0,0
13632,he,1335,0,0
13633,he,1338,0,0
13634,he,1341,3,1
13635,he,1344,0,0
13636,he,1344,2,0
13637,he,1344,7,1
13638,he,1352,3,0
13639,he,1354,12,1
13640,he,1355,6,0
13641,he,1356,5,0
13642,he,1360,4,0
13643,he,1364,1,0
13644,he,1374,39,8
13645,he,1377,19,3
13646,he,1381,0,0
13647,he,1383,1,0
13648,he,1385,2,0
13649,he,1394,4,0
13650,he,1396,7,1
13651,he,1398,1,0
13652,he,1404,21,4
13653,he,1408,13,2
13654,he,1410,0,0
13655,he,1411,0,0
13656,he,1413,51,8
13657,he,1418,8,0
13658,he,1424,7,1
13659,he,1428,6,0
13660,he,1428,8,0
13661,he,1429,0,0
13662,he,1429,13,1
13663,he,1429,28,5
13664,he,1430,20,4
13665,he,1432,13,2
13666,he,1434,4,0
13667,he,1436,35,5
13668,he,1436,57,8
13669,he,1439,16,3
13670,he,1439,29,5
13671,he,1442,9,2
13672,he,1446,8,2
13673,he,1449,0,0
13674,he,1449,22,4
13675,he,1452,8,1
13676,he,1452,14,2
13677,he,1453,6,1
13678,he,1453,9,2
13679,he,1468,15,5
13680,he,1469,11,1
13681,he,1478,0,0
13682,he,1479,3,1
13683,he,1483,11,3
13684,he,1484,8,0
13685,he,1486,0,0
13686,he,1490,13,0
13687,he,1490,44,5
13688,he,1495,5,0
13689,he,1496,26,1
13690,he,1505,12,0
13691,he,1505,13,0
13692,he,1509,16,1
13693,he,1509,20,1
13694,he,1510,1,0
13695,he,1510,7,1
13696,he,1510,28,6
13697,he,1512,0,0
13698,he,1513,6,0
13699,he,1520,1,0
13700,he,1530,20,5
13701,he,1535,14,2
13702,he,1541,9,0
13703,he,1545,1,0
13704,he,1545,30,4
13705,he,1547,3,1
13706,he,1548,20,6
13707,he,1548,29,8
13708,he,1548,54,12
13709,he,1549,11,1
13710,he,1550,0,0
13711,he,1551,1,0
13712,he,1553,0,0
13713,he,1555,1,0
13714,he,1555,10,2
13715,he,1555,17,3
13716,he,1565,1,0
13717,he,1566,1,0
13718,he,1567,18,4
13719,he,1567,20,4
13720,he,1568,0,0
13721,he,1569,0,0
13722,he,1571,2,1
13723,he,1585,5,0
13724,he,1590,1,0
13725,he,1596,4,0
13726,he,1597,12,1
13727,he,1606,0,0
13728,he,1607,7,1
13729,he,1614,8,3
13730,he,1614,62,11
13731,he,1616,9,1
13732,he,1618,11,1
13733,he,1620,1,0
13734,he,1632,7,2
13735,he,1633,17,4
13736,he,1637,29,2
13737,he,1641,0,0
13738,he,1643,0,0
13739,he,1648,0,0
13740,he,1652,1,0
13741,he,1658,0,0
13742,he,1658,8,2
13743,he,1659,7,3
13744,he,1665,48,9
13745,he,1668,7,0
13746,he,1677,3,1
13747,he,1677,5,1
13748,he,1677,7,1
13749,he,1685,0,0
13750,he,1697,21,4
13751,he,1708,0,0
13752,he,1708,9,3
13753,he,1708,28,10
13754,he,1713,12,1
13755,he,1713,14,1
13756,he,1713,26,5
13757,he,1720,21,2
13758,he,1732,31,4
13759,he,1733,2,0
13760,he,1736,14,4
13761,he,1750,2,0
13762,he,1774,4,1
13763,he,1774,30,6
13764,he,1782,0,0
13765,he,1788,3,1
13766,he,1788,13,4
13767,he,1795,13,3
13768,he,1797,0,0
13769,he,1797,6,2
13770,he,1797,9,2
13771,he,1798,3,2
13772,he,1800,0,0
13773,he,1801,1,0
13774,he,1803,0,0
13775,he,1804,4,0
13776,he,1805,16,5
13777,he,1806,5,0
13778,he,1806,22,2
13779,he,1808,2,1
13780,he,1809,3,0
13781,he,1809,6,0
13782,he,1810,1,0
13783,he,1812,0,0
13784,he,1814,0,0
13785,he,1815,11,5
13786,he,1815,20,7
13787,he,1815,35,12
13788,he,1816,0,0
13789,he,1816,6,1
13790,he,1818,18,4
13791,he,1819,8,1
13792,he,1819,10,1
13793,he,1822,10,3
13794,he,1825,0,0
13795,he,1828,2,1
13796,he,1828,6,1
13797,he,1832,3,1
13798,he,1832,32,8
13799,he,1833,2,1
13800,he,1836,0,0
13801,he,1836,11,2
13802,he,1836,15,3
13803,he,1837,8,1
13804,he,1837,21,3
13805,head,32,8,1
13806,head,69,5,1
13807,head,155,12,2
13808,head,159,51,4
13809,head,203,23,7
13810,head,268,34,7
13811,head,269,11,3
13812,head,295,7,0
13813,head,321,9,2
13814,head,370,25,2
13815,head,423,29,5
13816,head,428,23,5
13817,head,489,6,1
13818,head,529,31,8
13819,head,680,34,6
13820,head,706,5,2
13821,head,764,16,2
13822,head,824,62,16
13823,head,866,11,6
13824,head,867,12,4
13825,head,875,17,0
13826,head,931,15,2
13827,head,938,7,1
13828,head,1141,15,1
13829,head,1178,19,5
13830,head,1185,13,2
13831,head,1193,24,6
13832,head,1197,5,1
13833,head,1220,1,0
13834,head,1221,7,2
13835,head,1337,24,8
13836,head,1351,10,3
13837,head,1429,44,8
13838,head,1466,10,2
13839,head,1524,7,2
13840,head,1561,16,2
13841,head,1575,4,1
13842,head,1616,12,1
13843,head,1753,2,0
13844,head,1757,4,1
13845,head,1797,16,3
13846,head,1804,30,2
13847,head,1814,24,4
13848,headed,168,11,0
13849,headed,1294,3,1
13850,headed,1302,8,2
13851,headquarters,1066,20,6
13852,heads,133,26,7
13853,heads,800,16,5
13854,heads,1231,28,8
13855,heal,440,9,2
13856,health,480,8,1
13857,health,688,15,1
13858,healthy,192,7,1
13859,healthy,220,14,0
13860,healthy,578,33,5
13861,healthy,1436,58,8
13862,heap,970,3,2
13863,heaps,985,17,6
13864,heaps,1818,17,4
13865,hear,55,3,1
13866,hear,672,4,0
13867,hear,697,16,1
13868,hear,805,15,5
13869,heard,202,45,13
13870,heard,202,56,15
13871,heard,211,9,0
13872,heard,240,6,0
13873,heard,365,13,2
13874,heard,396,10,2
13875,heard,450,1,0
13876,heard,595,8,1
13877,heard,746,30,10
13878,heard,747,15,3
13879,heard,763,24,5
13880,heard,778,35,4
13881,heard,887,53,7
13882,heard,1047,19,2
13883,heard,1057,15,1
13884,heard,1205,2,0
13885,heard,1206,1,0
13886,heard,1355,1,0
13887,heard,1424,9,1
13888,heard,1611,30,5
13889,heard,1794,4,1
13890,hearing,425,21,4
13891,hearing,596,10,0
13892,hears,626,74,19
13893,hearse,599,18,2
13894,hearse,601,14,4
13895,hearse,609,10,3
13896,hearse,613,5,1
13897,hearse,617,4,0
13898,hearse,728,38,5
13899,hearse,746,43,12
13900,hearses,614,15,2
13901,heart,118,10,2
13902,heart,204,43,13
13903,heart,337,36,9
13904,heart,426,25,5
13905,heart,452,6,1
13906,heart,662,23,4
13907,heart,816,28,6
13908,heart,906,6,0
13909,heart,907,29,4
13910,heart,1143,20,3
13911,heart,1321,33,9
13912,heart,1545,40,4
13913,heart,1555,25,7
13914,heart,1571,16,3
13915,heart,1614,65,11
13916,heart,1632,6,2
13917,heart,1665,64,11
13918,heart,1713,38,8
13919,heart,1740,24,5
13920,heart,1748,7,1
13921,heart,1769,10,2
13922,heart,1783,28,2
13923,heart,1826,14,3
13924,heartily,33,21,1
13925,heartily,159,69,5
13926,heartily,433,11,3
13927,hearts,894,2,0
13928,hearts,1029,6,0
13929,hearty,1524,14,3
13930,heather,821,35,8
13931,heaven,701,41,4
13932,heaven,1024,74,9
13933,heaven,1407,16,1
13934,heaven,1556,1,0
13935,heavenly,499,9,4
13936,heavily,414,17,4
13937,heavily,763,40,8
13938,heavily,1193,20,6
13939,heavy,203,15,6
13940,heavy,971,18,5
13941,heavy,1061,5,3
13942,heavy,1156,4,1
13943,heed,205,23,4
13944,heel,1091,4,0
13945,heels,157,5,1
13946,heels,1177,15,5
13947,heels,1186,13,4
13948,held,371,11,1
13949,held,423,6,2
13950,held,481,3,0
13951,held,892,2,0
13952,held,956,11,2
13953,held,1155,34,5
13954,held,1633,4,1
13955,held,1694,6,1
13956,held,1806,6,0
13957,hell,1032,11,1
13958,hell,1436,66,9
13959,hellish,455,4,0
13960,hello,1429,38,6
13961,helmet,1205,11,2
13962,helmets,490,1,1
13963,help,251,11,1
13964,help,421,3,1
13965,help,673,31,6
13966,help,748,45,7
13967,help,748,51,8
13968,help,901,7,0
13969,help,931,82,14
13970,help,1138,23,3
13971,help,1235,1,0
13972,helped,588,1,0
13973,helpless,737,3,1
13974,helyett,1439,21,5
13975,hemispheres,322,19,5
13976,hen,1227,0,0
13977,her,53,14,2
13978,her,75,18,1
13979,her,78,0,0
13980,her,85,6,0
13981,her,85,30,2
13982,her,115,14,3
13983,her,244,18,5
13984,her,246,23,6
13985,her,325,16,5
13986,her,359,12,3
13987,her,361,8,2
13988,her,371,13,1
13989,her,375,1,0
13990,her,378,17,4
13991,her,399,7,0
13992,her,405,16,5
13993,her,411,8,2
13994,her,419,3,1
13995,her,422,5,1
13996,her,422,15,1
13997,her,422,25,1
13998,her,452,2,0
13999,her,465,16,6
14000,her,465,28,7
14001,her,488,11,1
14002,her,490,14,4
14003,her,491,7,0
14004,her,491,34,4
14005,her,491,37,5
14006,her,493,1,0
14007,her,495,30,6
14008,her,495,35,8
14009,her,496,2,0
14010,her,529,62,17
14011,her,614,6,2
14012,her,624,2,0
14013,her,624,12,5
14014,her,624,15,5
14015,her,662,18,3
14016,her,663,20,2
14017,her,670,2,0
14018,her,670,9,1
14019,her,670,17,1
14020,her,680,33,6
14021,her,682,1,0
14022,her,683,1,0
14023,her,688,2,0
14024,her,688,12,1
14025,her,693,30,10
14026,her,697,8,1
14027,her,697,31,3
14028,her,701,10,0
14029,her,717,0,0
14030,her,720,21,1
14031,her,720,26,1
14032,her,720,31,2
14033,her,720,49,8
14034,her,741,6,0
14035,her,741,14,2
14036,her,741,15,2
14037,her,743,1,0
14038,her,748,25,5
14039,her,748,30,6
14040,her,773,3,0
14041,her,774,16,3
14042,her,778,21,2
14043,her,778,26,2
14044,her,786,5,1
14045,her,787,3,1
14046,her,789,4,0
14047,her,793,8,0
14048,her,796,10,2
14049,her,797,0,0
14050,her,824,58,15
14051,her,825,0,0
14052,her,826,15,5
14053,her,827,123,18
14054,her,830,5,1
14055,her,834,3,1
14056,her,835,16,2
14057,her,836,14,2
14058,her,840,0,0
14059,her,840,1,0
14060,her,844,14,2
14061,her,846,56,11
14062,her,850,17,5
14063,her,854,13,3
14064,her,854,18,4
14065,her,875,6,0
14066,her,875,10,0
14067,her,887,46,4
14068,her,887,62,7
14069,her,892,3,0
14070,her,905,6,0
14071,her,907,19,4
14072,her,916,4,1
14073,her,917,12,3
14074,her,919,14,2
14075,her,922,1,0
14076,her,923,10,4
14077,her,925,4,1
14078,her,927,0,0
14079,her,928,5,1
14080,her,930,3,1
14081,her,931,14,2
14082,her,931,61,10
14083,her,931,72,13
14084,her,935,4,1
14085,her,937,18,3
14086,her,937,24,5
14087,her,939,8,1
14088,her,940,4,0
14089,her,941,1,1
14090,her,943,5,1
14091,her,947,31,12
14092,her,948,18,5
14093,her,973,2,0
14094,her,974,13,2
14095,her,977,13,4
14096,her,978,5,1
14097,her,979,5,2
14098,her,979,12,3
14099,her,979,13,3
14100,her,990,44,11
14101,her,990,53,12
14102,her,991,20,3
14103,her,995,2,0
14104,her,996,0,0
14105,her,1002,22,1
14106,her,1069,2,0
14107,her,1092,33,1
14108,her,1104,9,2
14109,her,1104,18,3
14110,her,1106,74,14
14111,her,1115,17,4
14112,her,1119,15,0
14113,her,1119,17,0
14114,her,1122,3,0
14115,her,1122,6,1
14116,her,1123,3,2
14117,her,1129,10,0
14118,her,1129,12,0
14119,her,1129,15,1
14120,her,1129,18,1
14121,her,1130,3,0
14122,her,1131,19,2
14123,her,1143,14,3
14124,her,1155,28,5
14125,her,1164,1,0
14126,her,1164,5,1
14127,her,1250,17,2
14128,her,1299,12,2
14129,her,1300,0,0
14130,her,1301,3,1
14131,her,1301,10,2
14132,her,1328,3,0
14133,her,1359,3,1
14134,her,1359,11,4
14135,her,1364,14,2
14136,her,1375,33,5
14137,her,1377,2,1
14138,her,1377,28,3
14139,her,1427,48,4
14140,her,1452,32,8
14141,her,1470,6,0
14142,her,1474,2,1
14143,her,1486,2,0
14144,her,1532,17,4
14145,her,1587,7,1
14146,her,1600,13,3
14147,her,1601,2,2
14148,her,1605,25,6
14149,her,1606,9,2
14150,her,1611,40,8
14151,her,1612,2,0
14152,her,1614,59,10
14153,her,1622,3,2
14154,her,1648,4,0
14155,her,1648,11,4
14156,her,1656,1,0
14157,her,1658,42,11
14158,her,1663,4,3
14159,her,1664,0,0
14160,her,1664,3,0
14161,her,1664,14,5
14162,her,1678,32,8
14163,her,1722,6,1
14164,her,1749,11,0
14165,her,1757,0,0
14166,her,1759,8,3
14167,her,1762,7,1
14168,her,1765,3,1
14169,her,1765,6,2
14170,her,1767,4,0
14171,her,1768,15,1
14172,her,1769,29,6
14173,her,1769,45,7
14174,her,1773,5,0
14175,her,1828,36,8
14176,her,1832,5,2
14177,her,1832,13,3
14178,her,1832,24,7
14179,her,1832,35,8
14180,"her?""",1749,28,2
14181,heraclytus,754,9,2
14182,herald,143,5,1
14183,heraldry,265,2,0
14184,herbage,1572,22,7
14185,hercules,990,29,9
14186,hercules,1096,0,0
14187,hercules,1405,24,4
14188,here,143,0,0
14189,here,342,14,0
14190,here,369,11,0
14191,here,418,1,0
14192,here,521,0,0
14193,here,559,5,1
14194,here,573,32,6
14195,here,714,10,1
14196,here,744,41,9
14197,here,749,3,0
14198,here,784,2,0
14199,here,852,1,0
14200,here,854,6,1
14201,here,887,14,1
14202,here,887,26,4
14203,here,888,48,9
14204,here,931,23,3
14205,here,951,7,0
14206,here,991,25,3
14207,here,1015,19,6
14208,here,1022,22,3
14209,here,1091,35,7
14210,here,1174,14,7
14211,here,1229,28,9
14212,here,1236,30,13
14213,here,1240,39,12
14214,here,1243,9,2
14215,here,1245,4,0
14216,here,1246,15,4
14217,here,1259,14,6
14218,here,1263,48,16
14219,here,1283,0,0
14220,here,1286,9,2
14221,here,1372,28,5
14222,here,1374,21,5
14223,here,1378,4,1
14224,here,1381,3,0
14225,here,1403,5,0
14226,here,1407,1,0
14227,here,1407,11,1
14228,here,1411,8,1
14229,here,1422,8,0
14230,here,1486,22,3
14231,here,1490,40,5
14232,here,1491,2,0
14233,here,1570,0,0
14234,here,1580,6,2
14235,here,1630,4,1
14236,here,1665,47,9
14237,here,1696,7,2
14238,here,1707,6,1
14239,here,1711,7,0
14240,here,1711,18,1
14241,here,1720,14,2
14242,here,1736,11,4
14243,here,1739,16,3
14244,here,1815,51,15
14245,hers,813,8,5
14246,hers,835,5,0
14247,hers,864,2,0
14248,hers,1473,12,3
14249,hers,1616,15,2
14250,herself,812,30,5
14251,herself,1304,21,7
14252,herself,1358,4,1
14253,herself,1488,6,1
14254,herself,1758,20,6
14255,herself;,1769,41,7
14256,hesitated,646,7,0
14257,hesitated,778,15,1
14258,hesitated,811,4,1
14259,hi,1134,1,1
14260,hidden,423,25,5
14261,hidden,692,10,1
14262,hie,1517,0,0
14263,high,529,51,13
14264,high,554,9,2
14265,high,666,4,1
14266,high,764,15,2
14267,high,765,11,4
14268,high,976,1,1
14269,high,1152,9,1
14270,high,1455,8,4
14271,high,1456,0,0
14272,highest,323,6,1
14273,highly,386,44,5
14274,hildred,156,13,3
14275,hildred,234,2,0
14276,hildred,291,6,0
14277,hildred,307,4,0
14278,hill,649,1,0
14279,hill,1605,7,3
14280,hill,1644,15,3
14281,hills,1454,8,3
14282,him,33,16,1
14283,him,44,7,2
14284,him,44,23,5
14285,him,84,30,7
14286,him,85,36,3
14287,him,120,11,0
14288,him,128,3,0
14289,him,129,9,1
14290,him,161,7,0
14291,him,213,4,1
14292,him,235,3,0
14293,him,239,7,0
14294,him,282,25,7
14295,him,289,27,7
14296,him,301,2,0
14297,him,326,30,6
14298,him,342,7,0
14299,him,353,1,0
14300,him,356,14,0
14301,him,380,17,0
14302,him,432,25,5
14303,him,447,7,0
14304,him,481,24,5
14305,him,509,10,1
14306,him,518,11,1
14307,him,528,28,8
14308,him,537,12,3
14309,him,572,23,5
14310,him,573,98,15
14311,him,574,14,7
14312,him,801,21,3
14313,him,894,11,1
14314,him,918,1,0
14315,him,1001,2,0
14316,him,1002,17,1
14317,him,1031,22,5
14318,him,1032,49,8
14319,him,1057,9,1
14320,him,1061,28,8
14321,him,1066,2,1
14322,him,1075,1,0
14323,him,1086,11,4
14324,him,1106,95,21
14325,him,1107,16,4
14326,him,1127,6,0
14327,him,1127,22,3
14328,him,1127,48,10
14329,him,1128,20,2
14330,him,1138,15,3
14331,him,1146,2,1
14332,him,1149,6,2
14333,him,1155,33,5
14334,him,1179,15,3
14335,him,1185,35,7
14336,him,1194,4,1
14337,him,1216,9,3
14338,him,1223,11,3
14339,him,1292,2,1
14340,him,1293,23,2
14341,him,1321,2,0
14342,him,1336,10,1
14343,him,1336,27,1
14344,him,1343,4,2
14345,him,1383,4,0
14346,him,1397,7,1
14347,him,1416,27,2
14348,him,1420,16,0
14349,him,1434,7,1
14350,him,1476,41,3
14351,him,1507,22,6
14352,him,1511,4,0
14353,him,1514,8,1
14354,him,1524,33,7
14355,him,1546,11,0
14356,him,1570,10,2
14357,him,1574,63,20
14358,him,1597,10,1
14359,him,1611,31,5
14360,him,1632,9,2
14361,him,1638,1,1
14362,him,1642,4,1
14363,him,1720,53,5
14364,him,1774,11,2
14365,him,1784,8,2
14366,him,1795,11,3
14367,him,1805,12,4
14368,him,1807,4,1
14369,him,1818,1,0
14370,him,1830,5,2
14371,him,1834,9,3
14372,himself,216,16,4
14373,himself,239,4,0
14374,himself,1053,3,1
14375,himself,1087,19,6
14376,himself,1095,23,4
14377,himself,1174,8,4
14378,himself,1178,12,3
14379,himself,1201,9,3
14380,himself,1448,7,2
14381,himself,1451,7,0
14382,himself,1692,3,1
14383,himself,1726,15,5
14384,himself,1756,7,0
14385,himself,1758,10,3
14386,himself,1774,26,6
14387,himself,1797,2,0
14388,himself,1806,17,1
14389,himself,1826,26,4
14390,hind,1292,6,1
14391,hind,1455,1,0
14392,hinges,1268,3,1
14393,his,26,6,2
14394,his,31,14,3
14395,his,53,4,0
14396,his,54,25,3
14397,his,60,2,0
14398,his,61,1,0
14399,his,71,0,0
14400,his,72,9,0
14401,his,72,10,0
14402,his,75,7,0
14403,his,75,24,1
14404,his,76,35,6
14405,his,81,12,2
14406,his,84,3,0
14407,his,85,9,0
14408,his,85,27,2
14409,his,86,28,9
14410,his,86,30,9
14411,his,95,4,1
14412,his,103,8,1
14413,his,109,0,0
14414,his,110,0,0
14415,his,111,12,4
14416,his,115,10,3
14417,his,120,16,1
14418,his,120,19,2
14419,his,129,2,0
14420,his,129,5,1
14421,his,134,18,4
14422,his,155,11,2
14423,his,157,4,1
14424,his,157,6,1
14425,his,159,50,4
14426,his,162,3,0
14427,his,184,8,0
14428,his,191,13,3
14429,his,214,13,3
14430,his,217,5,0
14431,his,222,4,0
14432,his,236,18,2
14433,his,242,14,3
14434,his,244,24,6
14435,his,245,2,0
14436,his,245,4,0
14437,his,246,9,3
14438,his,249,8,3
14439,his,249,11,4
14440,his,252,38,5
14441,his,253,7,2
14442,his,253,13,5
14443,his,255,3,2
14444,his,255,5,2
14445,his,263,11,3
14446,his,264,7,1
14447,his,265,8,2
14448,his,268,22,6
14449,his,268,33,7
14450,his,268,35,7
14451,his,268,42,7
14452,his,282,16,4
14453,his,286,24,6
14454,his,288,22,7
14455,his,289,6,0
14456,his,289,11,0
14457,his,290,3,1
14458,his,292,5,0
14459,his,294,13,3
14460,his,294,18,3
14461,his,295,5,0
14462,his,296,1,0
14463,his,298,20,3
14464,his,303,7,1
14465,his,312,8,2
14466,his,315,22,7
14467,his,326,2,1
14468,his,326,14,3
14469,his,326,20,3
14470,his,326,31,6
14471,his,345,9,2
14472,his,353,7,1
14473,his,355,13,4
14474,his,408,6,0
14475,his,410,2,0
14476,his,410,4,1
14477,his,415,2,1
14478,his,428,42,14
14479,his,432,17,3
14480,his,433,9,3
14481,his,454,5,1
14482,his,462,3,0
14483,his,462,4,0
14484,his,464,3,3
14485,his,466,1,0
14486,his,481,1,0
14487,his,493,7,1
14488,his,517,1,0
14489,his,525,9,2
14490,his,529,30,8
14491,his,533,7,2
14492,his,533,15,2
14493,his,538,16,4
14494,his,540,18,6
14495,his,540,27,7
14496,his,552,2,0
14497,his,558,0,0
14498,his,562,24,6
14499,his,563,11,3
14500,his,573,2,0
14501,his,573,83,13
14502,his,576,0,0
14503,his,577,6,2
14504,his,592,2,0
14505,his,613,9,3
14506,his,626,43,10
14507,his,706,4,2
14508,his,709,24,0
14509,his,747,19,4
14510,his,748,35,7
14511,his,750,15,1
14512,his,812,24,5
14513,his,828,7,0
14514,his,906,5,0
14515,his,907,28,4
14516,his,916,10,1
14517,his,917,6,2
14518,his,917,14,3
14519,his,918,7,0
14520,his,931,10,1
14521,his,942,2,1
14522,his,947,10,3
14523,his,949,8,1
14524,his,949,9,1
14525,his,956,15,4
14526,his,967,5,3
14527,his,969,17,6
14528,his,971,8,3
14529,his,971,10,3
14530,his,974,8,2
14531,his,988,0,0
14532,his,988,8,2
14533,his,991,16,2
14534,his,996,11,2
14535,his,1006,1,0
14536,his,1015,5,2
14537,his,1019,14,5
14538,his,1024,3,0
14539,his,1025,19,2
14540,his,1026,3,0
14541,his,1033,28,5
14542,his,1034,26,4
14543,his,1036,10,3
14544,his,1039,2,0
14545,his,1040,12,2
14546,his,1043,75,10
14547,his,1046,15,1
14548,his,1070,4,1
14549,his,1073,7,0
14550,his,1077,6,0
14551,his,1081,12,0
14552,his,1081,28,1
14553,his,1086,21,7
14554,his,1087,7,4
14555,his,1087,12,6
14556,his,1091,3,0
14557,his,1091,10,1
14558,his,1095,9,1
14559,his,1095,26,4
14560,his,1103,2,0
14561,his,1105,17,3
14562,his,1105,22,4
14563,his,1108,2,0
14564,his,1121,6,2
14565,his,1122,12,2
14566,his,1123,10,3
14567,his,1123,14,3
14568,his,1126,22,1
14569,his,1127,11,0
14570,his,1127,17,2
14571,his,1127,57,12
14572,his,1128,17,2
14573,his,1133,10,2
14574,his,1138,20,3
14575,his,1139,6,3
14576,his,1141,14,1
14577,his,1141,26,4
14578,his,1141,42,7
14579,his,1142,17,5
14580,his,1143,27,6
14581,his,1143,38,9
14582,his,1159,15,2
14583,his,1163,2,0
14584,his,1169,6,1
14585,his,1172,3,0
14586,his,1172,10,1
14587,his,1174,5,3
14588,his,1178,18,5
14589,his,1178,20,5
14590,his,1183,18,3
14591,his,1185,12,2
14592,his,1185,36,7
14593,his,1185,40,7
14594,his,1186,12,4
14595,his,1188,2,1
14596,his,1193,30,9
14597,his,1193,32,9
14598,his,1195,4,2
14599,his,1197,4,1
14600,his,1198,4,0
14601,his,1199,3,0
14602,his,1202,7,2
14603,his,1205,21,5
14604,his,1210,2,0
14605,his,1211,2,0
14606,his,1220,0,0
14607,his,1220,6,0
14608,his,1221,6,2
14609,his,1223,19,5
14610,his,1225,9,4
14611,his,1245,36,4
14612,his,1248,16,3
14613,his,1250,23,2
14614,his,1253,13,2
14615,his,1263,36,12
14616,his,1265,6,1
14617,his,1266,4,2
14618,his,1267,5,1
14619,his,1276,1,1
14620,his,1291,11,1
14621,his,1293,8,0
14622,his,1298,3,2
14623,his,1299,1,0
14624,his,1321,7,2
14625,his,1321,32,9
14626,his,1334,14,4
14627,his,1334,22,7
14628,his,1340,21,7
14629,his,1345,11,3
14630,his,1347,28,5
14631,his,1357,2,0
14632,his,1361,13,3
14633,his,1371,20,2
14634,his,1374,24,5
14635,his,1375,14,3
14636,his,1375,28,4
14637,his,1377,12,3
14638,his,1380,4,1
14639,his,1381,21,2
14640,his,1388,19,5
14641,his,1407,4,0
14642,his,1408,20,2
14643,his,1408,29,4
14644,his,1413,4,1
14645,his,1413,15,2
14646,his,1413,24,3
14647,his,1413,47,8
14648,his,1416,5,0
14649,his,1416,21,2
14650,his,1429,3,1
14651,his,1431,11,1
14652,his,1439,31,5
14653,his,1443,5,0
14654,his,1443,21,2
14655,his,1443,25,3
14656,his,1443,55,7
14657,his,1446,6,1
14658,his,1449,2,0
14659,his,1449,30,6
14660,his,1450,5,1
14661,his,1450,11,2
14662,his,1459,3,0
14663,his,1462,8,1
14664,his,1477,36,7
14665,his,1477,45,10
14666,his,1478,11,3
14667,his,1478,13,3
14668,his,1479,6,1
14669,his,1513,9,0
14670,his,1521,8,2
14671,his,1521,22,7
14672,his,1524,6,2
14673,his,1524,62,16
14674,his,1533,34,4
14675,his,1535,57,12
14676,his,1535,60,13
14677,his,1545,34,4
14678,his,1548,28,8
14679,his,1557,7,0
14680,his,1561,15,2
14681,his,1561,19,2
14682,his,1562,4,1
14683,his,1566,6,2
14684,his,1569,1,0
14685,his,1570,16,3
14686,his,1571,15,3
14687,his,1575,3,1
14688,his,1588,5,0
14689,his,1597,26,4
14690,his,1604,5,0
14691,his,1606,5,0
14692,his,1611,38,8
14693,his,1612,4,1
14694,his,1614,51,8
14695,his,1614,63,11
14696,his,1614,64,11
14697,his,1616,11,1
14698,his,1618,17,2
14699,his,1628,16,3
14700,his,1628,39,7
14701,his,1628,44,8
14702,his,1631,1,0
14703,his,1632,2,1
14704,his,1636,5,1
14705,his,1637,2,0
14706,his,1640,7,2
14707,his,1640,19,4
14708,his,1652,6,2
14709,his,1654,9,1
14710,his,1665,0,0
14711,his,1678,16,4
14712,his,1682,6,1
14713,his,1694,7,1
14714,his,1697,35,8
14715,his,1697,38,9
14716,his,1699,25,6
14717,his,1699,45,15
14718,his,1699,47,15
14719,his,1710,3,1
14720,his,1710,7,1
14721,his,1710,14,2
14722,his,1720,23,2
14723,his,1721,3,0
14724,his,1727,0,0
14725,his,1728,5,1
14726,his,1730,11,0
14727,his,1736,24,5
14728,his,1758,11,3
14729,his,1767,2,0
14730,his,1769,0,0
14731,his,1769,2,1
14732,his,1769,4,1
14733,his,1769,25,5
14734,his,1774,39,9
14735,his,1787,14,4
14736,his,1788,8,2
14737,his,1789,15,7
14738,his,1795,25,5
14739,his,1797,13,3
14740,his,1798,5,2
14741,his,1799,0,0
14742,his,1799,19,3
14743,his,1799,24,4
14744,his,1803,1,0
14745,his,1804,24,2
14746,his,1804,29,2
14747,his,1804,33,2
14748,his,1805,9,3
14749,his,1805,21,7
14750,his,1806,0,0
14751,his,1806,2,0
14752,his,1806,7,0
14753,his,1806,27,4
14754,his,1808,1,1
14755,his,1808,5,1
14756,his,1809,9,0
14757,his,1814,10,3
14758,his,1814,23,4
14759,his,1815,52,15
14760,his,1815,58,16
14761,his,1818,0,0
14762,his,1823,5,3
14763,his,1824,4,1
14764,his,1824,8,2
14765,his,1825,2,0
14766,his,1826,7,1
14767,his,1826,13,3
14768,his,1827,0,0
14769,his,1830,0,0
14770,his,1830,8,2
14771,his,1833,9,1
14772,his,1833,13,1
14773,his,1834,3,2
14774,his,1837,3,1
14775,history,60,5,0
14776,history,72,5,0
14777,ho,1284,14,1
14778,hoc,414,6,2
14779,hold,1206,8,1
14780,hold,1241,2,0
14781,hold,1515,9,0
14782,holding,495,7,2
14783,holding,774,4,0
14784,holding,1257,6,1
14785,holds,148,3,0
14786,hole,1245,29,4
14787,hole,1247,5,2
14788,hole,1250,31,5
14789,holes,1265,25,4
14790,holes,1453,11,2
14791,holiday,575,18,5
14792,hollow,43,55,16
14793,hollows,761,16,6
14794,holy,750,16,1
14795,home,406,5,0
14796,home,1019,40,9
14797,home,1020,0,0
14798,home,1024,6,1
14799,home,1145,1,0
14800,home,1324,9,1
14801,homespun,823,6,0
14802,honest,547,13,0
14803,honest,621,1,0
14804,honest,1614,30,7
14805,honor,1783,8,1
14806,honor^,1043,30,2
14807,"honore""",531,0,0
14808,honors,1024,25,5
14809,hooded,799,10,4
14810,hooded,800,15,5
14811,hoofs,1173,3,1
14812,hook,1531,17,1
14813,hooked,1535,64,14
14814,hop,855,10,2
14815,hope,326,24,5
14816,hope,326,37,6
14817,hope,373,9,0
14818,hope,509,16,1
14819,hope,691,7,3
14820,hope,748,53,8
14821,hope,1029,3,0
14822,hope,1273,8,4
14823,hope,1500,4,0
14824,hoped,1394,8,0
14825,hopeless,564,0,0
14826,hopeless,744,12,2
14827,hopelessly,428,9,1
14828,hopes,728,26,4
14829,hordes,1727,10,2
14830,horizon,1084,1,1
14831,horizon,1084,3,2
14832,horn,807,7,2
14833,horn,809,18,4
14834,horrible,1142,22,6
14835,horribly,1193,8,4
14836,horrid,728,35,5
14837,horror,648,3,1
14838,horrors,22,14,4
14839,horse,31,3,0
14840,horse,32,7,1
14841,horse,299,14,3
14842,horse,820,13,3
14843,horse,1100,18,1
14844,horse,1186,3,1
14845,horse,1193,21,6
14846,horse,1218,10,2
14847,horsemen,1229,38,13
14848,horses,133,21,7
14849,horses,540,48,13
14850,hospitable,376,11,2
14851,hospital,43,96,28
14852,hospital,1015,25,6
14853,hospitality,829,13,0
14854,hostess,824,48,13
14855,hostile,907,24,4
14856,hot,458,14,6
14857,hot,1103,6,1
14858,hot,1119,28,3
14859,hot,1320,26,10
14860,hound,806,8,0
14861,hounds,808,1,1
14862,hounds,821,20,3
14863,hour,236,44,2
14864,hour,550,8,4
14865,hour,1484,5,0
14866,hour,1577,10,4
14867,hours,124,10,1
14868,hours,124,15,2
14869,hours,217,31,5
14870,hours,1549,8,1
14871,hours,1661,1,0
14872,hours,1668,2,0
14873,house,356,12,0
14874,house,439,52,9
14875,house,468,3,0
14876,house,485,8,0
14877,house,495,47,12
14878,house,554,14,3
14879,house,745,13,4
14880,house,802,4,0
14881,house,1000,6,0
14882,house,1031,4,2
14883,house,1084,14,5
14884,house,1236,3,2
14885,house,1312,22,6
14886,house,1394,11,0
14887,house,1452,13,2
14888,houses,1402,2,0
14889,houses,1402,5,0
14890,houses,1603,1,0
14891,hovered,1094,12,2
14892,how,249,25,8
14893,how,499,22,8
14894,how,510,0,0
14895,how,562,7,2
14896,how,731,40,7
14897,how,827,2,0
14898,how,937,0,0
14899,how,1025,33,3
14900,how,1068,0,0
14901,how,1364,8,2
14902,how,1367,1,0
14903,how,1509,15,1
14904,how,1817,0,0
14905,however,58,16,2
14906,however,67,22,3
14907,however,72,7,0
14908,however,502,13,2
14909,however,1569,2,0
14910,howl,1720,28,4
14911,howling,86,8,1
14912,huddled,1176,5,1
14913,hued,1571,29,8
14914,huge,543,0,0
14915,huge,1060,1,0
14916,hum,808,12,4
14917,human,833,22,1
14918,human,982,15,6
14919,humbled,804,30,3
14920,hundred,124,3,0
14921,hundreds,1368,8,0
14922,hung,490,3,1
14923,hung,771,12,3
14924,hung,1013,2,2
14925,hung,1454,2,1
14926,hung,1825,11,2
14927,hungry,281,13,1
14928,hungry,827,73,14
14929,hungry,990,31,9
14930,hungry,1042,4,0
14931,hungry,1585,3,0
14932,hungry,1589,7,0
14933,hunted,1713,35,8
14934,hunting,807,6,2
14935,hunting,825,3,0
14936,huntsman,823,24,3
14937,hurled,587,29,3
14938,hurled,1036,15,3
14939,hurled,1187,7,1
14940,hurried,240,18,2
14941,hurried,399,4,0
14942,hurried,424,25,4
14943,hurried,1024,67,8
14944,hurried,1069,31,8
14945,hurried,1104,12,2
14946,hurried,1120,33,3
14947,hurried,1252,1,0
14948,hurried,1263,24,8
14949,hurried,1462,1,0
14950,hurry,713,2,0
14951,hurrying,1019,35,8
14952,hurt,402,8,1
14953,hurt,526,4,0
14954,hurt,1396,11,1
14955,hussars,51,7,5
14956,hussars,1207,2,1
14957,huts,784,1,0
14958,hyacinths,531,17,5
14959,hyades,118,17,5
14960,hyades,266,10,3
14961,hyades,429,2,1
14962,hyades,746,10,4
14963,hymns,626,62,15
14964,i,8,13,8
14965,i,13,43,14
14966,i,29,17,6
14967,i,31,5,0
14968,i,31,18,3
14969,i,32,3,1
14970,i,33,4,1
14971,i,33,6,1
14972,i,33,15,1
14973,i,33,19,1
14974,i,33,27,2
14975,i,33,31,3
14976,i,34,3,2
14977,i,35,2,0
14978,i,35,8,1
14979,i,35,14,2
14980,i,37,11,3
14981,i,37,14,3
14982,i,37,28,7
14983,i,37,30,7
14984,i,37,36,8
14985,i,38,3,2
14986,i,38,21,7
14987,i,42,9,2
14988,i,43,33,10
14989,i,43,38,10
14990,i,44,6,2
14991,i,51,14,7
14992,i,51,40,13
14993,i,53,7,0
14994,i,53,11,1
14995,i,54,0,0
14996,i,55,0,0
14997,i,56,5,1
14998,i,58,4,0
14999,i,58,9,0
15000,i,58,25,2
15001,i,58,28,4
15002,i,58,56,8
15003,i,58,81,16
15004,i,61,32,8
15005,i,62,3,1
15006,i,62,11,3
15007,i,64,8,1
15008,i,64,18,2
15009,i,65,13,3
15010,i,67,1,0
15011,i,67,11,1
15012,i,67,20,2
15013,i,67,25,3
15014,i,70,5,0
15015,i,70,14,3
15016,i,71,7,1
15017,i,72,2,0
15018,i,73,5,1
15019,i,73,7,1
15020,i,73,42,11
15021,i,75,5,0
15022,i,75,11,0
15023,i,75,17,1
15024,i,76,17,1
15025,i,79,5,1
15026,i,80,0,0
15027,i,82,0,0
15028,i,82,1,0
15029,i,84,31,7
15030,i,85,0,0
15031,i,85,13,0
15032,i,85,22,1
15033,i,86,1,0
15034,i,97,7,1
15035,i,103,3,0
15036,i,105,0,0
15037,i,105,8,2
15038,i,105,12,2
15039,i,106,6,1
15040,i,107,5,0
15041,i,108,8,1
15042,i,112,22,1
15043,i,114,4,0
15044,i,116,20,5
15045,i,117,8,4
15046,i,118,2,0
15047,i,118,6,1
15048,i,118,27,5
15049,i,118,41,9
15050,i,120,13,0
15051,i,121,7,0
15052,i,124,20,3
15053,i,125,0,0
15054,i,126,3,2
15055,i,127,19,4
15056,i,128,2,0
15057,i,128,5,0
15058,i,129,11,1
15059,i,134,17,4
15060,i,134,21,4
15061,i,137,3,0
15062,i,138,0,0
15063,i,141,3,1
15064,i,142,1,0
15065,i,142,8,0
15066,i,142,21,2
15067,i,142,29,4
15068,i,143,1,0
15069,i,145,3,2
15070,i,145,8,4
15071,i,145,16,6
15072,i,147,0,0
15073,i,147,1,0
15074,i,148,0,0
15075,i,148,17,4
15076,i,148,21,4
15077,i,149,3,2
15078,i,149,6,2
15079,i,149,7,2
15080,i,152,18,5
15081,i,153,0,0
15082,i,153,29,8
15083,i,155,37,8
15084,i,156,1,0
15085,i,159,0,0
15086,i,159,17,2
15087,i,159,32,2
15088,i,159,36,2
15089,i,159,43,3
15090,i,159,56,4
15091,i,159,58,4
15092,i,159,75,5
15093,i,159,79,5
15094,i,160,3,0
15095,i,161,0,0
15096,i,161,1,0
15097,i,161,4,0
15098,i,162,13,1
15099,i,163,2,0
15100,i,164,7,0
15101,i,166,16,3
15102,i,166,23,3
15103,i,166,29,3
15104,i,168,15,2
15105,i,168,64,11
15106,i,176,4,0
15107,i,178,6,1
15108,i,179,1,0
15109,i,180,1,0
15110,i,181,4,0
15111,i,185,9,0
15112,i,188,10,0
15113,i,189,4,0
15114,i,190,2,0
15115,i,192,8,1
15116,i,192,11,1
15117,i,194,7,0
15118,i,195,1,0
15119,i,198,2,0
15120,i,198,10,1
15121,i,198,32,5
15122,i,198,39,5
15123,i,198,47,6
15124,i,202,39,12
15125,i,202,42,13
15126,i,202,43,13
15127,i,202,55,15
15128,i,202,65,17
15129,i,202,69,18
15130,i,203,4,1
15131,i,204,0,0
15132,i,204,18,5
15133,i,204,46,13
15134,i,204,49,14
15135,i,204,56,16
15136,i,205,1,0
15137,i,205,20,4
15138,i,205,22,4
15139,i,205,26,4
15140,i,206,0,0
15141,i,207,6,1
15142,i,208,18,3
15143,i,209,2,0
15144,i,209,7,0
15145,i,209,23,3
15146,i,209,29,3
15147,i,210,0,0
15148,i,211,6,0
15149,i,212,11,1
15150,i,212,13,2
15151,i,213,0,0
15152,i,214,10,2
15153,i,216,12,3
15154,i,217,2,0
15155,i,217,23,3
15156,i,217,28,4
15157,i,218,1,0
15158,i,219,8,1
15159,i,221,16,3
15160,i,221,26,5
15161,i,221,34,7
15162,i,221,39,7
15163,i,222,1,0
15164,i,223,4,0
15165,i,223,7,0
15166,i,224,1,0
15167,i,225,1,0
15168,i,226,0,0
15169,i,226,5,0
15170,i,226,9,0
15171,i,227,6,0
15172,i,228,0,0
15173,i,228,16,3
15174,i,229,3,0
15175,i,229,10,1
15176,i,230,1,0
15177,i,230,4,1
15178,i,231,8,0
15179,i,234,5,1
15180,i,235,1,0
15181,i,236,13,1
15182,i,236,23,2
15183,i,236,25,2
15184,i,236,33,2
15185,i,236,36,2
15186,i,239,5,0
15187,i,239,15,2
15188,i,239,19,3
15189,i,239,33,7
15190,i,240,2,0
15191,i,240,5,0
15192,i,240,14,2
15193,i,240,25,4
15194,i,242,18,3
15195,i,243,0,0
15196,i,244,6,1
15197,i,244,21,5
15198,i,246,15,4
15199,i,246,21,6
15200,i,247,7,1
15201,i,247,15,1
15202,i,247,21,3
15203,i,248,0,0
15204,i,248,4,0
15205,i,249,20,6
15206,i,249,26,8
15207,i,252,14,0
15208,i,252,15,0
15209,i,252,23,2
15210,i,252,33,5
15211,i,252,37,5
15212,i,253,16,5
15213,i,260,1,0
15214,i,263,13,3
15215,i,268,6,0
15216,i,268,28,7
15217,i,269,15,4
15218,i,269,17,5
15219,i,269,20,6
15220,i,270,0,0
15221,i,274,12,3
15222,i,275,12,6
15223,i,276,4,0
15224,i,279,1,0
15225,i,279,6,2
15226,i,281,4,1
15227,i,281,6,1
15228,i,281,10,1
15229,i,282,10,3
15230,i,282,12,3
15231,i,282,17,4
15232,i,283,19,5
15233,i,284,24,10
15234,i,284,35,11
15235,i,285,10,2
15236,i,285,13,3
15237,i,288,20,6
15238,i,289,1,0
15239,i,289,13,0
15240,i,289,14,0
15241,i,289,26,7
15242,i,289,36,9
15243,i,290,0,0
15244,i,290,7,1
15245,i,290,13,1
15246,i,294,16,3
15247,i,295,0,0
15248,i,295,8,0
15249,i,296,0,0
15250,i,296,6,0
15251,i,297,1,0
15252,i,297,8,0
15253,i,298,17,3
15254,i,298,23,4
15255,i,299,0,0
15256,i,299,15,3
15257,i,300,9,4
15258,i,301,0,0
15259,i,302,3,0
15260,i,303,9,1
15261,i,303,15,3
15262,i,303,23,4
15263,i,304,9,0
15264,i,304,14,0
15265,i,305,1,0
15266,i,306,7,1
15267,i,306,11,1
15268,i,308,4,0
15269,i,309,2,0
15270,i,310,1,0
15271,i,311,2,1
15272,i,313,1,0
15273,i,314,1,0
15274,i,314,2,0
15275,i,314,5,0
15276,i,314,7,0
15277,i,314,11,0
15278,i,315,15,7
15279,i,315,17,7
15280,i,315,18,7
15281,i,315,27,7
15282,i,315,36,9
15283,i,318,1,0
15284,i,318,8,1
15285,i,318,16,4
15286,i,319,2,0
15287,i,319,8,0
15288,i,320,4,0
15289,i,320,17,1
15290,i,320,20,1
15291,i,321,1,0
15292,i,322,2,1
15293,i,322,7,2
15294,i,322,10,3
15295,i,323,2,0
15296,i,324,0,0
15297,i,325,8,2
15298,i,325,10,2
15299,i,325,13,4
15300,i,325,26,7
15301,i,326,5,2
15302,i,326,10,2
15303,i,326,27,5
15304,i,326,35,6
15305,i,327,1,0
15306,i,327,17,1
15307,i,327,25,2
15308,i,327,28,2
15309,i,328,17,1
15310,i,329,7,0
15311,i,330,1,0
15312,i,330,3,0
15313,i,336,3,0
15314,i,337,34,9
15315,i,337,41,9
15316,i,338,15,4
15317,i,338,25,6
15318,i,339,3,0
15319,i,342,1,0
15320,i,344,2,0
15321,i,346,16,1
15322,i,347,2,0
15323,i,347,6,1
15324,i,349,0,0
15325,i,350,2,0
15326,i,356,11,0
15327,i,358,0,0
15328,i,359,6,2
15329,i,361,7,2
15330,i,361,18,3
15331,i,362,9,1
15332,i,362,12,1
15333,i,364,3,1
15334,i,365,12,2
15335,i,365,29,7
15336,i,366,1,1
15337,i,367,21,7
15338,i,367,27,8
15339,i,367,28,8
15340,i,367,29,8
15341,i,368,1,0
15342,i,368,9,1
15343,i,368,11,1
15344,i,368,13,1
15345,i,369,1,0
15346,i,370,1,0
15347,i,370,11,0
15348,i,371,4,0
15349,i,373,4,0
15350,i,373,8,0
15351,i,374,0,0
15352,i,375,0,0
15353,i,377,1,0
15354,i,378,1,0
15355,i,378,4,0
15356,i,380,1,0
15357,i,380,2,0
15358,i,380,4,0
15359,i,380,6,0
15360,i,380,15,0
15361,i,382,15,2
15362,i,383,2,0
15363,i,383,16,4
15364,i,383,33,6
15365,i,385,36,11
15366,i,386,10,0
15367,i,386,28,3
15368,i,386,76,8
15369,i,389,5,2
15370,i,389,13,3
15371,i,389,19,5
15372,i,389,21,6
15373,i,389,29,7
15374,i,389,38,11
15375,i,389,41,12
15376,i,389,46,13
15377,i,393,0,0
15378,i,393,23,7
15379,i,394,0,0
15380,i,396,2,0
15381,i,396,4,0
15382,i,396,8,2
15383,i,397,3,1
15384,i,397,24,6
15385,i,397,29,7
15386,i,397,31,7
15387,i,398,0,0
15388,i,399,3,0
15389,i,399,9,0
15390,i,401,0,0
15391,i,401,4,0
15392,i,402,10,1
15393,i,402,16,2
15394,i,402,17,2
15395,i,404,5,1
15396,i,404,8,1
15397,i,404,11,1
15398,i,405,1,0
15399,i,405,20,5
15400,i,405,24,6
15401,i,407,1,0
15402,i,408,2,0
15403,i,408,4,0
15404,i,408,29,1
15405,i,413,12,1
15406,i,413,15,1
15407,i,413,33,6
15408,i,416,3,0
15409,i,416,7,1
15410,i,416,11,1
15411,i,416,14,2
15412,i,416,16,2
15413,i,417,3,0
15414,i,419,1,0
15415,i,423,27,5
15416,i,423,42,8
15417,i,424,0,0
15418,i,424,1,0
15419,i,424,4,1
15420,i,424,23,4
15421,i,425,9,2
15422,i,425,42,9
15423,i,425,47,11
15424,i,425,58,11
15425,i,425,59,11
15426,i,425,66,13
15427,i,425,72,13
15428,i,426,2,0
15429,i,426,8,0
15430,i,426,19,3
15431,i,426,33,7
15432,i,428,6,1
15433,i,428,30,8
15434,i,428,53,14
15435,i,428,56,15
15436,i,428,63,17
15437,i,430,8,1
15438,i,430,11,1
15439,i,431,9,1
15440,i,432,9,1
15441,i,432,23,5
15442,i,432,28,6
15443,i,432,40,8
15444,i,432,43,8
15445,i,432,46,8
15446,i,432,51,8
15447,i,433,7,3
15448,i,434,1,0
15449,i,434,2,0
15450,i,434,5,1
15451,i,434,9,2
15452,i,434,12,2
15453,i,434,24,7
15454,i,434,25,7
15455,i,434,30,8
15456,i,434,49,9
15457,i,434,54,9
15458,i,434,55,9
15459,i,434,58,9
15460,i,434,64,11
15461,i,434,69,11
15462,i,434,77,12
15463,i,434,86,14
15464,i,435,2,0
15465,i,437,2,0
15466,i,437,7,1
15467,i,437,18,4
15468,i,438,11,1
15469,i,438,13,1
15470,i,439,1,0
15471,i,439,4,0
15472,i,439,7,0
15473,i,439,21,1
15474,i,439,35,4
15475,i,439,38,4
15476,i,439,43,6
15477,i,439,53,9
15478,i,442,1,0
15479,i,442,4,0
15480,i,442,5,0
15481,i,442,10,0
15482,i,443,1,0
15483,i,443,2,0
15484,i,444,0,0
15485,i,445,1,0
15486,i,445,8,2
15487,i,447,6,0
15488,i,448,2,0
15489,i,449,4,2
15490,i,449,5,2
15491,i,449,7,2
15492,i,451,5,1
15493,i,454,1,0
15494,i,455,1,0
15495,i,456,2,1
15496,i,456,5,1
15497,i,456,10,2
15498,i,456,11,2
15499,i,456,20,4
15500,i,457,3,1
15501,i,457,6,2
15502,i,457,10,2
15503,i,458,5,3
15504,i,458,11,6
15505,i,459,1,0
15506,i,459,12,4
15507,i,460,8,2
15508,i,463,1,0
15509,i,463,11,1
15510,i,465,6,2
15511,i,468,1,0
15512,i,468,4,0
15513,i,470,1,0
15514,i,470,4,1
15515,i,471,3,0
15516,i,471,15,4
15517,i,471,17,4
15518,i,471,19,4
15519,i,472,3,1
15520,i,472,8,3
15521,i,473,0,0
15522,i,475,0,0
15523,i,476,18,5
15524,i,476,21,6
15525,i,476,23,6
15526,i,476,36,7
15527,i,477,1,0
15528,i,477,2,0
15529,i,477,4,0
15530,i,478,0,0
15531,i,478,5,0
15532,i,479,1,0
15533,i,479,5,1
15534,i,480,1,0
15535,i,480,5,0
15536,i,481,12,2
15537,i,481,30,5
15538,i,483,3,0
15539,i,485,5,0
15540,i,485,6,0
15541,i,485,10,0
15542,i,486,8,1
15543,i,486,10,1
15544,i,487,0,0
15545,i,488,0,0
15546,i,488,6,0
15547,i,488,13,1
15548,i,488,16,1
15549,i,488,20,1
15550,i,489,2,1
15551,i,489,7,1
15552,i,490,10,3
15553,i,490,15,4
15554,i,491,16,1
15555,i,491,29,4
15556,i,491,46,8
15557,i,491,50,10
15558,i,491,56,11
15559,i,493,0,0
15560,i,494,15,1
15561,i,495,1,0
15562,i,495,20,4
15563,i,496,0,0
15564,i,496,4,0
15565,i,497,0,0
15566,i,497,14,2
15567,i,497,21,3
15568,i,498,6,1
15569,i,500,1,0
15570,i,500,14,2
15571,i,502,18,4
15572,i,503,36,5
15573,i,505,0,0
15574,i,508,0,0
15575,i,508,10,2
15576,i,510,2,0
15577,i,513,0,0
15578,i,514,2,0
15579,i,514,9,2
15580,i,514,11,2
15581,i,514,28,4
15582,i,518,3,0
15583,i,518,10,1
15584,i,520,4,0
15585,i,520,10,0
15586,i,520,20,2
15587,i,521,1,0
15588,i,524,5,0
15589,i,525,19,2
15590,i,525,37,7
15591,i,525,40,7
15592,i,525,46,7
15593,i,525,48,7
15594,i,525,62,11
15595,i,525,70,12
15596,i,525,80,14
15597,i,525,87,14
15598,i,526,34,5
15599,i,526,40,7
15600,i,526,48,10
15601,i,528,16,6
15602,i,528,30,8
15603,i,529,8,2
15604,i,529,10,3
15605,i,529,28,8
15606,i,529,65,17
15607,i,529,69,19
15608,i,529,86,24
15609,i,529,108,29
15610,i,529,110,29
15611,i,529,113,29
15612,i,529,130,33
15613,i,529,135,34
15614,i,529,136,34
15615,i,529,137,34
15616,i,531,1,0
15617,i,531,25,9
15618,i,533,13,2
15619,i,533,29,3
15620,i,535,12,1
15621,i,535,15,1
15622,i,535,19,1
15623,i,535,29,5
15624,i,536,1,0
15625,i,536,3,0
15626,i,538,6,1
15627,i,538,13,3
15628,i,538,21,5
15629,i,538,23,5
15630,i,538,25,5
15631,i,539,2,0
15632,i,540,0,0
15633,i,540,7,2
15634,i,540,37,10
15635,i,541,5,0
15636,i,541,11,1
15637,i,541,12,1
15638,i,541,19,2
15639,i,541,24,2
15640,i,542,6,0
15641,i,542,9,0
15642,i,542,11,0
15643,i,542,18,2
15644,i,549,1,0
15645,i,549,3,1
15646,i,549,5,1
15647,i,549,10,2
15648,i,549,19,4
15649,i,551,1,0
15650,i,551,8,2
15651,i,553,0,0
15652,i,554,26,7
15653,i,554,33,10
15654,i,556,7,2
15655,i,557,1,0
15656,i,557,3,0
15657,i,558,4,0
15658,i,558,6,0
15659,i,558,18,2
15660,i,559,0,0
15661,i,562,0,0
15662,i,564,1,0
15663,i,564,8,0
15664,i,567,7,1
15665,i,567,20,3
15666,i,567,22,3
15667,i,567,25,3
15668,i,568,1,0
15669,i,568,8,1
15670,i,569,1,1
15671,i,569,9,2
15672,i,569,12,2
15673,i,571,7,3
15674,i,571,13,5
15675,i,572,3,0
15676,i,573,1,0
15677,i,573,7,0
15678,i,573,12,1
15679,i,573,13,1
15680,i,573,81,13
15681,i,573,85,13
15682,i,573,87,13
15683,i,573,90,14
15684,i,573,92,14
15685,i,573,96,15
15686,i,574,5,3
15687,i,574,10,6
15688,i,574,16,7
15689,i,575,0,0
15690,i,575,20,5
15691,i,575,25,6
15692,i,576,4,0
15693,i,577,8,2
15694,i,577,14,2
15695,i,577,26,4
15696,i,577,34,6
15697,i,578,2,0
15698,i,578,5,0
15699,i,578,8,0
15700,i,578,11,0
15701,i,578,23,3
15702,i,578,24,3
15703,i,578,34,5
15704,i,578,44,7
15705,i,578,47,7
15706,i,578,51,7
15707,i,578,57,11
15708,i,578,60,11
15709,i,578,67,11
15710,i,579,3,1
15711,i,581,1,0
15712,i,581,4,0
15713,i,581,5,0
15714,i,582,0,0
15715,i,582,7,2
15716,i,582,10,2
15717,i,583,1,0
15718,i,583,15,4
15719,i,583,20,5
15720,i,583,23,5
15721,i,583,36,6
15722,i,584,1,0
15723,i,586,3,0
15724,i,587,24,3
15725,i,587,67,9
15726,i,587,69,9
15727,i,587,72,9
15728,i,589,27,5
15729,i,589,28,5
15730,i,589,30,5
15731,i,589,37,6
15732,i,590,1,0
15733,i,592,0,0
15734,i,592,13,3
15735,i,593,6,0
15736,i,593,8,0
15737,i,594,5,0
15738,i,594,16,0
15739,i,594,29,1
15740,i,595,1,0
15741,i,595,7,1
15742,i,596,0,0
15743,i,596,8,0
15744,i,596,13,0
15745,i,596,16,0
15746,i,596,19,1
15747,i,597,0,0
15748,i,598,5,2
15749,i,599,7,1
15750,i,599,16,2
15751,i,600,1,0
15752,i,601,1,0
15753,i,601,2,0
15754,i,602,0,0
15755,i,604,3,0
15756,i,605,3,1
15757,i,607,5,0
15758,i,608,10,0
15759,i,609,3,0
15760,i,610,2,0
15761,i,610,4,0
15762,i,611,5,1
15763,i,612,6,0
15764,i,613,2,0
15765,i,614,1,0
15766,i,614,5,2
15767,i,614,10,2
15768,i,620,4,0
15769,i,620,21,5
15770,i,622,6,0
15771,i,626,0,0
15772,i,626,5,1
15773,i,626,63,15
15774,i,627,0,0
15775,i,627,24,3
15776,i,627,31,5
15777,i,627,39,6
15778,i,628,3,1
15779,i,631,1,0
15780,i,631,18,7
15781,i,634,0,0
15782,i,635,23,6
15783,i,635,33,6
15784,i,636,2,0
15785,i,636,5,0
15786,i,637,1,0
15787,i,638,1,0
15788,i,639,3,0
15789,i,641,1,0
15790,i,641,2,0
15791,i,641,5,0
15792,i,642,5,0
15793,i,643,4,0
15794,i,644,0,0
15795,i,644,10,2
15796,i,645,9,1
15797,i,645,20,1
15798,i,647,3,0
15799,i,647,7,0
15800,i,648,12,3
15801,i,650,4,0
15802,i,651,9,3
15803,i,651,13,4
15804,i,653,2,0
15805,i,653,5,2
15806,i,653,8,2
15807,i,654,5,0
15808,i,656,1,0
15809,i,657,4,0
15810,i,657,11,0
15811,i,657,19,1
15812,i,658,33,10
15813,i,659,3,0
15814,i,660,13,3
15815,i,660,17,5
15816,i,662,13,2
15817,i,663,1,0
15818,i,663,5,1
15819,i,663,10,2
15820,i,663,14,2
15821,i,663,17,2
15822,i,663,19,2
15823,i,663,24,2
15824,i,663,29,3
15825,i,664,0,0
15826,i,664,11,0
15827,i,664,20,1
15828,i,664,25,2
15829,i,665,0,0
15830,i,666,1,0
15831,i,666,6,1
15832,i,666,12,2
15833,i,666,19,3
15834,i,668,1,0
15835,i,669,9,0
15836,i,669,16,1
15837,i,670,1,0
15838,i,670,3,0
15839,i,670,24,1
15840,i,670,29,2
15841,i,671,10,2
15842,i,671,15,2
15843,i,671,18,2
15844,i,672,3,0
15845,i,672,17,5
15846,i,672,20,5
15847,i,672,22,5
15848,i,673,1,0
15849,i,673,7,1
15850,i,673,10,2
15851,i,673,14,3
15852,i,673,21,4
15853,i,673,27,5
15854,i,673,32,6
15855,i,673,34,6
15856,i,674,4,1
15857,i,674,10,3
15858,i,675,0,0
15859,i,676,4,0
15860,i,676,7,0
15861,i,677,1,0
15862,i,678,2,1
15863,i,678,9,4
15864,i,679,2,0
15865,i,679,3,0
15866,i,680,3,0
15867,i,680,27,6
15868,i,680,40,6
15869,i,680,44,7
15870,i,680,50,8
15871,i,682,10,0
15872,i,686,3,0
15873,i,686,11,1
15874,i,687,2,1
15875,i,687,5,2
15876,i,687,7,2
15877,i,687,16,5
15878,i,688,3,0
15879,i,688,5,0
15880,i,688,10,1
15881,i,688,16,1
15882,i,688,26,1
15883,i,688,29,1
15884,i,688,32,1
15885,i,689,0,0
15886,i,690,2,0
15887,i,690,6,2
15888,i,690,9,2
15889,i,691,10,4
15890,i,691,12,5
15891,i,691,18,6
15892,i,691,19,6
15893,i,691,22,6
15894,i,692,5,1
15895,i,693,12,1
15896,i,693,23,7
15897,i,693,36,10
15898,i,693,39,11
15899,i,693,40,11
15900,i,695,0,0
15901,i,696,0,0
15902,i,697,5,1
15903,i,697,19,2
15904,i,697,28,3
15905,i,698,1,1
15906,i,698,8,2
15907,i,698,12,3
15908,i,698,14,3
15909,i,698,16,4
15910,i,698,19,4
15911,i,698,21,4
15912,i,698,25,6
15913,i,699,3,0
15914,i,700,0,0
15915,i,701,5,0
15916,i,701,11,0
15917,i,701,44,4
15918,i,701,46,4
15919,i,702,1,0
15920,i,703,1,0
15921,i,703,3,0
15922,i,703,6,2
15923,i,704,4,0
15924,i,704,5,0
15925,i,704,7,1
15926,i,705,4,2
15927,i,707,3,1
15928,i,709,2,0
15929,i,709,8,0
15930,i,709,11,0
15931,i,709,21,0
15932,i,709,25,0
15933,i,709,30,2
15934,i,709,32,2
15935,i,709,35,3
15936,i,709,39,3
15937,i,709,40,3
15938,i,710,2,0
15939,i,711,2,0
15940,i,711,10,0
15941,i,711,12,0
15942,i,714,9,1
15943,i,715,0,0
15944,i,715,2,0
15945,i,716,0,0
15946,i,718,7,0
15947,i,718,8,0
15948,i,718,13,2
15949,i,719,5,2
15950,i,720,4,0
15951,i,720,20,1
15952,i,721,0,0
15953,i,725,13,3
15954,i,725,21,4
15955,i,726,1,0
15956,i,726,16,4
15957,i,727,2,0
15958,i,727,4,0
15959,i,727,6,0
15960,i,728,4,2
15961,i,728,32,4
15962,i,729,1,0
15963,i,730,9,1
15964,i,730,15,1
15965,i,730,24,1
15966,i,730,42,5
15967,i,730,49,7
15968,i,730,59,12
15969,i,731,0,0
15970,i,731,11,1
15971,i,731,19,5
15972,i,731,23,5
15973,i,731,31,7
15974,i,731,34,7
15975,i,731,43,8
15976,i,731,45,8
15977,i,733,6,1
15978,i,733,10,1
15979,i,733,16,1
15980,i,734,0,0
15981,i,734,7,2
15982,i,735,0,0
15983,i,735,8,1
15984,i,737,0,0
15985,i,737,4,1
15986,i,738,3,0
15987,i,738,9,1
15988,i,739,2,0
15989,i,739,8,1
15990,i,739,19,2
15991,i,739,26,5
15992,i,740,0,0
15993,i,741,4,0
15994,i,741,11,2
15995,i,741,19,2
15996,i,742,1,1
15997,i,743,3,0
15998,i,743,27,6
15999,i,743,41,8
16000,i,744,38,8
16001,i,744,39,8
16002,i,744,43,10
16003,i,744,45,11
16004,i,744,51,12
16005,i,746,3,1
16006,i,746,41,12
16007,i,747,3,1
16008,i,747,6,2
16009,i,748,2,1
16010,i,748,6,3
16011,i,748,9,3
16012,i,748,13,3
16013,i,748,20,5
16014,i,748,22,5
16015,i,748,27,5
16016,i,748,31,6
16017,i,748,39,7
16018,i,748,44,7
16019,i,748,49,8
16020,i,749,1,0
16021,i,749,6,0
16022,i,749,9,0
16023,i,749,10,0
16024,i,749,14,1
16025,i,750,38,3
16026,i,752,3,0
16027,i,753,11,1
16028,i,753,13,1
16029,i,754,0,0
16030,i,754,19,6
16031,i,755,5,1
16032,i,756,7,1
16033,i,757,1,0
16034,i,758,1,0
16035,i,759,3,0
16036,i,759,12,2
16037,i,759,17,2
16038,i,759,33,5
16039,i,759,36,5
16040,i,760,2,0
16041,i,760,4,0
16042,i,760,6,0
16043,i,761,3,1
16044,i,761,17,6
16045,i,761,23,6
16046,i,762,7,1
16047,i,763,23,5
16048,i,763,33,5
16049,i,763,41,8
16050,i,763,46,9
16051,i,764,12,2
16052,i,765,5,2
16053,i,767,2,0
16054,i,767,4,0
16055,i,768,4,2
16056,i,768,13,3
16057,i,769,0,0
16058,i,769,6,1
16059,i,770,0,0
16060,i,776,3,0
16061,i,777,0,0
16062,i,778,3,0
16063,i,778,9,0
16064,i,778,19,2
16065,i,778,30,4
16066,i,778,34,4
16067,i,778,42,5
16068,i,778,44,5
16069,i,780,5,1
16070,i,780,8,1
16071,i,786,1,0
16072,i,786,4,1
16073,i,787,1,0
16074,i,793,11,0
16075,i,795,2,0
16076,i,795,6,1
16077,i,795,9,1
16078,i,795,11,1
16079,i,795,13,2
16080,i,796,1,0
16081,i,801,25,4
16082,i,801,26,4
16083,i,804,0,0
16084,i,804,3,0
16085,i,804,5,0
16086,i,804,14,2
16087,i,804,16,2
16088,i,804,27,3
16089,i,804,35,3
16090,i,804,38,3
16091,i,805,14,5
16092,i,806,19,3
16093,i,809,13,2
16094,i,812,0,0
16095,i,812,12,4
16096,i,812,15,4
16097,i,812,32,5
16098,i,815,15,7
16099,i,818,3,1
16100,i,818,10,3
16101,i,818,27,6
16102,i,818,42,7
16103,i,819,15,2
16104,i,820,3,0
16105,i,821,53,13
16106,i,821,62,15
16107,i,821,75,15
16108,i,821,84,17
16109,i,822,6,3
16110,i,822,11,4
16111,i,823,11,1
16112,i,823,14,2
16113,i,823,21,3
16114,i,823,27,3
16115,i,824,1,0
16116,i,824,39,9
16117,i,827,12,3
16118,i,827,13,3
16119,i,827,22,4
16120,i,827,30,6
16121,i,827,32,7
16122,i,827,39,8
16123,i,827,43,9
16124,i,827,49,11
16125,i,827,56,11
16126,i,827,65,13
16127,i,827,67,13
16128,i,827,72,14
16129,i,827,76,14
16130,i,827,80,14
16131,i,827,86,14
16132,i,827,94,15
16133,i,827,108,15
16134,i,827,110,15
16135,i,827,115,16
16136,i,827,117,16
16137,i,827,121,18
16138,i,828,9,0
16139,i,828,12,0
16140,i,829,7,0
16141,i,829,9,0
16142,i,829,12,0
16143,i,831,2,0
16144,i,832,2,0
16145,i,833,5,0
16146,i,833,14,1
16147,i,835,2,0
16148,i,845,4,1
16149,i,846,5,1
16150,i,846,18,5
16151,i,846,20,5
16152,i,846,29,9
16153,i,846,42,10
16154,i,846,50,10
16155,i,846,51,10
16156,i,846,64,12
16157,i,854,12,3
16158,i,858,1,0
16159,i,858,8,0
16160,i,859,4,0
16161,i,859,8,0
16162,i,860,3,0
16163,i,861,10,0
16164,i,861,22,3
16165,i,862,11,0
16166,i,863,2,0
16167,i,863,21,2
16168,i,865,10,1
16169,i,865,21,3
16170,i,866,0,0
16171,i,867,10,4
16172,i,868,24,9
16173,i,870,11,2
16174,i,871,6,3
16175,i,871,13,4
16176,i,872,4,0
16177,i,873,2,0
16178,i,873,4,1
16179,i,874,8,1
16180,i,875,3,0
16181,i,875,15,0
16182,i,876,0,0
16183,i,876,1,0
16184,i,876,6,1
16185,i,876,15,3
16186,i,877,1,0
16187,i,878,1,0
16188,i,878,5,0
16189,i,878,9,1
16190,i,878,13,2
16191,i,879,0,0
16192,i,879,7,0
16193,i,879,16,2
16194,i,879,20,2
16195,i,880,4,0
16196,i,881,0,0
16197,i,882,0,0
16198,i,887,4,0
16199,i,887,45,4
16200,i,887,52,7
16201,i,887,59,7
16202,i,887,61,7
16203,i,888,5,1
16204,i,888,38,7
16205,i,892,1,0
16206,i,892,8,0
16207,i,894,12,1
16208,i,895,2,0
16209,i,895,8,1
16210,i,896,10,0
16211,i,898,0,0
16212,i,898,5,0
16213,i,898,27,3
16214,i,898,39,5
16215,i,899,10,1
16216,i,900,8,1
16217,i,901,3,0
16218,i,903,11,0
16219,i,903,14,0
16220,i,904,4,0
16221,i,905,19,0
16222,i,907,3,0
16223,i,908,5,0
16224,i,910,16,3
16225,i,913,1,0
16226,i,913,6,1
16227,i,931,38,6
16228,i,931,48,8
16229,i,931,75,13
16230,i,931,80,14
16231,i,932,5,1
16232,i,933,19,3
16233,i,933,21,3
16234,i,933,45,10
16235,i,933,47,10
16236,i,933,62,14
16237,i,939,6,1
16238,i,940,9,2
16239,i,940,16,3
16240,i,940,23,3
16241,i,941,3,1
16242,i,944,5,0
16243,i,945,14,3
16244,i,947,0,0
16245,i,950,1,0
16246,i,952,6,4
16247,i,952,15,5
16248,i,954,2,0
16249,i,954,4,0
16250,i,958,0,0
16251,i,958,3,0
16252,i,971,33,7
16253,i,972,4,0
16254,i,974,24,6
16255,i,993,9,0
16256,i,997,5,0
16257,i,998,22,2
16258,i,998,24,2
16259,i,998,26,2
16260,i,999,1,0
16261,i,999,4,0
16262,i,999,5,0
16263,i,1002,1,0
16264,i,1002,9,0
16265,i,1004,0,0
16266,i,1004,2,0
16267,i,1007,1,0
16268,i,1007,3,0
16269,i,1009,16,1
16270,i,1009,18,1
16271,i,1009,20,1
16272,i,1009,22,1
16273,i,1011,9,0
16274,i,1011,10,0
16275,i,1016,0,0
16276,i,1016,4,0
16277,i,1022,18,3
16278,i,1023,5,1
16279,i,1023,9,1
16280,i,1023,21,3
16281,i,1023,22,3
16282,i,1024,32,6
16283,i,1024,43,7
16284,i,1024,45,7
16285,i,1024,55,8
16286,i,1025,30,3
16287,i,1025,35,3
16288,i,1025,37,3
16289,i,1025,64,9
16290,i,1025,65,9
16291,i,1025,68,9
16292,i,1025,71,9
16293,i,1025,78,9
16294,i,1025,81,9
16295,i,1027,3,0
16296,i,1028,1,0
16297,i,1029,2,0
16298,i,1033,24,5
16299,i,1034,13,1
16300,i,1035,3,0
16301,i,1035,4,0
16302,i,1035,9,0
16303,i,1035,16,1
16304,i,1035,18,1
16305,i,1035,23,3
16306,i,1040,25,4
16307,i,1042,3,0
16308,i,1042,12,0
16309,i,1042,38,3
16310,i,1042,43,4
16311,i,1042,49,5
16312,i,1042,58,6
16313,i,1042,67,7
16314,i,1042,70,8
16315,i,1042,71,8
16316,i,1042,78,10
16317,i,1043,21,1
16318,i,1043,40,3
16319,i,1043,42,3
16320,i,1043,82,10
16321,i,1045,10,0
16322,i,1046,1,0
16323,i,1047,18,2
16324,i,1047,21,2
16325,i,1050,3,0
16326,i,1050,9,0
16327,i,1050,13,0
16328,i,1050,17,0
16329,i,1052,0,0
16330,i,1056,25,2
16331,i,1056,28,2
16332,i,1064,3,0
16333,i,1064,6,0
16334,i,1066,7,1
16335,i,1066,16,5
16336,i,1068,9,0
16337,i,1071,12,0
16338,i,1072,17,3
16339,i,1078,1,0
16340,i,1081,16,0
16341,i,1089,1,0
16342,i,1091,17,3
16343,i,1092,25,1
16344,i,1100,15,1
16345,i,1107,10,2
16346,i,1108,7,1
16347,i,1118,11,0
16348,i,1118,15,0
16349,i,1118,40,5
16350,i,1124,12,4
16351,i,1124,16,4
16352,i,1124,24,7
16353,i,1124,32,8
16354,i,1124,37,8
16355,i,1125,0,0
16356,i,1125,5,0
16357,i,1125,11,0
16358,i,1125,18,2
16359,i,1125,28,2
16360,i,1125,32,2
16361,i,1126,3,1
16362,i,1126,12,1
16363,i,1126,15,1
16364,i,1126,23,1
16365,i,1126,24,1
16366,i,1126,26,1
16367,i,1138,14,3
16368,i,1140,6,0
16369,i,1141,1,0
16370,i,1179,1,0
16371,i,1206,13,1
16372,i,1231,23,7
16373,i,1235,27,2
16374,i,1237,2,0
16375,i,1238,3,0
16376,i,1243,8,2
16377,i,1243,16,3
16378,i,1253,26,7
16379,i,1254,0,0
16380,i,1274,6,2
16381,i,1284,0,0
16382,i,1284,10,1
16383,i,1284,22,2
16384,i,1293,12,1
16385,i,1303,27,1
16386,i,1308,9,2
16387,i,1317,19,2
16388,i,1318,10,2
16389,i,1319,2,0
16390,i,1322,3,0
16391,i,1323,9,1
16392,i,1323,12,1
16393,i,1324,0,0
16394,i,1326,2,0
16395,i,1336,8,1
16396,i,1336,25,1
16397,i,1338,5,0
16398,i,1343,7,2
16399,i,1346,3,0
16400,i,1347,3,0
16401,i,1349,0,0
16402,i,1349,1,0
16403,i,1349,13,1
16404,i,1353,3,0
16405,i,1360,1,0
16406,i,1360,13,0
16407,i,1363,22,0
16408,i,1371,5,0
16409,i,1372,10,1
16410,i,1373,4,1
16411,i,1374,2,0
16412,i,1379,0,0
16413,i,1379,9,2
16414,i,1379,10,2
16415,i,1379,14,2
16416,i,1379,15,2
16417,i,1381,2,0
16418,i,1381,4,0
16419,i,1381,10,0
16420,i,1384,1,0
16421,i,1388,18,5
16422,i,1388,21,5
16423,i,1388,25,5
16424,i,1391,2,0
16425,i,1394,7,0
16426,i,1397,23,2
16427,i,1397,31,3
16428,i,1397,36,4
16429,i,1400,0,0
16430,i,1400,1,0
16431,i,1413,54,8
16432,i,1413,60,10
16433,i,1419,4,1
16434,i,1420,4,0
16435,i,1422,17,0
16436,i,1422,21,1
16437,i,1422,27,1
16438,i,1423,1,0
16439,i,1424,17,3
16440,i,1424,37,6
16441,i,1425,0,0
16442,i,1426,2,0
16443,i,1427,5,1
16444,i,1427,9,2
16445,i,1427,32,3
16446,i,1427,46,3
16447,i,1427,49,4
16448,i,1429,9,1
16449,i,1429,46,8
16450,i,1429,47,8
16451,i,1430,0,0
16452,i,1432,17,2
16453,i,1435,15,1
16454,i,1436,2,0
16455,i,1436,9,1
16456,i,1436,17,3
16457,i,1436,44,7
16458,i,1436,56,8
16459,i,1437,13,0
16460,i,1441,17,1
16461,i,1441,29,3
16462,i,1441,30,3
16463,i,1443,13,1
16464,i,1443,61,9
16465,i,1444,1,0
16466,i,1444,8,2
16467,i,1444,10,2
16468,i,1444,11,2
16469,i,1444,14,2
16470,i,1444,17,2
16471,i,1444,21,2
16472,i,1444,37,5
16473,i,1446,20,4
16474,i,1462,18,2
16475,i,1468,8,3
16476,i,1468,16,5
16477,i,1471,11,0
16478,i,1471,12,0
16479,i,1472,6,0
16480,i,1475,6,0
16481,i,1476,29,0
16482,i,1476,34,1
16483,i,1489,1,0
16484,i,1490,50,5
16485,i,1493,13,0
16486,i,1494,6,0
16487,i,1495,2,0
16488,i,1495,7,0
16489,i,1496,13,1
16490,i,1498,0,0
16491,i,1499,0,0
16492,i,1504,13,1
16493,i,1505,25,1
16494,i,1505,28,2
16495,i,1505,34,2
16496,i,1506,3,0
16497,i,1508,6,0
16498,i,1509,1,0
16499,i,1509,27,1
16500,i,1510,11,1
16501,i,1510,14,2
16502,i,1510,26,6
16503,i,1510,27,6
16504,i,1511,0,0
16505,i,1515,8,0
16506,i,1531,14,1
16507,i,1535,2,0
16508,i,1549,18,3
16509,i,1557,9,0
16510,i,1559,0,0
16511,i,1560,2,0
16512,i,1564,0,0
16513,i,1576,9,1
16514,i,1577,13,4
16515,i,1579,3,0
16516,i,1579,5,0
16517,i,1579,10,1
16518,i,1580,10,2
16519,i,1580,11,2
16520,i,1583,3,0
16521,i,1586,5,0
16522,i,1589,6,0
16523,i,1595,21,3
16524,i,1596,2,0
16525,i,1598,10,0
16526,i,1614,41,7
16527,i,1614,46,7
16528,i,1617,3,0
16529,i,1618,0,0
16530,i,1618,4,1
16531,i,1623,5,1
16532,i,1624,2,0
16533,i,1626,3,1
16534,i,1628,28,5
16535,i,1650,12,3
16536,i,1650,15,3
16537,i,1651,1,0
16538,i,1651,5,0
16539,i,1660,18,7
16540,i,1661,12,1
16541,i,1662,2,0
16542,i,1662,26,2
16543,i,1665,52,9
16544,i,1687,5,0
16545,i,1689,1,0
16546,i,1693,0,0
16547,i,1694,18,1
16548,i,1697,10,1
16549,i,1697,26,5
16550,i,1702,2,0
16551,i,1702,8,1
16552,i,1713,4,0
16553,i,1716,7,1
16554,i,1717,13,3
16555,i,1720,34,4
16556,i,1738,1,0
16557,i,1743,1,0
16558,i,1744,24,4
16559,i,1746,1,0
16560,i,1746,6,1
16561,i,1746,8,1
16562,i,1746,10,1
16563,i,1748,5,1
16564,i,1749,17,1
16565,i,1752,2,0
16566,i,1752,4,0
16567,i,1754,3,2
16568,i,1770,9,0
16569,i,1770,15,2
16570,i,1770,19,2
16571,i,1771,2,0
16572,i,1771,6,0
16573,i,1772,6,0
16574,i,1780,3,1
16575,i,1780,5,1
16576,i,1780,7,1
16577,i,1783,15,2
16578,i,1784,12,2
16579,i(,65,8,3
16580,i0g,628,0,0
16581,i3th,42,10,2
16582,i4,824,20,4
16583,i^,460,27,10
16584,i^y,796,13,3
16585,ia,221,28,5
16586,ial,276,6,0
16587,iantly,285,2,1
16588,ible,394,1,0
16589,ica,117,15,7
16590,ically,1250,21,2
16591,icans,1302,4,1
16592,ice,658,19,6
16593,ice,1197,13,5
16594,ice,1665,66,12
16595,icis,744,9,2
16596,icy,885,2,0
16597,icy,1087,3,3
16598,icy,1135,19,7
16599,icy,1226,20,5
16600,icy,1260,9,3
16601,idea,397,4,1
16602,idea,409,1,1
16603,idea,690,10,2
16604,idea,1436,29,4
16605,idea,1441,31,3
16606,idea,1473,7,3
16607,idea,1807,2,1
16608,idea,1822,1,1
16609,iden,952,9,5
16610,iden,1081,18,0
16611,identify,1118,23,2
16612,idiocy,687,15,5
16613,idiot,1739,13,3
16614,idle,952,19,5
16615,idled,383,30,6
16616,idly,503,37,5
16617,idly,898,17,2
16618,if,33,9,1
16619,if,37,0,0
16620,if,50,0,0
16621,if,64,17,2
16622,if,67,9,1
16623,if,78,5,0
16624,if,105,11,2
16625,if,166,21,3
16626,if,211,8,0
16627,if,228,2,0
16628,if,237,2,0
16629,if,262,3,0
16630,if,306,10,1
16631,if,315,34,9
16632,if,338,2,1
16633,if,424,9,1
16634,if,476,22,6
16635,if,491,41,6
16636,if,501,8,1
16637,if,525,35,7
16638,if,534,1,0
16639,if,626,33,8
16640,if,680,37,6
16641,if,692,11,1
16642,if,701,9,0
16643,if,701,18,1
16644,if,701,28,3
16645,if,733,9,1
16646,if,756,0,0
16647,if,779,12,2
16648,if,805,13,5
16649,if,816,36,6
16650,if,827,47,10
16651,if,844,8,1
16652,if,846,45,10
16653,if,902,0,0
16654,if,911,5,0
16655,if,912,0,0
16656,if,915,5,1
16657,if,933,23,3
16658,if,990,39,11
16659,if,993,11,0
16660,if,999,0,0
16661,if,1017,6,0
16662,if,1025,77,9
16663,if,1035,17,1
16664,if,1056,5,0
16665,if,1057,11,1
16666,if,1124,35,8
16667,if,1140,5,0
16668,if,1149,13,2
16669,if,1165,14,2
16670,if,1234,2,0
16671,if,1237,1,0
16672,if,1297,6,2
16673,if,1317,2,0
16674,if,1354,17,3
16675,if,1397,14,1
16676,if,1401,9,0
16677,if,1437,7,0
16678,if,1444,0,0
16679,if,1444,34,5
16680,if,1508,5,0
16681,if,1520,4,0
16682,if,1551,6,0
16683,if,1705,16,5
16684,if,1712,2,0
16685,if,1739,8,2
16686,if,1772,2,0
16687,if,1817,3,1
16688,ignoble,852,4,0
16689,ignorant,744,21,4
16690,igth,118,24,5
16691,ii,78,15,3
16692,ii,382,18,3
16693,ii,624,23,6
16694,ii,814,2,1
16695,ii,909,0,0
16696,ii,943,9,2
16697,ii,1030,1,1
16698,ii,1292,75,14
16699,ii,1667,3,1
16700,iiesitated,1364,4,2
16701,iii,202,75,20
16702,iii,407,5,2
16703,iii,729,10,2
16704,iii,1329,10,4
16705,ike,495,28,6
16706,ikiie,1047,2,0
16707,il,1292,11,2
16708,ilde,139,7,2
16709,iled,269,19,6
16710,ill,211,1,0
16711,ill,425,13,3
16712,ill,425,43,9
16713,ill,429,12,2
16714,ill,430,9,1
16715,ill,436,9,0
16716,ill,658,42,13
16717,ill,701,22,1
16718,ill,828,3,0
16719,ill,828,13,0
16720,ill,1375,35,5
16721,ill,1531,4,1
16722,ill,1737,24,5
16723,illumi,249,44,14
16724,illusions,1431,12,1
16725,illustrated,8,2,1
16726,illustrated,8,14,8
16727,illustrations,4,1,1
16728,iloor,1268,1,1
16729,ily,792,3,0
16730,im,638,9,0
16731,im,1806,30,5
16732,imagine,993,17,1
16733,imagine,1243,17,3
16734,imagine,1702,10,1
16735,imagined,240,4,0
16736,imbedded,848,18,6
16737,immense,1805,2,1
16738,immerse,341,2,0
16739,immersed,367,17,4
16740,immoiselle,835,6,0
16741,immortal,1652,7,2
16742,imoney,187,5,1
16743,impatience,677,6,0
16744,impatience,737,6,1
16745,impatient,1127,44,9
16746,impatiently,159,26,2
16747,impatiently,1002,20,1
16748,imperceptible,1348,10,1
16749,imperial,268,15,4
16750,imperial,299,5,0
16751,impetuous,164,15,1
16752,important,179,2,0
16753,important,202,73,19
16754,important,263,8,3
16755,important,1678,14,3
16756,impos,168,7,0
16757,impossible,76,2,0
16758,impossible,112,9,0
16759,impossible,351,3,0
16760,impossible,573,33,6
16761,impossible,595,5,0
16762,impossible,688,21,1
16763,impression,577,18,3
16764,impression,1518,4,1
16765,impressions,575,8,2
16766,imprison,84,25,5
16767,impudent,168,42,6
16768,impulsively,1375,10,2
16769,in,0,2,2
16770,in,8,7,5
16771,in,11,1,1
16772,in,11,5,2
16773,in,13,25,13
16774,in,17,15,5
16775,in,17,23,7
16776,in,18,2,2
16777,in,25,5,2
16778,in,28,1,1
16779,in,28,7,3
16780,in,28,28,10
16781,in,28,44,12
16782,in,28,45,13
16783,in,28,52,16
16784,in,29,10,5
16785,in,31,7,1
16786,in,32,13,3
16787,in,38,29,9
16788,in,38,33,10
16789,in,38,41,13
16790,in,39,9,3
16791,in,41,35,7
16792,in,43,0,1
16793,in,43,5,3
16794,in,43,53,15
16795,in,46,6,2
16796,in,48,2,2
16797,in,57,6,1
16798,in,58,83,17
16799,in,58,90,20
16800,in,61,18,5
16801,in,62,6,2
16802,in,63,6,1
16803,in,64,12,2
16804,in,64,26,4
16805,in,66,6,1
16806,in,67,17,2
16807,in,67,26,4
16808,in,70,22,4
16809,in,72,14,1
16810,in,73,30,7
16811,in,73,32,9
16812,in,76,25,2
16813,in,78,7,1
16814,in,80,1,1
16815,in,83,10,3
16816,in,84,13,2
16817,in,84,26,6
16818,in,91,6,1
16819,in,96,10,3
16820,in,104,3,2
16821,in,105,15,3
16822,in,105,17,5
16823,in,111,10,4
16824,in,112,27,2
16825,in,116,10,4
16826,in,118,39,9
16827,in,124,12,2
16828,in,124,26,5
16829,in,129,21,5
16830,in,130,2,1
16831,in,133,28,8
16832,in,146,6,2
16833,in,149,1,2
16834,in,149,9,3
16835,in,151,13,5
16836,in,152,6,2
16837,in,152,29,10
16838,in,157,1,1
16839,in,158,13,2
16840,in,162,15,2
16841,in,166,30,4
16842,in,166,44,9
16843,in,166,46,10
16844,in,166,50,13
16845,in,167,21,9
16846,in,167,24,11
16847,in,168,48,9
16848,in,169,5,1
16849,in,173,10,2
16850,in,175,6,3
16851,in,198,15,4
16852,in,202,51,14
16853,in,203,3,1
16854,in,204,13,4
16855,in,204,27,7
16856,in,204,31,9
16857,in,206,2,1
16858,in,206,4,3
16859,in,208,9,1
16860,in,209,9,2
16861,in,214,2,2
16862,in,214,15,4
16863,in,215,4,2
16864,in,217,14,2
16865,in,217,30,5
16866,in,219,9,2
16867,in,221,17,4
16868,in,224,5,1
16869,in,235,4,1
16870,in,237,12,1
16871,in,240,9,1
16872,in,242,8,3
16873,in,244,14,5
16874,in,246,8,3
16875,in,246,30,9
16876,in,249,31,10
16877,in,252,16,1
16878,in,252,29,5
16879,in,253,2,1
16880,in,255,7,3
16881,in,255,15,4
16882,in,261,1,1
16883,in,264,9,2
16884,in,266,5,2
16885,in,269,23,7
16886,in,272,1,1
16887,in,278,0,1
16888,in,281,1,1
16889,in,282,21,6
16890,in,284,6,4
16891,in,284,14,7
16892,in,285,4,2
16893,in,285,21,6
16894,in,287,0,1
16895,in,289,39,10
16896,in,294,3,1
16897,in,296,10,1
16898,in,298,9,1
16899,in,300,3,2
16900,in,300,4,3
16901,in,311,1,1
16902,in,322,4,2
16903,in,325,20,6
16904,in,327,3,1
16905,in,331,8,2
16906,in,333,8,3
16907,in,334,1,1
16908,in,336,5,1
16909,in,337,12,3
16910,in,338,3,2
16911,in,351,8,3
16912,in,351,18,6
16913,in,355,8,2
16914,in,361,0,1
16915,in,365,9,2
16916,in,365,37,10
16917,in,367,6,2
16918,in,368,3,1
16919,in,368,17,2
16920,in,370,21,2
16921,in,378,13,3
16922,in,382,5,2
16923,in,383,17,5
16924,in,384,7,4
16925,in,384,9,5
16926,in,385,17,7
16927,in,385,31,10
16928,in,386,73,8
16929,in,388,1,1
16930,in,389,2,1
16931,in,390,4,2
16932,in,393,2,1
16933,in,393,25,8
16934,in,397,19,5
16935,in,405,15,5
16936,in,409,5,2
16937,in,410,3,1
16938,in,413,38,7
16939,in,414,23,6
16940,in,415,1,1
16941,in,415,21,2
16942,in,420,10,2
16943,in,423,14,3
16944,in,423,37,7
16945,in,423,40,8
16946,in,423,46,10
16947,in,425,37,7
16948,in,426,9,1
16949,in,426,28,6
16950,in,428,17,3
16951,in,428,34,11
16952,in,428,37,12
16953,in,434,22,7
16954,in,434,59,10
16955,in,434,79,13
16956,in,437,11,2
16957,in,437,13,4
16958,in,449,9,3
16959,in,450,9,3
16960,in,459,7,2
16961,in,463,8,1
16962,in,463,15,3
16963,in,471,5,2
16964,in,472,17,5
16965,in,473,3,2
16966,in,477,10,2
16967,in,480,7,1
16968,in,481,9,2
16969,in,481,19,4
16970,in,491,51,11
16971,in,494,18,3
16972,in,495,5,2
16973,in,495,16,4
16974,in,499,7,3
16975,in,499,18,7
16976,in,499,20,8
16977,in,504,6,3
16978,in,508,7,2
16979,in,508,14,4
16980,in,508,22,5
16981,in,515,5,1
16982,in,517,3,1
16983,in,520,21,3
16984,in,525,76,13
16985,in,526,37,6
16986,in,528,7,3
16987,in,529,49,12
16988,in,529,57,16
16989,in,529,83,23
16990,in,531,6,3
16991,in,531,18,6
16992,in,533,6,2
16993,in,537,6,2
16994,in,540,12,4
16995,in,540,14,6
16996,in,540,36,10
16997,in,542,16,2
16998,in,553,3,1
16999,in,558,13,2
17000,in,560,6,1
17001,in,562,9,3
17002,in,566,2,1
17003,in,567,28,5
17004,in,567,38,7
17005,in,567,41,8
17006,in,569,17,3
17007,in,573,9,1
17008,in,573,15,3
17009,in,573,38,7
17010,in,574,1,1
17011,in,574,8,5
17012,in,575,30,8
17013,in,589,33,6
17014,in,593,11,1
17015,in,594,27,1
17016,in,595,11,3
17017,in,598,1,1
17018,in,605,6,2
17019,in,608,14,2
17020,in,620,11,2
17021,in,624,8,4
17022,in,624,11,5
17023,in,626,40,9
17024,in,626,54,13
17025,in,626,76,20
17026,in,633,5,2
17027,in,635,18,5
17028,in,648,6,2
17029,in,658,4,2
17030,in,662,2,1
17031,in,664,16,1
17032,in,669,14,1
17033,in,669,21,3
17034,in,672,7,2
17035,in,672,25,7
17036,in,673,13,3
17037,in,674,22,5
17038,in,675,7,1
17039,in,678,14,7
17040,in,680,22,5
17041,in,686,8,1
17042,in,688,37,2
17043,in,690,5,2
17044,in,691,1,2
17045,in,691,25,7
17046,in,692,0,1
17047,in,693,26,8
17048,in,694,5,1
17049,in,700,7,3
17050,in,703,7,3
17051,in,704,11,2
17052,in,720,33,3
17053,in,726,4,2
17054,in,726,7,4
17055,in,728,17,3
17056,in,730,35,5
17057,in,730,54,10
17058,in,731,15,3
17059,in,731,42,8
17060,in,743,7,2
17061,in,743,38,8
17062,in,743,45,9
17063,in,744,35,7
17064,in,744,42,10
17065,in,744,54,13
17066,in,744,70,17
17067,in,746,2,1
17068,in,746,21,7
17069,in,746,26,9
17070,in,748,18,5
17071,in,751,2,1
17072,in,755,9,2
17073,in,759,22,4
17074,in,761,1,1
17075,in,761,25,8
17076,in,765,7,4
17077,in,765,12,5
17078,in,768,16,5
17079,in,769,8,2
17080,in,772,13,6
17081,in,776,10,1
17082,in,777,5,1
17083,in,778,39,5
17084,in,779,5,2
17085,in,786,2,1
17086,in,790,10,4
17087,in,806,12,2
17088,in,806,23,5
17089,in,808,5,2
17090,in,809,14,3
17091,in,810,5,1
17092,in,813,7,5
17093,in,815,7,4
17094,in,816,19,5
17095,in,816,37,7
17096,in,818,13,4
17097,in,818,21,6
17098,in,820,11,3
17099,in,821,33,7
17100,in,822,7,4
17101,in,822,12,5
17102,in,824,6,1
17103,in,824,26,6
17104,in,824,41,10
17105,in,824,44,11
17106,in,826,7,3
17107,in,826,8,4
17108,in,827,27,5
17109,in,827,29,6
17110,in,834,2,1
17111,in,844,23,5
17112,in,845,6,2
17113,in,846,27,9
17114,in,846,36,10
17115,in,848,19,7
17116,in,849,5,4
17117,in,850,3,2
17118,in,852,9,2
17119,in,853,0,1
17120,in,854,25,6
17121,in,856,8,2
17122,in,861,18,3
17123,in,865,12,2
17124,in,866,9,6
17125,in,867,7,4
17126,in,868,8,5
17127,in,870,5,2
17128,in,871,4,2
17129,in,879,10,2
17130,in,881,5,3
17131,in,882,6,1
17132,in,887,49,6
17133,in,891,6,1
17134,in,892,17,1
17135,in,896,11,1
17136,in,903,16,1
17137,in,908,14,3
17138,in,910,9,3
17139,in,911,18,1
17140,in,915,1,1
17141,in,916,12,2
17142,in,917,3,2
17143,in,922,2,1
17144,in,925,2,1
17145,in,927,2,1
17146,in,930,6,2
17147,in,931,7,1
17148,in,931,12,2
17149,in,931,66,11
17150,in,931,67,12
17151,in,931,77,14
17152,in,933,30,4
17153,in,935,6,2
17154,in,947,19,7
17155,in,947,34,13
17156,in,949,36,8
17157,in,956,8,2
17158,in,956,14,4
17159,in,957,9,3
17160,in,961,12,3
17161,in,963,8,1
17162,in,964,8,2
17163,in,967,7,4
17164,in,969,5,4
17165,in,970,0,1
17166,in,971,7,3
17167,in,971,11,4
17168,in,978,19,6
17169,in,980,2,2
17170,in,980,9,4
17171,in,980,12,6
17172,in,983,5,4
17173,in,983,7,5
17174,in,985,3,2
17175,in,985,16,6
17176,in,987,12,3
17177,in,990,1,2
17178,in,990,54,13
17179,in,998,7,1
17180,in,1013,5,3
17181,in,1017,10,2
17182,in,1023,29,5
17183,in,1024,76,10
17184,in,1029,13,1
17185,in,1031,2,1
17186,in,1031,5,3
17187,in,1034,15,3
17188,in,1035,20,2
17189,in,1037,13,6
17190,in,1038,2,1
17191,in,1038,4,2
17192,in,1039,6,1
17193,in,1042,24,2
17194,in,1042,32,3
17195,in,1042,50,6
17196,in,1055,8,3
17197,in,1058,7,3
17198,in,1072,4,1
17199,in,1084,21,6
17200,in,1086,12,5
17201,in,1091,13,2
17202,in,1095,10,2
17203,in,1101,5,1
17204,in,1105,1,2
17205,in,1106,55,11
17206,in,1106,78,16
17207,in,1107,11,3
17208,in,1108,4,1
17209,in,1110,8,4
17210,in,1115,15,4
17211,in,1116,1,1
17212,in,1120,28,3
17213,in,1124,1,2
17214,in,1125,16,2
17215,in,1132,4,2
17216,in,1135,12,4
17217,in,1135,17,6
17218,in,1138,4,1
17219,in,1142,26,8
17220,in,1142,53,16
17221,in,1143,37,9
17222,in,1148,9,3
17223,in,1152,14,4
17224,in,1155,41,8
17225,in,1159,14,2
17226,in,1162,10,3
17227,in,1174,2,2
17228,in,1174,6,4
17229,in,1175,5,3
17230,in,1178,4,2
17231,in,1180,9,2
17232,in,1182,4,2
17233,in,1187,5,1
17234,in,1193,4,2
17235,in,1193,25,7
17236,in,1194,9,4
17237,in,1194,25,7
17238,in,1195,3,2
17239,in,1197,11,4
17240,in,1205,15,4
17241,in,1214,12,6
17242,in,1218,4,2
17243,in,1218,14,4
17244,in,1219,1,1
17245,in,1223,9,3
17246,in,1229,12,2
17247,in,1229,25,9
17248,in,1229,29,10
17249,in,1230,8,4
17250,in,1231,10,3
17251,in,1231,13,5
17252,in,1233,2,1
17253,in,1233,8,3
17254,in,1243,14,3
17255,in,1253,15,3
17256,in,1256,0,1
17257,in,1258,6,3
17258,in,1263,8,3
17259,in,1264,4,2
17260,in,1265,37,10
17261,in,1267,16,5
17262,in,1268,6,2
17263,in,1272,9,3
17264,in,1273,6,3
17265,in,1273,37,12
17266,in,1276,0,1
17267,in,1280,20,7
17268,in,1280,31,10
17269,in,1283,7,1
17270,in,1288,10,1
17271,in,1289,3,2
17272,in,1291,14,2
17273,in,1291,26,4
17274,in,1292,56,12
17275,in,1296,3,3
17276,in,1297,2,1
17277,in,1298,1,2
17278,in,1301,16,4
17279,in,1301,22,6
17280,in,1304,2,2
17281,in,1304,14,5
17282,in,1304,25,9
17283,in,1313,4,2
17284,in,1314,19,6
17285,in,1315,0,1
17286,in,1320,7,3
17287,in,1320,24,9
17288,in,1323,14,2
17289,in,1327,7,2
17290,in,1331,19,5
17291,in,1332,2,1
17292,in,1332,3,2
17293,in,1333,15,3
17294,in,1334,18,6
17295,in,1349,14,2
17296,in,1351,6,2
17297,in,1354,13,2
17298,in,1356,9,1
17299,in,1357,14,3
17300,in,1364,17,3
17301,in,1374,6,2
17302,in,1376,0,1
17303,in,1377,10,3
17304,in,1379,3,2
17305,in,1386,4,2
17306,in,1386,12,4
17307,in,1388,44,9
17308,in,1404,8,1
17309,in,1405,0,1
17310,in,1408,4,1
17311,in,1409,8,4
17312,in,1413,2,1
17313,in,1413,23,3
17314,in,1413,34,6
17315,in,1413,42,7
17316,in,1420,34,5
17317,in,1435,18,2
17318,in,1436,10,2
17319,in,1436,18,4
17320,in,1436,32,5
17321,in,1436,38,6
17322,in,1440,2,1
17323,in,1442,10,3
17324,in,1443,45,7
17325,in,1444,7,2
17326,in,1446,36,7
17327,in,1447,6,3
17328,in,1449,6,1
17329,in,1449,28,6
17330,in,1452,15,3
17331,in,1452,19,5
17332,in,1453,12,3
17333,in,1457,19,9
17334,in,1457,23,11
17335,in,1459,7,2
17336,in,1460,1,1
17337,in,1460,27,3
17338,in,1460,57,8
17339,in,1462,16,2
17340,in,1464,4,2
17341,in,1468,13,5
17342,in,1469,7,1
17343,in,1470,23,2
17344,in,1477,11,2
17345,in,1477,37,8
17346,in,1478,3,1
17347,in,1479,10,3
17348,in,1483,10,3
17349,in,1483,38,9
17350,in,1484,9,1
17351,in,1488,18,4
17352,in,1501,2,1
17353,in,1501,5,4
17354,in,1504,16,2
17355,in,1506,4,1
17356,in,1507,9,2
17357,in,1507,13,4
17358,in,1517,2,1
17359,in,1521,15,5
17360,in,1522,4,1
17361,in,1524,48,13
17362,in,1524,68,17
17363,in,1525,3,1
17364,in,1529,0,1
17365,in,1530,4,1
17366,in,1533,10,2
17367,in,1535,26,3
17368,in,1537,1,1
17369,in,1540,1,2
17370,in,1545,11,3
17371,in,1548,17,6
17372,in,1548,57,13
17373,in,1549,19,4
17374,in,1549,21,5
17375,in,1555,18,4
17376,in,1569,12,4
17377,in,1571,32,9
17378,in,1572,5,2
17379,in,1572,24,8
17380,in,1574,56,19
17381,in,1574,58,20
17382,in,1577,2,1
17383,in,1582,9,2
17384,in,1587,3,1
17385,in,1594,7,5
17386,in,1595,5,1
17387,in,1597,19,2
17388,in,1598,26,3
17389,in,1600,1,2
17390,in,1602,18,8
17391,in,1608,3,2
17392,in,1614,27,6
17393,in,1614,49,8
17394,in,1614,53,10
17395,in,1614,66,12
17396,in,1624,6,1
17397,in,1628,32,6
17398,in,1628,35,7
17399,in,1633,20,5
17400,in,1640,21,5
17401,in,1641,4,1
17402,in,1647,9,5
17403,in,1648,5,1
17404,in,1650,18,4
17405,in,1650,22,5
17406,in,1660,1,2
17407,in,1662,11,1
17408,in,1663,1,1
17409,in,1664,4,1
17410,in,1664,6,3
17411,in,1665,14,4
17412,in,1666,11,1
17413,in,1668,22,6
17414,in,1669,1,1
17415,in,1673,4,3
17416,in,1674,3,1
17417,in,1675,18,6
17418,in,1675,34,8
17419,in,1676,1,1
17420,in,1678,30,8
17421,in,1679,8,3
17422,in,1685,11,6
17423,in,1697,22,5
17424,in,1697,31,7
17425,in,1697,37,9
17426,in,1697,42,10
17427,in,1698,5,1
17428,in,1699,4,2
17429,in,1699,35,10
17430,in,1699,36,11
17431,in,1699,40,13
17432,in,1700,27,12
17433,in,1700,38,15
17434,in,1705,3,1
17435,in,1705,7,2
17436,in,1713,10,1
17437,in,1713,15,2
17438,in,1713,17,3
17439,in,1713,24,5
17440,in,1719,8,2
17441,in,1720,25,3
17442,in,1722,9,2
17443,in,1723,3,2
17444,in,1724,3,2
17445,in,1726,5,3
17446,in,1726,16,6
17447,in,1726,19,7
17448,in,1731,6,1
17449,in,1731,10,2
17450,in,1733,7,2
17451,in,1734,11,3
17452,in,1736,23,5
17453,in,1739,25,5
17454,in,1740,12,3
17455,in,1740,28,8
17456,in,1740,33,10
17457,in,1741,5,1
17458,in,1746,2,1
17459,in,1747,2,1
17460,in,1749,15,1
17461,in,1751,5,2
17462,in,1752,7,1
17463,in,1754,1,1
17464,in,1755,4,1
17465,in,1758,6,2
17466,in,1758,17,5
17467,in,1761,3,2
17468,in,1765,5,2
17469,in,1768,8,1
17470,in,1769,1,1
17471,in,1769,51,9
17472,in,1770,14,2
17473,in,1770,25,3
17474,in,1774,32,7
17475,in,1774,37,9
17476,in,1781,9,2
17477,in,1783,7,1
17478,in,1789,5,4
17479,in,1789,20,10
17480,in,1789,28,12
17481,in,1791,10,3
17482,in,1792,14,5
17483,in,1795,21,4
17484,in,1795,24,5
17485,in,1796,11,2
17486,in,1799,14,2
17487,in,1799,18,3
17488,in,1805,20,7
17489,in,1815,3,3
17490,in,1815,23,8
17491,in,1815,45,14
17492,in,1815,54,16
17493,in,1819,19,5
17494,in,1822,24,8
17495,in,1824,7,2
17496,in,1826,6,1
17497,in,1832,19,5
17498,in,1832,36,9
17499,in,1832,45,13
17500,in,1836,3,1
17501,"in""",50,3,1
17502,incentive,1708,19,7
17503,inclined,1419,8,2
17504,included,575,28,6
17505,increase,116,9,3
17506,increase,1095,25,4
17507,increased,1732,34,4
17508,indiscreet,933,20,3
17509,infection,583,9,3
17510,infectious,40,5,2
17511,infinite,414,25,6
17512,infinite,864,4,0
17513,influence,258,19,0
17514,influence,446,5,1
17515,influence,1737,20,5
17516,injured,743,9,2
17517,ink,1831,8,2
17518,inland,761,15,6
17519,innocence,848,6,1
17520,innocence,1618,13,2
17521,innocent,693,16,3
17522,innocent,710,6,2
17523,innocent,1429,50,8
17524,inquire,933,22,3
17525,inquire,1822,19,6
17526,insane,159,82,5
17527,insane,255,28,10
17528,insane,306,12,1
17529,insanity,32,19,5
17530,inside,152,32,10
17531,inside,540,20,6
17532,inside,1592,10,1
17533,insist,434,89,14
17534,inspect,1670,8,2
17535,inspector,43,69,21
17536,instance,76,12,0
17537,instant,145,2,2
17538,instant,334,10,5
17539,instant,411,6,2
17540,instant,768,3,2
17541,instant,768,18,6
17542,instant,850,15,5
17543,instant,1106,89,19
17544,instant,1123,2,2
17545,instant,1193,1,1
17546,instant,1226,24,7
17547,instant,1488,1,1
17548,instant,1488,21,5
17549,instant,1660,3,3
17550,instant,1769,13,3
17551,instantly,332,0,0
17552,instantly,577,7,2
17553,instantly,1245,32,4
17554,instantly,1657,2,1
17555,instead,486,5,0
17556,instead,506,25,4
17557,instead,616,2,0
17558,instinct,693,8,1
17559,instinct,1710,8,1
17560,instinctive,1521,2,1
17561,instrument,509,4,1
17562,insult,290,2,1
17563,intelligent,178,3,1
17564,intend,1035,10,0
17565,intense,525,59,11
17566,intense,577,23,4
17567,intense,981,2,1
17568,intention,663,6,1
17569,intention,1807,8,2
17570,interest,62,5,1
17571,interest,293,15,3
17572,interested,57,2,0
17573,interested,366,4,1
17574,interpret,385,27,8
17575,interval,528,31,8
17576,interview,357,4,2
17577,intimate,933,33,5
17578,intimately,1389,2,0
17579,intimidate,1705,12,4
17580,into,23,20,4
17581,into,36,6,3
17582,into,42,44,11
17583,into,115,9,3
17584,into,132,16,3
17585,into,139,4,2
17586,into,141,6,2
17587,into,142,27,4
17588,into,149,12,5
17589,into,216,14,4
17590,into,239,13,2
17591,into,244,8,2
17592,into,269,27,8
17593,into,279,3,1
17594,into,315,11,5
17595,into,318,3,1
17596,into,318,18,5
17597,into,326,13,3
17598,into,365,23,6
17599,into,383,35,7
17600,into,384,22,9
17601,into,402,12,2
17602,into,424,17,3
17603,into,437,3,1
17604,into,439,23,2
17605,into,456,12,3
17606,into,458,9,5
17607,into,460,11,4
17608,into,465,20,7
17609,into,495,14,3
17610,into,495,36,9
17611,into,495,45,11
17612,into,497,2,1
17613,into,499,4,2
17614,into,525,54,9
17615,into,535,21,2
17616,into,541,7,1
17617,into,541,25,3
17618,into,554,22,5
17619,into,559,9,2
17620,into,573,95,15
17621,into,578,26,4
17622,into,605,2,1
17623,into,609,4,1
17624,into,658,26,8
17625,into,660,19,6
17626,into,670,8,1
17627,into,676,14,3
17628,into,702,2,1
17629,into,709,41,4
17630,into,730,32,4
17631,into,736,9,3
17632,into,741,9,2
17633,into,743,13,3
17634,into,748,3,2
17635,into,748,5,3
17636,into,750,24,3
17637,into,751,5,4
17638,into,761,13,5
17639,into,772,6,3
17640,into,809,37,9
17641,into,813,1,1
17642,into,815,16,8
17643,into,826,6,2
17644,into,827,118,17
17645,into,833,13,1
17646,into,921,7,3
17647,into,928,12,4
17648,into,931,27,4
17649,into,937,15,2
17650,into,949,15,4
17651,into,949,40,10
17652,into,966,6,2
17653,into,1019,18,7
17654,into,1025,93,12
17655,into,1033,14,3
17656,into,1036,16,4
17657,into,1037,6,3
17658,into,1040,20,3
17659,into,1069,32,9
17660,into,1082,11,5
17661,into,1104,17,3
17662,into,1117,9,5
17663,into,1121,3,1
17664,into,1121,21,5
17665,into,1136,3,2
17666,into,1160,7,3
17667,into,1169,3,1
17668,into,1181,16,2
17669,into,1186,8,3
17670,into,1194,33,10
17671,into,1217,15,4
17672,into,1224,10,2
17673,into,1225,4,2
17674,into,1231,18,6
17675,into,1236,12,5
17676,into,1240,27,8
17677,into,1250,27,4
17678,into,1263,25,9
17679,into,1280,12,2
17680,into,1290,7,2
17681,into,1318,13,3
17682,into,1334,21,7
17683,into,1421,7,2
17684,into,1421,19,6
17685,into,1429,15,3
17686,into,1460,64,11
17687,into,1469,13,2
17688,into,1474,7,2
17689,into,1477,14,3
17690,into,1482,8,1
17691,into,1545,44,6
17692,into,1616,2,1
17693,into,1658,10,3
17694,into,1670,3,2
17695,into,1685,1,1
17696,into,1705,13,5
17697,into,1721,9,1
17698,into,1805,13,5
17699,into,1822,13,5
17700,into,1826,27,5
17701,into,1828,1,1
17702,intolerable,44,22,5
17703,intolerance,28,26,9
17704,introduction,1022,19,3
17705,investment,192,13,1
17706,invitation,1312,16,5
17707,invite,111,1,0
17708,inward,490,19,6
17709,io,590,3,1
17710,io,641,7,1
17711,ion,1190,4,1
17712,ionic,43,12,5
17713,ioo,574,12,6
17714,ious,162,14,1
17715,iris,1571,28,8
17716,irlandaises,1098,3,0
17717,iron,42,43,10
17718,iron,542,36,8
17719,iron,546,8,3
17720,iron,562,22,6
17721,iron,1149,19,4
17722,iron,1240,33,10
17723,iron,1250,1,1
17724,iron,1821,3,2
17725,iron,1825,13,3
17726,iron,1830,26,8
17727,irregular,1106,2,0
17728,irresistible,38,32,9
17729,irri,730,45,6
17730,is,28,38,11
17731,is,28,41,11
17732,is,38,1,1
17733,is,45,1,0
17734,is,64,11,1
17735,is,66,3,0
17736,is,70,18,3
17737,is,70,21,3
17738,is,71,2,0
17739,is,76,1,0
17740,is,76,24,1
17741,is,77,2,0
17742,is,112,1,0
17743,is,121,6,0
17744,is,122,2,0
17745,is,127,21,4
17746,is,140,4,0
17747,is,144,12,3
17748,is,148,13,4
17749,is,159,11,2
17750,is,159,29,2
17751,is,159,52,4
17752,is,178,0,0
17753,is,180,4,0
17754,is,182,4,0
17755,is,192,5,1
17756,is,221,21,4
17757,is,223,1,0
17758,is,223,10,0
17759,is,227,3,0
17760,is,228,5,1
17761,is,250,2,1
17762,is,298,5,0
17763,is,335,1,0
17764,is,337,48,10
17765,is,339,2,0
17766,is,379,3,0
17767,is,386,7,0
17768,is,386,50,5
17769,is,405,25,6
17770,is,408,8,0
17771,is,408,14,0
17772,is,413,27,4
17773,is,449,1,1
17774,is,460,1,0
17775,is,460,24,8
17776,is,462,13,1
17777,is,476,29,6
17778,is,526,51,10
17779,is,527,1,0
17780,is,542,23,3
17781,is,542,33,7
17782,is,547,5,0
17783,is,547,6,0
17784,is,550,4,3
17785,is,550,11,4
17786,is,573,20,4
17787,is,573,77,13
17788,is,616,3,0
17789,is,620,2,0
17790,is,620,14,3
17791,is,627,17,3
17792,is,627,20,3
17793,is,631,19,7
17794,is,634,2,0
17795,is,638,5,0
17796,is,647,8,0
17797,is,647,10,0
17798,is,657,26,1
17799,is,666,10,2
17800,is,668,6,1
17801,is,750,18,1
17802,is,759,14,2
17803,is,782,11,0
17804,is,783,1,0
17805,is,785,15,0
17806,is,801,20,3
17807,is,802,2,0
17808,is,852,12,3
17809,is,854,3,1
17810,is,854,7,1
17811,is,855,4,0
17812,is,856,6,1
17813,is,856,7,1
17814,is,862,13,0
17815,is,862,16,0
17816,is,865,25,6
17817,is,870,8,2
17818,is,870,15,3
17819,is,870,21,3
17820,is,887,13,1
17821,is,892,11,0
17822,is,898,8,0
17823,is,898,42,5
17824,is,901,10,0
17825,is,903,5,0
17826,is,910,1,0
17827,is,911,7,0
17828,is,912,2,0
17829,is,932,2,1
17830,is,932,12,3
17831,is,933,11,2
17832,is,933,26,3
17833,is,933,53,11
17834,is,933,66,14
17835,is,938,2,0
17836,is,939,10,1
17837,is,939,21,1
17838,is,941,27,9
17839,is,944,0,0
17840,is,951,1,0
17841,is,951,6,0
17842,is,952,1,1
17843,is,952,18,5
17844,is,952,25,5
17845,is,955,7,1
17846,is,955,8,1
17847,is,957,7,1
17848,is,961,10,2
17849,is,972,3,0
17850,is,990,30,9
17851,is,990,41,11
17852,is,993,13,0
17853,is,1000,4,0
17854,is,1001,16,4
17855,is,1003,40,6
17856,is,1006,5,1
17857,is,1008,13,3
17858,is,1024,38,7
17859,is,1025,39,3
17860,is,1042,1,0
17861,is,1042,19,1
17862,is,1042,66,7
17863,is,1043,31,2
17864,is,1045,9,0
17865,is,1050,38,1
17866,is,1056,41,5
17867,is,1062,0,0
17868,is,1062,3,0
17869,is,1068,1,0
17870,is,1071,7,0
17871,is,1073,8,0
17872,is,1079,8,3
17873,is,1081,2,0
17874,is,1106,1,0
17875,is,1106,10,1
17876,is,1107,2,0
17877,is,1114,4,1
17878,is,1118,6,0
17879,is,1118,14,0
17880,is,1126,65,4
17881,is,1139,4,2
17882,is,1233,7,2
17883,is,1245,2,0
17884,is,1245,9,0
17885,is,1268,43,6
17886,is,1270,1,0
17887,is,1270,2,0
17888,is,1270,5,0
17889,is,1270,12,2
17890,is,1273,35,11
17891,is,1290,23,4
17892,is,1291,1,0
17893,is,1291,18,2
17894,is,1291,22,2
17895,is,1291,29,5
17896,is,1306,1,0
17897,is,1306,4,1
17898,is,1318,19,4
17899,is,1318,30,5
17900,is,1324,2,0
17901,is,1327,2,0
17902,is,1343,6,2
17903,is,1354,26,3
17904,is,1354,36,3
17905,is,1386,0,0
17906,is,1397,18,2
17907,is,1407,8,0
17908,is,1407,12,1
17909,is,1409,7,3
17910,is,1410,1,0
17911,is,1416,16,1
17912,is,1427,41,3
17913,is,1429,49,8
17914,is,1436,31,4
17915,is,1436,33,5
17916,is,1437,9,0
17917,is,1441,7,0
17918,is,1443,44,6
17919,is,1453,2,1
17920,is,1476,6,0
17921,is,1493,6,0
17922,is,1500,2,0
17923,is,1500,6,0
17924,is,1503,4,1
17925,is,1506,9,2
17926,is,1509,9,1
17927,is,1509,26,1
17928,is,1514,4,1
17929,is,1531,10,1
17930,is,1542,16,1
17931,is,1558,12,1
17932,is,1561,7,2
17933,is,1590,4,0
17934,is,1592,2,0
17935,is,1625,11,4
17936,is,1628,11,3
17937,is,1628,26,5
17938,is,1662,8,0
17939,is,1664,2,0
17940,is,1665,10,1
17941,is,1671,3,0
17942,is,1691,3,1
17943,is,1692,8,2
17944,is,1693,3,0
17945,is,1715,7,0
17946,is,1715,11,1
17947,is,1717,2,0
17948,is,1720,39,4
17949,is,1720,49,5
17950,is,1739,6,1
17951,is,1742,4,2
17952,is,1749,1,0
17953,is,1753,3,0
17954,is,1766,1,1
17955,is,1774,9,2
17956,is,1783,10,2
17957,is,1783,14,2
17958,ished,651,18,6
17959,ished,1637,24,2
17960,island,43,84,27
17961,island,168,22,4
17962,island,168,79,14
17963,islands,17,3,1
17964,islands,485,4,0
17965,isn,1042,79,10
17966,isn,1336,18,1
17967,issuing,508,24,6
17968,ist,93,9,2
17969,ist,98,11,3
17970,ist,102,4,0
17971,ist,626,55,13
17972,isted,393,1,0
17973,ister,1135,10,3
17974,istry,330,2,0
17975,it,2,0,0
17976,it,31,13,3
17977,it,31,19,3
17978,it,33,14,1
17979,it,35,4,1
17980,it,37,13,3
17981,it,37,18,4
17982,it,37,25,7
17983,it,37,37,8
17984,it,37,39,8
17985,it,39,15,4
17986,it,40,0,0
17987,it,41,10,0
17988,it,41,12,1
17989,it,42,8,2
17990,it,45,0,0
17991,it,46,9,2
17992,it,58,24,2
17993,it,58,33,4
17994,it,60,12,2
17995,it,63,7,1
17996,it,67,18,2
17997,it,69,20,2
17998,it,72,16,1
17999,it,73,4,1
18000,it,73,10,1
18001,it,73,39,10
18002,it,74,2,0
18003,it,75,13,0
18004,it,81,4,1
18005,it,83,14,4
18006,it,84,16,2
18007,it,89,2,0
18008,it,103,20,2
18009,it,103,24,2
18010,it,105,5,2
18011,it,112,2,0
18012,it,113,5,0
18013,it,118,28,5
18014,it,121,5,0
18015,it,127,6,2
18016,it,131,0,0
18017,it,142,32,4
18018,it,144,6,1
18019,it,148,32,7
18020,it,149,2,2
18021,it,149,4,2
18022,it,153,22,5
18023,it,157,0,0
18024,it,159,46,4
18025,it,166,19,3
18026,it,180,2,0
18027,it,180,6,0
18028,it,181,8,0
18029,it,182,3,0
18030,it,184,2,0
18031,it,185,2,0
18032,it,185,6,0
18033,it,191,2,0
18034,it,192,12,1
18035,it,193,0,0
18036,it,199,19,2
18037,it,205,24,4
18038,it,207,8,1
18039,it,208,20,4
18040,it,209,0,0
18041,it,209,4,0
18042,it,213,2,0
18043,it,214,4,2
18044,it,214,7,2
18045,it,214,14,3
18046,it,219,2,0
18047,it,220,1,0
18048,it,220,8,0
18049,it,222,8,0
18050,it,225,7,0
18051,it,227,2,0
18052,it,228,12,2
18053,it,228,15,3
18054,it,231,10,0
18055,it,235,9,1
18056,it,236,9,0
18057,it,236,39,2
18058,it,236,40,2
18059,it,244,22,5
18060,it,247,14,1
18061,it,247,24,3
18062,it,248,1,0
18063,it,249,46,14
18064,it,252,7,0
18065,it,253,18,5
18066,it,253,19,5
18067,it,263,17,3
18068,it,264,1,0
18069,it,273,2,1
18070,it,275,13,6
18071,it,275,14,6
18072,it,282,23,6
18073,it,283,3,1
18074,it,283,8,3
18075,it,283,10,3
18076,it,283,16,5
18077,it,284,16,7
18078,it,285,14,3
18079,it,290,6,1
18080,it,291,2,0
18081,it,294,32,7
18082,it,297,7,0
18083,it,297,9,0
18084,it,297,13,0
18085,it,298,4,0
18086,it,298,6,0
18087,it,300,12,4
18088,it,304,8,0
18089,it,304,17,0
18090,it,309,3,0
18091,it,310,3,0
18092,it,319,16,1
18093,it,320,8,0
18094,it,325,28,7
18095,it,327,26,2
18096,it,328,8,1
18097,it,331,10,2
18098,it,336,4,0
18099,it,336,7,1
18100,it,337,1,0
18101,it,337,47,10
18102,it,338,5,2
18103,it,338,18,5
18104,it,338,23,6
18105,it,341,1,0
18106,it,341,7,0
18107,it,341,16,3
18108,it,343,13,1
18109,it,344,3,0
18110,it,346,18,1
18111,it,347,0,0
18112,it,350,0,0
18113,it,351,1,0
18114,it,356,1,0
18115,it,356,9,0
18116,it,357,11,3
18117,it,362,10,1
18118,it,362,18,2
18119,it,363,2,0
18120,it,363,6,0
18121,it,365,0,0
18122,it,367,1,0
18123,it,367,32,9
18124,it,367,36,9
18125,it,368,10,1
18126,it,371,17,1
18127,it,380,16,0
18128,it,384,23,9
18129,it,385,26,8
18130,it,387,0,0
18131,it,388,4,1
18132,it,389,34,8
18133,it,389,54,14
18134,it,392,0,0
18135,it,393,6,1
18136,it,393,7,1
18137,it,394,4,0
18138,it,396,1,0
18139,it,397,5,1
18140,it,408,20,1
18141,it,413,10,1
18142,it,413,14,1
18143,it,414,12,3
18144,it,414,15,4
18145,it,415,25,2
18146,it,417,4,0
18147,it,427,4,2
18148,it,427,10,4
18149,it,428,55,15
18150,it,429,13,2
18151,it,429,29,4
18152,it,430,1,0
18153,it,432,11,1
18154,it,435,7,2
18155,it,438,10,1
18156,it,438,12,1
18157,it,438,24,3
18158,it,440,0,0
18159,it,440,5,1
18160,it,448,14,2
18161,it,448,15,2
18162,it,456,24,5
18163,it,460,6,2
18164,it,462,12,1
18165,it,463,3,0
18166,it,463,4,0
18167,it,471,0,0
18168,it,471,16,4
18169,it,475,5,0
18170,it,476,27,6
18171,it,476,28,6
18172,it,476,37,7
18173,it,478,2,0
18174,it,481,0,0
18175,it,481,5,0
18176,it,485,11,0
18177,it,486,0,0
18178,it,489,10,1
18179,it,491,53,11
18180,it,492,8,1
18181,it,493,2,0
18182,it,493,4,1
18183,it,494,0,0
18184,it,497,16,2
18185,it,497,26,5
18186,it,499,6,2
18187,it,501,2,0
18188,it,502,1,0
18189,it,503,1,0
18190,it,503,9,2
18191,it,503,13,2
18192,it,503,18,2
18193,it,503,21,3
18194,it,503,24,3
18195,it,503,30,3
18196,it,507,7,5
18197,it,514,23,4
18198,it,522,14,2
18199,it,523,0,0
18200,it,523,6,0
18201,it,525,66,11
18202,it,525,73,12
18203,it,526,5,0
18204,it,527,0,0
18205,it,527,9,1
18206,it,528,13,6
18207,it,528,18,6
18208,it,528,26,8
18209,it,529,124,32
18210,it,534,0,0
18211,it,534,5,0
18212,it,535,0,0
18213,it,535,6,1
18214,it,535,9,1
18215,it,540,3,1
18216,it,541,10,1
18217,it,541,14,1
18218,it,542,0,0
18219,it,542,22,3
18220,it,547,4,0
18221,it,549,20,4
18222,it,558,5,0
18223,it,558,23,4
18224,it,560,5,0
18225,it,562,6,2
18226,it,563,3,1
18227,it,563,9,3
18228,it,567,1,0
18229,it,568,9,1
18230,it,573,49,8
18231,it,576,8,1
18232,it,577,10,2
18233,it,577,27,4
18234,it,578,46,7
18235,it,580,2,0
18236,it,580,5,0
18237,it,582,1,0
18238,it,582,13,3
18239,it,583,5,1
18240,it,583,26,5
18241,it,585,4,0
18242,it,589,15,3
18243,it,593,12,1
18244,it,593,19,1
18245,it,594,18,0
18246,it,595,4,0
18247,it,596,11,0
18248,it,598,3,2
18249,it,599,13,2
18250,it,599,15,2
18251,it,599,17,2
18252,it,613,16,3
18253,it,613,18,3
18254,it,622,9,0
18255,it,622,15,1
18256,it,624,10,4
18257,it,626,2,1
18258,it,626,4,1
18259,it,626,34,8
18260,it,627,33,5
18261,it,629,6,2
18262,it,641,4,0
18263,it,647,1,0
18264,it,647,4,0
18265,it,658,45,13
18266,it,662,0,0
18267,it,664,2,0
18268,it,666,13,2
18269,it,667,3,0
18270,it,669,12,0
18271,it,671,1,0
18272,it,673,18,4
18273,it,675,12,2
18274,it,676,9,0
18275,it,688,8,0
18276,it,688,20,1
18277,it,688,28,1
18278,it,691,5,3
18279,it,692,13,1
18280,it,693,1,0
18281,it,693,10,1
18282,it,693,34,10
18283,it,694,7,1
18284,it,697,18,2
18285,it,697,26,3
18286,it,697,34,3
18287,it,698,6,2
18288,it,699,1,0
18289,it,708,0,0
18290,it,709,13,0
18291,it,709,37,3
18292,it,719,6,2
18293,it,720,16,1
18294,it,720,18,1
18295,it,721,3,0
18296,it,725,12,3
18297,it,726,9,4
18298,it,726,19,4
18299,it,727,0,0
18300,it,727,10,0
18301,it,728,6,2
18302,it,728,9,2
18303,it,728,15,2
18304,it,728,21,4
18305,it,730,13,1
18306,it,731,29,7
18307,it,731,38,7
18308,it,731,41,7
18309,it,732,1,0
18310,it,733,5,1
18311,it,733,8,1
18312,it,733,13,1
18313,it,735,5,1
18314,it,736,6,2
18315,it,736,10,3
18316,it,739,3,0
18317,it,739,18,2
18318,it,740,1,0
18319,it,743,10,2
18320,it,743,12,2
18321,it,743,23,6
18322,it,743,25,6
18323,it,744,46,11
18324,it,744,49,11
18325,it,746,32,10
18326,it,746,40,12
18327,it,747,5,2
18328,it,748,8,3
18329,it,748,46,7
18330,it,758,0,0
18331,it,763,43,8
18332,it,771,0,0
18333,it,773,10,1
18334,it,774,5,0
18335,it,777,9,2
18336,it,778,33,4
18337,it,783,0,0
18338,it,783,6,0
18339,it,785,7,0
18340,it,787,4,1
18341,it,795,10,1
18342,it,795,15,2
18343,it,800,11,5
18344,it,801,9,2
18345,it,804,37,3
18346,it,804,40,3
18347,it,805,11,5
18348,it,810,1,0
18349,it,810,4,0
18350,it,810,11,3
18351,it,810,13,3
18352,it,811,3,1
18353,it,812,7,1
18354,it,816,48,8
18355,it,818,32,7
18356,it,818,39,7
18357,it,819,0,0
18358,it,821,45,12
18359,it,821,52,13
18360,it,824,13,3
18361,it,827,40,8
18362,it,827,109,15
18363,it,837,15,2
18364,it,842,3,1
18365,it,846,7,1
18366,it,846,21,5
18367,it,852,6,0
18368,it,853,2,1
18369,it,853,5,1
18370,it,853,10,1
18371,it,854,2,1
18372,it,857,7,1
18373,it,858,4,0
18374,it,863,3,0
18375,it,863,10,1
18376,it,864,10,3
18377,it,867,11,4
18378,it,867,15,4
18379,it,870,9,2
18380,it,871,10,4
18381,it,874,11,1
18382,it,880,3,0
18383,it,882,2,0
18384,it,896,5,0
18385,it,900,17,2
18386,it,901,9,0
18387,it,911,6,0
18388,it,912,1,0
18389,it,918,10,0
18390,it,919,0,0
18391,it,919,21,2
18392,it,920,6,1
18393,it,924,1,0
18394,it,924,5,0
18395,it,931,36,6
18396,it,937,7,1
18397,it,938,1,0
18398,it,945,4,1
18399,it,947,18,6
18400,it,949,13,2
18401,it,949,20,5
18402,it,951,0,0
18403,it,951,5,0
18404,it,956,12,2
18405,it,957,5,1
18406,it,960,2,2
18407,it,964,5,1
18408,it,969,19,7
18409,it,970,2,2
18410,it,971,32,7
18411,it,972,2,0
18412,it,977,10,3
18413,it,978,18,5
18414,it,979,2,1
18415,it,983,11,6
18416,it,984,0,0
18417,it,984,2,1
18418,it,985,12,5
18419,it,990,40,11
18420,it,990,78,16
18421,it,993,2,0
18422,it,997,8,0
18423,it,998,23,2
18424,it,1000,3,0
18425,it,1001,10,3
18426,it,1003,33,6
18427,it,1006,9,1
18428,it,1019,3,1
18429,it,1019,6,1
18430,it,1021,12,0
18431,it,1022,8,1
18432,it,1023,7,1
18433,it,1025,17,1
18434,it,1025,38,3
18435,it,1025,41,4
18436,it,1025,43,4
18437,it,1025,66,9
18438,it,1025,96,13
18439,it,1031,15,4
18440,it,1033,43,7
18441,it,1035,7,0
18442,it,1035,25,3
18443,it,1036,13,3
18444,it,1038,8,3
18445,it,1040,19,2
18446,it,1042,2,0
18447,it,1042,20,1
18448,it,1042,31,2
18449,it,1042,37,3
18450,it,1042,52,6
18451,it,1042,54,6
18452,it,1042,72,8
18453,it,1043,11,0
18454,it,1043,32,2
18455,it,1047,15,2
18456,it,1047,20,2
18457,it,1047,42,4
18458,it,1050,4,0
18459,it,1050,34,1
18460,it,1054,10,3
18461,it,1056,39,5
18462,it,1056,42,5
18463,it,1057,13,1
18464,it,1057,20,2
18465,it,1062,1,0
18466,it,1062,4,0
18467,it,1078,9,2
18468,it,1088,0,0
18469,it,1093,9,1
18470,it,1100,10,1
18471,it,1106,57,11
18472,it,1108,13,1
18473,it,1112,3,0
18474,it,1118,2,0
18475,it,1118,13,0
18476,it,1119,5,0
18477,it,1119,26,2
18478,it,1120,6,0
18479,it,1120,18,2
18480,it,1120,21,2
18481,it,1124,11,4
18482,it,1124,13,4
18483,it,1125,4,0
18484,it,1126,54,3
18485,it,1131,12,2
18486,it,1133,4,2
18487,it,1133,5,2
18488,it,1133,8,2
18489,it,1140,1,0
18490,it,1140,3,0
18491,it,1140,9,1
18492,it,1141,32,4
18493,it,1142,6,2
18494,it,1142,42,11
18495,it,1142,44,11
18496,it,1143,6,1
18497,it,1144,10,3
18498,it,1150,4,1
18499,it,1152,7,0
18500,it,1152,13,3
18501,it,1154,0,0
18502,it,1155,35,5
18503,it,1157,2,0
18504,it,1158,5,1
18505,it,1163,9,1
18506,it,1178,3,1
18507,it,1179,10,1
18508,it,1179,13,2
18509,it,1179,19,3
18510,it,1179,21,3
18511,it,1180,0,0
18512,it,1181,7,0
18513,it,1181,12,1
18514,it,1181,14,1
18515,it,1183,3,1
18516,it,1185,2,0
18517,it,1185,8,2
18518,it,1185,22,4
18519,it,1197,2,0
18520,it,1199,0,0
18521,it,1206,9,1
18522,it,1214,3,1
18523,it,1217,2,1
18524,it,1217,16,4
18525,it,1221,0,0
18526,it,1221,2,0
18527,it,1222,4,0
18528,it,1224,5,0
18529,it,1235,8,0
18530,it,1240,2,0
18531,it,1242,5,1
18532,it,1248,3,0
18533,it,1250,36,7
18534,it,1251,0,0
18535,it,1256,4,3
18536,it,1262,9,3
18537,it,1265,44,12
18538,it,1268,29,6
18539,it,1268,31,6
18540,it,1270,3,0
18541,it,1270,4,0
18542,it,1270,11,2
18543,it,1270,28,8
18544,it,1270,38,12
18545,it,1272,8,2
18546,it,1273,39,12
18547,it,1282,2,0
18548,it,1293,15,1
18549,it,1317,3,0
18550,it,1319,3,0
18551,it,1324,1,0
18552,it,1336,22,1
18553,it,1340,0,0
18554,it,1343,0,0
18555,it,1343,10,2
18556,it,1344,5,1
18557,it,1354,35,3
18558,it,1355,7,0
18559,it,1362,10,1
18560,it,1363,35,2
18561,it,1373,12,1
18562,it,1377,3,1
18563,it,1379,11,2
18564,it,1379,13,2
18565,it,1388,6,1
18566,it,1388,34,5
18567,it,1391,12,2
18568,it,1393,7,1
18569,it,1397,13,1
18570,it,1397,19,2
18571,it,1404,4,0
18572,it,1406,1,0
18573,it,1408,30,4
18574,it,1408,32,5
18575,it,1413,19,2
18576,it,1413,22,2
18577,it,1413,37,6
18578,it,1413,61,10
18579,it,1425,2,0
18580,it,1434,5,0
18581,it,1435,17,1
18582,it,1436,15,3
18583,it,1439,17,3
18584,it,1439,23,5
18585,it,1443,10,1
18586,it,1443,39,6
18587,it,1443,47,7
18588,it,1444,24,2
18589,it,1449,4,0
18590,it,1450,6,1
18591,it,1455,11,4
18592,it,1459,4,0
18593,it,1464,22,3
18594,it,1465,4,0
18595,it,1469,2,0
18596,it,1470,18,1
18597,it,1475,4,0
18598,it,1477,3,0
18599,it,1479,12,3
18600,it,1490,34,5
18601,it,1505,19,0
18602,it,1505,30,2
18603,it,1505,32,2
18604,it,1506,8,2
18605,it,1510,25,6
18606,it,1517,5,1
18607,it,1518,0,0
18608,it,1523,0,0
18609,it,1524,19,3
18610,it,1525,22,4
18611,it,1525,23,4
18612,it,1526,1,0
18613,it,1526,5,0
18614,it,1527,5,1
18615,it,1535,18,2
18616,it,1541,0,0
18617,it,1545,2,0
18618,it,1545,4,0
18619,it,1545,19,3
18620,it,1545,22,3
18621,it,1545,32,4
18622,it,1545,39,4
18623,it,1549,34,7
18624,it,1551,5,0
18625,it,1576,0,0
18626,it,1580,12,2
18627,it,1585,17,2
18628,it,1587,9,1
18629,it,1590,3,0
18630,it,1596,9,0
18631,it,1597,14,1
18632,it,1598,15,1
18633,it,1598,17,2
18634,it,1602,12,3
18635,it,1605,1,0
18636,it,1605,13,4
18637,it,1611,28,5
18638,it,1619,8,1
18639,it,1619,13,1
18640,it,1623,7,1
18641,it,1625,1,0
18642,it,1635,5,0
18643,it,1636,9,1
18644,it,1639,15,1
18645,it,1640,2,0
18646,it,1641,12,5
18647,it,1665,4,1
18648,it,1669,5,1
18649,it,1670,5,2
18650,it,1670,15,4
18651,it,1670,23,5
18652,it,1671,2,0
18653,it,1679,1,0
18654,it,1679,5,1
18655,it,1682,13,2
18656,it,1684,5,1
18657,it,1684,8,2
18658,it,1691,9,1
18659,it,1693,2,0
18660,it,1694,11,1
18661,it,1704,4,1
18662,it,1707,3,1
18663,it,1708,3,1
18664,it,1711,0,0
18665,it,1711,4,0
18666,it,1713,8,0
18667,it,1713,23,4
18668,it,1714,0,0
18669,it,1715,8,0
18670,it,1741,2,0
18671,it,1744,4,0
18672,it,1762,0,0
18673,it,1762,6,1
18674,it,1766,3,1
18675,it,1783,16,2
18676,it,1783,18,2
18677,it,1785,8,3
18678,it,1788,48,14
18679,it,1789,3,2
18680,it,1790,0,0
18681,it,1790,1,0
18682,it,1791,19,6
18683,it,1795,8,2
18684,it,1799,10,1
18685,it,1804,25,2
18686,it,1806,23,2
18687,it,1807,5,1
18688,it,1808,8,2
18689,it,1809,4,0
18690,it,1809,8,0
18691,it,1809,11,0
18692,it,1814,11,3
18693,it,1814,13,3
18694,it,1814,16,3
18695,it,1814,17,3
18696,it,1814,21,4
18697,it,1815,43,12
18698,it,1815,56,16
18699,it,1816,3,1
18700,it,1816,10,2
18701,it,1820,0,0
18702,it,1823,0,0
18703,it,1824,0,0
18704,it,1828,19,5
18705,it,1828,30,7
18706,it,1829,0,0
18707,it,1829,7,1
18708,it,1835,1,0
18709,it,1836,5,1
18710,it,1837,6,1
18711,it,1837,16,3
18712,it,1837,17,3
18713,it,1837,20,3
18714,it,1837,23,3
18715,it!,587,38,5
18716,"it?""",620,20,5
18717,"it?""",1118,7,0
18718,"it?""",1446,22,4
18719,italian,42,35,8
18720,ite,661,5,0
18721,ite,740,2,0
18722,its,17,37,12
18723,its,22,5,2
18724,its,38,30,9
18725,its,38,34,10
18726,its,111,13,4
18727,its,148,19,4
18728,its,155,22,6
18729,its,155,36,8
18730,its,168,71,12
18731,its,215,3,1
18732,its,228,20,4
18733,its,332,2,0
18734,its,337,13,3
18735,its,337,25,7
18736,its,413,21,3
18737,its,413,34,6
18738,its,414,1,0
18739,its,414,8,2
18740,its,423,15,3
18741,its,423,23,5
18742,its,427,18,5
18743,its,429,24,4
18744,its,430,4,1
18745,its,526,6,0
18746,its,537,2,1
18747,its,540,21,6
18748,its,567,29,5
18749,its,638,2,0
18750,its,730,34,4
18751,its,731,2,0
18752,its,769,23,6
18753,its,769,27,7
18754,its,772,3,2
18755,its,772,5,2
18756,its,773,7,1
18757,its,781,2,1
18758,its,781,5,2
18759,its,805,3,2
18760,its,824,61,16
18761,its,857,5,1
18762,its,865,31,9
18763,its,868,15,8
18764,its,933,15,3
18765,its,933,24,3
18766,its,983,20,9
18767,its,983,24,9
18768,its,983,28,9
18769,its,1085,7,0
18770,its,1154,8,1
18771,its,1268,2,1
18772,its,1270,32,10
18773,its,1270,35,11
18774,its,1273,10,5
18775,its,1412,4,0
18776,its,1488,23,5
18777,its,1535,46,7
18778,its,1639,3,0
18779,its,1644,1,1
18780,its,1644,6,2
18781,its,1774,46,10
18782,its,1809,0,0
18783,its,1815,53,15
18784,its,1818,7,2
18785,itself,367,38,9
18786,itself,701,52,5
18787,itself,1181,17,2
18788,itself,1772,7,0
18789,iv,467,4,1
18790,iv,1226,34,9
18791,iv,1406,5,1
18792,iv,1724,6,2
18793,ivie,383,0,0
18794,ivory,168,10,0
18795,ivy,1552,9,3
18796,j,2,7,1
18797,j,36,2,1
18798,j,54,19,3
18799,j,78,12,2
18800,j,166,10,2
18801,j,299,11,2
18802,j,508,25,6
18803,j,579,1,1
18804,j,763,52,11
18805,j,842,0,0
18806,j,862,21,1
18807,j,868,22,8
18808,j,914,5,0
18809,j,988,15,4
18810,j,1691,4,1
18811,j&v,6,2,0
18812,j(5,50,1,0
18813,j2,744,30,5
18814,j2,751,7,5
18815,j8,804,17,2
18816,j8o,982,13,5
18817,j^,41,18,3
18818,j^,43,64,19
18819,j^,1043,37,2
18820,j^i,941,23,8
18821,j^q,930,13,3
18822,j^r,778,52,8
18823,jack,355,6,1
18824,jack,383,28,6
18825,jack,386,56,5
18826,jack,417,6,0
18827,jack,425,22,4
18828,jack,432,38,8
18829,jack,433,1,0
18830,jack,434,80,13
18831,jack,453,1,0
18832,jack,463,17,3
18833,jack,481,27,5
18834,jack,493,5,1
18835,jack,990,48,12
18836,jack,996,14,2
18837,jack,1009,12,1
18838,jack,1050,1,0
18839,jack,1091,25,6
18840,jack,1115,2,0
18841,jack,1125,10,0
18842,jack,1235,16,1
18843,jacket,1452,12,2
18844,jackets,132,7,0
18845,jacqueline,1441,16,1
18846,jacqueline,1531,23,3
18847,jacqueline,1532,14,3
18848,jacqueline,1533,26,4
18849,jacqueline,1545,23,3
18850,jairne,1284,18,2
18851,jam,1641,9,3
18852,january,256,5,3
18853,jardiner,816,38,7
18854,jaunty,132,8,0
18855,jays,1537,9,2
18856,jcnovv,1424,35,6
18857,jealous,1788,54,15
18858,jean,1319,12,3
18859,jeanne,873,7,1
18860,jeanne,873,8,1
18861,jeanne,878,0,0
18862,jeanne,879,14,2
18863,jected,255,8,3
18864,jects,1150,6,1
18865,jerky,284,31,11
18866,jersey,217,15,2
18867,jesses,800,23,6
18868,jesses,850,23,6
18869,jesuits,1273,26,11
18870,jesuits,1292,29,4
18871,jet,284,1,1
18872,jet,1371,25,4
18873,jewelled,887,28,4
18874,jewelled,888,54,9
18875,jewels,744,26,4
18876,jezabel,1436,77,9
18877,jg,58,86,17
18878,jg,337,5,0
18879,jg,1020,15,6
18880,jg8,1025,62,8
18881,jg^,1001,8,3
18882,jgf,1024,30,6
18883,jgij,1014,10,2
18884,jgl,990,8,4
18885,jingle,55,20,8
18886,jingle,286,7,2
18887,jingled,236,31,2
18888,jingling,905,14,0
18889,jj,27,14,7
18890,jj,711,14,1
18891,jn,1230,15,7
18892,jo,611,2,1
18893,joel,1292,71,14
18894,joined,173,9,1
18895,joseph,1699,2,0
18896,joseph,1699,23,6
18897,joseph,1705,2,0
18898,journey,905,3,0
18899,jove,1660,14,7
18900,joward,15,0,0
18901,joy,148,25,5
18902,joy,1079,2,1
18903,joyously,809,21,4
18904,jr,876,17,4
18905,jules,1729,10,1
18906,julian,1628,3,1
18907,jump,1138,3,0
18908,jumped,1240,30,9
18909,jumped,1715,1,0
18910,june,1332,14,8
18911,juno,1405,20,4
18912,just,191,7,2
18913,just,367,23,8
18914,just,408,10,0
18915,just,495,51,13
18916,just,1432,9,1
18917,just,1583,4,0
18918,just,1583,8,1
18919,just,1628,30,5
18920,jvavered,429,14,2
18921,jvc,1443,34,6
18922,jyg,971,3,1
18923,ke,1569,14,5
18924,"ke""pi",1162,13,5
18925,"ke""pi",1205,24,6
18926,keep,386,21,1
18927,keep,1312,8,3
18928,keep,1530,25,5
18929,keeper,91,4,0
18930,keeper,898,4,0
18931,keeping,529,120,31
18932,keeping,552,5,0
18933,keeping,1143,32,7
18934,kepi,1170,15,5
18935,kept,57,12,2
18936,kept,85,16,0
18937,kept,298,24,4
18938,kept,383,11,4
18939,kept,447,1,0
18940,kept,1057,2,0
18941,kept,1462,15,1
18942,kept,1798,4,2
18943,kerselec,759,1,0
18944,kerselec,846,31,9
18945,ket,1014,12,2
18946,key,1429,5,1
18947,keys,471,14,4
18948,kicked,1187,4,0
18949,kicking,1720,35,4
18950,kid,1639,22,2
18951,kidby,1638,12,1
18952,kidby,1639,5,0
18953,kill,246,19,5
18954,kill,627,26,3
18955,kill,1619,12,1
18956,killed,76,29,5
18957,killed,894,10,1
18958,killed,895,7,1
18959,killed,1221,19,6
18960,killer,1088,2,0
18961,killer,1265,2,1
18962,killing,1200,10,3
18963,kind,25,9,4
18964,kind,58,15,2
18965,kind,410,6,1
18966,kind,1032,16,2
18967,kind,1498,1,0
18968,kindly,304,4,0
18969,kindness,28,30,10
18970,king,0,1,1
18971,king,127,23,5
18972,king,207,3,1
18973,king,221,24,5
18974,king,252,26,3
18975,king,252,28,4
18976,king,322,3,1
18977,king,357,7,2
18978,king,425,36,6
18979,king,428,33,10
18980,king,428,49,14
18981,king,893,1,0
18982,king,1056,13,1
18983,"king!""",269,10,3
18984,kings,6,9,5
18985,kings,148,36,8
18986,kiss,710,7,2
18987,kissed,711,3,0
18988,kissed,875,5,0
18989,kissed,1002,21,1
18990,kissed,1106,51,9
18991,kissed,1166,7,1
18992,kissed,1614,13,4
18993,kissed,1637,36,2
18994,kit,1444,32,4
18995,kitchen,244,9,2
18996,kith,905,9,0
18997,kne\\v,1321,1,0
18998,knee,974,9,2
18999,kneeling,510,12,4
19000,kneeling,756,8,1
19001,knees,988,9,2
19002,knees,1133,11,2
19003,knees,1163,11,2
19004,knees,1223,20,5
19005,knees,1371,21,2
19006,knelt,491,17,1
19007,knelt,1245,33,4
19008,knew,53,16,2
19009,knew,67,10,1
19010,knew,118,7,1
19011,knew,434,50,9
19012,knew,518,4,0
19013,knew,569,15,2
19014,knew,664,13,0
19015,knew,778,31,4
19016,knew,1142,34,10
19017,knew,1774,5,1
19018,knew,1819,9,1
19019,knife,312,7,2
19020,knife,325,6,2
19021,knife,578,16,1
19022,knife,1036,8,2
19023,knife,1299,2,0
19024,knobs,145,10,5
19025,knock,1115,10,1
19026,knocked,79,8,1
19027,knocked,240,26,4
19028,knocked,1553,1,0
19029,know,158,10,1
19030,know,186,3,0
19031,know,209,26,3
19032,know,225,2,0
19033,know,338,27,6
19034,know,362,19,2
19035,know,385,22,8
19036,know,399,11,0
19037,know,438,2,0
19038,know,577,16,2
19039,know,587,11,1
19040,know,589,31,5
19041,know,643,6,1
19042,know,654,9,0
19043,know,751,1,0
19044,know,846,41,10
19045,know,954,5,0
19046,know,1023,1,0
19047,know,1024,54,8
19048,know,1072,16,3
19049,know,1073,1,0
19050,know,1093,18,3
19051,know,1105,11,3
19052,know,1382,4,0
19053,know,1389,1,0
19054,know,1472,2,0
19055,know,1490,4,0
19056,know,1509,14,1
19057,know,1509,24,1
19058,know,1525,12,2
19059,know,1579,7,1
19060,know,1630,14,2
19061,know,1718,6,1
19062,know,1800,7,2
19063,knowing,880,6,0
19064,knowing,1302,14,4
19065,knowing,1783,31,2
19066,knowledge,501,6,1
19067,knowledge,734,8,2
19068,knowledged,1530,10,3
19069,known,73,18,3
19070,known,93,2,1
19071,known,1662,17,1
19072,known,1828,29,7
19073,knows,701,42,4
19074,knows,827,91,15
19075,knows,952,7,4
19076,knows,1009,21,1
19077,knuckles,95,7,1
19078,ky,2,5,1
19079,l,817,2,1
19080,la,1259,6,3
19081,la,1272,4,1
19082,la,1314,9,3
19083,la,1318,24,5
19084,la,1442,5,2
19085,la,1524,58,16
19086,la,1545,37,4
19087,laboratory,456,13,3
19088,labored,383,18,5
19089,lace,969,13,4
19090,lady,511,2,1
19091,lady,529,35,8
19092,lady,565,2,1
19093,lady,937,33,6
19094,lady,1665,41,8
19095,lady,1694,10,1
19096,laffat,1407,2,0
19097,laffat,1412,0,0
19098,laffat,1416,10,0
19099,laffat,1418,13,1
19100,lafiliere,819,5,1
19101,lagie,821,67,15
19102,laid,23,9,0
19103,laid,60,1,0
19104,laid,328,12,1
19105,laid,680,32,6
19106,laid,726,8,4
19107,laid,744,36,7
19108,laid,1026,2,0
19109,laid,1070,3,1
19110,laid,1602,11,3
19111,laid,1837,19,3
19112,lain,535,1,0
19113,lain,1124,17,4
19114,lambs,1729,17,4
19115,lame,1573,1,0
19116,lamentations,898,26,3
19117,lamp,1001,9,3
19118,lamp,1828,25,7
19119,lamps,673,5,1
19120,lamps,1806,19,2
19121,lancers,43,49,14
19122,land,19,2,0
19123,land,271,6,3
19124,land,760,13,2
19125,land,1611,16,3
19126,land,1810,13,3
19127,landing,1091,11,1
19128,landing,1267,20,6
19129,lane,676,15,3
19130,language,795,19,3
19131,language,818,7,2
19132,language,854,15,4
19133,languidly,151,22,8
19134,lantern,1256,9,4
19135,lantern,1266,7,3
19136,lantern,1816,15,4
19137,lanterns,554,8,2
19138,lanterns,1807,11,3
19139,lap,931,58,10
19140,lap,1759,19,5
19141,lapel,727,15,2
19142,lapping,949,22,5
19143,large,386,30,3
19144,large,824,28,7
19145,large,977,8,3
19146,lars,94,1,0
19147,lars,1310,1,0
19148,last,15,14,4
19149,last,33,1,1
19150,last,139,1,0
19151,last,148,28,7
19152,last,204,12,3
19153,last,231,11,0
19154,last,247,19,3
19155,last,269,3,2
19156,last,286,13,5
19157,last,288,2,2
19158,last,289,18,1
19159,last,301,3,0
19160,last,312,6,2
19161,last,315,39,9
19162,last,322,1,1
19163,last,348,6,2
19164,last,383,41,8
19165,last,389,40,12
19166,last,425,17,4
19167,last,439,14,1
19168,last,456,9,2
19169,last,459,3,1
19170,last,489,1,1
19171,last,514,20,4
19172,last,539,4,1
19173,last,558,17,2
19174,last,594,26,0
19175,last,602,2,1
19176,last,603,0,0
19177,last,653,9,2
19178,last,670,26,2
19179,last,712,2,0
19180,last,728,24,4
19181,last,731,18,5
19182,last,923,8,4
19183,last,928,2,1
19184,last,1003,5,1
19185,last,1091,9,1
19186,last,1091,20,4
19187,last,1142,13,3
19188,last,1144,2,0
19189,last,1149,17,3
19190,last,1178,2,1
19191,last,1200,1,0
19192,last,1214,15,7
19193,last,1430,4,1
19194,last,1574,30,12
19195,last,1598,33,5
19196,last,1707,8,2
19197,lasted,1815,9,5
19198,late,451,9,1
19199,late,574,0,0
19200,late,898,35,5
19201,late,998,27,2
19202,late,1126,57,3
19203,late,1711,2,0
19204,lately,1363,28,0
19205,later,290,34,8
19206,later,709,31,2
19207,later,1231,5,1
19208,later,1240,35,11
19209,later,1521,0,0
19210,later,1548,23,6
19211,later,1569,9,2
19212,later,1653,8,2
19213,later,1661,2,0
19214,later,1668,3,0
19215,later,1697,30,6
19216,later,1699,39,12
19217,later,1700,30,13
19218,later,1807,0,0
19219,latest,27,7,4
19220,latest,1420,24,1
19221,latest,1647,6,3
19222,latin,931,45,8
19223,latin,931,50,9
19224,latin,990,75,16
19225,lation,1340,12,4
19226,latter,1091,42,9
19227,latter,1737,28,6
19228,latticed,739,23,3
19229,laugh,173,12,3
19230,laughed,67,8,1
19231,laughed,160,6,0
19232,laughed,369,15,0
19233,laughed,827,51,11
19234,laughed,861,2,0
19235,laughed,900,25,2
19236,laughed,1046,12,1
19237,laughed,1092,4,0
19238,laughed,1092,22,1
19239,laughed,1374,28,5
19240,laughed,1795,17,3
19241,laughing,608,11,0
19242,laughing,736,7,2
19243,laughing,1018,3,0
19244,laughingly,824,42,10
19245,laughter,1037,10,5
19246,law,932,16,5
19247,lawncers,641,8,1
19248,lawns,153,14,1
19249,lawns,1344,10,2
19250,lay,32,4,1
19251,lay,241,1,0
19252,lay,326,0,0
19253,lay,386,63,5
19254,lay,428,7,1
19255,lay,434,65,11
19256,lay,452,1,0
19257,lay,471,13,4
19258,lay,515,4,0
19259,lay,692,9,1
19260,lay,693,17,3
19261,lay,709,3,0
19262,lay,739,30,6
19263,lay,822,3,1
19264,lay,874,3,0
19265,lay,1222,2,0
19266,lay,1265,42,12
19267,lay,1267,15,4
19268,lay,1331,15,3
19269,lay,1665,38,7
19270,lay,1818,5,1
19271,lay,1831,2,2
19272,lazare,1546,0,0
19273,lazily,1542,14,1
19274,lazy,34,2,2
19275,lazy,1040,23,3
19276,le,914,13,0
19277,le,1286,22,2
19278,leading,554,30,9
19279,leads,249,6,2
19280,leafy,1536,5,2
19281,lean,1607,2,0
19282,leaned,596,23,2
19283,leaned,830,4,1
19284,leaned,1248,25,3
19285,leaned,1486,12,2
19286,leaning,1003,29,4
19287,leaning,1321,28,9
19288,leaped,768,10,3
19289,leaped,1826,15,3
19290,leaping,806,14,2
19291,leaping,815,8,4
19292,leaping,1824,5,1
19293,learn,442,8,0
19294,learn,522,11,2
19295,learn,1286,5,1
19296,learned,501,0,0
19297,leash,771,7,2
19298,leash,771,11,3
19299,least,28,33,10
19300,least,70,24,5
19301,least,357,10,3
19302,least,361,6,2
19303,least,482,12,3
19304,least,510,7,2
19305,least,697,29,3
19306,least,743,8,2
19307,least,1043,48,4
19308,least,1127,42,9
19309,least,1379,5,2
19310,least,1476,33,1
19311,least,1662,19,2
19312,leather,1160,15,6
19313,leathern,75,25,1
19314,leave,232,13,2
19315,leave,818,25,6
19316,leave,855,6,1
19317,leave,1697,12,1
19318,leaves,365,20,5
19319,leaves,1785,10,4
19320,leaving,286,3,1
19321,leaving,703,11,3
19322,leaving,1023,19,3
19323,leaving,1245,27,3
19324,leaving,1478,2,0
19325,leaving,1729,14,2
19326,lected,529,17,5
19327,lected,778,5,0
19328,led,216,13,3
19329,led,268,9,1
19330,led,384,20,8
19331,led,741,8,1
19332,led,761,19,6
19333,led,813,9,5
19334,led,826,5,1
19335,led,1160,6,2
19336,led,1236,27,11
19337,leered,1295,16,1
19338,lefebvre,1629,2,0
19339,left,17,5,1
19340,left,73,45,11
19341,left,83,13,4
19342,left,445,2,0
19343,left,467,2,0
19344,left,525,17,2
19345,left,540,8,2
19346,left,542,5,0
19347,left,993,28,5
19348,left,1003,19,3
19349,left,1043,83,10
19350,left,1201,13,3
19351,left,1205,23,6
19352,left,1212,20,6
19353,left,1427,45,3
19354,left,1557,10,0
19355,left,1799,12,1
19356,legend,843,1,0
19357,leggings,763,5,1
19358,legs,86,36,10
19359,legs,931,11,1
19360,legs,1193,34,9
19361,legs,1758,12,3
19362,lei,914,10,0
19363,leisurely,567,10,2
19364,leisurely,1733,9,2
19365,length,1806,13,0
19366,lengthen,762,12,3
19367,lengthening,1148,10,3
19368,lent,1120,54,8
19369,lent,1340,7,3
19370,lently,743,0,0
19371,leons,221,13,3
19372,lery,504,12,3
19373,les,914,11,0
19374,les,1269,1,0
19375,lescing,1790,5,1
19376,less,113,2,0
19377,less,365,8,1
19378,less,525,83,14
19379,less,575,26,6
19380,less,1104,14,2
19381,less,1388,14,4
19382,less,1545,16,3
19383,less,1640,14,3
19384,lesson,820,5,1
19385,lessons,1533,8,0
19386,lest,216,10,3
19387,lest,733,1,0
19388,let,213,1,0
19389,let,320,10,0
19390,let,455,2,0
19391,let,524,10,1
19392,let,896,4,0
19393,let,1128,3,0
19394,let,1424,13,2
19395,let,1525,11,2
19396,let,1740,3,1
19397,lethal,43,59,17
19398,lethal,46,5,1
19399,lethal,47,8,2
19400,lethal,50,14,4
19401,lethal,152,22,7
19402,lette,993,19,1
19403,lette,1024,39,7
19404,letter,457,9,2
19405,letter,462,10,1
19406,letter,476,3,1
19407,letter,1003,10,2
19408,letter,1003,27,4
19409,lettering,731,22,5
19410,letters,473,5,3
19411,letters,1264,2,1
19412,lettes,1477,44,10
19413,letting,1091,34,7
19414,letting,1432,16,2
19415,leurre,817,4,1
19416,level,759,9,2
19417,level,1753,4,0
19418,liberty,1361,7,1
19419,liberty,1379,6,2
19420,liberty,1381,14,0
19421,liberty,1641,7,2
19422,librar^r,1,6,0
19423,library,730,55,10
19424,library,731,8,1
19425,library,738,7,1
19426,library,739,12,2
19427,licking,927,9,2
19428,lid,744,61,14
19429,lie,567,40,7
19430,lie,749,2,0
19431,lie,933,75,17
19432,lie,1017,2,0
19433,lie,1034,4,0
19434,liery,1457,17,8
19435,lies,171,29,3
19436,lies,405,4,1
19437,lies,785,5,0
19438,lieve,243,1,0
19439,lieve,389,48,13
19440,life,49,3,0
19441,life,326,38,6
19442,life,416,9,1
19443,life,435,8,2
19444,life,578,55,10
19445,life,691,24,6
19446,life,701,16,1
19447,life,842,12,3
19448,life,1127,20,2
19449,life,1132,5,2
19450,life,1133,16,3
19451,life,1133,18,3
19452,life,1143,17,3
19453,life,1650,19,4
19454,life,1665,39,7
19455,lift,148,18,4
19456,lifted,427,9,4
19457,lifted,498,3,1
19458,lifted,875,9,0
19459,lifted,949,1,0
19460,lifted,1248,10,1
19461,lifted,1374,31,6
19462,lifted,1571,12,2
19463,lifting,462,2,0
19464,lifting,1204,7,2
19465,light,36,14,5
19466,light,249,42,13
19467,light,284,18,7
19468,light,338,7,3
19469,light,491,1,0
19470,light,570,2,1
19471,light,583,34,6
19472,light,652,7,2
19473,light,711,29,3
19474,light,876,13,3
19475,light,979,17,3
19476,light,986,1,1
19477,light,1457,5,3
19478,light,1574,8,3
19479,light,1684,4,1
19480,light,1768,10,1
19481,light,1830,11,3
19482,lighted,23,5,0
19483,lighted,287,7,3
19484,lighted,527,4,0
19485,lighted,554,7,2
19486,lighted,660,9,2
19487,lighted,1082,25,11
19488,lighted,1706,7,1
19489,lighted,1826,29,6
19490,lightest,829,11,0
19491,lighting,394,3,0
19492,lighting,1121,18,3
19493,lighting,1263,34,12
19494,lighting,1413,3,1
19495,lightly,1026,4,0
19496,lights,283,12,4
19497,lights,1441,4,0
19498,lignity,533,5,1
19499,like,40,3,1
19500,like,85,11,0
19501,like,86,34,9
19502,like,146,3,1
19503,like,152,4,1
19504,like,203,18,6
19505,like,207,2,1
19506,like,212,15,2
19507,like,220,12,0
19508,like,235,10,1
19509,like,274,8,2
19510,like,325,1,1
19511,like,326,50,8
19512,like,338,12,3
19513,like,359,2,1
19514,like,361,14,2
19515,like,417,15,4
19516,like,423,32,5
19517,like,425,29,5
19518,like,491,5,0
19519,like,525,65,11
19520,like,526,2,0
19521,like,529,43,10
19522,like,538,5,1
19523,like,548,3,0
19524,like,567,33,5
19525,like,591,7,1
19526,like,633,7,2
19527,like,637,5,1
19528,like,655,10,0
19529,like,658,39,11
19530,like,664,5,0
19531,like,670,5,0
19532,like,764,20,2
19533,like,804,36,3
19534,like,816,40,7
19535,like,823,23,3
19536,like,823,26,3
19537,like,923,19,5
19538,like,980,4,2
19539,like,1032,51,8
19540,like,1033,20,4
19541,like,1055,18,9
19542,like,1055,34,10
19543,like,1194,28,8
19544,like,1293,14,1
19545,like,1397,32,3
19546,like,1422,11,0
19547,like,1454,21,7
19548,like,1490,10,0
19549,like,1495,8,0
19550,like,1501,20,4
19551,like,1605,16,5
19552,like,1605,31,8
19553,like,1630,9,1
19554,like,1762,1,0
19555,like,1762,4,1
19556,like,1824,10,2
19557,like,1828,11,3
19558,liked,1031,14,4
19559,lilac,1573,6,2
19560,lilies,1700,18,7
19561,lily,331,5,1
19562,lily,333,4,2
19563,lily,336,2,0
19564,lily,337,17,5
19565,lily,343,11,1
19566,limbs,86,31,9
19567,limit,147,5,0
19568,limp,1333,14,2
19569,limply,1375,3,1
19570,line,1169,4,1
19571,line,1357,19,5
19572,line,1460,7,2
19573,lined,1645,4,3
19574,lines,168,32,5
19575,lines,1148,11,3
19576,lines,1408,22,2
19577,lingered,337,23,7
19578,lingered,491,4,0
19579,lingered,1121,1,0
19580,lingering,1120,30,3
19581,lings,322,14,4
19582,linking,1132,3,1
19583,lion,1477,24,5
19584,liot,1545,28,4
19585,lip,1473,10,3
19586,lip,1488,16,3
19587,lips,294,19,3
19588,lips,684,7,1
19589,lips,810,2,0
19590,lips,876,20,4
19591,lips,942,3,1
19592,lips,1121,7,2
19593,lips,1276,2,1
19594,lips,1364,15,2
19595,lips,1375,21,3
19596,lips,1581,16,4
19597,lips,1582,11,2
19598,lips,1600,14,3
19599,lips,1607,8,1
19600,lips,1614,17,5
19601,lips,1769,46,7
19602,lips,1832,8,2
19603,lips,1834,4,2
19604,lips,1837,18,3
19605,liqueurs,1100,0,0
19606,liquid,414,14,4
19607,list,270,2,1
19608,list,1836,16,3
19609,listen,308,7,0
19610,listen,520,27,5
19611,listen,666,2,0
19612,listen,804,10,1
19613,listen,1034,19,3
19614,listened,58,57,8
19615,listened,236,16,1
19616,listened,268,46,7
19617,listened,325,14,4
19618,listened,330,4,0
19619,listened,423,43,8
19620,listened,966,8,2
19621,listened,1106,87,18
19622,listened,1124,7,4
19623,listened,1535,62,14
19624,listened,1616,17,2
19625,listened,1657,3,1
19626,listened,1836,1,0
19627,listening,58,29,4
19628,listening,298,34,4
19629,listening,1120,40,5
19630,lit,963,2,0
19631,literary,40,19,7
19632,little,51,44,15
19633,little,111,3,1
19634,little,153,11,1
19635,little,164,8,0
19636,little,385,23,8
19637,little,408,32,1
19638,little,437,9,1
19639,little,439,32,4
19640,little,460,20,6
19641,little,481,21,5
19642,little,491,52,11
19643,little,499,35,11
19644,little,506,11,2
19645,little,669,18,1
19646,little,674,7,3
19647,little,693,37,10
19648,little,702,7,3
19649,little,725,8,3
19650,little,765,0,0
19651,little,793,6,0
19652,little,804,20,3
19653,little,835,12,2
19654,little,865,9,1
19655,little,952,28,6
19656,little,958,1,0
19657,little,976,7,1
19658,little,1002,19,1
19659,little,1019,31,8
19660,little,1022,4,1
19661,little,1042,83,12
19662,little,1127,14,1
19663,little,1167,2,1
19664,little,1185,20,4
19665,little,1248,7,1
19666,little,1263,17,6
19667,little,1283,10,2
19668,little,1319,16,4
19669,little,1372,16,2
19670,little,1390,2,0
19671,little,1408,25,3
19672,little,1413,26,3
19673,little,1436,51,7
19674,little,1460,45,4
19675,little,1478,12,3
19676,little,1482,4,0
19677,little,1486,6,2
19678,little,1490,14,0
19679,little,1535,44,7
19680,little,1545,15,3
19681,little,1678,36,9
19682,little,1698,1,0
19683,little,1699,15,5
19684,little,1700,29,13
19685,little,1708,5,2
19686,little,1752,16,4
19687,little,1806,10,0
19688,little,1828,23,6
19689,little,1830,25,8
19690,little,1836,6,1
19691,lity,361,16,2
19692,live,69,11,2
19693,live,145,17,6
19694,live,423,34,6
19695,live,495,41,10
19696,live,495,52,13
19697,live,548,5,0
19698,live,1124,38,8
19699,live,1422,23,1
19700,live,1542,2,0
19701,lived,664,9,0
19702,lived,1024,70,9
19703,lives,227,17,0
19704,lives,423,2,1
19705,lives,437,20,4
19706,lives,666,15,3
19707,lives,950,2,0
19708,livid,752,13,2
19709,living,386,46,5
19710,living,751,9,5
19711,living,933,29,3
19712,livingston,43,78,25
19713,lizard,573,72,12
19714,lizzie,655,14,0
19715,lizzie,657,25,1
19716,lizzie,658,8,3
19717,ll,305,2,0
19718,ll,1016,1,0
19719,ll,1033,25,5
19720,ll,1035,24,3
19721,ll,1238,4,0
19722,ll,1343,8,2
19723,ll,1437,14,0
19724,ll,1694,9,1
19725,ll,1752,5,0
19726,lo,747,7,2
19727,load,423,24,5
19728,load,1163,4,0
19729,loads,173,1,0
19730,loads,1054,3,1
19731,loafing,1032,18,2
19732,loathe,67,12,1
19733,loathe,223,5,0
19734,loathing,648,2,1
19735,lobster,608,7,0
19736,lock,144,11,3
19737,lock,1555,4,1
19738,locked,1133,7,2
19739,locked,1821,7,3
19740,locking,275,1,0
19741,locks,747,8,2
19742,locomotive,1599,6,3
19743,loffat,1436,49,7
19744,loft,529,59,17
19745,loire,1056,18,2
19746,loire,1064,12,1
19747,loire,1082,20,11
19748,loiterer,286,14,5
19749,loiterers,153,35,11
19750,lolling,151,23,8
19751,london,10,3,0
19752,london,39,11,3
19753,lonely,1522,3,0
19754,long,76,34,6
19755,long,268,36,7
19756,long,325,5,2
19757,long,367,25,8
19758,long,423,9,2
19759,long,448,1,0
19760,long,533,38,5
19761,long,534,8,1
19762,long,534,9,1
19763,long,589,42,7
19764,long,731,44,8
19765,long,907,12,2
19766,long,919,1,0
19767,long,964,4,1
19768,long,1229,49,14
19769,long,1331,5,1
19770,long,1381,19,2
19771,long,1454,9,3
19772,long,1457,34,15
19773,long,1462,11,1
19774,long,1586,10,0
19775,long,1602,7,2
19776,long,1774,36,8
19777,long,1799,17,2
19778,long,1804,9,0
19779,longed,521,2,0
19780,longed,1202,1,0
19781,longer,21,15,6
19782,longer,327,15,1
19783,longer,434,56,9
19784,longer,912,10,0
19785,longing,488,9,1
19786,longing,1159,1,0
19787,look,109,3,1
19788,look,290,4,1
19789,look,398,5,2
19790,look,405,10,3
19791,look,525,57,10
19792,look,529,3,2
19793,look,581,15,2
19794,look,674,12,3
19795,look,779,4,1
19796,look,782,2,0
19797,look,796,17,3
19798,look,974,20,4
19799,look,1038,22,4
19800,look,1055,27,10
19801,look,1374,12,3
19802,look,1405,15,3
19803,look,1619,16,2
19804,look,1620,5,0
19805,look,1620,6,0
19806,look,1650,16,3
19807,looked,52,1,0
19808,looked,75,22,1
19809,looked,134,2,1
19810,looked,152,19,5
19811,looked,162,1,0
19812,looked,172,2,0
19813,looked,221,27,5
19814,looked,249,28,9
19815,looked,279,7,2
19816,looked,283,1,0
19817,looked,293,8,1
19818,looked,326,11,2
19819,looked,349,1,0
19820,looked,480,6,0
19821,looked,488,21,1
19822,looked,529,42,10
19823,looked,567,32,5
19824,looked,610,5,0
19825,looked,613,17,3
19826,looked,700,3,1
19827,looked,716,1,0
19828,looked,733,7,1
19829,looked,743,29,6
19830,looked,757,2,0
19831,looked,821,85,17
19832,looked,947,28,11
19833,looked,967,9,5
19834,looked,1002,15,0
19835,looked,1020,14,6
19836,looked,1040,10,1
19837,looked,1105,4,2
19838,looked,1211,1,0
19839,looked,1273,4,2
19840,looked,1292,33,4
19841,looked,1299,10,1
19842,looked,1302,9,2
19843,looked,1323,1,0
19844,looked,1354,23,3
19845,looked,1359,9,3
19846,looked,1361,1,0
19847,looked,1361,23,3
19848,looked,1398,5,0
19849,looked,1458,1,0
19850,looked,1501,15,4
19851,looked,1640,23,5
19852,looked,1653,17,4
19853,looked,1677,10,1
19854,looked,1686,2,0
19855,looked,1713,30,5
19856,looked,1736,16,4
19857,looked,1769,17,3
19858,looked,1778,4,0
19859,looked,1781,5,0
19860,looked,1801,2,0
19861,looked,1823,15,7
19862,lookin,629,4,1
19863,lookin,633,3,0
19864,looking,166,36,6
19865,looking,171,15,1
19866,looking,410,1,0
19867,looking,511,3,1
19868,looking,538,19,4
19869,looking,554,31,9
19870,looking,675,11,2
19871,looking,678,10,4
19872,looking,1009,28,2
19873,looking,1022,2,0
19874,looking,1170,11,3
19875,looking,1340,19,6
19876,looking,1486,17,3
19877,looking,1520,6,0
19878,looking,1524,8,2
19879,looks,635,16,4
19880,looks,1317,1,0
19881,looted,386,65,6
19882,loping,1194,15,5
19883,lor,76,11,0
19884,lor,1007,4,0
19885,lord,1794,8,1
19886,lorrrd,627,14,3
19887,lorrrd,627,19,3
19888,los,171,4,0
19889,lose,363,9,0
19890,lose,759,38,5
19891,loss,589,5,2
19892,lost,13,29,13
19893,lost,13,37,13
19894,lost,332,1,0
19895,lost,432,24,5
19896,lost,510,15,4
19897,lost,541,2,0
19898,lost,572,17,5
19899,lost,759,4,0
19900,lost,760,5,0
19901,lost,777,4,0
19902,lost,821,32,6
19903,lost,937,11,1
19904,lost,1181,11,1
19905,lost,1196,1,0
19906,lost,1416,20,2
19907,lost,1697,41,9
19908,lot,132,1,0
19909,louis,53,18,2
19910,louis,120,6,0
19911,louis,121,8,0
19912,louis,137,0,0
19913,louis,140,8,0
19914,louis,159,59,4
19915,louis,162,0,0
19916,louis,164,20,3
19917,louis,166,6,1
19918,louis,166,22,3
19919,louis,168,3,0
19920,louis,202,3,0
19921,louis,216,15,4
19922,louis,288,18,6
19923,louis,298,8,0
19924,louis,302,1,0
19925,louis,303,5,0
19926,louis,304,1,0
19927,louis,314,15,1
19928,louis,318,6,1
19929,louis,327,19,1
19930,louis,816,31,6
19931,louis,836,13,2
19932,louis,1016,6,0
19933,loup,838,3,2
19934,lout,1253,9,2
19935,love,57,7,1
19936,love,129,8,1
19937,love,425,57,11
19938,love,425,60,11
19939,love,508,3,0
19940,love,669,22,3
19941,love,688,22,1
19942,love,830,9,1
19943,love,872,5,0
19944,love,911,10,0
19945,love,912,4,0
19946,love,912,7,0
19947,love,1025,2,0
19948,love,1124,33,8
19949,love,1143,13,3
19950,love,1354,7,0
19951,love,1406,2,0
19952,love,1471,14,0
19953,love,1491,15,1
19954,love,1614,31,7
19955,love,1746,3,1
19956,love,1749,10,0
19957,love,1783,25,2
19958,loved,55,1,0
19959,loved,827,122,18
19960,loved,894,13,1
19961,loved,895,9,1
19962,loved,1126,47,3
19963,lovely,42,45,11
19964,lovely,358,4,0
19965,lovely,378,18,4
19966,lovely,824,59,15
19967,loving,911,19,1
19968,loving;,952,22,5
19969,low,744,47,11
19970,low,1153,1,0
19971,low,1331,14,3
19972,low,1350,2,0
19973,low,1507,10,2
19974,low,1577,4,2
19975,low,1658,16,8
19976,lowby,1003,21,3
19977,lowby,1003,39,6
19978,lowby,1044,6,0
19979,lowby,1045,5,0
19980,lowby,1106,103,26
19981,lowed,142,31,4
19982,lowed,173,14,3
19983,lowed,803,7,1
19984,lowed,1649,2,0
19985,lowed,1727,1,0
19986,lowed,1828,10,3
19987,lower,762,2,1
19988,lower,762,3,1
19989,lower,1120,47,7
19990,lowing,386,55,5
19991,lowing,1552,2,0
19992,lows,1066,18,5
19993,lows,1721,8,0
19994,lthough,330,0,0
19995,lunatic,67,4,1
19996,lunatic,223,8,0
19997,luncheon,371,21,1
19998,lurked,41,40,9
19999,lustrations,4,9,8
20000,lux,1713,20,4
20001,luxembourg,1327,4,1
20002,luxuries,1043,67,9
20003,ly,291,4,0
20004,lying,672,24,6
20005,lying,1185,29,5
20006,lying,1205,12,2
20007,lying,1224,13,2
20008,lyze,744,14,2
20009,m,429,16,2
20010,m,816,42,8
20011,m,974,18,4
20012,m,1625,10,4
20013,mad,827,84,14
20014,madam!,1597,30,4
20015,madame,1286,26,2
20016,madame,1290,1,0
20017,madame,1290,18,4
20018,madame,1292,5,1
20019,made,410,13,2
20020,made,439,16,1
20021,made,529,79,21
20022,made,1127,40,8
20023,made,1255,4,0
20024,madeleine,1810,16,5
20025,madelon,1483,41,10
20026,mademoiselle,819,14,2
20027,mademoiselle,1680,6,2
20028,madhouse,252,19,2
20029,madonna,347,4,1
20030,madonna,359,1,1
20031,madonna,361,13,2
20032,madonna,481,33,5
20033,madonna,491,23,4
20034,mafoi,1598,12,0
20035,maggie,654,7,0
20036,magnificent,171,25,3
20037,magnificent,1569,5,1
20038,magnificently,84,4,0
20039,magpies,1537,0,0
20040,maid,1290,4,1
20041,maid,1293,21,2
20042,maids,158,12,1
20043,maikes,633,1,0
20044,mail,284,13,6
20045,majestic,1633,2,1
20046,major,43,85,27
20047,make,163,3,0
20048,make,362,14,1
20049,make,641,3,0
20050,make,763,54,11
20051,make,1444,19,2
20052,make,1737,23,5
20053,makers,550,20,7
20054,makers,575,19,5
20055,mallet,55,15,6
20056,mallet,458,1,1
20057,mamma,1323,13,1
20058,man,44,16,3
20059,man,72,18,1
20060,man,159,28,2
20061,man,178,4,1
20062,man,251,2,0
20063,man,270,8,3
20064,man,274,11,3
20065,man,460,3,1
20066,man,620,10,1
20067,man,627,6,2
20068,man,670,31,2
20069,man,1025,8,0
20070,man,1034,9,0
20071,man,1038,26,4
20072,man,1081,10,0
20073,man,1155,18,2
20074,man,1230,11,6
20075,man,1247,4,2
20076,man,1256,17,5
20077,man,1429,48,8
20078,man,1452,5,1
20079,man,1633,12,3
20080,man,1634,6,2
20081,man,1663,5,3
20082,managable,1157,4,0
20083,management,463,20,4
20084,manded,108,10,1
20085,manded,1486,27,3
20086,manded,1544,4,0
20087,manding,1543,11,1
20088,mangled,253,8,2
20089,mania,85,5,0
20090,manner,662,19,3
20091,manner,1358,13,2
20092,manner,1631,3,0
20093,manoeuvres,359,14,3
20094,manoeuvring,66,4,0
20095,mantelpiece,220,22,3
20096,mantle,428,44,14
20097,mantle,748,37,7
20098,manufacturing,1310,9,3
20099,manuscript,249,3,1
20100,manuscript,263,0,0
20101,manuscript,290,25,4
20102,manuscripts,806,25,5
20103,many,17,1,1
20104,many,28,32,10
20105,many,76,7,0
20106,many,84,27,6
20107,marble,150,22,7
20108,marble,283,20,5
20109,marble,337,8,2
20110,marble,351,20,7
20111,marble,385,2,1
20112,marble,455,10,2
20113,marble,465,12,5
20114,marble,488,5,0
20115,marble,495,40,10
20116,marble,498,13,4
20117,marble,1457,28,12
20118,marble,1672,8,4
20119,marbles,1331,9,2
20120,march,133,16,5
20121,march,258,11,0
20122,march,1180,4,1
20123,"marche""",1301,9,2
20124,marched,949,6,1
20125,marie,406,2,0
20126,marie,1094,1,0
20127,marie,1100,13,1
20128,marie,1120,4,0
20129,mark,410,11,2
20130,mark,932,9,2
20131,marked,297,4,0
20132,market,1671,8,1
20133,market,1695,4,1
20134,marriage,1777,4,0
20135,married,229,12,1
20136,marseillaise,1094,17,3
20137,marsh,1540,8,4
20138,mash,657,20,1
20139,mask,427,1,1
20140,mask,744,62,14
20141,mask,910,11,3
20142,mask,910,14,3
20143,mask!,329,3,0
20144,mass,343,4,1
20145,mass,666,5,1
20146,masses,573,47,8
20147,massive,214,18,5
20148,master,326,45,8
20149,master,1617,6,0
20150,mastered,1810,2,0
20151,match,1048,7,0
20152,mate,168,13,1
20153,matter,365,33,8
20154,matter,685,3,1
20155,matter,712,10,2
20156,matter,1809,13,0
20157,matthews,91,0,0
20158,maudlin,1560,12,0
20159,maw,12,1,0
20160,may,76,22,1
20161,may,362,22,2
20162,may,1067,1,0
20163,may,1106,73,14
20164,may,1509,0,0
20165,may,1533,24,4
20166,may,1676,10,3
20167,may,1770,13,1
20168,mayest,816,46,8
20169,mccormicks,670,15,1
20170,me,35,12,2
20171,me,52,4,1
20172,me,54,35,5
20173,me,111,5,1
20174,me,156,15,3
20175,me,159,68,5
20176,me,209,27,3
20177,me,211,10,0
20178,me,234,12,2
20179,me,283,30,8
20180,me,294,34,8
20181,me,298,15,3
20182,me,303,29,6
20183,me,303,31,6
20184,me,306,5,1
20185,me,314,21,1
20186,me,318,7,1
20187,me,318,10,1
20188,me,351,22,7
20189,me,355,16,5
20190,me,362,23,2
20191,me,366,13,3
20192,me,371,1,0
20193,me,373,12,1
20194,me,404,16,2
20195,me,427,3,2
20196,me,430,7,1
20197,me,431,7,1
20198,me,439,57,10
20199,me,461,7,2
20200,me,473,12,6
20201,me,484,1,0
20202,me,495,18,4
20203,me,526,14,1
20204,me,526,15,1
20205,me,529,6,2
20206,me,532,6,1
20207,me,555,7,1
20208,me,567,4,1
20209,me,582,21,6
20210,me,588,2,0
20211,me,598,4,2
20212,me,600,5,1
20213,me,667,5,1
20214,me,678,16,7
20215,me,680,48,8
20216,me,698,30,6
20217,me,705,14,2
20218,me,730,23,1
20219,me,741,12,2
20220,me,762,8,1
20221,me,764,14,2
20222,me,785,6,0
20223,me,790,6,1
20224,me,809,46,13
20225,me,812,6,1
20226,me,824,40,9
20227,me,827,11,3
20228,me,833,2,0
20229,me,845,7,2
20230,me,863,5,0
20231,me,931,63,10
20232,me,952,14,5
20233,me,961,18,5
20234,me,997,9,0
20235,me,1007,5,0
20236,me,1008,12,3
20237,me,1034,21,4
20238,me,1115,7,0
20239,me,1138,24,3
20240,me,1268,5,1
20241,me,1274,11,2
20242,me,1362,5,1
20243,me,1392,4,0
20244,me,1395,6,0
20245,me,1400,4,0
20246,me,1439,4,0
20247,me,1442,7,2
20248,me,1443,2,0
20249,me,1449,15,3
20250,me,1469,15,2
20251,me,1509,18,1
20252,me,1512,9,0
20253,me,1551,0,0
20254,me,1577,14,4
20255,me,1585,18,2
20256,me,1624,4,0
20257,me,1661,10,1
20258,me,1766,17,3
20259,me,1777,3,0
20260,meadow,1195,12,5
20261,meadows,1180,7,1
20262,meal,159,3,0
20263,mean,124,21,3
20264,mean,435,0,0
20265,mean,1476,28,0
20266,"mean!""",1416,9,0
20267,meant,160,4,0
20268,meant,559,2,0
20269,meantime,1524,66,16
20270,measure,27,17,8
20271,meat,949,26,6
20272,mechanically,488,19,1
20273,mechanically,1222,0,0
20274,mechanically,1801,0,0
20275,mediaeval,506,6,1
20276,mediaeval,567,47,10
20277,meditation,506,21,3
20278,meet,551,4,1
20279,meeting,1518,6,2
20280,mel,286,28,7
20281,mellow,55,11,4
20282,mellow,1574,48,17
20283,melody,508,18,4
20284,melting,990,14,6
20285,melting,1174,13,7
20286,member,401,3,0
20287,memorial,150,10,5
20288,memory,72,11,0
20289,men,104,2,1
20290,men,104,16,7
20291,men,123,11,4
20292,men,227,12,0
20293,men,1113,5,0
20294,men,1218,7,2
20295,men,1219,4,1
20296,men,1222,5,0
20297,men,1280,28,8
20298,men,1294,8,1
20299,men,1504,20,3
20300,men,1690,6,0
20301,menace,533,18,2
20302,menacing,980,18,7
20303,ment,29,15,6
20304,ment,42,33,7
20305,ment,44,13,3
20306,ment,66,2,0
20307,ment,334,20,6
20308,ment,423,39,7
20309,ment,577,29,5
20310,ment,640,5,1
20311,ment,683,2,0
20312,ment,818,19,5
20313,ment,827,116,16
20314,ment,1140,4,0
20315,ment,1186,2,1
20316,ment,1212,1,1
20317,ment,1524,64,16
20318,ment,1698,6,1
20319,ment,1734,6,0
20320,ment,1734,8,1
20321,ment,1809,7,0
20322,ment,1834,2,2
20323,mental,514,16,3
20324,mental,542,3,0
20325,mentally,191,0,0
20326,mentally,299,16,3
20327,mentioned,266,1,0
20328,mentioned,1385,4,0
20329,mentor,1290,12,3
20330,ments,1545,7,2
20331,mer,1479,7,1
20332,mercifully,32,5,1
20333,mercy,499,23,8
20334,mere,192,16,1
20335,mere,1131,3,1
20336,merits,1301,8,2
20337,merlin,854,9,2
20338,merriment,1358,21,3
20339,merry,1314,13,4
20340,mery,1490,19,2
20341,mess,921,8,3
20342,met,540,5,1
20343,met,1524,12,2
20344,metals,368,16,1
20345,meteor,143,6,1
20346,metropolis,166,52,14
20347,metropolitan,702,14,3
20348,mew,918,13,0
20349,michel,1592,0,0
20350,middle,528,9,4
20351,middle,1699,42,14
20352,midnight,238,3,0
20353,midnight,449,11,3
20354,midnight,595,16,4
20355,midnight,596,6,0
20356,midnight,672,6,1
20357,midnight,744,64,14
20358,midnight,1227,1,0
20359,midst,45,12,2
20360,midst,816,2,1
20361,midst,1256,2,2
20362,might,124,25,4
20363,might,216,11,3
20364,might,374,1,0
20365,might,459,4,1
20366,might,504,8,3
20367,might,525,71,12
20368,might,630,1,0
20369,might,733,3,0
20370,might,755,8,1
20371,might,758,2,0
20372,might,1033,37,6
20373,might,1391,0,0
20374,might,1391,1,0
20375,might,1508,4,0
20376,might,1572,13,3
20377,might,1668,10,1
20378,might,1804,27,2
20379,mildly,1326,0,0
20380,miles,1732,32,4
20381,miliar,1802,3,1
20382,military,43,79,25
20383,military,50,9,3
20384,military,129,17,3
20385,military,167,18,6
20386,military,287,9,3
20387,milk,158,9,1
20388,milk,920,10,3
20389,milk,921,3,2
20390,milk,946,1,0
20391,milkweed,1321,18,4
20392,millions,1369,5,0
20393,millions,1766,10,2
20394,minable,730,37,5
20395,minated,1789,37,14
20396,mind,38,15,6
20397,mind,71,1,0
20398,mind,434,23,7
20399,mind,446,10,2
20400,mind,575,5,1
20401,mind,1450,12,2
20402,mind,1504,8,1
20403,mind,1504,10,1
20404,mind,1701,8,2
20405,mind,1833,11,1
20406,minded,1436,60,8
20407,mine,249,40,12
20408,mine,572,28,6
20409,mine,683,4,0
20410,mine,793,9,0
20411,mine,876,11,2
20412,mine,1268,32,6
20413,mine,1385,5,0
20414,mine,1443,50,7
20415,mine,1619,17,2
20416,ming,1477,16,3
20417,minister,96,2,0
20418,minister,627,3,1
20419,minor,626,71,19
20420,mint,932,8,2
20421,minutes,144,5,1
20422,minutes,239,21,3
20423,minutes,1347,8,0
20424,miracle,1563,11,0
20425,miracle,1565,3,0
20426,miracle,1566,4,1
20427,mirror,203,12,5
20428,mirror,205,29,6
20429,mirror,901,20,0
20430,mirror,909,4,2
20431,mirror,1488,20,5
20432,miscellaneous,1098,4,0
20433,miser,1006,10,1
20434,miserable,1521,17,6
20435,miserable,1525,2,0
20436,miss,1304,16,6
20437,miss,1322,1,0
20438,miss,1323,0,0
20439,miss,1327,16,4
20440,missed,1544,13,3
20441,missing,61,13,4
20442,missing,73,48,11
20443,mission,1552,5,2
20444,mist,1084,24,7
20445,mist,1148,2,1
20446,mist,1199,1,0
20447,mist,1603,5,0
20448,mistake,31,26,4
20449,mistaken,1379,16,2
20450,mistress,939,14,1
20451,mistress,941,30,9
20452,mists,1194,35,11
20453,misty,744,68,16
20454,misty,745,21,7
20455,misty,1454,6,2
20456,mitted,689,2,0
20457,mm,13,0,0
20458,mm,1628,55,12
20459,mnxious,1268,41,6
20460,mobile,1175,8,3
20461,mobility,1804,32,2
20462,mocking,342,4,0
20463,model,577,36,7
20464,model,584,5,1
20465,model,655,1,0
20466,model,663,28,3
20467,model,715,1,0
20468,model,1421,4,1
20469,model,1637,35,2
20470,modelling,412,3,0
20471,models,1318,4,2
20472,modified,645,12,1
20473,molded,132,18,3
20474,molly,644,2,0
20475,moment,155,3,1
20476,moment,159,63,5
20477,moment,283,5,2
20478,moment,326,23,5
20479,moment,577,3,2
20480,moment,824,47,13
20481,moment,971,5,2
20482,moment,1047,35,4
20483,moment,1091,23,6
20484,moment,1182,1,1
20485,moment,1290,15,4
20486,moment,1462,24,2
20487,moment,1784,3,1
20488,moments,144,16,4
20489,moments,146,1,1
20490,moments,146,4,1
20491,moments,417,2,0
20492,moments,1665,35,6
20493,moments,1759,2,1
20494,mon,1003,15,2
20495,mon,1284,11,1
20496,mon,1446,39,7
20497,mon,1726,17,6
20498,money,282,11,3
20499,money,1043,17,1
20500,monotonous,1106,85,18
20501,monseigneur,516,1,0
20502,monseigneurc,511,6,2
20503,monsieur,991,8,2
20504,monsieur,1114,12,2
20505,monsieur,1167,15,3
20506,monsieur,1281,3,0
20507,monsieur,1388,9,2
20508,monsieur,1469,5,0
20509,monsieur,1483,43,10
20510,monsieur,1483,45,10
20511,monsieur,1505,8,0
20512,monsieur,1506,10,2
20513,monsieur,1533,23,4
20514,monsieur,1549,27,6
20515,monsieur,1687,7,0
20516,monstrosity,151,8,3
20517,months,15,15,4
20518,months,753,3,1
20519,months,1443,42,6
20520,montparnasse,1270,27,8
20521,montresor,4,10,8
20522,moodily,1734,10,2
20523,moon,428,65,18
20524,moon,941,24,8
20525,moonlight,284,7,4
20526,moonlight,1412,5,0
20527,moons,941,18,7
20528,moor,778,6,0
20529,moor,796,6,2
20530,moor,807,11,3
20531,moorland,782,5,0
20532,moors,791,9,4
20533,moors,842,7,3
20534,moors,843,10,2
20535,mor,1066,14,5
20536,morality,1291,28,5
20537,morals,1290,28,4
20538,morals,1790,12,1
20539,more,198,8,1
20540,more,327,8,1
20541,more,386,43,5
20542,more,393,15,4
20543,more,425,70,13
20544,more,447,4,0
20545,more,460,30,11
20546,more,503,15,2
20547,more,508,16,4
20548,more,529,117,31
20549,more,614,13,2
20550,more,669,6,0
20551,more,748,42,7
20552,more,823,22,3
20553,more,1042,64,7
20554,more,1101,1,0
20555,more,1102,5,0
20556,more,1184,0,0
20557,more,1229,7,1
20558,more,1292,9,2
20559,more,1403,11,0
20560,more,1411,2,0
20561,more,1434,1,0
20562,more,1546,3,0
20563,moreover,502,0,0
20564,morning,203,1,0
20565,morning,425,52,11
20566,morning,426,16,3
20567,morning,573,91,14
20568,morning,574,17,7
20569,morning,651,20,6
20570,morning,711,28,3
20571,morning,815,2,0
20572,morning,937,19,3
20573,morning,1571,11,2
20574,morrow,232,17,4
20575,morrow,233,1,1
20576,morrow,234,4,1
20577,morrow,317,2,1
20578,morrow,402,3,1
20579,morrow,1056,34,4
20580,morrow,1057,6,1
20581,morrow,1109,11,1
20582,morrow,1441,6,0
20583,morrow,1444,29,3
20584,mortar,1818,16,4
20585,most,40,16,6
20586,most,686,9,1
20587,most,933,49,10
20588,most,1515,11,1
20589,most,1670,20,5
20590,most,1770,23,2
20591,mostly,431,8,1
20592,mother,1143,10,3
20593,mother,1301,4,1
20594,mothers,537,9,3
20595,motion,867,8,4
20596,motion,947,6,3
20597,motion,1258,7,3
20598,motioned,1194,19,5
20599,motioned,1248,1,0
20600,motioning,789,9,1
20601,motioning,1141,11,1
20602,motioning,1185,14,2
20603,motionless,769,7,1
20604,motionless,916,3,1
20605,motionless,1019,13,5
20606,motionless,1212,4,2
20607,moulted,856,5,1
20608,mountains,941,14,5
20609,mounted,136,1,0
20610,mounted,820,19,5
20611,mounted,948,16,5
20612,mounted,1179,28,6
20613,mounted,1483,12,3
20614,mouth,973,5,2
20615,mouth,1019,22,7
20616,move,86,2,0
20617,move,1677,9,1
20618,moved,29,9,4
20619,moved,1148,4,1
20620,moved,1149,12,2
20621,moved,1213,7,2
20622,moved,1758,2,0
20623,movement,58,47,6
20624,movement,1602,3,2
20625,movement,1606,4,0
20626,moving,575,14,4
20627,moving,1165,6,0
20628,mr,52,5,1
20629,mr,67,29,4
20630,mr,79,12,3
20631,mr,88,0,0
20632,mr,118,43,9
20633,mr,128,6,0
20634,mr,135,0,0
20635,mr,177,1,0
20636,mr,186,5,0
20637,mr,195,12,0
20638,mr,198,49,7
20639,mr,199,21,2
20640,mr,204,57,16
20641,mr,239,37,8
20642,mr,240,28,4
20643,mr,248,7,0
20644,mr,260,7,0
20645,mr,262,12,1
20646,mr,263,19,4
20647,mr,264,16,5
20648,mr,272,2,1
20649,mr,274,15,3
20650,mr,275,17,7
20651,mr,277,2,1
20652,mr,280,0,0
20653,mr,316,0,0
20654,mr,319,17,1
20655,mr,325,29,7
20656,mr,327,39,4
20657,mr,399,18,2
20658,mr,654,10,0
20659,mr,1302,25,6
20660,mr,1304,48,11
20661,mr,1307,1,0
20662,mr,1309,1,0
20663,mr,1384,8,1
20664,mr,1411,9,1
20665,mr,1518,7,2
20666,mr,1519,9,3
20667,mr,1664,16,5
20668,mrs,1325,5,1
20669,much,244,4,1
20670,much,289,15,0
20671,much,432,45,8
20672,much,655,12,0
20673,much,669,5,0
20674,much,670,36,3
20675,much,931,1,0
20676,much,1014,4,0
20677,much,1020,11,5
20678,much,1050,12,0
20679,much,1391,13,2
20680,much,1462,20,2
20681,much,1636,1,0
20682,much,1662,21,2
20683,muffled,821,30,6
20684,mullins,1321,15,4
20685,mur,263,4,1
20686,mured,744,60,14
20687,mured,939,17,1
20688,mured,1526,7,0
20689,muring,806,5,0
20690,murmur,1705,25,7
20691,murmured,376,9,1
20692,murmured,425,55,11
20693,murmured,612,11,0
20694,murmured,1678,24,5
20695,murmuring,168,4,0
20696,murmuring,1302,16,4
20697,murmuring,1483,32,8
20698,murphy,1597,27,4
20699,mused,1574,61,20
20700,music,520,8,0
20701,music,573,39,7
20702,music,815,5,2
20703,music,1759,9,3
20704,music,1788,23,7
20705,music,1831,5,2
20706,musing,931,83,14
20707,must,13,32,13
20708,must,69,7,1
20709,must,303,25,4
20710,must,474,3,1
20711,must,494,16,1
20712,must,525,38,7
20713,must,529,131,33
20714,must,596,1,0
20715,must,666,21,3
20716,must,711,23,1
20717,must,753,1,0
20718,must,997,6,0
20719,must,998,25,2
20720,must,1025,34,3
20721,must,1045,11,0
20722,must,1126,14,1
20723,must,1127,1,0
20724,must,1253,27,7
20725,must,1304,42,11
20726,must,1353,1,0
20727,must,1353,2,0
20728,mute,1581,4,2
20729,mutilated,247,13,1
20730,mutilated,326,16,3
20731,muttered,123,14,4
20732,muttered,226,15,0
20733,muttered,415,14,1
20734,muttered,1034,24,4
20735,muttered,1240,41,12
20736,muttered,1452,29,7
20737,muttered,1472,4,0
20738,muttering,1429,6,1
20739,my,12,5,2
20740,my,33,7,1
20741,my,33,35,4
20742,my,58,35,4
20743,my,129,18,3
20744,my,131,2,0
20745,my,142,2,0
20746,my,168,56,10
20747,my,198,16,4
20748,my,203,22,7
20749,my,204,32,9
20750,my,205,25,4
20751,my,208,1,0
20752,my,244,19,5
20753,my,251,9,1
20754,my,274,14,3
20755,my,296,11,1
20756,my,322,8,2
20757,my,336,6,1
20758,my,385,35,11
20759,my,409,11,3
20760,my,413,5,1
20761,my,423,28,5
20762,my,432,35,8
20763,my,439,31,4
20764,my,490,21,7
20765,my,500,0,0
20766,my,509,18,1
20767,my,518,0,0
20768,my,526,0,0
20769,my,529,90,24
20770,my,529,109,29
20771,my,531,26,9
20772,my,554,11,2
20773,my,626,14,3
20774,my,627,21,3
20775,my,669,20,2
20776,my,673,24,4
20777,my,673,33,6
20778,my,688,34,1
20779,my,691,14,6
20780,my,706,7,2
20781,my,708,1,0
20782,my,746,4,1
20783,my,759,5,0
20784,my,760,9,1
20785,my,763,4,1
20786,my,763,8,1
20787,my,766,0,0
20788,my,769,2,0
20789,my,778,50,7
20790,my,816,27,6
20791,my,824,14,3
20792,my,824,51,13
20793,my,828,0,0
20794,my,829,6,0
20795,my,845,0,0
20796,my,876,5,1
20797,my,887,11,1
20798,my,902,12,2
20799,my,951,11,1
20800,my,1042,55,6
20801,my,1056,51,6
20802,my,1105,14,3
20803,my,1165,10,1
20804,my,1282,0,0
20805,my,1284,20,2
20806,my,1395,2,0
20807,my,1424,36,6
20808,my,1633,10,3
20809,myclientelle,1288,13,1
20810,myself,58,20,2
20811,myself,302,13,1
20812,myself,426,5,0
20813,myself,426,10,1
20814,myself,426,35,7
20815,myself,435,6,2
20816,myself,486,12,1
20817,myself,496,5,0
20818,myself,520,25,4
20819,myself,529,88,24
20820,myself,529,133,33
20821,myself,548,4,0
20822,myself,663,12,2
20823,myself,685,10,1
20824,myself,690,14,3
20825,myself,759,39,5
20826,myself,824,5,0
20827,myself,824,18,3
20828,myself,1326,7,1
20829,mysterious,155,16,4
20830,mysteriously,1804,12,0
20831,mystery,266,9,3
20832,mystery,529,26,8
20833,mystery,746,7,2
20834,n,499,27,8
20835,n,1116,3,1
20836,n,1310,13,4
20837,n,1702,0,0
20838,n,1746,7,1
20839,n*,687,11,4
20840,n*,1293,0,0
20841,nace,458,17,6
20842,naked,1226,28,8
20843,name,246,28,7
20844,name,386,20,1
20845,name,812,25,5
20846,name,957,2,0
20847,name,960,4,3
20848,name,1409,1,0
20849,name,1452,21,6
20850,name,1656,2,0
20851,name,1730,6,0
20852,name,1801,6,2
20853,named,1072,23,4
20854,named,1740,19,5
20855,nameless,567,37,6
20856,names,270,5,3
20857,names,961,17,5
20858,nap,404,3,1
20859,napkin,1593,16,4
20860,nasal,626,47,12
20861,nated,249,45,14
20862,nation,28,18,7
20863,nation,744,13,2
20864,national,25,3,1
20865,national,27,19,9
20866,national,27,30,13
20867,national,43,94,28
20868,national,255,17,5
20869,national,1057,24,3
20870,nationality,1656,14,1
20871,nations,320,11,0
20872,nations,1042,26,2
20873,native,28,10,3
20874,naturalization,27,26,11
20875,naturally,1420,9,0
20876,nature,41,26,4
20877,nature,1443,49,7
20878,nature,1655,2,0
20879,nature,1720,48,5
20880,natured,235,13,2
20881,nauseating,577,24,4
20882,naval,17,18,5
20883,navigable,20,5,2
20884,nawthin,639,5,0
20885,ne,203,0,0
20886,ne,594,9,0
20887,ne,1628,1,0
20888,near,1217,3,1
20889,near,1271,6,2
20890,near,1337,7,1
20891,near,1457,2,1
20892,near,1523,2,0
20893,near,1795,5,2
20894,nearer,538,26,5
20895,nearer,562,14,4
20896,nearer,746,31,10
20897,nearer,746,37,12
20898,nearer,977,2,1
20899,nearer,1189,3,2
20900,nearer,1324,8,1
20901,nearer,1477,9,1
20902,nearly,159,1,0
20903,nearly,285,15,3
20904,nearly,986,4,3
20905,nearly,1023,23,3
20906,neat,1592,4,0
20907,neath,1152,6,0
20908,neath,1830,36,11
20909,necessary,21,5,4
20910,necessary,144,7,1
20911,neck,769,18,5
20912,neck,931,56,9
20913,neck,933,42,10
20914,neck,1087,8,4
20915,neck,1488,25,5
20916,neck,1804,34,2
20917,nedy,1,4,0
20918,need,187,3,0
20919,need,940,10,2
20920,need,940,24,3
20921,need,1067,2,0
20922,needed,1047,14,2
20923,needle,977,9,3
20924,needless,952,11,5
20925,needs,219,6,1
20926,negotiated,59,5,1
20927,neighbor,1628,45,8
20928,neighbors,1105,23,4
20929,neither,675,5,0
20930,neither,726,11,4
20931,neither,833,16,1
20932,neither,1650,20,4
20933,ner,54,3,1
20934,ner,998,30,3
20935,nerve,37,29,7
20936,nerve,1739,21,3
20937,nerves,284,34,11
20938,nerves,626,15,3
20939,nerves,1250,18,2
20940,nervous,154,3,2
20941,nervous,947,35,13
20942,nervous,1460,21,2
20943,nervous,1470,4,0
20944,nervous,1628,20,4
20945,ness,547,8,0
20946,ness,812,2,0
20947,ness,844,20,4
20948,ness,985,1,0
20949,ness,1069,34,10
20950,ness,1080,7,0
20951,ness,1416,18,2
20952,ness,1588,6,0
20953,ness,1739,42,9
20954,ness,1830,4,2
20955,nest,854,27,7
20956,nest,855,8,2
20957,nestling,1021,7,0
20958,nette,864,16,6
20959,neuf,1056,60,8
20960,never,58,17,2
20961,never,228,19,4
20962,never,315,32,9
20963,never,364,5,1
20964,never,366,3,1
20965,never,389,1,0
20966,never,426,27,5
20967,never,429,25,4
20968,never,434,70,11
20969,never,460,9,2
20970,never,465,24,7
20971,never,523,2,0
20972,never,526,17,1
20973,never,526,35,5
20974,never,533,1,0
20975,never,663,2,0
20976,never,693,24,7
20977,never,783,5,0
20978,never,812,20,4
20979,never,837,1,0
20980,never,837,3,0
20981,never,843,7,1
20982,never,844,1,0
20983,never,846,46,10
20984,never,994,9,0
20985,never,1038,28,4
20986,never,1130,1,0
20987,never,1291,9,1
20988,never,1504,9,1
20989,never,1509,28,1
20990,never,1532,7,1
20991,never,1559,1,0
20992,never,1623,6,1
20993,never,1678,10,3
20994,never,1688,0,0
20995,never,1688,6,1
20996,never,1746,4,1
20997,never,1746,5,1
20998,nevertheless,587,35,5
20999,new,10,2,0
21000,new,81,9,2
21001,new,153,3,0
21002,new,372,5,1
21003,new,720,9,0
21004,news,159,7,2
21005,news,1057,16,1
21006,newspapers,750,31,3
21007,next,171,0,0
21008,next,232,6,1
21009,next,385,42,11
21010,next,417,17,5
21011,next,450,11,4
21012,next,467,1,0
21013,next,472,0,0
21014,next,526,39,7
21015,next,626,10,3
21016,next,815,1,0
21017,next,1185,33,6
21018,next,1634,5,2
21019,ney,1639,11,1
21020,nical,350,1,0
21021,nice,1087,23,6
21022,nice,1567,14,3
21023,night,57,14,3
21024,night,236,46,3
21025,night,286,10,3
21026,night,315,40,9
21027,night,408,34,1
21028,night,425,7,2
21029,night,426,7,0
21030,night,427,8,4
21031,night,541,16,2
21032,night,603,1,0
21033,night,604,9,2
21034,night,632,2,0
21035,night,725,16,4
21036,night,729,5,1
21037,night,744,55,13
21038,night,778,8,0
21039,night,779,11,2
21040,night,952,34,9
21041,night,974,5,2
21042,night,1010,6,0
21043,night,1024,65,8
21044,night,1029,15,1
21045,night,1056,36,5
21046,night,1069,11,2
21047,night,1082,13,6
21048,night,1107,4,1
21049,night,1231,31,9
21050,night,1308,11,2
21051,night,1441,28,3
21052,night,1445,4,0
21053,night,1475,8,0
21054,night,1478,31,8
21055,night,1478,37,9
21056,night,1482,5,0
21057,night,1546,6,0
21058,night,1573,5,2
21059,nights,477,0,0
21060,nights,907,15,3
21061,nimbly,253,5,2
21062,nimbus,491,6,0
21063,nineteen,1051,2,0
21064,ning,1085,2,0
21065,ning,1191,2,0
21066,ning,1460,48,4
21067,ning,1460,68,12
21068,nity,1697,15,2
21069,nized,569,10,2
21070,no,17,6,1
21071,no,21,14,6
21072,no,33,33,4
21073,no,41,0,0
21074,no,41,5,0
21075,no,41,8,0
21076,no,49,1,0
21077,no,63,1,0
21078,no,65,11,3
21079,no,191,9,2
21080,no,211,4,0
21081,no,221,37,7
21082,no,229,5,0
21083,no,270,13,3
21084,no,308,2,0
21085,no,327,14,1
21086,no,329,1,0
21087,no,329,2,0
21088,no,362,15,1
21089,no,364,2,1
21090,no,389,50,13
21091,no,617,2,0
21092,no,680,53,8
21093,no,684,4,1
21094,no,720,2,0
21095,no,782,8,0
21096,no,1024,0,0
21097,no,1024,2,0
21098,no,1063,2,0
21099,no,1171,3,0
21100,no,1235,19,1
21101,no,1243,3,1
21102,no,1291,25,3
21103,no,1318,25,5
21104,no,1356,3,0
21105,no,1366,4,0
21106,no,1377,34,3
21107,no,1411,1,0
21108,no,1414,4,0
21109,no,1418,1,0
21110,no,1427,22,3
21111,no,1441,23,1
21112,no,1468,12,4
21113,no,1470,20,1
21114,no,1476,14,0
21115,no,1493,17,0
21116,no,1598,11,0
21117,no,1643,1,0
21118,no,1702,1,0
21119,no,1783,22,2
21120,no,1815,39,12
21121,no?,945,7,2
21122,noble,7,0,0
21123,noble,167,6,3
21124,noble,853,3,1
21125,noble,859,9,0
21126,noble,1510,30,6
21127,noble!,854,5,1
21128,nobody,26,0,0
21129,nobody,1172,5,0
21130,nocently,846,37,10
21131,nocturnal,1792,7,3
21132,nodded,119,0,0
21133,nodded,161,5,0
21134,nodded,1418,9,0
21135,noely,1,9,0
21136,noise,898,25,3
21137,noise,1069,29,7
21138,noise,1420,38,5
21139,noise,1628,50,10
21140,noiselessly,1483,28,8
21141,noisome,708,3,0
21142,noist,1457,38,16
21143,noisy,1421,10,3
21144,noisy,1598,23,2
21145,non,1529,12,4
21146,noncommittal,1640,25,5
21147,none,33,29,3
21148,none,159,12,2
21149,none,482,2,0
21150,none,510,16,4
21151,none,663,11,2
21152,none,1112,4,0
21153,nonsense,75,1,0
21154,nonsense,198,42,6
21155,nonsense,664,24,2
21156,nook,153,5,0
21157,noon,232,15,3
21158,noon,361,2,1
21159,noon,408,1,0
21160,noon,658,43,13
21161,noon,1721,11,1
21162,nor,41,31,5
21163,nor,85,19,1
21164,nor,437,6,1
21165,nor,540,26,7
21166,nor,555,2,0
21167,nor,726,13,4
21168,nor,726,14,4
21169,nor,833,18,1
21170,nor,1033,7,1
21171,nor,1366,1,0
21172,nor,1645,10,5
21173,north,166,41,8
21174,north,1059,13,2
21175,northern,1453,18,6
21176,northern,1457,14,7
21177,northern,1457,37,16
21178,nose,1488,12,3
21179,nose,1699,26,6
21180,nose,1699,28,7
21181,not,31,22,3
21182,not,33,10,1
21183,not,37,3,0
21184,not,38,5,2
21185,not,41,28,4
21186,not,46,11,2
21187,not,70,19,3
21188,not,76,33,6
21189,not,85,2,0
21190,not,97,3,0
21191,not,107,2,0
21192,not,124,19,3
21193,not,202,44,13
21194,not,204,20,5
21195,not,204,25,6
21196,not,236,34,2
21197,not,252,6,0
21198,not,281,12,1
21199,not,298,18,3
21200,not,300,10,4
21201,not,302,2,0
21202,not,320,18,1
21203,not,356,0,0
21204,not,382,16,2
21205,not,398,6,2
21206,not,408,24,1
21207,not,430,13,1
21208,not,432,5,1
21209,not,432,41,8
21210,not,448,13,2
21211,not,460,17,5
21212,not,470,6,1
21213,not,471,18,4
21214,not,482,8,2
21215,not,488,2,0
21216,not,504,0,0
21217,not,506,1,0
21218,not,514,3,0
21219,not,518,5,0
21220,not,538,18,4
21221,not,560,3,0
21222,not,578,37,5
21223,not,622,10,0
21224,not,672,21,5
21225,not,673,28,5
21226,not,674,13,3
21227,not,685,9,1
21228,not,690,7,2
21229,not,695,1,0
21230,not,696,2,0
21231,not,697,15,1
21232,not,699,4,0
21233,not,699,7,1
21234,not,707,7,1
21235,not,731,21,5
21236,not,741,20,2
21237,not,752,2,0
21238,not,769,25,6
21239,not,816,47,8
21240,not,821,58,14
21241,not,827,33,7
21242,not,827,34,7
21243,not,827,58,11
21244,not,827,99,15
21245,not,829,5,0
21246,not,846,2,0
21247,not,846,40,10
21248,not,856,3,1
21249,not,874,10,1
21250,not,880,5,0
21251,not,903,13,0
21252,not,940,5,0
21253,not,951,2,0
21254,not,952,16,5
21255,not,954,1,0
21256,not,990,65,14
21257,not,999,7,0
21258,not,1002,6,0
21259,not,1023,20,3
21260,not,1024,61,8
21261,not,1031,17,4
21262,not,1031,20,4
21263,not,1112,2,0
21264,not,1127,2,0
21265,not,1129,4,0
21266,not,1129,17,1
21267,not,1133,2,2
21268,not,1133,14,2
21269,not,1156,3,1
21270,not,1203,2,0
21271,not,1274,8,2
21272,not,1299,23,5
21273,not,1302,2,0
21274,not,1348,4,0
21275,not,1388,26,5
21276,not,1388,32,5
21277,not,1427,23,3
21278,not,1427,30,3
21279,not,1450,7,1
21280,not,1467,4,0
21281,not,1476,15,0
21282,not,1496,9,1
21283,not,1496,15,1
21284,not,1497,2,0
21285,not,1507,16,5
21286,not,1507,18,5
21287,not,1511,2,0
21288,not,1527,2,1
21289,not,1535,7,1
21290,not,1558,9,1
21291,not,1567,22,4
21292,not,1568,2,0
21293,not,1582,4,0
21294,not,1582,14,2
21295,not,1614,21,5
21296,not,1614,22,5
21297,not,1614,39,7
21298,not,1614,47,7
21299,not,1648,1,0
21300,not,1665,21,4
21301,not,1670,10,2
21302,not,1682,4,1
21303,not,1727,12,2
21304,not,1733,0,0
21305,not,1749,12,0
21306,not,1774,10,2
21307,not,1802,1,1
21308,not,1829,2,0
21309,not,1829,4,0
21310,note,41,16,2
21311,note,702,9,3
21312,note,1439,10,1
21313,note,1598,34,5
21314,notes,116,17,5
21315,notes,295,1,0
21316,notes,296,8,0
21317,notes,807,4,1
21318,notes,1320,3,1
21319,notes,1477,30,6
21320,nothing,72,6,0
21321,nothing,136,3,0
21322,nothing,281,7,1
21323,nothing,408,15,0
21324,nothing,416,0,0
21325,nothing,442,2,0
21326,nothing,497,7,2
21327,nothing,522,15,2
21328,nothing,538,4,1
21329,nothing,586,1,0
21330,nothing,670,11,1
21331,nothing,818,29,6
21332,nothing,944,7,0
21333,nothing,966,9,2
21334,nothing,1033,18,4
21335,nothing,1442,15,3
21336,nothing,1566,7,2
21337,nothing,1780,6,1
21338,nothing,1780,8,1
21339,notice,216,4,1
21340,notice,933,46,10
21341,notice,933,48,10
21342,notice,1274,9,2
21343,noticed,75,6,0
21344,noticed,217,3,0
21345,noticed,249,21,6
21346,noticed,583,24,5
21347,noticed,662,14,2
21348,noticed,712,5,2
21349,notion,529,24,7
21350,notre,1453,3,1
21351,notre,1548,6,2
21352,notre,1736,1,1
21353,nounced,1532,13,3
21354,nounced,1549,2,0
21355,nourished,1304,8,3
21356,nourishment,865,11,1
21357,nous,1269,2,0
21358,nouveau,1407,10,1
21359,now,46,2,0
21360,now,83,2,1
21361,now,162,7,0
21362,now,220,11,0
21363,now,262,10,1
21364,now,401,5,0
21365,now,506,13,2
21366,now,551,9,2
21367,now,586,11,1
21368,now,645,6,1
21369,now,724,0,0
21370,now,725,23,4
21371,now,747,16,3
21372,now,747,20,4
21373,now,760,1,0
21374,now,827,20,4
21375,now,896,3,0
21376,now,931,59,10
21377,now,933,0,0
21378,now,946,0,0
21379,now,1001,14,4
21380,now,1055,22,9
21381,now,1068,11,1
21382,now,1069,9,2
21383,now,1096,7,1
21384,now,1109,9,0
21385,now,1110,10,4
21386,now,1126,1,1
21387,now,1138,0,0
21388,now,1371,19,2
21389,now,1444,13,2
21390,now,1535,12,2
21391,now,1539,4,0
21392,now,1619,10,1
21393,now,1749,0,0
21394,now,1771,8,0
21395,now,1836,12,2
21396,"now!""",327,27,2
21397,nuisance,1464,2,1
21398,numbed,879,4,0
21399,number,1024,69,9
21400,number,1170,14,5
21401,number,1277,12,3
21402,nurse,151,15,6
21403,nurse,835,17,2
21404,nurse,838,4,2
21405,nurse,844,11,2
21406,nurse,1375,5,2
21407,nurse,1375,24,4
21408,nursemaids,575,17,5
21409,nurses,1333,5,1
21410,nurses,1340,16,5
21411,nxea,1290,17,4
21412,nymph,1047,26,2
21413,o,651,16,6
21414,o,1081,30,1
21415,o,1268,16,3
21416,o,1342,9,2
21417,o,1413,30,3
21418,o,1421,1,0
21419,o,1541,2,0
21420,o*,1057,22,2
21421,oa,1460,37,3
21422,ob,1150,5,1
21423,object,1796,5,1
21424,objects,204,38,10
21425,obligation,429,22,4
21426,obligation,438,16,2
21427,obliged,32,14,3
21428,observations,6,7,4
21429,observations,1304,10,4
21430,observe,933,63,14
21431,observed,76,5,0
21432,observed,178,7,1
21433,observed,1435,4,0
21434,observed,1534,5,0
21435,observed,1655,4,0
21436,observed,1744,8,0
21437,obstinacy,1824,2,0
21438,obtrusive,1675,7,1
21439,occa,1771,13,0
21440,occasionally,1449,5,0
21441,occasionally,1771,11,0
21442,occasions,1665,44,9
21443,occupants,151,19,7
21444,occupied,1334,17,5
21445,occupied,1363,29,0
21446,occurred,35,10,1
21447,occurred,1814,14,3
21448,ocean,756,5,1
21449,ocean,1824,15,4
21450,octopus,169,15,4
21451,odeon,1459,14,5
21452,odeon,1460,67,12
21453,odile,1052,5,2
21454,odile,1105,19,4
21455,odile,1111,3,0
21456,odile,1112,9,1
21457,of,15,2,1
21458,of,15,16,5
21459,of,17,14,4
21460,of,17,20,6
21461,of,17,26,9
21462,of,17,33,12
21463,of,18,6,4
21464,of,19,8,2
21465,of,20,4,2
21466,of,21,8,6
21467,of,22,12,4
21468,of,23,16,2
21469,of,25,7,3
21470,of,26,4,2
21471,of,27,3,3
21472,of,27,12,6
21473,of,27,18,9
21474,of,28,6,2
21475,of,28,16,6
21476,of,28,23,9
21477,of,28,59,19
21478,of,29,2,2
21479,of,37,7,2
21480,of,38,10,5
21481,of,38,19,7
21482,of,39,12,4
21483,of,40,18,7
21484,of,41,17,3
21485,of,41,38,9
21486,of,42,2,2
21487,of,42,19,5
21488,of,43,10,5
21489,of,43,20,8
21490,of,43,42,12
21491,of,43,47,14
21492,of,43,66,20
21493,of,43,71,22
21494,of,43,74,24
21495,of,43,97,29
21496,of,45,8,1
21497,of,46,13,3
21498,of,50,11,4
21499,of,50,21,5
21500,of,50,27,7
21501,of,51,4,3
21502,of,51,6,5
21503,of,51,28,11
21504,of,52,3,1
21505,of,54,33,5
21506,of,55,5,3
21507,of,55,13,5
21508,of,55,21,9
21509,of,58,14,2
21510,of,58,48,7
21511,of,58,62,11
21512,of,58,88,19
21513,of,61,27,7
21514,of,65,6,2
21515,of,69,4,1
21516,of,73,15,3
21517,of,73,41,11
21518,of,75,16,1
21519,of,76,28,5
21520,of,84,21,4
21521,of,84,22,5
21522,of,86,37,11
21523,of,96,3,1
21524,of,97,4,1
21525,of,98,2,1
21526,of,103,6,1
21527,of,103,15,2
21528,of,104,13,6
21529,of,104,20,8
21530,of,104,24,9
21531,of,110,2,2
21532,of,117,12,6
21533,of,127,2,1
21534,of,127,3,2
21535,of,127,10,4
21536,of,129,16,3
21537,of,133,4,2
21538,of,134,7,2
21539,of,134,12,4
21540,of,145,19,8
21541,of,148,11,4
21542,of,148,26,6
21543,of,149,18,8
21544,of,150,2,2
21545,of,150,8,4
21546,of,150,39,14
21547,of,151,3,2
21548,of,153,18,4
21549,of,153,19,5
21550,of,153,26,8
21551,of,153,34,11
21552,of,156,7,3
21553,of,164,17,2
21554,of,166,49,12
21555,of,171,16,2
21556,of,173,2,1
21557,of,193,15,2
21558,of,196,9,2
21559,of,198,14,3
21560,of,202,12,4
21561,of,202,15,6
21562,of,202,58,17
21563,of,202,72,19
21564,of,204,10,3
21565,of,204,22,6
21566,of,204,51,15
21567,of,204,53,16
21568,of,205,7,3
21569,of,206,6,4
21570,of,212,12,2
21571,of,216,8,3
21572,of,221,6,2
21573,of,247,3,1
21574,of,247,17,2
21575,of,253,12,5
21576,of,259,1,1
21577,of,263,2,1
21578,of,265,7,2
21579,of,268,13,3
21580,of,268,24,7
21581,of,269,18,6
21582,of,270,3,2
21583,of,270,4,3
21584,of,275,15,7
21585,of,282,9,3
21586,of,284,2,2
21587,of,284,9,5
21588,of,284,12,6
21589,of,284,21,9
21590,of,286,8,3
21591,of,289,22,5
21592,of,294,27,7
21593,of,299,13,3
21594,of,300,5,4
21595,of,302,10,1
21596,of,306,3,1
21597,of,318,14,4
21598,of,322,9,3
21599,of,322,15,5
21600,of,327,35,4
21601,of,334,7,4
21602,of,337,16,5
21603,of,337,30,9
21604,of,337,43,10
21605,of,341,9,1
21606,of,345,7,2
21607,of,348,5,2
21608,of,350,7,3
21609,of,351,6,2
21610,of,353,2,1
21611,of,355,4,1
21612,of,357,3,2
21613,of,361,20,4
21614,of,362,4,1
21615,of,362,17,2
21616,of,363,13,1
21617,of,365,14,3
21618,of,367,5,1
21619,of,367,18,5
21620,of,370,15,1
21621,of,378,12,2
21622,of,385,11,5
21623,of,386,23,2
21624,of,386,24,3
21625,of,389,4,2
21626,of,389,18,5
21627,of,389,20,6
21628,of,389,36,10
21629,of,389,52,14
21630,of,391,7,1
21631,of,397,10,3
21632,of,397,38,11
21633,of,405,11,4
21634,of,413,20,3
21635,of,413,32,6
21636,of,425,34,6
21637,of,425,46,11
21638,of,426,13,2
21639,of,427,7,4
21640,of,427,17,5
21641,of,428,12,2
21642,of,428,20,4
21643,of,428,31,9
21644,of,428,41,14
21645,of,428,57,16
21646,of,431,4,1
21647,of,432,16,3
21648,of,433,3,2
21649,of,438,15,2
21650,of,439,42,6
21651,of,440,2,1
21652,of,446,6,2
21653,of,455,12,3
21654,of,456,21,5
21655,of,457,4,2
21656,of,460,14,5
21657,of,460,21,7
21658,of,461,3,1
21659,of,461,6,2
21660,of,472,2,1
21661,of,473,4,3
21662,of,473,10,6
21663,of,476,2,1
21664,of,476,20,6
21665,of,476,33,7
21666,of,482,5,2
21667,of,486,6,1
21668,of,490,17,5
21669,of,491,36,5
21670,of,495,33,8
21671,of,502,3,1
21672,of,503,19,3
21673,of,505,2,1
21674,of,507,3,4
21675,of,510,11,4
21676,of,510,17,5
21677,of,514,12,3
21678,of,525,58,11
21679,of,528,10,5
21680,of,529,25,8
21681,of,529,38,9
21682,of,529,114,30
21683,of,531,5,2
21684,of,531,21,8
21685,of,533,37,5
21686,of,535,33,8
21687,of,535,39,11
21688,of,539,6,2
21689,of,540,13,5
21690,of,540,25,7
21691,of,540,47,13
21692,of,546,2,2
21693,of,550,6,4
21694,of,550,18,7
21695,of,551,14,5
21696,of,554,13,3
21697,of,558,20,3
21698,of,567,46,10
21699,of,572,11,3
21700,of,572,16,5
21701,of,573,41,8
21702,of,573,51,9
21703,of,573,57,11
21704,of,574,9,6
21705,of,575,9,3
21706,of,575,16,5
21707,of,577,19,4
21708,of,577,31,6
21709,of,578,42,7
21710,of,578,52,8
21711,of,578,56,11
21712,of,579,5,2
21713,of,583,29,6
21714,of,587,58,8
21715,of,614,3,2
21716,of,620,19,5
21717,of,624,6,2
21718,of,626,29,7
21719,of,626,59,14
21720,of,626,70,19
21721,of,626,79,22
21722,of,631,13,6
21723,of,632,4,1
21724,of,651,14,5
21725,of,656,5,2
21726,of,658,15,5
21727,of,658,29,10
21728,of,662,17,3
21729,of,663,7,2
21730,of,664,36,6
21731,of,668,4,1
21732,of,671,5,1
21733,of,672,13,4
21734,of,673,35,7
21735,of,674,24,7
21736,of,684,2,1
21737,of,687,14,5
21738,of,688,41,3
21739,of,690,11,3
21740,of,693,21,6
21741,of,693,22,7
21742,of,697,17,2
21743,of,698,15,4
21744,of,699,11,3
21745,of,701,33,4
21746,of,711,26,2
21747,of,726,6,3
21748,of,729,3,1
21749,of,730,44,6
21750,of,731,17,5
21751,of,736,1,1
21752,of,744,4,2
21753,of,746,8,3
21754,of,746,36,12
21755,of,754,18,6
21756,of,755,2,1
21757,of,761,12,4
21758,of,761,26,9
21759,of,768,7,3
21760,of,768,24,9
21761,of,769,26,7
21762,of,771,6,2
21763,of,774,13,2
21764,of,777,7,2
21765,of,778,27,3
21766,of,778,29,4
21767,of,795,4,1
21768,of,796,5,2
21769,of,807,5,2
21770,of,812,5,1
21771,of,815,6,3
21772,of,818,8,3
21773,of,819,13,2
21774,of,821,37,9
21775,of,821,50,13
21776,of,821,82,17
21777,of,822,5,3
21778,of,823,16,3
21779,of,824,31,9
21780,of,824,64,17
21781,of,825,10,1
21782,of,827,36,8
21783,of,835,9,1
21784,of,837,14,2
21785,of,838,2,2
21786,of,848,7,2
21787,of,848,15,6
21788,of,866,4,3
21789,of,868,5,3
21790,of,878,15,4
21791,of,881,3,2
21792,of,887,8,1
21793,of,887,23,4
21794,of,888,44,9
21795,of,898,23,3
21796,of,907,10,1
21797,of,907,14,3
21798,of,920,9,3
21799,of,931,30,6
21800,of,932,17,6
21801,of,933,4,2
21802,of,933,31,5
21803,of,933,35,7
21804,of,933,60,14
21805,of,933,71,16
21806,of,937,20,4
21807,of,941,11,4
21808,of,945,12,3
21809,of,948,6,3
21810,of,949,34,7
21811,of,957,8,2
21812,of,961,14,4
21813,of,969,4,3
21814,of,970,12,5
21815,of,974,4,2
21816,of,976,9,2
21817,of,978,17,5
21818,of,981,11,4
21819,of,984,11,4
21820,of,987,14,4
21821,of,988,10,3
21822,of,990,55,14
21823,of,1003,7,2
21824,of,1015,3,2
21825,of,1015,8,4
21826,of,1024,7,2
21827,of,1024,37,7
21828,of,1031,3,2
21829,of,1032,14,2
21830,of,1037,9,5
21831,of,1042,47,5
21832,of,1042,73,9
21833,of,1042,76,10
21834,of,1042,80,11
21835,of,1043,16,1
21836,of,1043,57,7
21837,of,1047,8,1
21838,of,1048,8,1
21839,of,1054,4,2
21840,of,1055,6,2
21841,of,1056,59,8
21842,of,1059,6,2
21843,of,1060,3,1
21844,of,1061,1,2
21845,of,1061,9,4
21846,of,1066,11,4
21847,of,1072,6,3
21848,of,1082,17,9
21849,of,1090,1,2
21850,of,1105,18,4
21851,of,1105,35,6
21852,of,1105,39,8
21853,of,1106,60,12
21854,of,1106,99,23
21855,of,1106,102,26
21856,of,1112,22,4
21857,of,1127,25,5
21858,of,1127,35,7
21859,of,1141,40,7
21860,of,1142,24,7
21861,of,1143,24,6
21862,of,1152,8,1
21863,of,1152,11,3
21864,of,1155,23,4
21865,of,1174,4,3
21866,of,1174,12,7
21867,of,1176,2,1
21868,of,1193,29,9
21869,of,1197,9,3
21870,of,1200,6,2
21871,of,1200,7,3
21872,of,1206,17,2
21873,of,1212,9,4
21874,of,1223,7,2
21875,of,1226,18,4
21876,of,1227,8,3
21877,of,1229,21,7
21878,of,1229,37,13
21879,of,1231,25,8
21880,of,1236,18,8
21881,of,1247,2,2
21882,of,1249,7,4
21883,of,1252,6,3
21884,of,1254,2,1
21885,of,1256,3,3
21886,of,1257,19,8
21887,of,1259,11,5
21888,of,1260,22,6
21889,of,1265,11,2
21890,of,1270,20,5
21891,of,1270,25,7
21892,of,1274,5,2
21893,of,1276,6,2
21894,of,1286,6,2
21895,of,1288,14,2
21896,of,1297,9,3
21897,of,1304,15,6
21898,of,1310,11,4
21899,of,1314,6,3
21900,of,1315,5,4
21901,of,1316,4,3
21902,of,1316,8,5
21903,of,1319,8,2
21904,of,1321,13,4
21905,of,1321,23,6
21906,of,1321,25,8
21907,of,1325,2,1
21908,of,1331,6,2
21909,of,1332,7,5
21910,of,1332,9,7
21911,of,1337,25,9
21912,of,1341,2,1
21913,of,1342,4,1
21914,of,1344,8,2
21915,of,1347,20,3
21916,of,1351,8,3
21917,of,1361,8,2
21918,of,1362,4,1
21919,of,1364,20,5
21920,of,1372,21,4
21921,of,1375,12,3
21922,of,1388,5,1
21923,of,1391,3,1
21924,of,1405,13,3
21925,of,1406,4,1
21926,of,1409,3,1
21927,of,1421,12,4
21928,of,1424,3,1
21929,of,1424,14,3
21930,of,1426,10,2
21931,of,1429,25,5
21932,of,1431,10,1
21933,of,1441,32,4
21934,of,1444,3,1
21935,of,1452,22,7
21936,of,1454,10,4
21937,of,1454,17,6
21938,of,1455,13,5
21939,of,1456,5,2
21940,of,1457,10,6
21941,of,1457,33,15
21942,of,1457,39,17
21943,of,1457,43,19
21944,of,1459,12,5
21945,of,1461,4,2
21946,of,1466,9,2
21947,of,1466,12,3
21948,of,1477,40,9
21949,of,1478,9,3
21950,of,1480,1,2
21951,of,1483,18,6
21952,of,1483,22,7
21953,of,1501,4,3
21954,of,1504,5,1
21955,of,1504,18,3
21956,of,1505,27,2
21957,of,1506,7,2
21958,of,1507,15,5
21959,of,1510,5,1
21960,of,1518,5,2
21961,of,1524,40,9
21962,of,1524,52,14
21963,of,1530,7,3
21964,of,1530,11,4
21965,of,1535,29,5
21966,of,1535,48,8
21967,of,1535,54,12
21968,of,1537,25,6
21969,of,1540,15,6
21970,of,1548,5,2
21971,of,1548,10,4
21972,of,1552,3,1
21973,of,1555,22,7
21974,of,1561,3,1
21975,of,1566,5,2
21976,of,1567,15,4
21977,of,1570,12,3
21978,of,1572,16,5
21979,of,1574,13,6
21980,of,1574,34,15
21981,of,1580,3,1
21982,of,1580,4,2
21983,of,1581,5,3
21984,of,1593,7,2
21985,of,1593,29,8
21986,of,1594,2,2
21987,of,1597,22,4
21988,of,1602,23,10
21989,of,1609,10,2
21990,of,1614,7,3
21991,of,1614,29,7
21992,of,1625,4,1
21993,of,1625,9,4
21994,of,1626,4,2
21995,of,1628,54,12
21996,of,1633,7,3
21997,of,1634,2,1
21998,of,1644,8,3
21999,of,1645,6,4
22000,of,1647,2,2
22001,of,1647,15,8
22002,of,1652,5,2
22003,of,1653,11,3
22004,of,1659,3,2
22005,of,1665,65,12
22006,of,1669,9,2
22007,of,1675,14,3
22008,of,1676,3,3
22009,of,1678,9,3
22010,of,1680,2,2
22011,of,1684,7,2
22012,of,1697,43,11
22013,of,1698,9,3
22014,of,1699,9,4
22015,of,1699,43,15
22016,of,1700,11,3
22017,of,1700,17,7
22018,of,1700,22,9
22019,of,1700,33,14
22020,of,1702,3,1
22021,of,1720,41,5
22022,of,1725,6,1
22023,of,1727,3,1
22024,of,1739,10,3
22025,of,1740,17,4
22026,of,1758,8,3
22027,of,1758,19,6
22028,of,1788,35,12
22029,of,1788,52,15
22030,of,1789,13,7
22031,of,1795,3,2
22032,of,1797,11,3
22033,of,1801,7,3
22034,of,1806,14,1
22035,of,1810,5,1
22036,of,1814,8,3
22037,of,1816,18,6
22038,of,1821,8,4
22039,of,1822,6,3
22040,of,1823,10,6
22041,of,1824,14,4
22042,of,1826,11,3
22043,of,1828,31,8
22044,of,1830,18,5
22045,of,1830,29,9
22046,of,1831,11,3
22047,of,1832,43,12
22048,off,120,22,2
22049,off,171,20,2
22050,off,212,4,0
22051,off,476,25,6
22052,off,554,34,10
22053,off,581,11,1
22054,off,616,6,0
22055,off,626,57,13
22056,off,736,8,2
22057,off,976,5,1
22058,off,978,8,1
22059,off,1024,60,8
22060,off,1182,8,3
22061,off,1281,4,0
22062,off,1340,10,4
22063,off,1347,27,5
22064,off,1413,63,10
22065,off,1535,25,2
22066,off,1697,16,2
22067,off,1699,46,15
22068,off,1712,3,0
22069,off,1728,11,3
22070,off,1815,42,12
22071,off,1827,3,0
22072,offensive,680,23,5
22073,offer,944,9,1
22074,offer,1687,6,0
22075,offered,174,2,1
22076,offered,235,2,0
22077,offered,624,18,5
22078,offered,795,7,1
22079,offered,811,5,1
22080,offered,1345,8,2
22081,offered,1665,36,6
22082,offered,1777,2,0
22083,offered,1783,11,2
22084,offi,1183,10,2
22085,offi,1460,24,2
22086,office,750,17,1
22087,officer,287,4,3
22088,officer,1188,1,1
22089,officer,1190,2,1
22090,officer,1206,4,1
22091,officer,1336,31,2
22092,officer,1337,5,1
22093,officers,156,8,3
22094,officers,162,5,0
22095,officers,1155,13,1
22096,officers,1184,1,0
22097,officers,1186,5,2
22098,officers,1229,40,13
22099,oft,1120,19,2
22100,often,360,2,0
22101,often,1024,28,5
22102,often,1317,20,2
22103,ofthe,184,3,0
22104,oh,34,8,2
22105,oh,202,1,0
22106,oh,251,8,1
22107,oh,252,1,0
22108,oh,499,19,7
22109,oh,613,8,3
22110,oh,622,4,0
22111,oh,744,1,0
22112,oh,744,11,2
22113,oh,793,3,0
22114,oh,938,0,0
22115,oh,941,20,7
22116,oh,994,8,0
22117,oh,1022,7,1
22118,oh,1024,1,0
22119,oh,1042,74,9
22120,oh,1050,0,0
22121,oh,1050,8,0
22122,oh,1050,11,0
22123,oh,1126,6,1
22124,oh,1286,19,2
22125,oh,1375,7,2
22126,oh,1391,6,1
22127,oh,1443,37,6
22128,oh,1466,4,0
22129,oh,1477,4,0
22130,oh,1505,1,0
22131,oh,1510,10,1
22132,oh,1589,5,0
22133,oh,1769,42,7
22134,oh,1770,22,2
22135,oidery,968,4,1
22136,oins,1283,8,1
22137,oiseau,816,39,7
22138,old,54,9,2
22139,old,58,50,8
22140,old,168,9,0
22141,old,168,76,14
22142,old,298,35,4
22143,old,390,3,1
22144,old,391,3,0
22145,old,397,11,3
22146,old,506,4,1
22147,old,529,74,20
22148,old,529,100,26
22149,old,626,61,15
22150,old,804,21,3
22151,old,806,24,5
22152,old,818,6,2
22153,old,824,33,9
22154,old,827,8,2
22155,old,843,2,0
22156,old,952,32,8
22157,old,1019,44,10
22158,old,1104,8,2
22159,old,1106,65,14
22160,old,1265,41,12
22161,old,1295,14,1
22162,old,1324,4,0
22163,old,1426,14,2
22164,old,1430,7,1
22165,old,1496,3,0
22166,old,1524,17,3
22167,ole,1567,4,0
22168,olution,1729,2,0
22169,ome,1288,16,2
22170,omelet,1524,63,16
22171,omnibuses,1644,9,3
22172,on,41,33,6
22173,on,42,15,3
22174,on,43,60,18
22175,on,55,16,7
22176,on,73,2,1
22177,on,86,12,4
22178,on,118,36,8
22179,on,130,4,2
22180,on,150,14,6
22181,on,151,24,9
22182,on,153,16,2
22183,on,189,6,1
22184,on,235,29,5
22185,on,241,2,1
22186,on,246,38,11
22187,on,255,2,2
22188,on,273,0,1
22189,on,289,20,3
22190,on,290,22,3
22191,on,383,5,2
22192,on,385,6,3
22193,on,386,41,4
22194,on,386,64,6
22195,on,405,22,6
22196,on,425,64,12
22197,on,428,24,6
22198,on,432,22,5
22199,on,434,90,15
22200,on,440,6,2
22201,on,464,0,1
22202,on,473,9,5
22203,on,490,8,3
22204,on,495,54,14
22205,on,514,8,2
22206,on,525,8,2
22207,on,531,2,1
22208,on,535,28,5
22209,on,543,6,1
22210,on,545,4,1
22211,on,552,10,1
22212,on,557,4,1
22213,on,587,53,6
22214,on,626,42,10
22215,on,635,12,2
22216,on,653,3,1
22217,on,656,14,4
22218,on,673,25,5
22219,on,698,2,2
22220,on,701,26,2
22221,on,703,5,2
22222,on,718,11,2
22223,on,726,3,1
22224,on,727,11,1
22225,on,744,58,14
22226,on,745,10,3
22227,on,746,20,6
22228,on,760,10,2
22229,on,762,9,2
22230,on,763,49,10
22231,on,763,55,12
22232,on,768,14,4
22233,on,821,27,5
22234,on,827,120,18
22235,on,873,3,1
22236,on,874,4,1
22237,on,887,47,5
22238,on,888,19,3
22239,on,940,6,1
22240,on,948,25,7
22241,on,970,5,3
22242,on,973,3,1
22243,on,988,14,4
22244,on,1003,30,5
22245,on,1019,16,6
22246,on,1043,68,10
22247,on,1069,23,5
22248,on,1082,4,2
22249,on,1127,12,1
22250,on,1152,10,2
22251,on,1163,10,2
22252,on,1177,1,1
22253,on,1198,15,1
22254,on,1202,6,2
22255,on,1212,5,3
22256,on,1212,17,5
22257,on,1225,0,1
22258,on,1230,19,8
22259,on,1242,4,1
22260,on,1248,15,3
22261,on,1260,7,2
22262,on,1263,29,11
22263,on,1263,39,13
22264,on,1266,3,2
22265,on,1267,7,2
22266,on,1273,21,9
22267,on,1299,15,4
22268,on,1361,9,3
22269,on,1371,17,2
22270,on,1384,2,1
22271,on,1388,39,7
22272,on,1408,31,5
22273,on,1422,19,1
22274,on,1429,31,6
22275,on,1432,6,1
22276,on,1439,12,2
22277,on,1439,15,3
22278,on,1443,56,8
22279,on,1478,20,6
22280,on,1478,27,8
22281,on,1486,14,3
22282,on,1489,3,1
22283,on,1519,1,1
22284,on,1535,51,10
22285,on,1569,7,2
22286,on,1572,29,11
22287,on,1591,0,1
22288,on,1604,12,2
22289,on,1605,5,2
22290,on,1614,61,11
22291,on,1636,4,1
22292,on,1648,14,5
22293,on,1658,14,7
22294,on,1665,42,9
22295,on,1697,34,8
22296,on,1733,6,1
22297,on,1739,40,9
22298,on,1740,1,1
22299,on,1774,13,3
22300,on,1789,42,16
22301,on,1791,12,4
22302,on,1792,21,7
22303,on,1806,33,6
22304,on,1814,2,1
22305,on,1815,27,10
22306,on,1823,1,1
22307,on,1831,0,1
22308,on,1832,23,7
22309,"on?""",1126,13,1
22310,once,33,26,2
22311,once,215,8,3
22312,once,338,17,5
22313,once,432,10,1
22314,once,432,26,5
22315,once,763,25,5
22316,once,770,3,0
22317,once,843,4,0
22318,once,919,22,2
22319,once,1118,21,2
22320,once,1118,41,5
22321,once,1141,7,1
22322,once,1169,0,0
22323,once,1176,0,0
22324,once,1181,9,0
22325,once,1226,0,0
22326,once,1227,9,3
22327,once,1521,24,8
22328,once,1546,2,0
22329,once,1583,10,2
22330,once,1586,18,0
22331,once,1587,13,1
22332,oncile,524,12,1
22333,onday,1725,0,0
22334,one,78,9,2
22335,one,118,1,0
22336,one,166,48,11
22337,one,223,3,0
22338,one,327,10,1
22339,one,365,7,1
22340,one,383,31,6
22341,one,393,4,1
22342,one,397,9,2
22343,one,397,17,4
22344,one,473,6,3
22345,one,487,6,1
22346,one,488,12,1
22347,one,531,3,1
22348,one,532,1,0
22349,one,536,2,0
22350,one,540,29,7
22351,one,543,4,0
22352,one,567,34,5
22353,one,626,73,19
22354,one,692,1,1
22355,one,728,16,2
22356,one,730,5,1
22357,one,799,0,0
22358,one,868,4,2
22359,one,911,20,1
22360,one,1028,2,0
22361,one,1155,20,2
22362,one,1167,3,1
22363,one,1185,1,0
22364,one,1187,0,0
22365,one,1190,6,2
22366,one,1198,0,0
22367,one,1258,0,0
22368,one,1288,15,2
22369,one,1468,6,2
22370,one,1468,31,5
22371,one,1518,1,0
22372,one,1522,1,0
22373,one,1529,7,2
22374,one,1650,21,4
22375,one,1766,12,2
22376,one,1837,10,1
22377,onet,1477,13,2
22378,only,35,1,0
22379,only,56,3,1
22380,only,103,11,1
22381,only,148,30,7
22382,only,209,5,0
22383,only,223,2,0
22384,only,225,6,0
22385,only,355,3,0
22386,only,438,5,1
22387,only,567,24,3
22388,only,626,75,19
22389,only,637,4,1
22390,only,674,14,3
22391,only,756,2,0
22392,only,780,10,1
22393,only,904,7,0
22394,only,905,22,0
22395,only,1356,8,0
22396,only,1385,3,0
22397,only,1388,15,4
22398,only,1435,7,0
22399,only,1488,22,5
22400,only,1545,3,0
22401,only,1561,13,2
22402,only,1799,1,0
22403,opal,1454,23,8
22404,opalescent,333,13,4
22405,opalescent,415,9,1
22406,open,50,15,4
22407,open,50,34,8
22408,open,246,26,7
22409,open,320,2,0
22410,open,601,6,2
22411,open,604,7,2
22412,open,664,10,0
22413,open,730,61,12
22414,open,1436,55,8
22415,open,1600,12,3
22416,opened,411,7,2
22417,opened,422,17,1
22418,opened,726,2,0
22419,opened,1185,39,7
22420,opened,1729,25,6
22421,opened,1837,24,3
22422,opening,37,9,3
22423,opening,144,13,3
22424,opening,927,17,2
22425,opening,1822,17,6
22426,openly,1112,24,4
22427,opinioiv,1788,51,14
22428,opinion,1688,8,2
22429,opposite,660,3,1
22430,opposite,976,3,1
22431,opposite,1319,14,3
22432,opposite,1486,9,2
22433,oppressive,967,1,1
22434,or,44,27,5
22435,or,188,1,0
22436,or,196,3,0
22437,or,235,16,2
22438,or,247,1,0
22439,or,300,7,4
22440,or,404,10,1
22441,or,408,22,1
22442,or,426,29,6
22443,or,426,30,6
22444,or,529,91,24
22445,or,582,4,1
22446,or,593,0,0
22447,or,608,6,0
22448,or,616,11,2
22449,or,662,6,1
22450,or,664,17,1
22451,or,701,1,0
22452,or,705,7,2
22453,or,741,21,2
22454,or,748,52,8
22455,or,761,20,6
22456,or,844,6,1
22457,or,850,19,5
22458,or,982,9,4
22459,or,1006,8,1
22460,or,1031,16,4
22461,or,1133,3,2
22462,or,1142,41,11
22463,or,1152,5,0
22464,or,1177,8,2
22465,or,1253,8,2
22466,or,1288,9,0
22467,or,1379,4,2
22468,or,1408,10,2
22469,or,1436,13,3
22470,or,1444,2,0
22471,or,1490,36,5
22472,or,1572,23,7
22473,or,1573,13,5
22474,or,1725,17,3
22475,or,1795,37,6
22476,orange,414,7,2
22477,order,274,4,1
22478,order,469,1,0
22479,order,552,6,0
22480,ordered,102,1,0
22481,ordered,1792,10,3
22482,ordering,232,10,2
22483,orderlies,1179,29,6
22484,orderly,1194,16,5
22485,orders,411,3,1
22486,ordination,1810,6,1
22487,organ,500,18,3
22488,organ,525,25,5
22489,organ,528,1,1
22490,organist,528,25,8
22491,organized,386,45,5
22492,originally,1700,2,1
22493,ornamented,990,4,2
22494,ornaments,91,8,1
22495,ory,752,18,4
22496,osborne,1429,23,4
22497,osborne,1438,6,1
22498,osceola,171,32,4
22499,oshkosh,1408,11,2
22500,ostentatiously,1375,27,4
22501,ot,821,79,16
22502,ot,1236,4,2
22503,ot,1747,5,2
22504,other,112,13,1
22505,other,196,4,0
22506,other,247,2,0
22507,other,377,3,1
22508,other,413,25,4
22509,other,437,4,1
22510,other,500,3,0
22511,other,526,24,3
22512,other,572,26,6
22513,other,635,3,0
22514,other,746,17,5
22515,other,769,20,6
22516,other,806,11,1
22517,other,952,36,9
22518,other,1080,5,0
22519,other,1126,59,3
22520,other,1131,18,2
22521,other,1182,7,3
22522,other,1246,8,4
22523,other,1256,8,4
22524,other,1338,11,0
22525,other,1349,6,1
22526,other,1413,8,2
22527,other,1435,13,1
22528,other,1490,25,3
22529,other,1574,10,4
22530,other,1770,17,2
22531,other,1790,18,5
22532,other,1827,14,2
22533,other,1830,12,3
22534,others,104,23,8
22535,others,104,28,9
22536,others,693,33,10
22537,others,694,0,0
22538,others,1104,2,1
22539,others,1660,12,7
22540,others,1783,20,2
22541,others,1795,31,6
22542,otherwise,1464,23,3
22543,ott,1662,14,1
22544,ou,809,5,1
22545,ought,1718,4,0
22546,our,376,4,1
22547,our,423,1,1
22548,our,552,0,0
22549,our,660,10,2
22550,our,1138,2,0
22551,our,1625,2,0
22552,our,1665,2,0
22553,ourselves,1600,7,3
22554,ourt,557,0,0
22555,ous,1715,12,1
22556,ously,216,2,0
22557,ously,720,32,2
22558,out,23,10,0
22559,out,66,5,0
22560,out,142,26,3
22561,out,156,11,3
22562,out,168,68,11
22563,out,202,36,11
22564,out,264,4,0
22565,out,274,2,0
22566,out,285,17,4
22567,out,325,4,2
22568,out,371,12,1
22569,out,383,38,7
22570,out,416,10,1
22571,out,455,6,0
22572,out,476,38,7
22573,out,554,3,1
22574,out,568,7,1
22575,out,569,23,5
22576,out,574,6,3
22577,out,582,14,3
22578,out,589,12,2
22579,out,599,9,1
22580,out,616,16,2
22581,out,688,19,1
22582,out,690,1,0
22583,out,720,12,0
22584,out,721,2,0
22585,out,748,14,3
22586,out,763,57,12
22587,out,806,9,0
22588,out,809,20,4
22589,out,821,24,4
22590,out,887,3,0
22591,out,898,32,5
22592,out,933,67,14
22593,out,1009,17,1
22594,out,1021,11,0
22595,out,1024,23,4
22596,out,1040,26,4
22597,out,1043,15,0
22598,out,1081,27,1
22599,out,1096,5,1
22600,out,1116,10,1
22601,out,1182,3,1
22602,out,1186,10,3
22603,out,1194,22,6
22604,out,1207,5,1
22605,out,1229,41,13
22606,out,1248,14,2
22607,out,1262,13,3
22608,out,1290,6,1
22609,out,1388,4,0
22610,out,1408,21,2
22611,out,1460,63,10
22612,out,1476,25,0
22613,out,1512,3,0
22614,out,1558,2,0
22615,out,1561,22,2
22616,out,1570,11,2
22617,out,1574,41,16
22618,out,1607,3,0
22619,out,1609,3,0
22620,out,1609,14,3
22621,out,1717,11,3
22622,out,1726,21,7
22623,out,1766,7,2
22624,out,1766,9,2
22625,out,1796,6,1
22626,outcast,282,15,4
22627,outdone,1791,9,2
22628,outflanked,1728,4,1
22629,outside,529,76,20
22630,outside,846,4,1
22631,outside,1169,1,0
22632,outside,1270,17,3
22633,outside,1629,7,1
22634,outward,1263,18,6
22635,outwardly,426,0,0
22636,outwardly,1301,19,5
22637,over,58,74,15
22638,over,86,10,2
22639,over,86,11,3
22640,over,86,27,9
22641,over,123,4,2
22642,over,150,41,15
22643,over,166,8,2
22644,over,166,35,6
22645,over,220,16,1
22646,over,242,2,1
22647,over,249,27,9
22648,over,263,6,2
22649,over,284,20,8
22650,over,326,29,6
22651,over,334,5,2
22652,over,368,23,5
22653,over,384,1,1
22654,over,385,13,6
22655,over,435,4,1
22656,over,473,8,4
22657,over,481,35,6
22658,over,497,24,4
22659,over,506,16,3
22660,over,527,8,1
22661,over,532,2,1
22662,over,542,29,5
22663,over,554,32,10
22664,over,680,45,8
22665,over,705,0,1
22666,over,706,3,2
22667,over,709,26,1
22668,over,791,2,2
22669,over,804,11,2
22670,over,809,35,7
22671,over,816,5,3
22672,over,848,13,5
22673,over,923,14,5
22674,over,969,0,1
22675,over,970,1,2
22676,over,1087,0,1
22677,over,1087,1,2
22678,over,1104,24,5
22679,over,1166,6,1
22680,over,1195,8,5
22681,over,1209,8,2
22682,over,1232,3,1
22683,over,1250,35,7
22684,over,1263,20,7
22685,over,1363,33,2
22686,over,1474,1,1
22687,over,1535,59,13
22688,over,1561,4,2
22689,over,1573,7,3
22690,over,1573,9,4
22691,over,1593,17,5
22692,over,1628,22,5
22693,over,1660,9,6
22694,over,1725,13,3
22695,over,1736,4,3
22696,over,1762,3,1
22697,over,1778,5,1
22698,over,1805,5,2
22699,over,1815,30,12
22700,over,1816,11,3
22701,over,1823,8,4
22702,over,1835,2,1
22703,overhead,569,24,5
22704,ow,635,32,6
22705,owl,220,13,0
22706,own,24,4,2
22707,own,204,33,9
22708,own,542,10,0
22709,own,580,6,0
22710,own,626,37,8
22711,own,1000,5,0
22712,own,1043,69,10
22713,own,1437,12,0
22714,owner,1338,4,0
22715,oysters,658,22,6
22716,p,333,0,0
22717,p,1005,0,0
22718,pa,19,6,1
22719,paced,1574,18,7
22720,padded,974,14,2
22721,pads,761,27,9
22722,page,37,23,6
22723,page,95,3,1
22724,pages,41,4,0
22725,pages,118,4,1
22726,pages,228,21,4
22727,pages,733,19,1
22728,paid,389,22,6
22729,paid,1172,6,0
22730,paid,1705,19,6
22731,pain,875,2,0
22732,pain,1143,36,8
22733,painful,1518,3,1
22734,painfully,1796,7,1
22735,paint,386,58,5
22736,paint,387,6,2
22737,paint,486,15,2
22738,paint,578,61,11
22739,paint,940,3,0
22740,paint,940,18,3
22741,paint,1732,3,1
22742,painted,1277,15,3
22743,painted,1321,21,5
22744,painted,1574,22,8
22745,painters,363,8,0
22746,painting,692,4,1
22747,pair,1106,46,9
22748,pair,1315,4,3
22749,pair,1449,19,3
22750,pair,1450,3,1
22751,pair,1723,1,1
22752,paired,93,8,2
22753,pairer,103,7,1
22754,paitre,818,1,1
22755,palace,1332,5,3
22756,palace,1455,3,1
22757,palace,1458,4,2
22758,palace,1476,39,3
22759,palace,1477,32,7
22760,palaces,941,10,3
22761,palais,1812,11,4
22762,pale,132,3,0
22763,pale,209,13,2
22764,pale,385,44,11
22765,pale,491,30,4
22766,pale,510,20,6
22767,pale,531,9,3
22768,pale,709,33,2
22769,pale,1167,10,3
22770,pale,1240,43,12
22771,pale,1270,19,4
22772,paler,1799,3,0
22773,pales,127,4,2
22774,palette,389,42,12
22775,palette,578,15,1
22776,palette,583,17,4
22777,palette,915,7,1
22778,palette,986,16,4
22779,palette,987,8,1
22780,palette,988,11,3
22781,palette,991,17,2
22782,palettes,1725,14,3
22783,pall,1085,1,0
22784,pallid,38,20,7
22785,pallid,425,40,8
22786,pallor,1151,1,1
22787,palmier,1726,6,3
22788,palms,827,114,16
22789,palsied,274,10,3
22790,panelled,1483,23,7
22791,panes,674,21,4
22792,panes,985,13,5
22793,pang,1372,20,3
22794,pansies,1669,10,2
22795,pansies,1678,12,3
22796,pansies,1683,1,0
22797,pansy,1321,29,9
22798,pany,1520,7,0
22799,papa,1008,14,3
22800,paper,294,9,3
22801,paper,949,12,2
22802,paper,1439,13,2
22803,paper,1737,30,6
22804,paper,1831,12,3
22805,papers,728,23,4
22806,parade,1257,25,11
22807,paradise,13,12,6
22808,paradise,146,7,2
22809,paradise,885,5,1
22810,paradise,885,8,1
22811,paradise,885,10,1
22812,paradise,885,13,2
22813,parallel,7,1,0
22814,parallel,1181,3,0
22815,parapet,1672,10,5
22816,parasol,1361,22,3
22817,parasol,1377,38,3
22818,pardon,635,30,6
22819,pardon,1396,5,1
22820,pardoned,256,0,0
22821,parently,1806,12,0
22822,parents,1291,12,1
22823,parents,1413,41,6
22824,pariah,1270,6,0
22825,paris,39,10,3
22826,paris,481,10,2
22827,paris,957,10,3
22828,paris,961,15,4
22829,paris,1291,16,2
22830,paris,1293,2,0
22831,paris,1306,0,0
22832,paris,1363,5,0
22833,paris,1628,33,6
22834,paris,1642,0,0
22835,paris,1781,7,1
22836,parisienne,1351,9,3
22837,park,98,4,1
22838,park,142,38,7
22839,park,616,10,2
22840,park,688,39,2
22841,park,1334,1,1
22842,parks,23,21,4
22843,parlor,240,11,2
22844,parlor,1280,14,3
22845,parnasse,1230,20,8
22846,part,153,25,7
22847,part,427,6,3
22848,part,1024,42,7
22849,part,1025,70,9
22850,part,1137,4,1
22851,part,1183,17,3
22852,part,1364,16,2
22853,part,1413,48,8
22854,part,1791,21,7
22855,parted,566,1,0
22856,parted,1600,15,3
22857,parted,1614,16,5
22858,parted,1641,3,0
22859,partially,848,17,6
22860,partly,663,9,2
22861,partly,663,13,2
22862,partly,1705,10,3
22863,partly,1788,15,4
22864,party,1529,5,2
22865,pas,1292,13,2
22866,pass,688,7,0
22867,pass,819,4,1
22868,pass,1317,23,2
22869,pass,1329,1,0
22870,passage,249,5,2
22871,passage,542,19,2
22872,passed,133,10,3
22873,passed,146,5,1
22874,passed,156,9,3
22875,passed,287,11,3
22876,passed,428,3,1
22877,passed,429,10,2
22878,passed,532,5,1
22879,passed,540,1,0
22880,passed,673,8,1
22881,passed,774,9,0
22882,passed,776,2,0
22883,passed,809,34,6
22884,passed,835,10,1
22885,passed,865,17,2
22886,passed,888,24,3
22887,passed,963,13,2
22888,passed,1086,10,4
22889,passed,1194,27,8
22890,passed,1213,2,1
22891,passed,1459,13,5
22892,passed,1477,19,3
22893,passed,1478,1,0
22894,passed,1574,37,15
22895,passed,1615,2,1
22896,passed,1795,4,2
22897,passed,1806,32,5
22898,passed,1812,9,3
22899,passes,1318,27,5
22900,passing,142,19,2
22901,passing,518,9,1
22902,passing,731,4,0
22903,passing,773,2,0
22904,passing,1524,4,1
22905,passing,1597,34,5
22906,passing,1766,11,2
22907,passing,1795,39,6
22908,passion,1614,32,7
22909,passion,1783,13,2
22910,passionate,1127,45,9
22911,passionately,1513,4,0
22912,past,434,17,5
22913,past,439,45,6
22914,past,748,50,8
22915,past,768,11,3
22916,past,1143,25,6
22917,past,1260,19,4
22918,past,1331,8,2
22919,past,1603,3,0
22920,past,1837,27,4
22921,pastry,1460,32,3
22922,pastures,1594,13,7
22923,pat,1358,25,4
22924,patches,927,3,1
22925,path,154,6,2
22926,path,670,10,1
22927,path,763,29,5
22928,path,1198,5,0
22929,path,1756,13,1
22930,path,1815,59,16
22931,pathetic,1295,5,0
22932,paths,152,34,11
22933,paths,1736,9,4
22934,patient,999,8,0
22935,patient,1121,11,3
22936,pation,17,13,3
22937,pats,1594,1,1
22938,paused,47,2,0
22939,paused,155,1,0
22940,paused,1290,13,3
22941,pausing,58,75,15
22942,pausing,1574,23,8
22943,pavement,544,2,1
22944,pavement,985,7,3
22945,paving,1816,19,6
22946,pay,105,18,5
22947,pay,192,14,1
22948,pbantom,889,2,1
22949,peal,1037,8,4
22950,peared,333,12,4
22951,peared,652,3,0
22952,peared,673,16,3
22953,peared,850,8,3
22954,peas,1700,34,14
22955,peasant,780,12,1
22956,peat,118,35,7
22957,peated,1483,26,8
22958,peating,1697,23,5
22959,pect,442,6,0
22960,peculiar,1733,11,2
22961,pedestal,1463,5,1
22962,peered,1257,1,0
22963,peering,768,19,6
22964,peering,1142,31,9
22965,pelagic,835,18,2
22966,pelagic,838,5,2
22967,pelagic,843,3,0
22968,pelagic,844,10,2
22969,pell,73,33,9
22970,pelled,1431,15,1
22971,pension,1282,1,0
22972,pension,1304,44,11
22973,pension,1521,14,4
22974,pensionaires,1285,1,0
22975,pent,1710,15,2
22976,people,45,9,1
22977,people,84,24,5
22978,people,152,27,9
22979,people,168,29,5
22980,people,571,1,1
22981,people,1056,10,1
22982,people,1079,5,1
22983,people,1091,33,7
22984,people,1106,66,14
22985,people,1376,2,1
22986,peopled,1147,3,1
22987,per,61,25,6
22988,per,731,50,8
22989,perance,1549,15,2
22990,perch,155,24,6
22991,perch,864,8,2
22992,pered,202,48,13
22993,pered,1100,21,1
22994,perfect,357,1,1
22995,perfect,558,14,2
22996,perfect,657,10,0
22997,perfect,826,1,1
22998,perfect,1532,1,1
22999,perfect,1554,0,0
23000,perfect,1665,1,0
23001,perfect,1735,9,2
23002,perfect,1781,12,3
23003,perfectly,576,3,0
23004,perfectly,579,6,2
23005,perfectly,1354,28,3
23006,perfectly,1374,7,2
23007,perfume,397,14,4
23008,perhaps,183,2,0
23009,perhaps,191,1,0
23010,perhaps,341,3,0
23011,perhaps,355,7,1
23012,perhaps,593,17,1
23013,perhaps,837,12,1
23014,perhaps,1025,67,9
23015,perhaps,1141,31,4
23016,perhaps,1272,0,0
23017,perhaps,1318,9,2
23018,perhaps,1582,6,0
23019,perhaps,1625,0,0
23020,perial,22,7,2
23021,perience,693,25,7
23022,periment,416,2,0
23023,permission,495,24,6
23024,permission,1394,10,0
23025,permission,1427,50,4
23026,permitted,1569,15,5
23027,perpetual,1664,7,3
23028,perplexed,399,0,0
23029,persisted,438,17,2
23030,persistence,626,48,12
23031,personal,62,4,1
23032,personal,1819,12,2
23033,personally,57,3,0
23034,pertained,1530,14,4
23035,petal,1785,5,1
23036,petals,894,25,4
23037,petals,896,14,1
23038,petals,1762,11,2
23039,petit,1699,10,4
23040,petted,825,11,1
23041,petticoat,1738,7,0
23042,phalt,1646,2,2
23043,phantom,746,13,5
23044,phantoms,1147,4,1
23045,phasis,1718,19,3
23046,phere,1408,26,3
23047,phew,1011,7,0
23048,philip,862,7,0
23049,philip,882,7,1
23050,philippe,1226,14,2
23051,phlox,1573,12,5
23052,phrase,662,10,2
23053,physical,44,25,5
23054,physical,514,13,3
23055,physical,542,1,0
23056,physical,1200,8,3
23057,pice,1574,54,18
23058,pick,37,17,4
23059,picked,117,9,4
23060,picked,331,1,0
23061,picked,761,4,1
23062,picked,774,7,0
23063,picked,1038,17,4
23064,picked,1087,18,6
23065,picked,1439,30,5
23066,picked,1558,5,1
23067,picked,1805,23,7
23068,picked,1837,2,1
23069,picking,416,13,2
23070,picking,987,6,0
23071,picnics,616,8,1
23072,picture,573,56,10
23073,picture,589,25,5
23074,picture,1357,17,4
23075,pictures,391,10,1
23076,pie,495,29,6
23077,piece,1429,36,6
23078,pieces,55,18,7
23079,pieces,458,7,4
23080,pieces,1025,92,11
23081,pieces,1043,60,7
23082,piercing,981,5,2
23083,pierrot,899,12,1
23084,pierrot,903,15,0
23085,pig,1024,22,4
23086,pig,1043,27,1
23087,pig,1043,46,3
23088,pigeon,155,19,5
23089,pigeons,150,3,2
23090,pigeons,1737,7,0
23091,pigeons,1769,28,6
23092,pile,1816,17,5
23093,piled,1818,12,3
23094,pillagers,1231,26,8
23095,pillagers,1252,13,4
23096,pillars,384,25,9
23097,pillow,1268,24,5
23098,pillows,937,23,5
23099,pin,1602,8,2
23100,pink,413,35,6
23101,pink,1316,18,9
23102,pink,1548,18,6
23103,pinkie,655,4,0
23104,pipe,391,11,1
23105,pipe,456,17,4
23106,pipe,756,10,1
23107,pipe,1413,5,1
23108,pipes,1100,1,0
23109,pipes,1106,86,18
23110,pipes,1826,21,4
23111,piqueur,820,17,5
23112,piqueur,836,3,1
23113,piqueurs,801,13,2
23114,pire,314,9,0
23115,piriou,820,7,1
23116,piriou,836,12,2
23117,pitality,827,42,9
23118,pitch,545,2,0
23119,pitched,323,4,0
23120,pitched,1198,1,0
23121,pitiable,28,13,4
23122,pitiful,1082,9,4
23123,pity,818,33,7
23124,pity,998,12,1
23125,pity,1443,40,6
23126,place,36,8,3
23127,place,43,35,10
23128,place,393,11,3
23129,place,423,16,3
23130,place,457,2,1
23131,place,481,17,3
23132,place,535,26,4
23133,place,554,5,2
23134,place,1319,9,2
23135,place,1420,33,4
23136,place,1643,5,2
23137,place,1730,12,0
23138,place,1759,17,5
23139,place,1810,10,2
23140,place,1815,49,14
23141,placed,296,9,0
23142,placed,624,9,4
23143,placed,731,37,7
23144,placed,822,17,6
23145,placed,1291,19,2
23146,placed,1723,2,1
23147,places,386,25,3
23148,places,1729,21,5
23149,places,1804,17,1
23150,places,1830,17,4
23151,placid,510,9,3
23152,placing,1759,18,5
23153,plain,192,10,1
23154,plain,1128,18,2
23155,plain,1153,3,1
23156,plain,1280,21,7
23157,plainly,672,1,0
23158,plaint,1127,28,5
23159,plaintive,1720,27,4
23160,planted,769,21,6
23161,plaster,1267,9,2
23162,plate,58,78,16
23163,plate,1024,16,4
23164,plates,70,11,3
23165,play,415,11,1
23166,play,520,14,0
23167,play,626,64,15
23168,played,151,12,4
23169,played,284,5,3
23170,played,334,4,1
23171,played,1542,9,1
23172,playing,133,11,3
23173,playing,500,19,3
23174,playing,551,17,5
23175,playing,575,3,1
23176,ple,1135,8,3
23177,pleaded,744,53,12
23178,pleading,892,5,0
23179,pleas,1293,1,0
23180,pleasant,1091,32,7
23181,pleasant,1273,5,2
23182,pleasant,1343,2,1
23183,pleasant,1816,22,7
23184,pleasantly,1334,16,5
23185,pleasantly,1532,18,4
23186,please,78,6,0
23187,please,403,1,0
23188,please,406,0,0
23189,please,1357,13,2
23190,pleased,383,22,5
23191,pleased,804,8,0
23192,pleased,931,19,2
23193,pleases,389,15,3
23194,pleasure,58,43,6
23195,pleasure,63,5,0
23196,pleasure,85,20,1
23197,pleasure,148,10,3
23198,pleasure,819,12,1
23199,pleasure,952,21,5
23200,pleasures,1042,87,13
23201,pleated,789,5,0
23202,plication,714,11,1
23203,plied,583,16,4
23204,plied,1303,7,0
23205,plight,778,20,2
23206,plished,1470,13,1
23207,plishment,538,28,5
23208,ploughed,246,6,2
23209,plumage,857,6,1
23210,plumed,601,13,4
23211,plumpness,937,13,1
23212,plumy,1799,21,3
23213,plunged,1236,11,4
23214,plus,1283,5,0
23215,pocket,282,22,6
23216,pocket,296,12,1
23217,pocket,1036,11,3
23218,pockets,410,5,1
23219,pockets,1032,21,3
23220,point,529,61,17
23221,point,698,4,2
23222,pointed,84,19,2
23223,pointed,117,1,0
23224,pointed,489,4,1
23225,pointed,752,10,1
23226,pointed,970,9,4
23227,pointed,1240,7,0
23228,pointed,1328,5,0
23229,pointed,1334,26,8
23230,pointing,168,67,11
23231,pointing,269,6,2
23232,pointing,346,15,1
23233,pointing,1628,15,3
23234,pointing,1678,26,5
23235,points,133,3,1
23236,points,133,33,9
23237,points,263,9,3
23238,poison,41,39,9
23239,poisoned,204,42,13
23240,poisoning,300,8,4
23241,pokes,1557,6,0
23242,pole,202,30,10
23243,pole,1535,19,2
23244,poles,1333,8,2
23245,poles,1603,6,0
23246,police,43,72,22
23247,policeman,327,11,1
23248,policeman,1334,2,1
23249,policeman,1334,25,8
23250,policeman,1335,10,1
23251,policeman,1685,16,7
23252,policemen,1343,5,2
23253,policemen,1819,7,1
23254,polished,397,13,4
23255,polished,923,20,5
23256,polished,1571,34,9
23257,polishing,58,64,12
23258,polite,1301,20,5
23259,polite,1632,19,4
23260,politely,168,16,2
23261,politely,1345,7,2
23262,politely,1822,18,6
23263,ponderous,1460,31,3
23264,ponds,761,21,6
23265,ponds,1603,2,0
23266,poodle,552,4,0
23267,poodle,1280,34,10
23268,pool,384,13,7
23269,pool,386,6,0
23270,pool,1267,18,6
23271,pool,1572,12,3
23272,pools,544,5,1
23273,poor,69,16,2
23274,poor,422,19,1
23275,poor,509,11,1
23276,poor,1024,77,10
23277,poor,1025,72,9
23278,poor,1047,1,0
23279,poor,1069,15,2
23280,poor,1079,13,4
23281,poor,1501,11,4
23282,poor,1525,0,0
23283,poorly,104,5,2
23284,population,23,26,6
23285,poring,220,15,0
23286,portcullis,288,7,4
23287,portfolio,26,8,2
23288,portfolios,1460,17,2
23289,portfolios,1725,16,3
23290,portion,1106,59,11
23291,pose,413,16,1
23292,pose,529,56,15
23293,pose,577,39,8
23294,pose,615,1,0
23295,pose,658,36,11
23296,pose,714,3,1
23297,pose,724,1,0
23298,pose,1235,28,2
23299,posed,1726,8,3
23300,poser,1339,3,1
23301,posing,389,9,3
23302,position,168,73,12
23303,position,258,17,0
23304,position,755,12,2
23305,position,1633,6,2
23306,position,1697,32,7
23307,position,1698,3,0
23308,possesses,1717,6,2
23309,possession,848,8,2
23310,possible,438,22,3
23311,possible,1670,16,4
23312,possibly,104,12,5
23313,possibly,945,8,2
23314,possibly,1550,1,0
23315,pot,1163,7,1
23316,pot,1202,9,2
23317,potatoes,1098,2,0
23318,pounced,1375,15,3
23319,poured,150,37,13
23320,poured,894,19,3
23321,pouring,539,9,2
23322,powdering,985,5,2
23323,power,268,40,7
23324,power,540,35,9
23325,power,1505,26,1
23326,practically,15,7,2
23327,prayed,1124,22,7
23328,preacher,522,5,1
23329,preceding,564,9,0
23330,precious,192,20,1
23331,precious,368,15,1
23332,precious,386,18,1
23333,precious,680,39,6
23334,precious,744,25,4
23335,precious,1081,3,0
23336,precise,72,13,0
23337,prefer,945,10,2
23338,preoccupied,434,72,11
23339,pres,54,21,3
23340,pres,986,8,3
23341,pres,1614,55,10
23342,prescribed,932,13,3
23343,presence,776,9,0
23344,presence,1299,7,1
23345,presence,1348,12,1
23346,present,235,25,4
23347,present,258,16,0
23348,present,755,11,2
23349,present,824,4,0
23350,present,1508,8,0
23351,presented,809,43,12
23352,presented,810,10,3
23353,presented,1385,1,0
23354,presented,1388,11,2
23355,presented,1632,8,2
23356,presently,116,4,1
23357,presently,174,0,0
23358,presently,293,16,3
23359,presently,465,4,2
23360,presently,677,0,0
23361,presently,725,3,1
23362,presently,948,0,0
23363,presently,948,15,5
23364,presently,1155,0,0
23365,presently,1246,6,3
23366,presently,1295,7,0
23367,presently,1372,24,4
23368,presently,1397,11,1
23369,presently,1443,53,7
23370,presently,1533,14,3
23371,presently,1563,0,0
23372,presently,1629,3,0
23373,presently,1641,1,0
23374,presently,1717,9,3
23375,presently,1828,0,0
23376,presently,1837,0,0
23377,preservation^,27,21,9
23378,president,15,17,5
23379,president,50,12,4
23380,press,40,11,5
23381,press,73,6,1
23382,press,225,11,2
23383,pressed,1129,13,0
23384,pressed,1149,8,2
23385,pressed,1571,6,1
23386,pressing,1260,18,4
23387,pressing,1546,10,0
23388,pressure,1571,14,3
23389,pretended,1017,16,3
23390,pretty,53,10,1
23391,pretty,158,20,2
23392,pretty,813,5,4
23393,pretty,827,54,11
23394,pretty,1077,7,0
23395,pretty,1292,38,6
23396,pretty,1404,18,4
23397,pretty,1413,33,5
23398,pretty,1444,4,1
23399,pretty,1481,4,2
23400,pretty,1806,8,0
23401,prevent,1530,28,5
23402,prevented,1136,16,4
23403,previous,729,4,1
23404,prey,769,28,7
23405,prey,1708,31,11
23406,prick,1710,13,2
23407,pride,268,38,7
23408,prieat,754,3,1
23409,priest,664,32,3
23410,priest,1175,4,2
23411,priests,1460,0,0
23412,prince,73,21,4
23413,prince,76,15,1
23414,prince,175,5,2
23415,prince,184,4,0
23416,princeton,170,1,1
23417,principles,41,2,0
23418,prismatic,1,5,0
23419,prison,1135,14,4
23420,prisoner,1141,35,5
23421,prisoner,1142,20,5
23422,pristine,937,12,1
23423,privilege,1081,4,0
23424,prize,1682,7,1
23425,pro,15,9,3
23426,probable,700,12,4
23427,probably,226,11,0
23428,problem,28,3,1
23429,problem,1819,20,5
23430,proceeded,1470,9,0
23431,process,365,30,7
23432,prodigue,1638,4,1
23433,produced,366,10,3
23434,professed,664,21,1
23435,profession,1736,25,5
23436,professor,1640,18,4
23437,profile,533,8,2
23438,prohibiting,29,13,5
23439,projectiles,1231,3,1
23440,promise,236,8,0
23441,promise,290,23,3
23442,promise,290,27,4
23443,promise,1392,0,0
23444,promise,1392,2,0
23445,promise,1393,2,0
23446,promise,1427,29,3
23447,promise,1427,34,3
23448,promise,1427,38,3
23449,promise,1428,4,0
23450,promised,236,41,2
23451,promised,846,22,5
23452,promptly,371,5,0
23453,promptly,1535,32,5
23454,promptly,1656,10,1
23455,promulgated,41,7,0
23456,proofs,1077,8,0
23457,proper,1446,31,5
23458,proper,1804,16,1
23459,properly,1746,11,1
23460,properties,73,27,6
23461,"property?""",627,38,6
23462,proportions,1774,48,11
23463,prospects,1345,6,2
23464,prosperity,27,32,13
23465,prosperity,194,2,0
23466,prostrate,326,40,6
23467,protectorate,1304,37,11
23468,protestations,1775,4,0
23469,protested,1105,55,10
23470,proval,172,6,2
23471,prove,801,27,4
23472,proved,1804,1,0
23473,proves,1596,8,0
23474,provided,46,21,3
23475,providing,44,10,2
23476,provoked,1105,42,8
23477,psychological,508,5,1
23478,public,1032,34,6
23479,public,1077,15,1
23480,publisher,10,1,0
23481,pulpit,40,13,5
23482,pulpit,225,10,2
23483,pulpit,520,23,4
23484,pulpit,528,5,2
23485,pulpit,529,40,10
23486,pulse,1806,31,5
23487,pulsive,645,8,1
23488,punched,634,1,0
23489,punctilious,1770,21,2
23490,punctilious,1770,24,2
23491,pure,414,20,4
23492,pure,491,14,1
23493,pure,894,3,0
23494,purest,336,14,4
23495,puritanical,1424,42,6
23496,purity,359,3,1
23497,purity,1614,50,8
23498,purple,150,16,7
23499,purple,923,11,4
23500,purr,929,1,0
23501,purred,939,2,1
23502,purred,974,7,2
23503,purring,931,73,13
23504,purring,949,21,5
23505,purse,901,16,0
23506,purse,1025,95,13
23507,purse,1683,6,2
23508,pursue,104,6,2
23509,push,1816,9,2
23510,pushed,61,17,4
23511,pushed,81,3,1
23512,pushing,295,4,0
23513,pushing,1240,24,6
23514,pushing,1333,10,2
23515,puss,916,7,1
23516,put,246,37,10
23517,put,702,4,2
23518,put,739,0,0
23519,put,827,9,2
23520,put,1220,5,0
23521,put,1636,3,0
23522,putting,996,10,2
23523,putting,1537,21,4
23524,qu,1598,1,0
23525,quaint,778,37,4
23526,quaint,778,55,9
23527,quainted,778,45,5
23528,quaintly,887,36,4
23529,quaintly,970,15,5
23530,quality,502,2,0
23531,quarrel,1597,7,1
23532,quarrelled,1737,3,0
23533,quarry,773,11,1
23534,quarry,867,23,8
23535,quarter,144,4,1
23536,quarter,931,51,9
23537,quarter,957,12,4
23538,quarter,984,9,2
23539,quarter,1017,12,3
23540,quarter,1141,27,4
23541,quarter,1386,8,2
23542,quarter,1387,6,0
23543,quarter,1650,24,6
23544,quarter,1665,15,4
23545,quarter,1720,4,1
23546,quarter,1800,6,2
23547,quartet,626,78,21
23548,quavered,1019,42,9
23549,quavering,1789,21,10
23550,quays,983,25,9
23551,quays,1084,17,5
23552,que,14,2,0
23553,que,809,6,1
23554,queer,1071,8,0
23555,quest,1804,10,0
23556,question,1304,30,10
23557,questions,16,4,2
23558,questions,164,18,2
23559,questions,461,5,1
23560,quick,1397,3,0
23561,quick,1460,22,2
23562,quick,1602,2,2
23563,quickly,50,5,1
23564,quickly,800,12,5
23565,quickly,1517,1,0
23566,quiet,383,32,6
23567,quiet,460,12,4
23568,quiet,768,27,9
23569,quiet,827,28,5
23570,quiet,1141,41,7
23571,quiet,1351,5,1
23572,quietly,441,3,0
23573,quietly,804,33,3
23574,quietly,1468,23,5
23575,quietly,1507,24,6
23576,quietly,1784,10,2
23577,quill,1532,5,1
23578,quill,1675,12,1
23579,quills,1535,55,12
23580,quilly,1089,10,1
23581,quils,531,8,3
23582,quired,60,13,2
23583,quired,434,60,10
23584,quired,1101,6,1
23585,quired,1120,29,3
23586,quired,1233,3,1
23587,quired,1327,8,2
23588,quired,1408,5,1
23589,quired,1414,2,0
23590,quired,1440,3,1
23591,quired,1555,19,4
23592,quiring,930,7,2
23593,quit,1015,22,6
23594,quite,397,1,1
23595,quite,439,2,0
23596,quite,446,9,2
23597,quite,1299,6,1
23598,quittez,809,3,1
23599,quoises,720,48,8
23600,r,23,22,4
23601,r,299,10,2
23602,r,428,10,1
23603,r,626,44,10
23604,r,795,1,0
23605,r,890,2,2
23606,r,892,22,3
23607,r,1255,5,0
23608,r,1268,10,3
23609,r,1443,32,5
23610,r,1521,19,6
23611,r,1653,9,2
23612,r,1714,1,0
23613,r,1761,6,3
23614,r,1795,26,5
23615,r,1826,30,6
23616,rabbit,386,53,5
23617,rabbit,492,3,0
23618,rabbits,763,20,4
23619,raced,1337,2,0
23620,races,166,34,5
23621,rack,391,12,1
23622,rades,1496,1,0
23623,radiating,414,19,4
23624,rado,1490,56,6
23625,raff,1025,57,8
23626,rag,58,65,12
23627,rag,246,14,4
23628,rage,201,9,1
23629,rage,298,25,4
23630,rage,439,27,4
23631,raged,327,2,0
23632,ragged,1260,17,4
23633,raging,1301,24,6
23634,railing,529,78,21
23635,railing,651,3,1
23636,railing,1827,9,1
23637,railroad,168,30,5
23638,railroad,1181,1,0
23639,railroad,1200,2,0
23640,railroad,1210,8,0
23641,railroad,1212,6,3
23642,railroads,28,62,20
23643,rails,1209,11,3
23644,rails,1224,17,4
23645,rain,730,29,3
23646,rained,1242,3,0
23647,raining,604,1,0
23648,raise,322,16,5
23649,raise,397,35,9
23650,raise,673,29,5
23651,raise,827,97,15
23652,raise,1575,2,1
23653,raised,155,10,2
23654,raised,249,39,12
23655,raised,325,27,7
23656,raised,577,5,2
23657,raised,773,9,1
23658,raised,776,4,0
23659,raised,1372,13,1
23660,raised,1547,6,1
23661,raised,1612,1,0
23662,raised,1616,1,0
23663,raised,1720,22,2
23664,raised,1721,2,0
23665,raising,292,4,0
23666,raising,596,21,1
23667,raising,1658,41,11
23668,rakish,1460,10,2
23669,ram,171,31,4
23670,rambled,1272,7,2
23671,ramifica,268,11,2
23672,rammer,1221,10,4
23673,ran,263,5,1
23674,ran,419,6,2
23675,ran,990,20,8
23676,ran,1104,6,1
23677,ran,1198,14,0
23678,ran,1233,13,4
23679,randall,1374,48,8
23680,randall,1375,11,2
23681,rang,809,19,4
23682,rang,1446,12,2
23683,rang,1598,39,7
23684,range,433,5,3
23685,ranged,1404,20,4
23686,ranged,1457,27,12
23687,rangelys,197,5,3
23688,ranks,1183,15,3
23689,ranks,1187,8,1
23690,ranks,1457,29,12
23691,raoul,797,2,0
23692,raoul,816,34,6
23693,raoul,836,8,2
23694,raoul,857,9,2
23695,rapid,284,30,11
23696,rapidly,578,10,0
23697,rapidly,809,11,2
23698,rapidly,1181,19,2
23699,rapin,1665,13,3
23700,rapins,1665,18,4
23701,rapt,118,31,6
23702,rare,982,11,5
23703,rare,1436,42,7
23704,rarebits,608,5,0
23705,rascally,1118,34,5
23706,rat,1013,3,2
23707,rat,1015,13,5
23708,rat,1088,1,0
23709,rat,1265,1,1
23710,rather,217,25,3
23711,rather,361,10,2
23712,rather,363,4,0
23713,rather,476,30,6
23714,rather,1436,14,3
23715,rather,1524,27,5
23716,rats,1015,21,6
23717,rattle,286,4,1
23718,rattled,235,28,4
23719,rattled,1037,11,5
23720,rattled,1613,4,2
23721,raved,439,36,4
23722,ray,58,52,8
23723,ray,339,10,0
23724,ray,397,7,2
23725,rays,537,3,1
23726,rays,539,5,1
23727,re,29,8,4
23728,re,93,7,2
23729,re,118,34,7
23730,re,202,23,7
23731,re,401,2,0
23732,re,420,13,2
23733,re,525,33,7
23734,re,533,32,3
23735,re,558,7,0
23736,re,645,7,1
23737,re,725,4,1
23738,re,927,16,2
23739,re,948,9,3
23740,re,948,22,5
23741,re,1245,37,4
23742,re,1483,25,8
23743,re,1505,9,0
23744,re,1521,4,1
23745,re,1521,10,2
23746,re,1735,4,1
23747,re,1758,1,0
23748,reached,162,9,0
23749,reached,253,17,5
23750,reached,549,11,2
23751,reached,587,34,5
23752,reached,1003,3,0
23753,reached,1823,12,6
23754,read,35,6,1
23755,read,60,4,0
23756,read,91,2,0
23757,read,143,3,0
23758,read,263,1,0
23759,read,292,3,0
23760,read,293,13,2
23761,read,294,24,5
23762,read,505,1,0
23763,read,733,12,1
23764,read,818,12,3
23765,read,844,16,3
23766,reading,294,14,3
23767,reading,1321,27,9
23768,ready,379,4,0
23769,ready,381,9,0
23770,ready,382,2,1
23771,ready,439,3,0
23772,ready,711,20,1
23773,ready,865,26,6
23774,ready,915,4,1
23775,ready,1299,8,1
23776,real,617,3,0
23777,really,389,47,13
23778,really,523,4,0
23779,really,525,2,0
23780,really,993,4,0
23781,really,1032,25,3
23782,really,1580,2,0
23783,really,1742,5,2
23784,reap,652,2,0
23785,rear,1194,21,6
23786,rear,1214,7,3
23787,reardon,620,3,0
23788,reared,1195,2,1
23789,reason,56,4,1
23790,reason,337,29,8
23791,reason,493,8,1
23792,reason,525,20,2
23793,reason,526,43,8
23794,reason,1744,15,2
23795,reason,1826,1,0
23796,reasonable,529,16,5
23797,reasonable,1452,24,7
23798,reassure,688,14,1
23799,reassured,496,1,0
23800,rec,524,11,1
23801,recall,477,3,0
23802,recall,477,13,2
23803,receding,980,16,7
23804,received,270,10,3
23805,received,1118,16,0
23806,received,1524,10,2
23807,recent,242,9,3
23808,recess,969,6,4
23809,recklessly,701,24,1
23810,reclined,673,15,3
23811,reclining,1569,10,2
23812,recognized,431,10,1
23813,recognized,928,15,4
23814,recognized,1154,3,0
23815,recoiled,590,5,1
23816,recol,778,4,0
23817,recollect,425,18,4
23818,recollect,473,1,0
23819,recover,778,12,0
23820,recover,930,11,2
23821,recover,1787,4,2
23822,recovered,159,65,5
23823,recovering,304,3,0
23824,red,168,77,14
23825,red,217,9,1
23826,red,412,4,0
23827,red,458,13,6
23828,red,655,7,0
23829,red,1055,31,10
23830,red,1334,4,1
23831,red,1349,9,1
23832,red,1529,2,2
23833,red,1693,7,0
23834,red,1761,7,3
23835,red,1806,20,2
23836,red,1816,14,4
23837,reel,1533,36,4
23838,reel,1534,1,0
23839,reeled,626,56,13
23840,refilled,1105,27,4
23841,reflected,207,1,1
23842,reflected,648,5,1
23843,reflected,1488,24,5
23844,refracting,1684,3,1
23845,refusal,1788,6,2
23846,refuse,73,29,6
23847,refuse,311,3,1
23848,refuse,1460,52,6
23849,refused,168,17,2
23850,refused,1570,1,0
23851,refused,1789,1,1
23852,refuses,185,5,0
23853,regaled,589,2,1
23854,regard,246,31,9
23855,regi,66,1,0
23856,regiment,131,4,0
23857,regiment,232,11,2
23858,regimental,133,13,4
23859,regret,692,14,1
23860,regret,821,59,14
23861,regretted,222,3,0
23862,regretting,691,30,7
23863,regular,741,17,2
23864,regulations,1735,1,0
23865,reigned,502,7,1
23866,reined,1194,17,5
23867,rejecting,1822,5,2
23868,rejoined,1250,37,7
23869,related,658,2,0
23870,relation,442,13,1
23871,relations,436,2,0
23872,relative,168,72,12
23873,relative,1301,7,2
23874,relaxing,939,3,1
23875,relaxing,974,12,2
23876,relief,46,20,3
23877,relief,426,18,3
23878,relief,520,18,2
23879,relief,1574,39,16
23880,relief,1594,8,5
23881,relief,1641,5,1
23882,religions,28,24,9
23883,remained,916,2,1
23884,remained,976,8,1
23885,remarkable,84,9,1
23886,remedy,419,12,4
23887,remember,386,12,0
23888,remember,1043,79,10
23889,remembered,204,1,0
23890,remembered,729,2,0
23891,remembered,806,20,3
23892,remembered,1815,36,12
23893,remembering,867,19,7
23894,remembering,1354,21,3
23895,remnant,1093,14,3
23896,remonstrate,1178,10,3
23897,remonstrate,1334,11,3
23898,removal,45,7,0
23899,removed,1804,13,0
23900,ren6,836,1,0
23901,rences,688,40,2
23902,"rene""",821,4,0
23903,"rene""",1372,27,5
23904,"rene""",1373,10,1
23905,"rene""",1374,19,5
23906,rennes,1598,20,2
23907,rennes,1815,17,7
23908,renounce,303,26,4
23909,renounce,304,6,0
23910,rens,1370,5,0
23911,rent,1725,18,3
23912,rental,19,7,1
23913,rents,1176,4,1
23914,rep,98,5,1
23915,repair,390,5,2
23916,repair,679,6,2
23917,repair,1797,18,3
23918,repaired,98,10,3
23919,repaired,258,4,0
23920,repairer,200,0,0
23921,repairer,240,0,0
23922,repeated,122,5,0
23923,repeated,198,37,5
23924,repeated,233,3,1
23925,repeated,778,54,9
23926,repeated,1045,1,0
23927,repeated,1118,8,0
23928,repeated,1167,7,1
23929,repeated,1413,6,1
23930,repeated,1489,13,2
23931,repeated,1565,5,0
23932,repeated,1710,12,2
23933,repelled,577,13,2
23934,replace,1446,32,5
23935,replaced,151,6,2
23936,replaced,1814,20,4
23937,replacing,22,9,2
23938,replied,61,36,8
23939,replied,63,3,0
23940,replied,164,13,0
23941,replied,189,5,0
23942,replied,191,11,2
23943,replied,201,7,0
23944,replied,298,39,4
23945,replied,338,29,6
23946,replied,578,68,11
23947,replied,589,38,6
23948,replied,759,34,5
23949,replied,824,43,10
23950,replied,863,22,2
23951,replied,930,8,2
23952,replied,1042,6,0
23953,replied,1240,4,0
23954,replied,1293,18,1
23955,replied,1443,4,0
23956,replied,1548,38,10
23957,replied,1596,5,0
23958,replied,1637,22,2
23959,replied,1656,19,1
23960,replied,1737,26,5
23961,reply,105,4,2
23962,reply,129,14,2
23963,reply,1206,2,0
23964,replying,1304,27,9
23965,republic,932,19,6
23966,republics,1106,13,3
23967,republics,1106,22,5
23968,repugnance,626,6,1
23969,reputafion,257,0,0
23970,reputation,93,0,0
23971,reputation,93,4,1
23972,reputation,96,8,2
23973,reputation,246,34,10
23974,reputation,258,3,0
23975,request,64,29,4
23976,requested,1647,4,2
23977,reread,37,38,8
23978,res,167,12,4
23979,researches,265,9,2
23980,resem,1326,5,1
23981,resemblance,1769,23,5
23982,resemble,664,7,0
23983,reserve,20,8,2
23984,reserve,565,4,1
23985,reset,1804,21,1
23986,resignation,1729,12,1
23987,resolved,434,36,8
23988,resounded,1246,3,2
23989,respect,1359,13,5
23990,respectability,1276,5,1
23991,respected,1420,27,2
23992,respectful,1651,8,0
23993,respectful,1788,33,11
23994,respectfully,801,2,1
23995,responsibility,693,42,12
23996,resque,720,45,7
23997,ress,43,31,10
23998,rest,514,6,1
23999,rest,531,29,11
24000,rest,644,7,2
24001,rest,788,1,0
24002,rest,824,67,18
24003,rest,920,8,2
24004,rest,1047,28,3
24005,rest,1117,6,4
24006,rest,1154,15,2
24007,rest,1185,17,2
24008,rest,1420,29,3
24009,rest,1445,0,0
24010,rest,1618,9,1
24011,rest,1691,10,1
24012,rest,1748,6,1
24013,rest,1752,18,4
24014,restaurant,1483,7,2
24015,restaurants,42,30,6
24016,rested,430,6,1
24017,rested,1614,60,10
24018,resting,833,11,0
24019,resting,1836,26,5
24020,restless,1213,1,1
24021,restless,1576,8,1
24022,restraint,300,2,1
24023,restraint,420,17,2
24024,result,265,6,1
24025,result,1650,6,3
24026,resume,577,38,8
24027,resume,1648,10,4
24028,resumed,302,4,0
24029,resumed,1420,32,4
24030,retain,482,9,2
24031,retainer,94,0,0
24032,retainer,96,13,4
24033,retainer,99,0,0
24034,retainer,258,5,0
24035,reticence,434,81,13
24036,reticence,1788,18,5
24037,retraced,1570,15,3
24038,retreat,1096,3,1
24039,retreat,1728,6,1
24040,retreated,1032,43,6
24041,retreating,556,11,3
24042,rette,1513,10,0
24043,return,476,10,3
24044,return,485,9,0
24045,return,843,8,1
24046,return,1185,25,4
24047,return,1574,11,4
24048,return,1770,10,0
24049,returned,288,8,4
24050,returned,294,31,7
24051,returned,525,36,7
24052,returned,553,1,0
24053,returned,824,50,13
24054,returned,1560,10,0
24055,returned,1658,45,11
24056,returning,1770,26,3
24057,rev,1729,1,0
24058,reveal,734,9,2
24059,revel,1720,5,1
24060,reverence,564,14,2
24061,reverend,1273,14,6
24062,reverend,1292,70,14
24063,reveries,5,0,0
24064,revoir,1347,12,1
24065,revolted,626,49,12
24066,revolver,1086,7,3
24067,reward,24,5,2
24068,reward,63,8,1
24069,rheumatic,1573,15,5
24070,rich,64,5,1
24071,rich,1042,45,4
24072,richard,1429,22,4
24073,richer,188,2,0
24074,riddance,520,1,0
24075,ridden,1187,1,0
24076,ridicule,1713,27,5
24077,riding,132,11,0
24078,riding,157,7,1
24079,riding,198,27,5
24080,riding,1193,2,1
24081,ridly,1113,4,0
24082,riers,1229,53,15
24083,riff,1025,56,8
24084,rifle,1155,31,5
24085,rifle,1156,1,1
24086,rifle,1163,8,1
24087,rifle,1199,4,0
24088,rifle,1222,1,0
24089,rifle,1266,5,2
24090,rifled,1183,6,1
24091,rifts,429,5,1
24092,right,44,15,3
24093,right,51,34,13
24094,right,58,2,0
24095,right,174,7,1
24096,right,299,12,2
24097,right,334,19,6
24098,right,434,74,12
24099,right,662,28,4
24100,right,987,4,0
24101,right,1008,2,0
24102,right,1109,6,0
24103,right,1198,2,0
24104,right,1201,12,3
24105,right,1219,7,3
24106,right,1329,5,3
24107,right,1437,15,0
24108,right,1483,17,5
24109,right,1637,31,2
24110,right,1810,4,0
24111,right,1812,5,2
24112,right^when,252,22,2
24113,rightful,204,54,16
24114,rights,1027,4,0
24115,rigible,1501,9,4
24116,rigid,314,19,1
24117,rill,763,37,7
24118,ring,286,23,6
24119,ring,697,12,1
24120,ring,937,29,6
24121,ring,1485,4,3
24122,ringers,977,14,4
24123,rings,547,1,0
24124,rings,585,1,0
24125,rings,701,34,4
24126,riotous,1229,31,10
24127,ripping,587,59,8
24128,ripple,1316,7,4
24129,rippled,1769,50,8
24130,ripples,1106,98,22
24131,rise,271,7,3
24132,rise,542,38,8
24133,risen,22,4,2
24134,risen,85,29,2
24135,risen,869,9,4
24136,rises,853,6,1
24137,rising,573,4,0
24138,river,165,3,1
24139,river,166,42,8
24140,river,167,7,3
24141,river,536,4,0
24142,river,983,15,7
24143,river,1081,38,3
24144,river,1084,20,5
24145,river,1675,32,7
24146,river,1692,5,2
24147,riveted,37,20,4
24148,riveting,54,10,2
24149,riviera,531,13,5
24150,rivoli,535,24,3
24151,road,1169,7,1
24152,road,1173,1,1
24153,road,1176,6,1
24154,road,1194,13,5
24155,roar,573,50,8
24156,roared,1610,1,1
24157,roast,1043,25,1
24158,robbing,1079,11,3
24159,robe,239,27,5
24160,robe,321,4,1
24161,robert,0,4,3
24162,roche,1545,38,4
24163,rock,756,9,1
24164,rock,789,13,2
24165,rocket,1058,4,1
24166,rockets,1055,29,10
24167,rockets,1082,30,13
24168,rod,1533,35,4
24169,rode,1184,2,0
24170,rodin,386,72,7
24171,roll,745,7,2
24172,roll,948,21,5
24173,roll,1043,56,6
24174,roll,1295,4,0
24175,roll,1664,1,0
24176,roll,1725,8,2
24177,roll,1759,10,3
24178,roll,1788,24,7
24179,roll,1831,6,2
24180,rolled,86,9,1
24181,rolled,202,18,6
24182,rolled,326,33,6
24183,rolled,1061,2,2
24184,rolled,1087,5,3
24185,rolled,1141,21,2
24186,rolled,1185,44,8
24187,rolled,1197,10,3
24188,rolled,1628,51,10
24189,rolled,1684,6,1
24190,rolled,1699,50,15
24191,rolled,1827,4,0
24192,rolling,1344,9,2
24193,rolling,1477,8,1
24194,rolls,1293,26,2
24195,rons,20,1,0
24196,roof,43,16,6
24197,roof,150,18,7
24198,roof,951,9,1
24199,roof,1263,15,6
24200,roofed,1529,3,2
24201,roofs,976,2,1
24202,room,85,21,1
24203,room,204,34,9
24204,room,382,7,2
24205,room,383,43,8
24206,room,393,27,8
24207,room,424,19,4
24208,room,450,12,4
24209,room,454,6,1
24210,room,471,7,2
24211,room,498,14,4
24212,room,975,1,0
24213,room,1119,29,3
24214,room,1293,7,0
24215,room,1524,25,5
24216,room,1699,44,15
24217,room,1700,12,3
24218,rooms,273,3,1
24219,rooms,487,4,1
24220,rooms,626,38,8
24221,rooms,1139,7,3
24222,roots,1363,3,0
24223,ror,1129,6,0
24224,rose,53,6,0
24225,rose,155,20,5
24226,rose,262,1,0
24227,rose,384,8,4
24228,rose,397,18,4
24229,rose,415,6,1
24230,rose,491,40,6
24231,rose,565,3,1
24232,rose,567,12,2
24233,rose,572,12,3
24234,rose,596,20,1
24235,rose,848,2,0
24236,rose,920,16,5
24237,rose,933,5,2
24238,rose,1082,28,12
24239,rose,1120,3,0
24240,rose,1328,1,0
24241,rose,1454,12,4
24242,rose,1456,10,4
24243,rose,1514,2,1
24244,rose,1597,24,4
24245,rose,1658,19,8
24246,rose,1670,9,2
24247,rose,1682,9,2
24248,rose,1696,3,1
24249,rose,1729,5,0
24250,rose,1761,5,3
24251,rose,1765,4,1
24252,rose,1767,3,0
24253,rose,1828,33,8
24254,rose,1836,23,4
24255,roses,1024,75,9
24256,roses,1673,6,3
24257,roses,1679,9,3
24258,roses,1722,2,0
24259,rosy,166,4,1
24260,rosy,338,11,3
24261,rosy,790,14,5
24262,rosy,827,113,16
24263,rosy,970,13,5
24264,rosy,1537,10,2
24265,rosy,1595,19,3
24266,rosy,1737,6,0
24267,roti,1097,2,0
24268,rotted,747,17,3
24269,rouen,1539,13,1
24270,rounded,934,3,1
24271,roused,1144,1,0
24272,row,221,5,1
24273,row,423,47,10
24274,row,528,2,1
24275,row,693,6,1
24276,row,1066,15,5
24277,row,1483,21,6
24278,rowden,1451,5,0
24279,rowden,1525,1,0
24280,rowden,1530,18,5
24281,rowden,1541,11,0
24282,rowden,1542,6,0
24283,rowden,1543,1,0
24284,rowden,1545,26,3
24285,rowden,1655,5,0
24286,rowden,1656,8,1
24287,rowden,1666,2,0
24288,rowden,1715,17,1
24289,rowden,1720,45,5
24290,rows,1572,25,8
24291,rows,1675,6,1
24292,rried,879,17,2
24293,rub,930,2,1
24294,rubbing,129,1,0
24295,rue,13,19,9
24296,rue,383,14,4
24297,rue,530,3,2
24298,rue,535,23,3
24299,rue,542,21,3
24300,rue,542,32,7
24301,rue,550,3,3
24302,rue,557,6,2
24303,rue,1015,23,6
24304,rue,1031,7,4
24305,rue,1043,29,2
24306,rue,1263,3,2
24307,rue,1263,27,10
24308,rue,1272,3,1
24309,rue,1314,7,3
24310,rue,1446,37,7
24311,rue,1480,5,4
24312,rue,1598,19,2
24313,rue,1625,7,2
24314,rue,1625,14,4
24315,rue,1639,9,1
24316,rue,1654,0,0
24317,rue,1656,23,1
24318,rue,1664,15,5
24319,rue,1665,32,6
24320,rue,1675,9,1
24321,rue,1678,4,1
24322,rue,1678,25,5
24323,rue,1681,3,1
24324,rue,1686,6,2
24325,rue,1688,13,4
24326,rue,1697,9,1
24327,rue,1697,46,12
24328,rue,1710,6,1
24329,rue,1724,5,2
24330,rue,1735,2,0
24331,rue,1749,5,0
24332,rue,1755,0,0
24333,rue,1763,0,0
24334,rue,1769,32,7
24335,rue,1769,47,7
24336,rue,1786,3,0
24337,rue,1812,3,2
24338,rue,1815,15,7
24339,rue,1819,3,1
24340,rue,1822,21,7
24341,rue,1827,7,1
24342,ruffled,800,17,5
24343,ruffling,1314,22,7
24344,rug,428,26,7
24345,rugs,488,24,2
24346,ruin,587,44,5
24347,ruined,587,73,9
24348,ruins,22,6,2
24349,ruins,878,16,4
24350,ruins,1106,75,14
24351,ruins,1265,27,5
24352,rumors,258,0,0
24353,run,159,42,3
24354,run,417,20,5
24355,run,616,5,0
24356,run,642,6,0
24357,run,644,4,1
24358,running,315,2,1
24359,rups,134,9,2
24360,rups,819,9,1
24361,rupted,868,10,5
24362,rush,450,8,2
24363,rush,1774,19,4
24364,russian,531,15,5
24365,rustic,1436,28,4
24366,rustle,1795,42,8
24367,rustling,500,7,0
24368,rusty,1175,6,3
24369,rv,1516,1,0
24370,s,6,10,5
24371,s,100,0,0
24372,s,101,0,0
24373,s,653,11,2
24374,s,1441,34,4
24375,s,1481,22,3
24376,s22,729,8,1
24377,sabots,1548,11,4
24378,sabre,286,25,6
24379,sack,1155,39,7
24380,sack,1179,6,1
24381,sacrifice,893,2,0
24382,sacrificed,699,9,1
24383,sacrificed,1342,3,0
24384,sad,985,0,0
24385,sad,1085,6,0
24386,saddest,396,7,2
24387,saddle,1224,9,1
24388,safe,148,2,0
24389,safe,148,15,4
24390,safe,149,5,2
24391,safe,214,17,5
24392,safe,698,29,6
24393,safely,1797,17,3
24394,said,103,4,0
24395,said,103,14,1
24396,said,120,1,0
24397,said,127,15,4
24398,said,173,6,1
24399,said,174,9,1
24400,said,182,7,0
24401,said,195,7,0
24402,said,205,11,3
24403,said,205,15,3
24404,said,225,4,0
24405,said,236,37,2
24406,said,237,6,0
24407,said,250,5,1
24408,said,260,6,0
24409,said,339,7,0
24410,said,340,4,0
24411,said,343,6,1
24412,said,346,11,1
24413,said,386,3,0
24414,said,405,14,4
24415,said,435,3,0
24416,said,446,1,0
24417,said,446,11,2
24418,said,462,7,0
24419,said,483,4,0
24420,said,494,12,1
24421,said,526,49,10
24422,said,568,2,0
24423,said,593,15,1
24424,said,620,22,5
24425,said,627,15,3
24426,said,656,11,3
24427,said,684,6,1
24428,said,720,5,0
24429,said,725,19,4
24430,said,735,9,1
24431,said,752,9,1
24432,said,779,7,2
24433,said,781,11,2
24434,said,785,13,0
24435,said,801,15,2
24436,said,804,25,3
24437,said,846,35,9
24438,said,851,3,0
24439,said,863,7,0
24440,said,865,6,1
24441,said,887,5,0
24442,said,903,3,0
24443,said,912,6,0
24444,said,916,9,1
24445,said,919,10,1
24446,said,931,25,3
24447,said,954,7,0
24448,said,987,2,0
24449,said,990,66,14
24450,said,991,15,2
24451,said,998,8,1
24452,said,1024,63,8
24453,said,1031,12,4
24454,said,1041,3,0
24455,said,1047,5,0
24456,said,1054,8,3
24457,said,1080,4,0
24458,said,1087,27,6
24459,said,1089,8,0
24460,said,1096,9,1
24461,said,1107,6,1
24462,said,1112,16,2
24463,said,1126,28,1
24464,said,1136,10,4
24465,said,1165,5,0
24466,said,1172,2,0
24467,said,1235,6,0
24468,said,1246,17,4
24469,said,1253,23,7
24470,said,1286,28,2
24471,said,1302,22,4
24472,said,1303,3,0
24473,said,1317,8,0
24474,said,1327,15,4
24475,said,1348,9,1
24476,said,1360,5,0
24477,said,1360,15,0
24478,said,1362,8,1
24479,said,1363,7,0
24480,said,1367,4,0
24481,said,1371,2,0
24482,said,1373,18,1
24483,said,1374,35,6
24484,said,1375,39,5
24485,said,1378,1,0
24486,said,1381,26,4
24487,said,1386,10,2
24488,said,1388,38,6
24489,said,1420,2,0
24490,said,1420,7,0
24491,said,1422,15,0
24492,said,1422,34,2
24493,said,1424,31,6
24494,said,1446,2,0
24495,said,1446,25,4
24496,said,1462,13,1
24497,said,1466,6,0
24498,said,1468,21,5
24499,said,1481,18,2
24500,said,1490,7,0
24501,said,1490,45,5
24502,said,1495,13,2
24503,said,1500,8,0
24504,said,1530,21,5
24505,said,1531,15,1
24506,said,1541,18,1
24507,said,1546,9,0
24508,said,1548,49,10
24509,said,1582,2,0
24510,said,1585,6,0
24511,said,1588,3,0
24512,said,1595,4,0
24513,said,1600,9,3
24514,said,1611,25,4
24515,said,1628,6,2
24516,said,1661,8,1
24517,said,1662,5,0
24518,said,1687,2,0
24519,said,1699,13,4
24520,said,1701,6,2
24521,said,1702,6,1
24522,said,1715,5,0
24523,said,1718,17,2
24524,said,1720,44,5
24525,said,1776,10,2
24526,said:,1043,77,10
24527,sailant,1087,39,9
24528,sailed,879,8,0
24529,sailed,1737,8,0
24530,sailor,1372,3,1
24531,sails,1333,13,2
24532,sainte,573,43,8
24533,sairvants,1283,3,0
24534,sake,905,7,0
24535,sake,907,20,4
24536,sake,1128,10,1
24537,sake,1133,17,3
24538,sake,1556,2,0
24539,"sake!""",209,18,3
24540,salad?,945,6,2
24541,salon,346,20,2
24542,salon,348,8,2
24543,salon,351,12,5
24544,salutation,809,42,12
24545,salutation,824,52,13
24546,salute,288,10,5
24547,salute,1658,47,11
24548,salute,1770,12,1
24549,salute,1770,27,3
24550,salutes,1787,16,4
24551,salvation,777,10,2
24552,salvation,1652,4,1
24553,same,434,38,9
24554,same,533,17,2
24555,same,562,5,2
24556,same,577,2,2
24557,same,631,11,5
24558,same,1114,6,2
24559,samoan,17,2,1
24560,sand,688,4,0
24561,sand,1673,5,3
24562,sank,422,2,1
24563,sank,525,43,7
24564,sank,762,1,1
24565,sank,765,3,1
24566,sank,1555,26,7
24567,sarcastic,1496,24,1
24568,sardines,1097,0,0
24569,sardines,1103,5,1
24570,sary,936,5,1
24571,sat,81,5,1
24572,sat,129,0,0
24573,sat,153,15,1
24574,sat,289,32,9
24575,sat,471,8,2
24576,sat,529,70,19
24577,sat,567,8,1
24578,sat,711,4,0
24579,sat,730,25,1
24580,sat,799,9,4
24581,sat,824,35,9
24582,sat,827,95,15
24583,sat,846,57,11
24584,sat,861,12,0
24585,sat,937,21,4
24586,sat,949,39,9
24587,sat,987,9,1
24588,sat,1123,12,3
24589,sat,1205,20,5
24590,sat,1210,6,0
24591,sat,1295,3,0
24592,sat,1363,26,0
24593,sat,1377,35,3
24594,sat,1429,33,6
24595,sat,1446,4,0
24596,sat,1453,7,1
24597,sat,1453,10,2
24598,sat,1545,24,3
24599,sat,1571,18,3
24600,sat,1574,7,3
24601,sat,1574,62,20
24602,sat,1700,37,14
24603,sat,1755,1,0
24604,sat,1773,14,0
24605,sat,1790,7,1
24606,sat,1819,5,1
24607,satian,1072,22,4
24608,satis,694,3,0
24609,satisfied,578,3,0
24610,satisfied,659,9,2
24611,satisfied,948,17,5
24612,saturated,1594,9,5
24613,saturday,1522,2,0
24614,saturday,1668,14,3
24615,saucer,920,20,6
24616,saucily,1114,7,2
24617,savage,1142,50,14
24618,savagely;,1118,10,0
24619,save,252,12,0
24620,saved,812,19,4
24621,saved,1136,13,4
24622,saw,159,15,2
24623,saw,166,15,3
24624,saw,327,18,1
24625,saw,342,2,0
24626,saw,495,2,0
24627,saw,497,15,2
24628,saw,567,23,3
24629,saw,613,3,0
24630,saw,673,2,0
24631,saw,675,1,0
24632,say,228,8,1
24633,say,303,21,4
24634,say,425,23,4
24635,say,475,1,0
24636,say,503,26,3
24637,say,671,7,2
24638,say,818,28,6
24639,say,952,24,5
24640,say,998,9,1
24641,say,1100,17,1
24642,say,1138,12,3
24643,say,1371,6,0
24644,say,1373,5,1
24645,say,1424,41,6
24646,say,1432,11,2
24647,say,1443,36,6
24648,say,1443,38,6
24649,say,1444,9,2
24650,say,1507,17,5
24651,say,1696,12,3
24652,say,1721,6,0
24653,say,1794,5,1
24654,saying,424,29,6
24655,saying,466,3,0
24656,saying,711,15,1
24657,saying,827,55,11
24658,saying,898,6,0
24659,saying,898,40,5
24660,saying,1002,24,1
24661,saying,1039,4,0
24662,saying,1043,61,7
24663,saying,1119,21,2
24664,saying,1120,14,2
24665,saying,1438,3,1
24666,saying,1636,7,1
24667,saying,1653,4,2
24668,says,1413,35,6
24669,says,1413,44,7
24670,scales,368,4,1
24671,scales,414,2,0
24672,scampered,1598,30,4
24673,scanning,199,4,0
24674,scarcely,596,14,0
24675,scarcely,672,18,5
24676,scarcely,701,17,1
24677,scarcely,1539,0,0
24678,scarcely,1677,2,1
24679,scarlet,717,2,0
24680,scarlet,1749,31,2
24681,scars,17,8,1
24682,scattered,242,1,0
24683,scene,13,41,13
24684,scene,329,6,0
24685,scented,1321,17,4
24686,scented,1679,10,3
24687,scented,1728,3,1
24688,school,295,10,0
24689,scientific,501,1,0
24690,scientists,367,30,8
24691,scolloped,268,1,0
24692,scolloped,429,11,2
24693,scorn,1443,6,0
24694,scorn,1744,11,1
24695,scott,383,29,6
24696,scott,386,57,5
24697,scott,400,0,0
24698,scott,424,24,4
24699,scott,432,39,8
24700,scott,463,18,3
24701,scott,620,6,0
24702,scott,651,21,6
24703,scoundrel,1136,7,4
24704,scows,168,39,5
24705,scrambled,1248,13,2
24706,scraped,385,9,4
24707,scraped,578,18,1
24708,scraped,763,2,1
24709,scraping,500,6,0
24710,scratches,81,10,2
24711,scratching,86,15,5
24712,scream,807,3,1
24713,screamed,86,21,6
24714,screamed,1265,14,2
24715,screams,326,56,9
24716,screen,387,2,1
24717,screen,719,3,2
24718,screws,246,40,12
24719,script,268,23,6
24720,script,726,20,4
24721,scription,990,2,2
24722,scripts,818,15,4
24723,scroll,297,3,0
24724,scrupulous,690,8,2
24725,sculptor,346,4,1
24726,sculptor,955,2,1
24727,sculptor,963,4,0
24728,sculpture,1112,23,4
24729,sculptured,153,27,8
24730,sculptured,155,23,6
24731,sculptured,384,24,9
24732,scurity,1216,6,2
24733,scuttle,1830,23,7
24734,se,104,15,7
24735,se,168,46,7
24736,se,290,30,6
24737,se,385,33,11
24738,se,428,1,1
24739,se,465,1,1
24740,se,535,4,1
24741,se,759,7,1
24742,se,791,8,4
24743,se,801,11,2
24744,se,865,20,3
24745,se,887,18,2
24746,se,933,55,12
24747,se,1043,65,8
24748,se,1063,6,1
24749,se,1064,9,1
24750,se,1460,56,7
24751,se,1688,16,5
24752,se,1713,19,4
24753,"se""nat",1697,7,1
24754,"se""nat",1698,4,0
24755,sea,102,3,0
24756,sea,169,12,3
24757,sea,764,9,2
24758,seal,274,7,2
24759,seal,491,62,13
24760,seal,750,13,1
24761,sealed,1439,28,5
24762,seamless,823,8,0
24763,search,61,10,2
24764,search,61,23,6
24765,searching,254,2,1
24766,seas,20,6,2
24767,seasons,957,17,6
24768,seat,289,30,9
24769,seat,790,4,0
24770,seat,1371,18,2
24771,seat,1479,5,1
24772,seat,1600,11,3
24773,seated,500,9,1
24774,seated,1405,31,6
24775,seated,1795,34,6
24776,second,333,2,1
24777,second,546,3,2
24778,second,1019,12,5
24779,second,1267,8,2
24780,seconds,525,86,14
24781,seconds,1669,4,1
24782,secret,299,4,0
24783,secret,422,26,1
24784,secret,1388,36,6
24785,secretary,26,3,1
24786,secretary,28,15,5
24787,secretary,1135,5,2
24788,secretary,1136,2,1
24789,secretly,58,55,8
24790,secrets,887,48,5
24791,secure,148,4,0
24792,secure,193,2,0
24793,secure,193,13,0
24794,see,56,7,2
24795,see,67,28,4
24796,see,105,14,2
24797,see,189,2,0
24798,see,336,16,4
24799,see,369,10,0
24800,see,405,8,2
24801,see,413,4,1
24802,see,416,8,1
24803,see,433,8,3
24804,see,434,8,2
24805,see,478,6,0
24806,see,525,72,12
24807,see,576,7,1
24808,see,578,59,11
24809,see,583,37,6
24810,see,596,28,2
24811,see,827,64,13
24812,see,903,1,0
24813,see,932,6,1
24814,see,1050,37,1
24815,see,1178,25,6
24816,see,1292,3,1
24817,see,1299,22,5
24818,see,1316,15,8
24819,see,1317,21,2
24820,see,1318,20,4
24821,see,1346,1,0
24822,see,1401,8,0
24823,see,1404,6,0
24824,see,1563,8,0
24825,see,1648,2,0
24826,see,1698,8,2
24827,see,1740,4,1
24828,see,1820,2,1
24829,see,1822,25,8
24830,see,1832,2,1
24831,seeing,425,8,2
24832,seeing,434,91,15
24833,seeing,491,63,13
24834,seek,888,35,7
24835,seeking,459,8,2
24836,seem,931,76,13
24837,seem,1318,1,0
24838,seemed,116,7,2
24839,seemed,132,17,3
24840,seemed,293,3,0
24841,seemed,567,2,0
24842,seemed,582,9,2
24843,seemed,793,14,0
24844,seemed,1578,4,0
24845,seemed,1581,21,4
24846,seemed,1784,5,1
24847,seemed,1795,9,2
24848,seemed,1832,22,6
24849,seeming,762,10,2
24850,seems,1076,8,1
24851,seems,1112,14,2
24852,seems,1273,40,12
24853,seems,1752,15,4
24854,seen,64,20,2
24855,seen,134,22,4
24856,seen,525,39,7
24857,seen,526,18,1
24858,seen,715,3,0
24859,seen,837,4,0
24860,seen,844,22,4
24861,seen,1037,3,1
24862,seen,1059,5,1
24863,seen,1061,17,7
24864,seen,1193,11,4
24865,seen,1235,15,1
24866,seen,1659,10,3
24867,seen,1832,34,8
24868,sees,527,6,0
24869,seigneur,499,48,14
24870,seigneur,529,105,28
24871,seine,1011,5,0
24872,seine,1054,13,4
24873,seine,1056,57,7
24874,seine,1538,2,1
24875,seize,867,6,3
24876,seize,1224,2,0
24877,seized,39,3,1
24878,seized,127,8,2
24879,seized,235,8,1
24880,seized,324,1,0
24881,seized,385,39,11
24882,seized,730,22,1
24883,seized,892,9,0
24884,seized,1077,5,0
24885,seized,1146,1,1
24886,seized,1201,3,0
24887,sel,168,51,10
24888,selby,1628,8,3
24889,selby,1628,19,4
24890,selby,1628,27,5
24891,selby,1630,0,0
24892,selby,1631,5,0
24893,selby,1637,1,0
24894,selby,1637,23,2
24895,selby,1638,10,1
24896,selby,1640,16,3
24897,selby,1649,4,0
24898,selby,1668,4,0
24899,selby,1675,36,8
24900,selby,1679,0,0
24901,selby,1687,9,0
24902,selby,1701,5,2
24903,selby,1702,7,1
24904,selby,1704,1,0
24905,selby,1707,0,0
24906,selby,1711,8,0
24907,selby,1713,29,5
24908,selby,1718,7,1
24909,selby,1718,15,2
24910,selby,1722,12,2
24911,selby,1791,18,6
24912,selby,1792,13,4
24913,selby,1794,3,1
24914,seldom,844,21,4
24915,selec,759,18,2
24916,selection,1,10,0
24917,selection,1273,11,5
24918,self,27,20,9
24919,self,64,24,3
24920,self,439,37,4
24921,self,464,6,3
24922,self,502,9,1
24923,self,705,8,2
24924,self,920,2,0
24925,self,1024,62,8
24926,self,1040,16,2
24927,self,1232,2,0
24928,self,1273,33,11
24929,self,1512,5,0
24930,self,1733,13,3
24931,self,1797,14,3
24932,self,1798,6,2
24933,self,1800,3,1
24934,self,1825,9,2
24935,selfish,663,25,2
24936,selfish,1584,6,0
24937,selfish,1585,2,0
24938,sell,476,15,5
24939,sell,1694,19,1
24940,selves,1033,13,2
24941,send,23,23,4
24942,send,573,45,8
24943,send,1697,5,1
24944,sensation,58,32,4
24945,sensations,392,4,1
24946,sense,438,14,1
24947,sense,526,45,9
24948,sense,680,59,9
24949,sensible,1413,36,6
24950,sent,54,32,4
24951,sent,572,20,5
24952,sent,656,2,0
24953,sent,824,55,14
24954,sent,1023,6,1
24955,sent,1123,8,2
24956,sent,1521,7,2
24957,sentiments,385,30,9
24958,sentinels,1644,3,1
24959,sentries,1574,17,7
24960,sentry,288,11,5
24961,separately,1740,21,5
24962,separately,1740,32,9
24963,sequence,264,2,0
24964,ser,1317,16,2
24965,series,388,3,1
24966,series,494,1,0
24967,serious,692,6,1
24968,serious,738,10,1
24969,serious,947,29,11
24970,serious,1292,10,2
24971,seriously,1398,3,0
24972,serpent,870,2,1
24973,serpente,1031,8,4
24974,serted,554,6,2
24975,servants,287,10,3
24976,serve,19,15,5
24977,served,127,26,5
24978,served,255,20,5
24979,served,1100,8,1
24980,service,1033,16,4
24981,session,1159,4,0
24982,set,145,4,2
24983,set,236,14,1
24984,set,284,33,11
24985,set,503,25,3
24986,set,554,27,7
24987,set,564,2,0
24988,set,969,8,4
24989,set,1106,61,12
24990,set,1483,49,10
24991,set,1825,1,0
24992,sets,795,20,3
24993,settees,1160,17,6
24994,setting,537,1,1
24995,settle,120,31,3
24996,settle,244,17,5
24997,settled,16,5,2
24998,settled,295,2,0
24999,settled,298,19,3
25000,settled,356,6,0
25001,settled,520,24,4
25002,settled,1212,14,4
25003,settles,1526,4,0
25004,setts,658,5,2
25005,seven,2,4,1
25006,seven,1081,29,1
25007,several,265,1,0
25008,several,700,11,4
25009,severely,43,3,2
25010,severely,1541,20,1
25011,severn,915,6,1
25012,severn,919,2,0
25013,sez,635,34,6
25014,shade,198,13,2
25015,shades,940,11,2
25016,shadow,560,2,0
25017,shadow,988,4,1
25018,shadow,1578,6,0
25019,shadows,38,9,4
25020,shadows,744,32,5
25021,shadows,1142,28,9
25022,shadows,1474,10,3
25023,shadows,1477,15,3
25024,shadows,1535,47,7
25025,shadowy,1262,6,3
25026,shaggy,1557,8,0
25027,shake,322,18,5
25028,shake,529,132,33
25029,shaken,1142,3,2
25030,shaking,37,35,8
25031,shall,13,36,13
25032,shall,125,1,0
25033,shall,228,18,4
25034,shall,249,35,11
25035,shall,252,34,5
25036,shall,362,13,1
25037,shall,364,4,1
25038,shall,444,1,0
25039,shall,479,0,0
25040,shall,627,22,3
25041,shall,750,10,1
25042,shall,752,4,0
25043,shall,759,37,5
25044,shall,858,0,0
25045,shall,902,4,0
25046,shall,919,19,2
25047,shall,1108,8,1
25048,shall,1293,13,1
25049,shall,1308,3,0
25050,shall,1404,7,0
25051,shall,1405,6,1
25052,shall,1444,18,2
25053,shall,1515,15,1
25054,shall,1620,9,1
25055,shall,1653,6,2
25056,shall,1770,20,2
25057,shambling,1460,40,4
25058,shame,1142,57,17
25059,shame,1143,0,0
25060,shame,1143,30,7
25061,shame,1144,0,0
25062,shaped,1193,23,6
25063,share,264,8,1
25064,share,1253,14,2
25065,sharp,1245,24,3
25066,sharply,181,5,0
25067,sharply,450,5,1
25068,sharply,1640,24,5
25069,shattered,626,17,3
25070,shattered,1263,45,15
25071,shattered,1265,23,4
25072,she,54,4,1
25073,she,64,23,3
25074,she,86,3,0
25075,she,168,2,0
25076,she,168,59,10
25077,she,356,7,0
25078,she,360,1,0
25079,she,371,0,0
25080,she,371,8,1
25081,she,373,0,0
25082,she,376,8,1
25083,she,379,0,0
25084,she,397,28,7
25085,she,397,36,9
25086,she,397,39,11
25087,she,399,6,0
25088,she,405,13,4
25089,she,422,16,1
25090,she,423,18,4
25091,she,438,8,1
25092,she,446,7,2
25093,she,452,0,0
25094,she,492,0,0
25095,she,495,25,6
25096,she,529,60,17
25097,she,578,35,5
25098,she,581,10,1
25099,she,585,0,0
25100,she,587,20,1
25101,she,587,21,1
25102,she,589,1,1
25103,she,589,10,2
25104,she,589,14,3
25105,she,593,2,0
25106,she,593,14,1
25107,she,612,10,0
25108,she,619,1,0
25109,she,624,17,5
25110,she,653,0,0
25111,she,653,6,2
25112,she,657,7,0
25113,she,657,15,0
25114,she,657,22,1
25115,she,658,31,10
25116,she,658,34,10
25117,she,661,0,0
25118,she,662,25,4
25119,she,663,0,0
25120,she,679,0,0
25121,she,680,31,6
25122,she,682,7,0
25123,she,686,7,0
25124,she,697,13,1
25125,she,697,22,2
25126,she,697,32,3
25127,she,698,28,6
25128,she,701,0,0
25129,she,701,19,1
25130,she,701,47,4
25131,she,710,3,0
25132,she,711,0,0
25133,she,718,9,0
25134,she,720,50,8
25135,she,725,18,4
25136,she,727,3,0
25137,she,727,8,0
25138,she,728,12,2
25139,she,728,14,2
25140,she,728,19,4
25141,she,731,26,6
25142,she,739,15,2
25143,she,741,0,0
25144,she,741,10,2
25145,she,774,1,0
25146,she,774,8,0
25147,she,776,1,0
25148,she,776,7,0
25149,she,778,2,0
25150,she,778,25,2
25151,she,781,10,2
25152,she,785,8,0
25153,she,785,12,0
25154,she,789,1,0
25155,she,791,11,4
25156,she,793,13,0
25157,she,801,29,4
25158,she,804,7,0
25159,she,804,24,3
25160,she,804,31,3
25161,she,806,17,3
25162,she,810,0,0
25163,she,812,27,5
25164,she,818,20,5
25165,she,824,37,9
25166,she,826,3,1
25167,she,827,50,11
25168,she,827,93,15
25169,she,829,3,0
25170,she,830,3,1
25171,she,833,7,0
25172,she,833,17,1
25173,she,834,0,0
25174,she,835,7,0
25175,she,837,0,0
25176,she,837,9,1
25177,she,838,0,0
25178,she,839,0,0
25179,she,842,2,1
25180,she,842,8,3
25181,she,844,0,0
25182,she,844,2,0
25183,she,846,0,0
25184,she,846,13,4
25185,she,847,3,0
25186,she,848,1,0
25187,she,850,10,3
25188,she,851,2,0
25189,she,854,16,4
25190,she,858,6,0
25191,she,859,5,0
25192,she,861,1,0
25193,she,861,11,0
25194,she,862,17,0
25195,she,863,1,0
25196,she,863,13,2
25197,she,865,5,1
25198,she,870,12,2
25199,she,887,43,4
25200,she,891,3,0
25201,she,895,12,1
25202,she,896,9,0
25203,she,904,1,0
25204,she,905,16,0
25205,she,908,2,0
25206,she,918,0,0
25207,she,918,2,0
25208,she,923,4,2
25209,she,925,1,0
25210,she,927,12,2
25211,she,928,3,1
25212,she,931,3,0
25213,she,933,27,3
25214,she,937,1,0
25215,she,939,9,1
25216,she,941,26,9
25217,she,948,2,0
25218,she,948,14,5
25219,she,971,19,5
25220,she,978,1,0
25221,she,979,11,3
25222,she,998,20,2
25223,she,1001,1,0
25224,she,1002,4,0
25225,she,1051,0,0
25226,she,1092,29,1
25227,she,1104,11,2
25228,she,1120,24,2
25229,she,1122,11,2
25230,she,1126,10,1
25231,she,1126,36,2
25232,she,1129,9,0
25233,she,1131,0,0
25234,she,1163,0,0
25235,she,1164,2,0
25236,she,1167,6,1
25237,she,1250,20,2
25238,she,1299,5,1
25239,she,1299,16,4
25240,she,1301,0,0
25241,she,1318,16,4
25242,she,1329,7,3
25243,she,1348,8,1
25244,she,1351,0,0
25245,she,1354,32,3
25246,she,1357,1,0
25247,she,1358,1,0
25248,she,1358,18,2
25249,she,1361,21,3
25250,she,1362,7,1
25251,she,1363,1,0
25252,she,1363,25,0
25253,she,1371,14,1
25254,she,1375,18,3
25255,she,1377,33,3
25256,she,1380,1,0
25257,she,1393,4,0
25258,she,1404,1,0
25259,she,1404,13,2
25260,she,1405,3,1
25261,she,1441,15,1
25262,she,1462,12,1
25263,she,1463,1,0
25264,she,1473,1,0
25265,she,1474,3,1
25266,she,1476,1,0
25267,she,1476,12,0
25268,she,1479,8,1
25269,she,1482,3,0
25270,she,1486,25,3
25271,she,1488,2,1
25272,she,1490,6,0
25273,she,1492,1,0
25274,she,1493,3,0
25275,she,1500,5,0
25276,she,1509,12,1
25277,she,1580,14,2
25278,she,1586,16,0
25279,she,1587,10,1
25280,she,1595,15,3
25281,she,1597,9,1
25282,she,1597,25,4
25283,she,1598,5,0
25284,she,1600,10,3
25285,she,1602,4,2
25286,she,1611,29,5
25287,she,1614,35,7
25288,she,1616,0,0
25289,she,1616,5,1
25290,she,1618,15,2
25291,she,1619,0,0
25292,she,1621,1,0
25293,she,1648,3,0
25294,she,1651,4,0
25295,she,1658,44,11
25296,she,1664,12,4
25297,she,1669,7,1
25298,she,1678,6,2
25299,she,1678,8,2
25300,she,1684,1,0
25301,she,1699,0,0
25302,she,1760,0,0
25303,she,1764,0,0
25304,she,1769,16,3
25305,she,1769,21,4
25306,she,1769,39,7
25307,she,1776,9,2
25308,she,1778,1,0
25309,she,1779,3,1
25310,she,1781,1,0
25311,she,1784,1,0
25312,she,1784,4,1
25313,she,1785,1,0
25314,she,1821,0,0
25315,she,1829,3,0
25316,she,1832,30,8
25317,she,1836,22,4
25318,shedding,1563,2,0
25319,sheer,1739,41,9
25320,sheet,887,22,3
25321,sheet,888,43,8
25322,sheets,1831,10,2
25323,shell,618,2,0
25324,shell,990,56,14
25325,shell,1029,12,0
25326,shell,1231,8,2
25327,shell,1263,49,16
25328,shells,994,10,0
25329,shells,1214,20,8
25330,shells,1230,16,7
25331,shells,1263,6,2
25332,shelter,780,14,1
25333,shelves,221,7,2
25334,sheridan,167,28,13
25335,shied,1273,16,6
25336,shield,168,1,0
25337,shine,1765,2,1
25338,shining,530,1,1
25339,shining,1331,18,4
25340,ships,168,54,10
25341,ships,171,7,0
25342,ships,202,33,11
25343,ships,842,4,1
25344,shirt,1699,48,15
25345,shivered,142,14,1
25346,shivered,1223,14,4
25347,shivered,1229,52,15
25348,shivering,601,7,2
25349,shivering,1056,11,1
25350,shivering,1082,3,1
25351,shock,55,12,4
25352,shock,1216,8,3
25353,shocked,1805,11,4
25354,shoddy,1675,19,6
25355,shoes,823,4,0
25356,shoes,827,15,3
25357,shoes,970,10,4
25358,shoes,1460,6,2
25359,shook,800,13,5
25360,shook,1024,50,8
25361,shook,1092,17,0
25362,shook,1185,11,2
25363,shook,1358,11,2
25364,shook,1613,2,1
25365,shook,1795,14,3
25366,shook,1808,4,1
25367,shoot,1127,5,0
25368,shoot,1468,11,4
25369,shoot,1468,26,5
25370,shooting,198,26,5
25371,shooting,1055,19,9
25372,shop,164,5,0
25373,shores,745,11,3
25374,short,44,5,2
25375,short,1022,11,1
25376,short,1245,18,2
25377,short,1361,10,3
25378,short,1476,42,3
25379,short,1488,14,3
25380,shortly,370,22,2
25381,shortly,1422,3,0
25382,shot,202,9,2
25383,shot,452,4,0
25384,shot,641,9,1
25385,shot,1372,22,4
25386,should,58,5,0
25387,should,202,70,18
25388,should,246,18,5
25389,should,247,22,3
25390,should,269,25,7
25391,should,408,17,0
25392,should,434,26,7
25393,should,481,34,5
25394,should,492,5,0
25395,should,506,19,3
25396,should,701,6,0
25397,should,727,7,0
25398,should,779,10,2
25399,should,824,0,0
25400,should,827,46,10
25401,should,846,43,10
25402,should,1019,24,7
25403,should,1124,28,7
25404,should,1510,8,1
25405,should,1524,51,13
25406,should,1702,9,1
25407,shoulder,682,5,0
25408,shoulder,1026,6,0
25409,shoulder,1070,5,1
25410,shoulder,1149,22,5
25411,shoulder,1149,24,6
25412,shoulders,937,27,6
25413,shoulders,988,2,0
25414,shoulders,1185,37,7
25415,shoulders,1460,43,4
25416,shoulders,1477,46,10
25417,shouldn,1425,1,0
25418,shout,1821,13,6
25419,shouted,308,5,0
25420,shouted,1093,5,1
25421,shouted,1217,7,2
25422,shouted,1262,30,4
25423,shouted,1336,12,1
25424,shouting,319,11,0
25425,shouts,1106,31,6
25426,shoved,730,60,12
25427,shoving,1245,35,4
25428,shower,656,4,1
25429,showering,763,10,1
25430,showers,150,38,13
25431,showing,236,22,2
25432,shreds,241,6,2
25433,shreds,1084,9,3
25434,shrieked,1537,12,2
25435,shrieking,1221,14,4
25436,shrieking,1253,3,1
25437,shrouded,351,17,5
25438,shrub,1573,21,5
25439,shrubs,1698,10,3
25440,shuffle,1257,9,1
25441,shuffle,1574,33,14
25442,shuffling,1292,72,14
25443,shut,450,4,1
25444,shut,573,93,14
25445,shut,747,2,1
25446,shut,898,11,0
25447,shut,1525,17,3
25448,shut,1837,5,1
25449,shutters,1086,2,1
25450,shutters,1826,23,4
25451,shyly,1054,2,1
25452,si,742,2,1
25453,si,1120,53,8
25454,sian,353,9,1
25455,sible,168,8,0
25456,sick,417,13,4
25457,sick,1061,30,8
25458,sick,1142,29,9
25459,sickly,578,25,3
25460,side,42,18,4
25461,side,51,27,10
25462,side,166,31,4
25463,side,286,2,1
25464,side,528,35,8
25465,side,542,40,8
25466,side,543,8,2
25467,side,552,11,1
25468,side,562,25,6
25469,side,726,5,2
25470,side,991,19,3
25471,side,1534,2,0
25472,sidered,846,6,1
25473,sides,750,28,3
25474,sidewalk,1800,5,2
25475,sidewalk,1823,14,7
25476,sie,712,6,2
25477,siege,1127,26,5
25478,siers,1729,18,4
25479,sieur,820,6,1
25480,sieur,821,13,0
25481,sieur,836,11,2
25482,sieur,1003,16,2
25483,sieur,1293,3,0
25484,sieur,1352,2,0
25485,sieur,1358,8,2
25486,sieur,1484,4,0
25487,sieur,1549,35,7
25488,sieur,1726,18,6
25489,sigh,28,20,8
25490,sigh,1323,4,1
25491,sighed,847,4,0
25492,sighed,862,18,0
25493,sighed,892,14,0
25494,sighed,1100,12,1
25495,sighed,1598,6,0
25496,sighing,1166,3,0
25497,sight,52,2,0
25498,sight,541,3,0
25499,sight,631,10,5
25500,sight,1023,26,4
25501,sight,1141,34,5
25502,sight,1265,10,1
25503,sight,1347,19,2
25504,sights,1653,10,2
25505,sign,125,2,0
25506,sign,270,12,3
25507,sign,297,6,0
25508,sign,303,13,3
25509,sign,318,22,7
25510,sign,512,3,1
25511,signal,335,2,0
25512,signal,1120,8,1
25513,signalized,28,55,16
25514,signalled,1064,13,1
25515,signals,1061,19,8
25516,signals,1082,16,8
25517,signature,294,26,6
25518,signed,491,18,1
25519,significance,664,3,0
25520,signs,540,24,6
25521,silence,48,1,1
25522,silence,278,1,1
25523,silence,449,10,3
25524,silence,512,4,1
25525,silence,922,3,1
25526,silence,1104,22,4
25527,silence,1246,5,3
25528,silence,1640,22,5
25529,silence,1703,4,1
25530,silenced,112,15,1
25531,silent,43,40,11
25532,silent,168,52,10
25533,silent,209,31,3
25534,silent,653,1,0
25535,silent,675,4,0
25536,silent,677,8,0
25537,silent,745,16,4
25538,silent,769,9,2
25539,silent,779,3,1
25540,silent,805,9,5
25541,silent,833,9,0
25542,silent,861,13,0
25543,silent,1037,15,7
25544,silent,1176,3,1
25545,silent,1180,3,1
25546,silent,1377,36,3
25547,silent,1697,39,9
25548,silent,1837,26,4
25549,silently,746,19,5
25550,silhouette,1060,2,0
25551,silhouette,1456,11,4
25552,silhouettes,1152,15,4
25553,silica,365,17,4
25554,silk,321,3,1
25555,silk,933,6,2
25556,silk,937,4,1
25557,silk,970,14,5
25558,silk,1542,20,3
25559,silken,239,26,5
25560,silken,933,13,3
25561,silken,1449,20,3
25562,silken,1762,10,2
25563,sill,985,20,7
25564,sill,1607,12,1
25565,sill,1825,7,2
25566,silly,587,42,5
25567,silver,152,5,1
25568,silver,192,18,1
25569,silver,720,34,3
25570,silver,720,43,6
25571,silver,825,5,0
25572,silver,931,88,15
25573,silver,932,3,1
25574,silver,933,16,3
25575,silver,937,5,1
25576,silver,944,13,2
25577,silver,957,3,0
25578,silver,970,21,7
25579,silver,1460,4,2
25580,silver,1460,30,3
25581,silvered,397,8,2
25582,silvia,573,65,12
25583,similar,670,35,3
25584,simple,367,34,9
25585,simpler,508,2,0
25586,simplicity,38,31,9
25587,simplicity,826,2,1
25588,simply,159,80,5
25589,simply,434,78,12
25590,simply,680,26,6
25591,simply,688,18,1
25592,sin,744,3,1
25593,since,31,1,0
25594,since,46,0,0
25595,since,60,7,0
25596,since,61,7,1
25597,since,258,10,0
25598,since,281,8,1
25599,since,425,49,11
25600,since,556,3,2
25601,since,1125,7,0
25602,since,1125,23,2
25603,since,1720,51,5
25604,sing,255,23,7
25605,sing,1095,7,1
25606,singing,937,14,1
25607,singing,1094,16,3
25608,single,43,17,6
25609,single,790,12,5
25610,sinister,502,25,7
25611,sink,949,38,9
25612,sion,631,12,5
25613,sion,730,41,5
25614,sionally,1771,14,0
25615,sir,628,4,1
25616,sir,632,5,1
25617,sir,635,9,0
25618,sir,635,31,6
25619,sir,635,35,6
25620,sir,643,7,1
25621,sist,1427,28,3
25622,sisted,385,18,7
25623,sisted,420,14,2
25624,sisted,626,41,9
25625,sisted,1791,11,3
25626,sistently,61,26,6
25627,sit,529,127,33
25628,sit,826,13,5
25629,sit,1504,15,1
25630,sit,1815,6,4
25631,sitting,420,1,0
25632,sitting,541,20,2
25633,sitting,704,9,1
25634,sitting,743,17,4
25635,situation,1708,13,4
25636,situation,1774,44,10
25637,sive,148,1,0
25638,six,20,3,1
25639,six,43,11,5
25640,six,459,0,0
25641,six,1015,15,6
25642,six,1421,13,4
25643,six,1459,0,0
25644,sixty,525,85,14
25645,size,1809,1,0
25646,size,1814,7,2
25647,skeptical,1312,2,1
25648,sketches,730,19,1
25649,sketching,1429,35,6
25650,sketching,1444,31,4
25651,skies,941,5,1
25652,skies,941,8,2
25653,skimmed,1675,28,6
25654,skin,488,28,4
25655,skin,1136,14,4
25656,skipping,1460,34,3
25657,skipping,1483,29,8
25658,skirt,720,30,2
25659,skirted,142,35,5
25660,skirts,789,6,0
25661,sky,891,14,2
25662,sky,984,12,4
25663,sky,1055,4,1
25664,sky,1454,14,4
25665,sky,1457,21,10
25666,sky,1604,10,1
25667,sky,1675,40,10
25668,sky,1685,3,2
25669,slabs,1250,32,5
25670,slang,1658,6,2
25671,slanted,764,3,1
25672,slap,1286,15,2
25673,slapped,159,67,5
25674,slate,1236,8,3
25675,sleep,709,29,2
25676,sleep,1120,17,2
25677,sleep,1549,10,1
25678,sleep,1576,10,1
25679,sleep,1578,2,0
25680,sleeping,446,3,0
25681,sleet,990,10,5
25682,sleeve,289,12,0
25683,sleeves,1699,49,15
25684,sleigh,771,14,4
25685,slender,660,21,7
25686,slender,825,1,0
25687,slender,1127,30,6
25688,slender,1832,31,8
25689,slept,567,17,2
25690,slept,567,21,3
25691,slept,741,22,2
25692,slicing,1024,59,8
25693,slighest,65,5,1
25694,slightly,293,9,1
25695,slightly,1489,15,2
25696,slightly,1758,14,4
25697,slime,1228,2,0
25698,slinking,1086,9,4
25699,slip,937,3,1
25700,slipped,721,1,0
25701,slipped,737,1,0
25702,slipped,774,3,0
25703,slipped,1025,88,10
25704,slipped,1104,16,2
25705,slipped,1119,14,0
25706,slipped,1197,15,5
25707,slipped,1615,6,2
25708,slipped,1815,33,12
25709,slippers,720,28,1
25710,slipping,1046,14,1
25711,slipping,1605,17,5
25712,slouched,155,33,8
25713,slouched,1686,5,2
25714,slouching,1460,42,4
25715,slouchy,1460,9,2
25716,slower,1799,9,1
25717,slowly,75,23,1
25718,slowly,149,8,2
25719,slowly,364,8,2
25720,slowly,599,1,0
25721,slowly,731,5,0
25722,slowly,870,3,1
25723,slowly,926,4,1
25724,slowly,1087,16,6
25725,slowly,1149,21,5
25726,slowly,1331,2,0
25727,slowly,1417,2,0
25728,slowly,1552,6,2
25729,slowly,1570,14,3
25730,slowly,1774,45,10
25731,slumbering,1788,44,14
25732,slumbering,1799,13,1
25733,slush,981,10,3
25734,slush,1179,34,8
25735,slush,1214,29,9
25736,small,79,11,3
25737,small,386,22,1
25738,small,471,11,4
25739,small,501,5,1
25740,small,509,15,1
25741,small,527,2,0
25742,small,541,22,2
25743,small,551,13,4
25744,small,573,70,12
25745,small,809,39,10
25746,small,1372,1,1
25747,small,1836,25,5
25748,smaller,978,10,2
25749,smashed,1047,22,2
25750,smell,1717,14,3
25751,smile,373,16,2
25752,smile,410,15,3
25753,smile,682,12,0
25754,smile,1008,5,1
25755,smile,1167,11,3
25756,smile,1312,3,1
25757,smile,1347,31,6
25758,smile,1446,3,0
25759,smile,1452,35,9
25760,smile,1662,12,1
25761,smile,1788,41,13
25762,smiled,168,18,2
25763,smiled,194,8,0
25764,smiled,337,33,9
25765,smiled,371,9,1
25766,smiled,499,12,5
25767,smiled,888,30,7
25768,smiled,899,5,0
25769,smiled,1025,97,13
25770,smiled,1303,1,0
25771,smiled,1312,0,0
25772,smiled,1351,1,0
25773,smiled,1354,33,3
25774,smiled,1358,2,0
25775,smiled,1374,40,8
25776,smiled,1377,20,3
25777,smiled,1405,4,1
25778,smiled,1428,7,0
25779,smiled,1486,10,2
25780,smiled,1569,3,0
25781,smiled,1589,3,0
25782,smiled,1758,15,4
25783,smiles,465,19,6
25784,smiles,1364,21,5
25785,smiles,1581,12,4
25786,smiling,33,17,1
25787,smiling,230,9,1
25788,smiling,658,37,11
25789,smiling,720,54,9
25790,smiling,917,16,3
25791,smiling,1040,34,5
25792,smiling,1286,30,2
25793,smiling,1424,33,6
25794,smiling,1427,17,3
25795,smiling,1579,1,0
25796,smirked,1658,31,11
25797,smirking,1047,24,2
25798,smitten,750,26,3
25799,smoke,708,2,0
25800,smoke,1218,16,5
25801,smoke,1455,5,2
25802,smokers,1460,51,6
25803,smoking,392,5,1
25804,smoking,488,14,1
25805,smoking,1263,4,2
25806,smoking,1429,34,6
25807,smoking,1452,11,2
25808,smouldering,1455,14,5
25809,snapped,423,11,2
25810,snapped,979,8,2
25811,snapping,428,27,7
25812,snarled,142,6,0
25813,snarled,905,23,0
25814,snarled,908,10,0
25815,snarling,116,3,1
25816,snatched,37,31,7
25817,snatched,1197,1,0
25818,sneered,1032,8,1
25819,sneezed,948,3,0
25820,sniffed,631,23,7
25821,snivel,1017,18,4
25822,snort,1447,5,2
25823,snuffy,1295,13,1
25824,so,37,26,7
25825,so,61,24,6
25826,so,72,12,0
25827,so,105,13,2
25828,so,212,17,3
25829,so,244,5,1
25830,so,247,11,1
25831,so,289,38,9
25832,so,361,9,2
25833,so,365,15,3
25834,so,367,33,9
25835,so,370,18,1
25836,so,389,33,8
25837,so,404,6,1
25838,so,423,8,2
25839,so,430,10,1
25840,so,434,40,9
25841,so,439,0,0
25842,so,485,1,0
25843,so,491,12,1
25844,so,529,4,2
25845,so,577,22,4
25846,so,597,5,2
25847,so,597,6,2
25848,so,613,11,3
25849,so,635,17,4
25850,so,655,11,0
25851,so,659,4,0
25852,so,663,8,2
25853,so,669,10,0
25854,so,672,0,0
25855,so,673,26,5
25856,so,693,46,14
25857,so,701,2,0
25858,so,777,1,0
25859,so,777,3,0
25860,so,816,49,8
25861,so,824,17,3
25862,so,911,15,0
25863,so,919,5,1
25864,so,931,86,15
25865,so,1089,2,0
25866,so,1126,25,1
25867,so,1127,34,6
25868,so,1198,13,0
25869,so,1292,18,2
25870,so,1352,5,0
25871,so,1354,27,3
25872,so,1424,15,3
25873,so,1443,60,9
25874,so,1462,19,2
25875,so,1475,5,0
25876,so,1496,23,1
25877,so,1501,16,4
25878,so,1511,6,1
25879,so,1524,22,4
25880,so,1524,47,12
25881,so,1527,4,1
25882,so,1609,1,0
25883,so,1688,2,0
25884,so,1702,11,1
25885,so,1765,1,1
25886,so,1767,1,0
25887,so,1769,35,7
25888,so,1769,37,7
25889,so,1790,2,0
25890,so,1832,16,4
25891,soaked,604,11,2
25892,soaked,1226,31,8
25893,soaks,583,13,4
25894,soap,9,2,2
25895,soap,1555,15,3
25896,soared,765,17,6
25897,soared,1675,26,6
25898,soaring,821,51,13
25899,sobbed,680,36,6
25900,sobbed,1614,36,7
25901,social,104,21,8
25902,socks:,1210,3,0
25903,sofa,216,17,4
25904,sofa,743,22,6
25905,soft,54,31,4
25906,soft,142,5,0
25907,soft,618,1,0
25908,soft,647,9,0
25909,soft,748,12,3
25910,soft,748,24,5
25911,soft,827,1,0
25912,soft,1673,2,1
25913,soft?,613,15,3
25914,softly,404,23,4
25915,softly,491,35,4
25916,softly,830,7,1
25917,softly,1048,4,0
25918,sojourn,645,11,1
25919,sold,625,7,1
25920,sold,1688,1,0
25921,soldier,173,4,1
25922,soldier,1159,18,3
25923,soldier,1174,1,1
25924,soldier,1179,17,3
25925,soldier,1185,32,6
25926,soldiers,1160,12,5
25927,soldiers,1460,8,2
25928,solemn,1572,31,11
25929,solemn,1787,15,4
25930,solemnly,1367,5,0
25931,solent,1023,30,5
25932,solid,145,13,6
25933,solid,1222,17,2
25934,solid,1707,10,2
25935,solitary,764,24,3
25936,solution,367,16,4
25937,som,1724,2,1
25938,soma,1119,31,3
25939,sombre,759,2,0
25940,sombre,1082,8,4
25941,some,58,46,6
25942,some,104,18,7
25943,some,397,16,4
25944,some,419,11,4
25945,some,439,39,4
25946,some,491,42,6
25947,some,497,12,2
25948,some,518,14,2
25949,some,532,0,0
25950,some,626,58,13
25951,some,664,14,0
25952,some,701,23,1
25953,some,707,1,1
25954,some,709,12,0
25955,some,1056,45,5
25956,some,1155,19,2
25957,some,1222,9,1
25958,some,1431,9,0
25959,some,1572,30,11
25960,some,1573,18,5
25961,some,1632,15,4
25962,some,1700,25,11
25963,some,1738,6,0
25964,some,1803,3,0
25965,somebody,666,24,4
25966,somebody,1086,18,6
25967,something,142,4,0
25968,something,220,7,0
25969,something,355,10,2
25970,something,372,4,1
25971,something,503,14,2
25972,something,509,7,1
25973,something,692,8,1
25974,something,720,8,0
25975,something,730,58,12
25976,something,1071,14,0
25977,something,1072,20,3
25978,something,1141,30,4
25979,something,1183,13,3
25980,something,1197,0,0
25981,something,1220,9,1
25982,something,1427,4,1
25983,something,1604,17,2
25984,something,1676,0,0
25985,something,1774,23,6
25986,something,1832,40,10
25987,sometimes,150,12,5
25988,sometimes,150,19,7
25989,sometimes,429,28,4
25990,sometimes,1175,0,0
25991,sometimes,1253,0,0
25992,sometimes,1354,38,3
25993,someway,592,5,0
25994,somewhat,1548,45,10
25995,somewhere,338,10,3
25996,somewhere,980,1,1
25997,somewhere,1218,6,2
25998,somewhere,1561,24,2
25999,somewhere,1675,33,7
26000,soms,1316,19,9
26001,son,1446,26,4
26002,soned,1828,5,1
26003,song,13,34,13
26004,song,389,10,3
26005,songs,13,30,13
26006,soon,96,12,4
26007,soon,541,1,0
26008,soon,1511,7,1
26009,soon,1639,2,0
26010,sooner,1512,4,0
26011,soothingly,298,40,4
26012,sorrows,49,2,0
26013,sorrows,880,11,1
26014,sorry,581,2,0
26015,sort,1793,3,2
26016,sortie,1056,49,6
26017,soul,430,14,1
26018,soul,522,8,1
26019,soul,525,4,1
26020,soul,573,17,4
26021,soul,833,24,1
26022,soul,1131,11,2
26023,soul,1617,8,0
26024,soul,1652,8,2
26025,soul,1670,2,1
26026,soul,1783,30,2
26027,souls,572,18,5
26028,sound,58,61,10
26029,sound,404,7,1
26030,sound,674,2,0
26031,sound,745,18,5
26032,sound,821,11,0
26033,sound,982,5,2
26034,sound,1826,10,2
26035,sounded,54,20,3
26036,sounded,744,65,14
26037,sounded,990,23,9
26038,sounded,1227,2,0
26039,sounds,1539,1,0
26040,sour,2,2,0
26041,source,341,14,3
26042,soured,1720,50,5
26043,sous,1025,23,3
26044,south,42,17,4
26045,south,51,21,9
26046,south,102,2,0
26047,south,318,4,1
26048,south,499,42,14
26049,south,782,3,0
26050,south,1071,1,0
26051,southwark,1081,13,0
26052,southwark,1136,0,0
26053,spare,442,11,0
26054,sparkle,153,1,0
26055,sparkled,202,35,11
26056,sparkled,208,17,3
26057,sparkling,827,88,15
26058,sparks,110,3,2
26059,sparrows,1314,11,4
26060,sparrows,1320,16,6
26061,sparrows,1561,1,0
26062,sparrows,1572,1,1
26063,sparrows,1737,2,0
26064,spat,1732,12,2
26065,spattered,1228,1,0
26066,speak,202,71,18
26067,speak,861,23,3
26068,speak,863,17,2
26069,speak,1072,18,3
26070,speak,1178,26,6
26071,speak,1185,42,8
26072,speak,1392,3,0
26073,speak,1616,6,1
26074,speaking,251,1,0
26075,speaking,453,2,0
26076,speaking,668,3,0
26077,speaking,1031,10,4
26078,speaking,1510,18,4
26079,speaking,1776,11,2
26080,speaks,75,15,0
26081,speaks,1593,5,1
26082,species,1023,3,1
26083,species,1024,21,4
26084,spectators,43,43,12
26085,spected,822,8,4
26086,spected,1449,29,6
26087,spectre,1260,21,5
26088,sped,1179,30,6
26089,speech,778,13,0
26090,speed,315,10,4
26091,speed,821,6,0
26092,speed,821,8,0
26093,spider,86,39,11
26094,spik,1283,4,0
26095,spik,1284,15,1
26096,spik,1284,21,2
26097,spik,1288,3,0
26098,spikes,1312,20,6
26099,spine,927,5,2
26100,spinet,490,12,4
26101,spinning,824,36,9
26102,spiration,1690,4,0
26103,spires,744,69,16
26104,spires,983,29,9
26105,spires,1084,6,3
26106,spite,704,12,2
26107,spite,1678,31,8
26108,spite,1758,18,5
26109,spitting,1644,13,3
26110,splash,284,8,4
26111,splashed,217,7,0
26112,splashing,1214,26,9
26113,splendid,806,7,0
26114,splendid,940,14,2
26115,splendid,983,17,8
26116,splendid,1678,29,7
26117,splinters,142,16,2
26118,splitting,1420,37,5
26119,spoil,818,34,7
26120,spoiling,578,6,0
26121,spoke,743,2,0
26122,spoke,745,1,0
26123,spoke,1255,3,0
26124,spoke,1374,42,8
26125,spoke,1501,18,4
26126,spoke,1619,3,1
26127,spoke,1779,4,1
26128,spoken,833,21,1
26129,spoken,1835,6,2
26130,sponge,583,12,4
26131,sponsor,1345,12,3
26132,sportsmanship,1530,16,5
26133,spot,923,17,5
26134,spot,1247,1,1
26135,spot,1320,6,2
26136,spotless,1314,4,2
26137,spotless,1537,2,1
26138,sprain,408,13,0
26139,sprained,405,26,6
26140,sprang,324,3,1
26141,sprang,451,1,0
26142,sprang,772,10,4
26143,sprang,821,21,3
26144,sprang,966,5,1
26145,sprang,1060,8,2
26146,sprang,1086,19,6
26147,sprang,1116,8,1
26148,sprang,1240,18,4
26149,sprang,1262,3,1
26150,sprang,1474,4,1
26151,spray,150,40,14
26152,spray,572,6,1
26153,spray,656,6,2
26154,spray,1571,33,9
26155,spread,1675,5,1
26156,spring,164,3,0
26157,spring,204,29,8
26158,spring,559,7,1
26159,spring,850,1,1
26160,spring,1674,0,0
26161,springing,956,5,1
26162,springing,1825,3,0
26163,sprinklers,1675,4,1
26164,spurred,288,23,7
26165,spurs,134,13,4
26166,spurs,236,29,2
26167,spurs,286,9,3
26168,spy,1165,15,2
26169,squabbled,1725,12,2
26170,squadron,44,3,1
26171,squadron,235,21,3
26172,squadron,1194,31,9
26173,squadron,1229,11,1
26174,squadrons,28,5,1
26175,square,42,21,5
26176,square,43,56,16
26177,square,130,7,2
26178,square,152,12,4
26179,square,159,2,0
26180,square,202,54,15
26181,square,703,9,3
26182,square,1258,4,2
26183,square,1700,9,2
26184,squarely,700,6,2
26185,squares,23,8,0
26186,squat,115,5,1
26187,squatty,171,14,1
26188,squeal,868,2,1
26189,squeedunk,1408,9,2
26190,squinting,1408,7,2
26191,st,129,23,6
26192,st,287,13,3
26193,st,500,21,4
26194,st,503,41,6
26195,st,505,6,1
26196,st,530,4,2
26197,st,1262,38,6
26198,st,1460,71,13
26199,st,1482,11,2
26200,st,1522,6,1
26201,st,1527,7,1
26202,st,1545,45,6
26203,st,1591,3,2
26204,st,1644,16,3
26205,st,1645,12,6
26206,st,1649,5,0
26207,st,1812,13,4
26208,stables,283,25,7
26209,staff,43,93,28
26210,staff,499,44,14
26211,staff,1190,1,1
26212,stage,702,11,3
26213,staggered,1225,7,3
26214,staggered,1265,20,3
26215,stain,1290,32,5
26216,stainbridge,60,15,3
26217,stained,386,59,5
26218,stair,554,18,4
26219,stair,1046,18,3
26220,stairs,141,9,4
26221,stairs,199,16,1
26222,stairs,239,9,1
26223,stairs,518,15,2
26224,stairs,824,32,9
26225,stairs,962,4,2
26226,stairs,963,11,2
26227,stairs,1003,8,2
26228,stairs,1039,8,1
26229,stairs,1266,8,3
26230,stairs,1268,39,6
26231,stairs,1629,6,1
26232,stairs,1716,5,1
26233,stairs,1719,12,2
26234,stairs,1800,2,1
26235,stairs,1837,28,4
26236,stairway,1091,6,0
26237,stairway,1598,32,5
26238,stairways,240,22,3
26239,stairways,545,1,0
26240,stale,1726,11,3
26241,stalled,1734,13,3
26242,stammered,1043,36,2
26243,stammered,1349,10,1
26244,stamped,1594,4,2
26245,stamping,1135,16,5
26246,stance,77,6,0
26247,stance,315,33,9
26248,stand,85,14,0
26249,stand,652,6,2
26250,stand,1345,10,3
26251,stand,1831,9,2
26252,standing,495,4,1
26253,standing,601,3,0
26254,standing,712,7,2
26255,standing,759,0,0
26256,standing,1031,1,0
26257,stands,391,2,0
26258,stanley,1653,13,3
26259,stant,1105,2,2
26260,stant,1459,10,4
26261,stantiate,265,4,0
26262,stantly,383,13,4
26263,stare,1136,8,4
26264,stared,690,3,0
26265,stared,768,5,2
26266,stared,971,27,6
26267,stared,1264,3,1
26268,staring,1121,2,0
26269,staring,1474,6,1
26270,staring,1819,1,0
26271,stark,159,30,2
26272,stars,1055,7,2
26273,stars,1055,20,9
26274,stars,1788,9,2
26275,started,36,3,1
26276,started,129,12,1
26277,started,244,10,2
26278,started,294,1,0
26279,started,413,1,0
26280,started,485,3,0
26281,started,575,21,5
26282,started,687,3,1
26283,started,871,7,3
26284,started,948,1,0
26285,started,1033,32,6
26286,started,1126,37,2
26287,started,1164,3,0
26288,started,1195,10,5
26289,started,1292,68,13
26290,started,1303,21,0
26291,started,1347,14,1
26292,starting,369,16,0
26293,starting,1598,37,7
26294,startled,159,60,4
26295,startled,1524,35,8
26296,startled,1684,12,3
26297,starve,1062,6,0
26298,starved,282,3,1
26299,starved,1061,31,8
26300,starving,1038,6,3
26301,starving,1179,23,4
26302,state,17,25,8
26303,state,18,5,3
26304,state,24,3,2
26305,state,27,23,10
26306,state,43,76,25
26307,state,124,18,3
26308,state,271,3,2
26309,state,1521,18,6
26310,staten,168,21,4
26311,states,15,5,2
26312,states,25,2,1
26313,states,43,48,14
26314,states,50,26,6
26315,station,17,42,13
26316,station,1374,25,5
26317,station,1529,4,2
26318,station,1598,43,8
26319,station,1599,13,6
26320,statue,151,2,1
26321,statue,167,27,13
26322,statue,704,2,0
26323,statues,1325,3,1
26324,stay,403,3,1
26325,stay,846,24,6
26326,stay,1129,20,1
26327,stayed,1235,24,1
26328,stayed,1549,4,0
26329,stead,162,16,2
26330,steadily,298,29,4
26331,steady,1460,59,9
26332,steam,20,7,2
26333,steamer,479,6,1
26334,steamer,1299,25,5
26335,steamers,168,36,5
26336,steaming,1263,22,8
26337,steel,55,6,3
26338,steel,55,9,3
26339,steel,58,31,4
26340,steel,145,14,6
26341,steel,214,19,5
26342,steel,849,8,4
26343,steep,545,0,0
26344,steering,1788,27,7
26345,stem,394,2,0
26346,stench,1249,6,3
26347,step,499,45,14
26348,step,533,21,2
26349,step,762,15,4
26350,stepped,279,2,0
26351,stepped,424,15,2
26352,stepped,800,2,1
26353,stepped,1002,12,0
26354,stepped,1117,8,4
26355,stepped,1265,4,1
26356,stepped,1290,5,1
26357,stepping,142,25,3
26358,stepping,1460,23,2
26359,steps,384,19,8
26360,steps,456,4,1
26361,steps,633,2,0
26362,steps,772,8,4
26363,steps,888,6,1
26364,steps,888,14,2
26365,steps,1240,20,5
26366,steps,1453,16,5
26367,steps,1570,17,3
26368,steylette,112,5,0
26369,steylette,112,24,1
26370,sti,1082,1,1
26371,stick,141,5,1
26372,stick,706,2,1
26373,stick,1439,32,5
26374,stick,1697,36,8
26375,sticking,1193,35,9
26376,stifled,1805,17,5
26377,still,31,20,3
26378,still,58,53,8
26379,still,84,7,0
26380,still,104,27,9
26381,still,142,22,2
26382,still,152,28,9
26383,still,170,6,3
26384,still,226,6,0
26385,still,287,6,3
26386,still,351,0,0
26387,still,409,12,3
26388,still,422,12,1
26389,still,490,2,1
26390,still,510,13,4
26391,still,539,1,0
26392,still,573,59,12
26393,still,663,16,2
26394,still,682,8,0
26395,still,691,21,6
26396,still,712,8,2
26397,still,744,59,14
26398,still,854,24,5
26399,still,868,14,8
26400,still,885,3,0
26401,still,910,20,3
26402,still,917,10,3
26403,still,939,1,1
26404,still,1040,13,2
26405,still,1312,19,6
26406,still,1464,7,2
26407,still,1538,8,3
26408,still,1542,1,0
26409,still,1545,29,4
26410,still,1642,1,0
26411,still,1680,0,0
26412,still,1754,0,0
26413,stir,428,62,17
26414,stirred,149,16,6
26415,stirred,1150,3,1
26416,stirrup,1190,12,4
26417,stirrups,1193,37,9
26418,stitutions,25,6,2
26419,stole,763,27,5
26420,stole,984,4,1
26421,stole,1534,9,0
26422,stole,1805,4,1
26423,stomach,1248,17,3
26424,stone,23,17,2
26425,stone,336,11,2
26426,stone,338,8,3
26427,stone,365,28,7
26428,stone,365,38,10
26429,stone,428,15,2
26430,stone,704,10,1
26431,stone,881,7,4
26432,stone,1257,24,11
26433,stones,192,21,1
26434,stones,1314,16,5
26435,stones,1816,20,6
26436,stones,1823,11,6
26437,stood,203,5,1
26438,stood,206,1,0
26439,stood,209,30,3
26440,stood,314,16,1
26441,stood,323,3,0
26442,stood,326,49,8
26443,stood,390,6,2
26444,stood,631,4,2
26445,stood,651,1,1
26446,stood,729,7,1
26447,stood,746,5,1
26448,stood,899,11,1
26449,stood,931,4,0
26450,stood,964,2,0
26451,stood,988,13,3
26452,stood,1340,22,7
26453,stood,1429,18,4
26454,stood,1682,2,0
26455,stood,1699,21,6
26456,stood,1757,6,1
26457,stooped,37,15,3
26458,stooped,763,34,5
26459,stooping,850,20,5
26460,stop,35,17,2
26461,stop,1343,9,2
26462,stopped,43,45,12
26463,stopped,51,36,13
26464,stopped,202,4,0
26465,stopped,1198,7,0
26466,stopped,1236,32,13
26467,stopped,1292,44,9
26468,stopped,1483,19,6
26469,stopped,1670,7,2
26470,stopped,1677,1,1
26471,stopped,1677,4,1
26472,stopping,1481,19,2
26473,store,218,2,0
26474,store,1263,13,6
26475,stored,386,16,0
26476,stories,460,13,4
26477,storm,697,2,1
26478,storm,1105,34,5
26479,stormed,1338,1,0
26480,story,1022,16,3
26481,story,1143,23,5
26482,story,1143,41,10
26483,stout,1043,8,0
26484,stove,85,33,3
26485,stove,987,16,5
26486,stove,1728,15,4
26487,stoves,73,28,6
26488,straggled,1259,8,3
26489,straight,137,2,0
26490,straight,379,1,0
26491,straight,448,7,2
26492,straight,583,38,6
26493,straight,600,3,0
26494,straight,1034,10,0
26495,straight,1193,36,9
26496,straight,1469,12,1
26497,straight,1488,11,3
26498,strain,41,30,5
26499,strain,425,45,10
26500,strained,1124,3,3
26501,strained,1834,10,3
26502,straining,809,30,6
26503,strange,13,26,13
26504,strange,824,8,1
26505,strange,1642,2,0
26506,stranger,328,15,1
26507,stranger,812,18,4
26508,stranger:,328,5,1
26509,strangers,791,16,5
26510,straps,289,9,0
26511,straw,1757,1,0
26512,stray,978,15,4
26513,stream,1459,11,4
26514,streamed,1605,29,7
26515,streamers,1084,8,3
26516,streaming,1218,11,2
26517,stree\\,1270,9,1
26518,street,48,4,3
26519,street,74,5,1
26520,street,166,27,3
26521,street,167,4,2
26522,street,175,9,3
26523,street,239,14,2
26524,street,239,35,7
26525,street,282,5,1
26526,street,288,14,6
26527,street,315,5,1
26528,street,318,15,4
26529,street,424,28,6
26530,street,425,3,1
26531,street,518,20,4
26532,street,531,23,9
26533,street,554,24,6
26534,street,559,11,3
26535,street,673,4,1
26536,street,899,9,1
26537,street,931,29,5
26538,street,954,11,1
26539,street,982,2,2
26540,street,1011,12,1
26541,street,1035,22,3
26542,street,1037,16,7
26543,street,1141,25,4
26544,street,1168,4,1
26545,street,1236,7,3
26546,street,1250,30,5
26547,street,1252,4,1
26548,street,1260,2,1
26549,street,1263,37,12
26550,street,1265,24,4
26551,street,1273,3,2
26552,street,1277,8,2
26553,street,1283,6,0
26554,street,1292,74,14
26555,street,1304,23,8
26556,street,1315,3,3
26557,street,1320,22,8
26558,street,1328,8,1
26559,street,1336,0,0
26560,street,1354,2,0
26561,street,1368,2,0
26562,street,1377,29,3
26563,street,1396,1,0
26564,street,1420,14,0
26565,street,1421,21,7
26566,street,1428,12,0
26567,street,1429,20,4
26568,street,1436,12,3
26569,street,1439,1,0
26570,street,1447,8,3
26571,street,1457,44,19
26572,street,1460,38,3
26573,street,1476,3,0
26574,street,1484,7,0
26575,street,1501,6,4
26576,street,1516,0,0
26577,street,1530,23,5
26578,street,1539,10,1
26579,street,1547,10,1
26580,street,1561,9,2
26581,street,1574,60,20
26582,street,1597,1,0
26583,street,1611,12,3
26584,street,1801,8,3
26585,street,1803,6,1
26586,street,1818,11,3
26587,street,1832,38,10
26588,streets,23,0,0
26589,streets,204,9,2
26590,streets,542,46,9
26591,streets,745,22,7
26592,streets,746,29,10
26593,streets,1056,6,0
26594,streets,1084,11,4
26595,streets,1229,33,11
26596,streets,1270,7,0
26597,strength,439,34,4
26598,strength,490,16,4
26599,strength,875,8,0
26600,stretched,326,19,3
26601,stretched,760,12,2
26602,stretched,1084,5,3
26603,stretched,1421,5,1
26604,stretching,944,2,0
26605,strides,154,4,2
26606,strike,563,10,3
26607,strike,1337,20,6
26608,stripe,132,15,2
26609,strkrt,1132,1,1
26610,strode,497,22,3
26611,stroked,116,13,4
26612,stroll,164,9,0
26613,stroll,1412,6,0
26614,stroll,1789,39,14
26615,strolled,289,2,0
26616,strolled,389,44,12
26617,strolled,1420,13,0
26618,strolled,1428,10,0
26619,strong,1614,26,5
26620,stronger,434,68,11
26621,strove,583,2,0
26622,struck,120,17,1
26623,struck,369,3,0
26624,struck,967,2,1
26625,struck,1069,27,7
26626,struck,1126,32,1
26627,struck,1421,2,0
26628,struck,1461,0,0
26629,struck,1477,29,6
26630,struck,1807,3,1
26631,struck,1814,9,3
26632,struck,1821,11,5
26633,structures,23,11,0
26634,struggle,1200,9,3
26635,struggle,1204,6,2
26636,struggle,1834,7,3
26637,struggled,1245,31,4
26638,struggling,1830,1,0
26639,struments,567,39,7
26640,strutted,1768,4,0
26641,stuck,389,43,12
26642,student,1127,18,2
26643,student,1335,6,0
26644,student,1336,36,3
26645,student,1338,2,0
26646,student,1340,18,6
26647,student,1628,5,2
26648,student,1637,11,0
26649,student,1646,6,3
26650,students,1270,24,6
26651,students,1460,16,2
26652,students,1632,14,4
26653,students,1640,6,2
26654,students,1725,11,2
26655,studied,1381,20,2
26656,studies,195,11,0
26657,studio,345,8,2
26658,studio,386,78,9
26659,studio,458,4,3
26660,studio,497,4,2
26661,studio,709,42,4
26662,studio,730,17,1
26663,studio,743,15,4
26664,studio,1115,13,3
26665,studio,1308,7,2
26666,studio,1345,15,5
26667,studio,1420,20,0
26668,studio,1429,4,1
26669,studio,1552,16,5
26670,studio,1568,4,0
26671,studio,1633,22,6
26672,studio,1637,46,4
26673,studio,1654,3,0
26674,studio,1668,13,3
26675,studios,630,6,1
26676,studios,1421,14,4
26677,study,247,25,3
26678,study,249,9,3
26679,study,578,27,4
26680,study,719,1,1
26681,study,1291,24,3
26682,stufcfo,886,0,0
26683,stuff,218,4,0
26684,stumbled,367,14,3
26685,stumbled,535,16,1
26686,stumbled,1221,12,4
26687,stumbled,1229,23,7
26688,stumps,848,14,5
26689,stung,1033,35,6
26690,stupefied,268,47,7
26691,stupendous,38,26,8
26692,stuyvesant,151,4,2
26693,style,1435,19,2
26694,suaded,732,0,0
26695,sub,265,3,0
26696,subject,367,10,3
26697,subordinate,526,29,3
26698,subsiding,1629,4,0
26699,subsidizing,24,1,1
26700,substitute,1450,13,2
26701,substitutes,106,11,2
26702,subtleties,508,6,1
26703,success,1103,10,2
26704,success,1793,4,2
26705,succession,299,6,0
26706,such,415,18,1
26707,such,578,62,11
26708,such,680,58,9
26709,such,744,17,3
26710,such,940,20,3
26711,such,1035,8,0
26712,such,1509,29,1
26713,such,1665,43,9
26714,such,1688,5,1
26715,sucking,1043,26,1
26716,sucking,1043,45,3
26717,suddenly,315,0,0
26718,suddenly,413,0,0
26719,suddenly,806,6,0
26720,suddenly,1060,0,0
26721,suddenly,1354,20,3
26722,suddenly,1387,1,0
26723,suddenly,1654,8,1
26724,sue,275,11,6
26725,suffer,999,2,0
26726,suffered,1125,29,2
26727,suffering,44,26,5
26728,suffering,439,47,6
26729,suffering,514,14,3
26730,suffering,542,4,0
26731,sufficiently,589,9,2
26732,suffocating,482,17,4
26733,suffocating,1161,2,1
26734,suggest,262,9,1
26735,suggest,933,38,8
26736,suggested,1720,7,1
26737,suicides,46,1,0
26738,suis,754,7,2
26739,suit,54,13,2
26740,suit,60,6,0
26741,suit,61,6,1
26742,suit,73,14,2
26743,suit,164,4,0
26744,suit,184,9,0
26745,suited,701,12,0
26746,suited,1450,8,1
26747,sulphurous,1084,23,7
26748,sultin,633,6,2
26749,sultin,635,19,5
26750,sum,1705,5,1
26751,sumed,1735,5,1
26752,summer,29,1,1
26753,summer,862,5,0
26754,summer,1501,10,4
26755,summon,411,5,2
26756,summoned,1727,15,2
26757,sun,491,0,0
26758,sun,765,2,1
26759,sun,1226,26,8
26760,sun,1573,19,5
26761,sun,1615,5,2
26762,sun,1756,11,1
26763,sunday,1441,8,0
26764,sunday,1669,0,0
26765,sunken,384,14,7
26766,sunken,544,1,1
26767,sunlight,432,32,8
26768,sunlight,499,3,1
26769,sunlight,573,61,12
26770,sunlight,764,2,1
26771,sunlight,815,12,6
26772,sunlight,1331,21,6
26773,sunlight,1536,1,1
26774,sunlight,1621,5,2
26775,sunlit,691,3,3
26776,sunset,202,16,6
26777,sunset,539,7,2
26778,sunshades,1529,6,2
26779,sunshine,152,8,3
26780,sunshine,204,30,8
26781,sunshine,1320,27,10
26782,sunshine,1333,17,4
26783,sunshine,1599,17,7
26784,sunshine,1781,11,3
26785,superb,18,4,3
26786,superb,61,2,0
26787,superfluous,1581,23,4
26788,superstitions,506,7,1
26789,supper,703,2,0
26790,supper,944,12,2
26791,supplication,1714,5,2
26792,supplied,19,1,0
26793,support,1220,8,1
26794,supported,43,14,5
26795,supported,384,26,9
26796,supporting,529,36,8
26797,suppose,159,77,5
26798,suppose,346,17,1
26799,suppose,680,10,2
26800,suppose,1424,38,6
26801,supposed,504,2,0
26802,suppressed,1751,6,2
26803,supreme,228,11,2
26804,supreme,502,8,1
26805,sure,434,32,8
26806,sure,955,6,1
26807,sure,1050,14,0
26808,sure,1254,1,0
26809,sure,1293,11,1
26810,sure,1375,0,0
26811,sure,1426,7,1
26812,surely,1363,13,0
26813,surface,384,17,8
26814,surged,1826,5,0
26815,surging,1828,32,8
26816,surprise,1360,16,0
26817,surround,1572,15,4
26818,surrounded,204,35,9
26819,surroundings,1276,8,3
26820,surroundings,1830,15,4
26821,surtout,1282,6,0
26822,surveyed,1087,21,6
26823,susie,1303,15,0
26824,susie,1304,11,4
26825,susie,1304,17,6
26826,susie,1312,14,4
26827,suspected,1112,25,4
26828,sustaining,1758,9,3
26829,swam,1220,2,0
26830,swarmed,1149,7,2
26831,swarming,1230,6,2
26832,sway,104,30,9
26833,swear,587,39,5
26834,swear,620,5,0
26835,swear,1651,3,0
26836,swears,1437,8,0
26837,sweat,453,3,0
26838,sweet,361,1,1
26839,sweet,390,1,1
26840,sweet,670,18,1
26841,sweet,833,10,0
26842,sweetest,1364,19,4
26843,sweetly,826,11,4
26844,sweetly,1351,3,0
26845,sweetness,1676,8,3
26846,swelling,573,5,0
26847,swept,1260,10,3
26848,swept,1454,13,4
26849,swept,1614,6,2
26850,swered,746,15,5
26851,swered,791,18,5
26852,swered,1320,13,5
26853,swered,1475,2,0
26854,swift,450,7,2
26855,swiftly,424,16,2
26856,swiftly,562,13,4
26857,swiftly,746,18,5
26858,swiftly,1229,5,1
26859,swiftly,1229,8,1
26860,swiftly,1246,23,5
26861,swindling,1077,13,0
26862,swing,145,11,5
26863,swish,58,66,12
26864,switching,236,28,2
26865,sword,1334,8,2
26866,sworrrd!,627,30,5
26867,swung,1240,15,3
26868,swung,1652,9,2
26869,sylvia,667,2,0
26870,sylvia,957,6,1
26871,sylvia,1001,15,4
26872,sylvia,1050,19,1
26873,sylvia,1050,39,1
26874,sylvia,1054,6,3
26875,sylvia,1094,20,3
26876,sylvia,1100,7,1
26877,sylvia,1102,7,0
26878,sylvia,1104,5,1
26879,sylvia,1105,6,3
26880,sylvia,1105,40,8
26881,sylvia,1105,52,10
26882,sylvia,1106,50,9
26883,sylvia,1108,14,1
26884,sylvia,1110,3,1
26885,sylvia,1115,5,0
26886,sylvia,1119,11,0
26887,sylvia,1120,2,0
26888,sylvia,1120,16,2
26889,sylvia,1122,0,0
26890,sylvia,1127,13,1
26891,sylvia,1127,15,1
26892,sylvia,1128,9,1
26893,sylvia,1129,1,0
26894,sylvia,1254,3,1
26895,sylvia,1262,20,3
26896,sympathetic,1323,3,1
26897,symphonies,1460,26,2
26898,systematic,739,14,2
26899,t,37,1,0
26900,t,139,6,2
26901,t,303,16,3
26902,t,378,2,0
26903,t,408,0,0
26904,t,587,8,1
26905,t,692,12,1
26906,t,1042,39,3
26907,t,1076,6,1
26908,t,1336,16,1
26909,t,1372,8,1
26910,t,1444,35,5
26911,t,1477,5,0
26912,t,1481,16,2
26913,t,1493,20,0
26914,t,1505,16,0
26915,t,1548,0,0
26916,t,1665,7,1
26917,t,1787,0,0
26918,t$te,1593,20,6
26919,t%5c,6,0,0
26920,t&ere,1268,9,3
26921,tabby,1346,2,0
26922,table,117,4,2
26923,table,123,3,1
26924,table,209,11,2
26925,table,244,27,8
26926,table,251,4,1
26927,table,275,9,5
26928,table,497,18,3
26929,table,529,47,11
26930,table,541,21,2
26931,table,660,2,1
26932,table,846,12,4
26933,table,948,13,5
26934,table,1023,27,4
26935,table,1093,2,1
26936,table,1094,15,3
26937,table,1095,22,4
26938,table,1104,26,6
26939,table,1280,19,6
26940,table,1486,7,2
26941,table,1524,30,7
26942,table,1593,23,7
26943,table,1645,3,3
26944,table,1828,9,3
26945,table,1836,28,6
26946,table,1837,14,3
26947,tabourets,1725,5,0
26948,tached,660,15,4
26949,tacked,1429,19,4
26950,tact,1295,6,0
26951,tagging,1738,4,0
26952,tail,917,11,3
26953,tails,442,7,0
26954,tain,1822,9,3
26955,tained,1001,17,4
26956,tained,1490,32,5
26957,tainly,930,10,2
26958,take,197,0,0
26959,take,247,23,3
26960,take,376,3,1
26961,take,436,1,0
26962,take,439,9,0
26963,take,463,13,2
26964,take,701,51,5
26965,take,711,24,1
26966,take,990,72,15
26967,take,991,6,1
26968,take,998,13,1
26969,take,1025,82,9
26970,take,1078,8,2
26971,take,1231,27,8
26972,take,1235,26,2
26973,take,1336,9,1
26974,take,1619,5,1
26975,take,1660,10,6
26976,take,1707,2,1
26977,taken,1001,11,3
26978,takes,317,0,0
26979,takes,785,17,0
26980,takes,819,1,0
26981,takes,852,7,0
26982,taking,434,82,13
26983,taking,669,11,0
26984,taking,790,3,0
26985,taking,813,6,4
26986,taking,1314,17,5
26987,taking,1598,21,2
26988,talcons,808,9,4
26989,tale,282,8,2
26990,talent,104,34,11
26991,talkative,1299,4,1
26992,talking,447,3,0
26993,talking,1110,14,5
26994,talks,1413,28,3
26995,tall,806,1,0
26996,tall,1321,14,4
26997,tallow,325,3,2
26998,talons,771,9,2
26999,talons,849,9,4
27000,tamed,860,1,0
27001,tance,759,16,2
27002,tance,1567,16,4
27003,tapestry,389,57,15
27004,tapestry,490,7,2
27005,tapping,157,3,1
27006,tariff,16,3,2
27007,tarnished,887,29,4
27008,tarnished,888,56,9
27009,tarpon,169,8,1
27010,tary,27,1,1
27011,tary,1694,5,1
27012,tassets,73,44,11
27013,taste,502,4,1
27014,taste,502,6,1
27015,taste,1362,11,1
27016,taste,1819,13,2
27017,tasted,810,12,3
27018,tated,823,28,3
27019,tation,730,46,6
27020,tattered,428,43,14
27021,tattered,748,36,7
27022,taught,844,13,2
27023,taught,857,11,2
27024,taught,865,28,7
27025,taurants,167,13,4
27026,tawny,488,23,2
27027,tcred,320,6,0
27028,tea,1099,3,0
27029,teach,858,2,0
27030,team,1662,28,2
27031,tear,1201,11,3
27032,tear,1805,8,3
27033,tearing,1069,28,7
27034,tears,1155,47,10
27035,tears,1265,31,7
27036,tears,1492,2,0
27037,tears,1805,6,2
27038,teased,1127,36,7
27039,tected,504,11,3
27040,tecture,23,15,1
27041,teeth,208,2,0
27042,teeth,1034,28,4
27043,teeth,1127,58,12
27044,teeth,1179,20,3
27045,teeth,1806,3,0
27046,telegraphic,1647,7,3
27047,tell,158,18,2
27048,tell,229,9,1
27049,tell,303,19,4
27050,tell,345,3,1
27051,tell,405,2,0
27052,tell,439,56,10
27053,tell,494,5,0
27054,tell,495,15,3
27055,tell,673,11,2
27056,tell,697,7,1
27057,tell,748,41,7
27058,tell,752,5,0
27059,tell,887,7,0
27060,tell,939,7,1
27061,tell,952,13,5
27062,tell,1008,11,3
27063,tell,1022,14,2
27064,tell,1047,12,2
27065,tell,1071,16,1
27066,tell,1118,12,0
27067,tell,1126,16,1
27068,tell,1381,9,0
27069,tell,1388,33,5
27070,tell,1419,6,2
27071,tell,1430,10,2
27072,tell,1443,1,0
27073,tell,1505,6,0
27074,tell,1661,13,1
27075,tell,1739,24,4
27076,tellec,1740,8,2
27077,telligence,84,14,2
27078,telligence,501,9,1
27079,telling,443,5,1
27080,telling,1031,19,4
27081,telling,1524,71,18
27082,tells,951,12,1
27083,temperate,1699,5,2
27084,tempered,1375,36,5
27085,temporary,17,12,3
27086,tempt,1340,4,2
27087,ten,239,20,3
27088,ten,595,14,4
27089,ten,809,7,1
27090,ten,1016,5,0
27091,ten,1178,5,2
27092,ten,1422,0,0
27093,ten,1669,3,1
27094,ten,1697,20,4
27095,tender,149,23,10
27096,tender,491,8,0
27097,tender,1643,2,0
27098,tender,1736,3,2
27099,tenderly,465,14,6
27100,tenderness,693,4,0
27101,tenderness,1805,19,6
27102,tenebreux,754,8,2
27103,tennyson,1,2,0
27104,tennyson,10,0,0
27105,tensely,567,5,1
27106,tensified,1298,2,2
27107,tension,323,7,1
27108,ter,120,29,3
27109,ter,166,33,5
27110,ter,358,2,0
27111,ter,730,36,5
27112,ter,868,9,5
27113,ter,933,14,3
27114,ter,1637,15,0
27115,ter,1792,15,5
27116,terday,328,0,0
27117,tered,43,37,10
27118,tered,514,10,2
27119,tered,1121,16,3
27120,tered,1484,15,3
27121,tered,1535,53,11
27122,tered,1658,26,10
27123,tered,1750,3,0
27124,tering,1069,14,2
27125,termed,664,1,0
27126,termed,855,1,0
27127,terrace,1332,1,0
27128,terrace,1457,15,7
27129,terrace,1653,3,2
27130,terrace,1734,14,3
27131,terrace,1736,5,3
27132,terrace,1759,3,1
27133,terraces,1645,5,3
27134,terrible,38,28,8
27135,terrible,171,23,3
27136,terrible,351,14,5
27137,terrible,469,3,1
27138,terrible,1558,13,1
27139,terribly,1142,4,2
27140,terrific,1211,7,2
27141,terrified,1218,5,2
27142,territorial,19,14,5
27143,territory,17,32,11
27144,terrogative,915,2,1
27145,terror,75,19,1
27146,terror,877,2,0
27147,terrupted,111,11,4
27148,terrupted,608,15,2
27149,terrupted,678,15,7
27150,terrupted,925,3,1
27151,terrupted,1115,16,4
27152,terrupted,1449,7,1
27153,terrupting,495,17,4
27154,tess,680,1,0
27155,tess,711,17,1
27156,tesselated,384,6,3
27157,tessie,584,3,0
27158,tessie,588,0,0
27159,tessie,591,0,0
27160,tessie,593,9,0
27161,tessie,594,23,0
27162,tessie,611,3,1
27163,tessie,614,8,2
27164,tessie,624,1,0
27165,tessie,651,17,6
27166,tessie,658,44,13
27167,tessie,660,0,0
27168,tessie,664,6,0
27169,tessie,668,5,1
27170,tessie,669,0,0
27171,tessie,670,20,1
27172,tessie,676,1,0
27173,tessie,690,15,3
27174,tessie,710,0,0
27175,tessie,711,11,0
27176,tessie,716,3,1
27177,tessie,720,17,1
27178,tessie,721,5,0
27179,tessie,730,38,5
27180,tessie,735,6,1
27181,tessie,744,52,12
27182,tessie,746,0,0
27183,tessie,748,23,5
27184,tessie,750,36,3
27185,test,1804,31,2
27186,testing,1524,24,5
27187,text,437,16,4
27188,text,517,2,0
27189,tffort,293,21,5
27190,th,893,0,0
27191,th$,750,6,1
27192,tha,789,14,2
27193,thale,268,20,5
27194,than,103,22,2
27195,than,192,15,1
27196,than,327,9,1
27197,than,350,8,3
27198,than,361,11,2
27199,than,363,10,0
27200,than,405,5,1
27201,than,425,71,13
27202,than,506,2,0
27203,than,508,17,4
27204,than,525,84,14
27205,than,529,89,24
27206,than,669,8,0
27207,than,744,27,4
27208,than,770,2,0
27209,than,941,21,7
27210,than,1079,10,3
27211,than,1545,12,3
27212,than,1718,9,1
27213,than,1804,3,0
27214,thank,1753,0,0
27215,thank,1776,6,2
27216,thanked,1788,7,2
27217,that,21,3,3
27218,that,29,20,6
27219,that,31,2,0
27220,that,33,3,1
27221,that,33,18,1
27222,that,35,13,2
27223,that,37,27,7
27224,that,41,14,1
27225,that,41,25,4
27226,that,45,3,0
27227,that,46,12,2
27228,that,51,29,11
27229,that,56,0,0
27230,that,58,13,1
27231,that,64,25,3
27232,that,67,13,1
27233,that,71,6,1
27234,that,72,15,1
27235,that,72,17,1
27236,that,73,11,1
27237,that,73,43,11
27238,that,103,17,2
27239,that,120,27,2
27240,that,140,6,0
27241,that,153,21,5
27242,that,159,78,5
27243,that,160,2,0
27244,that,166,2,1
27245,that,180,3,0
27246,that,181,2,0
27247,that,184,11,0
27248,that,217,4,0
27249,that,223,9,0
27250,that,226,18,0
27251,that,234,7,1
27252,that,242,11,3
27253,that,249,38,12
27254,that,252,3,0
27255,that,258,1,0
27256,that,264,0,0
27257,that,269,21,6
27258,that,289,35,9
27259,that,298,10,1
27260,that,303,17,3
27261,that,315,20,7
27262,that,335,0,0
27263,that,337,31,9
27264,that,339,9,0
27265,that,343,10,1
27266,that,347,9,2
27267,that,350,9,3
27268,that,351,13,5
27269,that,356,8,0
27270,that,359,8,2
27271,that,361,12,2
27272,that,365,18,4
27273,that,383,1,0
27274,that,385,37,11
27275,that,386,38,3
27276,that,386,51,5
27277,that,389,49,13
27278,that,392,1,0
27279,that,404,15,2
27280,that,405,6,1
27281,that,405,23,6
27282,that,410,12,2
27283,that,425,6,2
27284,that,425,30,5
27285,that,425,50,11
27286,that,425,67,13
27287,that,428,46,14
27288,that,432,2,0
27289,that,434,33,8
27290,that,434,51,9
27291,that,434,84,14
27292,that,438,7,1
27293,that,439,18,1
27294,that,439,28,4
27295,that,448,3,0
27296,that,455,3,0
27297,that,465,21,7
27298,that,465,23,7
27299,that,474,1,1
27300,that,491,15,1
27301,that,499,47,14
27302,that,503,31,3
27303,that,506,9,2
27304,that,506,26,4
27305,that,508,21,4
27306,that,509,3,1
27307,that,510,1,0
27308,that,522,13,2
27309,that,526,33,5
27310,that,528,15,6
27311,that,528,27,8
27312,that,529,15,5
27313,that,529,33,8
27314,that,529,99,26
27315,that,533,9,2
27316,that,533,22,2
27317,that,534,3,0
27318,that,538,24,5
27319,that,542,14,1
27320,that,542,44,9
27321,that,545,3,0
27322,that,550,14,4
27323,that,554,20,4
27324,that,556,8,2
27325,that,558,3,0
27326,that,560,8,1
27327,that,568,4,0
27328,that,573,52,9
27329,that,577,12,2
27330,that,577,25,4
27331,that,578,4,0
27332,that,578,29,4
27333,that,578,64,11
27334,that,582,8,2
27335,that,583,25,5
27336,that,583,35,6
27337,that,587,54,6
27338,that,591,3,0
27339,that,596,12,0
27340,that,618,0,0
27341,that,620,7,0
27342,that,622,12,0
27343,that,623,1,0
27344,that,626,3,1
27345,that,631,20,7
27346,that,635,22,6
27347,that,636,6,0
27348,that,638,7,0
27349,that,647,2,0
27350,that,655,5,0
27351,that,659,0,0
27352,that,659,11,2
27353,that,662,24,4
27354,that,664,26,2
27355,that,670,23,1
27356,that,671,17,2
27357,that,672,16,5
27358,that,688,30,1
27359,that,692,7,1
27360,that,693,35,10
27361,that,693,44,13
27362,that,697,9,1
27363,that,697,21,2
27364,that,698,3,2
27365,that,698,27,6
27366,that,701,4,0
27367,that,728,27,4
27368,that,730,12,1
27369,that,739,1,0
27370,that,747,9,2
27371,that,748,32,6
27372,that,750,37,3
27373,that,753,0,0
27374,that,760,3,0
27375,that,763,47,9
27376,that,763,50,10
27377,that,770,1,0
27378,that,771,2,0
27379,that,778,7,0
27380,that,778,43,5
27381,that,786,3,1
27382,that,794,13,2
27383,that,816,50,8
27384,that,821,48,12
27385,that,823,15,2
27386,that,824,7,1
27387,that,833,15,1
27388,that,862,15,0
27389,that,867,22,8
27390,that,911,9,0
27391,that,912,3,0
27392,that,926,5,1
27393,that,933,51,10
27394,that,934,0,0
27395,that,983,10,6
27396,that,993,10,0
27397,that,993,18,1
27398,that,1014,11,2
27399,that,1017,5,0
27400,that,1019,26,8
27401,that,1025,21,3
27402,that,1032,15,2
27403,that,1038,12,4
27404,that,1040,4,0
27405,that,1043,44,3
27406,that,1045,8,0
27407,that,1045,13,0
27408,that,1047,23,2
27409,that,1066,6,1
27410,that,1091,1,0
27411,that,1095,4,1
27412,that,1124,23,7
27413,that,1126,29,1
27414,that,1126,58,3
27415,that,1130,2,0
27416,that,1131,17,2
27417,that,1186,1,1
27418,that,1193,12,4
27419,that,1197,14,5
27420,that,1231,24,7
27421,that,1240,22,6
27422,that,1245,11,0
27423,that,1271,4,2
27424,that,1273,41,12
27425,that,1291,17,2
27426,that,1339,1,0
27427,that,1358,10,2
27428,that,1373,21,1
27429,that,1383,3,0
27430,that,1386,1,0
27431,that,1388,8,2
27432,that,1388,17,5
27433,that,1394,9,0
27434,that,1407,15,1
27435,that,1412,2,0
27436,that,1413,45,7
27437,that,1420,22,0
27438,that,1424,16,3
27439,that,1436,36,5
27440,that,1436,47,7
27441,that,1443,14,1
27442,that,1452,23,7
27443,that,1464,3,1
27444,that,1476,32,1
27445,that,1491,16,1
27446,that,1496,5,1
27447,that,1496,12,1
27448,that,1501,17,4
27449,that,1504,12,1
27450,that,1505,33,2
27451,that,1524,50,13
27452,that,1526,3,0
27453,that,1530,13,4
27454,that,1541,8,0
27455,that,1542,11,1
27456,that,1544,2,0
27457,that,1545,8,2
27458,that,1545,13,3
27459,that,1547,5,1
27460,that,1548,1,0
27461,that,1548,26,7
27462,that,1554,5,1
27463,that,1557,3,0
27464,that,1557,4,0
27465,that,1561,2,0
27466,that,1567,8,2
27467,that,1582,8,1
27468,that,1587,2,0
27469,that,1598,22,2
27470,that,1614,38,7
27471,that,1614,40,7
27472,that,1625,12,4
27473,that,1625,18,5
27474,that,1637,43,2
27475,that,1640,13,3
27476,that,1651,7,0
27477,that,1663,6,3
27478,that,1665,26,5
27479,that,1665,63,11
27480,that,1670,17,4
27481,that,1671,6,0
27482,that,1676,6,3
27483,that,1678,22,5
27484,that,1679,3,1
27485,that,1681,5,1
27486,that,1713,37,8
27487,that,1718,10,1
27488,that,1733,1,0
27489,that,1744,17,3
27490,that,1753,1,0
27491,that,1774,8,2
27492,that,1789,25,10
27493,that,1795,12,3
27494,that,1795,18,3
27495,that,1815,38,12
27496,that,1819,17,4
27497,"that""",1416,12,0
27498,thatistrue,691,20,6
27499,thb,329,4,0
27500,the,0,0,1
27501,the,4,4,4
27502,the,6,3,1
27503,the,6,5,3
27504,the,8,5,3
27505,the,12,2,1
27506,the,13,1,1
27507,the,13,3,2
27508,the,13,5,3
27509,the,13,7,4
27510,the,13,9,5
27511,the,13,11,6
27512,the,13,14,7
27513,the,13,16,8
27514,the,13,18,9
27515,the,13,21,10
27516,the,13,23,11
27517,the,13,24,12
27518,the,13,42,14
27519,the,15,3,2
27520,the,15,8,3
27521,the,15,13,4
27522,the,16,0,1
27523,the,16,2,2
27524,the,17,0,1
27525,the,17,10,2
27526,the,17,11,3
27527,the,17,24,8
27528,the,17,27,10
27529,the,17,31,11
27530,the,18,0,1
27531,the,19,5,1
27532,the,19,9,3
27533,the,19,11,4
27534,the,20,2,1
27535,the,21,0,1
27536,the,21,1,2
27537,the,21,6,5
27538,the,22,0,1
27539,the,23,13,1
27540,the,23,18,3
27541,the,23,25,6
27542,the,24,0,1
27543,the,24,2,2
27544,the,25,0,1
27545,the,25,8,4
27546,the,26,2,1
27547,the,27,0,1
27548,the,27,6,4
27549,the,27,13,7
27550,the,27,22,10
27551,the,27,24,11
27552,the,27,27,12
27553,the,28,17,7
27554,the,28,34,11
27555,the,28,48,15
27556,the,28,57,18
27557,the,28,60,20
27558,the,29,0,1
27559,the,29,7,4
27560,the,29,14,6
27561,the,30,2,1
27562,the,31,8,2
27563,the,31,25,4
27564,the,32,1,1
27565,the,33,32,4
27566,the,33,36,5
27567,the,36,1,1
27568,the,36,5,2
27569,the,36,10,4
27570,the,36,12,5
27571,the,37,8,3
27572,the,37,22,6
27573,the,37,32,8
27574,the,38,6,3
27575,the,38,8,4
27576,the,38,12,6
27577,the,38,40,12
27578,the,39,1,1
27579,the,39,4,2
27580,the,40,1,1
27581,the,41,15,2
27582,the,41,19,4
27583,the,41,29,5
27584,the,41,36,8
27585,the,42,0,1
27586,the,42,16,4
27587,the,42,24,6
27588,the,42,34,8
27589,the,42,37,9
27590,the,43,1,2
27591,the,43,15,6
27592,the,43,25,9
27593,the,43,30,10
27594,the,43,39,11
27595,the,43,58,17
27596,the,43,63,19
27597,the,43,68,21
27598,the,43,73,23
27599,the,43,75,25
27600,the,43,89,28
27601,the,44,0,1
27602,the,44,4,2
27603,the,44,12,3
27604,the,47,6,2
27605,the,48,0,1
27606,the,48,3,3
27607,the,50,2,1
27608,the,50,8,3
27609,the,50,24,6
27610,the,50,30,8
27611,the,51,1,1
27612,the,51,5,4
27613,the,51,13,7
27614,the,51,15,8
27615,the,51,25,10
27616,the,51,33,13
27617,the,51,42,15
27618,the,53,8,1
27619,the,53,12,2
27620,the,54,2,1
27621,the,54,18,3
27622,the,54,30,4
27623,the,55,4,2
27624,the,55,10,4
27625,the,55,14,6
27626,the,55,19,8
27627,the,56,2,1
27628,the,58,26,3
27629,the,58,49,8
27630,the,58,60,10
27631,the,58,63,12
27632,the,58,72,14
27633,the,58,87,18
27634,the,61,5,1
27635,the,61,9,2
27636,the,61,12,4
27637,the,61,22,6
27638,the,61,28,8
27639,the,64,21,3
27640,the,65,4,1
27641,the,65,7,3
27642,the,70,7,2
27643,the,70,9,3
27644,the,70,23,5
27645,the,73,13,2
27646,the,73,20,4
27647,the,73,25,6
27648,the,73,50,13
27649,the,74,4,1
27650,the,76,14,1
27651,the,76,27,4
27652,the,78,13,3
27653,the,79,1,1
27654,the,81,2,1
27655,the,83,0,1
27656,the,83,3,2
27657,the,84,8,1
27658,the,84,20,3
27659,the,84,29,7
27660,the,85,17,1
27661,the,85,24,2
27662,the,85,32,3
27663,the,86,6,1
27664,the,86,13,5
27665,the,86,19,6
27666,the,86,25,8
27667,the,86,35,10
27668,the,93,1,1
27669,the,95,2,1
27670,the,95,9,2
27671,the,96,4,2
27672,the,104,7,3
27673,the,104,14,7
27674,the,104,31,10
27675,the,104,33,11
27676,the,105,16,4
27677,the,106,2,1
27678,the,106,10,2
27679,the,108,4,1
27680,the,111,8,3
27681,the,112,12,1
27682,the,115,0,1
27683,the,115,7,2
27684,the,116,0,1
27685,the,116,5,2
27686,the,116,16,5
27687,the,117,3,2
27688,the,117,6,4
27689,the,117,10,5
27690,the,117,14,7
27691,the,118,3,1
27692,the,118,12,4
27693,the,120,14,1
27694,the,123,2,1
27695,the,123,5,3
27696,the,123,7,4
27697,the,124,6,1
27698,the,124,16,3
27699,the,124,24,4
27700,the,126,1,1
27701,the,127,9,3
27702,the,129,19,4
27703,the,132,13,2
27704,the,133,8,3
27705,the,133,12,4
27706,the,133,14,5
27707,the,133,18,6
27708,the,133,20,7
27709,the,133,31,9
27710,the,134,0,1
27711,the,134,11,3
27712,the,139,9,3
27713,the,141,2,1
27714,the,141,7,3
27715,the,141,8,4
27716,the,142,10,1
27717,the,142,23,3
27718,the,142,36,6
27719,the,142,37,7
27720,the,142,41,9
27721,the,143,4,1
27722,the,143,9,3
27723,the,144,0,1
27724,the,144,10,3
27725,the,145,1,2
27726,the,145,7,4
27727,the,145,9,5
27728,the,145,12,6
27729,the,148,8,3
27730,the,148,24,5
27731,the,149,0,1
27732,the,149,11,4
27733,the,149,17,7
27734,the,149,19,9
27735,the,150,6,3
27736,the,150,9,5
27737,the,150,15,7
27738,the,150,23,8
27739,the,150,24,9
27740,the,150,26,10
27741,the,150,35,13
27742,the,150,42,16
27743,the,151,1,1
27744,the,151,7,3
27745,the,151,14,6
27746,the,151,25,10
27747,the,152,1,1
27748,the,152,7,3
27749,the,152,11,4
27750,the,152,14,5
27751,the,152,21,7
27752,the,152,24,8
27753,the,152,33,11
27754,the,153,7,1
27755,the,153,17,3
27756,the,153,33,10
27757,the,154,8,3
27758,the,155,5,2
27759,the,155,18,5
27760,the,155,27,7
27761,the,156,2,1
27762,the,159,6,2
27763,the,159,40,3
27764,the,165,1,1
27765,the,166,13,3
27766,the,166,32,5
27767,the,166,37,7
27768,the,166,40,8
27769,the,166,47,11
27770,the,166,51,14
27771,the,167,1,1
27772,the,167,5,3
27773,the,167,10,4
27774,the,167,14,5
27775,the,167,20,8
27776,the,167,22,10
27777,the,167,25,12
27778,the,168,12,1
27779,the,168,19,3
27780,the,168,20,4
27781,the,168,24,5
27782,the,168,40,6
27783,the,168,45,7
27784,the,168,47,8
27785,the,168,61,11
27786,the,168,75,14
27787,the,169,9,2
27788,the,169,11,3
27789,the,169,14,4
27790,the,170,0,1
27791,the,170,3,2
27792,the,170,5,3
27793,the,170,8,4
27794,the,171,22,3
27795,the,171,30,4
27796,the,173,11,3
27797,the,175,2,1
27798,the,175,4,2
27799,the,187,4,1
27800,the,191,6,2
27801,the,192,0,1
27802,the,193,14,1
27803,the,197,2,2
27804,the,197,4,3
27805,the,199,15,1
27806,the,201,8,1
27807,the,202,14,5
27808,the,202,20,7
27809,the,202,25,8
27810,the,202,28,10
27811,the,202,31,11
27812,the,202,40,13
27813,the,202,53,15
27814,the,202,66,18
27815,the,202,74,20
27816,the,203,7,2
27817,the,203,9,3
27818,the,203,11,5
27819,the,203,14,6
27820,the,204,3,1
27821,the,204,8,2
27822,the,204,14,5
27823,the,204,28,8
27824,the,204,40,12
27825,the,205,5,2
27826,the,205,17,4
27827,the,205,28,6
27828,the,206,3,2
27829,the,207,0,1
27830,the,208,10,2
27831,the,208,15,3
27832,the,212,16,3
27833,the,214,1,1
27834,the,214,11,3
27835,the,214,16,5
27836,the,215,0,1
27837,the,216,5,2
27838,the,220,20,3
27839,the,221,4,1
27840,the,221,23,5
27841,the,221,29,6
27842,the,221,31,7
27843,the,225,8,1
27844,the,228,3,1
27845,the,228,9,2
27846,the,231,13,2
27847,the,232,3,1
27848,the,235,11,2
27849,the,239,8,1
27850,the,239,17,3
27851,the,239,23,4
27852,the,239,25,5
27853,the,239,30,7
27854,the,239,36,8
27855,the,240,10,2
27856,the,240,20,3
27857,the,242,3,2
27858,the,244,13,4
27859,the,244,26,8
27860,the,246,0,1
27861,the,246,3,2
27862,the,246,16,5
27863,the,246,20,6
27864,the,246,39,12
27865,the,249,2,1
27866,the,249,17,6
27867,the,249,24,8
27868,the,249,33,11
27869,the,249,36,12
27870,the,249,41,13
27871,the,249,43,14
27872,the,251,3,1
27873,the,252,18,2
27874,the,252,25,3
27875,the,252,27,4
27876,the,252,41,6
27877,the,253,3,2
27878,the,253,11,4
27879,the,254,3,2
27880,the,255,16,5
27881,the,255,26,10
27882,the,256,2,2
27883,the,256,4,3
27884,the,262,4,1
27885,the,263,7,3
27886,the,264,10,3
27887,the,265,5,1
27888,the,266,2,1
27889,the,266,8,3
27890,the,267,1,1
27891,the,268,10,2
27892,the,268,14,4
27893,the,269,14,4
27894,the,269,28,9
27895,the,271,0,1
27896,the,271,2,2
27897,the,271,4,3
27898,the,271,9,4
27899,the,271,10,5
27900,the,271,11,6
27901,the,274,3,1
27902,the,274,6,2
27903,the,275,8,5
27904,the,276,7,1
27905,the,277,1,1
27906,the,279,4,2
27907,the,283,11,4
27908,the,283,13,5
27909,the,283,23,7
27910,the,283,28,8
27911,the,284,0,1
27912,the,284,3,3
27913,the,284,26,11
27914,the,285,0,1
27915,the,285,11,3
27916,the,285,16,4
27917,the,285,18,5
27918,the,286,1,1
27919,the,286,11,4
27920,the,286,12,5
27921,the,286,21,6
27922,the,286,27,7
27923,the,287,1,2
27924,the,287,3,3
27925,the,288,1,2
27926,the,288,3,3
27927,the,288,6,4
27928,the,288,9,5
27929,the,288,13,6
27930,the,288,21,7
27931,the,288,27,8
27932,the,289,21,4
27933,the,289,23,6
27934,the,290,1,1
27935,the,290,17,2
27936,the,290,29,6
27937,the,293,6,1
27938,the,294,4,2
27939,the,294,8,3
27940,the,294,22,5
27941,the,294,25,6
27942,the,299,9,2
27943,the,303,11,2
27944,the,303,12,3
27945,the,303,27,5
27946,the,312,5,2
27947,the,314,12,1
27948,the,315,7,2
27949,the,315,13,7
27950,the,318,12,3
27951,the,318,19,6
27952,the,320,15,1
27953,the,321,2,1
27954,the,321,6,2
27955,the,322,12,4
27956,the,324,2,1
27957,the,325,0,1
27958,the,325,2,2
27959,the,325,21,7
27960,the,326,1,1
27961,the,326,43,8
27962,the,326,53,9
27963,the,327,22,2
27964,the,327,34,3
27965,the,328,2,1
27966,the,331,11,3
27967,the,333,3,2
27968,the,334,6,3
27969,the,334,18,6
27970,the,336,13,4
27971,the,337,6,1
27972,the,337,7,2
27973,the,337,14,4
27974,the,337,28,8
27975,the,338,1,1
27976,the,338,6,3
27977,the,338,13,4
27978,the,338,16,5
27979,the,341,13,3
27980,the,345,0,1
27981,the,346,3,1
27982,the,347,3,1
27983,the,348,1,1
27984,the,349,3,2
27985,the,350,4,2
27986,the,351,11,5
27987,the,351,19,7
27988,the,357,0,1
27989,the,359,0,1
27990,the,359,4,2
27991,the,361,17,3
27992,the,363,14,2
27993,the,364,1,1
27994,the,364,7,2
27995,the,365,19,5
27996,the,365,31,8
27997,the,365,35,9
27998,the,366,6,3
27999,the,367,9,3
28000,the,367,22,8
28001,the,367,31,9
28002,the,368,18,3
28003,the,370,26,3
28004,the,370,31,5
28005,the,371,7,1
28006,the,378,10,1
28007,the,378,14,4
28008,the,382,1,1
28009,the,382,17,3
28010,the,383,6,3
28011,the,384,2,2
28012,the,384,4,3
28013,the,384,10,6
28014,the,384,16,8
28015,the,385,7,4
28016,the,385,20,8
28017,the,385,28,9
28018,the,385,32,11
28019,the,386,17,1
28020,the,386,66,7
28021,the,386,77,9
28022,the,389,7,3
28023,the,389,35,9
28024,the,389,37,11
28025,the,389,45,13
28026,the,390,8,4
28027,the,393,10,3
28028,the,393,13,4
28029,the,393,19,6
28030,the,395,0,1
28031,the,396,6,2
28032,the,397,0,1
28033,the,397,12,4
28034,the,397,20,6
28035,the,398,3,2
28036,the,398,7,3
28037,the,404,20,3
28038,the,404,21,4
28039,the,405,9,3
28040,the,407,2,1
28041,the,407,3,2
28042,the,408,18,1
28043,the,409,0,1
28044,the,409,6,3
28045,the,410,9,2
28046,the,410,14,3
28047,the,411,1,1
28048,the,413,24,4
28049,the,414,11,3
28050,the,414,13,4
28051,the,417,8,2
28052,the,417,12,4
28053,the,417,16,5
28054,the,417,22,7
28055,the,419,7,3
28056,the,423,5,2
28057,the,423,20,5
28058,the,424,14,2
28059,the,424,18,4
28060,the,424,27,6
28061,the,425,2,1
28062,the,425,16,4
28063,the,425,39,8
28064,the,425,41,9
28065,the,425,44,10
28066,the,426,15,3
28067,the,427,0,1
28068,the,428,0,1
28069,the,428,21,5
28070,the,428,25,7
28071,the,428,32,10
28072,the,428,38,13
28073,the,428,64,18
28074,the,429,1,1
28075,the,429,6,2
28076,the,432,20,4
28077,the,432,31,8
28078,the,433,2,1
28079,the,434,14,4
28080,the,434,16,5
28081,the,434,20,6
28082,the,434,28,8
28083,the,434,37,9
28084,the,434,63,11
28085,the,437,12,3
28086,the,438,4,1
28087,the,438,21,3
28088,the,439,25,4
28089,the,439,49,8
28090,the,442,12,1
28091,the,443,4,1
28092,the,445,3,1
28093,the,446,4,1
28094,the,448,4,1
28095,the,448,6,2
28096,the,450,3,1
28097,the,450,10,4
28098,the,451,3,1
28099,the,452,5,1
28100,the,455,7,1
28101,the,455,9,2
28102,the,456,15,4
28103,the,457,1,1
28104,the,458,3,3
28105,the,459,10,4
28106,the,460,19,6
28107,the,460,22,8
28108,the,460,26,10
28109,the,462,9,1
28110,the,463,19,4
28111,the,464,1,2
28112,the,465,0,1
28113,the,465,2,2
28114,the,465,11,5
28115,the,465,13,6
28116,the,467,3,1
28117,the,469,2,1
28118,the,470,3,1
28119,the,471,4,1
28120,the,471,9,3
28121,the,472,4,2
28122,the,472,9,4
28123,the,476,6,3
28124,the,477,8,1
28125,the,481,20,5
28126,the,482,4,1
28127,the,482,11,3
28128,the,482,15,4
28129,the,487,3,1
28130,the,488,8,1
28131,the,488,22,2
28132,the,488,26,4
28133,the,490,0,1
28134,the,490,5,2
28135,the,490,18,6
28136,the,491,9,1
28137,the,491,20,2
28138,the,491,22,4
28139,the,491,47,9
28140,the,491,61,13
28141,the,493,3,1
28142,the,494,9,1
28143,the,494,17,2
28144,the,494,19,4
28145,the,495,3,1
28146,the,495,23,6
28147,the,495,39,10
28148,the,495,46,12
28149,the,495,49,13
28150,the,495,55,15
28151,the,497,3,2
28152,the,498,1,1
28153,the,498,8,2
28154,the,498,12,4
28155,the,499,0,1
28156,the,499,11,5
28157,the,499,17,6
28158,the,499,28,9
28159,the,499,31,10
28160,the,499,34,11
28161,the,499,39,12
28162,the,499,41,14
28163,the,500,8,1
28164,the,500,12,2
28165,the,500,17,3
28166,the,502,15,4
28167,the,502,22,6
28168,the,503,4,1
28169,the,503,5,2
28170,the,503,39,6
28171,the,506,24,4
28172,the,507,0,1
28173,the,507,2,3
28174,the,507,5,5
28175,the,508,23,6
28176,the,510,8,3
28177,the,511,0,1
28178,the,514,5,1
28179,the,514,19,4
28180,the,518,7,1
28181,the,518,13,2
28182,the,518,19,4
28183,the,520,15,1
28184,the,520,22,4
28185,the,522,4,1
28186,the,525,3,1
28187,the,525,21,3
28188,the,525,22,4
28189,the,525,24,5
28190,the,525,52,8
28191,the,526,22,3
28192,the,526,38,7
28193,the,528,0,1
28194,the,528,4,2
28195,the,528,8,4
28196,the,528,11,6
28197,the,528,20,8
28198,the,529,2,2
28199,the,529,21,6
28200,the,529,39,10
28201,the,529,54,15
28202,the,529,58,17
28203,the,529,73,20
28204,the,529,77,21
28205,the,529,93,25
28206,the,529,115,31
28207,the,530,2,2
28208,the,531,12,5
28209,the,531,22,9
28210,the,531,28,11
28211,the,533,4,1
28212,the,535,3,1
28213,the,535,22,3
28214,the,535,25,4
28215,the,535,30,6
28216,the,535,31,7
28217,the,535,34,9
28218,the,537,0,1
28219,the,537,7,3
28220,the,538,3,1
28221,the,538,7,2
28222,the,538,12,3
28223,the,538,14,4
28224,the,539,3,1
28225,the,539,11,3
28226,the,540,10,3
28227,the,540,32,8
28228,the,540,34,9
28229,the,540,45,12
28230,the,541,26,4
28231,the,542,20,3
28232,the,542,30,6
28233,the,542,31,7
28234,the,542,42,9
28235,the,543,7,2
28236,the,544,0,1
28237,the,545,5,2
28238,the,546,0,1
28239,the,549,12,3
28240,the,550,2,3
28241,the,550,17,6
28242,the,551,2,1
28243,the,551,6,2
28244,the,551,11,3
28245,the,554,1,1
28246,the,554,4,2
28247,the,554,16,4
28248,the,554,23,6
28249,the,554,28,8
28250,the,554,29,9
28251,the,556,1,2
28252,the,556,9,3
28253,the,556,12,4
28254,the,557,5,2
28255,the,558,11,1
28256,the,558,21,4
28257,the,559,10,3
28258,the,561,0,1
28259,the,562,2,1
28260,the,562,10,4
28261,the,562,16,5
28262,the,562,19,6
28263,the,563,0,1
28264,the,563,8,3
28265,the,564,11,2
28266,the,565,0,1
28267,the,567,9,2
28268,the,567,18,3
28269,the,567,27,4
28270,the,567,42,9
28271,the,568,6,1
28272,the,569,3,2
28273,the,569,19,4
28274,the,569,22,5
28275,the,570,4,2
28276,the,571,0,1
28277,the,571,4,2
28278,the,571,6,3
28279,the,571,10,5
28280,the,571,14,6
28281,the,571,16,7
28282,the,572,4,1
28283,the,572,9,2
28284,the,572,15,4
28285,the,573,14,2
28286,the,573,27,6
28287,the,573,55,10
28288,the,574,2,2
28289,the,574,3,3
28290,the,574,13,7
28291,the,575,1,1
28292,the,575,13,4
28293,the,575,29,7
28294,the,575,31,9
28295,the,577,1,2
28296,the,577,17,3
28297,the,577,35,7
28298,the,578,19,2
28299,the,578,21,3
28300,the,578,39,6
28301,the,578,54,10
28302,the,579,0,1
28303,the,582,2,1
28304,the,582,6,2
28305,the,582,16,4
28306,the,583,6,2
28307,the,583,19,5
28308,the,584,4,1
28309,the,587,6,1
28310,the,587,23,3
28311,the,587,30,4
28312,the,587,33,5
28313,the,587,57,7
28314,the,587,60,9
28315,the,587,76,11
28316,the,589,18,5
28317,the,590,2,1
28318,the,591,4,1
28319,the,595,9,2
28320,the,595,12,4
28321,the,596,18,1
28322,the,596,22,2
28323,the,597,3,2
28324,the,598,2,2
28325,the,599,2,1
28326,the,601,5,2
28327,the,601,11,4
28328,the,601,16,5
28329,the,602,5,2
28330,the,603,2,1
28331,the,604,6,2
28332,the,605,7,3
28333,the,608,12,1
28334,the,609,6,2
28335,the,609,7,3
28336,the,610,6,1
28337,the,611,1,1
28338,the,613,4,1
28339,the,613,6,2
28340,the,620,8,1
28341,the,620,12,3
28342,the,620,15,4
28343,the,622,13,1
28344,the,624,3,1
28345,the,624,22,6
28346,the,625,4,1
28347,the,626,8,3
28348,the,626,27,6
28349,the,626,30,8
28350,the,626,60,15
28351,the,626,65,16
28352,the,627,2,1
28353,the,627,13,3
28354,the,627,29,5
28355,the,627,37,6
28356,the,628,1,1
28357,the,629,1,1
28358,the,631,2,1
28359,the,631,5,3
28360,the,631,9,5
28361,the,631,15,7
28362,the,635,10,1
28363,the,635,13,3
28364,the,637,2,1
28365,the,640,3,1
28366,the,641,6,1
28367,the,644,6,2
28368,the,648,1,1
28369,the,650,7,2
28370,the,651,0,1
28371,the,651,7,3
28372,the,652,4,1
28373,the,652,5,2
28374,the,653,4,2
28375,the,656,7,3
28376,the,658,27,9
28377,the,658,35,11
28378,the,658,41,13
28379,the,660,6,2
28380,the,662,9,2
28381,the,664,34,5
28382,the,664,37,7
28383,the,666,8,2
28384,the,672,5,1
28385,the,672,11,3
28386,the,672,14,5
28387,the,673,3,1
28388,the,673,17,4
28389,the,673,36,8
28390,the,674,19,4
28391,the,674,23,6
28392,the,675,9,2
28393,the,680,7,2
28394,the,680,24,6
28395,the,685,2,1
28396,the,687,10,4
28397,the,690,4,1
28398,the,691,0,1
28399,the,691,2,3
28400,the,692,17,2
28401,the,693,13,2
28402,the,693,18,4
28403,the,693,19,5
28404,the,693,27,9
28405,the,693,38,11
28406,the,693,48,15
28407,the,697,1,1
28408,the,698,9,3
28409,the,698,22,5
28410,the,699,12,4
28411,the,700,1,1
28412,the,700,4,2
28413,the,700,8,4
28414,the,700,14,6
28415,the,701,27,3
28416,the,701,49,5
28417,the,702,3,2
28418,the,703,4,1
28419,the,703,14,5
28420,the,704,6,1
28421,the,705,2,2
28422,the,711,13,1
28423,the,711,27,3
28424,the,712,3,1
28425,the,712,4,2
28426,the,718,10,1
28427,the,719,0,1
28428,the,719,2,2
28429,the,720,29,2
28430,the,720,37,5
28431,the,720,41,6
28432,the,720,44,7
28433,the,727,14,2
28434,the,728,18,4
28435,the,728,33,5
28436,the,729,9,2
28437,the,730,28,3
28438,the,730,51,8
28439,the,730,53,9
28440,the,730,57,12
28441,the,731,7,1
28442,the,731,24,6
28443,the,734,6,2
28444,the,738,6,1
28445,the,739,6,1
28446,the,739,22,3
28447,the,739,25,5
28448,the,741,7,1
28449,the,743,6,1
28450,the,743,14,4
28451,the,743,19,5
28452,the,743,21,6
28453,the,744,2,1
28454,the,744,29,5
28455,the,744,50,12
28456,the,744,67,16
28457,the,744,71,18
28458,the,745,2,1
28459,the,745,4,2
28460,the,745,12,4
28461,the,745,20,7
28462,the,746,6,2
28463,the,746,9,4
28464,the,746,12,5
28465,the,746,22,8
28466,the,746,27,10
28467,the,746,33,11
28468,the,747,0,1
28469,the,747,12,3
28470,the,748,33,7
28471,the,750,20,2
28472,the,751,3,2
28473,the,751,6,5
28474,the,752,7,1
28475,the,752,12,2
28476,the,752,14,3
28477,the,752,17,4
28478,the,754,2,1
28479,the,754,5,2
28480,the,754,11,3
28481,the,754,17,5
28482,the,756,4,1
28483,the,759,6,1
28484,the,759,24,5
28485,the,760,8,1
28486,the,761,6,2
28487,the,761,14,6
28488,the,762,0,1
28489,the,763,0,1
28490,the,763,11,2
28491,the,763,14,3
28492,the,763,21,5
28493,the,763,44,9
28494,the,763,51,11
28495,the,764,0,1
28496,the,764,8,2
28497,the,765,1,1
28498,the,765,13,6
28499,the,768,22,7
28500,the,769,3,1
28501,the,769,16,5
28502,the,769,19,6
28503,the,772,1,1
28504,the,772,2,2
28505,the,772,11,5
28506,the,774,12,1
28507,the,775,2,1
28508,the,778,51,8
28509,the,781,1,1
28510,the,781,3,2
28511,the,789,8,1
28512,the,790,7,2
28513,the,790,8,3
28514,the,790,11,5
28515,the,791,3,3
28516,the,791,7,4
28517,the,795,17,3
28518,the,796,12,3
28519,the,799,4,2
28520,the,799,7,4
28521,the,800,0,1
28522,the,800,5,3
28523,the,800,10,5
28524,the,800,21,6
28525,the,801,0,1
28526,the,801,5,2
28527,the,801,16,3
28528,the,801,23,4
28529,the,804,18,3
28530,the,805,1,1
28531,the,805,4,3
28532,the,805,7,4
28533,the,805,8,5
28534,the,806,10,1
28535,the,806,15,3
28536,the,807,10,3
28537,the,808,0,1
28538,the,808,6,3
28539,the,808,8,4
28540,the,809,1,1
28541,the,809,8,2
28542,the,809,17,4
28543,the,809,36,8
28544,the,811,0,1
28545,the,811,6,2
28546,the,812,10,4
28547,the,813,2,2
28548,the,814,1,1
28549,the,815,4,2
28550,the,815,11,6
28551,the,815,13,7
28552,the,815,17,9
28553,the,816,8,4
28554,the,816,41,8
28555,the,817,1,1
28556,the,818,0,1
28557,the,818,5,2
28558,the,818,16,5
28559,the,818,43,8
28560,the,820,10,2
28561,the,821,16,1
28562,the,821,17,2
28563,the,821,19,3
28564,the,821,23,4
28565,the,821,28,6
28566,the,821,34,8
28567,the,821,38,10
28568,the,821,41,11
28569,the,821,44,12
28570,the,821,54,14
28571,the,821,60,15
28572,the,821,77,16
28573,the,822,1,1
28574,the,822,13,6
28575,the,823,13,2
28576,the,823,29,4
28577,the,824,19,4
28578,the,824,27,7
28579,the,824,46,13
28580,the,827,6,2
28581,the,827,16,4
28582,the,827,41,9
28583,the,827,45,10
28584,the,830,1,1
28585,the,835,11,2
28586,the,836,2,1
28587,the,836,5,2
28588,the,837,6,1
28589,the,838,1,1
28590,the,841,2,1
28591,the,841,6,3
28592,the,842,1,1
28593,the,842,6,3
28594,the,843,5,1
28595,the,843,9,2
28596,the,844,3,1
28597,the,844,9,2
28598,the,846,3,1
28599,the,846,11,4
28600,the,846,15,5
28601,the,846,58,12
28602,the,849,3,2
28603,the,850,7,3
28604,the,852,8,1
28605,the,854,14,4
28606,the,854,21,5
28607,the,854,26,7
28608,the,855,7,2
28609,the,861,16,2
28610,the,862,20,1
28611,the,863,11,2
28612,the,864,5,1
28613,the,864,9,3
28614,the,864,13,5
28615,the,864,15,6
28616,the,865,19,3
28617,the,865,23,5
28618,the,865,24,6
28619,the,866,2,1
28620,the,866,8,5
28621,the,867,3,2
28622,the,867,4,3
28623,the,867,17,6
28624,the,868,6,4
28625,the,868,12,7
28626,the,868,13,8
28627,the,868,23,9
28628,the,868,26,10
28629,the,868,29,11
28630,the,869,2,1
28631,the,869,5,2
28632,the,869,7,4
28633,the,870,13,3
28634,the,871,2,1
28635,the,876,12,3
28636,the,876,16,4
28637,the,878,6,1
28638,the,878,10,2
28639,the,879,21,3
28640,the,881,1,1
28641,the,881,6,4
28642,the,885,4,1
28643,the,885,12,2
28644,the,887,17,2
28645,the,887,21,3
28646,the,887,50,7
28647,the,888,12,2
28648,the,888,25,4
28649,the,888,26,5
28650,the,888,28,7
28651,the,888,42,8
28652,the,889,1,1
28653,the,890,0,1
28654,the,890,1,2
28655,the,892,19,2
28656,the,892,21,3
28657,the,894,22,4
28658,the,897,0,1
28659,the,898,13,2
28660,the,899,6,1
28661,the,900,12,2
28662,the,902,9,1
28663,the,903,17,2
28664,the,907,11,2
28665,the,908,12,2
28666,the,909,1,1
28667,the,909,3,2
28668,the,913,2,1
28669,the,913,12,2
28670,the,914,15,1
28671,the,916,0,1
28672,the,917,1,1
28673,the,919,12,2
28674,the,920,4,1
28675,the,920,7,2
28676,the,920,11,4
28677,the,920,14,5
28678,the,920,19,6
28679,the,921,1,2
28680,the,926,1,1
28681,the,927,4,2
28682,the,927,18,3
28683,the,930,12,3
28684,the,931,28,5
28685,the,931,57,10
28686,the,932,7,2
28687,the,932,10,3
28688,the,932,15,5
28689,the,933,34,6
28690,the,933,36,8
28691,the,933,52,11
28692,the,933,54,12
28693,the,933,56,13
28694,the,933,70,15
28695,the,935,1,1
28696,the,936,0,1
28697,the,937,22,5
28698,the,939,0,1
28699,the,940,15,3
28700,the,941,7,2
28701,the,941,17,7
28702,the,941,22,8
28703,the,941,25,9
28704,the,942,1,1
28705,the,943,0,1
28706,the,943,8,2
28707,the,945,1,1
28708,the,947,2,2
28709,the,947,11,4
28710,the,947,14,6
28711,the,947,22,9
28712,the,947,26,10
28713,the,947,27,11
28714,the,948,12,5
28715,the,948,23,6
28716,the,948,26,8
28717,the,948,27,9
28718,the,949,3,1
28719,the,949,14,3
28720,the,949,16,5
28721,the,949,25,6
28722,the,949,37,9
28723,the,952,4,3
28724,the,952,5,4
28725,the,952,8,5
28726,the,952,27,6
28727,the,952,30,7
28728,the,952,31,8
28729,the,954,12,2
28730,the,955,1,1
28731,the,956,1,1
28732,the,957,4,1
28733,the,957,16,6
28734,the,959,7,1
28735,the,960,0,1
28736,the,960,3,3
28737,the,961,1,1
28738,the,961,4,2
28739,the,961,16,5
28740,the,962,2,1
28741,the,962,3,2
28742,the,965,0,1
28743,the,966,2,1
28744,the,967,0,1
28745,the,968,0,1
28746,the,969,2,2
28747,the,969,15,6
28748,the,970,6,4
28749,the,971,4,2
28750,the,971,13,5
28751,the,973,4,2
28752,the,974,2,1
28753,the,974,16,3
28754,the,974,17,4
28755,the,974,23,6
28756,the,976,0,1
28757,the,976,10,3
28758,the,977,0,1
28759,the,977,3,2
28760,the,977,11,4
28761,the,978,2,1
28762,the,978,9,2
28763,the,978,12,4
28764,the,979,4,2
28765,the,979,10,3
28766,the,979,19,4
28767,the,980,5,3
28768,the,980,11,5
28769,the,980,14,7
28770,the,981,0,1
28771,the,981,9,3
28772,the,982,1,2
28773,the,982,7,3
28774,the,982,8,4
28775,the,982,10,5
28776,the,982,14,6
28777,the,983,0,1
28778,the,983,8,6
28779,the,983,13,7
28780,the,983,16,8
28781,the,984,1,1
28782,the,984,8,2
28783,the,985,6,3
28784,the,985,19,7
28785,the,986,0,1
28786,the,986,3,3
28787,the,987,7,1
28788,the,987,10,2
28789,the,987,15,5
28790,the,988,3,1
28791,the,988,6,2
28792,the,990,7,4
28793,the,990,9,5
28794,the,990,12,6
28795,the,990,16,8
28796,the,990,33,10
28797,the,990,34,11
28798,the,990,46,12
28799,the,990,73,16
28800,the,993,22,2
28801,the,993,24,4
28802,the,996,6,2
28803,the,1001,5,2
28804,the,1001,7,3
28805,the,1003,4,1
28806,the,1003,26,4
28807,the,1003,31,6
28808,the,1006,2,1
28809,the,1008,6,2
28810,the,1008,7,3
28811,the,1008,17,4
28812,the,1008,28,7
28813,the,1011,11,1
28814,the,1013,1,2
28815,the,1014,9,2
28816,the,1015,7,3
28817,the,1019,0,1
28818,the,1019,9,3
28819,the,1019,43,10
28820,the,1020,3,2
28821,the,1020,4,3
28822,the,1020,9,5
28823,the,1020,19,7
28824,the,1022,15,3
28825,the,1023,2,1
28826,the,1023,10,2
28827,the,1023,16,3
28828,the,1024,9,3
28829,the,1024,24,5
28830,the,1024,29,6
28831,the,1025,11,1
28832,the,1025,48,6
28833,the,1025,52,7
28834,the,1025,55,8
28835,the,1025,63,9
28836,the,1025,94,13
28837,the,1030,0,1
28838,the,1031,6,4
28839,the,1032,30,6
28840,the,1032,45,8
28841,the,1033,15,4
28842,the,1033,21,5
28843,the,1033,40,7
28844,the,1034,14,2
28845,the,1036,17,5
28846,the,1037,14,7
28847,the,1038,5,3
28848,the,1040,8,1
28849,the,1040,24,4
28850,the,1042,17,1
28851,the,1042,41,4
28852,the,1043,28,2
28853,the,1043,38,3
28854,the,1043,64,8
28855,the,1043,87,12
28856,the,1046,17,3
28857,the,1047,27,3
28858,the,1049,2,1
28859,the,1049,3,2
28860,the,1052,3,2
28861,the,1054,1,1
28862,the,1054,11,4
28863,the,1055,3,1
28864,the,1055,9,4
28865,the,1055,10,5
28866,the,1055,16,9
28867,the,1056,17,2
28868,the,1056,30,3
28869,the,1056,56,7
28870,the,1057,17,2
28871,the,1057,23,3
28872,the,1058,3,1
28873,the,1059,0,1
28874,the,1060,4,2
28875,the,1061,0,1
28876,the,1061,3,3
28877,the,1061,10,5
28878,the,1061,12,6
28879,the,1061,15,7
28880,the,1061,18,8
28881,the,1063,5,1
28882,the,1063,10,2
28883,the,1064,8,1
28884,the,1066,1,1
28885,the,1066,10,3
28886,the,1069,4,1
28887,the,1069,21,4
28888,the,1069,24,6
28889,the,1069,25,7
28890,the,1069,33,10
28891,the,1070,0,1
28892,the,1072,5,2
28893,the,1072,21,4
28894,the,1077,14,1
28895,the,1079,1,1
28896,the,1079,12,4
28897,the,1081,37,3
28898,the,1082,0,1
28899,the,1082,5,3
28900,the,1082,12,6
28901,the,1082,15,8
28902,the,1082,18,10
28903,the,1082,19,11
28904,the,1082,27,12
28905,the,1082,29,13
28906,the,1084,4,3
28907,the,1084,10,4
28908,the,1084,13,5
28909,the,1086,1,1
28910,the,1086,8,4
28911,the,1086,13,6
28912,the,1087,2,3
28913,the,1087,36,8
28914,the,1089,9,1
28915,the,1090,0,1
28916,the,1090,6,3
28917,the,1091,21,5
28918,the,1091,22,6
28919,the,1091,41,9
28920,the,1093,1,1
28921,the,1094,14,3
28922,the,1095,2,1
28923,the,1095,11,3
28924,the,1096,1,1
28925,the,1096,17,2
28926,the,1100,2,1
28927,the,1103,4,1
28928,the,1103,7,2
28929,the,1104,1,1
28930,the,1104,25,6
28931,the,1105,33,5
28932,the,1105,37,7
28933,the,1105,45,9
28934,the,1106,8,1
28935,the,1106,12,3
28936,the,1106,21,5
28937,the,1106,27,6
28938,the,1106,42,8
28939,the,1106,52,10
28940,the,1106,64,14
28941,the,1106,77,15
28942,the,1106,82,17
28943,the,1106,91,21
28944,the,1106,101,25
28945,the,1107,8,2
28946,the,1110,1,1
28947,the,1110,6,3
28948,the,1114,5,2
28949,the,1115,12,3
28950,the,1117,5,4
28951,the,1117,10,6
28952,the,1117,15,7
28953,the,1118,20,2
28954,the,1119,27,3
28955,the,1120,7,1
28956,the,1120,38,5
28957,the,1120,46,7
28958,the,1120,51,8
28959,the,1121,4,2
28960,the,1122,4,1
28961,the,1122,9,2
28962,the,1125,35,3
28963,the,1126,35,2
28964,the,1126,41,3
28965,the,1127,23,4
28966,the,1127,39,8
28967,the,1127,41,9
28968,the,1127,51,12
28969,the,1132,0,1
28970,the,1134,0,1
28971,the,1135,4,2
28972,the,1135,15,5
28973,the,1135,18,7
28974,the,1136,1,1
28975,the,1136,6,4
28976,the,1137,1,1
28977,the,1139,1,1
28978,the,1139,2,2
28979,the,1141,4,1
28980,the,1141,20,2
28981,the,1141,23,3
28982,the,1141,33,5
28983,the,1141,39,6
28984,the,1142,0,1
28985,the,1142,2,2
28986,the,1142,10,3
28987,the,1142,15,5
28988,the,1142,21,6
28989,the,1142,27,9
28990,the,1142,32,10
28991,the,1142,52,15
28992,the,1143,4,1
28993,the,1143,22,5
28994,the,1143,34,8
28995,the,1143,40,10
28996,the,1143,43,12
28997,the,1144,4,1
28998,the,1144,9,3
28999,the,1147,1,1
29000,the,1148,1,1
29001,the,1148,7,2
29002,the,1149,20,5
29003,the,1151,4,2
29004,the,1151,7,3
29005,the,1153,2,1
29006,the,1154,7,1
29007,the,1154,12,2
29008,the,1155,8,1
29009,the,1155,15,2
29010,the,1155,25,5
29011,the,1155,37,6
29012,the,1155,38,7
29013,the,1155,42,9
29014,the,1156,0,1
29015,the,1158,1,1
29016,the,1159,13,1
29017,the,1159,17,3
29018,the,1159,19,4
29019,the,1160,4,2
29020,the,1160,8,4
29021,the,1160,11,5
29022,the,1160,14,6
29023,the,1161,0,1
29024,the,1162,3,1
29025,the,1162,11,4
29026,the,1163,5,1
29027,the,1168,3,1
29028,the,1168,5,2
29029,the,1170,2,2
29030,the,1170,9,3
29031,the,1170,13,5
29032,the,1171,10,2
29033,the,1173,0,1
29034,the,1174,9,5
29035,the,1174,11,6
29036,the,1175,1,1
29037,the,1177,2,2
29038,the,1177,14,5
29039,the,1178,13,4
29040,the,1178,17,5
29041,the,1178,23,6
29042,the,1179,5,1
29043,the,1179,32,8
29044,the,1182,5,3
29045,the,1182,9,4
29046,the,1182,11,5
29047,the,1185,3,1
29048,the,1185,26,5
29049,the,1185,31,6
29050,the,1186,4,2
29051,the,1188,0,1
29052,the,1189,0,1
29053,the,1190,11,4
29054,the,1192,0,1
29055,the,1193,5,3
29056,the,1193,17,5
29057,the,1193,19,6
29058,the,1193,26,8
29059,the,1194,0,1
29060,the,1194,8,3
29061,the,1194,20,6
29062,the,1194,29,9
29063,the,1194,34,11
29064,the,1195,5,3
29065,the,1195,7,4
29066,the,1197,12,5
29067,the,1200,5,1
29068,the,1202,4,1
29069,the,1205,6,1
29070,the,1205,9,2
29071,the,1205,19,5
29072,the,1205,22,6
29073,the,1207,1,1
29074,the,1209,6,1
29075,the,1209,9,3
29076,the,1211,3,1
29077,the,1211,5,2
29078,the,1212,3,2
29079,the,1212,18,6
29080,the,1213,4,2
29081,the,1214,1,1
29082,the,1214,5,2
29083,the,1214,9,4
29084,the,1214,10,5
29085,the,1214,13,7
29086,the,1214,18,8
29087,the,1214,24,9
29088,the,1216,4,2
29089,the,1216,7,3
29090,the,1217,12,3
29091,the,1218,15,5
29092,the,1219,6,3
29093,the,1222,8,1
29094,the,1222,14,2
29095,the,1223,0,1
29096,the,1223,13,4
29097,the,1224,14,3
29098,the,1224,15,4
29099,the,1225,5,3
29100,the,1226,17,3
29101,the,1226,21,6
29102,the,1226,33,9
29103,the,1227,4,2
29104,the,1229,2,1
29105,the,1229,15,3
29106,the,1229,17,5
29107,the,1229,24,8
29108,the,1229,32,11
29109,the,1229,45,14
29110,the,1229,50,15
29111,the,1230,4,2
29112,the,1230,9,5
29113,the,1230,10,6
29114,the,1230,13,7
29115,the,1231,6,2
29116,the,1231,11,4
29117,the,1233,11,4
29118,the,1233,16,6
29119,the,1235,10,1
29120,the,1236,6,3
29121,the,1236,13,6
29122,the,1236,25,11
29123,the,1236,29,13
29124,the,1240,10,2
29125,the,1240,14,3
29126,the,1240,16,4
29127,the,1240,19,5
29128,the,1240,25,7
29129,the,1240,28,9
29130,the,1240,32,10
29131,the,1245,15,2
29132,the,1245,21,3
29133,the,1246,1,2
29134,the,1246,7,4
29135,the,1246,18,5
29136,the,1247,0,1
29137,the,1248,11,2
29138,the,1249,0,1
29139,the,1249,5,3
29140,the,1250,0,1
29141,the,1250,26,3
29142,the,1250,29,5
29143,the,1250,33,6
29144,the,1252,3,1
29145,the,1252,5,2
29146,the,1253,6,2
29147,the,1253,16,4
29148,the,1253,18,6
29149,the,1253,20,7
29150,the,1255,7,1
29151,the,1256,1,2
29152,the,1257,4,1
29153,the,1257,10,2
29154,the,1257,12,4
29155,the,1257,14,6
29156,the,1257,17,7
29157,the,1257,20,9
29158,the,1257,23,11
29159,the,1258,2,1
29160,the,1258,3,2
29161,the,1259,2,2
29162,the,1259,5,3
29163,the,1259,9,4
29164,the,1259,12,6
29165,the,1260,1,1
29166,the,1260,8,3
29167,the,1260,20,5
29168,the,1262,5,3
29169,the,1262,24,4
29170,the,1262,36,5
29171,the,1262,37,6
29172,the,1263,1,1
29173,the,1263,9,4
29174,the,1263,10,5
29175,the,1263,21,8
29176,the,1263,26,10
29177,the,1263,40,14
29178,the,1264,1,1
29179,the,1264,5,3
29180,the,1265,0,1
29181,the,1265,19,3
29182,the,1265,22,4
29183,the,1265,26,5
29184,the,1265,30,7
29185,the,1265,33,8
29186,the,1265,38,11
29187,the,1265,40,12
29188,the,1266,6,3
29189,the,1267,12,3
29190,the,1267,13,4
29191,the,1268,0,1
29192,the,1268,7,3
29193,the,1268,22,5
29194,the,1268,45,7
29195,the,1269,4,1
29196,the,1270,18,4
29197,the,1270,23,6
29198,the,1270,26,8
29199,the,1270,30,9
29200,the,1270,31,10
29201,the,1270,36,12
29202,the,1271,1,2
29203,the,1271,7,3
29204,the,1272,2,1
29205,the,1272,5,2
29206,the,1273,2,2
29207,the,1273,7,4
29208,the,1273,13,6
29209,the,1273,19,8
29210,the,1273,22,10
29211,the,1273,24,11
29212,the,1276,7,3
29213,the,1277,3,2
29214,the,1277,11,3
29215,the,1280,9,1
29216,the,1280,13,3
29217,the,1280,15,4
29218,the,1280,18,6
29219,the,1280,30,9
29220,the,1287,1,1
29221,the,1290,3,1
29222,the,1290,8,3
29223,the,1291,8,1
29224,the,1291,27,5
29225,the,1292,8,2
29226,the,1292,26,4
29227,the,1292,35,6
29228,the,1292,39,7
29229,the,1292,57,13
29230,the,1293,9,1
29231,the,1293,20,2
29232,the,1294,1,1
29233,the,1295,12,1
29234,the,1296,0,1
29235,the,1297,4,2
29236,the,1299,3,1
29237,the,1299,14,3
29238,the,1301,6,2
29239,the,1301,15,3
29240,the,1302,3,1
29241,the,1302,6,2
29242,the,1304,5,3
29243,the,1304,31,11
29244,the,1308,6,2
29245,the,1310,8,3
29246,the,1312,10,4
29247,the,1312,18,6
29248,the,1313,5,3
29249,the,1314,0,1
29250,the,1314,3,2
29251,the,1314,10,4
29252,the,1314,15,5
29253,the,1314,20,7
29254,the,1315,2,3
29255,the,1316,3,2
29256,the,1316,6,4
29257,the,1316,11,7
29258,the,1316,13,8
29259,the,1316,17,9
29260,the,1317,14,2
29261,the,1318,33,7
29262,the,1319,15,4
29263,the,1320,1,1
29264,the,1320,8,4
29265,the,1320,15,6
29266,the,1320,25,10
29267,the,1323,15,3
29268,the,1326,4,1
29269,the,1327,3,1
29270,the,1327,12,4
29271,the,1329,2,1
29272,the,1329,4,3
29273,the,1329,9,4
29274,the,1331,4,1
29275,the,1331,10,3
29276,the,1331,16,4
29277,the,1331,20,6
29278,the,1332,8,6
29279,the,1333,1,1
29280,the,1333,16,4
29281,the,1334,15,5
29282,the,1334,24,8
29283,the,1334,28,10
29284,the,1335,9,1
29285,the,1336,30,2
29286,the,1337,4,1
29287,the,1337,10,3
29288,the,1337,16,4
29289,the,1337,18,5
29290,the,1337,22,8
29291,the,1340,9,4
29292,the,1340,13,5
29293,the,1340,17,6
29294,the,1342,10,3
29295,the,1344,3,1
29296,the,1345,14,5
29297,the,1347,24,5
29298,the,1351,4,1
29299,the,1354,14,3
29300,the,1357,8,1
29301,the,1357,10,2
29302,the,1357,18,5
29303,the,1358,5,2
29304,the,1359,6,3
29305,the,1361,5,1
29306,the,1364,18,4
29307,the,1371,22,3
29308,the,1371,24,4
29309,the,1372,25,5
29310,the,1373,1,1
29311,the,1374,5,1
29312,the,1374,15,5
29313,the,1374,29,6
29314,the,1374,37,8
29315,the,1375,1,1
29316,the,1375,4,2
29317,the,1375,23,4
29318,the,1381,15,1
29319,the,1386,2,1
29320,the,1396,2,1
29321,the,1404,9,2
29322,the,1405,12,2
29323,the,1405,17,4
29324,the,1409,5,3
29325,the,1411,4,1
29326,the,1413,7,2
29327,the,1413,31,4
29328,the,1413,32,5
29329,the,1418,11,1
29330,the,1420,26,2
29331,the,1420,28,3
29332,the,1420,31,4
29333,the,1420,39,6
29334,the,1421,3,1
29335,the,1421,9,3
29336,the,1421,17,5
29337,the,1421,20,7
29338,the,1422,29,2
29339,the,1424,27,6
29340,the,1428,14,1
29341,the,1429,14,2
29342,the,1429,16,4
29343,the,1429,43,8
29344,the,1430,13,3
29345,the,1430,14,4
29346,the,1432,20,3
29347,the,1435,12,1
29348,the,1436,7,1
29349,the,1436,11,3
29350,the,1439,33,6
29351,the,1442,3,1
29352,the,1443,9,1
29353,the,1443,16,2
29354,the,1443,24,3
29355,the,1443,27,4
29356,the,1444,33,5
29357,the,1444,40,7
29358,the,1446,7,2
29359,the,1446,13,3
29360,the,1446,17,4
29361,the,1446,27,5
29362,the,1447,1,1
29363,the,1448,4,2
29364,the,1448,8,3
29365,the,1452,4,1
29366,the,1452,20,6
29367,the,1452,31,8
29368,the,1452,36,10
29369,the,1453,0,1
29370,the,1453,13,4
29371,the,1453,15,5
29372,the,1453,17,6
29373,the,1453,20,8
29374,the,1454,0,1
29375,the,1454,5,2
29376,the,1454,7,3
29377,the,1454,16,5
29378,the,1454,18,7
29379,the,1454,24,9
29380,the,1455,2,1
29381,the,1455,4,2
29382,the,1456,2,1
29383,the,1456,6,3
29384,the,1456,7,4
29385,the,1457,4,3
29386,the,1457,6,4
29387,the,1457,9,5
29388,the,1457,13,7
29389,the,1457,20,10
29390,the,1457,26,12
29391,the,1457,31,14
29392,the,1457,36,16
29393,the,1457,41,18
29394,the,1458,3,2
29395,the,1459,8,3
29396,the,1459,15,6
29397,the,1460,39,4
29398,the,1460,49,5
29399,the,1460,55,7
29400,the,1460,60,10
29401,the,1460,65,12
29402,the,1460,69,13
29403,the,1461,1,1
29404,the,1462,2,1
29405,the,1467,6,1
29406,the,1468,5,2
29407,the,1474,8,3
29408,the,1476,37,2
29409,the,1477,7,1
29410,the,1477,22,5
29411,the,1477,28,6
29412,the,1477,31,7
29413,the,1478,7,2
29414,the,1478,15,4
29415,the,1478,16,5
29416,the,1478,24,7
29417,the,1479,2,1
29418,the,1479,9,2
29419,the,1479,13,4
29420,the,1480,4,4
29421,the,1482,9,2
29422,the,1483,3,1
29423,the,1483,39,10
29424,the,1484,12,2
29425,the,1484,13,3
29426,the,1485,0,1
29427,the,1485,2,2
29428,the,1486,5,2
29429,the,1488,7,2
29430,the,1488,10,3
29431,the,1488,19,5
29432,the,1490,16,1
29433,the,1490,18,2
29434,the,1490,21,3
29435,the,1490,31,5
29436,the,1490,55,6
29437,the,1500,9,1
29438,the,1501,3,2
29439,the,1509,7,1
29440,the,1510,24,6
29441,the,1514,0,1
29442,the,1519,2,2
29443,the,1519,7,3
29444,the,1521,6,2
29445,the,1521,13,4
29446,the,1524,5,2
29447,the,1524,13,3
29448,the,1524,23,5
29449,the,1524,29,7
29450,the,1524,42,10
29451,the,1524,45,11
29452,the,1524,53,15
29453,the,1529,1,2
29454,the,1529,11,4
29455,the,1531,2,1
29456,the,1532,9,2
29457,the,1532,19,5
29458,the,1533,11,3
29459,the,1533,15,4
29460,the,1535,27,4
29461,the,1535,43,7
29462,the,1535,49,9
29463,the,1536,0,1
29464,the,1536,4,2
29465,the,1536,7,3
29466,the,1537,14,3
29467,the,1538,1,1
29468,the,1538,6,3
29469,the,1540,2,3
29470,the,1540,7,4
29471,the,1540,11,5
29472,the,1542,19,3
29473,the,1544,7,1
29474,the,1544,11,3
29475,the,1548,3,1
29476,the,1548,8,3
29477,the,1548,14,5
29478,the,1548,32,9
29479,the,1548,34,10
29480,the,1548,50,11
29481,the,1549,14,2
29482,the,1549,16,3
29483,the,1549,25,6
29484,the,1549,30,7
29485,the,1552,8,3
29486,the,1552,15,5
29487,the,1555,3,1
29488,the,1555,9,2
29489,the,1558,3,1
29490,the,1562,7,2
29491,the,1569,13,5
29492,the,1570,19,4
29493,the,1571,10,2
29494,the,1571,13,3
29495,the,1571,19,4
29496,the,1571,20,5
29497,the,1571,21,6
29498,the,1571,26,8
29499,the,1572,0,1
29500,the,1572,11,3
29501,the,1572,17,6
29502,the,1572,21,7
29503,the,1572,26,9
29504,the,1573,10,5
29505,the,1574,0,1
29506,the,1574,2,2
29507,the,1574,9,4
29508,the,1574,12,5
29509,the,1574,16,7
29510,the,1574,21,8
29511,the,1574,38,16
29512,the,1574,51,18
29513,the,1582,7,1
29514,the,1583,6,1
29515,the,1585,15,2
29516,the,1591,1,2
29517,the,1593,0,1
29518,the,1593,18,6
29519,the,1594,0,1
29520,the,1594,11,7
29521,the,1595,6,2
29522,the,1598,13,1
29523,the,1598,31,5
29524,the,1598,36,7
29525,the,1598,41,8
29526,the,1599,0,1
29527,the,1599,2,2
29528,the,1599,8,4
29529,the,1599,12,6
29530,the,1599,16,7
29531,the,1600,0,1
29532,the,1601,0,1
29533,the,1601,1,2
29534,the,1602,13,4
29535,the,1602,14,5
29536,the,1602,15,6
29537,the,1602,16,7
29538,the,1602,21,9
29539,the,1604,9,1
29540,the,1605,3,1
29541,the,1605,6,3
29542,the,1605,8,4
29543,the,1605,14,5
29544,the,1605,18,6
29545,the,1605,26,7
29546,the,1606,7,2
29547,the,1608,0,1
29548,the,1609,8,1
29549,the,1609,11,3
29550,the,1609,17,4
29551,the,1610,0,1
29552,the,1611,0,1
29553,the,1611,4,3
29554,the,1611,26,5
29555,the,1611,35,7
29556,the,1613,0,1
29557,the,1613,3,2
29558,the,1614,5,2
29559,the,1614,14,5
29560,the,1615,0,1
29561,the,1615,4,2
29562,the,1615,9,4
29563,the,1615,12,5
29564,the,1619,2,1
29565,the,1620,7,1
29566,the,1621,4,2
29567,the,1622,1,2
29568,the,1625,5,2
29569,the,1625,16,5
29570,the,1625,19,6
29571,the,1626,2,1
29572,the,1626,5,3
29573,the,1628,42,8
29574,the,1628,49,10
29575,the,1628,53,11
29576,the,1629,5,1
29577,the,1630,1,1
29578,the,1630,10,2
29579,the,1632,5,2
29580,the,1633,1,1
29581,the,1633,5,2
29582,the,1634,4,2
29583,the,1637,17,2
29584,the,1637,45,4
29585,the,1638,0,1
29586,the,1640,5,2
29587,the,1640,10,3
29588,the,1640,17,4
29589,the,1641,10,4
29590,the,1643,4,2
29591,the,1644,0,1
29592,the,1644,5,2
29593,the,1645,0,1
29594,the,1645,2,3
29595,the,1645,7,5
29596,the,1645,11,6
29597,the,1646,1,2
29598,the,1646,5,3
29599,the,1646,8,4
29600,the,1646,15,6
29601,the,1647,5,3
29602,the,1648,7,3
29603,the,1650,1,1
29604,the,1650,4,2
29605,the,1650,5,3
29606,the,1650,23,6
29607,the,1652,3,1
29608,the,1653,2,2
29609,the,1653,14,4
29610,the,1657,1,1
29611,the,1658,5,2
29612,the,1658,12,5
29613,the,1658,13,6
29614,the,1658,23,10
29615,the,1659,4,3
29616,the,1660,0,1
29617,the,1660,5,4
29618,the,1660,11,7
29619,the,1660,33,9
29620,the,1663,2,2
29621,the,1664,10,4
29622,the,1664,13,5
29623,the,1665,40,8
29624,the,1665,58,11
29625,the,1667,2,1
29626,the,1668,12,3
29627,the,1670,0,1
29628,the,1670,13,4
29629,the,1670,18,5
29630,the,1671,7,1
29631,the,1672,3,3
29632,the,1672,7,4
29633,the,1672,9,5
29634,the,1673,0,1
29635,the,1673,3,2
29636,the,1675,0,1
29637,the,1675,13,2
29638,the,1675,15,4
29639,the,1675,16,5
29640,the,1675,30,7
29641,the,1675,39,10
29642,the,1676,2,2
29643,the,1678,0,1
29644,the,1678,5,2
29645,the,1678,15,4
29646,the,1679,6,2
29647,the,1681,1,1
29648,the,1682,3,1
29649,the,1682,8,2
29650,the,1683,3,1
29651,the,1684,11,3
29652,the,1685,2,2
29653,the,1686,4,2
29654,the,1687,11,1
29655,the,1688,12,4
29656,the,1688,15,5
29657,the,1692,1,1
29658,the,1692,4,2
29659,the,1694,0,1
29660,the,1697,1,1
29661,the,1697,14,2
29662,the,1697,18,3
29663,the,1698,14,4
29664,the,1699,3,1
29665,the,1699,8,3
29666,the,1699,14,5
29667,the,1699,20,6
29668,the,1699,34,9
29669,the,1699,41,14
29670,the,1700,0,1
29671,the,1700,5,2
29672,the,1700,15,5
29673,the,1700,19,8
29674,the,1700,41,16
29675,the,1701,0,1
29676,the,1704,2,1
29677,the,1708,24,9
29678,the,1709,0,1
29679,the,1713,18,4
29680,the,1716,4,1
29681,the,1717,3,1
29682,the,1717,5,2
29683,the,1717,7,3
29684,the,1718,12,2
29685,the,1720,3,1
29686,the,1723,0,1
29687,the,1726,0,1
29688,the,1727,8,2
29689,the,1728,9,3
29690,the,1728,14,4
29691,the,1729,15,3
29692,the,1729,19,5
29693,the,1729,27,7
29694,the,1729,28,8
29695,the,1732,25,4
29696,the,1732,35,5
29697,the,1734,9,2
29698,the,1735,8,2
29699,the,1736,0,1
29700,the,1736,2,2
29701,the,1736,8,4
29702,the,1737,13,3
29703,the,1737,16,4
29704,the,1737,27,6
29705,the,1740,6,2
29706,the,1741,7,2
29707,the,1744,14,2
29708,the,1744,18,4
29709,the,1747,3,2
29710,the,1757,2,1
29711,the,1758,5,1
29712,the,1759,13,4
29713,the,1759,16,5
29714,the,1761,4,3
29715,the,1765,0,1
29716,the,1769,9,2
29717,the,1769,22,5
29718,the,1769,27,6
29719,the,1770,11,1
29720,the,1774,2,1
29721,the,1774,43,10
29722,the,1774,47,11
29723,the,1776,1,2
29724,the,1778,6,2
29725,the,1781,10,3
29726,the,1783,9,2
29727,the,1785,2,1
29728,the,1785,7,3
29729,the,1785,9,4
29730,the,1788,11,4
29731,the,1788,19,6
29732,the,1788,32,11
29733,the,1788,36,13
29734,the,1789,6,5
29735,the,1789,9,6
29736,the,1789,17,8
29737,the,1789,27,11
29738,the,1789,43,17
29739,the,1790,13,2
29740,the,1790,17,5
29741,the,1791,1,1
29742,the,1791,2,2
29743,the,1792,17,6
29744,the,1792,22,8
29745,the,1793,0,1
29746,the,1793,2,2
29747,the,1794,1,1
29748,the,1795,41,8
29749,the,1796,0,1
29750,the,1797,5,2
29751,the,1800,1,1
29752,the,1800,4,2
29753,the,1801,5,2
29754,the,1802,0,1
29755,the,1804,23,2
29756,the,1805,7,3
29757,the,1805,18,6
29758,the,1806,18,2
29759,the,1807,10,3
29760,the,1810,9,2
29761,the,1810,15,5
29762,the,1812,2,2
29763,the,1812,7,3
29764,the,1812,10,4
29765,the,1814,6,2
29766,the,1815,14,7
29767,the,1815,25,9
29768,the,1815,28,11
29769,the,1815,44,13
29770,the,1817,4,2
29771,the,1818,6,2
29772,the,1819,2,1
29773,the,1819,11,2
29774,the,1821,2,2
29775,the,1821,5,3
29776,the,1821,10,5
29777,the,1822,14,6
29778,the,1823,2,2
29779,the,1823,9,5
29780,the,1823,13,7
29781,the,1824,3,1
29782,the,1824,11,3
29783,the,1826,9,2
29784,the,1826,28,6
29785,the,1828,8,3
29786,the,1828,15,5
29787,the,1828,20,6
29788,the,1828,24,7
29789,the,1830,3,2
29790,the,1830,14,4
29791,the,1830,33,10
29792,the,1831,1,2
29793,the,1832,4,2
29794,the,1832,14,4
29795,the,1832,20,6
29796,the,1832,37,10
29797,the,1832,41,11
29798,the,1834,6,3
29799,the,1835,3,2
29800,the,1836,8,2
29801,the,1836,14,3
29802,the,1836,27,6
29803,the,1837,1,1
29804,the,1837,13,3
29805,the,1837,25,4
29806,the,1837,30,6
29807,theatre,702,15,3
29808,their,28,29,10
29809,their,45,11,2
29810,their,58,7,0
29811,their,132,2,0
29812,their,133,25,7
29813,their,168,28,5
29814,their,227,16,0
29815,their,246,33,10
29816,their,319,13,1
29817,their,320,12,0
29818,their,434,71,11
29819,their,437,19,4
29820,their,472,16,4
29821,their,510,18,5
29822,their,515,6,1
29823,their,553,2,0
29824,their,564,13,2
29825,their,683,6,0
29826,their,750,22,2
29827,their,750,30,3
29828,their,800,14,5
29829,their,800,18,5
29830,their,816,23,6
29831,their,846,28,9
29832,their,850,22,6
29833,their,878,19,4
29834,their,898,24,3
29835,their,1082,23,11
29836,their,1105,28,4
29837,their,1120,42,6
29838,their,1141,9,1
29839,their,1181,4,0
29840,their,1257,7,1
29841,their,1302,5,1
29842,their,1314,23,7
29843,their,1405,21,4
29844,their,1478,4,1
29845,their,1483,48,10
29846,their,1530,3,0
29847,their,1571,27,8
29848,their,1572,7,2
29849,their,1574,14,6
29850,their,1600,2,2
29851,their,1608,4,2
29852,their,1658,46,11
29853,their,1675,20,6
29854,their,1710,11,2
29855,their,1713,25,5
29856,their,1715,18,1
29857,their,1774,16,3
29858,their,1804,15,1
29859,their,1830,16,4
29860,them,28,51,15
29861,them,58,23,2
29862,them,158,19,2
29863,them,171,28,3
29864,them,174,5,1
29865,them,240,16,2
29866,them,327,6,1
29867,them,365,24,6
29868,them,431,12,1
29869,them,434,92,15
29870,them,437,8,1
29871,them,439,54,9
29872,them,442,9,0
29873,them,635,5,0
29874,them,675,6,0
29875,them,898,20,2
29876,them,931,17,2
29877,them,1015,24,6
29878,them,1076,7,1
29879,them,1119,2,0
29880,them,1149,9,2
29881,them,1207,4,1
29882,them,1210,1,0
29883,them,1214,17,7
29884,them,1214,27,9
29885,them,1222,16,2
29886,them,1225,13,4
29887,them,1250,38,7
29888,them,1268,25,5
29889,them,1268,36,6
29890,them,1302,11,2
29891,them,1317,22,2
29892,them,1593,26,7
29893,them,1597,31,4
29894,them,1602,6,2
29895,them,1610,3,1
29896,them,1630,15,2
29897,them,1637,13,0
29898,them,1689,2,0
29899,them,1795,6,2
29900,them,1795,36,6
29901,them,1806,25,3
29902,then,51,30,11
29903,then,61,8,1
29904,then,62,0,0
29905,then,107,9,1
29906,then,123,0,0
29907,then,133,17,5
29908,then,168,65,11
29909,then,195,6,0
29910,then,209,19,3
29911,then,236,4,0
29912,then,249,15,4
29913,then,263,3,1
29914,then,268,7,0
29915,then,274,0,0
29916,then,275,16,7
29917,then,281,3,1
29918,then,289,24,6
29919,then,293,7,1
29920,then,297,0,0
29921,then,313,0,0
29922,then,321,0,0
29923,then,323,0,0
29924,then,325,23,7
29925,then,326,18,3
29926,then,326,34,6
29927,then,327,12,1
29928,then,371,19,1
29929,then,406,4,0
29930,then,414,18,4
29931,then,422,8,1
29932,then,422,9,1
29933,then,424,3,1
29934,then,432,19,3
29935,then,437,15,4
29936,then,448,16,2
29937,then,450,0,0
29938,then,452,3,0
29939,then,455,0,0
29940,then,456,19,4
29941,then,459,11,4
29942,then,462,1,0
29943,then,481,11,2
29944,then,497,20,3
29945,then,498,5,1
29946,then,505,5,1
29947,then,525,75,12
29948,then,536,0,0
29949,then,567,11,2
29950,then,573,11,1
29951,then,575,4,1
29952,then,580,1,0
29953,then,598,0,0
29954,then,600,0,0
29955,then,614,4,2
29956,then,616,1,0
29957,then,622,1,0
29958,then,624,13,5
29959,then,626,50,12
29960,then,636,0,0
29961,then,637,0,0
29962,then,638,0,0
29963,then,658,1,0
29964,then,663,22,2
29965,then,667,0,0
29966,then,674,0,0
29967,then,676,12,2
29968,then,678,8,4
29969,then,702,0,0
29970,then,705,5,2
29971,then,709,23,0
29972,then,714,8,1
29973,then,725,1,0
29974,then,728,11,2
29975,then,739,9,1
29976,then,741,3,0
29977,then,746,14,5
29978,then,748,19,5
29979,then,757,0,0
29980,then,767,0,0
29981,then,768,9,3
29982,then,774,0,0
29983,then,775,0,0
29984,then,787,0,0
29985,then,794,9,1
29986,then,802,1,0
29987,then,807,0,0
29988,then,810,3,0
29989,then,813,0,0
29990,then,816,25,6
29991,then,819,7,1
29992,then,821,31,6
29993,then,821,83,17
29994,then,827,0,0
29995,then,828,6,0
29996,then,854,19,4
29997,then,858,10,0
29998,then,861,15,1
29999,then,864,1,0
30000,then,869,0,0
30001,then,873,1,0
30002,then,875,0,0
30003,then,875,14,0
30004,then,888,29,7
30005,then,901,19,0
30006,then,913,9,1
30007,then,918,12,0
30008,then,920,1,0
30009,then,923,21,5
30010,then,949,0,0
30011,then,973,1,0
30012,then,978,0,0
30013,then,979,0,0
30014,then,993,0,0
30015,then,1002,11,0
30016,then,1009,24,2
30017,then,1018,0,0
30018,then,1025,5,0
30019,then,1038,0,0
30020,then,1043,54,5
30021,then,1050,7,0
30022,then,1087,9,4
30023,then,1090,8,3
30024,then,1106,39,6
30025,then,1107,0,0
30026,then,1108,1,0
30027,then,1117,0,0
30028,then,1120,32,3
30029,then,1120,45,6
30030,then,1121,9,2
30031,then,1126,51,3
30032,then,1126,53,3
30033,then,1127,54,12
30034,then,1128,7,0
30035,then,1142,7,2
30036,then,1142,18,5
30037,then,1143,16,3
30038,then,1150,0,0
30039,then,1155,5,0
30040,then,1159,0,0
30041,then,1160,1,0
30042,then,1166,2,0
30043,then,1191,0,0
30044,then,1194,23,6
30045,then,1205,0,0
30046,then,1209,5,0
30047,then,1224,11,2
30048,then,1229,34,11
30049,then,1246,10,4
30050,then,1250,16,2
30051,then,1257,16,6
30052,then,1262,0,0
30053,then,1268,37,6
30054,then,1277,0,0
30055,then,1288,8,0
30056,then,1289,1,0
30057,then,1292,40,7
30058,then,1297,0,0
30059,then,1320,18,7
30060,then,1336,32,2
30061,then,1341,0,0
30062,then,1345,1,0
30063,then,1347,5,0
30064,then,1349,7,1
30065,then,1354,19,3
30066,then,1361,0,0
30067,then,1363,18,0
30068,then,1364,5,2
30069,then,1368,0,0
30070,then,1375,19,3
30071,then,1375,30,5
30072,then,1381,23,2
30073,then,1387,0,0
30074,then,1388,43,8
30075,then,1397,26,2
30076,then,1413,59,10
30077,then,1418,2,0
30078,then,1434,0,0
30079,then,1439,6,0
30080,then,1443,20,2
30081,then,1446,11,2
30082,then,1446,34,6
30083,then,1448,0,0
30084,then,1449,24,4
30085,then,1462,0,0
30086,then,1468,0,0
30087,then,1470,2,0
30088,then,1470,7,0
30089,then,1470,17,1
30090,then,1471,8,0
30091,then,1474,0,0
30092,then,1478,14,3
30093,then,1482,6,0
30094,then,1484,1,0
30095,then,1493,8,0
30096,then,1505,23,1
30097,then,1512,6,0
30098,then,1515,5,0
30099,then,1530,0,0
30100,then,1535,22,2
30101,then,1554,1,0
30102,then,1562,1,0
30103,then,1570,13,3
30104,then,1577,1,0
30105,then,1579,0,0
30106,then,1581,0,0
30107,then,1597,3,0
30108,then,1597,23,4
30109,then,1612,0,0
30110,then,1616,4,1
30111,then,1623,4,1
30112,then,1632,0,0
30113,then,1650,2,1
30114,then,1675,37,8
30115,then,1684,0,0
30116,then,1686,0,0
30117,then,1694,3,1
30118,then,1697,13,1
30119,then,1699,33,8
30120,then,1703,1,0
30121,then,1705,1,0
30122,then,1706,0,0
30123,then,1713,28,5
30124,then,1716,1,0
30125,then,1720,9,1
30126,then,1720,20,2
30127,then,1724,0,0
30128,then,1732,21,3
30129,then,1744,1,0
30130,then,1768,0,0
30131,then,1769,20,4
30132,then,1771,10,0
30133,then,1773,13,0
30134,then,1775,0,0
30135,then,1784,9,2
30136,then,1786,0,0
30137,then,1796,3,1
30138,then,1805,0,0
30139,then,1809,5,0
30140,then,1815,0,0
30141,then,1816,12,3
30142,then,1823,6,3
30143,then,1826,0,0
30144,then,1827,10,1
30145,then,1828,12,3
30146,then,1830,28,8
30147,then,1837,7,1
30148,then,1837,31,6
30149,there,35,0,0
30150,there,65,1,0
30151,there,171,19,2
30152,there,220,19,2
30153,there,223,0,0
30154,there,237,13,1
30155,there,270,9,3
30156,there,326,41,6
30157,there,334,12,5
30158,there,337,46,10
30159,there,355,2,0
30160,there,368,14,1
30161,there,380,13,0
30162,there,386,49,5
30163,there,391,0,0
30164,there,393,24,7
30165,there,413,29,4
30166,there,431,0,0
30167,there,434,66,11
30168,there,437,5,1
30169,there,440,4,1
30170,there,457,0,0
30171,there,457,11,2
30172,there,486,3,0
30173,there,486,4,0
30174,there,494,7,0
30175,there,497,6,2
30176,there,497,8,2
30177,there,500,5,0
30178,there,506,18,3
30179,there,509,5,1
30180,there,529,128,33
30181,there,533,10,2
30182,there,533,34,3
30183,there,535,7,1
30184,there,551,0,0
30185,there,564,6,0
30186,there,607,6,0
30187,there,617,0,0
30188,there,623,0,0
30189,there,626,52,12
30190,there,635,4,0
30191,there,664,28,2
30192,there,690,0,0
30193,there,704,0,0
30194,there,731,39,7
30195,there,748,38,7
30196,there,760,7,0
30197,there,761,0,0
30198,there,761,7,2
30199,there,768,21,6
30200,there,778,48,6
30201,there,784,0,0
30202,there,816,13,4
30203,there,816,44,8
30204,there,822,18,6
30205,there,823,2,0
30206,there,824,10,1
30207,there,827,119,17
30208,there,841,1,0
30209,there,843,0,0
30210,there,898,41,5
30211,there,899,8,1
30212,there,933,76,17
30213,there,1006,4,1
30214,there,1006,7,1
30215,there,1013,6,3
30216,there,1024,31,6
30217,there,1057,1,0
30218,there,1086,17,6
30219,there,1108,10,1
30220,there,1123,7,2
30221,there,1142,35,10
30222,there,1177,5,2
30223,there,1229,0,0
30224,there,1234,0,0
30225,there,1244,2,0
30226,there,1245,8,0
30227,there,1257,8,1
30228,there,1259,16,7
30229,there,1291,30,5
30230,there,1316,16,8
30231,there,1318,18,4
30232,there,1318,29,5
30233,there,1321,9,2
30234,there,1380,5,1
30235,there,1405,18,4
30236,there,1424,22,5
30237,there,1424,29,6
30238,there,1446,38,7
30239,there,1453,5,1
30240,there,1535,15,2
30241,there,1561,23,2
30242,there,1592,1,0
30243,there,1675,23,6
30244,there,1720,17,2
30245,there,1720,31,4
30246,there,1795,20,3
30247,there,1795,29,5
30248,there,1795,32,6
30249,there,1815,19,7
30250,there,1815,41,12
30251,there,1818,3,1
30252,there,1822,22,7
30253,there,1826,4,0
30254,there,1830,19,5
30255,there,1832,39,10
30256,they,31,10,2
30257,they,83,5,2
30258,they,132,0,0
30259,they,166,26,3
30260,they,167,0,0
30261,they,169,7,1
30262,they,204,11,3
30263,they,228,7,1
30264,they,303,0,0
30265,they,326,46,8
30266,they,366,11,3
30267,they,428,8,1
30268,they,432,1,0
30269,they,436,4,0
30270,they,556,5,2
30271,they,569,7,2
30272,they,629,0,0
30273,they,709,10,0
30274,they,730,10,1
30275,they,750,0,0
30276,they,750,8,1
30277,they,750,19,1
30278,they,750,35,3
30279,they,751,0,0
30280,they,752,6,0
30281,they,783,4,0
30282,they,822,0,0
30283,they,844,7,1
30284,they,849,0,0
30285,they,888,23,3
30286,they,900,4,0
30287,they,900,24,2
30288,they,901,13,0
30289,they,952,12,5
30290,they,952,17,5
30291,they,952,23,5
30292,they,990,77,16
30293,they,994,1,0
30294,they,1056,58,7
30295,they,1062,2,0
30296,they,1062,5,0
30297,they,1063,0,0
30298,they,1075,0,0
30299,they,1077,12,0
30300,they,1095,5,1
30301,they,1100,16,1
30302,they,1106,25,5
30303,they,1110,13,5
30304,they,1120,15,2
30305,they,1127,4,0
30306,they,1148,3,1
30307,they,1149,5,2
30308,they,1152,1,0
30309,they,1166,1,0
30310,they,1193,13,4
30311,they,1214,0,0
30312,they,1214,11,5
30313,they,1228,0,0
30314,they,1236,26,11
30315,they,1252,0,0
30316,they,1252,7,3
30317,they,1257,0,0
30318,they,1260,0,0
30319,they,1280,5,0
30320,they,1297,5,2
30321,they,1302,0,0
30322,they,1303,4,0
30323,they,1318,0,0
30324,they,1337,1,0
30325,they,1345,2,0
30326,they,1368,1,0
30327,they,1422,6,0
30328,they,1478,10,3
30329,they,1491,7,0
30330,they,1515,4,0
30331,they,1530,1,0
30332,they,1544,14,3
30333,they,1546,8,0
30334,they,1574,28,11
30335,they,1574,44,16
30336,they,1582,1,0
30337,they,1593,10,3
30338,they,1595,3,0
30339,they,1597,4,0
30340,they,1598,25,2
30341,they,1614,0,0
30342,they,1658,18,8
30343,they,1658,36,11
30344,they,1682,0,0
30345,they,1696,13,3
30346,they,1717,8,3
30347,they,1718,0,0
30348,they,1730,1,0
30349,they,1768,3,0
30350,they,1790,6,1
30351,they,1791,22,7
30352,they,1804,0,0
30353,they,1819,14,2
30354,they,1827,12,1
30355,thi,560,1,0
30356,thickets,43,9,4
30357,thickets,1536,6,2
30358,thief,902,1,0
30359,thief,903,6,0
30360,thief,1118,35,5
30361,thief,1797,12,3
30362,thieves,1033,41,7
30363,thigh,55,17,7
30364,thigh,1149,26,6
30365,thigh,1149,28,7
30366,thin,207,5,1
30367,thin,428,58,16
30368,thin,1202,5,1
30369,thin,1451,2,0
30370,thing,84,10,1
30371,thing,228,4,1
30372,thing,449,2,1
30373,thing,476,8,3
30374,thing,529,7,2
30375,thing,540,30,7
30376,thing,692,2,1
30377,thing,705,6,2
30378,thing,900,18,2
30379,thing,993,6,0
30380,thing,1006,6,1
30381,thing,1047,3,0
30382,thing,1179,3,0
30383,thing,1413,20,2
30384,thing,1503,3,1
30385,thing,1559,2,0
30386,thing,1833,7,1
30387,things,495,53,13
30388,things,505,3,1
30389,things,804,41,3
30390,things,933,50,10
30391,things,1040,30,4
30392,think,107,1,0
30393,think,138,1,0
30394,think,204,21,5
30395,think,234,1,0
30396,think,247,10,1
30397,think,351,5,1
30398,think,358,1,0
30399,think,362,3,0
30400,think,432,44,8
30401,think,573,40,7
30402,think,577,30,5
30403,think,587,1,0
30404,think,612,5,0
30405,think,688,27,1
30406,think,753,12,1
30407,think,827,35,7
30408,think,905,5,0
30409,think,907,17,3
30410,think,990,28,9
30411,think,1047,7,0
30412,think,1361,26,4
30413,think,1445,1,0
30414,think,1465,5,0
30415,think,1468,19,5
30416,think,1496,11,1
30417,think,1531,9,1
30418,think,1770,7,0
30419,think,1804,26,2
30420,thinking,594,28,1
30421,thinking,1540,14,5
30422,third,1267,11,2
30423,thirst,1685,8,4
30424,this,38,0,1
30425,this,38,24,8
30426,this,57,8,2
30427,this,58,27,4
30428,this,59,0,1
30429,this,78,8,2
30430,this,198,41,6
30431,this,212,8,1
30432,this,244,1,1
30433,this,250,1,1
30434,this,275,5,3
30435,this,290,24,4
30436,this,366,0,1
30437,this,367,20,7
30438,this,372,1,1
30439,this,383,3,1
30440,this,393,18,5
30441,this,429,21,4
30442,this,432,3,1
30443,this,449,0,1
30444,this,474,0,1
30445,this,529,11,4
30446,this,529,66,18
30447,this,573,75,13
30448,this,586,6,1
30449,this,602,1,1
30450,this,687,9,3
30451,this,728,2,2
30452,this,744,44,11
30453,this,780,1,1
30454,this,812,21,5
30455,this,844,19,4
30456,this,852,11,3
30457,this,854,0,1
30458,this,854,10,3
30459,this,863,8,1
30460,this,931,84,15
30461,this,933,1,1
30462,this,933,12,3
30463,this,933,39,9
30464,this,951,13,2
30465,this,952,3,2
30466,this,954,9,1
30467,this,957,11,4
30468,this,967,8,5
30469,this,990,0,1
30470,this,1003,18,3
30471,this,1017,11,3
30472,this,1024,13,4
30473,this,1035,12,1
30474,this,1035,21,3
30475,this,1037,4,2
30476,this,1112,6,1
30477,this,1124,21,7
30478,this,1127,29,6
30479,this,1127,50,11
30480,this,1131,5,2
30481,this,1203,4,1
30482,this,1243,5,2
30483,this,1277,20,5
30484,this,1302,24,6
30485,this,1318,15,4
30486,this,1337,19,6
30487,this,1391,10,2
30488,this,1416,17,2
30489,this,1535,52,11
30490,this,1577,9,4
30491,this,1583,9,2
30492,this,1623,3,1
30493,this,1633,21,6
30494,this,1656,3,1
30495,this,1691,1,1
30496,this,1696,2,1
30497,this,1700,13,4
30498,this,1710,1,1
30499,this,1715,10,1
30500,this,1729,30,9
30501,this,1739,5,1
30502,this,1739,36,7
30503,this,1740,29,9
30504,this,1742,2,1
30505,this,1742,3,2
30506,this,1752,14,4
30507,this,1754,2,2
30508,this,1766,0,1
30509,this,1769,31,7
30510,this,1789,36,14
30511,this,1805,10,4
30512,this,1806,29,5
30513,this,1811,0,1
30514,this,1815,8,5
30515,this,1816,21,7
30516,this,1818,9,3
30517,this,1822,0,1
30518,this,1823,4,3
30519,thk,911,3,0
30520,tho,573,26,5
30521,thomas,627,41,6
30522,thomas,631,16,7
30523,thomas,631,22,7
30524,thomas,634,7,0
30525,thomas,645,4,0
30526,thome,1109,2,0
30527,thong,774,14,2
30528,thorn,2,6,1
30529,thorn,1052,2,1
30530,thorne,1105,25,4
30531,thorne,1112,11,2
30532,thorns,1710,9,1
30533,thoroughly,689,1,0
30534,those,105,3,2
30535,those,146,0,1
30536,those,155,14,4
30537,those,171,12,1
30538,those,220,17,2
30539,those,567,35,6
30540,those,827,112,16
30541,those,898,31,5
30542,those,1708,4,2
30543,those,1740,18,5
30544,thou,816,33,6
30545,though,319,15,1
30546,though,470,0,0
30547,though,535,8,1
30548,though,664,19,1
30549,though,933,69,14
30550,though,1033,34,6
30551,thought,166,24,3
30552,thought,191,14,3
30553,thought,198,40,5
30554,thought,204,50,14
30555,thought,323,8,1
30556,thought,326,6,2
30557,thought,380,3,0
30558,thought,425,33,5
30559,thought,480,2,0
30560,thought,489,8,1
30561,thought,520,5,0
30562,thought,524,6,0
30563,thought,697,20,2
30564,thought,793,12,0
30565,thought,1019,28,8
30566,thought,1047,13,2
30567,thought,1105,7,3
30568,thought,1125,17,2
30569,thought,1131,16,2
30570,thought,1197,7,1
30571,thought,1292,63,13
30572,thought,1449,17,3
30573,thought,1595,10,3
30574,thought,1677,6,1
30575,thoughtfully,107,4,0
30576,thoughtless,671,4,0
30577,thoughts,38,11,5
30578,thoughts,127,13,4
30579,thoughts,428,2,1
30580,thoughts,525,88,14
30581,thoughts,688,25,1
30582,thoughts,1141,43,7
30583,thousand,123,10,4
30584,thousand,124,4,0
30585,thousand,184,7,0
30586,thousand,1151,9,3
30587,thr,1660,22,8
30588,thread,977,12,4
30589,thread,979,7,2
30590,threadbare,490,6,2
30591,threaded,1715,3,0
30592,threatened,342,6,0
30593,three,43,29,9
30594,three,79,2,1
30595,three,144,1,1
30596,three,144,3,1
30597,three,155,15,4
30598,three,302,9,0
30599,three,382,14,2
30600,three,383,26,5
30601,three,587,51,5
30602,three,645,10,1
30603,three,661,2,0
30604,three,823,12,1
30605,three,1105,30,4
30606,three,1105,43,8
30607,three,1280,2,0
30608,three,1299,17,4
30609,three,1318,12,2
30610,three,1531,19,2
30611,three,1640,4,1
30612,three,1727,11,2
30613,threshold,948,28,9
30614,threshold,966,3,1
30615,threshold,1003,32,6
30616,threw,268,31,7
30617,threw,458,12,6
30618,threw,1452,9,1
30619,thrill,824,56,14
30620,thrilled,268,27,7
30621,thrilling,58,54,8
30622,thrive,41,32,5
30623,throat,252,42,6
30624,throat,933,17,3
30625,throat,1086,22,7
30626,throat,1316,1,0
30627,throat,1602,25,11
30628,throat,1799,25,4
30629,throats,368,22,4
30630,throaty,1320,2,1
30631,throng,43,41,11
30632,throng,1229,51,15
30633,throttled,195,4,0
30634,throttled,1223,17,5
30635,through,44,24,5
30636,through,50,29,7
30637,through,54,34,5
30638,through,152,0,0
30639,through,204,7,1
30640,through,248,2,0
30641,through,286,0,0
30642,through,428,4,1
30643,through,429,30,4
30644,through,438,19,2
30645,through,451,2,0
30646,through,491,26,4
30647,through,498,7,1
30648,through,499,5,2
30649,through,539,10,2
30650,through,559,8,1
30651,through,573,63,12
30652,through,626,26,5
30653,through,674,15,3
30654,through,674,18,3
30655,through,768,20,6
30656,through,775,1,0
30657,through,789,10,1
30658,through,809,22,4
30659,through,809,24,5
30660,through,821,22,3
30661,through,876,4,1
30662,through,974,1,0
30663,through,1034,25,4
30664,through,1148,6,1
30665,through,1149,11,2
30666,through,1180,5,1
30667,through,1183,7,1
30668,through,1221,18,6
30669,through,1226,27,8
30670,through,1245,30,4
30671,through,1252,2,0
30672,through,1280,8,0
30673,through,1331,3,0
30674,through,1372,23,4
30675,through,1421,16,4
30676,through,1536,3,1
30677,through,1537,13,2
30678,through,1552,7,2
30679,through,1598,40,7
30680,through,1609,7,0
30681,through,1614,2,0
30682,through,1628,52,10
30683,through,1727,7,1
30684,through,1833,5,1
30685,through,1837,33,6
30686,throw,670,7,0
30687,thrust,921,6,2
30688,thrusting,1019,5,1
30689,thumb,1704,6,2
30690,thumbs,730,27,2
30691,thumping,325,19,5
30692,thunder,1055,13,6
30693,thunder,1824,13,3
30694,thundered,1609,19,4
30695,thus,366,9,3
30696,thus,514,0,0
30697,thy,818,26,6
30698,thy,821,12,0
30699,thy,1627,3,0
30700,thy,1627,4,0
30701,tial,589,4,2
30702,tide,1674,5,1
30703,tided,944,4,0
30704,tiens,1361,15,3
30705,tiens,1493,1,0
30706,tiens,1501,0,0
30707,tiercelet,854,11,3
30708,ties,1609,9,1
30709,ties,1664,8,3
30710,tified,952,10,5
30711,tiful,1420,40,6
30712,tify,1081,19,0
30713,tight,132,5,0
30714,tightened,1834,5,2
30715,tightening,974,10,2
30716,tighter,1799,5,0
30717,tightly,1806,4,0
30718,tiled,150,17,7
30719,till,236,30,2
30720,till,800,20,5
30721,tilting,1363,32,1
30722,timacy,437,14,4
30723,timbre,116,11,4
30724,time,117,7,4
30725,time,140,5,0
30726,time,147,4,0
30727,time,217,18,2
30728,time,247,20,3
30729,time,249,19,6
30730,time,288,29,8
30731,time,351,9,3
30732,time,383,4,1
30733,time,389,25,7
30734,time,403,4,1
30735,time,430,3,1
30736,time,525,30,5
30737,time,556,10,3
30738,time,589,19,5
30739,time,613,20,4
30740,time,707,2,1
30741,time,819,2,0
30742,time,863,9,1
30743,time,898,43,5
30744,time,923,1,1
30745,time,923,3,2
30746,time,952,35,9
30747,time,1063,3,0
30748,time,1085,3,0
30749,time,1094,23,3
30750,time,1143,33,7
30751,time,1179,25,5
30752,time,1179,27,6
30753,time,1431,7,0
30754,time,1436,8,1
30755,time,1449,3,0
30756,time,1581,3,2
30757,time,1598,27,3
30758,time,1628,48,9
30759,time,1686,7,2
30760,time,1714,3,1
30761,time,1774,3,1
30762,time,1798,2,2
30763,time,1806,15,1
30764,time,1815,32,12
30765,time,1827,16,3
30766,"time?""",1656,4,1
30767,times,482,16,4
30768,times,613,1,0
30769,times,691,28,7
30770,times,936,8,2
30771,times,936,11,2
30772,times,1043,51,5
30773,times,1105,31,4
30774,times,1105,44,8
30775,times,1280,3,0
30776,times,1652,12,3
30777,times,1788,1,0
30778,times,1832,10,3
30779,timidity,1744,28,4
30780,timidly,1047,38,4
30781,timidly,1404,15,2
30782,tinct,709,7,0
30783,tinctly,1304,13,4
30784,tine,122,3,0
30785,tine,1436,30,4
30786,tinent,193,4,0
30787,ting,115,6,1
30788,tinged,337,18,5
30789,tingling,1708,7,2
30790,tinkle,70,8,2
30791,tinkle,284,11,5
30792,tinkled,800,24,6
30793,tinkling,799,14,5
30794,tint,338,14,4
30795,tinted,337,38,9
30796,tinted,413,36,6
30797,tinted,415,7,1
30798,tinued,341,5,0
30799,tinued,586,13,1
30800,tinued,1024,35,6
30801,tiny,985,10,5
30802,tion,57,10,2
30803,tion,255,14,3
30804,tion,269,29,9
30805,tion,348,4,1
30806,tion,464,5,3
30807,tion,698,10,3
30808,tion,752,19,4
30809,tion,776,12,1
30810,tion,816,11,4
30811,tion,823,17,3
30812,tion,1177,3,2
30813,tion,1447,9,3
30814,tion,1487,3,0
30815,tion,1558,8,1
30816,tion,1666,3,0
30817,tion,1815,47,14
30818,tion,1833,4,1
30819,tional,1178,6,2
30820,tioned,472,11,4
30821,tions,268,12,2
30822,tions,663,18,2
30823,tip,720,51,8
30824,tipped,858,11,0
30825,tipped,1540,3,3
30826,tiptoe,1749,13,0
30827,tired,542,7,0
30828,tired,550,12,4
30829,tired,587,26,3
30830,tired,595,2,0
30831,tired,701,29,3
30832,tired,788,6,0
30833,tired,1025,27,3
30834,tireur,1057,21,2
30835,tireurs,1171,7,1
30836,tissot,1390,5,0
30837,tittered,906,3,0
30838,tity,750,14,1
30839,tive,514,26,4
30840,tive,1758,3,0
30841,tle,963,3,0
30842,tling,993,25,4
30843,tlream,592,10,2
30844,to,12,4,2
30845,to,20,9,3
30846,to,23,24,5
30847,to,27,29,13
30848,to,28,14,5
30849,to,31,12,3
30850,to,32,10,2
30851,to,32,15,4
30852,to,33,24,2
30853,to,33,28,3
30854,to,35,11,2
30855,to,37,16,4
30856,to,37,21,5
30857,to,40,8,4
30858,to,43,80,26
30859,to,44,17,4
30860,to,47,5,1
30861,to,50,7,2
30862,to,51,11,6
30863,to,51,32,12
30864,to,55,2,1
30865,to,56,6,2
30866,to,58,11,1
30867,to,58,59,9
30868,to,58,76,16
30869,to,60,10,2
30870,to,62,8,3
30871,to,64,3,1
30872,to,67,3,1
30873,to,67,21,3
30874,to,69,10,2
30875,to,70,6,1
30876,to,71,9,2
30877,to,73,37,10
30878,to,76,26,3
30879,to,76,30,6
30880,to,93,5,2
30881,to,96,11,4
30882,to,98,8,3
30883,to,104,0,1
30884,to,107,7,1
30885,to,111,2,1
30886,to,116,8,3
30887,to,117,2,1
30888,to,118,33,7
30889,to,126,2,2
30890,to,129,13,2
30891,to,142,15,2
30892,to,142,33,5
30893,to,142,39,8
30894,to,143,8,2
30895,to,144,8,2
30896,to,144,15,4
30897,to,145,6,3
30898,to,151,9,4
30899,to,153,23,6
30900,to,155,13,3
30901,to,162,11,1
30902,to,164,14,1
30903,to,167,2,2
30904,to,168,14,2
30905,to,168,50,10
30906,to,168,74,13
30907,to,174,1,1
30908,to,184,14,1
30909,to,191,12,3
30910,to,196,8,1
30911,to,198,18,5
30912,to,198,48,7
30913,to,199,17,2
30914,to,203,10,4
30915,to,205,27,5
30916,to,216,3,1
30917,to,217,19,3
30918,to,228,13,3
30919,to,229,8,1
30920,to,230,2,1
30921,to,231,12,1
30922,to,232,16,4
30923,to,233,0,1
30924,to,234,3,1
30925,to,235,19,3
30926,to,236,10,1
30927,to,236,17,2
30928,to,236,45,3
30929,to,240,23,4
30930,to,241,5,2
30931,to,244,11,3
30932,to,244,23,6
30933,to,246,25,7
30934,to,246,29,8
30935,to,246,32,10
30936,to,249,4,2
30937,to,249,10,4
30938,to,263,18,4
30939,to,264,5,1
30940,to,264,13,4
30941,to,268,17,5
30942,to,268,21,6
30943,to,269,7,3
30944,to,269,16,5
30945,to,271,12,7
30946,to,275,7,4
30947,to,282,24,7
30948,to,283,22,6
30949,to,289,28,8
30950,to,290,28,5
30951,to,290,32,7
30952,to,290,33,8
30953,to,293,18,4
30954,to,294,21,4
30955,to,294,33,8
30956,to,298,12,2
30957,to,299,7,1
30958,to,300,1,1
30959,to,303,6,1
30960,to,303,18,4
30961,to,303,28,6
30962,to,312,3,1
30963,to,315,8,3
30964,to,315,28,8
30965,to,315,30,9
30966,to,317,1,1
30967,to,320,21,2
30968,to,323,5,1
30969,to,324,4,2
30970,to,325,15,5
30971,to,326,21,4
30972,to,328,20,2
30973,to,336,10,2
30974,to,336,12,3
30975,to,341,12,2
30976,to,343,2,1
30977,to,346,19,2
30978,to,347,8,2
30979,to,351,4,1
30980,to,352,4,1
30981,to,355,11,3
30982,to,365,4,1
30983,to,365,27,7
30984,to,368,20,4
30985,to,370,28,4
30986,to,373,11,1
30987,to,376,2,1
30988,to,385,4,2
30989,to,387,5,2
30990,to,392,3,1
30991,to,394,6,1
30992,to,396,5,1
30993,to,397,25,7
30994,to,397,34,9
30995,to,398,2,1
30996,to,398,8,4
30997,to,399,15,1
30998,to,402,2,1
30999,to,405,7,2
31000,to,411,4,2
31001,to,416,12,2
31002,to,419,9,4
31003,to,421,2,1
31004,to,423,44,9
31005,to,424,26,5
31006,to,425,4,2
31007,to,425,11,3
31008,to,425,27,5
31009,to,426,22,4
31010,to,428,54,15
31011,to,428,61,17
31012,to,430,2,1
31013,to,432,29,7
31014,to,433,4,3
31015,to,434,7,2
31016,to,435,5,2
31017,to,439,50,9
31018,to,439,55,10
31019,to,445,6,2
31020,to,454,4,1
31021,to,458,6,4
31022,to,460,4,2
31023,to,460,29,11
31024,to,463,12,2
31025,to,464,2,3
31026,to,465,8,3
31027,to,470,8,2
31028,to,476,5,2
31029,to,476,12,5
31030,to,479,2,1
31031,to,481,6,1
31032,to,481,13,3
31033,to,486,14,2
31034,to,490,11,4
31035,to,491,59,12
31036,to,497,25,5
31037,to,498,11,3
31038,to,502,11,2
31039,to,504,3,1
31040,to,508,12,3
31041,to,509,19,2
31042,to,510,5,2
31043,to,513,2,1
31044,to,514,31,5
31045,to,518,18,3
31046,to,520,26,5
31047,to,522,10,2
31048,to,522,16,3
31049,to,525,32,7
31050,to,525,68,12
31051,to,526,8,1
31052,to,526,30,4
31053,to,526,42,8
31054,to,526,46,10
31055,to,529,12,5
31056,to,529,23,7
31057,to,529,101,27
31058,to,529,104,28
31059,to,529,121,32
31060,to,529,126,33
31061,to,533,25,3
31062,to,536,6,1
31063,to,540,6,2
31064,to,541,15,2
31065,to,542,12,1
31066,to,549,2,1
31067,to,549,6,2
31068,to,550,1,2
31069,to,559,3,1
31070,to,564,10,1
31071,to,567,3,1
31072,to,571,9,4
31073,to,573,16,4
31074,to,573,89,14
31075,to,575,22,6
31076,to,576,6,1
31077,to,577,37,8
31078,to,581,8,1
31079,to,582,11,3
31080,to,582,18,5
31081,to,582,20,6
31082,to,583,3,1
31083,to,583,8,3
31084,to,587,22,2
31085,to,587,75,10
31086,to,588,3,1
31087,to,589,13,3
31088,to,589,40,7
31089,to,592,7,1
31090,to,595,6,1
31091,to,597,1,1
31092,to,616,7,1
31093,to,643,5,1
31094,to,645,5,1
31095,to,650,6,1
31096,to,651,11,4
31097,to,658,6,3
31098,to,658,23,7
31099,to,660,16,5
31100,to,663,27,3
31101,to,664,22,2
31102,to,666,3,1
31103,to,666,23,4
31104,to,671,6,2
31105,to,672,23,6
31106,to,673,30,6
31107,to,674,5,2
31108,to,676,10,1
31109,to,676,11,2
31110,to,678,1,1
31111,to,678,3,2
31112,to,678,7,4
31113,to,679,5,2
31114,to,680,5,1
31115,to,680,43,7
31116,to,680,55,9
31117,to,683,9,1
31118,to,687,4,2
31119,to,693,15,3
31120,to,693,29,10
31121,to,693,45,14
31122,to,697,25,3
31123,to,700,13,5
31124,to,709,28,2
31125,to,714,2,1
31126,to,720,36,4
31127,to,720,52,9
31128,to,725,15,4
31129,to,730,26,2
31130,to,731,12,2
31131,to,731,27,7
31132,to,733,4,1
31133,to,734,5,1
31134,to,736,4,2
31135,to,739,11,2
31136,to,744,33,6
31137,to,747,4,2
31138,to,748,28,6
31139,to,748,47,8
31140,to,749,13,1
31141,to,750,5,1
31142,to,759,8,2
31143,to,759,19,3
31144,to,761,24,7
31145,to,762,11,3
31146,to,763,35,6
31147,to,766,2,1
31148,to,774,15,3
31149,to,785,19,1
31150,to,787,2,1
31151,to,789,11,2
31152,to,791,15,5
31153,to,794,6,1
31154,to,795,12,2
31155,to,796,3,1
31156,to,799,6,3
31157,to,800,4,2
31158,to,800,9,4
31159,to,803,5,1
31160,to,804,9,1
31161,to,806,21,4
31162,to,807,2,1
31163,to,809,44,13
31164,to,812,8,2
31165,to,813,3,3
31166,to,815,9,5
31167,to,819,3,1
31168,to,820,4,1
31169,to,822,20,8
31170,to,823,9,1
31171,to,824,11,2
31172,to,824,57,15
31173,to,826,12,5
31174,to,827,31,7
31175,to,827,48,11
31176,to,827,69,14
31177,to,827,87,15
31178,to,844,15,3
31179,to,845,2,1
31180,to,846,23,6
31181,to,846,55,11
31182,to,848,11,3
31183,to,849,2,1
31184,to,850,11,4
31185,to,850,21,6
31186,to,855,5,1
31187,to,855,12,3
31188,to,857,12,3
31189,to,864,7,2
31190,to,864,12,4
31191,to,865,22,4
31192,to,865,27,7
31193,to,865,29,8
31194,to,866,3,2
31195,to,866,7,4
31196,to,867,16,5
31197,to,867,20,8
31198,to,868,11,6
31199,to,871,9,4
31200,to,876,3,1
31201,to,876,10,2
31202,to,898,12,1
31203,to,898,29,4
31204,to,905,24,1
31205,to,908,11,1
31206,to,910,2,1
31207,to,919,3,1
31208,to,923,2,2
31209,to,923,23,6
31210,to,930,1,1
31211,to,931,40,7
31212,to,933,74,17
31213,to,934,1,1
31214,to,937,2,1
31215,to,937,16,3
31216,to,937,26,6
31217,to,938,4,1
31218,to,941,16,6
31219,to,944,8,1
31220,to,947,13,5
31221,to,948,11,4
31222,to,949,10,2
31223,to,949,43,11
31224,to,952,33,9
31225,to,963,16,3
31226,to,969,14,5
31227,to,981,12,5
31228,to,983,3,3
31229,to,991,5,1
31230,to,991,7,2
31231,to,991,18,3
31232,to,991,26,4
31233,to,993,16,1
31234,to,996,2,1
31235,to,998,28,3
31236,to,1001,12,4
31237,to,1008,18,5
31238,to,1008,27,6
31239,to,1009,23,2
31240,to,1017,8,1
31241,to,1017,17,4
31242,to,1019,8,2
31243,to,1019,25,8
31244,to,1020,12,6
31245,to,1024,68,9
31246,to,1025,18,2
31247,to,1025,40,4
31248,to,1032,26,4
31249,to,1032,29,5
31250,to,1032,44,7
31251,to,1033,2,1
31252,to,1034,20,4
31253,to,1036,5,1
31254,to,1040,32,5
31255,to,1042,60,7
31256,to,1042,69,8
31257,to,1043,86,11
31258,to,1043,89,13
31259,to,1046,3,1
31260,to,1046,16,2
31261,to,1050,18,1
31262,to,1052,1,1
31263,to,1053,1,1
31264,to,1054,5,3
31265,to,1055,26,10
31266,to,1056,33,4
31267,to,1056,35,5
31268,to,1057,5,1
31269,to,1066,8,2
31270,to,1066,13,5
31271,to,1066,19,6
31272,to,1071,15,1
31273,to,1078,4,1
31274,to,1078,7,2
31275,to,1081,36,2
31276,to,1084,2,2
31277,to,1094,11,2
31278,to,1100,23,2
31279,to,1105,51,10
31280,to,1106,11,2
31281,to,1106,20,4
31282,to,1106,90,20
31283,to,1107,3,1
31284,to,1107,14,4
31285,to,1109,10,1
31286,to,1110,12,5
31287,to,1112,17,3
31288,to,1117,4,3
31289,to,1119,18,1
31290,to,1120,35,4
31291,to,1120,41,6
31292,to,1123,9,3
31293,to,1125,15,1
31294,to,1126,66,5
31295,to,1127,47,10
31296,to,1129,14,1
31297,to,1133,1,2
31298,to,1138,11,3
31299,to,1141,24,4
31300,to,1149,23,6
31301,to,1149,27,7
31302,to,1155,21,3
31303,to,1159,27,5
31304,to,1164,4,1
31305,to,1178,9,3
31306,to,1179,12,2
31307,to,1179,22,4
31308,to,1179,26,6
31309,to,1179,31,7
31310,to,1185,7,2
31311,to,1185,34,7
31312,to,1185,41,8
31313,to,1189,2,2
31314,to,1190,5,2
31315,to,1201,7,3
31316,to,1204,2,1
31317,to,1204,5,2
31318,to,1206,3,1
31319,to,1214,6,3
31320,to,1216,2,1
31321,to,1219,5,2
31322,to,1225,8,4
31323,to,1226,1,1
31324,to,1226,3,2
31325,to,1231,29,9
31326,to,1233,15,5
31327,to,1235,25,2
31328,to,1236,28,12
31329,to,1240,8,1
31330,to,1252,9,4
31331,to,1257,13,5
31332,to,1263,2,2
31333,to,1267,2,1
31334,to,1270,15,3
31335,to,1273,0,1
31336,to,1284,1,1
31337,to,1284,17,2
31338,to,1289,2,1
31339,to,1291,23,3
31340,to,1292,19,3
31341,to,1292,69,14
31342,to,1298,0,1
31343,to,1299,21,5
31344,to,1302,23,5
31345,to,1303,22,1
31346,to,1304,1,1
31347,to,1304,19,7
31348,to,1304,22,8
31349,to,1304,28,10
31350,to,1312,7,3
31351,to,1316,10,6
31352,to,1318,2,1
31353,to,1324,6,1
31354,to,1327,11,3
31355,to,1329,3,2
31356,to,1334,10,3
31357,to,1340,2,1
31358,to,1340,5,3
31359,to,1341,5,2
31360,to,1345,9,3
31361,to,1347,9,1
31362,to,1347,15,2
31363,to,1354,8,1
31364,to,1358,3,1
31365,to,1358,24,4
31366,to,1374,11,3
31367,to,1374,36,7
31368,to,1378,3,1
31369,to,1380,3,1
31370,to,1388,12,3
31371,to,1397,15,2
31372,to,1397,33,4
31373,to,1399,1,1
31374,to,1405,28,5
31375,to,1413,55,9
31376,to,1413,58,10
31377,to,1416,14,1
31378,to,1419,2,1
31379,to,1419,5,2
31380,to,1420,23,1
31381,to,1424,20,4
31382,to,1424,21,5
31383,to,1427,6,2
31384,to,1430,9,2
31385,to,1432,10,2
31386,to,1436,54,8
31387,to,1441,27,3
31388,to,1443,29,5
31389,to,1444,28,3
31390,to,1449,8,2
31391,to,1450,9,2
31392,to,1453,19,7
31393,to,1459,6,1
31394,to,1464,20,3
31395,to,1468,10,4
31396,to,1470,10,1
31397,to,1476,30,1
31398,to,1478,36,9
31399,to,1480,3,3
31400,to,1483,14,4
31401,to,1483,16,5
31402,to,1485,3,3
31403,to,1495,9,1
31404,to,1495,10,2
31405,to,1499,1,1
31406,to,1503,6,2
31407,to,1507,5,1
31408,to,1507,12,3
31409,to,1507,21,6
31410,to,1510,12,2
31411,to,1510,16,3
31412,to,1510,17,4
31413,to,1510,19,5
31414,to,1511,5,1
31415,to,1515,10,1
31416,to,1521,12,3
31417,to,1521,21,7
31418,to,1524,21,4
31419,to,1524,46,12
31420,to,1524,57,16
31421,to,1525,10,2
31422,to,1525,14,3
31423,to,1525,20,4
31424,to,1530,15,5
31425,to,1531,21,3
31426,to,1532,16,4
31427,to,1535,5,1
31428,to,1535,8,2
31429,to,1537,22,5
31430,to,1541,12,1
31431,to,1542,17,2
31432,to,1545,5,1
31433,to,1548,24,7
31434,to,1552,14,4
31435,to,1562,3,1
31436,to,1564,2,1
31437,to,1566,3,1
31438,to,1567,5,1
31439,to,1572,28,10
31440,to,1574,25,10
31441,to,1574,26,11
31442,to,1579,6,1
31443,to,1598,16,2
31444,to,1600,6,3
31445,to,1606,6,1
31446,to,1611,22,4
31447,to,1612,3,1
31448,to,1614,12,4
31449,to,1614,52,9
31450,to,1616,14,2
31451,to,1618,2,1
31452,to,1619,15,2
31453,to,1621,3,1
31454,to,1628,7,3
31455,to,1632,10,3
31456,to,1639,7,1
31457,to,1641,8,3
31458,to,1642,3,1
31459,to,1646,0,1
31460,to,1647,11,6
31461,to,1648,9,4
31462,to,1653,1,1
31463,to,1654,4,1
31464,to,1657,4,2
31465,to,1658,2,1
31466,to,1658,22,9
31467,to,1660,8,5
31468,to,1661,7,1
31469,to,1662,18,2
31470,to,1663,3,3
31471,to,1665,3,1
31472,to,1665,12,3
31473,to,1665,25,5
31474,to,1665,37,7
31475,to,1665,54,10
31476,to,1668,15,4
31477,to,1678,27,6
31478,to,1679,2,1
31479,to,1688,11,3
31480,to,1697,19,4
31481,to,1698,7,2
31482,to,1700,23,10
31483,to,1705,11,4
31484,to,1705,18,6
31485,to,1706,9,2
31486,to,1707,1,1
31487,to,1708,14,5
31488,to,1708,20,8
31489,to,1708,26,10
31490,to,1711,15,1
31491,to,1718,5,1
31492,to,1724,1,1
31493,to,1726,14,5
31494,to,1728,7,2
31495,to,1733,12,3
31496,to,1734,7,1
31497,to,1737,11,2
31498,to,1739,22,4
31499,to,1744,16,3
31500,to,1761,2,1
31501,to,1766,16,3
31502,to,1774,18,4
31503,to,1774,20,5
31504,to,1784,6,2
31505,to,1787,2,2
31506,to,1788,29,9
31507,to,1789,2,2
31508,to,1789,19,9
31509,to,1789,45,18
31510,to,1790,3,1
31511,to,1790,14,3
31512,to,1790,16,4
31513,to,1791,15,5
31514,to,1791,17,6
31515,to,1791,20,7
31516,to,1791,24,8
31517,to,1792,1,1
31518,to,1792,5,3
31519,to,1795,10,3
31520,to,1795,30,6
31521,to,1799,23,4
31522,to,1806,24,3
31523,to,1807,6,2
31524,to,1810,12,3
31525,to,1812,1,1
31526,to,1815,1,1
31527,to,1815,5,4
31528,to,1815,13,6
31529,to,1816,2,1
31530,to,1816,8,2
31531,to,1817,1,1
31532,to,1820,1,1
31533,to,1821,12,6
31534,to,1822,2,2
31535,to,1822,12,4
31536,to,1825,12,3
31537,to,1826,20,4
31538,to,1829,5,1
31539,to,1830,10,3
31540,to,1834,11,4
31541,to,1836,18,4
31542,to,1837,29,5
31543,toast,1105,38,7
31544,toast,1106,9,1
31545,toast,1106,28,6
31546,toast,1106,43,8
31547,toddled,1444,6,1
31548,toes,935,5,1
31549,toes,1697,44,11
31550,together,423,10,2
31551,together,515,3,0
31552,together,891,12,2
31553,together,1012,8,2
31554,together,1587,12,1
31555,together,1790,9,1
31556,together,1791,26,8
31557,toi,1089,6,0
31558,toilet,925,5,1
31559,toilet,956,4,1
31560,told,31,16,3
31561,told,168,66,11
31562,told,236,6,0
31563,told,276,1,0
31564,told,422,24,1
31565,told,425,63,11
31566,told,529,87,24
31567,told,558,2,0
31568,told,728,13,2
31569,told,835,3,0
31570,told,835,4,0
31571,told,859,6,0
31572,told,864,3,0
31573,told,1056,26,2
31574,told,1056,29,2
31575,told,1126,46,3
31576,told,1347,0,0
31577,told,1364,7,2
31578,told,1618,5,1
31579,tolerably,1570,7,2
31580,tom,334,8,4
31581,tomed,933,73,16
31582,ton,29,16,6
31583,ton,979,3,1
31584,tone,376,7,1
31585,tone,1681,2,1
31586,toned,390,2,1
31587,tones,525,11,2
31588,tones,778,56,9
31589,tones,931,69,12
31590,tones,940,13,2
31591,tongue,923,12,4
31592,tonished,188,16,0
31593,tonton,809,4,1
31594,too,244,3,1
31595,too,370,9,0
31596,too,378,19,4
31597,too,425,14,3
31598,too,505,4,1
31599,too,567,13,2
31600,too,626,51,12
31601,too,659,5,0
31602,too,898,34,5
31603,too,1126,56,3
31604,too,1193,10,4
31605,too,1337,6,1
31606,too,1451,1,0
31607,too,1464,12,2
31608,too,1496,2,0
31609,too,1572,2,1
31610,too,1611,8,3
31611,too,1711,1,0
31612,too,1791,7,2
31613,too,1822,7,3
31614,took,249,1,0
31615,took,296,7,0
31616,took,532,3,1
31617,took,578,12,0
31618,took,657,16,0
31619,took,688,33,1
31620,took,741,5,0
31621,took,743,5,0
31622,took,801,3,1
31623,took,826,4,1
31624,took,1003,25,3
31625,took,1120,23,2
31626,took,1277,4,2
31627,took,1347,26,5
31628,took,1374,22,5
31629,took,1446,9,2
31630,took,1449,1,0
31631,took,1486,1,0
31632,took,1573,14,5
31633,took,1653,20,4
31634,took,1837,22,3
31635,top,554,12,2
31636,top,1422,1,0
31637,tops,1084,15,5
31638,tor,151,18,7
31639,tor,408,19,1
31640,torches,1249,8,4
31641,tore,439,29,4
31642,tore,463,2,0
31643,tore,1036,12,3
31644,tormented,589,8,2
31645,tormented,1789,34,13
31646,torn,1263,7,2
31647,torn,1740,22,5
31648,torrent,1605,34,9
31649,tortions,414,9,2
31650,torture,567,44,9
31651,tortured,423,22,5
31652,toss,1466,8,1
31653,tossed,707,4,1
31654,tossed,709,5,0
31655,tossed,827,53,11
31656,tossed,996,5,1
31657,tossed,1018,1,0
31658,tossing,764,19,2
31659,tossing,1593,13,3
31660,total,1705,6,1
31661,tottered,1263,14,6
31662,touch,432,12,1
31663,touch,735,4,1
31664,touch,1532,8,1
31665,touch,1795,43,8
31666,touched,918,11,0
31667,touched,1454,11,4
31668,touched,1665,62,11
31669,touched,1769,8,1
31670,touching,148,29,7
31671,touching,949,44,11
31672,toward,385,41,11
31673,toward,476,1,0
31674,toward,518,6,0
31675,toward,528,17,6
31676,toward,947,7,3
31677,toward,1011,4,0
31678,toward,1418,10,0
31679,toward,1570,18,3
31680,toward,1573,17,5
31681,toward,1794,0,0
31682,tower,150,7,3
31683,tower,1461,3,1
31684,tower,1574,53,18
31685,towers,572,10,2
31686,towers,983,21,9
31687,towers,1456,9,4
31688,town,46,8,2
31689,toy,1333,11,2
31690,tqual,2,1,0
31691,traces,385,10,4
31692,tracing,1377,37,3
31693,track,1210,9,0
31694,track,1212,7,3
31695,track,1443,30,5
31696,trade,621,2,0
31697,traffic,1664,11,4
31698,tragedy,733,14,1
31699,tragedy,750,7,1
31700,trails,1055,17,9
31701,train,1545,42,4
31702,train,1598,29,4
31703,train,1599,9,4
31704,train,1609,18,4
31705,training,21,7,5
31706,tram,1422,2,0
31707,tramp,168,35,5
31708,tramp,1460,41,4
31709,tranquil,361,15,2
31710,tranquil,426,1,0
31711,tranquilly,486,16,2
31712,transaction,1670,4,2
31713,transferred,800,8,3
31714,translated,39,5,2
31715,translated,1638,7,1
31716,transports,168,31,5
31717,trappings,540,46,12
31718,tration,15,20,5
31719,travelled,923,13,4
31720,travels,460,16,5
31721,traversed,315,6,1
31722,traversing,1810,8,1
31723,tray,1295,9,0
31724,treasures,58,85,17
31725,treat,697,30,3
31726,treat,1050,35,1
31727,treaties,27,8,4
31728,treating,558,8,0
31729,treating,948,10,3
31730,treatment,32,17,4
31731,treble,105,10,2
31732,tree,672,8,2
31733,tree,1331,11,3
31734,tree,1682,10,2
31735,tree,1737,10,1
31736,tree,1737,12,2
31737,tree,1828,34,8
31738,trees,23,6,0
31739,trees,167,15,5
31740,trees,283,14,5
31741,trees,284,38,11
31742,trees,701,45,4
31743,trees,848,16,6
31744,trees,1315,7,4
31745,trees,1331,7,2
31746,trees,1537,15,3
31747,trees,1603,0,0
31748,trees,1615,10,4
31749,tremble,292,8,1
31750,trembled,326,17,3
31751,trembled,682,9,0
31752,trembled,809,26,6
31753,trembled,1218,2,0
31754,trembled,1678,34,8
31755,trembled,1832,11,3
31756,trembles,38,38,11
31757,trembling,204,45,13
31758,trembling,240,21,3
31759,trembling,490,22,7
31760,trembling,680,13,2
31761,trembling,1129,7,0
31762,trembling,1188,4,1
31763,trembling,1242,2,0
31764,trembling,1623,0,0
31765,trent,1013,11,4
31766,trent,1014,1,0
31767,trent,1021,1,0
31768,trent,1024,26,5
31769,trent,1026,1,0
31770,trent,1039,0,0
31771,trent,1040,28,4
31772,trent,1046,13,1
31773,trent,1048,3,0
31774,trent,1058,1,0
31775,trent,1059,1,1
31776,trent,1068,6,0
31777,trent,1069,18,2
31778,trent,1079,17,4
31779,trent,1081,25,1
31780,trent,1087,38,9
31781,trent,1092,16,0
31782,trent,1094,10,1
31783,trent,1096,10,1
31784,trent,1101,7,1
31785,trent,1106,68,14
31786,trent,1114,13,2
31787,trent,1116,7,1
31788,trent,1118,9,0
31789,trent,1120,1,0
31790,trent,1120,5,0
31791,trent,1120,37,4
31792,trent,1126,31,1
31793,trent,1127,9,0
31794,trent,1154,9,1
31795,trent,1157,0,0
31796,trent,1159,11,0
31797,trent,1178,14,4
31798,trent,1179,18,3
31799,trent,1181,5,0
31800,trent,1183,14,3
31801,trent,1185,5,1
31802,trent,1185,15,2
31803,trent,1206,0,0
31804,trent,1210,0,0
31805,trent,1211,0,0
31806,trent,1215,0,0
31807,trent,1262,10,3
31808,trent,1262,14,3
31809,trent,1265,12,2
31810,trent!,1268,42,6
31811,tress,936,4,1
31812,trestle,1609,12,3
31813,tribune,43,61,18
31814,tribune,44,1,1
31815,tribute,1705,22,6
31816,tricate,1042,25,2
31817,trick,1087,25,6
31818,tricks,306,4,1
31819,tridge,1163,3,0
31820,tridge,1245,40,4
31821,tried,312,2,0
31822,tried,337,42,9
31823,tried,397,33,8
31824,tried,673,22,4
31825,tried,1155,26,5
31826,tried,1185,6,1
31827,tried,1267,1,0
31828,tried,1816,1,0
31829,tried,1816,7,1
31830,trified,1687,13,1
31831,trifle,1799,8,1
31832,trills,1320,14,5
31833,trio,1660,24,8
31834,triomphe,549,15,3
31835,triomphe,1060,7,2
31836,triots,21,16,6
31837,triple,289,10,0
31838,tripped,405,21,5
31839,triumph,1142,45,11
31840,triumphant,1273,36,11
31841,triumphant,1596,6,0
31842,triumphantly,302,5,0
31843,trivial,72,8,0
31844,tro,1628,36,7
31845,trod,913,3,1
31846,troduced,1436,19,4
31847,troopers,151,21,8
31848,troops,43,77,25
31849,troops,1213,3,1
31850,trotted,827,59,11
31851,trouble,495,37,9
31852,trouble,514,17,3
31853,trouble,990,74,16
31854,troubled,58,19,2
31855,troubled,709,38,3
31856,troubled,941,6,1
31857,troubles,473,11,6
31858,trousers,1421,8,2
31859,trout,197,3,2
31860,trout,1541,16,1
31861,trout,1543,15,1
31862,trowsers,1171,12,2
31863,trowsers,1172,11,1
31864,troy,1310,12,4
31865,truding,1464,5,2
31866,true,226,12,0
31867,true,891,1,0
31868,true,892,12,0
31869,true,911,8,0
31870,true,913,10,1
31871,true,1043,12,0
31872,true,1057,14,1
31873,true,1533,12,3
31874,true,1671,5,0
31875,trumpet,529,63,17
31876,trumpeter,8,0,0
31877,trunk,1299,26,5
31878,trunk,1830,27,8
31879,trust,1114,11,2
31880,trust,1292,22,3
31881,trust,1515,16,1
31882,trusted,1618,3,1
31883,truth,38,35,10
31884,truth,427,11,4
31885,truth,522,7,1
31886,truths,227,4,0
31887,truths,227,11,0
31888,try,124,17,3
31889,try,306,2,0
31890,try,338,32,6
31891,try,1017,7,0
31892,try,1295,1,0
31893,try,1739,23,4
31894,trying,203,8,2
31895,trying,796,2,0
31896,ts,733,18,1
31897,tte,1593,22,7
31898,tu,1286,17,2
31899,tufts,763,19,4
31900,tulips,1700,21,8
31901,tumble,1224,8,1
31902,tumbled,1009,1,1
31903,tumbled,1268,23,5
31904,tumbling,325,17,5
31905,tumult,1614,67,12
31906,tun,1454,1,1
31907,tunnel,1609,20,4
31908,tured,62,12,3
31909,tureen,1100,26,2
31910,turkey,1091,45,9
31911,turkish,391,8,1
31912,turmoil,1229,36,12
31913,turn,525,34,7
31914,turn,559,4,1
31915,turn,800,7,3
31916,turn,849,6,4
31917,turn,891,10,2
31918,turn,1444,27,2
31919,turn,1478,34,8
31920,turn,1489,2,0
31921,turn,1512,8,0
31922,turn,1740,34,10
31923,turned,47,4,0
31924,turned,51,31,11
31925,turned,137,1,0
31926,turned,150,30,10
31927,turned,155,35,8
31928,turned,239,12,1
31929,turned,239,34,7
31930,turned,253,15,5
31931,turned,336,9,1
31932,turned,365,26,6
31933,turned,385,43,11
31934,turned,423,3,1
31935,turned,500,2,0
31936,turned,500,4,0
31937,turned,513,1,0
31938,turned,518,2,0
31939,turned,533,2,0
31940,turned,573,94,14
31941,turned,687,8,2
31942,turned,763,42,8
31943,turned,900,2,0
31944,turned,943,3,1
31945,turned,948,24,6
31946,turned,981,8,2
31947,turned,1055,25,9
31948,turned,1091,2,0
31949,turned,1178,8,2
31950,turned,1477,26,5
31951,turned,1488,3,1
31952,turned,1521,11,2
31953,turned,1598,14,1
31954,turned,1621,2,0
31955,turned,1661,6,0
31956,turned,1749,30,2
31957,turned,1759,14,4
31958,turned,1766,14,2
31959,turned,1778,2,0
31960,turned,1781,2,0
31961,turning,50,6,1
31962,turning,284,27,11
31963,turning,592,6,0
31964,turning,801,18,3
31965,turning,911,2,0
31966,turning,1113,2,0
31967,turning,1374,10,2
31968,turning,1440,4,1
31969,turning,1482,7,0
31970,turning,1525,7,1
31971,turning,1611,33,5
31972,turning,1648,8,3
31973,turning,1658,21,8
31974,turpentine,581,7,0
31975,turpentine,582,3,1
31976,turpentine,586,7,1
31977,turpentine,948,7,3
31978,turquoise,1460,28,3
31979,tute,842,11,3
31980,tuted,28,11,3
31981,tvark,1071,2,0
31982,tween,887,16,1
31983,tween,1272,1,0
31984,tween,1535,45,7
31985,twelve,287,12,3
31986,twenty,43,28,9
31987,twenty,124,8,1
31988,twenty,382,13,2
31989,twenty,596,24,2
31990,twenty,1027,1,0
31991,twenty,1043,58,7
31992,twice,167,16,5
31993,twice,285,8,2
31994,twice,817,0,0
31995,twice,1086,4,1
31996,twigs,365,21,5
31997,twilight,798,2,0
31998,twilight,808,7,3
31999,twilight,1183,20,3
32000,twin,38,13,6
32001,twin,1456,8,4
32002,twins,701,36,4
32003,twisted,1224,16,4
32004,twitched,453,4,0
32005,twittering,1537,26,6
32006,two,68,1,1
32007,two,153,12,1
32008,two,171,13,1
32009,two,798,1,0
32010,two,816,1,1
32011,two,1027,2,0
32012,two,1172,7,0
32013,two,1318,14,3
32014,two,1424,4,1
32015,two,1439,34,6
32016,two,1593,27,7
32017,two,1659,2,1
32018,two,1661,0,0
32019,two,1700,8,2
32020,two,1819,6,1
32021,u,1837,36,6
32022,ud,638,8,0
32023,ue,816,43,8
32024,ugly,1644,11,3
32025,uhlans,1193,15,4
32026,uits,1273,42,12
32027,ultimately,1639,20,2
32028,umbrella,1831,3,2
32029,unable,476,24,6
32030,unaffected,1631,2,0
32031,unbent,1633,8,3
32032,uncer,1822,8,3
32033,uncertain,283,6,2
32034,unchained,1334,13,4
32035,uncle,258,18,0
32036,uncomfortable,597,7,2
32037,unconcern,990,69,15
32038,uncovering,1788,34,11
32039,under,86,24,7
32040,under,289,19,2
32041,under,318,20,7
32042,under,490,20,7
32043,under,491,21,3
32044,under,510,19,6
32045,under,540,2,1
32046,under,626,82,23
32047,under,773,6,1
32048,under,805,2,2
32049,under,928,6,2
32050,under,951,8,1
32051,under,984,10,3
32052,under,1142,14,4
32053,under,1453,8,2
32054,under,1572,14,4
32055,under,1597,20,3
32056,under,1672,0,1
32057,under,1700,16,6
32058,under,1737,19,5
32059,under,1762,9,2
32060,under,1830,35,11
32061,understand,439,17,1
32062,understand,688,11,1
32063,understand,804,4,0
32064,understand,919,16,2
32065,understand,938,5,1
32066,understand,1290,20,4
32067,understand,1420,21,0
32068,understood,1270,14,2
32069,undoubtedly,1678,3,1
32070,uneasy,1398,7,0
32071,unexplored,843,6,1
32072,unfeigned,1790,19,5
32073,unfinished,345,10,2
32074,unfinished,996,7,2
32075,unfolded,297,2,0
32076,unfolded,1439,8,0
32077,unfortunate,1665,34,6
32078,unfortunates,84,23,5
32079,unfurled,1831,7,2
32080,unhappy,701,3,0
32081,unheeding,1464,15,2
32082,uniform,1205,10,2
32083,unison,133,29,8
32084,united,11,2,1
32085,united,15,4,2
32086,united,25,1,1
32087,united,28,42,11
32088,united,50,25,6
32089,university,43,34,10
32090,unkind,958,6,0
32091,unknown,1216,5,2
32092,unless,693,11,1
32093,unlicked,923,16,5
32094,unlikely,622,11,0
32095,unmolested,1637,47,4
32096,unpleasant,1035,26,3
32097,unquestioning,1783,27,2
32098,unreasonable,680,19,3
32099,unruly,434,87,14
32100,unsavory,544,4,1
32101,unsavory,547,3,0
32102,unscrupulous,698,17,4
32103,unsuit,701,13,0
32104,untied,1602,5,2
32105,until,58,45,6
32106,until,60,11,2
32107,until,85,7,0
32108,until,86,18,5
32109,until,127,5,2
32110,until,315,16,7
32111,until,326,48,8
32112,until,494,2,0
32113,until,573,86,13
32114,until,730,20,1
32115,until,898,21,2
32116,until,918,9,0
32117,until,923,18,5
32118,until,927,11,2
32119,until,963,14,2
32120,until,1042,61,7
32121,until,1042,65,7
32122,until,1096,4,1
32123,until,1226,16,2
32124,until,1235,9,0
32125,until,1245,23,3
32126,until,1292,37,6
32127,until,1427,31,3
32128,until,1455,10,4
32129,until,1581,15,4
32130,until,1670,21,5
32131,until,1768,6,0
32132,until,1815,10,5
32133,until,1815,34,12
32134,until,1821,14,6
32135,unto,627,16,3
32136,unworthy,426,12,1
32137,unworthy,829,10,0
32138,uoht,268,18,5
32139,up,43,52,14
32140,up,155,30,8
32141,up,195,9,0
32142,up,210,3,0
32143,up,236,27,2
32144,up,240,19,2
32145,up,246,7,2
32146,up,260,3,0
32147,up,268,32,7
32148,up,282,7,2
32149,up,315,3,1
32150,up,331,2,0
32151,up,369,17,0
32152,up,432,49,8
32153,up,509,9,1
32154,up,554,10,2
32155,up,578,13,0
32156,up,658,9,3
32157,up,660,18,5
32158,up,705,12,2
32159,up,749,11,0
32160,up,789,3,0
32161,up,800,3,1
32162,up,801,4,1
32163,up,861,19,3
32164,up,924,2,0
32165,up,931,5,0
32166,up,943,4,1
32167,up,944,1,0
32168,up,1023,18,3
32169,up,1087,14,6
32170,up,1091,39,8
32171,up,1094,4,1
32172,up,1120,11,2
32173,up,1126,38,2
32174,up,1148,15,3
32175,up,1213,6,2
32176,up,1234,3,0
32177,up,1263,35,12
32178,up,1374,23,5
32179,up,1397,27,2
32180,up,1461,5,2
32181,up,1468,1,0
32182,up,1474,5,1
32183,up,1524,9,2
32184,up,1525,18,3
32185,up,1534,3,0
32186,up,1558,6,1
32187,up,1698,12,3
32188,up,1699,51,15
32189,up,1710,16,2
32190,up,1715,2,0
32191,up,1743,2,0
32192,up,1757,7,1
32193,up,1801,3,0
32194,up,1804,28,2
32195,up,1818,19,4
32196,up,1826,16,3
32197,up,1836,21,4
32198,"up!""",1046,11,1
32199,upon,17,9,1
32200,upon,109,4,1
32201,upon,321,8,2
32202,upon,682,4,0
32203,upon,731,14,2
32204,upon,850,16,5
32205,upon,853,9,1
32206,upon,894,21,3
32207,upon,1253,5,1
32208,upon,1301,5,1
32209,upon,1700,42,16
32210,upon,1814,22,4
32211,upright,420,3,0
32212,upright,1124,9,4
32213,upset,529,5,2
32214,upset,615,5,0
32215,ure,749,12,0
32216,ure,1162,5,2
32217,ured,1624,7,1
32218,urged,611,6,1
32219,urged,1496,27,1
32220,urged,1646,16,6
32221,uries,1713,21,4
32222,us,78,3,0
32223,us,249,34,11
32224,us,423,7,2
32225,us,428,48,14
32226,us,462,15,2
32227,us,635,8,0
32228,us,635,21,6
32229,us,746,24,8
32230,us,805,20,5
32231,us,809,32,6
32232,us,863,16,2
32233,us,891,9,2
32234,us,1430,11,2
32235,us,1481,13,2
32236,us,1539,9,1
32237,us,1753,7,1
32238,uscript,277,0,0
32239,use,191,5,1
32240,use,362,16,1
32241,use,529,125,32
32242,use,1171,4,0
32243,use,1202,3,0
32244,use,1443,17,2
32245,use,1443,28,4
32246,used,196,7,0
32247,used,392,2,0
32248,used,743,4,0
32249,used,864,11,3
32250,useless,763,48,9
32251,useless,1340,1,0
32252,ushered,1280,7,0
32253,ushered,1555,5,1
32254,using,265,0,0
32255,usual,376,5,1
32256,usual,688,35,1
32257,usual,1020,20,7
32258,usual,1444,16,2
32259,usual,1736,19,4
32260,usually,504,1,0
32261,usurer,1025,80,9
32262,utation,98,6,1
32263,utter,755,1,0
32264,utter,1460,35,3
32265,utterance,1769,49,8
32266,uttered,1093,7,1
32267,utterly,1501,8,4
32268,v,509,0,0
32269,v,1547,11,1
32270,v,1786,4,0
32271,vader,1106,79,16
32272,vading,17,16,5
32273,vados,118,23,5
32274,vague,1181,8,0
32275,vaguely,1398,6,0
32276,vaguely,1815,37,12
32277,vaguer,1605,19,6
32278,vaguer,1795,44,8
32279,vaguer,1795,45,8
32280,vain,993,14,0
32281,"vale""rien",1064,14,1
32282,valentine,1353,5,0
32283,valentine,1390,4,0
32284,valentine,1436,20,4
32285,valentine,1436,34,5
32286,valentine,1496,29,1
32287,valentine,1540,16,6
32288,valescent,1787,6,2
32289,valhalla,1457,18,8
32290,vance,254,7,2
32291,vance,254,11,2
32292,vance,260,4,0
32293,vance,262,0,0
32294,vance,263,10,3
32295,vance,264,6,1
32296,vance,268,45,7
32297,vance,272,0,0
32298,vanced,293,2,0
32299,vanished,808,4,1
32300,vanished,879,12,2
32301,vanished,1148,13,3
32302,vanished,1485,6,3
32303,vanity,1489,4,1
32304,vard,1817,9,2
32305,variety,1022,26,3
32306,varnishing,1357,9,1
32307,vas,581,9,1
32308,vasses,887,33,4
32309,vast,50,18,4
32310,vast,968,1,1
32311,vast,1547,8,1
32312,vault,560,9,1
32313,vault,1085,4,0
32314,vaults,562,18,5
32315,veau,1363,20,0
32316,vegetables,1097,4,0
32317,vehicle,599,11,2
32318,vehicle,674,26,7
32319,vein,491,32,4
32320,vein,833,28,1
32321,veined,415,5,1
32322,veins,337,15,4
32323,veloped,333,7,2
32324,veloped,1796,2,1
32325,ven,759,26,5
32326,ventured,1404,14,2
32327,verb,1792,4,2
32328,vermilion,1644,4,1
32329,vermouth,1653,21,4
32330,versailles,1348,6,1
32331,versation,1303,17,0
32332,versation,1436,45,7
32333,verse,919,4,1
32334,very,84,1,0
32335,very,178,2,1
32336,very,209,12,2
32337,very,228,10,2
32338,very,264,3,0
32339,very,441,2,0
32340,very,480,3,0
32341,very,599,0,0
32342,very,626,80,22
32343,very,662,1,0
32344,very,668,7,1
32345,very,745,15,4
32346,very,750,3,0
32347,very,795,14,2
32348,very,826,10,4
32349,very,827,3,0
32350,very,847,6,0
32351,very,939,11,1
32352,very,941,28,9
32353,very,1351,2,0
32354,very,1388,42,8
32355,very,1389,5,0
32356,very,1391,4,1
32357,very,1476,19,0
32358,very,1582,5,0
32359,very,1620,10,1
32360,very,1742,6,2
32361,very,1771,12,0
32362,very,1773,8,0
32363,very,1776,12,2
32364,very,1784,13,2
32365,very,1795,19,3
32366,vespers,506,14,2
32367,vest,720,39,5
32368,vested,1713,16,2
32369,vesti,367,7,2
32370,vestigations,1685,12,6
32371,via,1081,32,1
32372,vice,1273,34,11
32373,vicious,70,2,0
32374,vicious,70,20,3
32375,victims,46,15,3
32376,victories,17,19,5
32377,vie,1699,31,8
32378,vied,26,1,0
32379,vieve,337,44,10
32380,vieve,428,29,8
32381,view,1280,22,7
32382,viewed,1792,16,5
32383,vigorous,1292,49,10
32384,vigorously,583,14,4
32385,vile,175,7,3
32386,village,1436,63,8
32387,ville,1490,35,5
32388,vincent,130,0,0
32389,violently,1273,17,6
32390,violets,531,10,3
32391,viper,870,22,3
32392,viper,875,16,0
32393,visible,17,7,1
32394,vision,1321,12,3
32395,visions,428,11,1
32396,visit,1231,30,9
32397,visited,301,1,0
32398,visited,487,1,0
32399,visiting,58,22,2
32400,visits,1271,5,2
32401,vista,664,38,7
32402,vistas,535,40,11
32403,vistas,701,32,3
32404,vital,341,8,0
32405,vited,691,26,7
32406,vited,826,9,4
32407,vited,1647,10,5
32408,vites,1719,9,2
32409,vive,1106,36,6
32410,vivian,3,0,0
32411,vivid,501,7,1
32412,voice,210,6,0
32413,voice,240,8,0
32414,voice,261,3,1
32415,voice,326,55,9
32416,voice,405,17,5
32417,voice,432,18,3
32418,voice,573,3,0
32419,voice,707,6,1
32420,voice,816,26,6
32421,voice,821,71,15
32422,voice,841,7,3
32423,voice,888,13,2
32424,voice,928,10,3
32425,voice,982,16,6
32426,voice,1033,29,5
32427,voice,1108,3,0
32428,voice,1138,21,3
32429,voice,1443,22,2
32430,voice,1462,9,1
32431,voice,1562,5,1
32432,voice,1577,6,2
32433,voice,1616,7,1
32434,voice,1678,33,8
32435,voice,1720,24,2
32436,voice,1835,4,2
32437,voices,1535,63,14
32438,voices,1796,10,1
32439,voices,1826,12,3
32440,volley,164,16,1
32441,volley,1257,21,9
32442,volunteers,1067,3,0
32443,volver,1245,38,4
32444,vulsed,255,4,2
32445,vulsively,1092,34,1
32446,w,0,5,3
32447,w,1024,58,8
32448,wages,107,11,1
32449,wagged,1561,14,2
32450,wagons,1174,16,7
32451,waiian,17,29,10
32452,waist,1012,7,2
32453,waist,1374,30,6
32454,wait,51,12,6
32455,wait,144,9,2
32456,wait,352,5,1
32457,wait,725,22,4
32458,wait,912,9,0
32459,wait,1432,5,0
32460,waited,506,23,3
32461,waited,677,3,0
32462,waiting,148,12,4
32463,waiting,283,17,5
32464,waiting,434,67,11
32465,waiting,1059,10,2
32466,waiting,1061,23,8
32467,waiting,1061,26,8
32468,waiting,1061,34,8
32469,waiting,1487,1,0
32470,wake,477,5,0
32471,wake,1535,28,4
32472,walk,552,12,1
32473,walk,575,23,6
32474,walk,688,36,1
32475,walk,1290,10,3
32476,walk,1413,56,9
32477,walk,1457,35,15
32478,walk,1548,21,6
32479,walked,29,19,6
32480,walked,706,6,2
32481,walked,848,10,2
32482,walked,1038,31,4
32483,walked,1040,31,4
32484,walked,1081,24,1
32485,walked,1331,1,0
32486,walked,1628,21,4
32487,walking,1733,4,0
32488,walks,1736,10,4
32489,wall,587,77,11
32490,wall,827,17,4
32491,wall,1034,16,3
32492,wall,1250,34,6
32493,wall,1263,42,14
32494,wall,1477,33,7
32495,walled,816,14,4
32496,walled,878,12,2
32497,walls,887,19,2
32498,walls,888,40,7
32499,walls,1268,4,1
32500,wander,730,16,1
32501,waning,979,16,3
32502,want,1678,7,2
32503,wanted,103,12,1
32504,wanted,387,4,1
32505,wanted,491,64,13
32506,war,1112,7,1
32507,ward,289,3,0
32508,ward,1292,73,14
32509,ward,1422,5,0
32510,ward,1574,27,11
32511,ward,1803,2,0
32512,wardly,1301,23,6
32513,wardrobe,1448,9,3
32514,wards,1728,8,2
32515,wark,1138,13,3
32516,warm,574,4,3
32517,warm,764,4,1
32518,warmed,168,26,5
32519,warmed,1573,20,5
32520,warmer,990,17,8
32521,warning,1055,2,0
32522,warning,1468,32,5
32523,was,17,34,12
32524,was,28,54,16
32525,was,31,24,3
32526,was,42,13,2
32527,was,44,2,1
32528,was,48,5,3
32529,was,54,5,1
32530,was,56,1,0
32531,was,78,1,0
32532,was,83,7,2
32533,was,84,12,1
32534,was,84,17,2
32535,was,84,33,7
32536,was,85,12,0
32537,was,85,25,2
32538,was,130,1,0
32539,was,131,1,0
32540,was,168,6,0
32541,was,199,3,0
32542,was,202,22,7
32543,was,217,24,3
32544,was,239,18,3
32545,was,244,2,1
32546,was,281,11,1
32547,was,286,22,6
32548,was,333,5,2
32549,was,351,2,0
32550,was,356,10,0
32551,was,361,19,3
32552,was,372,3,1
32553,was,380,0,0
32554,was,382,11,2
32555,was,393,12,3
32556,was,416,4,0
32557,was,425,10,2
32558,was,429,23,4
32559,was,434,44,9
32560,was,434,85,14
32561,was,446,2,0
32562,was,471,1,0
32563,was,475,3,0
32564,was,491,57,11
32565,was,501,3,0
32566,was,509,6,1
32567,was,509,14,1
32568,was,519,1,0
32569,was,525,23,4
32570,was,525,27,5
32571,was,526,11,1
32572,was,526,25,3
32573,was,531,24,9
32574,was,538,1,0
32575,was,542,15,1
32576,was,573,84,13
32577,was,583,27,5
32578,was,587,25,3
32579,was,593,3,0
32580,was,617,1,0
32581,was,627,4,1
32582,was,662,26,4
32583,was,664,23,2
32584,was,668,2,0
32585,was,669,2,0
32586,was,675,8,1
32587,was,675,13,2
32588,was,678,6,3
32589,was,679,1,0
32590,was,683,8,0
32591,was,688,24,1
32592,was,691,4,3
32593,was,698,20,4
32594,was,726,10,4
32595,was,731,35,7
32596,was,736,2,1
32597,was,739,7,1
32598,was,745,14,4
32599,was,747,13,3
32600,was,771,1,0
32601,was,816,4,2
32602,was,818,2,1
32603,was,823,1,0
32604,was,846,14,4
32605,was,904,0,0
32606,was,926,3,1
32607,was,937,6,1
32608,was,959,2,0
32609,was,969,20,7
32610,was,983,4,3
32611,was,990,3,2
32612,was,1002,14,0
32613,was,1031,9,4
32614,was,1050,5,0
32615,was,1070,2,1
32616,was,1120,52,8
32617,was,1126,55,3
32618,was,1127,33,6
32619,was,1135,0,0
32620,was,1142,43,11
32621,was,1143,5,1
32622,was,1143,15,3
32623,was,1154,14,2
32624,was,1156,2,1
32625,was,1158,0,0
32626,was,1199,2,0
32627,was,1217,14,3
32628,was,1235,22,1
32629,was,1249,2,1
32630,was,1250,2,1
32631,was,1256,22,5
32632,was,1258,5,2
32633,was,1263,11,5
32634,was,1286,10,2
32635,was,1299,19,4
32636,was,1300,2,0
32637,was,1304,7,3
32638,was,1304,34,11
32639,was,1313,3,1
32640,was,1321,34,9
32641,was,1335,1,0
32642,was,1336,23,1
32643,was,1336,37,3
32644,was,1361,2,0
32645,was,1371,7,0
32646,was,1413,62,10
32647,was,1436,16,3
32648,was,1452,3,0
32649,was,1462,10,1
32650,was,1467,3,0
32651,was,1508,7,0
32652,was,1524,37,8
32653,was,1524,74,19
32654,was,1540,13,5
32655,was,1541,1,0
32656,was,1567,21,4
32657,was,1576,1,0
32658,was,1581,8,3
32659,was,1582,3,0
32660,was,1605,0,0
32661,was,1605,12,4
32662,was,1671,9,1
32663,was,1674,2,0
32664,was,1676,5,3
32665,was,1679,4,1
32666,was,1682,11,2
32667,was,1700,14,4
32668,was,1728,2,1
32669,was,1733,3,0
32670,was,1769,5,1
32671,was,1769,30,6
32672,was,1774,35,8
32673,was,1787,9,3
32674,was,1789,35,13
32675,was,1793,1,1
32676,was,1797,20,3
32677,was,1799,11,1
32678,was,1817,6,2
32679,was,1828,17,5
32680,wash,1043,73,10
32681,wash,1138,1,0
32682,washed,426,26,5
32683,washed,455,8,1
32684,washed,1040,21,3
32685,washington,42,20,5
32686,washington,43,62,18
32687,washington,130,6,2
32688,washington,171,11,0
32689,washington,688,38,2
32690,waste,456,16,4
32691,wasted,1681,6,1
32692,wat,635,25,6
32693,watch,757,4,1
32694,watch,1446,10,2
32695,watched,239,6,0
32696,watched,268,29,7
32697,watched,449,8,2
32698,watched,525,81,14
32699,watched,540,38,10
32700,watched,728,22,4
32701,watched,1181,6,0
32702,watched,1334,9,2
32703,watched,1570,9,2
32704,watches,974,3,1
32705,watching,1630,2,1
32706,watchman,632,3,0
32707,water,495,22,5
32708,water,1119,32,3
32709,water,1316,9,5
32710,water,1538,5,2
32711,water,1572,18,6
32712,water,1644,12,3
32713,watering,1314,1,1
32714,watering,1675,1,1
32715,waters,20,11,3
32716,watery,1151,6,2
32717,waved,1561,18,2
32718,wavered,1534,7,0
32719,waves,572,2,0
32720,waves,745,6,2
32721,wax,385,12,5
32722,way,290,31,6
32723,way,312,9,2
32724,way,346,8,1
32725,way,498,10,2
32726,way,534,6,0
32727,way,701,48,4
32728,way,878,20,4
32729,way,1046,19,3
32730,way,1117,12,6
32731,way,1422,13,0
32732,way,1432,26,3
32733,way,1548,15,5
32734,ways,359,7,2
32735,ways,734,3,0
32736,we,21,12,6
32737,we,27,4,3
32738,we,112,17,1
32739,we,123,8,4
32740,we,124,0,0
32741,we,164,1,0
32742,we,165,0,0
32743,we,167,23,10
32744,we,232,12,2
32745,we,328,9,1
32746,we,345,6,1
32747,we,353,0,0
32748,we,363,7,0
32749,we,363,11,0
32750,we,370,2,0
32751,we,412,0,0
32752,we,422,11,1
32753,we,425,1,0
32754,we,436,0,0
32755,we,460,18,5
32756,we,481,8,1
32757,we,635,6,0
32758,we,653,10,2
32759,we,654,2,0
32760,we,655,2,0
32761,we,676,13,2
32762,we,711,22,1
32763,we,718,4,0
32764,we,743,36,6
32765,we,743,42,8
32766,we,744,31,5
32767,we,745,0,0
32768,we,805,10,5
32769,we,835,0,0
32770,we,846,9,2
32771,we,852,2,0
32772,we,871,1,0
32773,we,1067,0,0
32774,we,1072,15,3
32775,we,1208,0,0
32776,we,1273,31,11
32777,we,1286,0,0
32778,we,1387,5,0
32779,we,1388,0,0
32780,we,1388,22,5
32781,we,1427,43,3
32782,we,1496,8,1
32783,we,1620,8,1
32784,we,1783,17,2
32785,we,1783,19,2
32786,weak,192,3,1
32787,weak,1086,14,6
32788,wear,1797,19,3
32789,wearied,898,22,2
32790,wearied,983,6,4
32791,wearily,415,16,1
32792,wearily,1009,7,1
32793,wearing,827,5,1
32794,wearing,1334,3,1
32795,wedding,235,24,4
32796,wednesday,1640,1,0
32797,weeds,879,22,3
32798,week,1310,3,1
32799,week,1729,31,9
32800,week,1789,31,13
32801,weeks,587,52,5
32802,weeping,1125,9,0
32803,weight,430,5,1
32804,welcome,931,34,6
32805,welcomed,1524,32,7
32806,well,17,35,12
32807,well,27,5,3
32808,well,33,5,1
32809,well,468,5,0
32810,well,527,3,0
32811,well,659,14,2
32812,well,663,21,2
32813,well,739,17,2
32814,well,806,0,0
32815,well,816,32,6
32816,well,934,2,1
32817,well,1023,4,1
32818,well,1068,4,0
32819,well,1273,28,11
32820,well,1405,8,1
32821,well,1436,6,0
32822,well,1436,70,9
32823,well,1436,73,9
32824,well,1494,4,0
32825,well,1507,2,0
32826,well,1545,21,3
32827,well,1563,12,0
32828,well,1744,6,0
32829,well,1744,20,4
32830,well,1806,9,0
32831,well,1814,3,1
32832,wells,641,10,1
32833,welsh,608,4,0
32834,went,143,7,1
32835,went,244,7,1
32836,went,425,15,3
32837,went,468,2,0
32838,went,470,2,0
32839,went,497,1,0
32840,went,525,7,1
32841,went,567,15,2
32842,went,650,5,0
32843,went,709,27,1
32844,went,725,14,3
32845,went,955,4,1
32846,went,1011,3,0
32847,went,1542,5,0
32848,went,1574,45,16
32849,wenty,1668,0,0
32850,were,21,13,6
32851,were,28,27,9
32852,were,43,50,14
32853,were,73,47,11
32854,were,83,4,2
32855,were,153,9,1
32856,were,263,12,3
32857,were,287,5,3
32858,were,315,24,7
32859,were,365,25,6
32860,were,391,1,0
32861,were,431,1,0
32862,were,436,5,0
32863,were,494,8,0
32864,were,499,29,9
32865,were,506,15,2
32866,were,529,22,6
32867,were,539,8,2
32868,were,551,16,5
32869,were,552,9,0
32870,were,561,3,1
32871,were,601,18,5
32872,were,605,11,3
32873,were,626,16,3
32874,were,730,11,1
32875,were,843,11,2
32876,were,844,17,3
32877,were,885,11,1
32878,were,1025,79,9
32879,were,1056,7,0
32880,were,1092,27,1
32881,were,1104,3,1
32882,were,1105,47,9
32883,were,1149,14,2
32884,were,1152,2,0
32885,were,1193,14,4
32886,were,1219,8,3
32887,were,1227,6,2
32888,were,1280,6,0
32889,were,1314,12,4
32890,were,1333,9,2
32891,were,1377,14,3
32892,were,1447,12,4
32893,were,1525,6,1
32894,were,1543,13,1
32895,were,1571,25,7
32896,were,1572,3,1
32897,were,1579,8,1
32898,were,1581,19,4
32899,were,1617,5,0
32900,were,1632,18,4
32901,were,1736,20,4
32902,were,1773,7,0
32903,west,993,12,0
32904,west,994,5,0
32905,west,1020,7,3
32906,west,1021,8,0
32907,west,1025,3,0
32908,west,1032,48,8
32909,west,1034,12,1
32910,west,1038,14,4
32911,west,1040,9,1
32912,west,1043,76,10
32913,west,1045,2,0
32914,west,1091,29,6
32915,west,1106,41,7
32916,west,1109,1,0
32917,west,1181,20,2
32918,west,1240,42,12
32919,west,1243,0,0
32920,west,1248,0,0
32921,west,1250,14,1
32922,west,1256,5,3
32923,west,1261,0,0
32924,west,1262,17,3
32925,westchester,66,7,1
32926,westchester,158,3,1
32927,western,51,26,10
32928,wet,571,18,7
32929,wet,1155,45,9
32930,wet,1527,3,1
32931,wharves,166,38,7
32932,what,31,23,3
32933,what,159,5,1
32934,what,188,4,0
32935,what,188,6,0
32936,what,199,11,0
32937,what,205,9,3
32938,what,205,13,3
32939,what,212,6,0
32940,what,237,7,0
32941,what,238,1,0
32942,what,298,0,0
32943,what,304,7,0
32944,what,337,0,0
32945,what,359,10,3
32946,what,402,14,2
32947,what,429,20,3
32948,what,573,29,6
32949,what,573,48,8
32950,what,578,7,0
32951,what,587,56,6
32952,what,587,62,9
32953,what,658,10,3
32954,what,680,38,6
32955,what,685,1,0
32956,what,709,22,0
32957,what,712,9,2
32958,what,827,77,14
32959,what,931,35,6
32960,what,976,6,1
32961,what,1046,5,1
32962,what,1050,22,1
32963,what,1064,7,0
32964,what,1076,1,0
32965,what,1123,6,2
32966,what,1126,2,1
32967,what,1129,5,0
32968,what,1304,38,11
32969,what,1416,8,0
32970,what,1443,15,1
32971,what,1443,35,6
32972,what,1445,2,0
32973,what,1510,9,1
32974,what,1582,0,0
32975,what,1618,8,1
32976,what,1619,7,1
32977,what,1650,13,3
32978,what,1678,11,3
32979,what,1713,9,0
32980,what,1766,2,1
32981,whatever,430,0,0
32982,whatever,577,9,2
32983,whatever,693,0,0
32984,wheeled,51,9,5
32985,wheeled,151,16,6
32986,wheeled,761,22,6
32987,wheeled,1524,1,0
32988,wheeled,1537,19,4
32989,wheeling,150,20,7
32990,wheeling,764,18,2
32991,wheeling,853,7,1
32992,wheels,540,43,11
32993,wheels,599,3,1
32994,wheels,1229,42,13
32995,when,28,0,0
32996,when,28,21,8
32997,when,32,0,0
32998,when,39,0,0
32999,when,61,0,0
33000,when,70,13,3
33001,when,81,0,0
33002,when,118,40,9
33003,when,139,0,0
33004,when,158,17,2
33005,when,188,11,0
33006,when,209,1,0
33007,when,232,1,0
33008,when,239,32,7
33009,when,248,3,0
33010,when,252,20,2
33011,when,253,0,0
33012,when,279,0,0
33013,when,294,2,0
33014,when,294,7,2
33015,when,294,20,3
33016,when,325,24,7
33017,when,368,0,0
33018,when,370,19,1
33019,when,393,3,1
33020,when,425,53,11
33021,when,427,14,4
33022,when,439,12,0
33023,when,456,0,0
33024,when,480,0,0
33025,when,525,50,7
33026,when,528,24,8
33027,when,549,0,0
33028,when,550,10,4
33029,when,573,30,6
33030,when,573,80,13
33031,when,601,0,0
33032,when,627,8,2
33033,when,650,1,0
33034,when,652,1,0
33035,when,666,0,0
33036,when,712,1,0
33037,when,720,19,1
33038,when,743,26,6
33039,when,763,45,9
33040,when,824,38,9
33041,when,841,0,0
33042,when,857,0,0
33043,when,865,15,2
33044,when,877,0,0
33045,when,928,0,0
33046,when,937,9,1
33047,when,949,2,0
33048,when,949,28,6
33049,when,964,0,0
33050,when,978,13,4
33051,when,1003,1,0
33052,when,1025,84,10
33053,when,1043,81,10
33054,when,1081,5,0
33055,when,1096,12,1
33056,when,1104,10,2
33057,when,1118,0,0
33058,when,1120,22,2
33059,when,1126,45,3
33060,when,1131,13,2
33061,when,1164,0,0
33062,when,1198,8,0
33063,when,1200,0,0
33064,when,1224,12,2
33065,when,1262,7,3
33066,when,1273,12,5
33067,when,1384,7,1
33068,when,1427,8,2
33069,when,1431,8,0
33070,when,1439,24,5
33071,when,1450,0,0
33072,when,1470,12,1
33073,when,1486,3,0
33074,when,1519,6,2
33075,when,1614,34,7
33076,when,1630,12,2
33077,when,1658,9,2
33078,when,1706,5,1
33079,when,1774,27,6
33080,when,1783,12,2
33081,when,1783,24,2
33082,when,1810,0,0
33083,when,1833,0,0
33084,whence,341,15,3
33085,where,13,31,13
33086,where,32,2,1
33087,where,116,14,4
33088,where,159,18,2
33089,where,161,8,0
33090,where,196,2,0
33091,where,236,7,0
33092,where,481,15,3
33093,where,489,9,1
33094,where,711,7,0
33095,where,719,4,2
33096,where,1021,2,0
33097,where,1033,17,4
33098,where,1092,6,0
33099,where,1535,42,6
33100,where,1666,10,0
33101,where,1756,9,1
33102,where,1768,2,0
33103,wherever,413,26,4
33104,whether,693,31,10
33105,whether,804,2,0
33106,whew,1047,16,2
33107,while,133,24,7
33108,while,378,8,0
33109,while,423,30,5
33110,while,426,31,6
33111,while,434,11,2
33112,while,435,1,0
33113,while,437,10,1
33114,while,506,22,3
33115,while,541,13,1
33116,while,730,6,1
33117,while,796,0,0
33118,while,1104,0,0
33119,while,1143,31,7
33120,while,1148,14,3
33121,while,1155,36,5
33122,while,1374,41,8
33123,while,1457,22,10
33124,while,1524,55,15
33125,while,1557,2,0
33126,while,1574,59,20
33127,while,1637,34,2
33128,while,1699,6,2
33129,while,1719,11,2
33130,while,1720,2,0
33131,while,1720,33,4
33132,while,1774,42,9
33133,while,1779,2,1
33134,whining,990,36,11
33135,whip,107,8,1
33136,whip,108,5,1
33137,whip,157,8,1
33138,whirled,1194,32,9
33139,whirled,1611,27,5
33140,whirled,1737,15,3
33141,whirred,208,11,2
33142,whisked,1593,24,7
33143,whisper,1524,70,18
33144,whispered,591,9,1
33145,whispered,1115,4,0
33146,whispered,1250,10,1
33147,whispered,1477,1,0
33148,whistle,672,12,3
33149,whistle,1592,9,1
33150,whistled,1608,2,1
33151,whistling,731,10,1
33152,white,47,7,2
33153,white,132,10,0
33154,white,133,7,2
33155,white,152,15,5
33156,white,168,33,5
33157,white,314,17,1
33158,white,337,9,2
33159,white,371,2,0
33160,white,491,27,4
33161,white,492,2,0
33162,white,531,16,5
33163,white,535,32,7
33164,white,613,12,3
33165,white,675,10,2
33166,white,705,1,1
33167,white,854,1,1
33168,white,910,10,3
33169,white,945,15,3
33170,white,1099,1,0
33171,white,1277,16,3
33172,white,1332,10,7
33173,white,1333,3,1
33174,white,1340,14,5
33175,white,1537,8,2
33176,white,1573,11,5
33177,white,1806,1,0
33178,whitened,1832,27,7
33179,whiter,207,4,1
33180,whiter,894,27,4
33181,whiter,896,15,1
33182,whither,572,19,5
33183,whole,42,38,9
33184,whole,193,16,2
33185,whole,271,5,3
33186,whole,393,14,4
33187,whole,701,30,3
33188,whole,1061,6,3
33189,whose,626,22,5
33190,whose,894,24,4
33191,why,337,35,9
33192,why,434,61,10
33193,why,494,6,0
33194,why,499,25,8
33195,why,526,12,1
33196,why,573,35,6
33197,why,573,42,8
33198,why,643,1,0
33199,why,846,33,9
33200,why,933,10,2
33201,why,1025,29,3
33202,why,1025,59,8
33203,why,1131,14,2
33204,why,1143,1,0
33205,why,1377,30,3
33206,why,1403,8,0
33207,why,1427,21,3
33208,why,1505,0,0
33209,why,1509,3,0
33210,why,1513,0,0
33211,why,1773,2,0
33212,whyte,655,0,0
33213,wicked,41,3,0
33214,wicket,288,4,3
33215,wide,610,3,0
33216,wide,992,4,0
33217,wide,1364,12,2
33218,widened,23,3,0
33219,wife,76,36,6
33220,wih,1586,12,0
33221,wild,782,12,0
33222,wild,857,3,1
33223,wild,1320,10,4
33224,wilde,97,5,1
33225,wilde,136,0,0
33226,wilde,184,15,1
33227,wilde,187,0,0
33228,wilde,199,0,0
33229,wilde,199,8,0
33230,wilde,240,24,4
33231,wilde,241,0,0
33232,wilde,249,0,0
33233,wilde,250,6,1
33234,wilde,252,39,5
33235,wilde,261,0,0
33236,wilde,276,0,0
33237,wilde,294,28,7
33238,wilde,302,11,1
33239,wilde,320,0,0
33240,will,29,3,2
33241,will,38,16,6
33242,will,45,4,0
33243,will,46,17,3
33244,will,184,6,0
33245,will,188,7,0
33246,will,189,1,0
33247,will,193,1,0
33248,will,193,12,0
33249,will,234,10,2
33250,will,247,4,1
33251,will,342,12,0
33252,will,408,23,1
33253,will,479,3,1
33254,will,520,13,0
33255,will,540,33,8
33256,will,627,25,3
33257,will,645,21,1
33258,will,720,7,0
33259,will,750,1,0
33260,will,750,12,1
33261,will,750,32,3
33262,will,821,63,15
33263,will,827,83,14
33264,will,991,12,2
33265,will,1024,41,7
33266,will,1051,1,0
33267,will,1140,7,0
33268,will,1141,2,0
33269,will,1234,1,0
33270,will,1270,29,8
33271,will,1401,10,0
33272,will,1424,18,3
33273,will,1438,5,1
33274,will,1505,5,0
33275,will,1512,1,0
33276,will,1512,7,0
33277,will,1630,8,1
33278,will,1633,18,4
33279,will,1697,11,1
33280,will,1710,4,1
33281,willed,880,2,0
33282,william,171,21,2
33283,wince,918,4,0
33284,winced,1773,12,0
33285,wincing,1354,4,0
33286,wind,529,52,13
33287,wind,1608,1,1
33288,window,390,9,4
33289,window,604,8,2
33290,window,650,8,2
33291,window,815,10,5
33292,window,977,4,2
33293,window,1523,3,0
33294,window,1611,5,3
33295,window,1611,36,7
33296,window,1622,2,2
33297,window,1825,6,2
33298,windows,149,13,5
33299,windows,730,30,3
33300,windows,823,20,3
33301,windows,969,22,7
33302,winds,764,10,2
33303,winds,913,13,2
33304,winds,914,16,1
33305,winds,954,13,2
33306,wing,951,10,1
33307,wings,551,3,1
33308,wings,1320,23,8
33309,wings,1321,22,5
33310,winner,1657,5,2
33311,winter,1675,21,6
33312,winthrop,15,18,5
33313,wiped,204,48,14
33314,wise,744,22,4
33315,wish,120,33,3
33316,wish,237,3,0
33317,wish,718,14,2
33318,wish,754,1,0
33319,wish,1042,48,5
33320,wish,1042,68,7
33321,wish,1510,15,2
33322,wish,1511,3,0
33323,wished,693,14,2
33324,wished,827,68,13
33325,wished,1204,1,0
33326,with,4,0,1
33327,with,4,8,8
33328,with,27,9,5
33329,with,37,24,7
33330,with,37,40,9
33331,with,58,41,5
33332,with,58,71,13
33333,with,81,7,2
33334,with,83,16,5
33335,with,104,9,4
33336,with,118,29,6
33337,with,129,4,1
33338,with,132,12,1
33339,with,149,20,10
33340,with,151,17,7
33341,with,154,2,2
33342,with,155,29,8
33343,with,159,44,4
33344,with,172,4,2
33345,with,204,36,10
33346,with,217,8,1
33347,with,239,29,6
33348,with,246,12,4
33349,with,253,10,3
33350,with,289,25,7
33351,with,292,7,1
33352,with,293,14,3
33353,with,298,14,3
33354,with,305,3,1
33355,with,315,12,6
33356,with,326,42,7
33357,with,337,19,6
33358,with,338,20,6
33359,with,350,3,1
33360,with,355,12,4
33361,with,365,16,4
33362,with,383,27,6
33363,with,389,17,4
33364,with,393,22,7
33365,with,397,37,10
33366,with,399,17,2
33367,with,414,4,1
33368,with,417,26,8
33369,with,420,4,1
33370,with,426,32,7
33371,with,458,0,1
33372,with,465,9,4
33373,with,491,39,6
33374,with,491,44,7
33375,with,492,7,1
33376,with,495,21,5
33377,with,506,8,2
33378,with,520,17,2
33379,with,531,27,10
33380,with,540,42,11
33381,with,554,25,7
33382,with,569,25,6
33383,with,575,7,2
33384,with,578,32,5
33385,with,589,3,2
33386,with,590,7,2
33387,with,601,8,3
33388,with,608,16,3
33389,with,626,45,11
33390,with,626,67,17
33391,with,627,28,4
33392,with,631,3,2
33393,with,651,4,2
33394,with,657,17,1
33395,with,659,7,1
33396,with,688,9,1
33397,with,720,15,1
33398,with,720,47,8
33399,with,725,6,2
33400,with,730,62,13
33401,with,744,16,3
33402,with,744,37,8
33403,with,748,0,1
33404,with,765,4,2
33405,with,778,46,6
33406,with,799,13,5
33407,with,810,9,3
33408,with,815,3,1
33409,with,816,21,6
33410,with,824,53,14
33411,with,824,60,16
33412,with,826,0,1
33413,with,827,60,12
33414,with,846,26,8
33415,with,848,4,1
33416,with,910,8,2
33417,with,921,0,1
33418,with,931,20,3
33419,with,931,71,13
33420,with,957,15,5
33421,with,970,19,6
33422,with,974,21,5
33423,with,983,2,2
33424,with,983,19,9
33425,with,985,8,4
33426,with,990,5,3
33427,with,990,67,15
33428,with,993,27,5
33429,with,998,14,2
33430,with,1008,4,1
33431,with,1024,48,8
33432,with,1031,21,5
33433,with,1032,20,3
33434,with,1056,9,1
33435,with,1068,10,1
33436,with,1069,6,2
33437,with,1087,6,4
33438,with,1087,10,5
33439,with,1091,36,8
33440,with,1092,19,1
33441,with,1093,12,2
33442,with,1094,2,1
33443,with,1095,20,4
33444,with,1112,10,2
33445,with,1117,1,1
33446,with,1121,10,3
33447,with,1124,20,6
33448,with,1127,16,2
33449,with,1127,21,3
33450,with,1133,0,1
33451,with,1135,3,1
33452,with,1136,4,3
33453,with,1142,39,11
33454,with,1142,55,17
33455,with,1155,46,10
33456,with,1162,4,2
33457,with,1165,11,2
33458,with,1167,8,2
33459,with,1177,12,3
33460,with,1186,11,4
33461,with,1194,5,2
33462,with,1201,4,1
33463,with,1218,12,3
33464,with,1221,8,3
33465,with,1221,15,5
33466,with,1224,6,1
33467,with,1226,25,8
33468,with,1233,4,2
33469,with,1236,22,9
33470,with,1246,4,3
33471,with,1248,6,1
33472,with,1249,4,2
33473,with,1253,1,1
33474,with,1280,27,8
33475,with,1301,2,1
33476,with,1302,12,3
33477,with,1312,5,2
33478,with,1319,10,3
33479,with,1320,17,7
33480,with,1321,20,5
33481,with,1333,7,2
33482,with,1347,30,6
33483,with,1358,20,3
33484,with,1359,5,2
33485,with,1359,12,5
33486,with,1375,29,5
33487,with,1381,24,3
33488,with,1388,13,4
33489,with,1404,16,3
33490,with,1423,2,1
33491,with,1426,3,1
33492,with,1436,65,9
33493,with,1443,58,9
33494,with,1444,30,4
33495,with,1444,38,6
33496,with,1446,5,1
33497,with,1446,33,6
33498,with,1448,1,1
33499,with,1449,21,4
33500,with,1457,3,2
33501,with,1460,3,2
33502,with,1466,7,1
33503,with,1473,2,1
33504,with,1477,42,10
33505,with,1490,26,4
33506,with,1505,22,1
33507,with,1524,34,8
33508,with,1531,18,2
33509,with,1532,0,1
33510,with,1539,5,1
33511,with,1544,9,2
33512,with,1547,1,1
33513,with,1548,52,12
33514,with,1551,7,1
33515,with,1555,20,5
33516,with,1569,4,1
33517,with,1574,3,3
33518,with,1574,31,13
33519,with,1594,5,3
33520,with,1594,10,6
33521,with,1602,0,1
33522,with,1607,4,1
33523,with,1615,15,6
33524,with,1632,1,1
33525,with,1652,13,4
33526,with,1658,15,8
33527,with,1668,9,1
33528,with,1685,6,3
33529,with,1688,7,2
33530,with,1696,5,2
33531,with,1704,5,2
33532,with,1708,8,3
33533,with,1713,33,7
33534,with,1718,18,3
33535,with,1719,4,1
33536,with,1720,10,2
33537,with,1729,13,2
33538,with,1729,16,4
33539,with,1732,6,2
33540,with,1734,15,4
33541,with,1740,25,6
33542,with,1744,10,1
33543,with,1752,9,2
33544,with,1795,40,7
33545,with,1806,26,4
33546,with,1818,13,4
33547,with,1821,1,1
33548,with,1830,2,1
33549,with,1832,1,1
33550,with,1832,28,8
33551,within,124,5,0
33552,within,201,10,1
33553,within,542,37,8
33554,within,558,22,4
33555,within,705,13,2
33556,within,821,55,14
33557,within,821,72,15
33558,within,850,5,2
33559,within,990,19,8
33560,within,1834,8,3
33561,within,1835,5,2
33562,within,1836,19,4
33563,without,236,21,2
33564,without,240,27,4
33565,without,282,13,3
33566,without,409,3,1
33567,without,460,7,2
33568,without,773,0,0
33569,without,1038,32,4
33570,without,1055,1,0
33571,without,1127,27,5
33572,without,1242,6,1
33573,without,1290,30,4
33574,without,1432,15,2
33575,without,1442,6,2
33576,without,1460,12,2
33577,without,1658,40,11
33578,without,1705,23,6
33579,witted,263,16,3
33580,woe,327,31,2
33581,woe,327,33,2
33582,wolf,488,27,4
33583,wolfs,428,22,5
33584,woman,660,25,7
33585,woman,794,1,0
33586,woman,1280,23,7
33587,woman,1375,37,5
33588,woman,1593,4,1
33589,women,1012,1,1
33590,women,1260,4,1
33591,won,1206,14,1
33592,won,1372,7,1
33593,wonder,71,4,1
33594,wonder,1429,8,1
33595,wondered,627,32,5
33596,wonderfully,1157,3,0
33597,wonderfully,1832,17,4
33598,wondering,971,0,0
33599,wondering,1293,19,1
33600,wood,947,3,2
33601,woods,168,23,4
33602,woods,1789,10,6
33603,wooster,142,34,5
33604,word,223,6,0
33605,word,626,24,5
33606,word,1038,34,5
33607,word,1515,17,1
33608,word,1562,8,2
33609,words,37,10,3
33610,words,41,34,6
33611,words,204,5,1
33612,words,444,2,0
33613,words,744,6,2
33614,words,744,18,3
33615,words,744,19,3
33616,words,1581,18,4
33617,work,104,8,3
33618,work,386,79,9
33619,work,1265,7,1
33620,work,1783,4,0
33621,worked,58,70,12
33622,worked,1668,8,0
33623,workers,546,9,3
33624,working,445,10,2
33625,working,447,2,0
33626,works,43,98,29
33627,world,28,35,11
33628,world,28,39,11
33629,world,38,37,11
33630,world,64,13,2
33631,world,193,17,2
33632,world,350,5,2
33633,world,368,19,3
33634,world,448,9,2
33635,world,699,13,4
33636,world,750,21,2
33637,world,887,9,1
33638,world,887,12,1
33639,world,961,9,2
33640,world,1253,7,2
33641,world,1319,19,4
33642,world,1411,5,1
33643,world,1616,3,1
33644,world,1620,11,1
33645,world,1766,8,2
33646,worm,577,21,4
33647,worms,1530,29,5
33648,worms,1532,10,2
33649,worn,54,11,2
33650,worn,118,5,1
33651,worry,1002,27,1
33652,worse,502,23,6
33653,worse,670,37,3
33654,worse,1042,81,11
33655,worse,1079,9,3
33656,worse,1273,43,12
33657,worse,1274,4,1
33658,worshipped,1618,16,2
33659,worst,1125,36,3
33660,worth,17,36,12
33661,worthy,1614,48,7
33662,would,58,37,4
33663,would,67,16,1
33664,would,103,23,2
33665,would,264,12,3
33666,would,322,17,5
33667,would,352,3,0
33668,would,363,5,0
33669,would,365,1,0
33670,would,434,10,2
33671,would,438,1,0
33672,would,438,9,1
33673,would,627,34,5
33674,would,663,15,2
33675,would,664,29,2
33676,would,697,14,1
33677,would,698,7,2
33678,would,735,2,1
33679,would,754,4,1
33680,would,911,14,0
33681,would,1095,24,4
33682,would,1128,14,2
33683,would,1142,5,2
33684,would,1274,7,2
33685,would,1424,40,6
33686,would,1677,8,1
33687,would,1713,13,1
33688,would,1769,6,1
33689,would,1788,26,7
33690,would,1788,38,13
33691,would,1811,1,1
33692,wouldn,990,71,15
33693,woven,933,3,1
33694,wrapped,744,73,18
33695,wrapt,428,36,11
33696,wrath,1710,17,2
33697,wrathfully,1739,3,0
33698,wreathed,1180,8,1
33699,wreck,1701,3,2
33700,wretched,282,1,1
33701,wrist,825,8,0
33702,wrist,850,18,5
33703,wrist,1246,19,5
33704,wrists,647,5,0
33705,writhed,1019,21,7
33706,writing,744,5,2
33707,writing,749,4,0
33708,written,75,20,1
33709,written,95,11,2
33710,written,228,14,3
33711,written,294,6,2
33712,written,1439,11,1
33713,written,1439,26,5
33714,written,1819,0,0
33715,wrong,77,3,0
33716,wrong,78,10,2
33717,wrong,1656,17,1
33718,"wrong?""",801,28,4
33719,wrought,881,4,2
33720,wrung,1710,2,1
33721,x,754,10,2
33722,xvho,1226,10,2
33723,xvith,1183,2,1
33724,y,413,23,3
33725,y,1311,0,0
33726,yacht,1374,45,8
33727,yachting,198,25,5
33728,yanity,693,9,1
33729,yard,590,8,2
33730,yard,631,6,3
33731,yard,816,24,6
33732,yarn,1670,14,4
33733,yawned,945,2,1
33734,yawning,1340,23,7
33735,ye,439,26,4
33736,year,69,13,2
33737,year,69,15,2
33738,year,348,7,2
33739,year,463,5,0
33740,year,907,21,4
33741,year,907,23,4
33742,year,1494,8,1
33743,yearning,907,25,4
33744,years,888,16,2
33745,years?,220,10,0
33746,yelled,1013,9,3
33747,yello,1535,0,0
33748,yellow,38,42,13
33749,yellow,41,22,4
33750,yellow,127,17,4
33751,yellow,239,31,7
33752,yellow,252,30,5
33753,yellow,268,2,0
33754,yellow,270,11,3
33755,yellow,416,19,2
33756,yellow,428,35,11
33757,yellow,514,37,7
33758,yellow,728,29,4
33759,yellow,743,46,9
33760,yellow,748,34,7
33761,yellow,818,14,4
33762,yellow,916,5,1
33763,"yellow""",425,38,7
33764,yes,76,18,1
33765,yes,121,1,0
33766,yes,140,1,0
33767,yes,176,5,0
33768,yes,193,5,0
33769,yes,198,34,5
33770,yes,227,8,0
33771,yes,288,28,8
33772,yes,712,16,2
33773,yes,1042,75,9
33774,yes,1080,2,0
33775,yes,1142,16,5
33776,yes,1370,4,0
33777,yes,1382,1,0
33778,yes,1413,13,2
33779,yes,1432,4,0
33780,yes,1441,1,0
33781,yes,1464,19,2
33782,yes,1468,28,5
33783,yes,1587,11,1
33784,yes,1719,1,0
33785,yes,1749,7,0
33786,yes,1749,21,1
33787,yes,1783,26,2
33788,yess,1284,9,1
33789,yesterday,337,40,9
33790,yesterday,374,3,0
33791,yesterday,1043,80,10
33792,yet,37,42,9
33793,yet,148,23,4
33794,yet,217,21,3
33795,yet,243,2,0
33796,yet,302,8,0
33797,yet,355,1,0
33798,yet,485,7,0
33799,yet,491,25,4
33800,yet,514,25,4
33801,yet,582,15,3
33802,yet,595,3,0
33803,yet,664,8,0
33804,yet,746,39,12
33805,yet,778,32,4
33806,yet,856,4,1
33807,yet,961,11,2
33808,yet,990,58,14
33809,yet,1299,24,5
33810,yet,1568,3,0
33811,yet,1582,15,2
33812,yet,1645,9,5
33813,yg,450,2,0
33814,yj,419,8,3
33815,yond,980,8,3
33816,york,43,65,19
33817,york,50,22,5
33818,yott,1284,3,1
33819,you,61,20,5
33820,you,62,9,3
33821,you,64,2,0
33822,you,103,13,1
33823,you,106,4,1
33824,you,108,2,0
33825,you,120,32,3
33826,you,159,19,2
33827,you,159,33,2
33828,you,159,53,4
33829,you,163,4,0
33830,you,173,3,1
33831,you,182,2,0
33832,you,186,2,0
33833,you,189,0,0
33834,you,196,6,0
33835,you,209,25,3
33836,you,218,7,0
33837,you,247,5,1
33838,you,247,9,1
33839,you,252,4,0
33840,you,252,9,0
33841,you,303,30,6
33842,you,305,4,1
33843,you,309,0,0
33844,you,311,0,0
33845,you,311,4,1
33846,you,315,31,9
33847,you,362,2,0
33848,you,385,15,6
33849,you,385,21,8
33850,you,402,7,1
33851,you,404,22,4
33852,you,417,27,8
33853,you,433,13,3
33854,you,475,6,0
33855,you,478,7,0
33856,you,587,48,5
33857,you,589,20,5
33858,you,589,41,7
33859,you,591,5,1
33860,you,593,18,1
33861,you,604,0,0
33862,you,605,5,1
33863,you,608,2,0
33864,you,612,0,0
33865,you,615,0,0
33866,you,616,0,0
33867,you,616,4,0
33868,you,616,13,2
33869,you,627,27,3
33870,you,654,8,0
33871,you,673,12,2
33872,you,675,14,2
33873,you,680,9,2
33874,you,680,12,2
33875,you,680,57,9
33876,you,681,0,0
33877,you,686,5,0
33878,you,686,12,1
33879,you,782,1,0
33880,you,827,105,15
33881,you,828,14,0
33882,you,829,16,0
33883,you,830,10,1
33884,you,831,3,0
33885,you,832,3,0
33886,you,846,60,12
33887,you,858,3,0
33888,you,872,6,0
33889,you,888,33,7
33890,you,891,13,2
33891,you,911,17,0
33892,you,931,43,7
33893,you,944,10,1
33894,you,945,9,2
33895,you,946,3,1
33896,you,961,6,2
33897,you,990,27,9
33898,you,998,3,0
33899,you,998,15,2
33900,you,1009,19,1
33901,you,1016,2,0
33902,you,1023,0,0
33903,you,1024,40,7
33904,you,1024,53,8
33905,you,1025,9,0
33906,you,1025,36,3
33907,you,1025,44,4
33908,you,1025,60,8
33909,you,1028,0,0
33910,you,1032,17,2
33911,you,1034,0,0
33912,you,1034,5,0
33913,you,1034,18,3
33914,you,1035,11,0
33915,you,1035,15,1
33916,you,1038,20,4
33917,you,1042,29,2
33918,you,1042,34,3
33919,you,1042,62,7
33920,you,1043,0,0
33921,you,1043,13,0
33922,you,1050,36,1
33923,you,1071,17,1
33924,you,1092,7,0
33925,you,1093,17,3
33926,you,1105,10,3
33927,you,1124,27,7
33928,you,1124,34,8
33929,you,1125,21,2
33930,you,1126,18,1
33931,you,1126,48,3
33932,you,1126,49,3
33933,you,1138,25,3
33934,you,1139,0,0
33935,you,1165,13,2
33936,you,1235,0,0
33937,you,1248,4,0
33938,you,1273,32,11
33939,you,1284,13,1
33940,you,1290,19,4
33941,you,1304,41,11
33942,you,1336,24,1
33943,you,1341,10,2
33944,you,1348,3,0
33945,you,1355,0,0
33946,you,1361,19,3
33947,you,1363,15,0
33948,you,1368,4,0
33949,you,1373,11,1
33950,you,1379,2,1
33951,you,1381,13,0
33952,you,1381,28,4
33953,you,1396,12,1
33954,you,1400,2,0
33955,you,1401,5,0
33956,you,1405,10,1
33957,you,1413,18,2
33958,you,1416,15,1
33959,you,1422,20,1
33960,you,1422,22,1
33961,you,1424,39,6
33962,you,1427,7,2
33963,you,1427,18,3
33964,you,1430,6,1
33965,you,1432,18,2
33966,you,1432,25,3
33967,you,1436,1,0
33968,you,1441,18,1
33969,you,1444,25,2
33970,you,1444,39,6
33971,you,1476,17,0
33972,you,1486,20,3
33973,you,1489,11,2
33974,you,1491,3,0
33975,you,1491,6,0
33976,you,1499,2,1
33977,you,1501,21,4
33978,you,1502,0,0
33979,you,1503,0,0
33980,you,1504,14,1
33981,you,1504,17,2
33982,you,1505,20,0
33983,you,1507,6,1
33984,you,1507,14,4
33985,you,1509,23,1
33986,you,1510,22,5
33987,you,1510,23,5
33988,you,1514,7,1
33989,you,1530,17,5
33990,you,1533,22,4
33991,you,1535,39,6
33992,you,1586,13,0
33993,you,1614,44,7
33994,you,1614,45,7
33995,you,1617,4,0
33996,you,1620,4,0
33997,you,1630,7,1
33998,you,1630,13,2
33999,you,1634,0,0
34000,you,1711,17,1
34001,you,1720,30,4
34002,you,1738,2,0
34003,you,1744,13,1
34004,you,1749,18,1
34005,you,1749,27,2
34006,you,1770,6,0
34007,you,1771,3,0
34008,you,1776,7,2
34009,you,1783,6,0
34010,young,154,1,1
34011,young,537,8,3
34012,young,549,4,1
34013,young,626,81,22
34014,young,658,13,4
34015,young,733,15,1
34016,young,854,22,5
34017,young,898,15,2
34018,young,1291,2,0
34019,young,1294,4,1
34020,young,1318,5,2
34021,young,1448,5,2
34022,young,1519,5,2
34023,young,1593,3,1
34024,your,140,7,0
34025,your,195,10,0
34026,your,298,31,4
34027,your,315,35,9
34028,your,520,7,0
34029,your,520,11,0
34030,your,587,45,5
34031,your,680,16,3
34032,your,831,0,0
34033,your,931,37,6
34034,your,933,41,10
34035,your,939,13,1
34036,your,961,7,2
34037,your,1349,12,1
34038,your,1443,59,9
34039,your,1469,3,0
34040,your,1496,16,1
34041,your,1501,1,0
34042,your,1514,5,1
34043,your,1541,15,1
34044,your,1740,23,5
34045,your,1749,2,0
34046,your,1755,2,0
34047,yours,723,0,0
34048,yours,861,8,0
34049,yours,1001,18,4
34050,yourself,1032,2,0
34051,yourself,1033,4,1
34052,yourself,1446,29,5
34053,yourself,1611,23,4
34054,youth,833,27,1
34055,youth,1290,24,4
34056,ys,813,12,5
34057,ys,861,25,3
34058,ze,1283,1,0
34059,ze,1286,3,1
34060,ze,1288,0,0
34061,zigzagged,1246,12,4
34062,zinc,1593,19,6
34063,zone,1646,7,3
