word,noun,verb,adjective,adverb,auxiliary,compositions,conjunctions,determiners,existential_determiners,modifiers,negative_quantifiers,prepositions,universal_determiners,possessive_determiners,pronouns,frequency,review_count,avg_sentiment,length,confident,resolved_word,relative_frequency,double_log_freq,participation_score
the,0,0,0,1,0,0,0,1,0,0,0,0,0,0,0,1772,705,0.0,3,1,the,0.12389009298748514,0.7624444270733296,0.13333333333333333
and,1,0,0,0,0,0,1,0,0,0,0,0,0,0,0,732,523,0.0,3,1,and,0.05117807452981892,0.745657671619319,0.13333333333333333
of,0,0,0,0,0,0,0,0,0,0,0,1,0,0,0,646,450,0.0,2,1,of,0.04516534992658883,0.7430518065091744,0.06666666666666667
in,1,0,1,1,0,0,0,0,0,0,0,1,0,0,0,344,292,0.0,2,1,in,0.024050898412920366,0.7288593878135141,0.26666666666666666
to,0,0,0,0,0,0,0,0,0,0,0,1,0,0,0,300,252,0.0,2,1,to,0.02097462070894218,0.7255188300601829,0.06666666666666667
a,1,0,0,0,0,0,0,1,1,0,0,0,0,0,0,243,213,0.0,1,1,a,0.016989442774243167,0.7201726905627681,0.2
us,0,0,0,0,0,0,0,0,0,0,0,0,0,0,1,234,215,0.0,2,1,us,0.0163602041529749,0.7191879532851632,0.06666666666666667
ussr,0,0,0,0,0,0,0,0,0,0,0,0,0,0,0,199,185,0.0,4,1,ussr,0.01391316507026498,0.7148614714483575,0.0
war,1,1,1,1,0,0,0,0,0,0,0,0,0,0,0,194,162,0.0,3,1,war,0.013563588058449276,0.7141669064159158,0.26666666666666666
countries,1,0,0,0,0,0,0,0,0,0,0,0,0,0,0,135,126,0.0,9,1,countries,0.009438579319023982,0.7037930116945237,0.06666666666666667
cold,1,0,1,1,0,0,0,0,0,0,0,0,0,0,0,108,101,0.0,4,1,cold,0.007550863455219185,0.696926818099908,0.2
on,0,0,1,1,0,0,0,0,0,0,0,1,0,0,0,101,97,0.0,2,1,on,0.007061455638677201,0.694786511508806,0.2
was,0,1,0,0,1,0,0,0,0,0,0,0,0,0,0,95,87,0.0,3,1,was,0.006641963224498357,0.6927971477338802,0.13333333333333333
between,1,0,0,1,0,0,0,0,0,0,0,0,0,0,0,92,87,0.0,7,1,between,0.006432217017408935,0.6917418571940166,0.13333333333333333
international,1,0,1,0,0,0,0,0,0,0,0,0,0,0,0,92,85,0.0,13,1,international,0.006432217017408935,0.6917418571940166,0.13333333333333333
is,0,1,0,0,1,0,0,0,0,0,0,0,0,0,0,89,80,0.0,2,1,is,0.006222470810319514,0.6906420386261555,0.13333333333333333
as,1,0,0,0,0,0,0,0,0,0,0,0,0,0,0,88,80,0.0,2,1,as,0.006152555407956373,0.6902649379933511,0.06666666666666667
world,1,0,1,0,0,0,0,0,0,0,0,0,0,0,0,85,79,0.0,5,1,world,0.005942809200866951,0.6891001806412381,0.13333333333333333
military,1,0,1,0,0,0,0,0,0,0,0,0,0,0,0,84,72,0.0,8,1,military,0.0058728937985038105,0.6887002699067727,0.13333333333333333
economic,0,0,1,0,0,0,0,0,0,0,0,0,0,0,0,83,74,0.0,8,1,economic,0.00580297839614067,0.6882942616598658,0.06666666666666667
has,0,0,0,0,1,0,0,0,0,0,0,0,0,0,0,78,73,0.0,3,1,has,0.005453401384324967,0.6861665279438015,0.06666666666666667
for,0,0,0,0,0,0,1,0,0,0,0,1,0,0,0,78,76,0.0,3,1,for,0.005453401384324967,0.6861665279438015,0.13333333333333333
that,1,0,0,1,0,1,1,1,0,0,0,0,0,0,1,68,65,0.0,4,1,that,0.004754247360693561,0.6813369800735739,0.4
an,1,0,0,0,0,0,0,1,1,0,0,0,0,0,0,67,62,0.0,2,1,an,0.00468433195833042,0.6808043476166022,0.2
by,1,0,0,1,0,0,0,0,0,0,0,1,0,0,0,66,63,0.0,2,1,by,0.00461441655596728,0.6802614307792342,0.2
with,1,0,0,0,0,0,0,0,0,0,0,1,0,0,0,63,60,0.0,4,1,with,0.0044046703488778574,0.6785672301966525,0.13333333333333333
its,1,0,0,0,0,0,0,0,0,0,0,0,0,1,0,57,54,0.0,3,1,its,0.003985177934699014,0.6748452867147411,0.13333333333333333
other,1,0,1,1,0,0,1,0,0,0,0,0,0,0,1,54,51,0.0,5,1,other,0.0037754317276095925,0.6727895226904915,0.3333333333333333
this,1,0,0,1,0,0,0,1,0,0,0,0,0,0,1,54,54,0.0,4,1,this,0.0037754317276095925,0.6727895226904915,0.26666666666666666
eastern,0,0,1,0,0,0,0,0,0,0,0,0,0,0,0,54,51,0.0,7,1,eastern,0.0037754317276095925,0.6727895226904915,0.06666666666666667
soviet,1,0,1,0,0,0,0,0,0,0,0,0,0,0,0,53,50,0.0,6,1,soviet,0.0037055163252464516,0.672071252218482,0.13333333333333333
two,1,0,1,0,0,0,0,0,0,0,0,0,0,0,0,50,47,0.0,3,1,two,0.00349577011815703,0.6698067935179771,0.13333333333333333
relations,1,0,0,0,0,0,0,0,0,0,0,0,0,0,0,50,48,0.0,9,1,relations,0.00349577011815703,0.6698067935179771,0.06666666666666667
which,1,0,0,0,0,1,0,0,0,0,0,0,0,0,1,48,48,0.0,5,1,which,0.003355939313430749,0.6681970379894457,0.2
s,1,0,0,0,0,0,0,0,0,0,0,0,0,0,0,47,37,0.0,1,1,s,0.0032860239110676084,0.6673591784382801,0.06666666666666667
it,1,0,0,0,0,0,0,0,0,0,0,0,0,0,1,46,45,0.0,2,1,it,0.0032161085087044675,0.6664978557621422,0.13333333333333333
political,1,0,1,0,0,0,0,0,0,0,0,0,0,0,0,46,46,0.0,9,1,political,0.0032161085087044675,0.6664978557621422,0.13333333333333333
their,0,0,0,0,0,0,0,0,0,0,0,0,0,1,0,45,41,0.0,5,1,their,0.003146193106341327,0.6656118611656676,0.06666666666666667
have,0,1,0,0,1,0,0,0,0,0,0,0,0,0,0,44,43,0.0,4,1,have,0.0030762777039781866,0.664699894291389,0.13333333333333333
from,0,0,0,0,0,0,0,0,0,0,0,1,0,0,0,44,42,0.0,4,1,from,0.0030762777039781866,0.664699894291389,0.06666666666666667
after,0,0,1,1,0,0,1,0,0,0,0,0,0,0,0,44,41,0.0,5,1,after,0.0030762777039781866,0.664699894291389,0.2
european,1,0,1,0,0,0,0,0,0,0,0,0,0,0,0,43,42,0.0,8,1,european,0.0030063623016150457,0.6637605539783985,0.13333333333333333
development,1,0,0,0,0,0,0,0,0,0,0,0,0,0,0,42,42,0.0,11,1,development,0.0029364468992519053,0.6627923278454898,0.06666666666666667
europe,1,0,0,0,0,0,0,0,0,0,0,0,0,0,0,42,41,0.0,6,1,europe,0.0029364468992519053,0.6627923278454898,0.06666666666666667
doctrine,1,0,0,0,0,0,0,0,0,0,0,0,0,0,0,40,38,0.0,8,1,doctrine,0.002796616094525624,0.6607625402758197,0.06666666666666667
also,0,0,0,1,0,0,0,0,0,0,0,0,0,0,0,37,37,0.0,4,1,also,0.002586869887436202,0.6574555658168466,0.06666666666666667
at,1,0,0,0,0,0,0,0,0,0,0,1,0,0,0,37,36,0.0,2,1,at,0.002586869887436202,0.6574555658168466,0.13333333333333333
had,0,0,0,0,1,0,0,0,0,0,0,0,0,0,0,36,34,0.0,3,1,had,0.0025169544850730616,0.6562743313773061,0.06666666666666667
power,1,1,1,0,0,0,0,0,0,0,0,0,0,0,0,36,35,0.0,5,1,power,0.0025169544850730616,0.6562743313773061,0.2
system,1,0,0,0,0,0,0,0,0,0,0,0,0,0,0,33,31,0.0,6,1,system,0.00230720827798364,0.6524554708460382,0.06666666666666667
were,1,1,0,0,1,0,0,0,0,0,0,0,0,0,0,32,28,0.0,4,1,were,0.0022372928756204994,0.6510797546220851,0.2
socialist,1,0,1,0,0,0,0,0,0,0,0,0,0,0,0,32,27,0.0,9,1,socialist,0.0022372928756204994,0.6510797546220851,0.13333333333333333
important,0,0,1,0,0,0,0,0,0,0,0,0,0,0,0,31,30,0.0,9,1,important,0.0021673774732573585,0.6496462468470389,0.06666666666666667
global,1,0,1,0,0,0,0,0,0,0,0,0,0,0,0,31,30,0.0,6,1,global,0.0021673774732573585,0.6496462468470389,0.13333333333333333
during,0,0,0,0,0,0,0,0,0,0,0,0,0,0,0,31,31,0.0,6,1,during,0.0021673774732573585,0.6496462468470389,0.0
china,1,0,1,0,0,0,0,0,0,0,0,0,0,0,0,30,27,0.0,5,1,china,0.002097462070894218,0.648150460701653,0.13333333333333333
time,1,1,0,0,0,0,0,0,0,0,0,0,0,0,0,29,29,0.0,4,1,time,0.0020275466685310776,0.6465873928647587,0.13333333333333333
such,0,0,1,1,0,0,0,0,0,0,0,0,0,0,0,28,28,0.0,4,1,such,0.0019576312661679367,0.644951443477734,0.13333333333333333
policy,1,0,0,0,0,0,0,0,0,0,0,0,0,0,0,28,27,0.0,6,1,policy,0.0019576312661679367,0.644951443477734,0.06666666666666667
are,1,0,0,0,1,0,0,0,0,0,0,0,0,0,0,28,27,0.0,3,1,are,0.0019576312661679367,0.644951443477734,0.13333333333333333
pattern,1,1,0,0,0,0,0,0,0,0,0,0,0,0,0,27,24,0.0,7,1,pattern,0.0018877158638047962,0.6432363202993117,0.13333333333333333
confrontation,1,0,0,0,0,0,0,0,0,0,0,0,0,0,0,27,27,0.0,13,1,confrontation,0.0018877158638047962,0.6432363202993117,0.06666666666666667
not,1,0,0,1,0,0,1,0,0,0,1,0,0,0,0,26,26,0.0,3,1,not,0.0018178004614416556,0.6414349232056878,0.26666666666666666
but,1,0,0,1,0,0,1,0,0,0,0,0,0,0,0,25,25,0.0,3,1,but,0.001747885059078515,0.6395392040666789,0.2
been,1,0,0,0,1,0,0,0,0,0,0,0,0,0,0,24,21,0.0,4,1,been,0.0016779696567153744,0.6375399955160673,0.13333333333333333
security,1,0,0,0,0,0,0,0,0,0,0,0,0,0,0,23,22,0.0,8,1,security,0.0016080542543522338,0.6354268000766977,0.06666666666666667
major,1,1,1,0,0,0,0,0,0,0,0,0,0,0,0,23,23,0.0,5,1,major,0.0016080542543522338,0.6354268000766977,0.2
cultural,0,0,1,0,0,0,0,0,0,0,0,0,0,0,0,23,20,0.0,8,1,cultural,0.0016080542543522338,0.6354268000766977,0.06666666666666667
interests,0,1,0,0,0,0,0,0,0,0,0,0,0,0,0,23,23,0.0,9,1,interests,0.0016080542543522338,0.6354268000766977,0.06666666666666667
impact,1,1,0,0,0,0,0,0,0,0,0,0,0,0,0,23,23,0.0,6,1,impact,0.0016080542543522338,0.6354268000766977,0.13333333333333333
western,1,0,1,0,0,0,0,0,0,0,0,0,0,0,0,23,20,0.0,7,1,western,0.0016080542543522338,0.6354268000766977,0.13333333333333333
national,1,0,1,0,0,0,0,0,0,0,0,0,0,0,0,23,21,0.0,8,1,national,0.0016080542543522338,0.6354268000766977,0.13333333333333333
arms,1,1,0,0,0,0,0,0,0,0,0,0,0,0,0,22,22,0.0,4,1,arms,0.0015381388519890933,0.6331875282688906,0.13333333333333333
nuclear,0,0,1,0,0,0,0,0,0,0,0,0,0,0,0,22,20,0.0,7,1,nuclear,0.0015381388519890933,0.6331875282688906,0.06666666666666667
large,1,0,1,1,0,0,0,0,0,0,0,0,0,0,0,22,21,0.0,5,1,large,0.0015381388519890933,0.6331875282688906,0.2
these,0,0,0,0,0,0,0,1,0,0,0,0,0,0,1,22,22,0.0,5,1,these,0.0015381388519890933,0.6331875282688906,0.13333333333333333
led,1,1,1,0,0,0,0,0,0,0,0,0,0,0,0,22,18,0.0,3,1,led,0.0015381388519890933,0.6331875282688906,0.2
plan,1,1,0,0,0,0,0,0,0,0,0,0,0,0,0,21,18,0.0,4,1,plan,0.0014682234496259526,0.6308081703830098,0.13333333333333333
end,1,1,0,0,0,0,0,0,0,0,0,0,0,0,0,21,20,0.0,3,1,end,0.0014682234496259526,0.6308081703830098,0.13333333333333333
against,0,0,0,0,0,0,1,0,0,0,0,0,0,0,0,21,21,0.0,7,1,against,0.0014682234496259526,0.6308081703830098,0.06666666666666667
technology,1,0,0,0,0,0,0,0,0,0,0,0,0,0,0,21,17,0.0,10,1,technology,0.0014682234496259526,0.6308081703830098,0.06666666666666667
cooperation,1,0,0,0,0,0,0,0,0,0,0,0,0,0,0,21,20,0.0,11,1,cooperation,0.0014682234496259526,0.6308081703830098,0.06666666666666667
afghanistan,1,0,0,0,0,0,0,0,0,0,0,0,0,0,0,20,19,0.0,11,1,afghanistan,0.001398308047262812,0.6282723810177272,0.06666666666666667
missile,1,0,0,0,0,0,0,0,0,0,0,0,0,0,0,20,18,0.0,7,1,missile,0.001398308047262812,0.6282723810177272,0.06666666666666667
more,1,0,1,1,0,0,0,0,0,0,0,0,0,0,0,20,20,0.0,4,1,more,0.001398308047262812,0.6282723810177272,0.2
new,0,0,1,1,0,0,0,0,0,0,0,0,0,0,0,20,19,0.0,3,1,new,0.001398308047262812,0.6282723810177272,0.13333333333333333
asia,1,0,0,0,0,0,0,0,0,0,0,0,0,0,0,20,18,0.0,4,1,asia,0.001398308047262812,0.6282723810177272,0.06666666666666667
ii,0,0,0,0,0,0,0,0,0,0,0,0,0,0,0,19,17,0.0,2,0,ii,0.0013283926448996715,0.6255609474815194,0.0
missiles,1,0,0,0,0,0,0,0,0,0,0,0,0,0,0,19,17,0.0,8,1,missiles,0.0013283926448996715,0.6255609474815194,0.06666666666666667
strategic,0,0,1,0,0,0,0,0,0,0,0,0,0,0,0,19,19,0.0,9,1,strategic,0.0013283926448996715,0.6255609474815194,0.06666666666666667
sides,1,1,0,0,0,0,0,0,0,0,0,0,0,0,0,19,19,0.0,5,1,sides,0.0013283926448996715,0.6255609474815194,0.13333333333333333
crisis,1,0,0,0,0,0,0,0,0,0,0,0,0,0,0,18,18,0.0,6,1,crisis,0.0012584772425365308,0.6226511014835566,0.06666666666666667
foreign,1,0,1,0,0,0,0,0,0,0,0,0,0,0,0,18,17,0.0,7,1,foreign,0.0012584772425365308,0.6226511014835566,0.13333333333333333
certain,0,0,1,1,0,0,0,0,1,0,0,0,0,0,0,18,18,0.0,7,1,certain,0.0012584772425365308,0.6226511014835566,0.2
diplomatic,0,0,1,0,0,0,0,0,0,0,0,0,0,0,0,17,17,0.0,10,1,diplomatic,0.0011885618401733901,0.6195156162140293,0.06666666666666667
berlin,1,0,0,0,0,0,0,0,0,0,0,0,0,0,0,17,13,0.0,6,1,berlin,0.0011885618401733901,0.6195156162140293,0.06666666666666667
warsaw,1,0,0,0,0,0,0,0,0,0,0,0,0,0,0,17,14,0.0,6,1,warsaw,0.0011885618401733901,0.6195156162140293,0.06666666666666667
economy,1,0,0,0,0,0,0,0,0,0,0,0,0,0,0,17,17,0.0,7,1,economy,0.0011885618401733901,0.6195156162140293,0.06666666666666667
one,1,0,1,0,0,0,0,0,1,0,0,0,0,0,1,17,17,0.0,3,1,one,0.0011885618401733901,0.6195156162140293,0.26666666666666666
century,1,0,0,0,0,0,0,0,0,0,0,0,0,0,0,17,17,0.0,7,1,century,0.0011885618401733901,0.6195156162140293,0.06666666666666667
many,1,0,1,0,0,0,0,0,0,0,0,0,0,0,1,17,17,0.0,4,1,many,0.0011885618401733901,0.6195156162140293,0.2
each,1,0,1,1,0,0,0,0,0,0,0,0,1,0,1,17,16,0.0,4,1,each,0.0011885618401733901,0.6195156162140293,0.3333333333333333
affairs,1,0,0,0,0,0,0,0,0,0,0,0,0,0,0,17,17,0.0,7,1,affairs,0.0011885618401733901,0.6195156162140293,0.06666666666666667
reagan,1,0,0,0,0,0,0,0,0,0,0,0,0,0,0,16,15,0.0,6,1,reagan,0.0011186464378102497,0.6161216046825284,0.06666666666666667
vietnam,1,0,0,0,0,0,0,0,0,0,0,0,0,0,0,16,15,0.0,7,1,vietnam,0.0011186464378102497,0.6161216046825284,0.06666666666666667
made,1,1,1,0,0,0,0,0,0,0,0,0,0,0,0,16,16,0.0,4,1,made,0.0011186464378102497,0.6161216046825284,0.2
both,0,0,1,0,0,0,1,0,0,0,0,0,0,0,1,16,16,0.0,4,1,both,0.0011186464378102497,0.6161216046825284,0.2
strategy,1,0,0,0,0,0,0,0,0,0,0,0,0,0,0,16,16,0.0,8,1,strategy,0.0011186464378102497,0.6161216046825284,0.06666666666666667
or,0,0,0,0,0,0,1,0,0,0,0,0,0,0,0,16,15,0.0,2,1,or,0.0011186464378102497,0.6161216046825284,0.06666666666666667
pact,1,0,0,0,0,0,0,0,0,0,0,0,0,0,0,16,14,0.0,4,1,pact,0.0011186464378102497,0.6161216046825284,0.06666666666666667
nato,0,0,0,0,0,0,0,0,0,0,0,0,0,0,0,16,16,0.0,4,1,nato,0.0011186464378102497,0.6161216046825284,0.0
reform,1,1,0,0,0,0,0,0,0,0,0,0,0,0,0,16,16,0.0,6,1,reform,0.0011186464378102497,0.6161216046825284,0.13333333333333333
they,0,0,0,0,0,0,0,0,0,0,0,0,0,0,1,16,16,0.0,4,1,they,0.0011186464378102497,0.6161216046825284,0.06666666666666667
there,1,0,0,1,0,0,0,0,0,0,0,0,0,0,0,16,14,0.0,5,1,there,0.0011186464378102497,0.6161216046825284,0.13333333333333333
state,1,1,1,0,0,0,0,0,0,0,0,0,0,0,0,15,15,0.0,5,1,state,0.001048731035447109,0.6124288945957818,0.2
example,1,0,0,0,0,0,0,0,0,0,0,0,0,0,0,15,15,0.0,7,1,example,0.001048731035447109,0.6124288945957818,0.06666666666666667
early,1,0,1,1,0,0,0,0,0,0,0,0,0,0,0,15,14,0.0,5,1,early,0.001048731035447109,0.6124288945957818,0.2
through,1,0,1,1,0,0,0,0,0,0,0,0,0,0,0,15,15,0.0,7,1,through,0.001048731035447109,0.6124288945957818,0.2
period,1,0,0,0,0,0,0,0,0,0,0,0,0,0,0,15,15,0.0,6,1,period,0.001048731035447109,0.6124288945957818,0.06666666666666667
camp,1,1,1,0,0,0,0,0,0,0,0,0,0,0,0,15,13,0.0,4,1,camp,0.001048731035447109,0.6124288945957818,0.2
east,1,0,1,1,0,0,0,0,0,0,0,0,0,0,0,15,14,0.0,4,1,east,0.001048731035447109,0.6124288945957818,0.2
th,0,0,0,0,0,0,0,0,0,0,0,0,0,0,0,15,15,0.0,2,0,th,0.001048731035447109,0.6124288945957818,0.0
influence,1,1,0,0,0,0,0,0,0,0,0,0,0,0,0,15,14,0.0,9,1,influence,0.001048731035447109,0.6124288945957818,0.13333333333333333
long,1,0,1,1,0,0,0,0,0,0,0,0,0,0,0,14,14,0.0,4,1,long,0.0009788156330839683,0.6083877907186052,0.2
position,1,1,0,0,0,0,0,0,0,0,0,0,0,0,0,14,14,0.0,8,1,position,0.0009788156330839683,0.6083877907186052,0.13333333333333333
research,1,1,0,0,0,0,0,0,0,0,0,0,0,0,0,14,14,0.0,8,1,research,0.0009788156330839683,0.6083877907186052,0.13333333333333333
order,1,1,0,0,0,0,0,0,0,0,0,0,0,0,0,14,13,0.0,5,1,order,0.0009788156330839683,0.6083877907186052,0.13333333333333333
control,1,1,0,0,0,0,0,0,0,0,0,0,0,0,0,14,14,0.0,7,1,control,0.0009788156330839683,0.6083877907186052,0.13333333333333333
established,0,1,1,0,0,0,0,0,0,0,0,0,0,0,0,14,14,0.0,11,1,established,0.0009788156330839683,0.6083877907186052,0.13333333333333333
situation,1,0,0,0,0,0,0,0,0,0,0,0,0,0,0,14,14,0.0,9,1,situation,0.0009788156330839683,0.6083877907186052,0.06666666666666667
race,1,1,0,0,0,0,0,0,0,0,0,0,0,0,0,14,14,0.0,4,1,race,0.0009788156330839683,0.6083877907186052,0.13333333333333333
nixon,1,0,0,0,0,0,0,0,0,0,0,0,0,0,0,14,13,0.0,5,1,nixon,0.0009788156330839683,0.6083877907186052,0.06666666666666667
out,1,1,1,1,0,0,0,0,0,0,0,0,0,0,0,14,14,0.0,3,1,out,0.0009788156330839683,0.6083877907186052,0.26666666666666666
force,1,1,0,0,0,0,0,0,0,0,0,0,0,0,0,14,12,0.0,5,1,force,0.0009788156330839683,0.6083877907186052,0.13333333333333333
changes,1,1,0,0,0,0,0,0,0,0,0,0,0,0,0,14,14,0.0,7,1,changes,0.0009788156330839683,0.6083877907186052,0.13333333333333333
since,0,0,0,1,0,0,1,0,0,0,0,0,0,0,0,14,14,0.0,5,1,since,0.0009788156330839683,0.6083877907186052,0.13333333333333333
scale,1,1,0,0,0,0,0,0,0,0,0,0,0,0,0,14,14,0.0,5,1,scale,0.0009788156330839683,0.6083877907186052,0.13333333333333333
role,1,0,0,0,0,0,0,0,0,0,0,0,0,0,0,14,14,0.0,4,1,role,0.0009788156330839683,0.6083877907186052,0.06666666666666667
people,1,1,0,0,0,0,0,0,0,0,0,0,0,0,0,14,14,0.0,6,1,people,0.0009788156330839683,0.6083877907186052,0.13333333333333333
carter,1,0,0,0,0,0,0,0,0,0,0,0,0,0,0,14,12,0.0,6,1,carter,0.0009788156330839683,0.6083877907186052,0.06666666666666667
country,1,0,1,0,0,0,0,0,0,0,0,0,0,0,0,14,13,0.0,7,1,country,0.0009788156330839683,0.6083877907186052,0.13333333333333333
treaty,1,0,0,0,0,0,0,0,0,0,0,0,0,0,0,14,13,0.0,6,1,treaty,0.0009788156330839683,0.6083877907186052,0.06666666666666667
great,1,0,1,1,0,0,0,0,0,0,0,0,0,0,0,13,11,0.0,5,1,great,0.0009089002307208278,0.6039359308784116,0.2
gradually,0,0,0,1,0,0,0,0,0,0,0,0,0,0,0,13,13,0.0,9,1,gradually,0.0009089002307208278,0.6039359308784116,0.06666666666666667
will,1,1,0,0,0,0,0,0,0,1,0,0,0,0,0,13,12,0.0,4,1,will,0.0009089002307208278,0.6039359308784116,0.2
wars,0,1,0,0,0,0,0,0,0,0,0,0,0,0,0,13,13,0.0,4,1,wars,0.0009089002307208278,0.6039359308784116,0.06666666666666667
sino,0,0,0,0,0,0,0,0,0,0,0,0,0,0,0,13,10,0.0,4,1,sino,0.0009089002307208278,0.6039359308784116,0.0
forces,1,1,0,0,0,0,0,0,0,0,0,0,0,0,0,13,12,0.0,6,1,forces,0.0009089002307208278,0.6039359308784116,0.13333333333333333
nations,1,0,0,0,0,0,0,0,0,0,0,0,0,0,0,13,13,0.0,7,1,nations,0.0009089002307208278,0.6039359308784116,0.06666666666666667
establishment,1,0,0,0,0,0,0,0,0,0,0,0,0,0,0,13,13,0.0,13,1,establishment,0.0009089002307208278,0.6039359308784116,0.06666666666666667
series,1,0,0,0,0,0,0,0,0,0,0,0,0,0,0,13,13,0.0,6,1,series,0.0009089002307208278,0.6039359308784116,0.06666666666666667
extent,1,0,0,0,0,0,0,0,0,0,0,0,0,0,0,13,13,0.0,6,1,extent,0.0009089002307208278,0.6039359308784116,0.06666666666666667
u,1,0,1,0,0,0,0,0,0,0,0,0,0,0,0,13,11,0.0,1,1,u,0.0009089002307208278,0.6039359308784116,0.13333333333333333
systems,1,0,0,0,0,0,0,0,0,0,0,0,0,0,0,13,13,0.0,7,1,systems,0.0009089002307208278,0.6039359308784116,0.06666666666666667
be,0,1,0,0,1,0,0,0,0,0,0,0,0,0,0,12,12,0.0,2,1,be,0.0008389848283576872,0.5989937658314455,0.13333333333333333
collapse,1,1,0,0,0,0,0,0,0,0,0,0,0,0,0,12,12,0.0,8,1,collapse,0.0008389848283576872,0.5989937658314455,0.13333333333333333
strength,1,0,0,0,0,0,0,0,0,0,0,0,0,0,0,12,12,0.0,8,1,strength,0.0008389848283576872,0.5989937658314455,0.06666666666666667
high,1,0,1,1,0,0,0,0,0,0,0,0,0,0,0,12,11,0.0,4,1,high,0.0008389848283576872,0.5989937658314455,0.2
some,0,0,1,1,0,0,0,0,1,0,0,0,0,0,1,12,12,0.0,4,1,some,0.0008389848283576872,0.5989937658314455,0.26666666666666666
camps,1,1,0,0,0,0,0,0,0,0,0,0,0,0,0,12,12,0.0,5,1,camps,0.0008389848283576872,0.5989937658314455,0.13333333333333333
balance,1,1,0,0,0,0,0,0,0,0,0,0,0,0,0,12,12,0.0,7,1,balance,0.0008389848283576872,0.5989937658314455,0.13333333333333333
under,0,0,1,1,0,0,0,0,0,0,0,1,0,0,0,12,12,0.0,5,1,under,0.0008389848283576872,0.5989937658314455,0.2
ussr's,0,0,0,0,0,0,0,0,0,0,0,0,0,0,0,12,12,0.0,6,1,ussr's,0.0008389848283576872,0.5989937658314455,0.0
began,0,1,0,0,0,0,0,0,0,0,0,0,0,0,0,12,11,0.0,5,1,began,0.0008389848283576872,0.5989937658314455,0.06666666666666667
american,1,0,1,0,0,0,0,0,0,0,0,0,0,0,0,12,11,0.0,8,1,american,0.0008389848283576872,0.5989937658314455,0.13333333333333333
means,1,1,0,0,0,0,0,0,0,0,0,0,0,0,0,12,11,0.0,5,1,means,0.0008389848283576872,0.5989937658314455,0.13333333333333333
conflict,1,1,0,0,0,0,0,0,0,0,0,0,0,0,0,12,12,0.0,8,1,conflict,0.0008389848283576872,0.5989937658314455,0.13333333333333333
north,1,0,1,1,0,0,0,0,0,0,0,0,0,0,0,12,12,0.0,5,1,north,0.0008389848283576872,0.5989937658314455,0.2
third,1,0,1,1,0,0,0,0,0,0,0,0,0,0,0,12,12,0.0,5,1,third,0.0008389848283576872,0.5989937658314455,0.2
social,1,0,1,0,0,0,0,0,0,0,0,0,0,0,0,12,12,0.0,6,1,social,0.0008389848283576872,0.5989937658314455,0.13333333333333333
marshall,1,0,0,0,0,0,0,0,0,0,0,0,0,0,0,12,12,0.0,8,1,marshall,0.0008389848283576872,0.5989937658314455,0.06666666666666667
exchanges,1,1,0,0,0,0,0,0,0,0,0,0,0,0,0,12,11,0.0,9,1,exchanges,0.0008389848283576872,0.5989937658314455,0.13333333333333333
should,1,0,0,0,0,0,0,0,0,1,0,0,0,0,0,12,12,0.0,6,1,should,0.0008389848283576872,0.5989937658314455,0.13333333333333333
historical,1,0,1,0,0,0,0,0,0,0,0,0,0,0,0,12,12,0.0,10,1,historical,0.0008389848283576872,0.5989937658314455,0.13333333333333333
communist,1,0,1,0,0,0,0,0,0,0,0,0,0,0,0,12,12,0.0,9,1,communist,0.0008389848283576872,0.5989937658314455,0.13333333333333333
stability,1,0,0,0,0,0,0,0,0,0,0,0,0,0,0,11,11,0.0,9,1,stability,0.0007690694259945466,0.5934578873666095,0.06666666666666667
all,0,0,1,1,0,0,1,0,0,0,0,0,1,0,1,11,10,0.0,3,1,all,0.0007690694259945466,0.5934578873666095,0.3333333333333333
he,1,0,0,0,0,0,0,0,0,0,0,0,0,0,1,11,11,0.0,2,1,he,0.0007690694259945466,0.5934578873666095,0.13333333333333333
into,0,0,0,0,0,0,0,0,0,0,0,1,0,0,0,11,11,0.0,4,1,into,0.0007690694259945466,0.5934578873666095,0.06666666666666667
only,1,0,1,1,0,0,1,0,0,0,0,0,0,0,0,11,11,0.0,4,1,only,0.0007690694259945466,0.5934578873666095,0.26666666666666666
became,0,1,0,0,0,0,0,0,0,0,0,0,0,0,0,11,11,0.0,6,1,became,0.0007690694259945466,0.5934578873666095,0.06666666666666667
socialism,1,0,0,0,0,0,0,0,0,0,0,0,0,0,0,11,11,0.0,9,1,socialism,0.0007690694259945466,0.5934578873666095,0.06666666666666667
west,1,0,1,1,0,0,0,0,0,0,0,0,0,0,0,11,11,0.0,4,1,west,0.0007690694259945466,0.5934578873666095,0.2
based,0,1,1,0,0,0,0,0,0,0,0,0,0,0,0,11,11,0.0,5,1,based,0.0007690694259945466,0.5934578873666095,0.13333333333333333
states,1,1,0,0,0,0,0,0,0,0,0,0,0,0,0,11,11,0.0,6,1,states,0.0007690694259945466,0.5934578873666095,0.13333333333333333
issue,1,1,0,0,0,0,0,0,0,0,0,0,0,0,0,11,11,0.0,5,1,issue,0.0007690694259945466,0.5934578873666095,0.13333333333333333
independence,1,0,0,0,0,0,0,0,0,0,0,0,0,0,0,11,11,0.0,12,1,independence,0.0007690694259945466,0.5934578873666095,0.06666666666666667
competition,1,0,0,0,0,0,0,0,0,0,0,0,0,0,0,11,8,0.0,11,1,competition,0.0007690694259945466,0.5934578873666095,0.06666666666666667
capitalist,1,0,1,0,0,0,0,0,0,0,0,0,0,0,0,11,11,0.0,10,1,capitalist,0.0007690694259945466,0.5934578873666095,0.13333333333333333
resources,1,0,0,0,0,0,0,0,0,0,0,0,0,0,0,11,11,0.0,9,1,resources,0.0007690694259945466,0.5934578873666095,0.06666666666666667
central,1,0,1,0,0,0,0,0,0,0,0,0,0,0,0,11,11,0.0,7,1,central,0.0007690694259945466,0.5934578873666095,0.13333333333333333
korean,1,0,1,0,0,0,0,0,0,0,0,0,0,0,0,10,10,0.0,6,1,korean,0.000699154023631406,0.5871908758202614,0.13333333333333333
support,1,1,0,0,0,0,0,0,0,0,0,0,0,0,0,10,10,0.0,7,1,support,0.000699154023631406,0.5871908758202614,0.13333333333333333
germany,1,0,0,0,0,0,0,0,0,0,0,0,0,0,0,10,10,0.0,7,1,germany,0.000699154023631406,0.5871908758202614,0.06666666666666667
etc,0,0,0,0,0,0,0,0,0,0,0,0,0,0,0,10,10,0.0,3,1,etc,0.000699154023631406,0.5871908758202614,0.0
peaceful,0,0,1,0,0,0,0,0,0,0,0,0,0,0,0,10,10,0.0,8,1,peaceful,0.000699154023631406,0.5871908758202614,0.06666666666666667
movement,1,0,0,0,0,0,0,0,0,0,0,0,0,0,0,10,10,0.0,8,1,movement,0.000699154023631406,0.5871908758202614,0.06666666666666667
sovereignty,1,0,0,0,0,0,0,0,0,0,0,0,0,0,0,10,9,0.0,11,1,sovereignty,0.000699154023631406,0.5871908758202614,0.06666666666666667
program,1,1,0,0,0,0,0,0,0,0,0,0,0,0,0,10,10,0.0,7,1,program,0.000699154023631406,0.5871908758202614,0.13333333333333333
assistance,1,0,0,0,0,0,0,0,0,0,0,0,0,0,0,10,9,0.0,10,1,assistance,0.000699154023631406,0.5871908758202614,0.06666666666666667
further,0,0,1,1,0,0,0,0,0,0,0,0,0,0,0,10,10,0.0,7,1,further,0.000699154023631406,0.5871908758202614,0.13333333333333333
any,0,0,1,1,0,0,0,0,0,0,0,0,1,0,1,10,10,0.0,3,1,any,0.000699154023631406,0.5871908758202614,0.26666666666666666
yalta,1,0,0,0,0,0,0,0,0,0,0,0,0,0,0,10,8,0.0,5,1,yalta,0.000699154023631406,0.5871908758202614,0.06666666666666667
advances,1,1,0,0,0,0,0,0,0,0,0,0,0,0,0,10,10,0.0,8,1,advances,0.000699154023631406,0.5871908758202614,0.13333333333333333
superpowers,1,0,0,0,0,0,0,0,0,0,0,0,0,0,0,10,10,0.0,11,1,superpowers,0.000699154023631406,0.5871908758202614,0.06666666666666667
including,0,1,0,0,0,0,0,0,0,0,0,0,0,0,0,9,9,0.0,9,1,including,0.0006292386212682654,0.5800052903735844,0.06666666666666667
peace,1,0,0,0,0,0,0,0,0,0,0,0,0,0,0,9,9,0.0,5,1,peace,0.0006292386212682654,0.5800052903735844,0.06666666666666667
region,1,0,0,0,0,0,0,0,0,0,0,0,0,0,0,9,9,0.0,6,1,region,0.0006292386212682654,0.5800052903735844,0.06666666666666667
forward,1,1,1,1,0,0,0,0,0,0,0,0,0,0,0,9,9,0.0,7,1,forward,0.0006292386212682654,0.5800052903735844,0.26666666666666666
weapons,1,0,0,0,0,0,0,0,0,0,0,0,0,0,0,9,9,0.0,7,1,weapons,0.0006292386212682654,0.5800052903735844,0.06666666666666667
theory,1,0,0,0,0,0,0,0,0,0,0,0,0,0,0,9,9,0.0,6,1,theory,0.0006292386212682654,0.5800052903735844,0.06666666666666667
significant,1,0,1,0,0,0,0,0,0,0,0,0,0,0,0,9,9,0.0,11,1,significant,0.0006292386212682654,0.5800052903735844,0.13333333333333333
gulf,1,0,0,0,0,0,0,0,0,0,0,0,0,0,0,9,9,0.0,4,1,gulf,0.0006292386212682654,0.5800052903735844,0.06666666666666667
cuba,1,0,0,0,0,0,0,0,0,0,0,0,0,0,0,9,9,0.0,4,1,cuba,0.0006292386212682654,0.5800052903735844,0.06666666666666667
space,1,1,0,0,0,0,0,0,0,0,0,0,0,0,0,9,9,0.0,5,1,space,0.0006292386212682654,0.5800052903735844,0.13333333333333333
own,0,1,1,0,0,0,0,0,0,0,0,0,0,0,0,9,9,0.0,3,1,own,0.0006292386212682654,0.5800052903735844,0.13333333333333333
independent,1,0,1,0,0,0,0,0,0,0,0,0,0,0,0,9,8,0.0,11,1,independent,0.0006292386212682654,0.5800052903735844,0.13333333333333333
gorbachev,1,0,0,0,0,0,0,0,0,0,0,0,0,0,0,9,9,0.0,9,1,gorbachev,0.0006292386212682654,0.5800052903735844,0.06666666666666667
president,1,0,0,0,0,0,0,0,0,0,0,0,0,0,0,9,9,0.0,9,1,president,0.0006292386212682654,0.5800052903735844,0.06666666666666667
anti,1,0,1,0,0,0,0,0,0,0,0,0,0,0,0,9,9,0.0,4,1,anti,0.0006292386212682654,0.5800052903735844,0.13333333333333333
truman,1,0,0,0,0,0,0,0,0,0,0,0,0,0,0,9,7,0.0,6,1,truman,0.0006292386212682654,0.5800052903735844,0.06666666666666667
take,1,1,0,0,0,0,0,0,0,0,0,0,0,0,0,9,9,0.0,4,1,take,0.0006292386212682654,0.5800052903735844,0.13333333333333333
brezhnev,1,0,0,0,0,0,0,0,0,0,0,0,0,0,0,9,9,0.0,8,1,brezhnev,0.0006292386212682654,0.5800052903735844,0.06666666666666667
over,1,0,1,1,0,0,0,0,0,0,0,1,0,0,0,9,9,0.0,4,1,over,0.0006292386212682654,0.5800052903735844,0.26666666666666666
landscape,1,1,0,0,0,0,0,0,0,0,0,0,0,0,0,9,9,0.0,9,1,landscape,0.0006292386212682654,0.5800052903735844,0.13333333333333333
ideological,0,0,1,0,0,0,0,0,0,0,0,0,0,0,0,9,9,0.0,11,1,ideological,0.0006292386212682654,0.5800052903735844,0.06666666666666667
defense,1,0,0,0,0,0,0,0,0,0,0,0,0,0,0,9,9,0.0,7,1,defense,0.0006292386212682654,0.5800052903735844,0.06666666666666667
promoted,0,1,0,0,0,0,0,0,0,0,0,0,0,0,0,9,9,0.0,8,1,promoted,0.0006292386212682654,0.5800052903735844,0.06666666666666667
so,1,0,0,1,0,0,1,0,0,0,0,0,0,0,0,9,8,0.0,2,1,so,0.0006292386212682654,0.5800052903735844,0.2
struggle,1,1,0,0,0,0,0,0,0,0,0,0,0,0,0,9,9,0.0,8,1,struggle,0.0006292386212682654,0.5800052903735844,0.13333333333333333
well,1,1,1,1,0,0,0,0,0,0,0,0,0,0,0,9,9,0.0,4,1,well,0.0006292386212682654,0.5800052903735844,0.26666666666666666
humanities,0,0,0,0,0,0,0,0,0,0,0,0,0,0,0,9,9,0.0,10,1,humanities,0.0006292386212682654,0.5800052903735844,0.0
vol,1,0,0,0,0,0,0,0,0,0,0,0,0,0,0,9,9,0.0,3,1,vol,0.0006292386212682654,0.5800052903735844,0.06666666666666667
emerged,0,1,0,0,0,0,0,0,0,0,0,0,0,0,0,9,9,0.0,7,1,emerged,0.0006292386212682654,0.5800052903735844,0.06666666666666667
non,0,0,1,0,0,0,0,0,0,0,0,0,0,0,0,9,9,0.0,3,1,non,0.0006292386212682654,0.5800052903735844,0.06666666666666667
trade,1,1,1,0,0,0,0,0,0,0,0,0,0,0,0,9,8,0.0,5,1,trade,0.0006292386212682654,0.5800052903735844,0.2
second,1,1,1,1,0,0,0,0,0,0,0,0,0,0,0,9,8,0.0,6,1,second,0.0006292386212682654,0.5800052903735844,0.26666666666666666
model,1,1,1,0,0,0,0,0,0,0,0,0,0,0,0,9,7,0.0,5,1,model,0.0006292386212682654,0.5800052903735844,0.2
internal,0,0,1,0,0,0,0,0,0,0,0,0,0,0,0,8,8,0.0,8,1,internal,0.0005593232189051248,0.571637330557974,0.06666666666666667
maintain,0,1,0,0,0,0,0,0,0,0,0,0,0,0,0,8,8,0.0,8,1,maintain,0.0005593232189051248,0.571637330557974,0.06666666666666667
parties,1,1,0,0,0,0,0,0,0,0,0,0,0,0,0,8,8,0.0,7,1,parties,0.0005593232189051248,0.571637330557974,0.13333333333333333
administration,1,0,0,0,0,0,0,0,0,0,0,0,0,0,0,8,8,0.0,14,1,administration,0.0005593232189051248,0.571637330557974,0.06666666666666667
influenced,0,1,0,0,0,0,0,0,0,0,0,0,0,0,0,8,8,0.0,10,1,influenced,0.0005593232189051248,0.571637330557974,0.06666666666666667
ideas,1,0,0,0,0,0,0,0,0,0,0,0,0,0,0,8,7,0.0,5,1,ideas,0.0005593232189051248,0.571637330557974,0.06666666666666667
mentality,1,0,0,0,0,0,0,0,0,0,0,0,0,0,0,8,7,0.0,9,1,mentality,0.0005593232189051248,0.571637330557974,0.06666666666666667
curtain,1,1,0,0,0,0,0,0,0,0,0,0,0,0,0,8,8,0.0,7,1,curtain,0.0005593232189051248,0.571637330557974,0.13333333333333333
bloc,1,0,0,0,0,0,0,0,0,0,0,0,0,0,0,8,7,0.0,4,1,bloc,0.0005593232189051248,0.571637330557974,0.06666666666666667
put,1,1,0,0,0,0,0,0,0,0,0,0,0,0,0,8,8,0.0,3,1,put,0.0005593232189051248,0.571637330557974,0.13333333333333333
conflicts,1,1,0,0,0,0,0,0,0,0,0,0,0,0,0,8,8,0.0,9,1,conflicts,0.0005593232189051248,0.571637330557974,0.13333333333333333
exacerbated,0,1,0,0,0,0,0,0,0,0,0,0,0,0,0,8,8,0.0,11,1,exacerbated,0.0005593232189051248,0.571637330557974,0.06666666666666667
heavy,1,0,1,1,0,0,0,0,0,0,0,0,0,0,0,8,8,0.0,5,1,heavy,0.0005593232189051248,0.571637330557974,0.2
hegemony,1,0,0,0,0,0,0,0,0,0,0,0,0,0,0,8,8,0.0,8,1,hegemony,0.0005593232189051248,0.571637330557974,0.06666666666666667
however,0,0,0,1,0,0,1,0,0,0,0,0,0,0,0,8,8,0.0,7,1,however,0.0005593232189051248,0.571637330557974,0.13333333333333333
iron,1,1,1,0,0,0,0,0,0,0,0,0,0,0,0,8,8,0.0,4,1,iron,0.0005593232189051248,0.571637330557974,0.2
bipolar,0,0,1,0,0,0,0,0,0,0,0,0,0,0,0,8,8,0.0,7,1,bipolar,0.0005593232189051248,0.571637330557974,0.06666666666666667
then,1,0,1,1,0,0,1,0,0,0,0,0,0,0,0,8,8,0.0,4,1,then,0.0005593232189051248,0.571637330557974,0.26666666666666666
first,1,0,1,1,0,0,0,0,0,0,0,0,0,0,0,8,8,0.0,5,1,first,0.0005593232189051248,0.571637330557974,0.2
basic,1,0,1,0,0,0,0,0,0,0,0,0,0,0,0,8,8,0.0,5,1,basic,0.0005593232189051248,0.571637330557974,0.13333333333333333
same,0,0,1,1,0,0,0,0,0,0,0,0,0,0,0,8,8,0.0,4,1,same,0.0005593232189051248,0.571637330557974,0.13333333333333333
while,1,0,0,0,0,0,1,0,0,0,0,0,0,0,0,8,8,0.0,5,1,while,0.0005593232189051248,0.571637330557974,0.13333333333333333
leading,1,1,1,0,0,0,0,0,0,0,0,0,0,0,0,8,8,0.0,7,1,leading,0.0005593232189051248,0.571637330557974,0.2
place,1,1,0,0,0,0,0,0,0,0,0,0,0,0,0,8,8,0.0,5,1,place,0.0005593232189051248,0.571637330557974,0.13333333333333333
different,1,0,1,0,0,0,0,0,0,0,0,0,0,0,0,8,8,0.0,9,1,different,0.0005593232189051248,0.571637330557974,0.13333333333333333
people's,0,0,0,0,0,0,0,0,0,0,0,0,0,0,0,8,8,0.0,8,1,people's,0.0005593232189051248,0.571637330557974,0.0
around,0,0,0,1,0,0,0,0,0,0,0,0,0,0,0,8,8,0.0,6,1,around,0.0005593232189051248,0.571637330557974,0.06666666666666667
marxism,1,0,0,0,0,0,0,0,0,0,0,0,0,0,0,8,8,0.0,7,1,marxism,0.0005593232189051248,0.571637330557974,0.06666666666666667
principles,1,0,0,0,0,0,0,0,0,0,0,0,0,0,0,8,8,0.0,10,1,principles,0.0005593232189051248,0.571637330557974,0.06666666666666667
when,1,0,0,1,0,0,1,0,0,0,0,0,0,0,0,8,8,0.0,4,1,when,0.0005593232189051248,0.571637330557974,0.2
took,0,1,0,0,0,0,0,0,0,0,0,0,0,0,0,8,8,0.0,4,1,took,0.0005593232189051248,0.571637330557974,0.06666666666666667
south,1,0,1,1,0,0,0,0,0,0,0,0,0,0,0,8,8,0.0,5,1,south,0.0005593232189051248,0.571637330557974,0.2
science,1,0,0,0,0,0,0,0,0,0,0,0,0,0,0,8,7,0.0,7,1,science,0.0005593232189051248,0.571637330557974,0.06666666666666667
range,1,1,0,0,0,0,0,0,0,0,0,0,0,0,0,8,5,0.0,5,1,range,0.0005593232189051248,0.571637330557974,0.13333333333333333
information,1,0,0,0,0,0,0,0,0,0,0,0,0,0,0,8,8,0.0,11,1,information,0.0005593232189051248,0.571637330557974,0.06666666666666667
domestic,1,0,1,0,0,0,0,0,0,0,0,0,0,0,0,8,8,0.0,8,1,domestic,0.0005593232189051248,0.571637330557974,0.13333333333333333
speech,1,0,0,0,0,0,0,0,0,0,0,0,0,0,0,8,7,0.0,6,1,speech,0.0005593232189051248,0.571637330557974,0.06666666666666667
hand,1,1,0,0,0,0,0,0,0,0,0,0,0,0,0,8,8,0.0,4,1,hand,0.0005593232189051248,0.571637330557974,0.13333333333333333
proposed,0,1,1,0,0,0,0,0,0,0,0,0,0,0,0,7,7,0.0,8,1,proposed,0.0004894078165419842,0.5617012295157272,0.13333333333333333
result,1,1,0,0,0,0,0,0,0,0,0,0,0,0,0,7,7,0.0,6,1,result,0.0004894078165419842,0.5617012295157272,0.13333333333333333
beginning,1,1,1,0,0,0,0,0,0,0,0,0,0,0,0,7,7,0.0,9,1,beginning,0.0004894078165419842,0.5617012295157272,0.2
alliance,1,0,0,0,0,0,0,0,0,0,0,0,0,0,0,7,7,0.0,8,1,alliance,0.0004894078165419842,0.5617012295157272,0.06666666666666667
changed,0,1,1,0,0,0,0,0,0,0,0,0,0,0,0,7,7,0.0,7,1,changed,0.0004894078165419842,0.5617012295157272,0.13333333333333333
contradictions,0,0,0,0,0,0,0,0,0,0,0,0,0,0,0,7,7,0.0,14,1,contradictions,0.0004894078165419842,0.5617012295157272,0.0
cities,1,0,0,0,0,0,0,0,0,0,0,0,0,0,0,7,7,0.0,6,1,cities,0.0004894078165419842,0.5617012295157272,0.06666666666666667
emphasizes,0,0,0,0,0,0,0,0,0,0,0,0,0,0,0,7,7,0.0,10,1,emphasizes,0.0004894078165419842,0.5617012295157272,0.0
background,1,1,0,0,0,0,0,0,0,0,0,0,0,0,0,7,7,0.0,10,1,background,0.0004894078165419842,0.5617012295157272,0.13333333333333333
than,0,0,0,0,0,0,1,0,0,0,0,0,0,0,0,7,7,0.0,4,1,than,0.0004894078165419842,0.5617012295157272,0.06666666666666667
external,1,0,1,0,0,0,0,0,0,0,0,0,0,0,0,7,7,0.0,8,1,external,0.0004894078165419842,0.5617012295157272,0.13333333333333333
gorbachev's,0,0,0,0,0,0,0,0,0,0,0,0,0,0,0,7,7,0.0,11,1,gorbachev's,0.0004894078165419842,0.5617012295157272,0.0
party,1,1,1,0,0,0,0,0,0,0,0,0,0,0,0,7,6,0.0,5,1,party,0.0004894078165419842,0.5617012295157272,0.2
within,0,0,0,1,0,0,0,0,0,0,0,0,0,0,0,7,7,0.0,6,1,within,0.0004894078165419842,0.5617012295157272,0.06666666666666667
regime,1,0,0,0,0,0,0,0,0,0,0,0,0,0,0,7,6,0.0,6,1,regime,0.0004894078165419842,0.5617012295157272,0.06666666666666667
market,1,1,0,0,0,0,0,0,0,0,0,0,0,0,0,7,7,0.0,6,1,market,0.0004894078165419842,0.5617012295157272,0.13333333333333333
developed,0,0,1,0,0,0,0,0,0,0,0,0,0,0,0,7,7,0.0,9,1,developed,0.0004894078165419842,0.5617012295157272,0.06666666666666667
revolution,1,0,0,0,0,0,0,0,0,0,0,0,0,0,0,7,7,0.0,10,1,revolution,0.0004894078165419842,0.5617012295157272,0.06666666666666667
d,1,0,0,0,0,0,0,0,0,0,0,0,0,0,0,7,7,0.0,1,1,d,0.0004894078165419842,0.5617012295157272,0.06666666666666667
can,1,1,0,0,0,0,0,0,0,1,0,0,0,0,0,7,7,0.0,3,1,can,0.0004894078165419842,0.5617012295157272,0.2
fierce,0,0,1,0,0,0,0,0,0,0,0,0,0,0,0,7,7,0.0,6,1,fierce,0.0004894078165419842,0.5617012295157272,0.06666666666666667
known,1,0,1,0,0,0,0,0,0,0,0,0,0,0,0,7,7,0.0,5,1,known,0.0004894078165419842,0.5617012295157272,0.13333333333333333
material,1,0,1,0,0,0,0,0,0,0,0,0,0,0,0,7,7,0.0,8,1,material,0.0004894078165419842,0.5617012295157272,0.13333333333333333
itself,0,0,0,0,0,0,0,0,0,0,0,0,0,0,1,7,6,0.0,6,1,itself,0.0004894078165419842,0.5617012295157272,0.06666666666666667
government,1,0,0,0,0,0,0,0,0,0,0,0,0,0,0,7,7,0.0,10,1,government,0.0004894078165419842,0.5617012295157272,0.06666666666666667
star,1,1,1,0,0,0,0,0,0,0,0,0,0,0,0,7,7,0.0,4,1,star,0.0004894078165419842,0.5617012295157272,0.2
territorial,1,0,1,0,0,0,0,0,0,0,0,0,0,0,0,7,7,0.0,11,1,territorial,0.0004894078165419842,0.5617012295157272,0.13333333333333333
could,0,0,0,0,0,0,0,0,0,1,0,0,0,0,0,7,6,0.0,5,1,could,0.0004894078165419842,0.5617012295157272,0.06666666666666667
strengthened,0,0,1,0,0,0,0,0,0,0,0,0,0,0,0,7,7,0.0,12,1,strengthened,0.0004894078165419842,0.5617012295157272,0.06666666666666667
aspect,1,0,0,0,0,0,0,0,0,0,0,0,0,0,0,7,7,0.0,6,1,aspect,0.0004894078165419842,0.5617012295157272,0.06666666666666667
late,1,0,1,1,0,0,0,0,0,0,0,0,0,0,0,7,7,0.0,4,1,late,0.0004894078165419842,0.5617012295157272,0.2
formed,0,1,1,0,0,0,0,0,0,0,0,0,0,0,0,7,7,0.0,6,1,formed,0.0004894078165419842,0.5617012295157272,0.13333333333333333
did,0,1,0,0,1,0,0,0,0,0,0,0,0,0,0,7,7,0.0,3,1,did,0.0004894078165419842,0.5617012295157272,0.13333333333333333
tensions,1,0,0,0,0,0,0,0,0,0,0,0,0,0,0,7,7,0.0,8,1,tensions,0.0004894078165419842,0.5617012295157272,0.06666666666666667
cuban,1,0,1,0,0,0,0,0,0,0,0,0,0,0,0,7,7,0.0,5,1,cuban,0.0004894078165419842,0.5617012295157272,0.13333333333333333
local,1,0,1,0,0,0,0,0,0,0,0,0,0,0,0,7,7,0.0,5,1,local,0.0004894078165419842,0.5617012295157272,0.13333333333333333
number,1,1,0,0,0,0,0,0,0,0,0,0,0,0,0,7,6,0.0,6,1,number,0.0004894078165419842,0.5617012295157272,0.13333333333333333
would,0,0,0,0,0,0,0,0,0,1,0,0,0,0,0,7,5,0.0,5,1,would,0.0004894078165419842,0.5617012295157272,0.06666666666666667
ruling,1,1,1,0,0,0,0,0,0,0,0,0,0,0,0,7,7,0.0,6,1,ruling,0.0004894078165419842,0.5617012295157272,0.2
culture,1,1,0,0,0,0,0,0,0,0,0,0,0,0,0,7,6,0.0,7,1,culture,0.0004894078165419842,0.5617012295157272,0.13333333333333333
environment,1,0,0,0,0,0,0,0,0,0,0,0,0,0,0,6,6,0.0,11,1,environment,0.0004194924141788436,0.5496051325127768,0.06666666666666667
other's,1,0,0,0,0,0,0,0,0,0,0,0,0,0,0,6,6,0.0,7,1,other's,0.0004194924141788436,0.5496051325127768,0.06666666666666667
common,1,0,1,0,0,0,0,0,0,0,0,0,0,0,0,6,5,0.0,6,1,common,0.0004194924141788436,0.5496051325127768,0.13333333333333333
troops,1,1,0,0,0,0,0,0,0,0,0,0,0,0,0,6,5,0.0,6,1,troops,0.0004194924141788436,0.5496051325127768,0.13333333333333333
developing,0,0,1,0,0,0,0,0,0,0,0,0,0,0,0,6,6,0.0,10,1,developing,0.0004194924141788436,0.5496051325127768,0.06666666666666667
satellites,1,1,0,0,0,0,0,0,0,0,0,0,0,0,0,6,4,0.0,10,1,satellites,0.0004194924141788436,0.5496051325127768,0.13333333333333333
marked,0,1,1,0,0,0,0,0,0,0,0,0,0,0,0,6,6,0.0,6,1,marked,0.0004194924141788436,0.5496051325127768,0.13333333333333333
close,1,1,1,1,0,0,0,0,0,0,0,0,0,0,0,6,6,0.0,5,1,close,0.0004194924141788436,0.5496051325127768,0.26666666666666666
differences,0,0,0,0,0,0,0,0,0,0,0,0,0,0,0,6,6,0.0,11,1,differences,0.0004194924141788436,0.5496051325127768,0.0
ideology,1,0,0,0,0,0,0,0,0,0,0,0,0,0,0,6,6,0.0,8,1,ideology,0.0004194924141788436,0.5496051325127768,0.06666666666666667
due,1,0,1,1,0,0,0,0,0,0,0,0,0,0,0,6,6,0.0,3,1,due,0.0004194924141788436,0.5496051325127768,0.2
republic,1,0,0,0,0,0,0,0,0,0,0,0,0,0,0,6,5,0.0,8,1,republic,0.0004194924141788436,0.5496051325127768,0.06666666666666667
although,0,0,0,1,0,0,1,0,0,0,0,0,0,0,0,6,6,0.0,8,1,although,0.0004194924141788436,0.5496051325127768,0.13333333333333333
division,1,0,0,0,0,0,0,0,0,0,0,0,0,0,0,6,6,0.0,8,1,division,0.0004194924141788436,0.5496051325127768,0.06666666666666667
tension,1,0,0,0,0,0,0,0,0,0,0,0,0,0,0,6,6,0.0,7,1,tension,0.0004194924141788436,0.5496051325127768,0.06666666666666667
fields,1,1,0,0,0,0,0,0,0,0,0,0,0,0,0,6,6,0.0,6,1,fields,0.0004194924141788436,0.5496051325127768,0.13333333333333333
provided,0,1,0,0,0,0,0,0,0,0,0,0,0,0,0,6,6,0.0,8,1,provided,0.0004194924141788436,0.5496051325127768,0.06666666666666667
implemented,0,1,1,0,0,0,0,0,0,0,0,0,0,0,0,6,6,0.0,11,1,implemented,0.0004194924141788436,0.5496051325127768,0.13333333333333333
still,1,1,1,1,0,0,0,0,0,0,0,0,0,0,0,6,6,0.0,5,1,still,0.0004194924141788436,0.5496051325127768,0.26666666666666666
affected,1,1,1,0,0,0,0,0,0,0,0,0,0,0,0,6,6,0.0,8,1,affected,0.0004194924141788436,0.5496051325127768,0.2
years,1,0,0,0,0,0,0,0,0,0,0,0,0,0,0,6,6,0.0,5,1,years,0.0004194924141788436,0.5496051325127768,0.06666666666666667
https,0,0,0,0,0,0,0,0,0,0,0,0,0,0,0,6,6,0.0,5,1,https,0.0004194924141788436,0.5496051325127768,0.0
become,0,1,0,0,0,0,0,0,0,0,0,0,0,0,0,6,6,0.0,6,1,become,0.0004194924141788436,0.5496051325127768,0.06666666666666667
directly,0,0,0,1,0,0,1,0,0,0,0,0,0,0,0,6,6,0.0,8,1,directly,0.0004194924141788436,0.5496051325127768,0.13333333333333333
freedom,1,0,0,0,0,0,0,0,0,0,0,0,0,0,0,6,4,0.0,7,1,freedom,0.0004194924141788436,0.5496051325127768,0.06666666666666667
values,1,1,0,0,0,0,0,0,0,0,0,0,0,0,0,6,6,0.0,6,1,values,0.0004194924141788436,0.5496051325127768,0.13333333333333333
refers,0,1,0,0,0,0,0,0,0,0,0,0,0,0,0,6,6,0.0,6,1,refers,0.0004194924141788436,0.5496051325127768,0.06666666666666667
already,0,0,0,1,0,0,0,0,0,0,0,0,0,0,0,6,6,0.0,7,1,already,0.0004194924141788436,0.5496051325127768,0.06666666666666667
atlantic,1,0,1,0,0,0,0,0,0,0,0,0,0,0,0,6,6,0.0,8,1,atlantic,0.0004194924141788436,0.5496051325127768,0.13333333333333333
process,1,1,0,0,0,0,0,0,0,0,0,0,0,0,0,6,6,0.0,7,1,process,0.0004194924141788436,0.5496051325127768,0.13333333333333333
form,1,1,0,0,0,0,0,0,0,0,0,0,0,0,0,6,6,0.0,4,1,form,0.0004194924141788436,0.5496051325127768,0.13333333333333333
several,1,0,1,0,0,0,0,0,0,0,0,0,0,0,1,6,6,0.0,7,1,several,0.0004194924141788436,0.5496051325127768,0.2
organization,1,0,0,0,0,0,0,0,0,0,0,0,0,0,0,6,5,0.0,12,1,organization,0.0004194924141788436,0.5496051325127768,0.06666666666666667
democratic,0,0,1,0,0,0,0,0,0,0,0,0,0,0,0,6,5,0.0,10,1,democratic,0.0004194924141788436,0.5496051325127768,0.06666666666666667
technological,0,0,1,0,0,0,0,0,0,0,0,0,0,0,0,6,6,0.0,13,1,technological,0.0004194924141788436,0.5496051325127768,0.06666666666666667
use,1,1,0,0,0,0,0,0,0,0,0,0,0,0,0,6,6,0.0,3,1,use,0.0004194924141788436,0.5496051325127768,0.13333333333333333
losses,1,0,0,0,0,0,0,0,0,0,0,0,0,0,0,6,5,0.0,6,1,losses,0.0004194924141788436,0.5496051325127768,0.06666666666666667
churchill,1,0,0,0,0,0,0,0,0,0,0,0,0,0,0,6,5,0.0,9,1,churchill,0.0004194924141788436,0.5496051325127768,0.06666666666666667
far,1,0,1,1,0,0,0,0,0,0,0,0,0,0,0,6,6,0.0,3,1,far,0.0004194924141788436,0.5496051325127768,0.2
strong,0,0,1,1,0,0,0,0,0,0,0,0,0,0,0,6,6,0.0,6,1,strong,0.0004194924141788436,0.5496051325127768,0.13333333333333333
difficult,0,0,1,0,0,0,0,0,0,0,0,0,0,0,0,6,6,0.0,9,1,difficult,0.0004194924141788436,0.5496051325127768,0.06666666666666667
growth,1,0,0,0,0,0,0,0,0,0,0,0,0,0,0,6,6,0.0,6,1,growth,0.0004194924141788436,0.5496051325127768,0.06666666666666667
spread,1,1,1,0,0,0,0,0,0,0,0,0,0,0,0,6,6,0.0,6,1,spread,0.0004194924141788436,0.5496051325127768,0.2
promote,0,1,0,0,0,0,0,0,0,0,0,0,0,0,0,6,6,0.0,7,1,promote,0.0004194924141788436,0.5496051325127768,0.06666666666666667
powers,1,1,0,0,0,0,0,0,0,0,0,0,0,0,0,6,5,0.0,6,1,powers,0.0004194924141788436,0.5496051325127768,0.13333333333333333
japan,1,1,1,0,0,0,0,0,0,0,0,0,0,0,0,6,6,0.0,5,1,japan,0.0004194924141788436,0.5496051325127768,0.2
communism,1,0,0,0,0,0,0,0,0,0,0,0,0,0,0,6,6,0.0,9,1,communism,0.0004194924141788436,0.5496051325127768,0.06666666666666667
develop,0,1,0,0,0,0,0,0,0,0,0,0,0,0,0,6,6,0.0,7,1,develop,0.0004194924141788436,0.5496051325127768,0.06666666666666667
among,0,0,0,0,0,0,0,0,0,0,0,0,0,0,0,6,6,0.0,5,1,among,0.0004194924141788436,0.5496051325127768,0.0
reaching,1,1,0,0,0,0,0,0,0,0,0,0,0,0,0,6,6,0.0,8,1,reaching,0.0004194924141788436,0.5496051325127768,0.13333333333333333
containment,1,0,0,0,0,0,0,0,0,0,0,0,0,0,0,6,6,0.0,11,1,containment,0.0004194924141788436,0.5496051325127768,0.06666666666666667
profound,0,0,1,0,0,0,0,0,0,0,0,0,0,0,0,6,6,0.0,8,1,profound,0.0004194924141788436,0.5496051325127768,0.06666666666666667
transformation,1,0,0,0,0,0,0,0,0,0,0,0,0,0,0,6,6,0.0,14,1,transformation,0.0004194924141788436,0.5496051325127768,0.06666666666666667
expansion,1,0,0,0,0,0,0,0,0,0,0,0,0,0,0,6,6,0.0,9,1,expansion,0.0004194924141788436,0.5496051325127768,0.06666666666666667
history,1,0,0,0,0,0,0,0,0,0,0,0,0,0,0,5,5,0.0,7,1,history,0.000349577011815703,0.5343829898349378,0.06666666666666667
various,0,0,1,0,0,0,0,0,0,0,0,0,0,0,0,5,5,0.0,7,1,various,0.000349577011815703,0.5343829898349378,0.06666666666666667
public,1,0,1,0,0,0,0,0,0,0,0,0,0,0,0,5,5,0.0,6,1,public,0.000349577011815703,0.5343829898349378,0.13333333333333333
divided,0,1,1,0,0,0,0,0,0,0,0,0,0,0,0,5,5,0.0,7,1,divided,0.000349577011815703,0.5343829898349378,0.13333333333333333
threat,1,0,0,0,0,0,0,0,0,0,0,0,0,0,0,5,5,0.0,6,1,threat,0.000349577011815703,0.5343829898349378,0.06666666666666667
free,1,1,1,1,0,0,0,0,0,0,0,0,0,0,0,5,5,0.0,4,1,free,0.000349577011815703,0.5343829898349378,0.26666666666666666
maintained,0,1,1,0,0,0,0,0,0,0,0,0,0,0,0,5,5,0.0,10,1,maintained,0.000349577011815703,0.5343829898349378,0.13333333333333333
thinking,1,1,1,0,0,0,0,0,0,0,0,0,0,0,0,5,5,0.0,8,1,thinking,0.000349577011815703,0.5343829898349378,0.2
arena,1,0,0,0,0,0,0,0,0,0,0,0,0,0,0,5,5,0.0,5,1,arena,0.000349577011815703,0.5343829898349378,0.06666666666666667
status,1,0,0,0,0,0,0,0,0,0,0,0,0,0,0,5,5,0.0,6,1,status,0.000349577011815703,0.5343829898349378,0.06666666666666667
marking,1,1,0,0,0,0,0,0,0,0,0,0,0,0,0,5,5,0.0,7,1,marking,0.000349577011815703,0.5343829898349378,0.13333333333333333
quickly,0,0,0,1,0,0,0,0,0,0,0,0,0,0,0,5,5,0.0,7,1,quickly,0.000349577011815703,0.5343829898349378,0.06666666666666667
economies,1,0,0,0,0,0,0,0,0,0,0,0,0,0,0,5,5,0.0,9,1,economies,0.000349577011815703,0.5343829898349378,0.06666666666666667
gains,1,1,0,0,0,0,0,0,0,0,0,0,0,0,0,5,4,0.0,5,1,gains,0.000349577011815703,0.5343829898349378,0.13333333333333333
colonial,1,0,1,0,0,0,0,0,0,0,0,0,0,0,0,5,4,0.0,8,1,colonial,0.000349577011815703,0.5343829898349378,0.13333333333333333
conference,1,0,0,0,0,0,0,0,0,0,0,0,0,0,0,5,5,0.0,10,1,conference,0.000349577011815703,0.5343829898349378,0.06666666666666667
most,0,0,1,1,0,0,0,0,0,0,0,0,0,0,0,5,5,0.0,4,1,most,0.000349577011815703,0.5343829898349378,0.13333333333333333
no,1,0,0,1,0,0,0,0,0,0,1,0,0,0,0,5,5,0.0,2,1,no,0.000349577011815703,0.5343829898349378,0.2
law,1,0,0,0,0,0,0,0,0,0,0,0,0,0,0,5,5,0.0,3,1,law,0.000349577011815703,0.5343829898349378,0.06666666666666667
came,1,1,0,0,0,0,0,0,0,0,0,0,0,0,0,5,5,0.0,4,1,came,0.000349577011815703,0.5343829898349378,0.13333333333333333
short,1,0,1,1,0,0,0,0,0,0,0,0,0,0,0,5,5,0.0,5,1,short,0.000349577011815703,0.5343829898349378,0.2
introduction,1,0,0,0,0,0,0,0,0,0,0,0,0,0,0,5,4,0.0,12,1,introduction,0.000349577011815703,0.5343829898349378,0.06666666666666667
aligned,0,1,1,0,0,0,0,0,0,0,0,0,0,0,0,5,5,0.0,7,1,aligned,0.000349577011815703,0.5343829898349378,0.13333333333333333
issues,1,1,0,0,0,0,0,0,0,0,0,0,0,0,0,5,5,0.0,6,1,issues,0.000349577011815703,0.5343829898349378,0.13333333333333333
main,1,0,1,0,0,0,0,0,0,0,0,0,0,0,0,5,5,0.0,4,1,main,0.000349577011815703,0.5343829898349378,0.13333333333333333
globalization,1,0,0,0,0,0,0,0,0,0,0,0,0,0,0,5,5,0.0,13,1,globalization,0.000349577011815703,0.5343829898349378,0.06666666666666667
hegemonism,0,0,0,0,0,0,0,0,0,0,0,0,0,0,0,5,4,0.0,10,1,hegemonism,0.000349577011815703,0.5343829898349378,0.0
significantly,0,0,0,1,0,0,0,0,0,0,0,0,0,0,0,5,5,0.0,13,1,significantly,0.000349577011815703,0.5343829898349378,0.06666666666666667
signed,0,1,1,0,0,0,0,0,0,0,0,0,0,0,0,5,5,0.0,6,1,signed,0.000349577011815703,0.5343829898349378,0.13333333333333333
framework,1,0,0,0,0,0,0,0,0,0,0,0,0,0,0,5,5,0.0,9,1,framework,0.000349577011815703,0.5343829898349378,0.06666666666666667
structure,1,1,0,0,0,0,0,0,0,0,0,0,0,0,0,5,5,0.0,9,1,structure,0.000349577011815703,0.5343829898349378,0.13333333333333333
escalated,0,1,0,0,0,0,0,0,0,0,0,0,0,0,0,5,5,0.0,9,1,escalated,0.000349577011815703,0.5343829898349378,0.06666666666666667
road,1,0,1,0,0,0,0,0,0,0,0,0,0,0,0,5,5,0.0,4,1,road,0.000349577011815703,0.5343829898349378,0.13333333333333333
up,0,1,1,1,0,0,0,0,0,0,0,0,0,0,0,5,5,0.0,2,1,up,0.000349577011815703,0.5343829898349378,0.2
part,1,0,1,1,0,0,0,0,0,0,0,0,0,0,0,5,5,0.0,4,1,part,0.000349577011815703,0.5343829898349378,0.2
three,1,0,1,0,0,0,0,0,0,0,0,0,0,0,0,5,5,0.0,5,1,three,0.000349577011815703,0.5343829898349378,0.13333333333333333
results,1,1,0,0,0,0,0,0,0,0,0,0,0,0,0,5,5,0.0,7,1,results,0.000349577011815703,0.5343829898349378,0.13333333333333333
deployment,1,0,0,0,0,0,0,0,0,0,0,0,0,0,0,5,5,0.0,10,1,deployment,0.000349577011815703,0.5343829898349378,0.06666666666666667
avoid,0,1,0,0,0,0,0,0,0,0,0,0,0,0,0,5,5,0.0,5,1,avoid,0.000349577011815703,0.5343829898349378,0.06666666666666667
factors,1,1,0,0,0,0,0,0,0,0,0,0,0,0,0,5,5,0.0,7,1,factors,0.000349577011815703,0.5343829898349378,0.13333333333333333
basis,1,0,0,0,0,0,0,0,0,0,0,0,0,0,0,5,5,0.0,5,1,basis,0.000349577011815703,0.5343829898349378,0.06666666666666667
c,1,0,0,0,0,0,0,0,0,0,0,0,0,0,0,5,5,0.0,1,1,c,0.000349577011815703,0.5343829898349378,0.06666666666666667
later,0,0,1,1,0,0,0,0,0,0,0,0,0,0,0,5,5,0.0,5,1,later,0.000349577011815703,0.5343829898349378,0.13333333333333333
america,1,0,0,0,0,0,0,0,0,0,0,0,0,0,0,5,5,0.0,7,1,america,0.000349577011815703,0.5343829898349378,0.06666666666666667
life,1,0,0,0,0,0,0,0,0,0,0,0,0,0,0,5,5,0.0,4,1,life,0.000349577011815703,0.5343829898349378,0.06666666666666667
played,0,1,1,0,0,0,0,0,0,0,0,0,0,0,0,5,5,0.0,6,1,played,0.000349577011815703,0.5343829898349378,0.13333333333333333
energy,1,0,0,0,0,0,0,0,0,0,0,0,0,0,0,5,4,0.0,6,1,energy,0.000349577011815703,0.5343829898349378,0.06666666666666667
geopolitical,0,0,1,0,0,0,0,0,0,0,0,0,0,0,0,5,5,0.0,12,1,geopolitical,0.000349577011815703,0.5343829898349378,0.06666666666666667
scientific,0,0,1,0,0,0,0,0,0,0,0,0,0,0,0,5,5,0.0,10,1,scientific,0.000349577011815703,0.5343829898349378,0.06666666666666667
before,0,0,0,1,0,0,1,0,0,0,0,0,0,0,0,5,5,0.0,6,1,before,0.000349577011815703,0.5343829898349378,0.13333333333333333
regarded,0,1,0,0,0,0,0,0,0,0,0,0,0,0,0,5,5,0.0,8,1,regarded,0.000349577011815703,0.5343829898349378,0.06666666666666667
peninsula,1,0,0,0,0,0,0,0,0,0,0,0,0,0,0,5,5,0.0,9,1,peninsula,0.000349577011815703,0.5343829898349378,0.06666666666666667
complex,1,0,1,0,0,0,0,0,0,0,0,0,0,0,0,5,5,0.0,7,1,complex,0.000349577011815703,0.5343829898349378,0.13333333333333333
org,0,0,0,0,0,0,0,0,0,0,0,0,0,0,0,5,5,0.0,3,1,org,0.000349577011815703,0.5343829898349378,0.0
policies,1,0,0,0,0,0,0,0,0,0,0,0,0,0,0,5,5,0.0,8,1,policies,0.000349577011815703,0.5343829898349378,0.06666666666666667
exchange,1,1,0,0,0,0,0,0,0,0,0,0,0,0,0,5,5,0.0,8,1,exchange,0.000349577011815703,0.5343829898349378,0.13333333333333333
cpsu,0,0,0,0,0,0,0,0,0,0,0,0,0,0,0,5,4,0.0,4,1,cpsu,0.000349577011815703,0.5343829898349378,0.0
goal,1,0,0,0,0,0,0,0,0,0,0,0,0,0,0,5,5,0.0,4,1,goal,0.000349577011815703,0.5343829898349378,0.06666666666666667
former,1,0,1,0,0,0,0,0,0,0,0,0,0,0,0,5,5,0.0,6,1,former,0.000349577011815703,0.5343829898349378,0.13333333333333333
core,1,1,0,0,0,0,0,0,0,0,0,0,0,0,0,5,5,0.0,4,1,core,0.000349577011815703,0.5343829898349378,0.13333333333333333
counter,1,1,1,1,0,0,0,0,0,0,0,0,0,0,0,5,5,0.0,7,1,counter,0.000349577011815703,0.5343829898349378,0.26666666666666666
following,1,1,1,0,0,0,0,0,0,0,0,0,0,0,0,5,5,0.0,9,1,following,0.000349577011815703,0.5343829898349378,0.2
evolution,1,0,0,0,0,0,0,0,0,0,0,0,0,0,0,5,5,0.0,9,1,evolution,0.000349577011815703,0.5343829898349378,0.06666666666666667
liberation,1,0,0,0,0,0,0,0,0,0,0,0,0,0,0,5,5,0.0,10,1,liberation,0.000349577011815703,0.5343829898349378,0.06666666666666667
middle,1,1,1,0,0,0,0,0,0,0,0,0,0,0,0,5,5,0.0,6,1,middle,0.000349577011815703,0.5343829898349378,0.2
field,1,1,0,0,0,0,0,0,0,0,0,0,0,0,0,5,5,0.0,5,1,field,0.000349577011815703,0.5343829898349378,0.13333333333333333
analysis,1,0,0,0,0,0,0,0,0,0,0,0,0,0,0,5,5,0.0,8,1,analysis,0.000349577011815703,0.5343829898349378,0.06666666666666667
human,1,0,1,0,0,0,0,0,0,0,0,0,0,0,0,5,5,0.0,5,1,human,0.000349577011815703,0.5343829898349378,0.13333333333333333
ground,1,1,1,0,0,0,0,0,0,0,0,0,0,0,0,5,5,0.0,6,1,ground,0.000349577011815703,0.5343829898349378,0.2
recovery,1,0,0,0,0,0,0,0,0,0,0,0,0,0,0,5,5,0.0,8,1,recovery,0.000349577011815703,0.5343829898349378,0.06666666666666667
mutual,1,0,1,0,0,0,0,0,0,0,0,0,0,0,0,5,5,0.0,6,1,mutual,0.000349577011815703,0.5343829898349378,0.13333333333333333
finally,0,0,0,1,0,0,0,0,0,0,0,0,0,0,0,5,5,0.0,7,1,finally,0.000349577011815703,0.5343829898349378,0.06666666666666667
declared,0,1,1,0,0,0,0,0,0,0,0,0,0,0,0,5,5,0.0,8,1,declared,0.000349577011815703,0.5343829898349378,0.13333333333333333
aspects,1,0,0,0,0,0,0,0,0,0,0,0,0,0,0,5,5,0.0,7,1,aspects,0.000349577011815703,0.5343829898349378,0.06666666666666667
democracy,1,0,0,0,0,0,0,0,0,0,0,0,0,0,0,4,4,0.0,9,1,democracy,0.0002796616094525624,0.5143212870569726,0.06666666666666667
win,1,1,0,0,0,0,0,0,0,0,0,0,0,0,0,4,3,0.0,3,1,win,0.0002796616094525624,0.5143212870569726,0.13333333333333333
society,1,0,0,0,0,0,0,0,0,0,0,0,0,0,0,4,4,0.0,7,1,society,0.0002796616094525624,0.5143212870569726,0.06666666666666667
progress,1,1,0,0,0,0,0,0,0,0,0,0,0,0,0,4,4,0.0,8,1,progress,0.0002796616094525624,0.5143212870569726,0.13333333333333333
theoretical,0,0,1,0,0,0,0,0,0,0,0,0,0,0,0,4,4,0.0,11,1,theoretical,0.0002796616094525624,0.5143212870569726,0.06666666666666667
fundamental,1,0,1,0,0,0,0,0,0,0,0,0,0,0,0,4,4,0.0,11,1,fundamental,0.0002796616094525624,0.5143212870569726,0.13333333333333333
investment,1,0,0,0,0,0,0,0,0,0,0,0,0,0,0,4,4,0.0,10,1,investment,0.0002796616094525624,0.5143212870569726,0.06666666666666667
march,1,1,0,0,0,0,0,0,0,0,0,0,0,0,0,4,4,0.0,5,1,march,0.0002796616094525624,0.5143212870569726,0.13333333333333333
union,1,0,1,0,0,0,0,0,0,0,0,0,0,0,0,4,4,0.0,5,1,union,0.0002796616094525624,0.5143212870569726,0.13333333333333333
increasing,0,1,1,0,0,0,0,0,0,0,0,0,0,0,0,4,4,0.0,10,1,increasing,0.0002796616094525624,0.5143212870569726,0.13333333333333333
delivered,0,0,0,0,0,0,0,0,0,0,0,0,0,0,0,4,4,0.0,9,1,delivered,0.0002796616094525624,0.5143212870569726,0.0
measures,1,1,0,0,0,0,0,0,0,0,0,0,0,0,0,4,4,0.0,8,1,measures,0.0002796616094525624,0.5143212870569726,0.13333333333333333
launched,0,1,0,0,0,0,0,0,0,0,0,0,0,0,0,4,3,0.0,8,1,launched,0.0002796616094525624,0.5143212870569726,0.06666666666666667
resolve,1,1,0,0,0,0,0,0,0,0,0,0,0,0,0,4,4,0.0,7,1,resolve,0.0002796616094525624,0.5143212870569726,0.13333333333333333
achieve,0,1,0,0,0,0,0,0,0,0,0,0,0,0,0,4,4,0.0,7,1,achieve,0.0002796616094525624,0.5143212870569726,0.06666666666666667
right,1,1,1,1,0,0,0,0,0,0,0,0,0,0,0,4,4,0.0,5,1,right,0.0002796616094525624,0.5143212870569726,0.26666666666666666
lasted,0,1,0,0,0,0,0,0,0,0,0,0,0,0,0,4,4,0.0,6,1,lasted,0.0002796616094525624,0.5143212870569726,0.06666666666666667
community,1,0,1,0,0,0,0,0,0,0,0,0,0,0,0,4,4,0.0,9,1,community,0.0002796616094525624,0.5143212870569726,0.13333333333333333
them,0,0,0,0,0,0,0,0,0,0,0,0,0,0,1,4,4,0.0,4,1,them,0.0002796616094525624,0.5143212870569726,0.06666666666666667
brought,0,1,0,0,0,0,0,0,0,0,0,0,0,0,0,4,4,0.0,7,1,brought,0.0002796616094525624,0.5143212870569726,0.06666666666666667
term,1,1,0,0,0,0,0,0,0,0,0,0,0,0,0,4,4,0.0,4,1,term,0.0002796616094525624,0.5143212870569726,0.13333333333333333
relatively,0,0,0,1,0,0,0,0,0,0,0,0,0,0,0,4,4,0.0,10,1,relatively,0.0002796616094525624,0.5143212870569726,0.06666666666666667
believed,0,1,0,0,0,0,0,0,0,0,0,0,0,0,0,4,4,0.0,8,1,believed,0.0002796616094525624,0.5143212870569726,0.06666666666666667
financial,0,0,1,0,0,0,0,0,0,0,0,0,0,0,0,4,4,0.0,9,1,financial,0.0002796616094525624,0.5143212870569726,0.06666666666666667
ties,1,1,0,0,0,0,0,0,0,0,0,0,0,0,0,4,4,0.0,4,1,ties,0.0002796616094525624,0.5143212870569726,0.13333333333333333
integrity,1,0,0,0,0,0,0,0,0,0,0,0,0,0,0,4,4,0.0,9,1,integrity,0.0002796616094525624,0.5143212870569726,0.06666666666666667
independently,0,0,0,1,0,0,0,0,0,0,0,0,0,0,0,4,3,0.0,13,1,independently,0.0002796616094525624,0.5143212870569726,0.06666666666666667
wall,1,1,0,0,0,0,0,0,0,0,0,0,0,0,0,4,4,0.0,4,1,wall,0.0002796616094525624,0.5143212870569726,0.13333333333333333
enhanced,0,1,1,0,0,0,0,0,0,0,0,0,0,0,0,4,4,0.0,8,1,enhanced,0.0002796616094525624,0.5143212870569726,0.13333333333333333
accelerated,0,1,1,0,0,0,0,0,0,0,0,0,0,0,0,4,4,0.0,11,1,accelerated,0.0002796616094525624,0.5143212870569726,0.13333333333333333
respect,1,1,0,0,0,0,0,0,0,0,0,0,0,0,0,4,4,0.0,7,1,respect,0.0002796616094525624,0.5143212870569726,0.13333333333333333
rise,1,1,0,0,0,0,0,0,0,0,0,0,0,0,0,4,4,0.0,4,1,rise,0.0002796616094525624,0.5143212870569726,0.13333333333333333
fascist,1,0,1,0,0,0,0,0,0,0,0,0,0,0,0,4,3,0.0,7,1,fascist,0.0002796616094525624,0.5143212870569726,0.13333333333333333
allies,1,1,0,0,0,0,0,0,0,0,0,0,0,0,0,4,4,0.0,6,1,allies,0.0002796616094525624,0.5143212870569726,0.13333333333333333
intelligence,1,0,0,0,0,0,0,0,0,0,0,0,0,0,0,4,4,0.0,12,1,intelligence,0.0002796616094525624,0.5143212870569726,0.06666666666666667
problems,1,0,0,0,0,0,0,0,0,0,0,0,0,0,0,4,4,0.0,8,1,problems,0.0002796616094525624,0.5143212870569726,0.06666666666666667
united,0,1,1,0,0,0,0,0,0,0,0,0,0,0,0,4,4,0.0,6,1,united,0.0002796616094525624,0.5143212870569726,0.13333333333333333
regional,1,0,1,0,0,0,0,0,0,0,0,0,0,0,0,4,4,0.0,8,1,regional,0.0002796616094525624,0.5143212870569726,0.13333333333333333
powerful,0,0,1,1,0,0,0,0,0,0,0,0,0,0,0,4,4,0.0,8,1,powerful,0.0002796616094525624,0.5143212870569726,0.13333333333333333
difficulties,1,0,0,0,0,0,0,0,0,0,0,0,0,0,0,4,4,0.0,12,1,difficulties,0.0002796616094525624,0.5143212870569726,0.06666666666666667
point,1,1,0,0,0,0,0,0,0,0,0,0,0,0,0,4,4,0.0,5,1,point,0.0002796616094525624,0.5143212870569726,0.13333333333333333
disputes,1,0,0,0,0,0,0,0,0,0,0,0,0,0,0,4,4,0.0,8,1,disputes,0.0002796616094525624,0.5143212870569726,0.06666666666666667
highly,0,0,0,1,0,0,0,0,0,0,0,0,0,0,0,4,4,0.0,6,1,highly,0.0002796616094525624,0.5143212870569726,0.06666666666666667
attention,1,0,0,0,0,0,0,0,0,0,0,0,0,0,0,4,4,0.0,9,1,attention,0.0002796616094525624,0.5143212870569726,0.06666666666666667
intervene,0,1,0,0,0,0,0,0,0,0,0,0,0,0,0,4,4,0.0,9,1,intervene,0.0002796616094525624,0.5143212870569726,0.06666666666666667
attempt,1,0,0,0,0,0,0,0,0,0,0,0,0,0,0,4,4,0.0,7,1,attempt,0.0002796616094525624,0.5143212870569726,0.06666666666666667
ideologies,1,0,0,0,0,0,0,0,0,0,0,0,0,0,0,4,3,0.0,10,1,ideologies,0.0002796616094525624,0.5143212870569726,0.06666666666666667
propaganda,1,0,1,0,0,0,0,0,0,0,0,0,0,0,0,4,4,0.0,10,1,propaganda,0.0002796616094525624,0.5143212870569726,0.13333333333333333
construction,1,0,0,0,0,0,0,0,0,0,0,0,0,0,0,4,4,0.0,12,1,construction,0.0002796616094525624,0.5143212870569726,0.06666666666666667
called,0,1,1,0,0,0,0,0,0,0,0,0,0,0,0,4,4,0.0,6,1,called,0.0002796616094525624,0.5143212870569726,0.13333333333333333
capable,0,0,1,0,0,0,0,0,0,0,0,0,0,0,0,4,4,0.0,7,1,capable,0.0002796616094525624,0.5143212870569726,0.06666666666666667
bases,1,1,0,0,0,0,0,0,0,0,0,0,0,0,0,4,4,0.0,5,1,bases,0.0002796616094525624,0.5143212870569726,0.13333333333333333
burden,1,1,0,0,0,0,0,0,0,0,0,0,0,0,0,4,4,0.0,6,1,burden,0.0002796616094525624,0.5143212870569726,0.13333333333333333
invested,0,1,1,0,0,0,0,0,0,0,0,0,0,0,0,4,4,0.0,8,1,invested,0.0002796616094525624,0.5143212870569726,0.13333333333333333
prompted,0,1,0,0,0,0,0,0,0,0,0,0,0,0,0,4,4,0.0,8,1,prompted,0.0002796616094525624,0.5143212870569726,0.06666666666666667
event,1,0,0,0,0,0,0,0,0,0,0,0,0,0,0,4,4,0.0,5,1,event,0.0002796616094525624,0.5143212870569726,0.06666666666666667
vietnamese,1,0,1,0,0,0,0,0,0,0,0,0,0,0,0,4,3,0.0,10,1,vietnamese,0.0002796616094525624,0.5143212870569726,0.13333333333333333
aggravated,0,0,1,0,0,0,0,0,0,0,0,0,0,0,0,4,4,0.0,10,1,aggravated,0.0002796616094525624,0.5143212870569726,0.06666666666666667
tente,0,0,0,0,0,0,0,0,0,0,0,0,0,0,0,4,4,0.0,5,1,tente,0.0002796616094525624,0.5143212870569726,0.0
german,1,0,1,0,0,0,0,0,0,0,0,0,0,0,0,4,4,0.0,6,1,german,0.0002796616094525624,0.5143212870569726,0.13333333333333333
last,1,1,1,1,0,0,0,0,0,0,0,0,0,0,0,4,4,0.0,4,1,last,0.0002796616094525624,0.5143212870569726,0.26666666666666666
family,1,0,0,0,0,0,0,0,0,0,0,0,0,0,0,4,3,0.0,6,1,family,0.0002796616094525624,0.5143212870569726,0.06666666666666667
deterrence,1,0,0,0,0,0,0,0,0,0,0,0,0,0,0,4,4,0.0,10,1,deterrence,0.0002796616094525624,0.5143212870569726,0.06666666666666667
specific,1,0,1,0,0,0,0,0,0,0,0,0,0,0,0,4,4,0.0,8,1,specific,0.0002796616094525624,0.5143212870569726,0.13333333333333333
used,0,1,1,0,0,0,0,0,0,0,0,0,0,0,0,4,4,0.0,4,1,used,0.0002796616094525624,0.5143212870569726,0.13333333333333333
signing,1,1,0,0,0,0,0,0,0,0,0,0,0,0,0,4,4,0.0,7,1,signing,0.0002796616094525624,0.5143212870569726,0.13333333333333333
lost,0,1,1,0,0,0,0,0,0,0,0,0,0,0,0,4,4,0.0,4,1,lost,0.0002796616094525624,0.5143212870569726,0.13333333333333333
carried,0,1,0,0,0,0,0,0,0,0,0,0,0,0,0,4,4,0.0,7,1,carried,0.0002796616094525624,0.5143212870569726,0.06666666666666667
low,1,0,1,1,0,0,0,0,0,0,0,0,0,0,0,4,4,0.0,3,1,low,0.0002796616094525624,0.5143212870569726,0.2
goals,1,0,0,0,0,0,0,0,0,0,0,0,0,0,0,4,4,0.0,5,1,goals,0.0002796616094525624,0.5143212870569726,0.06666666666666667
persian,1,0,1,0,0,0,0,0,0,0,0,0,0,0,0,4,4,0.0,7,1,persian,0.0002796616094525624,0.5143212870569726,0.13333333333333333
held,0,1,1,0,0,0,0,0,0,0,0,0,0,0,0,4,4,0.0,4,1,held,0.0002796616094525624,0.5143212870569726,0.13333333333333333
multi,0,0,0,0,0,0,0,0,0,0,0,0,0,0,0,4,3,0.0,5,1,multi,0.0002796616094525624,0.5143212870569726,0.0
humane,0,0,1,0,0,0,0,0,0,0,0,0,0,0,0,4,3,0.0,6,1,humane,0.0002796616094525624,0.5143212870569726,0.06666666666666667
failure,1,0,0,0,0,0,0,0,0,0,0,0,0,0,0,4,4,0.0,7,1,failure,0.0002796616094525624,0.5143212870569726,0.06666666666666667
indirectly,0,0,0,1,0,0,0,0,0,0,0,0,0,0,0,4,4,0.0,10,1,indirectly,0.0002796616094525624,0.5143212870569726,0.06666666666666667
even,1,1,1,1,0,0,0,0,0,0,0,0,0,0,0,4,4,0.0,4,1,even,0.0002796616094525624,0.5143212870569726,0.26666666666666666
outbreak,1,0,0,0,0,0,0,0,0,0,0,0,0,0,0,4,4,0.0,8,1,outbreak,0.0002796616094525624,0.5143212870569726,0.06666666666666667
diplomacy,1,0,0,0,0,0,0,0,0,0,0,0,0,0,0,4,4,0.0,9,1,diplomacy,0.0002796616094525624,0.5143212870569726,0.06666666666666667
enormous,0,0,1,0,0,0,0,0,0,0,0,0,0,0,0,4,4,0.0,8,1,enormous,0.0002796616094525624,0.5143212870569726,0.06666666666666667
britain,1,0,0,0,0,0,0,0,0,0,0,0,0,0,0,4,4,0.0,7,1,britain,0.0002796616094525624,0.5143212870569726,0.06666666666666667
agreement,1,0,0,0,0,0,0,0,0,0,0,0,0,0,0,4,4,0.0,9,1,agreement,0.0002796616094525624,0.5143212870569726,0.06666666666666667
safeguard,1,1,0,0,0,0,0,0,0,0,0,0,0,0,0,4,4,0.0,9,1,safeguard,0.0002796616094525624,0.5143212870569726,0.13333333333333333
regions,1,0,0,0,0,0,0,0,0,0,0,0,0,0,0,4,4,0.0,7,1,regions,0.0002796616094525624,0.5143212870569726,0.06666666666666667
deeply,0,0,0,1,0,0,0,0,0,0,0,0,0,0,0,4,4,0.0,6,1,deeply,0.0002796616094525624,0.5143212870569726,0.06666666666666667
increased,0,1,1,0,0,0,0,0,0,0,0,0,0,0,0,4,4,0.0,9,1,increased,0.0002796616094525624,0.5143212870569726,0.13333333333333333
unite,0,1,0,0,0,0,0,0,0,0,0,0,0,0,0,4,4,0.0,5,1,unite,0.0002796616094525624,0.5143212870569726,0.06666666666666667
interception,1,0,0,0,0,0,0,0,0,0,0,0,0,0,0,4,4,0.0,12,1,interception,0.0002796616094525624,0.5143212870569726,0.06666666666666667
laser,1,0,0,0,0,0,0,0,0,0,0,0,0,0,0,4,3,0.0,5,1,laser,0.0002796616094525624,0.5143212870569726,0.06666666666666667
hoped,0,1,0,0,0,0,0,0,0,0,0,0,0,0,0,4,4,0.0,5,1,hoped,0.0002796616094525624,0.5143212870569726,0.06666666666666667
education,1,0,0,0,0,0,0,0,0,0,0,0,0,0,0,4,4,0.0,9,1,education,0.0002796616094525624,0.5143212870569726,0.06666666666666667
contain,0,1,0,0,0,0,0,0,0,0,0,0,0,0,0,4,4,0.0,7,1,contain,0.0002796616094525624,0.5143212870569726,0.06666666666666667
adjustment,1,0,0,0,0,0,0,0,0,0,0,0,0,0,0,4,4,0.0,10,1,adjustment,0.0002796616094525624,0.5143212870569726,0.06666666666666667
africa,1,0,0,0,0,0,0,0,0,0,0,0,0,0,0,4,4,0.0,6,1,africa,0.0002796616094525624,0.5143212870569726,0.06666666666666667
latin,1,0,1,0,0,0,0,0,0,0,0,0,0,0,0,4,4,0.0,5,1,latin,0.0002796616094525624,0.5143212870569726,0.13333333333333333
media,1,0,0,0,0,0,0,0,0,0,0,0,0,0,0,4,4,0.0,5,1,media,0.0002796616094525624,0.5143212870569726,0.06666666666666667
importance,1,0,0,0,0,0,0,0,0,0,0,0,0,0,0,4,4,0.0,10,1,importance,0.0002796616094525624,0.5143212870569726,0.06666666666666667
making,1,1,0,0,0,0,0,0,0,0,0,0,0,0,0,4,4,0.0,6,1,making,0.0002796616094525624,0.5143212870569726,0.13333333333333333
related,0,1,1,0,0,0,0,0,0,0,0,0,0,0,0,4,4,0.0,7,1,related,0.0002796616094525624,0.5143212870569726,0.13333333333333333
reforms,1,1,0,0,0,0,0,0,0,0,0,0,0,0,0,4,4,0.0,7,1,reforms,0.0002796616094525624,0.5143212870569726,0.13333333333333333
key,1,1,1,0,0,0,0,0,0,0,0,0,0,0,0,4,4,0.0,3,1,key,0.0002796616094525624,0.5143212870569726,0.2
events,1,0,0,0,0,0,0,0,0,0,0,0,0,0,0,4,4,0.0,6,1,events,0.0002796616094525624,0.5143212870569726,0.06666666666666667
china's,0,0,0,0,0,0,0,0,0,0,0,0,0,0,0,4,4,0.0,7,1,china's,0.0002796616094525624,0.5143212870569726,0.0
action,1,1,0,0,0,0,0,0,0,0,0,0,0,0,0,4,4,0.0,6,1,action,0.0002796616094525624,0.5143212870569726,0.13333333333333333
created,0,1,0,0,0,0,0,0,0,0,0,0,0,0,0,4,4,0.0,7,1,created,0.0002796616094525624,0.5143212870569726,0.06666666666666667
politics,1,0,0,0,0,0,0,0,0,0,0,0,0,0,0,4,4,0.0,8,1,politics,0.0002796616094525624,0.5143212870569726,0.06666666666666667
way,1,0,0,1,0,0,0,0,0,0,0,0,0,0,0,4,4,0.0,3,1,way,0.0002796616094525624,0.5143212870569726,0.13333333333333333
include,1,1,0,0,0,0,0,0,0,0,0,0,0,0,0,4,4,0.0,7,1,include,0.0002796616094525624,0.5143212870569726,0.13333333333333333
forming,0,1,0,0,0,0,0,0,0,0,0,0,0,0,0,4,4,0.0,7,1,forming,0.0002796616094525624,0.5143212870569726,0.06666666666666667
km,0,0,0,0,0,0,0,0,0,0,0,0,0,0,0,4,2,0.0,2,0,km,0.0002796616094525624,0.5143212870569726,0.0
upheaval,1,0,0,0,0,0,0,0,0,0,0,0,0,0,0,4,4,0.0,8,1,upheaval,0.0002796616094525624,0.5143212870569726,0.06666666666666667
resulting,0,1,1,0,0,0,0,0,0,0,0,0,0,0,0,4,4,0.0,9,1,resulting,0.0002796616094525624,0.5143212870569726,0.13333333333333333
inf,0,0,0,0,0,0,0,0,0,0,0,0,0,0,0,4,4,0.0,3,1,inf,0.0002796616094525624,0.5143212870569726,0.0
economically,0,0,0,1,0,0,0,0,0,0,0,0,0,0,0,4,4,0.0,12,1,economically,0.0002796616094525624,0.5143212870569726,0.06666666666666667
turkey,1,0,0,0,0,0,0,0,0,0,0,0,0,0,0,3,3,0.0,6,1,turkey,0.0002097462070894218,0.4860001779968491,0.06666666666666667
emphasized,0,0,1,0,0,0,0,0,0,0,0,0,0,0,0,3,3,0.0,10,1,emphasized,0.0002097462070894218,0.4860001779968491,0.06666666666666667
seen,1,1,1,0,0,0,0,0,0,0,0,0,0,0,0,3,3,0.0,4,1,seen,0.0002097462070894218,0.4860001779968491,0.2
industrial,1,0,1,0,0,0,0,0,0,0,0,0,0,0,0,3,3,0.0,10,1,industrial,0.0002097462070894218,0.4860001779968491,0.13333333333333333
intermediate,1,0,1,0,0,0,0,0,0,0,0,0,0,0,0,3,2,0.0,12,1,intermediate,0.0002097462070894218,0.4860001779968491,0.13333333333333333
recover,1,1,0,0,0,0,0,0,0,0,0,0,0,0,0,3,3,0.0,7,1,recover,0.0002097462070894218,0.4860001779968491,0.13333333333333333
strongly,0,0,0,1,0,0,0,0,0,0,0,0,0,0,0,3,3,0.0,8,1,strongly,0.0002097462070894218,0.4860001779968491,0.06666666666666667
protect,0,1,0,0,0,0,0,0,0,0,0,0,0,0,0,3,3,0.0,7,1,protect,0.0002097462070894218,0.4860001779968491,0.06666666666666667
products,0,0,0,0,0,0,0,0,0,0,0,0,0,0,0,3,3,0.0,8,1,products,0.0002097462070894218,0.4860001779968491,0.0
prices,1,1,0,0,0,0,0,0,0,0,0,0,0,0,0,3,3,0.0,6,1,prices,0.0002097462070894218,0.4860001779968491,0.13333333333333333
sea,1,0,1,0,0,0,0,0,0,0,0,0,0,0,0,3,2,0.0,3,1,sea,0.0002097462070894218,0.4860001779968491,0.13333333333333333
across,1,0,1,1,0,0,0,0,0,0,0,0,0,0,0,3,3,0.0,6,1,across,0.0002097462070894218,0.4860001779968491,0.2
city,1,0,0,0,0,0,0,0,0,0,0,0,0,0,0,3,3,0.0,4,1,city,0.0002097462070894218,0.4860001779968491,0.06666666666666667
theories,0,0,0,0,0,0,0,0,0,0,0,0,0,0,0,3,3,0.0,8,1,theories,0.0002097462070894218,0.4860001779968491,0.0
oppose,0,1,0,0,0,0,0,0,0,0,0,0,0,0,0,3,3,0.0,6,1,oppose,0.0002097462070894218,0.4860001779968491,0.06666666666666667
newly,0,0,0,1,0,0,0,0,0,0,0,0,0,0,0,3,3,0.0,5,1,newly,0.0002097462070894218,0.4860001779968491,0.06666666666666667
weakened,0,0,1,0,0,0,0,0,0,0,0,0,0,0,0,3,3,0.0,8,1,weakened,0.0002097462070894218,0.4860001779968491,0.06666666666666667
taken,0,1,1,0,0,0,0,0,0,0,0,0,0,0,0,3,3,0.0,5,1,taken,0.0002097462070894218,0.4860001779968491,0.13333333333333333
adopted,0,1,1,0,0,0,0,0,0,0,0,0,0,0,0,3,3,0.0,7,1,adopted,0.0002097462070894218,0.4860001779968491,0.13333333333333333
increasingly,0,0,0,1,0,0,0,0,0,0,0,0,0,0,0,3,3,0.0,12,1,increasingly,0.0002097462070894218,0.4860001779968491,0.06666666666666667
asian,1,0,1,0,0,0,0,0,0,0,0,0,0,0,0,3,3,0.0,5,1,asian,0.0002097462070894218,0.4860001779968491,0.13333333333333333
turmoil,0,0,0,0,0,0,0,0,0,0,0,0,0,0,0,3,3,0.0,7,1,turmoil,0.0002097462070894218,0.4860001779968491,0.0
movements,1,0,0,0,0,0,0,0,0,0,0,0,0,0,0,3,3,0.0,9,1,movements,0.0002097462070894218,0.4860001779968491,0.06666666666666667
worlds,0,0,0,0,0,0,0,0,0,0,0,0,0,0,0,3,3,0.0,6,1,worlds,0.0002097462070894218,0.4860001779968491,0.0
faced,0,1,1,0,0,0,0,0,0,0,0,0,0,0,0,3,3,0.0,5,1,faced,0.0002097462070894218,0.4860001779968491,0.13333333333333333
hegemonic,0,0,1,0,0,0,0,0,0,0,0,0,0,0,0,3,3,0.0,9,1,hegemonic,0.0002097462070894218,0.4860001779968491,0.06666666666666667
strategies,0,0,0,0,0,0,0,0,0,0,0,0,0,0,0,3,3,0.0,10,1,strategies,0.0002097462070894218,0.4860001779968491,0.0
april,1,0,0,0,0,0,0,0,0,0,0,0,0,0,0,3,3,0.0,5,1,april,0.0002097462070894218,0.4860001779968491,0.06666666666666667
october,1,0,0,0,0,0,0,0,0,0,0,0,0,0,0,3,3,0.0,7,1,october,0.0002097462070894218,0.4860001779968491,0.06666666666666667
establish,0,1,0,0,0,0,0,0,0,0,0,0,0,0,0,3,3,0.0,9,1,establish,0.0002097462070894218,0.4860001779968491,0.06666666666666667
trying,0,1,1,0,0,0,0,0,0,0,0,0,0,0,0,3,3,0.0,6,1,trying,0.0002097462070894218,0.4860001779968491,0.13333333333333333
huge,0,0,1,0,0,0,0,0,0,0,0,0,0,0,0,3,3,0.0,4,1,huge,0.0002097462070894218,0.4860001779968491,0.06666666666666667
ensure,0,0,0,0,0,0,0,0,0,0,0,0,0,0,0,3,3,0.0,6,1,ensure,0.0002097462070894218,0.4860001779968491,0.0
if,1,0,0,0,0,0,1,0,0,0,0,0,0,0,0,3,3,0.0,2,1,if,0.0002097462070894218,0.4860001779968491,0.13333333333333333
administration's,0,0,0,0,0,0,0,0,0,0,0,0,0,0,0,3,3,0.0,16,1,administration's,0.0002097462070894218,0.4860001779968491,0.0
growing,1,1,1,0,0,0,0,0,0,0,0,0,0,0,0,3,3,0.0,7,1,growing,0.0002097462070894218,0.4860001779968491,0.2
implementation,1,0,0,0,0,0,0,0,0,0,0,0,0,0,0,3,3,0.0,14,1,implementation,0.0002097462070894218,0.4860001779968491,0.06666666666666667
nixon's,0,0,0,0,0,0,0,0,0,0,0,0,0,0,0,3,3,0.0,7,1,nixon's,0.0002097462070894218,0.4860001779968491,0.0
korea,1,0,0,0,0,0,0,0,0,0,0,0,0,0,0,3,2,0.0,5,1,korea,0.0002097462070894218,0.4860001779968491,0.06666666666666667
advanced,0,1,1,0,0,0,0,0,0,0,0,0,0,0,0,3,3,0.0,8,1,advanced,0.0002097462070894218,0.4860001779968491,0.13333333333333333
mainly,0,0,0,1,0,0,0,0,0,0,0,0,0,0,0,3,2,0.0,6,1,mainly,0.0002097462070894218,0.4860001779968491,0.06666666666666667
decision,1,0,0,0,0,0,0,0,0,0,0,0,0,0,0,3,3,0.0,8,1,decision,0.0002097462070894218,0.4860001779968491,0.06666666666666667
heart,1,0,0,0,0,0,0,0,0,0,0,0,0,0,0,3,3,0.0,5,1,heart,0.0002097462070894218,0.4860001779968491,0.06666666666666667
land,1,1,1,0,0,0,0,0,0,0,0,0,0,0,0,3,3,0.0,4,1,land,0.0002097462070894218,0.4860001779968491,0.2
incoming,1,0,1,0,0,0,0,0,0,0,0,0,0,0,0,3,3,0.0,8,1,incoming,0.0002097462070894218,0.4860001779968491,0.13333333333333333
includes,1,1,0,0,0,0,0,0,0,0,0,0,0,0,0,3,3,0.0,8,1,includes,0.0002097462070894218,0.4860001779968491,0.13333333333333333
collective,1,0,1,0,0,0,0,0,0,0,0,0,0,0,0,3,3,0.0,10,1,collective,0.0002097462070894218,0.4860001779968491,0.13333333333333333
broke,0,1,1,0,0,0,0,0,0,0,0,0,0,0,0,3,3,0.0,5,1,broke,0.0002097462070894218,0.4860001779968491,0.13333333333333333
extensive,0,0,1,0,0,0,0,0,0,0,0,0,0,0,0,3,3,0.0,9,1,extensive,0.0002097462070894218,0.4860001779968491,0.06666666666666667
afghan,1,0,1,0,0,0,0,0,0,0,0,0,0,0,0,3,3,0.0,6,1,afghan,0.0002097462070894218,0.4860001779968491,0.13333333333333333
resistance,1,0,0,0,0,0,0,0,0,0,0,0,0,0,0,3,3,0.0,10,1,resistance,0.0002097462070894218,0.4860001779968491,0.06666666666666667
left,1,1,1,1,0,0,0,0,0,0,0,0,0,0,0,3,3,0.0,4,1,left,0.0002097462070894218,0.4860001779968491,0.26666666666666666
dissolution,1,0,0,0,0,0,0,0,0,0,0,0,0,0,0,3,2,0.0,11,1,dissolution,0.0002097462070894218,0.4860001779968491,0.06666666666666667
offensive,0,0,1,0,0,0,0,0,0,0,0,0,0,0,0,3,3,0.0,9,1,offensive,0.0002097462070894218,0.4860001779968491,0.06666666666666667
modern,1,0,1,0,0,0,0,0,0,0,0,0,0,0,0,3,3,0.0,6,1,modern,0.0002097462070894218,0.4860001779968491,0.13333333333333333
contributions,1,0,0,0,0,0,0,0,0,0,0,0,0,0,0,3,3,0.0,13,1,contributions,0.0002097462070894218,0.4860001779968491,0.06666666666666667
equipment,1,0,0,0,0,0,0,0,0,0,0,0,0,0,0,3,3,0.0,9,1,equipment,0.0002097462070894218,0.4860001779968491,0.06666666666666667
able,0,0,1,0,0,0,0,0,0,0,0,0,0,0,0,3,3,0.0,4,1,able,0.0002097462070894218,0.4860001779968491,0.06666666666666667
location,1,0,0,0,0,0,0,0,0,0,0,0,0,0,0,3,3,0.0,8,1,location,0.0002097462070894218,0.4860001779968491,0.06666666666666667
reconnaissance,1,0,0,0,0,0,0,0,0,0,0,0,0,0,0,3,2,0.0,14,1,reconnaissance,0.0002097462070894218,0.4860001779968491,0.06666666666666667
make,1,1,0,0,0,0,0,0,0,0,0,0,0,0,0,3,3,0.0,4,1,make,0.0002097462070894218,0.4860001779968491,0.13333333333333333
intensity,1,0,0,0,0,0,0,0,0,0,0,0,0,0,0,3,3,0.0,9,1,intensity,0.0002097462070894218,0.4860001779968491,0.06666666666666667
because,0,0,0,0,0,0,1,0,0,0,0,0,0,0,0,3,3,0.0,7,1,because,0.0002097462070894218,0.4860001779968491,0.06666666666666667
deteriorated,0,1,0,0,0,0,0,0,0,0,0,0,0,0,0,3,3,0.0,12,1,deteriorated,0.0002097462070894218,0.4860001779968491,0.06666666666666667
deterioration,1,0,0,0,0,0,0,0,0,0,0,0,0,0,0,3,3,0.0,13,1,deterioration,0.0002097462070894218,0.4860001779968491,0.06666666666666667
detail,1,1,0,0,0,0,0,0,0,0,0,0,0,0,0,3,2,0.0,6,1,detail,0.0002097462070894218,0.4860001779968491,0.13333333333333333
intervention,1,0,0,0,0,0,0,0,0,0,0,0,0,0,0,3,3,0.0,12,1,intervention,0.0002097462070894218,0.4860001779968491,0.06666666666666667
never,0,0,0,1,0,0,0,0,0,0,1,0,0,0,0,3,3,0.0,5,1,never,0.0002097462070894218,0.4860001779968491,0.13333333333333333
stopped,0,1,1,0,0,0,0,0,0,0,0,0,0,0,0,3,3,0.0,7,1,stopped,0.0002097462070894218,0.4860001779968491,0.13333333333333333
original,1,0,1,0,0,0,0,0,0,0,0,0,0,0,0,3,3,0.0,8,1,original,0.0002097462070894218,0.4860001779968491,0.13333333333333333
warning,1,1,1,0,0,0,0,0,0,0,0,0,0,0,0,3,2,0.0,7,1,warning,0.0002097462070894218,0.4860001779968491,0.2
radars,0,0,0,0,0,0,0,0,0,0,0,0,0,0,0,3,3,0.0,6,1,radars,0.0002097462070894218,0.4860001779968491,0.0
big,1,0,1,1,0,0,0,0,0,0,0,0,0,0,0,3,3,0.0,3,1,big,0.0002097462070894218,0.4860001779968491,0.2
wanted,0,1,1,0,0,0,0,0,0,0,0,0,0,0,0,3,3,0.0,6,1,wanted,0.0002097462070894218,0.4860001779968491,0.13333333333333333
washington,1,0,0,0,0,0,0,0,0,0,0,0,0,0,0,3,3,0.0,10,1,washington,0.0002097462070894218,0.4860001779968491,0.06666666666666667
france,1,0,0,0,0,0,0,0,0,0,0,0,0,0,0,3,3,0.0,6,1,france,0.0002097462070894218,0.4860001779968491,0.06666666666666667
five,1,0,1,0,0,0,0,0,0,0,0,0,0,0,0,3,3,0.0,4,1,five,0.0002097462070894218,0.4860001779968491,0.13333333333333333
providing,0,1,0,0,0,0,0,0,0,0,0,0,0,0,0,3,3,0.0,9,1,providing,0.0002097462070894218,0.4860001779968491,0.06666666666666667
sent,1,1,1,0,0,0,0,0,0,0,0,0,0,0,0,3,3,0.0,4,1,sent,0.0002097462070894218,0.4860001779968491,0.2
day,1,0,0,0,0,0,0,0,0,0,0,0,0,0,0,3,3,0.0,3,1,day,0.0002097462070894218,0.4860001779968491,0.06666666666666667
being,1,1,0,0,1,0,0,0,0,0,0,0,0,0,0,3,3,0.0,5,1,being,0.0002097462070894218,0.4860001779968491,0.2
oil,1,1,0,0,0,0,0,0,0,0,0,0,0,0,0,3,3,0.0,3,1,oil,0.0002097462070894218,0.4860001779968491,0.13333333333333333
invasion,1,0,0,0,0,0,0,0,0,0,0,0,0,0,0,3,3,0.0,8,1,invasion,0.0002097462070894218,0.4860001779968491,0.06666666666666667
members,1,0,0,0,0,0,0,0,0,0,0,0,0,0,0,3,3,0.0,7,1,members,0.0002097462070894218,0.4860001779968491,0.06666666666666667
formally,0,0,0,1,0,0,0,0,0,0,0,0,0,0,0,3,3,0.0,8,1,formally,0.0002097462070894218,0.4860001779968491,0.06666666666666667
czech,1,0,1,0,0,0,0,0,0,0,0,0,0,0,0,3,3,0.0,5,1,czech,0.0002097462070894218,0.4860001779968491,0.13333333333333333
slovakia,1,0,0,0,0,0,0,0,0,0,0,0,0,0,0,3,2,0.0,8,1,slovakia,0.0002097462070894218,0.4860001779968491,0.06666666666666667
armed,0,1,1,0,0,0,0,0,0,0,0,0,0,0,0,3,3,0.0,5,1,armed,0.0002097462070894218,0.4860001779968491,0.13333333333333333
upheavals,1,0,0,0,0,0,0,0,0,0,0,0,0,0,0,3,3,0.0,9,1,upheavals,0.0002097462070894218,0.4860001779968491,0.06666666666666667
prague,1,0,0,0,0,0,0,0,0,0,0,0,0,0,0,3,3,0.0,6,1,prague,0.0002097462070894218,0.4860001779968491,0.06666666666666667
level,1,1,1,0,0,0,0,0,0,0,0,0,0,0,0,3,3,0.0,5,1,level,0.0002097462070894218,0.4860001779968491,0.2
reflecting,1,1,1,0,0,0,0,0,0,0,0,0,0,0,0,3,3,0.0,10,1,reflecting,0.0002097462070894218,0.4860001779968491,0.2
achievements,1,0,0,0,0,0,0,0,0,0,0,0,0,0,0,3,3,0.0,12,1,achievements,0.0002097462070894218,0.4860001779968491,0.06666666666666667
triggered,0,0,0,0,0,0,0,0,0,0,0,0,0,0,0,3,3,0.0,9,1,triggered,0.0002097462070894218,0.4860001779968491,0.0
pretext,1,0,0,0,0,0,0,0,0,0,0,0,0,0,0,3,3,0.0,7,1,pretext,0.0002097462070894218,0.4860001779968491,0.06666666666666667
defeat,1,0,0,0,0,0,0,0,0,0,0,0,0,0,0,3,3,0.0,6,1,defeat,0.0002097462070894218,0.4860001779968491,0.06666666666666667
victory,1,0,0,0,0,0,0,0,0,0,0,0,0,0,0,3,3,0.0,7,1,victory,0.0002097462070894218,0.4860001779968491,0.06666666666666667
caused,0,1,0,0,0,0,0,0,0,0,0,0,0,0,0,3,3,0.0,6,1,caused,0.0002097462070894218,0.4860001779968491,0.06666666666666667
rapid,1,0,1,0,0,0,0,0,0,0,0,0,0,0,0,3,3,0.0,5,1,rapid,0.0002097462070894218,0.4860001779968491,0.13333333333333333
reunification,1,0,0,0,0,0,0,0,0,0,0,0,0,0,0,3,3,0.0,13,1,reunification,0.0002097462070894218,0.4860001779968491,0.06666666666666667
blockade,1,1,0,0,0,0,0,0,0,0,0,0,0,0,0,3,3,0.0,8,1,blockade,0.0002097462070894218,0.4860001779968491,0.13333333333333333
warheads,1,0,0,0,0,0,0,0,0,0,0,0,0,0,0,3,3,0.0,8,1,warheads,0.0002097462070894218,0.4860001779968491,0.06666666666666667
tonkin,0,0,0,0,0,0,0,0,0,0,0,0,0,0,0,3,3,0.0,6,1,tonkin,0.0002097462070894218,0.4860001779968491,0.0
re,1,0,0,0,0,0,0,0,0,0,0,0,0,0,0,3,3,0.0,2,1,re,0.0002097462070894218,0.4860001779968491,0.06666666666666667
southeast,1,0,1,1,0,0,0,0,0,0,0,0,0,0,0,3,3,0.0,9,1,southeast,0.0002097462070894218,0.4860001779968491,0.2
full,1,1,1,1,0,0,0,0,0,0,0,0,0,0,0,3,3,0.0,4,1,full,0.0002097462070894218,0.4860001779968491,0.26666666666666666
tense,1,1,1,0,0,0,0,0,0,0,0,0,0,0,0,3,3,0.0,5,1,tense,0.0002097462070894218,0.4860001779968491,0.2
conditions,1,1,0,0,0,0,0,0,0,0,0,0,0,0,0,3,3,0.0,10,1,conditions,0.0002097462070894218,0.4860001779968491,0.13333333333333333
existence,0,0,0,0,0,0,0,0,0,0,0,0,0,0,0,3,3,0.0,9,1,existence,0.0002097462070894218,0.4860001779968491,0.0
another,0,0,1,0,0,0,0,0,0,0,0,0,0,0,1,3,3,0.0,7,1,another,0.0002097462070894218,0.4860001779968491,0.13333333333333333
facing,1,1,0,0,0,0,0,0,0,0,0,0,0,0,0,3,3,0.0,6,1,facing,0.0002097462070894218,0.4860001779968491,0.13333333333333333
muslim,1,0,1,0,0,0,0,0,0,0,0,0,0,0,0,3,2,0.0,6,1,muslim,0.0002097462070894218,0.4860001779968491,0.13333333333333333
carrying,1,1,0,0,0,0,0,0,0,0,0,0,0,0,0,3,3,0.0,8,1,carrying,0.0002097462070894218,0.4860001779968491,0.13333333333333333
negative,1,0,1,0,0,0,0,0,0,0,0,0,0,0,0,3,3,0.0,8,1,negative,0.0002097462070894218,0.4860001779968491,0.13333333333333333
activities,1,0,0,0,0,0,0,0,0,0,0,0,0,0,0,3,3,0.0,10,1,activities,0.0002097462070894218,0.4860001779968491,0.06666666666666667
needs,1,1,0,1,0,0,0,0,0,0,0,0,0,0,0,3,3,0.0,5,1,needs,0.0002097462070894218,0.4860001779968491,0.2
agreements,0,0,0,0,0,0,0,0,0,0,0,0,0,0,0,3,3,0.0,10,1,agreements,0.0002097462070894218,0.4860001779968491,0.0
reached,0,1,0,0,0,0,0,0,0,0,0,0,0,0,0,3,3,0.0,7,1,reached,0.0002097462070894218,0.4860001779968491,0.06666666666666667
allowing,0,1,0,0,0,0,0,0,0,0,0,0,0,0,0,3,3,0.0,8,1,allowing,0.0002097462070894218,0.4860001779968491,0.06666666666666667
emphasizing,1,0,0,0,0,0,0,0,0,0,0,0,0,0,0,3,3,0.0,11,1,emphasizing,0.0002097462070894218,0.4860001779968491,0.06666666666666667
pursued,1,1,1,0,0,0,0,0,0,0,0,0,0,0,0,3,3,0.0,7,1,pursued,0.0002097462070894218,0.4860001779968491,0.2
class,1,0,0,0,0,0,0,0,0,0,0,0,0,0,0,3,3,0.0,5,1,class,0.0002097462070894218,0.4860001779968491,0.06666666666666667
rights,1,1,1,0,0,0,0,0,0,0,0,0,0,0,0,3,2,0.0,6,1,rights,0.0002097462070894218,0.4860001779968491,0.2
eventually,0,0,0,1,0,0,0,0,0,0,0,0,0,0,0,3,3,0.0,10,1,eventually,0.0002097462070894218,0.4860001779968491,0.06666666666666667
areas,1,0,0,0,0,0,0,0,0,0,0,0,0,0,0,3,3,0.0,5,1,areas,0.0002097462070894218,0.4860001779968491,0.06666666666666667
unequal,0,0,1,0,0,0,0,0,0,0,0,0,0,0,0,3,3,0.0,7,1,unequal,0.0002097462070894218,0.4860001779968491,0.06666666666666667
decline,1,1,0,0,0,0,0,0,0,0,0,0,0,0,0,3,3,0.0,7,1,decline,0.0002097462070894218,0.4860001779968491,0.13333333333333333
perspective,1,0,0,0,0,0,0,0,0,0,0,0,0,0,0,3,3,0.0,11,1,perspective,0.0002097462070894218,0.4860001779968491,0.06666666666666667
understanding,1,1,1,0,0,0,0,0,0,0,0,0,0,0,0,3,3,0.0,13,1,understanding,0.0002097462070894218,0.4860001779968491,0.2
toward,0,0,1,0,0,0,0,0,0,0,0,0,0,0,0,3,3,0.0,6,1,toward,0.0002097462070894218,0.4860001779968491,0.06666666666666667
alliances,0,0,0,0,0,0,0,0,0,0,0,0,0,0,0,3,3,0.0,9,1,alliances,0.0002097462070894218,0.4860001779968491,0.0
change,1,1,0,0,0,0,0,0,0,0,0,0,0,0,0,3,3,0.0,6,1,change,0.0002097462070894218,0.4860001779968491,0.13333333333333333
presence,1,0,0,0,0,0,0,0,0,0,0,0,0,0,0,3,3,0.0,8,1,presence,0.0002097462070894218,0.4860001779968491,0.06666666666666667
indian,1,0,1,0,0,0,0,0,0,0,0,0,0,0,0,3,3,0.0,6,1,indian,0.0002097462070894218,0.4860001779968491,0.13333333333333333
coexistence,1,0,0,0,0,0,0,0,0,0,0,0,0,0,0,3,3,0.0,11,1,coexistence,0.0002097462070894218,0.4860001779968491,0.06666666666666667
spheres,1,0,0,0,0,0,0,0,0,0,0,0,0,0,0,3,3,0.0,7,1,spheres,0.0002097462070894218,0.4860001779968491,0.06666666666666667
symbol,1,0,0,0,0,0,0,0,0,0,0,0,0,0,0,3,3,0.0,6,1,symbol,0.0002097462070894218,0.4860001779968491,0.06666666666666667
down,1,1,1,1,0,0,0,0,0,0,0,0,0,0,0,3,3,0.0,4,1,down,0.0002097462070894218,0.4860001779968491,0.26666666666666666
side,1,1,1,0,0,0,0,0,0,0,0,0,0,0,0,3,3,0.0,4,1,side,0.0002097462070894218,0.4860001779968491,0.2
prime,1,1,1,0,0,0,0,0,0,0,0,0,0,0,0,3,3,0.0,5,1,prime,0.0002097462070894218,0.4860001779968491,0.2
implications,0,0,0,0,0,0,0,0,0,0,0,0,0,0,0,3,3,0.0,12,1,implications,0.0002097462070894218,0.4860001779968491,0.0
safeguarding,0,1,0,0,0,0,0,0,0,0,0,0,0,0,0,3,3,0.0,12,1,safeguarding,0.0002097462070894218,0.4860001779968491,0.06666666666666667
equal,1,1,1,0,0,0,0,0,0,0,0,0,0,0,0,3,3,0.0,5,1,equal,0.0002097462070894218,0.4860001779968491,0.2
path,1,0,0,0,0,0,0,0,0,0,0,0,0,0,0,3,3,0.0,4,1,path,0.0002097462070894218,0.4860001779968491,0.06666666666666667
principle,1,0,0,0,0,0,0,0,0,0,0,0,0,0,0,3,3,0.0,9,1,principle,0.0002097462070894218,0.4860001779968491,0.06666666666666667
aimed,0,1,0,0,0,0,0,0,0,0,0,0,0,0,0,3,3,0.0,5,1,aimed,0.0002097462070894218,0.4860001779968491,0.06666666666666667
involved,0,1,1,0,0,0,0,0,0,0,0,0,0,0,0,3,3,0.0,8,1,involved,0.0002097462070894218,0.4860001779968491,0.13333333333333333
return,1,1,0,0,0,0,0,0,0,0,0,0,0,0,0,3,3,0.0,6,1,return,0.0002097462070894218,0.4860001779968491,0.13333333333333333
conducive,0,0,1,0,0,0,0,0,0,0,0,0,0,0,0,3,3,0.0,9,1,conducive,0.0002097462070894218,0.4860001779968491,0.06666666666666667
mode,1,0,0,0,0,0,0,0,0,0,0,0,0,0,0,3,3,0.0,4,1,mode,0.0002097462070894218,0.4860001779968491,0.06666666666666667
jointly,0,0,0,1,0,0,0,0,0,0,0,0,0,0,0,3,3,0.0,7,1,jointly,0.0002097462070894218,0.4860001779968491,0.06666666666666667
promoting,0,1,0,0,0,0,0,0,0,0,0,0,0,0,0,3,3,0.0,9,1,promoting,0.0002097462070894218,0.4860001779968491,0.06666666666666667
harry,0,1,0,0,0,0,0,0,0,0,0,0,0,0,0,3,3,0.0,5,1,harry,0.0002097462070894218,0.4860001779968491,0.06666666666666667
minister,1,1,0,0,0,0,0,0,0,0,0,0,0,0,0,3,3,0.0,8,1,minister,0.0002097462070894218,0.4860001779968491,0.13333333333333333
his,0,0,0,0,0,0,0,0,0,0,0,0,0,1,1,3,3,0.0,3,1,his,0.0002097462070894218,0.4860001779968491,0.13333333333333333
politically,0,0,0,1,0,0,0,0,0,0,0,0,0,0,0,3,3,0.0,11,1,politically,0.0002097462070894218,0.4860001779968491,0.06666666666666667
stable,1,1,1,0,0,0,0,0,0,0,0,0,0,0,0,3,3,0.0,6,1,stable,0.0002097462070894218,0.4860001779968491,0.2
opposed,0,1,1,0,0,0,0,0,0,0,0,0,0,0,0,3,3,0.0,7,1,opposed,0.0002097462070894218,0.4860001779968491,0.13333333333333333
gov,1,0,0,0,0,0,0,0,0,0,0,0,0,0,0,3,3,0.0,3,1,gov,0.0002097462070894218,0.4860001779968491,0.06666666666666667
doi,0,0,0,0,0,0,0,0,0,0,0,0,0,0,0,3,3,0.0,3,1,doi,0.0002097462070894218,0.4860001779968491,0.0
advocated,0,0,0,0,0,0,0,0,0,0,0,0,0,0,0,3,3,0.0,9,1,advocated,0.0002097462070894218,0.4860001779968491,0.0
responsibility,1,0,0,0,0,0,0,0,0,0,0,0,0,0,0,3,3,0.0,14,1,responsibility,0.0002097462070894218,0.4860001779968491,0.06666666666666667
extremely,0,0,0,1,0,0,0,0,0,0,0,0,0,0,0,3,3,0.0,9,1,extremely,0.0002097462070894218,0.4860001779968491,0.06666666666666667
stage,1,1,0,0,0,0,0,0,0,0,0,0,0,0,0,3,3,0.0,5,1,stage,0.0002097462070894218,0.4860001779968491,0.13333333333333333
half,1,0,1,1,0,0,0,0,0,0,0,0,0,0,0,3,3,0.0,4,1,half,0.0002097462070894218,0.4860001779968491,0.2
help,0,1,0,0,0,0,0,0,0,0,0,0,0,0,0,3,3,0.0,4,1,help,0.0002097462070894218,0.4860001779968491,0.06666666666666667
amount,1,1,0,0,0,0,0,0,0,0,0,0,0,0,0,3,3,0.0,6,1,amount,0.0002097462070894218,0.4860001779968491,0.13333333333333333
enhance,0,1,0,0,0,0,0,0,0,0,0,0,0,0,0,3,3,0.0,7,1,enhance,0.0002097462070894218,0.4860001779968491,0.06666666666666667
game,1,0,1,0,0,0,0,0,0,0,0,0,0,0,0,3,3,0.0,4,1,game,0.0002097462070894218,0.4860001779968491,0.13333333333333333
unable,0,0,1,0,0,0,0,0,0,0,0,0,0,0,0,3,3,0.0,6,1,unable,0.0002097462070894218,0.4860001779968491,0.06666666666666667
baidu,0,0,0,0,0,0,0,0,0,0,0,0,0,0,0,3,2,0.0,5,1,baidu,0.0002097462070894218,0.4860001779968491,0.0
intensified,0,1,1,0,0,0,0,0,0,0,0,0,0,0,0,3,3,0.0,11,1,intensified,0.0002097462070894218,0.4860001779968491,0.13333333333333333
year,1,0,0,0,0,0,0,0,0,0,0,0,0,0,0,3,3,0.0,4,1,year,0.0002097462070894218,0.4860001779968491,0.06666666666666667
cn,1,0,0,0,0,0,0,0,0,0,0,0,0,0,0,3,3,0.0,2,1,cn,0.0002097462070894218,0.4860001779968491,0.06666666666666667
f,1,0,0,0,0,0,0,0,0,0,0,0,0,0,0,3,3,0.0,1,1,f,0.0002097462070894218,0.4860001779968491,0.06666666666666667
clear,1,1,1,1,0,0,0,0,0,0,0,0,0,0,0,3,3,0.0,5,1,clear,0.0002097462070894218,0.4860001779968491,0.26666666666666666
com,0,0,0,0,0,0,0,0,0,0,0,0,0,0,0,3,2,0.0,3,1,com,0.0002097462070894218,0.4860001779968491,0.0
www,0,0,0,0,0,0,0,0,0,0,0,0,0,0,0,2,2,0.0,3,1,www,0.0001398308047262812,0.44123008568346517,0.0
origins,1,0,0,0,0,0,0,0,0,0,0,0,0,0,0,2,2,0.0,7,1,origins,0.0001398308047262812,0.44123008568346517,0.06666666666666667
w,1,0,0,0,0,0,0,0,0,0,0,0,0,0,0,2,2,0.0,1,1,w,0.0001398308047262812,0.44123008568346517,0.06666666666666667
e,1,0,0,0,0,0,0,0,0,0,0,0,0,0,0,2,1,0.0,1,1,e,0.0001398308047262812,0.44123008568346517,0.06666666666666667
damage,1,1,0,0,0,0,0,0,0,0,0,0,0,0,0,2,1,0.0,6,1,damage,0.0001398308047262812,0.44123008568346517,0.13333333333333333
address,1,1,0,0,0,0,0,0,0,0,0,0,0,0,0,2,2,0.0,7,1,address,0.0001398308047262812,0.44123008568346517,0.13333333333333333
guiding,0,1,1,0,0,0,0,0,0,0,0,0,0,0,0,2,2,0.0,7,1,guiding,0.0001398308047262812,0.44123008568346517,0.13333333333333333
regimes,1,0,0,0,0,0,0,0,0,0,0,0,0,0,0,2,2,0.0,7,1,regimes,0.0001398308047262812,0.44123008568346517,0.06666666666666667
mission,1,0,0,0,0,0,0,0,0,0,0,0,0,0,0,2,2,0.0,7,1,mission,0.0001398308047262812,0.44123008568346517,0.06666666666666667
lead,1,1,0,0,0,0,0,0,0,0,0,0,0,0,0,2,2,0.0,4,1,lead,0.0001398308047262812,0.44123008568346517,0.13333333333333333
need,1,1,0,0,0,0,0,0,0,0,0,0,0,0,0,2,2,0.0,4,1,need,0.0001398308047262812,0.44123008568346517,0.13333333333333333
congress,1,0,0,0,0,0,0,0,0,0,0,0,0,0,0,2,2,0.0,8,1,congress,0.0001398308047262812,0.44123008568346517,0.06666666666666667
proposing,0,1,0,0,0,0,0,0,0,0,0,0,0,0,0,2,2,0.0,9,1,proposing,0.0001398308047262812,0.44123008568346517,0.06666666666666667
liberal,1,0,1,0,0,0,0,0,0,0,0,0,0,0,0,2,2,0.0,7,1,liberal,0.0001398308047262812,0.44123008568346517,0.13333333333333333
trend,1,0,0,0,0,0,0,0,0,0,0,0,0,0,0,2,1,0.0,5,1,trend,0.0001398308047262812,0.44123008568346517,0.06666666666666667
polarization,1,0,0,0,0,0,0,0,0,0,0,0,0,0,0,2,1,0.0,12,1,polarization,0.0001398308047262812,0.44123008568346517,0.06666666666666667
hot,0,0,1,1,0,0,0,0,0,0,0,0,0,0,0,2,2,0.0,3,1,hot,0.0001398308047262812,0.44123008568346517,0.13333333333333333
catastrophe,1,0,0,0,0,0,0,0,0,0,0,0,0,0,0,2,2,0.0,11,1,catastrophe,0.0001398308047262812,0.44123008568346517,0.06666666666666667
restricted,0,1,1,0,0,0,0,0,0,0,0,0,0,0,0,2,2,0.0,10,1,restricted,0.0001398308047262812,0.44123008568346517,0.13333333333333333
blocked,0,1,1,0,0,0,0,0,0,0,0,0,0,0,0,2,2,0.0,7,1,blocked,0.0001398308047262812,0.44123008568346517,0.13333333333333333
increases,1,1,0,0,0,0,0,0,0,0,0,0,0,0,0,2,2,0.0,9,1,increases,0.0001398308047262812,0.44123008568346517,0.13333333333333333
fragmentation,1,0,0,0,0,0,0,0,0,0,0,0,0,0,0,2,2,0.0,13,1,fragmentation,0.0001398308047262812,0.44123008568346517,0.06666666666666667
bring,0,1,0,0,0,0,0,0,0,0,0,0,0,0,0,2,2,0.0,5,1,bring,0.0001398308047262812,0.44123008568346517,0.06666666666666667
proliferation,1,0,0,0,0,0,0,0,0,0,0,0,0,0,0,2,2,0.0,13,1,proliferation,0.0001398308047262812,0.44123008568346517,0.06666666666666667
collapsed,0,1,1,0,0,0,0,0,0,0,0,0,0,0,0,2,2,0.0,9,1,collapsed,0.0001398308047262812,0.44123008568346517,0.13333333333333333
taking,0,1,1,0,0,0,0,0,0,0,0,0,0,0,0,2,2,0.0,6,1,taking,0.0001398308047262812,0.44123008568346517,0.13333333333333333
slow,1,1,1,1,0,0,0,0,0,0,0,0,0,0,0,2,2,0.0,4,1,slow,0.0001398308047262812,0.44123008568346517,0.26666666666666666
modeled,0,0,1,0,0,0,0,0,0,0,0,0,0,0,0,2,2,0.0,7,1,modeled,0.0001398308047262812,0.44123008568346517,0.06666666666666667
labor,1,1,0,0,0,0,0,0,0,0,0,0,0,0,0,2,2,0.0,5,1,labor,0.0001398308047262812,0.44123008568346517,0.13333333333333333
productivity,1,0,0,0,0,0,0,0,0,0,0,0,0,0,0,2,2,0.0,12,1,productivity,0.0001398308047262812,0.44123008568346517,0.06666666666666667
shortage,1,0,0,0,0,0,0,0,0,0,0,0,0,0,0,2,1,0.0,8,1,shortage,0.0001398308047262812,0.44123008568346517,0.06666666666666667
planned,0,1,1,0,0,0,0,0,0,0,0,0,0,0,0,2,2,0.0,7,1,planned,0.0001398308047262812,0.44123008568346517,0.13333333333333333
complete,0,1,1,0,0,0,0,0,0,0,0,0,0,0,0,2,2,0.0,8,1,complete,0.0001398308047262812,0.44123008568346517,0.13333333333333333
profoundly,0,0,0,1,0,0,0,0,0,0,0,0,0,0,0,2,2,0.0,10,1,profoundly,0.0001398308047262812,0.44123008568346517,0.06666666666666667
ended,0,1,1,0,0,0,0,0,0,0,0,0,0,0,0,2,2,0.0,5,1,ended,0.0001398308047262812,0.44123008568346517,0.13333333333333333
elimination,1,0,0,0,0,0,0,0,0,0,0,0,0,0,0,2,2,0.0,11,1,elimination,0.0001398308047262812,0.44123008568346517,0.06666666666666667
russia,1,0,0,0,0,0,0,0,0,0,0,0,0,0,0,2,2,0.0,6,1,russia,0.0001398308047262812,0.44123008568346517,0.06666666666666667
drastic,0,0,1,0,0,0,0,0,0,0,0,0,0,0,0,2,2,0.0,7,1,drastic,0.0001398308047262812,0.44123008568346517,0.06666666666666667
endless,0,0,1,0,0,0,0,0,0,0,0,0,0,0,0,2,2,0.0,7,1,endless,0.0001398308047262812,0.44123008568346517,0.06666666666666667
shape,1,1,0,0,0,0,0,0,0,0,0,0,0,0,0,2,2,0.0,5,1,shape,0.0001398308047262812,0.44123008568346517,0.13333333333333333
prevent,0,1,0,0,0,0,0,0,0,0,0,0,0,0,0,2,2,0.0,7,1,prevent,0.0001398308047262812,0.44123008568346517,0.06666666666666667
cannot,1,0,0,0,0,0,0,0,0,0,0,0,0,0,0,2,2,0.0,6,1,cannot,0.0001398308047262812,0.44123008568346517,0.06666666666666667
aid,1,0,0,0,0,0,0,0,0,0,0,0,0,0,0,2,2,0.0,3,1,aid,0.0001398308047262812,0.44123008568346517,0.06666666666666667
future,1,0,1,0,0,0,0,0,0,0,0,0,0,0,0,2,2,0.0,6,1,future,0.0001398308047262812,0.44123008568346517,0.13333333333333333
outside,1,0,1,1,0,0,0,0,0,0,0,0,0,0,0,2,2,0.0,7,1,outside,0.0001398308047262812,0.44123008568346517,0.2
party's,0,0,0,0,0,0,0,0,0,0,0,0,0,0,0,2,2,0.0,7,1,party's,0.0001398308047262812,0.44123008568346517,0.0
peak,1,0,1,0,0,0,0,0,0,0,0,0,0,0,0,2,2,0.0,4,1,peak,0.0001398308047262812,0.44123008568346517,0.13333333333333333
posed,0,1,1,0,0,0,0,0,0,0,0,0,0,0,0,2,2,0.0,5,1,posed,0.0001398308047262812,0.44123008568346517,0.13333333333333333
adjusted,0,1,1,0,0,0,0,0,0,0,0,0,0,0,0,2,2,0.0,8,1,adjusted,0.0001398308047262812,0.44123008568346517,0.13333333333333333
neoliberal,1,0,1,0,0,0,0,0,0,0,0,0,0,0,0,2,2,0.0,10,1,neoliberal,0.0001398308047262812,0.44123008568346517,0.13333333333333333
chaos,1,0,0,0,0,0,0,0,0,0,0,0,0,0,0,2,2,0.0,5,1,chaos,0.0001398308047262812,0.44123008568346517,0.06666666666666667
arose,0,0,0,0,0,0,0,0,0,0,0,0,0,0,0,2,2,0.0,5,1,arose,0.0001398308047262812,0.44123008568346517,0.0
dependence,1,0,0,0,0,0,0,0,0,0,0,0,0,0,0,2,2,0.0,10,1,dependence,0.0001398308047262812,0.44123008568346517,0.06666666666666667
vitality,1,0,0,0,0,0,0,0,0,0,0,0,0,0,0,2,2,0.0,8,1,vitality,0.0001398308047262812,0.44123008568346517,0.06666666666666667
article,1,1,0,0,0,0,0,0,0,0,0,0,0,0,0,2,2,0.0,7,1,article,0.0001398308047262812,0.44123008568346517,0.13333333333333333
regain,0,0,0,0,0,0,0,0,0,0,0,0,0,0,0,2,2,0.0,6,1,regain,0.0001398308047262812,0.44123008568346517,0.0
step,1,1,0,0,0,0,0,0,0,0,0,0,0,0,0,2,1,0.0,4,1,step,0.0001398308047262812,0.44123008568346517,0.13333333333333333
widely,0,0,0,1,0,0,0,0,0,0,0,0,0,0,0,2,2,0.0,6,1,widely,0.0001398308047262812,0.44123008568346517,0.06666666666666667
concepts,1,0,0,0,0,0,0,0,0,0,0,0,0,0,0,2,2,0.0,8,1,concepts,0.0001398308047262812,0.44123008568346517,0.06666666666666667
discuss,0,0,0,0,0,0,0,0,0,0,0,0,0,0,0,2,1,0.0,7,1,discuss,0.0001398308047262812,0.44123008568346517,0.0
kremlin,1,0,0,0,0,0,0,0,0,0,0,0,0,0,0,2,2,0.0,7,1,kremlin,0.0001398308047262812,0.44123008568346517,0.06666666666666667
dominant,1,0,1,0,0,0,0,0,0,0,0,0,0,0,0,2,2,0.0,8,1,dominant,0.0001398308047262812,0.44123008568346517,0.13333333333333333
vis,1,0,0,0,0,0,0,0,0,0,0,0,0,0,0,2,1,0.0,3,1,vis,0.0001398308047262812,0.44123008568346517,0.06666666666666667
irrational,1,0,1,0,0,0,0,0,0,0,0,0,0,0,0,2,2,0.0,10,1,irrational,0.0001398308047262812,0.44123008568346517,0.13333333333333333
old,1,0,1,0,0,0,0,0,0,0,0,0,0,0,0,2,2,0.0,3,1,old,0.0001398308047262812,0.44123008568346517,0.13333333333333333
reflection,1,0,0,0,0,0,0,0,0,0,0,0,0,0,0,2,2,0.0,10,1,reflection,0.0001398308047262812,0.44123008568346517,0.06666666666666667
centralized,0,1,1,0,0,0,0,0,0,0,0,0,0,0,0,2,2,0.0,11,1,centralized,0.0001398308047262812,0.44123008568346517,0.13333333333333333
catch,1,1,0,0,0,0,0,0,0,0,0,0,0,0,0,2,2,0.0,5,1,catch,0.0001398308047262812,0.44123008568346517,0.13333333333333333
subsequent,0,0,1,0,0,0,0,0,0,0,0,0,0,0,0,2,2,0.0,10,1,subsequent,0.0001398308047262812,0.44123008568346517,0.06666666666666667
representative,1,0,1,0,0,0,0,0,0,0,0,0,0,0,0,2,2,0.0,14,1,representative,0.0001398308047262812,0.44123008568346517,0.13333333333333333
opposition,1,0,0,0,0,0,0,0,0,0,0,0,0,0,0,2,2,0.0,10,1,opposition,0.0001398308047262812,0.44123008568346517,0.06666666666666667
british,1,0,1,0,0,0,0,0,0,0,0,0,0,0,0,2,2,0.0,7,1,british,0.0001398308047262812,0.44123008568346517,0.13333333333333333
restore,1,1,0,0,0,0,0,0,0,0,0,0,0,0,0,2,2,0.0,7,1,restore,0.0001398308047262812,0.44123008568346517,0.13333333333333333
production,1,0,0,0,0,0,0,0,0,0,0,0,0,0,0,2,2,0.0,10,1,production,0.0001398308047262812,0.44123008568346517,0.06666666666666667
required,0,0,1,0,0,0,0,0,0,0,0,0,0,0,0,2,2,0.0,8,1,required,0.0001398308047262812,0.44123008568346517,0.06666666666666667
europe's,0,0,0,0,0,0,0,0,0,0,0,0,0,0,0,2,1,0.0,8,1,europe's,0.0001398308047262812,0.44123008568346517,0.0
measure,1,1,0,0,0,0,0,0,0,0,0,0,0,0,0,2,2,0.0,7,1,measure,0.0001398308047262812,0.44123008568346517,0.13333333333333333
loans,1,0,0,0,0,0,0,0,0,0,0,0,0,0,0,2,2,0.0,5,1,loans,0.0001398308047262812,0.44123008568346517,0.06666666666666667
focus,1,1,0,0,0,0,0,0,0,0,0,0,0,0,0,2,2,0.0,5,1,focus,0.0001398308047262812,0.44123008568346517,0.13333333333333333
cautious,0,0,1,0,0,0,0,0,0,0,0,0,0,0,0,2,2,0.0,8,1,cautious,0.0001398308047262812,0.44123008568346517,0.06666666666666667
strengthen,0,1,0,0,0,0,0,0,0,0,0,0,0,0,0,2,2,0.0,10,1,strengthen,0.0001398308047262812,0.44123008568346517,0.06666666666666667
off,0,0,1,1,0,0,0,0,0,0,0,0,0,0,0,2,2,0.0,3,1,off,0.0001398308047262812,0.44123008568346517,0.13333333333333333
referred,0,1,0,0,0,0,0,0,0,0,0,0,0,0,0,2,2,0.0,8,1,referred,0.0001398308047262812,0.44123008568346517,0.06666666666666667
molotov,1,0,0,0,0,0,0,0,0,0,0,0,0,0,0,2,2,0.0,7,1,molotov,0.0001398308047262812,0.44123008568346517,0.06666666666666667
abandoned,0,0,1,0,0,0,0,0,0,0,0,0,0,0,0,2,2,0.0,9,1,abandoned,0.0001398308047262812,0.44123008568346517,0.06666666666666667
seriously,0,0,0,1,0,0,0,0,0,0,0,0,0,0,0,2,2,0.0,9,1,seriously,0.0001398308047262812,0.44123008568346517,0.06666666666666667
disarmament,0,0,0,0,0,0,0,0,0,0,0,0,0,0,0,2,2,0.0,11,1,disarmament,0.0001398308047262812,0.44123008568346517,0.0
necessary,1,0,1,0,0,0,0,0,0,0,0,0,0,0,0,2,2,0.0,9,1,necessary,0.0001398308047262812,0.44123008568346517,0.13333333333333333
normalization,1,0,0,0,0,0,0,0,0,0,0,0,0,0,0,2,2,0.0,13,1,normalization,0.0001398308047262812,0.44123008568346517,0.06666666666666667
continuous,0,0,1,0,0,0,0,0,0,0,0,0,0,0,0,2,2,0.0,10,1,continuous,0.0001398308047262812,0.44123008568346517,0.06666666666666667
spending,1,1,0,0,0,0,0,0,0,0,0,0,0,0,0,2,2,0.0,8,1,spending,0.0001398308047262812,0.44123008568346517,0.13333333333333333
consumed,0,1,1,0,0,0,0,0,0,0,0,0,0,0,0,2,2,0.0,8,1,consumed,0.0001398308047262812,0.44123008568346517,0.13333333333333333
lot,1,1,0,1,0,0,0,0,0,0,0,0,0,0,0,2,2,0.0,3,1,lot,0.0001398308047262812,0.44123008568346517,0.2
disintegration,1,0,0,0,0,0,0,0,0,0,0,0,0,0,0,2,2,0.0,14,1,disintegration,0.0001398308047262812,0.44123008568346517,0.06666666666666667
positive,1,0,1,0,0,0,0,0,0,0,0,0,0,0,0,2,2,0.0,8,1,positive,0.0001398308047262812,0.44123008568346517,0.13333333333333333
winston,0,0,0,0,0,0,0,0,0,0,0,0,0,0,0,2,2,0.0,7,1,winston,0.0001398308047262812,0.44123008568346517,0.0
artists,1,0,0,0,0,0,0,0,0,0,0,0,0,0,0,2,2,0.0,7,1,artists,0.0001398308047262812,0.44123008568346517,0.06666666666666667
confront,0,1,0,0,0,0,0,0,0,0,0,0,0,0,0,2,2,0.0,8,1,confront,0.0001398308047262812,0.44123008568346517,0.06666666666666667
shifted,0,1,0,0,0,0,0,0,0,0,0,0,0,0,0,2,2,0.0,7,1,shifted,0.0001398308047262812,0.44123008568346517,0.06666666666666667
contributed,0,1,0,0,0,0,0,0,0,0,0,0,0,0,0,2,2,0.0,11,1,contributed,0.0001398308047262812,0.44123008568346517,0.06666666666666667
largest,0,0,1,0,0,0,0,0,0,0,0,0,0,0,0,2,1,0.0,7,1,largest,0.0001398308047262812,0.44123008568346517,0.06666666666666667
concerns,0,1,0,0,0,0,0,0,0,0,0,0,0,0,0,2,2,0.0,8,1,concerns,0.0001398308047262812,0.44123008568346517,0.06666666666666667
brief,1,1,1,0,0,0,0,0,0,0,0,0,0,0,0,2,2,0.0,5,1,brief,0.0001398308047262812,0.44123008568346517,0.2
rapidly,0,0,0,1,0,0,0,0,0,0,0,0,0,0,0,2,2,0.0,7,1,rapidly,0.0001398308047262812,0.44123008568346517,0.06666666666666667
aerospace,1,0,0,0,0,0,0,0,0,0,0,0,0,0,0,2,2,0.0,9,1,aerospace,0.0001398308047262812,0.44123008568346517,0.06666666666666667
kingdom,1,0,0,0,0,0,0,0,0,0,0,0,0,0,0,2,2,0.0,7,1,kingdom,0.0001398308047262812,0.44123008568346517,0.06666666666666667
area,1,0,0,0,0,0,0,0,0,0,0,0,0,0,0,2,2,0.0,4,1,area,0.0001398308047262812,0.44123008568346517,0.06666666666666667
primary,1,0,1,0,0,0,0,0,0,0,0,0,0,0,0,2,2,0.0,7,1,primary,0.0001398308047262812,0.44123008568346517,0.13333333333333333
baltic,1,0,1,0,0,0,0,0,0,0,0,0,0,0,0,2,2,0.0,6,1,baltic,0.0001398308047262812,0.44123008568346517,0.13333333333333333
continent,1,0,1,0,0,0,0,0,0,0,0,0,0,0,0,2,2,0.0,9,1,continent,0.0001398308047262812,0.44123008568346517,0.13333333333333333
sphere,1,0,0,0,0,0,0,0,0,0,0,0,0,0,0,2,2,0.0,6,1,sphere,0.0001398308047262812,0.44123008568346517,0.06666666666666667
counterattack,1,1,0,0,0,0,0,0,0,0,0,0,0,0,0,2,2,0.0,13,1,counterattack,0.0001398308047262812,0.44123008568346517,0.13333333333333333
helped,0,1,0,0,0,0,0,0,0,0,0,0,0,0,0,2,2,0.0,6,1,helped,0.0001398308047262812,0.44123008568346517,0.06666666666666667
university,1,0,0,0,0,0,0,0,0,0,0,0,0,0,0,2,2,0.0,10,1,university,0.0001398308047262812,0.44123008568346517,0.06666666666666667
broken,0,1,1,0,0,0,0,0,0,0,0,0,0,0,0,2,2,0.0,6,1,broken,0.0001398308047262812,0.44123008568346517,0.13333333333333333
about,0,0,1,1,0,0,0,0,0,0,0,1,0,0,0,2,2,0.0,5,1,about,0.0001398308047262812,0.44123008568346517,0.2
additionally,0,0,0,1,0,0,0,0,0,0,0,0,0,0,0,2,2,0.0,12,1,additionally,0.0001398308047262812,0.44123008568346517,0.06666666666666667
iran,1,0,0,0,0,0,0,0,0,0,0,0,0,0,0,2,2,0.0,4,1,iran,0.0001398308047262812,0.44123008568346517,0.06666666666666667
underwent,0,0,0,0,0,0,0,0,0,0,0,0,0,0,0,2,2,0.0,9,1,underwent,0.0001398308047262812,0.44123008568346517,0.0
casualties,1,0,0,0,0,0,0,0,0,0,0,0,0,0,0,2,2,0.0,10,1,casualties,0.0001398308047262812,0.44123008568346517,0.06666666666666667
terrorism,1,0,0,0,0,0,0,0,0,0,0,0,0,0,0,2,2,0.0,9,1,terrorism,0.0001398308047262812,0.44123008568346517,0.06666666666666667
overthrowing,0,1,0,0,0,0,0,0,0,0,0,0,0,0,0,2,2,0.0,12,1,overthrowing,0.0001398308047262812,0.44123008568346517,0.06666666666666667
visit,1,1,0,0,0,0,0,0,0,0,0,0,0,0,0,2,2,0.0,5,1,visit,0.0001398308047262812,0.44123008568346517,0.13333333333333333
despite,1,0,0,0,0,0,0,0,0,0,0,0,0,0,0,2,2,0.0,7,1,despite,0.0001398308047262812,0.44123008568346517,0.06666666666666667
remains,1,1,0,0,0,0,0,0,0,0,0,0,0,0,0,2,2,0.0,7,1,remains,0.0001398308047262812,0.44123008568346517,0.13333333333333333
conclusion,1,0,0,0,0,0,0,0,0,0,0,0,0,0,0,2,2,0.0,10,1,conclusion,0.0001398308047262812,0.44123008568346517,0.06666666666666667
religious,1,0,1,0,0,0,0,0,0,0,0,0,0,0,0,2,2,0.0,9,1,religious,0.0001398308047262812,0.44123008568346517,0.13333333333333333
ethnic,1,0,1,0,0,0,0,0,0,0,0,0,0,0,0,2,2,0.0,6,1,ethnic,0.0001398308047262812,0.44123008568346517,0.13333333333333333
matters,0,0,0,0,0,0,0,0,0,0,0,0,0,0,0,2,2,0.0,7,1,matters,0.0001398308047262812,0.44123008568346517,0.0
proxy,1,0,1,0,0,0,0,0,0,0,0,0,0,0,0,2,2,0.0,5,1,proxy,0.0001398308047262812,0.44123008568346517,0.13333333333333333
us',0,0,0,0,0,0,0,0,0,0,0,0,0,0,0,2,2,0.0,3,1,us',0.0001398308047262812,0.44123008568346517,0.0
communities,1,0,0,0,0,0,0,0,0,0,0,0,0,0,0,2,2,0.0,11,1,communities,0.0001398308047262812,0.44123008568346517,0.06666666666666667
circumstances,1,0,0,0,0,0,0,0,0,0,0,0,0,0,0,2,2,0.0,13,1,circumstances,0.0001398308047262812,0.44123008568346517,0.06666666666666667
longer,1,0,1,1,0,0,0,0,0,0,0,0,0,0,0,2,2,0.0,6,1,longer,0.0001398308047262812,0.44123008568346517,0.2
formulated,0,1,1,0,0,0,0,0,0,0,0,0,0,0,0,2,2,0.0,10,1,formulated,0.0001398308047262812,0.44123008568346517,0.13333333333333333
guam,1,0,1,0,0,0,0,0,0,0,0,0,0,0,0,2,1,0.0,4,1,guam,0.0001398308047262812,0.44123008568346517,0.13333333333333333
reflected,0,1,1,0,0,0,0,0,0,0,0,0,0,0,0,2,2,0.0,9,1,reflected,0.0001398308047262812,0.44123008568346517,0.13333333333333333
multipolar,0,0,1,0,0,0,0,0,0,0,0,0,0,0,0,2,2,0.0,10,1,multipolar,0.0001398308047262812,0.44123008568346517,0.06666666666666667
laid,0,1,1,0,0,0,0,0,0,0,0,0,0,0,0,2,2,0.0,4,1,laid,0.0001398308047262812,0.44123008568346517,0.13333333333333333
foundation,1,0,0,0,0,0,0,0,0,0,0,0,0,0,0,2,2,0.0,10,1,foundation,0.0001398308047262812,0.44123008568346517,0.06666666666666667
tended,0,1,0,0,0,0,0,0,0,0,0,0,0,0,0,2,2,0.0,6,1,tended,0.0001398308047262812,0.44123008568346517,0.06666666666666667
forms,1,1,0,0,0,0,0,0,0,0,0,0,0,0,0,2,2,0.0,5,1,forms,0.0001398308047262812,0.44123008568346517,0.13333333333333333
idea,1,0,0,0,0,0,0,0,0,0,0,0,0,0,0,2,2,0.0,4,1,idea,0.0001398308047262812,0.44123008568346517,0.06666666666666667
throughout,0,0,0,1,0,0,0,0,0,0,0,0,0,0,0,2,2,0.0,10,1,throughout,0.0001398308047262812,0.44123008568346517,0.06666666666666667
ideals,1,0,0,0,0,0,0,0,0,0,0,0,0,0,0,2,2,0.0,6,1,ideals,0.0001398308047262812,0.44123008568346517,0.06666666666666667
eliminating,0,1,0,0,0,0,0,0,0,0,0,0,0,0,0,2,2,0.0,11,1,eliminating,0.0001398308047262812,0.44123008568346517,0.06666666666666667
property,1,0,0,0,0,0,0,0,0,0,0,0,0,0,0,2,1,0.0,8,1,property,0.0001398308047262812,0.44123008568346517,0.06666666666666667
belief,1,0,0,0,0,0,0,0,0,0,0,0,0,0,0,2,2,0.0,6,1,belief,0.0001398308047262812,0.44123008568346517,0.06666666666666667
imposed,0,0,1,0,0,0,0,0,0,0,0,0,0,0,0,2,2,0.0,7,1,imposed,0.0001398308047262812,0.44123008568346517,0.06666666666666667
evenly,0,0,0,1,0,0,0,0,0,0,0,0,0,0,0,2,2,0.0,6,1,evenly,0.0001398308047262812,0.44123008568346517,0.06666666666666667
matched,0,1,1,0,0,0,0,0,0,0,0,0,0,0,0,2,2,0.0,7,1,matched,0.0001398308047262812,0.44123008568346517,0.13333333333333333
tried,0,1,1,0,0,0,0,0,0,0,0,0,0,0,0,2,2,0.0,5,1,tried,0.0001398308047262812,0.44123008568346517,0.13333333333333333
contraction,1,0,0,0,0,0,0,0,0,0,0,0,0,0,0,2,2,0.0,11,1,contraction,0.0001398308047262812,0.44123008568346517,0.06666666666666667
combination,1,0,0,0,0,0,0,0,0,0,0,0,0,0,0,2,2,0.0,11,1,combination,0.0001398308047262812,0.44123008568346517,0.06666666666666667
crises,1,0,0,0,0,0,0,0,0,0,0,0,0,0,0,2,2,0.0,6,1,crises,0.0001398308047262812,0.44123008568346517,0.06666666666666667
little,1,0,1,1,0,0,0,0,0,0,0,0,0,0,0,2,2,0.0,6,1,little,0.0001398308047262812,0.44123008568346517,0.2
lack,1,0,0,0,0,0,0,0,0,0,0,0,0,0,0,2,2,0.0,4,1,lack,0.0001398308047262812,0.44123008568346517,0.06666666666666667
concept,1,0,0,0,0,0,0,0,0,0,0,0,0,0,0,2,2,0.0,7,1,concept,0.0001398308047262812,0.44123008568346517,0.06666666666666667
leader,1,0,0,0,0,0,0,0,0,0,0,0,0,0,0,2,2,0.0,6,1,leader,0.0001398308047262812,0.44123008568346517,0.06666666666666667
threatened,0,0,1,0,0,0,0,0,0,0,0,0,0,0,0,2,2,0.0,10,1,threatened,0.0001398308047262812,0.44123008568346517,0.06666666666666667
proposition,1,1,0,0,0,0,0,0,0,0,0,0,0,0,0,2,2,0.0,11,1,proposition,0.0001398308047262812,0.44123008568346517,0.13333333333333333
violates,0,1,0,0,0,0,0,0,0,0,0,0,0,0,0,2,2,0.0,8,1,violates,0.0001398308047262812,0.44123008568346517,0.06666666666666667
dictatorship,1,0,0,0,0,0,0,0,0,0,0,0,0,0,0,2,2,0.0,12,1,dictatorship,0.0001398308047262812,0.44123008568346517,0.06666666666666667
harmony,1,0,0,0,0,0,0,0,0,0,0,0,0,0,0,2,2,0.0,7,1,harmony,0.0001398308047262812,0.44123008568346517,0.06666666666666667
discontent,1,1,1,0,0,0,0,0,0,0,0,0,0,0,0,2,2,0.0,10,1,discontent,0.0001398308047262812,0.44123008568346517,0.2
days,1,0,0,1,0,0,0,0,0,0,0,0,0,0,0,2,2,0.0,4,1,days,0.0001398308047262812,0.44123008568346517,0.13333333333333333
banner,1,0,1,0,0,0,0,0,0,0,0,0,0,0,0,2,2,0.0,6,1,banner,0.0001398308047262812,0.44123008568346517,0.13333333333333333
realizing,0,1,1,0,0,0,0,0,0,0,0,0,0,0,0,2,2,0.0,9,1,realizing,0.0001398308047262812,0.44123008568346517,0.13333333333333333
ownership,1,0,0,0,0,0,0,0,0,0,0,0,0,0,0,2,2,0.0,9,1,ownership,0.0001398308047262812,0.44123008568346517,0.06666666666666667
post,1,1,1,1,0,0,0,0,0,0,0,0,0,0,0,2,2,0.0,4,1,post,0.0001398308047262812,0.44123008568346517,0.26666666666666666
characteristics,1,0,0,0,0,0,0,0,0,0,0,0,0,0,0,2,2,0.0,15,1,characteristics,0.0001398308047262812,0.44123008568346517,0.06666666666666667
rule,1,1,0,0,0,0,0,0,0,0,0,0,0,0,0,2,2,0.0,4,1,rule,0.0001398308047262812,0.44123008568346517,0.13333333333333333
plans,1,1,0,0,0,0,0,0,0,0,0,0,0,0,0,2,2,0.0,5,1,plans,0.0001398308047262812,0.44123008568346517,0.13333333333333333
pop,1,1,1,1,0,0,0,0,0,0,0,0,0,0,0,2,1,0.0,3,1,pop,0.0001398308047262812,0.44123008568346517,0.26666666666666666
materials,1,0,0,0,0,0,0,0,0,0,0,0,0,0,0,2,2,0.0,9,1,materials,0.0001398308047262812,0.44123008568346517,0.06666666666666667
context,1,0,0,0,0,0,0,0,0,0,0,0,0,0,0,2,2,0.0,7,1,context,0.0001398308047262812,0.44123008568346517,0.06666666666666667
rivalry,1,0,0,0,0,0,0,0,0,0,0,0,0,0,0,2,2,0.0,7,1,rivalry,0.0001398308047262812,0.44123008568346517,0.06666666666666667
worsened,0,0,1,0,0,0,0,0,0,0,0,0,0,0,0,2,2,0.0,8,1,worsened,0.0001398308047262812,0.44123008568346517,0.06666666666666667
tactical,0,0,1,0,0,0,0,0,0,0,0,0,0,0,0,2,2,0.0,8,1,tactical,0.0001398308047262812,0.44123008568346517,0.06666666666666667
combined,0,1,1,0,0,0,0,0,0,0,0,0,0,0,0,2,2,0.0,8,1,combined,0.0001398308047262812,0.44123008568346517,0.13333333333333333
brother,1,0,1,0,0,0,0,0,0,0,0,0,0,0,0,2,2,0.0,7,1,brother,0.0001398308047262812,0.44123008568346517,0.13333333333333333
army,1,0,0,0,0,0,0,0,0,0,0,0,0,0,0,2,2,0.0,4,1,army,0.0001398308047262812,0.44123008568346517,0.06666666666666667
mired,0,1,1,0,0,0,0,0,0,0,0,0,0,0,0,2,2,0.0,5,1,mired,0.0001398308047262812,0.44123008568346517,0.13333333333333333
weaken,0,1,0,0,0,0,0,0,0,0,0,0,0,0,0,2,2,0.0,6,1,weaken,0.0001398308047262812,0.44123008568346517,0.06666666666666667
inflation,1,0,0,0,0,0,0,0,0,0,0,0,0,0,0,2,2,0.0,9,1,inflation,0.0001398308047262812,0.44123008568346517,0.06666666666666667
image,1,1,0,0,0,0,0,0,0,0,0,0,0,0,0,2,2,0.0,5,1,image,0.0001398308047262812,0.44123008568346517,0.13333333333333333
internationally,0,0,0,1,0,0,0,0,0,0,0,0,0,0,0,2,2,0.0,15,1,internationally,0.0001398308047262812,0.44123008568346517,0.06666666666666667
general,1,1,1,0,0,0,0,0,0,0,0,0,0,0,0,2,2,0.0,7,1,general,0.0001398308047262812,0.44123008568346517,0.2
nearly,0,0,0,1,0,0,0,0,0,0,0,0,0,0,0,2,2,0.0,6,1,nearly,0.0001398308047262812,0.44123008568346517,0.06666666666666667
cause,1,1,0,0,0,0,0,0,0,0,0,0,0,0,0,2,2,0.0,5,1,cause,0.0001398308047262812,0.44123008568346517,0.13333333333333333
grew,0,1,0,0,0,0,0,0,0,0,0,0,0,0,0,2,2,0.0,4,1,grew,0.0001398308047262812,0.44123008568346517,0.06666666666666667
incident,1,0,1,0,0,0,0,0,0,0,0,0,0,0,0,2,2,0.0,8,1,incident,0.0001398308047262812,0.44123008568346517,0.13333333333333333
legal,0,0,1,0,0,0,0,0,0,0,0,0,0,0,0,2,2,0.0,5,1,legal,0.0001398308047262812,0.44123008568346517,0.06666666666666667
involvement,1,0,0,0,0,0,0,0,0,0,0,0,0,0,0,2,2,0.0,11,1,involvement,0.0001398308047262812,0.44123008568346517,0.06666666666666667
passed,0,1,1,0,0,0,0,0,0,0,0,0,0,0,0,2,2,0.0,6,1,passed,0.0001398308047262812,0.44123008568346517,0.13333333333333333
numerous,0,0,1,0,0,0,0,0,0,0,0,0,0,0,0,2,2,0.0,8,1,numerous,0.0001398308047262812,0.44123008568346517,0.06666666666666667
august,1,0,1,0,0,0,0,0,0,0,0,0,0,0,0,2,2,0.0,6,1,august,0.0001398308047262812,0.44123008568346517,0.13333333333333333
depth,1,0,0,0,0,0,0,0,0,0,0,0,0,0,0,2,2,0.0,5,1,depth,0.0001398308047262812,0.44123008568346517,0.06666666666666667
music,1,0,0,0,0,0,0,0,0,0,0,0,0,0,0,2,2,0.0,5,1,music,0.0001398308047262812,0.44123008568346517,0.06666666666666667
decided,0,1,1,0,0,0,0,0,0,0,0,0,0,0,0,2,2,0.0,7,1,decided,0.0001398308047262812,0.44123008568346517,0.13333333333333333
spring,1,1,1,0,0,0,0,0,0,0,0,0,0,0,0,2,2,0.0,6,1,spring,0.0001398308047262812,0.44123008568346517,0.2
invaded,0,1,0,0,0,0,0,0,0,0,0,0,0,0,0,2,2,0.0,7,1,invaded,0.0001398308047262812,0.44123008568346517,0.06666666666666667
tool,1,1,0,0,0,0,0,0,0,0,0,0,0,0,0,2,2,0.0,4,1,tool,0.0001398308047262812,0.44123008568346517,0.13333333333333333
special,1,0,1,0,0,0,0,0,0,0,0,0,0,0,0,2,2,0.0,7,1,special,0.0001398308047262812,0.44123008568346517,0.13333333333333333
session,1,0,0,0,0,0,0,0,0,0,0,0,0,0,0,2,2,0.0,7,1,session,0.0001398308047262812,0.44123008568346517,0.06666666666666667
leadership,1,0,0,0,0,0,0,0,0,0,0,0,0,0,0,2,2,0.0,10,1,leadership,0.0001398308047262812,0.44123008568346517,0.06666666666666667
provoked,0,1,1,0,0,0,0,0,0,0,0,0,0,0,0,2,2,0.0,8,1,provoked,0.0001398308047262812,0.44123008568346517,0.13333333333333333
open,1,1,1,0,0,0,0,0,0,0,0,0,0,0,0,2,2,0.0,4,1,open,0.0001398308047262812,0.44123008568346517,0.2
access,1,1,0,0,0,0,0,0,0,0,0,0,0,0,0,2,2,0.0,6,1,access,0.0001398308047262812,0.44123008568346517,0.13333333333333333
occupied,0,1,1,0,0,0,0,0,0,0,0,0,0,0,0,2,2,0.0,8,1,occupied,0.0001398308047262812,0.44123008568346517,0.13333333333333333
respectively,0,0,0,1,0,0,0,0,0,0,0,0,0,0,0,2,2,0.0,12,1,respectively,0.0001398308047262812,0.44123008568346517,0.06666666666666667
exploration,1,0,0,0,0,0,0,0,0,0,0,0,0,0,0,2,2,0.0,11,1,exploration,0.0001398308047262812,0.44123008568346517,0.06666666666666667
examine,0,1,0,0,0,0,0,0,0,0,0,0,0,0,0,2,2,0.0,7,1,examine,0.0001398308047262812,0.44123008568346517,0.06666666666666667
terms,1,1,0,0,0,0,0,0,0,0,0,0,0,0,0,2,2,0.0,5,1,terms,0.0001398308047262812,0.44123008568346517,0.13333333333333333
shifts,1,1,0,0,0,0,0,0,0,0,0,0,0,0,0,2,2,0.0,6,1,shifts,0.0001398308047262812,0.44123008568346517,0.13333333333333333
ease,1,1,0,0,0,0,0,0,0,0,0,0,0,0,0,2,2,0.0,4,1,ease,0.0001398308047262812,0.44123008568346517,0.13333333333333333
negotiations,1,0,0,0,0,0,0,0,0,0,0,0,0,0,0,2,2,0.0,12,1,negotiations,0.0001398308047262812,0.44123008568346517,0.06666666666666667
aware,0,0,1,0,0,0,0,0,0,0,0,0,0,0,0,2,2,0.0,5,1,aware,0.0001398308047262812,0.44123008568346517,0.06666666666666667
threats,1,0,0,0,0,0,0,0,0,0,0,0,0,0,0,2,2,0.0,7,1,threats,0.0001398308047262812,0.44123008568346517,0.06666666666666667
typical,1,0,1,0,0,0,0,0,0,0,0,0,0,0,0,2,2,0.0,7,1,typical,0.0001398308047262812,0.44123008568346517,0.13333333333333333
continental,1,0,1,0,0,0,0,0,0,0,0,0,0,0,0,2,2,0.0,11,1,continental,0.0001398308047262812,0.44123008568346517,0.13333333333333333
ballistic,0,0,1,0,0,0,0,0,0,0,0,0,0,0,0,2,2,0.0,9,1,ballistic,0.0001398308047262812,0.44123008568346517,0.06666666666666667
demand,1,1,0,0,0,0,0,0,0,0,0,0,0,0,0,2,2,0.0,6,1,demand,0.0001398308047262812,0.44123008568346517,0.13333333333333333
leaders,1,0,0,0,0,0,0,0,0,0,0,0,0,0,0,2,2,0.0,7,1,leaders,0.0001398308047262812,0.44123008568346517,0.06666666666666667
secretly,0,0,0,1,0,0,0,0,0,0,0,0,0,0,0,2,2,0.0,8,1,secretly,0.0001398308047262812,0.44123008568346517,0.06666666666666667
climax,1,0,0,0,0,0,0,0,0,0,0,0,0,0,0,2,2,0.0,6,1,climax,0.0001398308047262812,0.44123008568346517,0.06666666666666667
effectively,0,0,0,1,0,0,0,0,0,0,0,0,0,0,0,2,2,0.0,11,1,effectively,0.0001398308047262812,0.44123008568346517,0.06666666666666667
temporarily,0,0,0,1,0,0,0,0,0,0,0,0,0,0,0,2,2,0.0,11,1,temporarily,0.0001398308047262812,0.44123008568346517,0.06666666666666667
sign,1,1,1,0,0,0,0,0,0,0,0,0,0,0,0,2,2,0.0,4,1,sign,0.0001398308047262812,0.44123008568346517,0.2
until,0,0,0,0,0,0,1,0,0,0,0,0,0,0,0,2,2,0.0,5,1,until,0.0001398308047262812,0.44123008568346517,0.06666666666666667
violated,0,1,1,0,0,0,0,0,0,0,0,0,0,0,0,2,2,0.0,8,1,violated,0.0001398308047262812,0.44123008568346517,0.13333333333333333
organizations,0,0,0,0,0,0,0,0,0,0,0,0,0,0,0,2,2,0.0,13,1,organizations,0.0001398308047262812,0.44123008568346517,0.0
danger,1,0,0,0,0,0,0,0,0,0,0,0,0,0,0,2,2,0.0,6,1,danger,0.0001398308047262812,0.44123008568346517,0.06666666666666667
voice,1,1,0,0,0,0,0,0,0,0,0,0,0,0,0,2,2,0.0,5,1,voice,0.0001398308047262812,0.44123008568346517,0.13333333333333333
radio,1,1,1,0,0,0,0,0,0,0,0,0,0,0,0,2,2,0.0,5,1,radio,0.0001398308047262812,0.44123008568346517,0.2
ways,1,0,0,1,0,0,0,0,0,0,0,0,0,0,0,2,2,0.0,4,1,ways,0.0001398308047262812,0.44123008568346517,0.13333333333333333
engaged,0,1,1,0,0,0,0,0,0,0,0,0,0,0,0,2,2,0.0,7,1,engaged,0.0001398308047262812,0.44123008568346517,0.13333333333333333
psychological,0,0,1,0,0,0,0,0,0,0,0,0,0,0,0,2,2,0.0,13,1,psychological,0.0001398308047262812,0.44123008568346517,0.06666666666666667
warfare,0,0,0,0,0,0,0,0,0,0,0,0,0,0,0,2,2,0.0,7,1,warfare,0.0001398308047262812,0.44123008568346517,0.0
multiple,1,0,1,0,0,0,0,0,0,0,0,0,0,0,0,2,2,0.0,8,1,multiple,0.0001398308047262812,0.44123008568346517,0.13333333333333333
exaggerated,0,0,1,0,0,0,0,0,0,0,0,0,0,0,0,2,2,0.0,11,1,exaggerated,0.0001398308047262812,0.44123008568346517,0.06666666666666667
saw,1,1,0,0,0,0,0,0,0,0,0,0,0,0,0,2,2,0.0,3,1,saw,0.0001398308047262812,0.44123008568346517,0.13333333333333333
challenge,1,1,0,0,0,0,0,0,0,0,0,0,0,0,0,2,2,0.0,9,1,challenge,0.0001398308047262812,0.44123008568346517,0.13333333333333333
moved,0,1,1,0,0,0,0,0,0,0,0,0,0,0,0,2,2,0.0,5,1,moved,0.0001398308047262812,0.44123008568346517,0.13333333333333333
discussion,1,0,0,0,0,0,0,0,0,0,0,0,0,0,0,2,2,0.0,10,1,discussion,0.0001398308047262812,0.44123008568346517,0.06666666666666667
remove,1,1,0,0,0,0,0,0,0,0,0,0,0,0,0,2,2,0.0,6,1,remove,0.0001398308047262812,0.44123008568346517,0.13333333333333333
soldiers,1,1,0,0,0,0,0,0,0,0,0,0,0,0,0,2,2,0.0,8,1,soldiers,0.0001398308047262812,0.44123008568346517,0.13333333333333333
ruble,1,0,0,0,0,0,0,0,0,0,0,0,0,0,0,2,1,0.0,5,1,ruble,0.0001398308047262812,0.44123008568346517,0.06666666666666667
emerging,0,1,1,0,0,0,0,0,0,0,0,0,0,0,0,2,2,0.0,8,1,emerging,0.0001398308047262812,0.44123008568346517,0.13333333333333333
inequality,1,0,0,0,0,0,0,0,0,0,0,0,0,0,0,2,2,0.0,10,1,inequality,0.0001398308047262812,0.44123008568346517,0.06666666666666667
consider,0,1,0,0,0,0,0,0,0,0,0,0,0,0,0,2,2,0.0,8,1,consider,0.0001398308047262812,0.44123008568346517,0.06666666666666667
undergone,0,0,0,0,0,0,0,0,0,0,0,0,0,0,0,2,2,0.0,9,1,undergone,0.0001398308047262812,0.44123008568346517,0.0
emergence,1,0,0,0,0,0,0,0,0,0,0,0,0,0,0,2,2,0.0,9,1,emergence,0.0001398308047262812,0.44123008568346517,0.06666666666666667
superpower,1,0,0,0,0,0,0,0,0,0,0,0,0,0,0,2,2,0.0,10,1,superpower,0.0001398308047262812,0.44123008568346517,0.06666666666666667
attaches,1,1,0,0,0,0,0,0,0,0,0,0,0,0,0,2,2,0.0,8,1,attaches,0.0001398308047262812,0.44123008568346517,0.13333333333333333
revolutionary,1,0,1,0,0,0,0,0,0,0,0,0,0,0,0,2,2,0.0,13,1,revolutionary,0.0001398308047262812,0.44123008568346517,0.13333333333333333
calls,1,1,0,0,0,0,0,0,0,0,0,0,0,0,0,2,2,0.0,5,1,calls,0.0001398308047262812,0.44123008568346517,0.13333333333333333
what,0,0,0,1,0,0,0,0,0,0,0,0,1,0,1,2,2,0.0,4,1,what,0.0001398308047262812,0.44123008568346517,0.2
prominent,0,0,1,0,0,0,0,0,0,0,0,0,0,0,0,2,2,0.0,9,1,prominent,0.0001398308047262812,0.44123008568346517,0.06666666666666667
handling,1,1,0,0,0,0,0,0,0,0,0,0,0,0,0,2,2,0.0,8,1,handling,0.0001398308047262812,0.44123008568346517,0.13333333333333333
antagonism,1,0,0,0,0,0,0,0,0,0,0,0,0,0,0,2,2,0.0,10,1,antagonism,0.0001398308047262812,0.44123008568346517,0.06666666666666667
opportunities,1,0,0,0,0,0,0,0,0,0,0,0,0,0,0,2,2,0.0,13,1,opportunities,0.0001398308047262812,0.44123008568346517,0.06666666666666667
choice,1,0,1,0,0,0,0,0,0,0,0,0,0,0,0,2,2,0.0,6,1,choice,0.0001398308047262812,0.44123008568346517,0.13333333333333333
vigorously,0,0,0,1,0,0,0,0,0,0,0,0,0,0,0,2,2,0.0,10,1,vigorously,0.0001398308047262812,0.44123008568346517,0.06666666666666667
leaflets,1,0,0,0,0,0,0,0,0,0,0,0,0,0,0,2,2,0.0,8,1,leaflets,0.0001398308047262812,0.44123008568346517,0.06666666666666667
posters,1,0,0,0,0,0,0,0,0,0,0,0,0,0,0,2,2,0.0,7,1,posters,0.0001398308047262812,0.44123008568346517,0.06666666666666667
recent,0,0,1,0,0,0,0,0,0,0,0,0,0,0,0,2,2,0.0,6,1,recent,0.0001398308047262812,0.44123008568346517,0.06666666666666667
evolving,0,1,0,0,0,0,0,0,0,0,0,0,0,0,0,2,2,0.0,8,1,evolving,0.0001398308047262812,0.44123008568346517,0.06666666666666667
defensive,1,0,1,0,0,0,0,0,0,0,0,0,0,0,0,2,2,0.0,9,1,defensive,0.0001398308047262812,0.44123008568346517,0.13333333333333333
shake,1,1,0,0,0,0,0,0,0,0,0,0,0,0,0,2,2,0.0,5,1,shake,0.0001398308047262812,0.44123008568346517,0.13333333333333333
allowed,0,1,1,0,0,0,0,0,0,0,0,0,0,0,0,2,2,0.0,7,1,allowed,0.0001398308047262812,0.44123008568346517,0.13333333333333333
expanded,0,1,1,0,0,0,0,0,0,0,0,0,0,0,0,2,2,0.0,8,1,expanded,0.0001398308047262812,0.44123008568346517,0.13333333333333333
art,1,0,0,0,0,0,0,0,0,0,0,0,0,0,0,2,2,0.0,3,1,art,0.0001398308047262812,0.44123008568346517,0.06666666666666667
paris,1,0,1,0,0,0,0,0,0,0,0,0,0,0,0,2,2,0.0,5,1,paris,0.0001398308047262812,0.44123008568346517,0.13333333333333333
potential,1,0,1,0,0,0,0,0,0,0,0,0,0,0,0,2,2,0.0,9,1,potential,0.0001398308047262812,0.44123008568346517,0.13333333333333333
risk,1,1,0,0,0,0,0,0,0,0,0,0,0,0,0,2,2,0.0,4,1,risk,0.0001398308047262812,0.44123008568346517,0.13333333333333333
kind,1,0,1,0,0,0,0,0,0,0,0,0,0,0,0,2,2,0.0,4,1,kind,0.0001398308047262812,0.44123008568346517,0.13333333333333333
relationship,1,0,0,0,0,0,0,0,0,0,0,0,0,0,0,2,2,0.0,12,1,relationship,0.0001398308047262812,0.44123008568346517,0.06666666666666667
logic,1,0,0,0,0,0,0,0,0,0,0,0,0,0,0,2,2,0.0,5,1,logic,0.0001398308047262812,0.44123008568346517,0.06666666666666667
contemporary,1,0,1,0,0,0,0,0,0,0,0,0,0,0,0,2,2,0.0,12,1,contemporary,0.0001398308047262812,0.44123008568346517,0.13333333333333333
degree,1,0,1,0,0,0,0,0,0,0,0,0,0,0,0,2,2,0.0,6,1,degree,0.0001398308047262812,0.44123008568346517,0.13333333333333333
dependent,1,0,1,0,0,0,0,0,0,0,0,0,0,0,0,2,2,0.0,9,1,dependent,0.0001398308047262812,0.44123008568346517,0.13333333333333333
alignment,1,0,0,0,0,0,0,0,0,0,0,0,0,0,0,2,2,0.0,9,1,alignment,0.0001398308047262812,0.44123008568346517,0.06666666666666667
joining,1,1,0,0,0,0,0,0,0,0,0,0,0,0,0,2,2,0.0,7,1,joining,0.0001398308047262812,0.44123008568346517,0.13333333333333333
member,1,0,0,0,0,0,0,0,0,0,0,0,0,0,0,2,2,0.0,6,1,member,0.0001398308047262812,0.44123008568346517,0.06666666666666667
challenges,1,1,0,0,0,0,0,0,0,0,0,0,0,0,0,2,2,0.0,10,1,challenges,0.0001398308047262812,0.44123008568346517,0.13333333333333333
bilateral,0,0,1,0,0,0,0,0,0,0,0,0,0,0,0,2,2,0.0,9,1,bilateral,0.0001398308047262812,0.44123008568346517,0.06666666666666667
constituted,0,1,0,0,0,0,0,0,0,0,0,0,0,0,0,2,2,0.0,11,1,constituted,0.0001398308047262812,0.44123008568346517,0.06666666666666667
blocs,1,0,0,0,0,0,0,0,0,0,0,0,0,0,0,2,2,0.0,5,1,blocs,0.0001398308047262812,0.44123008568346517,0.06666666666666667
bullying,1,0,1,0,0,0,0,0,0,0,0,0,0,0,0,2,1,0.0,8,1,bullying,0.0001398308047262812,0.44123008568346517,0.13333333333333333
poor,0,0,1,0,0,0,0,0,0,0,0,0,0,0,0,2,2,0.0,4,1,poor,0.0001398308047262812,0.44123008568346517,0.06666666666666667
rich,0,0,1,0,0,0,0,0,0,0,0,0,0,0,0,2,2,0.0,4,1,rich,0.0001398308047262812,0.44123008568346517,0.06666666666666667
manner,1,0,0,0,0,0,0,0,0,0,0,0,0,0,0,2,2,0.0,6,1,manner,0.0001398308047262812,0.44123008568346517,0.06666666666666667
levels,1,1,0,0,0,0,0,0,0,0,0,0,0,0,0,2,2,0.0,6,1,levels,0.0001398308047262812,0.44123008568346517,0.13333333333333333
abandon,1,1,0,0,0,0,0,0,0,0,0,0,0,0,0,2,2,0.0,7,1,abandon,0.0001398308047262812,0.44123008568346517,0.13333333333333333
confrontational,0,0,1,0,0,0,0,0,0,0,0,0,0,0,0,2,2,0.0,15,1,confrontational,0.0001398308047262812,0.44123008568346517,0.06666666666666667
peacefully,0,0,0,1,0,0,0,0,0,0,0,0,0,0,0,2,2,0.0,10,1,peacefully,0.0001398308047262812,0.44123008568346517,0.06666666666666667
advocates,1,0,0,0,0,0,0,0,0,0,0,0,0,0,0,2,2,0.0,9,1,advocates,0.0001398308047262812,0.44123008568346517,0.06666666666666667
actively,0,0,0,1,0,0,0,0,0,0,0,0,0,0,0,2,2,0.0,8,1,actively,0.0001398308047262812,0.44123008568346517,0.06666666666666667
build,1,1,0,0,0,0,0,0,0,0,0,0,0,0,0,2,2,0.0,5,1,build,0.0001398308047262812,0.44123008568346517,0.13333333333333333
group,1,1,1,0,0,0,0,0,0,0,0,0,0,0,0,2,2,0.0,5,1,group,0.0001398308047262812,0.44123008568346517,0.2
interfere,0,1,0,0,0,0,0,0,0,0,0,0,0,0,0,2,1,0.0,9,1,interfere,0.0001398308047262812,0.44123008568346517,0.06666666666666667
reason,1,1,0,0,0,0,0,0,0,0,0,0,0,0,0,2,2,0.0,6,1,reason,0.0001398308047262812,0.44123008568346517,0.13333333333333333
respond,1,1,0,0,0,0,0,0,0,0,0,0,0,0,0,2,2,0.0,7,1,respond,0.0001398308047262812,0.44123008568346517,0.13333333333333333
times,1,1,0,0,0,0,0,0,0,0,0,0,0,0,0,2,2,0.0,5,1,times,0.0001398308047262812,0.44123008568346517,0.13333333333333333
initiative,1,0,1,0,0,0,0,0,0,0,0,0,0,0,0,2,2,0.0,10,1,initiative,0.0001398308047262812,0.44123008568346517,0.13333333333333333
spy,1,1,0,0,0,0,0,0,0,0,0,0,0,0,0,2,1,0.0,3,1,spy,0.0001398308047262812,0.44123008568346517,0.13333333333333333
identity,1,0,0,0,0,0,0,0,0,0,0,0,0,0,0,2,2,0.0,8,1,identity,0.0001398308047262812,0.44123008568346517,0.06666666666666667
consultation,1,0,0,0,0,0,0,0,0,0,0,0,0,0,0,2,2,0.0,12,1,consultation,0.0001398308047262812,0.44123008568346517,0.06666666666666667
preventing,0,1,0,0,0,0,0,0,0,0,0,0,0,0,0,2,2,0.0,10,1,preventing,0.0001398308047262812,0.44123008568346517,0.06666666666666667
solve,1,1,0,0,0,0,0,0,0,0,0,0,0,0,0,2,2,0.0,5,1,solve,0.0001398308047262812,0.44123008568346517,0.13333333333333333
literature,1,0,0,0,0,0,0,0,0,0,0,0,0,0,0,2,2,0.0,10,1,literature,0.0001398308047262812,0.44123008568346517,0.06666666666666667
interference,1,0,0,0,0,0,0,0,0,0,0,0,0,0,0,2,2,0.0,12,1,interference,0.0001398308047262812,0.44123008568346517,0.06666666666666667
protection,1,0,0,0,0,0,0,0,0,0,0,0,0,0,0,2,2,0.0,10,1,protection,0.0001398308047262812,0.44123008568346517,0.06666666666666667
italy,1,0,0,0,0,0,0,0,0,0,0,0,0,0,0,2,2,0.0,5,1,italy,0.0001398308047262812,0.44123008568346517,0.06666666666666667
benefit,1,1,0,0,0,0,0,0,0,0,0,0,0,0,0,2,2,0.0,7,1,benefit,0.0001398308047262812,0.44123008568346517,0.13333333333333333
fought,0,1,0,0,0,0,0,0,0,0,0,0,0,0,0,2,2,0.0,6,1,fought,0.0001398308047262812,0.44123008568346517,0.06666666666666667
governing,0,1,1,0,0,0,0,0,0,0,0,0,0,0,0,2,2,0.0,9,1,governing,0.0001398308047262812,0.44123008568346517,0.13333333333333333
aggression,1,0,0,0,0,0,0,0,0,0,0,0,0,0,0,2,2,0.0,10,1,aggression,0.0001398308047262812,0.44123008568346517,0.06666666666666667
uk,0,0,0,0,0,0,0,0,0,0,0,0,0,0,0,2,2,0.0,2,0,uk,0.0001398308047262812,0.44123008568346517,0.0
especially,0,0,0,1,0,0,0,0,0,0,0,0,0,0,0,2,2,0.0,10,1,especially,0.0001398308047262812,0.44123008568346517,0.06666666666666667
prosperous,0,0,1,0,0,0,0,0,0,0,0,0,0,0,0,2,2,0.0,10,1,prosperous,0.0001398308047262812,0.44123008568346517,0.06666666666666667
undermines,0,0,0,0,0,0,0,0,0,0,0,0,0,0,0,2,2,0.0,10,1,undermines,0.0001398308047262812,0.44123008568346517,0.0
widespread,0,0,1,0,0,0,0,0,0,0,0,0,0,0,0,2,2,0.0,10,1,widespread,0.0001398308047262812,0.44123008568346517,0.06666666666666667
refrain,1,1,0,0,0,0,0,0,0,0,0,0,0,0,0,2,2,0.0,7,1,refrain,0.0001398308047262812,0.44123008568346517,0.13333333333333333
real,1,0,1,1,0,0,0,0,0,0,0,0,0,0,0,2,2,0.0,4,1,real,0.0001398308047262812,0.44123008568346517,0.2
turning,1,1,1,0,0,0,0,0,0,0,0,0,0,0,0,2,2,0.0,7,1,turning,0.0001398308047262812,0.44123008568346517,0.2
center,1,1,1,0,0,0,0,0,0,0,0,0,0,0,0,2,2,0.0,6,1,center,0.0001398308047262812,0.44123008568346517,0.2
attacks,1,1,0,0,0,0,0,0,0,0,0,0,0,0,0,2,2,0.0,7,1,attacks,0.0001398308047262812,0.44123008568346517,0.13333333333333333
greater,0,0,1,0,0,0,0,0,0,0,0,0,0,0,0,2,2,0.0,7,1,greater,0.0001398308047262812,0.44123008568346517,0.06666666666666667
rebuild,1,1,0,0,0,0,0,0,0,0,0,0,0,0,0,2,2,0.0,7,1,rebuild,0.0001398308047262812,0.44123008568346517,0.13333333333333333
purpose,1,1,0,0,0,0,0,0,0,0,0,0,0,0,0,2,2,0.0,7,1,purpose,0.0001398308047262812,0.44123008568346517,0.13333333333333333
constantly,0,0,0,1,0,0,0,0,0,0,0,0,0,0,0,2,2,0.0,10,1,constantly,0.0001398308047262812,0.44123008568346517,0.06666666666666667
absolute,1,0,1,0,0,0,0,0,0,0,0,0,0,0,0,2,2,0.0,8,1,absolute,0.0001398308047262812,0.44123008568346517,0.13333333333333333
management,1,0,0,0,0,0,0,0,0,0,0,0,0,0,0,2,2,0.0,10,1,management,0.0001398308047262812,0.44123008568346517,0.06666666666666667
task,1,1,0,0,0,0,0,0,0,0,0,0,0,0,0,2,2,0.0,4,1,task,0.0001398308047262812,0.44123008568346517,0.13333333333333333
defending,0,1,1,0,0,0,0,0,0,0,0,0,0,0,0,2,1,0.0,9,1,defending,0.0001398308047262812,0.44123008568346517,0.13333333333333333
comprehensively,0,0,0,1,0,0,0,0,0,0,0,0,0,0,0,2,2,0.0,15,1,comprehensively,0.0001398308047262812,0.44123008568346517,0.06666666666666667
light,1,1,1,1,0,0,0,0,0,0,0,0,0,0,0,2,2,0.0,5,1,light,0.0001398308047262812,0.44123008568346517,0.26666666666666666
expanding,0,1,1,0,0,0,0,0,0,0,0,0,0,0,0,2,2,0.0,9,1,expanding,0.0001398308047262812,0.44123008568346517,0.13333333333333333
targets,1,1,0,0,0,0,0,0,0,0,0,0,0,0,0,2,2,0.0,7,1,targets,0.0001398308047262812,0.44123008568346517,0.13333333333333333
resolution,1,0,0,0,0,0,0,0,0,0,0,0,0,0,0,2,2,0.0,10,1,resolution,0.0001398308047262812,0.44123008568346517,0.06666666666666667
beams,1,1,0,0,0,0,0,0,0,0,0,0,0,0,0,2,2,0.0,5,1,beams,0.0001398308047262812,0.44123008568346517,0.13333333333333333
inability,1,0,0,0,0,0,0,0,0,0,0,0,0,0,0,2,2,0.0,9,1,inability,0.0001398308047262812,0.44123008568346517,0.06666666666666667
substantial,1,0,1,0,0,0,0,0,0,0,0,0,0,0,0,2,2,0.0,11,1,substantial,0.0001398308047262812,0.44123008568346517,0.13333333333333333
severely,0,0,0,1,0,0,0,0,0,0,0,0,0,0,0,2,2,0.0,8,1,severely,0.0001398308047262812,0.44123008568346517,0.06666666666666667
invest,1,1,0,0,0,0,0,0,0,0,0,0,0,0,0,2,2,0.0,6,1,invest,0.0001398308047262812,0.44123008568346517,0.13333333333333333
adjustments,1,0,0,0,0,0,0,0,0,0,0,0,0,0,0,2,2,0.0,11,1,adjustments,0.0001398308047262812,0.44123008568346517,0.06666666666666667
concessions,1,0,0,0,0,0,0,0,0,0,0,0,0,0,0,2,2,0.0,11,1,concessions,0.0001398308047262812,0.44123008568346517,0.06666666666666667
followed,0,1,0,0,0,0,0,0,0,0,0,0,0,0,0,2,2,0.0,8,1,followed,0.0001398308047262812,0.44123008568346517,0.06666666666666667
establishing,0,1,0,0,0,0,0,0,0,0,0,0,0,0,0,2,2,0.0,12,1,establishing,0.0001398308047262812,0.44123008568346517,0.06666666666666667
strategically,0,0,0,1,0,0,0,0,0,0,0,0,0,0,0,2,2,0.0,13,1,strategically,0.0001398308047262812,0.44123008568346517,0.06666666666666667
placed,0,1,1,0,0,0,0,0,0,0,0,0,0,0,0,2,2,0.0,6,1,placed,0.0001398308047262812,0.44123008568346517,0.13333333333333333
displaced,0,1,0,0,0,0,0,0,0,0,0,0,0,0,0,2,2,0.0,9,1,displaced,0.0001398308047262812,0.44123008568346517,0.06666666666666667
greatly,0,0,0,1,0,0,0,0,0,0,0,0,0,0,0,2,2,0.0,7,1,greatly,0.0001398308047262812,0.44123008568346517,0.06666666666666667
reduced,0,1,1,0,0,0,0,0,0,0,0,0,0,0,0,2,2,0.0,7,1,reduced,0.0001398308047262812,0.44123008568346517,0.13333333333333333
forced,0,1,1,0,0,0,0,0,0,0,0,0,0,0,0,2,2,0.0,6,1,forced,0.0001398308047262812,0.44123008568346517,0.13333333333333333
vacuum,1,1,0,0,0,0,0,0,0,0,0,0,0,0,0,2,2,0.0,6,1,vacuum,0.0001398308047262812,0.44123008568346517,0.13333333333333333
ignore,0,1,0,0,0,0,0,0,0,0,0,0,0,0,0,2,2,0.0,6,1,ignore,0.0001398308047262812,0.44123008568346517,0.06666666666666667
away,0,0,1,1,0,0,0,0,0,0,0,0,0,0,0,2,2,0.0,4,1,away,0.0001398308047262812,0.44123008568346517,0.13333333333333333
tendencies,1,0,0,0,0,0,0,0,0,0,0,0,0,0,0,2,2,0.0,10,1,tendencies,0.0001398308047262812,0.44123008568346517,0.06666666666666667
play,1,1,1,0,0,0,0,0,0,0,0,0,0,0,0,2,2,0.0,4,1,play,0.0001398308047262812,0.44123008568346517,0.2
defeated,1,0,1,0,0,0,0,0,0,0,0,0,0,0,0,2,2,0.0,8,1,defeated,0.0001398308047262812,0.44123008568346517,0.13333333333333333
completely,0,0,0,1,0,0,0,0,0,0,0,0,0,0,0,2,2,0.0,10,1,completely,0.0001398308047262812,0.44123008568346517,0.06666666666666667
track,1,1,0,0,0,0,0,0,0,0,0,0,0,0,0,2,2,0.0,5,1,track,0.0001398308047262812,0.44123008568346517,0.13333333333333333
warships,1,0,0,0,0,0,0,0,0,0,0,0,0,0,0,2,2,0.0,8,1,warships,0.0001398308047262812,0.44123008568346517,0.06666666666666667
round,1,1,1,1,0,0,0,0,0,0,0,0,0,0,0,2,2,0.0,5,1,round,0.0001398308047262812,0.44123008568346517,0.26666666666666666
particle,1,0,0,0,0,0,0,0,0,0,0,0,0,0,0,2,2,0.0,8,1,particle,0.0001398308047262812,0.44123008568346517,0.06666666666666667
surveillance,1,0,0,0,0,0,0,0,0,0,0,0,0,0,0,2,2,0.0,12,1,surveillance,0.0001398308047262812,0.44123008568346517,0.06666666666666667
creation,1,0,0,0,0,0,0,0,0,0,0,0,0,0,0,2,2,0.0,8,1,creation,0.0001398308047262812,0.44123008568346517,0.06666666666666667
interceptor,1,0,0,0,0,0,0,0,0,0,0,0,0,0,0,2,1,0.0,11,1,interceptor,0.0001398308047262812,0.44123008568346517,0.06666666666666667
superiority,1,0,0,0,0,0,0,0,0,0,0,0,0,0,0,2,2,0.0,11,1,superiority,0.0001398308047262812,0.44123008568346517,0.06666666666666667
deployed,0,1,0,0,0,0,0,0,0,0,0,0,0,0,0,2,2,0.0,8,1,deployed,0.0001398308047262812,0.44123008568346517,0.06666666666666667
germany's,0,0,0,0,0,0,0,0,0,0,0,0,0,0,0,2,2,0.0,9,1,germany's,0.0001398308047262812,0.44123008568346517,0.0
expand,0,1,0,0,0,0,0,0,0,0,0,0,0,0,0,2,2,0.0,6,1,expand,0.0001398308047262812,0.44123008568346517,0.06666666666666667
relied,0,0,0,0,0,0,0,0,0,0,0,0,0,0,0,2,2,0.0,6,1,relied,0.0001398308047262812,0.44123008568346517,0.0
suffered,0,0,0,0,0,0,0,0,0,0,0,0,0,0,0,2,2,0.0,8,1,suffered,0.0001398308047262812,0.44123008568346517,0.0
attack,1,1,1,0,0,0,0,0,0,0,0,0,0,0,0,2,2,0.0,6,1,attack,0.0001398308047262812,0.44123008568346517,0.2
destroy,0,1,0,0,0,0,0,0,0,0,0,0,0,0,0,2,2,0.0,7,1,destroy,0.0001398308047262812,0.44123008568346517,0.06666666666666667
determine,0,1,0,0,0,0,0,0,0,0,0,0,0,0,0,2,2,0.0,9,1,determine,0.0001398308047262812,0.44123008568346517,0.06666666666666667
destruction,1,0,0,0,0,0,0,0,0,0,0,0,0,0,0,2,2,0.0,11,1,destruction,0.0001398308047262812,0.44123008568346517,0.06666666666666667
september,1,0,0,0,0,0,0,0,0,0,0,0,0,0,0,2,2,0.0,9,1,september,0.0001398308047262812,0.44123008568346517,0.06666666666666667
causes,1,1,0,0,0,0,0,0,0,0,0,0,0,0,0,2,2,0.0,6,1,causes,0.0001398308047262812,0.44123008568346517,0.13333333333333333
impacts,1,1,0,0,0,0,0,0,0,0,0,0,0,0,0,2,2,0.0,7,1,impacts,0.0001398308047262812,0.44123008568346517,0.13333333333333333
launches,1,1,0,0,0,0,0,0,0,0,0,0,0,0,0,2,2,0.0,8,1,launches,0.0001398308047262812,0.44123008568346517,0.13333333333333333
abstract,1,1,1,0,0,0,0,0,0,0,0,0,0,0,0,2,2,0.0,8,1,abstract,0.0001398308047262812,0.44123008568346517,0.2
nanjing,1,0,0,0,0,0,0,0,0,0,0,0,0,0,0,2,1,0.0,7,1,nanjing,0.0001398308047262812,0.44123008568346517,0.06666666666666667
j,1,0,0,0,0,0,0,0,0,0,0,0,0,0,0,2,2,0.0,1,1,j,0.0001398308047262812,0.44123008568346517,0.06666666666666667
cnki,0,0,0,0,0,0,0,0,0,0,0,0,0,0,0,2,2,0.0,4,1,cnki,0.0001398308047262812,0.44123008568346517,0.0
cgl,0,0,0,0,0,0,0,0,0,0,0,0,0,0,0,2,2,0.0,3,1,cgl,0.0001398308047262812,0.44123008568346517,0.0
institute,1,1,0,0,0,0,0,0,0,0,0,0,0,0,0,2,2,0.0,9,1,institute,0.0001398308047262812,0.44123008568346517,0.13333333333333333
republics,1,0,0,0,0,0,0,0,0,0,0,0,0,0,0,2,2,0.0,9,1,republics,0.0001398308047262812,0.44123008568346517,0.06666666666666667
trumanlibrary,0,0,0,0,0,0,0,0,0,0,0,0,0,0,0,2,2,0.0,13,1,trumanlibrary,0.0001398308047262812,0.44123008568346517,0.0
towards,0,0,0,0,0,0,0,0,0,0,0,0,0,0,0,1,1,0.0,7,1,towards,6.99154023631406e-05,0.35279251707864995,0.0
happiness,1,0,0,0,0,0,0,0,0,0,0,0,0,0,0,1,1,0.0,9,1,happiness,6.99154023631406e-05,0.35279251707864995,0.06666666666666667
attracts,0,1,0,0,0,0,0,0,0,0,0,0,0,0,0,1,1,0.0,8,1,attracts,6.99154023631406e-05,0.35279251707864995,0.06666666666666667
creates,0,1,0,0,0,0,0,0,0,0,0,0,0,0,0,1,1,0.0,7,1,creates,6.99154023631406e-05,0.35279251707864995,0.06666666666666667
jobs,1,1,0,0,0,0,0,0,0,0,0,0,0,0,0,1,1,0.0,4,1,jobs,6.99154023631406e-05,0.35279251707864995,0.13333333333333333
upholds,0,1,0,0,0,0,0,0,0,0,0,0,0,0,0,1,1,0.0,7,1,upholds,6.99154023631406e-05,0.35279251707864995,0.06666666666666667
participates,0,1,0,0,0,0,0,0,0,0,0,0,0,0,0,1,1,0.0,12,1,participates,6.99154023631406e-05,0.35279251707864995,0.06666666666666667
peacekeeping,1,0,1,0,0,0,0,0,0,0,0,0,0,0,0,1,1,0.0,12,1,peacekeeping,6.99154023631406e-05,0.35279251707864995,0.13333333333333333
operations,1,0,0,0,0,0,0,0,0,0,0,0,0,0,0,1,1,0.0,10,1,operations,6.99154023631406e-05,0.35279251707864995,0.06666666666666667
humanitarian,1,0,1,0,0,0,0,0,0,0,0,0,0,0,0,1,1,0.0,12,1,humanitarian,6.99154023631406e-05,0.35279251707864995,0.13333333333333333
relief,1,0,0,0,0,0,0,0,0,0,0,0,0,0,0,1,1,0.0,6,1,relief,6.99154023631406e-05,0.35279251707864995,0.06666666666666667
establishes,0,1,0,0,0,0,0,0,0,0,0,0,0,0,0,1,1,0.0,11,1,establishes,6.99154023631406e-05,0.35279251707864995,0.06666666666666667
good,1,0,1,1,0,0,0,0,0,0,0,0,0,0,0,1,1,0.0,4,1,good,6.99154023631406e-05,0.35279251707864995,0.2
humanity,1,0,0,0,0,0,0,0,0,0,0,0,0,0,0,1,1,0.0,8,1,humanity,6.99154023631406e-05,0.35279251707864995,0.06666666666666667
shadow,1,1,0,0,0,0,0,0,0,0,0,0,0,0,0,1,1,0.0,6,1,shadow,6.99154023631406e-05,0.35279251707864995,0.13333333333333333
countless,0,0,1,0,0,0,0,0,0,0,0,0,0,0,0,1,1,0.0,9,1,countless,6.99154023631406e-05,0.35279251707864995,0.06666666666666667
care,1,1,0,0,0,0,0,0,0,0,0,0,0,0,0,1,1,0.0,4,1,care,6.99154023631406e-05,0.35279251707864995,0.13333333333333333
lives,0,1,0,0,0,0,0,0,0,0,0,0,0,0,0,1,1,0.0,5,1,lives,6.99154023631406e-05,0.35279251707864995,0.06666666666666667
rubble,0,0,0,0,0,0,0,0,0,0,0,0,0,0,0,1,1,0.0,6,1,rubble,6.99154023631406e-05,0.35279251707864995,0.0
pain,1,1,0,0,0,0,0,0,0,0,0,0,0,0,0,1,1,0.0,4,1,pain,6.99154023631406e-05,0.35279251707864995,0.13333333333333333
hearts,1,0,0,0,0,0,0,0,0,0,0,0,0,0,0,1,1,0.0,6,1,hearts,6.99154023631406e-05,0.35279251707864995,0.06666666666666667
families,0,0,0,0,0,0,0,0,0,0,0,0,0,0,0,1,1,0.0,8,1,families,6.99154023631406e-05,0.35279251707864995,0.0
participating,0,1,1,0,0,0,0,0,0,0,0,0,0,0,0,1,1,0.0,13,1,participating,6.99154023631406e-05,0.35279251707864995,0.13333333333333333
trouble,1,1,0,0,0,0,0,0,0,0,0,0,0,0,0,1,1,0.0,7,1,trouble,6.99154023631406e-05,0.35279251707864995,0.13333333333333333
restrictions,1,0,0,0,0,0,0,0,0,0,0,0,0,0,0,1,1,0.0,12,1,restrictions,6.99154023631406e-05,0.35279251707864995,0.06666666666666667
accumulated,0,1,1,0,0,0,0,0,0,0,0,0,0,0,0,1,1,0.0,11,1,accumulated,6.99154023631406e-05,0.35279251707864995,0.13333333333333333
ruined,0,1,1,0,0,0,0,0,0,0,0,0,0,0,0,1,1,0.0,6,1,ruined,6.99154023631406e-05,0.35279251707864995,0.13333333333333333
macro,1,0,1,0,0,0,0,0,0,0,0,0,0,0,0,1,1,0.0,5,1,macro,6.99154023631406e-05,0.35279251707864995,0.13333333333333333
funds,1,1,0,0,0,0,0,0,0,0,0,0,0,0,0,1,1,0.0,5,1,funds,6.99154023631406e-05,0.35279251707864995,0.13333333333333333
improve,0,0,0,0,0,0,0,0,0,0,0,0,0,0,0,1,1,0.0,7,1,improve,6.99154023631406e-05,0.35279251707864995,0.0
livelihoods,1,0,0,0,0,0,0,0,0,0,0,0,0,0,0,1,1,0.0,11,1,livelihoods,6.99154023631406e-05,0.35279251707864995,0.06666666666666667
health,1,0,0,0,0,0,0,0,0,0,0,0,0,0,0,1,1,0.0,6,1,health,6.99154023631406e-05,0.35279251707864995,0.06666666666666667
mad,0,0,1,0,0,0,0,0,0,0,0,0,0,0,0,1,1,0.0,3,1,mad,6.99154023631406e-05,0.35279251707864995,0.06666666666666667
successfully,0,0,0,1,0,0,0,0,0,0,0,0,0,0,0,1,1,0.0,12,1,successfully,6.99154023631406e-05,0.35279251707864995,0.06666666666666667
give,1,1,0,0,0,0,0,0,0,0,0,0,0,0,0,1,1,0.0,4,1,give,6.99154023631406e-05,0.35279251707864995,0.13333333333333333
ability,1,0,0,0,0,0,0,0,0,0,0,0,0,0,0,1,1,0.0,7,1,ability,6.99154023631406e-05,0.35279251707864995,0.06666666666666667
intercept,1,1,0,0,0,0,0,0,0,0,0,0,0,0,0,1,1,0.0,9,1,intercept,6.99154023631406e-05,0.35279251707864995,0.13333333333333333
joined,0,1,1,0,0,0,0,0,0,0,0,0,0,0,0,1,1,0.0,6,1,joined,6.99154023631406e-05,0.35279251707864995,0.13333333333333333
satisfactory,0,0,1,0,0,0,0,0,0,0,0,0,0,0,0,1,1,0.0,12,1,satisfactory,6.99154023631406e-05,0.35279251707864995,0.06666666666666667
intention,1,0,0,0,0,0,0,0,0,0,0,0,0,0,0,1,1,0.0,9,1,intention,6.99154023631406e-05,0.35279251707864995,0.06666666666666667
ewa,0,0,0,0,0,0,0,0,0,0,0,0,0,0,0,1,1,0.0,3,1,ewa,6.99154023631406e-05,0.35279251707864995,0.0
yixuan,0,0,0,0,0,0,0,0,0,0,0,0,0,0,0,1,1,0.0,6,1,yixuan,6.99154023631406e-05,0.35279251707864995,0.0
confronts,0,1,0,0,0,0,0,0,0,0,0,0,0,0,0,1,1,0.0,9,1,confronts,6.99154023631406e-05,0.35279251707864995,0.06666666666666667
hbpmw,0,0,0,0,0,0,0,0,0,0,0,0,0,0,0,1,1,0.0,5,1,hbpmw,6.99154023631406e-05,0.35279251707864995,0.0
velocity,0,0,0,0,0,0,0,0,0,0,0,0,0,0,0,1,1,0.0,8,1,velocity,6.99154023631406e-05,0.35279251707864995,0.0
missile's,0,0,0,0,0,0,0,0,0,0,0,0,0,0,0,1,1,0.0,9,1,missile's,6.99154023631406e-05,0.35279251707864995,0.0
electronics,1,0,0,0,0,0,0,0,0,0,0,0,0,0,0,1,1,0.0,11,1,electronics,6.99154023631406e-05,0.35279251707864995,0.06666666666666667
fearing,0,1,0,0,0,0,0,0,0,0,0,0,0,0,0,1,1,0.0,7,1,fearing,6.99154023631406e-05,0.35279251707864995,0.06666666666666667
jingling,1,1,1,0,0,0,0,0,0,0,0,0,0,0,0,1,1,0.0,8,1,jingling,6.99154023631406e-05,0.35279251707864995,0.2
school,1,1,0,0,0,0,0,0,0,0,0,0,0,0,0,1,1,0.0,6,1,school,6.99154023631406e-05,0.35279251707864995,0.13333333333333333
hexi,0,0,0,0,0,0,0,0,0,0,0,0,0,0,0,1,1,0.0,4,1,hexi,6.99154023631406e-05,0.35279251707864995,0.0
campus,1,0,0,0,0,0,0,0,0,0,0,0,0,0,0,1,1,0.0,6,1,campus,6.99154023631406e-05,0.35279251707864995,0.06666666666666667
qq,0,0,0,0,0,0,0,0,0,0,0,0,0,0,0,1,1,0.0,2,0,qq,6.99154023631406e-05,0.35279251707864995,0.0
file,1,1,0,0,0,0,0,0,0,0,0,0,0,0,0,1,1,0.0,4,1,file,6.99154023631406e-05,0.35279251707864995,0.13333333333333333
available,0,0,1,0,0,0,0,0,0,0,0,0,0,0,0,1,1,0.0,9,1,available,6.99154023631406e-05,0.35279251707864995,0.06666666666666667
online,0,0,0,0,0,0,0,0,0,0,0,0,0,0,0,1,1,0.0,6,1,online,6.99154023631406e-05,0.35279251707864995,0.0
reasons,1,1,0,0,0,0,0,0,0,0,0,0,0,0,0,1,1,0.0,7,1,reasons,6.99154023631406e-05,0.35279251707864995,0.13333333333333333
shangqing,0,0,0,0,0,0,0,0,0,0,0,0,0,0,0,1,1,0.0,9,1,shangqing,6.99154023631406e-05,0.35279251707864995,0.0
issn,0,0,0,0,0,0,0,0,0,0,0,0,0,0,0,1,1,0.0,4,1,issn,6.99154023631406e-05,0.35279251707864995,0.0
baiburin,0,0,0,0,0,0,0,0,0,0,0,0,0,0,0,1,1,0.0,8,1,baiburin,6.99154023631406e-05,0.35279251707864995,0.0
kelly,1,0,0,0,0,0,0,0,0,0,0,0,0,0,0,1,1,0.0,5,1,kelly,6.99154023631406e-05,0.35279251707864995,0.06666666666666667
epokha,0,0,0,0,0,0,0,0,0,0,0,0,0,0,0,1,1,0.0,6,1,epokha,6.99154023631406e-05,0.35279251707864995,0.0
nationalarchives,0,0,0,0,0,0,0,0,0,0,0,0,0,0,0,1,1,0.0,16,1,nationalarchives,6.99154023631406e-05,0.35279251707864995,0.0
bai,1,0,0,0,0,0,0,0,0,0,0,0,0,0,0,1,1,0.0,3,1,bai,6.99154023631406e-05,0.35279251707864995,0.06666666666666667
patriot,1,0,0,0,0,0,0,0,0,0,0,0,0,0,0,1,1,0.0,7,1,patriot,6.99154023631406e-05,0.35279251707864995,0.06666666666666667
extension,1,0,0,0,0,0,0,0,0,0,0,0,0,0,0,1,1,0.0,9,1,extension,6.99154023631406e-05,0.35279251707864995,0.06666666666666667
demonstrated,0,1,1,0,0,0,0,0,0,0,0,0,0,0,0,1,1,0.0,12,1,demonstrated,6.99154023631406e-05,0.35279251707864995,0.13333333333333333
capability,1,0,0,0,0,0,0,0,0,0,0,0,0,0,0,1,1,0.0,10,1,capability,6.99154023631406e-05,0.35279251707864995,0.06666666666666667
set,1,1,1,0,0,0,0,0,0,0,0,0,0,0,0,1,1,0.0,3,1,set,6.99154023631406e-05,0.35279251707864995,0.2
infrared,1,0,1,0,0,0,0,0,0,0,0,0,0,0,0,1,1,0.0,8,1,infrared,6.99154023631406e-05,0.35279251707864995,0.13333333333333333
automatically,0,0,0,1,0,0,0,0,0,0,0,0,0,0,0,1,1,0.0,13,1,automatically,6.99154023631406e-05,0.35279251707864995,0.06666666666666667
hit,1,1,1,0,0,0,0,0,0,0,0,0,0,0,0,1,1,0.0,3,1,hit,6.99154023631406e-05,0.35279251707864995,0.2
detect,0,1,0,0,0,0,0,0,0,0,0,0,0,0,0,1,1,0.0,6,1,detect,6.99154023631406e-05,0.35279251707864995,0.06666666666666667
thermal,1,0,1,0,0,0,0,0,0,0,0,0,0,0,0,1,1,0.0,7,1,thermal,6.99154023631406e-05,0.35279251707864995,0.13333333333333333
signatures,1,0,0,0,0,0,0,0,0,0,0,0,0,0,0,1,1,0.0,10,1,signatures,6.99154023631406e-05,0.35279251707864995,0.06666666666666667
generated,0,1,0,0,0,0,0,0,0,0,0,0,0,0,0,1,1,0.0,9,1,generated,6.99154023631406e-05,0.35279251707864995,0.06666666666666667
raise,1,1,0,0,0,0,0,0,0,0,0,0,0,0,0,1,1,0.0,5,1,raise,6.99154023631406e-05,0.35279251707864995,0.13333333333333333
alarms,0,1,0,0,0,0,0,0,0,0,0,0,0,0,0,1,1,0.0,6,1,alarms,6.99154023631406e-05,0.35279251707864995,0.06666666666666667
minutes,1,0,0,0,0,0,0,0,0,0,0,0,0,0,0,1,1,0.0,7,1,minutes,6.99154023631406e-05,0.35279251707864995,0.06666666666666667
network,1,1,0,0,0,0,0,0,0,0,0,0,0,0,0,1,1,0.0,7,1,network,6.99154023631406e-05,0.35279251707864995,0.13333333333333333
assured,0,1,1,0,0,0,0,0,0,0,0,0,0,0,0,1,1,0.0,7,1,assured,6.99154023631406e-05,0.35279251707864995,0.13333333333333333
phased,0,1,0,0,0,0,0,0,0,0,0,0,0,0,0,1,1,0.0,6,1,phased,6.99154023631406e-05,0.35279251707864995,0.06666666666666667
array,1,0,0,0,0,0,0,0,0,0,0,0,0,0,0,1,1,0.0,5,1,array,6.99154023631406e-05,0.35279251707864995,0.06666666666666667
accurately,0,0,0,1,0,0,0,0,0,0,0,0,0,0,0,1,1,0.0,10,1,accurately,6.99154023631406e-05,0.35279251707864995,0.06666666666666667
looking,1,1,1,0,0,0,0,0,0,0,0,0,0,0,0,1,1,0.0,7,1,looking,6.99154023631406e-05,0.35279251707864995,0.2
weapon,1,0,0,0,0,0,0,0,0,0,0,0,0,0,0,1,1,0.0,6,1,weapon,6.99154023631406e-05,0.35279251707864995,0.06666666666666667
envisage,0,0,0,0,0,0,0,0,0,0,0,0,0,0,0,1,1,0.0,8,1,envisage,6.99154023631406e-05,0.35279251707864995,0.0
platforms,1,0,0,0,0,0,0,0,0,0,0,0,0,0,0,1,1,0.0,9,1,platforms,6.99154023631406e-05,0.35279251707864995,0.06666666666666667
scope,1,0,0,0,0,0,0,0,0,0,0,0,0,0,0,1,1,0.0,5,1,scope,6.99154023631406e-05,0.35279251707864995,0.06666666666666667
vs,1,0,0,0,0,0,0,0,0,0,0,0,0,0,0,1,1,0.0,2,1,vs,6.99154023631406e-05,0.35279251707864995,0.06666666666666667
threw,0,1,0,0,0,0,0,0,0,0,0,0,0,0,0,1,1,0.0,5,1,threw,6.99154023631406e-05,0.35279251707864995,0.06666666666666667
upset,1,1,1,0,0,0,0,0,0,0,0,0,0,0,0,1,1,0.0,5,1,upset,6.99154023631406e-05,0.35279251707864995,0.2
originally,0,0,0,1,0,0,0,0,0,0,0,0,0,0,0,1,1,0.0,10,1,originally,6.99154023631406e-05,0.35279251707864995,0.06666666666666667
balanced,0,1,1,0,0,0,0,0,0,0,0,0,0,0,0,1,1,0.0,8,1,balanced,6.99154023631406e-05,0.35279251707864995,0.13333333333333333
posture,1,0,0,0,0,0,0,0,0,0,0,0,0,0,0,1,1,0.0,7,1,posture,6.99154023631406e-05,0.35279251707864995,0.06666666666666667
mutually,0,0,0,1,0,0,0,0,0,0,0,0,0,0,0,1,1,0.0,8,1,mutually,6.99154023631406e-05,0.35279251707864995,0.06666666666666667
countering,0,0,0,0,0,0,0,0,0,0,0,0,0,0,0,1,1,0.0,10,1,countering,6.99154023631406e-05,0.35279251707864995,0.0
pace,1,1,0,0,0,0,0,0,0,0,0,0,0,0,0,1,1,0.0,4,1,pace,6.99154023631406e-05,0.35279251707864995,0.13333333333333333
upgrade,1,1,1,1,0,0,0,0,0,0,0,0,0,0,0,1,1,0.0,7,1,upgrade,6.99154023631406e-05,0.35279251707864995,0.26666666666666666
delegation,1,0,0,0,0,0,0,0,0,0,0,0,0,0,0,1,1,0.0,10,1,delegation,6.99154023631406e-05,0.35279251707864995,0.06666666666666667
normal,1,0,1,0,0,0,0,0,0,0,0,0,0,0,0,1,1,0.0,6,1,normal,6.99154023631406e-05,0.35279251707864995,0.13333333333333333
supreme,0,0,1,0,0,0,0,0,0,0,0,0,0,0,0,1,1,0.0,7,1,supreme,6.99154023631406e-05,0.35279251707864995,0.06666666666666667
handle,1,1,0,0,0,0,0,0,0,0,0,0,0,0,0,1,1,0.0,6,1,handle,6.99154023631406e-05,0.35279251707864995,0.13333333333333333
water,1,1,0,0,0,0,0,0,0,0,0,0,0,0,0,1,1,0.0,5,1,water,6.99154023631406e-05,0.35279251707864995,0.13333333333333333
here,1,0,1,1,0,0,0,0,0,0,0,0,0,0,0,1,1,0.0,4,1,here,6.99154023631406e-05,0.35279251707864995,0.2
arsenal,1,0,0,0,0,0,0,0,0,0,0,0,0,0,0,1,1,0.0,7,1,arsenal,6.99154023631406e-05,0.35279251707864995,0.06666666666666667
lag,0,1,0,0,0,0,0,0,0,0,0,0,0,0,0,1,1,0.0,3,1,lag,6.99154023631406e-05,0.35279251707864995,0.06666666666666667
behind,1,0,1,1,0,0,0,0,0,0,0,0,0,0,0,1,1,0.0,6,1,behind,6.99154023631406e-05,0.35279251707864995,0.2
though,0,0,0,1,0,0,1,0,0,0,0,0,0,0,0,1,1,0.0,6,1,though,6.99154023631406e-05,0.35279251707864995,0.13333333333333333
numbers,1,1,0,0,0,0,0,0,0,0,0,0,0,0,0,1,1,0.0,7,1,numbers,6.99154023631406e-05,0.35279251707864995,0.13333333333333333
devote,0,1,0,0,0,0,0,0,0,0,0,0,0,0,0,1,1,0.0,6,1,devote,6.99154023631406e-05,0.35279251707864995,0.06666666666666667
coping,1,1,0,0,0,0,0,0,0,0,0,0,0,0,0,1,1,0.0,6,1,coping,6.99154023631406e-05,0.35279251707864995,0.13333333333333333
decisive,0,0,1,0,0,0,0,0,0,0,0,0,0,0,0,1,1,0.0,8,1,decisive,6.99154023631406e-05,0.35279251707864995,0.06666666666666667
battlefield,1,0,0,0,0,0,0,0,0,0,0,0,0,0,0,1,1,0.0,11,1,battlefield,6.99154023631406e-05,0.35279251707864995,0.06666666666666667
lose,0,1,0,0,0,0,0,0,0,0,0,0,0,0,0,1,1,0.0,4,1,lose,6.99154023631406e-05,0.35279251707864995,0.06666666666666667
previous,0,0,1,0,0,0,0,0,0,0,0,0,0,0,0,1,1,0.0,8,1,previous,6.99154023631406e-05,0.35279251707864995,0.06666666666666667
isolationist,1,0,1,0,0,0,0,0,0,0,0,0,0,0,0,1,1,0.0,12,1,isolationist,6.99154023631406e-05,0.35279251707864995,0.13333333333333333
victorious,0,0,1,0,0,0,0,0,0,0,0,0,0,0,0,1,1,0.0,10,1,victorious,6.99154023631406e-05,0.35279251707864995,0.06666666666666667
impossible,1,0,1,0,0,0,0,0,0,0,0,0,0,0,0,1,1,0.0,10,1,impossible,6.99154023631406e-05,0.35279251707864995,0.13333333333333333
victors,1,0,0,0,0,0,0,0,0,0,0,0,0,0,0,1,1,0.0,7,1,victors,6.99154023631406e-05,0.35279251707864995,0.06666666666666667
equip,0,1,0,0,0,0,0,0,0,0,0,0,0,0,0,1,1,0.0,5,1,equip,6.99154023631406e-05,0.35279251707864995,0.06666666666666667
beam,1,1,0,0,0,0,0,0,0,0,0,0,0,0,0,1,1,0.0,4,1,beam,6.99154023631406e-05,0.35279251707864995,0.13333333333333333
uses,1,1,0,0,0,0,0,0,0,0,0,0,0,0,0,1,1,0.0,4,1,uses,6.99154023631406e-05,0.35279251707864995,0.13333333333333333
trajectory,1,0,0,0,0,0,0,0,0,0,0,0,0,0,0,1,1,0.0,10,1,trajectory,6.99154023631406e-05,0.35279251707864995,0.06666666666666667
accurate,0,0,1,0,0,0,0,0,0,0,0,0,0,0,0,1,1,0.0,8,1,accurate,6.99154023631406e-05,0.35279251707864995,0.06666666666666667
target,1,1,0,0,0,0,0,0,0,0,0,0,0,0,0,1,1,0.0,6,1,target,6.99154023631406e-05,0.35279251707864995,0.13333333333333333
reacted,0,1,0,0,0,0,0,0,0,0,0,0,0,0,0,1,1,0.0,7,1,reacted,6.99154023631406e-05,0.35279251707864995,0.06666666666666667
view,1,1,0,0,0,0,0,0,0,0,0,0,0,0,0,1,1,0.0,4,1,view,6.99154023631406e-05,0.35279251707864995,0.13333333333333333
retaliation,1,0,0,0,0,0,0,0,0,0,0,0,0,0,0,1,1,0.0,11,1,retaliation,6.99154023631406e-05,0.35279251707864995,0.06666666666666667
prevention,1,0,0,0,0,0,0,0,0,0,0,0,0,0,0,1,1,0.0,10,1,prevention,6.99154023631406e-05,0.35279251707864995,0.06666666666666667
reversed,0,0,1,0,0,0,0,0,0,0,0,0,0,0,0,1,1,0.0,8,1,reversed,6.99154023631406e-05,0.35279251707864995,0.06666666666666667
orbit,1,0,0,0,0,0,0,0,0,0,0,0,0,0,0,1,1,0.0,5,1,orbit,6.99154023631406e-05,0.35279251707864995,0.06666666666666667
firing,1,1,0,0,0,0,0,0,0,0,0,0,0,0,0,1,1,0.0,6,1,firing,6.99154023631406e-05,0.35279251707864995,0.13333333333333333
initially,0,0,0,1,0,0,0,0,0,0,0,0,0,0,0,1,1,0.0,9,1,initially,6.99154023631406e-05,0.35279251707864995,0.06666666666666667
practice,1,1,0,0,0,0,0,0,0,0,0,0,0,0,0,1,1,0.0,8,1,practice,6.99154023631406e-05,0.35279251707864995,0.13333333333333333
sharp,1,0,1,1,0,0,0,0,0,0,0,0,0,0,0,1,1,0.0,5,1,sharp,6.99154023631406e-05,0.35279251707864995,0.2
obtain,0,1,0,0,0,0,0,0,0,0,0,0,0,0,0,1,1,0.0,6,1,obtain,6.99154023631406e-05,0.35279251707864995,0.06666666666666667
zone,1,1,0,0,0,0,0,0,0,0,0,0,0,0,0,1,1,0.0,4,1,zone,6.99154023631406e-05,0.35279251707864995,0.13333333333333333
speed,1,1,0,0,0,0,0,0,0,0,0,0,0,0,0,1,1,0.0,5,1,speed,6.99154023631406e-05,0.35279251707864995,0.13333333333333333
destroys,0,1,0,0,0,0,0,0,0,0,0,0,0,0,0,1,1,0.0,8,1,destroys,6.99154023631406e-05,0.35279251707864995,0.06666666666666667
booster,1,0,0,0,0,0,0,0,0,0,0,0,0,0,0,1,1,0.0,7,1,booster,6.99154023631406e-05,0.35279251707864995,0.06666666666666667
phase,1,1,0,0,0,0,0,0,0,0,0,0,0,0,0,1,1,0.0,5,1,phase,6.99154023631406e-05,0.35279251707864995,0.13333333333333333
launch,1,1,0,0,0,0,0,0,0,0,0,0,0,0,0,1,1,0.0,6,1,launch,6.99154023631406e-05,0.35279251707864995,0.13333333333333333
implementing,0,1,0,0,0,0,0,0,0,0,0,0,0,0,0,1,1,0.0,12,1,implementing,6.99154023631406e-05,0.35279251707864995,0.06666666666666667
overwhelmed,0,1,1,0,0,0,0,0,0,0,0,0,0,0,0,1,1,0.0,11,1,overwhelmed,6.99154023631406e-05,0.35279251707864995,0.13333333333333333
keep,1,1,0,0,0,0,0,0,0,0,0,0,0,0,0,1,1,0.0,4,1,keep,6.99154023631406e-05,0.35279251707864995,0.13333333333333333
difficulty,1,0,0,0,0,0,0,0,0,0,0,0,0,0,0,1,1,0.0,10,1,difficulty,6.99154023631406e-05,0.35279251707864995,0.06666666666666667
achieving,1,1,0,0,0,0,0,0,0,0,0,0,0,0,0,1,1,0.0,9,1,achieving,6.99154023631406e-05,0.35279251707864995,0.13333333333333333
depleted,0,0,1,0,0,0,0,0,0,0,0,0,0,0,0,1,1,0.0,8,1,depleted,6.99154023631406e-05,0.35279251707864995,0.06666666666666667
sums,1,0,0,0,0,0,0,0,0,0,0,0,0,0,0,1,1,0.0,4,1,sums,6.99154023631406e-05,0.35279251707864995,0.06666666666666667
capturing,0,1,0,0,0,0,0,0,0,0,0,0,0,0,0,1,1,0.0,9,1,capturing,6.99154023631406e-05,0.35279251707864995,0.06666666666666667
images,1,1,0,0,0,0,0,0,0,0,0,0,0,0,0,1,1,0.0,6,1,images,6.99154023631406e-05,0.35279251707864995,0.13333333333333333
airspace,1,0,0,0,0,0,0,0,0,0,0,0,0,0,0,1,1,0.0,8,1,airspace,6.99154023631406e-05,0.35279251707864995,0.06666666666666667
predicament,1,0,0,0,0,0,0,0,0,0,0,0,0,0,0,1,1,0.0,11,1,predicament,6.99154023631406e-05,0.35279251707864995,0.06666666666666667
chinese,1,0,1,0,0,0,0,0,0,0,0,0,0,0,0,1,1,0.0,7,1,chinese,6.99154023631406e-05,0.35279251707864995,0.13333333333333333
premier,1,1,1,0,0,0,0,0,0,0,0,0,0,0,0,1,1,0.0,7,1,premier,6.99154023631406e-05,0.35279251707864995,0.2
zhou,1,0,0,0,0,0,0,0,0,0,0,0,0,0,0,1,1,0.0,4,1,zhou,6.99154023631406e-05,0.35279251707864995,0.06666666666666667
enlai,0,0,0,0,0,0,0,0,0,0,0,0,0,0,0,1,1,0.0,5,1,enlai,6.99154023631406e-05,0.35279251707864995,0.0
received,0,1,1,0,0,0,0,0,0,0,0,0,0,0,0,1,1,0.0,8,1,received,6.99154023631406e-05,0.35279251707864995,0.13333333333333333
supporting,0,1,1,0,0,0,0,0,0,0,0,0,0,0,0,1,1,0.0,10,1,supporting,6.99154023631406e-05,0.35279251707864995,0.13333333333333333
upon,0,0,0,0,0,0,0,0,0,0,0,0,0,0,0,1,1,0.0,4,1,upon,6.99154023631406e-05,0.35279251707864995,0.0
wwii,0,0,0,0,0,0,0,0,0,0,0,0,0,0,0,1,1,0.0,4,1,wwii,6.99154023631406e-05,0.35279251707864995,0.0
axis,1,0,0,0,0,0,0,0,0,0,0,0,0,0,0,1,1,0.0,4,1,axis,6.99154023631406e-05,0.35279251707864995,0.06666666666666667
fascism,1,0,0,0,0,0,0,0,0,0,0,0,0,0,0,1,1,0.0,7,1,fascism,6.99154023631406e-05,0.35279251707864995,0.06666666666666667
minions,1,0,0,0,0,0,0,0,0,0,0,0,0,0,0,1,1,0.0,7,1,minions,6.99154023631406e-05,0.35279251707864995,0.06666666666666667
footing,1,1,0,0,0,0,0,0,0,0,0,0,0,0,0,1,1,0.0,7,1,footing,6.99154023631406e-05,0.35279251707864995,0.13333333333333333
imbalance,1,0,0,0,0,0,0,0,0,0,0,0,0,0,0,1,1,0.0,9,1,imbalance,6.99154023631406e-05,0.35279251707864995,0.06666666666666667
hard,1,0,1,1,0,0,0,0,0,0,0,0,0,0,0,1,1,0.0,4,1,hard,6.99154023631406e-05,0.35279251707864995,0.2
pacific,1,0,1,0,0,0,0,0,0,0,0,0,0,0,0,1,1,0.0,7,1,pacific,6.99154023631406e-05,0.35279251707864995,0.13333333333333333
subsoil,1,0,0,0,0,0,0,0,0,0,0,0,0,0,0,1,1,0.0,7,1,subsoil,6.99154023631406e-05,0.35279251707864995,0.06666666666666667
boundaries,1,0,0,0,0,0,0,0,0,0,0,0,0,0,0,1,1,0.0,10,1,boundaries,6.99154023631406e-05,0.35279251707864995,0.06666666666666667
indivisible,1,0,1,0,0,0,0,0,0,0,0,0,0,0,0,1,1,0.0,11,1,indivisible,6.99154023631406e-05,0.35279251707864995,0.13333333333333333
whole,1,0,1,1,0,0,0,0,0,0,0,0,0,0,0,1,1,0.0,5,1,whole,6.99154023631406e-05,0.35279251707864995,0.2
prerequisite,1,0,1,0,0,0,0,0,0,0,0,0,0,0,0,1,1,0.0,12,1,prerequisite,6.99154023631406e-05,0.35279251707864995,0.13333333333333333
act,1,1,0,0,0,0,0,0,0,0,0,0,0,0,0,1,1,0.0,3,1,act,6.99154023631406e-05,0.35279251707864995,0.13333333333333333
infringes,0,0,0,0,0,0,0,0,0,0,0,0,0,0,0,1,1,0.0,9,1,infringes,6.99154023631406e-05,0.35279251707864995,0.0
shall,0,0,0,0,0,0,0,0,0,1,0,0,0,0,0,1,1,0.0,5,1,shall,6.99154023631406e-05,0.35279251707864995,0.06666666666666667
contrary,1,0,1,1,0,0,0,0,0,0,0,0,0,0,0,1,1,0.0,8,1,contrary,6.99154023631406e-05,0.35279251707864995,0.2
devastated,0,1,1,0,0,0,0,0,0,0,0,0,0,0,0,1,1,0.0,10,1,devastated,6.99154023631406e-05,0.35279251707864995,0.13333333333333333
ruins,1,1,0,0,0,0,0,0,0,0,0,0,0,0,0,1,1,0.0,5,1,ruins,6.99154023631406e-05,0.35279251707864995,0.13333333333333333
violent,1,0,1,0,0,0,0,0,0,0,0,0,0,0,0,1,1,0.0,7,1,violent,6.99154023631406e-05,0.35279251707864995,0.13333333333333333
violation,1,0,0,0,0,0,0,0,0,0,0,0,0,0,0,1,1,0.0,9,1,violation,6.99154023631406e-05,0.35279251707864995,0.06666666666666667
norms,1,0,0,0,0,0,0,0,0,0,0,0,0,0,0,1,1,0.0,5,1,norms,6.99154023631406e-05,0.35279251707864995,0.06666666666666667
ranged,0,1,1,0,0,0,0,0,0,0,0,0,0,0,0,1,1,0.0,6,1,ranged,6.99154023631406e-05,0.35279251707864995,0.13333333333333333
sdi,0,0,0,0,0,0,0,0,0,0,0,0,0,0,0,1,1,0.0,3,1,sdi,6.99154023631406e-05,0.35279251707864995,0.0
gain,1,1,0,0,0,0,0,0,0,0,0,0,0,0,0,1,1,0.0,4,1,gain,6.99154023631406e-05,0.35279251707864995,0.13333333333333333
money,1,0,0,0,0,0,0,0,0,0,0,0,0,0,0,1,1,0.0,5,1,money,6.99154023631406e-05,0.35279251707864995,0.06666666666666667
disciplines,1,1,0,0,0,0,0,0,0,0,0,0,0,0,0,1,1,0.0,11,1,disciplines,6.99154023631406e-05,0.35279251707864995,0.13333333333333333
computer,1,0,0,0,0,0,0,0,0,0,0,0,0,0,0,1,1,0.0,8,1,computer,6.99154023631406e-05,0.35279251707864995,0.06666666666666667
whose,0,0,0,0,0,0,0,0,0,0,0,0,0,1,1,1,1,0.0,5,1,whose,6.99154023631406e-05,0.35279251707864995,0.13333333333333333
critical,1,0,1,0,0,0,0,0,0,0,0,0,0,0,0,1,1,0.0,8,1,critical,6.99154023631406e-05,0.35279251707864995,0.13333333333333333
devastation,1,0,0,0,0,0,0,0,0,0,0,0,0,0,0,1,1,0.0,11,1,devastation,6.99154023631406e-05,0.35279251707864995,0.06666666666666667
famous,0,0,1,0,0,0,0,0,0,0,0,0,0,0,0,1,1,0.0,6,1,famous,6.99154023631406e-05,0.35279251707864995,0.06666666666666667
networks,1,1,0,0,0,0,0,0,0,0,0,0,0,0,0,1,1,0.0,8,1,networks,6.99154023631406e-05,0.35279251707864995,0.13333333333333333
cambridge,1,0,0,0,0,0,0,0,0,0,0,0,0,0,0,1,1,0.0,9,1,cambridge,6.99154023631406e-05,0.35279251707864995,0.06666666666666667
lurking,0,1,1,0,0,0,0,0,0,0,0,0,0,0,0,1,1,0.0,7,1,lurking,6.99154023631406e-05,0.35279251707864995,0.13333333333333333
agencies,1,0,0,0,0,0,0,0,0,0,0,0,0,0,0,1,1,0.0,8,1,agencies,6.99154023631406e-05,0.35279251707864995,0.06666666666666667
opposing,0,1,1,0,0,0,0,0,0,0,0,0,0,0,0,1,1,0.0,8,1,opposing,6.99154023631406e-05,0.35279251707864995,0.13333333333333333
side's,0,0,0,0,0,0,0,0,0,0,0,0,0,0,0,1,1,0.0,6,1,side's,6.99154023631406e-05,0.35279251707864995,0.0
tests,1,1,0,0,0,0,0,0,0,0,0,0,0,0,0,1,1,0.0,5,1,tests,6.99154023631406e-05,0.35279251707864995,0.13333333333333333
agents,1,0,0,0,0,0,0,0,0,0,0,0,0,0,0,1,1,0.0,6,1,agents,6.99154023631406e-05,0.35279251707864995,0.06666666666666667
operating,0,1,1,0,0,0,0,0,0,0,0,0,0,0,0,1,1,0.0,9,1,operating,6.99154023631406e-05,0.35279251707864995,0.13333333333333333
collecting,0,1,0,0,0,0,0,0,0,0,0,0,0,0,0,1,1,0.0,10,1,collecting,6.99154023631406e-05,0.35279251707864995,0.06666666666666667
obtained,0,1,0,0,0,0,0,0,0,0,0,0,0,0,0,1,1,0.0,8,1,obtained,6.99154023631406e-05,0.35279251707864995,0.06666666666666667
espionage,1,0,0,0,0,0,0,0,0,0,0,0,0,0,0,1,1,0.0,9,1,espionage,6.99154023631406e-05,0.35279251707864995,0.06666666666666667
decisions,0,0,0,0,0,0,0,0,0,0,0,0,0,0,0,1,1,0.0,9,1,decisions,6.99154023631406e-05,0.35279251707864995,0.0
operatives,1,0,0,0,0,0,0,0,0,0,0,0,0,0,0,1,1,0.0,10,1,operatives,6.99154023631406e-05,0.35279251707864995,0.06666666666666667
infiltrate,0,1,0,0,0,0,0,0,0,0,0,0,0,0,0,1,1,0.0,10,1,infiltrate,6.99154023631406e-05,0.35279251707864995,0.06666666666666667
follow,0,1,0,0,0,0,0,0,0,0,0,0,0,0,0,1,1,0.0,6,1,follow,6.99154023631406e-05,0.35279251707864995,0.06666666666666667
cyber,0,0,0,0,0,0,0,0,0,0,0,0,0,0,0,1,1,0.0,5,1,cyber,6.99154023631406e-05,0.35279251707864995,0.0
settling,1,1,0,0,0,0,0,0,0,0,0,0,0,0,0,1,1,0.0,8,1,settling,6.99154023631406e-05,0.35279251707864995,0.13333333333333333
show,1,1,0,0,0,0,0,0,0,0,0,0,0,0,0,1,1,0.0,4,1,show,6.99154023631406e-05,0.35279251707864995,0.13333333333333333
happy,0,0,1,0,0,0,0,0,0,0,0,0,0,0,0,1,1,0.0,5,1,happy,6.99154023631406e-05,0.35279251707864995,0.06666666666666667
sense,1,1,0,0,0,0,0,0,0,0,0,0,0,0,0,1,1,0.0,5,1,sense,6.99154023631406e-05,0.35279251707864995,0.13333333333333333
produced,0,1,1,0,0,0,0,0,0,0,0,0,0,0,0,1,1,0.0,8,1,produced,6.99154023631406e-05,0.35279251707864995,0.13333333333333333
confidential,0,0,1,0,0,0,0,0,0,0,0,0,0,0,0,1,1,0.0,12,1,confidential,6.99154023631406e-05,0.35279251707864995,0.06666666666666667
accelerates,0,1,0,0,0,0,0,0,0,0,0,0,0,0,0,1,1,0.0,11,1,accelerates,6.99154023631406e-05,0.35279251707864995,0.06666666666666667
review,1,1,1,0,0,0,0,0,0,0,0,0,0,0,0,1,1,0.0,6,1,review,6.99154023631406e-05,0.35279251707864995,0.2
unprecedented,0,0,1,0,0,0,0,0,0,0,0,0,0,0,0,1,1,0.0,13,1,unprecedented,6.99154023631406e-05,0.35279251707864995,0.06666666666666667
involving,0,1,0,0,0,0,0,0,0,0,0,0,0,0,0,1,1,0.0,9,1,involving,6.99154023631406e-05,0.35279251707864995,0.06666666666666667
billion,1,0,1,0,0,0,0,0,0,0,0,0,0,0,0,1,1,0.0,7,1,billion,6.99154023631406e-05,0.35279251707864995,0.13333333333333333
embodies,0,1,0,0,0,0,0,0,0,0,0,0,0,0,0,1,1,0.0,8,1,embodies,6.99154023631406e-05,0.35279251707864995,0.06666666666666667
autonomy,1,0,0,0,0,0,0,0,0,0,0,0,0,0,0,1,1,0.0,8,1,autonomy,6.99154023631406e-05,0.35279251707864995,0.06666666666666667
equality,1,0,0,0,0,0,0,0,0,0,0,0,0,0,0,1,1,0.0,8,1,equality,6.99154023631406e-05,0.35279251707864995,0.06666666666666667
prosperity,1,0,0,0,0,0,0,0,0,0,0,0,0,0,0,1,1,0.0,10,1,prosperity,6.99154023631406e-05,0.35279251707864995,0.06666666666666667
opposes,0,1,0,0,0,0,0,0,0,0,0,0,0,0,0,1,1,0.0,7,1,opposes,6.99154023631406e-05,0.35279251707864995,0.06666666666666667
behavior,1,0,0,0,0,0,0,0,0,0,0,0,0,0,0,1,1,0.0,8,1,behavior,6.99154023631406e-05,0.35279251707864995,0.06666666666666667
weak,0,0,1,0,0,0,0,0,0,0,0,0,0,0,0,1,1,0.0,4,1,weak,6.99154023631406e-05,0.35279251707864995,0.06666666666666667
friendly,1,0,1,0,0,0,0,0,0,0,0,0,0,0,0,1,1,0.0,8,1,friendly,6.99154023631406e-05,0.35279251707864995,0.13333333333333333
favorable,0,0,1,0,0,0,0,0,0,0,0,0,0,0,0,1,1,0.0,9,1,favorable,6.99154023631406e-05,0.35279251707864995,0.06666666666666667
birth,1,0,0,0,0,0,0,0,0,0,0,0,0,0,0,1,1,0.0,5,1,birth,6.99154023631406e-05,0.35279251707864995,0.06666666666666667
purposes,1,1,0,0,0,0,0,0,0,0,0,0,0,0,0,1,1,0.0,8,1,purposes,6.99154023631406e-05,0.35279251707864995,0.13333333333333333
loose,1,0,1,1,0,0,0,0,0,0,0,0,0,0,0,1,1,0.0,5,1,loose,6.99154023631406e-05,0.35279251707864995,0.2
want,0,1,0,0,0,0,0,0,0,0,0,0,0,0,0,1,1,0.0,4,1,want,6.99154023631406e-05,0.35279251707864995,0.06666666666666667
get,1,1,0,0,0,0,0,0,0,0,0,0,0,0,0,1,1,0.0,3,1,get,6.99154023631406e-05,0.35279251707864995,0.13333333333333333
whirlpool,1,0,0,0,0,0,0,0,0,0,0,0,0,0,0,1,1,0.0,9,1,whirlpool,6.99154023631406e-05,0.35279251707864995,0.06666666666666667
yugoslav,1,0,1,0,0,0,0,0,0,0,0,0,0,0,0,1,1,0.0,8,1,yugoslav,6.99154023631406e-05,0.35279251707864995,0.13333333333333333
coexist,0,1,0,0,0,0,0,0,0,0,0,0,0,0,0,1,1,0.0,7,1,coexist,6.99154023631406e-05,0.35279251707864995,0.06666666666666667
interact,1,1,0,0,0,0,0,0,0,0,0,0,0,0,0,1,1,0.0,8,1,interact,6.99154023631406e-05,0.35279251707864995,0.13333333333333333
themselves,0,0,0,0,0,0,0,0,0,0,0,0,0,0,1,1,1,0.0,10,1,themselves,6.99154023631406e-05,0.35279251707864995,0.06666666666666667
tito,1,0,0,0,0,0,0,0,0,0,0,0,0,0,0,1,1,0.0,4,1,tito,6.99154023631406e-05,0.35279251707864995,0.06666666666666667
egyptian,1,0,1,0,0,0,0,0,0,0,0,0,0,0,0,1,1,0.0,8,1,egyptian,6.99154023631406e-05,0.35279251707864995,0.13333333333333333
nasser,1,0,0,0,0,0,0,0,0,0,0,0,0,0,0,1,1,0.0,6,1,nasser,6.99154023631406e-05,0.35279251707864995,0.06666666666666667
jawaharlal,0,0,0,0,0,0,0,0,0,0,0,0,0,0,0,1,1,0.0,10,1,jawaharlal,6.99154023631406e-05,0.35279251707864995,0.0
nehru,1,0,0,0,0,0,0,0,0,0,0,0,0,0,0,1,1,0.0,5,1,nehru,6.99154023631406e-05,0.35279251707864995,0.06666666666666667
propagate,0,1,0,0,0,0,0,0,0,0,0,0,0,0,0,1,1,0.0,9,1,propagate,6.99154023631406e-05,0.35279251707864995,0.06666666666666667
dialogue,1,0,0,0,0,0,0,0,0,0,0,0,0,0,0,1,1,0.0,8,1,dialogue,6.99154023631406e-05,0.35279251707864995,0.06666666666666667
harmonious,0,0,1,0,0,0,0,0,0,0,0,0,0,0,0,1,1,0.0,10,1,harmonious,6.99154023631406e-05,0.35279251707864995,0.06666666666666667
satellite,1,1,1,0,0,0,0,0,0,0,0,0,0,0,0,1,1,0.0,9,1,satellite,6.99154023631406e-05,0.35279251707864995,0.2
know,1,1,0,0,0,0,0,0,0,0,0,0,0,0,0,1,1,0.0,4,1,know,6.99154023631406e-05,0.35279251707864995,0.13333333333333333
silos,1,0,0,0,0,0,0,0,0,0,0,0,0,0,0,1,1,0.0,5,1,silos,6.99154023631406e-05,0.35279251707864995,0.06666666666666667
monitored,0,0,0,0,0,0,0,0,0,0,0,0,0,0,0,1,1,0.0,9,1,monitored,6.99154023631406e-05,0.35279251707864995,0.0
installations,1,0,0,0,0,0,0,0,0,0,0,0,0,0,0,1,1,0.0,13,1,installations,6.99154023631406e-05,0.35279251707864995,0.06666666666666667
layouts,1,0,0,0,0,0,0,0,0,0,0,0,0,0,0,1,1,0.0,7,1,layouts,6.99154023631406e-05,0.35279251707864995,0.06666666666666667
every,0,0,1,0,0,0,0,0,0,0,0,0,1,0,0,1,1,0.0,5,1,every,6.99154023631406e-05,0.35279251707864995,0.13333333333333333
arbitrary,1,0,1,0,0,0,0,0,0,0,0,0,0,0,0,1,1,0.0,9,1,arbitrary,6.99154023631406e-05,0.35279251707864995,0.13333333333333333
smaller,0,0,1,0,0,0,0,0,0,0,0,0,0,0,0,1,1,0.0,7,1,smaller,6.99154023631406e-05,0.35279251707864995,0.06666666666666667
controlled,0,1,1,0,0,0,0,0,0,0,0,0,0,0,0,1,1,0.0,10,1,controlled,6.99154023631406e-05,0.35279251707864995,0.13333333333333333
varying,0,1,1,0,0,0,0,0,0,0,0,0,0,0,0,1,1,0.0,7,1,varying,6.99154023631406e-05,0.35279251707864995,0.13333333333333333
degrees,1,0,0,0,0,0,0,0,0,0,0,0,0,0,0,1,1,0.0,7,1,degrees,6.99154023631406e-05,0.35279251707864995,0.06666666666666667
driven,0,1,1,0,0,0,0,0,0,0,0,0,0,0,0,1,1,0.0,6,1,driven,6.99154023631406e-05,0.35279251707864995,0.13333333333333333
seeks,0,1,0,0,0,0,0,0,0,0,0,0,0,0,0,1,1,0.0,5,1,seeks,6.99154023631406e-05,0.35279251707864995,0.06666666666666667
unipolar,0,0,1,0,0,0,0,0,0,0,0,0,0,0,0,1,1,0.0,8,1,unipolar,6.99154023631406e-05,0.35279251707864995,0.06666666666666667
adopts,0,1,0,0,0,0,0,0,0,0,0,0,0,0,0,1,1,0.0,6,1,adopts,6.99154023631406e-05,0.35279251707864995,0.06666666666666667
do,1,1,0,0,1,0,0,0,0,0,0,0,0,0,0,1,1,0.0,2,1,do,6.99154023631406e-05,0.35279251707864995,0.2
decide,0,1,0,0,0,0,0,0,0,0,0,0,0,0,0,1,1,0.0,6,1,decide,6.99154023631406e-05,0.35279251707864995,0.06666666666666667
actions,1,1,0,0,0,0,0,0,0,0,0,0,0,0,0,1,1,0.0,7,1,actions,6.99154023631406e-05,0.35279251707864995,0.13333333333333333
according,0,1,1,0,0,0,0,0,0,0,0,0,0,0,0,1,1,0.0,9,1,according,6.99154023631406e-05,0.35279251707864995,0.13333333333333333
judgments,1,0,0,0,0,0,0,0,0,0,0,0,0,0,0,1,1,0.0,9,1,judgments,6.99154023631406e-05,0.35279251707864995,0.06666666666666667
predicted,0,1,1,0,0,0,0,0,0,0,0,0,0,0,0,1,1,0.0,9,1,predicted,6.99154023631406e-05,0.35279251707864995,0.13333333333333333
declining,0,1,1,0,0,0,0,0,0,0,0,0,0,0,0,1,1,0.0,9,1,declining,6.99154023631406e-05,0.35279251707864995,0.13333333333333333
strongest,0,0,0,0,0,0,0,0,0,0,0,0,0,0,0,1,1,0.0,9,1,strongest,6.99154023631406e-05,0.35279251707864995,0.0
nam,0,0,0,0,0,0,0,0,0,0,0,0,0,0,0,1,1,0.0,3,1,nam,6.99154023631406e-05,0.35279251707864995,0.0
given,1,1,1,0,0,0,0,0,0,0,0,0,0,0,0,1,1,0.0,5,1,given,6.99154023631406e-05,0.35279251707864995,0.2
resolutely,0,0,0,1,0,0,0,0,0,0,0,0,0,0,0,1,1,0.0,10,1,resolutely,6.99154023631406e-05,0.35279251707864995,0.06666666666666667
getting,1,1,0,0,0,0,0,0,0,0,0,0,0,0,0,1,1,0.0,7,1,getting,6.99154023631406e-05,0.35279251707864995,0.13333333333333333
confrontations,1,0,0,0,0,0,0,0,0,0,0,0,0,0,0,1,1,0.0,14,1,confrontations,6.99154023631406e-05,0.35279251707864995,0.06666666666666667
advocate,1,0,0,0,0,0,0,0,0,0,0,0,0,0,0,1,1,0.0,8,1,advocate,6.99154023631406e-05,0.35279251707864995,0.06666666666666667
treat,1,1,0,0,0,0,0,0,0,0,0,0,0,0,0,1,1,0.0,5,1,treat,6.99154023631406e-05,0.35279251707864995,0.13333333333333333
equals,1,1,0,0,0,0,0,0,0,0,0,0,0,0,0,1,1,0.0,6,1,equals,6.99154023631406e-05,0.35279251707864995,0.13333333333333333
constraint,1,0,0,0,0,0,0,0,0,0,0,0,0,0,0,1,1,0.0,10,1,constraint,6.99154023631406e-05,0.35279251707864995,0.06666666666666667
assertion,1,0,0,0,0,0,0,0,0,0,0,0,0,0,0,1,1,0.0,9,1,assertion,6.99154023631406e-05,0.35279251707864995,0.06666666666666667
mao,1,0,0,0,0,0,0,0,0,0,0,0,0,0,0,1,1,0.0,3,1,mao,6.99154023631406e-05,0.35279251707864995,0.06666666666666667
zedong's,0,0,0,0,0,0,0,0,0,0,0,0,0,0,0,1,1,0.0,8,1,zedong's,6.99154023631406e-05,0.35279251707864995,0.0
fixed,0,1,1,0,0,0,0,0,0,0,0,0,0,0,0,1,1,0.0,5,1,fixed,6.99154023631406e-05,0.35279251707864995,0.13333333333333333
cooperate,0,0,0,0,0,0,0,0,0,0,0,0,0,0,0,1,1,0.0,9,1,cooperate,6.99154023631406e-05,0.35279251707864995,0.0
flexible,1,0,1,0,0,0,0,0,0,0,0,0,0,0,0,1,1,0.0,8,1,flexible,6.99154023631406e-05,0.35279251707864995,0.13333333333333333
diverse,0,0,1,0,0,0,0,0,0,0,0,0,0,0,0,1,1,0.0,7,1,diverse,6.99154023631406e-05,0.35279251707864995,0.06666666666666667
faith,1,0,0,0,0,0,0,0,0,0,0,0,0,0,0,1,1,0.0,5,1,faith,6.99154023631406e-05,0.35279251707864995,0.06666666666666667
depicting,1,0,0,0,0,0,0,0,0,0,0,0,0,0,0,1,1,0.0,9,1,depicting,6.99154023631406e-05,0.35279251707864995,0.06666666666666667
affluent,1,0,1,0,0,0,0,0,0,0,0,0,0,0,0,1,1,0.0,8,1,affluent,6.99154023631406e-05,0.35279251707864995,0.13333333333333333
producing,0,1,0,0,0,0,0,0,0,0,0,0,0,0,0,1,1,0.0,9,1,producing,6.99154023631406e-05,0.35279251707864995,0.06666666666666667
becoming,1,1,1,0,0,0,0,0,0,0,0,0,0,0,0,1,1,0.0,8,1,becoming,6.99154023631406e-05,0.35279251707864995,0.2
vigor,1,0,0,0,0,0,0,0,0,0,0,0,0,0,0,1,1,0.0,5,1,vigor,6.99154023631406e-05,0.35279251707864995,0.06666666666666667
african,1,0,1,0,0,0,0,0,0,0,0,0,0,0,0,1,1,0.0,7,1,african,6.99154023631406e-05,0.35279251707864995,0.13333333333333333
gained,0,1,0,0,0,0,0,0,0,0,0,0,0,0,0,1,1,0.0,6,1,gained,6.99154023631406e-05,0.35279251707864995,0.06666666666666667
join,1,1,0,0,0,0,0,0,0,0,0,0,0,0,0,1,1,0.0,4,1,join,6.99154023631406e-05,0.35279251707864995,0.13333333333333333
jeopardized,0,0,0,0,0,0,0,0,0,0,0,0,0,0,0,1,1,0.0,11,1,jeopardized,6.99154023631406e-05,0.35279251707864995,0.0
cosmos,1,0,0,0,0,0,0,0,0,0,0,0,0,0,0,1,1,0.0,6,1,cosmos,6.99154023631406e-05,0.35279251707864995,0.06666666666666667
gathering,1,0,1,0,0,0,0,0,0,0,0,0,0,0,0,1,1,0.0,9,1,gathering,6.99154023631406e-05,0.35279251707864995,0.13333333333333333
keyhole,1,0,0,0,0,0,0,0,0,0,0,0,0,0,0,1,1,0.0,7,1,keyhole,6.99154023631406e-05,0.35279251707864995,0.06666666666666667
active,1,0,1,0,0,0,0,0,0,0,0,0,0,0,0,1,1,0.0,6,1,active,6.99154023631406e-05,0.35279251707864995,0.13333333333333333
engagement,1,0,0,0,0,0,0,0,0,0,0,0,0,0,0,1,1,0.0,10,1,engagement,6.99154023631406e-05,0.35279251707864995,0.06666666666666667
suggestive,0,0,1,0,0,0,0,0,0,0,0,0,0,0,0,1,1,0.0,10,1,suggestive,6.99154023631406e-05,0.35279251707864995,0.06666666666666667
escalating,0,1,0,0,0,0,0,0,0,0,0,0,0,0,0,1,1,0.0,10,1,escalating,6.99154023631406e-05,0.35279251707864995,0.06666666666666667
pact's,0,0,0,0,0,0,0,0,0,0,0,0,0,0,0,1,1,0.0,6,1,pact's,6.99154023631406e-05,0.35279251707864995,0.0
outlook,1,0,0,0,0,0,0,0,0,0,0,0,0,0,0,1,1,0.0,7,1,outlook,6.99154023631406e-05,0.35279251707864995,0.06666666666666667
spiritual,1,0,1,0,0,0,0,0,0,0,0,0,0,0,0,1,1,0.0,9,1,spiritual,6.99154023631406e-05,0.35279251707864995,0.13333333333333333
showcased,0,0,0,0,0,0,0,0,0,0,0,0,0,0,0,1,1,0.0,9,1,showcased,6.99154023631406e-05,0.35279251707864995,0.0
canada,1,0,0,0,0,0,0,0,0,0,0,0,0,0,0,1,1,0.0,6,1,canada,6.99154023631406e-05,0.35279251707864995,0.06666666666666667
founded,0,1,1,0,0,0,0,0,0,0,0,0,0,0,0,1,1,0.0,7,1,founded,6.99154023631406e-05,0.35279251707864995,0.13333333333333333
federal,1,0,1,0,0,0,0,0,0,0,0,0,0,0,0,1,1,0.0,7,1,federal,6.99154023631406e-05,0.35279251707864995,0.13333333333333333
multipolarity,0,0,0,0,0,0,0,0,0,0,0,0,0,0,0,1,1,0.0,13,1,multipolarity,6.99154023631406e-05,0.35279251707864995,0.0
creating,0,1,0,0,0,0,0,0,0,0,0,0,0,0,0,1,1,0.0,8,1,creating,6.99154023631406e-05,0.35279251707864995,0.06666666666666667
interlinked,0,0,0,0,0,0,0,0,0,0,0,0,0,0,0,1,1,0.0,11,1,interlinked,6.99154023631406e-05,0.35279251707864995,0.0
ongoing,1,0,1,0,0,0,0,0,0,0,0,0,0,0,0,1,1,0.0,7,1,ongoing,6.99154023631406e-05,0.35279251707864995,0.13333333333333333
legacy,1,0,0,0,0,0,0,0,0,0,0,0,0,0,0,1,1,0.0,6,1,legacy,6.99154023631406e-05,0.35279251707864995,0.06666666666666667
continuation,1,0,0,0,0,0,0,0,0,0,0,0,0,0,0,1,1,0.0,12,1,continuation,6.99154023631406e-05,0.35279251707864995,0.06666666666666667
differentiation,1,0,0,0,0,0,0,0,0,0,0,0,0,0,0,1,1,0.0,15,1,differentiation,6.99154023631406e-05,0.35279251707864995,0.06666666666666667
reorganization,1,0,0,0,0,0,0,0,0,0,0,0,0,0,0,1,1,0.0,14,1,reorganization,6.99154023631406e-05,0.35279251707864995,0.06666666666666667
oppressed,0,1,1,0,0,0,0,0,0,0,0,0,0,0,0,1,1,0.0,9,1,oppressed,6.99154023631406e-05,0.35279251707864995,0.13333333333333333
exploited,0,1,1,0,0,0,0,0,0,0,0,0,0,0,0,1,1,0.0,9,1,exploited,6.99154023631406e-05,0.35279251707864995,0.13333333333333333
colonialism,1,0,1,0,0,0,0,0,0,0,0,0,0,0,0,1,1,0.0,11,1,colonialism,6.99154023631406e-05,0.35279251707864995,0.13333333333333333
outcome,1,0,0,0,0,0,0,0,0,0,0,0,0,0,0,1,1,0.0,7,1,outcome,6.99154023631406e-05,0.35279251707864995,0.06666666666666667
pursue,0,1,0,0,0,0,0,0,0,0,0,0,0,0,0,1,1,0.0,6,1,pursue,6.99154023631406e-05,0.35279251707864995,0.06666666666666667
building,1,1,1,0,0,0,0,0,0,0,0,0,0,0,0,1,1,0.0,8,1,building,6.99154023631406e-05,0.35279251707864995,0.2
regards,1,1,0,0,0,0,0,0,0,0,0,0,0,0,0,1,1,0.0,7,1,regards,6.99154023631406e-05,0.35279251707864995,0.13333333333333333
one's,0,0,0,0,0,0,0,0,0,0,0,0,0,0,0,1,1,0.0,5,1,one's,6.99154023631406e-05,0.35279251707864995,0.0
driving,1,1,1,0,0,0,0,0,0,0,0,0,0,0,0,1,1,0.0,7,1,driving,6.99154023631406e-05,0.35279251707864995,0.2
pushes,1,1,0,0,0,0,0,0,0,0,0,0,0,0,0,1,1,0.0,6,1,pushes,6.99154023631406e-05,0.35279251707864995,0.13333333333333333
concise,0,0,1,0,0,0,0,0,0,0,0,0,0,0,0,1,1,0.0,7,1,concise,6.99154023631406e-05,0.35279251707864995,0.06666666666666667
tendency,1,0,0,0,0,0,0,0,0,0,0,0,0,0,0,1,1,0.0,8,1,tendency,6.99154023631406e-05,0.35279251707864995,0.06666666666666667
vast,1,0,1,0,0,0,0,0,0,0,0,0,0,0,0,1,1,0.0,4,1,vast,6.99154023631406e-05,0.35279251707864995,0.13333333333333333
territories,1,0,0,0,0,0,0,0,0,0,0,0,0,0,0,1,1,0.0,11,1,territories,6.99154023631406e-05,0.35279251707864995,0.06666666666666667
populations,1,0,0,0,0,0,0,0,0,0,0,0,0,0,0,1,1,0.0,11,1,populations,6.99154023631406e-05,0.35279251707864995,0.06666666666666667
abundant,0,0,1,0,0,0,0,0,0,0,0,0,0,0,0,1,1,0.0,8,1,abundant,6.99154023631406e-05,0.35279251707864995,0.06666666666666667
interrelationship,1,0,0,0,0,0,0,0,0,0,0,0,0,0,0,1,1,0.0,17,1,interrelationship,6.99154023631406e-05,0.35279251707864995,0.06666666666666667
analyzing,0,1,0,0,0,0,0,0,0,0,0,0,0,0,0,1,1,0.0,9,1,analyzing,6.99154023631406e-05,0.35279251707864995,0.06666666666666667
stresses,0,1,0,0,0,0,0,0,0,0,0,0,0,0,0,1,1,0.0,8,1,stresses,6.99154023631406e-05,0.35279251707864995,0.06666666666666667
nature,1,0,0,0,0,0,0,0,0,0,0,0,0,0,0,1,1,0.0,6,1,nature,6.99154023631406e-05,0.35279251707864995,0.06666666666666667
imperialism,1,0,0,0,0,0,0,0,0,0,0,0,0,0,0,1,1,0.0,11,1,imperialism,6.99154023631406e-05,0.35279251707864995,0.06666666666666667
backward,0,0,1,1,0,0,0,0,0,0,0,0,0,0,0,1,1,0.0,8,1,backward,6.99154023631406e-05,0.35279251707864995,0.13333333333333333
gaining,0,1,0,0,0,0,0,0,0,0,0,0,0,0,0,1,1,0.0,7,1,gaining,6.99154023631406e-05,0.35279251707864995,0.06666666666666667
consolidating,0,1,0,0,0,0,0,0,0,0,0,0,0,0,0,1,1,0.0,13,1,consolidating,6.99154023631406e-05,0.35279251707864995,0.06666666666666667
viewing,1,1,0,0,0,0,0,0,0,0,0,0,0,0,0,1,1,0.0,7,1,viewing,6.99154023631406e-05,0.35279251707864995,0.13333333333333333
sees,1,1,0,0,0,0,0,0,0,0,0,0,0,0,0,1,1,0.0,4,1,sees,6.99154023631406e-05,0.35279251707864995,0.13333333333333333
zero,1,1,1,0,0,0,0,0,0,0,0,0,0,0,0,1,1,0.0,4,1,zero,6.99154023631406e-05,0.35279251707864995,0.2
sum,1,0,0,0,0,0,0,0,0,0,0,0,0,0,0,1,1,0.0,3,1,sum,6.99154023631406e-05,0.35279251707864995,0.06666666666666667
where,0,0,0,1,0,0,1,0,0,0,0,0,0,0,0,1,1,0.0,5,1,where,6.99154023631406e-05,0.35279251707864995,0.13333333333333333
enabling,0,1,1,0,0,0,0,0,0,0,0,0,0,0,0,1,1,0.0,8,1,enabling,6.99154023631406e-05,0.35279251707864995,0.13333333333333333
clearly,0,0,0,1,0,0,0,0,0,0,0,0,0,0,0,1,1,0.0,7,1,clearly,6.99154023631406e-05,0.35279251707864995,0.06666666666666667
understand,0,1,0,0,0,0,0,0,0,0,0,0,0,0,0,1,1,0.0,10,1,understand,6.99154023631406e-05,0.35279251707864995,0.06666666666666667
months,1,0,0,0,0,0,0,0,0,0,0,0,0,0,0,1,1,0.0,6,1,months,6.99154023631406e-05,0.35279251707864995,0.06666666666666667
dissolved,0,1,1,0,0,0,0,0,0,0,0,0,0,0,0,1,1,0.0,9,1,dissolved,6.99154023631406e-05,0.35279251707864995,0.13333333333333333
reorganized,0,1,1,0,0,0,0,0,0,0,0,0,0,0,0,1,1,0.0,11,1,reorganized,6.99154023631406e-05,0.35279251707864995,0.13333333333333333
frameworks,1,0,0,0,0,0,0,0,0,0,0,0,0,0,0,1,1,0.0,10,1,frameworks,6.99154023631406e-05,0.35279251707864995,0.06666666666666667
partnerships,1,0,0,0,0,0,0,0,0,0,0,0,0,0,0,1,1,0.0,12,1,partnerships,6.99154023631406e-05,0.35279251707864995,0.06666666666666667
shed,1,1,1,0,0,0,0,0,0,0,0,0,0,0,0,1,1,0.0,4,1,shed,6.99154023631406e-05,0.35279251707864995,0.2
breakup,1,0,0,0,0,0,0,0,0,0,0,0,0,0,0,1,1,0.0,7,1,breakup,6.99154023631406e-05,0.35279251707864995,0.06666666666666667
yugoslavia,1,0,0,0,0,0,0,0,0,0,0,0,0,0,0,1,1,0.0,10,1,yugoslavia,6.99154023631406e-05,0.35279251707864995,0.06666666666666667
firmly,0,0,0,1,0,0,0,0,0,0,0,0,0,0,0,1,1,0.0,6,1,firmly,6.99154023631406e-05,0.35279251707864995,0.06666666666666667
believe,0,1,0,0,0,0,0,0,0,0,0,0,0,0,0,1,1,0.0,7,1,believe,6.99154023631406e-05,0.35279251707864995,0.06666666666666667
possibility,1,0,0,0,0,0,0,0,0,0,0,0,0,0,0,1,1,0.0,11,1,possibility,6.99154023631406e-05,0.35279251707864995,0.06666666666666667
dealing,1,1,0,0,0,0,0,0,0,0,0,0,0,0,0,1,1,0.0,7,1,dealing,6.99154023631406e-05,0.35279251707864995,0.13333333333333333
dollar,1,0,0,0,0,0,0,0,0,0,0,0,0,0,0,1,1,0.0,6,1,dollar,6.99154023631406e-05,0.35279251707864995,0.06666666666666667
governments,0,0,0,0,0,0,0,0,0,0,0,0,0,0,0,1,1,0.0,11,1,governments,6.99154023631406e-05,0.35279251707864995,0.0
requesting,0,1,0,0,0,0,0,0,0,0,0,0,0,0,0,1,1,0.0,10,1,requesting,6.99154023631406e-05,0.35279251707864995,0.06666666666666667
six,1,0,1,0,0,0,0,0,0,0,0,0,0,0,0,1,1,0.0,3,1,six,6.99154023631406e-05,0.35279251707864995,0.13333333333333333
sacrifice,1,1,0,0,0,0,0,0,0,0,0,0,0,0,0,1,1,0.0,9,1,sacrifice,6.99154023631406e-05,0.35279251707864995,0.13333333333333333
facilitating,0,1,0,0,0,0,0,0,0,0,0,0,0,0,0,1,1,0.0,12,1,facilitating,6.99154023631406e-05,0.35279251707864995,0.06666666666666667
india,1,0,0,0,0,0,0,0,0,0,0,0,0,0,0,1,1,0.0,5,1,india,6.99154023631406e-05,0.35279251707864995,0.06666666666666667
boosted,0,1,0,0,0,0,0,0,0,0,0,0,0,0,0,1,1,0.0,7,1,boosted,6.99154023631406e-05,0.35279251707864995,0.06666666666666667
necessarily,0,0,0,1,0,0,0,0,0,0,0,0,0,0,0,1,1,0.0,11,1,necessarily,6.99154023631406e-05,0.35279251707864995,0.06666666666666667
loses,0,1,0,0,0,0,0,0,0,0,0,0,0,0,0,1,1,0.0,5,1,loses,6.99154023631406e-05,0.35279251707864995,0.06666666666666667
true,1,1,1,1,0,0,0,0,0,0,0,0,0,0,0,1,1,0.0,4,1,true,6.99154023631406e-05,0.35279251707864995,0.26666666666666666
we,0,0,0,0,0,0,0,0,0,0,0,0,0,0,1,1,1,0.0,2,1,we,6.99154023631406e-05,0.35279251707864995,0.06666666666666667
escalation,1,0,0,0,0,0,0,0,0,0,0,0,0,0,0,1,1,0.0,10,1,escalation,6.99154023631406e-05,0.35279251707864995,0.06666666666666667
ignores,0,1,0,0,0,0,0,0,0,0,0,0,0,0,0,1,1,0.0,7,1,ignores,6.99154023631406e-05,0.35279251707864995,0.06666666666666667
distribution,1,0,0,0,0,0,0,0,0,0,0,0,0,0,0,1,1,0.0,12,1,distribution,6.99154023631406e-05,0.35279251707864995,0.06666666666666667
challengers,1,0,0,0,0,0,0,0,0,0,0,0,0,0,0,1,1,0.0,11,1,challengers,6.99154023631406e-05,0.35279251707864995,0.06666666666666667
competitors,1,0,0,0,0,0,0,0,0,0,0,0,0,0,0,1,1,0.0,11,1,competitors,6.99154023631406e-05,0.35279251707864995,0.06666666666666667
subject,1,1,1,1,0,0,0,0,0,0,0,0,0,0,0,1,1,0.0,7,1,subject,6.99154023631406e-05,0.35279251707864995,0.26666666666666666
origin,1,0,0,0,0,0,0,0,0,0,0,0,0,0,0,1,1,0.0,6,1,origin,6.99154023631406e-05,0.35279251707864995,0.06666666666666667
often,0,0,1,1,0,0,0,0,0,0,0,0,0,0,0,1,1,0.0,5,1,often,6.99154023631406e-05,0.35279251707864995,0.13333333333333333
confronted,0,1,0,0,0,0,0,0,0,0,0,0,0,0,0,1,1,0.0,10,1,confronted,6.99154023631406e-05,0.35279251707864995,0.06666666666666667
influential,1,0,1,0,0,0,0,0,0,0,0,0,0,0,0,1,1,0.0,11,1,influential,6.99154023631406e-05,0.35279251707864995,0.13333333333333333
voa,0,0,0,0,0,0,0,0,0,0,0,0,0,0,0,1,1,0.0,3,1,voa,6.99154023631406e-05,0.35279251707864995,0.0
moscow,1,0,0,0,0,0,0,0,0,0,0,0,0,0,0,1,1,0.0,6,1,moscow,6.99154023631406e-05,0.35279251707864995,0.06666666666666667
tools,1,1,0,0,0,0,0,0,0,0,0,0,0,0,0,1,1,0.0,5,1,tools,6.99154023631406e-05,0.35279251707864995,0.13333333333333333
consultative,0,0,1,0,0,0,0,0,0,0,0,0,0,0,0,1,1,0.0,12,1,consultative,6.99154023631406e-05,0.35279251707864995,0.06666666666666667
committee,1,0,0,0,0,0,0,0,0,0,0,0,0,0,0,1,1,0.0,9,1,committee,6.99154023631406e-05,0.35279251707864995,0.06666666666666667
abolish,0,1,0,0,0,0,0,0,0,0,0,0,0,0,0,1,1,0.0,7,1,abolish,6.99154023631406e-05,0.35279251707864995,0.06666666666666667
distributing,0,1,0,0,0,0,0,0,0,0,0,0,0,0,0,1,1,0.0,12,1,distributing,6.99154023631406e-05,0.35279251707864995,0.06666666666666667
broadcasts,1,1,0,0,0,0,0,0,0,0,0,0,0,0,0,1,1,0.0,10,1,broadcasts,6.99154023631406e-05,0.35279251707864995,0.13333333333333333
languages,0,0,0,0,0,0,0,0,0,0,0,0,0,0,0,1,1,0.0,9,1,languages,6.99154023631406e-05,0.35279251707864995,0.0
spreading,0,1,1,0,0,0,0,0,0,0,0,0,0,0,0,1,1,0.0,9,1,spreading,6.99154023631406e-05,0.35279251707864995,0.13333333333333333
portraying,0,1,0,0,0,0,0,0,0,0,0,0,0,0,0,1,1,0.0,10,1,portraying,6.99154023631406e-05,0.35279251707864995,0.06666666666666667
authoritarian,1,0,1,0,0,0,0,0,0,0,0,0,0,0,0,1,1,0.0,13,1,authoritarian,6.99154023631406e-05,0.35279251707864995,0.13333333333333333
lacks,1,0,0,0,0,0,0,0,0,0,0,0,0,0,0,1,1,0.0,5,1,lacks,6.99154023631406e-05,0.35279251707864995,0.06666666666666667
exhibitions,1,0,0,0,0,0,0,0,0,0,0,0,0,0,0,1,1,0.0,11,1,exhibitions,6.99154023631406e-05,0.35279251707864995,0.06666666666666667
food,1,0,0,0,0,0,0,0,0,0,0,0,0,0,0,1,1,0.0,4,1,food,6.99154023631406e-05,0.35279251707864995,0.06666666666666667
commercial,1,0,1,0,0,0,0,0,0,0,0,0,0,0,0,1,1,0.0,10,1,commercial,6.99154023631406e-05,0.35279251707864995,0.13333333333333333
benefits,1,1,0,0,0,0,0,0,0,0,0,0,0,0,0,1,1,0.0,8,1,benefits,6.99154023631406e-05,0.35279251707864995,0.13333333333333333
lifestyles,1,0,0,0,0,0,0,0,0,0,0,0,0,0,0,1,1,0.0,10,1,lifestyles,6.99154023631406e-05,0.35279251707864995,0.06666666666666667
traditional,0,0,1,0,0,0,0,0,0,0,0,0,0,0,0,1,1,0.0,11,1,traditional,6.99154023631406e-05,0.35279251707864995,0.06666666666666667
reporting,1,1,0,0,0,0,0,0,0,0,0,0,0,0,0,1,1,0.0,9,1,reporting,6.99154023631406e-05,0.35279251707864995,0.13333333333333333
deliberately,0,0,0,1,0,0,0,0,0,0,0,0,0,0,0,1,1,0.0,12,1,deliberately,6.99154023631406e-05,0.35279251707864995,0.06666666666666667
unfree,0,0,1,0,0,0,0,0,0,0,0,0,0,0,0,1,1,0.0,6,1,unfree,6.99154023631406e-05,0.35279251707864995,0.06666666666666667
sixties,1,0,0,0,0,0,0,0,0,0,0,0,0,0,0,1,1,0.0,7,1,sixties,6.99154023631406e-05,0.35279251707864995,0.06666666666666667
begun,0,1,0,0,0,0,0,0,0,0,0,0,0,0,0,1,1,0.0,5,1,begun,6.99154023631406e-05,0.35279251707864995,0.06666666666666667
quo,0,0,0,0,0,0,0,0,0,0,0,0,0,0,0,1,1,0.0,3,1,quo,6.99154023631406e-05,0.35279251707864995,0.0
november,1,0,0,0,0,0,0,0,0,0,0,0,0,0,0,1,1,0.0,8,1,november,6.99154023631406e-05,0.35279251707864995,0.06666666666666667
wrote,0,1,0,0,0,0,0,0,0,0,0,0,0,0,0,1,1,0.0,5,1,wrote,6.99154023631406e-05,0.35279251707864995,0.06666666666666667
hinders,1,0,0,0,0,0,0,0,0,0,0,0,0,0,0,1,1,0.0,7,1,hinders,6.99154023631406e-05,0.35279251707864995,0.06666666666666667
unilateralism,1,0,0,0,0,0,0,0,0,0,0,0,0,0,0,1,1,0.0,13,1,unilateralism,6.99154023631406e-05,0.35279251707864995,0.06666666666666667
acts,0,1,0,0,0,0,0,0,0,0,0,0,0,0,0,1,1,0.0,4,1,acts,6.99154023631406e-05,0.35279251707864995,0.06666666666666667
rejected,0,1,1,0,0,0,0,0,0,0,0,0,0,0,0,1,1,0.0,8,1,rejected,6.99154023631406e-05,0.35279251707864995,0.13333333333333333
erupted,0,1,0,0,0,0,0,0,0,0,0,0,0,0,0,1,1,0.0,7,1,erupted,6.99154023631406e-05,0.35279251707864995,0.06666666666666667
standoff,1,0,0,0,0,0,0,0,0,0,0,0,0,0,0,1,1,0.0,8,1,standoff,6.99154023631406e-05,0.35279251707864995,0.06666666666666667
ensued,0,0,0,0,0,0,0,0,0,0,0,0,0,0,0,1,1,0.0,6,1,ensued,6.99154023631406e-05,0.35279251707864995,0.0
deploying,0,1,0,0,0,0,0,0,0,0,0,0,0,0,0,1,1,0.0,9,1,deploying,6.99154023631406e-05,0.35279251707864995,0.06666666666666667
medium,1,0,1,0,0,0,0,0,0,0,0,0,0,0,0,1,1,0.0,6,1,medium,6.99154023631406e-05,0.35279251707864995,0.13333333333333333
il,0,0,0,0,0,0,0,0,0,0,0,0,0,0,0,1,1,0.0,2,0,il,6.99154023631406e-05,0.35279251707864995,0.0
bombers,1,0,0,0,0,0,0,0,0,0,0,0,0,0,0,1,1,0.0,7,1,bombers,6.99154023631406e-05,0.35279251707864995,0.06666666666666667
backed,0,1,1,0,0,0,0,0,0,0,0,0,0,0,0,1,1,0.0,6,1,backed,6.99154023631406e-05,0.35279251707864995,0.13333333333333333
exercises,1,1,0,0,0,0,0,0,0,0,0,0,0,0,0,1,1,0.0,9,1,exercises,6.99154023631406e-05,0.35279251707864995,0.13333333333333333
separating,1,1,0,0,0,0,0,0,0,0,0,0,0,0,0,1,1,0.0,10,1,separating,6.99154023631406e-05,0.35279251707864995,0.13333333333333333
territory,1,0,0,0,0,0,0,0,0,0,0,0,0,0,0,1,1,0.0,9,1,territory,6.99154023631406e-05,0.35279251707864995,0.06666666666666667
prevented,0,1,0,0,0,0,0,0,0,0,0,0,0,0,0,1,1,0.0,9,1,prevented,6.99154023631406e-05,0.35279251707864995,0.06666666666666667
otherwise,0,0,1,1,0,0,0,0,0,0,0,0,0,0,0,1,1,0.0,9,1,otherwise,6.99154023631406e-05,0.35279251707864995,0.13333333333333333
handed,0,1,1,0,0,0,0,0,0,0,0,0,0,0,0,1,1,0.0,6,1,handed,6.99154023631406e-05,0.35279251707864995,0.13333333333333333
germans,1,0,0,0,0,0,0,0,0,0,0,0,0,0,0,1,1,0.0,7,1,germans,6.99154023631406e-05,0.35279251707864995,0.06666666666666667
mass,1,1,1,0,0,0,0,0,0,0,0,0,0,0,0,1,1,0.0,4,1,mass,6.99154023631406e-05,0.35279251707864995,0.2
population,1,0,0,0,0,0,0,0,0,0,0,0,0,0,0,1,1,0.0,10,1,population,6.99154023631406e-05,0.35279251707864995,0.06666666666666667
migration,1,0,0,0,0,0,0,0,0,0,0,0,0,0,0,1,1,0.0,9,1,migration,6.99154023631406e-05,0.35279251707864995,0.06666666666666667
residents,1,0,0,0,0,0,0,0,0,0,0,0,0,0,0,1,1,0.0,9,1,residents,6.99154023631406e-05,0.35279251707864995,0.06666666666666667
eased,0,1,1,0,0,0,0,0,0,0,0,0,0,0,0,1,1,0.0,5,1,eased,6.99154023631406e-05,0.35279251707864995,0.13333333333333333
resolved,0,1,1,0,0,0,0,0,0,0,0,0,0,0,0,1,1,0.0,8,1,resolved,6.99154023631406e-05,0.35279251707864995,0.13333333333333333
realized,0,1,1,0,0,0,0,0,0,0,0,0,0,0,0,1,1,0.0,8,1,realized,6.99154023631406e-05,0.35279251707864995,0.13333333333333333
preparations,0,0,0,0,0,0,0,0,0,0,0,0,0,0,0,1,1,0.0,12,1,preparations,6.99154023631406e-05,0.35279251707864995,0.0
rules,1,1,0,0,0,0,0,0,0,0,0,0,0,0,0,1,1,0.0,5,1,rules,6.99154023631406e-05,0.35279251707864995,0.13333333333333333
mindset,1,0,0,0,0,0,0,0,0,0,0,0,0,0,0,1,1,0.0,7,1,mindset,6.99154023631406e-05,0.35279251707864995,0.06666666666666667
function,1,1,0,0,0,0,0,0,0,0,0,0,0,0,0,1,1,0.0,8,1,function,6.99154023631406e-05,0.35279251707864995,0.13333333333333333
stabilized,0,1,1,0,0,0,0,0,0,0,0,0,0,0,0,1,1,0.0,10,1,stabilized,6.99154023631406e-05,0.35279251707864995,0.13333333333333333
stark,0,0,1,1,0,0,0,0,0,0,0,0,0,0,0,1,1,0.0,5,1,stark,6.99154023631406e-05,0.35279251707864995,0.13333333333333333
fall,1,1,0,0,0,0,0,0,0,0,0,0,0,0,0,1,1,0.0,4,1,fall,6.99154023631406e-05,0.35279251707864995,0.13333333333333333
reunited,0,1,0,0,0,0,0,0,0,0,0,0,0,0,0,1,1,0.0,8,1,reunited,6.99154023631406e-05,0.35279251707864995,0.06666666666666667
again,0,0,0,1,0,0,0,0,0,0,0,0,0,0,0,1,1,0.0,5,1,again,6.99154023631406e-05,0.35279251707864995,0.06666666666666667
communicate,0,1,0,0,0,0,0,0,0,0,0,0,0,0,0,1,1,0.0,11,1,communicate,6.99154023631406e-05,0.35279251707864995,0.06666666666666667
case,1,1,0,0,0,0,0,0,0,0,0,0,0,0,0,1,1,0.0,4,1,case,6.99154023631406e-05,0.35279251707864995,0.13333333333333333
emergency,1,0,1,0,0,0,0,0,0,0,0,0,0,0,0,1,1,0.0,9,1,emergency,6.99154023631406e-05,0.35279251707864995,0.13333333333333333
miscalculation,1,0,0,0,0,0,0,0,0,0,0,0,0,0,0,1,1,0.0,14,1,miscalculation,6.99154023631406e-05,0.35279251707864995,0.06666666666666667
talks,1,1,0,0,0,0,0,0,0,0,0,0,0,0,0,1,1,0.0,5,1,talks,6.99154023631406e-05,0.35279251707864995,0.13333333333333333
compromises,1,1,0,0,0,0,0,0,0,0,0,0,0,0,0,1,1,0.0,11,1,compromises,6.99154023631406e-05,0.35279251707864995,0.13333333333333333
destroyed,0,1,1,0,0,0,0,0,0,0,0,0,0,0,0,1,1,0.0,9,1,destroyed,6.99154023631406e-05,0.35279251707864995,0.13333333333333333
pledged,0,1,1,0,0,0,0,0,0,0,0,0,0,0,0,1,1,0.0,7,1,pledged,6.99154023631406e-05,0.35279251707864995,0.13333333333333333
highlighting,1,1,0,0,0,0,0,0,0,0,0,0,0,0,0,1,1,0.0,12,1,highlighting,6.99154023631406e-05,0.35279251707864995,0.13333333333333333
shocked,0,1,1,0,0,0,0,0,0,0,0,0,0,0,0,1,1,0.0,7,1,shocked,6.99154023631406e-05,0.35279251707864995,0.13333333333333333
intense,0,0,1,0,0,0,0,0,0,0,0,0,0,0,0,1,1,0.0,7,1,intense,6.99154023631406e-05,0.35279251707864995,0.06666666666666667
bringing,0,1,0,0,0,0,0,0,0,0,0,0,0,0,0,1,1,0.0,8,1,bringing,6.99154023631406e-05,0.35279251707864995,0.06666666666666667
brink,1,0,0,0,0,0,0,0,0,0,0,0,0,0,0,1,1,0.0,5,1,brink,6.99154023631406e-05,0.35279251707864995,0.06666666666666667
fidel,0,0,0,0,0,0,0,0,0,0,0,0,0,0,0,1,1,0.0,5,1,fidel,6.99154023631406e-05,0.35279251707864995,0.0
aftermath,1,0,0,0,0,0,0,0,0,0,0,0,0,0,0,1,1,0.0,9,1,aftermath,6.99154023631406e-05,0.35279251707864995,0.06666666666666667
hotline,1,0,0,0,0,0,0,0,0,0,0,0,0,0,0,1,1,0.0,7,1,hotline,6.99154023631406e-05,0.35279251707864995,0.06666666666666667
castro's,0,0,0,0,0,0,0,0,0,0,0,0,0,0,0,1,1,0.0,8,1,castro's,6.99154023631406e-05,0.35279251707864995,0.0
succeeded,0,1,0,0,0,0,0,0,0,0,0,0,0,0,0,1,1,0.0,9,1,succeeded,6.99154023631406e-05,0.35279251707864995,0.06666666666666667
always,0,0,0,1,0,0,0,0,0,0,0,0,0,0,0,1,1,0.0,6,1,always,6.99154023631406e-05,0.35279251707864995,0.06666666666666667
backyard,1,0,0,0,0,0,0,0,0,0,0,0,0,0,0,1,1,0.0,8,1,backyard,6.99154023631406e-05,0.35279251707864995,0.06666666666666667
disturbed,0,1,1,0,0,0,0,0,0,0,0,0,0,0,0,1,1,0.0,9,1,disturbed,6.99154023631406e-05,0.35279251707864995,0.13333333333333333
overthrow,1,1,0,0,0,0,0,0,0,0,0,0,0,0,0,1,1,0.0,9,1,overthrow,6.99154023631406e-05,0.35279251707864995,0.13333333333333333
sanctions,1,1,0,0,0,0,0,0,0,0,0,0,0,0,0,1,1,0.0,9,1,sanctions,6.99154023631406e-05,0.35279251707864995,0.13333333333333333
embodiment,1,0,0,0,0,0,0,0,0,0,0,0,0,0,0,1,1,0.0,10,1,embodiment,6.99154023631406e-05,0.35279251707864995,0.06666666666666667
strike,1,1,0,0,0,0,0,0,0,0,0,0,0,0,0,1,1,0.0,6,1,strike,6.99154023631406e-05,0.35279251707864995,0.13333333333333333
hemisphere,1,0,0,0,0,0,0,0,0,0,0,0,0,0,0,1,1,0.0,10,1,hemisphere,6.99154023631406e-05,0.35279251707864995,0.06666666666666667
counterbalance,1,0,0,0,0,0,0,0,0,0,0,0,0,0,0,1,1,0.0,14,1,counterbalance,6.99154023631406e-05,0.35279251707864995,0.06666666666666667
places,1,1,0,0,0,0,0,0,0,0,0,0,0,0,0,1,1,0.0,6,1,places,6.99154023631406e-05,0.35279251707864995,0.13333333333333333
cuba's,0,0,0,0,0,0,0,0,0,0,0,0,0,0,0,1,1,0.0,6,1,cuba's,6.99154023631406e-05,0.35279251707864995,0.0
geographical,0,0,1,0,0,0,0,0,0,0,0,0,0,0,0,1,1,0.0,12,1,geographical,6.99154023631406e-05,0.35279251707864995,0.06666666666666667
proximity,1,0,0,0,0,0,0,0,0,0,0,0,0,0,0,1,1,0.0,9,1,proximity,6.99154023631406e-05,0.35279251707864995,0.06666666666666667
valuable,1,0,1,0,0,0,0,0,0,0,0,0,0,0,0,1,1,0.0,8,1,valuable,6.99154023631406e-05,0.35279251707864995,0.13333333333333333
northeast,1,0,0,1,0,0,0,0,0,0,0,0,0,0,0,1,1,0.0,9,1,northeast,6.99154023631406e-05,0.35279251707864995,0.13333333333333333
creative,0,0,1,0,0,0,0,0,0,0,0,0,0,0,0,1,1,0.0,8,1,creative,6.99154023631406e-05,0.35279251707864995,0.06666666666666667
commons,1,0,0,0,0,0,0,0,0,0,0,0,0,0,0,1,1,0.0,7,1,commons,6.99154023631406e-05,0.35279251707864995,0.06666666666666667
attribution,1,0,0,0,0,0,0,0,0,0,0,0,0,0,0,1,1,0.0,11,1,attribution,6.99154023631406e-05,0.35279251707864995,0.06666666666666667
cc,1,0,0,0,0,0,0,0,0,0,0,0,0,0,0,1,1,0.0,2,1,cc,6.99154023631406e-05,0.35279251707864995,0.06666666666666667
license,1,1,0,0,0,0,0,0,0,0,0,0,0,0,0,1,1,0.0,7,1,license,6.99154023631406e-05,0.35279251707864995,0.13333333333333333
creativecommons,0,0,0,0,0,0,0,0,0,0,0,0,0,0,0,1,1,0.0,15,1,creativecommons,6.99154023631406e-05,0.35279251707864995,0.0
licenses,0,1,0,0,0,0,0,0,0,0,0,0,0,0,0,1,1,0.0,8,1,licenses,6.99154023631406e-05,0.35279251707864995,0.06666666666666667
send,1,1,0,0,0,0,0,0,0,0,0,0,0,0,0,1,1,0.0,4,1,send,6.99154023631406e-05,0.35279251707864995,0.13333333333333333
navy,1,0,0,0,0,0,0,0,0,0,0,0,0,0,0,1,1,0.0,4,1,navy,6.99154023631406e-05,0.35279251707864995,0.06666666666666667
dispatched,0,1,1,0,0,0,0,0,0,0,0,0,0,0,0,1,1,0.0,10,1,dispatched,6.99154023631406e-05,0.35279251707864995,0.13333333333333333
nation,1,0,0,0,0,0,0,0,0,0,0,0,0,0,0,1,1,0.0,6,1,nation,6.99154023631406e-05,0.35279251707864995,0.06666666666666667
prepare,0,1,0,0,0,0,0,0,0,0,0,0,0,0,0,1,1,0.0,7,1,prepare,6.99154023631406e-05,0.35279251707864995,0.06666666666666667
considerable,0,0,1,0,0,0,0,0,0,0,0,0,0,0,0,1,1,0.0,12,1,considerable,6.99154023631406e-05,0.35279251707864995,0.06666666666666667
opening,1,0,1,0,0,0,0,0,0,0,0,0,0,0,0,1,1,0.0,7,1,opening,6.99154023631406e-05,0.35279251707864995,0.13333333333333333
prelude,1,1,0,0,0,0,0,0,0,0,0,0,0,0,0,1,1,0.0,7,1,prelude,6.99154023631406e-05,0.35279251707864995,0.13333333333333333
ultimately,0,0,0,1,0,0,0,0,0,0,0,0,0,0,0,1,1,0.0,10,1,ultimately,6.99154023631406e-05,0.35279251707864995,0.06666666666666667
consented,0,0,0,0,0,0,0,0,0,0,0,0,0,0,0,1,1,0.0,9,1,consented,6.99154023631406e-05,0.35279251707864995,0.0
protracted,0,0,1,0,0,0,0,0,0,0,0,0,0,0,0,1,1,0.0,10,1,protracted,6.99154023631406e-05,0.35279251707864995,0.06666666666666667
parts,1,0,0,0,0,0,0,0,0,0,0,0,0,0,0,1,1,0.0,5,1,parts,6.99154023631406e-05,0.35279251707864995,0.06666666666666667
kennedy,1,0,0,0,0,0,0,0,0,0,0,0,0,0,0,1,1,0.0,7,1,kennedy,6.99154023631406e-05,0.35279251707864995,0.06666666666666667
televised,0,0,0,0,0,0,0,0,0,0,0,0,0,0,0,1,1,0.0,9,1,televised,6.99154023631406e-05,0.35279251707864995,0.0
quarantine,1,1,0,0,0,0,0,0,0,0,0,0,0,0,0,1,1,0.0,10,1,quarantine,6.99154023631406e-05,0.35279251707864995,0.13333333333333333
continuing,0,1,1,0,0,0,0,0,0,0,0,0,0,0,0,1,1,0.0,10,1,continuing,6.99154023631406e-05,0.35279251707864995,0.13333333333333333
invade,0,1,0,0,0,0,0,0,0,0,0,0,0,0,0,1,1,0.0,6,1,invade,6.99154023631406e-05,0.35279251707864995,0.06666666666666667
dismantle,0,0,0,0,0,0,0,0,0,0,0,0,0,0,0,1,1,0.0,9,1,dismantle,6.99154023631406e-05,0.35279251707864995,0.0
transport,1,1,0,0,0,0,0,0,0,0,0,0,0,0,0,1,1,0.0,9,1,transport,6.99154023631406e-05,0.35279251707864995,0.13333333333333333
ships,1,1,0,0,0,0,0,0,0,0,0,0,0,0,0,1,1,0.0,5,1,ships,6.99154023631406e-05,0.35279251707864995,0.13333333333333333
waters,1,1,0,0,0,0,0,0,0,0,0,0,0,0,0,1,1,0.0,6,1,waters,6.99154023631406e-05,0.35279251707864995,0.13333333333333333
raised,0,1,1,0,0,0,0,0,0,0,0,0,0,0,0,1,1,0.0,6,1,raised,6.99154023631406e-05,0.35279251707864995,0.13333333333333333
highest,0,0,1,0,0,0,0,0,0,0,0,0,0,0,0,1,1,0.0,7,1,highest,6.99154023631406e-05,0.35279251707864995,0.06666666666666667
alert,1,0,1,0,0,0,0,0,0,0,0,0,0,0,0,1,1,0.0,5,1,alert,6.99154023631406e-05,0.35279251707864995,0.13333333333333333
advantages,1,1,0,0,0,0,0,0,0,0,0,0,0,0,0,1,1,0.0,10,1,advantages,6.99154023631406e-05,0.35279251707864995,0.13333333333333333
dance,1,1,0,0,0,0,0,0,0,0,0,0,0,0,0,1,1,0.0,5,1,dance,6.99154023631406e-05,0.35279251707864995,0.13333333333333333
film,1,1,0,0,0,0,0,0,0,0,0,0,0,0,0,1,1,0.0,4,1,film,6.99154023631406e-05,0.35279251707864995,0.13333333333333333
movies,1,0,0,0,0,0,0,0,0,0,0,0,0,0,0,1,1,0.0,6,1,movies,6.99154023631406e-05,0.35279251707864995,0.06666666666666667
fast,1,1,1,1,0,0,0,0,0,0,0,0,0,0,0,1,1,0.0,4,1,fast,6.99154023631406e-05,0.35279251707864995,0.26666666666666666
along,0,0,0,1,0,0,0,0,0,0,0,0,0,0,0,1,1,0.0,5,1,along,6.99154023631406e-05,0.35279251707864995,0.06666666666666667
parallel,1,1,1,0,0,0,0,0,0,0,0,0,0,0,0,1,1,0.0,8,1,parallel,6.99154023631406e-05,0.35279251707864995,0.2
officially,0,0,0,1,0,0,0,0,0,0,0,0,0,0,0,1,1,0.0,10,1,officially,6.99154023631406e-05,0.35279251707864995,0.06666666666666667
ratify,0,0,0,0,0,0,0,0,0,0,0,0,0,0,0,1,1,0.0,6,1,ratify,6.99154023631406e-05,0.35279251707864995,0.0
convening,0,1,0,0,0,0,0,0,0,0,0,0,0,0,0,1,1,0.0,9,1,convening,6.99154023631406e-05,0.35279251707864995,0.06666666666666667
concrete,1,1,1,0,0,0,0,0,0,0,0,0,0,0,0,1,1,0.0,8,1,concrete,6.99154023631406e-05,0.35279251707864995,0.2
refused,0,1,0,0,0,0,0,0,0,0,0,0,0,0,0,1,1,0.0,7,1,refused,6.99154023631406e-05,0.35279251707864995,0.06666666666666667
output,1,1,0,0,0,0,0,0,0,0,0,0,0,0,0,1,1,0.0,6,1,output,6.99154023631406e-05,0.35279251707864995,0.13333333333333333
attracting,0,1,0,0,0,0,0,0,0,0,0,0,0,0,0,1,1,0.0,10,1,attracting,6.99154023631406e-05,0.35279251707864995,0.06666666666666667
pursuit,1,0,0,0,0,0,0,0,0,0,0,0,0,0,0,1,1,0.0,7,1,pursuit,6.99154023631406e-05,0.35279251707864995,0.06666666666666667
young,1,0,1,0,0,0,0,0,0,0,0,0,0,0,0,1,1,0.0,5,1,young,6.99154023631406e-05,0.35279251707864995,0.13333333333333333
apparatus,1,0,0,0,0,0,0,0,0,0,0,0,0,0,0,1,1,0.0,9,1,apparatus,6.99154023631406e-05,0.35279251707864995,0.06666666666666667
validity,1,0,0,0,0,0,0,0,0,0,0,0,0,0,0,1,1,0.0,8,1,validity,6.99154023631406e-05,0.35279251707864995,0.06666666666666667
protests,1,1,0,0,0,0,0,0,0,0,0,0,0,0,0,1,1,0.0,8,1,protests,6.99154023631406e-05,0.35279251707864995,0.13333333333333333
meeting,1,1,0,0,0,0,0,0,0,0,0,0,0,0,0,1,1,0.0,7,1,meeting,6.99154023631406e-05,0.35279251707864995,0.13333333333333333
july,1,0,0,0,0,0,0,0,0,0,0,0,0,0,0,1,1,0.0,4,1,july,6.99154023631406e-05,0.35279251707864995,0.06666666666666667
announced,0,1,1,0,0,0,0,0,0,0,0,0,0,0,0,1,1,0.0,9,1,announced,6.99154023631406e-05,0.35279251707864995,0.13333333333333333
february,1,0,0,0,0,0,0,0,0,0,0,0,0,0,0,1,1,0.0,8,1,february,6.99154023631406e-05,0.35279251707864995,0.06666666666666667
asked,0,1,0,0,0,0,0,0,0,0,0,0,0,0,0,1,1,0.0,5,1,asked,6.99154023631406e-05,0.35279251707864995,0.06666666666666667
copyright,1,1,1,0,0,0,0,0,0,0,0,0,0,0,0,1,1,0.0,9,1,copyright,6.99154023631406e-05,0.35279251707864995,0.2
authors,1,1,0,0,0,0,0,0,0,0,0,0,0,0,0,1,1,0.0,7,1,authors,6.99154023631406e-05,0.35279251707864995,0.13333333333333333
submitted,0,1,0,0,0,0,0,0,0,0,0,0,0,0,0,1,1,0.0,9,1,submitted,6.99154023631406e-05,0.35279251707864995,0.06666666666666667
possible,1,0,1,0,0,0,0,0,0,0,0,0,0,0,0,1,1,0.0,8,1,possible,6.99154023631406e-05,0.35279251707864995,0.13333333333333333
publication,1,0,0,0,0,0,0,0,0,0,0,0,0,0,0,1,1,0.0,11,1,publication,6.99154023631406e-05,0.35279251707864995,0.06666666666666667
limitation,1,0,0,0,0,0,0,0,0,0,0,0,0,0,0,1,1,0.0,10,1,limitation,6.99154023631406e-05,0.35279251707864995,0.06666666666666667
enjoy,0,1,0,0,0,0,0,0,0,0,0,0,0,0,0,1,1,0.0,5,1,enjoy,6.99154023631406e-05,0.35279251707864995,0.06666666666666667
fruits,0,1,0,0,0,0,0,0,0,0,0,0,0,0,0,1,1,0.0,6,1,fruits,6.99154023631406e-05,0.35279251707864995,0.06666666666666667
switch,1,1,1,0,0,0,0,0,0,0,0,0,0,0,0,1,1,0.0,6,1,switch,6.99154023631406e-05,0.35279251707864995,0.2
france's,0,0,0,0,0,0,0,0,0,0,0,0,0,0,0,1,1,0.0,8,1,france's,6.99154023631406e-05,0.35279251707864995,0.0
sprang,0,1,0,0,0,0,0,0,0,0,0,0,0,0,0,1,1,0.0,6,1,sprang,6.99154023631406e-05,0.35279251707864995,0.06666666666666667
stronger,0,0,0,0,0,0,0,0,0,0,0,0,0,0,0,1,1,0.0,8,1,stronger,6.99154023631406e-05,0.35279251707864995,0.0
rose,1,1,1,0,0,0,0,0,0,0,0,0,0,0,0,1,1,0.0,4,1,rose,6.99154023631406e-05,0.35279251707864995,0.2
accordingly,0,0,0,1,0,0,0,0,0,0,0,0,0,0,0,1,1,0.0,11,1,accordingly,6.99154023631406e-05,0.35279251707864995,0.06666666666666667
caution,1,1,0,0,0,0,0,0,0,0,0,0,0,0,0,1,1,0.0,7,1,caution,6.99154023631406e-05,0.35279251707864995,0.13333333333333333
abroad,0,0,1,1,0,0,0,0,0,0,0,0,0,0,0,1,1,0.0,6,1,abroad,6.99154023631406e-05,0.35279251707864995,0.13333333333333333
using,0,1,0,0,0,0,0,0,0,0,0,0,0,0,0,1,1,0.0,5,1,using,6.99154023631406e-05,0.35279251707864995,0.06666666666666667
guise,1,0,0,0,0,0,0,0,0,0,0,0,0,0,0,1,1,0.0,5,1,guise,6.99154023631406e-05,0.35279251707864995,0.06666666666666667
claimed,0,1,0,0,0,0,0,0,0,0,0,0,0,0,0,1,1,0.0,7,1,claimed,6.99154023631406e-05,0.35279251707864995,0.06666666666666667
positioning,1,1,1,0,0,0,0,0,0,0,0,0,0,0,0,1,1,0.0,11,1,positioning,6.99154023631406e-05,0.35279251707864995,0.2
feared,0,1,0,0,0,0,0,0,0,0,0,0,0,0,0,1,1,0.0,6,1,feared,6.99154023631406e-05,0.35279251707864995,0.06666666666666667
trigger,1,1,0,0,0,0,0,0,0,0,0,0,0,0,0,1,1,0.0,7,1,trigger,6.99154023631406e-05,0.35279251707864995,0.13333333333333333
domino,1,0,0,0,0,0,0,0,0,0,0,0,0,0,0,1,1,0.0,6,1,domino,6.99154023631406e-05,0.35279251707864995,0.06666666666666667
effect,1,1,0,0,0,0,0,0,0,0,0,0,0,0,0,1,1,0.0,6,1,effect,6.99154023631406e-05,0.35279251707864995,0.13333333333333333
boats,1,1,0,0,0,0,0,0,0,0,0,0,0,0,0,1,1,0.0,5,1,boats,6.99154023631406e-05,0.35279251707864995,0.13333333333333333
attacked,0,1,0,0,0,0,0,0,0,0,0,0,0,0,0,1,1,0.0,8,1,attacked,6.99154023631406e-05,0.35279251707864995,0.06666666666666667
bombing,1,0,0,0,0,0,0,0,0,0,0,0,0,0,0,1,1,0.0,7,1,bombing,6.99154023631406e-05,0.35279251707864995,0.06666666666666667
marines,1,0,0,0,0,0,0,0,0,0,0,0,0,0,0,1,1,0.0,7,1,marines,6.99154023631406e-05,0.35279251707864995,0.06666666666666667
landed,0,1,1,0,0,0,0,0,0,0,0,0,0,0,0,1,1,0.0,6,1,landed,6.99154023631406e-05,0.35279251707864995,0.13333333333333333
johnson,1,0,0,0,0,0,0,0,0,0,0,0,0,0,0,1,1,0.0,7,1,johnson,6.99154023631406e-05,0.35279251707864995,0.06666666666666667
vietnam's,0,0,0,0,0,0,0,0,0,0,0,0,0,0,0,1,1,0.0,9,1,vietnam's,6.99154023631406e-05,0.35279251707864995,0.0
provocations,1,0,0,0,0,0,0,0,0,0,0,0,0,0,0,1,1,0.0,12,1,provocations,6.99154023631406e-05,0.35279251707864995,0.06666666666666667
da,1,0,0,0,0,0,0,0,0,0,0,0,0,0,0,1,1,0.0,2,1,da,6.99154023631406e-05,0.35279251707864995,0.06666666666666667
nang,1,0,0,0,0,0,0,0,0,0,0,0,0,0,0,1,1,0.0,4,1,nang,6.99154023631406e-05,0.35279251707864995,0.06666666666666667
official,1,0,1,0,0,0,0,0,0,0,0,0,0,0,0,1,1,0.0,8,1,official,6.99154023631406e-05,0.35279251707864995,0.13333333333333333
january,1,0,0,0,0,0,0,0,0,0,0,0,0,0,0,1,1,0.0,7,1,january,6.99154023631406e-05,0.35279251707864995,0.06666666666666667
front,1,1,1,0,0,0,0,0,0,0,0,0,0,0,0,1,1,0.0,5,1,front,6.99154023631406e-05,0.35279251707864995,0.2
tet,1,0,0,0,0,0,0,0,0,0,0,0,0,0,0,1,1,0.0,3,1,tet,6.99154023631406e-05,0.35279251707864995,0.06666666666666667
surprise,1,1,0,0,0,0,0,0,0,0,0,0,0,0,0,1,1,0.0,8,1,surprise,6.99154023631406e-05,0.35279251707864995,0.13333333333333333
torpedo,1,1,0,0,0,0,0,0,0,0,0,0,0,0,0,1,1,0.0,7,1,torpedo,6.99154023631406e-05,0.35279251707864995,0.13333333333333333
dispute,1,0,0,0,0,0,0,0,0,0,0,0,0,0,0,1,1,0.0,7,1,dispute,6.99154023631406e-05,0.35279251707864995,0.06666666666666667
cycles,1,1,0,0,0,0,0,0,0,0,0,0,0,0,0,1,1,0.0,6,1,cycles,6.99154023631406e-05,0.35279251707864995,0.13333333333333333
cycle,1,1,0,0,0,0,0,0,0,0,0,0,0,0,0,1,1,0.0,5,1,cycle,6.99154023631406e-05,0.35279251707864995,0.13333333333333333
freed,0,1,1,0,0,0,0,0,0,0,0,0,0,0,0,1,1,0.0,5,1,freed,6.99154023631406e-05,0.35279251707864995,0.13333333333333333
apparent,0,0,1,0,0,0,0,0,0,0,0,0,0,0,0,1,1,0.0,8,1,apparent,6.99154023631406e-05,0.35279251707864995,0.06666666666666667
ploy,1,0,0,0,0,0,0,0,0,0,0,0,0,0,0,1,1,0.0,4,1,ploy,6.99154023631406e-05,0.35279251707864995,0.06666666666666667
stations,1,1,0,0,0,0,0,0,0,0,0,0,0,0,0,1,1,0.0,8,1,stations,6.99154023631406e-05,0.35279251707864995,0.13333333333333333
fleet,1,0,1,0,0,0,0,0,0,0,0,0,0,0,0,1,1,0.0,5,1,fleet,6.99154023631406e-05,0.35279251707864995,0.13333333333333333
see,1,1,0,1,0,0,0,0,0,0,0,0,0,0,0,1,1,0.0,3,1,see,6.99154023631406e-05,0.35279251707864995,0.2
quagmire,1,0,0,0,0,0,0,0,0,0,0,0,0,0,0,1,1,0.0,8,1,quagmire,6.99154023631406e-05,0.35279251707864995,0.06666666666666667
perception,1,0,0,0,0,0,0,0,0,0,0,0,0,0,0,1,1,0.0,10,1,perception,6.99154023631406e-05,0.35279251707864995,0.06666666666666667
stalinist,1,0,1,0,0,0,0,0,0,0,0,0,0,0,0,1,1,0.0,9,1,stalinist,6.99154023631406e-05,0.35279251707864995,0.13333333333333333
opinions,1,0,0,0,0,0,0,0,0,0,0,0,0,0,0,1,1,0.0,8,1,opinions,6.99154023631406e-05,0.35279251707864995,0.06666666666666667
widened,0,0,0,0,0,0,0,0,0,0,0,0,0,0,0,1,1,0.0,7,1,widened,6.99154023631406e-05,0.35279251707864995,0.0
chauvinism,1,0,0,0,0,0,0,0,0,0,0,0,0,0,0,1,1,0.0,10,1,chauvinism,6.99154023631406e-05,0.35279251707864995,0.06666666666666667
clashed,0,1,0,0,0,0,0,0,0,0,0,0,0,0,0,1,1,0.0,7,1,clashed,6.99154023631406e-05,0.35279251707864995,0.06666666666666667
negatively,0,0,0,1,0,0,0,0,0,0,0,0,0,0,0,1,1,0.0,10,1,negatively,6.99154023631406e-05,0.35279251707864995,0.06666666666666667
moreover,0,0,0,1,0,0,0,0,0,0,0,0,0,0,0,1,1,0.0,8,1,moreover,6.99154023631406e-05,0.35279251707864995,0.06666666666666667
massive,1,0,1,0,0,0,0,0,0,0,0,0,0,0,0,1,1,0.0,7,1,massive,6.99154023631406e-05,0.35279251707864995,0.13333333333333333
damaged,0,1,1,0,0,0,0,0,0,0,0,0,0,0,0,1,1,0.0,7,1,damaged,6.99154023631406e-05,0.35279251707864995,0.13333333333333333
saigon,0,0,0,0,0,0,0,0,0,0,0,0,0,0,0,1,1,0.0,6,1,saigon,6.99154023631406e-05,0.35279251707864995,0.0
viet,0,0,0,0,0,0,0,0,0,0,0,0,0,0,0,1,1,0.0,4,1,viet,6.99154023631406e-05,0.35279251707864995,0.0
cong,0,0,0,0,0,0,0,0,0,0,0,0,0,0,0,1,1,0.0,4,1,cong,6.99154023631406e-05,0.35279251707864995,0.0
face,1,1,0,0,0,0,0,0,0,0,0,0,0,0,0,1,1,0.0,4,1,face,6.99154023631406e-05,0.35279251707864995,0.13333333333333333
avoided,0,1,0,0,0,0,0,0,0,0,0,0,0,0,0,1,1,0.0,7,1,avoided,6.99154023631406e-05,0.35279251707864995,0.06666666666666667
coexisted,0,1,0,0,0,0,0,0,0,0,0,0,0,0,0,1,1,0.0,9,1,coexisted,6.99154023631406e-05,0.35279251707864995,0.06666666666666667
learned,0,1,1,0,0,0,0,0,0,0,0,0,0,0,0,1,1,0.0,7,1,learned,6.99154023631406e-05,0.35279251707864995,0.13333333333333333
experience,1,1,0,0,0,0,0,0,0,0,0,0,0,0,0,1,1,0.0,10,1,experience,6.99154023631406e-05,0.35279251707864995,0.13333333333333333
applied,0,1,1,0,0,0,0,0,0,0,0,0,0,0,0,1,1,0.0,7,1,applied,6.99154023631406e-05,0.35279251707864995,0.13333333333333333
overall,1,0,1,1,0,0,0,0,0,0,0,0,0,0,0,1,1,0.0,7,1,overall,6.99154023631406e-05,0.35279251707864995,0.2
killed,0,1,0,0,0,0,0,0,0,0,0,0,0,0,0,1,1,0.0,6,1,killed,6.99154023631406e-05,0.35279251707864995,0.06666666666666667
wounded,1,1,1,0,0,0,0,0,0,0,0,0,0,0,0,1,1,0.0,7,1,wounded,6.99154023631406e-05,0.35279251707864995,0.2
occurred,0,1,0,0,0,0,0,0,0,0,0,0,0,0,0,1,1,0.0,8,1,occurred,6.99154023631406e-05,0.35279251707864995,0.06666666666666667
crimea,1,0,0,0,0,0,0,0,0,0,0,0,0,0,0,1,1,0.0,6,1,crimea,6.99154023631406e-05,0.35279251707864995,0.06666666666666667
heads,0,1,0,1,0,0,0,0,0,0,0,0,0,0,0,1,1,0.0,5,1,heads,6.99154023631406e-05,0.35279251707864995,0.13333333333333333
roosevelt,1,0,0,0,0,0,0,0,0,0,0,0,0,0,0,1,1,0.0,9,1,roosevelt,6.99154023631406e-05,0.35279251707864995,0.06666666666666667
stalin,1,0,0,0,0,0,0,0,0,0,0,0,0,0,0,1,1,0.0,6,1,stalin,6.99154023631406e-05,0.35279251707864995,0.06666666666666667
oppression,1,0,0,0,0,0,0,0,0,0,0,0,0,0,0,1,1,0.0,10,1,oppression,6.99154023631406e-05,0.35279251707864995,0.06666666666666667
described,0,1,1,0,0,0,0,0,0,0,0,0,0,0,0,1,1,0.0,9,1,described,6.99154023631406e-05,0.35279251707864995,0.13333333333333333
below,0,0,0,1,0,0,0,0,0,0,0,0,0,0,0,1,1,0.0,5,1,below,6.99154023631406e-05,0.35279251707864995,0.06666666666666667
hollywood,1,0,1,0,0,0,0,0,0,0,0,0,0,0,0,1,1,0.0,9,1,hollywood,6.99154023631406e-05,0.35279251707864995,0.13333333333333333
gave,0,1,0,0,0,0,0,0,0,0,0,0,0,0,0,1,1,0.0,4,1,gave,6.99154023631406e-05,0.35279251707864995,0.06666666666666667
prevailed,0,1,0,0,0,0,0,0,0,0,0,0,0,0,0,1,1,0.0,9,1,prevailed,6.99154023631406e-05,0.35279251707864995,0.06666666666666667
start,1,1,0,0,0,0,0,0,0,0,0,0,0,0,0,1,1,0.0,5,1,start,6.99154023631406e-05,0.35279251707864995,0.13333333333333333
does,1,1,0,0,1,0,0,0,0,0,0,0,0,0,0,1,1,0.0,4,1,does,6.99154023631406e-05,0.35279251707864995,0.2
participate,0,1,0,0,0,0,0,0,0,0,0,0,0,0,0,1,1,0.0,11,1,participate,6.99154023631406e-05,0.35279251707864995,0.06666666666666667
effective,0,0,1,0,0,0,0,0,0,0,0,0,0,0,0,1,1,0.0,9,1,effective,6.99154023631406e-05,0.35279251707864995,0.06666666666666667
conferences,1,0,0,0,0,0,0,0,0,0,0,0,0,0,0,1,1,0.0,11,1,conferences,6.99154023631406e-05,0.35279251707864995,0.06666666666666667
lower,0,1,1,0,0,0,0,0,0,0,0,0,0,0,0,1,1,0.0,5,1,lower,6.99154023631406e-05,0.35279251707864995,0.13333333333333333
sell,1,1,0,0,0,0,0,0,0,0,0,0,0,0,0,1,1,0.0,4,1,sell,6.99154023631406e-05,0.35279251707864995,0.13333333333333333
ultimate,1,0,1,0,0,0,0,0,0,0,0,0,0,0,0,1,1,0.0,8,1,ultimate,6.99154023631406e-05,0.35279251707864995,0.13333333333333333
demise,1,1,0,0,0,0,0,0,0,0,0,0,0,0,0,1,1,0.0,6,1,demise,6.99154023631406e-05,0.35279251707864995,0.13333333333333333
proletariat,0,0,0,0,0,0,0,0,0,0,0,0,0,0,0,1,1,0.0,11,1,proletariat,6.99154023631406e-05,0.35279251707864995,0.0
incomparably,0,0,0,1,0,0,0,0,0,0,0,0,0,0,0,1,1,0.0,12,1,incomparably,6.99154023631406e-05,0.35279251707864995,0.06666666666666667
superior,1,0,1,0,0,0,0,0,0,0,0,0,0,0,0,1,1,0.0,8,1,superior,6.99154023631406e-05,0.35279251707864995,0.13333333333333333
replace,0,1,0,0,0,0,0,0,0,0,0,0,0,0,0,1,1,0.0,7,1,replace,6.99154023631406e-05,0.35279251707864995,0.06666666666666667
cracks,1,1,0,0,0,0,0,0,0,0,0,0,0,0,0,1,1,0.0,6,1,cracks,6.99154023631406e-05,0.35279251707864995,0.13333333333333333
appear,0,1,0,0,0,0,0,0,0,0,0,0,0,0,0,1,1,0.0,6,1,appear,6.99154023631406e-05,0.35279251707864995,0.06666666666666667
sharply,0,0,0,1,0,0,0,0,0,0,0,0,0,0,0,1,1,0.0,7,1,sharply,6.99154023631406e-05,0.35279251707864995,0.06666666666666667
irretrievability,0,0,0,0,0,0,0,0,0,0,0,0,0,0,0,1,1,0.0,16,1,irretrievability,6.99154023631406e-05,0.35279251707864995,0.0
summer,1,1,1,1,0,0,0,0,0,0,0,0,0,0,0,1,1,0.0,6,1,summer,6.99154023631406e-05,0.35279251707864995,0.26666666666666666
positions,1,1,0,0,0,0,0,0,0,0,0,0,0,0,0,1,1,0.0,9,1,positions,6.99154023631406e-05,0.35279251707864995,0.13333333333333333
buy,1,1,0,0,0,0,0,0,0,0,0,0,0,0,0,1,1,0.0,3,1,buy,6.99154023631406e-05,0.35279251707864995,0.13333333333333333
raw,1,0,1,0,0,0,0,0,0,0,0,0,0,0,0,1,1,0.0,3,1,raw,6.99154023631406e-05,0.35279251707864995,0.13333333333333333
sentiment,1,0,0,0,0,0,0,0,0,0,0,0,0,0,0,1,1,0.0,9,1,sentiment,6.99154023631406e-05,0.35279251707864995,0.06666666666666667
closely,0,0,0,1,0,0,0,0,0,0,0,0,0,0,0,1,1,0.0,7,1,closely,6.99154023631406e-05,0.35279251707864995,0.06666666666666667
product,1,0,0,0,0,0,0,0,0,0,0,0,0,0,0,1,1,0.0,7,1,product,6.99154023631406e-05,0.35279251707864995,0.06666666666666667
inevitability,1,0,0,0,0,0,0,0,0,0,0,0,0,0,0,1,1,0.0,13,1,inevitability,6.99154023631406e-05,0.35279251707864995,0.06666666666666667
contingency,1,0,0,0,0,0,0,0,0,0,0,0,0,0,0,1,1,0.0,11,1,contingency,6.99154023631406e-05,0.35279251707864995,0.06666666666666667
domestically,0,0,0,1,0,0,0,0,0,0,0,0,0,0,0,1,1,0.0,12,1,domestically,6.99154023631406e-05,0.35279251707864995,0.06666666666666667
resulted,0,1,0,0,0,0,0,0,0,0,0,0,0,0,0,1,1,0.0,8,1,resulted,6.99154023631406e-05,0.35279251707864995,0.06666666666666667
frequent,0,1,1,0,0,0,0,0,0,0,0,0,0,0,0,1,1,0.0,8,1,frequent,6.99154023631406e-05,0.35279251707864995,0.13333333333333333
propositions,0,1,0,0,0,0,0,0,0,0,0,0,0,0,0,1,1,0.0,12,1,propositions,6.99154023631406e-05,0.35279251707864995,0.06666666666666667
showed,0,1,0,0,0,0,0,0,0,0,0,0,0,0,0,1,1,0.0,6,1,showed,6.99154023631406e-05,0.35279251707864995,0.06666666666666667
attitude,1,0,0,0,0,0,0,0,0,0,0,0,0,0,0,1,1,0.0,8,1,attitude,6.99154023631406e-05,0.35279251707864995,0.06666666666666667
unhappy,0,0,1,0,0,0,0,0,0,0,0,0,0,0,0,1,1,0.0,7,1,unhappy,6.99154023631406e-05,0.35279251707864995,0.06666666666666667
aroused,0,1,1,0,0,0,0,0,0,0,0,0,0,0,0,1,1,0.0,7,1,aroused,6.99154023631406e-05,0.35279251707864995,0.13333333333333333
resentment,1,0,0,0,0,0,0,0,0,0,0,0,0,0,0,1,1,0.0,10,1,resentment,6.99154023631406e-05,0.35279251707864995,0.06666666666666667
addition,1,0,0,0,0,0,0,0,0,0,0,0,0,0,0,1,1,0.0,8,1,addition,6.99154023631406e-05,0.35279251707864995,0.06666666666666667
best,1,0,1,1,0,0,0,0,0,0,0,0,0,0,0,1,1,0.0,4,1,best,6.99154023631406e-05,0.35279251707864995,0.2
collectively,0,0,0,1,0,0,0,0,0,0,0,0,0,0,0,1,1,0.0,12,1,collectively,6.99154023631406e-05,0.35279251707864995,0.06666666666666667
limited,0,0,1,0,0,0,0,0,0,0,0,0,0,0,0,1,1,0.0,7,1,limited,6.99154023631406e-05,0.35279251707864995,0.06666666666666667
holds,1,1,0,0,0,0,0,0,0,0,0,0,0,0,0,1,1,0.0,5,1,holds,6.99154023631406e-05,0.35279251707864995,0.13333333333333333
unity,0,0,0,0,0,0,0,0,0,0,0,0,0,0,0,1,1,0.0,5,1,unity,6.99154023631406e-05,0.35279251707864995,0.0
border,1,1,0,0,0,0,0,0,0,0,0,0,0,0,0,1,1,0.0,6,1,border,6.99154023631406e-05,0.35279251707864995,0.13333333333333333
neutrality,1,0,0,0,0,0,0,0,0,0,0,0,0,0,0,1,1,0.0,10,1,neutrality,6.99154023631406e-05,0.35279251707864995,0.06666666666666667
countered,0,0,0,0,0,0,0,0,0,0,0,0,0,0,0,1,1,0.0,9,1,countered,6.99154023631406e-05,0.35279251707864995,0.0
leonid,1,0,0,0,0,0,0,0,0,0,0,0,0,0,0,1,1,0.0,6,1,leonid,6.99154023631406e-05,0.35279251707864995,0.06666666666666667
founding,0,1,0,0,0,0,0,0,0,0,0,0,0,0,0,1,1,0.0,8,1,founding,6.99154023631406e-05,0.35279251707864995,0.06666666666666667
wave,1,1,0,0,0,0,0,0,0,0,0,0,0,0,0,1,1,0.0,4,1,wave,6.99154023631406e-05,0.35279251707864995,0.13333333333333333
treats,1,1,0,0,0,0,0,0,0,0,0,0,0,0,0,1,1,0.0,6,1,treats,6.99154023631406e-05,0.35279251707864995,0.13333333333333333
internationalism,1,0,0,0,0,0,0,0,0,0,0,0,0,0,0,1,1,0.0,16,1,internationalism,6.99154023631406e-05,0.35279251707864995,0.06666666666666667
brezhnevism,0,0,0,0,0,0,0,0,0,0,0,0,0,0,0,1,1,0.0,11,1,brezhnevism,6.99154023631406e-05,0.35279251707864995,0.0
actually,0,0,0,1,0,0,0,0,0,0,0,0,0,0,0,1,1,0.0,8,1,actually,6.99154023631406e-05,0.35279251707864995,0.06666666666666667
undermined,0,0,0,0,0,0,0,0,0,0,0,0,0,0,0,1,1,0.0,10,1,undermined,6.99154023631406e-05,0.35279251707864995,0.0
exacerbating,0,1,1,0,0,0,0,0,0,0,0,0,0,0,0,1,1,0.0,12,1,exacerbating,6.99154023631406e-05,0.35279251707864995,0.13333333333333333
liberalism,1,0,1,0,0,0,0,0,0,0,0,0,0,0,0,1,1,0.0,10,1,liberalism,6.99154023631406e-05,0.35279251707864995,0.13333333333333333
higher,0,0,1,0,0,0,0,0,0,0,0,0,0,0,0,1,1,0.0,6,1,higher,6.99154023631406e-05,0.35279251707864995,0.06666666666666667
very,0,0,1,1,0,0,0,0,0,0,0,0,0,0,0,1,1,0.0,4,1,very,6.99154023631406e-05,0.35279251707864995,0.13333333333333333
roots,1,1,0,0,0,0,0,0,0,0,0,0,0,0,0,1,1,0.0,5,1,roots,6.99154023631406e-05,0.35279251707864995,0.13333333333333333
john,1,0,0,0,0,0,0,0,0,0,0,0,0,0,0,1,1,0.0,4,1,john,6.99154023631406e-05,0.35279251707864995,0.06666666666666667
locke,1,0,0,0,0,0,0,0,0,0,0,0,0,0,0,1,1,0.0,5,1,locke,6.99154023631406e-05,0.35279251707864995,0.06666666666666667
emphasize,0,0,0,0,0,0,0,0,0,0,0,0,0,0,0,1,1,0.0,9,1,emphasize,6.99154023631406e-05,0.35279251707864995,0.0
individual,1,0,1,0,0,0,0,0,0,0,0,0,0,0,0,1,1,0.0,10,1,individual,6.99154023631406e-05,0.35279251707864995,0.13333333333333333
linking,0,0,0,0,0,0,0,0,0,0,0,0,0,0,0,1,1,0.0,7,1,linking,6.99154023631406e-05,0.35279251707864995,0.0
obligation,1,0,0,0,0,0,0,0,0,0,0,0,0,0,0,1,1,0.0,10,1,obligation,6.99154023631406e-05,0.35279251707864995,0.06666666666666667
leninism,1,0,1,0,0,0,0,0,0,0,0,0,0,0,0,1,1,0.0,8,1,leninism,6.99154023631406e-05,0.35279251707864995,0.13333333333333333
exploitation,1,0,0,0,0,0,0,0,0,0,0,0,0,0,0,1,1,0.0,12,1,exploitation,6.99154023631406e-05,0.35279251707864995,0.06666666666666667
rooted,0,1,1,0,0,0,0,0,0,0,0,0,0,0,0,1,1,0.0,6,1,rooted,6.99154023631406e-05,0.35279251707864995,0.13333333333333333
participation,1,0,0,0,0,0,0,0,0,0,0,0,0,0,0,1,1,0.0,13,1,participation,6.99154023631406e-05,0.35279251707864995,0.06666666666666667
expansive,0,0,1,0,0,0,0,0,0,0,0,0,0,0,0,1,1,0.0,9,1,expansive,6.99154023631406e-05,0.35279251707864995,0.06666666666666667
style,1,1,0,0,0,0,0,0,0,0,0,0,0,0,0,1,1,0.0,5,1,style,6.99154023631406e-05,0.35279251707864995,0.13333333333333333
heated,0,1,1,0,0,0,0,0,0,0,0,0,0,0,0,1,1,0.0,6,1,heated,6.99154023631406e-05,0.35279251707864995,0.13333333333333333
revolt,1,1,0,0,0,0,0,0,0,0,0,0,0,0,0,1,1,0.0,6,1,revolt,6.99154023631406e-05,0.35279251707864995,0.13333333333333333
standing,1,1,1,0,0,0,0,0,0,0,0,0,0,0,0,1,1,0.0,8,1,standing,6.99154023631406e-05,0.35279251707864995,0.2
objectives,1,0,0,0,0,0,0,0,0,0,0,0,0,0,0,1,1,0.0,10,1,objectives,6.99154023631406e-05,0.35279251707864995,0.06666666666666667
bulgaria,1,0,0,0,0,0,0,0,0,0,0,0,0,0,0,1,1,0.0,8,1,bulgaria,6.99154023631406e-05,0.35279251707864995,0.06666666666666667
hungary,1,0,0,0,0,0,0,0,0,0,0,0,0,0,0,1,1,0.0,7,1,hungary,6.99154023631406e-05,0.35279251707864995,0.06666666666666667
poland,1,0,0,0,0,0,0,0,0,0,0,0,0,0,0,1,1,0.0,6,1,poland,6.99154023631406e-05,0.35279251707864995,0.06666666666666667
powers',0,0,0,0,0,0,0,0,0,0,0,0,0,0,0,1,1,0.0,7,1,powers',6.99154023631406e-05,0.35279251707864995,0.0
hindered,0,0,0,0,0,0,0,0,0,0,0,0,0,0,0,1,1,0.0,8,1,hindered,6.99154023631406e-05,0.35279251707864995,0.0
caught,0,1,0,0,0,0,0,0,0,0,0,0,0,0,0,1,1,0.0,6,1,caught,6.99154023631406e-05,0.35279251707864995,0.06666666666666667
pay,1,1,0,0,0,0,0,0,0,0,0,0,0,0,0,1,1,0.0,3,1,pay,6.99154023631406e-05,0.35279251707864995,0.13333333333333333
achievement,1,0,0,0,0,0,0,0,0,0,0,0,0,0,0,1,1,0.0,11,1,achievement,6.99154023631406e-05,0.35279251707864995,0.06666666666666667
partnership,1,0,0,0,0,0,0,0,0,0,0,0,0,0,0,1,1,0.0,11,1,partnership,6.99154023631406e-05,0.35279251707864995,0.06666666666666667
affecting,0,1,1,0,0,0,0,0,0,0,0,0,0,0,0,1,1,0.0,9,1,affecting,6.99154023631406e-05,0.35279251707864995,0.13333333333333333
kept,0,1,1,0,0,0,0,0,0,0,0,0,0,0,0,1,1,0.0,4,1,kept,6.99154023631406e-05,0.35279251707864995,0.13333333333333333
uneasy,0,0,1,0,0,0,0,0,0,0,0,0,0,0,0,1,1,0.0,6,1,uneasy,6.99154023631406e-05,0.35279251707864995,0.06666666666666667
instead,0,0,0,1,0,0,0,0,0,0,0,0,0,0,0,1,1,0.0,7,1,instead,6.99154023631406e-05,0.35279251707864995,0.06666666666666667
popular,0,0,1,0,0,0,0,0,0,0,0,0,0,0,0,1,1,0.0,7,1,popular,6.99154023631406e-05,0.35279251707864995,0.06666666666666667
reduce,0,1,0,0,0,0,0,0,0,0,0,0,0,0,0,1,1,0.0,6,1,reduce,6.99154023631406e-05,0.35279251707864995,0.06666666666666667
commensurate,0,0,1,0,0,0,0,0,0,0,0,0,0,0,0,1,1,0.0,12,1,commensurate,6.99154023631406e-05,0.35279251707864995,0.06666666666666667
outlined,0,0,1,0,0,0,0,0,0,0,0,0,0,0,0,1,1,0.0,8,1,outlined,6.99154023631406e-05,0.35279251707864995,0.06666666666666667
unofficial,0,0,1,0,0,0,0,0,0,0,0,0,0,0,0,1,1,0.0,10,1,unofficial,6.99154023631406e-05,0.35279251707864995,0.06666666666666667
press,1,1,0,0,0,0,0,0,0,0,0,0,0,0,0,1,1,0.0,5,1,press,6.99154023631406e-05,0.35279251707864995,0.13333333333333333
grave,1,0,1,1,0,0,0,0,0,0,0,0,0,0,0,1,1,0.0,5,1,grave,6.99154023631406e-05,0.35279251707864995,0.2
combat,1,0,0,0,0,0,0,0,0,0,0,0,0,0,0,1,1,0.0,6,1,combat,6.99154023631406e-05,0.35279251707864995,0.06666666666666667
behalf,1,0,0,0,0,0,0,0,0,0,0,0,0,0,0,1,1,0.0,6,1,behalf,6.99154023631406e-05,0.35279251707864995,0.06666666666666667
summed,0,0,0,0,0,0,0,0,0,0,0,0,0,0,0,1,1,0.0,6,1,summed,6.99154023631406e-05,0.35279251707864995,0.0
partner,1,1,0,0,0,0,0,0,0,0,0,0,0,0,0,1,1,0.0,7,1,partner,6.99154023631406e-05,0.35279251707864995,0.13333333333333333
negotiation,1,0,0,0,0,0,0,0,0,0,0,0,0,0,0,1,1,0.0,11,1,negotiation,6.99154023631406e-05,0.35279251707864995,0.06666666666666667
ceased,0,0,0,0,0,0,0,0,0,0,0,0,0,0,0,1,1,0.0,6,1,ceased,6.99154023631406e-05,0.35279251707864995,0.0
commitment,1,0,0,0,0,0,0,0,0,0,0,0,0,0,0,1,1,0.0,10,1,commitment,6.99154023631406e-05,0.35279251707864995,0.06666666666666667
deploy,1,1,0,0,0,0,0,0,0,0,0,0,0,0,0,1,1,0.0,6,1,deploy,6.99154023631406e-05,0.35279251707864995,0.13333333333333333
centers,1,1,0,0,0,0,0,0,0,0,0,0,0,0,0,1,1,0.0,7,1,centers,6.99154023631406e-05,0.35279251707864995,0.13333333333333333
multilateral,0,0,1,0,0,0,0,0,0,0,0,0,0,0,0,1,1,0.0,12,1,multilateral,6.99154023631406e-05,0.35279251707864995,0.06666666666666667
greatest,0,0,1,0,0,0,0,0,0,0,0,0,0,0,0,1,1,0.0,8,1,greatest,6.99154023631406e-05,0.35279251707864995,0.06666666666666667
pursuing,0,1,1,0,0,0,0,0,0,0,0,0,0,0,0,1,1,0.0,8,1,pursuing,6.99154023631406e-05,0.35279251707864995,0.13333333333333333
encouraging,0,1,1,0,0,0,0,0,0,0,0,0,0,0,0,1,1,0.0,11,1,encouraging,6.99154023631406e-05,0.35279251707864995,0.13333333333333333
air,1,1,1,0,0,0,0,0,0,0,0,0,0,0,0,1,1,0.0,3,1,air,6.99154023631406e-05,0.35279251707864995,0.2
naval,0,0,1,0,0,0,0,0,0,0,0,0,0,0,0,1,1,0.0,5,1,naval,6.99154023631406e-05,0.35279251707864995,0.06666666666666667
engage,0,1,0,0,0,0,0,0,0,0,0,0,0,0,0,1,1,0.0,6,1,engage,6.99154023631406e-05,0.35279251707864995,0.06666666666666667
believing,1,1,0,0,0,0,0,0,0,0,0,0,0,0,0,1,1,0.0,9,1,believing,6.99154023631406e-05,0.35279251707864995,0.13333333333333333
woes,1,0,0,0,0,0,0,0,0,0,0,0,0,0,0,1,1,0.0,4,1,woes,6.99154023631406e-05,0.35279251707864995,0.06666666666666667
manifestation,1,0,0,0,0,0,0,0,0,0,0,0,0,0,0,1,1,0.0,13,1,manifestation,6.99154023631406e-05,0.35279251707864995,0.06666666666666667
harms,1,1,0,0,0,0,0,0,0,0,0,0,0,0,0,1,1,0.0,5,1,harms,6.99154023631406e-05,0.35279251707864995,0.13333333333333333
expansionist,1,0,1,0,0,0,0,0,0,0,0,0,0,0,0,1,1,0.0,12,1,expansionist,6.99154023631406e-05,0.35279251707864995,0.13333333333333333
realistic,0,0,1,0,0,0,0,0,0,0,0,0,0,0,0,1,1,0.0,9,1,realistic,6.99154023631406e-05,0.35279251707864995,0.06666666666666667
connotations,1,0,0,0,0,0,0,0,0,0,0,0,0,0,0,1,1,0.0,12,1,connotations,6.99154023631406e-05,0.35279251707864995,0.06666666666666667
relative,1,0,1,0,0,0,0,0,0,0,0,0,0,0,0,1,1,0.0,8,1,relative,6.99154023631406e-05,0.35279251707864995,0.13333333333333333
stages,1,1,0,0,0,0,0,0,0,0,0,0,0,0,0,1,1,0.0,6,1,stages,6.99154023631406e-05,0.35279251707864995,0.13333333333333333
bogged,0,0,0,0,0,0,0,0,0,0,0,0,0,0,0,1,1,0.0,6,1,bogged,6.99154023631406e-05,0.35279251707864995,0.0
guerrilla,1,0,1,0,0,0,0,0,0,0,0,0,0,0,0,1,1,0.0,9,1,guerrilla,6.99154023631406e-05,0.35279251707864995,0.13333333333333333
almost,1,0,0,1,0,0,0,0,0,0,0,0,0,0,0,1,1,0.0,6,1,almost,6.99154023631406e-05,0.35279251707864995,0.13333333333333333
decade,1,0,0,0,0,0,0,0,0,0,0,0,0,0,0,1,1,0.0,6,1,decade,6.99154023631406e-05,0.35279251707864995,0.06666666666666667
taliban,1,0,0,0,0,0,0,0,0,0,0,0,0,0,0,1,1,0.0,7,1,taliban,6.99154023631406e-05,0.35279251707864995,0.06666666666666667
al,0,0,0,0,0,0,0,0,0,0,0,0,0,0,0,1,1,0.0,2,0,al,6.99154023631406e-05,0.35279251707864995,0.0
qaeda,0,0,0,0,0,0,0,0,0,0,0,0,0,0,0,1,1,0.0,5,1,qaeda,6.99154023631406e-05,0.35279251707864995,0.0
seek,1,1,0,0,0,0,0,0,0,0,0,0,0,0,0,1,1,0.0,4,1,seek,6.99154023631406e-05,0.35279251707864995,0.13333333333333333
trip,1,1,0,0,0,0,0,0,0,0,0,0,0,0,0,1,1,0.0,4,1,trip,6.99154023631406e-05,0.35279251707864995,0.13333333333333333
relationships,1,0,0,0,0,0,0,0,0,0,0,0,0,0,0,1,1,0.0,13,1,relationships,6.99154023631406e-05,0.35279251707864995,0.06666666666666667
persisted,0,1,0,0,0,0,0,0,0,0,0,0,0,0,0,1,1,0.0,9,1,persisted,6.99154023631406e-05,0.35279251707864995,0.06666666666666667
decades,1,0,0,0,0,0,0,0,0,0,0,0,0,0,0,1,1,0.0,7,1,decades,6.99154023631406e-05,0.35279251707864995,0.06666666666666667
lasting,1,1,1,0,0,0,0,0,0,0,0,0,0,0,0,1,1,0.0,7,1,lasting,6.99154023631406e-05,0.35279251707864995,0.2
communication,1,0,0,0,0,0,0,0,0,0,0,0,0,0,0,1,1,0.0,13,1,communication,6.99154023631406e-05,0.35279251707864995,0.06666666666666667
arteries,1,0,0,0,0,0,0,0,0,0,0,0,0,0,0,1,1,0.0,8,1,arteries,6.99154023631406e-05,0.35279251707864995,0.06666666666666667
located,0,1,1,0,0,0,0,0,0,0,0,0,0,0,0,1,1,0.0,7,1,located,6.99154023631406e-05,0.35279251707864995,0.13333333333333333
connecting,0,1,1,0,0,0,0,0,0,0,0,0,0,0,0,1,1,0.0,10,1,connecting,6.99154023631406e-05,0.35279251707864995,0.13333333333333333
traditionally,0,0,0,1,0,0,0,0,0,0,0,0,0,0,0,1,1,0.0,13,1,traditionally,6.99154023631406e-05,0.35279251707864995,0.06666666666666667
barrier,1,0,0,0,0,0,0,0,0,0,0,0,0,0,0,1,1,0.0,7,1,barrier,6.99154023631406e-05,0.35279251707864995,0.06666666666666667
entry,1,0,0,0,0,0,0,0,0,0,0,0,0,0,0,1,1,0.0,5,1,entry,6.99154023631406e-05,0.35279251707864995,0.06666666666666667
eurasia,1,0,0,0,0,0,0,0,0,0,0,0,0,0,0,1,1,0.0,7,1,eurasia,6.99154023631406e-05,0.35279251707864995,0.06666666666666667
block,1,1,0,0,0,0,0,0,0,0,0,0,0,0,0,1,1,0.0,5,1,block,6.99154023631406e-05,0.35279251707864995,0.13333333333333333
lightened,0,0,0,0,0,0,0,0,0,0,0,0,0,0,0,1,1,0.0,9,1,lightened,6.99154023631406e-05,0.35279251707864995,0.0
turned,0,1,1,0,0,0,0,0,0,0,0,0,0,0,0,1,1,0.0,6,1,turned,6.99154023631406e-05,0.35279251707864995,0.13333333333333333
authorities,1,0,0,0,0,0,0,0,0,0,0,0,0,0,0,1,1,0.0,11,1,authorities,6.99154023631406e-05,0.35279251707864995,0.06666666666666667
rigid,0,0,1,0,0,0,0,0,0,0,0,0,0,0,0,1,1,0.0,5,1,rigid,6.99154023631406e-05,0.35279251707864995,0.06666666666666667
directions,1,0,0,0,0,0,0,0,0,0,0,0,0,0,0,1,1,0.0,10,1,directions,6.99154023631406e-05,0.35279251707864995,0.06666666666666667
predominantly,0,0,0,1,0,0,0,0,0,0,0,0,0,0,0,1,1,0.0,13,1,predominantly,6.99154023631406e-05,0.35279251707864995,0.06666666666666667
races,1,1,0,0,0,0,0,0,0,0,0,0,0,0,0,1,1,0.0,5,1,races,6.99154023631406e-05,0.35279251707864995,0.13333333333333333
efforts,1,0,0,0,0,0,0,0,0,0,0,0,0,0,0,1,1,0.0,7,1,efforts,6.99154023631406e-05,0.35279251707864995,0.06666666666666667
unprecedentedly,0,0,0,1,0,0,0,0,0,0,0,0,0,0,0,1,1,0.0,15,1,unprecedentedly,6.99154023631406e-05,0.35279251707864995,0.06666666666666667
compromise,1,1,0,0,0,0,0,0,0,0,0,0,0,0,0,1,1,0.0,10,1,compromise,6.99154023631406e-05,0.35279251707864995,0.13333333333333333
associated,0,1,1,0,0,0,0,0,0,0,0,0,0,0,0,1,1,0.0,10,1,associated,6.99154023631406e-05,0.35279251707864995,0.13333333333333333
titled,0,0,1,0,0,0,0,0,0,0,0,0,0,0,0,1,1,0.0,6,1,titled,6.99154023631406e-05,0.35279251707864995,0.06666666666666667
pillars,1,0,0,0,0,0,0,0,0,0,0,0,0,0,0,1,1,0.0,7,1,pillars,6.99154023631406e-05,0.35279251707864995,0.06666666666666667
leonard,1,0,0,0,0,0,0,0,0,0,0,0,0,0,0,1,1,0.0,7,1,leonard,6.99154023631406e-05,0.35279251707864995,0.06666666666666667
spencer,1,0,0,0,0,0,0,0,0,0,0,0,0,0,0,1,1,0.0,7,1,spencer,6.99154023631406e-05,0.35279251707864995,0.06666666666666667
westminster,1,0,0,0,0,0,0,0,0,0,0,0,0,0,0,1,1,0.0,11,1,westminster,6.99154023631406e-05,0.35279251707864995,0.06666666666666667
program's,0,0,0,0,0,0,0,0,0,0,0,0,0,0,0,1,1,0.0,9,1,program's,6.99154023631406e-05,0.35279251707864995,0.0
belgrade,1,0,0,0,0,0,0,0,0,0,0,0,0,0,0,1,1,0.0,8,1,belgrade,6.99154023631406e-05,0.35279251707864995,0.06666666666666667
bucharest,1,0,0,0,0,0,0,0,0,0,0,0,0,0,0,1,1,0.0,9,1,bucharest,6.99154023631406e-05,0.35279251707864995,0.06666666666666667
college,1,0,0,0,0,0,0,0,0,0,0,0,0,0,0,1,1,0.0,7,1,college,6.99154023631406e-05,0.35279251707864995,0.06666666666666667
fulton,1,0,0,0,0,0,0,0,0,0,0,0,0,0,0,1,1,0.0,6,1,fulton,6.99154023631406e-05,0.35279251707864995,0.06666666666666667
szczecin,0,0,0,0,0,0,0,0,0,0,0,0,0,0,0,1,1,0.0,8,1,szczecin,6.99154023631406e-05,0.35279251707864995,0.0
trieste,0,0,0,0,0,0,0,0,0,0,0,0,0,0,0,1,1,0.0,7,1,trieste,6.99154023631406e-05,0.35279251707864995,0.0
adriatic,1,0,1,0,0,0,0,0,0,0,0,0,0,0,0,1,1,0.0,8,1,adriatic,6.99154023631406e-05,0.35279251707864995,0.13333333333333333
lowered,0,0,1,0,0,0,0,0,0,0,0,0,0,0,0,1,1,0.0,7,1,lowered,6.99154023631406e-05,0.35279251707864995,0.06666666666666667
particularly,0,0,0,1,0,0,0,0,0,0,0,0,0,0,0,1,1,0.0,12,1,particularly,6.99154023631406e-05,0.35279251707864995,0.06666666666666667
harvard,1,0,0,0,0,0,0,0,0,0,0,0,0,0,0,1,1,0.0,7,1,harvard,6.99154023631406e-05,0.35279251707864995,0.06666666666666667
renaissance,1,0,0,0,0,0,0,0,0,0,0,0,0,0,0,1,1,0.0,11,1,renaissance,6.99154023631406e-05,0.35279251707864995,0.06666666666666667
elements,1,0,0,0,0,0,0,0,0,0,0,0,0,0,0,1,1,0.0,8,1,elements,6.99154023631406e-05,0.35279251707864995,0.06666666666666667
technical,1,0,1,0,0,0,0,0,0,0,0,0,0,0,0,1,1,0.0,9,1,technical,6.99154023631406e-05,0.35279251707864995,0.13333333333333333
ancient,1,0,1,0,0,0,0,0,0,0,0,0,0,0,0,1,1,0.0,7,1,ancient,6.99154023631406e-05,0.35279251707864995,0.13333333333333333
vienna,1,0,0,0,0,0,0,0,0,0,0,0,0,0,0,1,1,0.0,6,1,vienna,6.99154023631406e-05,0.35279251707864995,0.06666666666666667
budapest,1,0,0,0,0,0,0,0,0,0,0,0,0,0,0,1,1,0.0,8,1,budapest,6.99154023631406e-05,0.35279251707864995,0.06666666666666667
participants,1,0,0,0,0,0,0,0,0,0,0,0,0,0,0,1,1,0.0,12,1,participants,6.99154023631406e-05,0.35279251707864995,0.06666666666666667
consideration,1,0,0,0,0,0,0,0,0,0,0,0,0,0,0,1,1,0.0,13,1,consideration,6.99154023631406e-05,0.35279251707864995,0.06666666666666667
captured,0,1,0,0,0,0,0,0,0,0,0,0,0,0,0,1,1,0.0,8,1,captured,6.99154023631406e-05,0.35279251707864995,0.06666666666666667
islamic,0,0,1,0,0,0,0,0,0,0,0,0,0,0,0,1,1,0.0,7,1,islamic,6.99154023631406e-05,0.35279251707864995,0.06666666666666667
reinforced,0,1,1,0,0,0,0,0,0,0,0,0,0,0,0,1,1,0.0,10,1,reinforced,6.99154023631406e-05,0.35279251707864995,0.13333333333333333
highlighted,0,1,0,0,0,0,0,0,0,0,0,0,0,0,0,1,1,0.0,11,1,highlighted,6.99154023631406e-05,0.35279251707864995,0.06666666666666667
fighting,1,1,1,0,0,0,0,0,0,0,0,0,0,0,0,1,1,0.0,8,1,fighting,6.99154023631406e-05,0.35279251707864995,0.2
concealed,0,1,1,0,0,0,0,0,0,0,0,0,0,0,0,1,1,0.0,9,1,concealed,6.99154023631406e-05,0.35279251707864995,0.13333333333333333
groundwork,1,0,0,0,0,0,0,0,0,0,0,0,0,0,0,1,1,0.0,10,1,groundwork,6.99154023631406e-05,0.35279251707864995,0.06666666666666667
aggressive,0,0,1,0,0,0,0,0,0,0,0,0,0,0,0,1,1,0.0,10,1,aggressive,6.99154023631406e-05,0.35279251707864995,0.06666666666666667
inclined,0,1,1,0,0,0,0,0,0,0,0,0,0,0,0,1,1,0.0,8,1,inclined,6.99154023631406e-05,0.35279251707864995,0.13333333333333333
makes,1,1,0,0,0,0,0,0,0,0,0,0,0,0,0,1,1,0.0,5,1,makes,6.99154023631406e-05,0.35279251707864995,0.13333333333333333
determination,1,0,0,0,0,0,0,0,0,0,0,0,0,0,0,1,1,0.0,13,1,determination,6.99154023631406e-05,0.35279251707864995,0.06666666666666667
ensuring,0,0,0,0,0,0,0,0,0,0,0,0,0,0,0,1,1,0.0,8,1,ensuring,6.99154023631406e-05,0.35279251707864995,0.0
swift,1,0,1,1,0,0,0,0,0,0,0,0,0,0,0,1,1,0.0,5,1,swift,6.99154023631406e-05,0.35279251707864995,0.2
region's,0,0,0,0,0,0,0,0,0,0,0,0,0,0,0,1,1,0.0,8,1,region's,6.99154023631406e-05,0.35279251707864995,0.0
come,0,1,0,0,0,0,0,0,0,0,0,0,0,0,0,1,1,0.0,4,1,come,6.99154023631406e-05,0.35279251707864995,0.06666666666666667
gone,0,1,1,0,0,0,0,0,0,0,0,0,0,0,0,1,1,0.0,4,1,gone,6.99154023631406e-05,0.35279251707864995,0.13333333333333333
discussions,1,0,0,0,0,0,0,0,0,0,0,0,0,0,0,1,1,0.0,11,1,discussions,6.99154023631406e-05,0.35279251707864995,0.06666666666666667
laying,1,1,0,0,0,0,0,0,0,0,0,0,0,0,0,1,1,0.0,6,1,laying,6.99154023631406e-05,0.35279251707864995,0.13333333333333333
hostility,1,0,0,0,0,0,0,0,0,0,0,0,0,0,0,1,1,0.0,9,1,hostility,6.99154023631406e-05,0.35279251707864995,0.06666666666666667
office,1,0,0,0,0,0,0,0,0,0,0,0,0,0,0,1,1,0.0,6,1,office,6.99154023631406e-05,0.35279251707864995,0.06666666666666667
types,1,1,0,0,0,0,0,0,0,0,0,0,0,0,0,1,1,0.0,5,1,types,6.99154023631406e-05,0.35279251707864995,0.13333333333333333
budget,1,1,0,0,0,0,0,0,0,0,0,0,0,0,0,1,1,0.0,6,1,budget,6.99154023631406e-05,0.35279251707864995,0.13333333333333333
slowly,0,0,0,1,0,0,0,0,0,0,0,0,0,0,0,1,1,0.0,6,1,slowly,6.99154023631406e-05,0.35279251707864995,0.06666666666666667
introduced,0,1,0,0,0,0,0,0,0,0,0,0,0,0,0,1,1,0.0,10,1,introduced,6.99154023631406e-05,0.35279251707864995,0.06666666666666667
clarified,0,1,1,0,0,0,0,0,0,0,0,0,0,0,0,1,1,0.0,9,1,clarified,6.99154023631406e-05,0.35279251707864995,0.13333333333333333
tremendous,0,0,1,0,0,0,0,0,0,0,0,0,0,0,0,1,1,0.0,10,1,tremendous,6.99154023631406e-05,0.35279251707864995,0.06666666666666667
scholars,1,0,0,0,0,0,0,0,0,0,0,0,0,0,0,1,1,0.0,8,1,scholars,6.99154023631406e-05,0.35279251707864995,0.06666666666666667
students,1,0,0,0,0,0,0,0,0,0,0,0,0,0,0,1,1,0.0,8,1,students,6.99154023631406e-05,0.35279251707864995,0.06666666666666667
personnel,0,0,0,0,0,0,0,0,0,0,0,0,0,0,0,1,1,0.0,9,1,personnel,6.99154023631406e-05,0.35279251707864995,0.0
frequently,0,0,0,1,0,0,0,0,0,0,0,0,0,0,0,1,1,0.0,10,1,frequently,6.99154023631406e-05,0.35279251707864995,0.06666666666666667
attuned,0,1,1,0,0,0,0,0,0,0,0,0,0,0,0,1,1,0.0,7,1,attuned,6.99154023631406e-05,0.35279251707864995,0.13333333333333333
entered,0,0,0,0,0,0,0,0,0,0,0,0,0,0,0,1,1,0.0,7,1,entered,6.99154023631406e-05,0.35279251707864995,0.0
khomeini,1,0,0,0,0,0,0,0,0,0,0,0,0,0,0,1,1,0.0,8,1,khomeini,6.99154023631406e-05,0.35279251707864995,0.06666666666666667
tough,1,0,1,1,0,0,0,0,0,0,0,0,0,0,0,1,1,0.0,5,1,tough,6.99154023631406e-05,0.35279251707864995,0.2
crucial,0,0,1,0,0,0,0,0,0,0,0,0,0,0,0,1,1,0.0,7,1,crucial,6.99154023631406e-05,0.35279251707864995,0.06666666666666667
consistently,0,0,0,1,0,0,0,0,0,0,0,0,0,0,0,1,1,0.0,12,1,consistently,6.99154023631406e-05,0.35279251707864995,0.06666666666666667
friendship,1,0,0,0,0,0,0,0,0,0,0,0,0,0,0,1,1,0.0,10,1,friendship,6.99154023631406e-05,0.35279251707864995,0.06666666666666667
peoples,1,1,0,0,0,0,0,0,0,0,0,0,0,0,0,1,1,0.0,7,1,peoples,6.99154023631406e-05,0.35279251707864995,0.13333333333333333
intensifying,0,1,1,0,0,0,0,0,0,0,0,0,0,0,0,1,1,0.0,12,1,intensifying,6.99154023631406e-05,0.35279251707864995,0.13333333333333333
grants,1,1,0,0,0,0,0,0,0,0,0,0,0,0,0,1,1,0.0,6,1,grants,6.99154023631406e-05,0.35279251707864995,0.13333333333333333
infrastructure,1,0,0,0,0,0,0,0,0,0,0,0,0,0,0,1,1,0.0,14,1,infrastructure,6.99154023631406e-05,0.35279251707864995,0.06666666666666667
agricultural,0,0,1,0,0,0,0,0,0,0,0,0,0,0,0,1,1,0.0,12,1,agricultural,6.99154023631406e-05,0.35279251707864995,0.06666666666666667
june,1,0,0,0,0,0,0,0,0,0,0,0,0,0,0,1,1,0.0,4,1,june,6.99154023631406e-05,0.35279251707864995,0.06666666666666667
secretary,1,0,0,0,0,0,0,0,0,0,0,0,0,0,0,1,1,0.0,9,1,secretary,6.99154023631406e-05,0.35279251707864995,0.06666666666666667
george,1,0,0,0,0,0,0,0,0,0,0,0,0,0,0,1,1,0.0,6,1,george,6.99154023631406e-05,0.35279251707864995,0.06666666666666667
collaboration,1,0,0,0,0,0,0,0,0,0,0,0,0,0,0,1,1,0.0,13,1,collaboration,6.99154023631406e-05,0.35279251707864995,0.06666666666666667
needed,0,1,1,0,0,0,0,0,0,0,0,0,0,0,0,1,1,0.0,6,1,needed,6.99154023631406e-05,0.35279251707864995,0.13333333333333333
increase,1,1,0,0,0,0,0,0,0,0,0,0,0,0,0,1,1,0.0,8,1,increase,6.99154023631406e-05,0.35279251707864995,0.13333333333333333
connections,0,0,0,0,0,0,0,0,0,0,0,0,0,0,0,1,1,0.0,11,1,connections,6.99154023631406e-05,0.35279251707864995,0.0
solidify,0,1,0,0,0,0,0,0,0,0,0,0,0,0,0,1,1,0.0,8,1,solidify,6.99154023631406e-05,0.35279251707864995,0.06666666666666667
formulate,0,1,0,0,0,0,0,0,0,0,0,0,0,0,0,1,1,0.0,9,1,formulate,6.99154023631406e-05,0.35279251707864995,0.06666666666666667
unified,0,1,1,0,0,0,0,0,0,0,0,0,0,0,0,1,1,0.0,7,1,unified,6.99154023631406e-05,0.35279251707864995,0.13333333333333333
hopes,1,1,0,0,0,0,0,0,0,0,0,0,0,0,0,1,1,0.0,5,1,hopes,6.99154023631406e-05,0.35279251707864995,0.13333333333333333
integration,1,0,0,0,0,0,0,0,0,0,0,0,0,0,0,1,1,0.0,11,1,integration,6.99154023631406e-05,0.35279251707864995,0.06666666666666667
positively,0,0,0,1,0,0,0,0,0,0,0,0,0,0,0,1,1,0.0,10,1,positively,6.99154023631406e-05,0.35279251707864995,0.06666666666666667
impacting,0,1,0,0,0,0,0,0,0,0,0,0,0,0,0,1,1,0.0,9,1,impacting,6.99154023631406e-05,0.35279251707864995,0.06666666666666667
maintenance,1,0,0,0,0,0,0,0,0,0,0,0,0,0,0,1,1,0.0,11,1,maintenance,6.99154023631406e-05,0.35279251707864995,0.06666666666666667
resist,1,1,0,0,0,0,0,0,0,0,0,0,0,0,0,1,1,0.0,6,1,resist,6.99154023631406e-05,0.35279251707864995,0.13333333333333333
shift,1,1,0,0,0,0,0,0,0,0,0,0,0,0,0,1,1,0.0,5,1,shift,6.99154023631406e-05,0.35279251707864995,0.13333333333333333
wartime,1,0,0,0,0,0,0,0,0,0,0,0,0,0,0,1,1,0.0,7,1,wartime,6.99154023631406e-05,0.35279251707864995,0.06666666666666667
kicked,0,1,0,0,0,0,0,0,0,0,0,0,0,0,0,1,1,0.0,6,1,kicked,6.99154023631406e-05,0.35279251707864995,0.06666666666666667
commonly,0,0,0,1,0,0,0,0,0,0,0,0,0,0,0,1,1,0.0,8,1,commonly,6.99154023631406e-05,0.35279251707864995,0.06666666666666667
hardline,1,0,0,0,0,0,0,0,0,0,0,0,0,0,0,1,1,0.0,8,1,hardline,6.99154023631406e-05,0.35279251707864995,0.06666666666666667
dynasty,1,0,0,0,0,0,0,0,0,0,0,0,0,0,0,1,1,0.0,7,1,dynasty,6.99154023631406e-05,0.35279251707864995,0.06666666666666667
overthrown,0,1,1,0,0,0,0,0,0,0,0,0,0,0,0,1,1,0.0,10,1,overthrown,6.99154023631406e-05,0.35279251707864995,0.13333333333333333
jimmy,1,0,0,0,0,0,0,0,0,0,0,0,0,0,0,1,1,0.0,5,1,jimmy,6.99154023631406e-05,0.35279251707864995,0.06666666666666667
declares,0,1,0,0,0,0,0,0,0,0,0,0,0,0,0,1,1,0.0,8,1,declares,6.99154023631406e-05,0.35279251707864995,0.06666666666666667
infringement,1,0,0,0,0,0,0,0,0,0,0,0,0,0,0,1,1,0.0,12,1,infringement,6.99154023631406e-05,0.35279251707864995,0.06666666666666667
vital,0,0,1,0,0,0,0,0,0,0,0,0,0,0,0,1,1,0.0,5,1,vital,6.99154023631406e-05,0.35279251707864995,0.06666666666666667
retaliate,0,1,0,0,0,0,0,0,0,0,0,0,0,0,0,1,1,0.0,9,1,retaliate,6.99154023631406e-05,0.35279251707864995,0.06666666666666667
nicaragua,1,0,0,0,0,0,0,0,0,0,0,0,0,0,0,1,1,0.0,9,1,nicaragua,6.99154023631406e-05,0.35279251707864995,0.06666666666666667
attached,0,1,1,0,0,0,0,0,0,0,0,0,0,0,0,1,1,0.0,8,1,attached,6.99154023631406e-05,0.35279251707864995,0.13333333333333333
orientation,1,0,0,0,0,0,0,0,0,0,0,0,0,0,0,1,1,0.0,11,1,orientation,6.99154023631406e-05,0.35279251707864995,0.06666666666666667
complicated,0,1,1,0,0,0,0,0,0,0,0,0,0,0,0,1,1,0.0,11,1,complicated,6.99154023631406e-05,0.35279251707864995,0.13333333333333333
disadvantage,1,1,0,0,0,0,0,0,0,0,0,0,0,0,0,1,1,0.0,12,1,disadvantage,6.99154023631406e-05,0.35279251707864995,0.13333333333333333
irritated,0,1,1,0,0,0,0,0,0,0,0,0,0,0,0,1,1,0.0,9,1,irritated,6.99154023631406e-05,0.35279251707864995,0.13333333333333333
who,1,0,0,0,0,1,0,0,0,0,0,0,0,0,1,1,1,0.0,3,1,who,6.99154023631406e-05,0.35279251707864995,0.2
fighter,1,0,0,0,0,0,0,0,0,0,0,0,0,0,0,1,1,0.0,7,1,fighter,6.99154023631406e-05,0.35279251707864995,0.06666666666666667
present,1,1,1,0,0,0,0,0,0,0,0,0,0,0,0,1,1,0.0,7,1,present,6.99154023631406e-05,0.35279251707864995,0.2
periods,1,0,0,0,0,0,0,0,0,0,0,0,0,0,0,1,1,0.0,7,1,periods,6.99154023631406e-05,0.35279251707864995,0.06666666666666667
neoconservatives,1,0,0,0,0,0,0,0,0,0,0,0,0,0,0,1,1,0.0,16,1,neoconservatives,6.99154023631406e-05,0.35279251707864995,0.06666666666666667
neoconservative,1,0,0,0,0,0,0,0,0,0,0,0,0,0,0,1,1,0.0,15,1,neoconservative,6.99154023631406e-05,0.35279251707864995,0.06666666666666667
formulation,1,0,0,0,0,0,0,0,0,0,0,0,0,0,0,1,1,0.0,11,1,formulation,6.99154023631406e-05,0.35279251707864995,0.06666666666666667
multifaceted,0,0,1,0,0,0,0,0,0,0,0,0,0,0,0,1,1,0.0,12,1,multifaceted,6.99154023631406e-05,0.35279251707864995,0.06666666666666667
element,1,0,0,0,0,0,0,0,0,0,0,0,0,0,0,1,1,0.0,7,1,element,6.99154023631406e-05,0.35279251707864995,0.06666666666666667
response,1,0,0,0,0,0,0,0,0,0,0,0,0,0,0,1,1,0.0,8,1,response,6.99154023631406e-05,0.35279251707864995,0.06666666666666667
naturally,0,0,0,1,0,0,0,0,0,0,0,0,0,0,0,1,1,0.0,9,1,naturally,6.99154023631406e-05,0.35279251707864995,0.06666666666666667
restoring,0,1,0,0,0,0,0,0,0,0,0,0,0,0,0,1,1,0.0,9,1,restoring,6.99154023631406e-05,0.35279251707864995,0.06666666666666667
grenada,1,0,1,0,0,0,0,0,0,0,0,0,0,0,0,1,1,0.0,7,1,grenada,6.99154023631406e-05,0.35279251707864995,0.13333333333333333
libya,1,0,0,0,0,0,0,0,0,0,0,0,0,0,0,1,1,0.0,5,1,libya,6.99154023631406e-05,0.35279251707864995,0.06666666666666667
methods,1,0,0,0,0,0,0,0,0,0,0,0,0,0,0,1,1,0.0,7,1,methods,6.99154023631406e-05,0.35279251707864995,0.06666666666666667
direct,0,1,1,1,0,0,0,0,0,0,0,0,0,0,0,1,1,0.0,6,1,direct,6.99154023631406e-05,0.35279251707864995,0.2
insurgents,1,0,0,0,0,0,0,0,0,0,0,0,0,0,0,1,1,0.0,10,1,insurgents,6.99154023631406e-05,0.35279251707864995,0.06666666666666667
compete,0,1,0,0,0,0,0,0,0,0,0,0,0,0,0,1,1,0.0,7,1,compete,6.99154023631406e-05,0.35279251707864995,0.06666666666666667
advancing,0,1,1,0,0,0,0,0,0,0,0,0,0,0,0,1,1,0.0,9,1,advancing,6.99154023631406e-05,0.35279251707864995,0.13333333333333333
players,1,0,0,0,0,0,0,0,0,0,0,0,0,0,0,1,1,0.0,7,1,players,6.99154023631406e-05,0.35279251707864995,0.06666666666666667
pro,1,0,1,1,0,0,0,0,0,0,0,0,0,0,0,1,1,0.0,3,1,pro,6.99154023631406e-05,0.35279251707864995,0.2
pahlavi,1,0,0,0,0,0,0,0,0,0,0,0,0,0,0,1,1,0.0,7,1,pahlavi,6.99154023631406e-05,0.35279251707864995,0.06666666666666667
pre,0,0,1,0,0,0,0,0,0,0,0,0,0,0,0,1,1,0.0,3,1,pre,6.99154023631406e-05,0.35279251707864995,0.06666666666666667
beyond,0,0,0,1,0,0,0,0,0,0,0,0,0,0,0,1,1,0.0,6,1,beyond,6.99154023631406e-05,0.35279251707864995,0.06666666666666667
keywords,1,0,0,0,0,0,0,0,0,0,0,0,0,0,0,1,1,0.0,8,1,keywords,6.99154023631406e-05,0.35279251707864995,0.06666666666666667
originated,0,1,0,0,0,0,0,0,0,0,0,0,0,0,0,1,1,0.0,10,1,originated,6.99154023631406e-05,0.35279251707864995,0.06666666666666667
convictions,1,0,0,0,0,0,0,0,0,0,0,0,0,0,0,1,1,0.0,11,1,convictions,6.99154023631406e-05,0.35279251707864995,0.06666666666666667
shoulders,1,1,0,0,0,0,0,0,0,0,0,0,0,0,0,1,1,0.0,9,1,shoulders,6.99154023631406e-05,0.35279251707864995,0.13333333333333333
innovation,1,0,0,0,0,0,0,0,0,0,0,0,0,0,0,1,1,0.0,10,1,innovation,6.99154023631406e-05,0.35279251707864995,0.06666666666666667
distorted,0,0,1,0,0,0,0,0,0,0,0,0,0,0,0,1,1,0.0,9,1,distorted,6.99154023631406e-05,0.35279251707864995,0.06666666666666667
dismembered,0,0,0,0,0,0,0,0,0,0,0,0,0,0,0,1,1,0.0,11,1,dismembered,6.99154023631406e-05,0.35279251707864995,0.0
orderly,1,0,1,1,0,0,0,0,0,0,0,0,0,0,0,1,1,0.0,7,1,orderly,6.99154023631406e-05,0.35279251707864995,0.2
sober,0,1,1,0,0,0,0,0,0,0,0,0,0,0,0,1,1,0.0,5,1,sober,6.99154023631406e-05,0.35279251707864995,0.13333333333333333
minded,0,1,1,0,0,0,0,0,0,0,0,0,0,0,0,1,1,0.0,6,1,minded,6.99154023631406e-05,0.35279251707864995,0.13333333333333333
pluralism,1,0,1,0,0,0,0,0,0,0,0,0,0,0,0,1,1,0.0,9,1,pluralism,6.99154023631406e-05,0.35279251707864995,0.13333333333333333
essentially,0,0,0,1,0,0,0,0,0,0,0,0,0,0,0,1,1,0.0,11,1,essentially,6.99154023631406e-05,0.35279251707864995,0.06666666666666667
outweighed,0,1,0,0,0,0,0,0,0,0,0,0,0,0,0,1,1,0.0,10,1,outweighed,6.99154023631406e-05,0.35279251707864995,0.06666666666666667
gorbachevism,0,0,0,0,0,0,0,0,0,0,0,0,0,0,0,1,1,0.0,12,1,gorbachevism,6.99154023631406e-05,0.35279251707864995,0.0
collection,1,0,0,0,0,0,0,0,0,0,0,0,0,0,0,1,1,0.0,10,1,collection,6.99154023631406e-05,0.35279251707864995,0.06666666666666667
academic,1,0,1,0,0,0,0,0,0,0,0,0,0,0,0,1,1,0.0,8,1,academic,6.99154023631406e-05,0.35279251707864995,0.13333333333333333
circles,1,1,0,0,0,0,0,0,0,0,0,0,0,0,0,1,1,0.0,7,1,circles,6.99154023631406e-05,0.35279251707864995,0.13333333333333333
emphasis,1,0,0,0,0,0,0,0,0,0,0,0,0,0,0,1,1,0.0,8,1,emphasis,6.99154023631406e-05,0.35279251707864995,0.06666666666666667
failed,0,1,1,0,0,0,0,0,0,0,0,0,0,0,0,1,1,0.0,6,1,failed,6.99154023631406e-05,0.35279251707864995,0.13333333333333333
grasp,1,1,0,0,0,0,0,0,0,0,0,0,0,0,0,1,1,0.0,5,1,grasp,6.99154023631406e-05,0.35279251707864995,0.13333333333333333
productive,0,0,1,0,0,0,0,0,0,0,0,0,0,0,0,1,1,0.0,10,1,productive,6.99154023631406e-05,0.35279251707864995,0.06666666666666667
portrayed,0,1,1,0,0,0,0,0,0,0,0,0,0,0,0,1,1,0.0,9,1,portrayed,6.99154023631406e-05,0.35279251707864995,0.13333333333333333
totalitarianism,0,0,0,0,0,0,0,0,0,0,0,0,0,0,0,1,1,0.0,15,1,totalitarianism,6.99154023631406e-05,0.35279251707864995,0.0
abolition,1,0,1,0,0,0,0,0,0,0,0,0,0,0,0,1,1,0.0,9,1,abolition,6.99154023631406e-05,0.35279251707864995,0.13333333333333333
deviates,1,1,0,0,0,0,0,0,0,0,0,0,0,0,0,1,1,0.0,8,1,deviates,6.99154023631406e-05,0.35279251707864995,0.13333333333333333
requirements,1,0,0,0,0,0,0,0,0,0,0,0,0,0,0,1,1,0.0,12,1,requirements,6.99154023631406e-05,0.35279251707864995,0.06666666666666667
replaced,0,1,0,0,0,0,0,0,0,0,0,0,0,0,0,1,1,0.0,8,1,replaced,6.99154023631406e-05,0.35279251707864995,0.06666666666666667
private,1,0,1,0,0,0,0,0,0,0,0,0,0,0,0,1,1,0.0,7,1,private,6.99154023631406e-05,0.35279251707864995,0.13333333333333333
integral,1,0,1,0,0,0,0,0,0,0,0,0,0,0,0,1,1,0.0,8,1,integral,6.99154023631406e-05,0.35279251707864995,0.13333333333333333
line,1,1,0,0,0,0,0,0,0,0,0,0,0,0,0,1,1,0.0,4,1,line,6.99154023631406e-05,0.35279251707864995,0.13333333333333333
planning,1,1,0,0,0,0,0,0,0,0,0,0,0,0,0,1,1,0.0,8,1,planning,6.99154023631406e-05,0.35279251707864995,0.13333333333333333
accelerate,0,1,0,0,0,0,0,0,0,0,0,0,0,0,0,1,1,0.0,10,1,accelerate,6.99154023631406e-05,0.35279251707864995,0.06666666666666667
socio,0,0,0,0,0,0,0,0,0,0,0,0,0,0,0,1,1,0.0,5,1,socio,6.99154023631406e-05,0.35279251707864995,0.0
acceleration,1,0,0,0,0,0,0,0,0,0,0,0,0,0,0,1,1,0.0,12,1,acceleration,6.99154023631406e-05,0.35279251707864995,0.06666666666666667
serious,0,0,1,0,0,0,0,0,0,0,0,0,0,0,0,1,1,0.0,7,1,serious,6.99154023631406e-05,0.35279251707864995,0.06666666666666667
subjects,1,1,0,0,0,0,0,0,0,0,0,0,0,0,0,1,1,0.0,8,1,subjects,6.99154023631406e-05,0.35279251707864995,0.13333333333333333
receptors,1,0,0,0,0,0,0,0,0,0,0,0,0,0,0,1,1,0.0,9,1,receptors,6.99154023631406e-05,0.35279251707864995,0.06666666666666667
liberalization,1,0,0,0,0,0,0,0,0,0,0,0,0,0,0,1,1,0.0,14,1,liberalization,6.99154023631406e-05,0.35279251707864995,0.06666666666666667
explained,0,1,0,0,0,0,0,0,0,0,0,0,0,0,0,1,1,0.0,9,1,explained,6.99154023631406e-05,0.35279251707864995,0.06666666666666667
reflects,0,1,0,0,0,0,0,0,0,0,0,0,0,0,0,1,1,0.0,8,1,reflects,6.99154023631406e-05,0.35279251707864995,0.06666666666666667
defects,1,1,0,0,0,0,0,0,0,0,0,0,0,0,0,1,1,0.0,7,1,defects,6.99154023631406e-05,0.35279251707864995,0.13333333333333333
provides,0,1,0,0,0,0,0,0,0,0,0,0,0,0,0,1,1,0.0,8,1,provides,6.99154023631406e-05,0.35279251707864995,0.06666666666666667
perestroika,1,0,0,0,0,0,0,0,0,0,0,0,0,0,0,1,1,0.0,11,1,perestroika,6.99154023631406e-05,0.35279251707864995,0.06666666666666667
misconception,1,0,0,0,0,0,0,0,0,0,0,0,0,0,0,1,1,0.0,13,1,misconception,6.99154023631406e-05,0.35279251707864995,0.06666666666666667
plunged,0,1,0,0,0,0,0,0,0,0,0,0,0,0,0,1,1,0.0,7,1,plunged,6.99154023631406e-05,0.35279251707864995,0.06666666666666667
distortion,1,0,0,0,0,0,0,0,0,0,0,0,0,0,0,1,1,0.0,10,1,distortion,6.99154023631406e-05,0.35279251707864995,0.06666666666666667
improper,0,0,1,0,0,0,0,0,0,0,0,0,0,0,0,1,1,0.0,8,1,improper,6.99154023631406e-05,0.35279251707864995,0.06666666666666667
question,1,1,0,0,0,0,0,0,0,0,0,0,0,0,0,1,1,0.0,8,1,question,6.99154023631406e-05,0.35279251707864995,0.13333333333333333
regressed,0,1,0,0,0,0,0,0,0,0,0,0,0,0,0,1,1,0.0,9,1,regressed,6.99154023631406e-05,0.35279251707864995,0.06666666666666667
stagnation,1,0,0,0,0,0,0,0,0,0,0,0,0,0,0,1,1,0.0,10,1,stagnation,6.99154023631406e-05,0.35279251707864995,0.06666666666666667
source,1,1,0,0,0,0,0,0,0,0,0,0,0,0,0,1,1,0.0,6,1,source,6.99154023631406e-05,0.35279251707864995,0.13333333333333333
really,0,0,0,1,0,0,0,0,0,0,0,0,0,0,0,1,1,0.0,6,1,really,6.99154023631406e-05,0.35279251707864995,0.06666666666666667
turn,1,1,0,0,0,0,0,0,0,0,0,0,0,0,0,1,1,0.0,4,1,turn,6.99154023631406e-05,0.35279251707864995,0.13333333333333333
went,1,1,0,0,0,0,0,0,0,0,0,0,0,0,0,1,1,0.0,4,1,went,6.99154023631406e-05,0.35279251707864995,0.13333333333333333
idling,0,1,1,0,0,0,0,0,0,0,0,0,0,0,0,1,1,0.0,6,1,idling,6.99154023631406e-05,0.35279251707864995,0.13333333333333333
deepening,1,0,1,0,0,0,0,0,0,0,0,0,0,0,0,1,1,0.0,9,1,deepening,6.99154023631406e-05,0.35279251707864995,0.13333333333333333
renewing,1,0,1,0,0,0,0,0,0,0,0,0,0,0,0,1,1,0.0,8,1,renewing,6.99154023631406e-05,0.35279251707864995,0.13333333333333333
redeem,0,1,0,0,0,0,0,0,0,0,0,0,0,0,0,1,1,0.0,6,1,redeem,6.99154023631406e-05,0.35279251707864995,0.06666666666666667
course,1,1,0,1,0,0,0,0,0,0,0,0,0,0,0,1,1,0.0,6,1,course,6.99154023631406e-05,0.35279251707864995,0.2
strengthens,0,1,0,0,0,0,0,0,0,0,0,0,0,0,0,1,1,0.0,11,1,strengthens,6.99154023631406e-05,0.35279251707864995,0.06666666666666667
introduce,0,1,0,0,0,0,0,0,0,0,0,0,0,0,0,1,1,0.0,9,1,introduce,6.99154023631406e-05,0.35279251707864995,0.06666666666666667
rejuvenate,0,1,0,0,0,0,0,0,0,0,0,0,0,0,0,1,1,0.0,10,1,rejuvenate,6.99154023631406e-05,0.35279251707864995,0.06666666666666667
fulfill,0,0,0,0,0,0,0,0,0,0,0,0,0,0,0,1,1,0.0,7,1,fulfill,6.99154023631406e-05,0.35279251707864995,0.0
embarked,0,1,0,0,0,0,0,0,0,0,0,0,0,0,0,1,1,0.0,8,1,embarked,6.99154023631406e-05,0.35279251707864995,0.06666666666666667
fact,1,0,0,0,0,0,0,0,0,0,0,0,0,0,0,1,1,0.0,4,1,fact,6.99154023631406e-05,0.35279251707864995,0.06666666666666667
tells,1,1,0,0,0,0,0,0,0,0,0,0,0,0,0,1,1,0.0,5,1,tells,6.99154023631406e-05,0.35279251707864995,0.13333333333333333
essential,1,0,1,0,0,0,0,0,0,0,0,0,0,0,0,1,1,0.0,9,1,essential,6.99154023631406e-05,0.35279251707864995,0.13333333333333333
aiding,0,0,0,0,0,0,0,0,0,0,0,0,0,0,0,1,1,0.0,6,1,aiding,6.99154023631406e-05,0.35279251707864995,0.0
pressure,1,0,0,0,0,0,0,0,0,0,0,0,0,0,0,1,1,0.0,8,1,pressure,6.99154023631406e-05,0.35279251707864995,0.06666666666666667
pointed,0,1,1,0,0,0,0,0,0,0,0,0,0,0,0,1,1,0.0,7,1,pointed,6.99154023631406e-05,0.35279251707864995,0.13333333333333333
provide,0,1,0,0,0,0,0,0,0,0,0,0,0,0,0,1,1,0.0,7,1,provide,6.99154023631406e-05,0.35279251707864995,0.06666666666666667
greece,1,0,0,0,0,0,0,0,0,0,0,0,0,0,0,1,1,0.0,6,1,greece,6.99154023631406e-05,0.35279251707864995,0.06666666666666667
preached,0,1,0,0,0,0,0,0,0,0,0,0,0,0,0,1,1,0.0,8,1,preached,6.99154023631406e-05,0.35279251707864995,0.06666666666666667
obsolescence,1,0,0,0,0,0,0,0,0,0,0,0,0,0,0,1,1,0.0,12,1,obsolescence,6.99154023631406e-05,0.35279251707864995,0.06666666666666667
together,0,0,1,1,0,0,0,0,0,0,0,0,0,0,0,1,1,0.0,8,1,together,6.99154023631406e-05,0.35279251707864995,0.13333333333333333
fifth,1,0,1,1,0,0,0,0,0,0,0,0,0,0,0,1,1,0.0,5,1,fifth,6.99154023631406e-05,0.35279251707864995,0.2
column,1,0,0,0,0,0,0,0,0,0,0,0,0,0,0,1,1,0.0,6,1,column,6.99154023631406e-05,0.35279251707864995,0.06666666666666667
indefinitely,0,0,0,1,0,0,0,0,0,0,0,0,0,0,0,1,1,0.0,12,1,indefinitely,6.99154023631406e-05,0.35279251707864995,0.06666666666666667
adopt,0,1,0,0,0,0,0,0,0,0,0,0,0,0,0,1,1,0.0,5,1,adopt,6.99154023631406e-05,0.35279251707864995,0.06666666666666667
appeasement,1,0,0,0,0,0,0,0,0,0,0,0,0,0,0,1,1,0.0,11,1,appeasement,6.99154023631406e-05,0.35279251707864995,0.06666666666666667
reconstruction,1,0,0,0,0,0,0,0,0,0,0,0,0,0,0,1,1,0.0,14,1,reconstruction,6.99154023631406e-05,0.35279251707864995,0.06666666666666667
torn,0,1,1,0,0,0,0,0,0,0,0,0,0,0,0,1,1,0.0,4,1,torn,6.99154023631406e-05,0.35279251707864995,0.13333333333333333
content,1,1,1,0,0,0,0,0,0,0,0,0,0,0,0,1,1,0.0,7,1,content,6.99154023631406e-05,0.35279251707864995,0.2
htm,0,0,0,0,0,0,0,0,0,0,0,0,0,0,0,1,1,0.0,3,1,htm,6.99154023631406e-05,0.35279251707864995,0.0
xue,0,0,0,0,0,0,0,0,0,0,0,0,0,0,0,1,1,0.0,3,1,xue,6.99154023631406e-05,0.35279251707864995,0.0
m,1,0,0,0,0,0,0,0,0,0,0,0,0,0,0,1,1,0.0,1,1,m,6.99154023631406e-05,0.35279251707864995,0.06666666666666667
recognize,0,1,0,0,0,0,0,0,0,0,0,0,0,0,0,1,1,0.0,9,1,recognize,6.99154023631406e-05,0.35279251707864995,0.06666666666666667
assume,0,1,0,0,0,0,0,0,0,0,0,0,0,0,0,1,1,0.0,6,1,assume,6.99154023631406e-05,0.35279251707864995,0.06666666666666667
studied,0,1,1,0,0,0,0,0,0,0,0,0,0,0,0,1,1,0.0,7,1,studied,6.99154023631406e-05,0.35279251707864995,0.13333333333333333
dangers,1,0,0,0,0,0,0,0,0,0,0,0,0,0,0,1,1,0.0,7,1,dangers,6.99154023631406e-05,0.35279251707864995,0.06666666666666667
teaching,1,1,0,0,0,0,0,0,0,0,0,0,0,0,0,1,1,0.0,8,1,teaching,6.99154023631406e-05,0.35279251707864995,0.13333333333333333
modernization,1,0,0,0,0,0,0,0,0,0,0,0,0,0,0,1,1,0.0,13,1,modernization,6.99154023631406e-05,0.35279251707864995,0.06666666666666667
today,1,0,0,1,0,0,0,0,0,0,0,0,0,0,0,1,1,0.0,5,1,today,6.99154023631406e-05,0.35279251707864995,0.13333333333333333
soon,0,0,0,1,0,0,0,0,0,0,0,0,0,0,0,1,1,0.0,4,1,soon,6.99154023631406e-05,0.35279251707864995,0.06666666666666667
denied,0,1,0,0,0,0,0,0,0,0,0,0,0,0,0,1,1,0.0,6,1,denied,6.99154023631406e-05,0.35279251707864995,0.06666666666666667
humanist,1,0,1,0,0,0,0,0,0,0,0,0,0,0,0,1,1,0.0,8,1,humanist,6.99154023631406e-05,0.35279251707864995,0.13333333333333333
interpretations,0,0,0,0,0,0,0,0,0,0,0,0,0,0,0,1,1,0.0,15,1,interpretations,6.99154023631406e-05,0.35279251707864995,0.0
gmw,0,0,0,0,0,0,0,0,0,0,0,0,0,0,0,1,1,0.0,3,1,gmw,6.99154023631406e-05,0.35279251707864995,0.0
ones,1,0,0,0,0,0,0,0,0,0,0,0,0,0,0,1,1,0.0,4,1,ones,6.99154023631406e-05,0.35279251707864995,0.06666666666666667
maintaining,0,1,0,0,0,0,0,0,0,0,0,0,0,0,0,1,1,0.0,11,1,maintaining,6.99154023631406e-05,0.35279251707864995,0.06666666666666667
arsenals,1,0,0,0,0,0,0,0,0,0,0,0,0,0,0,1,1,0.0,8,1,arsenals,6.99154023631406e-05,0.35279251707864995,0.06666666666666667
imposes,0,0,0,0,0,0,0,0,0,0,0,0,0,0,0,1,1,0.0,7,1,imposes,6.99154023631406e-05,0.35279251707864995,0.0
mikhail,0,0,0,0,0,0,0,0,0,0,0,0,0,0,0,1,1,0.0,7,1,mikhail,6.99154023631406e-05,0.35279251707864995,0.0
sector,1,0,0,0,0,0,0,0,0,0,0,0,0,0,0,1,1,0.0,6,1,sector,6.99154023631406e-05,0.35279251707864995,0.06666666666666667
contradiction,1,0,0,0,0,0,0,0,0,0,0,0,0,0,0,1,1,0.0,13,1,contradiction,6.99154023631406e-05,0.35279251707864995,0.06666666666666667
supply,1,1,0,1,0,0,0,0,0,0,0,0,0,0,0,1,1,0.0,6,1,supply,6.99154023631406e-05,0.35279251707864995,0.2
stipulates,0,1,0,0,0,0,0,0,0,0,0,0,0,0,0,1,1,0.0,10,1,stipulates,6.99154023631406e-05,0.35279251707864995,0.06666666666666667
possess,0,1,0,0,0,0,0,0,0,0,0,0,0,0,0,1,1,0.0,7,1,possess,6.99154023631406e-05,0.35279251707864995,0.06666666666666667
produce,1,1,0,0,0,0,0,0,0,0,0,0,0,0,0,1,1,0.0,7,1,produce,6.99154023631406e-05,0.35279251707864995,0.13333333333333333
test,1,1,1,0,0,0,0,0,0,0,0,0,0,0,0,1,1,0.0,4,1,test,6.99154023631406e-05,0.35279251707864995,0.2
cruise,1,1,0,0,0,0,0,0,0,0,0,0,0,0,0,1,1,0.0,6,1,cruise,6.99154023631406e-05,0.35279251707864995,0.13333333333333333
obvious,0,0,1,0,0,0,0,0,0,0,0,0,0,0,0,1,1,0.0,7,1,obvious,6.99154023631406e-05,0.35279251707864995,0.06666666666666667
features,1,0,0,0,0,0,0,0,0,0,0,0,0,0,0,1,1,0.0,8,1,features,6.99154023631406e-05,0.35279251707864995,0.06666666666666667
astonishing,0,0,1,0,0,0,0,0,0,0,0,0,0,0,0,1,1,0.0,11,1,astonishing,6.99154023631406e-05,0.35279251707864995,0.06666666666666667
defined,0,1,1,0,0,0,0,0,0,0,0,0,0,0,0,1,1,0.0,7,1,defined,6.99154023631406e-05,0.35279251707864995,0.13333333333333333
having,1,1,0,0,0,0,0,0,0,0,0,0,0,0,0,1,1,0.0,6,1,having,6.99154023631406e-05,0.35279251707864995,0.13333333333333333
exceeding,0,1,1,1,0,0,0,0,0,0,0,0,0,0,0,1,1,0.0,9,1,exceeding,6.99154023631406e-05,0.35279251707864995,0.2
plays,0,1,0,0,0,0,0,0,0,0,0,0,0,0,0,1,1,0.0,5,1,plays,6.99154023631406e-05,0.35279251707864995,0.06666666666666667
cornerstone,1,0,0,0,0,0,0,0,0,0,0,0,0,0,0,1,1,0.0,11,1,cornerstone,6.99154023631406e-05,0.35279251707864995,0.06666666666666667
association,1,0,0,0,0,0,0,0,0,0,0,0,0,0,0,1,1,0.0,11,1,association,6.99154023631406e-05,0.35279251707864995,0.06666666666666667
december,1,0,0,0,0,0,0,0,0,0,0,0,0,0,0,1,1,0.0,8,1,december,6.99154023631406e-05,0.35279251707864995,0.06666666666666667
shorter,1,0,0,0,0,0,0,0,0,0,0,0,0,0,0,1,1,0.0,7,1,shorter,6.99154023631406e-05,0.35279251707864995,0.06666666666666667
fundamentally,0,0,0,1,0,0,0,0,0,0,0,0,0,0,0,1,1,0.0,13,1,fundamentally,6.99154023631406e-05,0.35279251707864995,0.06666666666666667
deviated,0,1,0,0,0,0,0,0,0,0,0,0,0,0,0,1,1,0.0,8,1,deviated,6.99154023631406e-05,0.35279251707864995,0.06666666666666667
essence,1,0,0,0,0,0,0,0,0,0,0,0,0,0,0,1,1,0.0,7,1,essence,6.99154023631406e-05,0.35279251707864995,0.06666666666666667
dealt,0,1,0,0,0,0,0,0,0,0,0,0,0,0,0,1,1,0.0,5,1,dealt,6.99154023631406e-05,0.35279251707864995,0.06666666666666667
blow,1,1,0,0,0,0,0,0,0,0,0,0,0,0,0,1,1,0.0,4,1,blow,6.99154023631406e-05,0.35279251707864995,0.13333333333333333
fragile,0,0,1,0,0,0,0,0,0,0,0,0,0,0,0,1,1,0.0,7,1,fragile,6.99154023631406e-05,0.35279251707864995,0.06666666666666667
hurt,1,1,1,0,0,0,0,0,0,0,0,0,0,0,0,1,1,0.0,4,1,hurt,6.99154023631406e-05,0.35279251707864995,0.2
urgently,0,0,0,1,0,0,0,0,0,0,0,0,0,0,0,1,1,0.0,8,1,urgently,6.99154023631406e-05,0.35279251707864995,0.06666666666666667
implement,1,1,0,0,0,0,0,0,0,0,0,0,0,0,0,1,1,0.0,9,1,implement,6.99154023631406e-05,0.35279251707864995,0.13333333333333333
reformers,1,0,0,0,0,0,0,0,0,0,0,0,0,0,0,1,1,0.0,9,1,reformers,6.99154023631406e-05,0.35279251707864995,0.06666666666666667
precedence,1,0,0,0,0,0,0,0,0,0,0,0,0,0,0,1,1,0.0,10,1,precedence,6.99154023631406e-05,0.35279251707864995,0.06666666666666667
removal,1,0,0,0,0,0,0,0,0,0,0,0,0,0,0,1,1,0.0,7,1,removal,6.99154023631406e-05,0.35279251707864995,0.06666666666666667
component,1,0,1,0,0,0,0,0,0,0,0,0,0,0,0,1,1,0.0,9,1,component,6.99154023631406e-05,0.35279251707864995,0.13333333333333333
calm,1,1,1,0,0,0,0,0,0,0,0,0,0,0,0,1,1,0.0,4,1,calm,6.99154023631406e-05,0.35279251707864995,0.2
reflect,0,1,0,0,0,0,0,0,0,0,0,0,0,0,0,1,1,0.0,7,1,reflect,6.99154023631406e-05,0.35279251707864995,0.06666666666666667
trends,1,0,0,0,0,0,0,0,0,0,0,0,0,0,0,1,1,0.0,6,1,trends,6.99154023631406e-05,0.35279251707864995,0.06666666666666667
plunge,1,1,0,0,0,0,0,0,0,0,0,0,0,0,0,1,1,0.0,6,1,plunge,6.99154023631406e-05,0.35279251707864995,0.13333333333333333
russia's,0,0,0,0,0,0,0,0,0,0,0,0,0,0,0,1,1,0.0,8,1,russia's,6.99154023631406e-05,0.35279251707864995,0.0
compliance,0,0,0,0,0,0,0,0,0,0,0,0,0,0,0,1,1,0.0,10,1,compliance,6.99154023631406e-05,0.35279251707864995,0.0
withdraw,0,1,0,0,0,0,0,0,0,0,0,0,0,0,0,1,1,0.0,8,1,withdraw,6.99154023631406e-05,0.35279251707864995,0.06666666666666667
spark,1,1,0,0,0,0,0,0,0,0,0,0,0,0,0,1,1,0.0,5,1,spark,6.99154023631406e-05,0.35279251707864995,0.13333333333333333
debate,1,1,0,0,0,0,0,0,0,0,0,0,0,0,0,1,1,0.0,6,1,debate,6.99154023631406e-05,0.35279251707864995,0.13333333333333333
nato's,0,0,0,0,0,0,0,0,0,0,0,0,0,0,0,1,1,0.0,6,1,nato's,6.99154023631406e-05,0.35279251707864995,0.0
attempted,0,0,1,0,0,0,0,0,0,0,0,0,0,0,0,1,1,0.0,9,1,attempted,6.99154023631406e-05,0.35279251707864995,0.06666666666666667
likely,1,0,1,1,0,0,0,0,0,0,0,0,0,0,0,1,1,0.0,6,1,likely,6.99154023631406e-05,0.35279251707864995,0.2
options,1,0,0,0,0,0,0,0,0,0,0,0,0,0,0,1,1,0.0,7,1,options,6.99154023631406e-05,0.35279251707864995,0.06666666666666667
started,0,1,0,0,0,0,0,0,0,0,0,0,0,0,0,1,1,0.0,7,1,started,6.99154023631406e-05,0.35279251707864995,0.06666666666666667
helping,1,1,0,0,0,0,0,0,0,0,0,0,0,0,0,1,1,0.0,7,1,helping,6.99154023631406e-05,0.35279251707864995,0.13333333333333333
stabilize,0,1,0,0,0,0,0,0,0,0,0,0,0,0,0,1,1,0.0,9,1,stabilize,6.99154023631406e-05,0.35279251707864995,0.06666666666666667
adverse,0,0,1,0,0,0,0,0,0,0,0,0,0,0,0,1,1,0.0,7,1,adverse,6.99154023631406e-05,0.35279251707864995,0.06666666666666667
reactions,1,0,0,0,0,0,0,0,0,0,0,0,0,0,0,1,1,0.0,9,1,reactions,6.99154023631406e-05,0.35279251707864995,0.06666666666666667
reconstruct,0,1,0,0,0,0,0,0,0,0,0,0,0,0,0,1,1,0.0,11,1,reconstruct,6.99154023631406e-05,0.35279251707864995,0.06666666666666667
daily,1,0,1,1,0,0,0,0,0,0,0,0,0,0,0,1,1,0.0,5,1,daily,6.99154023631406e-05,0.35279251707864995,0.2
consumer,1,0,0,0,0,0,0,0,0,0,0,0,0,0,0,1,1,0.0,8,1,consumer,6.99154023631406e-05,0.35279251707864995,0.06666666666666667
goods,0,0,0,0,0,0,0,0,0,0,0,0,0,0,0,1,1,0.0,5,1,goods,6.99154023631406e-05,0.35279251707864995,0.0
overly,0,0,0,1,0,0,0,0,0,0,0,0,0,0,0,1,1,0.0,6,1,overly,6.99154023631406e-05,0.35279251707864995,0.06666666666666667
lacked,0,0,0,0,0,0,0,0,0,0,0,0,0,0,0,1,1,0.0,6,1,lacked,6.99154023631406e-05,0.35279251707864995,0.0
regulation,1,0,1,0,0,0,0,0,0,0,0,0,0,0,0,1,1,0.0,10,1,regulation,6.99154023631406e-05,0.35279251707864995,0.13333333333333333
mechanism,1,0,0,0,0,0,0,0,0,0,0,0,0,0,0,1,1,0.0,9,1,mechanism,6.99154023631406e-05,0.35279251707864995,0.06666666666666667
imbalanced,0,0,0,0,0,0,0,0,0,0,0,0,0,0,0,1,1,0.0,10,1,imbalanced,6.99154023631406e-05,0.35279251707864995,0.0
shaking,1,1,1,0,0,0,0,0,0,0,0,0,0,0,0,1,1,0.0,7,1,shaking,6.99154023631406e-05,0.35279251707864995,0.2
firstly,0,0,0,1,0,0,0,0,0,0,0,0,0,0,0,1,1,0.0,7,1,firstly,6.99154023631406e-05,0.35279251707864995,0.06666666666666667
strain,1,1,0,0,0,0,0,0,0,0,0,0,0,0,0,1,1,0.0,6,1,strain,6.99154023631406e-05,0.35279251707864995,0.13333333333333333
participated,0,1,0,0,0,0,0,0,0,0,0,0,0,0,0,1,1,0.0,12,1,participated,6.99154023631406e-05,0.35279251707864995,0.06666666666666667
struggles,1,1,0,0,0,0,0,0,0,0,0,0,0,0,0,1,1,0.0,9,1,struggles,6.99154023631406e-05,0.35279251707864995,0.13333333333333333
rising,1,1,1,0,0,0,0,0,0,0,0,0,0,0,0,1,1,0.0,6,1,rising,6.99154023631406e-05,0.35279251707864995,0.2
unemployment,1,0,0,0,0,0,0,0,0,0,0,0,0,0,0,1,1,0.0,12,1,unemployment,6.99154023631406e-05,0.35279251707864995,0.06666666666666667
severe,0,0,1,0,0,0,0,0,0,0,0,0,0,0,0,1,1,0.0,6,1,severe,6.99154023631406e-05,0.35279251707864995,0.06666666666666667
debts,1,0,0,0,0,0,0,0,0,0,0,0,0,0,0,1,1,0.0,5,1,debts,6.99154023631406e-05,0.35279251707864995,0.06666666666666667
soaring,1,1,1,0,0,0,0,0,0,0,0,0,0,0,0,1,1,0.0,7,1,soaring,6.99154023631406e-05,0.35279251707864995,0.2
supervision,1,0,0,0,0,0,0,0,0,0,0,0,0,0,0,1,1,0.0,11,1,supervision,6.99154023631406e-05,0.35279251707864995,0.06666666666666667
mechanisms,1,0,0,0,0,0,0,0,0,0,0,0,0,0,0,1,1,0.0,10,1,mechanisms,6.99154023631406e-05,0.35279251707864995,0.06666666666666667
bureaucracy,1,0,0,0,0,0,0,0,0,0,0,0,0,0,0,1,1,0.0,11,1,bureaucracy,6.99154023631406e-05,0.35279251707864995,0.06666666666666667
corruption,1,0,0,0,0,0,0,0,0,0,0,0,0,0,0,1,1,0.0,10,1,corruption,6.99154023631406e-05,0.35279251707864995,0.06666666666666667
monetary,0,0,1,0,0,0,0,0,0,0,0,0,0,0,0,1,1,0.0,8,1,monetary,6.99154023631406e-05,0.35279251707864995,0.06666666666666667
earth,1,1,0,0,0,0,0,0,0,0,0,0,0,0,0,1,1,0.0,5,1,earth,6.99154023631406e-05,0.35279251707864995,0.13333333333333333
shortcomings,1,0,0,0,0,0,0,0,0,0,0,0,0,0,0,1,1,0.0,12,1,shortcomings,6.99154023631406e-05,0.35279251707864995,0.06666666666666667
felt,1,1,1,0,0,0,0,0,0,0,0,0,0,0,0,1,1,0.0,4,1,felt,6.99154023631406e-05,0.35279251707864995,0.2
promotion,1,0,0,0,0,0,0,0,0,0,0,0,0,0,0,1,1,0.0,9,1,promotion,6.99154023631406e-05,0.35279251707864995,0.06666666666666667
reality,1,0,0,0,0,0,0,0,0,0,0,0,0,0,0,1,1,0.0,7,1,reality,6.99154023631406e-05,0.35279251707864995,0.06666666666666667
inertia,1,0,0,0,0,0,0,0,0,0,0,0,0,0,0,1,1,0.0,7,1,inertia,6.99154023631406e-05,0.35279251707864995,0.06666666666666667
touch,1,1,0,0,0,0,0,0,0,0,0,0,0,0,0,1,1,0.0,5,1,touch,6.99154023631406e-05,0.35279251707864995,0.13333333333333333
export,1,1,0,0,0,0,0,0,0,0,0,0,0,0,0,1,1,0.0,6,1,export,6.99154023631406e-05,0.35279251707864995,0.13333333333333333
performance,1,0,0,0,0,0,0,0,0,0,0,0,0,0,0,1,1,0.0,11,1,performance,6.99154023631406e-05,0.35279251707864995,0.06666666666666667
experienced,0,1,1,0,0,0,0,0,0,0,0,0,0,0,0,1,1,0.0,11,1,experienced,6.99154023631406e-05,0.35279251707864995,0.13333333333333333
meet,1,1,1,0,0,0,0,0,0,0,0,0,0,0,0,1,1,0.0,4,1,meet,6.99154023631406e-05,0.35279251707864995,0.2
abandoning,1,0,0,0,0,0,0,0,0,0,0,0,0,0,0,1,1,0.0,10,1,abandoning,6.99154023631406e-05,0.35279251707864995,0.06666666666666667
embracing,0,1,0,0,0,0,0,0,0,0,0,0,0,0,0,1,1,0.0,9,1,embracing,6.99154023631406e-05,0.35279251707864995,0.06666666666666667
evident,0,0,1,0,0,0,0,0,0,0,0,0,0,0,0,1,1,0.0,7,1,evident,6.99154023631406e-05,0.35279251707864995,0.06666666666666667
home,1,1,1,1,0,0,0,0,0,0,0,0,0,0,0,1,1,0.0,4,1,home,6.99154023631406e-05,0.35279251707864995,0.26666666666666666
breeding,1,1,1,0,0,0,0,0,0,0,0,0,0,0,0,1,1,0.0,8,1,breeding,6.99154023631406e-05,0.35279251707864995,0.2
problem,1,0,0,0,0,0,0,0,0,0,0,0,0,0,0,1,1,0.0,7,1,problem,6.99154023631406e-05,0.35279251707864995,0.06666666666666667
educational,1,0,1,0,0,0,0,0,0,0,0,0,0,0,0,1,1,0.0,11,1,educational,6.99154023631406e-05,0.35279251707864995,0.13333333333333333
disseminated,0,0,0,0,0,0,0,0,0,0,0,0,0,0,0,1,1,0.0,12,1,disseminated,6.99154023631406e-05,0.35279251707864995,0.0
recipient,1,0,1,0,0,0,0,0,0,0,0,0,0,0,0,1,1,0.0,9,1,recipient,6.99154023631406e-05,0.35279251707864995,0.13333333333333333
thirdly,0,0,0,1,0,0,0,0,0,0,0,0,0,0,0,1,1,0.0,7,1,thirdly,6.99154023631406e-05,0.35279251707864995,0.06666666666666667
conventional,1,0,1,0,0,0,0,0,0,0,0,0,0,0,0,1,1,0.0,12,1,conventional,6.99154023631406e-05,0.35279251707864995,0.13333333333333333
technologies,0,0,0,0,0,0,0,0,0,0,0,0,0,0,0,1,1,0.0,12,1,technologies,6.99154023631406e-05,0.35279251707864995,0.0
puts,1,1,0,0,0,0,0,0,0,0,0,0,0,0,0,1,1,0.0,4,1,puts,6.99154023631406e-05,0.35279251707864995,0.13333333333333333
frontier,1,0,1,0,0,0,0,0,0,0,0,0,0,0,0,1,1,0.0,8,1,frontier,6.99154023631406e-05,0.35279251707864995,0.13333333333333333
fueling,1,1,0,0,0,0,0,0,0,0,0,0,0,0,0,1,1,0.0,7,1,fueling,6.99154023631406e-05,0.35279251707864995,0.13333333333333333
successive,0,0,1,0,0,0,0,0,0,0,0,0,0,0,0,1,1,0.0,10,1,successive,6.99154023631406e-05,0.35279251707864995,0.06666666666666667
administrations,0,0,0,0,0,0,0,0,0,0,0,0,0,0,0,1,1,0.0,15,1,administrations,6.99154023631406e-05,0.35279251707864995,0.0
acquiring,1,1,0,0,0,0,0,0,0,0,0,0,0,0,0,1,1,0.0,9,1,acquiring,6.99154023631406e-05,0.35279251707864995,0.13333333333333333
likelihood,1,0,0,0,0,0,0,0,0,0,0,0,0,0,0,1,1,0.0,10,1,likelihood,6.99154023631406e-05,0.35279251707864995,0.06666666666666667
fourthly,0,0,0,1,0,0,0,0,0,0,0,0,0,0,0,1,1,0.0,8,1,fourthly,6.99154023631406e-05,0.35279251707864995,0.06666666666666667
contest,1,1,0,0,0,0,0,0,0,0,0,0,0,0,0,1,1,0.0,7,1,contest,6.99154023631406e-05,0.35279251707864995,0.13333333333333333
capitalism,1,0,0,0,0,0,0,0,0,0,0,0,0,0,0,1,1,0.0,10,1,capitalism,6.99154023631406e-05,0.35279251707864995,0.06666666666666667
closer,1,0,1,1,0,0,0,0,0,0,0,0,0,0,0,1,1,0.0,6,1,closer,6.99154023631406e-05,0.35279251707864995,0.2
multiparty,0,0,0,0,0,0,0,0,0,0,0,0,0,0,0,1,1,0.0,10,1,multiparty,6.99154023631406e-05,0.35279251707864995,0.0
parliamentary,0,0,1,0,0,0,0,0,0,0,0,0,0,0,0,1,1,0.0,13,1,parliamentary,6.99154023631406e-05,0.35279251707864995,0.06666666666666667
democracies,1,0,0,0,0,0,0,0,0,0,0,0,0,0,0,1,1,0.0,11,1,democracies,6.99154023631406e-05,0.35279251707864995,0.06666666666666667
rationally,0,0,0,1,0,0,0,0,0,0,0,0,0,0,0,1,1,0.0,10,1,rationally,6.99154023631406e-05,0.35279251707864995,0.06666666666666667
regretted,0,1,0,0,0,0,0,0,0,0,0,0,0,0,0,1,1,0.0,9,1,regretted,6.99154023631406e-05,0.35279251707864995,0.06666666666666667
rejection,1,0,0,0,0,0,0,0,0,0,0,0,0,0,0,1,1,0.0,9,1,rejection,6.99154023631406e-05,0.35279251707864995,0.06666666666666667
existed,0,1,0,0,0,0,0,0,0,0,0,0,0,0,0,1,1,0.0,7,1,existed,6.99154023631406e-05,0.35279251707864995,0.06666666666666667
differently,0,0,0,1,0,0,0,0,0,0,0,0,0,0,0,1,1,0.0,11,1,differently,6.99154023631406e-05,0.35279251707864995,0.06666666666666667
rate,1,1,0,0,0,0,0,0,0,0,0,0,0,0,0,1,1,0.0,4,1,rate,6.99154023631406e-05,0.35279251707864995,0.13333333333333333
currency,1,0,0,0,0,0,0,0,0,0,0,0,0,0,0,1,1,0.0,8,1,currency,6.99154023631406e-05,0.35279251707864995,0.06666666666666667
adequacy,1,0,0,0,0,0,0,0,0,0,0,0,0,0,0,1,1,0.0,8,1,adequacy,6.99154023631406e-05,0.35279251707864995,0.06666666666666667
fiscal,1,0,1,0,0,0,0,0,0,0,0,0,0,0,0,1,1,0.0,6,1,fiscal,6.99154023631406e-05,0.35279251707864995,0.13333333333333333
determined,0,1,1,0,0,0,0,0,0,0,0,0,0,0,0,1,1,0.0,10,1,determined,6.99154023631406e-05,0.35279251707864995,0.13333333333333333
color,1,1,1,0,0,0,0,0,0,0,0,0,0,0,0,1,1,0.0,5,1,color,6.99154023631406e-05,0.35279251707864995,0.2
hands,1,1,0,0,0,0,0,0,0,0,0,0,0,0,0,1,1,0.0,5,1,hands,6.99154023631406e-05,0.35279251707864995,0.13333333333333333
break,1,1,0,0,0,0,0,0,0,0,0,0,0,0,0,1,1,0.0,5,1,break,6.99154023631406e-05,0.35279251707864995,0.13333333333333333
shrouded,0,1,0,0,0,0,0,0,0,0,0,0,0,0,0,1,1,0.0,8,1,shrouded,6.99154023631406e-05,0.35279251707864995,0.06666666666666667
haze,1,1,0,0,0,0,0,0,0,0,0,0,0,0,0,1,1,0.0,4,1,haze,6.99154023631406e-05,0.35279251707864995,0.13333333333333333
frantic,0,0,1,0,0,0,0,0,0,0,0,0,0,0,0,1,1,0.0,7,1,frantic,6.99154023631406e-05,0.35279251707864995,0.06666666666666667
traditions,1,0,0,0,0,0,0,0,0,0,0,0,0,0,0,1,1,0.0,10,1,traditions,6.99154023631406e-05,0.35279251707864995,0.06666666666666667
cultures,1,1,0,0,0,0,0,0,0,0,0,0,0,0,0,1,1,0.0,8,1,cultures,6.99154023631406e-05,0.35279251707864995,0.13333333333333333
fifthly,0,0,0,1,0,0,0,0,0,0,0,0,0,0,0,1,1,0.0,7,1,fifthly,6.99154023631406e-05,0.35279251707864995,0.06666666666666667
diversified,0,1,1,0,0,0,0,0,0,0,0,0,0,0,0,1,1,0.0,11,1,diversified,6.99154023631406e-05,0.35279251707864995,0.13333333333333333
planet,1,0,0,0,0,0,0,0,0,0,0,0,0,0,0,1,1,0.0,6,1,planet,6.99154023631406e-05,0.35279251707864995,0.06666666666666667
split,1,1,1,0,0,0,0,0,0,0,0,0,0,0,0,1,1,0.0,5,1,split,6.99154023631406e-05,0.35279251707864995,0.2
sluggish,0,0,1,0,0,0,0,0,0,0,0,0,0,0,0,1,1,0.0,8,1,sluggish,6.99154023631406e-05,0.35279251707864995,0.06666666666666667
adhering,0,1,0,0,0,0,0,0,0,0,0,0,0,0,0,1,1,0.0,8,1,adhering,6.99154023631406e-05,0.35279251707864995,0.06666666666666667
move,1,1,0,0,0,0,0,0,0,0,0,0,0,0,0,1,1,0.0,4,1,move,6.99154023631406e-05,0.35279251707864995,0.13333333333333333
seeking,1,1,1,0,0,0,0,0,0,0,0,0,0,0,0,1,1,0.0,7,1,seeking,6.99154023631406e-05,0.35279251707864995,0.2
mainstream,1,0,1,0,0,0,0,0,0,0,0,0,0,0,0,1,1,0.0,10,1,mainstream,6.99154023631406e-05,0.35279251707864995,0.13333333333333333
adhered,0,1,0,0,0,0,0,0,0,0,0,0,0,0,0,1,1,0.0,7,1,adhered,6.99154023631406e-05,0.35279251707864995,0.06666666666666667
instance,1,0,0,0,0,0,0,0,0,0,0,0,0,0,0,1,1,0.0,8,1,instance,6.99154023631406e-05,0.35279251707864995,0.06666666666666667
edge,1,1,1,0,0,0,0,0,0,0,0,0,0,0,0,1,1,0.0,4,1,edge,6.99154023631406e-05,0.35279251707864995,0.2
semi,1,0,1,0,0,0,0,0,0,0,0,0,0,0,0,1,1,0.0,4,1,semi,6.99154023631406e-05,0.35279251707864995,0.13333333333333333
advantage,1,1,0,0,0,0,0,0,0,0,0,0,0,0,0,1,1,0.0,9,1,advantage,6.99154023631406e-05,0.35279251707864995,0.13333333333333333
fight,1,1,0,0,0,0,0,0,0,0,0,0,0,0,0,1,1,0.0,5,1,fight,6.99154023631406e-05,0.35279251707864995,0.13333333333333333
tens,0,0,0,0,0,0,0,0,0,0,0,0,0,0,0,1,1,0.0,4,1,tens,6.99154023631406e-05,0.35279251707864995,0.0
thousands,1,0,0,0,0,0,0,0,0,0,0,0,0,0,0,1,1,0.0,9,1,thousands,6.99154023631406e-05,0.35279251707864995,0.06666666666666667
enough,1,0,1,1,0,0,0,0,0,0,0,0,0,0,0,1,1,0.0,6,1,enough,6.99154023631406e-05,0.35279251707864995,0.2
revolved,0,1,1,0,0,0,0,0,0,0,0,0,0,0,0,1,1,0.0,8,1,revolved,6.99154023631406e-05,0.35279251707864995,0.13333333333333333
secondly,0,0,0,1,0,0,0,0,0,0,0,0,0,0,0,1,1,0.0,8,1,secondly,6.99154023631406e-05,0.35279251707864995,0.06666666666666667
centered,0,0,1,0,0,0,0,0,0,0,0,0,0,0,0,1,1,0.0,8,1,centered,6.99154023631406e-05,0.35279251707864995,0.06666666666666667
pitted,0,1,1,0,0,0,0,0,0,0,0,0,0,0,0,1,1,0.0,6,1,pitted,6.99154023631406e-05,0.35279251707864995,0.13333333333333333
landing,1,1,0,0,0,0,0,0,0,0,0,0,0,0,0,1,1,0.0,7,1,landing,6.99154023631406e-05,0.35279251707864995,0.13333333333333333
moon,1,1,0,0,0,0,0,0,0,0,0,0,0,0,0,1,1,0.0,4,1,moon,6.99154023631406e-05,0.35279251707864995,0.13333333333333333
worldwide,0,0,1,0,0,0,0,0,0,0,0,0,0,0,0,1,1,0.0,9,1,worldwide,6.99154023631406e-05,0.35279251707864995,0.06666666666666667
notable,1,0,1,0,0,0,0,0,0,0,0,0,0,0,0,1,1,0.0,7,1,notable,6.99154023631406e-05,0.35279251707864995,0.13333333333333333
competitions,0,0,0,0,0,0,0,0,0,0,0,0,0,0,0,1,1,0.0,12,1,competitions,6.99154023631406e-05,0.35279251707864995,0.0
guangming,0,0,0,0,0,0,0,0,0,0,0,0,0,0,0,1,1,0.0,9,1,guangming,6.99154023631406e-05,0.35279251707864995,0.0
net,1,1,1,0,0,0,0,0,0,0,0,0,0,0,0,1,1,0.0,3,1,net,6.99154023631406e-05,0.35279251707864995,0.2
news,1,0,0,0,0,0,0,0,0,0,0,0,0,0,0,1,1,0.0,4,1,news,6.99154023631406e-05,0.35279251707864995,0.06666666666666667
underground,1,0,1,1,0,0,0,0,0,0,0,0,0,0,0,1,1,0.0,11,1,underground,6.99154023631406e-05,0.35279251707864995,0.2
transmission,1,0,0,0,0,0,0,0,0,0,0,0,0,0,0,1,1,0.0,12,1,transmission,6.99154023631406e-05,0.35279251707864995,0.06666666666666667
literary,0,0,1,0,0,0,0,0,0,0,0,0,0,0,0,1,1,0.0,8,1,literary,6.99154023631406e-05,0.35279251707864995,0.06666666666666667
works,1,1,0,0,0,0,0,0,0,0,0,0,0,0,0,1,1,0.0,5,1,works,6.99154023631406e-05,0.35279251707864995,0.13333333333333333
declare,0,1,0,0,0,0,0,0,0,0,0,0,0,0,0,1,1,0.0,7,1,declare,6.99154023631406e-05,0.35279251707864995,0.06666666666666667
hostile,1,0,1,0,0,0,0,0,0,0,0,0,0,0,0,1,1,0.0,7,1,hostile,6.99154023631406e-05,0.35279251707864995,0.13333333333333333
controversy,1,0,0,0,0,0,0,0,0,0,0,0,0,0,0,1,1,0.0,11,1,controversy,6.99154023631406e-05,0.35279251707864995,0.06666666666666667
english,1,0,1,0,0,0,0,0,0,0,0,0,0,0,0,1,1,0.0,7,1,english,6.99154023631406e-05,0.35279251707864995,0.13333333333333333
speaking,1,1,1,0,0,0,0,0,0,0,0,0,0,0,0,1,1,0.0,8,1,speaking,6.99154023631406e-05,0.35279251707864995,0.2
considered,0,0,1,0,0,0,0,0,0,0,0,0,0,0,0,1,1,0.0,10,1,considered,6.99154023631406e-05,0.35279251707864995,0.06666666666666667
formal,1,0,1,0,0,0,0,0,0,0,0,0,0,0,0,1,1,0.0,6,1,formal,6.99154023631406e-05,0.35279251707864995,0.13333333333333333
hostilities,1,0,0,0,0,0,0,0,0,0,0,0,0,0,0,1,1,0.0,11,1,hostilities,6.99154023631406e-05,0.35279251707864995,0.06666666666666667
krane,0,0,0,0,0,0,0,0,0,0,0,0,0,0,0,1,1,0.0,5,1,krane,6.99154023631406e-05,0.35279251707864995,0.0
provocation,1,0,0,0,0,0,0,0,0,0,0,0,0,0,0,1,1,0.0,11,1,provocation,6.99154023631406e-05,0.35279251707864995,0.06666666666666667
institutions,1,0,0,0,0,0,0,0,0,0,0,0,0,0,0,1,1,0.0,12,1,institutions,6.99154023631406e-05,0.35279251707864995,0.06666666666666667
totalitarian,1,0,1,0,0,0,0,0,0,0,0,0,0,0,0,1,1,0.0,12,1,totalitarian,6.99154023631406e-05,0.35279251707864995,0.13333333333333333
assist,1,1,0,0,0,0,0,0,0,0,0,0,0,0,0,1,1,0.0,6,1,assist,6.99154023631406e-05,0.35279251707864995,0.13333333333333333
joint,1,1,1,0,0,0,0,0,0,0,0,0,0,0,0,1,1,0.0,5,1,joint,6.99154023631406e-05,0.35279251707864995,0.2
containing,0,1,0,0,0,0,0,0,0,0,0,0,0,0,0,1,1,0.0,10,1,containing,6.99154023631406e-05,0.35279251707864995,0.06666666666666667
contents,1,1,0,0,0,0,0,0,0,0,0,0,0,0,0,1,1,0.0,8,1,contents,6.99154023631406e-05,0.35279251707864995,0.13333333333333333
realignment,1,0,0,0,0,0,0,0,0,0,0,0,0,0,0,1,1,0.0,11,1,realignment,6.99154023631406e-05,0.35279251707864995,0.06666666666666667
disintegrating,0,1,0,0,0,0,0,0,0,0,0,0,0,0,0,1,1,0.0,14,1,disintegrating,6.99154023631406e-05,0.35279251707864995,0.06666666666666667
restrict,0,1,0,0,0,0,0,0,0,0,0,0,0,0,0,1,1,0.0,8,1,restrict,6.99154023631406e-05,0.35279251707864995,0.06666666666666667
clandestine,0,0,1,0,0,0,0,0,0,0,0,0,0,0,0,1,1,0.0,11,1,clandestine,6.99154023631406e-05,0.35279251707864995,0.06666666666666667
channels,1,1,0,0,0,0,0,0,0,0,0,0,0,0,0,1,1,0.0,8,1,channels,6.99154023631406e-05,0.35279251707864995,0.13333333333333333
edition,1,0,0,0,0,0,0,0,0,0,0,0,0,0,0,1,1,0.0,7,1,edition,6.99154023631406e-05,0.35279251707864995,0.06666666666666667
collins,1,0,0,0,0,0,0,0,0,0,0,0,0,0,0,1,1,0.0,7,1,collins,6.99154023631406e-05,0.35279251707864995,0.06666666666666667
g,1,0,0,0,0,0,0,0,0,0,0,0,0,0,0,1,1,0.0,1,1,g,6.99154023631406e-05,0.35279251707864995,0.06666666666666667
clean,1,1,1,1,0,0,0,0,0,0,0,0,0,0,0,1,1,0.0,5,1,clean,6.99154023631406e-05,0.35279251707864995,0.26666666666666666
annual,1,0,1,0,0,0,0,0,0,0,0,0,0,0,0,1,1,0.0,6,1,annual,6.99154023631406e-05,0.35279251707864995,0.13333333333333333
expenditure,0,0,0,0,0,0,0,0,0,0,0,0,0,0,0,1,1,0.0,11,1,expenditure,6.99154023631406e-05,0.35279251707864995,0.0
antropologicheskoy,0,0,0,0,0,0,0,0,0,0,0,0,0,0,0,1,1,0.0,18,1,antropologicheskoy,6.99154023631406e-05,0.35279251707864995,0.0
v,1,0,0,0,0,0,0,0,0,0,0,0,0,0,0,1,1,0.0,1,1,v,6.99154023631406e-05,0.35279251707864995,0.06666666666666667
archives,1,1,0,0,0,0,0,0,0,0,0,0,0,0,0,1,1,0.0,8,1,archives,6.99154023631406e-05,0.35279251707864995,0.13333333333333333
wu,1,0,0,0,0,0,0,0,0,0,0,0,0,0,0,1,1,0.0,2,1,wu,6.99154023631406e-05,0.35279251707864995,0.06666666666666667
brezhneva,0,0,0,0,0,0,0,0,0,0,0,0,0,0,0,1,1,0.0,9,1,brezhneva,6.99154023631406e-05,0.35279251707864995,0.0
references,1,1,0,0,0,0,0,0,0,0,0,0,0,0,0,1,1,0.0,10,1,references,6.99154023631406e-05,0.35279251707864995,0.13333333333333333
may,1,0,0,0,0,0,0,0,0,1,0,0,0,0,0,1,1,0.0,3,1,may,6.99154023631406e-05,0.35279251707864995,0.13333333333333333
mo,1,0,0,0,0,0,0,0,0,0,0,0,0,0,0,1,1,0.0,2,1,mo,6.99154023631406e-05,0.35279251707864995,0.06666666666666667
mbd,0,0,0,0,0,0,0,0,0,0,0,0,0,0,0,1,1,0.0,3,1,mbd,6.99154023631406e-05,0.35279251707864995,0.0
r,1,0,0,0,0,0,0,0,0,0,0,0,0,0,0,1,1,0.0,1,1,r,6.99154023631406e-05,0.35279251707864995,0.06666666666666667
qyiohb,0,0,0,0,0,0,0,0,0,0,0,0,0,0,0,1,1,0.0,6,1,qyiohb,6.99154023631406e-05,0.35279251707864995,0.0
fqg,0,0,0,0,0,0,0,0,0,0,0,0,0,0,0,1,1,0.0,3,1,fqg,6.99154023631406e-05,0.35279251707864995,0.0
cp,0,0,0,0,0,0,0,0,0,0,0,0,0,0,0,1,1,0.0,2,0,cp,6.99154023631406e-05,0.35279251707864995,0.0
rs,0,0,0,0,0,0,0,0,0,0,0,0,0,0,0,1,1,0.0,2,0,rs,6.99154023631406e-05,0.35279251707864995,0.0
ruk,0,0,0,0,0,0,0,0,0,0,0,0,0,0,0,1,1,0.0,3,1,ruk,6.99154023631406e-05,0.35279251707864995,0.0
rl,1,0,0,0,0,0,0,0,0,0,0,0,0,0,0,1,1,0.0,2,1,rl,6.99154023631406e-05,0.35279251707864995,0.06666666666666667
uynugvbgrvzh,0,0,0,0,0,0,0,0,0,0,0,0,0,0,0,1,1,0.0,12,1,uynugvbgrvzh,6.99154023631406e-05,0.35279251707864995,0.0
dbcode,0,0,0,0,0,0,0,0,0,0,0,0,0,0,0,1,1,0.0,6,1,dbcode,6.99154023631406e-05,0.35279251707864995,0.0
cmfd,0,0,0,0,0,0,0,0,0,0,0,0,0,0,0,1,1,0.0,4,1,cmfd,6.99154023631406e-05,0.35279251707864995,0.0
filename,1,0,0,0,0,0,0,0,0,0,0,0,0,0,0,1,1,0.0,8,1,filename,6.99154023631406e-05,0.35279251707864995,0.06666666666666667
nh,0,0,0,0,0,0,0,0,0,0,0,0,0,0,0,1,1,0.0,2,0,nh,6.99154023631406e-05,0.35279251707864995,0.0
lu,0,0,0,0,0,0,0,0,0,0,0,0,0,0,0,1,1,0.0,2,0,lu,6.99154023631406e-05,0.35279251707864995,0.0
n,1,0,0,0,0,0,0,0,0,0,0,0,0,0,0,1,1,0.0,1,1,n,6.99154023631406e-05,0.35279251707864995,0.06666666666666667
lenin,1,0,0,0,0,0,0,0,0,0,0,0,0,0,0,1,1,0.0,5,1,lenin,6.99154023631406e-05,0.35279251707864995,0.06666666666666667
publishing,0,1,0,0,0,0,0,0,0,0,0,0,0,0,0,1,1,0.0,10,1,publishing,6.99154023631406e-05,0.35279251707864995,0.06666666666666667
poles,1,1,0,0,0,0,0,0,0,0,0,0,0,0,0,1,1,0.0,5,1,poles,6.99154023631406e-05,0.35279251707864995,0.13333333333333333
virtue,1,0,0,0,0,0,0,0,0,0,0,0,0,0,0,1,1,0.0,6,1,virtue,6.99154023631406e-05,0.35279251707864995,0.06666666666666667
geopolitics,1,0,0,0,0,0,0,0,0,0,0,0,0,0,0,1,1,0.0,11,1,geopolitics,6.99154023631406e-05,0.35279251707864995,0.06666666666666667
livelihood,1,0,0,0,0,0,0,0,0,0,0,0,0,0,0,1,1,0.0,10,1,livelihood,6.99154023631406e-05,0.35279251707864995,0.06666666666666667
defence,1,0,0,0,0,0,0,0,0,0,0,0,0,0,0,1,1,0.0,7,1,defence,6.99154023631406e-05,0.35279251707864995,0.06666666666666667
yu,1,0,0,0,0,0,0,0,0,0,0,0,0,0,0,1,1,0.0,2,1,yu,6.99154023631406e-05,0.35279251707864995,0.06666666666666667
dispatching,1,1,0,0,0,0,0,0,0,0,0,0,0,0,0,1,1,0.0,11,1,dispatching,6.99154023631406e-05,0.35279251707864995,0.13333333333333333
proportion,1,1,0,0,0,0,0,0,0,0,0,0,0,0,0,1,1,0.0,10,1,proportion,6.99154023631406e-05,0.35279251707864995,0.13333333333333333
gdp,0,0,0,0,0,0,0,0,0,0,0,0,0,0,0,1,1,0.0,3,1,gdp,6.99154023631406e-05,0.35279251707864995,0.0
remained,0,1,0,0,0,0,0,0,0,0,0,0,0,0,0,1,1,0.0,8,1,remained,6.99154023631406e-05,0.35279251707864995,0.06666666666666667
lagging,1,1,0,0,0,0,0,0,0,0,0,0,0,0,0,1,1,0.0,7,1,lagging,6.99154023631406e-05,0.35279251707864995,0.13333333333333333
militarily,0,0,0,1,0,0,0,0,0,0,0,0,0,0,0,1,1,0.0,10,1,militarily,6.99154023631406e-05,0.35279251707864995,0.06666666666666667
duty,1,0,0,0,0,0,0,0,0,0,0,0,0,0,0,1,1,0.0,4,1,duty,6.99154023631406e-05,0.35279251707864995,0.06666666666666667
descended,0,1,0,0,0,0,0,0,0,0,0,0,0,0,0,1,1,0.0,9,1,descended,6.99154023631406e-05,0.35279251707864995,0.06666666666666667
library,1,0,0,0,0,0,0,0,0,0,0,0,0,0,0,1,1,0.0,7,1,library,6.99154023631406e-05,0.35279251707864995,0.06666666666666667
nexus,1,0,0,0,0,0,0,0,0,0,0,0,0,0,0,1,1,0.0,5,1,nexus,6.99154023631406e-05,0.35279251707864995,0.06666666666666667
baker,1,0,0,0,0,0,0,0,0,0,0,0,0,0,0,1,1,0.0,5,1,baker,6.99154023631406e-05,0.35279251707864995,0.06666666666666667
liu,0,0,0,0,0,0,0,0,0,0,0,0,0,0,0,1,1,0.0,3,1,liu,6.99154023631406e-05,0.35279251707864995,0.0
http,0,0,0,0,0,0,0,0,0,0,0,0,0,0,0,1,1,0.0,4,1,http,6.99154023631406e-05,0.35279251707864995,0.0
kcms,0,0,0,0,0,0,0,0,0,0,0,0,0,0,0,1,1,0.0,4,1,kcms,6.99154023631406e-05,0.35279251707864995,0.0
h,1,0,0,0,0,0,0,0,0,0,0,0,0,0,0,1,1,0.0,1,1,h,6.99154023631406e-05,0.35279251707864995,0.06666666666666667
zhang,0,0,0,0,0,0,0,0,0,0,0,0,0,0,0,1,1,0.0,5,1,zhang,6.99154023631406e-05,0.35279251707864995,0.0
y,1,0,0,0,0,0,0,0,0,0,0,0,0,0,0,1,1,0.0,1,1,y,6.99154023631406e-05,0.35279251707864995,0.06666666666666667
ater,0,0,0,0,0,0,0,0,0,0,0,0,0,0,0,1,1,0.0,4,1,ater,6.99154023631406e-05,0.35279251707864995,0.0
aspx,0,0,0,0,0,0,0,0,0,0,0,0,0,0,0,1,1,0.0,4,1,aspx,6.99154023631406e-05,0.35279251707864995,0.0
text,1,0,0,0,0,0,0,0,0,0,0,0,0,0,0,1,1,0.0,4,1,text,6.99154023631406e-05,0.35279251707864995,0.06666666666666667
dit,1,0,0,0,0,0,0,0,0,0,0,0,0,0,0,1,1,0.0,3,1,dit,6.99154023631406e-05,0.35279251707864995,0.06666666666666667
my,0,0,0,0,0,0,0,0,0,0,0,0,0,1,0,1,1,0.0,2,1,my,6.99154023631406e-05,0.35279251707864995,0.06666666666666667
retrospektive,0,0,0,0,0,0,0,0,0,0,0,0,0,0,0,1,1,0.0,13,1,retrospektive,6.99154023631406e-05,0.35279251707864995,0.0
era,1,0,0,0,0,0,0,0,0,0,0,0,0,0,0,1,1,0.0,3,1,era,6.99154023631406e-05,0.35279251707864995,0.06666666666666667
anthropological,0,0,1,0,0,0,0,0,0,0,0,0,0,0,0,1,1,0.0,15,1,anthropological,6.99154023631406e-05,0.35279251707864995,0.06666666666666667
retrospective,1,0,1,0,0,0,0,0,0,0,0,0,0,0,0,1,1,0.0,13,1,retrospective,6.99154023631406e-05,0.35279251707864995,0.13333333333333333
hoey,0,0,0,0,0,0,0,0,0,0,0,0,0,0,0,1,1,0.0,4,1,hoey,6.99154023631406e-05,0.35279251707864995,0.0
presidential,0,0,1,0,0,0,0,0,0,0,0,0,0,0,0,1,1,0.0,12,1,presidential,6.99154023631406e-05,0.35279251707864995,0.06666666666666667
inquiries,1,0,0,0,0,0,0,0,0,0,0,0,0,0,0,1,1,0.0,9,1,inquiries,6.99154023631406e-05,0.35279251707864995,0.06666666666666667
huang,0,0,0,0,0,0,0,0,0,0,0,0,0,0,0,1,1,0.0,5,1,huang,6.99154023631406e-05,0.35279251707864995,0.0
