word,noun,verb,adjective,adverb,auxiliary,compositions,conjunctions,determiners,existential_determiners,modifiers,negative_quantifiers,prepositions,universal_determiners,possessive_determiners,pronouns,frequency,review_count,avg_sentiment,length,confident,resolved_word,relative_frequency,double_log_freq,participation_score
the,0,0,0,1,0,0,0,1,0,0,0,0,0,0,0,2291,1129,0.0297994325621999,3,1,the,0.0762522882343152,0.7668484025092895,0.13333333333333333
i,1,0,0,0,0,0,0,0,0,0,0,0,0,0,1,1654,866,0.0541242442563481,1,1,i,0.05505075719753703,0.7612297021075186,0.13333333333333333
it,1,0,0,0,0,0,0,0,0,0,0,0,0,0,1,749,548,0.0658161548731641,2,1,it,0.02492927275753037,0.7461294902385328,0.13333333333333333
and,1,0,0,0,0,0,1,0,0,0,0,0,0,0,0,708,547,0.0497992937853107,3,1,and,0.023564653020469298,0.7449688205366778,0.13333333333333333
to,0,0,0,0,0,0,0,0,0,0,0,1,0,0,0,704,560,0.04649375,2,1,to,0.023431519387585288,0.7448513006079436,0.06666666666666667
of,0,0,0,0,0,0,0,0,0,0,0,1,0,0,0,597,453,0.0822371859296482,2,1,of,0.019870194707938094,0.7413737436926128,0.06666666666666667
in,1,0,1,1,0,0,0,0,0,0,0,1,0,0,0,576,472,0.0910090277777777,2,1,in,0.019171243135297056,0.7406032164235918,0.26666666666666666
a,1,0,0,0,0,0,0,1,1,0,0,0,0,0,0,516,418,0.0396717054263565,1,1,a,0.017174238642036946,0.7382012001452419,0.2
he,1,0,0,0,0,0,0,0,0,0,0,0,0,0,1,467,391,0.0378826552462526,2,1,he,0.015543351639207855,0.735975321151483,0.13333333333333333
his,0,0,0,0,0,0,0,0,0,0,0,0,0,1,1,382,297,0.0202910994764397,3,1,his,0.012714261940422699,0.7313506721331667,0.13333333333333333
that,1,0,0,1,0,1,1,1,0,0,0,0,0,0,1,292,255,0.101047602739726,4,1,that,0.009718755200532534,0.7248471167505542,0.4
at,1,0,0,0,0,0,0,0,0,0,0,1,0,0,0,280,258,0.0148307142857142,2,1,at,0.009319354301880512,0.7237961960496353,0.13333333333333333
she,1,0,0,0,0,0,0,0,0,0,0,0,0,0,1,249,208,0.1652650602409638,3,1,she,0.008287568647029456,0.7208046161596355,0.13333333333333333
then,1,0,1,1,0,0,1,0,0,0,0,0,0,0,0,248,237,0.0260322580645161,4,1,then,0.008254285238808454,0.7207006017602313,0.26666666666666666
for,0,0,0,0,0,0,1,0,0,0,0,1,0,0,0,245,225,0.0044967346938775,3,1,for,0.008154435014145449,0.7203854421149627,0.13333333333333333
is,0,1,0,0,1,0,0,0,0,0,0,0,0,0,0,228,182,0.0940144736842104,2,1,is,0.007588617074388417,0.7185052114656592,0.13333333333333333
with,1,0,0,0,0,0,0,0,0,0,0,1,0,0,0,225,207,0.122904,4,1,with,0.0074887668497254116,0.7181554948054218,0.13333333333333333
you,0,0,0,0,0,0,0,0,0,0,0,0,0,0,1,209,182,0.0972760765550239,3,1,you,0.0069562323181893825,0.7161880460633878,0.06666666666666667
her,0,0,0,0,0,0,0,0,0,0,0,0,0,1,1,204,158,0.1605004901960784,3,1,her,0.006789815277084373,0.7155347975253222,0.13333333333333333
but,1,0,0,1,0,0,1,0,0,0,0,0,0,0,0,199,191,0.0351045226130653,3,1,but,0.0066233982359793645,0.7148614714483575,0.2
as,1,0,0,0,0,0,0,0,0,0,0,0,0,0,0,186,164,0.0483494623655914,2,1,as,0.00619071392910634,0.71300823543923,0.06666666666666667
was,0,1,0,0,1,0,0,0,0,0,0,0,0,0,0,160,150,0.081491875,3,1,was,0.005325345315360293,0.7087683061191127,0.13333333333333333
on,0,0,1,1,0,0,0,0,0,0,0,1,0,0,0,139,134,0.0362043165467625,2,1,on,0.0046263937427192545,0.7046630755634303,0.2
said,0,1,1,0,0,0,0,0,0,0,0,0,0,0,0,133,129,0.0669714285714285,4,1,said,0.0044266932933932435,0.7033457975759693,0.13333333333333333
not,1,0,0,1,0,0,1,0,0,0,1,0,0,0,0,132,117,0.0494371212121212,3,1,not,0.004393409885172242,0.7031190226451435,0.26666666666666666
had,0,0,0,0,1,0,0,0,0,0,0,0,0,0,0,123,115,0.0474235772357723,3,1,had,0.0040938592111832255,0.7009760537519804,0.06666666666666667
into,0,0,0,0,0,0,0,0,0,0,0,1,0,0,0,123,116,-0.0090991869918699,4,1,into,0.0040938592111832255,0.7009760537519804,0.06666666666666667
from,0,0,0,0,0,0,0,0,0,0,0,1,0,0,0,113,108,0.0472442477876106,4,1,from,0.003761025128973207,0.6983513136661652,0.06666666666666667
there,1,0,0,1,0,0,0,0,0,0,0,0,0,0,0,109,98,0.004148623853211,5,1,there,0.0036278914960891995,0.6972182788426685,0.13333333333333333
all,0,0,1,1,0,0,1,0,0,0,0,0,1,0,1,106,101,0.0776726415094339,3,1,all,0.003528041271426194,0.6963335605465436,0.3333333333333333
they,0,0,0,0,0,0,0,0,0,0,0,0,0,0,1,101,91,-0.0626722772277227,4,1,they,0.003361624230321185,0.694786511508806,0.06666666666666667
this,1,0,0,1,0,0,0,1,0,0,0,0,0,0,1,97,93,-0.0138907216494845,4,1,this,0.0032284905974371775,0.693477516218902,0.26666666666666666
when,1,0,0,1,0,0,1,0,0,0,0,0,0,0,0,91,85,0.0631626373626373,4,1,when,0.0030287901481111665,0.6913803651090247,0.2
him,0,0,0,0,0,0,0,0,0,0,0,0,0,0,1,90,88,-0.0218133333333333,3,1,him,0.0029955067398901645,0.6910138024728482,0.06666666666666667
me,1,0,0,0,0,0,0,0,0,0,0,0,0,0,1,90,87,-0.0304355555555555,2,1,me,0.0029955067398901645,0.6910138024728482,0.13333333333333333
clifford,0,0,0,0,0,0,0,0,0,0,0,0,0,0,0,86,75,0.1011988372093023,8,1,clifford,0.0028623731070061575,0.689494158004852,0.0
if,1,0,0,0,0,0,1,0,0,0,0,0,0,0,0,73,71,0.043872602739726,2,1,if,0.0024296888001331335,0.6838574622042377,0.13333333333333333
by,1,0,0,1,0,0,0,0,0,0,0,1,0,0,0,72,62,0.0694041666666666,2,1,by,0.002396405391912132,0.6833713636336338,0.2
which,1,0,0,0,0,1,0,0,0,0,0,0,0,0,1,72,71,0.0043458333333333,5,1,which,0.002396405391912132,0.6833713636336338,0.2
my,0,0,0,0,0,0,0,0,0,0,0,0,0,1,0,71,67,0.0778577464788732,2,1,my,0.00236312198369113,0.6828765594899542,0.06666666666666667
so,1,0,0,1,0,0,1,0,0,0,0,0,0,0,0,70,66,0.1350314285714285,2,1,so,0.002329838575470128,0.6823727633956729,0.2
street,1,0,0,0,0,0,0,0,0,0,0,0,0,0,0,70,69,-0.0186214285714285,6,1,street,0.002329838575470128,0.6823727633956729,0.06666666666666667
out,1,1,1,1,0,0,0,0,0,0,0,0,0,0,0,69,68,0.0571782608695652,3,1,out,0.0022965551672491265,0.6818596751944429,0.26666666666666666
are,1,0,0,0,1,0,0,0,0,0,0,0,0,0,0,67,65,0.1130970149253731,3,1,are,0.0022299883508071225,0.6808043476166022,0.13333333333333333
have,0,1,0,0,1,0,0,0,0,0,0,0,0,0,0,66,63,0.0798560606060606,4,1,have,0.002196704942586121,0.6802614307792342,0.13333333333333333
after,0,0,1,1,0,0,1,0,0,0,0,0,0,0,0,65,64,-0.0006384615384615,5,1,after,0.002163421534365119,0.6797078647811866,0.2
its,1,0,0,0,0,0,0,0,0,0,0,0,0,1,0,63,49,-0.0269777777777777,3,1,its,0.0020968547179231155,0.6785672301966525,0.13333333333333333
again,0,0,0,1,0,0,0,0,0,0,0,0,0,0,0,61,59,0.0139819672131147,5,1,again,0.0020302879014811115,0.6773791226501839,0.06666666666666667
what,0,0,0,1,0,0,0,0,0,0,0,0,1,0,1,61,56,0.0587901639344262,4,1,what,0.0020302879014811115,0.6773791226501839,0.2
over,1,0,1,1,0,0,0,0,0,0,0,1,0,0,0,60,56,0.0270349999999999,4,1,over,0.00199700449326011,0.6767661283438605,0.26666666666666666
up,0,1,1,1,0,0,0,0,0,0,0,0,0,0,0,60,60,-0.0256416666666666,2,1,up,0.00199700449326011,0.6767661283438605,0.2
little,1,0,1,1,0,0,0,0,0,0,0,0,0,0,0,59,59,0.0638084745762711,6,1,little,0.001963721085039108,0.6761398487645733,0.2
hastings,1,0,0,0,0,0,0,0,0,0,0,0,0,0,0,59,53,0.243906779661017,8,1,hastings,0.001963721085039108,0.6761398487645733,0.06666666666666667
like,1,1,1,1,0,0,1,0,0,0,0,0,0,0,0,59,56,0.2965186440677967,4,1,like,0.001963721085039108,0.6761398487645733,0.3333333333333333
here,1,0,1,1,0,0,0,0,0,0,0,0,0,0,0,58,55,0.0463396551724138,4,1,here,0.0019304376768181062,0.6754997548619163,0.2
ing,1,0,0,0,0,0,0,0,0,0,0,0,0,0,0,58,56,0.0108689655172413,3,1,ing,0.0019304376768181062,0.6754997548619163,0.06666666666666667
about,0,0,1,1,0,0,0,0,0,0,0,1,0,0,0,56,56,0.0574892857142857,5,1,about,0.0018638708603761025,0.6741758511411072,0.2
no,1,0,0,1,0,0,0,0,0,0,1,0,0,0,0,56,52,-0.0694607142857142,2,1,no,0.0018638708603761025,0.6741758511411072,0.2
before,0,0,0,1,0,0,1,0,0,0,0,0,0,0,0,54,52,0.0397425925925925,6,1,before,0.0017973040439340988,0.6727895226904915,0.13333333333333333
looked,0,1,0,0,0,0,0,0,0,0,0,0,0,0,0,54,54,0.0915314814814814,6,1,looked,0.0017973040439340988,0.6727895226904915,0.06666666666666667
were,1,1,0,0,1,0,0,0,0,0,0,0,0,0,0,54,54,0.1497703703703703,4,1,were,0.0017973040439340988,0.6727895226904915,0.2
we,0,0,0,0,0,0,0,0,0,0,0,0,0,0,1,53,49,0.1286981132075471,2,1,we,0.001764020635713097,0.672071252218482,0.06666666666666667
their,0,0,0,0,0,0,0,0,0,0,0,0,0,1,0,52,50,0.0563346153846153,5,1,their,0.0017307372274920952,0.6713352524602902,0.06666666666666667
through,1,0,1,1,0,0,0,0,0,0,0,0,0,0,0,51,49,-0.0516117647058823,7,1,through,0.0016974538192710933,0.6705807189178685,0.2
an,1,0,0,0,0,0,0,1,1,0,0,0,0,0,0,51,49,0.0551215686274509,2,1,an,0.0016974538192710933,0.6705807189178685,0.2
last,1,1,1,1,0,0,0,0,0,0,0,0,0,0,0,49,48,-0.0054183673469387,4,1,last,0.0016308870028290897,0.6690125598689335,0.26666666666666666
eyes,1,1,0,0,0,0,0,0,0,0,0,0,0,0,0,48,48,0.1663604166666666,4,1,eyes,0.0015976035946080878,0.6681970379894457,0.13333333333333333
rue,1,0,0,0,0,0,0,0,0,0,0,0,0,0,0,47,43,0.037195744680851,3,1,rue,0.001564320186387086,0.6673591784382801,0.06666666666666667
trent,1,0,0,0,0,0,0,0,0,0,0,0,0,0,0,46,42,-0.0500304347826086,5,1,trent,0.0015310367781660842,0.6664978557621422,0.06666666666666667
be,0,1,0,0,1,0,0,0,0,0,0,0,0,0,0,46,45,0.0566630434782608,2,1,be,0.0015310367781660842,0.6664978557621422,0.13333333333333333
face,1,1,0,0,0,0,0,0,0,0,0,0,0,0,0,44,43,0.0766545454545454,4,1,face,0.0014644699617240805,0.664699894291389,0.13333333333333333
head,1,1,1,0,0,0,0,0,0,0,0,0,0,0,0,43,43,0.0466325581395348,4,1,head,0.0014311865535030787,0.6637605539783985,0.2
time,1,1,0,0,0,0,0,0,0,0,0,0,0,0,0,43,41,0.0369581395348837,4,1,time,0.0014311865535030787,0.6637605539783985,0.13333333333333333
one,1,0,1,0,0,0,0,0,1,0,0,0,0,0,1,43,41,-0.0931302325581395,3,1,one,0.0014311865535030787,0.6637605539783985,0.26666666666666666
will,1,1,0,0,0,0,0,0,0,1,0,0,0,0,0,42,39,0.0797523809523809,4,1,will,0.001397903145282077,0.6627923278454898,0.2
or,0,0,0,0,0,0,1,0,0,0,0,0,0,0,0,42,41,0.0485261904761904,2,1,or,0.001397903145282077,0.6627923278454898,0.06666666666666667
them,0,0,0,0,0,0,0,0,0,0,0,0,0,0,1,42,39,0.0972880952380952,4,1,them,0.001397903145282077,0.6627923278454898,0.06666666666666667
elliott,0,0,0,0,0,0,0,0,0,0,0,0,0,0,0,41,39,0.0701317073170731,7,1,elliott,0.001364619737061075,0.6617935805169496,0.0
mr,0,0,0,0,0,0,0,0,0,0,0,0,0,0,0,40,40,-0.01037,2,0,mr,0.0013313363288400732,0.6607625402758197,0.0
oh,1,0,0,0,0,0,0,0,0,0,0,0,0,0,0,40,39,0.1597974999999999,2,1,oh,0.0013313363288400732,0.6607625402758197,0.06666666666666667
fell,1,1,1,0,0,0,0,0,0,0,0,0,0,0,0,40,40,0.0193349999999999,4,1,fell,0.0013313363288400732,0.6607625402758197,0.2
never,0,0,0,1,0,0,0,0,0,0,1,0,0,0,0,39,35,0.0952794871794871,5,1,never,0.0012980529206190715,0.6596972838889588,0.13333333333333333
could,0,0,0,0,0,0,0,0,0,1,0,0,0,0,0,39,33,0.044625641025641,5,1,could,0.0012980529206190715,0.6596972838889588,0.06666666666666667
do,1,1,0,0,1,0,0,0,0,0,0,0,0,0,0,39,36,0.0249487179487179,2,1,do,0.0012980529206190715,0.6596972838889588,0.2
now,1,0,0,1,0,0,1,0,0,0,0,0,0,0,0,38,37,0.0873710526315789,3,1,now,0.0012647695123980695,0.6585957192988778,0.2
see,1,1,0,1,0,0,0,0,0,0,0,0,0,0,0,38,38,0.0328421052631578,3,1,see,0.0012647695123980695,0.6585957192988778,0.2
turned,0,1,1,0,0,0,0,0,0,0,0,0,0,0,0,38,36,0.0062921052631578,6,1,turned,0.0012647695123980695,0.6585957192988778,0.13333333333333333
yes,1,0,0,1,0,0,0,0,0,0,0,0,0,0,0,37,36,0.3478675675675676,3,1,yes,0.0012314861041770677,0.6574555658168466,0.13333333333333333
who,1,0,0,0,0,1,0,0,0,0,0,0,0,0,1,37,37,0.1611324324324324,3,1,who,0.0012314861041770677,0.6574555658168466,0.2
cried,0,1,0,0,0,0,0,0,0,0,0,0,0,0,0,36,36,-0.2609166666666667,5,1,cried,0.001198202695956066,0.6562743313773061,0.06666666666666667
night,1,0,0,0,0,0,0,0,0,0,0,0,0,0,0,36,35,0.0434722222222222,5,1,night,0.001198202695956066,0.6562743313773061,0.06666666666666667
still,1,1,1,1,0,0,0,0,0,0,0,0,0,0,0,36,36,0.2029972222222222,5,1,still,0.001198202695956066,0.6562743313773061,0.26666666666666666
been,1,0,0,0,1,0,0,0,0,0,0,0,0,0,0,36,34,-0.0696444444444444,4,1,been,0.001198202695956066,0.6562743313773061,0.13333333333333333
sat,1,1,0,0,0,0,0,0,0,0,0,0,0,0,0,36,34,0.1061888888888889,3,1,sat,0.001198202695956066,0.6562743313773061,0.13333333333333333
know,1,1,0,0,0,0,0,0,0,0,0,0,0,0,0,34,33,0.1375352941176471,4,1,know,0.0011316358795140623,0.6537774330630485,0.13333333333333333
did,0,1,0,0,1,0,0,0,0,0,0,0,0,0,0,34,34,0.0779411764705882,3,1,did,0.0011316358795140623,0.6537774330630485,0.13333333333333333
well,1,1,1,1,0,0,0,0,0,0,0,0,0,0,0,33,31,0.4048090909090908,4,1,well,0.0010983524712930605,0.6524554708460382,0.26666666666666666
very,0,0,1,1,0,0,0,0,0,0,0,0,0,0,0,33,33,0.2314787878787878,4,1,very,0.0010983524712930605,0.6524554708460382,0.13333333333333333
back,1,1,1,1,0,0,0,0,0,0,0,0,0,0,0,33,33,0.0450212121212121,4,1,back,0.0010983524712930605,0.6524554708460382,0.26666666666666666
first,1,0,1,1,0,0,0,0,0,0,0,0,0,0,0,32,32,-0.0122875,5,1,first,0.0010650690630720585,0.6510797546220851,0.2
boris,0,0,0,0,0,0,0,0,0,0,0,0,0,0,0,32,32,0.07465,5,1,boris,0.0010650690630720585,0.6510797546220851,0.0
rose,1,1,1,0,0,0,0,0,0,0,0,0,0,0,0,31,31,-0.0146774193548387,4,1,rose,0.0010317856548510568,0.6496462468470389,0.2
across,1,0,1,1,0,0,0,0,0,0,0,0,0,0,0,31,31,-0.0724903225806451,6,1,across,0.0010317856548510568,0.6496462468470389,0.2
j,1,0,0,0,0,0,0,0,0,0,0,0,0,0,0,30,30,0.0378333333333333,1,1,j,0.000998502246630055,0.648150460701653,0.06666666666666667
until,0,0,0,0,0,0,1,0,0,0,0,0,0,0,0,30,28,0.0069933333333333,5,1,until,0.000998502246630055,0.648150460701653,0.06666666666666667
would,0,0,0,0,0,0,0,0,0,1,0,0,0,0,0,30,28,0.1354033333333333,5,1,would,0.000998502246630055,0.648150460701653,0.06666666666666667
girl,1,0,0,0,0,0,0,0,0,0,0,0,0,0,0,30,30,0.1343733333333333,4,1,girl,0.000998502246630055,0.648150460701653,0.06666666666666667
other,1,0,1,1,0,0,1,0,0,0,0,0,0,0,1,30,30,0.0005899999999999,5,1,other,0.000998502246630055,0.648150460701653,0.3333333333333333
tell,1,1,0,0,0,0,0,0,0,0,0,0,0,0,0,29,29,-0.0410965517241379,4,1,tell,0.0009652188384090531,0.6465873928647587,0.13333333333333333
old,1,0,1,0,0,0,0,0,0,0,0,0,0,0,0,29,27,0.1265137931034483,3,1,old,0.0009652188384090531,0.6465873928647587,0.13333333333333333
think,1,1,0,0,0,0,0,0,0,0,0,0,0,0,0,29,29,-0.0642275862068965,5,1,think,0.0009652188384090531,0.6465873928647587,0.13333333333333333
felt,1,1,1,0,0,0,0,0,0,0,0,0,0,0,0,29,29,0.1802310344827586,4,1,felt,0.0009652188384090531,0.6465873928647587,0.2
sylvia,0,0,0,0,0,0,0,0,0,0,0,0,0,0,0,28,22,0.0107249999999999,6,1,sylvia,0.0009319354301880513,0.644951443477734,0.0
tessie,0,0,0,0,0,0,0,0,0,0,0,0,0,0,0,28,28,0.1231178571428571,6,1,tessie,0.0009319354301880513,0.644951443477734,0.0
door,1,0,0,0,0,0,0,0,0,0,0,0,0,0,0,28,28,-0.0060392857142857,4,1,door,0.0009319354301880513,0.644951443477734,0.06666666666666667
came,1,1,0,0,0,0,0,0,0,0,0,0,0,0,0,28,28,0.0150892857142857,4,1,came,0.0009319354301880513,0.644951443477734,0.13333333333333333
every,0,0,1,0,0,0,0,0,0,0,0,0,1,0,0,28,27,-0.1557428571428571,5,1,every,0.0009319354301880513,0.644951443477734,0.13333333333333333
while,1,0,0,0,0,0,1,0,0,0,0,0,0,0,0,27,27,0.1092407407407407,5,1,while,0.0008986520219670494,0.6432363202993117,0.13333333333333333
passed,0,1,1,0,0,0,0,0,0,0,0,0,0,0,0,27,27,0.1090925925925925,6,1,passed,0.0008986520219670494,0.6432363202993117,0.13333333333333333
can,1,1,0,0,0,0,0,0,0,1,0,0,0,0,0,27,27,0.0837925925925926,3,1,can,0.0008986520219670494,0.6432363202993117,0.2
white,1,0,1,0,0,0,0,0,0,0,0,0,0,0,0,27,27,0.1578148148148148,5,1,white,0.0008986520219670494,0.6432363202993117,0.13333333333333333
shall,0,0,0,0,0,0,0,0,0,1,0,0,0,0,0,27,27,-0.0211518518518518,5,1,shall,0.0008986520219670494,0.6432363202993117,0.06666666666666667
away,0,0,1,1,0,0,0,0,0,0,0,0,0,0,0,26,26,-0.0094692307692307,4,1,away,0.0008653686137460476,0.6414349232056878,0.13333333333333333
selby,0,0,0,0,0,0,0,0,0,0,0,0,0,0,0,26,23,0.020626923076923,5,1,selby,0.0008653686137460476,0.6414349232056878,0.0
only,1,0,1,1,0,0,1,0,0,0,0,0,0,0,0,25,25,0.1037999999999999,4,1,only,0.0008320852055250458,0.6395392040666789,0.26666666666666666
voice,1,1,0,0,0,0,0,0,0,0,0,0,0,0,0,25,25,-0.116224,5,1,voice,0.0008320852055250458,0.6395392040666789,0.13333333333333333
day,1,0,0,0,0,0,0,0,0,0,0,0,0,0,0,25,24,0.038472,3,1,day,0.0008320852055250458,0.6395392040666789,0.06666666666666667
table,1,1,0,0,0,0,0,0,0,0,0,0,0,0,0,25,25,0.089036,5,1,table,0.0008320852055250458,0.6395392040666789,0.13333333333333333
long,1,0,1,1,0,0,0,0,0,0,0,0,0,0,0,25,24,-0.068668,4,1,long,0.0008320852055250458,0.6395392040666789,0.2
louis,1,0,0,0,0,0,0,0,0,0,0,0,0,0,0,24,23,0.0627541666666666,5,1,louis,0.0007988017973040439,0.6375399955160673,0.06666666666666667
off,0,0,1,1,0,0,0,0,0,0,0,0,0,0,0,24,24,0.0214166666666666,3,1,off,0.0007988017973040439,0.6375399955160673,0.13333333333333333
more,1,0,1,1,0,0,0,0,0,0,0,0,0,0,0,24,24,0.1856041666666666,4,1,more,0.0007988017973040439,0.6375399955160673,0.2
thought,1,1,0,0,0,0,0,0,0,0,0,0,0,0,0,24,24,-0.104275,7,1,thought,0.0007988017973040439,0.6375399955160673,0.13333333333333333
some,0,0,1,1,0,0,0,0,1,0,0,0,0,0,1,24,24,-0.0173833333333333,4,1,some,0.0007988017973040439,0.6375399955160673,0.26666666666666666
man,1,1,1,0,0,0,0,0,0,0,0,0,0,0,0,24,24,-0.0066166666666666,3,1,man,0.0007988017973040439,0.6375399955160673,0.2
your,0,0,0,0,0,0,0,0,0,0,0,0,0,1,0,24,24,0.0658625,4,1,your,0.0007988017973040439,0.6375399955160673,0.06666666666666667
why,1,0,0,1,0,0,0,0,0,0,0,0,0,0,0,24,23,0.0708291666666666,3,1,why,0.0007988017973040439,0.6375399955160673,0.13333333333333333
jack,1,1,1,0,0,0,0,0,0,0,0,0,0,0,0,23,23,-0.0631086956521739,4,1,jack,0.0007655183890830421,0.6354268000766977,0.2
replied,0,0,0,0,0,0,0,0,0,0,0,0,0,0,0,23,23,0.148691304347826,7,1,replied,0.0007655183890830421,0.6354268000766977,0.0
west,1,0,1,1,0,0,0,0,0,0,0,0,0,0,0,23,23,-0.0054739130434782,4,1,west,0.0007655183890830421,0.6354268000766977,0.2
love,1,1,0,0,0,0,0,0,0,0,0,0,0,0,0,23,21,0.6571043478260872,4,1,love,0.0007655183890830421,0.6354268000766977,0.13333333333333333
heart,1,0,0,0,0,0,0,0,0,0,0,0,0,0,0,23,23,0.5635956521739132,5,1,heart,0.0007655183890830421,0.6354268000766977,0.06666666666666667
don,1,0,0,0,0,0,0,0,0,0,0,0,0,0,0,23,21,0.1140260869565217,3,1,don,0.0007655183890830421,0.6354268000766977,0.06666666666666667
t,1,0,0,0,0,0,0,0,0,0,0,0,0,0,0,22,22,0.050940909090909,1,1,t,0.0007322349808620403,0.6331875282688906,0.06666666666666667
lay,1,1,1,0,0,0,0,0,0,0,0,0,0,0,0,22,22,-0.0617090909090908,3,1,lay,0.0007322349808620403,0.6331875282688906,0.2
good,1,0,1,1,0,0,0,0,0,0,0,0,0,0,0,22,22,0.2688545454545454,4,1,good,0.0007322349808620403,0.6331875282688906,0.2
say,1,1,0,1,0,0,0,0,0,0,0,0,0,0,0,22,21,0.0137454545454545,3,1,say,0.0007322349808620403,0.6331875282688906,0.2
along,0,0,0,1,0,0,0,0,0,0,0,0,0,0,0,22,21,-0.1932045454545455,5,1,along,0.0007322349808620403,0.6331875282688906,0.06666666666666667
must,1,0,1,0,0,0,0,0,0,1,0,0,0,0,0,22,21,0.0628181818181818,4,1,must,0.0007322349808620403,0.6331875282688906,0.2
above,1,0,1,1,0,0,0,0,0,0,0,0,0,0,0,22,22,0.1263863636363636,5,1,above,0.0007322349808620403,0.6331875282688906,0.2
once,0,0,1,1,0,0,1,0,0,0,0,0,0,0,0,22,21,-0.1214863636363636,4,1,once,0.0007322349808620403,0.6331875282688906,0.2
around,0,0,0,1,0,0,0,0,0,0,0,0,0,0,0,22,22,0.0783590909090909,6,1,around,0.0007322349808620403,0.6331875282688906,0.06666666666666667
down,1,1,1,1,0,0,0,0,0,0,0,0,0,0,0,21,20,0.022195238095238,4,1,down,0.0006989515726410385,0.6308081703830098,0.26666666666666666
right,1,1,1,1,0,0,0,0,0,0,0,0,0,0,0,21,21,0.0154714285714285,5,1,right,0.0006989515726410385,0.6308081703830098,0.26666666666666666
presently,0,0,0,1,0,0,0,0,0,0,0,0,0,0,0,21,20,0.0650142857142857,9,1,presently,0.0006989515726410385,0.6308081703830098,0.06666666666666667
re,1,0,0,0,0,0,0,0,0,0,0,0,0,0,0,21,19,0.1050714285714285,2,1,re,0.0006989515726410385,0.6308081703830098,0.06666666666666667
under,0,0,1,1,0,0,0,0,0,0,0,1,0,0,0,21,21,-0.1113571428571428,5,1,under,0.0006989515726410385,0.6308081703830098,0.2
should,1,0,0,0,0,0,0,0,0,1,0,0,0,0,0,21,21,0.1600809523809523,6,1,should,0.0006989515726410385,0.6308081703830098,0.13333333333333333
heard,0,1,1,0,0,0,0,0,0,0,0,0,0,0,0,21,20,0.0576142857142857,5,1,heard,0.0006989515726410385,0.6308081703830098,0.13333333333333333
look,1,1,0,0,0,0,0,0,0,0,0,0,0,0,0,21,20,0.0786523809523809,4,1,look,0.0006989515726410385,0.6308081703830098,0.13333333333333333
smiled,0,1,0,0,0,0,0,0,0,0,0,0,0,0,0,21,21,0.5747142857142857,6,1,smiled,0.0006989515726410385,0.6308081703830098,0.06666666666666667
yet,1,0,0,1,0,0,1,0,0,0,0,0,0,0,0,21,21,0.0302285714285714,3,1,yet,0.0006989515726410385,0.6308081703830098,0.2
ment,0,0,0,0,0,0,0,0,0,0,0,0,0,0,0,20,19,-0.077025,4,1,ment,0.0006656681644200366,0.6282723810177272,0.0
took,0,1,0,0,0,0,0,0,0,0,0,0,0,0,0,20,20,0.13628,4,1,took,0.0006656681644200366,0.6282723810177272,0.06666666666666667
too,0,0,0,1,0,0,0,0,0,0,0,0,0,0,0,20,20,0.0232899999999999,3,1,too,0.0006656681644200366,0.6282723810177272,0.06666666666666667
three,1,0,1,0,0,0,0,0,0,0,0,0,0,0,0,20,18,0.061995,5,1,three,0.0006656681644200366,0.6282723810177272,0.13333333333333333
colette,1,0,0,0,0,0,0,0,0,0,0,0,0,0,0,20,20,0.0104799999999999,7,1,colette,0.0006656681644200366,0.6282723810177272,0.06666666666666667
than,0,0,0,0,0,0,1,0,0,0,0,0,0,0,0,20,20,0.194715,4,1,than,0.0006656681644200366,0.6282723810177272,0.06666666666666667
something,1,0,0,1,0,0,0,0,1,0,0,0,0,0,1,20,20,-0.08031,9,1,something,0.0006656681644200366,0.6282723810177272,0.26666666666666666
stood,0,1,0,0,0,0,0,0,0,0,0,0,0,0,0,20,20,0.00769,5,1,stood,0.0006656681644200366,0.6282723810177272,0.06666666666666667
found,1,1,1,0,0,0,0,0,0,0,0,0,0,0,0,20,20,0.02814,5,1,found,0.0006656681644200366,0.6282723810177272,0.2
nothing,1,0,0,1,0,0,0,0,0,0,1,0,0,0,0,19,18,0.0594315789473684,7,1,nothing,0.0006323847561990348,0.6255609474815194,0.2
come,0,1,0,0,0,0,0,0,0,0,0,0,0,0,0,19,19,0.1173052631578947,4,1,come,0.0006323847561990348,0.6255609474815194,0.06666666666666667
told,0,1,1,0,0,0,0,0,0,0,0,0,0,0,0,19,18,0.2026578947368421,4,1,told,0.0006323847561990348,0.6255609474815194,0.13333333333333333
world,1,0,1,0,0,0,0,0,0,0,0,0,0,0,0,19,18,0.1670157894736842,5,1,world,0.0006323847561990348,0.6255609474815194,0.13333333333333333
e,1,0,0,0,0,0,0,0,0,0,0,0,0,0,0,19,19,0.0495526315789473,1,1,e,0.0006323847561990348,0.6255609474815194,0.06666666666666667
better,1,1,1,1,0,0,0,0,0,0,0,0,0,0,0,19,18,0.4214842105263159,6,1,better,0.0006323847561990348,0.6255609474815194,0.26666666666666666
myself,1,0,0,0,0,0,0,0,0,0,0,0,0,0,1,19,16,0.2893315789473684,6,1,myself,0.0006323847561990348,0.6255609474815194,0.13333333333333333
where,0,0,0,1,0,0,1,0,0,0,0,0,0,0,0,19,19,0.0329263157894736,5,1,where,0.0006323847561990348,0.6255609474815194,0.13333333333333333
take,1,1,0,0,0,0,0,0,0,0,0,0,0,0,0,19,19,-0.0185157894736842,4,1,take,0.0006323847561990348,0.6255609474815194,0.13333333333333333
these,0,0,0,0,0,0,0,1,0,0,0,0,0,0,1,19,19,0.1176473684210526,5,1,these,0.0006323847561990348,0.6255609474815194,0.13333333333333333
also,0,0,0,1,0,0,0,0,0,0,0,0,0,0,0,18,18,0.2820944444444444,4,1,also,0.000599101347978033,0.6226511014835566,0.06666666666666667
finished,0,1,1,0,0,0,0,0,0,0,0,0,0,0,0,18,17,0.0099666666666666,8,1,finished,0.000599101347978033,0.6226511014835566,0.13333333333333333
lips,0,0,0,0,0,0,0,0,0,0,0,0,0,0,0,18,18,-0.0482111111111111,4,1,lips,0.000599101347978033,0.6226511014835566,0.0
de,1,0,0,0,0,0,0,0,0,0,0,0,0,0,0,18,18,0.1368111111111111,2,1,de,0.000599101347978033,0.6226511014835566,0.06666666666666667
silent,1,0,1,0,0,0,0,0,0,0,0,0,0,0,0,18,18,0.0637722222222222,6,1,silent,0.000599101347978033,0.6226511014835566,0.13333333333333333
braith,0,0,0,0,0,0,0,0,0,0,0,0,0,0,0,18,18,0.0810111111111111,6,1,braith,0.000599101347978033,0.6226511014835566,0.0
studio,1,0,0,0,0,0,0,0,0,0,0,0,0,0,0,18,18,-0.0331388888888888,6,1,studio,0.000599101347978033,0.6226511014835566,0.06666666666666667
almost,1,0,0,1,0,0,0,0,0,0,0,0,0,0,0,18,17,0.0957555555555555,6,1,almost,0.000599101347978033,0.6226511014835566,0.13333333333333333
cat,1,1,0,0,0,0,0,0,0,0,0,0,0,0,0,18,17,-0.0671777777777777,3,1,cat,0.000599101347978033,0.6226511014835566,0.13333333333333333
asked,0,1,0,0,0,0,0,0,0,0,0,0,0,0,0,18,17,-0.0374722222222222,5,1,asked,0.000599101347978033,0.6226511014835566,0.06666666666666667
himself,0,0,0,0,0,0,0,0,0,0,0,0,0,0,1,18,18,0.0836388888888889,7,1,himself,0.000599101347978033,0.6226511014835566,0.06666666666666667
tion,0,0,0,0,0,0,0,0,0,0,0,0,0,0,0,17,17,-0.0712823529411764,4,1,tion,0.0005658179397570311,0.6195156162140293,0.0
self,1,0,1,0,0,0,0,0,0,0,0,0,0,0,0,17,17,-0.0365588235294117,4,1,self,0.0005658179397570311,0.6195156162140293,0.13333333333333333
any,0,0,1,1,0,0,0,0,0,0,0,0,1,0,1,17,17,0.1780176470588235,3,1,any,0.0005658179397570311,0.6195156162140293,0.26666666666666666
thing,1,0,0,0,0,0,0,0,0,0,0,0,0,0,0,17,17,0.0405411764705882,5,1,thing,0.0005658179397570311,0.6195156162140293,0.06666666666666667
left,1,1,1,1,0,0,0,0,0,0,0,0,0,0,0,17,17,0.0603117647058823,4,1,left,0.0005658179397570311,0.6195156162140293,0.26666666666666666
st,0,0,0,0,0,0,0,0,0,0,0,0,0,0,0,17,17,0.016635294117647,2,0,st,0.0005658179397570311,0.6195156162140293,0.0
might,1,0,0,0,0,0,0,0,0,1,0,0,0,0,0,17,16,-0.0706705882352941,5,1,might,0.0005658179397570311,0.6195156162140293,0.13333333333333333
light,1,1,1,1,0,0,0,0,0,0,0,0,0,0,0,17,17,0.0319882352941176,5,1,light,0.0005658179397570311,0.6195156162140293,0.26666666666666666
started,0,1,0,0,0,0,0,0,0,0,0,0,0,0,0,17,17,0.0028882352941176,7,1,started,0.0005658179397570311,0.6195156162140293,0.06666666666666667
lost,0,1,1,0,0,0,0,0,0,0,0,0,0,0,0,16,15,-0.28783125,4,1,lost,0.0005325345315360293,0.6161216046825284,0.13333333333333333
go,1,1,1,0,0,0,0,0,0,0,0,0,0,0,0,16,15,0.10699375,2,1,go,0.0005325345315360293,0.6161216046825284,0.2
yellow,1,1,1,0,0,0,0,0,0,0,0,0,0,0,0,16,16,0.0427375,6,1,yellow,0.0005325345315360293,0.6161216046825284,0.2
far,1,0,1,1,0,0,0,0,0,0,0,0,0,0,0,16,16,0.06564375,3,1,far,0.0005325345315360293,0.6161216046825284,0.2
rest,1,1,0,0,0,0,0,0,0,0,0,0,0,0,0,16,16,0.0628249999999999,4,1,rest,0.0005325345315360293,0.6161216046825284,0.13333333333333333
without,0,0,0,1,0,0,1,0,0,0,0,0,0,0,0,16,16,-0.0204,7,1,without,0.0005325345315360293,0.6161216046825284,0.13333333333333333
two,1,0,1,0,0,0,0,0,0,0,0,0,0,0,0,16,16,0.03366875,3,1,two,0.0005325345315360293,0.6161216046825284,0.13333333333333333
r,1,0,0,0,0,0,0,0,0,0,0,0,0,0,0,16,16,-0.0108625,1,1,r,0.0005325345315360293,0.6161216046825284,0.06666666666666667
began,0,1,0,0,0,0,0,0,0,0,0,0,0,0,0,16,16,-0.3033375,5,1,began,0.0005325345315360293,0.6161216046825284,0.06666666666666667
us,0,0,0,0,0,0,0,0,0,0,0,0,0,0,1,16,15,0.101625,2,1,us,0.0005325345315360293,0.6161216046825284,0.06666666666666667
fallowby,0,0,0,0,0,0,0,0,0,0,0,0,0,0,0,16,14,0.1323187499999999,8,1,fallowby,0.0005325345315360293,0.6161216046825284,0.0
room,1,0,0,0,0,0,0,0,0,0,0,0,0,0,0,16,16,0.11485,4,1,room,0.0005325345315360293,0.6161216046825284,0.06666666666666667
genevieve,0,0,0,0,0,0,0,0,0,0,0,0,0,0,0,16,15,0.29446875,9,1,genevieve,0.0005325345315360293,0.6161216046825284,0.0
gold,1,0,1,0,0,0,0,0,0,0,0,0,0,0,0,16,16,0.29473125,4,1,gold,0.0005325345315360293,0.6161216046825284,0.13333333333333333
wilde,1,0,0,0,0,0,0,0,0,0,0,0,0,0,0,16,15,-0.09980625,5,1,wilde,0.0005325345315360293,0.6161216046825284,0.06666666666666667
bed,1,1,0,0,0,0,0,0,0,0,0,0,0,0,0,16,15,0.01068125,3,1,bed,0.0005325345315360293,0.6161216046825284,0.13333333333333333
stairs,1,0,0,0,0,0,0,0,0,0,0,0,0,0,0,16,16,0.08170625,6,1,stairs,0.0005325345315360293,0.6161216046825284,0.06666666666666667
alone,0,0,1,1,0,0,0,0,0,0,0,0,0,0,0,15,14,-0.0998266666666666,5,1,alone,0.0004992511233150275,0.6124288945957818,0.13333333333333333
how,1,0,0,1,0,0,1,0,0,0,0,0,0,0,0,15,15,0.1849799999999999,3,1,how,0.0004992511233150275,0.6124288945957818,0.2
place,1,1,0,0,0,0,0,0,0,0,0,0,0,0,0,15,15,0.08342,5,1,place,0.0004992511233150275,0.6124288945957818,0.13333333333333333
city,1,0,0,0,0,0,0,0,0,0,0,0,0,0,0,15,15,0.1180666666666666,4,1,city,0.0004992511233150275,0.6124288945957818,0.06666666666666667
behind,1,0,1,1,0,0,0,0,0,0,0,0,0,0,0,15,15,0.0333333333333333,6,1,behind,0.0004992511233150275,0.6124288945957818,0.2
air,1,1,1,0,0,0,0,0,0,0,0,0,0,0,0,15,14,0.1207999999999999,3,1,air,0.0004992511233150275,0.6124288945957818,0.2
house,1,1,0,0,0,0,0,0,0,0,0,0,0,0,0,15,15,0.1111466666666666,5,1,house,0.0004992511233150275,0.6124288945957818,0.13333333333333333
find,1,1,0,0,0,0,0,0,0,0,0,0,0,0,0,15,15,0.1589,4,1,find,0.0004992511233150275,0.6124288945957818,0.13333333333333333
went,1,1,0,0,0,0,0,0,0,0,0,0,0,0,0,15,15,0.1163799999999999,4,1,went,0.0004992511233150275,0.6124288945957818,0.13333333333333333
beside,0,0,0,1,0,0,0,0,0,0,0,0,0,0,0,15,15,0.0934933333333333,6,1,beside,0.0004992511233150275,0.6124288945957818,0.06666666666666667
life,1,0,0,0,0,0,0,0,0,0,0,0,0,0,0,15,14,-0.0737999999999999,4,1,life,0.0004992511233150275,0.6124288945957818,0.06666666666666667
silver,1,1,1,0,0,0,0,0,0,0,0,0,0,0,0,14,12,-0.0201714285714285,6,1,silver,0.0004659677150940256,0.6083877907186052,0.2
young,1,0,1,0,0,0,0,0,0,0,0,0,0,0,0,14,14,0.0182357142857142,5,1,young,0.0004659677150940256,0.6083877907186052,0.13333333333333333
instant,1,0,1,1,0,0,0,0,0,0,0,0,0,0,0,14,12,0.0834785714285714,7,1,instant,0.0004659677150940256,0.6083877907186052,0.2
seen,1,1,1,0,0,0,0,0,0,0,0,0,0,0,0,14,14,0.0391571428571428,4,1,seen,0.0004659677150940256,0.6083877907186052,0.2
saying,1,1,0,0,0,0,0,0,0,0,0,0,0,0,0,14,14,0.0451071428571428,6,1,saying,0.0004659677150940256,0.6083877907186052,0.13333333333333333
call,1,1,0,0,0,0,0,0,0,0,0,0,0,0,0,14,14,0.2001714285714286,4,1,call,0.0004659677150940256,0.6083877907186052,0.13333333333333333
much,1,0,1,1,0,0,0,0,0,0,0,0,0,0,0,14,14,0.1683142857142857,4,1,much,0.0004659677150940256,0.6083877907186052,0.2
king,1,0,0,0,0,0,0,0,0,0,0,0,0,0,0,14,12,0.1407928571428571,4,1,king,0.0004659677150940256,0.6083877907186052,0.06666666666666667
great,1,0,1,1,0,0,0,0,0,0,0,0,0,0,0,14,14,0.52725,5,1,great,0.0004659677150940256,0.6083877907186052,0.2
floor,1,0,0,0,0,0,0,0,0,0,0,0,0,0,0,14,14,0.0283285714285714,5,1,floor,0.0004659677150940256,0.6083877907186052,0.06666666666666667
half,1,0,1,1,0,0,0,0,0,0,0,0,0,0,0,14,13,0.0141142857142857,4,1,half,0.0004659677150940256,0.6083877907186052,0.2
looking,1,1,1,0,0,0,0,0,0,0,0,0,0,0,0,14,14,0.0604571428571428,7,1,looking,0.0004659677150940256,0.6083877907186052,0.2
black,1,0,1,0,0,0,0,0,0,0,0,0,0,0,0,14,14,-0.0911714285714285,5,1,black,0.0004659677150940256,0.6083877907186052,0.13333333333333333
later,0,0,1,1,0,0,0,0,0,0,0,0,0,0,0,14,14,-0.0363642857142857,5,1,later,0.0004659677150940256,0.6083877907186052,0.13333333333333333
monsieur,1,0,0,0,0,0,0,0,0,0,0,0,0,0,0,14,13,0.2252,8,1,monsieur,0.0004659677150940256,0.6083877907186052,0.06666666666666667
slowly,0,0,0,1,0,0,0,0,0,0,0,0,0,0,0,14,14,-0.0758714285714285,6,1,slowly,0.0004659677150940256,0.6083877907186052,0.06666666666666667
turning,1,1,1,0,0,0,0,0,0,0,0,0,0,0,0,13,13,0.0961692307692307,7,1,turning,0.0004326843068730238,0.6039359308784116,0.2
boulevard,1,0,0,0,0,0,0,0,0,0,0,0,0,0,0,13,13,0.0212230769230769,9,1,boulevard,0.0004326843068730238,0.6039359308784116,0.06666666666666667
friend,1,0,0,0,0,0,0,0,0,0,0,0,0,0,0,13,11,0.6535846153846154,6,1,friend,0.0004326843068730238,0.6039359308784116,0.06666666666666667
answered,0,0,0,0,0,0,0,0,0,0,0,0,0,0,0,13,13,0.1014153846153846,8,1,answered,0.0004326843068730238,0.6039359308784116,0.0
get,1,1,0,0,0,0,0,0,0,0,0,0,0,0,0,13,13,0.1045076923076923,3,1,get,0.0004326843068730238,0.6039359308784116,0.13333333333333333
front,1,1,1,0,0,0,0,0,0,0,0,0,0,0,0,13,13,-0.0171384615384615,5,1,front,0.0004326843068730238,0.6039359308784116,0.2
red,1,0,1,0,0,0,0,0,0,0,0,0,0,0,0,13,13,0.3017538461538462,3,1,red,0.0004326843068730238,0.6039359308784116,0.13333333333333333
listened,0,0,0,0,0,0,0,0,0,0,0,0,0,0,0,13,13,0.1853384615384615,8,1,listened,0.0004326843068730238,0.6039359308784116,0.0
followed,0,1,0,0,0,0,0,0,0,0,0,0,0,0,0,13,13,-0.1017461538461538,8,1,followed,0.0004326843068730238,0.6039359308784116,0.06666666666666667
american,1,0,1,0,0,0,0,0,0,0,0,0,0,0,0,13,12,0.0521692307692307,8,1,american,0.0004326843068730238,0.6039359308784116,0.13333333333333333
least,1,0,1,1,0,0,0,0,0,0,0,0,0,0,0,13,13,0.0350538461538461,5,1,least,0.0004326843068730238,0.6039359308784116,0.2
called,0,1,1,0,0,0,0,0,0,0,0,0,0,0,0,13,13,0.1603615384615384,6,1,called,0.0004326843068730238,0.6039359308784116,0.13333333333333333
moment,1,0,0,0,0,0,0,0,0,0,0,0,0,0,0,13,13,-0.095076923076923,6,1,moment,0.0004326843068730238,0.6039359308784116,0.06666666666666667
ill,1,0,1,1,0,0,0,0,0,0,0,0,0,0,0,13,12,-0.1553538461538462,3,1,ill,0.0004326843068730238,0.6039359308784116,0.2
among,0,0,0,0,0,0,0,0,0,0,0,0,0,0,0,13,12,0.0706999999999999,5,1,among,0.0004326843068730238,0.6039359308784116,0.0
even,1,1,1,1,0,0,0,0,0,0,0,0,0,0,0,12,12,-0.0008916666666666,4,1,even,0.00039940089865202194,0.5989937658314455,0.26666666666666666
another,0,0,1,0,0,0,0,0,0,0,0,0,0,0,1,12,12,0.05945,7,1,another,0.00039940089865202194,0.5989937658314455,0.13333333333333333
side,1,1,1,0,0,0,0,0,0,0,0,0,0,0,0,12,12,-0.1159666666666666,4,1,side,0.00039940089865202194,0.5989937658314455,0.2
hawberk,1,0,0,0,0,0,0,0,0,0,0,0,0,0,0,12,12,-0.0974583333333333,7,1,hawberk,0.00039940089865202194,0.5989937658314455,0.06666666666666667
perhaps,0,0,0,1,0,0,0,0,0,0,0,0,0,0,0,12,12,-0.0134333333333333,7,1,perhaps,0.00039940089865202194,0.5989937658314455,0.06666666666666667
give,1,1,0,0,0,0,0,0,0,0,0,0,0,0,0,12,12,0.182775,4,1,give,0.00039940089865202194,0.5989937658314455,0.13333333333333333
within,0,0,0,1,0,0,0,0,0,0,0,0,0,0,0,12,11,-0.1350416666666667,6,1,within,0.00039940089865202194,0.5989937658314455,0.06666666666666667
next,0,0,1,1,0,0,0,0,0,0,0,0,0,0,0,12,12,-0.17335,4,1,next,0.00039940089865202194,0.5989937658314455,0.13333333333333333
men,1,0,0,0,0,0,0,0,0,0,0,0,0,0,0,12,11,0.0606416666666666,3,1,men,0.00039940089865202194,0.5989937658314455,0.06666666666666667
rolled,0,1,1,0,0,0,0,0,0,0,0,0,0,0,0,12,12,-0.1360083333333333,6,1,rolled,0.00039940089865202194,0.5989937658314455,0.13333333333333333
raised,0,1,1,0,0,0,0,0,0,0,0,0,0,0,0,12,12,-0.0305166666666666,6,1,raised,0.00039940089865202194,0.5989937658314455,0.13333333333333333
small,1,0,1,1,0,0,0,0,0,0,0,0,0,0,0,12,12,0.1437333333333333,5,1,small,0.00039940089865202194,0.5989937658314455,0.2
against,0,0,0,0,0,0,1,0,0,0,0,0,0,0,0,12,12,-0.2512749999999999,7,1,against,0.00039940089865202194,0.5989937658314455,0.06666666666666667
marble,1,1,1,0,0,0,0,0,0,0,0,0,0,0,0,12,12,0.0017499999999999,6,1,marble,0.00039940089865202194,0.5989937658314455,0.2
quarter,1,1,1,0,0,0,0,0,0,0,0,0,0,0,0,12,12,0.0431166666666666,7,1,quarter,0.00039940089865202194,0.5989937658314455,0.2
o,1,0,0,0,0,0,0,0,0,0,0,0,0,0,0,12,12,-0.0205249999999999,1,1,o,0.00039940089865202194,0.5989937658314455,0.06666666666666667
hand,1,1,0,0,0,0,0,0,0,0,0,0,0,0,0,12,12,0.4531083333333333,4,1,hand,0.00039940089865202194,0.5989937658314455,0.13333333333333333
constance,1,0,0,0,0,0,0,0,0,0,0,0,0,0,0,12,11,0.2622,9,1,constance,0.00039940089865202194,0.5989937658314455,0.06666666666666667
since,0,0,0,1,0,0,1,0,0,0,0,0,0,0,0,12,11,0.0246249999999999,5,1,since,0.00039940089865202194,0.5989937658314455,0.13333333333333333
way,1,0,0,1,0,0,0,0,0,0,0,0,0,0,0,12,12,0.0888083333333333,3,1,way,0.00039940089865202194,0.5989937658314455,0.13333333333333333
times,1,1,0,0,0,0,0,0,0,0,0,0,0,0,0,12,11,-0.0074083333333333,5,1,times,0.00039940089865202194,0.5989937658314455,0.13333333333333333
upon,0,0,0,0,0,0,0,0,0,0,0,0,0,0,0,12,12,0.0882583333333333,4,1,upon,0.00039940089865202194,0.5989937658314455,0.0
read,1,1,1,0,0,0,0,0,0,0,0,0,0,0,0,12,12,-0.09995,4,1,read,0.00039940089865202194,0.5989937658314455,0.2
course,1,1,0,1,0,0,0,0,0,0,0,0,0,0,0,12,12,0.0531666666666666,6,1,course,0.00039940089865202194,0.5989937658314455,0.2
rowden,0,0,0,0,0,0,0,0,0,0,0,0,0,0,0,12,12,0.107175,6,1,rowden,0.00039940089865202194,0.5989937658314455,0.0
has,0,0,0,0,1,0,0,0,0,0,0,0,0,0,0,12,12,-0.0208416666666666,3,1,has,0.00039940089865202194,0.5989937658314455,0.06666666666666667
below,0,0,0,1,0,0,0,0,0,0,0,0,0,0,0,12,12,-0.119875,5,1,below,0.00039940089865202194,0.5989937658314455,0.06666666666666667
creature,1,0,0,0,0,0,0,0,0,0,0,0,0,0,0,11,11,0.011890909090909,8,1,creature,0.0003661174904310201,0.5934578873666095,0.06666666666666667
hat,1,1,0,0,0,0,0,0,0,0,0,0,0,0,0,11,11,0.0839818181818181,3,1,hat,0.0003661174904310201,0.5934578873666095,0.13333333333333333
pretty,1,0,1,1,0,0,0,0,0,0,0,0,0,0,0,11,11,0.4478545454545454,6,1,pretty,0.0003661174904310201,0.5934578873666095,0.2
always,0,0,0,1,0,0,0,0,0,0,0,0,0,0,0,11,10,0.2529090909090909,6,1,always,0.0003661174904310201,0.5934578873666095,0.06666666666666667
knew,0,1,0,0,0,0,0,0,0,0,0,0,0,0,0,11,11,-0.0276727272727272,4,1,knew,0.0003661174904310201,0.5934578873666095,0.06666666666666667
just,1,0,1,1,0,0,0,0,0,0,0,0,0,0,0,11,10,-0.0135181818181818,4,1,just,0.0003661174904310201,0.5934578873666095,0.2
laughed,0,1,0,0,0,0,0,0,0,0,0,0,0,0,0,11,11,0.4396909090909091,7,1,laughed,0.0003661174904310201,0.5934578873666095,0.06666666666666667
closed,0,1,1,0,0,0,0,0,0,0,0,0,0,0,0,11,11,-0.1882363636363636,6,1,closed,0.0003661174904310201,0.5934578873666095,0.13333333333333333
child,1,0,0,0,0,0,0,0,0,0,0,0,0,0,0,11,11,-0.1082818181818181,5,1,child,0.0003661174904310201,0.5934578873666095,0.06666666666666667
hands,1,1,0,0,0,0,0,0,0,0,0,0,0,0,0,11,11,0.2872999999999999,5,1,hands,0.0003661174904310201,0.5934578873666095,0.13333333333333333
feet,1,0,0,0,0,0,0,0,0,0,0,0,0,0,0,11,11,-0.0326181818181818,4,1,feet,0.0003661174904310201,0.5934578873666095,0.06666666666666667
falcon,1,1,0,0,0,0,0,0,0,0,0,0,0,0,0,11,10,0.0593454545454545,6,1,falcon,0.0003661174904310201,0.5934578873666095,0.13333333333333333
beautiful,0,0,1,0,0,0,0,0,0,0,0,0,0,0,0,11,11,0.4188818181818182,9,1,beautiful,0.0003661174904310201,0.5934578873666095,0.06666666666666667
continued,0,1,1,0,0,0,0,0,0,0,0,0,0,0,0,11,11,0.015,9,1,continued,0.0003661174904310201,0.5934578873666095,0.13333333333333333
paris,1,0,1,0,0,0,0,0,0,0,0,0,0,0,0,11,11,0.0626272727272727,5,1,paris,0.0003661174904310201,0.5934578873666095,0.13333333333333333
gone,0,1,1,0,0,0,0,0,0,0,0,0,0,0,0,11,11,-0.0870727272727272,4,1,gone,0.0003661174904310201,0.5934578873666095,0.13333333333333333
nor,1,0,0,0,0,0,1,0,0,0,0,0,0,0,0,11,10,-0.009790909090909,3,1,nor,0.0003661174904310201,0.5934578873666095,0.13333333333333333
sprang,0,1,0,0,0,0,0,0,0,0,0,0,0,0,0,11,11,-0.012390909090909,6,1,sprang,0.0003661174904310201,0.5934578873666095,0.06666666666666667
enough,1,0,1,1,0,0,0,0,0,0,0,0,0,0,0,11,11,0.0209272727272727,6,1,enough,0.0003661174904310201,0.5934578873666095,0.2
seemed,0,1,0,0,0,0,0,0,0,0,0,0,0,0,0,11,11,0.1009818181818181,6,1,seemed,0.0003661174904310201,0.5934578873666095,0.06666666666666667
blue,1,1,1,0,0,0,0,0,0,0,0,0,0,0,0,11,11,0.1505818181818181,4,1,blue,0.0003661174904310201,0.5934578873666095,0.2
filled,0,1,1,0,0,0,0,0,0,0,0,0,0,0,0,11,10,0.0703,6,1,filled,0.0003661174904310201,0.5934578873666095,0.13333333333333333
struck,0,1,1,0,0,0,0,0,0,0,0,0,0,0,0,11,11,-0.2559818181818181,6,1,struck,0.0003661174904310201,0.5934578873666095,0.13333333333333333
trees,1,1,0,0,0,0,0,0,0,0,0,0,0,0,0,11,11,0.0734636363636363,5,1,trees,0.0003661174904310201,0.5934578873666095,0.13333333333333333
repeated,0,1,1,0,0,0,0,0,0,0,0,0,0,0,0,11,11,0.0323363636363636,8,1,repeated,0.0003661174904310201,0.5934578873666095,0.13333333333333333
smile,1,1,0,0,0,0,0,0,0,0,0,0,0,0,0,11,11,0.3601363636363636,5,1,smile,0.0003661174904310201,0.5934578873666095,0.13333333333333333
open,1,1,1,0,0,0,0,0,0,0,0,0,0,0,0,10,9,-0.0854699999999999,4,1,open,0.0003328340822100183,0.5871908758202614,0.2
cut,1,1,1,0,0,0,0,0,0,0,0,0,0,0,0,10,10,-0.23651,3,1,cut,0.0003328340822100183,0.5871908758202614,0.2
picked,0,1,1,0,0,0,0,0,0,0,0,0,0,0,0,10,10,-0.08168,6,1,picked,0.0003328340822100183,0.5871908758202614,0.13333333333333333
fire,1,1,0,0,0,0,0,0,0,0,0,0,0,0,0,10,8,-0.4012,4,1,fire,0.0003328340822100183,0.5871908758202614,0.13333333333333333
during,0,0,0,0,0,0,0,0,0,0,0,0,0,0,0,10,10,0.11682,6,1,during,0.0003328340822100183,0.5871908758202614,0.0
pale,1,1,1,0,0,0,0,0,0,0,0,0,0,0,0,10,10,0.00581,4,1,pale,0.0003328340822100183,0.5871908758202614,0.2
ness,1,0,0,0,0,0,0,0,0,0,0,0,0,0,0,10,10,-0.06526,4,1,ness,0.0003328340822100183,0.5871908758202614,0.06666666666666667
stopped,0,1,1,0,0,0,0,0,0,0,0,0,0,0,0,10,9,-0.11047,7,1,stopped,0.0003328340822100183,0.5871908758202614,0.13333333333333333
dear,1,0,1,1,0,0,0,0,0,0,0,0,0,0,0,10,10,0.1601399999999999,4,1,dear,0.0003328340822100183,0.5871908758202614,0.2
saw,1,1,0,0,0,0,0,0,0,0,0,0,0,0,0,10,10,-0.30641,3,1,saw,0.0003328340822100183,0.5871908758202614,0.13333333333333333
window,1,0,0,0,0,0,0,0,0,0,0,0,0,0,0,10,10,-0.00516,6,1,window,0.0003328340822100183,0.5871908758202614,0.06666666666666667
g,1,0,0,0,0,0,0,0,0,0,0,0,0,0,0,10,10,-0.08943,1,1,g,0.0003328340822100183,0.5871908758202614,0.06666666666666667
those,0,0,0,0,0,0,0,1,0,0,0,0,0,0,1,10,10,0.03146,5,1,those,0.0003328340822100183,0.5871908758202614,0.13333333333333333
corner,1,1,0,0,0,0,0,0,0,0,0,0,0,0,0,10,10,-0.06789,6,1,corner,0.0003328340822100183,0.5871908758202614,0.13333333333333333
covered,0,0,1,0,0,0,0,0,0,0,0,0,0,0,0,10,10,-0.01272,7,1,covered,0.0003328340822100183,0.5871908758202614,0.06666666666666667
people,1,1,0,0,0,0,0,0,0,0,0,0,0,0,0,10,10,0.15985,6,1,people,0.0003328340822100183,0.5871908758202614,0.13333333333333333
set,1,1,1,0,0,0,0,0,0,0,0,0,0,0,0,10,10,0.15278,3,1,set,0.0003328340822100183,0.5871908758202614,0.2
toward,0,0,1,0,0,0,0,0,0,0,0,0,0,0,0,10,10,-0.00723,6,1,toward,0.0003328340822100183,0.5871908758202614,0.06666666666666667
iron,1,1,1,0,0,0,0,0,0,0,0,0,0,0,0,10,10,-0.12076,4,1,iron,0.0003328340822100183,0.5871908758202614,0.2
ings,1,0,0,0,0,0,0,0,0,0,0,0,0,0,0,10,9,0.03354,4,1,ings,0.0003328340822100183,0.5871908758202614,0.06666666666666667
soul,1,0,0,0,0,0,0,0,0,0,0,0,0,0,0,10,10,0.23149,4,1,soul,0.0003328340822100183,0.5871908758202614,0.06666666666666667
ears,1,0,0,0,0,0,0,0,0,0,0,0,0,0,0,10,10,0.1516099999999999,4,1,ears,0.0003328340822100183,0.5871908758202614,0.06666666666666667
turn,1,1,0,0,0,0,0,0,0,0,0,0,0,0,0,10,10,0.07084,4,1,turn,0.0003328340822100183,0.5871908758202614,0.13333333333333333
morning,1,0,1,0,0,0,0,0,0,0,0,0,0,0,0,10,10,0.22848,7,1,morning,0.0003328340822100183,0.5871908758202614,0.13333333333333333
name,1,1,0,0,0,0,0,0,0,0,0,0,0,0,0,10,10,0.01164,4,1,name,0.0003328340822100183,0.5871908758202614,0.13333333333333333
bit,1,1,1,0,0,0,0,0,0,0,0,0,0,0,0,10,8,0.07099,3,1,bit,0.0003328340822100183,0.5871908758202614,0.2
poor,0,0,1,0,0,0,0,0,0,0,0,0,0,0,0,10,10,-0.46604,4,1,poor,0.0003328340822100183,0.5871908758202614,0.06666666666666667
promise,1,1,0,0,0,0,0,0,0,0,0,0,0,0,0,10,7,0.4969599999999999,7,1,promise,0.0003328340822100183,0.5871908758202614,0.13333333333333333
smiling,0,1,1,0,0,0,0,0,0,0,0,0,0,0,0,10,10,0.5679099999999999,7,1,smiling,0.0003328340822100183,0.5871908758202614,0.13333333333333333
sieur,0,0,0,0,0,0,0,0,0,0,0,0,0,0,0,10,10,0.0224599999999999,5,1,sieur,0.0003328340822100183,0.5871908758202614,0.0
mind,1,1,0,0,0,0,0,0,0,0,0,0,0,0,0,10,9,0.16932,4,1,mind,0.0003328340822100183,0.5871908758202614,0.13333333333333333
morrow,1,0,0,0,0,0,0,0,0,0,0,0,0,0,0,10,10,0.03157,6,1,morrow,0.0003328340822100183,0.5871908758202614,0.06666666666666667
concierge,1,0,0,0,0,0,0,0,0,0,0,0,0,0,0,10,10,0.0492699999999999,9,1,concierge,0.0003328340822100183,0.5871908758202614,0.06666666666666667
hurried,0,0,1,0,0,0,0,0,0,0,0,0,0,0,0,10,10,-0.2349,7,1,hurried,0.0003328340822100183,0.5871908758202614,0.06666666666666667
dead,1,0,1,1,0,0,0,0,0,0,0,0,0,0,0,10,9,-0.68366,4,1,dead,0.0003328340822100183,0.5871908758202614,0.2
seized,0,1,1,0,0,0,0,0,0,0,0,0,0,0,0,10,10,0.10537,6,1,seized,0.0003328340822100183,0.5871908758202614,0.13333333333333333
fountain,1,0,0,0,0,0,0,0,0,0,0,0,0,0,0,10,10,0.12538,8,1,fountain,0.0003328340822100183,0.5871908758202614,0.06666666666666667
live,0,1,1,1,0,0,0,0,0,0,0,0,0,0,0,9,8,0.1033333333333333,4,1,live,0.0002995506739890165,0.5800052903735844,0.2
easy,0,0,1,1,0,0,0,0,0,0,0,0,0,0,0,9,9,0.4365444444444444,4,1,easy,0.0002995506739890165,0.5800052903735844,0.13333333333333333
fellow,1,0,1,0,0,0,0,0,0,0,0,0,0,0,0,9,9,-0.0581333333333333,6,1,fellow,0.0002995506739890165,0.5800052903735844,0.13333333333333333
church,1,1,0,0,0,0,0,0,0,0,0,0,0,0,0,9,9,-0.1227,6,1,church,0.0002995506739890165,0.5800052903735844,0.13333333333333333
slipped,0,1,0,0,0,0,0,0,0,0,0,0,0,0,0,9,9,0.0915444444444444,7,1,slipped,0.0002995506739890165,0.5800052903735844,0.06666666666666667
let,1,1,0,0,0,0,0,0,0,0,0,0,0,0,0,9,9,-0.0312888888888888,3,1,let,0.0002995506739890165,0.5800052903735844,0.13333333333333333
case,1,1,0,0,0,0,0,0,0,0,0,0,0,0,0,9,9,0.0767666666666666,4,1,case,0.0002995506739890165,0.5800052903735844,0.13333333333333333
fair,1,1,1,1,0,0,0,0,0,0,0,0,0,0,0,9,9,0.3569333333333333,4,1,fair,0.0002995506739890165,0.5800052903735844,0.26666666666666666
help,0,1,0,0,0,0,0,0,0,0,0,0,0,0,0,9,8,0.3054777777777777,4,1,help,0.0002995506739890165,0.5800052903735844,0.06666666666666667
roll,1,1,0,0,0,0,0,0,0,0,0,0,0,0,0,9,9,-0.1004111111111111,4,1,roll,0.0002995506739890165,0.5800052903735844,0.13333333333333333
bent,1,1,1,0,0,0,0,0,0,0,0,0,0,0,0,9,9,-0.0729222222222222,4,1,bent,0.0002995506739890165,0.5800052903735844,0.2
mine,1,1,0,0,0,0,0,0,0,0,0,0,0,0,1,9,9,-0.2610777777777778,4,1,mine,0.0002995506739890165,0.5800052903735844,0.2
because,0,0,0,0,0,0,1,0,0,0,0,0,0,0,0,9,8,0.2117777777777777,7,1,because,0.0002995506739890165,0.5800052903735844,0.06666666666666667
lt,0,0,0,0,0,0,0,0,0,0,0,0,0,0,0,9,9,0.3337888888888889,2,0,lt,0.0002995506739890165,0.5800052903735844,0.0
streets,1,0,0,0,0,0,0,0,0,0,0,0,0,0,0,9,9,-0.0935666666666666,7,1,streets,0.0002995506739890165,0.5800052903735844,0.06666666666666667
past,1,0,1,1,0,0,0,0,0,0,0,0,0,0,0,9,9,0.0981222222222222,4,1,past,0.0002995506739890165,0.5800052903735844,0.2
hair,1,0,0,0,0,0,0,0,0,0,0,0,0,0,0,9,9,0.3435,4,1,hair,0.0002995506739890165,0.5800052903735844,0.06666666666666667
steps,1,1,0,0,0,0,0,0,0,0,0,0,0,0,0,9,9,0.0001777777777777,5,1,steps,0.0002995506739890165,0.5800052903735844,0.13333333333333333
believe,0,1,0,0,0,0,0,0,0,0,0,0,0,0,0,9,9,0.0723111111111111,7,1,believe,0.0002995506739890165,0.5800052903735844,0.06666666666666667
die,1,1,0,0,0,0,0,0,0,0,0,0,0,0,0,9,9,-0.5977222222222222,3,1,die,0.0002995506739890165,0.5800052903735844,0.13333333333333333
true,1,1,1,1,0,0,0,0,0,0,0,0,0,0,0,9,9,0.6513555555555555,4,1,true,0.0002995506739890165,0.5800052903735844,0.26666666666666666
held,0,1,1,0,0,0,0,0,0,0,0,0,0,0,0,9,9,0.2134777777777777,4,1,held,0.0002995506739890165,0.5800052903735844,0.13333333333333333
river,1,0,0,0,0,0,0,0,0,0,0,0,0,0,0,9,9,0.2575555555555555,5,1,river,0.0002995506739890165,0.5800052903735844,0.06666666666666667
led,1,1,1,0,0,0,0,0,0,0,0,0,0,0,0,9,9,0.1704666666666666,3,1,led,0.0002995506739890165,0.5800052903735844,0.2
ii,0,0,0,0,0,0,0,0,0,0,0,0,0,0,0,9,9,0.1147777777777777,2,0,ii,0.0002995506739890165,0.5800052903735844,0.0
either,0,0,0,1,0,0,1,0,0,0,0,0,0,0,1,9,8,0.1672333333333333,6,1,either,0.0002995506739890165,0.5800052903735844,0.2
faint,1,1,1,0,0,0,0,0,0,0,0,0,0,0,0,9,9,0.1296222222222222,5,1,faint,0.0002995506739890165,0.5800052903735844,0.2
perfect,1,1,1,0,0,0,0,0,0,0,0,0,0,0,0,9,9,0.7261222222222222,7,1,perfect,0.0002995506739890165,0.5800052903735844,0.2
straight,1,0,1,1,0,0,0,0,0,0,0,0,0,0,0,9,9,0.0171999999999999,8,1,straight,0.0002995506739890165,0.5800052903735844,0.2
cile,0,0,0,0,0,0,0,0,0,0,0,0,0,0,0,9,8,0.3921444444444444,4,1,cile,0.0002995506739890165,0.5800052903735844,0.0
high,1,0,1,1,0,0,0,0,0,0,0,0,0,0,0,9,9,0.1370555555555555,4,1,high,0.0002995506739890165,0.5800052903735844,0.2
ened,0,0,0,0,0,0,0,0,0,0,0,0,0,0,0,9,9,0.1247,4,1,ened,0.0002995506739890165,0.5800052903735844,0.0
watched,0,1,0,0,0,0,0,0,0,0,0,0,0,0,0,9,9,0.0259,7,1,watched,0.0002995506739890165,0.5800052903735844,0.06666666666666667
part,1,0,1,1,0,0,0,0,0,0,0,0,0,0,0,9,9,0.1946111111111111,4,1,part,0.0002995506739890165,0.5800052903735844,0.2
fields,1,1,0,0,0,0,0,0,0,0,0,0,0,0,0,9,9,0.0720555555555555,6,1,fields,0.0002995506739890165,0.5800052903735844,0.13333333333333333
offered,0,0,0,0,0,0,0,0,0,0,0,0,0,0,0,9,9,0.3453888888888889,7,1,offered,0.0002995506739890165,0.5800052903735844,0.0
d,1,0,0,0,0,0,0,0,0,0,0,0,0,0,0,9,9,-0.0494444444444444,1,1,d,0.0002995506739890165,0.5800052903735844,0.06666666666666667
square,1,1,1,1,0,0,0,0,0,0,0,0,0,0,0,9,9,0.1738666666666666,6,1,square,0.0002995506739890165,0.5800052903735844,0.26666666666666666
silence,1,1,0,0,0,0,0,0,0,0,0,0,0,0,0,9,9,0.0635444444444444,7,1,silence,0.0002995506739890165,0.5800052903735844,0.13333333333333333
each,1,0,1,1,0,0,0,0,0,0,0,0,1,0,1,9,9,0.2811333333333333,4,1,each,0.0002995506739890165,0.5800052903735844,0.3333333333333333
ll,0,0,0,0,0,0,0,0,0,0,0,0,0,0,0,9,9,0.0400111111111111,2,0,ll,0.0002995506739890165,0.5800052903735844,0.0
tried,0,1,1,0,0,0,0,0,0,0,0,0,0,0,0,9,8,0.0373222222222222,5,1,tried,0.0002995506739890165,0.5800052903735844,0.13333333333333333
ah,1,0,0,0,0,0,0,0,0,0,0,0,0,0,0,9,9,-0.1327222222222222,2,1,ah,0.0002995506739890165,0.5800052903735844,0.06666666666666667
c,1,0,0,0,0,0,0,0,0,0,0,0,0,0,0,9,9,0.1186888888888889,1,1,c,0.0002995506739890165,0.5800052903735844,0.06666666666666667
such,0,0,1,1,0,0,0,0,0,0,0,0,0,0,0,9,9,0.3001333333333333,4,1,such,0.0002995506739890165,0.5800052903735844,0.13333333333333333
care,1,1,0,0,0,0,0,0,0,0,0,0,0,0,0,9,9,0.4178555555555555,4,1,care,0.0002995506739890165,0.5800052903735844,0.13333333333333333
drew,1,1,0,0,0,0,0,0,0,0,0,0,0,0,0,9,9,-0.0561444444444444,4,1,drew,0.0002995506739890165,0.5800052903735844,0.13333333333333333
hope,1,1,0,0,0,0,0,0,0,0,0,0,0,0,0,9,8,0.3459111111111111,4,1,hope,0.0002995506739890165,0.5800052903735844,0.13333333333333333
stone,1,1,1,1,0,0,0,0,0,0,0,0,0,0,0,9,8,0.1589222222222222,5,1,stone,0.0002995506739890165,0.5800052903735844,0.26666666666666666
ever,0,0,0,1,0,0,0,0,0,0,0,0,0,0,0,9,9,-0.0546666666666666,4,1,ever,0.0002995506739890165,0.5800052903735844,0.06666666666666667
entered,0,0,0,0,0,0,0,0,0,0,0,0,0,0,0,9,9,0.1208555555555555,7,1,entered,0.0002995506739890165,0.5800052903735844,0.0
soft,1,0,1,1,0,0,0,0,0,0,0,0,0,0,0,9,8,0.1842444444444444,4,1,soft,0.0002995506739890165,0.5800052903735844,0.2
caught,0,1,0,0,0,0,0,0,0,0,0,0,0,0,0,9,9,0.0401444444444444,6,1,caught,0.0002995506739890165,0.5800052903735844,0.06666666666666667
am,0,0,0,0,1,0,0,0,0,0,0,0,0,0,0,8,8,0.227775,2,1,am,0.00026626726576801463,0.571637330557974,0.06666666666666667
trembling,1,1,1,0,0,0,0,0,0,0,0,0,0,0,0,8,8,-0.2647625,9,1,trembling,0.00026626726576801463,0.571637330557974,0.2
lighted,0,1,1,0,0,0,0,0,0,0,0,0,0,0,0,8,8,-0.0391124999999999,7,1,lighted,0.00026626726576801463,0.571637330557974,0.13333333333333333
shook,1,1,0,0,0,0,0,0,0,0,0,0,0,0,0,8,8,0.16165,5,1,shook,0.00026626726576801463,0.571637330557974,0.13333333333333333
foot,1,1,0,0,0,0,0,0,0,0,0,0,0,0,0,8,7,-0.0578875,4,1,foot,0.00026626726576801463,0.571637330557974,0.13333333333333333
ce,0,0,0,1,0,0,0,0,0,0,0,0,0,0,0,8,7,0.4070125,2,1,ce,0.00026626726576801463,0.571637330557974,0.06666666666666667
chap,1,1,0,0,0,0,0,0,0,0,0,0,0,0,0,8,8,0.2057375,4,1,chap,0.00026626726576801463,0.571637330557974,0.13333333333333333
dark,1,0,1,0,0,0,0,0,0,0,0,0,0,0,0,8,8,-0.0625,4,1,dark,0.00026626726576801463,0.571637330557974,0.13333333333333333
horse,1,1,0,0,0,0,0,0,0,0,0,0,0,0,0,8,8,-0.332275,5,1,horse,0.00026626726576801463,0.571637330557974,0.13333333333333333
vance,0,0,0,0,0,0,0,0,0,0,0,0,0,0,0,8,7,0.3180375,5,1,vance,0.00026626726576801463,0.571637330557974,0.0
inquired,0,0,0,0,0,0,0,0,0,0,0,0,0,0,0,8,8,0.0873,8,1,inquired,0.00026626726576801463,0.571637330557974,0.0
laid,0,1,1,0,0,0,0,0,0,0,0,0,0,0,0,8,8,-0.0092875,4,1,laid,0.00026626726576801463,0.571637330557974,0.13333333333333333
ready,1,0,1,0,0,0,0,0,0,0,0,0,0,0,0,8,8,0.344775,5,1,ready,0.00026626726576801463,0.571637330557974,0.13333333333333333
own,0,1,1,0,0,0,0,0,0,0,0,0,0,0,0,8,8,-0.0388375,3,1,own,0.00026626726576801463,0.571637330557974,0.13333333333333333
both,0,0,1,0,0,0,1,0,0,0,0,0,0,0,1,8,8,0.0029749999999999,4,1,both,0.00026626726576801463,0.571637330557974,0.2
finally,0,0,0,1,0,0,0,0,0,0,0,0,0,0,0,8,8,-0.1713,7,1,finally,0.00026626726576801463,0.571637330557974,0.06666666666666667
student,1,0,0,0,0,0,0,0,0,0,0,0,0,0,0,8,8,-0.170475,7,1,student,0.00026626726576801463,0.571637330557974,0.06666666666666667
state,1,1,1,0,0,0,0,0,0,0,0,0,0,0,0,8,8,0.2527875,5,1,state,0.00026626726576801463,0.571637330557974,0.2
scott,1,0,0,0,0,0,0,0,0,0,0,0,0,0,0,8,8,-0.0922124999999999,5,1,scott,0.00026626726576801463,0.571637330557974,0.06666666666666667
words,1,0,0,0,0,0,0,0,0,0,0,0,0,0,0,8,7,-0.073175,5,1,words,0.00026626726576801463,0.571637330557974,0.06666666666666667
nearer,0,0,1,1,0,0,0,0,0,0,0,0,0,0,0,8,7,-0.1459125,6,1,nearer,0.00026626726576801463,0.571637330557974,0.13333333333333333
carried,0,1,0,0,0,0,0,0,0,0,0,0,0,0,0,8,8,-0.131475,7,1,carried,0.00026626726576801463,0.571637330557974,0.06666666666666667
walked,0,1,0,0,0,0,0,0,0,0,0,0,0,0,0,8,8,0.0331375,6,1,walked,0.00026626726576801463,0.571637330557974,0.06666666666666667
clothes,1,1,0,0,0,0,0,0,0,0,0,0,0,0,0,8,8,0.19195,7,1,clothes,0.00026626726576801463,0.571637330557974,0.13333333333333333
basin,1,0,0,0,0,0,0,0,0,0,0,0,0,0,0,8,8,0.224825,5,1,basin,0.00026626726576801463,0.571637330557974,0.06666666666666667
arm,1,1,0,0,0,0,0,0,0,0,0,0,0,0,0,8,7,0.007025,3,1,arm,0.00026626726576801463,0.571637330557974,0.13333333333333333
sunlight,1,0,0,0,0,0,0,0,0,0,0,0,0,0,0,8,8,0.106775,8,1,sunlight,0.00026626726576801463,0.571637330557974,0.06666666666666667
passing,1,1,1,1,0,0,0,0,0,0,0,0,0,0,0,8,8,0.197825,7,1,passing,0.00026626726576801463,0.571637330557974,0.26666666666666666
glance,1,1,0,0,0,0,0,0,0,0,0,0,0,0,0,8,8,0.2694125,6,1,glance,0.00026626726576801463,0.571637330557974,0.13333333333333333
cafe,1,0,0,0,0,0,0,0,0,0,0,0,0,0,0,8,8,-0.1086625,4,1,cafe,0.00026626726576801463,0.571637330557974,0.06666666666666667
palette,1,0,0,0,0,0,0,0,0,0,0,0,0,0,0,8,8,0.057725,7,1,palette,0.00026626726576801463,0.571637330557974,0.06666666666666667
rosy,0,0,1,0,0,0,0,0,0,0,0,0,0,0,0,8,8,0.1715,4,1,rosy,0.00026626726576801463,0.571637330557974,0.06666666666666667
full,1,1,1,1,0,0,0,0,0,0,0,0,0,0,0,8,8,-0.0755125,4,1,full,0.00026626726576801463,0.571637330557974,0.26666666666666666
going,1,1,1,0,0,0,0,0,0,0,0,0,0,0,0,8,8,0.1605,5,1,going,0.00026626726576801463,0.571637330557974,0.2
fog,1,0,0,0,0,0,0,0,0,0,0,0,0,0,0,8,8,0.035525,3,1,fog,0.00026626726576801463,0.571637330557974,0.06666666666666667
others,1,0,0,0,0,0,0,0,0,0,0,0,0,0,0,8,7,0.4098125,6,1,others,0.00026626726576801463,0.571637330557974,0.06666666666666667
kept,0,1,1,0,0,0,0,0,0,0,0,0,0,0,0,8,8,0.061925,4,1,kept,0.00026626726576801463,0.571637330557974,0.13333333333333333
wish,1,1,0,0,0,0,0,0,0,0,0,0,0,0,0,8,7,0.451575,4,1,wish,0.00026626726576801463,0.571637330557974,0.13333333333333333
except,0,0,0,0,0,0,1,0,0,0,0,0,0,0,0,8,7,-0.0001125,6,1,except,0.00026626726576801463,0.571637330557974,0.06666666666666667
pointed,0,1,1,0,0,0,0,0,0,0,0,0,0,0,0,8,8,0.14445,7,1,pointed,0.00026626726576801463,0.571637330557974,0.13333333333333333
clear,1,1,1,1,0,0,0,0,0,0,0,0,0,0,0,8,8,0.3270249999999999,5,1,clear,0.00026626726576801463,0.571637330557974,0.26666666666666666
speak,1,1,0,0,0,0,0,0,0,0,0,0,0,0,0,8,8,0.160625,5,1,speak,0.00026626726576801463,0.571637330557974,0.13333333333333333
idea,1,0,0,0,0,0,0,0,0,0,0,0,0,0,0,8,8,-0.054175,4,1,idea,0.00026626726576801463,0.571637330557974,0.06666666666666667
sky,1,0,0,0,0,0,0,0,0,0,0,0,0,0,0,8,8,0.214675,3,1,sky,0.00026626726576801463,0.571637330557974,0.06666666666666667
less,0,0,1,1,0,0,0,0,0,0,0,0,0,0,0,8,8,0.3369499999999999,4,1,less,0.00026626726576801463,0.571637330557974,0.13333333333333333
cap,1,1,0,0,0,0,0,0,0,0,0,0,0,0,0,8,7,0.3099375,3,1,cap,0.00026626726576801463,0.571637330557974,0.13333333333333333
waiting,0,1,1,0,0,0,0,0,0,0,0,0,0,0,0,8,6,-0.0123624999999999,7,1,waiting,0.00026626726576801463,0.571637330557974,0.13333333333333333
barre,1,0,0,0,0,0,0,0,0,0,0,0,0,0,0,8,8,0.0751125,5,1,barre,0.00026626726576801463,0.571637330557974,0.06666666666666667
may,1,0,0,0,0,0,0,0,0,1,0,0,0,0,0,8,8,-0.0911625,3,1,may,0.00026626726576801463,0.571637330557974,0.13333333333333333
spoke,1,1,0,0,0,0,0,0,0,0,0,0,0,0,0,8,8,0.114125,5,1,spoke,0.00026626726576801463,0.571637330557974,0.13333333333333333
flowers,1,0,0,0,0,0,0,0,0,0,0,0,0,0,0,8,8,-0.1063625,7,1,flowers,0.00026626726576801463,0.571637330557974,0.06666666666666667
pose,1,1,0,0,0,0,0,0,0,0,0,0,0,0,0,8,8,0.1178749999999999,4,1,pose,0.00026626726576801463,0.571637330557974,0.13333333333333333
hearse,1,0,0,0,0,0,0,0,0,0,0,0,0,0,0,7,7,-0.0495428571428571,6,1,hearse,0.0002329838575470128,0.5617012295157272,0.06666666666666667
sure,0,0,1,1,0,0,0,0,0,0,0,0,0,0,0,7,7,0.4929,4,1,sure,0.0002329838575470128,0.5617012295157272,0.13333333333333333
model,1,1,1,0,0,0,0,0,0,0,0,0,0,0,0,7,7,0.1313,5,1,model,0.0002329838575470128,0.5617012295157272,0.2
tired,0,1,1,0,0,0,0,0,0,0,0,0,0,0,0,7,7,-0.3541428571428571,5,1,tired,0.0002329838575470128,0.5617012295157272,0.13333333333333333
doctor,1,1,0,0,0,0,0,0,0,0,0,0,0,0,0,7,7,0.0110857142857142,6,1,doctor,0.0002329838575470128,0.5617012295157272,0.13333333333333333
lifted,0,1,1,0,0,0,0,0,0,0,0,0,0,0,0,7,7,0.3161,6,1,lifted,0.0002329838575470128,0.5617012295157272,0.13333333333333333
figure,1,1,0,0,0,0,0,0,0,0,0,0,0,0,0,7,7,-0.2508857142857142,6,1,figure,0.0002329838575470128,0.5617012295157272,0.13333333333333333
chamber,1,1,0,0,0,0,0,0,0,0,0,0,0,0,0,7,7,-0.0969857142857143,7,1,chamber,0.0002329838575470128,0.5617012295157272,0.13333333333333333
dull,0,1,1,0,0,0,0,0,0,0,0,0,0,0,0,7,7,-0.1871285714285714,4,1,dull,0.0002329838575470128,0.5617012295157272,0.13333333333333333
country,1,0,1,0,0,0,0,0,0,0,0,0,0,0,0,7,7,0.1004285714285714,7,1,country,0.0002329838575470128,0.5617012295157272,0.13333333333333333
really,0,0,0,1,0,0,0,0,0,0,0,0,0,0,0,7,7,0.0447,6,1,really,0.0002329838575470128,0.5617012295157272,0.06666666666666667
walk,1,1,0,0,0,0,0,0,0,0,0,0,0,0,0,7,7,0.1972285714285714,4,1,walk,0.0002329838575470128,0.5617012295157272,0.13333333333333333
fled,0,1,0,0,0,0,0,0,0,0,0,0,0,0,0,7,6,-0.2179571428571428,4,1,fled,0.0002329838575470128,0.5617012295157272,0.06666666666666667
together,0,0,1,1,0,0,0,0,0,0,0,0,0,0,0,7,7,0.1435428571428571,8,1,together,0.0002329838575470128,0.5617012295157272,0.13333333333333333
canvas,1,1,0,0,0,0,0,0,0,0,0,0,0,0,0,7,7,0.0352714285714285,6,1,canvas,0.0002329838575470128,0.5617012295157272,0.13333333333333333
la,1,0,0,0,0,0,0,0,0,0,0,0,0,0,0,7,7,0.3123714285714286,2,1,la,0.0002329838575470128,0.5617012295157272,0.06666666666666667
understand,0,1,0,0,0,0,0,0,0,0,0,0,0,0,0,7,7,0.1849,10,1,understand,0.0002329838575470128,0.5617012295157272,0.06666666666666667
sight,1,1,0,0,0,0,0,0,0,0,0,0,0,0,0,7,7,-0.2491714285714285,5,1,sight,0.0002329838575470128,0.5617012295157272,0.13333333333333333
sound,1,1,1,1,0,0,0,0,0,0,0,0,0,0,0,7,7,0.1124285714285714,5,1,sound,0.0002329838575470128,0.5617012295157272,0.26666666666666666
fore,0,0,1,1,0,0,0,0,0,0,0,0,0,0,0,7,7,-0.2625428571428571,4,1,fore,0.0002329838575470128,0.5617012295157272,0.13333333333333333
make,1,1,0,0,0,0,0,0,0,0,0,0,0,0,0,7,7,-0.127,4,1,make,0.0002329838575470128,0.5617012295157272,0.13333333333333333
tered,0,0,0,0,0,0,0,0,0,0,0,0,0,0,0,7,7,0.0688857142857142,5,1,tered,0.0002329838575470128,0.5617012295157272,0.0
written,0,1,1,0,0,0,0,0,0,0,0,0,0,0,0,7,6,-0.1146428571428571,7,1,written,0.0002329838575470128,0.5617012295157272,0.13333333333333333
low,1,0,1,1,0,0,0,0,0,0,0,0,0,0,0,7,7,0.0299428571428571,3,1,low,0.0002329838575470128,0.5617012295157272,0.2
reason,1,1,0,0,0,0,0,0,0,0,0,0,0,0,0,7,7,0.1608285714285714,6,1,reason,0.0002329838575470128,0.5617012295157272,0.13333333333333333
fates,0,0,0,0,0,0,0,0,0,0,0,0,0,0,0,7,7,0.1499142857142857,5,1,fates,0.0002329838575470128,0.5617012295157272,0.0
distant,0,0,1,0,0,0,0,0,0,0,0,0,0,0,0,7,6,0.2605571428571429,7,1,distant,0.0002329838575470128,0.5617012295157272,0.06666666666666667
close,1,1,1,1,0,0,0,0,0,0,0,0,0,0,0,7,7,-0.0347714285714285,5,1,close,0.0002329838575470128,0.5617012295157272,0.26666666666666666
sent,1,1,1,0,0,0,0,0,0,0,0,0,0,0,0,7,7,0.0272999999999999,4,1,sent,0.0002329838575470128,0.5617012295157272,0.2
suddenly,0,0,0,1,0,0,0,0,0,0,0,0,0,0,0,7,7,0.1406,8,1,suddenly,0.0002329838575470128,0.5617012295157272,0.06666666666666667
returned,0,1,0,0,0,0,0,0,0,0,0,0,0,0,0,7,7,0.1972,8,1,returned,0.0002329838575470128,0.5617012295157272,0.06666666666666667
dinner,1,0,0,0,0,0,0,0,0,0,0,0,0,0,0,7,7,-0.1396714285714285,6,1,dinner,0.0002329838575470128,0.5617012295157272,0.06666666666666667
south,1,0,1,1,0,0,0,0,0,0,0,0,0,0,0,7,7,-0.1483285714285714,5,1,south,0.0002329838575470128,0.5617012295157272,0.2
fear,1,1,0,0,0,0,0,0,0,0,0,0,0,0,0,7,7,-0.4263428571428571,4,1,fear,0.0002329838575470128,0.5617012295157272,0.13333333333333333
stepped,0,1,0,0,0,0,0,0,0,0,0,0,0,0,0,7,7,-0.1447428571428571,7,1,stepped,0.0002329838575470128,0.5617012295157272,0.06666666666666667
use,1,1,0,0,0,0,0,0,0,0,0,0,0,0,0,7,7,-0.1125142857142857,3,1,use,0.0002329838575470128,0.5617012295157272,0.13333333333333333
s,1,0,0,0,0,0,0,0,0,0,0,0,0,0,0,7,7,-0.0218714285714285,1,1,s,0.0002329838575470128,0.5617012295157272,0.06666666666666667
cannot,1,0,0,0,0,0,0,0,0,0,0,0,0,0,0,7,6,0.0087714285714285,6,1,cannot,0.0002329838575470128,0.5617012295157272,0.06666666666666667
n,1,0,0,0,0,0,0,0,0,0,0,0,0,0,0,7,7,0.1011142857142857,1,1,n,0.0002329838575470128,0.5617012295157272,0.06666666666666667
bridge,1,1,0,0,0,0,0,0,0,0,0,0,0,0,0,7,7,0.0158999999999999,6,1,bridge,0.0002329838575470128,0.5617012295157272,0.13333333333333333
four,1,0,1,0,0,0,0,0,0,0,0,0,0,0,0,7,7,0.0904571428571428,4,1,four,0.0002329838575470128,0.5617012295157272,0.13333333333333333
ten,1,0,1,0,0,0,0,0,0,0,0,0,0,0,0,7,7,0.0707571428571428,3,1,ten,0.0002329838575470128,0.5617012295157272,0.13333333333333333
catch,1,1,0,0,0,0,0,0,0,0,0,0,0,0,0,7,7,-0.0699428571428571,5,1,catch,0.0002329838575470128,0.5617012295157272,0.13333333333333333
changed,0,1,1,0,0,0,0,0,0,0,0,0,0,0,0,7,6,-0.1152714285714285,7,1,changed,0.0002329838575470128,0.5617012295157272,0.13333333333333333
midnight,1,0,0,1,0,0,0,0,0,0,0,0,0,0,0,7,7,-0.0434428571428571,8,1,midnight,0.0002329838575470128,0.5617012295157272,0.13333333333333333
dress,1,1,1,0,0,0,0,0,0,0,0,0,0,0,0,7,7,0.1259142857142857,5,1,dress,0.0002329838575470128,0.5617012295157272,0.2
muttered,0,0,0,0,0,0,0,0,0,0,0,0,0,0,0,7,7,0.3264571428571429,8,1,muttered,0.0002329838575470128,0.5617012295157272,0.0
our,0,0,0,0,0,0,0,0,0,0,0,0,0,1,0,7,7,0.0616,3,1,our,0.0002329838575470128,0.5617012295157272,0.06666666666666667
paint,1,1,0,0,0,0,0,0,0,0,0,0,0,0,0,7,6,0.0835714285714285,5,1,paint,0.0002329838575470128,0.5617012295157272,0.13333333333333333
does,1,1,0,0,1,0,0,0,0,0,0,0,0,0,0,7,7,-0.1014999999999999,4,1,does,0.0002329838575470128,0.5617012295157272,0.2
cellar,1,0,0,0,0,0,0,0,0,0,0,0,0,0,0,7,7,0.0041142857142856,6,1,cellar,0.0002329838575470128,0.5617012295157272,0.06666666666666667
shut,1,1,1,0,0,0,0,0,0,0,0,0,0,0,0,7,7,-0.1053714285714285,4,1,shut,0.0002329838575470128,0.5617012295157272,0.2
year,1,0,0,0,0,0,0,0,0,0,0,0,0,0,0,7,5,-0.2305999999999999,4,1,year,0.0002329838575470128,0.5617012295157272,0.06666666666666667
fall,1,1,0,0,0,0,0,0,0,0,0,0,0,0,0,7,6,0.1211,4,1,fall,0.0002329838575470128,0.5617012295157272,0.13333333333333333
between,1,0,0,1,0,0,0,0,0,0,0,0,0,0,0,7,7,0.2496714285714285,7,1,between,0.0002329838575470128,0.5617012295157272,0.13333333333333333
try,1,1,0,0,0,0,0,0,0,0,0,0,0,0,0,7,7,-0.1220714285714285,3,1,try,0.0002329838575470128,0.5617012295157272,0.13333333333333333
children,1,0,0,0,0,0,0,0,0,0,0,0,0,0,0,7,7,0.3324571428571428,8,1,children,0.0002329838575470128,0.5617012295157272,0.06666666666666667
death,1,0,0,0,0,0,0,0,0,0,0,0,0,0,0,7,7,-0.583542857142857,5,1,death,0.0002329838575470128,0.5617012295157272,0.06666666666666667
kissed,0,1,0,0,0,0,0,0,0,0,0,0,0,0,0,7,7,0.1101285714285714,6,1,kissed,0.0002329838575470128,0.5617012295157272,0.06666666666666667
castaigne,0,0,0,0,0,0,0,0,0,0,0,0,0,0,0,7,6,0.1348142857142857,9,1,castaigne,0.0002329838575470128,0.5617012295157272,0.0
beyond,0,0,0,1,0,0,0,0,0,0,0,0,0,0,0,7,7,-0.0735857142857142,6,1,beyond,0.0002329838575470128,0.5617012295157272,0.06666666666666667
valentine,1,0,0,0,0,0,0,0,0,0,0,0,0,0,0,7,7,0.0495571428571428,9,1,valentine,0.0002329838575470128,0.5617012295157272,0.06666666666666667
noble,1,0,1,0,0,0,0,0,0,0,0,0,0,0,0,6,6,0.4588,5,1,noble,0.00019970044932601097,0.5496051325127768,0.13333333333333333
settled,0,1,1,0,0,0,0,0,0,0,0,0,0,0,0,6,6,0.0250333333333333,7,1,settled,0.00019970044932601097,0.5496051325127768,0.13333333333333333
court,1,1,0,0,0,0,0,0,0,0,0,0,0,0,0,6,5,0.1835833333333333,5,1,court,0.00019970044932601097,0.5496051325127768,0.13333333333333333
five,1,0,1,0,0,0,0,0,0,0,0,0,0,0,0,6,6,0.0629833333333333,4,1,five,0.00019970044932601097,0.5496051325127768,0.13333333333333333
taking,0,1,1,0,0,0,0,0,0,0,0,0,0,0,0,6,6,0.3793499999999999,6,1,taking,0.00019970044932601097,0.5496051325127768,0.13333333333333333
being,1,1,0,0,1,0,0,0,0,0,0,0,0,0,0,6,6,-0.2910999999999999,5,1,being,0.00019970044932601097,0.5496051325127768,0.2
return,1,1,0,0,0,0,0,0,0,0,0,0,0,0,0,6,6,0.0929,6,1,return,0.00019970044932601097,0.5496051325127768,0.13333333333333333
father,1,0,0,0,0,0,0,0,0,0,0,0,0,0,0,6,6,0.0054499999999999,6,1,father,0.00019970044932601097,0.5496051325127768,0.06666666666666667
bore,1,1,0,0,0,0,0,0,0,0,0,0,0,0,0,6,6,-0.3961833333333333,4,1,bore,0.00019970044932601097,0.5496051325127768,0.13333333333333333
rifle,1,1,0,0,0,0,0,0,0,0,0,0,0,0,0,6,6,-0.2238666666666666,5,1,rifle,0.00019970044932601097,0.5496051325127768,0.13333333333333333
water,1,1,0,0,0,0,0,0,0,0,0,0,0,0,0,6,6,-0.0230166666666666,5,1,water,0.00019970044932601097,0.5496051325127768,0.13333333333333333
further,0,0,1,1,0,0,0,0,0,0,0,0,0,0,0,6,5,0.171,7,1,further,0.00019970044932601097,0.5496051325127768,0.13333333333333333
noticed,0,1,1,0,0,0,0,0,0,0,0,0,0,0,0,6,6,0.0254,7,1,noticed,0.00019970044932601097,0.5496051325127768,0.13333333333333333
cruel,0,0,1,0,0,0,0,0,0,0,0,0,0,0,0,6,5,-0.5130833333333333,5,1,cruel,0.00019970044932601097,0.5496051325127768,0.06666666666666667
late,1,0,1,1,0,0,0,0,0,0,0,0,0,0,0,6,6,0.0642166666666666,4,1,late,0.00019970044932601097,0.5496051325127768,0.2
music,1,0,0,0,0,0,0,0,0,0,0,0,0,0,0,6,6,-0.0056499999999999,5,1,music,0.00019970044932601097,0.5496051325127768,0.06666666666666667
observed,0,1,1,0,0,0,0,0,0,0,0,0,0,0,0,6,6,-0.01885,8,1,observed,0.00019970044932601097,0.5496051325127768,0.13333333333333333
impossible,1,0,1,0,0,0,0,0,0,0,0,0,0,0,0,6,6,-0.1928499999999999,10,1,impossible,0.00019970044932601097,0.5496051325127768,0.13333333333333333
same,0,0,1,1,0,0,0,0,0,0,0,0,0,0,0,6,6,0.0525166666666666,4,1,same,0.00019970044932601097,0.5496051325127768,0.13333333333333333
sun,1,1,0,0,0,0,0,0,0,0,0,0,0,0,0,6,6,0.0158666666666666,3,1,sun,0.00019970044932601097,0.5496051325127768,0.13333333333333333
f,1,0,0,0,0,0,0,0,0,0,0,0,0,0,0,6,6,0.0283,1,1,f,0.00019970044932601097,0.5496051325127768,0.06666666666666667
brought,0,1,0,0,0,0,0,0,0,0,0,0,0,0,0,6,6,0.1038666666666666,7,1,brought,0.00019970044932601097,0.5496051325127768,0.06666666666666667
fastened,0,0,1,0,0,0,0,0,0,0,0,0,0,0,0,6,6,-0.2349833333333333,8,1,fastened,0.00019970044932601097,0.5496051325127768,0.06666666666666667
nurse,1,1,0,0,0,0,0,0,0,0,0,0,0,0,0,6,5,-0.0578,5,1,nurse,0.00019970044932601097,0.5496051325127768,0.13333333333333333
fresh,1,0,1,1,0,0,0,0,0,0,0,0,0,0,0,6,5,0.3979333333333333,5,1,fresh,0.00019970044932601097,0.5496051325127768,0.2
officers,1,1,0,0,0,0,0,0,0,0,0,0,0,0,0,6,6,-0.2032166666666666,8,1,officers,0.00019970044932601097,0.5496051325127768,0.13333333333333333
path,1,0,0,0,0,0,0,0,0,0,0,0,0,0,0,6,6,-0.0920166666666666,4,1,path,0.00019970044932601097,0.5496051325127768,0.06666666666666667
trembled,0,1,0,0,0,0,0,0,0,0,0,0,0,0,0,6,6,-0.0295999999999999,8,1,trembled,0.00019970044932601097,0.5496051325127768,0.06666666666666667
reached,0,1,0,0,0,0,0,0,0,0,0,0,0,0,0,6,6,0.0544166666666666,7,1,reached,0.00019970044932601097,0.5496051325127768,0.06666666666666667
candle,1,1,0,0,0,0,0,0,0,0,0,0,0,0,0,6,4,-0.07945,6,1,candle,0.00019970044932601097,0.5496051325127768,0.13333333333333333
conversation,1,0,0,0,0,0,0,0,0,0,0,0,0,0,0,6,6,0.1810833333333333,12,1,conversation,0.00019970044932601097,0.5496051325127768,0.06666666666666667
bread,1,1,0,0,0,0,0,0,0,0,0,0,0,0,0,6,5,-0.3474,5,1,bread,0.00019970044932601097,0.5496051325127768,0.13333333333333333
officer,1,1,0,0,0,0,0,0,0,0,0,0,0,0,0,6,6,-0.0536333333333333,7,1,officer,0.00019970044932601097,0.5496051325127768,0.13333333333333333
garter,1,1,0,0,0,0,0,0,0,0,0,0,0,0,0,6,5,-0.0579666666666666,6,1,garter,0.00019970044932601097,0.5496051325127768,0.13333333333333333
placed,0,1,1,0,0,0,0,0,0,0,0,0,0,0,0,6,6,0.1119666666666666,6,1,placed,0.00019970044932601097,0.5496051325127768,0.13333333333333333
position,1,1,0,0,0,0,0,0,0,0,0,0,0,0,0,6,6,0.2551666666666666,8,1,position,0.00019970044932601097,0.5496051325127768,0.13333333333333333
hours,1,0,0,0,0,0,0,0,0,0,0,0,0,0,0,6,5,-0.0043,5,1,hours,0.00019970044932601097,0.5496051325127768,0.06666666666666667
neck,1,1,0,0,0,0,0,0,0,0,0,0,0,0,0,6,6,0.0713666666666666,4,1,neck,0.00019970044932601097,0.5496051325127768,0.13333333333333333
forward,1,1,1,1,0,0,0,0,0,0,0,0,0,0,0,6,5,-0.1748499999999999,7,1,forward,0.00019970044932601097,0.5496051325127768,0.26666666666666666
leaving,0,1,0,0,0,0,0,0,0,0,0,0,0,0,0,6,6,-0.1049833333333333,7,1,leaving,0.00019970044932601097,0.5496051325127768,0.06666666666666667
hungry,0,0,1,0,0,0,0,0,0,0,0,0,0,0,0,6,6,0.0453333333333333,6,1,hungry,0.00019970044932601097,0.5496051325127768,0.06666666666666667
sake,1,0,0,0,0,0,0,0,0,0,0,0,0,0,0,6,6,0.0395666666666666,4,1,sake,0.00019970044932601097,0.5496051325127768,0.06666666666666667
speaking,1,1,1,0,0,0,0,0,0,0,0,0,0,0,0,6,6,0.17415,8,1,speaking,0.00019970044932601097,0.5496051325127768,0.2
ran,0,1,0,0,0,0,0,0,0,0,0,0,0,0,0,6,6,0.0723666666666666,3,1,ran,0.00019970044932601097,0.5496051325127768,0.06666666666666667
herself,0,0,0,0,0,0,0,0,0,0,0,0,0,0,1,6,6,0.2132833333333333,7,1,herself,0.00019970044932601097,0.5496051325127768,0.06666666666666667
rather,0,0,0,1,0,0,0,0,0,0,0,0,0,0,0,6,6,0.27905,6,1,rather,0.00019970044932601097,0.5496051325127768,0.06666666666666667
row,1,1,0,0,0,0,0,0,0,0,0,0,0,0,0,6,6,-0.1904,3,1,row,0.00019970044932601097,0.5496051325127768,0.13333333333333333
asleep,0,0,1,1,0,0,0,0,0,0,0,0,0,0,0,6,6,-0.1132333333333333,6,1,asleep,0.00019970044932601097,0.5496051325127768,0.13333333333333333
blood,1,1,0,0,0,0,0,0,0,0,0,0,0,0,0,6,6,-0.0961333333333333,5,1,blood,0.00019970044932601097,0.5496051325127768,0.13333333333333333
throat,1,0,0,0,0,0,0,0,0,0,0,0,0,0,0,6,6,0.0233833333333333,6,1,throat,0.00019970044932601097,0.5496051325127768,0.06666666666666667
happy,0,0,1,0,0,0,0,0,0,0,0,0,0,0,0,6,6,0.5893499999999999,5,1,happy,0.00019970044932601097,0.5496051325127768,0.06666666666666667
put,1,1,0,0,0,0,0,0,0,0,0,0,0,0,0,6,6,0.14345,3,1,put,0.00019970044932601097,0.5496051325127768,0.13333333333333333
precious,1,0,1,1,0,0,0,0,0,0,0,0,0,0,0,6,6,0.4166,8,1,precious,0.00019970044932601097,0.5496051325127768,0.2
bring,0,1,0,0,0,0,0,0,0,0,0,0,0,0,0,6,6,0.0496666666666666,5,1,bring,0.00019970044932601097,0.5496051325127768,0.06666666666666667
swiftly,0,0,0,1,0,0,0,0,0,0,0,0,0,0,0,6,5,-0.1553333333333333,7,1,swiftly,0.00019970044932601097,0.5496051325127768,0.06666666666666667
wall,1,1,0,0,0,0,0,0,0,0,0,0,0,0,0,6,6,-0.1978833333333333,4,1,wall,0.00019970044932601097,0.5496051325127768,0.13333333333333333
home,1,1,1,1,0,0,0,0,0,0,0,0,0,0,0,6,6,0.0985666666666666,4,1,home,0.00019970044932601097,0.5496051325127768,0.26666666666666666
english,1,0,1,0,0,0,0,0,0,0,0,0,0,0,0,6,6,0.07975,7,1,english,0.00019970044932601097,0.5496051325127768,0.13333333333333333
opened,0,0,1,0,0,0,0,0,0,0,0,0,0,0,0,6,6,-0.0711166666666666,6,1,opened,0.00019970044932601097,0.5496051325127768,0.06666666666666667
interrupted,0,1,1,0,0,0,0,0,0,0,0,0,0,0,0,6,6,-0.3135833333333334,11,1,interrupted,0.00019970044932601097,0.5496051325127768,0.13333333333333333
chair,1,1,0,0,0,0,0,0,0,0,0,0,0,0,0,6,6,0.3235666666666666,5,1,chair,0.00019970044932601097,0.5496051325127768,0.13333333333333333
arms,1,1,0,0,0,0,0,0,0,0,0,0,0,0,0,6,6,0.1235,4,1,arms,0.00019970044932601097,0.5496051325127768,0.13333333333333333
sir,1,0,0,0,0,0,0,0,0,0,0,0,0,0,0,6,5,0.1060666666666666,3,1,sir,0.00019970044932601097,0.5496051325127768,0.06666666666666667
big,1,0,1,1,0,0,0,0,0,0,0,0,0,0,0,6,6,-0.1427666666666666,3,1,big,0.00019970044932601097,0.5496051325127768,0.2
girls,1,0,0,0,0,0,0,0,0,0,0,0,0,0,0,6,6,0.0805166666666666,5,1,girls,0.00019970044932601097,0.5496051325127768,0.06666666666666667
hastur,0,0,0,0,0,0,0,0,0,0,0,0,0,0,0,6,6,0.0765499999999999,6,1,hastur,0.00019970044932601097,0.5496051325127768,0.0
ter,0,0,0,0,0,0,0,0,0,0,0,0,0,0,0,6,6,0.1256666666666667,3,1,ter,0.00019970044932601097,0.5496051325127768,0.0
ed,0,0,0,0,0,0,0,0,0,0,0,0,0,0,0,6,6,0.0792666666666666,2,0,ed,0.00019970044932601097,0.5496051325127768,0.0
though,0,0,0,1,0,0,1,0,0,0,0,0,0,0,0,6,6,0.13465,6,1,though,0.00019970044932601097,0.5496051325127768,0.13333333333333333
sometimes,0,0,0,1,0,0,0,0,0,0,0,0,0,0,0,6,5,0.0583833333333333,9,1,sometimes,0.00019970044932601097,0.5496051325127768,0.06666666666666667
sunshine,0,0,0,0,0,0,0,0,0,0,0,0,0,0,0,6,6,0.3920333333333333,8,1,sunshine,0.00019970044932601097,0.5496051325127768,0.0
moments,1,0,0,0,0,0,0,0,0,0,0,0,0,0,0,6,5,0.3768666666666667,7,1,moments,0.00019970044932601097,0.5496051325127768,0.06666666666666667
although,0,0,0,1,0,0,1,0,0,0,0,0,0,0,0,6,6,0.1976166666666666,8,1,although,0.00019970044932601097,0.5496051325127768,0.13333333333333333
evening,1,0,0,0,0,0,0,0,0,0,0,0,0,0,0,6,6,0.4290833333333333,7,1,evening,0.00019970044932601097,0.5496051325127768,0.06666666666666667
dow,1,0,0,0,0,0,0,0,0,0,0,0,0,0,0,6,6,-0.2248166666666666,3,1,dow,0.00019970044932601097,0.5496051325127768,0.06666666666666667
doors,1,0,0,0,0,0,0,0,0,0,0,0,0,0,0,6,6,0.0254,5,1,doors,0.00019970044932601097,0.5496051325127768,0.06666666666666667
sign,1,1,1,0,0,0,0,0,0,0,0,0,0,0,0,6,6,-0.0851,4,1,sign,0.00019970044932601097,0.5496051325127768,0.2
lowed,0,0,0,0,0,0,0,0,0,0,0,0,0,0,0,6,6,-0.169,5,1,lowed,0.00019970044932601097,0.5496051325127768,0.0
box,1,1,0,0,0,0,0,0,0,0,0,0,0,0,0,6,6,-0.2364833333333333,3,1,box,0.00019970044932601097,0.5496051325127768,0.13333333333333333
feel,1,1,0,0,0,0,0,0,0,0,0,0,0,0,0,6,6,-0.0141999999999999,4,1,feel,0.00019970044932601097,0.5496051325127768,0.13333333333333333
business,1,0,1,0,0,0,0,0,0,0,0,0,0,0,0,6,6,0.0489,8,1,business,0.00019970044932601097,0.5496051325127768,0.13333333333333333
afraid,0,0,1,0,0,0,0,0,0,0,0,0,0,0,0,6,5,0.1503166666666666,6,1,afraid,0.00019970044932601097,0.5496051325127768,0.06666666666666667
desire,1,1,0,0,0,0,0,0,0,0,0,0,0,0,0,6,6,0.2557166666666666,6,1,desire,0.00019970044932601097,0.5496051325127768,0.13333333333333333
quiet,1,0,1,1,0,0,0,0,0,0,0,0,0,0,0,6,6,0.2774166666666667,5,1,quiet,0.00019970044932601097,0.5496051325127768,0.2
notes,0,1,0,0,0,0,0,0,0,0,0,0,0,0,0,6,6,-0.05275,5,1,notes,0.00019970044932601097,0.5496051325127768,0.06666666666666667
tree,1,1,0,0,0,0,0,0,0,0,0,0,0,0,0,6,5,-0.0339499999999999,4,1,tree,0.00019970044932601097,0.5496051325127768,0.13333333333333333
steel,1,1,0,0,0,0,0,0,0,0,0,0,0,0,0,6,5,0.3647333333333333,5,1,steel,0.00019970044932601097,0.5496051325127768,0.13333333333333333
pleasure,1,0,0,0,0,0,0,0,0,0,0,0,0,0,0,6,6,0.52775,8,1,pleasure,0.00019970044932601097,0.5496051325127768,0.06666666666666667
six,1,0,1,0,0,0,0,0,0,0,0,0,0,0,0,6,6,0.1221,3,1,six,0.00019970044932601097,0.5496051325127768,0.13333333333333333
hall,1,0,0,0,0,0,0,0,0,0,0,0,0,0,0,6,6,-0.2440333333333333,4,1,hall,0.00019970044932601097,0.5496051325127768,0.06666666666666667
future,1,0,1,0,0,0,0,0,0,0,0,0,0,0,0,6,6,0.1966166666666666,6,1,future,0.00019970044932601097,0.5496051325127768,0.13333333333333333
lady,1,0,0,0,0,0,0,0,0,0,0,0,0,0,0,6,6,0.2633,4,1,lady,0.00019970044932601097,0.5496051325127768,0.06666666666666667
th,0,0,0,0,0,0,0,0,0,0,0,0,0,0,0,6,6,-0.3345666666666667,2,0,th,0.00019970044932601097,0.5496051325127768,0.0
twenty,1,0,1,0,0,0,0,0,0,0,0,0,0,0,0,6,6,0.0686333333333333,6,1,twenty,0.00019970044932601097,0.5496051325127768,0.13333333333333333
suit,1,1,0,0,0,0,0,0,0,0,0,0,0,0,0,6,6,-0.0491333333333333,4,1,suit,0.00019970044932601097,0.5496051325127768,0.13333333333333333
national,1,0,1,0,0,0,0,0,0,0,0,0,0,0,0,6,5,0.3601499999999999,8,1,national,0.00019970044932601097,0.5496051325127768,0.13333333333333333
end,1,1,0,0,0,0,0,0,0,0,0,0,0,0,0,6,6,-0.0043499999999999,3,1,end,0.00019970044932601097,0.5496051325127768,0.13333333333333333
else,0,0,1,1,0,0,1,0,0,0,0,0,0,0,0,6,6,0.0979666666666666,4,1,else,0.00019970044932601097,0.5496051325127768,0.2
worse,1,0,1,1,0,0,0,0,0,0,0,0,0,0,0,6,6,-0.1019333333333333,5,1,worse,0.00019970044932601097,0.5496051325127768,0.2
near,1,0,1,1,0,0,0,0,0,0,0,0,0,0,0,6,6,-0.0133,4,1,near,0.00019970044932601097,0.5496051325127768,0.2
none,1,0,1,1,0,0,0,0,0,0,1,0,0,0,1,6,6,-0.0954999999999999,4,1,none,0.00019970044932601097,0.5496051325127768,0.3333333333333333
act,1,1,0,0,0,0,0,0,0,0,0,0,0,0,0,6,6,-0.29795,3,1,act,0.00019970044932601097,0.5496051325127768,0.13333333333333333
forever,1,0,0,1,0,0,0,0,0,0,0,0,0,0,0,6,6,0.3047166666666667,7,1,forever,0.00019970044932601097,0.5496051325127768,0.13333333333333333
relief,1,0,0,0,0,0,0,0,0,0,0,0,0,0,0,6,6,0.53025,6,1,relief,0.00019970044932601097,0.5496051325127768,0.06666666666666667
decided,0,1,1,0,0,0,0,0,0,0,0,0,0,0,0,6,6,0.1412166666666666,7,1,decided,0.00019970044932601097,0.5496051325127768,0.13333333333333333
shadows,1,1,0,0,0,0,0,0,0,0,0,0,0,0,0,6,6,-0.00095,7,1,shadows,0.00019970044932601097,0.5496051325127768,0.13333333333333333
thoughts,1,1,0,0,0,0,0,0,0,0,0,0,0,0,0,6,6,0.1183833333333333,8,1,thoughts,0.00019970044932601097,0.5496051325127768,0.13333333333333333
most,0,0,1,1,0,0,0,0,0,0,0,0,0,0,0,6,6,0.1249833333333333,4,1,most,0.00019970044932601097,0.5496051325127768,0.13333333333333333
terrace,1,1,0,0,0,0,0,0,0,0,0,0,0,0,0,6,6,-0.1007,7,1,terrace,0.00019970044932601097,0.5496051325127768,0.13333333333333333
whole,1,0,1,1,0,0,0,0,0,0,0,0,0,0,0,6,6,-0.0934499999999999,5,1,whole,0.00019970044932601097,0.5496051325127768,0.2
book,1,1,0,0,0,0,0,0,0,0,0,0,0,0,0,6,6,0.2364499999999999,4,1,book,0.00019970044932601097,0.5496051325127768,0.13333333333333333
general,1,1,1,0,0,0,0,0,0,0,0,0,0,0,0,6,4,0.1435833333333333,7,1,general,0.00019970044932601097,0.5496051325127768,0.2
short,1,0,1,1,0,0,0,0,0,0,0,0,0,0,0,6,6,-0.27635,5,1,short,0.00019970044932601097,0.5496051325127768,0.2
wait,1,1,0,0,0,0,0,0,0,0,0,0,0,0,0,6,6,0.0702333333333333,4,1,wait,0.00019970044932601097,0.5496051325127768,0.13333333333333333
paradise,1,0,0,0,0,0,0,0,0,0,0,0,0,0,0,6,3,0.6404166666666667,8,1,paradise,0.00019970044932601097,0.5496051325127768,0.06666666666666667
faster,1,0,0,1,0,0,0,0,0,0,0,0,0,0,0,6,5,0.1646333333333333,6,1,faster,0.00019970044932601097,0.5496051325127768,0.13333333333333333
railroad,1,1,0,0,0,0,0,0,0,0,0,0,0,0,0,5,5,-0.14466,8,1,railroad,0.00016641704110500916,0.5343829898349378,0.13333333333333333
drawing,1,1,0,0,0,0,0,0,0,0,0,0,0,0,0,5,5,0.1091,7,1,drawing,0.00016641704110500916,0.5343829898349378,0.13333333333333333
scarcely,0,0,0,1,0,0,0,0,0,0,0,0,0,0,0,5,5,-0.1173999999999999,8,1,scarcely,0.00016641704110500916,0.5343829898349378,0.06666666666666667
ago,0,0,1,1,0,0,0,0,0,0,0,0,0,0,0,5,5,-0.25826,3,1,ago,0.00016641704110500916,0.5343829898349378,0.13333333333333333
noon,1,0,0,0,0,0,0,0,0,0,0,0,0,0,0,5,5,0.21838,4,1,noon,0.00016641704110500916,0.5343829898349378,0.06666666666666667
dr,0,0,0,0,0,0,0,0,0,0,0,0,0,0,0,5,5,0.0,2,0,dr,0.00016641704110500916,0.5343829898349378,0.0
students,1,0,0,0,0,0,0,0,0,0,0,0,0,0,0,5,5,-0.0062799999999999,8,1,students,0.00016641704110500916,0.5343829898349378,0.06666666666666667
con,1,0,0,1,0,0,0,0,0,0,0,0,0,0,0,5,5,0.18352,3,1,con,0.00016641704110500916,0.5343829898349378,0.13333333333333333
bankment,0,0,0,0,0,0,0,0,0,0,0,0,0,0,0,5,4,-0.16962,8,1,bankment,0.00016641704110500916,0.5343829898349378,0.0
usual,0,0,1,0,0,0,0,0,0,0,0,0,0,0,0,5,5,0.05686,5,1,usual,0.00016641704110500916,0.5343829898349378,0.06666666666666667
bell,1,1,0,0,0,0,0,0,0,0,0,0,0,0,0,5,5,0.1372399999999999,4,1,bell,0.00016641704110500916,0.5343829898349378,0.13333333333333333
seat,1,1,0,0,0,0,0,0,0,0,0,0,0,0,0,5,5,-0.05622,4,1,seat,0.00016641704110500916,0.5343829898349378,0.13333333333333333
ward,1,0,0,0,0,0,0,0,0,0,0,0,0,0,0,5,5,0.16684,4,1,ward,0.00016641704110500916,0.5343829898349378,0.06666666666666667
land,1,1,1,0,0,0,0,0,0,0,0,0,0,0,0,5,5,-0.06364,4,1,land,0.00016641704110500916,0.5343829898349378,0.2
reputation,1,0,0,0,0,0,0,0,0,0,0,0,0,0,0,5,4,-0.058,10,1,reputation,0.00016641704110500916,0.5343829898349378,0.06666666666666667
mirror,1,1,0,0,0,0,0,0,0,0,0,0,0,0,0,5,5,0.0495,6,1,mirror,0.00016641704110500916,0.5343829898349378,0.13333333333333333
family,1,0,0,0,0,0,0,0,0,0,0,0,0,0,0,5,5,0.18044,6,1,family,0.00016641704110500916,0.5343829898349378,0.06666666666666667
study,1,1,0,0,0,0,0,0,0,0,0,0,0,0,0,5,5,0.13306,5,1,study,0.00016641704110500916,0.5343829898349378,0.13333333333333333
breath,1,0,0,0,0,0,0,0,0,0,0,0,0,0,0,5,5,-0.2468599999999999,6,1,breath,0.00016641704110500916,0.5343829898349378,0.06666666666666667
hers,0,0,0,0,0,0,0,0,0,0,0,0,0,0,1,5,5,0.11834,4,1,hers,0.00016641704110500916,0.5343829898349378,0.06666666666666667
glass,1,1,0,0,0,0,0,0,0,0,0,0,0,0,0,5,5,0.00298,5,1,glass,0.00016641704110500916,0.5343829898349378,0.13333333333333333
sighed,0,1,0,0,0,0,0,0,0,0,0,0,0,0,0,5,5,0.1030199999999999,6,1,sighed,0.00016641704110500916,0.5343829898349378,0.06666666666666667
standing,1,1,1,0,0,0,0,0,0,0,0,0,0,0,0,5,5,0.31974,8,1,standing,0.00016641704110500916,0.5343829898349378,0.2
birds,1,1,0,0,0,0,0,0,0,0,0,0,0,0,0,5,5,0.14938,5,1,birds,0.00016641704110500916,0.5343829898349378,0.13333333333333333
everything,0,0,0,0,0,0,0,0,0,0,0,0,0,0,1,5,5,0.00246,10,1,everything,0.00016641704110500916,0.5343829898349378,0.06666666666666667
washington,1,0,0,0,0,0,0,0,0,0,0,0,0,0,0,5,5,0.09402,10,1,washington,0.00016641704110500916,0.5343829898349378,0.06666666666666667
knees,1,0,0,0,0,0,0,0,0,0,0,0,0,0,0,5,5,-0.16928,5,1,knees,0.00016641704110500916,0.5343829898349378,0.06666666666666667
icy,0,0,1,0,0,0,0,0,0,0,0,0,0,0,0,5,5,0.17914,3,1,icy,0.00016641704110500916,0.5343829898349378,0.06666666666666667
run,1,1,0,0,0,0,0,0,0,0,0,0,0,0,0,5,5,-0.1833,3,1,run,0.00016641704110500916,0.5343829898349378,0.13333333333333333
confused,0,1,1,0,0,0,0,0,0,0,0,0,0,0,0,5,5,0.06448,8,1,confused,0.00016641704110500916,0.5343829898349378,0.13333333333333333
lives,0,1,0,0,0,0,0,0,0,0,0,0,0,0,0,5,5,0.10884,5,1,lives,0.00016641704110500916,0.5343829898349378,0.06666666666666667
present,1,1,1,0,0,0,0,0,0,0,0,0,0,0,0,5,5,0.4422,7,1,present,0.00016641704110500916,0.5343829898349378,0.2
aside,1,0,0,1,0,0,0,0,0,0,0,0,0,0,0,5,4,-0.17636,5,1,aside,0.00016641704110500916,0.5343829898349378,0.13333333333333333
eat,0,1,0,0,0,0,0,0,0,0,0,0,0,0,0,5,5,0.03408,3,1,eat,0.00016641704110500916,0.5343829898349378,0.06666666666666667
already,0,0,0,1,0,0,0,0,0,0,0,0,0,0,0,5,5,0.22032,7,1,already,0.00016641704110500916,0.5343829898349378,0.06666666666666667
beat,1,1,1,0,0,0,0,0,0,0,0,0,0,0,0,5,5,0.29996,4,1,beat,0.00016641704110500916,0.5343829898349378,0.2
earth,1,1,0,0,0,0,0,0,0,0,0,0,0,0,0,5,5,0.2014799999999999,5,1,earth,0.00016641704110500916,0.5343829898349378,0.13333333333333333
silk,1,0,0,0,0,0,0,0,0,0,0,0,0,0,0,5,5,0.06608,4,1,silk,0.00016641704110500916,0.5343829898349378,0.06666666666666667
best,1,0,1,1,0,0,0,0,0,0,0,0,0,0,0,5,5,0.5370999999999999,4,1,best,0.00016641704110500916,0.5343829898349378,0.2
falcons,1,1,0,0,0,0,0,0,0,0,0,0,0,0,0,5,5,0.22338,7,1,falcons,0.00016641704110500916,0.5343829898349378,0.13333333333333333
sparrows,1,0,0,0,0,0,0,0,0,0,0,0,0,0,0,5,5,0.16156,8,1,sparrows,0.00016641704110500916,0.5343829898349378,0.06666666666666667
letter,1,1,0,0,0,0,0,0,0,0,0,0,0,0,0,5,5,0.2352199999999999,6,1,letter,0.00016641704110500916,0.5343829898349378,0.13333333333333333
word,0,0,0,0,0,0,0,0,0,0,0,0,0,0,0,5,5,-0.0622,4,1,word,0.00016641704110500916,0.5343829898349378,0.0
crept,0,1,0,0,0,0,0,0,0,0,0,0,0,0,0,5,5,-0.18496,5,1,crept,0.00016641704110500916,0.5343829898349378,0.06666666666666667
jeanne,0,0,0,0,0,0,0,0,0,0,0,0,0,0,0,5,4,-0.09018,6,1,jeanne,0.00016641704110500916,0.5343829898349378,0.0
en,1,0,0,0,0,0,0,0,0,0,0,0,0,0,0,5,5,-0.0630199999999999,2,1,en,0.00016641704110500916,0.5343829898349378,0.06666666666666667
woman,1,0,0,0,0,0,0,0,0,0,0,0,0,0,0,5,5,-0.10096,5,1,woman,0.00016641704110500916,0.5343829898349378,0.06666666666666667
french,1,1,1,0,0,0,0,0,0,0,0,0,0,0,0,5,5,0.28548,6,1,french,0.00016641704110500916,0.5343829898349378,0.2
hung,0,1,1,0,0,0,0,0,0,0,0,0,0,0,0,5,5,0.0975,4,1,hung,0.00016641704110500916,0.5343829898349378,0.13333333333333333
expected,0,1,1,0,0,0,0,0,0,0,0,0,0,0,0,5,5,0.2794399999999999,8,1,expected,0.00016641704110500916,0.5343829898349378,0.13333333333333333
cheeks,1,1,0,0,0,0,0,0,0,0,0,0,0,0,0,5,5,0.23676,6,1,cheeks,0.00016641704110500916,0.5343829898349378,0.13333333333333333
cabinet,1,0,1,0,0,0,0,0,0,0,0,0,0,0,0,5,5,0.01032,7,1,cabinet,0.00016641704110500916,0.5343829898349378,0.13333333333333333
shoulder,1,1,0,0,0,0,0,0,0,0,0,0,0,0,0,5,4,-0.0993599999999999,8,1,shoulder,0.00016641704110500916,0.5343829898349378,0.13333333333333333
acknowledged,0,1,1,0,0,0,0,0,0,0,0,0,0,0,0,5,5,-0.315,12,1,acknowledged,0.00016641704110500916,0.5343829898349378,0.13333333333333333
clean,1,1,1,1,0,0,0,0,0,0,0,0,0,0,0,5,5,0.32854,5,1,clean,0.00016641704110500916,0.5343829898349378,0.26666666666666666
pair,1,1,0,0,0,0,0,0,0,0,0,0,0,0,0,5,5,0.0180399999999999,4,1,pair,0.00016641704110500916,0.5343829898349378,0.13333333333333333
color,1,1,1,0,0,0,0,0,0,0,0,0,0,0,0,5,5,0.25286,5,1,color,0.00016641704110500916,0.5343829898349378,0.2
outside,1,0,1,1,0,0,0,0,0,0,0,0,0,0,0,5,5,0.16274,7,1,outside,0.00016641704110500916,0.5343829898349378,0.2
creatures,1,0,0,0,0,0,0,0,0,0,0,0,0,0,0,5,5,0.08802,9,1,creatures,0.00016641704110500916,0.5343829898349378,0.06666666666666667
spring,1,1,1,0,0,0,0,0,0,0,0,0,0,0,0,5,5,-0.04482,6,1,spring,0.00016641704110500916,0.5343829898349378,0.2
pulpit,1,0,0,0,0,0,0,0,0,0,0,0,0,0,0,5,5,0.3426,6,1,pulpit,0.00016641704110500916,0.5343829898349378,0.06666666666666667
dropped,0,1,1,0,0,0,0,0,0,0,0,0,0,0,0,5,5,0.10194,7,1,dropped,0.00016641704110500916,0.5343829898349378,0.13333333333333333
awful,0,0,1,1,0,0,0,0,0,0,0,0,0,0,0,5,5,-0.57982,5,1,awful,0.00016641704110500916,0.5343829898349378,0.13333333333333333
added,0,1,1,0,0,0,0,0,0,0,0,0,0,0,0,5,5,0.02246,5,1,added,0.00016641704110500916,0.5343829898349378,0.13333333333333333
gesture,1,0,0,0,0,0,0,0,0,0,0,0,0,0,0,5,5,0.23068,7,1,gesture,0.00016641704110500916,0.5343829898349378,0.06666666666666667
artists,1,0,0,0,0,0,0,0,0,0,0,0,0,0,0,5,5,0.3518799999999999,7,1,artists,0.00016641704110500916,0.5343829898349378,0.06666666666666667
alas,1,0,0,1,0,0,0,0,0,0,0,0,0,0,0,5,5,-0.33294,4,1,alas,0.00016641704110500916,0.5343829898349378,0.13333333333333333
park,1,1,0,0,0,0,0,0,0,0,0,0,0,0,0,5,5,-0.0159799999999999,4,1,park,0.00016641704110500916,0.5343829898349378,0.13333333333333333
god,1,0,0,0,0,0,0,0,0,0,0,0,0,0,0,5,5,0.3939,3,1,god,0.00016641704110500916,0.5343829898349378,0.06666666666666667
madonna,1,0,0,0,0,0,0,0,0,0,0,0,0,0,0,5,5,0.09466,7,1,madonna,0.00016641704110500916,0.5343829898349378,0.06666666666666667
mounted,0,1,1,0,0,0,0,0,0,0,0,0,0,0,0,5,5,-0.04526,7,1,mounted,0.00016641704110500916,0.5343829898349378,0.13333333333333333
broke,0,1,1,0,0,0,0,0,0,0,0,0,0,0,0,5,5,-0.4963999999999999,5,1,broke,0.00016641704110500916,0.5343829898349378,0.13333333333333333
despair,1,1,0,0,0,0,0,0,0,0,0,0,0,0,0,5,5,-0.45404,7,1,despair,0.00016641704110500916,0.5343829898349378,0.13333333333333333
colonel,1,0,0,0,0,0,0,0,0,0,0,0,0,0,0,5,5,-0.08732,7,1,colonel,0.00016641704110500916,0.5343829898349378,0.06666666666666667
body,1,1,0,0,0,0,0,0,0,0,0,0,0,0,0,5,5,-0.13818,4,1,body,0.00016641704110500916,0.5343829898349378,0.13333333333333333
frightened,0,0,1,0,0,0,0,0,0,0,0,0,0,0,0,5,5,-0.4673999999999999,10,1,frightened,0.00016641704110500916,0.5343829898349378,0.06666666666666667
faces,1,1,0,0,0,0,0,0,0,0,0,0,0,0,0,5,5,-0.03344,5,1,faces,0.00016641704110500916,0.5343829898349378,0.13333333333333333
kind,1,0,1,0,0,0,0,0,0,0,0,0,0,0,0,5,5,0.55118,4,1,kind,0.00016641704110500916,0.5343829898349378,0.13333333333333333
quietly,0,0,0,1,0,0,0,0,0,0,0,0,0,0,0,5,5,0.02486,7,1,quietly,0.00016641704110500916,0.5343829898349378,0.06666666666666667
flat,1,0,1,1,0,0,0,0,0,0,0,0,0,0,0,5,5,0.2449199999999999,4,1,flat,0.00016641704110500916,0.5343829898349378,0.2
pointing,0,1,1,0,0,0,0,0,0,0,0,0,0,0,0,5,5,-0.00822,8,1,pointing,0.00016641704110500916,0.5343829898349378,0.13333333333333333
lie,1,1,0,0,0,0,0,0,0,0,0,0,0,0,0,5,5,-0.25682,3,1,lie,0.00016641704110500916,0.5343829898349378,0.13333333333333333
loved,0,1,1,0,0,0,0,0,0,0,0,0,0,0,0,5,5,0.3274199999999999,5,1,loved,0.00016641704110500916,0.5343829898349378,0.13333333333333333
fat,1,0,1,0,0,0,0,0,0,0,0,0,0,0,0,5,5,-0.1998,3,1,fat,0.00016641704110500916,0.5343829898349378,0.13333333333333333
bowed,0,1,1,0,0,0,0,0,0,0,0,0,0,0,0,5,5,-0.21368,5,1,bowed,0.00016641704110500916,0.5343829898349378,0.13333333333333333
tossed,0,1,0,0,0,0,0,0,0,0,0,0,0,0,0,5,5,0.1008599999999999,6,1,tossed,0.00016641704110500916,0.5343829898349378,0.06666666666666667
er,0,0,0,0,0,0,0,0,0,0,0,0,0,0,0,5,4,0.41122,2,0,er,0.00016641704110500916,0.5343829898349378,0.0
lily,1,0,0,0,0,0,0,0,0,0,0,0,0,0,0,5,5,0.24582,4,1,lily,0.00016641704110500916,0.5343829898349378,0.06666666666666667
united,0,1,1,0,0,0,0,0,0,0,0,0,0,0,0,5,5,0.4621399999999999,6,1,united,0.00016641704110500916,0.5343829898349378,0.13333333333333333
listen,0,1,0,0,0,0,0,0,0,0,0,0,0,0,0,5,5,0.35652,6,1,listen,0.00016641704110500916,0.5343829898349378,0.06666666666666667
became,0,1,0,0,0,0,0,0,0,0,0,0,0,0,0,5,5,0.06794,6,1,became,0.00016641704110500916,0.5343829898349378,0.06666666666666667
sank,0,1,0,0,0,0,0,0,0,0,0,0,0,0,0,5,5,0.07608,4,1,sank,0.00016641704110500916,0.5343829898349378,0.06666666666666667
new,0,0,1,1,0,0,0,0,0,0,0,0,0,0,0,5,5,0.13222,3,1,new,0.00016641704110500916,0.5343829898349378,0.13333333333333333
station,1,1,0,0,0,0,0,0,0,0,0,0,0,0,0,5,5,0.31708,7,1,station,0.00016641704110500916,0.5343829898349378,0.13333333333333333
hard,1,0,1,1,0,0,0,0,0,0,0,0,0,0,0,5,5,0.3757400000000001,4,1,hard,0.00016641704110500916,0.5343829898349378,0.2
thomas,1,0,0,0,0,0,0,0,0,0,0,0,0,0,0,5,4,0.10998,6,1,thomas,0.00016641704110500916,0.5343829898349378,0.06666666666666667
demanded,0,1,0,0,0,0,0,0,0,0,0,0,0,0,0,5,5,0.29568,8,1,demanded,0.00016641704110500916,0.5343829898349378,0.06666666666666667
knife,1,1,0,0,0,0,0,0,0,0,0,0,0,0,0,5,5,0.1808599999999999,5,1,knife,0.00016641704110500916,0.5343829898349378,0.13333333333333333
lethal,0,0,1,0,0,0,0,0,0,0,0,0,0,0,0,5,5,0.18112,6,1,lethal,0.00016641704110500916,0.5343829898349378,0.06666666666666667
wheeled,0,1,1,0,0,0,0,0,0,0,0,0,0,0,0,5,5,0.01556,7,1,wheeled,0.00016641704110500916,0.5343829898349378,0.13333333333333333
gate,1,1,0,0,0,0,0,0,0,0,0,0,0,0,0,5,5,0.28756,4,1,gate,0.00016641704110500916,0.5343829898349378,0.13333333333333333
military,1,0,1,0,0,0,0,0,0,0,0,0,0,0,0,5,5,0.24686,8,1,military,0.00016641704110500916,0.5343829898349378,0.13333333333333333
breast,1,1,0,0,0,0,0,0,0,0,0,0,0,0,0,5,5,0.0777599999999999,6,1,breast,0.00016641704110500916,0.5343829898349378,0.13333333333333333
soldier,1,1,0,0,0,0,0,0,0,0,0,0,0,0,0,5,5,-0.05488,7,1,soldier,0.00016641704110500916,0.5343829898349378,0.13333333333333333
somewhere,1,0,0,1,0,0,0,0,1,0,0,0,0,0,0,5,5,0.17468,9,1,somewhere,0.00016641704110500916,0.5343829898349378,0.2
terrible,0,0,1,0,0,0,0,0,0,0,0,0,0,0,0,5,5,-0.17534,8,1,terrible,0.00016641704110500916,0.5343829898349378,0.06666666666666667
easel,1,0,0,0,0,0,0,0,0,0,0,0,0,0,0,5,4,-0.0391599999999999,5,1,easel,0.00016641704110500916,0.5343829898349378,0.06666666666666667
policeman,1,0,0,0,0,0,0,0,0,0,0,0,0,0,0,5,4,-0.02986,9,1,policeman,0.00016641704110500916,0.5343829898349378,0.06666666666666667
moved,0,1,1,0,0,0,0,0,0,0,0,0,0,0,0,5,5,-0.25304,5,1,moved,0.00016641704110500916,0.5343829898349378,0.13333333333333333
shoulders,1,1,0,0,0,0,0,0,0,0,0,0,0,0,0,5,5,-0.39234,9,1,shoulders,0.00016641704110500916,0.5343829898349378,0.13333333333333333
lowby,0,0,0,0,0,0,0,0,0,0,0,0,0,0,0,5,5,0.11352,5,1,lowby,0.00016641704110500916,0.5343829898349378,0.0
sleep,1,1,0,0,0,0,0,0,0,0,0,0,0,0,0,5,5,-0.2107599999999999,5,1,sleep,0.00016641704110500916,0.5343829898349378,0.13333333333333333
aid,1,0,0,0,0,0,0,0,0,0,0,0,0,0,0,5,5,-0.08104,3,1,aid,0.00016641704110500916,0.5343829898349378,0.06666666666666667
arrived,0,1,0,0,0,0,0,0,0,0,0,0,0,0,0,5,5,-0.04822,7,1,arrived,0.00016641704110500916,0.5343829898349378,0.06666666666666667
presented,0,1,1,0,0,0,0,0,0,0,0,0,0,0,0,5,5,0.27736,9,1,presented,0.00016641704110500916,0.5343829898349378,0.13333333333333333
green,1,1,1,0,0,0,0,0,0,0,0,0,0,0,0,5,5,0.21098,5,1,green,0.00016641704110500916,0.5343829898349378,0.2
safe,1,0,1,1,0,0,0,0,0,0,0,0,0,0,0,5,4,0.5771,4,1,safe,0.00016641704110500916,0.5343829898349378,0.2
darkness,1,0,0,0,0,0,0,0,0,0,0,0,0,0,0,5,5,-0.01736,8,1,darkness,0.00016641704110500916,0.5343829898349378,0.06666666666666667
made,1,1,1,0,0,0,0,0,0,0,0,0,0,0,0,5,5,-0.07712,4,1,made,0.00016641704110500916,0.5343829898349378,0.2
raise,1,1,0,0,0,0,0,0,0,0,0,0,0,0,0,5,5,-0.0859399999999999,5,1,raise,0.00016641704110500916,0.5343829898349378,0.13333333333333333
jg,0,0,0,0,0,0,0,0,0,0,0,0,0,0,0,5,5,0.17114,2,0,jg,0.00016641704110500916,0.5343829898349378,0.0
jacqueline,0,0,0,0,0,0,0,0,0,0,0,0,0,0,0,5,5,0.5183,10,1,jacqueline,0.00016641704110500916,0.5343829898349378,0.0
comfort,1,1,0,0,0,0,0,0,0,0,0,0,0,0,0,5,5,0.1163799999999999,7,1,comfort,0.00016641704110500916,0.5343829898349378,0.13333333333333333
everybody,0,0,0,0,0,0,0,0,0,0,0,0,0,0,1,5,5,-0.01842,9,1,everybody,0.00016641704110500916,0.5343829898349378,0.06666666666666667
teeth,1,0,0,0,0,0,0,0,0,0,0,0,0,0,0,5,5,-0.01832,5,1,teeth,0.00016641704110500916,0.5343829898349378,0.06666666666666667
few,1,0,1,0,0,0,0,0,0,0,0,0,0,0,1,5,5,-0.2471799999999999,3,1,few,0.00016641704110500916,0.5343829898349378,0.2
forgotten,1,1,1,0,0,0,0,0,0,0,0,0,0,0,0,5,5,-0.37742,9,1,forgotten,0.00016641704110500916,0.5343829898349378,0.2
paper,1,1,1,0,0,0,0,0,0,0,0,0,0,0,0,5,5,-0.23368,5,1,paper,0.00016641704110500916,0.5343829898349378,0.2
things,1,0,0,0,0,0,0,0,0,0,0,0,0,0,0,5,5,0.181,6,1,things,0.00016641704110500916,0.5343829898349378,0.06666666666666667
beneath,0,0,0,1,0,0,0,0,0,0,0,0,0,0,0,5,5,-0.2618999999999999,7,1,beneath,0.00016641704110500916,0.5343829898349378,0.06666666666666667
dame,1,0,0,0,0,0,0,0,0,0,0,0,0,0,0,5,5,0.0603599999999999,4,1,dame,0.00016641704110500916,0.5343829898349378,0.06666666666666667
mask,1,1,0,0,0,0,0,0,0,0,0,0,0,0,0,5,4,0.42904,4,1,mask,0.00016641704110500916,0.5343829898349378,0.13333333333333333
palace,1,0,0,0,0,0,0,0,0,0,0,0,0,0,0,5,5,-0.21798,6,1,palace,0.00016641704110500916,0.5343829898349378,0.06666666666666667
bird,1,1,0,0,0,0,0,0,0,0,0,0,0,0,0,5,5,0.15726,4,1,bird,0.00016641704110500916,0.5343829898349378,0.13333333333333333
den,1,0,0,0,0,0,0,0,0,0,0,0,0,0,0,5,5,0.0042599999999999,3,1,den,0.00016641704110500916,0.5343829898349378,0.06666666666666667
however,0,0,0,1,0,0,1,0,0,0,0,0,0,0,0,5,5,0.18906,7,1,however,0.00016641704110500916,0.5343829898349378,0.13333333333333333
certain,0,0,1,1,0,0,0,0,1,0,0,0,0,0,0,5,5,0.06012,7,1,certain,0.00016641704110500916,0.5343829898349378,0.2
alley,1,0,0,0,0,0,0,0,0,0,0,0,0,0,0,5,5,0.0692,5,1,alley,0.00016641704110500916,0.5343829898349378,0.06666666666666667
smoking,0,1,1,0,0,0,0,0,0,0,0,0,0,0,0,5,5,-0.1106399999999999,7,1,smoking,0.00016641704110500916,0.5343829898349378,0.13333333333333333
shouted,0,1,1,0,0,0,0,0,0,0,0,0,0,0,0,5,5,0.07048,7,1,shouted,0.00016641704110500916,0.5343829898349378,0.13333333333333333
falling,0,1,1,0,0,0,0,0,0,0,0,0,0,0,0,5,5,-0.5597000000000001,7,1,falling,0.00016641704110500916,0.5343829898349378,0.13333333333333333
grave,1,0,1,1,0,0,0,0,0,0,0,0,0,0,0,5,5,-0.18856,5,1,grave,0.00016641704110500916,0.5343829898349378,0.2
arc,1,0,1,0,0,0,0,0,0,0,0,0,0,0,0,5,5,0.16808,3,1,arc,0.00016641704110500916,0.5343829898349378,0.13333333333333333
fish,1,1,0,0,0,0,0,0,0,0,0,0,0,0,0,5,5,0.36038,4,1,fish,0.00016641704110500916,0.5343829898349378,0.13333333333333333
nervous,0,0,1,0,0,0,0,0,0,0,0,0,0,0,0,5,5,-0.4471,7,1,nervous,0.00016641704110500916,0.5343829898349378,0.06666666666666667
cloud,1,1,0,0,0,0,0,0,0,0,0,0,0,0,0,5,5,0.0051199999999999,5,1,cloud,0.00016641704110500916,0.5343829898349378,0.13333333333333333
v,1,0,0,0,0,0,0,0,0,0,0,0,0,0,0,5,5,0.09286,1,1,v,0.00016641704110500916,0.5343829898349378,0.06666666666666667
indeed,0,0,0,1,0,0,0,0,0,0,0,0,0,0,0,5,5,0.0703,6,1,indeed,0.00016641704110500916,0.5343829898349378,0.06666666666666667
berk,1,0,0,0,0,0,0,0,0,0,0,0,0,0,0,5,5,0.22,4,1,berk,0.00016641704110500916,0.5343829898349378,0.06666666666666667
shell,1,1,1,0,0,0,0,0,0,0,0,0,0,0,0,5,5,-0.19148,5,1,shell,0.00016641704110500916,0.5343829898349378,0.2
marie,0,0,0,0,0,0,0,0,0,0,0,0,0,0,0,4,4,-0.07945,5,1,marie,0.00013313363288400731,0.5143212870569726,0.0
susie,0,0,0,0,0,0,0,0,0,0,0,0,0,0,0,4,3,0.38015,5,1,susie,0.00013313363288400731,0.5143212870569726,0.0
second,1,1,1,1,0,0,0,0,0,0,0,0,0,0,0,4,4,0.0,6,1,second,0.00013313363288400731,0.5143212870569726,0.26666666666666666
burst,1,1,1,0,0,0,0,0,0,0,0,0,0,0,0,4,4,0.2827,5,1,burst,0.00013313363288400731,0.5143212870569726,0.2
iii,0,0,0,0,0,0,0,0,0,0,0,0,0,0,0,4,4,0.19765,3,1,iii,0.00013313363288400731,0.5143212870569726,0.0
cousin,1,0,0,1,0,0,0,0,0,0,0,0,0,0,0,4,4,0.0,6,1,cousin,0.00013313363288400731,0.5143212870569726,0.13333333333333333
itself,0,0,0,0,0,0,0,0,0,0,0,0,0,0,1,4,4,-0.144025,6,1,itself,0.00013313363288400731,0.5143212870569726,0.06666666666666667
peared,0,0,0,0,0,0,0,0,0,0,0,0,0,0,0,4,4,-0.077225,6,1,peared,0.00013313363288400731,0.5143212870569726,0.0
nearly,0,0,0,1,0,0,0,0,0,0,0,0,0,0,0,4,4,-0.12765,6,1,nearly,0.00013313363288400731,0.5143212870569726,0.06666666666666667
spik,0,0,0,0,0,0,0,0,0,0,0,0,0,0,0,4,4,0.0,4,1,spik,0.00013313363288400731,0.5143212870569726,0.0
battalion,1,0,0,0,0,0,0,0,0,0,0,0,0,0,0,4,4,-0.131675,9,1,battalion,0.00013313363288400731,0.5143212870569726,0.06666666666666667
milk,1,1,1,0,0,0,0,0,0,0,0,0,0,0,0,4,4,0.1432749999999999,4,1,milk,0.00013313363288400731,0.5143212870569726,0.2
mon,1,0,0,0,0,0,0,0,0,0,0,0,0,0,0,4,4,-0.1101,3,1,mon,0.00013313363288400731,0.5143212870569726,0.06666666666666667
softly,0,0,0,1,0,0,0,0,0,0,0,0,0,0,0,4,4,0.35,6,1,softly,0.00013313363288400731,0.5143212870569726,0.06666666666666667
pool,1,1,0,0,0,0,0,0,0,0,0,0,0,0,0,4,4,0.06025,4,1,pool,0.00013313363288400731,0.5143212870569726,0.13333333333333333
playing,1,1,1,0,0,0,0,0,0,0,0,0,0,0,0,4,4,0.201625,7,1,playing,0.00013313363288400731,0.5143212870569726,0.2
laffat,0,0,0,0,0,0,0,0,0,0,0,0,0,0,0,4,4,0.15525,6,1,laffat,0.00013313363288400731,0.5143212870569726,0.0
flung,0,1,0,0,0,0,0,0,0,0,0,0,0,0,0,4,4,-0.0572,5,1,flung,0.00013313363288400731,0.5143212870569726,0.06666666666666667
sitting,1,1,1,0,0,0,0,0,0,0,0,0,0,0,0,4,4,-0.1963999999999999,7,1,sitting,0.00013313363288400731,0.5143212870569726,0.2
ers,0,0,0,0,0,0,0,0,0,0,0,0,0,0,0,4,4,0.1101,3,1,ers,0.00013313363288400731,0.5143212870569726,0.0
mean,1,1,1,0,0,0,0,0,0,0,0,0,0,0,0,4,4,0.0193,4,1,mean,0.00013313363288400731,0.5143212870569726,0.2
instantly,0,0,0,1,0,0,0,0,0,0,0,0,0,0,0,4,4,-0.114175,9,1,instantly,0.00013313363288400731,0.5143212870569726,0.06666666666666667
different,1,0,1,0,0,0,0,0,0,0,0,0,0,0,0,4,4,0.203025,9,1,different,0.00013313363288400731,0.5143212870569726,0.13333333333333333
hot,0,0,1,1,0,0,0,0,0,0,0,0,0,0,0,4,4,0.4438,3,1,hot,0.00013313363288400731,0.5143212870569726,0.13333333333333333
heavy,1,0,1,1,0,0,0,0,0,0,0,0,0,0,0,4,4,-0.0150749999999999,5,1,heavy,0.00013313363288400731,0.5143212870569726,0.2
thief,1,0,0,0,0,0,0,0,0,0,0,0,0,0,0,4,4,-0.505925,5,1,thief,0.00013313363288400731,0.5143212870569726,0.06666666666666667
hartman,0,0,0,0,0,0,0,0,0,0,0,0,0,0,0,4,4,-0.036375,7,1,hartman,0.00013313363288400731,0.5143212870569726,0.0
able,0,0,1,0,0,0,0,0,0,0,0,0,0,0,0,4,4,0.0442,4,1,able,0.00013313363288400731,0.5143212870569726,0.06666666666666667
tender,1,1,1,0,0,0,0,0,0,0,0,0,0,0,0,4,4,0.1264,6,1,tender,0.00013313363288400731,0.5143212870569726,0.2
barree,0,0,0,0,0,0,0,0,0,0,0,0,0,0,0,4,4,-0.064975,6,1,barree,0.00013313363288400731,0.5143212870569726,0.0
thin,1,1,1,1,0,0,0,0,0,0,0,0,0,0,0,4,4,0.0052999999999999,4,1,thin,0.00013313363288400731,0.5143212870569726,0.26666666666666666
roses,1,1,0,0,0,0,0,0,0,0,0,0,0,0,0,4,4,0.163675,5,1,roses,0.00013313363288400731,0.5143212870569726,0.13333333333333333
yourself,1,0,0,0,0,0,0,0,0,0,0,0,0,0,1,4,4,0.0,8,1,yourself,0.00013313363288400731,0.5143212870569726,0.13333333333333333
perfectly,0,0,0,1,0,0,0,0,0,0,0,0,0,0,0,4,4,0.709225,9,1,perfectly,0.00013313363288400731,0.5143212870569726,0.06666666666666667
claws,1,1,0,0,0,0,0,0,0,0,0,0,0,0,0,4,4,0.056225,5,1,claws,0.00013313363288400731,0.5143212870569726,0.13333333333333333
cane,1,1,0,0,0,0,0,0,0,0,0,0,0,0,0,4,4,0.0448499999999999,4,1,cane,0.00013313363288400731,0.5143212870569726,0.13333333333333333
windows,1,0,0,0,0,0,0,0,0,0,0,0,0,0,0,4,4,0.17965,7,1,windows,0.00013313363288400731,0.5143212870569726,0.06666666666666667
coal,1,1,0,0,0,0,0,0,0,0,0,0,0,0,0,4,4,-0.2712,4,1,coal,0.00013313363288400731,0.5143212870569726,0.13333333333333333
lighting,1,1,0,0,0,0,0,0,0,0,0,0,0,0,0,4,4,-0.21685,8,1,lighting,0.00013313363288400731,0.5143212870569726,0.13333333333333333
stick,1,1,0,0,0,0,0,0,0,0,0,0,0,0,0,4,4,-0.07955,5,1,stick,0.00013313363288400731,0.5143212870569726,0.13333333333333333
hardly,0,0,0,1,0,0,0,0,0,0,0,0,0,0,0,4,4,0.433425,6,1,hardly,0.00013313363288400731,0.5143212870569726,0.06666666666666667
pipe,1,1,0,0,0,0,0,0,0,0,0,0,0,0,0,4,4,0.119175,4,1,pipe,0.00013313363288400731,0.5143212870569726,0.13333333333333333
library,1,0,0,0,0,0,0,0,0,0,0,0,0,0,0,4,4,-0.184775,7,1,library,0.00013313363288400731,0.5143212870569726,0.06666666666666667
alive,0,0,1,0,0,0,0,0,0,0,0,0,0,0,0,4,4,0.626575,5,1,alive,0.00013313363288400731,0.5143212870569726,0.06666666666666667
gravel,1,1,1,0,0,0,0,0,0,0,0,0,0,0,0,4,4,-0.153,6,1,gravel,0.00013313363288400731,0.5143212870569726,0.2
shot,1,1,1,0,0,0,0,0,0,0,0,0,0,0,0,4,4,0.419375,4,1,shot,0.00013313363288400731,0.5143212870569726,0.2
dream,1,1,0,0,0,0,0,0,0,0,0,0,0,0,0,4,4,0.06475,5,1,dream,0.00013313363288400731,0.5143212870569726,0.13333333333333333
lovely,1,0,1,0,0,0,0,0,0,0,0,0,0,0,0,4,4,0.51535,6,1,lovely,0.00013313363288400731,0.5143212870569726,0.13333333333333333
noise,1,0,0,0,0,0,0,0,0,0,0,0,0,0,0,4,4,-0.184,5,1,noise,0.00013313363288400731,0.5143212870569726,0.06666666666666667
truth,1,0,0,0,0,0,0,0,0,0,0,0,0,0,0,4,4,0.3247,5,1,truth,0.00013313363288400731,0.5143212870569726,0.06666666666666667
cold,1,0,1,1,0,0,0,0,0,0,0,0,0,0,0,4,3,-0.1806,4,1,cold,0.00013313363288400731,0.5143212870569726,0.2
rat,1,1,0,0,0,0,0,0,0,0,0,0,0,0,0,4,4,-0.0605749999999999,3,1,rat,0.00013313363288400731,0.5143212870569726,0.13333333333333333
spray,1,1,0,0,0,0,0,0,0,0,0,0,0,0,0,4,4,0.0510249999999999,5,1,spray,0.00013313363288400731,0.5143212870569726,0.13333333333333333
covering,1,0,1,0,0,0,0,0,0,0,0,0,0,0,0,4,4,-0.373375,8,1,covering,0.00013313363288400731,0.5143212870569726,0.13333333333333333
played,0,1,1,0,0,0,0,0,0,0,0,0,0,0,0,4,4,0.3609,6,1,played,0.00013313363288400731,0.5143212870569726,0.13333333333333333
flower,1,0,0,0,0,0,0,0,0,0,0,0,0,0,0,4,4,-0.170825,6,1,flower,0.00013313363288400731,0.5143212870569726,0.06666666666666667
squadron,1,0,0,0,0,0,0,0,0,0,0,0,0,0,0,4,4,-0.0412499999999999,8,1,squadron,0.00013313363288400731,0.5143212870569726,0.06666666666666667
opening,1,0,1,0,0,0,0,0,0,0,0,0,0,0,0,4,4,-0.159175,7,1,opening,0.00013313363288400731,0.5143212870569726,0.13333333333333333
asphalt,1,1,1,0,0,0,0,0,0,0,0,0,0,0,0,4,4,0.100475,7,1,asphalt,0.00013313363288400731,0.5143212870569726,0.2
touch,1,1,0,0,0,0,0,0,0,0,0,0,0,0,0,4,4,0.257625,5,1,touch,0.00013313363288400731,0.5143212870569726,0.13333333333333333
wings,1,0,0,0,0,0,0,0,0,0,0,0,0,0,0,4,4,0.49955,5,1,wings,0.00013313363288400731,0.5143212870569726,0.06666666666666667
hour,1,0,0,0,0,0,0,0,0,0,0,0,0,0,0,4,4,0.183575,4,1,hour,0.00013313363288400731,0.5143212870569726,0.06666666666666667
footsteps,1,0,0,0,0,0,0,0,0,0,0,0,0,0,0,4,4,-0.074,9,1,footsteps,0.00013313363288400731,0.5143212870569726,0.06666666666666667
physical,1,0,1,0,0,0,0,0,0,0,0,0,0,0,0,4,4,-0.7063,8,1,physical,0.00013313363288400731,0.5143212870569726,0.13333333333333333
suffering,1,0,1,0,0,0,0,0,0,0,0,0,0,0,0,4,4,-0.594025,9,1,suffering,0.00013313363288400731,0.5143212870569726,0.13333333333333333
silken,0,0,1,0,0,0,0,0,0,0,0,0,0,0,0,4,4,-0.0441,6,1,silken,0.00013313363288400731,0.5143212870569726,0.06666666666666667
madame,1,0,0,0,0,0,0,0,0,0,0,0,0,0,0,4,3,0.089775,6,1,madame,0.00013313363288400731,0.5143212870569726,0.06666666666666667
entirely,0,0,0,1,0,0,0,0,0,0,0,0,0,0,0,4,4,-0.23815,8,1,entirely,0.00013313363288400731,0.5143212870569726,0.06666666666666667
places,1,1,0,0,0,0,0,0,0,0,0,0,0,0,0,4,4,0.227475,6,1,places,0.00013313363288400731,0.5143212870569726,0.13333333333333333
quite,1,0,0,1,0,0,0,0,0,0,0,0,0,0,0,4,4,0.0426749999999999,5,1,quite,0.00013313363288400731,0.5143212870569726,0.13333333333333333
dared,0,1,0,0,0,0,0,0,0,0,0,0,0,0,0,4,3,-0.3988,5,1,dared,0.00013313363288400731,0.5143212870569726,0.06666666666666667
forth,1,0,0,1,0,0,0,0,0,0,0,0,0,0,0,4,4,0.16815,5,1,forth,0.00013313363288400731,0.5143212870569726,0.13333333333333333
opposite,1,0,1,1,0,0,0,0,0,0,0,0,0,0,0,4,4,0.09685,8,1,opposite,0.00013313363288400731,0.5143212870569726,0.2
hildred,0,0,0,0,0,0,0,0,0,0,0,0,0,0,0,4,4,0.159225,7,1,hildred,0.00013313363288400731,0.5143212870569726,0.0
remembered,0,0,1,0,0,0,0,0,0,0,0,0,0,0,0,4,4,-0.0299,10,1,remembered,0.00013313363288400731,0.5143212870569726,0.06666666666666667
cactus,1,0,0,0,0,0,0,0,0,0,0,0,0,0,0,4,4,-0.094025,6,1,cactus,0.00013313363288400731,0.5143212870569726,0.06666666666666667
thousand,1,0,1,0,0,0,0,0,0,0,0,0,0,0,0,4,4,0.0,8,1,thousand,0.00013313363288400731,0.5143212870569726,0.13333333333333333
pelagic,0,0,1,0,0,0,0,0,0,0,0,0,0,0,0,4,4,-0.0467,7,1,pelagic,0.00013313363288400731,0.5143212870569726,0.06666666666666667
brushes,1,1,0,0,0,0,0,0,0,0,0,0,0,0,0,4,4,-0.2294,7,1,brushes,0.00013313363288400731,0.5143212870569726,0.13333333333333333
cannon,1,1,0,0,0,0,0,0,0,0,0,0,0,0,0,4,4,-0.232175,6,1,cannon,0.00013313363288400731,0.5143212870569726,0.13333333333333333
longer,1,0,1,1,0,0,0,0,0,0,0,0,0,0,0,4,4,0.07295,6,1,longer,0.00013313363288400731,0.5143212870569726,0.2
coffee,1,0,0,0,0,0,0,0,0,0,0,0,0,0,0,4,4,0.222525,6,1,coffee,0.00013313363288400731,0.5143212870569726,0.06666666666666667
parted,0,0,1,0,0,0,0,0,0,0,0,0,0,0,0,4,4,0.0399749999999999,6,1,parted,0.00013313363288400731,0.5143212870569726,0.06666666666666667
grass,1,1,0,0,0,0,0,0,0,0,0,0,0,0,0,4,4,0.139925,5,1,grass,0.00013313363288400731,0.5143212870569726,0.13333333333333333
leave,1,1,0,0,0,0,0,0,0,0,0,0,0,0,0,4,4,-0.04515,5,1,leave,0.00013313363288400731,0.5143212870569726,0.13333333333333333
plain,1,0,1,1,0,0,0,0,0,0,0,0,0,0,0,4,4,0.050875,5,1,plain,0.00013313363288400731,0.5143212870569726,0.2
shells,1,1,0,0,0,0,0,0,0,0,0,0,0,0,0,4,4,-0.21685,6,1,shells,0.00013313363288400731,0.5143212870569726,0.13333333333333333
everywhere,0,0,0,1,0,0,0,0,0,0,0,0,0,0,0,4,4,-0.26125,10,1,everywhere,0.00013313363288400731,0.5143212870569726,0.06666666666666667
liberty,1,0,0,0,0,0,0,0,0,0,0,0,0,0,0,4,4,0.153825,7,1,liberty,0.00013313363288400731,0.5143212870569726,0.06666666666666667
notice,1,1,0,0,0,0,0,0,0,0,0,0,0,0,0,4,3,-0.14305,6,1,notice,0.00013313363288400731,0.5143212870569726,0.13333333333333333
riding,1,1,1,0,0,0,0,0,0,0,0,0,0,0,0,4,4,0.155775,6,1,riding,0.00013313363288400731,0.5143212870569726,0.2
healthy,0,0,1,0,0,0,0,0,0,0,0,0,0,0,0,4,4,0.5214,7,1,healthy,0.00013313363288400731,0.5143212870569726,0.06666666666666667
train,1,1,0,0,0,0,0,0,0,0,0,0,0,0,0,4,4,0.295675,5,1,train,0.00013313363288400731,0.5143212870569726,0.13333333333333333
convent,1,0,0,0,0,0,0,0,0,0,0,0,0,0,0,4,4,0.2415,7,1,convent,0.00013313363288400731,0.5143212870569726,0.06666666666666667
ruins,1,1,0,0,0,0,0,0,0,0,0,0,0,0,0,4,4,-0.530325,5,1,ruins,0.00013313363288400731,0.5143212870569726,0.13333333333333333
fol,0,0,0,0,0,0,0,0,0,0,0,0,0,0,0,4,4,-0.187875,3,1,fol,0.00013313363288400731,0.5143212870569726,0.0
odile,0,0,0,0,0,0,0,0,0,0,0,0,0,0,0,4,4,-0.2477,5,1,odile,0.00013313363288400731,0.5143212870569726,0.0
stole,1,1,0,0,0,0,0,0,0,0,0,0,0,0,0,4,4,-0.271,5,1,stole,0.00013313363288400731,0.5143212870569726,0.13333333333333333
dis,1,0,0,0,0,0,0,0,0,0,0,0,0,0,0,4,4,0.2721,3,1,dis,0.00013313363288400731,0.5143212870569726,0.06666666666666667
pieces,1,1,0,0,0,0,0,0,0,0,0,0,0,0,0,4,4,0.215125,6,1,pieces,0.00013313363288400731,0.5143212870569726,0.13333333333333333
legs,1,0,0,0,0,0,0,0,0,0,0,0,0,0,0,4,4,-0.005025,4,1,legs,0.00013313363288400731,0.5143212870569726,0.06666666666666667
matter,1,0,0,0,0,0,0,0,0,0,0,0,0,0,0,4,4,0.2219249999999999,6,1,matter,0.00013313363288400731,0.5143212870569726,0.06666666666666667
appeared,0,1,0,0,0,0,0,0,0,0,0,0,0,0,0,4,4,0.1912249999999999,8,1,appeared,0.00013313363288400731,0.5143212870569726,0.06666666666666667
feeling,1,1,1,0,0,0,0,0,0,0,0,0,0,0,0,4,4,0.581025,7,1,feeling,0.00013313363288400731,0.5143212870569726,0.2
exactly,0,0,0,1,0,0,0,0,0,0,0,0,0,0,0,4,4,0.0985,7,1,exactly,0.00013313363288400731,0.5143212870569726,0.06666666666666667
roof,1,1,0,0,0,0,0,0,0,0,0,0,0,0,0,4,4,-0.1138999999999999,4,1,roof,0.00013313363288400731,0.5143212870569726,0.13333333333333333
stumbled,0,1,0,0,0,0,0,0,0,0,0,0,0,0,0,4,4,-0.0984249999999999,8,1,stumbled,0.00013313363288400731,0.5143212870569726,0.06666666666666667
used,0,1,1,0,0,0,0,0,0,0,0,0,0,0,0,4,4,-0.02835,4,1,used,0.00013313363288400731,0.5143212870569726,0.13333333333333333
killed,0,1,0,0,0,0,0,0,0,0,0,0,0,0,0,4,4,-0.3588,6,1,killed,0.00013313363288400731,0.5143212870569726,0.06666666666666667
wrong,1,1,1,1,0,0,0,0,0,0,0,0,0,0,0,4,4,-0.21955,5,1,wrong,0.00013313363288400731,0.5143212870569726,0.26666666666666666
iv,1,0,0,0,0,0,0,0,0,0,0,0,0,0,0,4,4,0.10265,2,1,iv,0.00013313363288400731,0.5143212870569726,0.06666666666666667
shame,1,1,0,0,0,0,0,0,0,0,0,0,0,0,0,4,4,-0.38205,5,1,shame,0.00013313363288400731,0.5143212870569726,0.13333333333333333
neither,0,0,1,1,0,0,1,0,0,0,0,0,0,0,1,4,4,0.2698,7,1,neither,0.00013313363288400731,0.5143212870569726,0.26666666666666666
lying,1,1,1,0,0,0,0,0,0,0,0,0,0,0,0,4,4,-0.278325,5,1,lying,0.00013313363288400731,0.5143212870569726,0.2
flight,1,1,0,0,0,0,0,0,0,0,0,0,0,0,0,4,4,0.09655,6,1,flight,0.00013313363288400731,0.5143212870569726,0.13333333333333333
deep,1,0,1,1,0,0,0,0,0,0,0,0,0,0,0,4,4,0.42815,4,1,deep,0.00013313363288400731,0.5143212870569726,0.2
ring,1,1,0,0,0,0,0,0,0,0,0,0,0,0,0,4,4,-0.04775,4,1,ring,0.00013313363288400731,0.5143212870569726,0.13333333333333333
hear,0,1,0,0,0,0,0,0,0,0,0,0,0,0,0,4,4,0.320925,4,1,hear,0.00013313363288400731,0.5143212870569726,0.06666666666666667
twice,0,0,0,1,0,0,0,0,0,0,0,0,0,0,0,4,4,0.16985,5,1,twice,0.00013313363288400731,0.5143212870569726,0.06666666666666667
ently,0,0,0,0,0,0,0,0,0,0,0,0,0,0,0,4,4,0.0510249999999999,5,1,ently,0.00013313363288400731,0.5143212870569726,0.0
archer,1,0,0,0,0,0,0,0,0,0,0,0,0,0,0,4,4,-0.142975,6,1,archer,0.00013313363288400731,0.5143212870569726,0.06666666666666667
gave,0,1,0,0,0,0,0,0,0,0,0,0,0,0,0,4,4,0.13085,4,1,gave,0.00013313363288400731,0.5143212870569726,0.06666666666666667
swered,0,0,0,0,0,0,0,0,0,0,0,0,0,0,0,4,4,-0.0532499999999999,6,1,swered,0.00013313363288400731,0.5143212870569726,0.0
strolled,0,1,0,0,0,0,0,0,0,0,0,0,0,0,0,4,4,0.140825,8,1,strolled,0.00013313363288400731,0.5143212870569726,0.06666666666666667
retainer,1,0,0,0,0,0,0,0,0,0,0,0,0,0,0,4,4,0.0328749999999999,8,1,retainer,0.00013313363288400731,0.5143212870569726,0.06666666666666667
ist,0,0,0,0,0,0,0,0,0,0,0,0,0,0,0,4,4,-0.097975,3,1,ist,0.00013313363288400731,0.5143212870569726,0.0
soon,0,0,0,1,0,0,0,0,0,0,0,0,0,0,0,4,4,-0.49155,4,1,soon,0.00013313363288400731,0.5143212870569726,0.06666666666666667
heaven,1,0,0,0,0,0,0,0,0,0,0,0,0,0,0,4,4,0.229775,6,1,heaven,0.00013313363288400731,0.5143212870569726,0.06666666666666667
suppose,0,1,0,0,0,0,0,0,0,0,0,0,0,0,0,4,4,-0.06675,7,1,suppose,0.00013313363288400731,0.5143212870569726,0.06666666666666667
blazed,0,1,0,0,0,0,0,0,0,0,0,0,0,0,0,4,4,0.018025,6,1,blazed,0.00013313363288400731,0.5143212870569726,0.06666666666666667
tears,1,1,0,0,0,0,0,0,0,0,0,0,0,0,0,4,4,-0.6472249999999999,5,1,tears,0.00013313363288400731,0.5143212870569726,0.13333333333333333
fifth,1,0,1,1,0,0,0,0,0,0,0,0,0,0,0,4,4,-0.081325,5,1,fifth,0.00013313363288400731,0.5143212870569726,0.2
gt,0,0,0,0,0,0,0,0,0,0,0,0,0,0,0,4,4,-0.0625,2,0,gt,0.00013313363288400731,0.5143212870569726,0.0
bitter,1,1,1,1,0,0,0,0,0,0,0,0,0,0,0,4,4,-0.4468500000000001,6,1,bitter,0.00013313363288400731,0.5143212870569726,0.26666666666666666
salute,1,1,0,0,0,0,0,0,0,0,0,0,0,0,0,4,3,0.122975,6,1,salute,0.00013313363288400731,0.5143212870569726,0.13333333333333333
art,1,0,0,0,0,0,0,0,0,0,0,0,0,0,0,4,4,0.40845,3,1,art,0.00013313363288400731,0.5143212870569726,0.06666666666666667
please,0,1,0,1,0,0,0,0,0,0,0,0,0,0,0,4,4,0.316,6,1,please,0.00013313363288400731,0.5143212870569726,0.13333333333333333
climbed,0,1,0,0,0,0,0,0,0,0,0,0,0,0,0,4,3,-0.1629749999999999,7,1,climbed,0.00013313363288400731,0.5143212870569726,0.06666666666666667
need,1,1,0,0,0,0,0,0,0,0,0,0,0,0,0,4,3,0.29295,4,1,need,0.00013313363288400731,0.5143212870569726,0.13333333333333333
fixed,0,1,1,0,0,0,0,0,0,0,0,0,0,0,0,4,4,0.239625,5,1,fixed,0.00013313363288400731,0.5143212870569726,0.13333333333333333
bending,1,1,1,0,0,0,0,0,0,0,0,0,0,0,0,4,4,0.126025,7,1,bending,0.00013313363288400731,0.5143212870569726,0.2
takes,1,1,0,0,0,0,0,0,0,0,0,0,0,0,0,4,4,0.2169749999999999,5,1,takes,0.00013313363288400731,0.5143212870569726,0.13333333333333333
gravely,0,0,0,1,0,0,0,0,0,0,0,0,0,0,0,4,4,-0.243925,7,1,gravely,0.00013313363288400731,0.5143212870569726,0.06666666666666667
fires,0,1,0,0,0,0,0,0,0,0,0,0,0,0,0,4,4,0.28705,5,1,fires,0.00013313363288400731,0.5143212870569726,0.06666666666666667
sweet,1,0,1,1,0,0,0,0,0,0,0,0,0,0,0,4,4,0.522125,5,1,sweet,0.00013313363288400731,0.5143212870569726,0.2
winds,1,1,0,0,0,0,0,0,0,0,0,0,0,0,0,4,4,0.083425,5,1,winds,0.00013313363288400731,0.5143212870569726,0.13333333333333333
knows,1,1,0,0,0,0,0,0,0,0,0,0,0,0,0,4,4,0.2644,5,1,knows,0.00013313363288400731,0.5143212870569726,0.13333333333333333
stand,1,1,0,0,0,0,0,0,0,0,0,0,0,0,0,4,4,0.0421249999999999,5,1,stand,0.00013313363288400731,0.5143212870569726,0.13333333333333333
stones,0,1,0,0,0,0,0,0,0,0,0,0,0,0,0,4,4,0.5339999999999999,6,1,stones,0.00013313363288400731,0.5143212870569726,0.06666666666666667
beef,1,0,0,0,0,0,0,0,0,0,0,0,0,0,0,4,4,-0.18045,4,1,beef,0.00013313363288400731,0.5143212870569726,0.06666666666666667
road,1,0,1,0,0,0,0,0,0,0,0,0,0,0,0,4,4,0.0903,4,1,road,0.00013313363288400731,0.5143212870569726,0.13333333333333333
friends,1,0,0,0,0,0,0,0,0,0,0,0,0,0,0,4,4,0.6843999999999999,7,1,friends,0.00013313363288400731,0.5143212870569726,0.06666666666666667
motionless,0,0,1,0,0,0,0,0,0,0,0,0,0,0,0,4,4,-0.097975,10,1,motionless,0.00013313363288400731,0.5143212870569726,0.06666666666666667
stared,0,1,0,0,0,0,0,0,0,0,0,0,0,0,0,4,4,0.0104499999999999,6,1,stared,0.00013313363288400731,0.5143212870569726,0.06666666666666667
touched,0,1,1,0,0,0,0,0,0,0,0,0,0,0,0,4,4,0.6030249999999999,7,1,touched,0.00013313363288400731,0.5143212870569726,0.13333333333333333
bayonet,1,1,0,0,0,0,0,0,0,0,0,0,0,0,0,4,4,-0.5616,7,1,bayonet,0.00013313363288400731,0.5143212870569726,0.13333333333333333
flashed,0,1,0,0,0,0,0,0,0,0,0,0,0,0,0,4,4,-0.0067999999999999,7,1,flashed,0.00013313363288400731,0.5143212870569726,0.06666666666666667
turpentine,1,0,0,0,0,0,0,0,0,0,0,0,0,0,0,4,4,0.0010749999999999,10,1,turpentine,0.00013313363288400731,0.5143212870569726,0.06666666666666667
leaned,0,1,0,0,0,0,0,0,0,0,0,0,0,0,0,4,4,0.10905,6,1,leaned,0.00013313363288400731,0.5143212870569726,0.06666666666666667
pass,1,1,1,0,0,0,0,0,0,0,0,0,0,0,0,4,4,0.270625,4,1,pass,0.00013313363288400731,0.5143212870569726,0.2
prince,1,0,0,0,0,0,0,0,0,0,0,0,0,0,0,4,4,-0.47555,6,1,prince,0.00013313363288400731,0.5143212870569726,0.06666666666666667
known,1,0,1,0,0,0,0,0,0,0,0,0,0,0,0,4,4,0.0031,5,1,known,0.00013313363288400731,0.5143212870569726,0.13333333333333333
serious,0,0,1,0,0,0,0,0,0,0,0,0,0,0,0,4,4,-0.38915,7,1,serious,0.00013313363288400731,0.5143212870569726,0.06666666666666667
rene,0,0,0,0,0,0,0,0,0,0,0,0,0,0,0,4,4,0.07085,4,1,rene,0.00013313363288400731,0.5143212870569726,0.0
rooms,1,0,0,0,0,0,0,0,0,0,0,0,0,0,0,4,4,-0.097975,5,1,rooms,0.00013313363288400731,0.5143212870569726,0.06666666666666667
murmured,0,0,0,0,0,0,0,0,0,0,0,0,0,0,0,4,4,0.0079749999999999,8,1,murmured,0.00013313363288400731,0.5143212870569726,0.0
flattered,0,0,0,0,0,0,0,0,0,0,0,0,0,0,0,4,4,0.6968,9,1,flattered,0.00013313363288400731,0.5143212870569726,0.0
stretched,0,1,1,0,0,0,0,0,0,0,0,0,0,0,0,4,4,-0.3753749999999999,9,1,stretched,0.00013313363288400731,0.5143212870569726,0.13333333333333333
states,1,1,0,0,0,0,0,0,0,0,0,0,0,0,0,4,4,0.3238,6,1,states,0.00013313363288400731,0.5143212870569726,0.13333333333333333
important,0,0,1,0,0,0,0,0,0,0,0,0,0,0,0,4,4,0.324475,9,1,important,0.00013313363288400731,0.5143212870569726,0.06666666666666667
thy,0,0,0,0,0,0,1,0,0,0,0,0,0,0,0,4,3,0.1945,3,1,thy,0.00013313363288400731,0.5143212870569726,0.06666666666666667
cursed,0,1,1,0,0,0,0,0,0,0,0,0,0,0,0,4,4,0.035925,6,1,cursed,0.00013313363288400731,0.5143212870569726,0.13333333333333333
fit,1,1,1,0,0,0,0,0,0,0,0,0,0,0,0,4,4,0.0842,3,1,fit,0.00013313363288400731,0.5143212870569726,0.2
directly,0,0,0,1,0,0,1,0,0,0,0,0,0,0,0,4,4,-0.03375,8,1,directly,0.00013313363288400731,0.5143212870569726,0.13333333333333333
simply,0,0,0,1,0,0,0,0,0,0,0,0,0,0,0,4,4,0.006825,6,1,simply,0.00013313363288400731,0.5143212870569726,0.06666666666666667
tiens,0,0,0,0,0,0,0,0,0,0,0,0,0,0,0,4,4,-0.32635,5,1,tiens,0.00013313363288400731,0.5143212870569726,0.0
fate,0,0,0,0,0,0,0,0,0,0,0,0,0,0,0,4,4,0.182825,4,1,fate,0.00013313363288400731,0.5143212870569726,0.0
m,1,0,0,0,0,0,0,0,0,0,0,0,0,0,0,4,4,0.20645,1,1,m,0.00013313363288400731,0.5143212870569726,0.06666666666666667
car,1,0,0,0,0,0,0,0,0,0,0,0,0,0,0,4,4,-0.0407499999999999,3,1,car,0.00013313363288400731,0.5143212870569726,0.06666666666666667
alec,1,0,0,0,0,0,0,0,0,0,0,0,0,0,0,4,4,-0.105375,4,1,alec,0.00013313363288400731,0.5143212870569726,0.06666666666666667
curiosity,1,0,0,0,0,0,0,0,0,0,0,0,0,0,0,4,4,-0.148575,9,1,curiosity,0.00013313363288400731,0.5143212870569726,0.06666666666666667
hyades,1,0,0,0,0,0,0,0,0,0,0,0,0,0,0,4,4,-0.075275,6,1,hyades,0.00013313363288400731,0.5143212870569726,0.06666666666666667
become,0,1,0,0,0,0,0,0,0,0,0,0,0,0,0,4,4,-0.00265,6,1,become,0.00013313363288400731,0.5143212870569726,0.06666666666666667
attention,1,0,0,0,0,0,0,0,0,0,0,0,0,0,0,4,4,0.129625,9,1,attention,0.00013313363288400731,0.5143212870569726,0.06666666666666667
ceased,0,0,0,0,0,0,0,0,0,0,0,0,0,0,0,4,4,0.173225,6,1,ceased,0.00013313363288400731,0.5143212870569726,0.0
affair,1,0,0,0,0,0,0,0,0,0,0,0,0,0,0,4,4,0.181175,6,1,affair,0.00013313363288400731,0.5143212870569726,0.06666666666666667
closing,1,1,1,0,0,0,0,0,0,0,0,0,0,0,0,4,4,-0.044725,7,1,closing,0.00013313363288400731,0.5143212870569726,0.2
colors,1,1,0,0,0,0,0,0,0,0,0,0,0,0,0,4,4,0.02055,6,1,colors,0.00013313363288400731,0.5143212870569726,0.13333333333333333
cry,1,1,0,0,0,0,0,0,0,0,0,0,0,0,0,4,4,-0.608925,3,1,cry,0.00013313363288400731,0.5143212870569726,0.13333333333333333
seine,1,1,0,0,0,0,0,0,0,0,0,0,0,0,0,4,4,-0.044475,5,1,seine,0.00013313363288400731,0.5143212870569726,0.13333333333333333
shoes,1,1,0,0,0,0,0,0,0,0,0,0,0,0,0,4,4,0.104125,5,1,shoes,0.00013313363288400731,0.5143212870569726,0.13333333333333333
apparently,0,0,0,1,0,0,0,0,0,0,0,0,0,0,0,4,4,0.278125,10,1,apparently,0.00013313363288400731,0.5143212870569726,0.06666666666666667
seems,0,1,0,0,0,0,0,0,0,0,0,0,0,0,0,4,4,0.026225,5,1,seems,0.00013313363288400731,0.5143212870569726,0.06666666666666667
many,1,0,1,0,0,0,0,0,0,0,0,0,0,0,1,4,4,0.255775,4,1,many,0.00013313363288400731,0.5143212870569726,0.2
pleasant,1,0,1,0,0,0,0,0,0,0,0,0,0,0,0,4,4,0.44525,8,1,pleasant,0.00013313363288400731,0.5143212870569726,0.13333333333333333
clasp,1,1,0,0,0,0,0,0,0,0,0,0,0,0,0,4,4,-0.0136999999999999,5,1,clasp,0.00013313363288400731,0.5143212870569726,0.13333333333333333
sounded,0,1,1,0,0,0,0,0,0,0,0,0,0,0,0,4,4,-0.064825,7,1,sounded,0.00013313363288400731,0.5143212870569726,0.13333333333333333
franc,1,0,0,0,0,0,0,0,0,0,0,0,0,0,0,4,4,0.049475,5,1,franc,0.00013313363288400731,0.5143212870569726,0.06666666666666667
raoul,0,0,0,0,0,0,0,0,0,0,0,0,0,0,0,4,4,0.183775,5,1,raoul,0.00013313363288400731,0.5143212870569726,0.0
tones,1,1,0,0,0,0,0,0,0,0,0,0,0,0,0,4,4,0.25995,5,1,tones,0.00013313363288400731,0.5143212870569726,0.13333333333333333
work,1,1,0,0,0,0,0,0,0,0,0,0,0,0,0,4,4,0.089475,4,1,work,0.00013313363288400731,0.5143212870569726,0.13333333333333333
note,1,1,0,0,0,0,0,0,0,0,0,0,0,0,0,4,4,-0.2693,4,1,note,0.00013313363288400731,0.5143212870569726,0.13333333333333333
colored,1,0,1,0,0,0,0,0,0,0,0,0,0,0,0,4,4,-0.1050499999999999,7,1,colored,0.00013313363288400731,0.5143212870569726,0.13333333333333333
sit,1,1,0,0,0,0,0,0,0,0,0,0,0,0,0,4,4,0.203725,3,1,sit,0.00013313363288400731,0.5143212870569726,0.13333333333333333
pages,1,1,0,0,0,0,0,0,0,0,0,0,0,0,0,4,4,-0.0638249999999999,5,1,pages,0.00013313363288400731,0.5143212870569726,0.13333333333333333
miss,1,1,0,0,0,0,0,0,0,0,0,0,0,0,0,4,4,0.1191249999999999,4,1,miss,0.00013313363288400731,0.5143212870569726,0.13333333333333333
falconer,1,0,0,0,0,0,0,0,0,0,0,0,0,0,0,4,4,-0.062725,8,1,falconer,0.00013313363288400731,0.5143212870569726,0.06666666666666667
secretary,1,0,0,0,0,0,0,0,0,0,0,0,0,0,0,4,4,0.14315,9,1,secretary,0.00013313363288400731,0.5143212870569726,0.06666666666666667
ships,1,1,0,0,0,0,0,0,0,0,0,0,0,0,0,4,4,0.266825,5,1,ships,0.00013313363288400731,0.5143212870569726,0.13333333333333333
nature,1,0,0,0,0,0,0,0,0,0,0,0,0,0,0,4,4,-0.129375,6,1,nature,0.00013313363288400731,0.5143212870569726,0.06666666666666667
whispered,0,0,1,0,0,0,0,0,0,0,0,0,0,0,0,4,4,-0.102875,9,1,whispered,0.00013313363288400731,0.5143212870569726,0.06666666666666667
vanished,0,1,1,0,0,0,0,0,0,0,0,0,0,0,0,4,4,-0.186725,8,1,vanished,0.00013313363288400731,0.5143212870569726,0.13333333333333333
slender,0,0,1,0,0,0,0,0,0,0,0,0,0,0,0,4,4,-0.105775,7,1,slender,0.00013313363288400731,0.5143212870569726,0.06666666666666667
splendid,0,0,1,0,0,0,0,0,0,0,0,0,0,0,0,4,4,0.46275,8,1,splendid,0.00013313363288400731,0.5143212870569726,0.06666666666666667
hawk,1,1,0,0,0,0,0,0,0,0,0,0,0,0,0,4,4,0.5761499999999999,4,1,hawk,0.00013313363288400731,0.5143212870569726,0.13333333333333333
ning,0,0,0,0,0,0,0,0,0,0,0,0,0,0,0,4,3,-0.464225,4,1,ning,0.00013313363288400731,0.5143212870569726,0.0
taste,1,1,0,0,0,0,0,0,0,0,0,0,0,0,0,4,3,-0.2361749999999999,5,1,taste,0.00013313363288400731,0.5143212870569726,0.13333333333333333
toast,1,1,0,0,0,0,0,0,0,0,0,0,0,0,0,4,4,-0.28055,5,1,toast,0.00013313363288400731,0.5143212870569726,0.13333333333333333
cause,1,1,0,0,0,0,0,0,0,0,0,0,0,0,0,4,4,0.101725,5,1,cause,0.00013313363288400731,0.5143212870569726,0.13333333333333333
mist,1,1,0,0,0,0,0,0,0,0,0,0,0,0,0,4,4,-0.0683,4,1,mist,0.00013313363288400731,0.5143212870569726,0.13333333333333333
bells,1,1,0,0,0,0,0,0,0,0,0,0,0,0,0,4,4,-0.24125,5,1,bells,0.00013313363288400731,0.5143212870569726,0.13333333333333333
expression,1,0,0,0,0,0,0,0,0,0,0,0,0,0,0,4,4,-0.054575,10,1,expression,0.00013313363288400731,0.5143212870569726,0.06666666666666667
click,1,1,0,0,0,0,0,0,0,0,0,0,0,0,0,4,4,0.119175,5,1,click,0.00013313363288400731,0.5143212870569726,0.13333333333333333
partly,0,0,0,1,0,0,0,0,0,0,0,0,0,0,0,4,3,-0.0211999999999999,6,1,partly,0.00013313363288400731,0.5143212870569726,0.06666666666666667
comes,0,1,0,0,0,0,0,0,0,0,0,0,0,0,0,3,3,-0.2027,5,1,comes,9.985022466300549e-05,0.4860001779968491,0.06666666666666667
play,1,1,1,0,0,0,0,0,0,0,0,0,0,0,0,3,3,0.3357666666666666,4,1,play,9.985022466300549e-05,0.4860001779968491,0.2
pure,0,0,1,0,0,0,0,0,0,0,0,0,0,0,0,3,3,0.0359,4,1,pure,9.985022466300549e-05,0.4860001779968491,0.06666666666666667
disease,1,0,0,0,0,0,0,0,0,0,0,0,0,0,0,3,3,0.0816333333333333,7,1,disease,9.985022466300549e-05,0.4860001779968491,0.06666666666666667
heavily,0,0,0,1,0,0,0,0,0,0,0,0,0,0,0,3,3,-0.4364666666666666,7,1,heavily,9.985022466300549e-05,0.4860001779968491,0.06666666666666667
sick,1,0,1,0,0,0,0,0,0,0,0,0,0,0,0,3,3,-0.5045333333333334,4,1,sick,9.985022466300549e-05,0.4860001779968491,0.13333333333333333
sharply,0,0,0,1,0,0,0,0,0,0,0,0,0,0,0,3,3,0.0674333333333333,7,1,sharply,9.985022466300549e-05,0.4860001779968491,0.06666666666666667
paid,0,1,1,0,0,0,0,0,0,0,0,0,0,0,0,3,3,-0.2474333333333333,4,1,paid,9.985022466300549e-05,0.4860001779968491,0.13333333333333333
chasse,1,1,0,0,0,0,0,0,0,0,0,0,0,0,0,3,3,-0.1133333333333333,6,1,chasse,9.985022466300549e-05,0.4860001779968491,0.13333333333333333
hurt,1,1,1,0,0,0,0,0,0,0,0,0,0,0,0,3,3,-0.7791333333333333,4,1,hurt,9.985022466300549e-05,0.4860001779968491,0.2
ne,0,0,0,0,0,0,1,0,0,0,0,0,0,0,0,3,3,-0.1030999999999999,2,1,ne,9.985022466300549e-05,0.4860001779968491,0.06666666666666667
miracle,1,0,0,0,0,0,0,0,0,0,0,0,0,0,0,3,3,0.6271333333333334,7,1,miracle,9.985022466300549e-05,0.4860001779968491,0.06666666666666667
dare,1,1,0,0,0,0,0,0,0,0,0,0,0,0,0,3,3,0.0,4,1,dare,9.985022466300549e-05,0.4860001779968491,0.13333333333333333
latin,1,0,1,0,0,0,0,0,0,0,0,0,0,0,0,3,2,-0.3086666666666666,5,1,latin,9.985022466300549e-05,0.4860001779968491,0.13333333333333333
early,1,0,1,1,0,0,0,0,0,0,0,0,0,0,0,3,3,0.4669666666666667,5,1,early,9.985022466300549e-05,0.4860001779968491,0.2
days,1,0,0,1,0,0,0,0,0,0,0,0,0,0,0,3,3,0.1165,4,1,days,9.985022466300549e-05,0.4860001779968491,0.13333333333333333
io,1,0,0,0,0,0,0,0,0,0,0,0,0,0,0,3,3,-0.1656333333333333,2,1,io,9.985022466300549e-05,0.4860001779968491,0.06666666666666667
spot,1,1,0,0,0,0,0,0,0,0,0,0,0,0,0,3,3,0.2850333333333333,4,1,spot,9.985022466300549e-05,0.4860001779968491,0.13333333333333333
lies,1,1,0,0,0,0,0,0,0,0,0,0,0,0,0,3,3,-0.1251666666666666,4,1,lies,9.985022466300549e-05,0.4860001779968491,0.13333333333333333
yard,1,0,0,0,0,0,0,0,0,0,0,0,0,0,0,3,3,-0.0039333333333333,4,1,yard,9.985022466300549e-05,0.4860001779968491,0.06666666666666667
burned,0,1,1,0,0,0,0,0,0,0,0,0,0,0,0,3,3,-0.0808666666666666,6,1,burned,9.985022466300549e-05,0.4860001779968491,0.13333333333333333
dieu,0,0,0,0,0,0,0,0,0,0,0,0,0,0,0,3,3,-0.0593,4,1,dieu,9.985022466300549e-05,0.4860001779968491,0.0
threshold,1,0,0,0,0,0,0,0,0,0,0,0,0,0,0,3,3,0.3125,9,1,threshold,9.985022466300549e-05,0.4860001779968491,0.06666666666666667
swear,1,1,0,0,0,0,0,0,0,0,0,0,0,0,0,3,3,0.0402333333333333,5,1,swear,9.985022466300549e-05,0.4860001779968491,0.13333333333333333
vaguer,0,0,1,0,0,0,0,0,0,0,0,0,0,0,0,3,2,0.4881333333333333,6,1,vaguer,9.985022466300549e-05,0.4860001779968491,0.06666666666666667
trout,1,0,0,0,0,0,0,0,0,0,0,0,0,0,0,3,3,0.0376999999999999,5,1,trout,9.985022466300549e-05,0.4860001779968491,0.06666666666666667
established,0,1,1,0,0,0,0,0,0,0,0,0,0,0,0,3,3,0.0615666666666666,11,1,established,9.985022466300549e-05,0.4860001779968491,0.13333333333333333
didn,0,0,0,0,0,0,0,0,0,0,0,0,0,0,0,3,3,0.0652333333333333,4,1,didn,9.985022466300549e-05,0.4860001779968491,0.0
devil,1,1,0,0,0,0,0,0,0,0,0,0,0,0,0,3,3,-0.6392333333333333,5,1,devil,9.985022466300549e-05,0.4860001779968491,0.13333333333333333
caprice,1,0,0,0,0,0,0,0,0,0,0,0,0,0,0,3,3,0.0,7,1,caprice,9.985022466300549e-05,0.4860001779968491,0.06666666666666667
press,1,1,0,0,0,0,0,0,0,0,0,0,0,0,0,3,3,0.0194,5,1,press,9.985022466300549e-05,0.4860001779968491,0.13333333333333333
alarm,1,1,0,0,0,0,0,0,0,0,0,0,0,0,0,3,3,-0.34,5,1,alarm,9.985022466300549e-05,0.4860001779968491,0.13333333333333333
reflected,0,1,1,0,0,0,0,0,0,0,0,0,0,0,0,3,3,-0.0750333333333333,9,1,reflected,9.985022466300549e-05,0.4860001779968491,0.13333333333333333
satisfied,0,1,1,0,0,0,0,0,0,0,0,0,0,0,0,3,3,0.5807,9,1,satisfied,9.985022466300549e-05,0.4860001779968491,0.13333333333333333
whiter,0,0,0,0,0,0,0,0,0,0,0,0,0,0,0,3,3,0.1204,6,1,whiter,9.985022466300549e-05,0.4860001779968491,0.0
rapidly,0,0,0,1,0,0,0,0,0,0,0,0,0,0,0,3,3,0.196,7,1,rapidly,9.985022466300549e-05,0.4860001779968491,0.06666666666666667
afterward,0,0,0,1,0,0,0,0,0,0,0,0,0,0,0,3,3,-0.3979999999999999,9,1,afterward,9.985022466300549e-05,0.4860001779968491,0.06666666666666667
calling,1,1,0,0,0,0,0,0,0,0,0,0,0,0,0,3,3,0.0383666666666666,7,1,calling,9.985022466300549e-05,0.4860001779968491,0.13333333333333333
sculptor,1,0,0,0,0,0,0,0,0,0,0,0,0,0,0,3,3,0.1998,8,1,sculptor,9.985022466300549e-05,0.4860001779968491,0.06666666666666667
cavalry,1,0,0,0,0,0,0,0,0,0,0,0,0,0,0,3,3,-0.2013666666666666,7,1,cavalry,9.985022466300549e-05,0.4860001779968491,0.06666666666666667
pocket,1,1,0,0,0,0,0,0,0,0,0,0,0,0,0,3,3,-0.0754333333333333,6,1,pocket,9.985022466300549e-05,0.4860001779968491,0.13333333333333333
presence,1,0,0,0,0,0,0,0,0,0,0,0,0,0,0,3,3,0.2732333333333333,8,1,presence,9.985022466300549e-05,0.4860001779968491,0.06666666666666667
astonished,0,0,1,0,0,0,0,0,0,0,0,0,0,0,0,3,3,0.5297,10,1,astonished,9.985022466300549e-05,0.4860001779968491,0.06666666666666667
concerning,0,1,1,0,0,0,0,0,0,0,0,0,0,0,0,3,3,0.6219,10,1,concerning,9.985022466300549e-05,0.4860001779968491,0.13333333333333333
moor,1,1,0,0,0,0,0,0,0,0,0,0,0,0,0,3,3,-0.0585333333333333,4,1,moor,9.985022466300549e-05,0.4860001779968491,0.13333333333333333
stay,1,1,0,0,0,0,0,0,0,0,0,0,0,0,0,3,3,0.4866999999999999,4,1,stay,9.985022466300549e-05,0.4860001779968491,0.13333333333333333
flapped,0,1,0,0,0,0,0,0,0,0,0,0,0,0,0,3,3,-0.1404999999999999,7,1,flapped,9.985022466300549e-05,0.4860001779968491,0.06666666666666667
risen,0,1,1,0,0,0,0,0,0,0,0,0,0,0,0,3,3,-0.3458333333333334,5,1,risen,9.985022466300549e-05,0.4860001779968491,0.13333333333333333
innocent,1,0,1,0,0,0,0,0,0,0,0,0,0,0,0,3,3,0.3299333333333333,8,1,innocent,9.985022466300549e-05,0.4860001779968491,0.13333333333333333
wished,0,1,0,0,0,0,0,0,0,0,0,0,0,0,0,3,3,-0.0345999999999999,6,1,wished,9.985022466300549e-05,0.4860001779968491,0.06666666666666667
control,1,1,0,0,0,0,0,0,0,0,0,0,0,0,0,3,3,0.0,7,1,control,9.985022466300549e-05,0.4860001779968491,0.13333333333333333
whether,0,0,0,0,0,0,1,0,0,0,0,0,0,0,0,3,3,0.1632,7,1,whether,9.985022466300549e-05,0.4860001779968491,0.06666666666666667
fitted,0,1,1,0,0,0,0,0,0,0,0,0,0,0,0,3,3,0.0,6,1,fitted,9.985022466300549e-05,0.4860001779968491,0.13333333333333333
invited,0,1,1,0,0,0,0,0,0,0,0,0,0,0,0,3,3,-0.0037999999999999,7,1,invited,9.985022466300549e-05,0.4860001779968491,0.13333333333333333
wild,1,0,1,1,0,0,0,0,0,0,0,0,0,0,0,3,3,0.1646333333333333,4,1,wild,9.985022466300549e-05,0.4860001779968491,0.2
gentle,1,1,1,0,0,0,0,0,0,0,0,0,0,0,0,3,3,0.4404,6,1,gentle,9.985022466300549e-05,0.4860001779968491,0.2
promptly,0,0,0,1,0,0,0,0,0,0,0,0,0,0,0,3,3,0.0452333333333333,8,1,promptly,9.985022466300549e-05,0.4860001779968491,0.06666666666666667
motioning,0,0,0,0,0,0,0,0,0,0,0,0,0,0,0,3,3,-0.1589,9,1,motioning,9.985022466300549e-05,0.4860001779968491,0.0
distinct,0,0,1,0,0,0,0,0,0,0,0,0,0,0,0,3,3,0.1589,8,1,distinct,9.985022466300549e-05,0.4860001779968491,0.06666666666666667
rang,0,1,0,0,0,0,0,0,0,0,0,0,0,0,0,3,3,-0.0472,4,1,rang,9.985022466300549e-05,0.4860001779968491,0.06666666666666667
angry,0,0,1,0,0,0,0,0,0,0,0,0,0,0,0,3,3,-0.6457,5,1,angry,9.985022466300549e-05,0.4860001779968491,0.06666666666666667
moors,1,1,0,0,0,0,0,0,0,0,0,0,0,0,0,3,3,-0.1929666666666666,5,1,moors,9.985022466300549e-05,0.4860001779968491,0.13333333333333333
belled,0,1,0,0,0,0,0,0,0,0,0,0,0,0,0,3,3,-0.0342333333333333,6,1,belled,9.985022466300549e-05,0.4860001779968491,0.06666666666666667
salon,1,0,0,0,0,0,0,0,0,0,0,0,0,0,0,3,3,-0.1589,5,1,salon,9.985022466300549e-05,0.4860001779968491,0.06666666666666667
es,1,0,0,0,0,0,0,0,0,0,0,0,0,0,0,3,3,0.0172,2,1,es,9.985022466300549e-05,0.4860001779968491,0.06666666666666667
twilight,1,0,1,0,0,0,0,0,0,0,0,0,0,0,0,3,3,0.0,8,1,twilight,9.985022466300549e-05,0.4860001779968491,0.13333333333333333
feathers,1,1,0,0,0,0,0,0,0,0,0,0,0,0,0,3,3,0.2108999999999999,8,1,feathers,9.985022466300549e-05,0.4860001779968491,0.13333333333333333
recover,1,1,0,0,0,0,0,0,0,0,0,0,0,0,0,3,3,0.0754333333333333,7,1,recover,9.985022466300549e-05,0.4860001779968491,0.13333333333333333
nerves,1,0,0,0,0,0,0,0,0,0,0,0,0,0,0,3,3,0.0871666666666666,6,1,nerves,9.985022466300549e-05,0.4860001779968491,0.06666666666666667
fascinated,0,1,1,0,0,0,0,0,0,0,0,0,0,0,0,3,3,0.7375666666666666,10,1,fascinated,9.985022466300549e-05,0.4860001779968491,0.13333333333333333
threw,0,1,0,0,0,0,0,0,0,0,0,0,0,0,0,3,3,0.3007333333333333,5,1,threw,9.985022466300549e-05,0.4860001779968491,0.06666666666666667
power,1,1,1,0,0,0,0,0,0,0,0,0,0,0,0,3,3,0.4347,5,1,power,9.985022466300549e-05,0.4860001779968491,0.2
crossing,1,1,1,0,0,0,0,0,0,0,0,0,0,0,0,3,3,0.2744666666666666,8,1,crossing,9.985022466300549e-05,0.4860001779968491,0.2
language,1,0,0,0,0,0,0,0,0,0,0,0,0,0,0,3,3,0.0,8,1,language,9.985022466300549e-05,0.4860001779968491,0.06666666666666667
smoke,1,1,0,0,0,0,0,0,0,0,0,0,0,0,0,3,3,-0.4896,5,1,smoke,9.985022466300549e-05,0.4860001779968491,0.13333333333333333
fie,0,0,0,0,0,0,0,0,0,0,0,0,0,0,0,3,3,-0.2948333333333333,3,1,fie,9.985022466300549e-05,0.4860001779968491,0.0
tinued,0,0,0,0,0,0,0,0,0,0,0,0,0,0,0,3,3,0.2044,6,1,tinued,9.985022466300549e-05,0.4860001779968491,0.0
glow,1,1,0,0,0,0,0,0,0,0,0,0,0,0,0,3,3,-0.2029999999999999,4,1,glow,9.985022466300549e-05,0.4860001779968491,0.13333333333333333
summer,1,1,1,1,0,0,0,0,0,0,0,0,0,0,0,3,3,-0.1736333333333333,6,1,summer,9.985022466300549e-05,0.4860001779968491,0.26666666666666666
mured,0,0,0,0,0,0,0,0,0,0,0,0,0,0,0,3,3,0.6154333333333334,5,1,mured,9.985022466300549e-05,0.4860001779968491,0.0
misty,0,0,1,0,0,0,0,0,0,0,0,0,0,0,0,3,3,0.3062,5,1,misty,9.985022466300549e-05,0.4860001779968491,0.06666666666666667
spires,1,0,0,0,0,0,0,0,0,0,0,0,0,0,0,3,3,0.2918666666666666,6,1,spires,9.985022466300549e-05,0.4860001779968491,0.06666666666666667
crossed,0,1,1,0,0,0,0,0,0,0,0,0,0,0,0,3,3,-0.0293,7,1,crossed,9.985022466300549e-05,0.4860001779968491,0.13333333333333333
alfred,1,0,0,0,0,0,0,0,0,0,0,0,0,0,0,3,2,0.0,6,1,alfred,9.985022466300549e-05,0.4860001779968491,0.06666666666666667
tinted,0,1,1,0,0,0,0,0,0,0,0,0,0,0,0,3,3,0.3307666666666666,6,1,tinted,9.985022466300549e-05,0.4860001779968491,0.13333333333333333
stranger,1,0,0,0,0,0,0,0,0,0,0,0,0,0,0,3,2,-0.0261666666666666,8,1,stranger,9.985022466300549e-05,0.4860001779968491,0.06666666666666667
ask,1,1,0,0,0,0,0,0,0,0,0,0,0,0,0,3,3,0.3036333333333333,3,1,ask,9.985022466300549e-05,0.4860001779968491,0.13333333333333333
lingered,0,0,0,0,0,0,0,0,0,0,0,0,0,0,0,3,3,0.3107,8,1,lingered,9.985022466300549e-05,0.4860001779968491,0.0
spite,0,0,0,0,0,0,0,0,0,0,0,0,0,0,0,3,3,-0.2813666666666666,5,1,spite,9.985022466300549e-05,0.4860001779968491,0.0
clock,1,1,0,0,0,0,0,0,0,0,0,0,0,0,0,3,3,0.0755666666666666,5,1,clock,9.985022466300549e-05,0.4860001779968491,0.13333333333333333
attempt,1,0,0,0,0,0,0,0,0,0,0,0,0,0,0,3,3,-0.2966999999999999,7,1,attempt,9.985022466300549e-05,0.4860001779968491,0.06666666666666667
inter,0,0,1,0,0,0,0,0,0,0,0,0,0,0,0,3,3,-0.1906333333333333,5,1,inter,9.985022466300549e-05,0.4860001779968491,0.06666666666666667
yesterday,1,0,0,1,0,0,0,0,0,0,0,0,0,0,0,3,3,0.3036333333333333,9,1,yesterday,9.985022466300549e-05,0.4860001779968491,0.13333333333333333
danger,1,0,0,0,0,0,0,0,0,0,0,0,0,0,0,3,3,-0.4344666666666666,6,1,danger,9.985022466300549e-05,0.4860001779968491,0.06666666666666667
often,0,0,1,1,0,0,0,0,0,0,0,0,0,0,0,3,3,0.0910666666666666,5,1,often,9.985022466300549e-05,0.4860001779968491,0.13333333333333333
pushing,0,1,1,1,0,0,0,0,0,0,0,0,0,0,0,3,3,0.0813,7,1,pushing,9.985022466300549e-05,0.4860001779968491,0.2
having,1,1,0,0,0,0,0,0,0,0,0,0,0,0,0,3,3,0.0407333333333333,6,1,having,9.985022466300549e-05,0.4860001779968491,0.13333333333333333
secret,1,0,1,0,0,0,0,0,0,0,0,0,0,0,0,3,3,-0.1738999999999999,6,1,secret,9.985022466300549e-05,0.4860001779968491,0.13333333333333333
germain,0,0,0,0,0,0,0,0,0,0,0,0,0,0,0,3,3,0.1198666666666666,7,1,germain,9.985022466300549e-05,0.4860001779968491,0.0
northern,1,0,1,0,0,0,0,0,0,0,0,0,0,0,0,3,2,-0.2679333333333333,8,1,northern,9.985022466300549e-05,0.4860001779968491,0.13333333333333333
examined,0,1,0,0,0,0,0,0,0,0,0,0,0,0,0,3,3,0.3840666666666667,8,1,examined,9.985022466300549e-05,0.4860001779968491,0.06666666666666667
delighted,0,1,1,0,0,0,0,0,0,0,0,0,0,0,0,3,3,0.2950666666666667,9,1,delighted,9.985022466300549e-05,0.4860001779968491,0.13333333333333333
speed,1,1,0,0,0,0,0,0,0,0,0,0,0,0,0,3,3,-0.1589,5,1,speed,9.985022466300549e-05,0.4860001779968491,0.13333333333333333
raising,1,1,1,0,0,0,0,0,0,0,0,0,0,0,0,3,3,-0.3238333333333333,7,1,raising,9.985022466300549e-05,0.4860001779968491,0.2
slightly,0,0,0,1,0,0,0,0,0,0,0,0,0,0,0,3,3,-0.1173333333333333,8,1,slightly,9.985022466300549e-05,0.4860001779968491,0.06666666666666667
lower,0,1,1,0,0,0,0,0,0,0,0,0,0,0,0,3,2,-0.4498,5,1,lower,9.985022466300549e-05,0.4860001779968491,0.13333333333333333
notre,0,0,0,0,0,0,0,0,0,0,0,0,0,0,0,3,3,0.0,5,1,notre,9.985022466300549e-05,0.4860001779968491,0.0
faltered,0,0,0,0,0,0,0,0,0,0,0,0,0,0,0,3,3,0.1404999999999999,8,1,faltered,9.985022466300549e-05,0.4860001779968491,0.0
gan,0,0,0,0,0,0,0,0,0,0,0,0,0,0,0,3,3,0.0754333333333333,3,1,gan,9.985022466300549e-05,0.4860001779968491,0.0
send,1,1,0,0,0,0,0,0,0,0,0,0,0,0,0,3,3,0.0738666666666666,4,1,send,9.985022466300549e-05,0.4860001779968491,0.13333333333333333
yours,0,0,0,0,0,0,0,0,0,0,0,0,0,0,1,3,3,0.1529333333333333,5,1,yours,9.985022466300549e-05,0.4860001779968491,0.06666666666666667
nose,1,1,0,0,0,0,0,0,0,0,0,0,0,0,0,3,2,0.0754333333333333,4,1,nose,9.985022466300549e-05,0.4860001779968491,0.13333333333333333
walls,1,1,0,0,0,0,0,0,0,0,0,0,0,0,0,3,3,-0.1339666666666666,5,1,walls,9.985022466300549e-05,0.4860001779968491,0.13333333333333333
garden,1,1,0,0,0,0,0,0,0,0,0,0,0,0,0,3,3,0.0232333333333333,6,1,garden,9.985022466300549e-05,0.4860001779968491,0.13333333333333333
repair,1,1,0,0,0,0,0,0,0,0,0,0,0,0,0,3,3,-0.3175666666666666,6,1,repair,9.985022466300549e-05,0.4860001779968491,0.13333333333333333
tween,1,0,0,0,0,0,0,0,0,0,0,0,0,0,0,3,3,0.0,5,1,tween,9.985022466300549e-05,0.4860001779968491,0.06666666666666667
shattered,0,0,1,0,0,0,0,0,0,0,0,0,0,0,0,3,3,-0.7414333333333333,9,1,shattered,9.985022466300549e-05,0.4860001779968491,0.06666666666666667
hesitated,0,1,0,0,0,0,0,0,0,0,0,0,0,0,0,3,3,-0.1367,9,1,hesitated,9.985022466300549e-05,0.4860001779968491,0.06666666666666667
fool,1,1,1,0,0,0,0,0,0,0,0,0,0,0,0,3,3,0.0862,4,1,fool,9.985022466300549e-05,0.4860001779968491,0.2
pardon,1,1,0,0,0,0,0,0,0,0,0,0,0,0,0,3,3,-0.0931666666666666,6,1,pardon,9.985022466300549e-05,0.4860001779968491,0.13333333333333333
influence,1,1,0,0,0,0,0,0,0,0,0,0,0,0,0,3,3,0.0501333333333333,9,1,influence,9.985022466300549e-05,0.4860001779968491,0.13333333333333333
ingly,0,0,0,0,0,0,0,0,0,0,0,0,0,0,0,3,3,0.022,5,1,ingly,9.985022466300549e-05,0.4860001779968491,0.0
embroidered,0,0,1,0,0,0,0,0,0,0,0,0,0,0,0,3,3,0.1529333333333333,11,1,embroidered,9.985022466300549e-05,0.4860001779968491,0.06666666666666667
living,1,1,1,0,0,0,0,0,0,0,0,0,0,0,0,3,3,0.0367333333333333,6,1,living,9.985022466300549e-05,0.4860001779968491,0.2
large,1,0,1,1,0,0,0,0,0,0,0,0,0,0,0,3,3,0.2961666666666666,5,1,large,9.985022466300549e-05,0.4860001779968491,0.2
keep,1,1,0,0,0,0,0,0,0,0,0,0,0,0,0,3,3,0.4542333333333333,4,1,keep,9.985022466300549e-05,0.4860001779968491,0.13333333333333333
crazy,1,0,1,0,0,0,0,0,0,0,0,0,0,0,0,3,3,-0.5038666666666667,5,1,crazy,9.985022466300549e-05,0.4860001779968491,0.13333333333333333
flies,1,1,0,0,0,0,0,0,0,0,0,0,0,0,0,3,3,-0.1319,5,1,flies,9.985022466300549e-05,0.4860001779968491,0.13333333333333333
begin,1,1,0,0,0,0,0,0,0,0,0,0,0,0,0,3,3,0.1953,5,1,begin,9.985022466300549e-05,0.4860001779968491,0.13333333333333333
fast,1,1,1,1,0,0,0,0,0,0,0,0,0,0,0,3,3,-0.0112333333333333,4,1,fast,9.985022466300549e-05,0.4860001779968491,0.26666666666666666
acquaintance,1,0,0,0,0,0,0,0,0,0,0,0,0,0,0,3,3,0.4429,12,1,acquaintance,9.985022466300549e-05,0.4860001779968491,0.06666666666666667
urged,0,1,0,0,0,0,0,0,0,0,0,0,0,0,0,3,3,-0.2194333333333333,5,1,urged,9.985022466300549e-05,0.4860001779968491,0.06666666666666667
laughing,1,1,1,0,0,0,0,0,0,0,0,0,0,0,0,3,3,0.1251333333333333,8,1,laughing,9.985022466300549e-05,0.4860001779968491,0.2
rage,1,1,0,0,0,0,0,0,0,0,0,0,0,0,0,3,3,-0.4248666666666666,4,1,rage,9.985022466300549e-05,0.4860001779968491,0.13333333333333333
driver,1,0,0,0,0,0,0,0,0,0,0,0,0,0,0,3,3,-0.1029666666666666,6,1,driver,9.985022466300549e-05,0.4860001779968491,0.06666666666666667
shivering,1,0,1,0,0,0,0,0,0,0,0,0,0,0,0,3,3,-0.1646333333333333,9,1,shivering,9.985022466300549e-05,0.4860001779968491,0.13333333333333333
voices,1,1,0,0,0,0,0,0,0,0,0,0,0,0,0,3,3,-0.1589666666666666,6,1,voices,9.985022466300549e-05,0.4860001779968491,0.13333333333333333
petals,1,0,0,0,0,0,0,0,0,0,0,0,0,0,0,3,3,0.0172,6,1,petals,9.985022466300549e-05,0.4860001779968491,0.06666666666666667
wide,1,0,1,1,0,0,0,0,0,0,0,0,0,0,0,3,3,0.2476666666666666,4,1,wide,9.985022466300549e-05,0.4860001779968491,0.2
knowing,1,1,1,0,0,0,0,0,0,0,0,0,0,0,0,3,3,0.2716,7,1,knowing,9.985022466300549e-05,0.4860001779968491,0.2
awoke,0,0,0,0,0,0,0,0,0,0,0,0,0,0,0,3,3,-0.2083,5,1,awoke,9.985022466300549e-05,0.4860001779968491,0.0
purse,1,1,0,0,0,0,0,0,0,0,0,0,0,0,0,3,3,0.1807666666666666,5,1,purse,9.985022466300549e-05,0.4860001779968491,0.13333333333333333
motion,1,0,0,0,0,0,0,0,0,0,0,0,0,0,0,3,3,-0.1887666666666666,6,1,motion,9.985022466300549e-05,0.4860001779968491,0.06666666666666667
drag,1,1,0,0,0,0,0,0,0,0,0,0,0,0,0,3,3,-0.1851,4,1,drag,9.985022466300549e-05,0.4860001779968491,0.13333333333333333
change,1,1,0,0,0,0,0,0,0,0,0,0,0,0,0,3,3,-0.1755666666666666,6,1,change,9.985022466300549e-05,0.4860001779968491,0.13333333333333333
barred,0,1,1,0,0,0,0,0,0,0,0,0,0,0,0,3,3,0.1094666666666666,6,1,barred,9.985022466300549e-05,0.4860001779968491,0.13333333333333333
driven,0,1,1,0,0,0,0,0,0,0,0,0,0,0,0,3,3,-0.2538333333333333,6,1,driven,9.985022466300549e-05,0.4860001779968491,0.13333333333333333
enthusiastic,0,0,1,0,0,0,0,0,0,0,0,0,0,0,0,3,3,0.6064666666666666,12,1,enthusiastic,9.985022466300549e-05,0.4860001779968491,0.06666666666666667
dreamed,0,1,1,0,0,0,0,0,0,0,0,0,0,0,0,3,3,-0.4774666666666666,7,1,dreamed,9.985022466300549e-05,0.4860001779968491,0.13333333333333333
ere,1,0,0,0,0,0,0,0,0,0,0,0,0,0,0,3,3,0.0,3,1,ere,9.985022466300549e-05,0.4860001779968491,0.06666666666666667
ot,1,0,0,0,0,0,0,0,0,0,0,0,0,0,0,3,3,0.0471666666666666,2,1,ot,9.985022466300549e-05,0.4860001779968491,0.06666666666666667
falconers,1,0,0,0,0,0,0,0,0,0,0,0,0,0,0,3,3,0.0,9,1,falconers,9.985022466300549e-05,0.4860001779968491,0.06666666666666667
selfish,0,0,1,0,0,0,0,0,0,0,0,0,0,0,0,3,3,-0.2725,7,1,selfish,9.985022466300549e-05,0.4860001779968491,0.06666666666666667
mystery,1,0,0,0,0,0,0,0,0,0,0,0,0,0,0,3,3,0.1041333333333333,7,1,mystery,9.985022466300549e-05,0.4860001779968491,0.06666666666666667
manner,1,0,0,0,0,0,0,0,0,0,0,0,0,0,0,3,3,0.6599,6,1,manner,9.985022466300549e-05,0.4860001779968491,0.06666666666666667
goes,1,1,0,0,0,0,0,0,0,0,0,0,0,0,0,3,3,0.3687,4,1,goes,9.985022466300549e-05,0.4860001779968491,0.13333333333333333
heartily,0,0,0,1,0,0,0,0,0,0,0,0,0,0,0,3,3,0.0082,8,1,heartily,9.985022466300549e-05,0.4860001779968491,0.06666666666666667
quick,1,0,1,1,0,0,0,0,0,0,0,0,0,0,0,3,3,-0.4462333333333333,5,1,quick,9.985022466300549e-05,0.4860001779968491,0.2
ice,1,1,0,0,0,0,0,0,0,0,0,0,0,0,0,3,3,0.5906666666666667,3,1,ice,9.985022466300549e-05,0.4860001779968491,0.13333333333333333
bright,1,0,1,1,0,0,0,0,0,0,0,0,0,0,0,3,3,0.5206666666666667,6,1,bright,9.985022466300549e-05,0.4860001779968491,0.2
doorway,1,0,0,0,0,0,0,0,0,0,0,0,0,0,0,3,3,0.2631,7,1,doorway,9.985022466300549e-05,0.4860001779968491,0.06666666666666667
pity,1,0,0,0,0,0,0,0,0,0,0,0,0,0,0,3,3,-0.2477666666666666,4,1,pity,9.985022466300549e-05,0.4860001779968491,0.06666666666666667
leaping,0,1,1,0,0,0,0,0,0,0,0,0,0,0,0,3,3,0.0652,7,1,leaping,9.985022466300549e-05,0.4860001779968491,0.13333333333333333
received,0,1,1,0,0,0,0,0,0,0,0,0,0,0,0,3,3,-0.1746333333333333,8,1,received,9.985022466300549e-05,0.4860001779968491,0.13333333333333333
order,1,1,0,0,0,0,0,0,0,0,0,0,0,0,0,3,3,-0.0385,5,1,order,9.985022466300549e-05,0.4860001779968491,0.13333333333333333
seal,1,1,0,0,0,0,0,0,0,0,0,0,0,0,0,3,3,0.0282,4,1,seal,9.985022466300549e-05,0.4860001779968491,0.13333333333333333
latest,1,0,1,1,0,0,0,0,0,0,0,0,0,0,0,3,3,0.4281999999999999,6,1,latest,9.985022466300549e-05,0.4860001779968491,0.2
foxhall,0,0,0,0,0,0,0,0,0,0,0,0,0,0,0,3,3,-0.3216333333333333,7,1,foxhall,9.985022466300549e-05,0.4860001779968491,0.0
falconry,1,0,0,0,0,0,0,0,0,0,0,0,0,0,0,3,3,0.2647333333333333,8,1,falconry,9.985022466300549e-05,0.4860001779968491,0.06666666666666667
kill,1,1,0,0,0,0,0,0,0,0,0,0,0,0,0,3,3,-0.7013666666666666,4,1,kill,9.985022466300549e-05,0.4860001779968491,0.13333333333333333
chatter,1,1,0,0,0,0,0,0,0,0,0,0,0,0,0,3,3,0.1814,7,1,chatter,9.985022466300549e-05,0.4860001779968491,0.13333333333333333
manuscript,1,0,0,0,0,0,0,0,0,0,0,0,0,0,0,3,3,0.0845666666666666,10,1,manuscript,9.985022466300549e-05,0.4860001779968491,0.06666666666666667
lizzie,0,0,0,0,0,0,0,0,0,0,0,0,0,0,0,3,3,0.7956666666666666,6,1,lizzie,9.985022466300549e-05,0.4860001779968491,0.0
rattled,0,1,1,0,0,0,0,0,0,0,0,0,0,0,0,3,3,0.3806,7,1,rattled,9.985022466300549e-05,0.4860001779968491,0.13333333333333333
taught,0,1,1,0,0,0,0,0,0,0,0,0,0,0,0,3,3,0.1204,6,1,taught,9.985022466300549e-05,0.4860001779968491,0.13333333333333333
bowles,0,0,0,0,0,0,0,0,0,0,0,0,0,0,0,3,3,0.1529333333333333,6,1,bowles,9.985022466300549e-05,0.4860001779968491,0.0
wrist,1,0,0,0,0,0,0,0,0,0,0,0,0,0,0,3,3,-0.0833333333333333,5,1,wrist,9.985022466300549e-05,0.4860001779968491,0.06666666666666667
courtesy,1,0,0,0,0,0,0,0,0,0,0,0,0,0,0,3,3,0.4642333333333333,8,1,courtesy,9.985022466300549e-05,0.4860001779968491,0.06666666666666667
insisted,0,1,0,0,0,0,0,0,0,0,0,0,0,0,0,3,3,0.0599999999999999,8,1,insisted,9.985022466300549e-05,0.4860001779968491,0.06666666666666667
bringing,0,1,0,0,0,0,0,0,0,0,0,0,0,0,0,3,3,-0.0773,8,1,bringing,9.985022466300549e-05,0.4860001779968491,0.06666666666666667
houses,1,1,0,0,0,0,0,0,0,0,0,0,0,0,0,3,2,-0.0910666666666666,6,1,houses,9.985022466300549e-05,0.4860001779968491,0.13333333333333333
ford,1,1,0,0,0,0,0,0,0,0,0,0,0,0,0,3,3,0.1374333333333333,4,1,ford,9.985022466300549e-05,0.4860001779968491,0.13333333333333333
aloud,0,0,0,1,0,0,0,0,0,0,0,0,0,0,0,3,3,-0.0847666666666667,5,1,aloud,9.985022466300549e-05,0.4860001779968491,0.06666666666666667
pleased,0,1,1,0,0,0,0,0,0,0,0,0,0,0,0,3,3,0.4903,7,1,pleased,9.985022466300549e-05,0.4860001779968491,0.13333333333333333
hastily,0,0,0,1,0,0,0,0,0,0,0,0,0,0,0,3,3,0.2744666666666666,7,1,hastily,9.985022466300549e-05,0.4860001779968491,0.06666666666666667
drops,1,1,0,0,0,0,0,0,0,0,0,0,0,0,0,3,3,0.3879333333333333,5,1,drops,9.985022466300549e-05,0.4860001779968491,0.13333333333333333
hill,1,1,0,0,0,0,0,0,0,0,0,0,0,0,0,3,3,-0.2612666666666667,4,1,hill,9.985022466300549e-05,0.4860001779968491,0.13333333333333333
scraped,0,1,1,0,0,0,0,0,0,0,0,0,0,0,0,3,3,0.2211999999999999,7,1,scraped,9.985022466300549e-05,0.4860001779968491,0.13333333333333333
bricks,0,0,0,0,0,0,0,0,0,0,0,0,0,0,0,3,3,-0.5234666666666666,6,1,bricks,9.985022466300549e-05,0.4860001779968491,0.0
rings,1,1,0,0,0,0,0,0,0,0,0,0,0,0,0,3,3,0.1471666666666667,5,1,rings,9.985022466300549e-05,0.4860001779968491,0.13333333333333333
beauty,1,0,0,0,0,0,0,0,0,0,0,0,0,0,0,3,3,0.6972999999999999,6,1,beauty,9.985022466300549e-05,0.4860001779968491,0.06666666666666667
flew,0,1,0,0,0,0,0,0,0,0,0,0,0,0,0,3,3,0.1817333333333333,4,1,flew,9.985022466300549e-05,0.4860001779968491,0.06666666666666667
artist,1,0,0,0,0,0,0,0,0,0,0,0,0,0,0,3,3,-0.0426999999999999,6,1,artist,9.985022466300549e-05,0.4860001779968491,0.06666666666666667
instead,0,0,0,1,0,0,0,0,0,0,0,0,0,0,0,3,3,-0.0505666666666666,7,1,instead,9.985022466300549e-05,0.4860001779968491,0.06666666666666667
pres,1,0,0,0,0,0,0,0,0,0,0,0,0,0,0,3,3,-0.0301,4,1,pres,9.985022466300549e-05,0.4860001779968491,0.06666666666666667
quickly,0,0,0,1,0,0,0,0,0,0,0,0,0,0,0,3,3,-0.1253,7,1,quickly,9.985022466300549e-05,0.4860001779968491,0.06666666666666667
chester,1,0,0,0,0,0,0,0,0,0,0,0,0,0,0,3,2,0.0,7,1,chester,9.985022466300549e-05,0.4860001779968491,0.06666666666666667
loire,1,0,0,0,0,0,0,0,0,0,0,0,0,0,0,3,3,-0.1646333333333333,5,1,loire,9.985022466300549e-05,0.4860001779968491,0.06666666666666667
pansies,1,0,0,0,0,0,0,0,0,0,0,0,0,0,0,3,3,0.0342333333333333,7,1,pansies,9.985022466300549e-05,0.4860001779968491,0.06666666666666667
thee,1,0,0,0,0,0,0,0,0,0,0,0,0,0,0,3,3,0.1468,4,1,thee,9.985022466300549e-05,0.4860001779968491,0.06666666666666667
exquisite,1,0,1,0,0,0,0,0,0,0,0,0,0,0,0,3,3,0.5519999999999999,9,1,exquisite,9.985022466300549e-05,0.4860001779968491,0.13333333333333333
calmly,0,0,0,1,0,0,0,0,0,0,0,0,0,0,0,3,3,0.4512666666666667,6,1,calmly,9.985022466300549e-05,0.4860001779968491,0.06666666666666667
april,1,0,0,0,0,0,0,0,0,0,0,0,0,0,0,3,3,-0.3891,5,1,april,9.985022466300549e-05,0.4860001779968491,0.06666666666666667
ke,0,0,0,0,0,0,0,0,0,0,0,0,0,0,0,3,3,0.0953,2,0,ke,9.985022466300549e-05,0.4860001779968491,0.0
solid,1,0,1,0,0,0,0,0,0,0,0,0,0,0,0,3,3,0.0510333333333333,5,1,solid,9.985022466300549e-05,0.4860001779968491,0.13333333333333333
pig,1,1,0,0,0,0,0,0,0,0,0,0,0,0,0,3,3,0.2908666666666666,3,1,pig,9.985022466300549e-05,0.4860001779968491,0.13333333333333333
chicken,1,0,1,0,0,0,0,0,0,0,0,0,0,0,0,3,3,0.0910666666666666,7,1,chicken,9.985022466300549e-05,0.4860001779968491,0.13333333333333333
ze,0,0,0,0,0,0,0,0,0,0,0,0,0,0,0,3,3,0.0,2,0,ze,9.985022466300549e-05,0.4860001779968491,0.0
hole,1,1,0,0,0,0,0,0,0,0,0,0,0,0,0,3,3,-0.2622333333333333,4,1,hole,9.985022466300549e-05,0.4860001779968491,0.13333333333333333
dragon,1,0,0,0,0,0,0,0,0,0,0,0,0,0,0,3,3,-0.1404999999999999,6,1,dragon,9.985022466300549e-05,0.4860001779968491,0.06666666666666667
dreams,1,1,0,0,0,0,0,0,0,0,0,0,0,0,0,3,3,0.5436333333333333,6,1,dreams,9.985022466300549e-05,0.4860001779968491,0.13333333333333333
break,1,1,0,0,0,0,0,0,0,0,0,0,0,0,0,3,3,0.1204,5,1,break,9.985022466300549e-05,0.4860001779968491,0.13333333333333333
pension,1,1,0,0,0,0,0,0,0,0,0,0,0,0,0,3,3,-0.0442333333333333,7,1,pension,9.985022466300549e-05,0.4860001779968491,0.13333333333333333
gardener,1,0,0,0,0,0,0,0,0,0,0,0,0,0,0,3,3,0.0,8,1,gardener,9.985022466300549e-05,0.4860001779968491,0.06666666666666667
shadow,1,1,0,0,0,0,0,0,0,0,0,0,0,0,0,3,3,0.0,6,1,shadow,9.985022466300549e-05,0.4860001779968491,0.13333333333333333
secure,0,1,1,0,0,0,0,0,0,0,0,0,0,0,0,3,3,0.6386333333333333,6,1,secure,9.985022466300549e-05,0.4860001779968491,0.13333333333333333
awhile,0,0,0,1,0,0,0,0,0,0,0,0,0,0,0,3,3,-0.0714666666666666,6,1,awhile,9.985022466300549e-05,0.4860001779968491,0.06666666666666667
nonsense,1,0,1,0,0,0,0,0,0,0,0,0,0,0,0,3,3,0.1549666666666666,8,1,nonsense,9.985022466300549e-05,0.4860001779968491,0.13333333333333333
vast,1,0,1,0,0,0,0,0,0,0,0,0,0,0,0,3,3,-0.0910666666666666,4,1,vast,9.985022466300549e-05,0.4860001779968491,0.13333333333333333
artillery,1,0,0,0,0,0,0,0,0,0,0,0,0,0,0,3,3,-0.0810333333333333,9,1,artillery,9.985022466300549e-05,0.4860001779968491,0.06666666666666667
wet,1,1,1,0,0,0,0,0,0,0,0,0,0,0,0,3,3,-0.2450333333333333,3,1,wet,9.985022466300549e-05,0.4860001779968491,0.2
ful,0,0,0,0,0,0,0,0,0,0,0,0,0,0,0,3,3,-0.1331666666666666,3,1,ful,9.985022466300549e-05,0.4860001779968491,0.0
drawn,0,1,1,0,0,0,0,0,0,0,0,0,0,0,0,3,3,0.3634333333333333,5,1,drawn,9.985022466300549e-05,0.4860001779968491,0.13333333333333333
island,1,0,0,0,0,0,0,0,0,0,0,0,0,0,0,3,2,0.4883999999999999,6,1,island,9.985022466300549e-05,0.4860001779968491,0.06666666666666667
hamilton,1,0,0,0,0,0,0,0,0,0,0,0,0,0,0,3,3,-0.0382999999999999,8,1,hamilton,9.985022466300549e-05,0.4860001779968491,0.06666666666666667
minutes,1,0,0,0,0,0,0,0,0,0,0,0,0,0,0,3,3,0.1674333333333333,7,1,minutes,9.985022466300549e-05,0.4860001779968491,0.06666666666666667
staff,1,1,0,0,0,0,0,0,0,0,0,0,0,0,0,3,3,0.1372666666666666,5,1,staff,9.985022466300549e-05,0.4860001779968491,0.13333333333333333
besides,0,0,0,1,0,0,0,0,0,0,0,0,0,0,0,3,3,-0.0857666666666666,7,1,besides,9.985022466300549e-05,0.4860001779968491,0.06666666666666667
statue,1,0,0,0,0,0,0,0,0,0,0,0,0,0,0,3,3,0.0907,6,1,statue,9.985022466300549e-05,0.4860001779968491,0.06666666666666667
number,1,1,0,0,0,0,0,0,0,0,0,0,0,0,0,3,3,-0.0905,6,1,number,9.985022466300549e-05,0.4860001779968491,0.13333333333333333
movement,1,0,0,0,0,0,0,0,0,0,0,0,0,0,0,3,3,0.3195,8,1,movement,9.985022466300549e-05,0.4860001779968491,0.06666666666666667
honest,0,0,1,0,0,0,0,0,0,0,0,0,0,0,0,3,3,0.7265,6,1,honest,9.985022466300549e-05,0.4860001779968491,0.06666666666666667
wheeling,1,1,1,0,0,0,0,0,0,0,0,0,0,0,0,3,3,0.3435666666666666,8,1,wheeling,9.985022466300549e-05,0.4860001779968491,0.2
breaking,1,1,1,0,0,0,0,0,0,0,0,0,0,0,0,3,3,0.0167,8,1,breaking,9.985022466300549e-05,0.4860001779968491,0.2
recognized,0,1,1,0,0,0,0,0,0,0,0,0,0,0,0,3,3,-0.2302666666666666,10,1,recognized,9.985022466300549e-05,0.4860001779968491,0.13333333333333333
francs,1,0,0,0,0,0,0,0,0,0,0,0,0,0,0,3,3,0.1422333333333333,6,1,francs,9.985022466300549e-05,0.4860001779968491,0.06666666666666667
clouds,1,1,0,0,0,0,0,0,0,0,0,0,0,0,0,3,3,-0.0915,6,1,clouds,9.985022466300549e-05,0.4860001779968491,0.13333333333333333
pressed,0,1,1,0,0,0,0,0,0,0,0,0,0,0,0,3,3,0.1679666666666666,7,1,pressed,9.985022466300549e-05,0.4860001779968491,0.13333333333333333
eye,1,1,0,0,0,0,0,0,0,0,0,0,0,0,0,3,3,-0.419,3,1,eye,9.985022466300549e-05,0.4860001779968491,0.13333333333333333
ambulance,1,0,0,0,0,0,0,0,0,0,0,0,0,0,0,3,3,-0.5192666666666667,9,1,ambulance,9.985022466300549e-05,0.4860001779968491,0.06666666666666667
est,0,0,0,0,0,0,0,0,0,0,0,0,0,0,0,3,3,0.4351666666666667,3,1,est,9.985022466300549e-05,0.4860001779968491,0.0
dozen,1,0,1,0,0,0,0,0,0,0,0,0,0,0,0,3,3,0.3930666666666667,5,1,dozen,9.985022466300549e-05,0.4860001779968491,0.13333333333333333
lunatic,1,0,1,0,0,0,0,0,0,0,0,0,0,0,0,3,3,-0.5478999999999999,7,1,lunatic,9.985022466300549e-05,0.4860001779968491,0.13333333333333333
eyed,0,1,1,0,0,0,0,0,0,0,0,0,0,0,0,3,3,0.0306333333333333,4,1,eyed,9.985022466300549e-05,0.4860001779968491,0.13333333333333333
ray,1,1,0,0,0,0,0,0,0,0,0,0,0,0,0,3,3,0.3422333333333333,3,1,ray,9.985022466300549e-05,0.4860001779968491,0.13333333333333333
crash,1,1,1,0,0,0,0,0,0,0,0,0,0,0,0,3,3,-0.5129666666666667,5,1,crash,9.985022466300549e-05,0.4860001779968491,0.2
sense,1,1,0,0,0,0,0,0,0,0,0,0,0,0,0,3,3,-0.3033333333333333,5,1,sense,9.985022466300549e-05,0.4860001779968491,0.13333333333333333
chain,1,1,0,0,0,0,0,0,0,0,0,0,0,0,0,3,3,-0.0143333333333333,5,1,chain,9.985022466300549e-05,0.4860001779968491,0.13333333333333333
lantern,1,0,0,0,0,0,0,0,0,0,0,0,0,0,0,3,3,0.1207333333333333,7,1,lantern,9.985022466300549e-05,0.4860001779968491,0.06666666666666667
guard,1,1,0,0,0,0,0,0,0,0,0,0,0,0,0,3,3,0.4391,5,1,guard,9.985022466300549e-05,0.4860001779968491,0.13333333333333333
stove,1,0,0,0,0,0,0,0,0,0,0,0,0,0,0,3,3,-0.0682333333333333,5,1,stove,9.985022466300549e-05,0.4860001779968491,0.06666666666666667
midst,1,0,0,0,0,0,0,0,0,0,0,0,0,0,0,3,3,0.0,5,1,midst,9.985022466300549e-05,0.4860001779968491,0.06666666666666667
eight,1,0,1,0,0,0,0,0,0,0,0,0,0,0,0,3,2,0.0,5,1,eight,9.985022466300549e-05,0.4860001779968491,0.13333333333333333
painted,0,1,1,0,0,0,0,0,0,0,0,0,0,0,0,3,3,0.3000333333333333,7,1,painted,9.985022466300549e-05,0.4860001779968491,0.13333333333333333
count,1,1,0,0,0,0,0,0,0,0,0,0,0,0,0,3,3,0.3029,5,1,count,9.985022466300549e-05,0.4860001779968491,0.13333333333333333
whatever,0,0,1,0,0,0,0,0,0,0,0,0,1,0,0,3,3,-0.1326333333333333,8,1,whatever,9.985022466300549e-05,0.4860001779968491,0.13333333333333333
spurs,1,1,0,0,0,0,0,0,0,0,0,0,0,0,0,3,3,0.1395666666666666,5,1,spurs,9.985022466300549e-05,0.4860001779968491,0.13333333333333333
intense,0,0,1,0,0,0,0,0,0,0,0,0,0,0,0,3,3,0.1321333333333333,7,1,intense,9.985022466300549e-05,0.4860001779968491,0.06666666666666667
controlled,0,1,1,0,0,0,0,0,0,0,0,0,0,0,0,3,3,-0.3858999999999999,10,1,controlled,9.985022466300549e-05,0.4860001779968491,0.13333333333333333
heads,0,1,0,1,0,0,0,0,0,0,0,0,0,0,0,3,3,0.0332,5,1,heads,9.985022466300549e-05,0.4860001779968491,0.13333333333333333
thigh,1,0,0,0,0,0,0,0,0,0,0,0,0,0,0,3,2,-0.2751999999999999,5,1,thigh,9.985022466300549e-05,0.4860001779968491,0.06666666666666667
crowding,1,1,0,0,0,0,0,0,0,0,0,0,0,0,0,3,3,-0.3482,8,1,crowding,9.985022466300549e-05,0.4860001779968491,0.13333333333333333
knocked,0,1,0,0,0,0,0,0,0,0,0,0,0,0,0,3,3,-0.2489666666666666,7,1,knocked,9.985022466300549e-05,0.4860001779968491,0.06666666666666667
organ,1,0,0,0,0,0,0,0,0,0,0,0,0,0,0,3,3,0.1656333333333333,5,1,organ,9.985022466300549e-05,0.4860001779968491,0.06666666666666667
swept,0,1,1,0,0,0,0,0,0,0,0,0,0,0,0,3,3,-0.0498,5,1,swept,9.985022466300549e-05,0.4860001779968491,0.13333333333333333
bottle,1,1,0,0,0,0,0,0,0,0,0,0,0,0,0,3,3,-0.0754333333333333,6,1,bottle,9.985022466300549e-05,0.4860001779968491,0.13333333333333333
got,0,1,0,0,0,0,0,0,0,0,0,0,0,0,0,3,3,-0.0115666666666666,3,1,got,9.985022466300549e-05,0.4860001779968491,0.06666666666666667
fluttered,0,0,0,0,0,0,0,0,0,0,0,0,0,0,0,3,2,-0.1463333333333333,9,1,fluttered,9.985022466300549e-05,0.4860001779968491,0.0
points,1,1,0,0,0,0,0,0,0,0,0,0,0,0,0,3,2,0.2023,6,1,points,9.985022466300549e-05,0.4860001779968491,0.13333333333333333
catholic,1,0,1,0,0,0,0,0,0,0,0,0,0,0,0,3,3,0.2123,8,1,catholic,9.985022466300549e-05,0.4860001779968491,0.13333333333333333
enter,1,1,0,0,0,0,0,0,0,0,0,0,0,0,0,3,3,0.1382,5,1,enter,9.985022466300549e-05,0.4860001779968491,0.13333333333333333
force,1,1,0,0,0,0,0,0,0,0,0,0,0,0,0,3,3,-0.2707666666666666,5,1,force,9.985022466300549e-05,0.4860001779968491,0.13333333333333333
aldebaran,1,0,0,0,0,0,0,0,0,0,0,0,0,0,0,3,3,-0.0577,9,1,aldebaran,9.985022466300549e-05,0.4860001779968491,0.06666666666666667
stars,1,1,0,0,0,0,0,0,0,0,0,0,0,0,0,3,2,0.7404333333333334,5,1,stars,9.985022466300549e-05,0.4860001779968491,0.13333333333333333
form,1,1,0,0,0,0,0,0,0,0,0,0,0,0,0,3,3,0.1204,4,1,form,9.985022466300549e-05,0.4860001779968491,0.13333333333333333
wheels,1,1,0,0,0,0,0,0,0,0,0,0,0,0,0,3,3,-0.1706,6,1,wheels,9.985022466300549e-05,0.4860001779968491,0.13333333333333333
arrange,0,1,0,0,0,0,0,0,0,0,0,0,0,0,0,3,2,0.639,7,1,arrange,9.985022466300549e-05,0.4860001779968491,0.06666666666666667
shoot,1,1,0,0,0,0,0,0,0,0,0,0,0,0,0,3,2,-0.2489333333333333,5,1,shoot,9.985022466300549e-05,0.4860001779968491,0.13333333333333333
fact,1,0,0,0,0,0,0,0,0,0,0,0,0,0,0,3,3,0.2615,4,1,fact,9.985022466300549e-05,0.4860001779968491,0.06666666666666667
march,1,1,0,0,0,0,0,0,0,0,0,0,0,0,0,3,3,0.2580666666666666,5,1,march,9.985022466300549e-05,0.4860001779968491,0.13333333333333333
fallen,1,1,1,0,0,0,0,0,0,0,0,0,0,0,0,3,3,-0.3575333333333333,6,1,fallen,9.985022466300549e-05,0.4860001779968491,0.2
armor,1,1,0,0,0,0,0,0,0,0,0,0,0,0,0,3,3,-0.3197,5,1,armor,9.985022466300549e-05,0.4860001779968491,0.13333333333333333
learn,0,1,0,0,0,0,0,0,0,0,0,0,0,0,0,3,3,0.2010333333333333,5,1,learn,9.985022466300549e-05,0.4860001779968491,0.06666666666666667
line,1,1,0,0,0,0,0,0,0,0,0,0,0,0,0,3,3,-0.0801333333333333,4,1,line,9.985022466300549e-05,0.4860001779968491,0.13333333333333333
trouble,1,1,0,0,0,0,0,0,0,0,0,0,0,0,0,3,3,-0.2538333333333333,7,1,trouble,9.985022466300549e-05,0.4860001779968491,0.13333333333333333
dearest,1,0,0,0,0,0,0,0,0,0,0,0,0,0,0,3,3,0.1050333333333333,7,1,dearest,9.985022466300549e-05,0.4860001779968491,0.06666666666666667
anything,1,0,0,1,0,0,0,0,0,0,0,0,0,0,1,3,3,0.1963666666666666,8,1,anything,9.985022466300549e-05,0.4860001779968491,0.2
permission,1,0,0,0,0,0,0,0,0,0,0,0,0,0,0,3,3,0.4178666666666666,10,1,permission,9.985022466300549e-05,0.4860001779968491,0.06666666666666667
shivered,0,0,0,0,0,0,0,0,0,0,0,0,0,0,0,3,3,-0.6662,8,1,shivered,9.985022466300549e-05,0.4860001779968491,0.0
bayonets,1,1,0,0,0,0,0,0,0,0,0,0,0,0,0,3,3,-0.2222666666666667,8,1,bayonets,9.985022466300549e-05,0.4860001779968491,0.13333333333333333
snarled,0,1,1,0,0,0,0,0,0,0,0,0,0,0,0,3,3,-0.252,7,1,snarled,9.985022466300549e-05,0.4860001779968491,0.13333333333333333
tore,1,1,0,0,0,0,0,0,0,0,0,0,0,0,0,3,3,-0.2084333333333333,4,1,tore,9.985022466300549e-05,0.4860001779968491,0.13333333333333333
holding,1,1,1,0,0,0,0,0,0,0,0,0,0,0,0,3,3,-0.1646333333333333,7,1,holding,9.985022466300549e-05,0.4860001779968491,0.2
paused,0,1,0,0,0,0,0,0,0,0,0,0,0,0,0,3,3,-0.1382,6,1,paused,9.985022466300549e-05,0.4860001779968491,0.06666666666666667
smiles,1,1,0,0,0,0,0,0,0,0,0,0,0,0,0,3,3,0.5052333333333333,6,1,smiles,9.985022466300549e-05,0.4860001779968491,0.13333333333333333
strength,1,0,0,0,0,0,0,0,0,0,0,0,0,0,0,3,3,0.0467,8,1,strength,9.985022466300549e-05,0.4860001779968491,0.06666666666666667
ahead,0,0,1,1,0,0,0,0,0,0,0,0,0,0,0,3,3,-0.0086,5,1,ahead,9.985022466300549e-05,0.4860001779968491,0.13333333333333333
corporal,1,0,1,0,0,0,0,0,0,0,0,0,0,0,0,3,2,-0.1074333333333333,8,1,corporal,9.985022466300549e-05,0.4860001779968491,0.13333333333333333
telling,1,1,1,0,0,0,0,0,0,0,0,0,0,0,0,3,3,0.5811000000000001,7,1,telling,9.985022466300549e-05,0.4860001779968491,0.2
served,0,1,0,0,0,0,0,0,0,0,0,0,0,0,0,3,3,-0.3556333333333333,6,1,served,9.985022466300549e-05,0.4860001779968491,0.06666666666666667
cheerful,0,0,1,0,0,0,0,0,0,0,0,0,0,0,0,3,3,0.4622333333333333,8,1,cheerful,9.985022466300549e-05,0.4860001779968491,0.06666666666666667
dener,0,0,0,0,0,0,0,0,0,0,0,0,0,0,0,3,3,0.0888666666666666,5,1,dener,9.985022466300549e-05,0.4860001779968491,0.0
troubled,0,1,1,0,0,0,0,0,0,0,0,0,0,0,0,3,3,0.3998,8,1,troubled,9.985022466300549e-05,0.4860001779968491,0.13333333333333333
startled,0,1,1,0,0,0,0,0,0,0,0,0,0,0,0,3,3,-0.0003999999999999,8,1,startled,9.985022466300549e-05,0.4860001779968491,0.13333333333333333
wanted,0,1,1,0,0,0,0,0,0,0,0,0,0,0,0,3,3,0.2850333333333333,6,1,wanted,9.985022466300549e-05,0.4860001779968491,0.13333333333333333
refused,0,1,0,0,0,0,0,0,0,0,0,0,0,0,0,3,3,0.0258666666666666,7,1,refused,9.985022466300549e-05,0.4860001779968491,0.06666666666666667
politely,0,0,0,1,0,0,0,0,0,0,0,0,0,0,0,3,3,0.1213,8,1,politely,9.985022466300549e-05,0.4860001779968491,0.06666666666666667
headed,0,1,1,0,0,0,0,0,0,0,0,0,0,0,0,3,3,0.1755666666666666,6,1,headed,9.985022466300549e-05,0.4860001779968491,0.13333333333333333
lines,1,1,0,0,0,0,0,0,0,0,0,0,0,0,0,3,3,0.1755666666666666,5,1,lines,9.985022466300549e-05,0.4860001779968491,0.13333333333333333
murmuring,0,0,1,0,0,0,0,0,0,0,0,0,0,0,0,3,3,0.1001333333333333,9,1,murmuring,9.985022466300549e-05,0.4860001779968491,0.06666666666666667
fortifications,1,0,0,0,0,0,0,0,0,0,0,0,0,0,0,3,3,-0.1404999999999999,14,1,fortifications,9.985022466300549e-05,0.4860001779968491,0.06666666666666667
doing,1,1,0,0,0,0,0,0,0,0,0,0,0,0,0,3,3,0.1807666666666666,5,1,doing,9.985022466300549e-05,0.4860001779968491,0.13333333333333333
growled,0,0,0,0,0,0,0,0,0,0,0,0,0,0,0,3,3,0.0824666666666666,7,1,growled,9.985022466300549e-05,0.4860001779968491,0.0
listening,1,0,1,0,0,0,0,0,0,0,0,0,0,0,0,3,3,0.1147666666666667,9,1,listening,9.985022466300549e-05,0.4860001779968491,0.13333333333333333
caressed,0,1,0,0,0,0,0,0,0,0,0,0,0,0,0,3,3,-0.1816666666666666,8,1,caressed,9.985022466300549e-05,0.4860001779968491,0.06666666666666667
fantastic,0,0,1,0,0,0,0,0,0,0,0,0,0,0,0,3,3,0.4861,9,1,fantastic,9.985022466300549e-05,0.4860001779968491,0.06666666666666667
trust,1,1,0,0,0,0,0,0,0,0,0,0,0,0,0,3,3,0.5106,5,1,trust,9.985022466300549e-05,0.4860001779968491,0.13333333333333333
stroll,1,1,0,0,0,0,0,0,0,0,0,0,0,0,0,3,3,0.1060666666666666,6,1,stroll,9.985022466300549e-05,0.4860001779968491,0.13333333333333333
joseph,1,0,0,0,0,0,0,0,0,0,0,0,0,0,0,3,2,-0.0445,6,1,joseph,9.985022466300549e-05,0.4860001779968491,0.06666666666666667
ex,1,0,0,0,0,0,0,0,0,0,0,0,0,0,0,3,3,-0.0317333333333333,2,1,ex,9.985022466300549e-05,0.4860001779968491,0.06666666666666667
company,1,1,0,0,0,0,0,0,0,0,0,0,0,0,0,3,3,0.4141333333333333,7,1,company,9.985022466300549e-05,0.4860001779968491,0.13333333333333333
ancient,1,0,1,0,0,0,0,0,0,0,0,0,0,0,0,3,3,-0.3451333333333333,7,1,ancient,9.985022466300549e-05,0.4860001779968491,0.13333333333333333
track,1,1,0,0,0,0,0,0,0,0,0,0,0,0,0,3,3,-0.0986666666666666,5,1,track,9.985022466300549e-05,0.4860001779968491,0.13333333333333333
whip,1,1,0,0,0,0,0,0,0,0,0,0,0,0,0,3,3,-0.1029666666666666,4,1,whip,9.985022466300549e-05,0.4860001779968491,0.13333333333333333
washed,0,1,1,0,0,0,0,0,0,0,0,0,0,0,0,3,3,0.0898666666666666,6,1,washed,9.985022466300549e-05,0.4860001779968491,0.13333333333333333
gaily,0,0,0,1,0,0,0,0,0,0,0,0,0,0,0,3,3,0.1024666666666666,5,1,gaily,9.985022466300549e-05,0.4860001779968491,0.06666666666666667
forced,0,1,1,0,0,0,0,0,0,0,0,0,0,0,0,3,3,-0.0216666666666666,6,1,forced,9.985022466300549e-05,0.4860001779968491,0.13333333333333333
dying,0,1,1,0,0,0,0,0,0,0,0,0,0,0,0,3,3,-0.1954,5,1,dying,9.985022466300549e-05,0.4860001779968491,0.13333333333333333
insane,0,0,1,0,0,0,0,0,0,0,0,0,0,0,0,3,3,-0.6321666666666667,6,1,insane,9.985022466300549e-05,0.4860001779968491,0.06666666666666667
towers,1,0,0,0,0,0,0,0,0,0,0,0,0,0,0,3,3,-0.0528333333333333,6,1,towers,9.985022466300549e-05,0.4860001779968491,0.06666666666666667
polished,0,1,1,0,0,0,0,0,0,0,0,0,0,0,0,3,3,0.264,8,1,polished,9.985022466300549e-05,0.4860001779968491,0.13333333333333333
incapable,1,0,1,0,0,0,0,0,0,0,0,0,0,0,0,3,2,-0.4578333333333333,9,1,incapable,9.985022466300549e-05,0.4860001779968491,0.13333333333333333
ated,0,1,0,0,0,0,0,0,0,0,0,0,0,0,0,3,3,-0.3452,4,1,ated,9.985022466300549e-05,0.4860001779968491,0.06666666666666667
strange,0,0,1,1,0,0,0,0,0,0,0,0,0,0,0,3,3,-0.0596666666666666,7,1,strange,9.985022466300549e-05,0.4860001779968491,0.13333333333333333
seeing,0,1,1,0,0,0,0,0,0,0,0,0,0,0,0,3,3,0.4178666666666666,6,1,seeing,9.985022466300549e-05,0.4860001779968491,0.13333333333333333
months,1,0,0,0,0,0,0,0,0,0,0,0,0,0,0,3,3,0.0418333333333333,6,1,months,9.985022466300549e-05,0.4860001779968491,0.06666666666666667
pipes,1,1,0,0,0,0,0,0,0,0,0,0,0,0,0,3,3,-0.03,5,1,pipes,9.985022466300549e-05,0.4860001779968491,0.13333333333333333
step,1,1,0,0,0,0,0,0,0,0,0,0,0,0,0,3,3,-0.4317,4,1,step,9.985022466300549e-05,0.4860001779968491,0.13333333333333333
dog,1,0,0,0,0,0,0,0,0,0,0,0,0,0,0,3,3,-0.1684666666666666,3,1,dog,9.985022466300549e-05,0.4860001779968491,0.06666666666666667
gloved,0,0,1,0,0,0,0,0,0,0,0,0,0,0,0,3,3,0.3863666666666667,6,1,gloved,9.985022466300549e-05,0.4860001779968491,0.06666666666666667
byram,0,0,0,0,0,0,0,0,0,0,0,0,0,0,0,3,3,0.3741,5,1,byram,9.985022466300549e-05,0.4860001779968491,0.0
cassilda,0,0,0,0,0,0,0,0,0,0,0,0,0,0,0,3,2,-0.4550666666666667,8,1,cassilda,9.985022466300549e-05,0.4860001779968491,0.0
battle,1,1,0,0,0,0,0,0,0,0,0,0,0,0,0,3,3,0.0984999999999999,6,1,battle,9.985022466300549e-05,0.4860001779968491,0.13333333333333333
hurled,0,1,0,0,0,0,0,0,0,0,0,0,0,0,0,3,3,-0.1958333333333333,6,1,hurled,9.985022466300549e-05,0.4860001779968491,0.06666666666666667
week,1,0,0,1,0,0,0,0,0,0,0,0,0,0,0,3,3,0.1755666666666666,4,1,week,9.985022466300549e-05,0.4860001779968491,0.13333333333333333
boat,1,1,0,0,0,0,0,0,0,0,0,0,0,0,0,3,3,-0.1272666666666666,4,1,boat,9.985022466300549e-05,0.4860001779968491,0.13333333333333333
seated,0,1,1,0,0,0,0,0,0,0,0,0,0,0,0,3,3,0.4658,6,1,seated,9.985022466300549e-05,0.4860001779968491,0.13333333333333333
pink,1,1,1,0,0,0,0,0,0,0,0,0,0,0,0,3,3,-0.1998,4,1,pink,9.985022466300549e-05,0.4860001779968491,0.2
freezing,0,1,1,0,0,0,0,0,0,0,0,0,0,0,0,3,3,-0.1098666666666666,8,1,freezing,9.985022466300549e-05,0.4860001779968491,0.13333333333333333
ranks,1,1,0,0,0,0,0,0,0,0,0,0,0,0,0,3,3,-0.1339666666666666,5,1,ranks,9.985022466300549e-05,0.4860001779968491,0.13333333333333333
slush,1,0,0,0,0,0,0,0,0,0,0,0,0,0,0,3,3,-0.2608999999999999,5,1,slush,9.985022466300549e-05,0.4860001779968491,0.06666666666666667
y,1,0,0,0,0,0,0,0,0,0,0,0,0,0,0,3,3,-0.1998,1,1,y,9.985022466300549e-05,0.4860001779968491,0.06666666666666667
feverish,0,0,1,0,0,0,0,0,0,0,0,0,0,0,0,3,3,-0.4420333333333333,8,1,feverish,9.985022466300549e-05,0.4860001779968491,0.06666666666666667
imagine,0,1,0,0,0,0,0,0,0,0,0,0,0,0,0,3,3,-0.1497333333333333,7,1,imagine,9.985022466300549e-05,0.4860001779968491,0.06666666666666667
catching,1,1,1,0,0,0,0,0,0,0,0,0,0,0,0,3,3,-0.1542333333333333,8,1,catching,9.985022466300549e-05,0.4860001779968491,0.2
questions,1,1,0,0,0,0,0,0,0,0,0,0,0,0,0,3,3,0.1060666666666666,9,1,questions,9.985022466300549e-05,0.4860001779968491,0.13333333333333333
hercules,1,0,0,0,0,0,0,0,0,0,0,0,0,0,0,3,3,0.0491,8,1,hercules,9.985022466300549e-05,0.4860001779968491,0.06666666666666667
cigarette,1,0,0,0,0,0,0,0,0,0,0,0,0,0,0,3,3,0.0186666666666666,9,1,cigarette,9.985022466300549e-05,0.4860001779968491,0.06666666666666667
scented,0,1,1,0,0,0,0,0,0,0,0,0,0,0,0,3,3,0.4498666666666667,7,1,scented,9.985022466300549e-05,0.4860001779968491,0.13333333333333333
inside,1,0,1,1,0,0,0,0,0,0,0,0,0,0,0,3,3,0.4185,6,1,inside,9.985022466300549e-05,0.4860001779968491,0.2
government,1,0,0,0,0,0,0,0,0,0,0,0,0,0,0,3,3,0.0494333333333333,10,1,government,9.985022466300549e-05,0.4860001779968491,0.06666666666666667
picture,1,1,0,0,0,0,0,0,0,0,0,0,0,0,0,3,3,0.2752,7,1,picture,9.985022466300549e-05,0.4860001779968491,0.13333333333333333
forest,1,0,0,0,0,0,0,0,0,0,0,0,0,0,0,3,3,0.0481333333333333,6,1,forest,9.985022466300549e-05,0.4860001779968491,0.06666666666666667
gay,1,0,1,0,0,0,0,0,0,0,0,0,0,0,0,3,2,-0.1508666666666666,3,1,gay,9.985022466300549e-05,0.4860001779968491,0.13333333333333333
mechanically,0,0,0,1,0,0,0,0,0,0,0,0,0,0,0,3,3,-0.0840333333333333,12,1,mechanically,9.985022466300549e-05,0.4860001779968491,0.06666666666666667
railing,1,1,0,0,0,0,0,0,0,0,0,0,0,0,0,3,3,-0.0910666666666666,7,1,railing,9.985022466300549e-05,0.4860001779968491,0.13333333333333333
staring,0,1,1,1,0,0,0,0,0,0,0,0,0,0,0,3,3,-0.2473,7,1,staring,9.985022466300549e-05,0.4860001779968491,0.2
heels,1,1,0,0,0,0,0,0,0,0,0,0,0,0,0,3,3,-0.1589,5,1,heels,9.985022466300549e-05,0.4860001779968491,0.13333333333333333
group,1,1,1,0,0,0,0,0,0,0,0,0,0,0,0,3,3,0.0851666666666666,5,1,group,9.985022466300549e-05,0.4860001779968491,0.2
whirled,0,1,0,0,0,0,0,0,0,0,0,0,0,0,0,3,3,-0.0200999999999999,7,1,whirled,9.985022466300549e-05,0.4860001779968491,0.06666666666666667
churchyard,1,0,0,0,0,0,0,0,0,0,0,0,0,0,0,3,3,0.151,10,1,churchyard,9.985022466300549e-05,0.4860001779968491,0.06666666666666667
arrested,0,0,1,0,0,0,0,0,0,0,0,0,0,0,0,3,3,-0.5795666666666667,8,1,arrested,9.985022466300549e-05,0.4860001779968491,0.06666666666666667
empty,1,1,1,0,0,0,0,0,0,0,0,0,0,0,0,3,3,-0.0105999999999999,5,1,empty,9.985022466300549e-05,0.4860001779968491,0.2
nodded,0,1,0,0,0,0,0,0,0,0,0,0,0,0,0,3,3,0.0439333333333333,6,1,nodded,9.985022466300549e-05,0.4860001779968491,0.06666666666666667
manded,0,0,0,0,0,0,0,0,0,0,0,0,0,0,0,3,3,0.1646333333333333,6,1,manded,9.985022466300549e-05,0.4860001779968491,0.0
refuse,0,1,0,0,0,0,0,0,0,0,0,0,0,0,0,3,3,-0.6479,6,1,refuse,9.985022466300549e-05,0.4860001779968491,0.06666666666666667
story,1,0,0,0,0,0,0,0,0,0,0,0,0,0,0,3,2,-0.1611333333333333,5,1,story,9.985022466300549e-05,0.4860001779968491,0.06666666666666667
gutter,1,1,0,0,0,0,0,0,0,0,0,0,0,0,0,3,3,0.1407666666666666,6,1,gutter,9.985022466300549e-05,0.4860001779968491,0.13333333333333333
tower,1,0,0,0,0,0,0,0,0,0,0,0,0,0,0,3,3,0.0755666666666666,5,1,tower,9.985022466300549e-05,0.4860001779968491,0.06666666666666667
circled,0,1,0,0,0,0,0,0,0,0,0,0,0,0,0,3,3,-0.1852666666666667,7,1,circled,9.985022466300549e-05,0.4860001779968491,0.06666666666666667
pigeons,1,0,0,0,0,0,0,0,0,0,0,0,0,0,0,3,3,0.0718,7,1,pigeons,9.985022466300549e-05,0.4860001779968491,0.06666666666666667
foliage,0,0,0,0,0,0,0,0,0,0,0,0,0,0,0,3,3,0.2378666666666666,7,1,foliage,9.985022466300549e-05,0.4860001779968491,0.0
sculptured,0,0,1,0,0,0,0,0,0,0,0,0,0,0,0,3,3,0.0266999999999999,10,1,sculptured,9.985022466300549e-05,0.4860001779968491,0.06666666666666667
slept,0,1,0,0,0,0,0,0,0,0,0,0,0,0,0,3,2,-0.5144666666666667,5,1,slept,9.985022466300549e-05,0.4860001779968491,0.06666666666666667
fill,1,1,0,0,0,0,0,0,0,0,0,0,0,0,0,3,3,-0.2365333333333333,4,1,fill,9.985022466300549e-05,0.4860001779968491,0.13333333333333333
beginning,1,1,1,0,0,0,0,0,0,0,0,0,0,0,0,3,3,0.1901,9,1,beginning,9.985022466300549e-05,0.4860001779968491,0.2
sea,1,0,1,0,0,0,0,0,0,0,0,0,0,0,0,3,3,0.1906333333333333,3,1,sea,9.985022466300549e-05,0.4860001779968491,0.13333333333333333
sill,1,0,0,0,0,0,0,0,0,0,0,0,0,0,0,3,3,-0.3759,4,1,sill,9.985022466300549e-05,0.4860001779968491,0.06666666666666667
gentlemen,1,0,0,0,0,0,0,0,0,0,0,0,0,0,0,3,3,0.1915,9,1,gentlemen,9.985022466300549e-05,0.4860001779968491,0.06666666666666667
hold,1,1,0,0,0,0,0,0,0,0,0,0,0,0,0,3,3,0.2919333333333333,4,1,hold,9.985022466300549e-05,0.4860001779968491,0.13333333333333333
possibly,0,0,0,1,0,0,0,0,0,0,0,0,0,0,0,3,3,0.1702,8,1,possibly,9.985022466300549e-05,0.4860001779968491,0.06666666666666667
fancy,1,1,1,0,0,0,0,0,0,0,0,0,0,0,0,3,3,0.5104000000000001,5,1,fancy,9.985022466300549e-05,0.4860001779968491,0.2
frozen,0,1,1,0,0,0,0,0,0,0,0,0,0,0,0,3,3,-0.1589,6,1,frozen,9.985022466300549e-05,0.4860001779968491,0.13333333333333333
keeping,1,1,0,0,0,0,0,0,0,0,0,0,0,0,0,3,3,0.1725333333333333,7,1,keeping,9.985022466300549e-05,0.4860001779968491,0.13333333333333333
reply,1,0,0,0,0,0,0,0,0,0,0,0,0,0,0,3,3,0.5736,5,1,reply,9.985022466300549e-05,0.4860001779968491,0.06666666666666667
struggle,1,1,0,0,0,0,0,0,0,0,0,0,0,0,0,3,3,-0.6821333333333334,8,1,struggle,9.985022466300549e-05,0.4860001779968491,0.13333333333333333
france,1,0,0,0,0,0,0,0,0,0,0,0,0,0,0,3,3,-0.0068666666666666,6,1,france,9.985022466300549e-05,0.4860001779968491,0.06666666666666667
faithful,1,0,1,0,0,0,0,0,0,0,0,0,0,0,0,3,3,0.2291333333333333,8,1,faithful,9.985022466300549e-05,0.4860001779968491,0.13333333333333333
bridges,1,1,0,0,0,0,0,0,0,0,0,0,0,0,0,3,3,0.1060666666666666,7,1,bridges,9.985022466300549e-05,0.4860001779968491,0.13333333333333333
greave,1,0,0,0,0,0,0,0,0,0,0,0,0,0,0,3,3,0.1134,6,1,greave,9.985022466300549e-05,0.4860001779968491,0.06666666666666667
rush,1,1,1,0,0,0,0,0,0,0,0,0,0,0,0,2,2,0.07535,4,1,rush,6.656681644200366e-05,0.44123008568346517,0.2
tary,0,0,0,0,0,0,0,0,0,0,0,0,0,0,0,2,2,0.48895,4,1,tary,6.656681644200366e-05,0.44123008568346517,0.0
cover,1,1,0,0,0,0,0,0,0,0,0,0,0,0,0,2,2,0.3784,5,1,cover,6.656681644200366e-05,0.44123008568346517,0.13333333333333333
lamps,1,0,0,0,0,0,0,0,0,0,0,0,0,0,0,2,2,0.1698499999999999,5,1,lamps,6.656681644200366e-05,0.44123008568346517,0.06666666666666667
formed,0,1,1,0,0,0,0,0,0,0,0,0,0,0,0,2,2,0.1252,6,1,formed,6.656681644200366e-05,0.44123008568346517,0.13333333333333333
impatience,1,0,0,0,0,0,0,0,0,0,0,0,0,0,0,2,2,-0.7614000000000001,10,1,impatience,6.656681644200366e-05,0.44123008568346517,0.06666666666666667
breathing,1,1,1,0,0,0,0,0,0,0,0,0,0,0,0,2,2,-0.15445,9,1,breathing,6.656681644200366e-05,0.44123008568346517,0.2
longed,0,0,0,0,0,0,0,0,0,0,0,0,0,0,0,2,2,-0.17,6,1,longed,6.656681644200366e-05,0.44123008568346517,0.0
jj,0,0,0,0,0,0,0,0,0,0,0,0,0,0,0,2,2,0.601,2,0,jj,6.656681644200366e-05,0.44123008568346517,0.0
longing,1,0,1,0,0,0,0,0,0,0,0,0,0,0,0,2,2,0.08825,7,1,longing,6.656681644200366e-05,0.44123008568346517,0.13333333333333333
panes,1,0,0,0,0,0,0,0,0,0,0,0,0,0,0,2,2,-0.23835,5,1,panes,6.656681644200366e-05,0.44123008568346517,0.06666666666666667
wake,1,1,0,0,0,0,0,0,0,0,0,0,0,0,0,2,2,0.24695,4,1,wake,6.656681644200366e-05,0.44123008568346517,0.13333333333333333
handkerchief,1,0,0,0,0,0,0,0,0,0,0,0,0,0,0,2,2,-0.0386,12,1,handkerchief,6.656681644200366e-05,0.44123008568346517,0.06666666666666667
ite,0,0,0,0,0,0,0,0,0,0,0,0,0,0,0,2,2,0.0,3,1,ite,6.656681644200366e-05,0.44123008568346517,0.0
gg,1,0,0,0,0,0,0,0,0,0,0,0,0,0,0,2,2,0.35875,2,1,gg,6.656681644200366e-05,0.44123008568346517,0.06666666666666667
chisel,1,1,0,0,0,0,0,0,0,0,0,0,0,0,0,2,2,-0.20095,6,1,chisel,6.656681644200366e-05,0.44123008568346517,0.13333333333333333
point,1,1,0,0,0,0,0,0,0,0,0,0,0,0,0,2,2,0.3812,5,1,point,6.656681644200366e-05,0.44123008568346517,0.13333333333333333
ganist,0,0,0,0,0,0,0,0,0,0,0,0,0,0,0,2,2,0.0113999999999999,6,1,ganist,6.656681644200366e-05,0.44123008568346517,0.0
whistle,1,1,0,0,0,0,0,0,0,0,0,0,0,0,0,2,2,0.5538,7,1,whistle,6.656681644200366e-05,0.44123008568346517,0.13333333333333333
wind,1,1,0,0,0,0,0,0,0,0,0,0,0,0,0,2,2,0.32985,4,1,wind,6.656681644200366e-05,0.44123008568346517,0.13333333333333333
knelt,0,1,0,0,0,0,0,0,0,0,0,0,0,0,0,2,2,-0.1869499999999999,5,1,knelt,6.656681644200366e-05,0.44123008568346517,0.06666666666666667
done,0,1,1,0,0,0,0,0,0,0,0,0,0,0,0,2,2,0.0,4,1,done,6.656681644200366e-05,0.44123008568346517,0.13333333333333333
tess,0,0,0,0,0,0,0,0,0,0,0,0,0,0,0,2,2,0.11205,4,1,tess,6.656681644200366e-05,0.44123008568346517,0.0
skin,1,1,1,0,0,0,0,0,0,0,0,0,0,0,0,2,2,0.2073,4,1,skin,6.656681644200366e-05,0.44123008568346517,0.2
boys,1,0,0,0,0,0,0,0,0,0,0,0,0,0,0,2,2,-0.34505,4,1,boys,6.656681644200366e-05,0.44123008568346517,0.06666666666666667
dens,1,0,0,0,0,0,0,0,0,0,0,0,0,0,0,2,2,0.21075,4,1,dens,6.656681644200366e-05,0.44123008568346517,0.06666666666666667
mental,1,0,1,0,0,0,0,0,0,0,0,0,0,0,0,2,2,-0.60605,6,1,mental,6.656681644200366e-05,0.44123008568346517,0.13333333333333333
exquisitely,0,0,0,1,0,0,0,0,0,0,0,0,0,0,0,2,2,0.06745,11,1,exquisitely,6.656681644200366e-05,0.44123008568346517,0.06666666666666667
aisle,1,0,0,0,0,0,0,0,0,0,0,0,0,0,0,2,2,-0.19595,5,1,aisle,6.656681644200366e-05,0.44123008568346517,0.06666666666666667
shining,1,1,1,0,0,0,0,0,0,0,0,0,0,0,0,2,2,-0.1366,7,1,shining,6.656681644200366e-05,0.44123008568346517,0.2
cigarettes,1,0,0,0,0,0,0,0,0,0,0,0,0,0,0,2,2,-0.10025,10,1,cigarettes,6.656681644200366e-05,0.44123008568346517,0.06666666666666667
sobbed,0,1,0,0,0,0,0,0,0,0,0,0,0,0,0,2,2,0.31615,6,1,sobbed,6.656681644200366e-05,0.44123008568346517,0.06666666666666667
unfinished,0,0,1,0,0,0,0,0,0,0,0,0,0,0,0,2,2,0.0,10,1,unfinished,6.656681644200366e-05,0.44123008568346517,0.06666666666666667
tive,0,0,0,0,0,0,0,0,0,0,0,0,0,0,0,2,2,-0.4207999999999999,4,1,tive,6.656681644200366e-05,0.44123008568346517,0.0
suffocating,0,1,1,0,0,0,0,0,0,0,0,0,0,0,0,2,2,-0.326,11,1,suffocating,6.656681644200366e-05,0.44123008568346517,0.13333333333333333
agitation,1,0,0,0,0,0,0,0,0,0,0,0,0,0,0,2,2,-0.13555,9,1,agitation,6.656681644200366e-05,0.44123008568346517,0.06666666666666667
separately,0,0,0,1,0,0,0,0,0,0,0,0,0,0,0,2,1,-0.1779,10,1,separately,6.656681644200366e-05,0.44123008568346517,0.06666666666666667
slumbering,0,0,1,0,0,0,0,0,0,0,0,0,0,0,0,2,2,0.0934,10,1,slumbering,6.656681644200366e-05,0.44123008568346517,0.06666666666666667
mass,1,1,1,0,0,0,0,0,0,0,0,0,0,0,0,2,2,0.3397,4,1,mass,6.656681644200366e-05,0.44123008568346517,0.2
sidewalk,1,0,0,0,0,0,0,0,0,0,0,0,0,0,0,2,2,0.05135,8,1,sidewalk,6.656681644200366e-05,0.44123008568346517,0.06666666666666667
farther,0,0,1,1,0,0,0,0,0,0,0,0,0,0,0,2,2,-0.38915,7,1,farther,6.656681644200366e-05,0.44123008568346517,0.13333333333333333
command,1,1,0,0,0,0,0,0,0,0,0,0,0,0,0,2,2,-0.2294,7,1,command,6.656681644200366e-05,0.44123008568346517,0.13333333333333333
woe,1,0,0,0,0,0,0,0,0,0,0,0,0,0,0,2,2,-0.4215,3,1,woe,6.656681644200366e-05,0.44123008568346517,0.06666666666666667
w,1,0,0,0,0,0,0,0,0,0,0,0,0,0,0,2,2,0.064,1,1,w,6.656681644200366e-05,0.44123008568346517,0.06666666666666667
que,0,0,0,0,0,0,0,0,0,0,0,0,0,0,0,2,2,0.23835,3,1,que,6.656681644200366e-05,0.44123008568346517,0.0
selection,1,0,0,0,0,0,0,0,0,0,0,0,0,0,0,2,2,0.29295,9,1,selection,6.656681644200366e-05,0.44123008568346517,0.06666666666666667
seigneur,1,0,0,0,0,0,0,0,0,0,0,0,0,0,0,2,2,0.2202,8,1,seigneur,6.656681644200366e-05,0.44123008568346517,0.06666666666666667
fairly,0,0,0,1,0,0,0,0,0,0,0,0,0,0,0,2,2,-0.1159999999999999,6,1,fairly,6.656681644200366e-05,0.44123008568346517,0.06666666666666667
bound,1,1,1,0,0,0,0,0,0,0,0,0,0,0,0,2,2,0.2294,5,1,bound,6.656681644200366e-05,0.44123008568346517,0.2
exhausted,0,1,1,0,0,0,0,0,0,0,0,0,0,0,0,2,2,-0.30585,9,1,exhausted,6.656681644200366e-05,0.44123008568346517,0.13333333333333333
steamer,1,1,0,0,0,0,0,0,0,0,0,0,0,0,0,2,2,0.40985,7,1,steamer,6.656681644200366e-05,0.44123008568346517,0.13333333333333333
draw,1,1,0,0,0,0,0,0,0,0,0,0,0,0,0,2,2,-0.07655,4,1,draw,6.656681644200366e-05,0.44123008568346517,0.13333333333333333
seven,1,0,1,0,0,0,0,0,0,0,0,0,0,0,0,2,2,0.31845,5,1,seven,6.656681644200366e-05,0.44123008568346517,0.13333333333333333
storm,1,1,0,0,0,0,0,0,0,0,0,0,0,0,0,2,2,0.2103499999999999,5,1,storm,6.656681644200366e-05,0.44123008568346517,0.13333333333333333
treat,1,1,0,0,0,0,0,0,0,0,0,0,0,0,0,2,2,0.6879,5,1,treat,6.656681644200366e-05,0.44123008568346517,0.13333333333333333
balcony,1,0,0,0,0,0,0,0,0,0,0,0,0,0,0,2,2,-0.44015,7,1,balcony,6.656681644200366e-05,0.44123008568346517,0.06666666666666667
absorbed,0,1,1,0,0,0,0,0,0,0,0,0,0,0,0,2,2,-0.4116999999999999,8,1,absorbed,6.656681644200366e-05,0.44123008568346517,0.13333333333333333
bothered,0,0,1,0,0,0,0,0,0,0,0,0,0,0,0,2,2,-0.247,8,1,bothered,6.656681644200366e-05,0.44123008568346517,0.06666666666666667
scarlet,1,0,1,0,0,0,0,0,0,0,0,0,0,0,0,2,2,0.0,7,1,scarlet,6.656681644200366e-05,0.44123008568346517,0.13333333333333333
mm,1,0,0,0,0,0,0,0,0,0,0,0,0,0,0,2,2,-0.7678499999999999,2,1,mm,6.656681644200366e-05,0.44123008568346517,0.06666666666666667
elbow,1,1,0,0,0,0,0,0,0,0,0,0,0,0,0,2,2,-0.5719,5,1,elbow,6.656681644200366e-05,0.44123008568346517,0.13333333333333333
tragedy,1,0,0,0,0,0,0,0,0,0,0,0,0,0,0,2,2,-0.7301500000000001,7,1,tragedy,6.656681644200366e-05,0.44123008568346517,0.06666666666666667
supper,1,0,0,0,0,0,0,0,0,0,0,0,0,0,0,2,2,0.0,6,1,supper,6.656681644200366e-05,0.44123008568346517,0.06666666666666667
song,1,0,0,0,0,0,0,0,0,0,0,0,0,0,0,2,2,-0.4326,4,1,song,6.656681644200366e-05,0.44123008568346517,0.06666666666666667
furious,0,0,1,0,0,0,0,0,0,0,0,0,0,0,0,2,2,-0.73705,7,1,furious,6.656681644200366e-05,0.44123008568346517,0.06666666666666667
scene,1,0,0,0,0,0,0,0,0,0,0,0,0,0,0,2,2,-0.4326,5,1,scene,6.656681644200366e-05,0.44123008568346517,0.06666666666666667
islands,1,0,0,0,0,0,0,0,0,0,0,0,0,0,0,2,2,0.10115,7,1,islands,6.656681644200366e-05,0.44123008568346517,0.06666666666666667
flush,1,1,1,1,0,0,0,0,0,0,0,0,0,0,0,2,2,0.7120500000000001,5,1,flush,6.656681644200366e-05,0.44123008568346517,0.26666666666666666
contents,1,1,0,0,0,0,0,0,0,0,0,0,0,0,0,2,2,-0.20095,8,1,contents,6.656681644200366e-05,0.44123008568346517,0.13333333333333333
curious,0,0,1,0,0,0,0,0,0,0,0,0,0,0,0,2,2,-0.1598,7,1,curious,6.656681644200366e-05,0.44123008568346517,0.06666666666666667
nat,1,0,0,0,0,0,0,0,0,0,0,0,0,0,0,2,2,-0.0258,3,1,nat,6.656681644200366e-05,0.44123008568346517,0.06666666666666667
se,0,0,0,0,0,0,0,0,0,0,0,0,0,0,0,2,2,-0.0258,2,0,se,6.656681644200366e-05,0.44123008568346517,0.0
gathering,1,0,1,0,0,0,0,0,0,0,0,0,0,0,0,2,2,-0.23835,9,1,gathering,6.656681644200366e-05,0.44123008568346517,0.13333333333333333
bulldogs,1,1,0,0,0,0,0,0,0,0,0,0,0,0,0,2,2,-0.0258,8,1,bulldogs,6.656681644200366e-05,0.44123008568346517,0.13333333333333333
lip,1,0,0,0,0,0,0,0,0,0,0,0,0,0,0,2,2,0.25545,3,1,lip,6.656681644200366e-05,0.44123008568346517,0.06666666666666667
situation,1,0,0,0,0,0,0,0,0,0,0,0,0,0,0,2,2,-0.0129,9,1,situation,6.656681644200366e-05,0.44123008568346517,0.06666666666666667
desperate,1,0,1,0,0,0,0,0,0,0,0,0,0,0,0,2,2,-0.1462,9,1,desperate,6.656681644200366e-05,0.44123008568346517,0.13333333333333333
flecked,0,0,1,0,0,0,0,0,0,0,0,0,0,0,0,2,2,0.0,7,1,flecked,6.656681644200366e-05,0.44123008568346517,0.06666666666666667
punctilious,0,0,1,0,0,0,0,0,0,0,0,0,0,0,0,2,1,0.0,11,1,punctilious,6.656681644200366e-05,0.44123008568346517,0.06666666666666667
barrel,1,1,0,0,0,0,0,0,0,0,0,0,0,0,0,2,2,0.31845,6,1,barrel,6.656681644200366e-05,0.44123008568346517,0.13333333333333333
thank,1,1,0,0,0,0,0,0,0,0,0,0,0,0,0,2,2,0.1429,5,1,thank,6.656681644200366e-05,0.44123008568346517,0.13333333333333333
azure,1,1,1,0,0,0,0,0,0,0,0,0,0,0,0,2,2,0.53045,5,1,azure,6.656681644200366e-05,0.44123008568346517,0.2
necessary,1,0,1,0,0,0,0,0,0,0,0,0,0,0,0,2,2,-0.148,9,1,necessary,6.656681644200366e-05,0.44123008568346517,0.13333333333333333
purity,1,0,0,0,0,0,0,0,0,0,0,0,0,0,0,2,2,0.21015,6,1,purity,6.656681644200366e-05,0.44123008568346517,0.06666666666666667
ways,1,0,0,1,0,0,0,0,0,0,0,0,0,0,0,2,2,0.0,4,1,ways,6.656681644200366e-05,0.44123008568346517,0.13333333333333333
kneeling,1,1,1,0,0,0,0,0,0,0,0,0,0,0,0,2,2,-0.1591,8,1,kneeling,6.656681644200366e-05,0.44123008568346517,0.2
vein,1,1,0,0,0,0,0,0,0,0,0,0,0,0,0,2,2,0.5284,4,1,vein,6.656681644200366e-05,0.44123008568346517,0.13333333333333333
altar,1,0,0,0,0,0,0,0,0,0,0,0,0,0,0,2,2,-0.1591,5,1,altar,6.656681644200366e-05,0.44123008568346517,0.06666666666666667
vieve,0,0,0,0,0,0,0,0,0,0,0,0,0,0,0,2,2,0.61455,5,1,vieve,6.656681644200366e-05,0.44123008568346517,0.0
signal,1,0,1,0,0,0,0,0,0,0,0,0,0,0,0,2,2,-0.148,6,1,signal,6.656681644200366e-05,0.44123008568346517,0.13333333333333333
fashionable,1,0,1,0,0,0,0,0,0,0,0,0,0,0,0,2,2,0.0,11,1,fashionable,6.656681644200366e-05,0.44123008568346517,0.13333333333333333
regret,0,1,0,0,0,0,0,0,0,0,0,0,0,0,0,2,2,-0.12855,6,1,regret,6.656681644200366e-05,0.44123008568346517,0.06666666666666667
sacrificed,0,1,0,0,0,0,0,0,0,0,0,0,0,0,0,2,2,0.12055,10,1,sacrificed,6.656681644200366e-05,0.44123008568346517,0.06666666666666667
tenderness,1,0,0,0,0,0,0,0,0,0,0,0,0,0,0,2,2,-0.3248,10,1,tenderness,6.656681644200366e-05,0.44123008568346517,0.06666666666666667
instinct,1,0,1,0,0,0,0,0,0,0,0,0,0,0,0,2,2,-0.16355,8,1,instinct,6.656681644200366e-05,0.44123008568346517,0.13333333333333333
middle,1,1,1,0,0,0,0,0,0,0,0,0,0,0,0,2,2,-0.125,6,1,middle,6.656681644200366e-05,0.44123008568346517,0.2
grief,1,0,0,0,0,0,0,0,0,0,0,0,0,0,0,2,2,-0.4292,5,1,grief,6.656681644200366e-05,0.44123008568346517,0.06666666666666667
age,1,1,0,0,0,0,0,0,0,0,0,0,0,0,0,2,2,-0.7148,3,1,age,6.656681644200366e-05,0.44123008568346517,0.13333333333333333
hatred,1,0,0,0,0,0,0,0,0,0,0,0,0,0,0,2,2,-0.6981,6,1,hatred,6.656681644200366e-05,0.44123008568346517,0.06666666666666667
leaves,1,1,0,0,0,0,0,0,0,0,0,0,0,0,0,2,2,0.30295,6,1,leaves,6.656681644200366e-05,0.44123008568346517,0.13333333333333333
seconds,1,1,0,0,0,0,0,0,0,0,0,0,0,0,0,2,2,-0.11315,7,1,seconds,6.656681644200366e-05,0.44123008568346517,0.13333333333333333
thus,0,0,0,1,0,0,0,0,0,0,0,0,0,0,0,2,2,-0.5540499999999999,4,1,thus,6.656681644200366e-05,0.44123008568346517,0.06666666666666667
chill,1,1,1,0,0,0,0,0,0,0,0,0,0,0,0,2,2,0.1101,5,1,chill,6.656681644200366e-05,0.44123008568346517,0.2
counted,0,1,0,0,0,0,0,0,0,0,0,0,0,0,0,2,2,-0.43095,7,1,counted,6.656681644200366e-05,0.44123008568346517,0.06666666666666667
waited,0,1,0,0,0,0,0,0,0,0,0,0,0,0,0,2,2,-0.2577,6,1,waited,6.656681644200366e-05,0.44123008568346517,0.06666666666666667
size,1,1,1,0,0,0,0,0,0,0,0,0,0,0,0,2,2,-0.1341,4,1,size,6.656681644200366e-05,0.44123008568346517,0.2
beating,1,1,1,0,0,0,0,0,0,0,0,0,0,0,0,2,2,-0.1992999999999999,7,1,beating,6.656681644200366e-05,0.44123008568346517,0.2
suited,0,1,1,0,0,0,0,0,0,0,0,0,0,0,0,2,2,0.02065,6,1,suited,6.656681644200366e-05,0.44123008568346517,0.13333333333333333
health,1,0,0,0,0,0,0,0,0,0,0,0,0,0,0,2,2,0.2553,6,1,health,6.656681644200366e-05,0.44123008568346517,0.06666666666666667
london,1,0,0,0,0,0,0,0,0,0,0,0,0,0,0,2,2,0.0,6,1,london,6.656681644200366e-05,0.44123008568346517,0.06666666666666667
faintly,0,0,0,1,0,0,0,0,0,0,0,0,0,0,0,2,2,0.0,7,1,faintly,6.656681644200366e-05,0.44123008568346517,0.06666666666666667
sand,1,0,0,0,0,0,0,0,0,0,0,0,0,0,0,2,2,0.2553,4,1,sand,6.656681644200366e-05,0.44123008568346517,0.06666666666666667
dragged,0,1,0,0,0,0,0,0,0,0,0,0,0,0,0,2,2,0.0992,7,1,dragged,6.656681644200366e-05,0.44123008568346517,0.06666666666666667
soap,1,1,0,0,0,0,0,0,0,0,0,0,0,0,0,2,2,0.31845,4,1,soap,6.656681644200366e-05,0.44123008568346517,0.13333333333333333
born,1,1,1,0,0,0,0,0,0,0,0,0,0,0,0,2,2,0.23835,4,1,born,6.656681644200366e-05,0.44123008568346517,0.2
thorn,1,0,0,0,0,0,0,0,0,0,0,0,0,0,0,2,2,0.0,5,1,thorn,6.656681644200366e-05,0.44123008568346517,0.06666666666666667
grove,1,0,0,0,0,0,0,0,0,0,0,0,0,0,0,2,2,0.2037999999999999,5,1,grove,6.656681644200366e-05,0.44123008568346517,0.06666666666666667
illustrated,0,1,1,0,0,0,0,0,0,0,0,0,0,0,0,2,1,0.0,11,1,illustrated,6.656681644200366e-05,0.44123008568346517,0.13333333333333333
whom,0,0,0,0,0,1,0,0,0,0,0,0,0,0,1,2,2,0.4740999999999999,4,1,whom,6.656681644200366e-05,0.44123008568346517,0.13333333333333333
parallel,1,1,1,0,0,0,0,0,0,0,0,0,0,0,0,2,2,0.02845,8,1,parallel,6.656681644200366e-05,0.44123008568346517,0.2
clisson,0,0,0,0,0,0,0,0,0,0,0,0,0,0,0,2,2,-0.11315,7,1,clisson,6.656681644200366e-05,0.44123008568346517,0.0
kings,1,0,0,0,0,0,0,0,0,0,0,0,0,0,0,2,2,0.4755,5,1,kings,6.656681644200366e-05,0.44123008568346517,0.06666666666666667
observations,1,0,0,0,0,0,0,0,0,0,0,0,0,0,0,2,2,0.1806,12,1,observations,6.656681644200366e-05,0.44123008568346517,0.06666666666666667
saturday,1,0,0,0,0,0,0,0,0,0,0,0,0,0,0,2,2,-0.1806,8,1,saturday,6.656681644200366e-05,0.44123008568346517,0.06666666666666667
cordiality,0,0,0,0,0,0,0,0,0,0,0,0,0,0,0,2,2,0.8408,10,1,cordiality,6.656681644200366e-05,0.44123008568346517,0.0
miserable,0,0,1,0,0,0,0,0,0,0,0,0,0,0,0,2,2,-0.38355,9,1,miserable,6.656681644200366e-05,0.44123008568346517,0.06666666666666667
clouded,0,1,1,0,0,0,0,0,0,0,0,0,0,0,0,2,1,-0.1027,7,1,clouded,6.656681644200366e-05,0.44123008568346517,0.13333333333333333
b,1,0,0,0,0,0,0,0,0,0,0,0,0,0,0,2,2,0.0,1,1,b,6.656681644200366e-05,0.44123008568346517,0.06666666666666667
breasts,1,1,0,0,0,0,0,0,0,0,0,0,0,0,0,2,2,0.3404,7,1,breasts,6.656681644200366e-05,0.44123008568346517,0.13333333333333333
lookin,0,0,0,0,0,0,0,0,0,0,0,0,0,0,0,2,2,0.1806,6,1,lookin,6.656681644200366e-05,0.44123008568346517,0.0
expect,0,1,0,0,0,0,0,0,0,0,0,0,0,0,0,2,2,0.0,6,1,expect,6.656681644200366e-05,0.44123008568346517,0.06666666666666667
kidby,0,0,0,0,0,0,0,0,0,0,0,0,0,0,0,2,2,-0.0953,5,1,kidby,6.656681644200366e-05,0.44123008568346517,0.0
makers,1,0,0,0,0,0,0,0,0,0,0,0,0,0,0,2,2,-0.0429,6,1,makers,6.656681644200366e-05,0.44123008568346517,0.06666666666666667
fete,1,0,0,0,0,0,0,0,0,0,0,0,0,0,0,2,2,0.1696999999999999,4,1,fete,6.656681644200366e-05,0.44123008568346517,0.06666666666666667
cab,1,0,0,0,0,0,0,0,0,0,0,0,0,0,0,2,2,-0.20525,3,1,cab,6.656681644200366e-05,0.44123008568346517,0.06666666666666667
fagged,0,1,1,0,0,0,0,0,0,0,0,0,0,0,0,2,2,-0.21075,6,1,fagged,6.656681644200366e-05,0.44123008568346517,0.13333333333333333
waves,1,1,0,0,0,0,0,0,0,0,0,0,0,0,0,2,2,-0.23835,5,1,waves,6.656681644200366e-05,0.44123008568346517,0.13333333333333333
soaked,0,1,1,0,0,0,0,0,0,0,0,0,0,0,0,2,2,-0.11315,6,1,soaked,6.656681644200366e-05,0.44123008568346517,0.13333333333333333
eating,1,1,1,0,0,0,0,0,0,0,0,0,0,0,0,2,2,0.28595,6,1,eating,6.656681644200366e-05,0.44123008568346517,0.2
flit,1,1,0,0,0,0,0,0,0,0,0,0,0,0,0,2,2,0.0,4,1,flit,6.656681644200366e-05,0.44123008568346517,0.13333333333333333
foolish,0,0,1,0,0,0,0,0,0,0,0,0,0,0,0,2,2,-0.44905,7,1,foolish,6.656681644200366e-05,0.44123008568346517,0.06666666666666667
forget,0,1,0,0,0,0,0,0,0,0,0,0,0,0,0,2,2,0.0560499999999999,6,1,forget,6.656681644200366e-05,0.44123008568346517,0.06666666666666667
poodle,1,0,0,0,0,0,0,0,0,0,0,0,0,0,0,2,2,0.0,6,1,poodle,6.656681644200366e-05,0.44123008568346517,0.06666666666666667
dripping,1,1,1,1,0,0,0,0,0,0,0,0,0,0,0,2,2,-0.23835,8,1,dripping,6.656681644200366e-05,0.44123008568346517,0.26666666666666666
leisurely,0,0,1,1,0,0,0,0,0,0,0,0,0,0,0,2,2,-0.3093,9,1,leisurely,6.656681644200366e-05,0.44123008568346517,0.13333333333333333
hopeless,0,0,1,0,0,0,0,0,0,0,0,0,0,0,0,2,2,0.0493,8,1,hopeless,6.656681644200366e-05,0.44123008568346517,0.06666666666666667
strike,1,1,0,0,0,0,0,0,0,0,0,0,0,0,0,2,2,-0.52225,6,1,strike,6.656681644200366e-05,0.44123008568346517,0.13333333333333333
impression,1,0,0,0,0,0,0,0,0,0,0,0,0,0,0,2,2,-0.11965,10,1,impression,6.656681644200366e-05,0.44123008568346517,0.06666666666666667
gloves,1,0,0,0,0,0,0,0,0,0,0,0,0,0,0,2,2,0.08785,6,1,gloves,6.656681644200366e-05,0.44123008568346517,0.06666666666666667
moving,0,1,1,0,0,0,0,0,0,0,0,0,0,0,0,2,2,0.20095,6,1,moving,6.656681644200366e-05,0.44123008568346517,0.13333333333333333
warm,1,1,1,0,0,0,0,0,0,0,0,0,0,0,0,2,2,0.3991,4,1,warm,6.656681644200366e-05,0.44123008568346517,0.2
curiously,0,0,0,1,0,0,0,0,0,0,0,0,0,0,0,2,2,0.1366,9,1,curiously,6.656681644200366e-05,0.44123008568346517,0.06666666666666667
arches,1,1,0,0,0,0,0,0,0,0,0,0,0,0,0,2,2,0.0,6,1,arches,6.656681644200366e-05,0.44123008568346517,0.13333333333333333
sold,0,1,1,0,0,0,0,0,0,0,0,0,0,0,0,2,2,0.0,4,1,sold,6.656681644200366e-05,0.44123008568346517,0.13333333333333333
congregation,1,0,0,0,0,0,0,0,0,0,0,0,0,0,0,2,2,-0.4429,12,1,congregation,6.656681644200366e-05,0.44123008568346517,0.06666666666666667
treating,0,1,0,0,0,0,0,0,0,0,0,0,0,0,0,2,2,0.3752999999999999,8,1,treating,6.656681644200366e-05,0.44123008568346517,0.06666666666666667
faced,0,1,1,0,0,0,0,0,0,0,0,0,0,0,0,2,2,0.0,5,1,faced,6.656681644200366e-05,0.44123008568346517,0.13333333333333333
whose,0,0,0,0,0,0,0,0,0,0,0,0,0,1,1,2,2,-0.19595,5,1,whose,6.656681644200366e-05,0.44123008568346517,0.13333333333333333
tapestry,1,0,0,0,0,0,0,0,0,0,0,0,0,0,0,2,2,-0.21545,8,1,tapestry,6.656681644200366e-05,0.44123008568346517,0.06666666666666667
fathomless,0,0,1,0,0,0,0,0,0,0,0,0,0,0,0,2,2,-0.1806,10,1,fathomless,6.656681644200366e-05,0.44123008568346517,0.06666666666666667
stair,1,0,0,0,0,0,0,0,0,0,0,0,0,0,0,2,2,0.33055,5,1,stair,6.656681644200366e-05,0.44123008568346517,0.06666666666666667
top,1,1,1,0,0,0,0,0,0,0,0,0,0,0,0,2,2,0.35645,3,1,top,6.656681644200366e-05,0.44123008568346517,0.2
lanterns,1,0,0,0,0,0,0,0,0,0,0,0,0,0,0,2,2,0.03715,8,1,lanterns,6.656681644200366e-05,0.44123008568346517,0.06666666666666667
outwardly,0,0,0,1,0,0,0,0,0,0,0,0,0,0,0,2,2,0.0551,9,1,outwardly,6.656681644200366e-05,0.44123008568346517,0.06666666666666667
lorrrd,0,0,0,0,0,0,0,0,0,0,0,0,0,0,0,2,1,-0.8201,6,1,lorrrd,6.656681644200366e-05,0.44123008568346517,0.0
recollect,1,0,0,0,0,0,0,0,0,0,0,0,0,0,0,2,2,-0.0385,9,1,recollect,6.656681644200366e-05,0.44123008568346517,0.06666666666666667
market,1,1,0,0,0,0,0,0,0,0,0,0,0,0,0,2,2,0.44425,6,1,market,6.656681644200366e-05,0.44123008568346517,0.13333333333333333
reticence,0,0,0,0,0,0,0,0,0,0,0,0,0,0,0,2,2,0.10175,9,1,reticence,6.656681644200366e-05,0.44123008568346517,0.0
dreaming,1,1,0,0,0,0,0,0,0,0,0,0,0,0,0,2,2,0.0,8,1,dreaming,6.656681644200366e-05,0.44123008568346517,0.13333333333333333
cerned,0,0,0,0,0,0,0,0,0,0,0,0,0,0,0,2,2,0.2553,6,1,cerned,6.656681644200366e-05,0.44123008568346517,0.0
frowned,0,1,0,0,0,0,0,0,0,0,0,0,0,0,0,2,2,0.18185,7,1,frowned,6.656681644200366e-05,0.44123008568346517,0.06666666666666667
respectful,0,0,1,0,0,0,0,0,0,0,0,0,0,0,0,2,2,0.2323,10,1,respectful,6.656681644200366e-05,0.44123008568346517,0.06666666666666667
butterflies,1,1,0,0,0,0,0,0,0,0,0,0,0,0,0,2,2,-0.21075,11,1,butterflies,6.656681644200366e-05,0.44123008568346517,0.13333333333333333
forgot,0,1,0,0,0,0,0,0,0,0,0,0,0,0,0,2,2,0.0,6,1,forgot,6.656681644200366e-05,0.44123008568346517,0.06666666666666667
remember,0,1,0,0,0,0,0,0,0,0,0,0,0,0,0,2,2,0.3825,8,1,remember,6.656681644200366e-05,0.44123008568346517,0.06666666666666667
studios,1,0,0,0,0,0,0,0,0,0,0,0,0,0,0,2,2,-0.20095,7,1,studios,6.656681644200366e-05,0.44123008568346517,0.06666666666666667
fellows,1,0,0,0,0,0,0,0,0,0,0,0,0,0,0,2,2,0.1806,7,1,fellows,6.656681644200366e-05,0.44123008568346517,0.06666666666666667
hearing,1,1,1,0,0,0,0,0,0,0,0,0,0,0,0,2,2,0.0102999999999999,7,1,hearing,6.656681644200366e-05,0.44123008568346517,0.2
fearful,0,0,1,0,0,0,0,0,0,0,0,0,0,0,0,2,2,-0.54785,7,1,fearful,6.656681644200366e-05,0.44123008568346517,0.06666666666666667
thinking,1,1,1,0,0,0,0,0,0,0,0,0,0,0,0,2,2,0.0,8,1,thinking,6.656681644200366e-05,0.44123008568346517,0.2
flesh,1,1,0,0,0,0,0,0,0,0,0,0,0,0,0,2,2,0.0,5,1,flesh,6.656681644200366e-05,0.44123008568346517,0.13333333333333333
plied,0,1,0,0,0,0,0,0,0,0,0,0,0,0,0,2,2,-0.1727999999999999,5,1,plied,6.656681644200366e-05,0.44123008568346517,0.06666666666666667
chords,1,1,0,0,0,0,0,0,0,0,0,0,0,0,0,2,2,-0.05935,6,1,chords,6.656681644200366e-05,0.44123008568346517,0.13333333333333333
alarmed,0,1,1,0,0,0,0,0,0,0,0,0,0,0,0,2,2,-0.5243,7,1,alarmed,6.656681644200366e-05,0.44123008568346517,0.13333333333333333
creep,1,1,0,0,0,0,0,0,0,0,0,0,0,0,0,2,2,-0.17,5,1,creep,6.656681644200366e-05,0.44123008568346517,0.13333333333333333
president,1,0,0,0,0,0,0,0,0,0,0,0,0,0,0,2,2,0.07415,9,1,president,6.656681644200366e-05,0.44123008568346517,0.06666666666666667
rennes,0,0,0,0,0,0,0,0,0,0,0,0,0,0,0,2,2,-0.2996999999999999,6,1,rennes,6.656681644200366e-05,0.44123008568346517,0.0
resume,1,1,0,0,0,0,0,0,0,0,0,0,0,0,0,2,2,0.00535,6,1,resume,6.656681644200366e-05,0.44123008568346517,0.13333333333333333
clay,1,0,0,0,0,0,0,0,0,0,0,0,0,0,0,2,2,0.11475,4,1,clay,6.656681644200366e-05,0.44123008568346517,0.06666666666666667
anxious,0,0,1,0,0,0,0,0,0,0,0,0,0,0,0,2,2,0.0631499999999999,7,1,anxious,6.656681644200366e-05,0.44123008568346517,0.06666666666666667
der,0,0,0,0,0,0,0,0,0,0,0,0,0,0,0,2,2,-0.5089,3,1,der,6.656681644200366e-05,0.44123008568346517,0.0
hidden,0,1,1,0,0,0,0,0,0,0,0,0,0,0,0,2,2,-0.5508,6,1,hidden,6.656681644200366e-05,0.44123008568346517,0.13333333333333333
load,1,1,0,0,0,0,0,0,0,0,0,0,0,0,0,2,2,-0.23835,4,1,load,6.656681644200366e-05,0.44123008568346517,0.13333333333333333
snapped,0,1,0,0,0,0,0,0,0,0,0,0,0,0,0,2,2,-0.23835,7,1,snapped,6.656681644200366e-05,0.44123008568346517,0.06666666666666667
infinite,0,0,1,0,0,0,0,0,0,0,0,0,0,0,0,2,2,-0.26335,8,1,infinite,6.656681644200366e-05,0.44123008568346517,0.06666666666666667
beau,1,0,0,0,0,0,0,0,0,0,0,0,0,0,0,2,2,0.1019499999999999,4,1,beau,6.656681644200366e-05,0.44123008568346517,0.06666666666666667
ardor,1,0,0,0,0,0,0,0,0,0,0,0,0,0,0,2,2,-0.0258,5,1,ardor,6.656681644200366e-05,0.44123008568346517,0.06666666666666667
distraction,1,0,0,0,0,0,0,0,0,0,0,0,0,0,0,2,2,-0.47685,11,1,distraction,6.656681644200366e-05,0.44123008568346517,0.06666666666666667
passion,1,0,0,0,0,0,0,0,0,0,0,0,0,0,0,2,2,0.9454,7,1,passion,6.656681644200366e-05,0.44123008568346517,0.06666666666666667
picking,1,1,0,0,0,0,0,0,0,0,0,0,0,0,0,2,2,-0.28595,7,1,picking,6.656681644200366e-05,0.44123008568346517,0.13333333333333333
fever,1,0,0,0,0,0,0,0,0,0,0,0,0,0,0,2,2,-0.4767,5,1,fever,6.656681644200366e-05,0.44123008568346517,0.06666666666666667
upright,1,0,1,1,0,0,0,0,0,0,0,0,0,0,0,2,2,0.01925,7,1,upright,6.656681644200366e-05,0.44123008568346517,0.2
wearily,0,0,0,1,0,0,0,0,0,0,0,0,0,0,0,2,2,0.5606,7,1,wearily,6.656681644200366e-05,0.44123008568346517,0.06666666666666667
filtered,0,0,0,0,0,0,0,0,0,0,0,0,0,0,0,2,2,0.1366,8,1,filtered,6.656681644200366e-05,0.44123008568346517,0.0
ept,1,0,0,0,0,0,0,0,0,0,0,0,0,0,0,2,2,-0.2553,3,1,ept,6.656681644200366e-05,0.44123008568346517,0.06666666666666667
afternoon,1,0,1,0,0,0,0,0,0,0,0,0,0,0,0,2,2,-0.7137,9,1,afternoon,6.656681644200366e-05,0.44123008568346517,0.13333333333333333
ties,1,1,0,0,0,0,0,0,0,0,0,0,0,0,0,2,2,-0.064,4,1,ties,6.656681644200366e-05,0.44123008568346517,0.13333333333333333
frighten,0,1,0,0,0,0,0,0,0,0,0,0,0,0,0,2,2,-0.6083500000000001,8,1,frighten,6.656681644200366e-05,0.44123008568346517,0.06666666666666667
cost,1,1,0,0,0,0,0,0,0,0,0,0,0,0,0,2,2,0.3481,4,1,cost,6.656681644200366e-05,0.44123008568346517,0.13333333333333333
reel,1,1,0,0,0,0,0,0,0,0,0,0,0,0,0,2,2,0.17,4,1,reel,6.656681644200366e-05,0.44123008568346517,0.13333333333333333
feeds,0,1,0,0,0,0,0,0,0,0,0,0,0,0,0,2,1,0.0,5,1,feeds,6.656681644200366e-05,0.44123008568346517,0.06666666666666667
superb,0,0,1,0,0,0,0,0,0,0,0,0,0,0,0,2,2,0.55545,6,1,superb,6.656681644200366e-05,0.44123008568346517,0.06666666666666667
moon,1,1,0,0,0,0,0,0,0,0,0,0,0,0,0,2,2,0.34985,4,1,moon,6.656681644200366e-05,0.44123008568346517,0.13333333333333333
blank,1,1,1,0,0,0,0,0,0,0,0,0,0,0,0,2,2,-0.4337,5,1,blank,6.656681644200366e-05,0.44123008568346517,0.2
mantle,1,1,0,0,0,0,0,0,0,0,0,0,0,0,0,2,2,0.58855,6,1,mantle,6.656681644200366e-05,0.44123008568346517,0.13333333333333333
broken,0,1,1,0,0,0,0,0,0,0,0,0,0,0,0,2,2,-0.4317,6,1,broken,6.656681644200366e-05,0.44123008568346517,0.13333333333333333
bolt,1,1,0,1,0,0,0,0,0,0,0,0,0,0,0,2,2,0.01925,4,1,bolt,6.656681644200366e-05,0.44123008568346517,0.2
tattered,0,0,1,0,0,0,0,0,0,0,0,0,0,0,0,2,2,0.58855,8,1,tattered,6.656681644200366e-05,0.44123008568346517,0.06666666666666667
pockets,1,1,0,0,0,0,0,0,0,0,0,0,0,0,0,2,2,0.2678,7,1,pockets,6.656681644200366e-05,0.44123008568346517,0.13333333333333333
mark,1,1,0,0,0,0,0,0,0,0,0,0,0,0,0,2,2,0.4158,4,1,mark,6.656681644200366e-05,0.44123008568346517,0.13333333333333333
solemn,0,0,1,0,0,0,0,0,0,0,0,0,0,0,0,2,2,-0.0386,6,1,solemn,6.656681644200366e-05,0.44123008568346517,0.06666666666666667
rows,1,1,0,0,0,0,0,0,0,0,0,0,0,0,0,2,2,0.1205,4,1,rows,6.656681644200366e-05,0.44123008568346517,0.13333333333333333
reserve,1,1,1,0,0,0,0,0,0,0,0,0,0,0,0,2,2,0.0,7,1,reserve,6.656681644200366e-05,0.44123008568346517,0.2
briskly,0,0,0,1,0,0,0,0,0,0,0,0,0,0,0,2,2,-0.0928999999999999,7,1,briskly,6.656681644200366e-05,0.44123008568346517,0.06666666666666667
tormented,0,1,1,0,0,0,0,0,0,0,0,0,0,0,0,2,2,0.05135,9,1,tormented,6.656681644200366e-05,0.44123008568346517,0.13333333333333333
vehicle,1,0,0,0,0,0,0,0,0,0,0,0,0,0,0,2,2,0.0,7,1,vehicle,6.656681644200366e-05,0.44123008568346517,0.06666666666666667
unworthy,0,0,1,0,0,0,0,0,0,0,0,0,0,0,0,2,2,0.45505,8,1,unworthy,6.656681644200366e-05,0.44123008568346517,0.06666666666666667
conceal,0,1,0,0,0,0,0,0,0,0,0,0,0,0,0,2,2,-0.3515,7,1,conceal,6.656681644200366e-05,0.44123008568346517,0.06666666666666667
lain,0,1,0,0,0,0,0,0,0,0,0,0,0,0,0,2,2,0.11035,4,1,lain,6.656681644200366e-05,0.44123008568346517,0.06666666666666667
lose,0,1,0,0,0,0,0,0,0,0,0,0,0,0,0,2,2,0.02845,4,1,lose,6.656681644200366e-05,0.44123008568346517,0.06666666666666667
priest,1,0,0,0,0,0,0,0,0,0,0,0,0,0,0,2,2,0.11315,6,1,priest,6.656681644200366e-05,0.44123008568346517,0.06666666666666667
rays,1,1,0,0,0,0,0,0,0,0,0,0,0,0,0,2,2,0.31245,4,1,rays,6.656681644200366e-05,0.44123008568346517,0.13333333333333333
fly,1,1,1,0,0,0,0,0,0,0,0,0,0,0,0,2,2,0.38915,3,1,fly,6.656681644200366e-05,0.44123008568346517,0.2
intention,1,0,0,0,0,0,0,0,0,0,0,0,0,0,0,2,2,0.02495,9,1,intention,6.656681644200366e-05,0.44123008568346517,0.06666666666666667
triomphe,0,0,0,0,0,0,0,0,0,0,0,0,0,0,0,2,2,0.1077499999999999,8,1,triomphe,6.656681644200366e-05,0.44123008568346517,0.0
aged,1,1,1,0,0,0,0,0,0,0,0,0,0,0,0,2,2,0.064,4,1,aged,6.656681644200366e-05,0.44123008568346517,0.2
considers,0,1,0,0,0,0,0,0,0,0,0,0,0,0,0,2,1,0.3182,9,1,considers,6.656681644200366e-05,0.44123008568346517,0.06666666666666667
termed,0,1,0,0,0,0,0,0,0,0,0,0,0,0,0,2,2,0.08735,6,1,termed,6.656681644200366e-05,0.44123008568346517,0.06666666666666667
lived,0,1,1,0,0,0,0,0,0,0,0,0,0,0,0,2,2,0.17715,5,1,lived,6.656681644200366e-05,0.44123008568346517,0.13333333333333333
advancing,0,1,1,0,0,0,0,0,0,0,0,0,0,0,0,2,2,0.4156999999999999,9,1,advancing,6.656681644200366e-05,0.44123008568346517,0.13333333333333333
favor,1,1,0,0,0,0,0,0,0,0,0,0,0,0,0,2,2,0.0997999999999999,5,1,favor,6.656681644200366e-05,0.44123008568346517,0.13333333333333333
expressed,0,1,1,0,0,0,0,0,0,0,0,0,0,0,0,2,2,-0.3842,9,1,expressed,6.656681644200366e-05,0.44123008568346517,0.13333333333333333
throw,1,1,0,0,0,0,0,0,0,0,0,0,0,0,0,2,2,0.4495,5,1,throw,6.656681644200366e-05,0.44123008568346517,0.13333333333333333
harsh,0,0,1,0,0,0,0,0,0,0,0,0,0,0,0,2,2,-0.0736999999999999,5,1,harsh,6.656681644200366e-05,0.44123008568346517,0.06666666666666667
drive,1,1,0,0,0,0,0,0,0,0,0,0,0,0,0,2,2,-0.20525,5,1,drive,6.656681644200366e-05,0.44123008568346517,0.13333333333333333
ished,0,0,0,0,0,0,0,0,0,0,0,0,0,0,0,2,2,0.0,5,1,ished,6.656681644200366e-05,0.44123008568346517,0.0
pavement,1,0,0,0,0,0,0,0,0,0,0,0,0,0,0,2,2,-0.45855,8,1,pavement,6.656681644200366e-05,0.44123008568346517,0.06666666666666667
edge,1,1,1,0,0,0,0,0,0,0,0,0,0,0,0,2,2,0.20095,4,1,edge,6.656681644200366e-05,0.44123008568346517,0.2
gates,1,1,0,0,0,0,0,0,0,0,0,0,0,0,0,2,2,0.1591,5,1,gates,6.656681644200366e-05,0.44123008568346517,0.13333333333333333
huge,0,0,1,0,0,0,0,0,0,0,0,0,0,0,0,2,2,0.3182,4,1,huge,6.656681644200366e-05,0.44123008568346517,0.06666666666666667
ends,1,1,0,0,0,0,0,0,0,0,0,0,0,0,0,2,2,0.2294,4,1,ends,6.656681644200366e-05,0.44123008568346517,0.13333333333333333
idly,0,0,0,1,0,0,0,0,0,0,0,0,0,0,0,2,2,0.0514999999999999,4,1,idly,6.656681644200366e-05,0.44123008568346517,0.06666666666666667
somebody,1,0,0,0,0,0,0,0,1,0,0,0,0,0,1,2,2,0.0615,8,1,somebody,6.656681644200366e-05,0.44123008568346517,0.2
recall,1,1,0,0,0,0,0,0,0,0,0,0,0,0,0,2,1,0.4939,6,1,recall,6.656681644200366e-05,0.44123008568346517,0.13333333333333333
charming,0,1,1,0,0,0,0,0,0,0,0,0,0,0,0,2,2,0.671,8,1,charming,6.656681644200366e-05,0.44123008568346517,0.13333333333333333
nights,0,0,0,1,0,0,0,0,0,0,0,0,0,0,0,2,2,0.39495,6,1,nights,6.656681644200366e-05,0.44123008568346517,0.06666666666666667
breathless,0,0,1,0,0,0,0,0,0,0,0,0,0,0,0,2,2,0.2787,10,1,breathless,6.656681644200366e-05,0.44123008568346517,0.06666666666666667
sell,1,1,0,0,0,0,0,0,0,0,0,0,0,0,0,2,2,0.2787,4,1,sell,6.656681644200366e-05,0.44123008568346517,0.13333333333333333
reward,1,1,0,0,0,0,0,0,0,0,0,0,0,0,0,2,2,0.69225,6,1,reward,6.656681644200366e-05,0.44123008568346517,0.13333333333333333
cided,0,0,0,0,0,0,0,0,0,0,0,0,0,0,0,2,2,0.55305,5,1,cided,6.656681644200366e-05,0.44123008568346517,0.0
knowledge,0,0,0,0,0,0,0,0,0,0,0,0,0,0,0,2,2,0.0,9,1,knowledge,6.656681644200366e-05,0.44123008568346517,0.0
died,0,1,0,0,0,0,0,0,0,0,0,0,0,0,0,2,2,-0.65215,4,1,died,6.656681644200366e-05,0.44123008568346517,0.06666666666666667
ence,0,0,0,0,0,0,0,0,0,0,0,0,0,0,0,2,2,0.4853,4,1,ence,6.656681644200366e-05,0.44123008568346517,0.0
tone,1,1,0,0,0,0,0,0,0,0,0,0,0,0,0,2,2,-0.3601,4,1,tone,6.656681644200366e-05,0.44123008568346517,0.13333333333333333
elyse,0,0,0,0,0,0,0,0,0,0,0,0,0,0,0,2,2,0.0258,5,1,elyse,6.656681644200366e-05,0.44123008568346517,0.0
disappeared,0,1,0,0,0,0,0,0,0,0,0,0,0,0,0,2,2,-0.2263,11,1,disappeared,6.656681644200366e-05,0.44123008568346517,0.06666666666666667
discussing,0,0,0,0,0,0,0,0,0,0,0,0,0,0,0,2,2,0.33795,10,1,discussing,6.656681644200366e-05,0.44123008568346517,0.0
letters,1,1,0,0,0,0,0,0,0,0,0,0,0,0,0,2,2,-0.2294,7,1,letters,6.656681644200366e-05,0.44123008568346517,0.13333333333333333
gradually,0,0,0,1,0,0,0,0,0,0,0,0,0,0,0,2,2,0.3404,9,1,gradually,6.656681644200366e-05,0.44123008568346517,0.06666666666666667
lected,0,0,0,0,0,0,0,0,0,0,0,0,0,0,0,2,2,0.33335,6,1,lected,6.656681644200366e-05,0.44123008568346517,0.0
reasonable,0,0,1,0,0,0,0,0,0,0,0,0,0,0,0,2,2,0.2202,10,1,reasonable,6.656681644200366e-05,0.44123008568346517,0.06666666666666667
duplicate,1,1,1,0,0,0,0,0,0,0,0,0,0,0,0,2,2,0.6214,9,1,duplicate,6.656681644200366e-05,0.44123008568346517,0.2
tranquil,0,0,1,0,0,0,0,0,0,0,0,0,0,0,0,2,2,0.5654,8,1,tranquil,6.656681644200366e-05,0.44123008568346517,0.06666666666666667
upset,1,1,1,0,0,0,0,0,0,0,0,0,0,0,0,2,2,-0.4516,5,1,upset,6.656681644200366e-05,0.44123008568346517,0.2
met,1,1,0,0,0,0,0,0,0,0,0,0,0,0,0,2,2,0.37585,3,1,met,6.656681644200366e-05,0.44123008568346517,0.13333333333333333
mediaeval,0,0,1,0,0,0,0,0,0,0,0,0,0,0,0,2,2,-0.2323,9,1,mediaeval,6.656681644200366e-05,0.44123008568346517,0.06666666666666667
vistas,1,0,0,0,0,0,0,0,0,0,0,0,0,0,0,2,2,0.2716,6,1,vistas,6.656681644200366e-05,0.44123008568346517,0.06666666666666667
informed,0,1,1,0,0,0,0,0,0,0,0,0,0,0,0,2,2,0.30295,8,1,informed,6.656681644200366e-05,0.44123008568346517,0.13333333333333333
ate,1,1,0,0,0,0,0,0,0,0,0,0,0,0,0,2,2,0.77955,3,1,ate,6.656681644200366e-05,0.44123008568346517,0.13333333333333333
sion,0,0,0,0,0,0,0,0,0,0,0,0,0,0,0,2,2,-0.28595,4,1,sion,6.656681644200366e-05,0.44123008568346517,0.0
insultin,0,0,0,0,0,0,0,0,0,0,0,0,0,0,0,2,2,0.1806,8,1,insultin,6.656681644200366e-05,0.44123008568346517,0.0
obligation,1,0,0,0,0,0,0,0,0,0,0,0,0,0,0,2,2,-0.2412,10,1,obligation,6.656681644200366e-05,0.44123008568346517,0.06666666666666667
bourg,0,0,0,0,0,0,0,0,0,0,0,0,0,0,0,2,2,-0.064,5,1,bourg,6.656681644200366e-05,0.44123008568346517,0.0
talking,0,1,1,0,0,0,0,0,0,0,0,0,0,0,0,2,2,0.125,7,1,talking,6.656681644200366e-05,0.44123008568346517,0.13333333333333333
working,1,1,1,0,0,0,0,0,0,0,0,0,0,0,0,2,2,0.24695,7,1,working,6.656681644200366e-05,0.44123008568346517,0.2
bill,1,1,0,0,0,0,0,0,0,0,0,0,0,0,0,2,1,-0.1335,4,1,bill,6.656681644200366e-05,0.44123008568346517,0.13333333333333333
rabbit,1,1,0,0,0,0,0,0,0,0,0,0,0,0,0,2,2,-0.064,6,1,rabbit,6.656681644200366e-05,0.44123008568346517,0.13333333333333333
lowing,0,0,0,0,0,0,0,0,0,0,0,0,0,0,0,2,2,-0.128,6,1,lowing,6.656681644200366e-05,0.44123008568346517,0.0
cent,1,0,0,0,0,0,0,0,0,0,0,0,0,0,0,2,2,0.10115,4,1,cent,6.656681644200366e-05,0.44123008568346517,0.06666666666666667
barnabe,0,0,0,0,0,0,0,0,0,0,0,0,0,0,0,2,2,-0.30145,7,1,barnabe,6.656681644200366e-05,0.44123008568346517,0.0
screen,1,1,0,0,0,0,0,0,0,0,0,0,0,0,0,2,2,0.0,6,1,screen,6.656681644200366e-05,0.44123008568346517,0.13333333333333333
series,1,0,0,0,0,0,0,0,0,0,0,0,0,0,0,2,2,0.4972999999999999,6,1,series,6.656681644200366e-05,0.44123008568346517,0.06666666666666667
decorations,1,0,0,0,0,0,0,0,0,0,0,0,0,0,0,2,2,0.34325,11,1,decorations,6.656681644200366e-05,0.44123008568346517,0.06666666666666667
boudoir,1,0,0,0,0,0,0,0,0,0,0,0,0,0,0,2,2,0.1423,7,1,boudoir,6.656681644200366e-05,0.44123008568346517,0.06666666666666667
looks,1,1,0,0,0,0,0,0,0,0,0,0,0,0,0,2,2,0.0,5,1,looks,6.656681644200366e-05,0.44123008568346517,0.13333333333333333
im,1,0,0,0,0,0,0,0,0,0,0,0,0,0,0,2,2,0.3243,2,1,im,6.656681644200366e-05,0.44123008568346517,0.06666666666666667
bois,1,0,0,0,0,0,0,0,0,0,0,0,0,0,0,2,1,-0.5859,4,1,bois,6.656681644200366e-05,0.44123008568346517,0.06666666666666667
given,1,1,1,0,0,0,0,0,0,0,0,0,0,0,0,2,2,0.0642,5,1,given,6.656681644200366e-05,0.44123008568346517,0.2
flashing,1,1,1,0,0,0,0,0,0,0,0,0,0,0,0,2,2,0.3404,8,1,flashing,6.656681644200366e-05,0.44123008568346517,0.2
unsavory,0,0,1,0,0,0,0,0,0,0,0,0,0,0,0,2,2,0.139,8,1,unsavory,6.656681644200366e-05,0.44123008568346517,0.06666666666666667
blackness,0,0,0,0,0,0,0,0,0,0,0,0,0,0,0,2,2,-0.1442,9,1,blackness,6.656681644200366e-05,0.44123008568346517,0.0
vault,1,1,0,0,0,0,0,0,0,0,0,0,0,0,0,2,2,-0.23835,5,1,vault,6.656681644200366e-05,0.44123008568346517,0.13333333333333333
bad,1,0,1,1,0,0,0,0,0,0,0,0,0,0,0,2,2,-0.603,3,1,bad,6.656681644200366e-05,0.44123008568346517,0.2
sunken,0,0,1,0,0,0,0,0,0,0,0,0,0,0,0,2,2,-0.0611,6,1,sunken,6.656681644200366e-05,0.44123008568346517,0.06666666666666667
clif,0,0,0,0,0,0,0,0,0,0,0,0,0,0,0,2,2,0.4169,4,1,clif,6.656681644200366e-05,0.44123008568346517,0.0
gaudy,1,0,1,0,0,0,0,0,0,0,0,0,0,0,0,2,2,0.576,5,1,gaudy,6.656681644200366e-05,0.44123008568346517,0.13333333333333333
shortly,0,0,0,1,0,0,0,0,0,0,0,0,0,0,0,2,2,0.59055,7,1,shortly,6.656681644200366e-05,0.44123008568346517,0.06666666666666667
ceiling,1,0,0,0,0,0,0,0,0,0,0,0,0,0,0,2,2,0.1591,7,1,ceiling,6.656681644200366e-05,0.44123008568346517,0.06666666666666667
delicious,1,0,1,0,0,0,0,0,0,0,0,0,0,0,0,2,2,0.42255,9,1,delicious,6.656681644200366e-05,0.44123008568346517,0.13333333333333333
cupid,1,0,0,0,0,0,0,0,0,0,0,0,0,0,0,2,2,0.28595,5,1,cupid,6.656681644200366e-05,0.44123008568346517,0.06666666666666667
possible,1,0,1,0,0,0,0,0,0,0,0,0,0,0,0,2,2,0.06745,8,1,possible,6.656681644200366e-05,0.44123008568346517,0.13333333333333333
scales,1,1,0,0,0,0,0,0,0,0,0,0,0,0,0,2,2,-0.0724499999999999,6,1,scales,6.656681644200366e-05,0.44123008568346517,0.13333333333333333
text,1,0,0,0,0,0,0,0,0,0,0,0,0,0,0,2,2,0.1591,4,1,text,6.656681644200366e-05,0.44123008568346517,0.06666666666666667
cecile,0,0,0,0,0,0,0,0,0,0,0,0,0,0,0,2,2,-0.11315,6,1,cecile,6.656681644200366e-05,0.44123008568346517,0.0
tennyson,1,0,0,0,0,0,0,0,0,0,0,0,0,0,0,2,2,0.0,8,1,tennyson,6.656681644200366e-05,0.44123008568346517,0.06666666666666667
chattering,1,0,1,0,0,0,0,0,0,0,0,0,0,0,0,2,2,0.42595,10,1,chattering,6.656681644200366e-05,0.44123008568346517,0.13333333333333333
lifting,1,1,0,0,0,0,0,0,0,0,0,0,0,0,0,2,2,-0.29295,7,1,lifting,6.656681644200366e-05,0.44123008568346517,0.13333333333333333
starting,0,1,1,0,0,0,0,0,0,0,0,0,0,0,0,2,2,0.14045,8,1,starting,6.656681644200366e-05,0.44123008568346517,0.13333333333333333
quill,1,0,0,0,0,0,0,0,0,0,0,0,0,0,0,2,2,0.6046,5,1,quill,6.656681644200366e-05,0.44123008568346517,0.06666666666666667
fur,1,0,0,0,0,0,1,0,0,0,0,0,0,0,0,2,2,0.21075,3,1,fur,6.656681644200366e-05,0.44123008568346517,0.13333333333333333
fix,1,1,0,0,0,0,0,0,0,0,0,0,0,0,0,2,2,0.0,3,1,fix,6.656681644200366e-05,0.44123008568346517,0.13333333333333333
worms,1,0,0,0,0,0,0,0,0,0,0,0,0,0,0,2,2,0.4584,5,1,worms,6.656681644200366e-05,0.44123008568346517,0.06666666666666667
dollar,1,0,0,0,0,0,0,0,0,0,0,0,0,0,0,2,2,0.27795,6,1,dollar,6.656681644200366e-05,0.44123008568346517,0.06666666666666667
descend,0,1,0,0,0,0,0,0,0,0,0,0,0,0,0,2,2,0.148,7,1,descend,6.656681644200366e-05,0.44123008568346517,0.06666666666666667
geranium,1,0,0,0,0,0,0,0,0,0,0,0,0,0,0,2,2,-0.1191,8,1,geranium,6.656681644200366e-05,0.44123008568346517,0.06666666666666667
rested,0,1,1,0,0,0,0,0,0,0,0,0,0,0,0,2,2,-0.0005999999999999,6,1,rested,6.656681644200366e-05,0.44123008568346517,0.13333333333333333
beg,1,1,0,0,0,0,0,0,0,0,0,0,0,0,0,2,2,0.1591,3,1,beg,6.656681644200366e-05,0.44123008568346517,0.13333333333333333
clerk,1,1,0,0,0,0,0,0,0,0,0,0,0,0,0,2,2,0.20575,5,1,clerk,6.656681644200366e-05,0.44123008568346517,0.13333333333333333
nounced,0,0,0,0,0,0,0,0,0,0,0,0,0,0,0,2,2,0.4326,7,1,nounced,6.656681644200366e-05,0.44123008568346517,0.0
frowning,0,1,1,0,0,0,0,0,0,0,0,0,0,0,0,2,2,-0.19975,8,1,frowning,6.656681644200366e-05,0.44123008568346517,0.13333333333333333
starving,0,1,1,0,0,0,0,0,0,0,0,0,0,0,0,2,2,-0.4215,8,1,starving,6.656681644200366e-05,0.44123008568346517,0.13333333333333333
gamin,1,0,0,0,0,0,0,0,0,0,0,0,0,0,0,2,2,0.57125,5,1,gamin,6.656681644200366e-05,0.44123008568346517,0.06666666666666667
clenched,0,1,1,0,0,0,0,0,0,0,0,0,0,0,0,2,2,-0.01185,8,1,clenched,6.656681644200366e-05,0.44123008568346517,0.13333333333333333
dropping,1,1,1,0,0,0,0,0,0,0,0,0,0,0,0,2,2,-0.0374,8,1,dropping,6.656681644200366e-05,0.44123008568346517,0.2
countryman,1,0,0,0,0,0,0,0,0,0,0,0,0,0,0,2,2,-0.3825,10,1,countryman,6.656681644200366e-05,0.44123008568346517,0.06666666666666667
thunder,1,1,0,0,0,0,0,0,0,0,0,0,0,0,0,2,2,0.03645,7,1,thunder,6.656681644200366e-05,0.44123008568346517,0.13333333333333333
warning,1,1,1,0,0,0,0,0,0,0,0,0,0,0,0,2,2,0.01535,7,1,warning,6.656681644200366e-05,0.44123008568346517,0.2
oth,1,0,0,0,0,0,0,0,0,0,0,0,0,0,0,2,2,0.32455,3,1,oth,6.656681644200366e-05,0.44123008568346517,0.06666666666666667
timidly,0,0,0,1,0,0,0,0,0,0,0,0,0,0,0,2,2,0.2969,7,1,timidly,6.656681644200366e-05,0.44123008568346517,0.06666666666666667
slipping,1,1,1,0,0,0,0,0,0,0,0,0,0,0,0,2,2,0.2294,8,1,slipping,6.656681644200366e-05,0.44123008568346517,0.2
cross,1,1,1,0,0,0,0,0,0,0,0,0,0,0,0,2,2,0.15635,5,1,cross,6.656681644200366e-05,0.44123008568346517,0.2
jesuits,1,0,0,0,0,0,0,0,0,0,0,0,0,0,0,2,2,0.54825,7,1,jesuits,6.656681644200366e-05,0.44123008568346517,0.06666666666666667
stepping,0,1,0,0,0,0,0,0,0,0,0,0,0,0,0,2,2,-0.72925,8,1,stepping,6.656681644200366e-05,0.44123008568346517,0.06666666666666667
triumphant,0,0,1,0,0,0,0,0,0,0,0,0,0,0,0,2,2,0.5563,10,1,triumphant,6.656681644200366e-05,0.44123008568346517,0.06666666666666667
groping,1,1,1,0,0,0,0,0,0,0,0,0,0,0,0,2,2,-0.3842,7,1,groping,6.656681644200366e-05,0.44123008568346517,0.2
wash,1,1,0,0,0,0,0,0,0,0,0,0,0,0,0,2,2,0.0,4,1,wash,6.656681644200366e-05,0.44123008568346517,0.13333333333333333
dine,0,1,0,0,0,0,0,0,0,0,0,0,0,0,0,2,2,0.41355,4,1,dine,6.656681644200366e-05,0.44123008568346517,0.06666666666666667
fierce,0,0,1,0,0,0,0,0,0,0,0,0,0,0,0,2,2,0.10115,6,1,fierce,6.656681644200366e-05,0.44123008568346517,0.06666666666666667
assistance,1,0,0,0,0,0,0,0,0,0,0,0,0,0,0,2,2,-0.296,10,1,assistance,6.656681644200366e-05,0.44123008568346517,0.06666666666666667
public,1,0,1,0,0,0,0,0,0,0,0,0,0,0,0,2,2,-0.1221999999999999,6,1,public,6.656681644200366e-05,0.44123008568346517,0.13333333333333333
hell,1,0,0,0,0,0,0,0,0,0,0,0,0,0,0,2,2,0.0814,4,1,hell,6.656681644200366e-05,0.44123008568346517,0.06666666666666667
foreigners,1,0,0,0,0,0,0,0,0,0,0,0,0,0,0,2,2,-0.08825,10,1,foreigners,6.656681644200366e-05,0.44123008568346517,0.06666666666666667
chest,1,0,0,0,0,0,0,0,0,0,0,0,0,0,0,2,2,0.0,5,1,chest,6.656681644200366e-05,0.44123008568346517,0.06666666666666667
gilded,0,1,1,0,0,0,0,0,0,0,0,0,0,0,0,2,2,-0.3021,6,1,gilded,6.656681644200366e-05,0.44123008568346517,0.13333333333333333
maid,1,0,0,0,0,0,0,0,0,0,0,0,0,0,0,2,2,0.30585,4,1,maid,6.656681644200366e-05,0.44123008568346517,0.06666666666666667
blow,1,1,0,0,0,0,0,0,0,0,0,0,0,0,0,2,2,0.03865,4,1,blow,6.656681644200366e-05,0.44123008568346517,0.13333333333333333
ington,0,0,0,0,0,0,0,0,0,0,0,0,0,0,0,2,2,0.2202,6,1,ington,6.656681644200366e-05,0.44123008568346517,0.0
morals,1,0,0,0,0,0,0,0,0,0,0,0,0,0,0,2,2,0.1935,6,1,morals,6.656681644200366e-05,0.44123008568346517,0.06666666666666667
touching,0,1,1,0,0,0,0,0,0,0,0,0,0,0,0,2,2,0.4755,8,1,touching,6.656681644200366e-05,0.44123008568346517,0.13333333333333333
abroad,0,0,1,1,0,0,0,0,0,0,0,0,0,0,0,2,2,0.05035,6,1,abroad,6.656681644200366e-05,0.44123008568346517,0.13333333333333333
parents,1,0,0,0,0,0,0,0,0,0,0,0,0,0,0,2,2,0.51105,7,1,parents,6.656681644200366e-05,0.44123008568346517,0.06666666666666667
hind,1,0,1,0,0,0,0,0,0,0,0,0,0,0,0,2,2,-0.24565,4,1,hind,6.656681644200366e-05,0.44123008568346517,0.13333333333333333
expectation,1,0,0,0,0,0,0,0,0,0,0,0,0,0,0,2,2,-0.09345,11,1,expectation,6.656681644200366e-05,0.44123008568346517,0.06666666666666667
joy,1,0,0,0,0,0,0,0,0,0,0,0,0,0,0,2,2,0.1757999999999999,3,1,joy,6.656681644200366e-05,0.44123008568346517,0.06666666666666667
isn,0,0,0,0,0,0,0,0,0,0,0,0,0,0,0,2,2,0.441,3,1,isn,6.656681644200366e-05,0.44123008568346517,0.0
stirred,0,1,1,0,0,0,0,0,0,0,0,0,0,0,0,2,2,0.2202,7,1,stirred,6.656681644200366e-05,0.44123008568346517,0.13333333333333333
increase,1,1,0,0,0,0,0,0,0,0,0,0,0,0,0,2,2,0.0110999999999999,8,1,increase,6.656681644200366e-05,0.44123008568346517,0.13333333333333333
surroundings,1,0,0,0,0,0,0,0,0,0,0,0,0,0,0,2,2,0.0724499999999999,12,1,surroundings,6.656681644200366e-05,0.44123008568346517,0.06666666666666667
regiment,1,1,0,0,0,0,0,0,0,0,0,0,0,0,0,2,2,-0.0258,8,1,regiment,6.656681644200366e-05,0.44123008568346517,0.13333333333333333
east,1,0,1,1,0,0,0,0,0,0,0,0,0,0,0,2,2,0.045,4,1,east,6.656681644200366e-05,0.44123008568346517,0.2
ushered,0,0,0,0,0,0,0,0,0,0,0,0,0,0,0,2,2,0.31845,7,1,ushered,6.656681644200366e-05,0.44123008568346517,0.0
emperors,1,0,0,0,0,0,0,0,0,0,0,0,0,0,0,2,2,0.4755,8,1,emperors,6.656681644200366e-05,0.44123008568346517,0.06666666666666667
ees,0,0,0,0,0,0,0,0,0,0,0,0,0,0,0,2,2,-0.07565,3,1,ees,6.656681644200366e-05,0.44123008568346517,0.0
california,1,0,0,0,0,0,0,0,0,0,0,0,0,0,0,2,2,-0.125,10,1,california,6.656681644200366e-05,0.44123008568346517,0.06666666666666667
stammered,0,0,0,0,0,0,0,0,0,0,0,0,0,0,0,2,2,0.18655,9,1,stammered,6.656681644200366e-05,0.44123008568346517,0.0
torn,0,1,1,0,0,0,0,0,0,0,0,0,0,0,0,2,2,-0.52265,4,1,torn,6.656681644200366e-05,0.44123008568346517,0.13333333333333333
rockets,1,1,0,0,0,0,0,0,0,0,0,0,0,0,0,2,2,0.1138,7,1,rockets,6.656681644200366e-05,0.44123008568346517,0.13333333333333333
flash,1,1,1,0,0,0,0,0,0,0,0,0,0,0,0,2,2,-0.57125,5,1,flash,6.656681644200366e-05,0.44123008568346517,0.2
southwark,0,0,0,0,0,0,0,0,0,0,0,0,0,0,0,2,2,0.5386500000000001,9,1,southwark,6.656681644200366e-05,0.44123008568346517,0.0
ger,1,0,0,0,0,0,0,0,0,0,0,0,0,0,0,2,2,0.31845,3,1,ger,6.656681644200366e-05,0.44123008568346517,0.06666666666666667
horizon,1,0,0,0,0,0,0,0,0,0,0,0,0,0,0,2,1,0.0,7,1,horizon,6.656681644200366e-05,0.44123008568346517,0.06666666666666667
claims,1,1,0,0,0,0,0,0,0,0,0,0,0,0,0,2,2,-0.1591,6,1,claims,6.656681644200366e-05,0.44123008568346517,0.13333333333333333
facing,1,1,0,0,0,0,0,0,0,0,0,0,0,0,0,2,2,0.2112,6,1,facing,6.656681644200366e-05,0.44123008568346517,0.13333333333333333
pressing,1,1,1,0,0,0,0,0,0,0,0,0,0,0,0,2,2,0.0,8,1,pressing,6.656681644200366e-05,0.44123008568346517,0.2
honor,1,1,0,0,0,0,0,0,0,0,0,0,0,0,0,2,2,0.76985,5,1,honor,6.656681644200366e-05,0.44123008568346517,0.13333333333333333
sucking,1,1,1,0,0,0,0,0,0,0,0,0,0,0,0,2,2,0.2997,7,1,sucking,6.656681644200366e-05,0.44123008568346517,0.2
lows,1,0,0,0,0,0,0,0,0,0,0,0,0,0,0,2,2,-0.2023,4,1,lows,6.656681644200366e-05,0.44123008568346517,0.06666666666666667
fel,0,0,0,0,0,0,0,0,0,0,0,0,0,0,0,2,2,-0.2023,3,1,fel,6.656681644200366e-05,0.44123008568346517,0.0
ambulances,1,0,0,0,0,0,0,0,0,0,0,0,0,0,0,2,2,-0.10115,10,1,ambulances,6.656681644200366e-05,0.44123008568346517,0.06666666666666667
cally,0,0,0,0,0,0,0,0,0,0,0,0,0,0,0,2,2,0.0,5,1,cally,6.656681644200366e-05,0.44123008568346517,0.0
signals,1,0,0,0,0,0,0,0,0,0,0,0,0,0,0,2,2,-0.4577,7,1,signals,6.656681644200366e-05,0.44123008568346517,0.06666666666666667
silhouette,1,1,0,0,0,0,0,0,0,0,0,0,0,0,0,2,2,0.1591,10,1,silhouette,6.656681644200366e-05,0.44123008568346517,0.13333333333333333
throng,1,1,0,0,0,0,0,0,0,0,0,0,0,0,0,2,2,-0.05,6,1,throng,6.656681644200366e-05,0.44123008568346517,0.13333333333333333
ac,0,0,0,0,0,0,0,0,0,0,0,0,0,0,0,2,2,0.51805,2,0,ac,6.656681644200366e-05,0.44123008568346517,0.0
vas,1,0,0,0,0,0,0,0,0,0,0,0,0,0,0,2,2,-0.0386,3,1,vas,6.656681644200366e-05,0.44123008568346517,0.06666666666666667
rups,0,0,0,0,0,0,0,0,0,0,0,0,0,0,0,2,2,0.28595,4,1,rups,6.656681644200366e-05,0.44123008568346517,0.0
forty,1,0,1,0,0,0,0,0,0,0,0,0,0,0,0,2,2,0.38915,5,1,forty,6.656681644200366e-05,0.44123008568346517,0.13333333333333333
cept,0,0,0,0,0,0,0,0,0,0,0,0,0,0,0,2,2,0.51805,4,1,cept,6.656681644200366e-05,0.44123008568346517,0.0
horses,1,1,0,0,0,0,0,0,0,0,0,0,0,0,0,2,2,0.10115,6,1,horses,6.656681644200366e-05,0.44123008568346517,0.13333333333333333
band,1,1,0,0,0,0,0,0,0,0,0,0,0,0,0,2,2,-0.0523999999999999,4,1,band,6.656681644200366e-05,0.44123008568346517,0.13333333333333333
armed,0,1,1,0,0,0,0,0,0,0,0,0,0,0,0,2,2,0.3481,5,1,armed,6.656681644200366e-05,0.44123008568346517,0.13333333333333333
troops,1,1,0,0,0,0,0,0,0,0,0,0,0,0,0,2,2,0.0693,6,1,troops,6.656681644200366e-05,0.44123008568346517,0.13333333333333333
batteries,1,0,0,0,0,0,0,0,0,0,0,0,0,0,0,2,2,-0.20095,9,1,batteries,6.656681644200366e-05,0.44123008568346517,0.06666666666666667
failed,0,1,1,0,0,0,0,0,0,0,0,0,0,0,0,2,2,-0.4144,6,1,failed,6.656681644200366e-05,0.44123008568346517,0.13333333333333333
warmed,0,1,1,0,0,0,0,0,0,0,0,0,0,0,0,2,2,0.0525999999999999,6,1,warmed,6.656681644200366e-05,0.44123008568346517,0.13333333333333333
woods,1,0,1,0,0,0,0,0,0,0,0,0,0,0,0,2,2,0.1867999999999999,5,1,woods,6.656681644200366e-05,0.44123008568346517,0.13333333333333333
single,1,1,1,0,0,0,0,0,0,0,0,0,0,0,0,2,2,0.2059,6,1,single,6.656681644200366e-05,0.44123008568346517,0.2
perch,1,1,0,0,0,0,0,0,0,0,0,0,0,0,0,2,2,-0.2202,5,1,perch,6.656681644200366e-05,0.44123008568346517,0.13333333333333333
ble,0,0,0,0,0,0,0,0,0,0,0,0,0,0,0,2,2,-0.0494,3,1,ble,6.656681644200366e-05,0.44123008568346517,0.0
grew,0,1,0,0,0,0,0,0,0,0,0,0,0,0,0,2,2,-0.1909,4,1,grew,6.656681644200366e-05,0.44123008568346517,0.06666666666666667
doctrine,1,0,0,0,0,0,0,0,0,0,0,0,0,0,0,2,2,-0.44965,8,1,doctrine,6.656681644200366e-05,0.44123008568346517,0.06666666666666667
waist,1,0,0,0,0,0,0,0,0,0,0,0,0,0,0,2,2,0.3326,5,1,waist,6.656681644200366e-05,0.44123008568346517,0.06666666666666667
cuse,0,0,0,0,0,0,0,0,0,0,0,0,0,0,0,2,2,0.0,4,1,cuse,6.656681644200366e-05,0.44123008568346517,0.0
byng,0,0,0,0,0,0,0,0,0,0,0,0,0,0,0,2,2,0.2093999999999999,4,1,byng,6.656681644200366e-05,0.44123008568346517,0.0
brother,1,0,1,0,0,0,0,0,0,0,0,0,0,0,0,2,2,-0.3687,7,1,brother,6.656681644200366e-05,0.44123008568346517,0.13333333333333333
watering,1,0,0,0,0,0,0,0,0,0,0,0,0,0,0,2,2,0.5654,8,1,watering,6.656681644200366e-05,0.44123008568346517,0.06666666666666667
meant,0,1,0,0,0,0,0,0,0,0,0,0,0,0,0,2,2,0.2294,5,1,meant,6.656681644200366e-05,0.44123008568346517,0.06666666666666667
heaps,1,1,0,1,0,0,0,0,0,0,0,0,0,0,0,2,2,-0.23835,5,1,heaps,6.656681644200366e-05,0.44123008568346517,0.2
sad,0,0,1,0,0,0,0,0,0,0,0,0,0,0,0,2,2,-0.4767,3,1,sad,6.656681644200366e-05,0.44123008568346517,0.06666666666666667
women,1,0,0,0,0,0,0,0,0,0,0,0,0,0,0,2,2,0.0,5,1,women,6.656681644200366e-05,0.44123008568346517,0.06666666666666667
volley,1,1,0,0,0,0,0,0,0,0,0,0,0,0,0,2,2,-0.08785,6,1,volley,6.656681644200366e-05,0.44123008568346517,0.13333333333333333
iden,0,0,0,0,0,0,0,0,0,0,0,0,0,0,0,2,2,0.31845,4,1,iden,6.656681644200366e-05,0.44123008568346517,0.0
north,1,0,1,1,0,0,0,0,0,0,0,0,0,0,0,2,2,0.0,5,1,north,6.656681644200366e-05,0.44123008568346517,0.2
cluster,1,1,0,0,0,0,0,0,0,0,0,0,0,0,0,2,2,0.24695,7,1,cluster,6.656681644200366e-05,0.44123008568346517,0.13333333333333333
petit,0,0,1,0,0,0,0,0,0,0,0,0,0,0,0,2,2,0.11315,5,1,petit,6.656681644200366e-05,0.44123008568346517,0.06666666666666667
relative,1,0,1,0,0,0,0,0,0,0,0,0,0,0,0,2,2,0.2891499999999999,8,1,relative,6.656681644200366e-05,0.44123008568346517,0.13333333333333333
fleet,1,0,1,0,0,0,0,0,0,0,0,0,0,0,0,2,1,0.5267,5,1,fleet,6.656681644200366e-05,0.44123008568346517,0.13333333333333333
springing,0,1,1,0,0,0,0,0,0,0,0,0,0,0,0,2,2,-0.0258,9,1,springing,6.656681644200366e-05,0.44123008568346517,0.13333333333333333
rare,0,0,1,0,0,0,0,0,0,0,0,0,0,0,0,2,2,0.01865,4,1,rare,6.656681644200366e-05,0.44123008568346517,0.06666666666666667
cole,1,0,0,0,0,0,0,0,0,0,0,0,0,0,0,2,2,0.045,4,1,cole,6.656681644200366e-05,0.44123008568346517,0.06666666666666667
thread,1,1,0,0,0,0,0,0,0,0,0,0,0,0,0,2,2,0.0,6,1,thread,6.656681644200366e-05,0.44123008568346517,0.13333333333333333
daylight,1,0,0,0,0,0,0,0,0,0,0,0,0,0,0,2,2,0.1624999999999999,8,1,daylight,6.656681644200366e-05,0.44123008568346517,0.06666666666666667
mouth,1,1,0,0,0,0,0,0,0,0,0,0,0,0,0,2,2,0.0,5,1,mouth,6.656681644200366e-05,0.44123008568346517,0.13333333333333333
forgetting,1,1,0,0,0,0,0,0,0,0,0,0,0,0,0,2,2,0.4439499999999999,10,1,forgetting,6.656681644200366e-05,0.44123008568346517,0.13333333333333333
lette,0,0,0,0,0,0,0,0,0,0,0,0,0,0,0,2,2,-0.18185,5,1,lette,6.656681644200366e-05,0.44123008568346517,0.0
severely,0,0,0,1,0,0,0,0,0,0,0,0,0,0,0,2,2,-0.0234999999999999,8,1,severely,6.656681644200366e-05,0.44123008568346517,0.06666666666666667
columns,1,0,0,0,0,0,0,0,0,0,0,0,0,0,0,2,2,0.2059,7,1,columns,6.656681644200366e-05,0.44123008568346517,0.06666666666666667
melting,1,1,1,0,0,0,0,0,0,0,0,0,0,0,0,2,2,-0.17,7,1,melting,6.656681644200366e-05,0.44123008568346517,0.2
supported,0,1,1,0,0,0,0,0,0,0,0,0,0,0,0,2,2,0.365,9,1,supported,6.656681644200366e-05,0.44123008568346517,0.13333333333333333
quays,1,0,0,0,0,0,0,0,0,0,0,0,0,0,0,2,2,0.1591,5,1,quays,6.656681644200366e-05,0.44123008568346517,0.06666666666666667
lamp,1,0,0,0,0,0,0,0,0,0,0,0,0,0,0,2,2,0.08895,4,1,lamp,6.656681644200366e-05,0.44123008568346517,0.06666666666666667
fainted,0,1,0,0,0,0,0,0,0,0,0,0,0,0,0,2,2,0.22485,7,1,fainted,6.656681644200366e-05,0.44123008568346517,0.06666666666666667
tribune,1,0,0,0,0,0,0,0,0,0,0,0,0,0,0,2,2,-0.1766,7,1,tribune,6.656681644200366e-05,0.44123008568346517,0.06666666666666667
york,1,0,0,0,0,0,0,0,0,0,0,0,0,0,0,2,2,0.0693,4,1,york,6.656681644200366e-05,0.44123008568346517,0.06666666666666667
crowded,0,1,1,0,0,0,0,0,0,0,0,0,0,0,0,2,2,-0.0997999999999999,7,1,crowded,6.656681644200366e-05,0.44123008568346517,0.13333333333333333
bathing,1,1,0,0,0,0,0,0,0,0,0,0,0,0,0,2,2,0.24345,7,1,bathing,6.656681644200366e-05,0.44123008568346517,0.13333333333333333
deserted,0,1,1,0,0,0,0,0,0,0,0,0,0,0,0,2,2,0.28235,8,1,deserted,6.656681644200366e-05,0.44123008568346517,0.13333333333333333
paths,1,0,0,0,0,0,0,0,0,0,0,0,0,0,0,2,2,0.28235,5,1,paths,6.656681644200366e-05,0.44123008568346517,0.06666666666666667
conclusions,1,0,0,0,0,0,0,0,0,0,0,0,0,0,0,2,2,0.3946,11,1,conclusions,6.656681644200366e-05,0.44123008568346517,0.06666666666666667
lawns,0,0,0,0,0,0,0,0,0,0,0,0,0,0,0,2,2,0.10115,5,1,lawns,6.656681644200366e-05,0.44123008568346517,0.0
lock,1,1,0,0,0,0,0,0,0,0,0,0,0,0,0,2,2,0.31845,4,1,lock,6.656681644200366e-05,0.44123008568346517,0.13333333333333333
hospital,1,0,0,0,0,0,0,0,0,0,0,0,0,0,0,2,2,0.56725,8,1,hospital,6.656681644200366e-05,0.44123008568346517,0.06666666666666667
replaced,0,1,0,0,0,0,0,0,0,0,0,0,0,0,0,2,2,0.11865,8,1,replaced,6.656681644200366e-05,0.44123008568346517,0.06666666666666667
drives,1,1,0,0,0,0,0,0,0,0,0,0,0,0,0,2,2,0.20095,6,1,drives,6.656681644200366e-05,0.44123008568346517,0.13333333333333333
poured,0,1,0,0,0,0,0,0,0,0,0,0,0,0,0,2,2,0.0,6,1,poured,6.656681644200366e-05,0.44123008568346517,0.06666666666666667
carts,1,1,0,0,0,0,0,0,0,0,0,0,0,0,0,2,2,0.1591,5,1,carts,6.656681644200366e-05,0.44123008568346517,0.13333333333333333
purple,1,1,1,0,0,0,0,0,0,0,0,0,0,0,0,2,2,0.1806,6,1,purple,6.656681644200366e-05,0.44123008568346517,0.2
thickets,1,0,0,0,0,0,0,0,0,0,0,0,0,0,0,2,2,0.2059,8,1,thickets,6.656681644200366e-05,0.44123008568346517,0.06666666666666667
governor,1,0,0,0,0,0,0,0,0,0,0,0,0,0,0,2,2,0.31905,8,1,governor,6.656681644200366e-05,0.44123008568346517,0.06666666666666667
spotless,0,0,1,0,0,0,0,0,0,0,0,0,0,0,0,2,2,0.4063,8,1,spotless,6.656681644200366e-05,0.44123008568346517,0.06666666666666667
clad,0,0,1,0,0,0,0,0,0,0,0,0,0,0,0,2,2,0.1591,4,1,clad,6.656681644200366e-05,0.44123008568346517,0.06666666666666667
fal,1,0,0,0,0,0,0,0,0,0,0,0,0,0,0,2,2,0.0258,3,1,fal,6.656681644200366e-05,0.44123008568346517,0.06666666666666667
tained,0,0,0,0,0,0,0,0,0,0,0,0,0,0,0,2,2,0.43805,6,1,tained,6.656681644200366e-05,0.44123008568346517,0.0
tumbled,0,1,0,0,0,0,0,0,0,0,0,0,0,0,0,2,2,0.2202,7,1,tumbled,6.656681644200366e-05,0.44123008568346517,0.06666666666666667
tor,1,0,0,0,0,0,0,0,0,0,0,0,0,0,0,2,2,0.17,3,1,tor,6.656681644200366e-05,0.44123008568346517,0.06666666666666667
versation,0,0,0,0,0,0,0,0,0,0,0,0,0,0,0,2,2,0.34255,9,1,versation,6.656681644200366e-05,0.44123008568346517,0.0
trunk,1,0,0,0,0,0,0,0,0,0,0,0,0,0,0,2,2,0.21895,5,1,trunk,6.656681644200366e-05,0.44123008568346517,0.06666666666666667
species,1,0,0,0,0,0,0,0,0,0,0,0,0,0,0,2,2,0.2732,7,1,species,6.656681644200366e-05,0.44123008568346517,0.06666666666666667
polite,0,0,1,0,0,0,0,0,0,0,0,0,0,0,0,2,2,0.0551,6,1,polite,6.656681644200366e-05,0.44123008568346517,0.06666666666666667
arch,1,1,1,0,0,0,0,0,0,0,0,0,0,0,0,2,2,0.13435,4,1,arch,6.656681644200366e-05,0.44123008568346517,0.2
bladen,0,0,0,0,0,0,0,0,0,0,0,0,0,0,0,2,2,0.11315,6,1,bladen,6.656681644200366e-05,0.44123008568346517,0.0
impatiently,0,0,0,1,0,0,0,0,0,0,0,0,0,0,0,2,2,-0.1225999999999999,11,1,impatiently,6.656681644200366e-05,0.44123008568346517,0.06666666666666667
frainch,0,0,0,0,0,0,0,0,0,0,0,0,0,0,0,2,2,0.0,7,1,frainch,6.656681644200366e-05,0.44123008568346517,0.0
slouched,0,1,1,0,0,0,0,0,0,0,0,0,0,0,0,2,2,-0.2202,8,1,slouched,6.656681644200366e-05,0.44123008568346517,0.13333333333333333
patient,1,0,1,0,0,0,0,0,0,0,0,0,0,0,0,2,2,-0.3162,7,1,patient,6.656681644200366e-05,0.44123008568346517,0.13333333333333333
putting,0,1,0,0,0,0,0,0,0,0,0,0,0,0,0,2,2,0.0,7,1,putting,6.656681644200366e-05,0.44123008568346517,0.06666666666666667
leaning,1,1,1,0,0,0,0,0,0,0,0,0,0,0,0,2,2,0.7080500000000001,7,1,leaning,6.656681644200366e-05,0.44123008568346517,0.2
news,1,0,0,0,0,0,0,0,0,0,0,0,0,0,0,2,2,0.21075,4,1,news,6.656681644200366e-05,0.44123008568346517,0.06666666666666667
dol,1,0,0,0,0,0,0,0,0,0,0,0,0,0,0,2,2,-0.36755,3,1,dol,6.656681644200366e-05,0.44123008568346517,0.06666666666666667
collar,1,1,0,0,0,0,0,0,0,0,0,0,0,0,0,2,2,-0.54815,6,1,collar,6.656681644200366e-05,0.44123008568346517,0.13333333333333333
battery,1,0,0,0,0,0,0,0,0,0,0,0,0,0,0,2,2,0.0,7,1,battery,6.656681644200366e-05,0.44123008568346517,0.06666666666666667
crackling,0,1,1,0,0,0,0,0,0,0,0,0,0,0,0,2,1,0.0,9,1,crackling,6.656681644200366e-05,0.44123008568346517,0.13333333333333333
chilly,0,0,1,0,0,0,0,0,0,0,0,0,0,0,0,2,2,-0.21075,6,1,chilly,6.656681644200366e-05,0.44123008568346517,0.06666666666666667
bandaged,0,1,1,0,0,0,0,0,0,0,0,0,0,0,0,2,2,-0.11315,8,1,bandaged,6.656681644200366e-05,0.44123008568346517,0.13333333333333333
cations,1,0,0,0,0,0,0,0,0,0,0,0,0,0,0,2,2,0.0,7,1,cations,6.656681644200366e-05,0.44123008568346517,0.06666666666666667
choked,0,1,1,0,0,0,0,0,0,0,0,0,0,0,0,2,2,-0.4767,6,1,choked,6.656681644200366e-05,0.44123008568346517,0.13333333333333333
tine,1,0,0,0,0,0,0,0,0,0,0,0,0,0,0,2,2,0.2294,4,1,tine,6.656681644200366e-05,0.44123008568346517,0.06666666666666667
westchester,0,0,0,0,0,0,0,0,0,0,0,0,0,0,0,2,2,0.24695,11,1,westchester,6.656681644200366e-05,0.44123008568346517,0.0
carelessly,0,0,0,1,0,0,0,0,0,0,0,0,0,0,0,2,2,-0.0238499999999999,10,1,carelessly,6.656681644200366e-05,0.44123008568346517,0.06666666666666667
lor,0,0,0,0,0,0,0,0,0,0,0,0,0,0,0,2,2,-0.3753,3,1,lor,6.656681644200366e-05,0.44123008568346517,0.0
mellow,1,1,1,1,0,0,0,0,0,0,0,0,0,0,0,2,2,0.3974499999999999,6,1,mellow,6.656681644200366e-05,0.44123008568346517,0.26666666666666666
worked,0,1,1,0,0,0,0,0,0,0,0,0,0,0,0,2,2,0.21075,6,1,worked,6.656681644200366e-05,0.44123008568346517,0.13333333333333333
pausing,0,1,0,0,0,0,0,0,0,0,0,0,0,0,0,2,2,0.4491,7,1,pausing,6.656681644200366e-05,0.44123008568346517,0.06666666666666667
terror,1,0,0,0,0,0,0,0,0,0,0,0,0,0,0,2,2,-0.4881999999999999,6,1,terror,6.656681644200366e-05,0.44123008568346517,0.06666666666666667
speaks,1,1,0,0,0,0,0,0,0,0,0,0,0,0,0,2,2,0.05385,6,1,speaks,6.656681644200366e-05,0.44123008568346517,0.13333333333333333
rag,1,1,0,0,0,0,0,0,0,0,0,0,0,0,0,2,2,0.2685,3,1,rag,6.656681644200366e-05,0.44123008568346517,0.13333333333333333
trowsers,0,0,0,0,0,0,0,0,0,0,0,0,0,0,0,2,2,-0.148,8,1,trowsers,6.656681644200366e-05,0.44123008568346517,0.0
gateway,1,0,0,0,0,0,0,0,0,0,0,0,0,0,0,2,2,-0.23835,7,1,gateway,6.656681644200366e-05,0.44123008568346517,0.06666666666666667
pot,1,1,0,0,0,0,0,0,0,0,0,0,0,0,0,2,2,-0.17,3,1,pot,6.656681644200366e-05,0.44123008568346517,0.13333333333333333
tridge,0,0,0,0,0,0,0,0,0,0,0,0,0,0,0,2,2,-0.36755,6,1,tridge,6.656681644200366e-05,0.44123008568346517,0.0
pi,1,0,0,0,0,0,0,0,0,0,0,0,0,0,0,2,2,-0.26335,2,1,pi,6.656681644200366e-05,0.44123008568346517,0.06666666666666667
glancing,0,1,0,0,0,0,0,0,0,0,0,0,0,0,0,2,2,0.0,8,1,glancing,6.656681644200366e-05,0.44123008568346517,0.06666666666666667
soldiers,1,1,0,0,0,0,0,0,0,0,0,0,0,0,0,2,2,-0.34505,8,1,soldiers,6.656681644200366e-05,0.44123008568346517,0.13333333333333333
wonderfully,0,0,0,1,0,0,0,0,0,0,0,0,0,0,0,2,2,0.5988,11,1,wonderfully,6.656681644200366e-05,0.44123008568346517,0.06666666666666667
shrieking,1,1,1,0,0,0,0,0,0,0,0,0,0,0,0,2,2,-0.2543499999999999,9,1,shrieking,6.656681644200366e-05,0.44123008568346517,0.2
artificial,0,0,1,0,0,0,0,0,0,0,0,0,0,0,0,2,1,0.4404,10,1,artificial,6.656681644200366e-05,0.44123008568346517,0.06666666666666667
confusion,1,0,0,0,0,0,0,0,0,0,0,0,0,0,0,2,2,-0.51925,9,1,confusion,6.656681644200366e-05,0.44123008568346517,0.06666666666666667
daughter,1,0,0,0,0,0,0,0,0,0,0,0,0,0,0,2,2,0.0085999999999999,8,1,daughter,6.656681644200366e-05,0.44123008568346517,0.06666666666666667
stayed,0,1,0,0,0,0,0,0,0,0,0,0,0,0,0,2,2,0.18805,6,1,stayed,6.656681644200366e-05,0.44123008568346517,0.06666666666666667
swung,0,1,0,0,0,0,0,0,0,0,0,0,0,0,0,2,2,0.125,5,1,swung,6.656681644200366e-05,0.44123008568346517,0.06666666666666667
flights,0,1,0,0,0,0,0,0,0,0,0,0,0,0,0,2,2,0.0,7,1,flights,6.656681644200366e-05,0.44123008568346517,0.06666666666666667
dilapidated,0,1,1,0,0,0,0,0,0,0,0,0,0,0,0,2,2,0.0,11,1,dilapidated,6.656681644200366e-05,0.44123008568346517,0.13333333333333333
jumped,0,1,0,0,0,0,0,0,0,0,0,0,0,0,0,2,2,0.0,6,1,jumped,6.656681644200366e-05,0.44123008568346517,0.06666666666666667
sack,1,1,0,0,0,0,0,0,0,0,0,0,0,0,0,2,2,-0.5783,4,1,sack,6.656681644200366e-05,0.44123008568346517,0.13333333333333333
interested,0,1,1,0,0,0,0,0,0,0,0,0,0,0,0,2,2,0.0489499999999999,10,1,interested,6.656681644200366e-05,0.44123008568346517,0.13333333333333333
extreme,1,0,1,0,0,0,0,0,0,0,0,0,0,0,0,2,2,0.37585,7,1,extreme,6.656681644200366e-05,0.44123008568346517,0.13333333333333333
loathe,0,0,0,0,0,0,0,0,0,0,0,0,0,0,0,2,2,-0.5749,6,1,loathe,6.656681644200366e-05,0.44123008568346517,0.0
beam,1,1,0,0,0,0,0,0,0,0,0,0,0,0,0,2,2,0.2986499999999999,4,1,beam,6.656681644200366e-05,0.44123008568346517,0.13333333333333333
cannonade,1,1,0,0,0,0,0,0,0,0,0,0,0,0,0,2,2,0.23835,9,1,cannonade,6.656681644200366e-05,0.44123008568346517,0.13333333333333333
embankment,1,0,0,0,0,0,0,0,0,0,0,0,0,0,0,2,2,-0.24695,10,1,embankment,6.656681644200366e-05,0.44123008568346517,0.06666666666666667
rich,0,0,1,0,0,0,0,0,0,0,0,0,0,0,0,2,2,0.7197,4,1,rich,6.656681644200366e-05,0.44123008568346517,0.06666666666666667
interest,1,1,0,0,0,0,0,0,0,0,0,0,0,0,0,2,2,0.3766,8,1,interest,6.656681644200366e-05,0.44123008568346517,0.13333333333333333
fright,0,0,0,0,0,0,0,0,0,0,0,0,0,0,0,2,2,-0.3818,6,1,fright,6.656681644200366e-05,0.44123008568346517,0.0
continually,0,0,0,1,0,0,0,0,0,0,0,0,0,0,0,2,2,0.14125,11,1,continually,6.656681644200366e-05,0.44123008568346517,0.06666666666666667
offi,0,0,0,0,0,0,0,0,0,0,0,0,0,0,0,2,2,-0.34505,4,1,offi,6.656681644200366e-05,0.44123008568346517,0.0
per,0,0,0,0,0,0,0,0,0,0,0,0,0,0,0,2,2,0.2202,3,1,per,6.656681644200366e-05,0.44123008568346517,0.0
pushed,0,1,1,0,0,0,0,0,0,0,0,0,0,0,0,2,2,0.2202,6,1,pushed,6.656681644200366e-05,0.44123008568346517,0.13333333333333333
missing,0,1,1,0,0,0,0,0,0,0,0,0,0,0,0,2,2,-0.0431499999999999,7,1,missing,6.656681644200366e-05,0.44123008568346517,0.13333333333333333
search,1,1,0,0,0,0,0,0,0,0,0,0,0,0,0,2,1,0.4404,6,1,search,6.656681644200366e-05,0.44123008568346517,0.13333333333333333
bought,1,1,1,0,0,0,0,0,0,0,0,0,0,0,0,2,2,0.2202,6,1,bought,6.656681644200366e-05,0.44123008568346517,0.2
quired,0,0,0,0,0,0,0,0,0,0,0,0,0,0,0,2,2,-0.0129,6,1,quired,6.656681644200366e-05,0.44123008568346517,0.0
history,1,0,0,0,0,0,0,0,0,0,0,0,0,0,0,2,2,0.00955,7,1,history,6.656681644200366e-05,0.44123008568346517,0.06666666666666667
personal,1,0,1,0,0,0,0,0,0,0,0,0,0,0,0,2,2,0.02845,8,1,personal,6.656681644200366e-05,0.44123008568346517,0.13333333333333333
coolly,0,0,0,1,0,0,0,0,0,0,0,0,0,0,0,2,2,0.1806,6,1,coolly,6.656681644200366e-05,0.44123008568346517,0.06666666666666667
plate,1,1,0,0,0,0,0,0,0,0,0,0,0,0,0,2,2,0.34735,5,1,plate,6.656681644200366e-05,0.44123008568346517,0.13333333333333333
emblazoned,0,0,0,0,0,0,0,0,0,0,0,0,0,0,0,2,2,-0.26335,10,1,emblazoned,6.656681644200366e-05,0.44123008568346517,0.0
crosses,1,1,0,0,0,0,0,0,0,0,0,0,0,0,0,2,2,-0.08895,7,1,crosses,6.656681644200366e-05,0.44123008568346517,0.13333333333333333
remonstrate,0,1,0,0,0,0,0,0,0,0,0,0,0,0,0,2,2,0.2899,11,1,remonstrate,6.656681644200366e-05,0.44123008568346517,0.06666666666666667
rear,1,1,1,0,0,0,0,0,0,0,0,0,0,0,0,2,2,0.1806,4,1,rear,6.656681644200366e-05,0.44123008568346517,0.2
motioned,0,0,0,0,0,0,0,0,0,0,0,0,0,0,0,2,2,0.3506,8,1,motioned,6.656681644200366e-05,0.44123008568346517,0.0
chatted,0,0,0,0,0,0,0,0,0,0,0,0,0,0,0,2,2,0.3286,7,1,chatted,6.656681644200366e-05,0.44123008568346517,0.0
clustered,0,0,1,0,0,0,0,0,0,0,0,0,0,0,0,2,2,0.1806,9,1,clustered,6.656681644200366e-05,0.44123008568346517,0.06666666666666667
rails,1,1,0,0,0,0,0,0,0,0,0,0,0,0,0,2,2,-0.26335,5,1,rails,6.656681644200366e-05,0.44123008568346517,0.13333333333333333
tear,1,1,0,0,0,0,0,0,0,0,0,0,0,0,0,2,2,-0.1303,4,1,tear,6.656681644200366e-05,0.44123008568346517,0.13333333333333333
restless,0,0,1,0,0,0,0,0,0,0,0,0,0,0,0,2,2,-0.2732,8,1,restless,6.656681644200366e-05,0.44123008568346517,0.06666666666666667
examining,0,1,0,0,0,0,0,0,0,0,0,0,0,0,0,2,2,-0.26335,9,1,examining,6.656681644200366e-05,0.44123008568346517,0.06666666666666667
wonder,1,1,0,0,0,0,0,0,0,0,0,0,0,0,0,2,2,0.0,6,1,wonder,6.656681644200366e-05,0.44123008568346517,0.13333333333333333
tinkle,1,1,0,0,0,0,0,0,0,0,0,0,0,0,0,2,2,0.3024,6,1,tinkle,6.656681644200366e-05,0.44123008568346517,0.13333333333333333
vicious,0,0,1,0,0,0,0,0,0,0,0,0,0,0,0,2,1,-0.1002,7,1,vicious,6.656681644200366e-05,0.44123008568346517,0.06666666666666667
charge,1,1,0,0,0,0,0,0,0,0,0,0,0,0,0,2,2,0.36135,6,1,charge,6.656681644200366e-05,0.44123008568346517,0.13333333333333333
crippled,0,1,1,0,0,0,0,0,0,0,0,0,0,0,0,2,2,-0.0167999999999999,8,1,crippled,6.656681644200366e-05,0.44123008568346517,0.13333333333333333
won,1,1,1,0,0,0,0,0,0,0,0,0,0,0,0,2,2,0.4379,3,1,won,6.656681644200366e-05,0.44123008568346517,0.2
staggered,0,0,0,0,0,0,0,0,0,0,0,0,0,0,0,2,2,-0.4825,9,1,staggered,6.656681644200366e-05,0.44123008568346517,0.0
daily,1,0,1,1,0,0,0,0,0,0,0,0,0,0,0,2,2,-0.0129,5,1,daily,6.656681644200366e-05,0.44123008568346517,0.2
chief,1,0,1,1,0,0,0,0,0,0,0,0,0,0,0,2,2,0.24695,5,1,chief,6.656681644200366e-05,0.44123008568346517,0.2
editor,1,0,0,0,0,0,0,0,0,0,0,0,0,0,0,2,2,0.0,6,1,editor,6.656681644200366e-05,0.44123008568346517,0.06666666666666667
holes,1,1,0,0,0,0,0,0,0,0,0,0,0,0,0,2,2,-0.4825,5,1,holes,6.656681644200366e-05,0.44123008568346517,0.13333333333333333
steylette,0,0,0,0,0,0,0,0,0,0,0,0,0,0,0,2,2,0.0,9,1,steylette,6.656681644200366e-05,0.44123008568346517,0.0
frontier,1,0,1,0,0,0,0,0,0,0,0,0,0,0,0,2,2,0.17,8,1,frontier,6.656681644200366e-05,0.44123008568346517,0.13333333333333333
reverend,1,0,1,0,0,0,0,0,0,0,0,0,0,0,0,2,2,0.29295,8,1,reverend,6.656681644200366e-05,0.44123008568346517,0.13333333333333333
killer,1,0,0,0,0,0,0,0,0,0,0,0,0,0,0,2,2,-0.4825,6,1,killer,6.656681644200366e-05,0.44123008568346517,0.06666666666666667
mother,1,1,0,0,0,0,0,0,0,0,0,0,0,0,0,2,2,-0.1108,6,1,mother,6.656681644200366e-05,0.44123008568346517,0.13333333333333333
thorne,0,0,0,0,0,0,0,0,0,0,0,0,0,0,0,2,2,-0.3045,6,1,thorne,6.656681644200366e-05,0.44123008568346517,0.0
stant,0,0,0,0,0,0,0,0,0,0,0,0,0,0,0,2,2,-0.064,5,1,stant,6.656681644200366e-05,0.44123008568346517,0.0
grille,1,0,0,0,0,0,0,0,0,0,0,0,0,0,0,2,2,0.16885,6,1,grille,6.656681644200366e-05,0.44123008568346517,0.06666666666666667
canned,0,1,1,0,0,0,0,0,0,0,0,0,0,0,0,2,1,0.0,6,1,canned,6.656681644200366e-05,0.44123008568346517,0.13333333333333333
success,1,0,0,0,0,0,0,0,0,0,0,0,0,0,0,2,2,0.70175,7,1,success,6.656681644200366e-05,0.44123008568346517,0.06666666666666667
retreat,1,1,0,0,0,0,0,0,0,0,0,0,0,0,0,2,2,-0.12755,7,1,retreat,6.656681644200366e-05,0.44123008568346517,0.13333333333333333
guernalec,0,0,0,0,0,0,0,0,0,0,0,0,0,0,0,2,2,-0.064,9,1,guernalec,6.656681644200366e-05,0.44123008568346517,0.0
dessert,1,0,0,0,0,0,0,0,0,0,0,0,0,0,0,2,2,0.0,7,1,dessert,6.656681644200366e-05,0.44123008568346517,0.06666666666666667
glasses,1,1,0,0,0,0,0,0,0,0,0,0,0,0,0,2,1,-0.128,7,1,glasses,6.656681644200366e-05,0.44123008568346517,0.13333333333333333
settle,1,1,0,0,0,0,0,0,0,0,0,0,0,0,0,2,2,0.27495,6,1,settle,6.656681644200366e-05,0.44123008568346517,0.13333333333333333
hussars,1,0,0,0,0,0,0,0,0,0,0,0,0,0,0,2,2,-0.418,7,1,hussars,6.656681644200366e-05,0.44123008568346517,0.06666666666666667
avenue,1,0,0,0,0,0,0,0,0,0,0,0,0,0,0,2,2,-0.65635,6,1,avenue,6.656681644200366e-05,0.44123008568346517,0.06666666666666667
carcosa,0,0,0,0,0,0,0,0,0,0,0,0,0,0,0,2,2,0.33525,7,1,carcosa,6.656681644200366e-05,0.44123008568346517,0.0
dingy,1,0,1,0,0,0,0,0,0,0,0,0,0,0,0,2,2,-0.21705,5,1,dingy,6.656681644200366e-05,0.44123008568346517,0.13333333333333333
entitled,0,1,1,0,0,0,0,0,0,0,0,0,0,0,0,2,2,0.2732,8,1,entitled,6.656681644200366e-05,0.44123008568346517,0.13333333333333333
named,0,1,1,0,0,0,0,0,0,0,0,0,0,0,0,2,2,-0.40445,5,1,named,6.656681644200366e-05,0.44123008568346517,0.13333333333333333
latter,1,0,1,0,0,0,0,0,0,0,0,0,0,0,0,2,2,-0.1217999999999999,6,1,latter,6.656681644200366e-05,0.44123008568346517,0.13333333333333333
cough,1,1,0,0,0,0,0,0,0,0,0,0,0,0,0,2,2,0.20095,5,1,cough,6.656681644200366e-05,0.44123008568346517,0.13333333333333333
calls,1,1,0,0,0,0,0,0,0,0,0,0,0,0,0,2,2,0.3326,5,1,calls,6.656681644200366e-05,0.44123008568346517,0.13333333333333333
stairway,1,0,0,0,0,0,0,0,0,0,0,0,0,0,0,2,2,-0.08895,8,1,stairway,6.656681644200366e-05,0.44123008568346517,0.06666666666666667
gasped,0,0,0,0,0,0,0,0,0,0,0,0,0,0,0,2,2,0.0,6,1,gasped,6.656681644200366e-05,0.44123008568346517,0.0
nice,1,0,1,0,0,0,0,0,0,0,0,0,0,0,0,2,2,0.5537,4,1,nice,6.656681644200366e-05,0.44123008568346517,0.13333333333333333
shutters,1,1,0,0,0,0,0,0,0,0,0,0,0,0,0,2,2,0.0059,8,1,shutters,6.656681644200366e-05,0.44123008568346517,0.13333333333333333
landing,1,1,0,0,0,0,0,0,0,0,0,0,0,0,0,2,2,0.0,7,1,landing,6.656681644200366e-05,0.44123008568346517,0.13333333333333333
ordered,0,0,1,0,0,0,0,0,0,0,0,0,0,0,0,2,2,0.0,7,1,ordered,6.656681644200366e-05,0.44123008568346517,0.06666666666666667
avalanche,1,1,0,0,0,0,0,0,0,0,0,0,0,0,0,2,2,-0.11315,9,1,avalanche,6.656681644200366e-05,0.44123008568346517,0.13333333333333333
repaired,0,1,1,0,0,0,0,0,0,0,0,0,0,0,0,2,2,0.28595,8,1,repaired,6.656681644200366e-05,0.44123008568346517,0.13333333333333333
letting,1,1,0,0,0,0,0,0,0,0,0,0,0,0,0,2,2,0.2899,7,1,letting,6.656681644200366e-05,0.44123008568346517,0.13333333333333333
america,1,0,0,0,0,0,0,0,0,0,0,0,0,0,0,2,2,-0.3275,7,1,america,6.656681644200366e-05,0.44123008568346517,0.06666666666666667
lars,1,0,0,0,0,0,0,0,0,0,0,0,0,0,0,2,2,0.0,4,1,lars,6.656681644200366e-05,0.44123008568346517,0.06666666666666667
sorrows,0,0,0,0,0,0,0,0,0,0,0,0,0,0,0,2,2,0.08345,7,1,sorrows,6.656681644200366e-05,0.44123008568346517,0.0
drifting,1,1,1,0,0,0,0,0,0,0,0,0,0,0,0,2,2,-0.064,8,1,drifting,6.656681644200366e-05,0.44123008568346517,0.2
neath,0,0,0,0,0,0,0,0,0,0,0,0,0,0,0,2,2,-0.1651,5,1,neath,6.656681644200366e-05,0.44123008568346517,0.0
chance,1,1,1,0,0,0,0,0,0,0,0,0,0,0,0,2,2,-0.2956999999999999,6,1,chance,6.656681644200366e-05,0.44123008568346517,0.2
stance,1,0,0,0,0,0,0,0,0,0,0,0,0,0,0,2,2,-0.4767,6,1,stance,6.656681644200366e-05,0.44123008568346517,0.06666666666666667
curling,1,1,1,0,0,0,0,0,0,0,0,0,0,0,0,2,2,0.13895,7,1,curling,6.656681644200366e-05,0.44123008568346517,0.2
sardines,1,0,0,0,0,0,0,0,0,0,0,0,0,0,0,2,2,0.5749,8,1,sardines,6.656681644200366e-05,0.44123008568346517,0.06666666666666667
pillagers,1,0,0,0,0,0,0,0,0,0,0,0,0,0,0,2,2,0.0,9,1,pillagers,6.656681644200366e-05,0.44123008568346517,0.06666666666666667
screamed,0,1,0,0,0,0,0,0,0,0,0,0,0,0,0,2,2,-0.4567,8,1,screamed,6.656681644200366e-05,0.44123008568346517,0.06666666666666667
shock,1,1,1,0,0,0,0,0,0,0,0,0,0,0,0,2,2,-0.1813,5,1,shock,6.656681644200366e-05,0.44123008568346517,0.2
mallet,1,0,0,0,0,0,0,0,0,0,0,0,0,0,0,2,2,0.1591,6,1,mallet,6.656681644200366e-05,0.44123008568346517,0.06666666666666667
crouched,0,1,1,0,0,0,0,0,0,0,0,0,0,0,0,2,2,0.0258,8,1,crouched,6.656681644200366e-05,0.44123008568346517,0.13333333333333333
flattened,0,0,1,0,0,0,0,0,0,0,0,0,0,0,0,2,2,-0.1442,9,1,flattened,6.656681644200366e-05,0.44123008568346517,0.06666666666666667
jingle,1,1,0,0,0,0,0,0,0,0,0,0,0,0,0,2,2,-0.05165,6,1,jingle,6.656681644200366e-05,0.44123008568346517,0.13333333333333333
prisoner,1,0,0,0,0,0,0,0,0,0,0,0,0,0,0,2,2,-0.7927,8,1,prisoner,6.656681644200366e-05,0.44123008568346517,0.06666666666666667
captain,1,1,0,0,0,0,0,0,0,0,0,0,0,0,0,2,2,0.1366,7,1,captain,6.656681644200366e-05,0.44123008568346517,0.13333333333333333
shuffle,1,1,0,0,0,0,0,0,0,0,0,0,0,0,0,2,2,-0.0085999999999999,7,1,shuffle,6.656681644200366e-05,0.44123008568346517,0.13333333333333333
effort,1,0,0,0,0,0,0,0,0,0,0,0,0,0,0,2,2,0.1829,6,1,effort,6.656681644200366e-05,0.44123008568346517,0.06666666666666667
dealers,1,0,0,0,0,0,0,0,0,0,0,0,0,0,0,2,2,0.0,7,1,dealers,6.656681644200366e-05,0.44123008568346517,0.06666666666666667
keeper,1,0,0,0,0,0,0,0,0,0,0,0,0,0,0,2,2,-0.2202,6,1,keeper,6.656681644200366e-05,0.44123008568346517,0.06666666666666667
pay,1,1,0,0,0,0,0,0,0,0,0,0,0,0,0,2,2,0.41895,3,1,pay,6.656681644200366e-05,0.44123008568346517,0.13333333333333333
choose,1,1,0,0,0,0,1,0,0,0,0,0,0,0,0,2,2,0.0556,6,1,choose,6.656681644200366e-05,0.44123008568346517,0.2
ner,0,0,0,0,0,0,0,0,0,0,0,0,0,0,0,2,2,-0.26335,3,1,ner,6.656681644200366e-05,0.44123008568346517,0.0
worn,0,1,1,0,0,0,0,0,0,0,0,0,0,0,0,2,2,0.0719,4,1,worn,6.656681644200366e-05,0.44123008568346517,0.13333333333333333
drunk,1,1,1,0,0,0,0,0,0,0,0,0,0,0,0,2,2,-0.5356000000000001,5,1,drunk,6.656681644200366e-05,0.44123008568346517,0.2
closely,0,0,0,1,0,0,0,0,0,0,0,0,0,0,0,2,2,-0.37345,7,1,closely,6.656681644200366e-05,0.44123008568346517,0.06666666666666667
strained,0,1,1,0,0,0,0,0,0,0,0,0,0,0,0,2,2,-0.50715,8,1,strained,6.656681644200366e-05,0.44123008568346517,0.13333333333333333
lent,1,1,0,0,0,0,0,0,0,0,0,0,0,0,0,2,2,-0.35875,4,1,lent,6.656681644200366e-05,0.44123008568346517,0.13333333333333333
locked,0,1,1,0,0,0,0,0,0,0,0,0,0,0,0,2,2,0.0,6,1,locked,6.656681644200366e-05,0.44123008568346517,0.13333333333333333
comrade,1,0,0,0,0,0,0,0,0,0,0,0,0,0,0,2,2,-0.26335,7,1,comrade,6.656681644200366e-05,0.44123008568346517,0.06666666666666667
eccentric,1,0,1,0,0,0,0,0,0,0,0,0,0,0,0,2,2,-0.06375,9,1,eccentric,6.656681644200366e-05,0.44123008568346517,0.13333333333333333
move,1,1,0,0,0,0,0,0,0,0,0,0,0,0,0,2,2,-0.15705,4,1,move,6.656681644200366e-05,0.44123008568346517,0.13333333333333333
coughed,0,1,0,0,0,0,0,0,0,0,0,0,0,0,0,2,2,-0.2202,7,1,coughed,6.656681644200366e-05,0.44123008568346517,0.06666666666666667
damaged,0,1,1,0,0,0,0,0,0,0,0,0,0,0,0,2,2,-0.4404,7,1,damaged,6.656681644200366e-05,0.44123008568346517,0.13333333333333333
minister,1,1,0,0,0,0,0,0,0,0,0,0,0,0,0,2,2,-0.63025,8,1,minister,6.656681644200366e-05,0.44123008568346517,0.13333333333333333
republics,1,0,0,0,0,0,0,0,0,0,0,0,0,0,0,2,2,-0.1909,9,1,republics,6.656681644200366e-05,0.44123008568346517,0.06666666666666667
almond,1,0,0,0,0,0,0,0,0,0,0,0,0,0,0,2,2,0.0,6,1,almond,6.656681644200366e-05,0.44123008568346517,0.06666666666666667
ended,0,1,1,0,0,0,0,0,0,0,0,0,0,0,0,2,2,0.36345,5,1,ended,6.656681644200366e-05,0.44123008568346517,0.13333333333333333
apology,1,0,0,0,0,0,0,0,0,0,0,0,0,0,0,2,2,0.38875,7,1,apology,6.656681644200366e-05,0.44123008568346517,0.06666666666666667
drifted,0,1,0,0,0,0,0,0,0,0,0,0,0,0,0,2,2,-0.5278,7,1,drifted,6.656681644200366e-05,0.44123008568346517,0.06666666666666667
haze,1,1,0,0,0,0,0,0,0,0,0,0,0,0,0,2,2,0.1806,4,1,haze,6.656681644200366e-05,0.44123008568346517,0.13333333333333333
hooded,0,1,1,0,0,0,0,0,0,0,0,0,0,0,0,2,2,-0.05135,6,1,hooded,6.656681644200366e-05,0.44123008568346517,0.13333333333333333
gathered,0,0,1,0,0,0,0,0,0,0,0,0,0,0,0,2,2,-0.2553,8,1,gathered,6.656681644200366e-05,0.44123008568346517,0.06666666666666667
hounds,1,1,0,0,0,0,0,0,0,0,0,0,0,0,0,2,2,0.1839,6,1,hounds,6.656681644200366e-05,0.44123008568346517,0.13333333333333333
brained,0,1,0,0,0,0,0,0,0,0,0,0,0,0,0,2,2,0.44895,7,1,brained,6.656681644200366e-05,0.44123008568346517,0.06666666666666667
horn,1,1,0,0,0,0,0,0,0,0,0,0,0,0,0,2,2,0.0374,4,1,horn,6.656681644200366e-05,0.44123008568346517,0.13333333333333333
hunting,0,1,0,0,0,0,0,0,0,0,0,0,0,0,0,2,2,-0.3259499999999999,7,1,hunting,6.656681644200366e-05,0.44123008568346517,0.06666666666666667
tall,1,0,1,0,0,0,0,0,0,0,0,0,0,0,0,2,2,0.87215,4,1,tall,6.656681644200366e-05,0.44123008568346517,0.13333333333333333
fashioned,0,1,1,0,0,0,0,0,0,0,0,0,0,0,0,2,2,0.23835,9,1,fashioned,6.656681644200366e-05,0.44123008568346517,0.13333333333333333
suggest,0,1,0,0,0,0,0,0,0,0,0,0,0,0,0,2,2,0.1191,7,1,suggest,6.656681644200366e-05,0.44123008568346517,0.06666666666666667
bank,1,1,0,0,0,0,0,0,0,0,0,0,0,0,0,2,2,-0.0386,4,1,bank,6.656681644200366e-05,0.44123008568346517,0.13333333333333333
vaguely,0,0,0,1,0,0,0,0,0,0,0,0,0,0,0,2,2,-0.46605,7,1,vaguely,6.656681644200366e-05,0.44123008568346517,0.06666666666666667
bling,1,0,0,0,0,0,0,0,0,0,0,0,0,0,0,2,2,-0.06275,5,1,bling,6.656681644200366e-05,0.44123008568346517,0.06666666666666667
floated,0,1,0,0,0,0,0,0,0,0,0,0,0,0,0,2,2,0.0374,7,1,floated,6.656681644200366e-05,0.44123008568346517,0.06666666666666667
finable,0,0,1,0,0,0,0,0,0,0,0,0,0,0,0,2,2,0.0,7,1,finable,6.656681644200366e-05,0.44123008568346517,0.06666666666666667
quaint,1,0,1,0,0,0,0,0,0,0,0,0,0,0,0,2,1,0.0,6,1,quaint,6.656681644200366e-05,0.44123008568346517,0.13333333333333333
salvation,1,0,0,0,0,0,0,0,0,0,0,0,0,0,0,2,2,0.38325,9,1,salvation,6.656681644200366e-05,0.44123008568346517,0.06666666666666667
inclina,0,0,0,0,0,0,0,0,0,0,0,0,0,0,0,2,2,-0.21075,7,1,inclina,6.656681644200366e-05,0.44123008568346517,0.0
lights,1,1,0,0,0,0,0,0,0,0,0,0,0,0,0,2,2,0.14495,6,1,lights,6.656681644200366e-05,0.44123008568346517,0.13333333333333333
money,1,0,0,0,0,0,0,0,0,0,0,0,0,0,0,2,2,0.2997,5,1,money,6.656681644200366e-05,0.44123008568346517,0.06666666666666667
ton,1,0,0,1,0,0,0,0,0,0,0,0,0,0,0,2,2,0.0,3,1,ton,6.656681644200366e-05,0.44123008568346517,0.13333333333333333
calm,1,1,1,0,0,0,0,0,0,0,0,0,0,0,0,2,2,0.48895,4,1,calm,6.656681644200366e-05,0.44123008568346517,0.2
covert,1,0,1,0,0,0,0,0,0,0,0,0,0,0,0,2,2,0.0,6,1,covert,6.656681644200366e-05,0.44123008568346517,0.13333333333333333
prosperity,1,0,0,0,0,0,0,0,0,0,0,0,0,0,0,2,2,0.601,10,1,prosperity,6.656681644200366e-05,0.44123008568346517,0.06666666666666667
rise,1,1,0,0,0,0,0,0,0,0,0,0,0,0,0,2,2,0.0,4,1,rise,6.656681644200366e-05,0.44123008568346517,0.13333333333333333
indian,1,0,1,0,0,0,0,0,0,0,0,0,0,0,0,2,1,0.6428,6,1,indian,6.656681644200366e-05,0.44123008568346517,0.13333333333333333
problem,1,0,0,0,0,0,0,0,0,0,0,0,0,0,0,2,2,0.12045,7,1,problem,6.656681644200366e-05,0.44123008568346517,0.06666666666666667
fascinating,0,1,1,0,0,0,0,0,0,0,0,0,0,0,0,2,2,0.7117,11,1,fascinating,6.656681644200366e-05,0.44123008568346517,0.13333333333333333
moonlight,1,1,0,0,0,0,0,0,0,0,0,0,0,0,0,2,2,0.3525,9,1,moonlight,6.656681644200366e-05,0.44123008568346517,0.13333333333333333
noisy,0,0,1,0,0,0,0,0,0,0,0,0,0,0,0,2,2,-0.2899,5,1,noisy,6.656681644200366e-05,0.44123008568346517,0.06666666666666667
jet,1,1,1,0,0,0,0,0,0,0,0,0,0,0,0,2,2,0.2885,3,1,jet,6.656681644200366e-05,0.44123008568346517,0.2
quarry,1,1,0,0,0,0,0,0,0,0,0,0,0,0,0,2,2,0.1338,6,1,quarry,6.656681644200366e-05,0.44123008568346517,0.13333333333333333
bench,1,1,0,0,0,0,0,0,0,0,0,0,0,0,0,2,2,-0.07655,5,1,bench,6.656681644200366e-05,0.44123008568346517,0.13333333333333333
salutation,1,0,0,0,0,0,0,0,0,0,0,0,0,0,0,2,2,0.6826,10,1,salutation,6.656681644200366e-05,0.44123008568346517,0.06666666666666667
lazy,0,0,1,0,0,0,0,0,0,0,0,0,0,0,0,2,2,0.4626,4,1,lazy,6.656681644200366e-05,0.44123008568346517,0.06666666666666667
inspected,0,1,0,0,0,0,0,0,0,0,0,0,0,0,0,2,2,-0.114,9,1,inspected,6.656681644200366e-05,0.44123008568346517,0.06666666666666667
courtoisie,0,0,0,0,0,0,0,0,0,0,0,0,0,0,0,2,2,0.07075,10,1,courtoisie,6.656681644200366e-05,0.44123008568346517,0.0
finishing,1,1,0,0,0,0,0,0,0,0,0,0,0,0,0,2,2,-0.1494,9,1,finishing,6.656681644200366e-05,0.44123008568346517,0.13333333333333333
piqueur,0,0,0,0,0,0,0,0,0,0,0,0,0,0,0,2,2,0.0,7,1,piqueur,6.656681644200366e-05,0.44123008568346517,0.0
dried,0,1,1,0,0,0,0,0,0,0,0,0,0,0,0,2,2,0.0,5,1,dried,6.656681644200366e-05,0.44123008568346517,0.13333333333333333
occurred,0,1,0,0,0,0,0,0,0,0,0,0,0,0,0,2,2,0.0376,8,1,occurred,6.656681644200366e-05,0.44123008568346517,0.06666666666666667
osborne,1,0,0,0,0,0,0,0,0,0,0,0,0,0,0,2,2,0.0,7,1,osborne,6.656681644200366e-05,0.44123008568346517,0.06666666666666667
sing,1,1,0,0,0,0,0,0,0,0,0,0,0,0,0,2,2,-0.36345,4,1,sing,6.656681644200366e-05,0.44123008568346517,0.13333333333333333
lieve,0,0,0,1,0,0,0,0,0,0,0,0,0,0,0,2,2,-0.3044,5,1,lieve,6.656681644200366e-05,0.44123008568346517,0.06666666666666667
following,1,1,1,0,0,0,0,0,0,0,0,0,0,0,0,2,2,-0.28595,9,1,following,6.656681644200366e-05,0.44123008568346517,0.2
beautifully,0,0,0,1,0,0,0,0,0,0,0,0,0,0,0,2,2,0.7464,11,1,beautifully,6.656681644200366e-05,0.44123008568346517,0.06666666666666667
forgive,0,1,0,0,0,0,0,0,0,0,0,0,0,0,0,2,2,0.2732,7,1,forgive,6.656681644200366e-05,0.44123008568346517,0.06666666666666667
ranged,0,1,1,0,0,0,0,0,0,0,0,0,0,0,0,2,2,0.1849,6,1,ranged,6.656681644200366e-05,0.44123008568346517,0.13333333333333333
mademoiselle,1,0,0,0,0,0,0,0,0,0,0,0,0,0,0,2,2,0.28595,12,1,mademoiselle,6.656681644200366e-05,0.44123008568346517,0.06666666666666667
human,1,0,1,0,0,0,0,0,0,0,0,0,0,0,0,2,2,0.13705,5,1,human,6.656681644200366e-05,0.44123008568346517,0.13333333333333333
bay,1,1,1,0,0,0,0,0,0,0,0,0,0,0,0,2,2,-0.0118,3,1,bay,6.656681644200366e-05,0.44123008568346517,0.2
starved,0,1,1,0,0,0,0,0,0,0,0,0,0,0,0,2,2,-0.21075,7,1,starved,6.656681644200366e-05,0.44123008568346517,0.13333333333333333
disregard,1,0,0,0,0,0,0,0,0,0,0,0,0,0,0,2,2,-0.60035,9,1,disregard,6.656681644200366e-05,0.44123008568346517,0.06666666666666667
names,1,1,0,0,0,0,0,0,0,0,0,0,0,0,0,2,2,-0.2553,5,1,names,6.656681644200366e-05,0.44123008568346517,0.13333333333333333
list,1,1,0,0,0,0,0,0,0,0,0,0,0,0,0,2,2,-0.3919,4,1,list,6.656681644200366e-05,0.44123008568346517,0.13333333333333333
jesses,1,0,0,0,0,0,0,0,0,0,0,0,0,0,0,2,2,-0.05135,6,1,jesses,6.656681644200366e-05,0.44123008568346517,0.06666666666666667
ages,1,1,0,0,0,0,0,0,0,0,0,0,0,0,0,2,2,0.311,4,1,ages,6.656681644200366e-05,0.44123008568346517,0.13333333333333333
breton,1,0,0,0,0,0,0,0,0,0,0,0,0,0,0,2,2,0.8118,6,1,breton,6.656681644200366e-05,0.44123008568346517,0.06666666666666667
walled,0,1,1,0,0,0,0,0,0,0,0,0,0,0,0,2,2,0.148,6,1,walled,6.656681644200366e-05,0.44123008568346517,0.13333333333333333
saved,0,1,1,0,0,0,0,0,0,0,0,0,0,0,0,2,2,0.43095,5,1,saved,6.656681644200366e-05,0.44123008568346517,0.13333333333333333
imperial,1,0,1,0,0,0,0,0,0,0,0,0,0,0,0,2,2,0.292,8,1,imperial,6.656681644200366e-05,0.44123008568346517,0.13333333333333333
tions,0,0,0,0,0,0,0,0,0,0,0,0,0,0,0,2,2,0.54005,5,1,tions,6.656681644200366e-05,0.44123008568346517,0.0
scolloped,0,0,0,0,0,0,0,0,0,0,0,0,0,0,0,2,2,0.0292999999999999,9,1,scolloped,6.656681644200366e-05,0.44123008568346517,0.0
stop,1,1,0,0,0,0,0,0,0,0,0,0,0,0,0,2,2,0.22555,4,1,stop,6.656681644200366e-05,0.44123008568346517,0.13333333333333333
mentioned,0,1,0,0,0,0,0,0,0,0,0,0,0,0,0,2,2,0.0,9,1,mentioned,6.656681644200366e-05,0.44123008568346517,0.06666666666666667
result,1,1,0,0,0,0,0,0,0,0,0,0,0,0,0,2,2,0.29295,6,1,result,6.656681644200366e-05,0.44123008568346517,0.13333333333333333
script,1,1,0,0,0,0,0,0,0,0,0,0,0,0,0,2,2,0.4511,6,1,script,6.656681644200366e-05,0.44123008568346517,0.13333333333333333
several,1,0,1,0,0,0,0,0,0,0,0,0,0,0,1,2,2,0.1591,7,1,several,6.656681644200366e-05,0.44123008568346517,0.2
share,1,1,0,0,0,0,0,0,0,0,0,0,0,0,0,2,2,0.296,5,1,share,6.656681644200366e-05,0.44123008568346517,0.13333333333333333
ys,0,0,0,0,0,0,0,0,0,0,0,0,0,0,0,2,2,0.47635,2,0,ys,6.656681644200366e-05,0.44123008568346517,0.0
driving,1,1,1,0,0,0,0,0,0,0,0,0,0,0,0,2,2,-0.52725,7,1,driving,6.656681644200366e-05,0.44123008568346517,0.2
restraint,1,0,0,0,0,0,0,0,0,0,0,0,0,0,0,2,2,-0.0210999999999999,9,1,restraint,6.656681644200366e-05,0.44123008568346517,0.06666666666666667
getting,1,1,0,0,0,0,0,0,0,0,0,0,0,0,0,2,2,0.0,7,1,getting,6.656681644200366e-05,0.44123008568346517,0.13333333333333333
master,1,1,1,0,0,0,0,0,0,0,0,0,0,0,0,2,2,-0.3907,6,1,master,6.656681644200366e-05,0.44123008568346517,0.2
nobody,1,0,0,0,0,0,0,0,0,0,1,0,0,0,1,2,2,0.0,6,1,nobody,6.656681644200366e-05,0.44123008568346517,0.2
built,1,1,1,0,0,0,0,0,0,0,0,0,0,0,0,2,2,0.0,5,1,built,6.656681644200366e-05,0.44123008568346517,0.2
buildings,1,0,0,0,0,0,0,0,0,0,0,0,0,0,0,2,2,-0.10115,9,1,buildings,6.656681644200366e-05,0.44123008568346517,0.06666666666666667
groaned,0,1,0,0,0,0,0,0,0,0,0,0,0,0,0,2,2,-0.1591,7,1,groaned,6.656681644200366e-05,0.44123008568346517,0.06666666666666667
useless,0,0,1,0,0,0,0,0,0,0,0,0,0,0,0,2,2,-0.4215,7,1,useless,6.656681644200366e-05,0.44123008568346517,0.06666666666666667
shake,1,1,0,0,0,0,0,0,0,0,0,0,0,0,0,2,2,0.13125,5,1,shake,6.656681644200366e-05,0.44123008568346517,0.13333333333333333
utter,0,1,1,0,0,0,0,0,0,0,0,0,0,0,0,2,2,-0.34505,5,1,utter,6.656681644200366e-05,0.44123008568346517,0.13333333333333333
ure,0,0,0,0,0,0,0,0,0,0,0,0,0,0,0,2,2,-0.3753,3,1,ure,6.656681644200366e-05,0.44123008568346517,0.0
follow,0,1,0,0,0,0,0,0,0,0,0,0,0,0,0,2,2,0.42945,6,1,follow,6.656681644200366e-05,0.44123008568346517,0.06666666666666667
fury,1,0,0,0,0,0,0,0,0,0,0,0,0,0,0,2,2,0.1435,4,1,fury,6.656681644200366e-05,0.44123008568346517,0.06666666666666667
blossoms,1,1,0,0,0,0,0,0,0,0,0,0,0,0,0,2,2,-0.21075,8,1,blossoms,6.656681644200366e-05,0.44123008568346517,0.13333333333333333
gorse,1,0,0,0,0,0,0,0,0,0,0,0,0,0,0,2,2,-0.4740999999999999,5,1,gorse,6.656681644200366e-05,0.44123008568346517,0.06666666666666667
ponds,1,0,0,0,0,0,0,0,0,0,0,0,0,0,0,2,2,-0.22555,5,1,ponds,6.656681644200366e-05,0.44123008568346517,0.06666666666666667
pitched,0,1,1,0,0,0,0,0,0,0,0,0,0,0,0,2,2,-0.27225,7,1,pitched,6.656681644200366e-05,0.44123008568346517,0.13333333333333333
odeon,1,0,0,0,0,0,0,0,0,0,0,0,0,0,0,2,2,-0.34505,5,1,odeon,6.656681644200366e-05,0.44123008568346517,0.06666666666666667
nations,1,0,0,0,0,0,0,0,0,0,0,0,0,0,0,2,2,0.441,7,1,nations,6.656681644200366e-05,0.44123008568346517,0.06666666666666667
portfolios,1,0,0,0,0,0,0,0,0,0,0,0,0,0,0,2,2,-0.50415,10,1,portfolios,6.656681644200366e-05,0.44123008568346517,0.06666666666666667
opalescent,0,0,1,0,0,0,0,0,0,0,0,0,0,0,0,2,2,0.3404,10,1,opalescent,6.656681644200366e-05,0.44123008568346517,0.06666666666666667
veloped,0,0,0,0,0,0,0,0,0,0,0,0,0,0,0,2,2,-0.36345,7,1,veloped,6.656681644200366e-05,0.44123008568346517,0.0
proper,0,0,1,1,0,0,0,0,0,0,0,0,0,0,0,2,2,0.0,6,1,proper,6.656681644200366e-05,0.44123008568346517,0.13333333333333333
skipping,0,1,0,0,0,0,0,0,0,0,0,0,0,0,0,2,2,-0.4582,8,1,skipping,6.656681644200366e-05,0.44123008568346517,0.06666666666666667
crimson,1,0,1,0,0,0,0,0,0,0,0,0,0,0,0,2,2,0.0952,7,1,crimson,6.656681644200366e-05,0.44123008568346517,0.13333333333333333
visited,0,0,0,0,0,0,0,0,0,0,0,0,0,0,0,2,2,0.0,7,1,visited,6.656681644200366e-05,0.44123008568346517,0.0
coat,1,1,0,0,0,0,0,0,0,0,0,0,0,0,0,2,2,-0.3049,4,1,coat,6.656681644200366e-05,0.44123008568346517,0.13333333333333333
annoyed,0,1,1,0,0,0,0,0,0,0,0,0,0,0,0,2,2,-0.27365,7,1,annoyed,6.656681644200366e-05,0.44123008568346517,0.13333333333333333
inlaid,0,0,1,0,0,0,0,0,0,0,0,0,0,0,0,2,2,0.2787,6,1,inlaid,6.656681644200366e-05,0.44123008568346517,0.06666666666666667
nation,1,0,0,0,0,0,0,0,0,0,0,0,0,0,0,2,2,0.6001000000000001,6,1,nation,6.656681644200366e-05,0.44123008568346517,0.06666666666666667
sigh,1,1,0,0,0,0,0,0,0,0,0,0,0,0,0,2,2,0.53215,4,1,sigh,6.656681644200366e-05,0.44123008568346517,0.13333333333333333
writing,1,1,0,0,0,0,0,0,0,0,0,0,0,0,0,2,2,-0.654,7,1,writing,6.656681644200366e-05,0.44123008568346517,0.13333333333333333
si,1,0,0,0,0,0,0,0,0,0,0,0,0,0,0,2,2,-0.148,2,1,si,6.656681644200366e-05,0.44123008568346517,0.06666666666666667
resumed,0,1,0,0,0,0,0,0,0,0,0,0,0,0,0,2,2,0.1113,7,1,resumed,6.656681644200366e-05,0.44123008568346517,0.06666666666666667
final,1,0,1,0,0,0,0,0,0,0,0,0,0,0,0,2,2,0.0,5,1,final,6.656681644200366e-05,0.44123008568346517,0.13333333333333333
p,1,0,0,0,0,0,0,0,0,0,0,0,0,0,0,2,2,0.0,1,1,p,6.656681644200366e-05,0.44123008568346517,0.06666666666666667
sombre,0,0,1,0,0,0,0,0,0,0,0,0,0,0,0,2,2,-0.01755,6,1,sombre,6.656681644200366e-05,0.44123008568346517,0.06666666666666667
kerselec,0,0,0,0,0,0,0,0,0,0,0,0,0,0,0,2,2,0.60285,8,1,kerselec,6.656681644200366e-05,0.44123008568346517,0.0
watch,1,1,0,0,0,0,0,0,0,0,0,0,0,0,0,2,2,-0.2202,5,1,watch,6.656681644200366e-05,0.44123008568346517,0.13333333333333333
rock,1,1,0,0,0,0,0,0,0,0,0,0,0,0,0,2,2,0.0,4,1,rock,6.656681644200366e-05,0.44123008568346517,0.13333333333333333
ocean,1,0,0,0,0,0,0,0,0,0,0,0,0,0,0,2,2,-0.3243,5,1,ocean,6.656681644200366e-05,0.44123008568346517,0.06666666666666667
leash,1,0,0,0,0,0,0,0,0,0,0,0,0,0,0,2,1,0.0,5,1,leash,6.656681644200366e-05,0.44123008568346517,0.06666666666666667
prey,1,1,0,0,0,0,0,0,0,0,0,0,0,0,0,2,2,-0.18305,4,1,prey,6.656681644200366e-05,0.44123008568346517,0.13333333333333333
constant,1,0,1,0,0,0,0,0,0,0,0,0,0,0,0,2,2,-0.40845,8,1,constant,6.656681644200366e-05,0.44123008568346517,0.13333333333333333
flowering,1,0,1,0,0,0,0,0,0,0,0,0,0,0,0,2,2,-0.1591,9,1,flowering,6.656681644200366e-05,0.44123008568346517,0.13333333333333333
peering,0,1,0,0,0,0,0,0,0,0,0,0,0,0,0,2,2,-0.254,7,1,peering,6.656681644200366e-05,0.44123008568346517,0.06666666666666667
leaped,0,1,0,0,0,0,0,0,0,0,0,0,0,0,0,2,2,0.3158999999999999,6,1,leaped,6.656681644200366e-05,0.44123008568346517,0.06666666666666667
capable,0,0,1,0,0,0,0,0,0,0,0,0,0,0,0,2,2,0.3818,7,1,capable,6.656681644200366e-05,0.44123008568346517,0.06666666666666667
talons,1,0,0,0,0,0,0,0,0,0,0,0,0,0,0,2,2,0.0,6,1,talons,6.656681644200366e-05,0.44123008568346517,0.06666666666666667
bits,1,1,0,0,0,0,0,0,0,0,0,0,0,0,0,2,2,0.28595,4,1,bits,6.656681644200366e-05,0.44123008568346517,0.13333333333333333
tossing,1,1,1,0,0,0,0,0,0,0,0,0,0,0,0,2,2,0.56465,7,1,tossing,6.656681644200366e-05,0.44123008568346517,0.2
hare,1,1,0,0,0,0,0,0,0,0,0,0,0,0,0,2,2,-0.2473,4,1,hare,6.656681644200366e-05,0.44123008568346517,0.13333333333333333
bracken,1,0,0,0,0,0,0,0,0,0,0,0,0,0,0,2,2,-0.0268499999999999,7,1,bracken,6.656681644200366e-05,0.44123008568346517,0.06666666666666667
soared,0,1,0,0,0,0,0,0,0,0,0,0,0,0,0,2,2,0.1591,6,1,soared,6.656681644200366e-05,0.44123008568346517,0.06666666666666667
buried,0,1,1,0,0,0,0,0,0,0,0,0,0,0,0,2,2,-0.5635,6,1,buried,6.656681644200366e-05,0.44123008568346517,0.13333333333333333
tance,0,0,0,0,0,0,0,0,0,0,0,0,0,0,0,2,2,0.4588,5,1,tance,6.656681644200366e-05,0.44123008568346517,0.0
ad,1,0,0,1,0,0,0,0,0,0,0,0,0,0,0,2,2,0.1472,2,1,ad,6.656681644200366e-05,0.44123008568346517,0.13333333333333333
anger,1,1,0,0,0,0,0,0,0,0,0,0,0,0,0,2,2,-0.80125,5,1,anger,6.656681644200366e-05,0.44123008568346517,0.13333333333333333
fatigue,1,0,1,0,0,0,0,0,0,0,0,0,0,0,0,2,2,-0.5203,7,1,fatigue,6.656681644200366e-05,0.44123008568346517,0.13333333333333333
occasionally,0,0,0,1,0,0,0,0,0,0,0,0,0,0,0,2,2,-0.114,12,1,occasionally,6.656681644200366e-05,0.44123008568346517,0.06666666666666667
fourth,1,0,1,1,0,0,0,0,0,0,0,0,0,0,0,2,2,-0.27695,6,1,fourth,6.656681644200366e-05,0.44123008568346517,0.2
des,1,0,0,0,0,0,0,0,0,0,0,0,0,0,0,2,2,0.0,3,1,des,6.656681644200366e-05,0.44123008568346517,0.06666666666666667
dust,1,1,0,0,0,0,0,0,0,0,0,0,0,0,0,2,2,-0.0386,4,1,dust,6.656681644200366e-05,0.44123008568346517,0.13333333333333333
level,1,1,1,0,0,0,0,0,0,0,0,0,0,0,0,2,2,0.41,5,1,level,6.656681644200366e-05,0.44123008568346517,0.2
renounce,1,0,0,0,0,0,0,0,0,0,0,0,0,0,0,2,2,0.24695,8,1,renounce,6.656681644200366e-05,0.44123008568346517,0.06666666666666667
sketching,1,1,0,0,0,0,0,0,0,0,0,0,0,0,0,2,2,0.17,9,1,sketching,6.656681644200366e-05,0.44123008568346517,0.13333333333333333
brick,1,0,1,0,0,0,0,0,0,0,0,0,0,0,0,2,2,0.23835,5,1,brick,6.656681644200366e-05,0.44123008568346517,0.13333333333333333
sunday,1,0,0,0,0,0,0,0,0,0,0,0,0,0,0,2,2,0.29295,6,1,sunday,6.656681644200366e-05,0.44123008568346517,0.06666666666666667
barracks,1,1,0,0,0,0,0,0,0,0,0,0,0,0,0,2,2,0.0,8,1,barracks,6.656681644200366e-05,0.44123008568346517,0.13333333333333333
unfolded,0,1,1,0,0,0,0,0,0,0,0,0,0,0,0,2,2,0.0,8,1,unfolded,6.656681644200366e-05,0.44123008568346517,0.13333333333333333
bered,0,0,0,0,0,0,0,0,0,0,0,0,0,0,0,2,2,-0.1121,5,1,bered,6.656681644200366e-05,0.44123008568346517,0.0
scorn,0,0,0,0,0,0,0,0,0,0,0,0,0,0,0,2,2,-0.13695,5,1,scorn,6.656681644200366e-05,0.44123008568346517,0.0
reading,1,1,0,0,0,0,0,0,0,0,0,0,0,0,0,2,2,0.0766,7,1,reading,6.656681644200366e-05,0.44123008568346517,0.13333333333333333
crown,1,1,0,0,0,0,0,0,0,0,0,0,0,0,0,2,2,0.24695,5,1,crown,6.656681644200366e-05,0.44123008568346517,0.13333333333333333
sparkled,0,1,0,0,0,0,0,0,0,0,0,0,0,0,0,2,2,0.2252999999999999,8,1,sparkled,6.656681644200366e-05,0.44123008568346517,0.06666666666666667
bugles,1,1,0,0,0,0,0,0,0,0,0,0,0,0,0,2,2,0.5759,6,1,bugles,6.656681644200366e-05,0.44123008568346517,0.13333333333333333
pole,1,1,0,0,0,0,0,0,0,0,0,0,0,0,0,2,2,0.3953,4,1,pole,6.656681644200366e-05,0.44123008568346517,0.13333333333333333
flag,1,1,0,0,0,0,0,0,0,0,0,0,0,0,0,2,2,0.1241499999999999,4,1,flag,6.656681644200366e-05,0.44123008568346517,0.13333333333333333
tarnished,0,1,1,0,0,0,0,0,0,0,0,0,0,0,0,2,2,-0.20095,9,1,tarnished,6.656681644200366e-05,0.44123008568346517,0.13333333333333333
jewelled,0,0,1,0,0,0,0,0,0,0,0,0,0,0,0,2,2,-0.20095,8,1,jewelled,6.656681644200366e-05,0.44123008568346517,0.06666666666666667
flagons,1,0,0,0,0,0,0,0,0,0,0,0,0,0,0,2,2,-0.20095,7,1,flagons,6.656681644200366e-05,0.44123008568346517,0.06666666666666667
sheet,1,1,0,0,0,0,0,0,0,0,0,0,0,0,0,2,2,-0.20095,5,1,sheet,6.656681644200366e-05,0.44123008568346517,0.13333333333333333
spoken,0,1,1,0,0,0,0,0,0,0,0,0,0,0,0,2,2,0.3478,6,1,spoken,6.656681644200366e-05,0.44123008568346517,0.13333333333333333
remained,0,1,0,0,0,0,0,0,0,0,0,0,0,0,0,2,2,-0.1366,8,1,remained,6.656681644200366e-05,0.44123008568346517,0.06666666666666667
severn,1,0,0,0,0,0,0,0,0,0,0,0,0,0,0,2,2,0.0933999999999999,6,1,severn,6.656681644200366e-05,0.44123008568346517,0.06666666666666667
quaintly,0,0,0,1,0,0,0,0,0,0,0,0,0,0,0,2,2,0.0,8,1,quaintly,6.656681644200366e-05,0.44123008568346517,0.06666666666666667
le,0,0,0,0,0,0,0,0,0,0,0,0,0,0,0,2,2,0.0,2,0,le,6.656681644200366e-05,0.44123008568346517,0.0
les,1,0,0,0,0,0,0,0,0,0,0,0,0,0,0,2,2,0.0,3,1,les,6.656681644200366e-05,0.44123008568346517,0.06666666666666667
loving,0,1,1,0,0,0,0,0,0,0,0,0,0,0,0,2,2,0.44895,6,1,loving,6.656681644200366e-05,0.44123008568346517,0.13333333333333333
alert,1,0,1,0,0,0,0,0,0,0,0,0,0,0,0,2,2,0.0565499999999999,5,1,alert,6.656681644200366e-05,0.44123008568346517,0.13333333333333333
chuckled,0,1,0,0,0,0,0,0,0,0,0,0,0,0,0,2,2,0.4153,8,1,chuckled,6.656681644200366e-05,0.44123008568346517,0.06666666666666667
puss,1,0,0,0,0,0,0,0,0,0,0,0,0,0,0,2,2,-0.3454,4,1,puss,6.656681644200366e-05,0.44123008568346517,0.06666666666666667
ther,0,0,0,0,0,0,0,0,0,0,0,0,0,0,0,2,2,0.21075,4,1,ther,6.656681644200366e-05,0.44123008568346517,0.0
gun,1,1,0,0,0,0,0,0,0,0,0,0,0,0,0,2,2,0.30635,3,1,gun,6.656681644200366e-05,0.44123008568346517,0.13333333333333333
sunset,1,0,1,0,0,0,0,0,0,0,0,0,0,0,0,2,2,0.70775,6,1,sunset,6.656681644200366e-05,0.44123008568346517,0.13333333333333333
translated,0,1,0,0,0,0,0,0,0,0,0,0,0,0,0,2,2,0.2202,10,1,translated,6.656681644200366e-05,0.44123008568346517,0.06666666666666667
din,1,1,0,0,0,0,0,0,0,0,0,0,0,0,0,2,2,-0.17,3,1,din,6.656681644200366e-05,0.44123008568346517,0.13333333333333333
infernal,1,0,1,0,0,0,0,0,0,0,0,0,0,0,0,2,2,-0.17,8,1,infernal,6.656681644200366e-05,0.44123008568346517,0.13333333333333333
circlet,1,0,0,0,0,0,0,0,0,0,0,0,0,0,0,2,2,0.2202,7,1,circlet,6.656681644200366e-05,0.44123008568346517,0.06666666666666667
definite,1,0,1,0,0,0,0,0,0,0,0,0,0,0,0,2,2,-0.77565,8,1,definite,6.656681644200366e-05,0.44123008568346517,0.13333333333333333
ber,1,0,0,0,0,0,0,0,0,0,0,0,0,0,0,2,2,-0.1649,3,1,ber,6.656681644200366e-05,0.44123008568346517,0.06666666666666667
crying,1,1,1,0,0,0,0,0,0,0,0,0,0,0,0,2,2,-0.1851,6,1,crying,6.656681644200366e-05,0.44123008568346517,0.2
ously,0,0,0,0,0,0,0,0,0,0,0,0,0,0,0,2,2,-0.0565499999999999,5,1,ously,6.656681644200366e-05,0.44123008568346517,0.0
weak,0,0,1,0,0,0,0,0,0,0,0,0,0,0,0,2,2,0.11925,4,1,weak,6.656681644200366e-05,0.44123008568346517,0.06666666666666667
mentally,0,0,0,1,0,0,0,0,0,0,0,0,0,0,0,2,2,-0.1591,8,1,mentally,6.656681644200366e-05,0.44123008568346517,0.06666666666666667
fishing,1,1,0,0,0,0,0,0,0,0,0,0,0,0,0,2,2,0.34415,7,1,fishing,6.656681644200366e-05,0.44123008568346517,0.13333333333333333
mere,1,0,1,0,0,0,0,0,0,0,0,0,0,0,0,2,2,0.23835,4,1,mere,6.656681644200366e-05,0.44123008568346517,0.13333333333333333
trying,0,1,1,0,0,0,0,0,0,0,0,0,0,0,0,2,2,0.1806,6,1,trying,6.656681644200366e-05,0.44123008568346517,0.13333333333333333
glimpse,1,1,0,0,0,0,0,0,0,0,0,0,0,0,0,2,2,-0.08895,7,1,glimpse,6.656681644200366e-05,0.44123008568346517,0.13333333333333333
pered,0,0,0,0,0,0,0,0,0,0,0,0,0,0,0,2,2,0.2252999999999999,5,1,pered,6.656681644200366e-05,0.44123008568346517,0.0
echoed,0,1,0,0,0,0,0,0,0,0,0,0,0,0,0,2,2,0.1993499999999999,6,1,echoed,6.656681644200366e-05,0.44123008568346517,0.06666666666666667
discovery,1,0,0,0,0,0,0,0,0,0,0,0,0,0,0,2,2,0.10115,9,1,discovery,6.656681644200366e-05,0.44123008568346517,0.06666666666666667
loads,1,1,0,1,0,0,0,0,0,0,0,0,0,0,0,2,2,0.1217999999999999,5,1,loads,6.656681644200366e-05,0.44123008568346517,0.2
seem,0,1,0,0,0,0,0,0,0,0,0,0,0,0,0,2,2,-0.1465,4,1,seem,6.656681644200366e-05,0.44123008568346517,0.06666666666666667
purring,1,1,0,0,0,0,0,0,0,0,0,0,0,0,0,2,2,-0.1465,7,1,purring,6.656681644200366e-05,0.44123008568346517,0.13333333333333333
lap,1,1,0,0,0,0,0,0,0,0,0,0,0,0,0,2,2,-0.1465,3,1,lap,6.656681644200366e-05,0.44123008568346517,0.13333333333333333
simplicity,1,0,0,0,0,0,0,0,0,0,0,0,0,0,0,2,2,0.7997000000000001,10,1,simplicity,6.656681644200366e-05,0.44123008568346517,0.06666666666666667
bucket,1,1,0,0,0,0,0,0,0,0,0,0,0,0,0,2,2,-0.17,6,1,bucket,6.656681644200366e-05,0.44123008568346517,0.13333333333333333
occupied,0,1,1,0,0,0,0,0,0,0,0,0,0,0,0,2,2,0.08895,8,1,occupied,6.656681644200366e-05,0.44123008568346517,0.13333333333333333
cer,0,0,0,0,0,0,0,0,0,0,0,0,0,0,0,2,2,0.0,3,1,cer,6.656681644200366e-05,0.44123008568346517,0.0
flank,1,1,0,0,0,0,0,0,0,0,0,0,0,0,0,2,2,0.0,5,1,flank,6.656681644200366e-05,0.44123008568346517,0.13333333333333333
skies,1,0,0,0,0,0,0,0,0,0,0,0,0,0,0,2,1,0.6997,5,1,skies,6.656681644200366e-05,0.44123008568346517,0.06666666666666667
relaxing,0,1,1,0,0,0,0,0,0,0,0,0,0,0,0,2,2,0.65305,8,1,relaxing,6.656681644200366e-05,0.44123008568346517,0.13333333333333333
purred,0,1,0,0,0,0,0,0,0,0,0,0,0,0,0,2,2,0.65305,6,1,purred,6.656681644200366e-05,0.44123008568346517,0.06666666666666667
singing,1,1,1,0,0,0,0,0,0,0,0,0,0,0,0,2,2,-0.1591,7,1,singing,6.656681644200366e-05,0.44123008568346517,0.2
mistress,1,0,0,0,0,0,0,0,0,0,0,0,0,0,0,2,2,0.75595,8,1,mistress,6.656681644200366e-05,0.44123008568346517,0.06666666666666667
elven,1,0,0,0,0,0,0,0,0,0,0,0,0,0,0,2,2,-0.1909,5,1,elven,6.656681644200366e-05,0.44123008568346517,0.06666666666666667
wondering,1,0,1,0,0,0,0,0,0,0,0,0,0,0,0,2,2,0.29295,9,1,wondering,6.656681644200366e-05,0.44123008568346517,0.13333333333333333
evil,1,0,1,1,0,0,0,0,0,0,0,0,0,0,0,2,2,-0.6715,4,1,evil,6.656681644200366e-05,0.44123008568346517,0.2
offer,1,1,0,0,0,0,0,0,0,0,0,0,0,0,0,2,2,0.0,5,1,offer,6.656681644200366e-05,0.44123008568346517,0.13333333333333333
cheek,1,1,1,0,0,0,0,0,0,0,0,0,0,0,0,2,2,-0.24695,5,1,cheek,6.656681644200366e-05,0.44123008568346517,0.2
flowered,0,0,1,0,0,0,0,0,0,0,0,0,0,0,0,2,2,-0.1465,8,1,flowered,6.656681644200366e-05,0.44123008568346517,0.06666666666666667
toilet,1,0,0,0,0,0,0,0,0,0,0,0,0,0,0,2,2,-0.148,6,1,toilet,6.656681644200366e-05,0.44123008568346517,0.06666666666666667
magnificent,0,0,1,0,0,0,0,0,0,0,0,0,0,0,0,2,2,0.2813,11,1,magnificent,6.656681644200366e-05,0.44123008568346517,0.06666666666666667
anchored,0,0,0,0,0,0,0,0,0,0,0,0,0,0,0,2,2,0.0340999999999999,8,1,anchored,6.656681644200366e-05,0.44123008568346517,0.0
repairer,1,0,0,0,0,0,0,0,0,0,0,0,0,0,0,2,2,-0.37345,8,1,repairer,6.656681644200366e-05,0.44123008568346517,0.06666666666666667
strain,1,1,0,0,0,0,0,0,0,0,0,0,0,0,0,2,2,-0.25875,6,1,strain,6.656681644200366e-05,0.44123008568346517,0.13333333333333333
shooting,1,1,0,0,0,0,0,0,0,0,0,0,0,0,0,2,2,0.7049000000000001,8,1,shooting,6.656681644200366e-05,0.44123008568346517,0.13333333333333333
pallid,0,0,1,0,0,0,0,0,0,0,0,0,0,0,0,2,2,0.5926,6,1,pallid,6.656681644200366e-05,0.44123008568346517,0.06666666666666667
throttled,0,0,0,0,0,0,0,0,0,0,0,0,0,0,0,2,2,-0.3592,9,1,throttled,6.656681644200366e-05,0.44123008568346517,0.0
anyway,0,0,0,1,0,0,0,0,0,0,0,0,0,0,0,2,2,0.38585,6,1,anyway,6.656681644200366e-05,0.44123008568346517,0.06666666666666667
toes,1,1,0,0,0,0,0,0,0,0,0,0,0,0,0,2,2,0.0215,4,1,toes,6.656681644200366e-05,0.44123008568346517,0.13333333333333333
inquire,0,0,0,0,0,0,0,0,0,0,0,0,0,0,0,2,2,-0.2294,7,1,inquire,6.656681644200366e-05,0.44123008568346517,0.0
curled,0,1,1,0,0,0,0,0,0,0,0,0,0,0,0,2,2,0.29375,6,1,curled,6.656681644200366e-05,0.44123008568346517,0.13333333333333333
tramp,1,1,0,0,0,0,0,0,0,0,0,0,0,0,0,2,2,-0.0817,5,1,tramp,6.656681644200366e-05,0.44123008568346517,0.13333333333333333
angrily,0,0,0,1,0,0,0,0,0,0,0,0,0,0,0,2,2,-0.4967,7,1,angrily,6.656681644200366e-05,0.44123008568346517,0.06666666666666667
block,1,1,0,0,0,0,0,0,0,0,0,0,0,0,0,2,1,-0.2023,5,1,block,6.656681644200366e-05,0.44123008568346517,0.13333333333333333
fifty,1,0,1,0,0,0,0,0,0,0,0,0,0,0,0,2,2,0.0,5,1,fifty,6.656681644200366e-05,0.44123008568346517,0.13333333333333333
fond,1,0,1,0,0,0,0,0,0,0,0,0,0,0,0,2,2,0.46325,4,1,fond,6.656681644200366e-05,0.44123008568346517,0.13333333333333333
tipped,0,1,1,0,0,0,0,0,0,0,0,0,0,0,0,2,2,0.0,6,1,tipped,6.656681644200366e-05,0.44123008568346517,0.13333333333333333
twin,1,1,1,0,0,0,0,0,0,0,0,0,0,0,0,2,2,0.4017,4,1,twin,6.656681644200366e-05,0.44123008568346517,0.2
nest,1,1,0,0,0,0,0,0,0,0,0,0,0,0,0,2,2,-0.0258,4,1,nest,6.656681644200366e-05,0.44123008568346517,0.13333333333333333
direct,0,1,1,1,0,0,0,0,0,0,0,0,0,0,0,2,2,0.1366,6,1,direct,6.656681644200366e-05,0.44123008568346517,0.2
bear,1,1,0,0,0,0,0,0,0,0,0,0,0,0,0,2,2,0.0175,4,1,bear,6.656681644200366e-05,0.44123008568346517,0.13333333333333333
dangerous,0,0,1,0,0,0,0,0,0,0,0,0,0,0,0,2,2,-0.3026,9,1,dangerous,6.656681644200366e-05,0.44123008568346517,0.06666666666666667
bullet,1,0,0,0,0,0,0,0,0,0,0,0,0,0,0,2,2,-0.46655,6,1,bullet,6.656681644200366e-05,0.44123008568346517,0.06666666666666667
endure,0,0,0,0,0,0,0,0,0,0,0,0,0,0,0,2,2,-0.09505,6,1,endure,6.656681644200366e-05,0.44123008568346517,0.0
grinned,0,1,0,0,0,0,0,0,0,0,0,0,0,0,0,2,2,0.2732,7,1,grinned,6.656681644200366e-05,0.44123008568346517,0.06666666666666667
millions,0,0,0,0,0,0,0,0,0,0,0,0,0,0,0,2,2,0.0,8,1,millions,6.656681644200366e-05,0.44123008568346517,0.0
randall,0,0,0,0,0,0,0,0,0,0,0,0,0,0,0,2,2,0.2076,7,1,randall,6.656681644200366e-05,0.44123008568346517,0.0
parlor,1,0,0,0,0,0,0,0,0,0,0,0,0,0,0,2,2,-0.37345,6,1,parlor,6.656681644200366e-05,0.44123008568346517,0.06666666666666667
policemen,1,0,0,0,0,0,0,0,0,0,0,0,0,0,0,2,2,-0.0643499999999999,9,1,policemen,6.656681644200366e-05,0.44123008568346517,0.06666666666666667
robe,1,0,0,0,0,0,0,0,0,0,0,0,0,0,0,2,2,0.0,4,1,robe,6.656681644200366e-05,0.44123008568346517,0.06666666666666667
rolling,1,1,1,1,0,0,0,0,0,0,0,0,0,0,0,2,2,-0.23835,7,1,rolling,6.656681644200366e-05,0.44123008568346517,0.26666666666666666
bouguereau,0,0,0,0,0,0,0,0,0,0,0,0,0,0,0,2,2,0.401,10,1,bouguereau,6.656681644200366e-05,0.44123008568346517,0.0
checked,0,1,1,0,0,0,0,0,0,0,0,0,0,0,0,2,2,-0.0377,7,1,checked,6.656681644200366e-05,0.44123008568346517,0.13333333333333333
stairways,1,0,0,0,0,0,0,0,0,0,0,0,0,0,0,2,2,-0.37345,9,1,stairways,6.656681644200366e-05,0.44123008568346517,0.06666666666666667
resting,0,1,1,0,0,0,0,0,0,0,0,0,0,0,0,2,2,0.2112,7,1,resting,6.656681644200366e-05,0.44123008568346517,0.13333333333333333
piriou,0,0,0,0,0,0,0,0,0,0,0,0,0,0,0,2,2,0.0,6,1,piriou,6.656681644200366e-05,0.44123008568346517,0.0
youth,1,0,0,0,0,0,0,0,0,0,0,0,0,0,0,2,2,0.3607,5,1,youth,6.656681644200366e-05,0.44123008568346517,0.06666666666666667
wearing,1,1,1,0,0,0,0,0,0,0,0,0,0,0,0,2,2,0.31835,7,1,wearing,6.656681644200366e-05,0.44123008568346517,0.2
sweetly,0,0,0,1,0,0,0,0,0,0,0,0,0,0,0,2,2,0.79005,7,1,sweetly,6.656681644200366e-05,0.44123008568346517,0.06666666666666667
hawks,1,1,0,0,0,0,0,0,0,0,0,0,0,0,0,2,2,0.18075,5,1,hawks,6.656681644200366e-05,0.44123008568346517,0.13333333333333333
fireplace,1,0,0,0,0,0,0,0,0,0,0,0,0,0,0,2,2,0.5454,9,1,fireplace,6.656681644200366e-05,0.44123008568346517,0.06666666666666667
innocence,1,0,0,0,0,0,0,0,0,0,0,0,0,0,0,2,2,0.61865,9,1,innocence,6.656681644200366e-05,0.44123008568346517,0.06666666666666667
philip,1,0,0,0,0,0,0,0,0,0,0,0,0,0,0,2,2,0.2324,6,1,philip,6.656681644200366e-05,0.44123008568346517,0.06666666666666667
stooped,0,1,1,0,0,0,0,0,0,0,0,0,0,0,0,2,2,-0.2996999999999999,7,1,stooped,6.656681644200366e-05,0.44123008568346517,0.13333333333333333
page,1,1,0,0,0,0,0,0,0,0,0,0,0,0,0,2,2,-0.08895,4,1,page,6.656681644200366e-05,0.44123008568346517,0.13333333333333333
passage,1,0,0,0,0,0,0,0,0,0,0,0,0,0,0,2,2,-0.0129,7,1,passage,6.656681644200366e-05,0.44123008568346517,0.06666666666666667
explained,0,1,0,0,0,0,0,0,0,0,0,0,0,0,0,2,2,-0.21075,9,1,explained,6.656681644200366e-05,0.44123008568346517,0.06666666666666667
nerve,1,0,0,0,0,0,0,0,0,0,0,0,0,0,0,2,2,-0.44375,5,1,nerve,6.656681644200366e-05,0.44123008568346517,0.06666666666666667
snatched,0,1,0,0,0,0,0,0,0,0,0,0,0,0,0,2,2,-0.08895,8,1,snatched,6.656681644200366e-05,0.44123008568346517,0.06666666666666667
mutilated,0,1,1,0,0,0,0,0,0,0,0,0,0,0,0,2,2,-0.3907,9,1,mutilated,6.656681644200366e-05,0.44123008568346517,0.13333333333333333
delight,1,1,0,0,0,0,0,0,0,0,0,0,0,0,0,2,2,0.706,7,1,delight,6.656681644200366e-05,0.44123008568346517,0.13333333333333333
appetite,1,0,0,0,0,0,0,0,0,0,0,0,0,0,0,2,2,0.0326,8,1,appetite,6.656681644200366e-05,0.44123008568346517,0.06666666666666667
says,1,1,0,0,0,0,0,0,0,0,0,0,0,0,0,2,1,0.8442,4,1,says,6.656681644200366e-05,0.44123008568346517,0.13333333333333333
gray,1,0,1,0,0,0,0,0,0,0,0,0,0,0,0,2,2,-0.06275,4,1,gray,6.656681644200366e-05,0.44123008568346517,0.13333333333333333
books,1,1,0,0,0,0,0,0,0,0,0,0,0,0,0,2,2,-0.00045,5,1,books,6.656681644200366e-05,0.44123008568346517,0.13333333333333333
years,1,0,0,0,0,0,0,0,0,0,0,0,0,0,0,2,2,-0.1909,5,1,years,6.656681644200366e-05,0.44123008568346517,0.06666666666666667
capped,0,1,1,0,0,0,0,0,0,0,0,0,0,0,0,2,2,0.0362,6,1,capped,6.656681644200366e-05,0.44123008568346517,0.13333333333333333
nurses,1,1,0,0,0,0,0,0,0,0,0,0,0,0,0,2,2,0.0362,6,1,nurses,6.656681644200366e-05,0.44123008568346517,0.13333333333333333
brandy,1,0,0,0,0,0,0,0,0,0,0,0,0,0,0,2,2,-0.23835,6,1,brandy,6.656681644200366e-05,0.44123008568346517,0.06666666666666667
store,1,1,1,0,0,0,0,0,0,0,0,0,0,0,0,2,2,-0.4337,5,1,store,6.656681644200366e-05,0.44123008568346517,0.2
haven,1,0,0,0,0,0,0,0,0,0,0,0,0,0,0,2,2,0.0,5,1,haven,6.656681644200366e-05,0.44123008568346517,0.06666666666666667
shreds,1,1,0,0,0,0,0,0,0,0,0,0,0,0,0,2,2,0.0,6,1,shreds,6.656681644200366e-05,0.44123008568346517,0.13333333333333333
chalk,1,1,0,0,0,0,0,0,0,0,0,0,0,0,0,2,2,0.4428,5,1,chalk,6.656681644200366e-05,0.44123008568346517,0.13333333333333333
dusting,1,1,0,0,0,0,0,0,0,0,0,0,0,0,0,2,2,0.4428,7,1,dusting,6.656681644200366e-05,0.44123008568346517,0.13333333333333333
pierrot,1,0,0,0,0,0,0,0,0,0,0,0,0,0,0,2,2,0.08025,7,1,pierrot,6.656681644200366e-05,0.44123008568346517,0.06666666666666667
cbe,0,0,0,0,0,0,0,0,0,0,0,0,0,0,0,2,2,0.7201,3,1,cbe,6.656681644200366e-05,0.44123008568346517,0.0
remembering,0,0,0,0,0,0,0,0,0,0,0,0,0,0,0,2,2,0.3358,11,1,remembering,6.656681644200366e-05,0.44123008568346517,0.0
wearied,0,0,1,0,0,0,0,0,0,0,0,0,0,0,0,2,2,-0.0611,7,1,wearied,6.656681644200366e-05,0.44123008568346517,0.06666666666666667
drink,1,1,0,0,0,0,0,0,0,0,0,0,0,0,0,2,2,0.148,5,1,drink,6.656681644200366e-05,0.44123008568346517,0.13333333333333333
afield,0,0,0,1,0,0,0,0,0,0,0,0,0,0,0,2,2,0.0600499999999999,6,1,afield,6.656681644200366e-05,0.44123008568346517,0.06666666666666667
hearts,1,0,0,0,0,0,0,0,0,0,0,0,0,0,0,2,2,0.5376000000000001,6,1,hearts,6.656681644200366e-05,0.44123008568346517,0.06666666666666667
seize,0,1,0,0,0,0,0,0,0,0,0,0,0,0,0,2,2,-0.3764999999999999,5,1,seize,6.656681644200366e-05,0.44123008568346517,0.06666666666666667
promised,0,1,1,0,0,0,0,0,0,0,0,0,0,0,0,2,2,0.79355,8,1,promised,6.656681644200366e-05,0.44123008568346517,0.13333333333333333
till,1,1,0,0,0,0,1,0,0,0,0,0,0,0,0,2,2,0.3687499999999999,4,1,till,6.656681644200366e-05,0.44123008568346517,0.2
inclination,1,0,0,0,0,0,0,0,0,0,0,0,0,0,0,2,2,0.1813,11,1,inclination,6.656681644200366e-05,0.44123008568346517,0.06666666666666667
sofa,1,0,0,0,0,0,0,0,0,0,0,0,0,0,0,2,2,-0.34265,4,1,sofa,6.656681644200366e-05,0.44123008568346517,0.06666666666666667
certainly,0,0,0,1,0,0,0,0,0,0,0,0,0,0,0,2,2,0.5525,9,1,certainly,6.656681644200366e-05,0.44123008568346517,0.06666666666666667
lest,0,0,0,1,0,0,1,0,0,0,0,0,0,0,0,2,2,-0.6972,4,1,lest,6.656681644200366e-05,0.44123008568346517,0.13333333333333333
fearing,0,1,0,0,0,0,0,0,0,0,0,0,0,0,0,2,2,-0.6473,7,1,fearing,6.656681644200366e-05,0.44123008568346517,0.06666666666666667
poles,1,1,0,0,0,0,0,0,0,0,0,0,0,0,0,2,2,0.11035,5,1,poles,6.656681644200366e-05,0.44123008568346517,0.13333333333333333
viper,1,0,0,0,0,0,0,0,0,0,0,0,0,0,0,2,2,-0.0301499999999999,5,1,viper,6.656681644200366e-05,0.44123008568346517,0.06666666666666667
supreme,0,0,1,0,0,0,0,0,0,0,0,0,0,0,0,2,2,0.13465,7,1,supreme,6.656681644200366e-05,0.44123008568346517,0.06666666666666667
pleasantly,0,0,0,1,0,0,0,0,0,0,0,0,0,0,0,2,2,0.53445,10,1,pleasantly,6.656681644200366e-05,0.44123008568346517,0.06666666666666667
truths,0,0,0,0,0,0,0,0,0,0,0,0,0,0,0,2,1,0.6597,6,1,truths,6.656681644200366e-05,0.44123008568346517,0.0
caressing,1,1,1,0,0,0,0,0,0,0,0,0,0,0,0,2,2,0.21075,9,1,caressing,6.656681644200366e-05,0.44123008568346517,0.2
branch,1,1,0,0,0,0,0,0,0,0,0,0,0,0,0,2,1,-0.0516,6,1,branch,6.656681644200366e-05,0.44123008568346517,0.13333333333333333
sailed,0,1,0,0,0,0,0,0,0,0,0,0,0,0,0,2,2,-0.5842,6,1,sailed,6.656681644200366e-05,0.44123008568346517,0.06666666666666667
dragging,1,1,1,0,0,0,0,0,0,0,0,0,0,0,0,2,2,-0.21435,8,1,dragging,6.656681644200366e-05,0.44123008568346517,0.2
pain,1,1,0,0,0,0,0,0,0,0,0,0,0,0,0,2,2,0.2192,4,1,pain,6.656681644200366e-05,0.44123008568346517,0.13333333333333333
clung,0,1,0,0,0,0,0,0,0,0,0,0,0,0,0,2,2,0.125,5,1,clung,6.656681644200366e-05,0.44123008568346517,0.06666666666666667
parasol,1,0,0,0,0,0,0,0,0,0,0,0,0,0,0,2,2,0.148,7,1,parasol,6.656681644200366e-05,0.44123008568346517,0.06666666666666667
montresor,0,0,0,0,0,0,0,0,0,0,0,0,0,0,0,1,1,0.0,9,1,montresor,3.328340822100183e-05,0.35279251707864995,0.0
gilt,1,0,1,0,0,0,0,0,0,0,0,0,0,0,0,1,1,0.0,4,1,gilt,3.328340822100183e-05,0.35279251707864995,0.13333333333333333
noely,0,0,0,0,0,0,0,0,0,0,0,0,0,0,0,1,1,0.0,5,1,noely,3.328340822100183e-05,0.35279251707864995,0.0
tqual,0,0,0,0,0,0,0,0,0,0,0,0,0,0,0,1,1,0.0,5,1,tqual,3.328340822100183e-05,0.35279251707864995,0.0
sour,1,1,1,0,0,0,0,0,0,0,0,0,0,0,0,1,1,0.0,4,1,sour,3.328340822100183e-05,0.35279251707864995,0.2
push,1,1,0,0,0,0,0,0,0,0,0,0,0,0,0,1,1,0.744,4,1,push,3.328340822100183e-05,0.35279251707864995,0.13333333333333333
pile,1,1,0,0,0,0,0,0,0,0,0,0,0,0,0,1,1,0.744,4,1,pile,3.328340822100183e-05,0.35279251707864995,0.13333333333333333
paving,1,1,0,0,0,0,0,0,0,0,0,0,0,0,0,1,1,0.744,6,1,paving,3.328340822100183e-05,0.35279251707864995,0.13333333333333333
vard,0,0,0,0,0,0,0,0,0,0,0,0,0,0,0,1,1,0.0,4,1,vard,3.328340822100183e-05,0.35279251707864995,0.0
piled,0,1,1,0,0,0,0,0,0,0,0,0,0,0,0,1,1,0.0,5,1,piled,3.328340822100183e-05,0.35279251707864995,0.13333333333333333
mortar,1,1,0,0,0,0,0,0,0,0,0,0,0,0,0,1,1,0.0,6,1,mortar,3.328340822100183e-05,0.35279251707864995,0.13333333333333333
balconies,1,0,0,0,0,0,0,0,0,0,0,0,0,0,0,1,1,0.0,9,1,balconies,3.328340822100183e-05,0.35279251707864995,0.06666666666666667
shout,1,1,0,0,0,0,0,0,0,0,0,0,0,0,0,1,1,-0.25,5,1,shout,3.328340822100183e-05,0.35279251707864995,0.13333333333333333
madeleine,1,0,0,0,0,0,0,0,0,0,0,0,0,0,0,1,1,0.0,9,1,madeleine,3.328340822100183e-05,0.35279251707864995,0.06666666666666667
palais,0,0,0,0,0,0,0,0,0,0,0,0,0,0,0,1,1,0.0,6,1,palais,3.328340822100183e-05,0.35279251707864995,0.0
gravity,1,0,0,0,0,0,0,0,0,0,0,0,0,0,0,1,1,-0.1027,7,1,gravity,3.328340822100183e-05,0.35279251707864995,0.06666666666666667
lasted,0,1,0,0,0,0,0,0,0,0,0,0,0,0,0,1,1,-0.4215,6,1,lasted,3.328340822100183e-05,0.35279251707864995,0.06666666666666667
contemplating,0,1,0,0,0,0,0,0,0,0,0,0,0,0,0,1,1,-0.4215,13,1,contemplating,3.328340822100183e-05,0.35279251707864995,0.06666666666666667
overhanging,0,1,1,0,0,0,0,0,0,0,0,0,0,0,0,1,1,-0.4215,11,1,overhanging,3.328340822100183e-05,0.35279251707864995,0.13333333333333333
tightly,0,0,0,1,0,0,0,0,0,0,0,0,0,0,0,1,1,0.6486,7,1,tightly,3.328340822100183e-05,0.35279251707864995,0.06666666666666667
parently,0,0,0,0,0,0,0,0,0,0,0,0,0,0,0,1,1,0.6486,8,1,parently,3.328340822100183e-05,0.35279251707864995,0.0
length,1,0,0,0,0,0,0,0,0,0,0,0,0,0,0,1,1,0.6486,6,1,length,3.328340822100183e-05,0.35279251707864995,0.06666666666666667
pulse,1,1,0,0,0,0,0,0,0,0,0,0,0,0,0,1,1,0.6486,5,1,pulse,3.328340822100183e-05,0.35279251707864995,0.13333333333333333
dim,0,1,1,0,0,0,0,0,0,0,0,0,0,0,0,1,1,-0.8652,3,1,dim,3.328340822100183e-05,0.35279251707864995,0.13333333333333333
distorted,0,0,1,0,0,0,0,0,0,0,0,0,0,0,0,1,1,-0.7269,9,1,distorted,3.328340822100183e-05,0.35279251707864995,0.06666666666666667
blighted,0,1,1,0,0,0,0,0,0,0,0,0,0,0,0,1,1,0.0,8,1,blighted,3.328340822100183e-05,0.35279251707864995,0.13333333333333333
outdone,0,0,1,0,0,0,0,0,0,0,0,0,0,0,0,1,1,0.0,7,1,outdone,3.328340822100183e-05,0.35279251707864995,0.06666666666666667
verb,0,1,0,0,0,0,0,0,0,0,0,0,0,0,0,1,1,0.0,4,1,verb,3.328340822100183e-05,0.35279251707864995,0.06666666666666667
nocturnal,0,0,1,0,0,0,0,0,0,0,0,0,0,0,0,1,1,0.0,9,1,nocturnal,3.328340822100183e-05,0.35279251707864995,0.06666666666666667
viewed,0,1,0,0,0,0,0,0,0,0,0,0,0,0,0,1,1,0.0,6,1,viewed,3.328340822100183e-05,0.35279251707864995,0.06666666666666667
chef,1,0,0,0,0,0,0,0,0,0,0,0,0,0,0,1,1,0.0,4,1,chef,3.328340822100183e-05,0.35279251707864995,0.06666666666666667
test,1,1,1,0,0,0,0,0,0,0,0,0,0,0,0,1,1,0.0,4,1,test,3.328340822100183e-05,0.35279251707864995,0.2
mobility,1,0,0,0,0,0,0,0,0,0,0,0,0,0,0,1,1,0.0,8,1,mobility,3.328340822100183e-05,0.35279251707864995,0.06666666666666667
immense,0,0,1,0,0,0,0,0,0,0,0,0,0,0,0,1,1,-0.6625,7,1,immense,3.328340822100183e-05,0.35279251707864995,0.06666666666666667
shocked,0,1,1,0,0,0,0,0,0,0,0,0,0,0,0,1,1,-0.6625,7,1,shocked,3.328340822100183e-05,0.35279251707864995,0.13333333333333333
comprehension,1,0,0,0,0,0,0,0,0,0,0,0,0,0,0,1,1,-0.6625,13,1,comprehension,3.328340822100183e-05,0.35279251707864995,0.06666666666666667
stifled,0,1,1,0,0,0,0,0,0,0,0,0,0,0,0,1,1,-0.6625,7,1,stifled,3.328340822100183e-05,0.35279251707864995,0.13333333333333333
dure,0,0,1,0,0,0,0,0,0,0,0,0,0,0,0,1,1,0.0,4,1,dure,3.328340822100183e-05,0.35279251707864995,0.06666666666666667
joward,0,0,0,0,0,0,0,0,0,0,0,0,0,0,0,1,1,0.4215,6,1,joward,3.328340822100183e-05,0.35279251707864995,0.0
lord,1,1,0,0,0,0,0,0,0,0,0,0,0,0,0,1,1,0.0,4,1,lord,3.328340822100183e-05,0.35279251707864995,0.13333333333333333
confidence,1,0,0,0,0,0,0,0,0,0,0,0,0,0,0,1,1,0.7322,10,1,confidence,3.328340822100183e-05,0.35279251707864995,0.06666666666666667
rustle,1,1,0,0,0,0,0,0,0,0,0,0,0,0,0,1,1,0.7322,6,1,rustle,3.328340822100183e-05,0.35279251707864995,0.13333333333333333
object,1,1,0,0,0,0,0,0,0,0,0,0,0,0,0,1,1,-0.7269,6,1,object,3.328340822100183e-05,0.35279251707864995,0.13333333333333333
painfully,0,0,0,1,0,0,0,0,0,0,0,0,0,0,0,1,1,-0.7269,9,1,painfully,3.328340822100183e-05,0.35279251707864995,0.06666666666666667
traversing,0,1,0,0,0,0,0,0,0,0,0,0,0,0,0,1,1,0.0,10,1,traversing,3.328340822100183e-05,0.35279251707864995,0.06666666666666667
removed,0,1,1,0,0,0,0,0,0,0,0,0,0,0,0,1,1,0.0,7,1,removed,3.328340822100183e-05,0.35279251707864995,0.13333333333333333
reset,1,1,0,0,0,0,0,0,0,0,0,0,0,0,0,1,1,0.0,5,1,reset,3.328340822100183e-05,0.35279251707864995,0.13333333333333333
wear,1,1,0,0,0,0,0,0,0,0,0,0,0,0,0,1,1,-0.4588,4,1,wear,3.328340822100183e-05,0.35279251707864995,0.13333333333333333
paler,0,0,1,0,0,0,0,0,0,0,0,0,0,0,0,1,1,0.4939,5,1,paler,3.328340822100183e-05,0.35279251707864995,0.06666666666666667
tighter,1,0,0,0,0,0,0,0,0,0,0,0,0,0,0,1,1,0.4939,7,1,tighter,3.328340822100183e-05,0.35279251707864995,0.06666666666666667
trifle,1,0,0,0,0,0,0,0,0,0,0,0,0,0,0,1,1,0.4939,6,1,trifle,3.328340822100183e-05,0.35279251707864995,0.06666666666666667
slower,1,0,0,1,0,0,0,0,0,0,0,0,0,0,0,1,1,0.4939,6,1,slower,3.328340822100183e-05,0.35279251707864995,0.13333333333333333
plumy,0,0,1,0,0,0,0,0,0,0,0,0,0,0,0,1,1,0.4939,5,1,plumy,3.328340822100183e-05,0.35279251707864995,0.06666666666666667
butler,1,0,0,0,0,0,0,0,0,0,0,0,0,0,0,1,1,0.0,6,1,butler,3.328340822100183e-05,0.35279251707864995,0.06666666666666667
sort,1,0,0,0,0,0,0,0,0,0,0,0,0,0,0,1,1,0.5719,4,1,sort,3.328340822100183e-05,0.35279251707864995,0.06666666666666667
pie,1,0,0,0,0,0,0,0,0,0,0,0,0,0,0,1,1,0.0,3,1,pie,3.328340822100183e-05,0.35279251707864995,0.06666666666666667
design,1,1,0,0,0,0,0,0,0,0,0,0,0,0,0,1,1,0.0,6,1,design,3.328340822100183e-05,0.35279251707864995,0.13333333333333333
reassured,0,1,1,0,0,0,0,0,0,0,0,0,0,0,0,1,1,0.4019,9,1,reassured,3.328340822100183e-05,0.35279251707864995,0.13333333333333333
canvasses,1,1,0,0,0,0,0,0,0,0,0,0,0,0,0,1,1,-0.5719,9,1,canvasses,3.328340822100183e-05,0.35279251707864995,0.13333333333333333
casts,1,1,0,0,0,0,0,0,0,0,0,0,0,0,0,1,1,-0.5719,5,1,casts,3.328340822100183e-05,0.35279251707864995,0.13333333333333333
strode,0,0,0,0,0,0,0,0,0,0,0,0,0,0,0,1,1,-0.5719,6,1,strode,3.328340822100183e-05,0.35279251707864995,0.0
dish,1,1,0,0,0,0,0,0,0,0,0,0,0,0,0,1,1,0.0,4,1,dish,3.328340822100183e-05,0.35279251707864995,0.13333333333333333
interrupting,0,1,0,0,0,0,0,0,0,0,0,0,0,0,0,1,1,0.0,12,1,interrupting,3.328340822100183e-05,0.35279251707864995,0.06666666666666667
determined,0,1,1,0,0,0,0,0,0,0,0,0,0,0,0,1,1,-0.0258,10,1,determined,3.328340822100183e-05,0.35279251707864995,0.13333333333333333
retain,0,1,0,0,0,0,0,0,0,0,0,0,0,0,0,1,1,-0.652,6,1,retain,3.328340822100183e-05,0.35279251707864995,0.06666666666666667
heavenly,0,0,1,0,0,0,0,0,0,0,0,0,0,0,0,1,1,0.875,8,1,heavenly,3.328340822100183e-05,0.35279251707864995,0.06666666666666667
flory,1,0,1,0,0,0,0,0,0,0,0,0,0,0,0,1,1,0.875,5,1,flory,3.328340822100183e-05,0.35279251707864995,0.13333333333333333
fted,0,0,0,0,0,0,0,0,0,0,0,0,0,0,0,1,1,0.875,4,1,fted,3.328340822100183e-05,0.35279251707864995,0.0
mercy,1,0,0,0,0,0,0,0,0,0,0,0,0,0,0,1,1,0.875,5,1,mercy,3.328340822100183e-05,0.35279251707864995,0.06666666666666667
clergy,1,0,0,0,0,0,0,0,0,0,0,0,0,0,0,1,1,0.0,6,1,clergy,3.328340822100183e-05,0.35279251707864995,0.06666666666666667
choir,1,1,0,0,0,0,0,0,0,0,0,0,0,0,0,1,1,0.0,5,1,choir,3.328340822100183e-05,0.35279251707864995,0.13333333333333333
monseigneurc,0,0,0,0,0,0,0,0,0,0,0,0,0,0,0,1,1,0.0,12,1,monseigneurc,3.328340822100183e-05,0.35279251707864995,0.0
gladly,0,0,0,1,0,0,0,0,0,0,0,0,0,0,0,1,1,0.34,6,1,gladly,3.328340822100183e-05,0.35279251707864995,0.06666666666666667
subtleties,0,0,0,0,0,0,0,0,0,0,0,0,0,0,0,1,1,0.8,10,1,subtleties,3.328340822100183e-05,0.35279251707864995,0.0
melody,1,0,0,0,0,0,0,0,0,0,0,0,0,0,0,1,1,0.8,6,1,melody,3.328340822100183e-05,0.35279251707864995,0.06666666666666667
harmony,1,0,0,0,0,0,0,0,0,0,0,0,0,0,0,1,1,0.8,7,1,harmony,3.328340822100183e-05,0.35279251707864995,0.06666666666666667
issuing,0,1,0,0,0,0,0,0,0,0,0,0,0,0,0,1,1,0.8,7,1,issuing,3.328340822100183e-05,0.35279251707864995,0.06666666666666667
instrument,1,1,0,0,0,0,0,0,0,0,0,0,0,0,0,1,1,-0.8176,10,1,instrument,3.328340822100183e-05,0.35279251707864995,0.13333333333333333
placid,0,0,1,0,0,0,0,0,0,0,0,0,0,0,0,1,1,-0.3182,6,1,placid,3.328340822100183e-05,0.35279251707864995,0.06666666666666667
quality,1,0,1,0,0,0,0,0,0,0,0,0,0,0,0,1,1,-0.5267,7,1,quality,3.328340822100183e-05,0.35279251707864995,0.13333333333333333
scraping,1,1,0,0,0,0,0,0,0,0,0,0,0,0,0,1,1,0.0,8,1,scraping,3.328340822100183e-05,0.35279251707864995,0.13333333333333333
rustling,1,1,1,0,0,0,0,0,0,0,0,0,0,0,0,1,1,0.0,8,1,rustling,3.328340822100183e-05,0.35279251707864995,0.2
vhich,0,0,0,0,0,0,0,0,0,0,0,0,0,0,0,1,1,-0.4215,5,1,vhich,3.328340822100183e-05,0.35279251707864995,0.0
favorite,1,0,1,0,0,0,0,0,0,0,0,0,0,0,0,1,1,-0.4215,8,1,favorite,3.328340822100183e-05,0.35279251707864995,0.13333333333333333
monseigneur,1,0,0,0,0,0,0,0,0,0,0,0,0,0,0,1,1,0.0,11,1,monseigneur,3.328340822100183e-05,0.35279251707864995,0.06666666666666667
delivered,0,0,0,0,0,0,0,0,0,0,0,0,0,0,0,1,1,0.3182,9,1,delivered,3.328340822100183e-05,0.35279251707864995,0.0
expectantly,0,0,0,1,0,0,0,0,0,0,0,0,0,0,0,1,1,0.0,11,1,expectantly,3.328340822100183e-05,0.35279251707864995,0.06666666666666667
inward,1,0,1,1,0,0,0,0,0,0,0,0,0,0,0,1,1,0.1779,6,1,inward,3.328340822100183e-05,0.35279251707864995,0.2
nimbus,1,0,0,0,0,0,0,0,0,0,0,0,0,0,0,1,1,0.3612,6,1,nimbus,3.328340822100183e-05,0.35279251707864995,0.06666666666666667
signed,0,1,1,0,0,0,0,0,0,0,0,0,0,0,0,1,1,0.3612,6,1,signed,3.328340822100183e-05,0.35279251707864995,0.13333333333333333
tawny,0,0,1,0,0,0,0,0,0,0,0,0,0,0,0,1,1,-0.0258,5,1,tawny,3.328340822100183e-05,0.35279251707864995,0.06666666666666667
rugs,1,0,0,0,0,0,0,0,0,0,0,0,0,0,0,1,1,-0.0258,4,1,rugs,3.328340822100183e-05,0.35279251707864995,0.06666666666666667
wolf,1,1,0,0,0,0,0,0,0,0,0,0,0,0,0,1,1,-0.0258,4,1,wolf,3.328340822100183e-05,0.35279251707864995,0.13333333333333333
distinguished,0,1,1,0,0,0,0,0,0,0,0,0,0,0,0,1,1,0.0,13,1,distinguished,3.328340822100183e-05,0.35279251707864995,0.13333333333333333
helmets,1,0,0,0,0,0,0,0,0,0,0,0,0,0,0,1,1,0.1779,7,1,helmets,3.328340822100183e-05,0.35279251707864995,0.06666666666666667
rec,0,0,0,0,0,0,0,0,0,0,0,0,0,0,0,1,1,0.0,3,1,rec,3.328340822100183e-05,0.35279251707864995,0.0
oncile,0,0,0,0,0,0,0,0,0,0,0,0,0,0,0,1,1,0.0,6,1,oncile,3.328340822100183e-05,0.35279251707864995,0.0
fathers,1,0,0,0,0,0,0,0,0,0,0,0,0,0,0,1,1,0.0,7,1,fathers,3.328340822100183e-05,0.35279251707864995,0.06666666666666667
coolest,0,0,0,0,0,0,0,0,0,0,0,0,0,0,0,1,1,0.7469,7,1,coolest,3.328340822100183e-05,0.35279251707864995,0.0
fortnight,1,0,0,0,0,0,0,0,0,0,0,0,0,0,0,1,1,-0.5574,9,1,fortnight,3.328340822100183e-05,0.35279251707864995,0.06666666666666667
dreaded,0,0,1,0,0,0,0,0,0,0,0,0,0,0,0,1,1,0.296,7,1,dreaded,3.328340822100183e-05,0.35279251707864995,0.06666666666666667
tenderly,0,0,0,1,0,0,0,0,0,0,0,0,0,0,0,1,1,0.296,8,1,tenderly,3.328340822100183e-05,0.35279251707864995,0.06666666666666667
spinet,1,0,0,0,0,0,0,0,0,0,0,0,0,0,0,1,1,0.1779,6,1,spinet,3.328340822100183e-05,0.35279251707864995,0.06666666666666667
sees,1,1,0,0,0,0,0,0,0,0,0,0,0,0,0,1,1,0.2732,4,1,sees,3.328340822100183e-05,0.35279251707864995,0.13333333333333333
fail,1,1,0,0,0,0,0,0,0,0,0,0,0,0,0,1,1,-0.25,4,1,fail,3.328340822100183e-05,0.35279251707864995,0.13333333333333333
attract,0,1,0,0,0,0,0,0,0,0,0,0,0,0,0,1,1,-0.25,7,1,attract,3.328340822100183e-05,0.35279251707864995,0.06666666666666667
organist,1,0,0,0,0,0,0,0,0,0,0,0,0,0,0,1,1,-0.25,8,1,organist,3.328340822100183e-05,0.35279251707864995,0.06666666666666667
depart,0,1,0,0,0,0,0,0,0,0,0,0,0,0,0,1,1,-0.2263,6,1,depart,3.328340822100183e-05,0.35279251707864995,0.06666666666666667
sixty,1,0,1,0,0,0,0,0,0,0,0,0,0,0,0,1,1,-0.2263,5,1,sixty,3.328340822100183e-05,0.35279251707864995,0.13333333333333333
preacher,1,0,0,0,0,0,0,0,0,0,0,0,0,0,0,1,1,0.6031,8,1,preacher,3.328340822100183e-05,0.35279251707864995,0.06666666666666667
harm,1,1,0,0,0,0,0,0,0,0,0,0,0,0,0,1,1,0.4708,4,1,harm,3.328340822100183e-05,0.35279251707864995,0.13333333333333333
brows,1,0,0,0,0,0,0,0,0,0,0,0,0,0,0,1,1,-0.3182,5,1,brows,3.328340822100183e-05,0.35279251707864995,0.06666666666666667
superstitions,1,0,0,0,0,0,0,0,0,0,0,0,0,0,0,1,1,0.3071,13,1,superstitions,3.328340822100183e-05,0.35279251707864995,0.06666666666666667
vespers,1,0,0,0,0,0,0,0,0,0,0,0,0,0,0,1,1,0.3071,7,1,vespers,3.328340822100183e-05,0.35279251707864995,0.06666666666666667
accompany,0,1,0,0,0,0,0,0,0,0,0,0,0,0,0,1,1,0.3071,9,1,accompany,3.328340822100183e-05,0.35279251707864995,0.06666666666666667
meditation,1,0,0,0,0,0,0,0,0,0,0,0,0,0,0,1,1,0.3071,10,1,meditation,3.328340822100183e-05,0.35279251707864995,0.06666666666666667
simpler,1,0,0,0,0,0,0,0,0,0,0,0,0,0,0,1,1,0.8,7,1,simpler,3.328340822100183e-05,0.35279251707864995,0.06666666666666667
psychological,0,0,1,0,0,0,0,0,0,0,0,0,0,0,0,1,1,0.8,13,1,psychological,3.328340822100183e-05,0.35279251707864995,0.06666666666666667
subordinate,1,1,1,0,0,0,0,0,0,0,0,0,0,0,0,1,1,-0.91,11,1,subordinate,3.328340822100183e-05,0.35279251707864995,0.2
twitched,0,1,0,0,0,0,0,0,0,0,0,0,0,0,0,1,1,0.0,8,1,twitched,3.328340822100183e-05,0.35279251707864995,0.06666666666666667
expectancy,1,0,0,0,0,0,0,0,0,0,0,0,0,0,0,1,1,0.5574,10,1,expectancy,3.328340822100183e-05,0.35279251707864995,0.06666666666666667
excitement,1,0,0,0,0,0,0,0,0,0,0,0,0,0,0,1,1,0.4939,10,1,excitement,3.328340822100183e-05,0.35279251707864995,0.06666666666666667
increases,1,1,0,0,0,0,0,0,0,0,0,0,0,0,0,1,1,0.4939,9,1,increases,3.328340822100183e-05,0.35279251707864995,0.13333333333333333
unable,0,0,1,0,0,0,0,0,0,0,0,0,0,0,0,1,1,0.5574,6,1,unable,3.328340822100183e-05,0.35279251707864995,0.06666666666666667
anxiety,1,0,0,0,0,0,0,0,0,0,0,0,0,0,0,1,1,0.5574,7,1,anxiety,3.328340822100183e-05,0.35279251707864995,0.06666666666666667
keys,1,1,0,0,0,0,0,0,0,0,0,0,0,0,0,1,1,0.0,4,1,keys,3.328340822100183e-05,0.35279251707864995,0.13333333333333333
express,1,1,1,1,0,0,0,0,0,0,0,0,0,0,0,1,1,0.0,7,1,express,3.328340822100183e-05,0.35279251707864995,0.26666666666666666
supporting,0,1,1,0,0,0,0,0,0,0,0,0,0,0,0,1,1,0.6597,10,1,supporting,3.328340822100183e-05,0.35279251707864995,0.13333333333333333
canopy,1,1,0,0,0,0,0,0,0,0,0,0,0,0,0,1,1,0.6597,6,1,canopy,3.328340822100183e-05,0.35279251707864995,0.13333333333333333
fringed,0,1,1,0,0,0,0,0,0,0,0,0,0,0,0,1,1,0.6597,7,1,fringed,3.328340822100183e-05,0.35279251707864995,0.13333333333333333
damask,1,0,1,0,0,0,0,0,0,0,0,0,0,0,0,1,1,0.6597,6,1,damask,3.328340822100183e-05,0.35279251707864995,0.13333333333333333
cloth,1,0,0,0,0,0,0,0,0,0,0,0,0,0,0,1,1,0.6597,5,1,cloth,3.328340822100183e-05,0.35279251707864995,0.06666666666666667
yg,0,0,0,0,0,0,0,0,0,0,0,0,0,0,0,1,1,0.2023,2,0,yg,3.328340822100183e-05,0.35279251707864995,0.0
swift,1,0,1,1,0,0,0,0,0,0,0,0,0,0,0,1,1,0.2023,5,1,swift,3.328340822100183e-05,0.35279251707864995,0.2
sweat,1,1,0,0,0,0,0,0,0,0,0,0,0,0,0,1,1,0.0,5,1,sweat,3.328340822100183e-05,0.35279251707864995,0.13333333333333333
gi,1,0,0,0,0,0,0,0,0,0,0,0,0,0,0,1,1,0.0,2,1,gi,3.328340822100183e-05,0.35279251707864995,0.06666666666666667
quils,0,0,0,0,0,0,0,0,0,0,0,0,0,0,0,1,1,0.0,5,1,quils,3.328340822100183e-05,0.35279251707864995,0.0
violets,1,0,0,0,0,0,0,0,0,0,0,0,0,0,0,1,1,0.0,7,1,violets,3.328340822100183e-05,0.35279251707864995,0.06666666666666667
trumpet,1,1,0,0,0,0,0,0,0,0,0,0,0,0,0,1,1,0.6597,7,1,trumpet,3.328340822100183e-05,0.35279251707864995,0.13333333333333333
conceit,1,0,0,0,0,0,0,0,0,0,0,0,0,0,0,1,1,-0.2732,7,1,conceit,3.328340822100183e-05,0.35279251707864995,0.06666666666666667
harpy,1,0,0,0,0,0,0,0,0,0,0,0,0,0,0,1,1,-0.2732,5,1,harpy,3.328340822100183e-05,0.35279251707864995,0.06666666666666667
anaemic,0,0,1,0,0,0,0,0,0,0,0,0,0,0,0,1,1,-0.2732,7,1,anaemic,3.328340822100183e-05,0.35279251707864995,0.06666666666666667
complexion,1,1,0,0,0,0,0,0,0,0,0,0,0,0,0,1,1,-0.2732,10,1,complexion,3.328340822100183e-05,0.35279251707864995,0.13333333333333333
threadbare,0,0,1,0,0,0,0,0,0,0,0,0,0,0,0,1,1,0.1779,10,1,threadbare,3.328340822100183e-05,0.35279251707864995,0.06666666666666667
feared,0,1,0,0,0,0,0,0,0,0,0,0,0,0,0,1,1,-0.4588,6,1,feared,3.328340822100183e-05,0.35279251707864995,0.06666666666666667
tranquilly,0,0,0,1,0,0,0,0,0,0,0,0,0,0,0,1,1,-0.4588,10,1,tranquilly,3.328340822100183e-05,0.35279251707864995,0.06666666666666667
gation,0,0,0,0,0,0,0,0,0,0,0,0,0,0,0,1,1,0.3182,6,1,gation,3.328340822100183e-05,0.35279251707864995,0.0
riddance,1,0,0,0,0,0,0,0,0,0,0,0,0,0,0,1,1,0.0,8,1,riddance,3.328340822100183e-05,0.35279251707864995,0.06666666666666667
assistant,1,0,1,0,0,0,0,0,0,0,0,0,0,0,0,1,1,0.7184,9,1,assistant,3.328340822100183e-05,0.35279251707864995,0.13333333333333333
erent,0,0,0,0,0,0,0,0,0,0,0,0,0,0,0,1,1,0.4404,5,1,erent,3.328340822100183e-05,0.35279251707864995,0.0
honore,0,0,0,0,0,0,0,0,0,0,0,0,0,0,0,1,1,0.0,6,1,honore,3.328340822100183e-05,0.35279251707864995,0.0
riviera,1,0,0,0,0,0,0,0,0,0,0,0,0,0,0,1,1,0.0,7,1,riviera,3.328340822100183e-05,0.35279251707864995,0.06666666666666667
russian,1,0,1,0,0,0,0,0,0,0,0,0,0,0,0,1,1,0.0,7,1,russian,3.328340822100183e-05,0.35279251707864995,0.13333333333333333
hyacinths,1,0,0,0,0,0,0,0,0,0,0,0,0,0,0,1,1,0.0,9,1,hyacinths,3.328340822100183e-05,0.35279251707864995,0.06666666666666667
overtook,0,1,0,0,0,0,0,0,0,0,0,0,0,0,0,1,1,0.0,8,1,overtook,3.328340822100183e-05,0.35279251707864995,0.06666666666666667
lignity,0,0,0,0,0,0,0,0,0,0,0,0,0,0,0,1,1,-0.7684,7,1,lignity,3.328340822100183e-05,0.35279251707864995,0.0
profile,1,1,0,0,0,0,0,0,0,0,0,0,0,0,0,1,1,-0.7684,7,1,profile,3.328340822100183e-05,0.35279251707864995,0.13333333333333333
ance,0,0,0,0,0,0,0,0,0,0,0,0,0,0,0,1,1,-0.1027,4,1,ance,3.328340822100183e-05,0.35279251707864995,0.0
pools,1,1,0,0,0,0,0,0,0,0,0,0,0,0,0,1,1,-0.4404,5,1,pools,3.328340822100183e-05,0.35279251707864995,0.13333333333333333
blindly,0,0,0,1,0,0,0,0,0,0,0,0,0,0,0,1,1,0.0,7,1,blindly,3.328340822100183e-05,0.35279251707864995,0.06666666666666667
setting,1,1,1,0,0,0,0,0,0,0,0,0,0,0,0,1,1,0.0,7,1,setting,3.328340822100183e-05,0.35279251707864995,0.2
menace,1,1,0,0,0,0,0,0,0,0,0,0,0,0,0,1,1,-0.7684,6,1,menace,3.328340822100183e-05,0.35279251707864995,0.13333333333333333
errand,1,0,0,0,0,0,0,0,0,0,0,0,0,0,0,1,1,-0.7684,6,1,errand,3.328340822100183e-05,0.35279251707864995,0.06666666666666667
connected,0,1,1,0,0,0,0,0,0,0,0,0,0,0,0,1,1,-0.7684,9,1,connected,3.328340822100183e-05,0.35279251707864995,0.13333333333333333
fusing,0,1,0,0,0,0,0,0,0,0,0,0,0,0,0,1,1,-0.7684,6,1,fusing,3.328340822100183e-05,0.35279251707864995,0.06666666666666667
deserved,0,1,1,0,0,0,0,0,0,0,0,0,0,0,0,1,1,0.0,8,1,deserved,3.328340822100183e-05,0.35279251707864995,0.13333333333333333
escape,1,1,0,0,0,0,0,0,0,0,0,0,0,0,0,1,1,0.8201,6,1,escape,3.328340822100183e-05,0.35279251707864995,0.13333333333333333
flyaway,1,0,1,0,0,0,0,0,0,0,0,0,0,0,0,1,1,0.6597,7,1,flyaway,3.328340822100183e-05,0.35279251707864995,0.13333333333333333
mothers,1,1,0,0,0,0,0,0,0,0,0,0,0,0,0,1,1,0.0,7,1,mothers,3.328340822100183e-05,0.35279251707864995,0.13333333333333333
accom,0,0,0,0,0,0,0,0,0,0,0,0,0,0,0,1,1,-0.4862,5,1,accom,3.328340822100183e-05,0.35279251707864995,0.0
plishment,0,0,0,0,0,0,0,0,0,0,0,0,0,0,0,1,1,-0.4862,9,1,plishment,3.328340822100183e-05,0.35279251707864995,0.0
pouring,1,1,1,0,0,0,0,0,0,0,0,0,0,0,0,1,1,0.6249,7,1,pouring,3.328340822100183e-05,0.35279251707864995,0.2
rivoli,0,0,0,0,0,0,0,0,0,0,0,0,0,0,0,1,1,0.8201,6,1,rivoli,3.328340822100183e-05,0.35279251707864995,0.0
backs,1,1,0,0,0,0,0,0,0,0,0,0,0,0,0,1,1,0.8201,5,1,backs,3.328340822100183e-05,0.35279251707864995,0.13333333333333333
dusky,1,0,1,0,0,0,0,0,0,0,0,0,0,0,0,1,1,0.8201,5,1,dusky,3.328340822100183e-05,0.35279251707864995,0.13333333333333333
tioned,0,0,0,0,0,0,0,0,0,0,0,0,0,0,0,1,1,0.0,6,1,tioned,3.328340822100183e-05,0.35279251707864995,0.0
troubles,1,1,0,0,0,0,0,0,0,0,0,0,0,0,0,1,1,-0.4588,8,1,troubles,3.328340822100183e-05,0.35279251707864995,0.13333333333333333
describe,0,1,0,0,0,0,0,0,0,0,0,0,0,0,0,1,1,-0.5574,8,1,describe,3.328340822100183e-05,0.35279251707864995,0.06666666666666667
loft,1,1,0,0,0,0,0,0,0,0,0,0,0,0,0,1,1,0.6597,4,1,loft,3.328340822100183e-05,0.35279251707864995,0.13333333333333333
interval,1,0,0,0,0,0,0,0,0,0,0,0,0,0,0,1,1,-0.25,8,1,interval,3.328340822100183e-05,0.35279251707864995,0.06666666666666667
harbor,1,1,0,0,0,0,0,0,0,0,0,0,0,0,0,1,1,-0.5214,6,1,harbor,3.328340822100183e-05,0.35279251707864995,0.13333333333333333
gestures,1,0,0,0,0,0,0,0,0,0,0,0,0,0,0,1,1,0.4404,8,1,gestures,3.328340822100183e-05,0.35279251707864995,0.06666666666666667
notion,1,0,0,0,0,0,0,0,0,0,0,0,0,0,0,1,1,0.4404,6,1,notion,3.328340822100183e-05,0.35279251707864995,0.06666666666666667
drop,1,1,0,0,0,0,0,0,0,0,0,0,0,0,0,1,1,-0.5574,4,1,drop,3.328340822100183e-05,0.35279251707864995,0.13333333333333333
laboratory,1,0,0,0,0,0,0,0,0,0,0,0,0,0,0,1,1,0.0,10,1,laboratory,3.328340822100183e-05,0.35279251707864995,0.06666666666666667
waste,1,1,1,0,0,0,0,0,0,0,0,0,0,0,0,1,1,0.0,5,1,waste,3.328340822100183e-05,0.35279251707864995,0.2
crisis,1,0,0,0,0,0,0,0,0,0,0,0,0,0,0,1,1,-0.8436,6,1,crisis,3.328340822100183e-05,0.35279251707864995,0.06666666666666667
weight,1,0,0,0,0,0,0,0,0,0,0,0,0,0,0,1,1,-0.4215,6,1,weight,3.328340822100183e-05,0.35279251707864995,0.06666666666666667
crowds,1,1,0,0,0,0,0,0,0,0,0,0,0,0,0,1,1,0.0,6,1,crowds,3.328340822100183e-05,0.35279251707864995,0.13333333333333333
spare,1,1,1,0,0,0,0,0,0,0,0,0,0,0,0,1,1,0.0,5,1,spare,3.328340822100183e-05,0.35279251707864995,0.2
relation,1,0,0,0,0,0,0,0,0,0,0,0,0,0,0,1,1,0.0,8,1,relation,3.328340822100183e-05,0.35279251707864995,0.06666666666666667
nace,0,0,0,0,0,0,0,0,0,0,0,0,0,0,0,1,1,0.0,4,1,nace,3.328340822100183e-05,0.35279251707864995,0.0
seeking,1,1,1,0,0,0,0,0,0,0,0,0,0,0,0,1,1,0.0,7,1,seeking,3.328340822100183e-05,0.35279251707864995,0.2
gether,0,0,0,0,0,0,0,0,0,0,0,0,0,0,0,1,1,0.4404,6,1,gether,3.328340822100183e-05,0.35279251707864995,0.0
stories,1,0,0,0,0,0,0,0,0,0,0,0,0,0,0,1,1,0.4404,7,1,stories,3.328340822100183e-05,0.35279251707864995,0.06666666666666667
travels,0,1,0,0,0,0,0,0,0,0,0,0,0,0,0,1,1,0.4404,7,1,travels,3.328340822100183e-05,0.35279251707864995,0.06666666666666667
certifi,0,0,0,0,0,0,0,0,0,0,0,0,0,0,0,1,1,0.0,7,1,certifi,3.328340822100183e-05,0.35279251707864995,0.0
hellish,0,0,1,1,0,0,0,0,0,0,0,0,0,0,0,1,1,-0.5574,7,1,hellish,3.328340822100183e-05,0.35279251707864995,0.13333333333333333
fluid,1,0,1,0,0,0,0,0,0,0,0,0,0,0,0,1,1,-0.5574,5,1,fluid,3.328340822100183e-05,0.35279251707864995,0.13333333333333333
explanation,1,0,0,0,0,0,0,0,0,0,0,0,0,0,0,1,1,0.0,11,1,explanation,3.328340822100183e-05,0.35279251707864995,0.06666666666666667
persisted,0,1,0,0,0,0,0,0,0,0,0,0,0,0,0,1,1,0.3612,9,1,persisted,3.328340822100183e-05,0.35279251707864995,0.06666666666666667
delirium,1,0,0,0,0,0,0,0,0,0,0,0,0,0,0,1,1,0.3612,8,1,delirium,3.328340822100183e-05,0.35279251707864995,0.06666666666666667
answer,1,1,0,0,0,0,0,0,0,0,0,0,0,0,0,1,1,0.3612,6,1,answer,3.328340822100183e-05,0.35279251707864995,0.13333333333333333
cate,1,0,0,0,0,0,0,0,0,0,0,0,0,0,0,1,1,0.0,4,1,cate,3.328340822100183e-05,0.35279251707864995,0.06666666666666667
childless,0,0,1,0,0,0,0,0,0,0,0,0,0,0,0,1,1,0.0,9,1,childless,3.328340822100183e-05,0.35279251707864995,0.06666666666666667
management,1,0,0,0,0,0,0,0,0,0,0,0,0,0,0,1,1,0.0,10,1,management,3.328340822100183e-05,0.35279251707864995,0.06666666666666667
excep,0,0,0,0,0,0,0,0,0,0,0,0,0,0,0,1,1,0.0,5,1,excep,3.328340822100183e-05,0.35279251707864995,0.0
steep,1,1,1,0,0,0,0,0,0,0,0,0,0,0,0,1,1,0.0,5,1,steep,3.328340822100183e-05,0.35279251707864995,0.2
pitch,1,1,0,0,0,0,0,0,0,0,0,0,0,0,0,1,1,0.0,5,1,pitch,3.328340822100183e-05,0.35279251707864995,0.13333333333333333
workers,1,0,0,0,0,0,0,0,0,0,0,0,0,0,0,1,1,0.0,7,1,workers,3.328340822100183e-05,0.35279251707864995,0.06666666666666667
hammers,1,1,0,0,0,0,0,0,0,0,0,0,0,0,0,1,1,0.7184,7,1,hammers,3.328340822100183e-05,0.35279251707864995,0.13333333333333333
archways,1,0,0,0,0,0,0,0,0,0,0,0,0,0,0,1,1,0.3182,8,1,archways,3.328340822100183e-05,0.35279251707864995,0.06666666666666667
collects,1,1,0,0,0,0,0,0,0,0,0,0,0,0,0,1,1,-0.4404,8,1,collects,3.328340822100183e-05,0.35279251707864995,0.13333333333333333
raved,0,1,0,0,0,0,0,0,0,0,0,0,0,0,0,1,1,-0.399,5,1,raved,3.328340822100183e-05,0.35279251707864995,0.06666666666666667
timacy,0,0,0,0,0,0,0,0,0,0,0,0,0,0,0,1,1,0.0,6,1,timacy,3.328340822100183e-05,0.35279251707864995,0.0
endured,0,0,0,0,0,0,0,0,0,0,0,0,0,0,0,1,1,0.3818,7,1,endured,3.328340822100183e-05,0.35279251707864995,0.0
fatal,1,0,1,0,0,0,0,0,0,0,0,0,0,0,0,1,1,0.3818,5,1,fatal,3.328340822100183e-05,0.35279251707864995,0.13333333333333333
deceived,0,1,0,0,0,0,0,0,0,0,0,0,0,0,0,1,1,0.6369,8,1,deceived,3.328340822100183e-05,0.35279251707864995,0.06666666666666667
stronger,0,0,0,0,0,0,0,0,0,0,0,0,0,0,0,1,1,0.5106,8,1,stronger,3.328340822100183e-05,0.35279251707864995,0.0
preoccupied,0,1,1,0,0,0,0,0,0,0,0,0,0,0,0,1,1,0.5106,11,1,preoccupied,3.328340822100183e-05,0.35279251707864995,0.13333333333333333
fight,1,1,0,0,0,0,0,0,0,0,0,0,0,0,0,1,1,0.5106,5,1,fight,3.328340822100183e-05,0.35279251707864995,0.13333333333333333
unruly,0,0,1,0,0,0,0,0,0,0,0,0,0,0,0,1,1,0.5106,6,1,unruly,3.328340822100183e-05,0.35279251707864995,0.06666666666666667
insist,0,1,0,0,0,0,0,0,0,0,0,0,0,0,0,1,1,0.5106,6,1,insist,3.328340822100183e-05,0.35279251707864995,0.06666666666666667
anr,0,0,0,0,0,0,0,0,0,0,0,0,0,0,0,1,1,0.0,3,1,anr,3.328340822100183e-05,0.35279251707864995,0.0
thi,0,0,0,0,0,0,0,0,0,0,0,0,0,0,0,1,1,0.0,3,1,thi,3.328340822100183e-05,0.35279251707864995,0.0
couples,1,1,0,0,0,0,0,0,0,0,0,0,0,0,0,1,1,0.0,7,1,couples,3.328340822100183e-05,0.35279251707864995,0.13333333333333333
serted,0,0,0,0,0,0,0,0,0,0,0,0,0,0,0,1,1,0.2023,6,1,serted,3.328340822100183e-05,0.35279251707864995,0.0
halfway,0,0,1,1,0,0,0,0,0,0,0,0,0,0,0,1,1,0.2023,7,1,halfway,3.328340822100183e-05,0.35279251707864995,0.13333333333333333
visions,0,0,0,0,0,0,0,0,0,0,0,0,0,0,0,1,1,0.3182,7,1,visions,3.328340822100183e-05,0.35279251707864995,0.0
distinctness,1,0,0,0,0,0,0,0,0,0,0,0,0,0,0,1,1,0.3818,12,1,distinctness,3.328340822100183e-05,0.35279251707864995,0.06666666666666667
ails,1,1,0,0,0,0,0,0,0,0,0,0,0,0,0,1,1,0.3818,4,1,ails,3.328340822100183e-05,0.35279251707864995,0.13333333333333333
signs,1,1,0,0,0,0,0,0,0,0,0,0,0,0,0,1,1,0.0,5,1,signs,3.328340822100183e-05,0.35279251707864995,0.13333333333333333
trappings,1,0,0,0,0,0,0,0,0,0,0,0,0,0,0,1,1,0.0,9,1,trappings,3.328340822100183e-05,0.35279251707864995,0.06666666666666667
caine,0,0,0,0,0,0,0,0,0,0,0,0,0,0,0,1,1,0.0,5,1,caine,3.328340822100183e-05,0.35279251707864995,0.0
du,0,0,0,0,0,0,0,0,0,0,0,0,0,0,0,1,1,0.0,2,0,du,3.328340822100183e-05,0.35279251707864995,0.0
gleamed,0,1,0,0,0,0,0,0,0,0,0,0,0,0,0,1,1,0.0516,7,1,gleamed,3.328340822100183e-05,0.35279251707864995,0.06666666666666667
vaults,1,1,0,0,0,0,0,0,0,0,0,0,0,0,0,1,1,0.0,6,1,vaults,3.328340822100183e-05,0.35279251707864995,0.13333333333333333
retreating,0,1,1,0,0,0,0,0,0,0,0,0,0,0,0,1,1,0.0,10,1,retreating,3.328340822100183e-05,0.35279251707864995,0.13333333333333333
ourt,0,0,0,0,0,0,0,0,0,0,0,0,0,0,0,1,1,0.0,4,1,ourt,3.328340822100183e-05,0.35279251707864995,0.0
sleeping,1,1,1,0,0,0,0,0,0,0,0,0,0,0,0,1,1,0.0,8,1,sleeping,3.328340822100183e-05,0.35279251707864995,0.2
capability,1,0,0,0,0,0,0,0,0,0,0,0,0,0,0,1,1,-0.399,10,1,capability,3.328340822100183e-05,0.35279251707864995,0.06666666666666667
heal,0,1,0,0,0,0,0,0,0,0,0,0,0,0,0,1,1,-0.34,4,1,heal,3.328340822100183e-05,0.35279251707864995,0.06666666666666667
pect,0,0,0,0,0,0,0,0,0,0,0,0,0,0,0,1,1,0.0,4,1,pect,3.328340822100183e-05,0.35279251707864995,0.0
tails,1,1,0,1,0,0,0,0,0,0,0,0,0,0,0,1,1,0.0,5,1,tails,3.328340822100183e-05,0.35279251707864995,0.2
beckoned,0,0,0,0,0,0,0,0,0,0,0,0,0,0,0,1,1,-0.399,8,1,beckoned,3.328340822100183e-05,0.35279251707864995,0.0
ye,0,0,0,0,0,0,0,0,0,0,0,0,0,0,0,1,1,-0.399,2,0,ye,3.328340822100183e-05,0.35279251707864995,0.0
convalescent,1,0,1,0,0,0,0,0,0,0,0,0,0,0,0,1,1,-0.399,12,1,convalescent,3.328340822100183e-05,0.35279251707864995,0.13333333333333333
preceding,0,1,1,0,0,0,0,0,0,0,0,0,0,0,0,1,1,-0.4588,9,1,preceding,3.328340822100183e-05,0.35279251707864995,0.13333333333333333
abstraction,1,0,0,0,0,0,0,0,0,0,0,0,0,0,0,1,1,-0.4588,11,1,abstraction,3.328340822100183e-05,0.35279251707864995,0.06666666666666667
reverence,1,1,0,0,0,0,0,0,0,0,0,0,0,0,0,1,1,-0.4588,9,1,reverence,3.328340822100183e-05,0.35279251707864995,0.13333333333333333
disapproval,1,0,0,0,0,0,0,0,0,0,0,0,0,0,0,1,1,0.0,11,1,disapproval,3.328340822100183e-05,0.35279251707864995,0.06666666666666667
tensely,0,0,0,1,0,0,0,0,0,0,0,0,0,0,0,1,1,-0.7717,7,1,tensely,3.328340822100183e-05,0.35279251707864995,0.06666666666666667
holiday,1,0,0,0,0,0,0,0,0,0,0,0,0,0,0,1,1,0.4019,7,1,holiday,3.328340822100183e-05,0.35279251707864995,0.06666666666666667
included,0,1,1,0,0,0,0,0,0,0,0,0,0,0,0,1,1,0.4019,8,1,included,3.328340822100183e-05,0.35279251707864995,0.13333333333333333
repelled,0,1,0,0,0,0,0,0,0,0,0,0,0,0,0,1,1,0.0107,8,1,repelled,3.328340822100183e-05,0.35279251707864995,0.06666666666666667
nized,0,0,0,0,0,0,0,0,0,0,0,0,0,0,0,1,1,-0.8402,5,1,nized,3.328340822100183e-05,0.35279251707864995,0.0
doubted,0,1,0,0,0,0,0,0,0,0,0,0,0,0,0,1,1,-0.8402,7,1,doubted,3.328340822100183e-05,0.35279251707864995,0.06666666666666667
overhead,1,0,1,1,0,0,0,0,0,0,0,0,0,0,0,1,1,-0.8402,8,1,overhead,3.328340822100183e-05,0.35279251707864995,0.2
blare,1,0,0,0,0,0,0,0,0,0,0,0,0,0,0,1,1,-0.8402,5,1,blare,3.328340822100183e-05,0.35279251707864995,0.06666666666666667
devilish,0,0,1,1,0,0,0,0,0,0,0,0,0,0,0,1,1,-0.7717,8,1,devilish,3.328340822100183e-05,0.35279251707864995,0.13333333333333333
nameless,0,0,1,0,0,0,0,0,0,0,0,0,0,0,0,1,1,-0.7717,8,1,nameless,3.328340822100183e-05,0.35279251707864995,0.06666666666666667
instruments,1,1,0,0,0,0,0,0,0,0,0,0,0,0,0,1,1,-0.7717,11,1,instruments,3.328340822100183e-05,0.35279251707864995,0.13333333333333333
disused,0,0,1,0,0,0,0,0,0,0,0,0,0,0,0,1,1,-0.7717,7,1,disused,3.328340822100183e-05,0.35279251707864995,0.06666666666666667
dazzling,1,1,1,0,0,0,0,0,0,0,0,0,0,0,0,1,1,0.0,8,1,dazzling,3.328340822100183e-05,0.35279251707864995,0.2
faded,0,1,1,0,0,0,0,0,0,0,0,0,0,0,0,1,1,0.0,5,1,faded,3.328340822100183e-05,0.35279251707864995,0.13333333333333333
glare,1,1,1,0,0,0,0,0,0,0,0,0,0,0,0,1,1,0.0,5,1,glare,3.328340822100183e-05,0.35279251707864995,0.2
chilled,0,1,1,0,0,0,0,0,0,0,0,0,0,0,0,1,1,0.0,7,1,chilled,3.328340822100183e-05,0.35279251707864995,0.13333333333333333
torture,1,1,0,0,0,0,0,0,0,0,0,0,0,0,0,1,1,-0.7717,7,1,torture,3.328340822100183e-05,0.35279251707864995,0.13333333333333333
chambers,1,1,0,0,0,0,0,0,0,0,0,0,0,0,0,1,1,-0.7717,8,1,chambers,3.328340822100183e-05,0.35279251707864995,0.13333333333333333
castles,1,1,0,0,0,0,0,0,0,0,0,0,0,0,0,1,1,-0.7717,7,1,castles,3.328340822100183e-05,0.35279251707864995,0.13333333333333333
abode,1,0,0,0,0,0,0,0,0,0,0,0,0,0,0,1,1,-0.8402,5,1,abode,3.328340822100183e-05,0.35279251707864995,0.06666666666666667
relations,1,0,0,0,0,0,0,0,0,0,0,0,0,0,0,1,1,-0.4215,9,1,relations,3.328340822100183e-05,0.35279251707864995,0.06666666666666667
range,1,1,0,0,0,0,0,0,0,0,0,0,0,0,0,1,1,0.0,5,1,range,3.328340822100183e-05,0.35279251707864995,0.13333333333333333
resolved,0,1,1,0,0,0,0,0,0,0,0,0,0,0,0,1,1,0.5106,8,1,resolved,3.328340822100183e-05,0.35279251707864995,0.13333333333333333
mostly,0,0,0,1,0,0,0,0,0,0,0,0,0,0,0,1,1,0.0,6,1,mostly,3.328340822100183e-05,0.35279251707864995,0.06666666666666667
echo,1,1,0,0,0,0,0,0,0,0,0,0,0,0,0,1,1,-0.5927,4,1,echo,3.328340822100183e-05,0.35279251707864995,0.13333333333333333
leading,1,1,1,0,0,0,0,0,0,0,0,0,0,0,0,1,1,0.2023,7,1,leading,3.328340822100183e-05,0.35279251707864995,0.2
especially,0,0,0,1,0,0,0,0,0,0,0,0,0,0,0,1,1,-0.4877,10,1,especially,3.328340822100183e-05,0.35279251707864995,0.06666666666666667
meet,1,1,1,0,0,0,0,0,0,0,0,0,0,0,0,1,1,0.2023,4,1,meet,3.328340822100183e-05,0.35279251707864995,0.2
accord,1,1,0,0,0,0,0,0,0,0,0,0,0,0,0,1,1,0.1655,6,1,accord,3.328340822100183e-05,0.35279251707864995,0.13333333333333333
hopelessly,0,0,0,1,0,0,0,0,0,0,0,0,0,0,0,1,1,0.3182,10,1,hopelessly,3.328340822100183e-05,0.35279251707864995,0.06666666666666667
silvia,1,0,0,0,0,0,0,0,0,0,0,0,0,0,0,1,1,0.2732,6,1,silvia,3.328340822100183e-05,0.35279251707864995,0.06666666666666667
souls,1,0,0,0,0,0,0,0,0,0,0,0,0,0,0,1,1,-0.4767,5,1,souls,3.328340822100183e-05,0.35279251707864995,0.06666666666666667
whither,0,0,0,1,0,0,0,0,0,0,0,0,0,0,0,1,1,-0.4767,7,1,whither,3.328340822100183e-05,0.35279251707864995,0.06666666666666667
rising,1,1,1,0,0,0,0,0,0,0,0,0,0,0,0,1,1,-0.2732,6,1,rising,3.328340822100183e-05,0.35279251707864995,0.2
swelling,1,1,1,0,0,0,0,0,0,0,0,0,0,0,0,1,1,-0.2732,8,1,swelling,3.328340822100183e-05,0.35279251707864995,0.2
tho,1,0,0,1,0,0,1,0,0,0,0,0,0,0,0,1,1,0.0,3,1,tho,3.328340822100183e-05,0.35279251707864995,0.2
alar,1,0,1,0,0,0,0,0,0,0,0,0,0,0,0,1,1,-0.8436,4,1,alar,3.328340822100183e-05,0.35279251707864995,0.13333333333333333
rifts,1,0,0,0,0,0,0,0,0,0,0,0,0,0,0,1,1,-0.8436,5,1,rifts,3.328340822100183e-05,0.35279251707864995,0.06666666666666667
jvavered,0,0,0,0,0,0,0,0,0,0,0,0,0,0,0,1,1,-0.8436,8,1,jvavered,3.328340822100183e-05,0.35279251707864995,0.0
wolfs,0,1,0,0,0,0,0,0,0,0,0,0,0,0,0,1,1,0.3182,5,1,wolfs,3.328340822100183e-05,0.35279251707864995,0.06666666666666667
rug,1,0,0,0,0,0,0,0,0,0,0,0,0,0,0,1,1,0.3182,3,1,rug,3.328340822100183e-05,0.35279251707864995,0.06666666666666667
snapping,0,1,1,0,0,0,0,0,0,0,0,0,0,0,0,1,1,0.3182,8,1,snapping,3.328340822100183e-05,0.35279251707864995,0.13333333333333333
wrapt,0,0,0,0,0,0,0,0,0,0,0,0,0,0,0,1,1,0.3182,5,1,wrapt,3.328340822100183e-05,0.35279251707864995,0.0
evieve,0,0,0,0,0,0,0,0,0,0,0,0,0,0,0,1,1,0.6369,6,1,evieve,3.328340822100183e-05,0.35279251707864995,0.0
masses,1,1,0,0,0,0,0,0,0,0,0,0,0,0,0,1,1,0.2732,6,1,masses,3.328340822100183e-05,0.35279251707864995,0.13333333333333333
roar,1,1,0,0,0,0,0,0,0,0,0,0,0,0,0,1,1,0.2732,4,1,roar,3.328340822100183e-05,0.35279251707864995,0.13333333333333333
crazed,0,1,1,0,0,0,0,0,0,0,0,0,0,0,0,1,1,-0.4767,6,1,crazed,3.328340822100183e-05,0.35279251707864995,0.13333333333333333
yj,0,0,0,0,0,0,0,0,0,0,0,0,0,0,0,1,1,0.0,2,0,yj,3.328340822100183e-05,0.35279251707864995,0.0
fetch,1,1,0,0,0,0,0,0,0,0,0,0,0,0,0,1,1,0.0,5,1,fetch,3.328340822100183e-05,0.35279251707864995,0.13333333333333333
remedy,1,1,0,0,0,0,0,0,0,0,0,0,0,0,0,1,1,0.0,6,1,remedy,3.328340822100183e-05,0.35279251707864995,0.13333333333333333
feverishly,0,0,0,1,0,0,0,0,0,0,0,0,0,0,0,1,1,0.0,10,1,feverishly,3.328340822100183e-05,0.35279251707864995,0.06666666666666667
stir,1,1,0,0,0,0,0,0,0,0,0,0,0,0,0,1,1,0.0,4,1,stir,3.328340822100183e-05,0.35279251707864995,0.13333333333333333
worm,1,0,0,0,0,0,0,0,0,0,0,0,0,0,0,1,1,0.0107,4,1,worm,3.328340822100183e-05,0.35279251707864995,0.06666666666666667
nauseating,0,0,1,0,0,0,0,0,0,0,0,0,0,0,0,1,1,0.0107,10,1,nauseating,3.328340822100183e-05,0.35279251707864995,0.06666666666666667
lizard,1,0,0,0,0,0,0,0,0,0,0,0,0,0,0,1,1,0.2732,6,1,lizard,3.328340822100183e-05,0.35279251707864995,0.06666666666666667
ioo,0,0,0,0,0,0,0,0,0,0,0,0,0,0,0,1,1,0.2263,3,1,ioo,3.328340822100183e-05,0.35279251707864995,0.0
impressions,1,0,0,0,0,0,0,0,0,0,0,0,0,0,0,1,1,0.4019,11,1,impressions,3.328340822100183e-05,0.35279251707864995,0.06666666666666667
groups,1,1,0,0,0,0,0,0,0,0,0,0,0,0,0,1,1,0.4019,6,1,groups,3.328340822100183e-05,0.35279251707864995,0.13333333333333333
nursemaids,1,0,0,0,0,0,0,0,0,0,0,0,0,0,0,1,1,0.4019,10,1,nursemaids,3.328340822100183e-05,0.35279251707864995,0.06666666666666667
sainte,0,0,0,0,0,0,0,0,0,0,0,0,0,0,0,1,1,0.2732,6,1,sainte,3.328340822100183e-05,0.35279251707864995,0.0
silvered,0,0,0,0,0,0,0,0,0,0,0,0,0,0,0,1,1,-0.25,8,1,silvered,3.328340822100183e-05,0.35279251707864995,0.0
perfume,1,1,0,0,0,0,0,0,0,0,0,0,0,0,0,1,1,-0.25,7,1,perfume,3.328340822100183e-05,0.35279251707864995,0.13333333333333333
floats,1,1,0,0,0,0,0,0,0,0,0,0,0,0,0,1,1,-0.25,6,1,floats,3.328340822100183e-05,0.35279251707864995,0.13333333333333333
curse,1,1,0,0,0,0,0,0,0,0,0,0,0,0,0,1,1,-0.5423,5,1,curse,3.328340822100183e-05,0.35279251707864995,0.13333333333333333
divan,1,0,0,0,0,0,0,0,0,0,0,0,0,0,0,1,1,0.0,5,1,divan,3.328340822100183e-05,0.35279251707864995,0.06666666666666667
perplexed,0,1,1,0,0,0,0,0,0,0,0,0,0,0,0,1,1,-0.5106,9,1,perplexed,3.328340822100183e-05,0.35279251707864995,0.13333333333333333
periment,0,0,0,0,0,0,0,0,0,0,0,0,0,0,0,1,1,-0.5719,8,1,periment,3.328340822100183e-05,0.35279251707864995,0.0
alter,0,1,0,0,0,0,0,0,0,0,0,0,0,0,0,1,1,-0.2023,5,1,alter,3.328340822100183e-05,0.35279251707864995,0.06666666666666667
fying,0,0,0,0,0,0,0,0,0,0,0,0,0,0,0,1,1,-0.4767,5,1,fying,3.328340822100183e-05,0.35279251707864995,0.0
fault,1,0,0,0,0,0,0,0,0,0,0,0,0,0,0,1,1,-0.128,5,1,fault,3.328340822100183e-05,0.35279251707864995,0.06666666666666667
apartments,1,0,0,0,0,0,0,0,0,0,0,0,0,0,0,1,1,0.3818,10,1,apartments,3.328340822100183e-05,0.35279251707864995,0.06666666666666667
tortured,0,1,1,0,0,0,0,0,0,0,0,0,0,0,0,1,1,-0.4767,8,1,tortured,3.328340822100183e-05,0.35279251707864995,0.13333333333333333
amazed,0,1,1,0,0,0,0,0,0,0,0,0,0,0,0,1,1,-0.4767,6,1,amazed,3.328340822100183e-05,0.35279251707864995,0.13333333333333333
glittering,0,0,1,0,0,0,0,0,0,0,0,0,0,0,0,1,1,0.4404,10,1,glittering,3.328340822100183e-05,0.35279251707864995,0.06666666666666667
incessantly,0,0,0,1,0,0,0,0,0,0,0,0,0,0,0,1,1,0.4404,11,1,incessantly,3.328340822100183e-05,0.35279251707864995,0.06666666666666667
sisted,0,0,0,0,0,0,0,0,0,0,0,0,0,0,0,1,1,0.4404,6,1,sisted,3.328340822100183e-05,0.35279251707864995,0.0
sickly,0,0,1,1,0,0,0,0,0,0,0,0,0,0,0,1,1,0.5132,6,1,sickly,3.328340822100183e-05,0.35279251707864995,0.13333333333333333
glowed,0,1,0,0,0,0,0,0,0,0,0,0,0,0,0,1,1,0.5132,6,1,glowed,3.328340822100183e-05,0.35279251707864995,0.06666666666666667
sorry,1,0,1,0,0,0,0,0,0,0,0,0,0,0,0,1,1,-0.0772,5,1,sorry,3.328340822100183e-05,0.35279251707864995,0.13333333333333333
frangais,0,0,0,0,0,0,0,0,0,0,0,0,0,0,0,1,1,-0.0772,8,1,frangais,3.328340822100183e-05,0.35279251707864995,0.0
radiating,0,1,1,0,0,0,0,0,0,0,0,0,0,0,0,1,1,-0.5267,9,1,radiating,3.328340822100183e-05,0.35279251707864995,0.13333333333333333
growing,1,1,1,0,0,0,0,0,0,0,0,0,0,0,0,1,1,0.1779,7,1,growing,3.328340822100183e-05,0.35279251707864995,0.2
modelling,0,1,0,0,0,0,0,0,0,0,0,0,0,0,0,1,1,0.1779,9,1,modelling,3.328340822100183e-05,0.35279251707864995,0.06666666666666667
wherever,0,0,0,1,0,0,1,0,0,0,0,0,0,0,0,1,1,-0.5994,8,1,wherever,3.328340822100183e-05,0.35279251707864995,0.13333333333333333
duval,0,0,0,0,0,0,0,0,0,0,0,0,0,0,0,1,1,-0.5719,5,1,duval,3.328340822100183e-05,0.35279251707864995,0.0
exclaimed,0,1,0,0,0,0,0,0,0,0,0,0,0,0,0,1,1,0.0,9,1,exclaimed,3.328340822100183e-05,0.35279251707864995,0.06666666666666667
strove,0,1,0,0,0,0,0,0,0,0,0,0,0,0,0,1,1,-0.5719,6,1,strove,3.328340822100183e-05,0.35279251707864995,0.06666666666666667
arrest,1,0,0,0,0,0,0,0,0,0,0,0,0,0,0,1,1,-0.5719,6,1,arrest,3.328340822100183e-05,0.35279251707864995,0.06666666666666667
infection,1,0,0,0,0,0,0,0,0,0,0,0,0,0,0,1,1,-0.5719,9,1,infection,3.328340822100183e-05,0.35279251707864995,0.06666666666666667
sponge,1,1,0,0,0,0,0,0,0,0,0,0,0,0,0,1,1,-0.5719,6,1,sponge,3.328340822100183e-05,0.35279251707864995,0.13333333333333333
soaks,1,1,0,0,0,0,0,0,0,0,0,0,0,0,0,1,1,-0.5719,5,1,soaks,3.328340822100183e-05,0.35279251707864995,0.13333333333333333
vigorously,0,0,0,1,0,0,0,0,0,0,0,0,0,0,0,1,1,-0.5719,10,1,vigorously,3.328340822100183e-05,0.35279251707864995,0.06666666666666667
stuck,1,1,1,0,0,0,0,0,0,0,0,0,0,0,0,1,1,-0.6088,5,1,stuck,3.328340822100183e-05,0.35279251707864995,0.2
actually,0,0,0,1,0,0,0,0,0,0,0,0,0,0,0,1,1,0.0,8,1,actually,3.328340822100183e-05,0.35279251707864995,0.06666666666666667
orders,0,1,0,0,0,0,0,0,0,0,0,0,0,0,0,1,1,0.0,6,1,orders,3.328340822100183e-05,0.35279251707864995,0.06666666666666667
summon,0,1,0,0,0,0,0,0,0,0,0,0,0,0,0,1,1,0.0,6,1,summon,3.328340822100183e-05,0.35279251707864995,0.06666666666666667
nap,1,1,0,0,0,0,0,0,0,0,0,0,0,0,0,1,1,0.0,3,1,nap,3.328340822100183e-05,0.35279251707864995,0.13333333333333333
tripped,0,1,0,0,0,0,0,0,0,0,0,0,0,0,0,1,1,-0.4215,7,1,tripped,3.328340822100183e-05,0.35279251707864995,0.06666666666666667
sprained,0,0,0,0,0,0,0,0,0,0,0,0,0,0,0,1,1,-0.4215,8,1,sprained,3.328340822100183e-05,0.35279251707864995,0.0
sprain,1,0,0,0,0,0,0,0,0,0,0,0,0,0,0,1,1,0.0,6,1,sprain,3.328340822100183e-05,0.35279251707864995,0.06666666666666667
tlream,0,0,0,0,0,0,0,0,0,0,0,0,0,0,0,1,1,-0.4588,6,1,tlream,3.328340822100183e-05,0.35279251707864995,0.0
ruined,0,1,1,0,0,0,0,0,0,0,0,0,0,0,0,1,1,-0.4767,6,1,ruined,3.328340822100183e-05,0.35279251707864995,0.13333333333333333
helped,0,1,0,0,0,0,0,0,0,0,0,0,0,0,0,1,1,0.0,6,1,helped,3.328340822100183e-05,0.35279251707864995,0.06666666666666667
regaled,0,1,0,0,0,0,0,0,0,0,0,0,0,0,0,1,1,0.1027,7,1,regaled,3.328340822100183e-05,0.35279251707864995,0.06666666666666667
tial,0,0,0,0,0,0,0,0,0,0,0,0,0,0,0,1,1,0.1027,4,1,tial,3.328340822100183e-05,0.35279251707864995,0.0
loss,1,0,0,0,0,0,0,0,0,0,0,0,0,0,0,1,1,0.1027,4,1,loss,3.328340822100183e-05,0.35279251707864995,0.06666666666666667
whichever,0,0,0,0,0,0,0,0,0,0,0,0,1,0,0,1,1,-0.6088,9,1,whichever,3.328340822100183e-05,0.35279251707864995,0.06666666666666667
pleases,0,1,0,0,0,0,0,0,0,0,0,0,0,0,0,1,1,-0.6088,7,1,pleases,3.328340822100183e-05,0.35279251707864995,0.06666666666666667
disturbed,0,1,1,0,0,0,0,0,0,0,0,0,0,0,0,1,1,0.0107,9,1,disturbed,3.328340822100183e-05,0.35279251707864995,0.13333333333333333
grub,1,1,0,0,0,0,0,0,0,0,0,0,0,0,0,1,1,0.0107,4,1,grub,3.328340822100183e-05,0.35279251707864995,0.13333333333333333
spoiling,0,1,0,0,0,0,0,0,0,0,0,0,0,0,0,1,1,0.5132,8,1,spoiling,3.328340822100183e-05,0.35279251707864995,0.06666666666666667
uncomfortable,0,0,1,0,0,0,0,0,0,0,0,0,0,0,0,1,1,-0.5739,13,1,uncomfortable,3.328340822100183e-05,0.35279251707864995,0.06666666666666667
approached,0,1,0,0,0,0,0,0,0,0,0,0,0,0,0,1,1,0.0,10,1,approached,3.328340822100183e-05,0.35279251707864995,0.06666666666666667
recoiled,0,0,0,0,0,0,0,0,0,0,0,0,0,0,0,1,1,-0.7469,8,1,recoiled,3.328340822100183e-05,0.35279251707864995,0.0
disgust,1,1,0,0,0,0,0,0,0,0,0,0,0,0,0,1,1,-0.7469,7,1,disgust,3.328340822100183e-05,0.35279251707864995,0.13333333333333333
someway,0,0,0,1,0,0,0,0,0,0,0,0,0,0,0,1,1,-0.4588,7,1,someway,3.328340822100183e-05,0.35279251707864995,0.06666666666666667
depths,1,0,0,0,0,0,0,0,0,0,0,0,0,0,0,1,1,-0.5267,6,1,depths,3.328340822100183e-05,0.35279251707864995,0.06666666666666667
veined,0,1,1,0,0,0,0,0,0,0,0,0,0,0,0,1,1,0.6808,6,1,veined,3.328340822100183e-05,0.35279251707864995,0.13333333333333333
glistening,0,0,1,0,0,0,0,0,0,0,0,0,0,0,0,1,1,0.6808,10,1,glistening,3.328340822100183e-05,0.35279251707864995,0.06666666666666667
hoc,0,0,1,0,0,0,0,0,0,0,0,0,0,0,0,1,1,-0.5267,3,1,hoc,3.328340822100183e-05,0.35279251707864995,0.06666666666666667
orange,1,0,1,0,0,0,0,0,0,0,0,0,0,0,0,1,1,-0.5267,6,1,orange,3.328340822100183e-05,0.35279251707864995,0.13333333333333333
tortions,0,0,0,0,0,0,0,0,0,0,0,0,0,0,0,1,1,-0.5267,8,1,tortions,3.328340822100183e-05,0.35279251707864995,0.0
liquid,1,0,1,0,0,0,0,0,0,0,0,0,0,0,0,1,1,-0.5267,6,1,liquid,3.328340822100183e-05,0.35279251707864995,0.13333333333333333
defect,1,1,0,0,0,0,0,0,0,0,0,0,0,0,0,1,1,-0.34,6,1,defect,3.328340822100183e-05,0.35279251707864995,0.13333333333333333
amilton,0,0,0,0,0,0,0,0,0,0,0,0,0,0,0,1,1,0.0,7,1,amilton,3.328340822100183e-05,0.35279251707864995,0.0
bildin,0,0,0,0,0,0,0,0,0,0,0,0,0,0,0,1,1,0.0,6,1,bildin,3.328340822100183e-05,0.35279251707864995,0.0
hears,0,1,0,0,0,0,0,0,0,0,0,0,0,0,0,1,1,-0.3919,5,1,hears,3.328340822100183e-05,0.35279251707864995,0.06666666666666667
quartet,1,0,0,0,0,0,0,0,0,0,0,0,0,0,0,1,1,-0.3919,7,1,quartet,3.328340822100183e-05,0.35279251707864995,0.06666666666666667
undergraduates,1,0,0,0,0,0,0,0,0,0,0,0,0,0,0,1,1,-0.3919,14,1,undergraduates,3.328340822100183e-05,0.35279251707864995,0.06666666666666667
bellowed,0,1,0,0,0,0,0,0,0,0,0,0,0,0,0,1,1,-0.8201,8,1,bellowed,3.328340822100183e-05,0.35279251707864995,0.06666666666666667
unto,0,0,0,0,0,0,1,0,0,0,0,0,0,0,0,1,1,-0.8201,4,1,unto,3.328340822100183e-05,0.35279251707864995,0.06666666666666667
sworrrd,0,0,0,0,0,0,0,0,0,0,0,0,0,0,0,1,1,-0.8201,7,1,sworrrd,3.328340822100183e-05,0.35279251707864995,0.0
picnics,1,1,0,0,0,0,0,0,0,0,0,0,0,0,0,1,1,0.0,7,1,picnics,3.328340822100183e-05,0.35279251707864995,0.13333333333333333
coffin,1,1,0,0,0,0,0,0,0,0,0,0,0,0,0,1,1,-0.7876,6,1,coffin,3.328340822100183e-05,0.35279251707864995,0.13333333333333333
welsh,1,1,1,0,0,0,0,0,0,0,0,0,0,0,0,1,1,0.0,5,1,welsh,3.328340822100183e-05,0.35279251707864995,0.2
rarebits,1,0,0,0,0,0,0,0,0,0,0,0,0,0,0,1,1,0.0,8,1,rarebits,3.328340822100183e-05,0.35279251707864995,0.06666666666666667
lobster,1,0,0,0,0,0,0,0,0,0,0,0,0,0,0,1,1,0.0,7,1,lobster,3.328340822100183e-05,0.35279251707864995,0.06666666666666667
plumed,0,1,1,0,0,0,0,0,0,0,0,0,0,0,0,1,1,0.0,6,1,plumed,3.328340822100183e-05,0.35279251707864995,0.13333333333333333
raining,0,1,1,0,0,0,0,0,0,0,0,0,0,0,0,1,1,0.0,7,1,raining,3.328340822100183e-05,0.35279251707864995,0.13333333333333333
property,1,0,0,0,0,0,0,0,0,0,0,0,0,0,0,1,1,0.0,8,1,property,3.328340822100183e-05,0.35279251707864995,0.06666666666666667
real,1,0,1,1,0,0,0,0,0,0,0,0,0,0,0,1,1,-0.296,4,1,real,3.328340822100183e-05,0.35279251707864995,0.2
crab,1,1,0,0,0,0,0,0,0,0,0,0,0,0,0,1,1,0.25,4,1,crab,3.328340822100183e-05,0.35279251707864995,0.13333333333333333
reardon,0,0,0,0,0,0,0,0,0,0,0,0,0,0,0,1,1,-0.0516,7,1,reardon,3.328340822100183e-05,0.35279251707864995,0.0
trade,1,1,1,0,0,0,0,0,0,0,0,0,0,0,0,1,1,0.5106,5,1,trade,3.328340822100183e-05,0.35279251707864995,0.2
unlikely,1,0,1,0,0,0,0,0,0,0,0,0,0,0,0,1,1,0.0,8,1,unlikely,3.328340822100183e-05,0.35279251707864995,0.13333333333333333
boy,1,0,0,0,0,0,0,0,0,0,0,0,0,0,0,1,1,0.0,3,1,boy,3.328340822100183e-05,0.35279251707864995,0.06666666666666667
jo,1,0,0,0,0,0,0,0,0,0,0,0,0,0,0,1,1,-0.2732,2,1,jo,3.328340822100183e-05,0.35279251707864995,0.06666666666666667
hearses,1,0,0,0,0,0,0,0,0,0,0,0,0,0,0,1,1,0.0,7,1,hearses,3.328340822100183e-05,0.35279251707864995,0.06666666666666667
member,1,0,0,0,0,0,0,0,0,0,0,0,0,0,0,1,1,0.0,6,1,member,3.328340822100183e-05,0.35279251707864995,0.06666666666666667
sufficiently,0,0,0,1,0,0,0,0,0,0,0,0,0,0,0,1,1,0.1027,12,1,sufficiently,3.328340822100183e-05,0.35279251707864995,0.06666666666666667
forcible,0,0,1,0,0,0,0,0,0,0,0,0,0,0,0,1,1,-0.3612,8,1,forcible,3.328340822100183e-05,0.35279251707864995,0.06666666666666667
nevertheless,0,0,0,1,0,0,0,0,0,0,0,0,0,0,0,1,1,-0.3612,12,1,nevertheless,3.328340822100183e-05,0.35279251707864995,0.06666666666666667
silly,1,0,1,0,0,0,0,0,0,0,0,0,0,0,0,1,1,-0.5994,5,1,silly,3.328340822100183e-05,0.35279251707864995,0.13333333333333333
ruin,1,1,0,0,0,0,0,0,0,0,0,0,0,0,0,1,1,-0.5994,4,1,ruin,3.328340822100183e-05,0.35279251707864995,0.13333333333333333
weeks,1,0,0,0,0,0,0,0,0,0,0,0,0,0,0,1,1,0.0,5,1,weeks,3.328340822100183e-05,0.35279251707864995,0.06666666666666667
ripping,0,1,1,0,0,0,0,0,0,0,0,0,0,0,0,1,1,0.0,7,1,ripping,3.328340822100183e-05,0.35279251707864995,0.13333333333333333
toned,0,1,1,0,0,0,0,0,0,0,0,0,0,0,0,1,1,0.0,5,1,toned,3.328340822100183e-05,0.35279251707864995,0.13333333333333333
stands,1,1,0,0,0,0,0,0,0,0,0,0,0,0,0,1,1,0.4767,6,1,stands,3.328340822100183e-05,0.35279251707864995,0.13333333333333333
minor,1,0,1,0,0,0,0,0,0,0,0,0,0,0,0,1,1,-0.3919,5,1,minor,3.328340822100183e-05,0.35279251707864995,0.13333333333333333
repugnance,1,0,0,0,0,0,0,0,0,0,0,0,0,0,0,1,1,-0.3919,10,1,repugnance,3.328340822100183e-05,0.35279251707864995,0.06666666666666667
blatant,0,0,1,0,0,0,0,0,0,0,0,0,0,0,0,1,1,-0.3919,7,1,blatant,3.328340822100183e-05,0.35279251707864995,0.06666666666666667
exhorter,1,0,0,0,0,0,0,0,0,0,0,0,0,0,0,1,1,-0.3919,8,1,exhorter,3.328340822100183e-05,0.35279251707864995,0.06666666666666667
nasal,1,0,1,0,0,0,0,0,0,0,0,0,0,0,0,1,1,-0.3919,5,1,nasal,3.328340822100183e-05,0.35279251707864995,0.13333333333333333
modified,1,1,1,0,0,0,0,0,0,0,0,0,0,0,0,1,1,0.5499,8,1,modified,3.328340822100183e-05,0.35279251707864995,0.2
festoons,1,1,0,0,0,0,0,0,0,0,0,0,0,0,0,1,1,0.4767,8,1,festoons,3.328340822100183e-05,0.35279251707864995,0.13333333333333333
turkish,1,0,1,0,0,0,0,0,0,0,0,0,0,0,0,1,1,0.4767,7,1,turkish,3.328340822100183e-05,0.35279251707864995,0.13333333333333333
pictures,1,1,0,0,0,0,0,0,0,0,0,0,0,0,0,1,1,0.4767,8,1,pictures,3.328340822100183e-05,0.35279251707864995,0.13333333333333333
rack,1,1,0,0,0,0,0,0,0,0,0,0,0,0,0,1,1,0.4767,4,1,rack,3.328340822100183e-05,0.35279251707864995,0.13333333333333333
sensations,1,0,0,0,0,0,0,0,0,0,0,0,0,0,0,1,1,0.0,10,1,sensations,3.328340822100183e-05,0.35279251707864995,0.06666666666666667
isted,0,0,0,0,0,0,0,0,0,0,0,0,0,0,0,1,1,0.0,5,1,isted,3.328340822100183e-05,0.35279251707864995,0.0
fume,1,1,0,0,0,0,0,0,0,0,0,0,0,0,0,1,1,-0.6088,4,1,fume,3.328340822100183e-05,0.35279251707864995,0.13333333333333333
chaos,1,0,0,0,0,0,0,0,0,0,0,0,0,0,0,1,1,-0.6088,5,1,chaos,3.328340822100183e-05,0.35279251707864995,0.06666666666666667
interpret,0,1,0,0,0,0,0,0,0,0,0,0,0,0,0,1,1,0.0,9,1,interpret,3.328340822100183e-05,0.35279251707864995,0.06666666666666667
sentiments,0,0,0,0,0,0,0,0,0,0,0,0,0,0,0,1,1,0.0,10,1,sentiments,3.328340822100183e-05,0.35279251707864995,0.0
conversations,1,0,0,0,0,0,0,0,0,0,0,0,0,0,0,1,1,0.0,13,1,conversations,3.328340822100183e-05,0.35279251707864995,0.06666666666666667
drily,0,0,0,1,0,0,0,0,0,0,0,0,0,0,0,1,1,0.765,5,1,drily,3.328340822100183e-05,0.35279251707864995,0.06666666666666667
stored,0,1,0,0,0,0,0,0,0,0,0,0,0,0,0,1,1,0.765,6,1,stored,3.328340822100183e-05,0.35279251707864995,0.06666666666666667
ible,0,0,0,0,0,0,0,0,0,0,0,0,0,0,0,1,1,0.0,4,1,ible,3.328340822100183e-05,0.35279251707864995,0.0
stem,1,1,0,0,0,0,0,0,0,0,0,0,0,0,0,1,1,0.0,4,1,stem,3.328340822100183e-05,0.35279251707864995,0.13333333333333333
saddest,0,0,0,0,0,0,0,0,0,0,0,0,0,0,0,1,1,-0.6124,7,1,saddest,3.328340822100183e-05,0.35279251707864995,0.0
wondered,0,0,0,0,0,0,0,0,0,0,0,0,0,0,0,1,1,0.0,8,1,wondered,3.328340822100183e-05,0.35279251707864995,0.0
persistence,1,0,0,0,0,0,0,0,0,0,0,0,0,0,0,1,1,-0.3919,11,1,persistence,3.328340822100183e-05,0.35279251707864995,0.06666666666666667
revolted,0,1,0,0,0,0,0,0,0,0,0,0,0,0,0,1,1,-0.3919,8,1,revolted,3.328340822100183e-05,0.35279251707864995,0.06666666666666667
fiend,1,0,0,0,0,0,0,0,0,0,0,0,0,0,0,1,1,-0.3919,5,1,fiend,3.328340822100183e-05,0.35279251707864995,0.06666666666666667
reeled,0,1,0,0,0,0,0,0,0,0,0,0,0,0,0,1,1,-0.3919,6,1,reeled,3.328340822100183e-05,0.35279251707864995,0.06666666666666667
hymns,1,1,0,0,0,0,0,0,0,0,0,0,0,0,0,1,1,-0.3919,5,1,hymns,3.328340822100183e-05,0.35279251707864995,0.13333333333333333
doxology,1,0,0,0,0,0,0,0,0,0,0,0,0,0,0,1,1,-0.3919,8,1,doxology,3.328340822100183e-05,0.35279251707864995,0.06666666666666667
amendment,1,0,0,0,0,0,0,0,0,0,0,0,0,0,0,1,1,-0.3919,9,1,amendment,3.328340822100183e-05,0.35279251707864995,0.06666666666666667
bribes,1,1,0,0,0,0,0,0,0,0,0,0,0,0,0,1,1,0.5927,6,1,bribes,3.328340822100183e-05,0.35279251707864995,0.13333333333333333
ferent,0,0,0,0,0,0,0,0,0,0,0,0,0,0,0,1,1,0.0,6,1,ferent,3.328340822100183e-05,0.35279251707864995,0.0
posing,0,1,0,0,0,0,0,0,0,0,0,0,0,0,0,1,1,0.0,6,1,posing,3.328340822100183e-05,0.35279251707864995,0.06666666666666667
stained,0,1,1,0,0,0,0,0,0,0,0,0,0,0,0,1,1,-0.128,7,1,stained,3.328340822100183e-05,0.35279251707864995,0.13333333333333333
ental,0,0,0,0,0,0,0,0,0,0,0,0,0,0,0,1,1,-0.128,5,1,ental,3.328340822100183e-05,0.35279251707864995,0.0
looted,0,1,1,0,0,0,0,0,0,0,0,0,0,0,0,1,1,-0.128,6,1,looted,3.328340822100183e-05,0.35279251707864995,0.13333333333333333
highly,0,0,0,1,0,0,0,0,0,0,0,0,0,0,0,1,1,-0.128,6,1,highly,3.328340822100183e-05,0.35279251707864995,0.06666666666666667
organized,0,1,1,0,0,0,0,0,0,0,0,0,0,0,0,1,1,-0.128,9,1,organized,3.328340822100183e-05,0.35279251707864995,0.13333333333333333
excepting,0,0,0,0,0,0,0,0,0,0,0,0,0,0,0,1,1,0.3182,9,1,excepting,3.328340822100183e-05,0.35279251707864995,0.0
dining,1,1,0,0,0,0,0,0,0,0,0,0,0,0,0,1,1,0.3612,6,1,dining,3.328340822100183e-05,0.35279251707864995,0.13333333333333333
eighteen,1,0,1,0,0,0,0,0,0,0,0,0,0,0,0,1,1,0.3612,8,1,eighteen,3.328340822100183e-05,0.35279251707864995,0.13333333333333333
ivie,0,0,0,0,0,0,0,0,0,0,0,0,0,0,0,1,1,0.2846,4,1,ivie,3.328340822100183e-05,0.35279251707864995,0.0
stantly,0,0,0,0,0,0,0,0,0,0,0,0,0,0,0,1,1,0.2846,7,1,stantly,3.328340822100183e-05,0.35279251707864995,0.0
labored,0,0,1,0,0,0,0,0,0,0,0,0,0,0,0,1,1,0.2846,7,1,labored,3.328340822100183e-05,0.35279251707864995,0.06666666666666667
gallery,1,0,0,0,0,0,0,0,0,0,0,0,0,0,0,1,1,-0.128,7,1,gallery,3.328340822100183e-05,0.35279251707864995,0.06666666666666667
rodin,1,0,0,0,0,0,0,0,0,0,0,0,0,0,0,1,1,-0.128,5,1,rodin,3.328340822100183e-05,0.35279251707864995,0.06666666666666667
grabbed,0,1,0,0,0,0,0,0,0,0,0,0,0,0,0,1,1,-0.4404,7,1,grabbed,3.328340822100183e-05,0.35279251707864995,0.06666666666666667
molly,1,0,0,0,0,0,0,0,0,0,0,0,0,0,0,1,1,-0.4404,5,1,molly,3.328340822100183e-05,0.35279251707864995,0.06666666666666667
pulsive,0,0,0,0,0,0,0,0,0,0,0,0,0,0,0,1,1,0.5499,7,1,pulsive,3.328340822100183e-05,0.35279251707864995,0.0
sojourn,1,1,0,0,0,0,0,0,0,0,0,0,0,0,0,1,1,0.5499,7,1,sojourn,3.328340822100183e-05,0.35279251707864995,0.13333333333333333
arry,0,0,0,0,0,0,0,0,0,0,0,0,0,0,0,1,1,0.0,4,1,arry,3.328340822100183e-05,0.35279251707864995,0.0
wat,1,0,0,0,0,0,0,0,0,0,0,0,0,0,0,1,1,0.0,3,1,wat,3.328340822100183e-05,0.35279251707864995,0.06666666666666667
ow,0,0,0,0,0,0,0,0,0,0,0,0,0,0,0,1,1,0.3182,2,0,ow,3.328340822100183e-05,0.35279251707864995,0.0
sez,0,0,0,0,0,0,0,0,0,0,0,0,0,0,0,1,1,0.3182,3,1,sez,3.328340822100183e-05,0.35279251707864995,0.0
cockney,1,0,1,0,0,0,0,0,0,0,0,0,0,0,0,1,1,0.5499,7,1,cockney,3.328340822100183e-05,0.35279251707864995,0.13333333333333333
dialect,1,0,0,0,0,0,0,0,0,0,0,0,0,0,0,1,1,0.5499,7,1,dialect,3.328340822100183e-05,0.35279251707864995,0.06666666666666667
wrists,1,0,0,0,0,0,0,0,0,0,0,0,0,0,0,1,1,0.0,6,1,wrists,3.328340822100183e-05,0.35279251707864995,0.06666666666666667
loathing,0,0,0,0,0,0,0,0,0,0,0,0,0,0,0,1,1,-0.8126,8,1,loathing,3.328340822100183e-05,0.35279251707864995,0.0
horror,1,0,0,0,0,0,0,0,0,0,0,0,0,0,0,1,1,-0.8126,6,1,horror,3.328340822100183e-05,0.35279251707864995,0.06666666666666667
nawthin,0,0,0,0,0,0,0,0,0,0,0,0,0,0,0,1,1,0.0,7,1,nawthin,3.328340822100183e-05,0.35279251707864995,0.0
lawncers,0,0,0,0,0,0,0,0,0,0,0,0,0,0,0,1,1,0.25,8,1,lawncers,3.328340822100183e-05,0.35279251707864995,0.0
wells,1,1,0,0,0,0,0,0,0,0,0,0,0,0,0,1,1,0.25,5,1,wells,3.328340822100183e-05,0.35279251707864995,0.13333333333333333
wax,1,1,0,0,0,0,0,0,0,0,0,0,0,0,0,1,1,0.5719,3,1,wax,3.328340822100183e-05,0.35279251707864995,0.13333333333333333
tesselated,0,0,0,0,0,0,0,0,0,0,0,0,0,0,0,1,1,0.3182,10,1,tesselated,3.328340822100183e-05,0.35279251707864995,0.0
centre,1,0,0,0,0,0,0,0,0,0,0,0,0,0,0,1,1,0.3182,6,1,centre,3.328340822100183e-05,0.35279251707864995,0.06666666666666667
surface,1,1,1,0,0,0,0,0,0,0,0,0,0,0,0,1,1,0.3182,7,1,surface,3.328340822100183e-05,0.35279251707864995,0.2
pillars,1,0,0,0,0,0,0,0,0,0,0,0,0,0,0,1,1,0.3182,7,1,pillars,3.328340822100183e-05,0.35279251707864995,0.06666666666666667
fitfully,0,0,0,1,0,0,0,0,0,0,0,0,0,0,0,1,1,0.2846,8,1,fitfully,3.328340822100183e-05,0.35279251707864995,0.06666666666666667
idled,0,1,1,0,0,0,0,0,0,0,0,0,0,0,0,1,1,0.2846,5,1,idled,3.328340822100183e-05,0.35279251707864995,0.13333333333333333
corners,1,1,0,0,0,0,0,0,0,0,0,0,0,0,0,1,1,0.2846,7,1,corners,3.328340822100183e-05,0.35279251707864995,0.13333333333333333
ative,0,0,0,0,0,0,0,0,0,0,0,0,0,0,0,1,1,0.0,5,1,ative,3.328340822100183e-05,0.35279251707864995,0.0
dancer,1,0,0,0,0,0,0,0,0,0,0,0,0,0,0,1,1,0.7845,6,1,dancer,3.328340822100183e-05,0.35279251707864995,0.06666666666666667
conventional,1,0,1,0,0,0,0,0,0,0,0,0,0,0,0,1,1,0.8481,12,1,conventional,3.328340822100183e-05,0.35279251707864995,0.13333333333333333
metals,0,1,0,0,0,0,0,0,0,0,0,0,0,0,0,1,1,0.3818,6,1,metals,3.328340822100183e-05,0.35279251707864995,0.06666666666666667
throats,1,0,0,0,0,0,0,0,0,0,0,0,0,0,0,1,1,0.3818,7,1,throats,3.328340822100183e-05,0.35279251707864995,0.06666666666666667
covetous,0,0,1,0,0,0,0,0,0,0,0,0,0,0,0,1,1,0.0,8,1,covetous,3.328340822100183e-05,0.35279251707864995,0.06666666666666667
frescoed,0,1,0,0,0,0,0,0,0,0,0,0,0,0,0,1,1,0.3182,8,1,frescoed,3.328340822100183e-05,0.35279251707864995,0.06666666666666667
traces,1,1,0,0,0,0,0,0,0,0,0,0,0,0,0,1,1,0.5719,6,1,traces,3.328340822100183e-05,0.35279251707864995,0.13333333333333333
claret,1,1,0,0,0,0,0,0,0,0,0,0,0,0,0,1,1,-0.2263,6,1,claret,3.328340822100183e-05,0.35279251707864995,0.13333333333333333
mash,1,0,0,0,0,0,0,0,0,0,0,0,0,0,0,1,1,0.7845,4,1,mash,3.328340822100183e-05,0.35279251707864995,0.06666666666666667
related,0,1,1,0,0,0,0,0,0,0,0,0,0,0,0,1,1,0.8519,7,1,related,3.328340822100183e-05,0.35279251707864995,0.13333333333333333
setts,1,0,0,0,0,0,0,0,0,0,0,0,0,0,0,1,1,0.8519,5,1,setts,3.328340822100183e-05,0.35279251707864995,0.06666666666666667
accomplished,0,0,1,0,0,0,0,0,0,0,0,0,0,0,0,1,1,0.8519,12,1,accomplished,3.328340822100183e-05,0.35279251707864995,0.06666666666666667
cream,1,1,1,0,0,0,0,0,0,0,0,0,0,0,0,1,1,0.8519,5,1,cream,3.328340822100183e-05,0.35279251707864995,0.2
burke,1,1,0,0,0,0,0,0,0,0,0,0,0,0,0,1,1,0.7506,5,1,burke,3.328340822100183e-05,0.35279251707864995,0.13333333333333333
shower,1,1,0,0,0,0,0,0,0,0,0,0,0,0,0,1,1,0.0,6,1,shower,3.328340822100183e-05,0.35279251707864995,0.13333333333333333
ud,0,0,0,0,0,0,0,0,0,0,0,0,0,0,0,1,1,0.0,2,0,ud,3.328340822100183e-05,0.35279251707864995,0.0
sniffed,0,1,0,0,0,0,0,0,0,0,0,0,0,0,0,1,1,0.0,7,1,sniffed,3.328340822100183e-05,0.35279251707864995,0.06666666666666667
watchman,1,0,0,0,0,0,0,0,0,0,0,0,0,0,0,1,1,0.0,8,1,watchman,3.328340822100183e-05,0.35279251707864995,0.06666666666666667
maikes,0,0,0,0,0,0,0,0,0,0,0,0,0,0,0,1,1,0.3612,6,1,maikes,3.328340822100183e-05,0.35279251707864995,0.0
punched,0,1,0,0,0,0,0,0,0,0,0,0,0,0,0,1,1,0.0,7,1,punched,3.328340822100183e-05,0.35279251707864995,0.06666666666666667
oysters,1,1,0,0,0,0,0,0,0,0,0,0,0,0,0,1,1,0.8519,7,1,oysters,3.328340822100183e-05,0.35279251707864995,0.13333333333333333
celebrate,0,1,0,0,0,0,0,0,0,0,0,0,0,0,0,1,1,0.8519,9,1,celebrate,3.328340822100183e-05,0.35279251707864995,0.06666666666666667
department,1,0,0,0,0,0,0,0,0,0,0,0,0,0,0,1,1,0.8519,10,1,department,3.328340822100183e-05,0.35279251707864995,0.06666666666666667
curves,1,0,0,0,0,0,0,0,0,0,0,0,0,0,0,1,1,0.6705,6,1,curves,3.328340822100183e-05,0.35279251707864995,0.06666666666666667
greeting,1,1,0,0,0,0,0,0,0,0,0,0,0,0,0,1,1,0.6705,8,1,greeting,3.328340822100183e-05,0.35279251707864995,0.13333333333333333
complained,0,1,0,0,0,0,0,0,0,0,0,0,0,0,0,1,1,0.6124,10,1,complained,3.328340822100183e-05,0.35279251707864995,0.06666666666666667
luncheon,1,0,0,0,0,0,0,0,0,0,0,0,0,0,0,1,1,0.6124,8,1,luncheon,3.328340822100183e-05,0.35279251707864995,0.06666666666666667
tached,0,0,0,0,0,0,0,0,0,0,0,0,0,0,0,1,1,-0.2263,6,1,tached,3.328340822100183e-05,0.35279251707864995,0.0
frail,1,0,1,0,0,0,0,0,0,0,0,0,0,0,0,1,1,-0.2263,5,1,frail,3.328340822100183e-05,0.35279251707864995,0.13333333333333333
awkward,0,0,1,0,0,0,0,0,0,0,0,0,0,0,0,1,1,-0.2263,7,1,awkward,3.328340822100183e-05,0.35279251707864995,0.06666666666666667
dislike,1,1,0,0,0,0,0,0,0,0,0,0,0,0,0,1,1,-0.3182,7,1,dislike,3.328340822100183e-05,0.35279251707864995,0.13333333333333333
painters,1,0,0,0,0,0,0,0,0,0,0,0,0,0,0,1,1,-0.4019,8,1,painters,3.328340822100183e-05,0.35279251707864995,0.06666666666666667
confide,0,1,0,0,0,0,0,0,0,0,0,0,0,0,0,1,1,0.0,7,1,confide,3.328340822100183e-05,0.35279251707864995,0.06666666666666667
commonplace,1,0,1,0,0,0,0,0,0,0,0,0,0,0,0,1,1,-0.2263,11,1,commonplace,3.328340822100183e-05,0.35279251707864995,0.13333333333333333
advisability,1,0,0,0,0,0,0,0,0,0,0,0,0,0,0,1,1,0.7893,12,1,advisability,3.328340822100183e-05,0.35279251707864995,0.06666666666666667
fully,0,0,0,1,0,0,0,0,0,0,0,0,0,0,0,1,1,0.7893,5,1,fully,3.328340822100183e-05,0.35279251707864995,0.06666666666666667
bow,1,1,1,0,0,0,0,0,0,0,0,0,0,0,0,1,1,0.0,3,1,bow,3.328340822100183e-05,0.35279251707864995,0.2
bantering,1,0,1,0,0,0,0,0,0,0,0,0,0,0,0,1,1,-0.2263,9,1,bantering,3.328340822100183e-05,0.35279251707864995,0.13333333333333333
hospitable,0,0,1,0,0,0,0,0,0,0,0,0,0,0,0,1,1,-0.2263,10,1,hospitable,3.328340822100183e-05,0.35279251707864995,0.06666666666666667
ail,1,1,0,0,0,0,0,0,0,0,0,0,0,0,0,1,1,0.6369,3,1,ail,3.328340822100183e-05,0.35279251707864995,0.13333333333333333
burkes,1,1,0,0,0,0,0,0,0,0,0,0,0,0,0,1,1,0.899,6,1,burkes,3.328340822100183e-05,0.35279251707864995,0.13333333333333333
significance,1,0,0,0,0,0,0,0,0,0,0,0,0,0,0,1,1,0.2263,12,1,significance,3.328340822100183e-05,0.35279251707864995,0.06666666666666667
resemble,0,1,0,0,0,0,0,0,0,0,0,0,0,0,0,1,1,0.2263,8,1,resemble,3.328340822100183e-05,0.35279251707864995,0.06666666666666667
professed,0,1,1,0,0,0,0,0,0,0,0,0,0,0,0,1,1,0.2263,9,1,professed,3.328340822100183e-05,0.35279251707864995,0.13333333333333333
phrase,1,1,0,0,0,0,0,0,0,0,0,0,0,0,0,1,1,0.7783,6,1,phrase,3.328340822100183e-05,0.35279251707864995,0.13333333333333333
deterioration,1,0,0,0,0,0,0,0,0,0,0,0,0,0,0,1,1,0.7783,13,1,deterioration,3.328340822100183e-05,0.35279251707864995,0.06666666666666667
lity,0,0,0,0,0,0,0,0,0,0,0,0,0,0,0,1,1,0.4939,4,1,lity,3.328340822100183e-05,0.35279251707864995,0.0
advice,1,0,0,0,0,0,0,0,0,0,0,0,0,0,0,1,1,0.7845,6,1,advice,3.328340822100183e-05,0.35279251707864995,0.06666666666666667
reap,1,1,0,0,0,0,0,0,0,0,0,0,0,0,0,1,1,0.0,4,1,reap,3.328340822100183e-05,0.35279251707864995,0.13333333333333333
maggie,1,0,0,0,0,0,0,0,0,0,0,0,0,0,0,1,1,0.0,6,1,maggie,3.328340822100183e-05,0.35279251707864995,0.06666666666666667
whyte,0,0,0,0,0,0,0,0,0,0,0,0,0,0,0,1,1,0.7506,5,1,whyte,3.328340822100183e-05,0.35279251707864995,0.0
pinkie,1,0,0,0,0,0,0,0,0,0,0,0,0,0,0,1,1,0.7506,6,1,pinkie,3.328340822100183e-05,0.35279251707864995,0.06666666666666667
vista,1,0,0,0,0,0,0,0,0,0,0,0,0,0,0,1,1,0.2263,5,1,vista,3.328340822100183e-05,0.35279251707864995,0.06666666666666667
confess,0,1,0,0,0,0,0,0,0,0,0,0,0,0,0,1,1,0.3612,7,1,confess,3.328340822100183e-05,0.35279251707864995,0.06666666666666667
devout,1,0,1,0,0,0,0,0,0,0,0,0,0,0,0,1,1,0.6369,6,1,devout,3.328340822100183e-05,0.35279251707864995,0.13333333333333333
process,1,1,0,0,0,0,0,0,0,0,0,0,0,0,0,1,1,0.6059,7,1,process,3.328340822100183e-05,0.35279251707864995,0.13333333333333333
gj,0,0,0,0,0,0,0,0,0,0,0,0,0,0,0,1,1,0.6059,2,0,gj,3.328340822100183e-05,0.35279251707864995,0.0
atom,1,0,0,0,0,0,0,0,0,0,0,0,0,0,0,1,1,0.6059,4,1,atom,3.328340822100183e-05,0.35279251707864995,0.06666666666666667
mccormicks,0,0,0,0,0,0,0,0,0,0,0,0,0,0,0,1,1,0.899,10,1,mccormicks,3.328340822100183e-05,0.35279251707864995,0.0
bless,0,1,0,0,0,0,0,0,0,0,0,0,0,0,0,1,1,0.899,5,1,bless,3.328340822100183e-05,0.35279251707864995,0.06666666666666667
similar,1,0,1,0,0,0,0,0,0,0,0,0,0,0,0,1,1,-0.4767,7,1,similar,3.328340822100183e-05,0.35279251707864995,0.13333333333333333
thoughtless,0,0,1,0,0,0,0,0,0,0,0,0,0,0,0,1,1,-0.6249,11,1,thoughtless,3.328340822100183e-05,0.35279251707864995,0.06666666666666667
dreamt,0,1,0,0,0,0,0,0,0,0,0,0,0,0,0,1,1,-0.6249,6,1,dreamt,3.328340822100183e-05,0.35279251707864995,0.06666666666666667
simple,1,0,1,0,0,0,0,0,0,0,0,0,0,0,0,1,1,0.1027,6,1,simple,3.328340822100183e-05,0.35279251707864995,0.13333333333333333
fess,1,0,0,0,0,0,0,0,0,0,0,0,0,0,0,1,1,-0.6866,4,1,fess,3.328340822100183e-05,0.35279251707864995,0.06666666666666667
fossils,1,0,0,0,0,0,0,0,0,0,0,0,0,0,0,1,1,-0.6866,7,1,fossils,3.328340822100183e-05,0.35279251707864995,0.06666666666666667
produced,0,1,1,0,0,0,0,0,0,0,0,0,0,0,0,1,1,-0.6866,8,1,produced,3.328340822100183e-05,0.35279251707864995,0.13333333333333333
disgusted,0,1,1,0,0,0,0,0,0,0,0,0,0,0,0,1,1,-0.6866,9,1,disgusted,3.328340822100183e-05,0.35279251707864995,0.13333333333333333
investi,0,0,0,0,0,0,0,0,0,0,0,0,0,0,0,1,1,0.1027,7,1,investi,3.328340822100183e-05,0.35279251707864995,0.0
silica,1,0,0,0,0,0,0,0,0,0,0,0,0,0,0,1,1,0.6059,6,1,silica,3.328340822100183e-05,0.35279251707864995,0.06666666666666667
twigs,1,1,0,0,0,0,0,0,0,0,0,0,0,0,0,1,1,0.6059,5,1,twigs,3.328340822100183e-05,0.35279251707864995,0.13333333333333333
reclined,0,1,0,0,0,0,0,0,0,0,0,0,0,0,0,1,1,-0.3089,8,1,reclined,3.328340822100183e-05,0.35279251707864995,0.06666666666666667
eg,0,0,0,0,0,0,0,0,0,0,0,0,0,0,0,1,1,0.0,2,0,eg,3.328340822100183e-05,0.35279251707864995,0.0
gated,0,1,1,0,0,0,0,0,0,0,0,0,0,0,0,1,1,0.1027,5,1,gated,3.328340822100183e-05,0.35279251707864995,0.13333333333333333
subject,1,1,1,1,0,0,0,0,0,0,0,0,0,0,0,1,1,0.1027,7,1,subject,3.328340822100183e-05,0.35279251707864995,0.26666666666666666
accidentally,0,0,0,1,0,0,0,0,0,0,0,0,0,0,0,1,1,0.1027,12,1,accidentally,3.328340822100183e-05,0.35279251707864995,0.06666666666666667
solution,1,0,0,0,0,0,0,0,0,0,0,0,0,0,0,1,1,0.1027,8,1,solution,3.328340822100183e-05,0.35279251707864995,0.06666666666666667
immersed,0,1,1,0,0,0,0,0,0,0,0,0,0,0,0,1,1,0.1027,8,1,immersed,3.328340822100183e-05,0.35279251707864995,0.13333333333333333
scientists,1,0,0,0,0,0,0,0,0,0,0,0,0,0,0,1,1,0.1027,10,1,scientists,3.328340822100183e-05,0.35279251707864995,0.06666666666666667
inoffensive,0,0,1,0,0,0,0,0,0,0,0,0,0,0,0,1,1,-0.3182,11,1,inoffensive,3.328340822100183e-05,0.35279251707864995,0.06666666666666667
ered,0,0,0,0,0,0,0,0,0,0,0,0,0,0,0,1,1,0.0,4,1,ered,3.328340822100183e-05,0.35279251707864995,0.0
derstood,0,0,0,0,0,0,0,0,0,0,0,0,0,0,0,1,1,0.2732,8,1,derstood,3.328340822100183e-05,0.35279251707864995,0.0
lane,1,0,1,0,0,0,0,0,0,0,0,0,0,0,0,1,1,0.0,4,1,lane,3.328340822100183e-05,0.35279251707864995,0.13333333333333333
damage,1,1,0,0,0,0,0,0,0,0,0,0,0,0,0,1,1,-0.4939,6,1,damage,3.328340822100183e-05,0.35279251707864995,0.13333333333333333
unreasonable,0,0,1,0,0,0,0,0,0,0,0,0,0,0,0,1,1,-0.3182,12,1,unreasonable,3.328340822100183e-05,0.35279251707864995,0.06666666666666667
branches,1,1,0,0,0,0,0,0,0,0,0,0,0,0,0,1,1,0.4168,8,1,branches,3.328340822100183e-05,0.35279251707864995,0.13333333333333333
dimly,0,0,0,1,0,0,0,0,0,0,0,0,0,0,0,1,1,-0.3089,5,1,dimly,3.328340822100183e-05,0.35279251707864995,0.06666666666666667
deceive,0,1,0,0,0,0,0,0,0,0,0,0,0,0,0,1,1,0.8225,7,1,deceive,3.328340822100183e-05,0.35279251707864995,0.06666666666666667
ariadne,1,0,0,0,0,0,0,0,0,0,0,0,0,0,0,1,1,0.0,7,1,ariadne,3.328340822100183e-05,0.35279251707864995,0.06666666666666667
nical,0,0,0,0,0,0,0,0,0,0,0,0,0,0,0,1,1,0.4404,5,1,nical,3.328340822100183e-05,0.35279251707864995,0.0
shrouded,0,1,0,0,0,0,0,0,0,0,0,0,0,0,0,1,1,-0.4767,8,1,shrouded,3.328340822100183e-05,0.35279251707864995,0.06666666666666667
sian,0,0,0,0,0,0,0,0,0,0,0,0,0,0,0,1,1,0.0,4,1,sian,3.328340822100183e-05,0.35279251707864995,0.0
deploring,0,1,0,0,0,0,0,0,0,0,0,0,0,0,0,1,1,-0.8074,9,1,deploring,3.328340822100183e-05,0.35279251707864995,0.06666666666666667
crowning,1,1,1,0,0,0,0,0,0,0,0,0,0,0,0,1,1,0.2732,8,1,crowning,3.328340822100183e-05,0.35279251707864995,0.2
idiocy,1,0,0,0,0,0,0,0,0,0,0,0,0,0,0,1,1,0.2732,6,1,idiocy,3.328340822100183e-05,0.35279251707864995,0.06666666666666667
purest,0,0,1,0,0,0,0,0,0,0,0,0,0,0,0,1,1,0.0,6,1,purest,3.328340822100183e-05,0.35279251707864995,0.06666666666666667
flaw,1,1,0,0,0,0,0,0,0,0,0,0,0,0,0,1,1,0.0,4,1,flaw,3.328340822100183e-05,0.35279251707864995,0.13333333333333333
veins,1,1,0,0,0,0,0,0,0,0,0,0,0,0,0,1,1,0.9109,5,1,veins,3.328340822100183e-05,0.35279251707864995,0.13333333333333333
tinged,0,1,1,0,0,0,0,0,0,0,0,0,0,0,0,1,1,0.9109,6,1,tinged,3.328340822100183e-05,0.35279251707864995,0.13333333333333333
manoeuvres,1,0,0,0,0,0,0,0,0,0,0,0,0,0,0,1,1,0.0,10,1,manoeuvres,3.328340822100183e-05,0.35279251707864995,0.06666666666666667
affection,1,0,0,0,0,0,0,0,0,0,0,0,0,0,0,1,1,0.5267,9,1,affection,3.328340822100183e-05,0.35279251707864995,0.06666666666666667
congratulated,0,1,0,0,0,0,0,0,0,0,0,0,0,0,0,1,1,0.0,13,1,congratulated,3.328340822100183e-05,0.35279251707864995,0.06666666666666667
interview,1,1,0,0,0,0,0,0,0,0,0,0,0,0,0,1,1,0.8225,9,1,interview,3.328340822100183e-05,0.35279251707864995,0.13333333333333333
painting,1,1,0,0,0,0,0,0,0,0,0,0,0,0,0,1,1,-0.6249,8,1,painting,3.328340822100183e-05,0.35279251707864995,0.13333333333333333
brutal,0,0,1,0,0,0,0,0,0,0,0,0,0,0,0,1,1,0.0129,6,1,brutal,3.328340822100183e-05,0.35279251707864995,0.06666666666666667
mitted,0,0,0,0,0,0,0,0,0,0,0,0,0,0,0,1,1,0.0,6,1,mitted,3.328340822100183e-05,0.35279251707864995,0.0
scrupulous,0,0,1,0,0,0,0,0,0,0,0,0,0,0,0,1,1,-0.34,10,1,scrupulous,3.328340822100183e-05,0.35279251707864995,0.06666666666666667
deceiving,0,1,0,0,0,0,0,0,0,0,0,0,0,0,0,1,1,-0.34,9,1,deceiving,3.328340822100183e-05,0.35279251707864995,0.06666666666666667
sunlit,0,0,1,0,0,0,0,0,0,0,0,0,0,0,0,1,1,0.4404,6,1,sunlit,3.328340822100183e-05,0.35279251707864995,0.06666666666666667
thatistrue,0,0,0,0,0,0,0,0,0,0,0,0,0,0,0,1,1,-0.8074,10,1,thatistrue,3.328340822100183e-05,0.35279251707864995,0.0
tom,1,0,0,0,0,0,0,0,0,0,0,0,0,0,0,1,1,-0.25,3,1,tom,3.328340822100183e-05,0.35279251707864995,0.06666666666666667
plainly,0,0,0,1,0,0,0,0,0,0,0,0,0,0,0,1,1,0.4168,7,1,plainly,3.328340822100183e-05,0.35279251707864995,0.06666666666666667
yanity,0,0,0,0,0,0,0,0,0,0,0,0,0,0,0,1,1,0.0129,6,1,yanity,3.328340822100183e-05,0.35279251707864995,0.0
unless,0,0,0,0,0,0,1,0,0,0,0,0,0,0,0,1,1,0.0129,6,1,unless,3.328340822100183e-05,0.35279251707864995,0.06666666666666667
depth,1,0,0,0,0,0,0,0,0,0,0,0,0,0,0,1,1,0.0129,5,1,depth,3.328340822100183e-05,0.35279251707864995,0.06666666666666667
perience,0,0,0,0,0,0,0,0,0,0,0,0,0,0,0,1,1,0.0129,8,1,perience,3.328340822100183e-05,0.35279251707864995,0.0
bitterly,0,0,0,1,0,0,0,0,0,0,0,0,0,0,0,1,1,-0.8074,8,1,bitterly,3.328340822100183e-05,0.35279251707864995,0.06666666666666667
regretting,0,1,0,0,0,0,0,0,0,0,0,0,0,0,0,1,1,-0.8074,10,1,regretting,3.328340822100183e-05,0.35279251707864995,0.06666666666666667
consequences,1,0,0,0,0,0,0,0,0,0,0,0,0,0,0,1,1,-0.8074,12,1,consequences,3.328340822100183e-05,0.35279251707864995,0.06666666666666667
faction,1,0,0,0,0,0,0,0,0,0,0,0,0,0,0,1,1,0.0,7,1,faction,3.328340822100183e-05,0.35279251707864995,0.06666666666666667
abated,0,1,0,0,0,0,0,0,0,0,0,0,0,0,0,1,1,0.5487,6,1,abated,3.328340822100183e-05,0.35279251707864995,0.06666666666666667
gusted,0,0,0,0,0,0,0,0,0,0,0,0,0,0,0,1,1,0.1027,6,1,gusted,3.328340822100183e-05,0.35279251707864995,0.0
skirt,1,1,0,0,0,0,0,0,0,0,0,0,0,0,0,1,1,0.4588,5,1,skirt,3.328340822100183e-05,0.35279251707864995,0.13333333333333333
vest,1,1,0,0,0,0,0,0,0,0,0,0,0,0,0,1,1,0.4588,4,1,vest,3.328340822100183e-05,0.35279251707864995,0.13333333333333333
resque,0,0,0,0,0,0,0,0,0,0,0,0,0,0,0,1,1,0.4588,6,1,resque,3.328340822100183e-05,0.35279251707864995,0.0
quoises,0,0,0,0,0,0,0,0,0,0,0,0,0,0,0,1,1,0.4588,7,1,quoises,3.328340822100183e-05,0.35279251707864995,0.0
tip,1,1,0,0,0,0,0,0,0,0,0,0,0,0,0,1,1,0.4588,3,1,tip,3.328340822100183e-05,0.35279251707864995,0.13333333333333333
doubt,1,1,0,0,0,0,0,0,0,0,0,0,0,0,0,1,1,0.1027,5,1,doubt,3.328340822100183e-05,0.35279251707864995,0.13333333333333333
squarely,0,0,0,1,0,0,0,0,0,0,0,0,0,0,0,1,1,0.3182,8,1,squarely,3.328340822100183e-05,0.35279251707864995,0.06666666666666667
araw,0,0,0,0,0,0,0,0,0,0,0,0,0,0,0,1,1,0.3182,4,1,araw,3.328340822100183e-05,0.35279251707864995,0.0
probable,1,0,1,0,0,0,0,0,0,0,0,0,0,0,0,1,1,0.3182,8,1,probable,3.328340822100183e-05,0.35279251707864995,0.13333333333333333
af,0,0,0,0,0,0,0,0,0,0,0,0,0,0,0,1,1,0.3182,2,0,af,3.328340822100183e-05,0.35279251707864995,0.0
responsibility,1,0,0,0,0,0,0,0,0,0,0,0,0,0,0,1,1,0.0129,14,1,responsibility,3.328340822100183e-05,0.35279251707864995,0.06666666666666667
bitually,0,0,0,0,0,0,0,0,0,0,0,0,0,0,0,1,1,0.0,8,1,bitually,3.328340822100183e-05,0.35279251707864995,0.0
satis,0,0,0,0,0,0,0,0,0,0,0,0,0,0,0,1,1,0.0,5,1,satis,3.328340822100183e-05,0.35279251707864995,0.0
theatre,1,0,0,0,0,0,0,0,0,0,0,0,0,0,0,1,1,0.0,7,1,theatre,3.328340822100183e-05,0.35279251707864995,0.06666666666666667
unhappy,0,0,1,0,0,0,0,0,0,0,0,0,0,0,0,1,1,-0.2769,7,1,unhappy,3.328340822100183e-05,0.35279251707864995,0.06666666666666667
unsuit,0,0,0,0,0,0,0,0,0,0,0,0,0,0,0,1,1,-0.2769,6,1,unsuit,3.328340822100183e-05,0.35279251707864995,0.0
recklessly,0,0,0,1,0,0,0,0,0,0,0,0,0,0,0,1,1,-0.2769,10,1,recklessly,3.328340822100183e-05,0.35279251707864995,0.06666666666666667
deliberately,0,0,0,1,0,0,0,0,0,0,0,0,0,0,0,1,1,-0.2769,12,1,deliberately,3.328340822100183e-05,0.35279251707864995,0.06666666666666667
twins,1,1,0,0,0,0,0,0,0,0,0,0,0,0,0,1,1,-0.2769,5,1,twins,3.328340822100183e-05,0.35279251707864995,0.13333333333333333
harlem,1,0,0,0,0,0,0,0,0,0,0,0,0,0,0,1,1,-0.2769,6,1,harlem,3.328340822100183e-05,0.35279251707864995,0.06666666666666667
unscrupulous,0,0,1,0,0,0,0,0,0,0,0,0,0,0,0,1,1,0.1027,12,1,unscrupulous,3.328340822100183e-05,0.35279251707864995,0.06666666666666667
committed,0,1,1,0,0,0,0,0,0,0,0,0,0,0,0,1,1,0.2732,9,1,committed,3.328340822100183e-05,0.35279251707864995,0.13333333333333333
reassure,0,1,0,0,0,0,0,0,0,0,0,0,0,0,0,1,1,0.5106,8,1,reassure,3.328340822100183e-05,0.35279251707864995,0.06666666666666667
rences,0,0,0,0,0,0,0,0,0,0,0,0,0,0,0,1,1,0.5106,6,1,rences,3.328340822100183e-05,0.35279251707864995,0.0
thoroughly,0,0,0,1,0,0,0,0,0,0,0,0,0,0,0,1,1,0.0,10,1,thoroughly,3.328340822100183e-05,0.35279251707864995,0.06666666666666667
flats,1,0,0,0,0,0,0,0,0,0,0,0,0,0,0,1,1,-0.2769,5,1,flats,3.328340822100183e-05,0.35279251707864995,0.06666666666666667
stage,1,1,0,0,0,0,0,0,0,0,0,0,0,0,0,1,1,0.0,5,1,stage,3.328340822100183e-05,0.35279251707864995,0.13333333333333333
carmichel,0,0,0,0,0,0,0,0,0,0,0,0,0,0,0,1,1,0.0,9,1,carmichel,3.328340822100183e-05,0.35279251707864995,0.0
metropolitan,1,0,1,0,0,0,0,0,0,0,0,0,0,0,0,1,1,0.0,12,1,metropolitan,3.328340822100183e-05,0.35279251707864995,0.13333333333333333
advantage,1,1,0,0,0,0,0,0,0,0,0,0,0,0,0,1,1,0.5423,9,1,advantage,3.328340822100183e-05,0.35279251707864995,0.13333333333333333
edith,0,0,0,0,0,0,0,0,0,0,0,0,0,0,0,1,1,0.0,5,1,edith,3.328340822100183e-05,0.35279251707864995,0.0
brunswick,1,0,0,0,0,0,0,0,0,0,0,0,0,0,0,1,1,0.0,9,1,brunswick,3.328340822100183e-05,0.35279251707864995,0.06666666666666667
crep,0,0,0,0,0,0,0,0,0,0,0,0,0,0,0,1,1,-0.5267,4,1,crep,3.328340822100183e-05,0.35279251707864995,0.0
apartment,1,0,0,0,0,0,0,0,0,0,0,0,0,0,0,1,1,0.0,9,1,apartment,3.328340822100183e-05,0.35279251707864995,0.06666666666666667
shoved,0,1,0,0,0,0,0,0,0,0,0,0,0,0,0,1,1,-0.5719,6,1,shoved,3.328340822100183e-05,0.35279251707864995,0.06666666666666667
whistling,1,1,0,0,0,0,0,0,0,0,0,0,0,0,0,1,1,0.0,9,1,whistling,3.328340822100183e-05,0.35279251707864995,0.13333333333333333
lettering,1,0,0,0,0,0,0,0,0,0,0,0,0,0,0,1,1,0.0,9,1,lettering,3.328340822100183e-05,0.35279251707864995,0.06666666666666667
source,1,1,0,0,0,0,0,0,0,0,0,0,0,0,0,1,1,0.34,6,1,source,3.328340822100183e-05,0.35279251707864995,0.13333333333333333
whence,0,0,0,1,0,0,1,0,0,0,0,0,0,0,0,1,1,0.34,6,1,whence,3.328340822100183e-05,0.35279251707864995,0.13333333333333333
mocking,1,1,1,0,0,0,0,0,0,0,0,0,0,0,0,1,1,-0.431,7,1,mocking,3.328340822100183e-05,0.35279251707864995,0.2
threatened,0,0,1,0,0,0,0,0,0,0,0,0,0,0,0,1,1,-0.431,10,1,threatened,3.328340822100183e-05,0.35279251707864995,0.06666666666666667
tint,1,1,0,0,0,0,0,0,0,0,0,0,0,0,0,1,1,0.9209,4,1,tint,3.328340822100183e-05,0.35279251707864995,0.13333333333333333
clearest,0,0,0,0,0,0,0,0,0,0,0,0,0,0,0,1,1,0.9209,8,1,clearest,3.328340822100183e-05,0.35279251707864995,0.0
immerse,0,1,0,0,0,0,0,0,0,0,0,0,0,0,0,1,1,0.34,7,1,immerse,3.328340822100183e-05,0.35279251707864995,0.06666666666666667
vital,0,0,1,0,0,0,0,0,0,0,0,0,0,0,0,1,1,0.34,5,1,vital,3.328340822100183e-05,0.35279251707864995,0.06666666666666667
kiss,1,1,0,0,0,0,0,0,0,0,0,0,0,0,0,1,1,0.6369,4,1,kiss,3.328340822100183e-05,0.35279251707864995,0.13333333333333333
lthough,0,0,0,0,0,0,0,0,0,0,0,0,0,0,0,1,1,0.4767,7,1,lthough,3.328340822100183e-05,0.35279251707864995,0.0
screams,1,1,0,0,0,0,0,0,0,0,0,0,0,0,0,1,1,-0.7814,7,1,screams,3.328340822100183e-05,0.35279251707864995,0.13333333333333333
raged,0,1,0,0,0,0,0,0,0,0,0,0,0,0,0,1,1,-0.7783,5,1,raged,3.328340822100183e-05,0.35279251707864995,0.06666666666666667
furiated,0,0,0,0,0,0,0,0,0,0,0,0,0,0,0,1,1,-0.7783,8,1,furiated,3.328340822100183e-05,0.35279251707864995,0.0
ghastly,0,0,1,1,0,0,0,0,0,0,0,0,0,0,0,1,1,-0.7783,7,1,ghastly,3.328340822100183e-05,0.35279251707864995,0.13333333333333333
terday,0,0,0,0,0,0,0,0,0,0,0,0,0,0,0,1,1,-0.25,6,1,terday,3.328340822100183e-05,0.35279251707864995,0.0
escaping,0,1,0,0,0,0,0,0,0,0,0,0,0,0,0,1,1,0.34,8,1,escaping,3.328340822100183e-05,0.35279251707864995,0.06666666666666667
sie,1,0,0,0,0,0,0,0,0,0,0,0,0,0,0,1,1,0.4215,3,1,sie,3.328340822100183e-05,0.35279251707864995,0.06666666666666667
hurry,1,0,0,0,0,0,0,0,0,0,0,0,0,0,0,1,1,0.0,5,1,hurry,3.328340822100183e-05,0.35279251707864995,0.06666666666666667
plication,1,0,0,0,0,0,0,0,0,0,0,0,0,0,0,1,1,0.0,9,1,plication,3.328340822100183e-05,0.35279251707864995,0.06666666666666667
forehead,1,0,0,0,0,0,0,0,0,0,0,0,0,0,0,1,1,0.4588,8,1,forehead,3.328340822100183e-05,0.35279251707864995,0.06666666666666667
slippers,1,0,0,0,0,0,0,0,0,0,0,0,0,0,0,1,1,0.4588,8,1,slippers,3.328340822100183e-05,0.35279251707864995,0.06666666666666667
noisome,0,0,1,0,0,0,0,0,0,0,0,0,0,0,0,1,1,-0.4019,7,1,noisome,3.328340822100183e-05,0.35279251707864995,0.06666666666666667
decay,1,1,0,0,0,0,0,0,0,0,0,0,0,0,0,1,1,-0.4019,5,1,decay,3.328340822100183e-05,0.35279251707864995,0.13333333333333333
tinct,1,0,1,0,0,0,0,0,0,0,0,0,0,0,0,1,1,-0.4588,5,1,tinct,3.328340822100183e-05,0.35279251707864995,0.13333333333333333
clearness,1,0,0,0,0,0,0,0,0,0,0,0,0,0,0,1,1,-0.3182,9,1,clearness,3.328340822100183e-05,0.35279251707864995,0.06666666666666667
fhe,0,0,0,0,0,0,0,0,0,0,0,0,0,0,0,1,1,-0.25,3,1,fhe,3.328340822100183e-05,0.35279251707864995,0.0
camilla,0,0,0,0,0,0,0,0,0,0,0,0,0,0,0,1,1,-0.25,7,1,camilla,3.328340822100183e-05,0.35279251707864995,0.0
disguise,1,1,0,0,0,0,0,0,0,0,0,0,0,0,0,1,1,-0.25,8,1,disguise,3.328340822100183e-05,0.35279251707864995,0.13333333333333333
thb,0,0,0,0,0,0,0,0,0,0,0,0,0,0,0,1,1,0.0,3,1,thb,3.328340822100183e-05,0.35279251707864995,0.0
sketches,1,1,0,0,0,0,0,0,0,0,0,0,0,0,0,1,1,-0.5719,8,1,sketches,3.328340822100183e-05,0.35279251707864995,0.13333333333333333
arabic,1,0,1,0,0,0,0,0,0,0,0,0,0,0,0,1,1,0.0,6,1,arabic,3.328340822100183e-05,0.35279251707864995,0.13333333333333333
lapel,1,0,0,0,0,0,0,0,0,0,0,0,0,0,0,1,1,-0.3818,5,1,lapel,3.328340822100183e-05,0.35279251707864995,0.06666666666666667
hammering,1,0,0,0,0,0,0,0,0,0,0,0,0,0,0,1,1,0.0,9,1,hammering,3.328340822100183e-05,0.35279251707864995,0.06666666666666667
shouting,1,1,1,0,0,0,0,0,0,0,0,0,0,0,0,1,1,0.0,8,1,shouting,3.328340822100183e-05,0.35279251707864995,0.2
tcred,0,0,0,0,0,0,0,0,0,0,0,0,0,0,0,1,1,0.0,5,1,tcred,3.328340822100183e-05,0.35279251707864995,0.0
foam,1,1,0,0,0,0,0,0,0,0,0,0,0,0,0,1,1,0.0,4,1,foam,3.328340822100183e-05,0.35279251707864995,0.13333333333333333
disap,0,0,0,0,0,0,0,0,0,0,0,0,0,0,0,1,1,0.0,5,1,disap,3.328340822100183e-05,0.35279251707864995,0.0
chang,0,0,0,0,0,0,0,0,0,0,0,0,0,0,0,1,1,-0.25,5,1,chang,3.328340822100183e-05,0.35279251707864995,0.0
istry,0,0,0,0,0,0,0,0,0,0,0,0,0,0,0,1,1,0.4767,5,1,istry,3.328340822100183e-05,0.35279251707864995,0.0
easter,1,0,0,0,0,0,0,0,0,0,0,0,0,0,0,1,1,0.0,6,1,easter,3.328340822100183e-05,0.35279251707864995,0.06666666666666667
cupy,0,0,0,0,0,0,0,0,0,0,0,0,0,0,0,1,1,-0.5719,4,1,cupy,3.328340822100183e-05,0.35279251707864995,0.0
hopes,1,1,0,0,0,0,0,0,0,0,0,0,0,0,0,1,1,0.0772,5,1,hopes,3.328340822100183e-05,0.35279251707864995,0.13333333333333333
horrid,0,0,1,0,0,0,0,0,0,0,0,0,0,0,0,1,1,0.0772,6,1,horrid,3.328340822100183e-05,0.35279251707864995,0.06666666666666667
previous,0,0,1,0,0,0,0,0,0,0,0,0,0,0,0,1,1,0.0,8,1,previous,3.328340822100183e-05,0.35279251707864995,0.06666666666666667
disastrous,0,0,1,0,0,0,0,0,0,0,0,0,0,0,0,1,1,-0.5719,10,1,disastrous,3.328340822100183e-05,0.35279251707864995,0.06666666666666667
wander,1,1,0,0,0,0,0,0,0,0,0,0,0,0,0,1,1,-0.5719,6,1,wander,3.328340822100183e-05,0.35279251707864995,0.13333333333333333
drawings,1,0,0,0,0,0,0,0,0,0,0,0,0,0,0,1,1,-0.5719,8,1,drawings,3.328340822100183e-05,0.35279251707864995,0.06666666666666667
tension,1,0,0,0,0,0,0,0,0,0,0,0,0,0,0,1,1,-0.3182,7,1,tension,3.328340822100183e-05,0.35279251707864995,0.06666666666666667
suaded,0,0,0,0,0,0,0,0,0,0,0,0,0,0,0,1,1,0.0,6,1,suaded,3.328340822100183e-05,0.35279251707864995,0.0
frem,0,0,0,0,0,0,0,0,0,0,0,0,0,0,0,1,1,-0.8225,4,1,frem,3.328340822100183e-05,0.35279251707864995,0.0
ts,0,0,0,0,0,0,0,0,0,0,0,0,0,0,0,1,1,-0.8225,2,0,ts,3.328340822100183e-05,0.35279251707864995,0.0
thumbs,1,0,0,0,0,0,0,0,0,0,0,0,0,0,0,1,1,-0.5719,6,1,thumbs,3.328340822100183e-05,0.35279251707864995,0.06666666666666667
rain,1,1,0,0,0,0,0,0,0,0,0,0,0,0,0,1,1,-0.5719,4,1,rain,3.328340822100183e-05,0.35279251707864995,0.13333333333333333
minable,0,0,0,0,0,0,0,0,0,0,0,0,0,0,0,1,1,-0.5719,7,1,minable,3.328340822100183e-05,0.35279251707864995,0.0
irri,0,0,0,0,0,0,0,0,0,0,0,0,0,0,0,1,1,-0.5719,4,1,irri,3.328340822100183e-05,0.35279251707864995,0.0
tation,0,0,0,0,0,0,0,0,0,0,0,0,0,0,0,1,1,-0.5719,6,1,tation,3.328340822100183e-05,0.35279251707864995,0.0
lings,1,0,0,0,0,0,0,0,0,0,0,0,0,0,0,1,1,-0.1779,5,1,lings,3.328340822100183e-05,0.35279251707864995,0.06666666666666667
hemispheres,1,0,0,0,0,0,0,0,0,0,0,0,0,0,0,1,1,-0.1779,11,1,hemispheres,3.328340822100183e-05,0.35279251707864995,0.06666666666666667
highest,0,0,1,0,0,0,0,0,0,0,0,0,0,0,0,1,1,-0.3182,7,1,highest,3.328340822100183e-05,0.35279251707864995,0.06666666666666667
icis,0,0,0,0,0,0,0,0,0,0,0,0,0,0,0,1,1,-0.5574,4,1,icis,3.328340822100183e-05,0.35279251707864995,0.0
al,0,0,0,0,0,0,0,0,0,0,0,0,0,0,0,1,1,0.0,2,0,al,3.328340822100183e-05,0.35279251707864995,0.0
reveal,1,1,0,0,0,0,0,0,0,0,0,0,0,0,0,1,1,0.0,6,1,reveal,3.328340822100183e-05,0.35279251707864995,0.13333333333333333
arouse,0,1,0,0,0,0,0,0,0,0,0,0,0,0,0,1,1,0.4939,6,1,arouse,3.328340822100183e-05,0.35279251707864995,0.06666666666666667
helpless,0,0,1,0,0,0,0,0,0,0,0,0,0,0,0,1,1,-0.7003,8,1,helpless,3.328340822100183e-05,0.35279251707864995,0.06666666666666667
triumphantly,0,0,0,1,0,0,0,0,0,0,0,0,0,0,0,1,1,-0.4023,12,1,triumphantly,3.328340822100183e-05,0.35279251707864995,0.06666666666666667
eyeballs,1,0,0,0,0,0,0,0,0,0,0,0,0,0,0,1,1,-0.7814,8,1,eyeballs,3.328340822100183e-05,0.35279251707864995,0.06666666666666667
prostrate,0,1,1,0,0,0,0,0,0,0,0,0,0,0,0,1,1,-0.7814,9,1,prostrate,3.328340822100183e-05,0.35279251707864995,0.13333333333333333
cords,1,1,0,0,0,0,0,0,0,0,0,0,0,0,0,1,1,-0.7814,5,1,cords,3.328340822100183e-05,0.35279251707864995,0.13333333333333333
tallow,1,0,0,0,0,0,0,0,0,0,0,0,0,0,0,1,1,-0.2023,6,1,tallow,3.328340822100183e-05,0.35279251707864995,0.06666666666666667
tumbling,0,1,1,0,0,0,0,0,0,0,0,0,0,0,0,1,1,-0.2023,8,1,tumbling,3.328340822100183e-05,0.35279251707864995,0.13333333333333333
thumping,0,1,1,0,0,0,0,0,0,0,0,0,0,0,0,1,1,-0.2023,8,1,thumping,3.328340822100183e-05,0.35279251707864995,0.13333333333333333
frenzy,1,0,0,0,0,0,0,0,0,0,0,0,0,0,0,1,1,-0.2023,6,1,frenzy,3.328340822100183e-05,0.35279251707864995,0.06666666666666667
alike,0,0,1,1,0,0,0,0,0,0,0,0,0,0,0,1,1,0.5574,5,1,alike,3.328340822100183e-05,0.35279251707864995,0.13333333333333333
jewels,1,0,0,0,0,0,0,0,0,0,0,0,0,0,0,1,1,0.5574,6,1,jewels,3.328340822100183e-05,0.35279251707864995,0.06666666666666667
pleaded,0,1,0,0,0,0,0,0,0,0,0,0,0,0,0,1,1,0.5574,7,1,pleaded,3.328340822100183e-05,0.35279251707864995,0.06666666666666667
regular,1,0,1,0,0,0,0,0,0,0,0,0,0,0,0,1,1,0.0,7,1,regular,3.328340822100183e-05,0.35279251707864995,0.13333333333333333
lently,0,0,0,0,0,0,0,0,0,0,0,0,0,0,0,1,1,-0.1134,6,1,lently,3.328340822100183e-05,0.35279251707864995,0.0
injured,0,1,1,0,0,0,0,0,0,0,0,0,0,0,0,1,1,-0.1134,7,1,injured,3.328340822100183e-05,0.35279251707864995,0.13333333333333333
sin,1,1,0,0,0,0,0,0,0,0,0,0,0,0,0,1,1,-0.5574,3,1,sin,3.328340822100183e-05,0.35279251707864995,0.13333333333333333
poisoning,1,0,0,0,0,0,0,0,0,0,0,0,0,0,0,1,1,-0.4826,9,1,poisoning,3.328340822100183e-05,0.35279251707864995,0.06666666666666667
advertised,0,1,1,0,0,0,0,0,0,0,0,0,0,0,0,1,1,0.0772,10,1,advertised,3.328340822100183e-05,0.35279251707864995,0.13333333333333333
papers,0,1,0,0,0,0,0,0,0,0,0,0,0,0,0,1,1,0.0772,6,1,papers,3.328340822100183e-05,0.35279251707864995,0.06666666666666667
lid,1,0,0,0,0,0,0,0,0,0,0,0,0,0,0,1,1,0.5574,3,1,lid,3.328340822100183e-05,0.35279251707864995,0.06666666666666667
wrapped,0,1,1,0,0,0,0,0,0,0,0,0,0,0,0,1,1,0.5574,7,1,wrapped,3.328340822100183e-05,0.35279251707864995,0.13333333333333333
shores,1,1,0,0,0,0,0,0,0,0,0,0,0,0,0,1,1,0.0,6,1,shores,3.328340822100183e-05,0.35279251707864995,0.13333333333333333
lyze,0,0,0,0,0,0,0,0,0,0,0,0,0,0,0,1,1,0.5574,4,1,lyze,3.328340822100183e-05,0.35279251707864995,0.0
ignorant,0,0,1,0,0,0,0,0,0,0,0,0,0,0,0,1,1,0.5574,8,1,ignorant,3.328340822100183e-05,0.35279251707864995,0.06666666666666667
wise,1,0,1,0,0,0,0,0,0,0,0,0,0,0,0,1,1,0.5574,4,1,wise,3.328340822100183e-05,0.35279251707864995,0.13333333333333333
phantom,1,0,1,0,0,0,0,0,0,0,0,0,0,0,0,1,1,-0.128,7,1,phantom,3.328340822100183e-05,0.35279251707864995,0.13333333333333333
silently,0,0,0,1,0,0,0,0,0,0,0,0,0,0,0,1,1,-0.128,8,1,silently,3.328340822100183e-05,0.35279251707864995,0.06666666666666667
crunching,1,1,0,0,0,0,0,0,0,0,0,0,0,0,0,1,1,-0.128,9,1,crunching,3.328340822100183e-05,0.35279251707864995,0.13333333333333333
lo,0,0,0,0,0,0,0,0,0,0,0,0,0,0,0,1,1,0.0,2,0,lo,3.328340822100183e-05,0.35279251707864995,0.0
locks,1,1,0,0,0,0,0,0,0,0,0,0,0,0,0,1,1,0.0,5,1,locks,3.328340822100183e-05,0.35279251707864995,0.13333333333333333
leggings,1,0,0,0,0,0,0,0,0,0,0,0,0,0,0,1,1,-0.4215,8,1,leggings,3.328340822100183e-05,0.35279251707864995,0.06666666666666667
crackled,0,1,1,0,0,0,0,0,0,0,0,0,0,0,0,1,1,-0.4215,8,1,crackled,3.328340822100183e-05,0.35279251707864995,0.13333333333333333
showering,0,0,0,0,0,0,0,0,0,0,0,0,0,0,0,1,1,-0.4215,9,1,showering,3.328340822100183e-05,0.35279251707864995,0.0
ea,1,0,0,0,0,0,0,0,0,0,0,0,0,0,0,1,1,0.0,2,1,ea,3.328340822100183e-05,0.35279251707864995,0.06666666666666667
livid,0,0,1,0,0,0,0,0,0,0,0,0,0,0,0,1,1,-0.5423,5,1,livid,3.328340822100183e-05,0.35279251707864995,0.06666666666666667
rotted,0,0,1,0,0,0,0,0,0,0,0,0,0,0,0,1,1,0.0,6,1,rotted,3.328340822100183e-05,0.35279251707864995,0.06666666666666667
envelop,0,1,0,0,0,0,0,0,0,0,0,0,0,0,0,1,1,0.8589,7,1,envelop,3.328340822100183e-05,0.35279251707864995,0.06666666666666667
careless,0,0,1,0,0,0,0,0,0,0,0,0,0,0,0,1,1,-0.7506,8,1,careless,3.328340822100183e-05,0.35279251707864995,0.06666666666666667
derstand,0,0,0,0,0,0,0,0,0,0,0,0,0,0,0,1,1,-0.7506,8,1,derstand,3.328340822100183e-05,0.35279251707864995,0.0
tity,0,0,0,0,0,0,0,0,0,0,0,0,0,0,0,1,1,-0.6378,4,1,tity,3.328340822100183e-05,0.35279251707864995,0.0
blot,1,1,0,0,0,0,0,0,0,0,0,0,0,0,0,1,1,-0.128,4,1,blot,3.328340822100183e-05,0.35279251707864995,0.13333333333333333
heraclytus,0,0,0,0,0,0,0,0,0,0,0,0,0,0,0,1,1,0.4019,10,1,heraclytus,3.328340822100183e-05,0.35279251707864995,0.0
x,1,0,0,0,0,0,0,0,0,0,0,0,0,0,0,1,1,0.4019,1,1,x,3.328340822100183e-05,0.35279251707864995,0.06666666666666667
holy,1,0,1,0,0,0,0,0,0,0,0,0,0,0,0,1,1,-0.6378,4,1,holy,3.328340822100183e-05,0.35279251707864995,0.13333333333333333
office,1,0,0,0,0,0,0,0,0,0,0,0,0,0,0,1,1,-0.6378,6,1,office,3.328340822100183e-05,0.35279251707864995,0.06666666666666667
smitten,0,1,1,0,0,0,0,0,0,0,0,0,0,0,0,1,1,-0.6378,7,1,smitten,3.328340822100183e-05,0.35279251707864995,0.13333333333333333
sides,1,1,0,0,0,0,0,0,0,0,0,0,0,0,0,1,1,-0.6378,5,1,sides,3.328340822100183e-05,0.35279251707864995,0.13333333333333333
newspapers,0,0,0,0,0,0,0,0,0,0,0,0,0,0,0,1,1,-0.6378,10,1,newspapers,3.328340822100183e-05,0.35279251707864995,0.0
halt,1,1,1,0,0,0,0,0,0,0,0,0,0,0,0,1,1,-0.6378,4,1,halt,3.328340822100183e-05,0.35279251707864995,0.2
entering,1,0,1,0,0,0,0,0,0,0,0,0,0,0,0,1,1,-0.4404,8,1,entering,3.328340822100183e-05,0.35279251707864995,0.13333333333333333
systematic,0,0,1,0,0,0,0,0,0,0,0,0,0,0,0,1,1,0.2732,10,1,systematic,3.328340822100183e-05,0.35279251707864995,0.06666666666666667
latticed,0,0,1,0,0,0,0,0,0,0,0,0,0,0,0,1,1,0.2732,8,1,latticed,3.328340822100183e-05,0.35279251707864995,0.06666666666666667
eart,0,0,0,0,0,0,0,0,0,0,0,0,0,0,0,1,1,0.2732,4,1,eart,3.328340822100183e-05,0.35279251707864995,0.0
theory,1,0,0,0,0,0,0,0,0,0,0,0,0,0,0,1,1,-0.5423,6,1,theory,3.328340822100183e-05,0.35279251707864995,0.06666666666666667
prieat,0,0,0,0,0,0,0,0,0,0,0,0,0,0,0,1,1,0.4019,6,1,prieat,3.328340822100183e-05,0.35279251707864995,0.0
suis,0,0,0,0,0,0,0,0,0,0,0,0,0,0,0,1,1,0.4019,4,1,suis,3.328340822100183e-05,0.35279251707864995,0.0
tenebreux,0,0,0,0,0,0,0,0,0,0,0,0,0,0,0,1,1,0.4019,9,1,tenebreux,3.328340822100183e-05,0.35279251707864995,0.0
kindly,0,0,1,1,0,0,0,0,0,0,0,0,0,0,0,1,1,0.4939,6,1,kindly,3.328340822100183e-05,0.35279251707864995,0.13333333333333333
tricks,1,0,0,0,0,0,0,0,0,0,0,0,0,0,0,1,1,-0.4939,6,1,tricks,3.328340822100183e-05,0.35279251707864995,0.06666666666666667
graces,0,0,0,0,0,0,0,0,0,0,0,0,0,0,0,1,1,-0.1531,6,1,graces,3.328340822100183e-05,0.35279251707864995,0.0
servants,1,0,0,0,0,0,0,0,0,0,0,0,0,0,0,1,1,0.0,8,1,servants,3.328340822100183e-05,0.35279251707864995,0.06666666666666667
twelve,1,0,1,0,0,0,0,0,0,0,0,0,0,0,0,1,1,0.0,6,1,twelve,3.328340822100183e-05,0.35279251707864995,0.13333333333333333
wicket,1,0,0,0,0,0,0,0,0,0,0,0,0,0,0,1,1,0.4019,6,1,wicket,3.328340822100183e-05,0.35279251707864995,0.06666666666666667
portcullis,1,0,0,0,0,0,0,0,0,0,0,0,0,0,0,1,1,0.4019,10,1,portcullis,3.328340822100183e-05,0.35279251707864995,0.06666666666666667
employed,0,0,1,0,0,0,0,0,0,0,0,0,0,0,0,1,1,-0.3182,8,1,employed,3.328340822100183e-05,0.35279251707864995,0.06666666666666667
running,1,1,1,0,0,0,0,0,0,0,0,0,0,0,0,1,1,-0.4767,7,1,running,3.328340822100183e-05,0.35279251707864995,0.2
traversed,0,1,0,0,0,0,0,0,0,0,0,0,0,0,0,1,1,-0.4767,9,1,traversed,3.328340822100183e-05,0.35279251707864995,0.06666666666666667
darted,0,1,0,0,0,0,0,0,0,0,0,0,0,0,0,1,1,0.0,6,1,darted,3.328340822100183e-05,0.35279251707864995,0.06666666666666667
dashed,0,1,1,1,0,0,0,0,0,0,0,0,0,0,0,1,1,0.0,6,1,dashed,3.328340822100183e-05,0.35279251707864995,0.2
forbid,0,1,0,0,0,0,0,0,0,0,0,0,0,0,0,1,1,-0.3182,6,1,forbid,3.328340822100183e-05,0.35279251707864995,0.06666666666666667
pire,0,0,0,0,0,0,0,0,0,0,0,0,0,0,0,1,1,0.0,4,1,pire,3.328340822100183e-05,0.35279251707864995,0.0
rigid,0,0,1,0,0,0,0,0,0,0,0,0,0,0,0,1,1,-0.128,5,1,rigid,3.328340822100183e-05,0.35279251707864995,0.06666666666666667
recovering,0,0,1,0,0,0,0,0,0,0,0,0,0,0,0,1,1,0.4939,10,1,recovering,3.328340822100183e-05,0.35279251707864995,0.06666666666666667
selec,0,0,0,0,0,0,0,0,0,0,0,0,0,0,0,1,1,0.4588,5,1,selec,3.328340822100183e-05,0.35279251707864995,0.0
ven,0,0,0,0,0,0,0,0,0,0,0,0,0,0,0,1,1,0.4588,3,1,ven,3.328340822100183e-05,0.35279251707864995,0.0
boulders,1,0,0,0,0,0,0,0,0,0,0,0,0,0,0,1,1,-0.3182,8,1,boulders,3.328340822100183e-05,0.35279251707864995,0.06666666666666667
brawling,0,1,1,0,0,0,0,0,0,0,0,0,0,0,0,1,1,-0.1779,8,1,brawling,3.328340822100183e-05,0.35279251707864995,0.13333333333333333
eyebrows,1,0,0,0,0,0,0,0,0,0,0,0,0,0,0,1,1,-0.7003,8,1,eyebrows,3.328340822100183e-05,0.35279251707864995,0.06666666666666667
tremble,1,1,0,0,0,0,0,0,0,0,0,0,0,0,0,1,1,-0.7003,7,1,tremble,3.328340822100183e-05,0.35279251707864995,0.13333333333333333
vanced,0,0,0,0,0,0,0,0,0,0,0,0,0,0,0,1,1,0.2944,6,1,vanced,3.328340822100183e-05,0.35279251707864995,0.0
bored,0,1,1,0,0,0,0,0,0,0,0,0,0,0,0,1,1,0.2944,5,1,bored,3.328340822100183e-05,0.35279251707864995,0.13333333333333333
brown,1,1,1,0,0,0,0,0,0,0,0,0,0,0,0,1,1,-0.4215,5,1,brown,3.328340822100183e-05,0.35279251707864995,0.2
brake,1,1,0,0,0,0,0,0,0,0,0,0,0,0,0,1,1,-0.4215,5,1,brake,3.328340822100183e-05,0.35279251707864995,0.13333333333333333
billowed,0,1,0,0,0,0,0,0,0,0,0,0,0,0,0,1,1,-0.4215,8,1,billowed,3.328340822100183e-05,0.35279251707864995,0.06666666666666667
inland,0,0,1,1,0,0,0,0,0,0,0,0,0,0,0,1,1,-0.1779,6,1,inland,3.328340822100183e-05,0.35279251707864995,0.13333333333333333
hollows,1,1,0,0,0,0,0,0,0,0,0,0,0,0,0,1,1,-0.1779,7,1,hollows,3.328340822100183e-05,0.35279251707864995,0.13333333333333333
pads,1,1,0,0,0,0,0,0,0,0,0,0,0,0,0,1,1,-0.1779,4,1,pads,3.328340822100183e-05,0.35279251707864995,0.13333333333333333
seeming,1,1,1,0,0,0,0,0,0,0,0,0,0,0,0,1,1,-0.5267,7,1,seeming,3.328340822100183e-05,0.35279251707864995,0.2
lengthen,0,1,0,0,0,0,0,0,0,0,0,0,0,0,0,1,1,-0.5267,8,1,lengthen,3.328340822100183e-05,0.35279251707864995,0.06666666666666667
rabbits,1,1,0,0,0,0,0,0,0,0,0,0,0,0,0,1,1,-0.4215,7,1,rabbits,3.328340822100183e-05,0.35279251707864995,0.13333333333333333
fox,1,1,0,0,0,0,0,0,0,0,0,0,0,0,0,1,1,-0.4215,3,1,fox,3.328340822100183e-05,0.35279251707864995,0.13333333333333333
rill,1,0,0,0,0,0,0,0,0,0,0,0,0,0,0,1,1,-0.4215,4,1,rill,3.328340822100183e-05,0.35279251707864995,0.06666666666666667
een,1,0,0,0,0,0,0,0,0,0,0,0,0,0,0,1,1,0.0,3,1,een,3.328340822100183e-05,0.35279251707864995,0.06666666666666667
guide,1,1,0,0,0,0,0,0,0,0,0,0,0,0,0,1,1,0.0,5,1,guide,3.328340822100183e-05,0.35279251707864995,0.13333333333333333
peasant,1,0,0,0,0,0,0,0,0,0,0,0,0,0,0,1,1,0.0,7,1,peasant,3.328340822100183e-05,0.35279251707864995,0.06666666666666667
shelter,1,1,0,0,0,0,0,0,0,0,0,0,0,0,0,1,1,0.0,7,1,shelter,3.328340822100183e-05,0.35279251707864995,0.13333333333333333
gently,0,0,0,1,0,0,0,0,0,0,0,0,0,0,0,1,1,0.4588,6,1,gently,3.328340822100183e-05,0.35279251707864995,0.06666666666666667
firmly,0,0,0,1,0,0,0,0,0,0,0,0,0,0,0,1,1,-0.3919,6,1,firmly,3.328340822100183e-05,0.35279251707864995,0.06666666666666667
eyelids,1,0,0,0,0,0,0,0,0,0,0,0,0,0,0,1,1,0.0,7,1,eyelids,3.328340822100183e-05,0.35279251707864995,0.06666666666666667
droop,1,1,0,0,0,0,0,0,0,0,0,0,0,0,0,1,1,0.0,5,1,droop,3.328340822100183e-05,0.35279251707864995,0.13333333333333333
slanted,0,1,1,0,0,0,0,0,0,0,0,0,0,0,0,1,1,0.5719,7,1,slanted,3.328340822100183e-05,0.35279251707864995,0.13333333333333333
gulls,1,1,0,0,0,0,0,0,0,0,0,0,0,0,0,1,1,0.5719,5,1,gulls,3.328340822100183e-05,0.35279251707864995,0.13333333333333333
solitary,1,0,1,0,0,0,0,0,0,0,0,0,0,0,0,1,1,0.5719,8,1,solitary,3.328340822100183e-05,0.35279251707864995,0.13333333333333333
bat,1,1,0,0,0,0,0,0,0,0,0,0,0,0,0,1,1,0.0,3,1,bat,3.328340822100183e-05,0.35279251707864995,0.13333333333333333
tufts,1,0,0,0,0,0,0,0,0,0,0,0,0,0,0,1,1,-0.4215,5,1,tufts,3.328340822100183e-05,0.35279251707864995,0.06666666666666667
flattering,1,0,1,0,0,0,0,0,0,0,0,0,0,0,0,1,1,-0.3182,10,1,flattering,3.328340822100183e-05,0.35279251707864995,0.13333333333333333
employ,1,0,0,0,0,0,0,0,0,0,0,0,0,0,0,1,1,-0.3182,6,1,employ,3.328340822100183e-05,0.35279251707864995,0.06666666666666667
tffort,0,0,0,0,0,0,0,0,0,0,0,0,0,0,0,1,1,0.2944,6,1,tffort,3.328340822100183e-05,0.35279251707864995,0.0
signature,1,0,0,0,0,0,0,0,0,0,0,0,0,0,0,1,1,-0.7469,9,1,signature,3.328340822100183e-05,0.35279251707864995,0.06666666666666667
folded,0,1,1,0,0,0,0,0,0,0,0,0,0,0,0,1,1,-0.7469,6,1,folded,3.328340822100183e-05,0.35279251707864995,0.13333333333333333
extricating,0,1,0,0,0,0,0,0,0,0,0,0,0,0,0,1,1,0.0,11,1,extricating,3.328340822100183e-05,0.35279251707864995,0.06666666666666667
deceptive,0,0,1,0,0,0,0,0,0,0,0,0,0,0,0,1,1,0.4588,9,1,deceptive,3.328340822100183e-05,0.35279251707864995,0.06666666666666667
planted,0,1,1,0,0,0,0,0,0,0,0,0,0,0,0,1,1,-0.3919,7,1,planted,3.328340822100183e-05,0.35279251707864995,0.13333333333333333
steadily,0,0,0,1,0,0,0,0,0,0,0,0,0,0,0,1,1,-0.3182,8,1,steadily,3.328340822100183e-05,0.35279251707864995,0.06666666666666667
soothingly,0,0,0,1,0,0,0,0,0,0,0,0,0,0,0,1,1,-0.3182,10,1,soothingly,3.328340822100183e-05,0.35279251707864995,0.06666666666666667
succession,1,0,0,0,0,0,0,0,0,0,0,0,0,0,0,1,1,-0.3182,10,1,succession,3.328340822100183e-05,0.35279251707864995,0.06666666666666667
deprive,0,1,0,0,0,0,0,0,0,0,0,0,0,0,0,1,1,-0.3182,7,1,deprive,3.328340822100183e-05,0.35279251707864995,0.06666666666666667
deficient,0,0,1,0,0,0,0,0,0,0,0,0,0,0,0,1,1,-0.3182,9,1,deficient,3.328340822100183e-05,0.35279251707864995,0.06666666666666667
school,1,1,0,0,0,0,0,0,0,0,0,0,0,0,0,1,1,-0.25,6,1,school,3.328340822100183e-05,0.35279251707864995,0.13333333333333333
scroll,1,1,0,0,0,0,0,0,0,0,0,0,0,0,0,1,1,0.0,6,1,scroll,3.328340822100183e-05,0.35279251707864995,0.13333333333333333
marked,0,1,1,0,0,0,0,0,0,0,0,0,0,0,0,1,1,0.0,6,1,marked,3.328340822100183e-05,0.35279251707864995,0.13333333333333333
benedick,1,0,0,0,0,0,0,0,0,0,0,0,0,0,0,1,1,0.4019,8,1,benedick,3.328340822100183e-05,0.35279251707864995,0.06666666666666667
spurred,0,1,1,0,0,0,0,0,0,0,0,0,0,0,0,1,1,0.4019,7,1,spurred,3.328340822100183e-05,0.35279251707864995,0.13333333333333333
thrilled,0,1,1,0,0,0,0,0,0,0,0,0,0,0,0,1,1,0.9022,8,1,thrilled,3.328340822100183e-05,0.35279251707864995,0.13333333333333333
pride,1,1,0,0,0,0,0,0,0,0,0,0,0,0,0,1,1,0.9022,5,1,pride,3.328340822100183e-05,0.35279251707864995,0.13333333333333333
stupefied,0,0,1,0,0,0,0,0,0,0,0,0,0,0,0,1,1,0.9022,9,1,stupefied,3.328340822100183e-05,0.35279251707864995,0.06666666666666667
rattle,1,1,0,0,0,0,0,0,0,0,0,0,0,0,0,1,1,-0.4215,6,1,rattle,3.328340822100183e-05,0.35279251707864995,0.13333333333333333
accoutrements,1,0,0,0,0,0,0,0,0,0,0,0,0,0,0,1,1,-0.4215,13,1,accoutrements,3.328340822100183e-05,0.35279251707864995,0.06666666666666667
loiterer,1,0,0,0,0,0,0,0,0,0,0,0,0,0,0,1,1,-0.4215,8,1,loiterer,3.328340822100183e-05,0.35279251707864995,0.06666666666666667
concealed,0,1,1,0,0,0,0,0,0,0,0,0,0,0,0,1,1,0.0772,9,1,concealed,3.328340822100183e-05,0.35279251707864995,0.13333333333333333
ginning,0,1,0,0,0,0,0,0,0,0,0,0,0,0,0,1,1,0.0772,7,1,ginning,3.328340822100183e-05,0.35279251707864995,0.06666666666666667
ly,1,0,0,0,0,0,0,0,0,0,0,0,0,0,0,1,1,0.0,2,1,ly,3.328340822100183e-05,0.35279251707864995,0.06666666666666667
straps,1,1,0,0,0,0,0,0,0,0,0,0,0,0,0,1,1,-0.1531,6,1,straps,3.328340822100183e-05,0.35279251707864995,0.13333333333333333
triple,1,1,1,0,0,0,0,0,0,0,0,0,0,0,0,1,1,-0.1531,6,1,triple,3.328340822100183e-05,0.35279251707864995,0.2
sleeve,1,0,0,0,0,0,0,0,0,0,0,0,0,0,0,1,1,-0.1531,6,1,sleeve,3.328340822100183e-05,0.35279251707864995,0.06666666666666667
doctors,1,1,0,0,0,0,0,0,0,0,0,0,0,0,0,1,1,-0.1531,7,1,doctors,3.328340822100183e-05,0.35279251707864995,0.13333333333333333
sentry,1,0,0,0,0,0,0,0,0,0,0,0,0,0,0,1,1,0.4019,6,1,sentry,3.328340822100183e-05,0.35279251707864995,0.06666666666666667
recol,0,0,0,0,0,0,0,0,0,0,0,0,0,0,0,1,1,0.2263,5,1,recol,3.328340822100183e-05,0.35279251707864995,0.0
rapid,1,0,1,0,0,0,0,0,0,0,0,0,0,0,0,1,1,0.705,5,1,rapid,3.328340822100183e-05,0.35279251707864995,0.13333333333333333
tale,1,0,0,0,0,0,0,0,0,0,0,0,0,0,0,1,1,0.0,4,1,tale,3.328340822100183e-05,0.35279251707864995,0.06666666666666667
outcast,1,0,1,0,0,0,0,0,0,0,0,0,0,0,0,1,1,0.0,7,1,outcast,3.328340822100183e-05,0.35279251707864995,0.13333333333333333
uncertain,0,0,1,0,0,0,0,0,0,0,0,0,0,0,0,1,1,-0.296,9,1,uncertain,3.328340822100183e-05,0.35279251707864995,0.06666666666666667
gerated,0,0,0,0,0,0,0,0,0,0,0,0,0,0,0,1,1,-0.296,7,1,gerated,3.328340822100183e-05,0.35279251707864995,0.0
stables,1,1,0,0,0,0,0,0,0,0,0,0,0,0,0,1,1,-0.296,7,1,stables,3.328340822100183e-05,0.35279251707864995,0.13333333333333333
insult,1,0,0,0,0,0,0,0,0,0,0,0,0,0,0,1,1,0.0772,6,1,insult,3.328340822100183e-05,0.35279251707864995,0.06666666666666667
moorland,1,0,0,0,0,0,0,0,0,0,0,0,0,0,0,1,1,0.0,8,1,moorland,3.328340822100183e-05,0.35279251707864995,0.06666666666666667
speech,1,0,0,0,0,0,0,0,0,0,0,0,0,0,0,1,1,0.2263,6,1,speech,3.328340822100183e-05,0.35279251707864995,0.06666666666666667
plight,1,0,0,0,0,0,0,0,0,0,0,0,0,0,0,1,1,0.2263,6,1,plight,3.328340822100183e-05,0.35279251707864995,0.06666666666666667
accent,1,0,0,0,0,0,0,0,0,0,0,0,0,0,0,1,1,0.0,6,1,accent,3.328340822100183e-05,0.35279251707864995,0.06666666666666667
inde,0,0,0,0,0,0,0,0,0,0,0,0,0,0,0,1,1,0.0,4,1,inde,3.328340822100183e-05,0.35279251707864995,0.0
quainted,0,0,0,0,0,0,0,0,0,0,0,0,0,0,0,1,1,0.0,8,1,quainted,3.328340822100183e-05,0.35279251707864995,0.0
finistere,0,0,0,0,0,0,0,0,0,0,0,0,0,0,0,1,1,0.0,9,1,finistere,3.328340822100183e-05,0.35279251707864995,0.0
admiration,1,0,0,0,0,0,0,0,0,0,0,0,0,0,0,1,1,0.5165,10,1,admiration,3.328340822100183e-05,0.35279251707864995,0.06666666666666667
huts,1,0,0,0,0,0,0,0,0,0,0,0,0,0,0,1,1,0.0,4,1,huts,3.328340822100183e-05,0.35279251707864995,0.06666666666666667
direction,1,0,0,0,0,0,0,0,0,0,0,0,0,0,0,1,1,0.296,9,1,direction,3.328340822100183e-05,0.35279251707864995,0.06666666666666667
centuries,1,0,0,0,0,0,0,0,0,0,0,0,0,0,0,1,1,0.296,9,1,centuries,3.328340822100183e-05,0.35279251707864995,0.06666666666666667
pleated,0,1,1,0,0,0,0,0,0,0,0,0,0,0,0,1,1,0.0,7,1,pleated,3.328340822100183e-05,0.35279251707864995,0.13333333333333333
skirts,1,1,0,0,0,0,0,0,0,0,0,0,0,0,0,1,1,0.0,6,1,skirts,3.328340822100183e-05,0.35279251707864995,0.13333333333333333
hum,1,1,0,0,0,0,0,0,0,0,0,0,0,0,0,1,1,0.0,3,1,hum,3.328340822100183e-05,0.35279251707864995,0.13333333333333333
quittez,0,0,0,0,0,0,0,0,0,0,0,0,0,0,0,1,1,0.4767,7,1,quittez,3.328340822100183e-05,0.35279251707864995,0.0
tonton,0,0,0,0,0,0,0,0,0,0,0,0,0,0,0,1,1,0.4767,6,1,tonton,3.328340822100183e-05,0.35279251707864995,0.0
transferred,0,1,0,0,0,0,0,0,0,0,0,0,0,0,0,1,1,-0.1027,11,1,transferred,3.328340822100183e-05,0.35279251707864995,0.06666666666666667
ruffled,0,1,1,0,0,0,0,0,0,0,0,0,0,0,0,1,1,-0.1027,7,1,ruffled,3.328340822100183e-05,0.35279251707864995,0.13333333333333333
sets,1,1,0,0,0,0,0,0,0,0,0,0,0,0,0,1,1,0.0258,4,1,sets,3.328340822100183e-05,0.35279251707864995,0.13333333333333333
tha,0,0,0,0,0,0,0,0,0,0,0,0,0,0,0,1,1,0.0,3,1,tha,3.328340822100183e-05,0.35279251707864995,0.0
ferns,1,0,0,0,0,0,0,0,0,0,0,0,0,0,0,1,1,0.0,5,1,ferns,3.328340822100183e-05,0.35279251707864995,0.06666666666666667
strangers,1,0,0,0,0,0,0,0,0,0,0,0,0,0,0,1,1,-0.5789,9,1,strangers,3.328340822100183e-05,0.35279251707864995,0.06666666666666667
ily,0,0,0,0,0,0,0,0,0,0,0,0,0,0,0,1,1,-0.4939,3,1,ily,3.328340822100183e-05,0.35279251707864995,0.0
desolate,0,0,1,0,0,0,0,0,0,0,0,0,0,0,0,1,1,0.0,8,1,desolate,3.328340822100183e-05,0.35279251707864995,0.06666666666666667
splash,1,1,0,0,0,0,0,0,0,0,0,0,0,0,0,1,1,0.705,6,1,splash,3.328340822100183e-05,0.35279251707864995,0.13333333333333333
mail,1,1,0,0,0,0,0,0,0,0,0,0,0,0,0,1,1,0.705,4,1,mail,3.328340822100183e-05,0.35279251707864995,0.13333333333333333
sleigh,1,0,0,0,0,0,0,0,0,0,0,0,0,0,0,1,1,0.0,6,1,sleigh,3.328340822100183e-05,0.35279251707864995,0.06666666666666667
deftly,0,0,0,1,0,0,0,0,0,0,0,0,0,0,0,1,1,0.0,6,1,deftly,3.328340822100183e-05,0.35279251707864995,0.06666666666666667
gauntlet,1,0,0,0,0,0,0,0,0,0,0,0,0,0,0,1,1,0.0,8,1,gauntlet,3.328340822100183e-05,0.35279251707864995,0.06666666666666667
thong,1,0,0,0,0,0,0,0,0,0,0,0,0,0,0,1,1,0.0,5,1,thong,3.328340822100183e-05,0.35279251707864995,0.06666666666666667
girdle,1,1,0,0,0,0,0,0,0,0,0,0,0,0,0,1,1,0.0,6,1,girdle,3.328340822100183e-05,0.35279251707864995,0.13333333333333333
tinkling,1,1,1,0,0,0,0,0,0,0,0,0,0,0,0,1,1,0.0,8,1,tinkling,3.328340822100183e-05,0.35279251707864995,0.2
sabre,1,1,0,0,0,0,0,0,0,0,0,0,0,0,0,1,1,-0.4215,5,1,sabre,3.328340822100183e-05,0.35279251707864995,0.13333333333333333
mel,0,0,0,0,0,0,0,0,0,0,0,0,0,0,0,1,1,-0.4215,3,1,mel,3.328340822100183e-05,0.35279251707864995,0.0
jerky,1,0,1,0,0,0,0,0,0,0,0,0,0,0,0,1,1,0.705,5,1,jerky,3.328340822100183e-05,0.35279251707864995,0.13333333333333333
aimlessly,0,0,0,1,0,0,0,0,0,0,0,0,0,0,0,1,1,0.705,9,1,aimlessly,3.328340822100183e-05,0.35279251707864995,0.06666666666666667
fro,1,0,0,1,0,0,0,0,0,0,0,0,0,0,0,1,1,0.705,3,1,fro,3.328340822100183e-05,0.35279251707864995,0.13333333333333333
alry,0,0,0,0,0,0,0,0,0,0,0,0,0,0,0,1,1,0.0,4,1,alry,3.328340822100183e-05,0.35279251707864995,0.0
iantly,0,0,0,0,0,0,0,0,0,0,0,0,0,0,0,1,1,0.0,6,1,iantly,3.328340822100183e-05,0.35279251707864995,0.0
carrying,1,1,0,0,0,0,0,0,0,0,0,0,0,0,0,1,1,0.0,8,1,carrying,3.328340822100183e-05,0.35279251707864995,0.13333333333333333
tinkled,0,1,0,0,0,0,0,0,0,0,0,0,0,0,0,1,1,-0.1027,7,1,tinkled,3.328340822100183e-05,0.35279251707864995,0.06666666666666667
bowing,1,1,1,0,0,0,0,0,0,0,0,0,0,0,0,1,1,-0.1027,6,1,bowing,3.328340822100183e-05,0.35279251707864995,0.2
respectfully,0,0,0,1,0,0,0,0,0,0,0,0,0,0,0,1,1,-0.1027,12,1,respectfully,3.328340822100183e-05,0.35279251707864995,0.06666666666666667
piqueurs,0,0,0,0,0,0,0,0,0,0,0,0,0,0,0,1,1,-0.1027,8,1,piqueurs,3.328340822100183e-05,0.35279251707864995,0.0
prove,0,1,0,0,0,0,0,0,0,0,0,0,0,0,0,1,1,-0.1027,5,1,prove,3.328340822100183e-05,0.35279251707864995,0.06666666666666667
esy,0,0,0,0,0,0,0,0,0,0,0,0,0,0,0,1,1,0.0,3,1,esy,3.328340822100183e-05,0.35279251707864995,0.0
coners,0,0,0,0,0,0,0,0,0,0,0,0,0,0,0,1,1,-0.2023,6,1,coners,3.328340822100183e-05,0.35279251707864995,0.0
scripts,1,1,0,0,0,0,0,0,0,0,0,0,0,0,0,1,1,-0.0258,7,1,scripts,3.328340822100183e-05,0.35279251707864995,0.13333333333333333
wretched,0,0,1,0,0,0,0,0,0,0,0,0,0,0,0,1,1,0.0,8,1,wretched,3.328340822100183e-05,0.35279251707864995,0.06666666666666667
affixed,0,1,1,0,0,0,0,0,0,0,0,0,0,0,0,1,1,0.3612,7,1,affixed,3.328340822100183e-05,0.35279251707864995,0.13333333333333333
palsied,0,1,1,0,0,0,0,0,0,0,0,0,0,0,0,1,1,0.3612,7,1,palsied,3.328340822100183e-05,0.35279251707864995,0.13333333333333333
locking,1,1,0,0,0,0,0,0,0,0,0,0,0,0,0,1,1,0.0,7,1,locking,3.328340822100183e-05,0.35279251707864995,0.13333333333333333
sue,1,0,0,0,0,0,0,0,0,0,0,0,0,0,0,1,1,0.0,3,1,sue,3.328340822100183e-05,0.35279251707864995,0.06666666666666667
controlling,0,1,1,0,0,0,0,0,0,0,0,0,0,0,0,1,1,0.0,11,1,controlling,3.328340822100183e-05,0.35279251707864995,0.13333333333333333
iled,0,0,0,0,0,0,0,0,0,0,0,0,0,0,0,1,1,0.0,4,1,iled,3.328340822100183e-05,0.35279251707864995,0.0
avonshire,0,0,0,0,0,0,0,0,0,0,0,0,0,0,0,1,1,0.0,9,1,avonshire,3.328340822100183e-05,0.35279251707864995,0.0
hound,1,1,0,0,0,0,0,0,0,0,0,0,0,0,0,1,1,0.8442,5,1,hound,3.328340822100183e-05,0.35279251707864995,0.13333333333333333
heraldry,1,0,0,0,0,0,0,0,0,0,0,0,0,0,0,1,1,0.0,8,1,heraldry,3.328340822100183e-05,0.35279251707864995,0.06666666666666667
excellent,0,0,1,0,0,0,0,0,0,0,0,0,0,0,0,1,1,0.5719,9,1,excellent,3.328340822100183e-05,0.35279251707864995,0.06666666666666667
uncle,1,0,0,0,0,0,0,0,0,0,0,0,0,0,0,1,1,0.5719,5,1,uncle,3.328340822100183e-05,0.35279251707864995,0.06666666666666667
mur,0,0,0,0,0,0,0,0,0,0,0,0,0,0,0,1,1,0.2023,3,1,mur,3.328340822100183e-05,0.35279251707864995,0.0
ial,0,0,0,0,0,0,0,0,0,0,0,0,0,0,0,1,1,0.0,3,1,ial,3.328340822100183e-05,0.35279251707864995,0.0
uscript,0,0,0,0,0,0,0,0,0,0,0,0,0,0,0,1,1,0.0,7,1,uscript,3.328340822100183e-05,0.35279251707864995,0.0
breakfast,1,1,0,0,0,0,0,0,0,0,0,0,0,0,0,1,1,0.0,9,1,breakfast,3.328340822100183e-05,0.35279251707864995,0.13333333333333333
ou,1,0,0,0,0,0,0,0,0,0,0,0,0,0,0,1,1,0.4767,2,1,ou,3.328340822100183e-05,0.35279251707864995,0.06666666666666667
joyously,0,0,0,1,0,0,0,0,0,0,0,0,0,0,0,1,1,0.4767,8,1,joyously,3.328340822100183e-05,0.35279251707864995,0.06666666666666667
creaking,1,0,1,0,0,0,0,0,0,0,0,0,0,0,0,1,1,0.4767,8,1,creaking,3.328340822100183e-05,0.35279251707864995,0.13333333333333333
manuscripts,1,0,0,0,0,0,0,0,0,0,0,0,0,0,0,1,1,0.8442,11,1,manuscripts,3.328340822100183e-05,0.35279251707864995,0.06666666666666667
scream,1,1,0,0,0,0,0,0,0,0,0,0,0,0,0,1,1,-0.4019,6,1,scream,3.328340822100183e-05,0.35279251707864995,0.13333333333333333
talcons,0,0,0,0,0,0,0,0,0,0,0,0,0,0,0,1,1,0.0,7,1,talcons,3.328340822100183e-05,0.35279251707864995,0.0
humbled,0,1,1,0,0,0,0,0,0,0,0,0,0,0,0,1,1,0.4767,7,1,humbled,3.328340822100183e-05,0.35279251707864995,0.13333333333333333
muring,0,0,0,0,0,0,0,0,0,0,0,0,0,0,0,1,1,0.8442,6,1,muring,3.328340822100183e-05,0.35279251707864995,0.0
stantiate,0,0,0,0,0,0,0,0,0,0,0,0,0,0,0,1,1,0.0,9,1,stantiate,3.328340822100183e-05,0.35279251707864995,0.0
researches,0,1,0,0,0,0,0,0,0,0,0,0,0,0,0,1,1,0.0,10,1,researches,3.328340822100183e-05,0.35279251707864995,0.06666666666666667
establishment,1,0,0,0,0,0,0,0,0,0,0,0,0,0,0,1,1,0.0,13,1,establishment,3.328340822100183e-05,0.35279251707864995,0.06666666666666667
dynasty,1,0,0,0,0,0,0,0,0,0,0,0,0,0,0,1,1,0.0,7,1,dynasty,3.328340822100183e-05,0.35279251707864995,0.06666666666666667
witted,0,0,1,0,0,0,0,0,0,0,0,0,0,0,0,1,1,0.2023,6,1,witted,3.328340822100183e-05,0.35279251707864995,0.06666666666666667
sequence,1,1,0,0,0,0,0,0,0,0,0,0,0,0,0,1,1,0.296,8,1,sequence,3.328340822100183e-05,0.35279251707864995,0.13333333333333333
using,0,1,0,0,0,0,0,0,0,0,0,0,0,0,0,1,1,0.0,5,1,using,3.328340822100183e-05,0.35279251707864995,0.06666666666666667
jardiner,0,0,0,0,0,0,0,0,0,0,0,0,0,0,0,1,1,0.7351,8,1,jardiner,3.328340822100183e-05,0.35279251707864995,0.0
illumi,0,0,0,0,0,0,0,0,0,0,0,0,0,0,0,1,1,-0.0258,6,1,illumi,3.328340822100183e-05,0.35279251707864995,0.0
nated,0,0,0,0,0,0,0,0,0,0,0,0,0,0,0,1,1,-0.0258,5,1,nated,3.328340822100183e-05,0.35279251707864995,0.0
gasping,1,0,1,0,0,0,0,0,0,0,0,0,0,0,0,1,1,0.0,7,1,gasping,3.328340822100183e-05,0.35279251707864995,0.13333333333333333
hali,0,0,0,0,0,0,0,0,0,0,0,0,0,0,0,1,1,0.0,4,1,hali,3.328340822100183e-05,0.35279251707864995,0.0
ramifica,0,0,0,0,0,0,0,0,0,0,0,0,0,0,0,1,1,0.9022,8,1,ramifica,3.328340822100183e-05,0.35279251707864995,0.0
uoht,0,0,0,0,0,0,0,0,0,0,0,0,0,0,0,1,1,0.9022,4,1,uoht,3.328340822100183e-05,0.35279251707864995,0.0
thale,0,0,0,0,0,0,0,0,0,0,0,0,0,0,0,1,1,0.9022,5,1,thale,3.328340822100183e-05,0.35279251707864995,0.0
sub,1,0,0,0,0,0,0,0,0,0,0,0,0,0,0,1,1,0.0,3,1,sub,3.328340822100183e-05,0.35279251707864995,0.06666666666666667
l,1,0,0,0,0,0,0,0,0,0,0,0,0,0,0,1,1,0.4588,1,1,l,3.328340822100183e-05,0.35279251707864995,0.06666666666666667
leurre,0,0,0,0,0,0,0,0,0,0,0,0,0,0,0,1,1,0.4588,6,1,leurre,3.328340822100183e-05,0.35279251707864995,0.0
paitre,0,0,0,0,0,0,0,0,0,0,0,0,0,0,0,1,1,0.0,6,1,paitre,3.328340822100183e-05,0.35279251707864995,0.0
cup,1,1,0,0,0,0,0,0,0,0,0,0,0,0,0,1,1,0.4215,3,1,cup,3.328340822100183e-05,0.35279251707864995,0.13333333333333333
anticipa,0,0,0,0,0,0,0,0,0,0,0,0,0,0,0,1,1,0.0,8,1,anticipa,3.328340822100183e-05,0.35279251707864995,0.0
thou,1,0,0,0,0,0,1,0,0,0,0,0,0,0,0,1,1,0.7351,4,1,thou,3.328340822100183e-05,0.35279251707864995,0.13333333333333333
mangled,0,1,1,0,0,0,0,0,0,0,0,0,0,0,0,1,1,0.5574,7,1,mangled,3.328340822100183e-05,0.35279251707864995,0.13333333333333333
overlooked,0,1,1,0,0,0,0,0,0,0,0,0,0,0,0,1,1,-0.0258,10,1,overlooked,3.328340822100183e-05,0.35279251707864995,0.13333333333333333
bayed,0,1,0,0,0,0,0,0,0,0,0,0,0,0,0,1,1,-0.0258,5,1,bayed,3.328340822100183e-05,0.35279251707864995,0.06666666666666667
attach,0,1,0,0,0,0,0,0,0,0,0,0,0,0,0,1,1,-0.0258,6,1,attach,3.328340822100183e-05,0.35279251707864995,0.06666666666666667
spoil,1,1,0,0,0,0,0,0,0,0,0,0,0,0,0,1,1,-0.0258,5,1,spoil,3.328340822100183e-05,0.35279251707864995,0.13333333333333333
essimer,0,0,0,0,0,0,0,0,0,0,0,0,0,0,0,1,1,-0.0258,7,1,essimer,3.328340822100183e-05,0.35279251707864995,0.0
oiseau,0,0,0,0,0,0,0,0,0,0,0,0,0,0,0,1,1,0.7351,6,1,oiseau,3.328340822100183e-05,0.35279251707864995,0.0
ue,1,0,0,0,0,0,0,0,0,0,0,0,0,0,0,1,1,0.7351,2,1,ue,3.328340822100183e-05,0.35279251707864995,0.06666666666666667
mayest,0,0,0,0,0,0,0,0,0,0,0,0,0,0,0,1,1,0.7351,6,1,mayest,3.328340822100183e-05,0.35279251707864995,0.0
hagard,0,0,0,0,0,0,0,0,0,0,0,0,0,0,0,1,1,0.7351,6,1,hagard,3.328340822100183e-05,0.35279251707864995,0.0
january,1,0,0,0,0,0,0,0,0,0,0,0,0,0,0,1,1,0.2263,7,1,january,3.328340822100183e-05,0.35279251707864995,0.06666666666666667
reputafion,0,0,0,0,0,0,0,0,0,0,0,0,0,0,0,1,1,-0.4404,10,1,reputafion,3.328340822100183e-05,0.35279251707864995,0.0
rumors,0,1,0,0,0,0,0,0,0,0,0,0,0,0,0,1,1,0.5719,6,1,rumors,3.328340822100183e-05,0.35279251707864995,0.06666666666666667
searching,1,1,1,0,0,0,0,0,0,0,0,0,0,0,0,1,1,0.5719,9,1,searching,3.328340822100183e-05,0.35279251707864995,0.2
cently,0,0,0,0,0,0,0,0,0,0,0,0,0,0,0,1,1,0.5719,6,1,cently,3.328340822100183e-05,0.35279251707864995,0.0
vulsed,0,0,0,0,0,0,0,0,0,0,0,0,0,0,0,1,1,-0.7269,6,1,vulsed,3.328340822100183e-05,0.35279251707864995,0.0
jected,0,0,0,0,0,0,0,0,0,0,0,0,0,0,0,1,1,-0.7269,6,1,jected,3.328340822100183e-05,0.35279251707864995,0.0
save,1,1,0,0,0,0,1,0,0,0,0,0,0,0,0,1,1,0.4939,4,1,save,3.328340822100183e-05,0.35279251707864995,0.2
carol,1,1,0,0,0,0,0,0,0,0,0,0,0,0,0,1,1,0.3678,5,1,carol,3.328340822100183e-05,0.35279251707864995,0.13333333333333333
scattered,0,0,1,0,0,0,0,0,0,0,0,0,0,0,0,1,1,0.0,9,1,scattered,3.328340822100183e-05,0.35279251707864995,0.06666666666666667
carpet,1,1,0,0,0,0,0,0,0,0,0,0,0,0,0,1,1,0.0,6,1,carpet,3.328340822100183e-05,0.35279251707864995,0.13333333333333333
frayed,0,1,1,0,0,0,0,0,0,0,0,0,0,0,0,1,1,0.0,6,1,frayed,3.328340822100183e-05,0.35279251707864995,0.13333333333333333
recent,0,0,1,0,0,0,0,0,0,0,0,0,0,0,0,1,1,0.0,6,1,recent,3.328340822100183e-05,0.35279251707864995,0.06666666666666667
groans,1,1,0,0,0,0,0,0,0,0,0,0,0,0,0,1,1,0.0,6,1,groans,3.328340822100183e-05,0.35279251707864995,0.13333333333333333
criminal,1,0,1,0,0,0,0,0,0,0,0,0,0,0,0,1,1,-0.7269,8,1,criminal,3.328340822100183e-05,0.35279251707864995,0.13333333333333333
pardoned,0,0,0,0,0,0,0,0,0,0,0,0,0,0,0,1,1,0.2263,8,1,pardoned,3.328340822100183e-05,0.35279251707864995,0.0
tated,0,0,0,0,0,0,0,0,0,0,0,0,0,0,0,1,1,0.6478,5,1,tated,3.328340822100183e-05,0.35279251707864995,0.0
guise,1,0,0,0,0,0,0,0,0,0,0,0,0,0,0,1,1,0.8885,5,1,guise,3.328340822100183e-05,0.35279251707864995,0.06666666666666667
chase,1,1,0,0,0,0,0,0,0,0,0,0,0,0,0,1,1,0.3678,5,1,chase,3.328340822100183e-05,0.35279251707864995,0.13333333333333333
lagie,0,0,0,0,0,0,0,0,0,0,0,0,0,0,0,1,1,0.3678,5,1,lagie,3.328340822100183e-05,0.35279251707864995,0.0
evidently,0,0,0,1,0,0,0,0,0,0,0,0,0,0,0,1,1,0.0,9,1,evidently,3.328340822100183e-05,0.35279251707864995,0.06666666666666667
courtyard,1,0,0,0,0,0,0,0,0,0,0,0,0,0,0,1,1,0.3678,9,1,courtyard,3.328340822100183e-05,0.35279251707864995,0.06666666666666667
muffled,0,1,1,0,0,0,0,0,0,0,0,0,0,0,0,1,1,0.3678,7,1,muffled,3.328340822100183e-05,0.35279251707864995,0.13333333333333333
heather,1,0,1,0,0,0,0,0,0,0,0,0,0,0,0,1,1,0.3678,7,1,heather,3.328340822100183e-05,0.35279251707864995,0.13333333333333333
straining,1,1,1,0,0,0,0,0,0,0,0,0,0,0,0,1,1,0.4767,9,1,straining,3.328340822100183e-05,0.35279251707864995,0.2
tasted,0,1,0,0,0,0,0,0,0,0,0,0,0,0,0,1,1,0.0,6,1,tasted,3.328340822100183e-05,0.35279251707864995,0.06666666666666667
flushed,0,1,1,0,0,0,0,0,0,0,0,0,0,0,0,1,1,0.4215,7,1,flushed,3.328340822100183e-05,0.35279251707864995,0.13333333333333333
doublet,1,0,0,0,0,0,0,0,0,0,0,0,0,0,0,1,1,0.6478,7,1,doublet,3.328340822100183e-05,0.35279251707864995,0.06666666666666667
homespun,1,0,1,0,0,0,0,0,0,0,0,0,0,0,0,1,1,0.6478,8,1,homespun,3.328340822100183e-05,0.35279251707864995,0.13333333333333333
seamless,0,0,1,0,0,0,0,0,0,0,0,0,0,0,0,1,1,0.6478,8,1,seamless,3.328340822100183e-05,0.35279251707864995,0.06666666666666667
dressed,0,1,1,0,0,0,0,0,0,0,0,0,0,0,0,1,1,0.6478,7,1,dressed,3.328340822100183e-05,0.35279251707864995,0.13333333333333333
huntsman,1,0,0,0,0,0,0,0,0,0,0,0,0,0,0,1,1,0.6478,8,1,huntsman,3.328340822100183e-05,0.35279251707864995,0.06666666666666667
laughingly,0,0,0,1,0,0,0,0,0,0,0,0,0,0,0,1,1,0.8885,10,1,laughingly,3.328340822100183e-05,0.35279251707864995,0.06666666666666667
hostess,1,0,0,0,0,0,0,0,0,0,0,0,0,0,0,1,1,0.8885,7,1,hostess,3.328340822100183e-05,0.35279251707864995,0.06666666666666667
dignity,1,0,0,0,0,0,0,0,0,0,0,0,0,0,0,1,1,0.8885,7,1,dignity,3.328340822100183e-05,0.35279251707864995,0.06666666666666667
thrill,1,1,0,0,0,0,0,0,0,0,0,0,0,0,0,1,1,0.8885,6,1,thrill,3.328340822100183e-05,0.35279251707864995,0.13333333333333333
costume,1,1,1,0,0,0,0,0,0,0,0,0,0,0,0,1,1,0.8885,7,1,costume,3.328340822100183e-05,0.35279251707864995,0.2
gown,1,1,0,0,0,0,0,0,0,0,0,0,0,0,0,1,1,-0.25,4,1,gown,3.328340822100183e-05,0.35279251707864995,0.13333333333333333
avowal,1,0,0,0,0,0,0,0,0,0,0,0,0,0,0,1,1,0.7469,6,1,avowal,3.328340822100183e-05,0.35279251707864995,0.06666666666666667
lam,1,0,0,0,0,0,0,0,0,0,0,0,0,0,0,1,1,0.6115,3,1,lam,3.328340822100183e-05,0.35279251707864995,0.06666666666666667
mad,0,0,1,0,0,0,0,0,0,0,0,0,0,0,0,1,1,-0.25,3,1,mad,3.328340822100183e-05,0.35279251707864995,0.06666666666666667
sparkling,1,1,1,0,0,0,0,0,0,0,0,0,0,0,0,1,1,-0.25,9,1,sparkling,3.328340822100183e-05,0.35279251707864995,0.2
palms,1,0,0,0,0,0,0,0,0,0,0,0,0,0,0,1,1,0.5994,5,1,palms,3.328340822100183e-05,0.35279251707864995,0.06666666666666667
guantlet,0,0,0,0,0,0,0,0,0,0,0,0,0,0,0,1,1,-0.25,8,1,guantlet,3.328340822100183e-05,0.35279251707864995,0.0
petted,0,1,0,0,0,0,0,0,0,0,0,0,0,0,0,1,1,-0.25,6,1,petted,3.328340822100183e-05,0.35279251707864995,0.06666666666666667
compared,0,1,0,0,0,0,0,0,0,0,0,0,0,0,0,1,1,0.4588,8,1,compared,3.328340822100183e-05,0.35279251707864995,0.06666666666666667
graceful,0,0,1,0,0,0,0,0,0,0,0,0,0,0,0,1,1,0.4588,8,1,graceful,3.328340822100183e-05,0.35279251707864995,0.06666666666666667
spinning,1,1,1,0,0,0,0,0,0,0,0,0,0,0,0,1,1,0.8885,8,1,spinning,3.328340822100183e-05,0.35279251707864995,0.2
lightest,0,0,0,0,0,0,0,0,0,0,0,0,0,0,0,1,1,0.2732,8,1,lightest,3.328340822100183e-05,0.35279251707864995,0.0
hospitality,0,0,0,0,0,0,0,0,0,0,0,0,0,0,0,1,1,0.2732,11,1,hospitality,3.328340822100183e-05,0.35279251707864995,0.0
bold,1,0,1,0,0,0,0,0,0,0,0,0,0,0,0,1,1,0.2732,4,1,bold,3.328340822100183e-05,0.35279251707864995,0.13333333333333333
agreed,0,1,1,0,0,0,0,0,0,0,0,0,0,0,0,1,1,0.4692,6,1,agreed,3.328340822100183e-05,0.35279251707864995,0.13333333333333333
accepting,0,1,1,0,0,0,0,0,0,0,0,0,0,0,0,1,1,0.4692,9,1,accepting,3.328340822100183e-05,0.35279251707864995,0.13333333333333333
pitality,0,0,0,0,0,0,0,0,0,0,0,0,0,0,0,1,1,0.4692,8,1,pitality,3.328340822100183e-05,0.35279251707864995,0.0
trotted,0,1,0,0,0,0,0,0,0,0,0,0,0,0,0,1,1,0.4692,7,1,trotted,3.328340822100183e-05,0.35279251707864995,0.06666666666666667
comb,1,1,0,0,0,0,0,0,0,0,0,0,0,0,0,1,1,0.4692,4,1,comb,3.328340822100183e-05,0.35279251707864995,0.13333333333333333
madhouse,1,0,0,0,0,0,0,0,0,0,0,0,0,0,0,1,1,-0.1154,8,1,madhouse,3.328340822100183e-05,0.35279251707864995,0.06666666666666667
nimbly,0,0,0,1,0,0,0,0,0,0,0,0,0,0,0,1,1,0.5574,6,1,nimbly,3.328340822100183e-05,0.35279251707864995,0.06666666666666667
soaring,1,1,1,0,0,0,0,0,0,0,0,0,0,0,0,1,1,0.3678,7,1,soaring,3.328340822100183e-05,0.35279251707864995,0.2
abaisser,0,0,0,0,0,0,0,0,0,0,0,0,0,0,0,1,1,-0.0258,8,1,abaisser,3.328340822100183e-05,0.35279251707864995,0.0
donnera,0,0,0,0,0,0,0,0,0,0,0,0,0,0,0,1,1,-0.0258,7,1,donnera,3.328340822100183e-05,0.35279251707864995,0.0
lafiliere,0,0,0,0,0,0,0,0,0,0,0,0,0,0,0,1,1,0.5719,9,1,lafiliere,3.328340822100183e-05,0.35279251707864995,0.0
lesson,1,0,0,0,0,0,0,0,0,0,0,0,0,0,0,1,1,0.0,6,1,lesson,3.328340822100183e-05,0.35279251707864995,0.06666666666666667
doom,1,1,0,0,0,0,0,0,0,0,0,0,0,0,0,1,1,-0.6705,4,1,doom,3.328340822100183e-05,0.35279251707864995,0.13333333333333333
kitchen,1,0,0,0,0,0,0,0,0,0,0,0,0,0,0,1,1,0.0,7,1,kitchen,3.328340822100183e-05,0.35279251707864995,0.06666666666666667
beast,1,0,0,0,0,0,0,0,0,0,0,0,0,0,0,1,1,0.0,5,1,beast,3.328340822100183e-05,0.35279251707864995,0.06666666666666667
furrows,1,1,0,0,0,0,0,0,0,0,0,0,0,0,0,1,1,-0.4215,7,1,furrows,3.328340822100183e-05,0.35279251707864995,0.13333333333333333
ploughed,0,0,1,0,0,0,0,0,0,0,0,0,0,0,0,1,1,-0.4215,8,1,ploughed,3.328340822100183e-05,0.35279251707864995,0.06666666666666667
unexplored,0,0,1,0,0,0,0,0,0,0,0,0,0,0,0,1,1,0.0,10,1,unexplored,3.328340822100183e-05,0.35279251707864995,0.06666666666666667
immoiselle,0,0,0,0,0,0,0,0,0,0,0,0,0,0,0,1,1,-0.1868,10,1,immoiselle,3.328340822100183e-05,0.35279251707864995,0.0
fortified,0,1,1,0,0,0,0,0,0,0,0,0,0,0,0,1,1,-0.1868,9,1,fortified,3.328340822100183e-05,0.35279251707864995,0.13333333333333333
farm,1,1,1,0,0,0,0,0,0,0,0,0,0,0,0,1,1,-0.1868,4,1,farm,3.328340822100183e-05,0.35279251707864995,0.2
wedding,1,1,0,0,0,0,0,0,0,0,0,0,0,0,0,1,1,0.7506,7,1,wedding,3.328340822100183e-05,0.35279251707864995,0.13333333333333333
eh,0,0,0,0,0,0,0,0,0,0,0,0,0,0,0,1,1,0.8402,2,0,eh,3.328340822100183e-05,0.35279251707864995,0.0
boyish,0,0,1,0,0,0,0,0,0,0,0,0,0,0,0,1,1,0.8402,6,1,boyish,3.328340822100183e-05,0.35279251707864995,0.06666666666666667
leads,0,1,0,0,0,0,0,0,0,0,0,0,0,0,0,1,1,-0.0258,5,1,leads,3.328340822100183e-05,0.35279251707864995,0.06666666666666667
crouching,0,1,1,0,0,0,0,0,0,0,0,0,0,0,0,1,1,-0.0258,9,1,crouching,3.328340822100183e-05,0.35279251707864995,0.13333333333333333
collodion,1,0,0,0,0,0,0,0,0,0,0,0,0,0,0,1,1,-0.4215,9,1,collodion,3.328340822100183e-05,0.35279251707864995,0.06666666666666667
regard,1,1,0,0,0,0,0,0,0,0,0,0,0,0,0,1,1,-0.4215,6,1,regard,3.328340822100183e-05,0.35279251707864995,0.13333333333333333
screws,1,1,0,0,0,0,0,0,0,0,0,0,0,0,0,1,1,-0.4215,6,1,screws,3.328340822100183e-05,0.35279251707864995,0.13333333333333333
awaken,0,1,0,0,0,0,0,0,0,0,0,0,0,0,0,1,1,0.7469,6,1,awaken,3.328340822100183e-05,0.35279251707864995,0.06666666666666667
gaston,0,0,0,0,0,0,0,0,0,0,0,0,0,0,0,1,1,0.0,6,1,gaston,3.328340822100183e-05,0.35279251707864995,0.0
loup,1,0,0,0,0,0,0,0,0,0,0,0,0,0,0,1,1,0.0,4,1,loup,3.328340822100183e-05,0.35279251707864995,0.06666666666666667
flax,1,0,0,0,0,0,0,0,0,0,0,0,0,0,0,1,1,0.0,4,1,flax,3.328340822100183e-05,0.35279251707864995,0.06666666666666667
galloped,0,0,0,0,0,0,0,0,0,0,0,0,0,0,0,1,1,0.0,8,1,galloped,3.328340822100183e-05,0.35279251707864995,0.0
desti,0,0,0,0,0,0,0,0,0,0,0,0,0,0,0,1,1,0.0,5,1,desti,3.328340822100183e-05,0.35279251707864995,0.0
tute,1,0,0,0,0,0,0,0,0,0,0,0,0,0,0,1,1,0.0,4,1,tute,3.328340822100183e-05,0.35279251707864995,0.06666666666666667
legend,1,0,0,0,0,0,0,0,0,0,0,0,0,0,0,1,1,0.0,6,1,legend,3.328340822100183e-05,0.35279251707864995,0.06666666666666667
childlike,0,0,1,0,0,0,0,0,0,0,0,0,0,0,0,1,1,0.3818,9,1,childlike,3.328340822100183e-05,0.35279251707864995,0.06666666666666667
possession,1,0,0,0,0,0,0,0,0,0,0,0,0,0,0,1,1,0.3818,10,1,possession,3.328340822100183e-05,0.35279251707864995,0.06666666666666667
stumps,1,1,0,0,0,0,0,0,0,0,0,0,0,0,0,1,1,0.3818,6,1,stumps,3.328340822100183e-05,0.35279251707864995,0.13333333333333333
chanted,0,1,1,0,0,0,0,0,0,0,0,0,0,0,0,1,1,0.0,7,1,chanted,3.328340822100183e-05,0.35279251707864995,0.13333333333333333
seldom,0,0,0,1,0,0,0,0,0,0,0,0,0,0,0,1,1,0.0,6,1,seldom,3.328340822100183e-05,0.35279251707864995,0.06666666666666667
sidered,0,0,0,0,0,0,0,0,0,0,0,0,0,0,0,1,1,0.7469,7,1,sidered,3.328340822100183e-05,0.35279251707864995,0.0
field,1,1,0,0,0,0,0,0,0,0,0,0,0,0,0,1,1,0.7469,5,1,field,3.328340822100183e-05,0.35279251707864995,0.13333333333333333
innocently,0,0,0,1,0,0,0,0,0,0,0,0,0,0,0,1,1,0.7469,10,1,innocently,3.328340822100183e-05,0.35279251707864995,0.06666666666666667
jingled,0,1,0,0,0,0,0,0,0,0,0,0,0,0,0,1,1,0.8402,7,1,jingled,3.328340822100183e-05,0.35279251707864995,0.06666666666666667
stuff,1,1,0,0,0,0,0,0,0,0,0,0,0,0,0,1,1,0.0,5,1,stuff,3.328340822100183e-05,0.35279251707864995,0.13333333333333333
ceasing,1,0,0,0,0,0,0,0,0,0,0,0,0,0,0,1,1,-0.5719,7,1,ceasing,3.328340822100183e-05,0.35279251707864995,0.06666666666666667
vhip,0,0,0,0,0,0,0,0,0,0,0,0,0,0,0,1,1,-0.5719,4,1,vhip,3.328340822100183e-05,0.35279251707864995,0.0
happiest,0,0,1,0,0,0,0,0,0,0,0,0,0,0,0,1,1,0.6369,8,1,happiest,3.328340822100183e-05,0.35279251707864995,0.06666666666666667
congratulation,1,0,0,0,0,0,0,0,0,0,0,0,0,0,0,1,1,0.7506,14,1,congratulation,3.328340822100183e-05,0.35279251707864995,0.06666666666666667
natured,0,0,0,0,0,0,0,0,0,0,0,0,0,0,0,1,1,0.7506,7,1,natured,3.328340822100183e-05,0.35279251707864995,0.0
happily,0,0,0,1,0,0,0,0,0,0,0,0,0,0,0,1,1,0.8519,7,1,happily,3.328340822100183e-05,0.35279251707864995,0.06666666666666667
hop,1,1,0,0,0,0,0,0,0,0,0,0,0,0,0,1,1,-0.0516,3,1,hop,3.328340822100183e-05,0.35279251707864995,0.13333333333333333
married,1,1,1,0,0,0,0,0,0,0,0,0,0,0,0,1,1,0.0,7,1,married,3.328340822100183e-05,0.35279251707864995,0.2
regretted,0,1,0,0,0,0,0,0,0,0,0,0,0,0,0,1,1,-0.3818,9,1,regretted,3.328340822100183e-05,0.35279251707864995,0.06666666666666667
probably,0,0,0,1,0,0,0,0,0,0,0,0,0,0,0,1,1,0.6597,8,1,probably,3.328340822100183e-05,0.35279251707864995,0.06666666666666667
avoided,0,1,0,0,0,0,0,0,0,0,0,0,0,0,0,1,1,-0.7469,7,1,avoided,3.328340822100183e-05,0.35279251707864995,0.06666666666666667
imagined,0,1,1,0,0,0,0,0,0,0,0,0,0,0,0,1,1,-0.7469,8,1,imagined,3.328340822100183e-05,0.35279251707864995,0.13333333333333333
showing,1,1,0,0,0,0,0,0,0,0,0,0,0,0,0,1,1,0.8402,7,1,showing,3.328340822100183e-05,0.35279251707864995,0.13333333333333333
switching,1,1,0,0,0,0,0,0,0,0,0,0,0,0,0,1,1,0.8402,9,1,switching,3.328340822100183e-05,0.35279251707864995,0.13333333333333333
plumage,0,0,0,0,0,0,0,0,0,0,0,0,0,0,0,1,1,0.0,7,1,plumage,3.328340822100183e-05,0.35279251707864995,0.0
teach,1,1,0,0,0,0,0,0,0,0,0,0,0,0,0,1,1,0.0,5,1,teach,3.328340822100183e-05,0.35279251707864995,0.13333333333333333
dressage,1,0,0,0,0,0,0,0,0,0,0,0,0,0,0,1,1,0.4588,8,1,dressage,3.328340822100183e-05,0.35279251707864995,0.06666666666666667
tamed,0,1,1,0,0,0,0,0,0,0,0,0,0,0,0,1,1,0.0,5,1,tamed,3.328340822100183e-05,0.35279251707864995,0.13333333333333333
rises,1,1,0,0,0,0,0,0,0,0,0,0,0,0,0,1,1,0.4588,5,1,rises,3.328340822100183e-05,0.35279251707864995,0.13333333333333333
merlin,1,0,0,0,0,0,0,0,0,0,0,0,0,0,0,1,1,0.0,6,1,merlin,3.328340822100183e-05,0.35279251707864995,0.06666666666666667
tiercelet,1,0,0,0,0,0,0,0,0,0,0,0,0,0,0,1,1,0.0,9,1,tiercelet,3.328340822100183e-05,0.35279251707864995,0.06666666666666667
branchier,0,0,0,0,0,0,0,0,0,0,0,0,0,0,0,1,1,-0.0516,9,1,branchier,3.328340822100183e-05,0.35279251707864995,0.0
glemarec,0,0,0,0,0,0,0,0,0,0,0,0,0,0,0,1,1,0.0,8,1,glemarec,3.328340822100183e-05,0.35279251707864995,0.0
ren,1,0,0,0,0,0,0,0,0,0,0,0,0,0,0,1,1,0.0,3,1,ren,3.328340822100183e-05,0.35279251707864995,0.06666666666666667
jessed,0,0,0,0,0,0,0,0,0,0,0,0,0,0,0,1,1,0.0,6,1,jessed,3.328340822100183e-05,0.35279251707864995,0.0
win,1,1,0,0,0,0,0,0,0,0,0,0,0,0,0,1,1,0.5859,3,1,win,3.328340822100183e-05,0.35279251707864995,0.13333333333333333
nette,0,0,0,0,0,0,0,0,0,0,0,0,0,0,0,1,1,0.0,5,1,nette,3.328340822100183e-05,0.35279251707864995,0.0
nourishment,1,0,0,0,0,0,0,0,0,0,0,0,0,0,0,1,1,0.3612,11,1,nourishment,3.328340822100183e-05,0.35279251707864995,0.06666666666666667
moulted,0,0,0,0,0,0,0,0,0,0,0,0,0,0,0,1,1,0.0,7,1,moulted,3.328340822100183e-05,0.35279251707864995,0.0
captivity,1,0,0,0,0,0,0,0,0,0,0,0,0,0,0,1,1,0.0,9,1,captivity,3.328340822100183e-05,0.35279251707864995,0.06666666666666667
poisoned,0,0,0,0,0,0,0,0,0,0,0,0,0,0,0,1,1,-0.5423,8,1,poisoned,3.328340822100183e-05,0.35279251707864995,0.0
wiped,0,1,0,0,0,0,0,0,0,0,0,0,0,0,0,1,1,-0.5423,5,1,wiped,3.328340822100183e-05,0.35279251707864995,0.06666666666666667
rightful,0,0,1,0,0,0,0,0,0,0,0,0,0,0,0,1,1,-0.5423,8,1,rightful,3.328340822100183e-05,0.35279251707864995,0.06666666666666667
ambition,1,1,0,0,0,0,0,0,0,0,0,0,0,0,0,1,1,-0.5423,8,1,ambition,3.328340822100183e-05,0.35279251707864995,0.13333333333333333
mantelpiece,1,0,0,0,0,0,0,0,0,0,0,0,0,0,0,1,1,0.6369,11,1,mantelpiece,3.328340822100183e-05,0.35279251707864995,0.06666666666666667
glanced,0,1,0,0,0,0,0,0,0,0,0,0,0,0,0,1,1,0.0,7,1,glanced,3.328340822100183e-05,0.35279251707864995,0.06666666666666667
shelves,1,1,0,0,0,0,0,0,0,0,0,0,0,0,0,1,1,0.0,7,1,shelves,3.328340822100183e-05,0.35279251707864995,0.13333333333333333
leons,0,0,0,0,0,0,0,0,0,0,0,0,0,0,0,1,1,0.0,5,1,leons,3.328340822100183e-05,0.35279251707864995,0.0
rried,0,0,0,0,0,0,0,0,0,0,0,0,0,0,0,1,1,-0.7469,5,1,rried,3.328340822100183e-05,0.35279251707864995,0.0
weeds,1,1,0,0,0,0,0,0,0,0,0,0,0,0,0,1,1,-0.7469,5,1,weeds,3.328340822100183e-05,0.35279251707864995,0.13333333333333333
willed,0,1,1,0,0,0,0,0,0,0,0,0,0,0,0,1,1,-0.1255,6,1,willed,3.328340822100183e-05,0.35279251707864995,0.13333333333333333
squeal,1,1,0,0,0,0,0,0,0,0,0,0,0,0,0,1,1,0.0,6,1,squeal,3.328340822100183e-05,0.35279251707864995,0.13333333333333333
rupted,0,0,0,0,0,0,0,0,0,0,0,0,0,0,0,1,1,0.0,6,1,rupted,3.328340822100183e-05,0.35279251707864995,0.0
serpent,1,0,0,0,0,0,0,0,0,0,0,0,0,0,0,1,1,-0.4215,7,1,serpent,3.328340822100183e-05,0.35279251707864995,0.06666666666666667
familiar,1,0,1,0,0,0,0,0,0,0,0,0,0,0,0,1,1,-0.5423,8,1,familiar,3.328340822100183e-05,0.35279251707864995,0.13333333333333333
objects,1,1,0,0,0,0,0,0,0,0,0,0,0,0,0,1,1,-0.5423,7,1,objects,3.328340822100183e-05,0.35279251707864995,0.13333333333333333
stooping,0,1,1,0,0,0,0,0,0,0,0,0,0,0,0,1,1,0.0,8,1,stooping,3.328340822100183e-05,0.35279251707864995,0.13333333333333333
ignoble,0,0,1,0,0,0,0,0,0,0,0,0,0,0,0,1,1,0.0,7,1,ignoble,3.328340822100183e-05,0.35279251707864995,0.06666666666666667
wrought,0,0,1,0,0,0,0,0,0,0,0,0,0,0,0,1,1,0.0,7,1,wrought,3.328340822100183e-05,0.35279251707864995,0.06666666666666667
pray,0,1,0,0,0,0,0,0,0,0,0,0,0,0,0,1,1,0.4648,4,1,pray,3.328340822100183e-05,0.35279251707864995,0.06666666666666667
demoiselle,1,0,0,0,0,0,0,0,0,0,0,0,0,0,0,1,1,0.4648,10,1,demoiselle,3.328340822100183e-05,0.35279251707864995,0.06666666666666667
alack,0,0,0,0,0,0,0,0,0,0,0,0,0,0,0,1,1,0.984,5,1,alack,3.328340822100183e-05,0.35279251707864995,0.0
stufcfo,0,0,0,0,0,0,0,0,0,0,0,0,0,0,0,1,1,0.0,7,1,stufcfo,3.328340822100183e-05,0.35279251707864995,0.0
numbed,0,1,0,0,0,0,0,0,0,0,0,0,0,0,0,1,1,-0.7469,6,1,numbed,3.328340822100183e-05,0.35279251707864995,0.06666666666666667
despatch,1,0,0,0,0,0,0,0,0,0,0,0,0,0,0,1,1,-0.0516,8,1,despatch,3.328340822100183e-05,0.35279251707864995,0.06666666666666667
ordering,1,0,0,0,0,0,0,0,0,0,0,0,0,0,0,1,1,-0.0516,8,1,ordering,3.328340822100183e-05,0.35279251707864995,0.06666666666666667
frantic,0,0,1,0,0,0,0,0,0,0,0,0,0,0,0,1,1,0.6597,7,1,frantic,3.328340822100183e-05,0.35279251707864995,0.06666666666666667
blast,1,1,0,0,0,0,0,0,0,0,0,0,0,0,0,1,1,0.6597,5,1,blast,3.328340822100183e-05,0.35279251707864995,0.13333333333333333
partially,0,0,0,1,0,0,0,0,0,0,0,0,0,0,0,1,1,0.3818,9,1,partially,3.328340822100183e-05,0.35279251707864995,0.06666666666666667
imbedded,0,0,0,0,0,0,0,0,0,0,0,0,0,0,0,1,1,0.3818,8,1,imbedded,3.328340822100183e-05,0.35279251707864995,0.0
attached,0,1,1,0,0,0,0,0,0,0,0,0,0,0,0,1,1,0.0,8,1,attached,3.328340822100183e-05,0.35279251707864995,0.13333333333333333
flowed,0,1,0,0,0,0,0,0,0,0,0,0,0,0,0,1,1,0.0,6,1,flowed,3.328340822100183e-05,0.35279251707864995,0.06666666666666667
massive,1,0,1,0,0,0,0,0,0,0,0,0,0,0,0,1,1,0.4404,7,1,massive,3.328340822100183e-05,0.35279251707864995,0.13333333333333333
curi,0,0,0,0,0,0,0,0,0,0,0,0,0,0,0,1,1,-0.5719,4,1,curi,3.328340822100183e-05,0.35279251707864995,0.0
whirred,0,0,0,0,0,0,0,0,0,0,0,0,0,0,0,1,1,-0.34,7,1,whirred,3.328340822100183e-05,0.35279251707864995,0.0
clamored,0,0,0,0,0,0,0,0,0,0,0,0,0,0,0,1,1,-0.34,8,1,clamored,3.328340822100183e-05,0.35279251707864995,0.0
diamonds,1,0,0,0,0,0,0,0,0,0,0,0,0,0,0,1,1,-0.34,8,1,diamonds,3.328340822100183e-05,0.35279251707864995,0.06666666666666667
heed,0,1,0,0,0,0,0,0,0,0,0,0,0,0,0,1,1,-0.34,4,1,heed,3.328340822100183e-05,0.35279251707864995,0.06666666666666667
tonished,0,0,0,0,0,0,0,0,0,0,0,0,0,0,0,1,1,0.765,8,1,tonished,3.328340822100183e-05,0.35279251707864995,0.0
investment,1,0,0,0,0,0,0,0,0,0,0,0,0,0,0,1,1,0.4767,10,1,investment,3.328340822100183e-05,0.35279251707864995,0.06666666666666667
secrets,0,0,0,0,0,0,0,0,0,0,0,0,0,0,0,1,1,0.0,7,1,secrets,3.328340822100183e-05,0.35279251707864995,0.0
seek,1,1,0,0,0,0,0,0,0,0,0,0,0,0,0,1,1,0.0,4,1,seek,3.328340822100183e-05,0.35279251707864995,0.13333333333333333
chests,1,0,0,0,0,0,0,0,0,0,0,0,0,0,0,1,1,-0.4019,6,1,chests,3.328340822100183e-05,0.35279251707864995,0.06666666666666667
pbantom,0,0,0,0,0,0,0,0,0,0,0,0,0,0,0,1,1,0.0,7,1,pbantom,3.328340822100183e-05,0.35279251707864995,0.0
pleading,1,1,1,0,0,0,0,0,0,0,0,0,0,0,0,1,1,0.4215,8,1,pleading,3.328340822100183e-05,0.35279251707864995,0.2
haw,1,1,0,0,0,0,0,0,0,0,0,0,0,0,0,1,1,0.7906,3,1,haw,3.328340822100183e-05,0.35279251707864995,0.13333333333333333
casemates,1,0,0,0,0,0,0,0,0,0,0,0,0,0,0,1,1,0.7906,9,1,casemates,3.328340822100183e-05,0.35279251707864995,0.06666666666666667
castle,1,1,0,0,0,0,0,0,0,0,0,0,0,0,0,1,1,0.7906,6,1,castle,3.328340822100183e-05,0.35279251707864995,0.13333333333333333
jr,0,0,0,0,0,0,0,0,0,0,0,0,0,0,0,1,1,-0.1531,2,0,jr,3.328340822100183e-05,0.35279251707864995,0.0
bloc,1,0,0,0,0,0,0,0,0,0,0,0,0,0,0,1,1,0.3612,4,1,bloc,3.328340822100183e-05,0.35279251707864995,0.06666666666666667
food,1,0,0,0,0,0,0,0,0,0,0,0,0,0,0,1,1,0.3612,4,1,food,3.328340822100183e-05,0.35279251707864995,0.06666666666666667
circles,1,1,0,0,0,0,0,0,0,0,0,0,0,0,0,1,1,0.0,7,1,circles,3.328340822100183e-05,0.35279251707864995,0.13333333333333333
eats,0,1,0,0,0,0,0,0,0,0,0,0,0,0,0,1,1,-0.2263,4,1,eats,3.328340822100183e-05,0.35279251707864995,0.06666666666666667
lamentations,1,0,0,0,0,0,0,0,0,0,0,0,0,0,0,1,1,-0.4404,12,1,lamentations,3.328340822100183e-05,0.35279251707864995,0.06666666666666667
athirst,0,0,1,0,0,0,0,0,0,0,0,0,0,0,0,1,1,0.0,7,1,athirst,3.328340822100183e-05,0.35279251707864995,0.06666666666666667
besting,0,0,0,0,0,0,0,0,0,0,0,0,0,0,0,1,1,0.0,7,1,besting,3.328340822100183e-05,0.35279251707864995,0.0
ia,0,0,0,0,0,0,0,0,0,0,0,0,0,0,0,1,1,0.0,2,0,ia,3.328340822100183e-05,0.35279251707864995,0.0
needs,1,1,0,1,0,0,0,0,0,0,0,0,0,0,0,1,1,0.4404,5,1,needs,3.328340822100183e-05,0.35279251707864995,0.2
indifferently,0,0,0,1,0,0,0,0,0,0,0,0,0,0,0,1,1,0.4404,13,1,indifferently,3.328340822100183e-05,0.35279251707864995,0.06666666666666667
owl,1,0,0,0,0,0,0,0,0,0,0,0,0,0,0,1,1,0.6369,3,1,owl,3.328340822100183e-05,0.35279251707864995,0.06666666666666667
poring,0,0,0,0,0,0,0,0,0,0,0,0,0,0,0,1,1,0.6369,6,1,poring,3.328340822100183e-05,0.35279251707864995,0.0
braided,0,1,1,0,0,0,0,0,0,0,0,0,0,0,0,1,1,0.0,7,1,braided,3.328340822100183e-05,0.35279251707864995,0.13333333333333333
splashed,0,1,1,0,0,0,0,0,0,0,0,0,0,0,0,1,1,0.0,8,1,splashed,3.328340822100183e-05,0.35279251707864995,0.13333333333333333
jersey,1,0,0,0,0,0,0,0,0,0,0,0,0,0,0,1,1,0.0,6,1,jersey,3.328340822100183e-05,0.35279251707864995,0.06666666666666667
journey,1,0,0,0,0,0,0,0,0,0,0,0,0,0,0,1,1,0.0,7,1,journey,3.328340822100183e-05,0.35279251707864995,0.06666666666666667
kith,1,0,0,0,0,0,0,0,0,0,0,0,0,0,0,1,1,0.0,4,1,kith,3.328340822100183e-05,0.35279251707864995,0.06666666666666667
stabbed,0,1,1,0,0,0,0,0,0,0,0,0,0,0,0,1,1,-0.1531,7,1,stabbed,3.328340822100183e-05,0.35279251707864995,0.13333333333333333
jingling,1,1,1,0,0,0,0,0,0,0,0,0,0,0,0,1,1,-0.1531,8,1,jingling,3.328340822100183e-05,0.35279251707864995,0.2
tittered,0,0,0,0,0,0,0,0,0,0,0,0,0,0,0,1,1,0.7783,8,1,tittered,3.328340822100183e-05,0.35279251707864995,0.0
tainly,0,0,0,0,0,0,0,0,0,0,0,0,0,0,0,1,1,0.0,6,1,tainly,3.328340822100183e-05,0.35279251707864995,0.0
q,1,0,0,0,0,0,0,0,0,0,0,0,0,0,0,1,1,0.0,1,1,q,3.328340822100183e-05,0.35279251707864995,0.06666666666666667
inarched,0,0,0,0,0,0,0,0,0,0,0,0,0,0,0,1,1,0.7096,8,1,inarched,3.328340822100183e-05,0.35279251707864995,0.0
hostile,1,0,1,0,0,0,0,0,0,0,0,0,0,0,0,1,1,-0.2732,7,1,hostile,3.328340822100183e-05,0.35279251707864995,0.13333333333333333
yearning,1,1,1,0,0,0,0,0,0,0,0,0,0,0,0,1,1,-0.2732,8,1,yearning,3.328340822100183e-05,0.35279251707864995,0.2
gbe,0,0,0,0,0,0,0,0,0,0,0,0,0,0,0,1,1,0.0,3,1,gbe,3.328340822100183e-05,0.35279251707864995,0.0
thk,0,0,0,0,0,0,0,0,0,0,0,0,0,0,0,1,1,0.8979,3,1,thk,3.328340822100183e-05,0.35279251707864995,0.0
dishonor,1,1,0,0,0,0,0,0,0,0,0,0,0,0,0,1,1,0.8979,8,1,dishonor,3.328340822100183e-05,0.35279251707864995,0.13333333333333333
dishonored,0,0,1,0,0,0,0,0,0,0,0,0,0,0,0,1,1,0.8979,10,1,dishonored,3.328340822100183e-05,0.35279251707864995,0.06666666666666667
trod,0,1,0,0,0,0,0,0,0,0,0,0,0,0,0,1,1,0.0,4,1,trod,3.328340822100183e-05,0.35279251707864995,0.06666666666666667
cloak,1,1,0,0,0,0,0,0,0,0,0,0,0,0,0,1,1,0.2732,5,1,cloak,3.328340822100183e-05,0.35279251707864995,0.13333333333333333
chairs,1,1,0,0,0,0,0,0,0,0,0,0,0,0,0,1,1,0.0,6,1,chairs,3.328340822100183e-05,0.35279251707864995,0.13333333333333333
fours,0,0,0,0,0,0,0,0,0,0,0,0,0,0,0,1,1,0.5106,5,1,fours,3.328340822100183e-05,0.35279251707864995,0.0
tail,1,1,1,0,0,0,0,0,0,0,0,0,0,0,0,1,1,0.5106,4,1,tail,3.328340822100183e-05,0.35279251707864995,0.2
bend,1,1,0,0,0,0,0,0,0,0,0,0,0,0,0,1,1,0.4939,4,1,bend,3.328340822100183e-05,0.35279251707864995,0.13333333333333333
croise,1,0,0,0,0,0,0,0,0,0,0,0,0,0,0,1,1,0.0,6,1,croise,3.328340822100183e-05,0.35279251707864995,0.06666666666666667
et,0,0,0,0,0,0,1,0,0,0,0,0,0,0,0,1,1,0.0,2,1,et,3.328340822100183e-05,0.35279251707864995,0.06666666666666667
lei,1,0,0,0,0,0,0,0,0,0,0,0,0,0,0,1,1,0.0,3,1,lei,3.328340822100183e-05,0.35279251707864995,0.06666666666666667
interrogative,1,0,1,0,0,0,0,0,0,0,0,0,0,0,0,1,1,0.5719,13,1,interrogative,3.328340822100183e-05,0.35279251707864995,0.13333333333333333
halo,1,0,0,0,0,0,0,0,0,0,0,0,0,0,0,1,1,0.3612,4,1,halo,3.328340822100183e-05,0.35279251707864995,0.06666666666666667
agonized,0,1,1,0,0,0,0,0,0,0,0,0,0,0,0,1,1,-0.5423,8,1,agonized,3.328340822100183e-05,0.35279251707864995,0.13333333333333333
echoing,0,1,1,0,0,0,0,0,0,0,0,0,0,0,0,1,1,-0.5423,7,1,echoing,3.328340822100183e-05,0.35279251707864995,0.13333333333333333
surrounded,0,1,1,0,0,0,0,0,0,0,0,0,0,0,0,1,1,-0.5423,10,1,surrounded,3.328340822100183e-05,0.35279251707864995,0.13333333333333333
sweetheart,1,0,1,0,0,0,0,0,0,0,0,0,0,0,0,1,1,0.7906,10,1,sweetheart,3.328340822100183e-05,0.35279251707864995,0.13333333333333333
sacrifice,1,1,0,0,0,0,0,0,0,0,0,0,0,0,0,1,1,0.0,9,1,sacrifice,3.328340822100183e-05,0.35279251707864995,0.13333333333333333
frames,1,1,0,0,0,0,0,0,0,0,0,0,0,0,0,1,1,0.0,6,1,frames,3.328340822100183e-05,0.35279251707864995,0.13333333333333333
vasses,0,0,0,0,0,0,0,0,0,0,0,0,0,0,0,1,1,0.0,6,1,vasses,3.328340822100183e-05,0.35279251707864995,0.0
patches,1,1,0,0,0,0,0,0,0,0,0,0,0,0,0,1,1,0.0,7,1,patches,3.328340822100183e-05,0.35279251707864995,0.13333333333333333
wince,1,1,0,0,0,0,0,0,0,0,0,0,0,0,0,1,1,0.4939,5,1,wince,3.328340822100183e-05,0.35279251707864995,0.13333333333333333
mew,1,1,0,0,0,0,0,0,0,0,0,0,0,0,0,1,1,0.4939,3,1,mew,3.328340822100183e-05,0.35279251707864995,0.13333333333333333
verse,1,1,0,0,0,0,0,0,0,0,0,0,0,0,0,1,1,-0.3851,5,1,verse,3.328340822100183e-05,0.35279251707864995,0.13333333333333333
crumbled,0,1,1,0,0,0,0,0,0,0,0,0,0,0,0,1,1,0.0,8,1,crumbled,3.328340822100183e-05,0.35279251707864995,0.13333333333333333
saucer,1,0,0,0,0,0,0,0,0,0,0,0,0,0,0,1,1,0.0,6,1,saucer,3.328340822100183e-05,0.35279251707864995,0.06666666666666667
thrust,1,1,0,0,0,0,0,0,0,0,0,0,0,0,0,1,1,-0.3612,6,1,thrust,3.328340822100183e-05,0.35279251707864995,0.13333333333333333
mess,1,1,0,0,0,0,0,0,0,0,0,0,0,0,0,1,1,-0.3612,4,1,mess,3.328340822100183e-05,0.35279251707864995,0.13333333333333333
osceola,0,0,0,0,0,0,0,0,0,0,0,0,0,0,0,1,1,-0.25,7,1,osceola,3.328340822100183e-05,0.35279251707864995,0.0
athletics,1,0,0,0,0,0,0,0,0,0,0,0,0,0,0,1,1,0.6883,9,1,athletics,3.328340822100183e-05,0.35279251707864995,0.06666666666666667
yachting,1,1,0,0,0,0,0,0,0,0,0,0,0,0,0,1,1,0.6883,8,1,yachting,3.328340822100183e-05,0.35279251707864995,0.13333333333333333
scanning,1,1,0,0,0,0,0,0,0,0,0,0,0,0,0,1,1,0.0,8,1,scanning,3.328340822100183e-05,0.35279251707864995,0.13333333333333333
rangelys,0,0,0,0,0,0,0,0,0,0,0,0,0,0,0,1,1,0.0,8,1,rangelys,3.328340822100183e-05,0.35279251707864995,0.0
shade,1,1,0,0,0,0,0,0,0,0,0,0,0,0,0,1,1,0.6883,5,1,shade,3.328340822100183e-05,0.35279251707864995,0.13333333333333333
tinent,0,0,0,0,0,0,0,0,0,0,0,0,0,0,0,1,1,0.6249,6,1,tinent,3.328340822100183e-05,0.35279251707864995,0.0
studies,1,1,0,0,0,0,0,0,0,0,0,0,0,0,0,1,1,0.0,7,1,studies,3.328340822100183e-05,0.35279251707864995,0.13333333333333333
tongue,1,1,0,0,0,0,0,0,0,0,0,0,0,0,0,1,1,0.3612,6,1,tongue,3.328340822100183e-05,0.35279251707864995,0.13333333333333333
travelled,0,1,1,0,0,0,0,0,0,0,0,0,0,0,0,1,1,0.3612,9,1,travelled,3.328340822100183e-05,0.35279251707864995,0.13333333333333333
unlicked,0,0,0,0,0,0,0,0,0,0,0,0,0,0,0,1,1,0.3612,8,1,unlicked,3.328340822100183e-05,0.35279251707864995,0.0
ablutions,1,0,0,0,0,0,0,0,0,0,0,0,0,0,0,1,1,0.3612,9,1,ablutions,3.328340822100183e-05,0.35279251707864995,0.06666666666666667
grime,0,0,0,0,0,0,0,0,0,0,0,0,0,0,0,1,1,-0.3612,5,1,grime,3.328340822100183e-05,0.35279251707864995,0.0
garret,1,0,0,0,0,0,0,0,0,0,0,0,0,0,0,1,1,-0.6249,6,1,garret,3.328340822100183e-05,0.35279251707864995,0.06666666666666667
william,0,0,0,0,0,0,0,0,0,0,0,0,0,0,0,1,1,-0.25,7,1,william,3.328340822100183e-05,0.35279251707864995,0.0
ram,1,1,0,0,0,0,0,0,0,0,0,0,0,0,0,1,1,-0.25,3,1,ram,3.328340822100183e-05,0.35279251707864995,0.13333333333333333
welcome,1,1,1,0,0,0,0,0,0,0,0,0,0,0,0,1,1,0.7096,7,1,welcome,3.328340822100183e-05,0.35279251707864995,0.2
spine,1,0,0,0,0,0,0,0,0,0,0,0,0,0,0,1,1,0.0,5,1,spine,3.328340822100183e-05,0.35279251707864995,0.06666666666666667
becoming,1,1,1,0,0,0,0,0,0,0,0,0,0,0,0,1,1,0.0,8,1,becoming,3.328340822100183e-05,0.35279251707864995,0.2
apparent,0,0,1,0,0,0,0,0,0,0,0,0,0,0,0,1,1,0.0,8,1,apparent,3.328340822100183e-05,0.35279251707864995,0.06666666666666667
licking,1,1,0,0,0,0,0,0,0,0,0,0,0,0,0,1,1,0.0,7,1,licking,3.328340822100183e-05,0.35279251707864995,0.13333333333333333
purr,1,1,0,0,0,0,0,0,0,0,0,0,0,0,0,1,1,0.0,4,1,purr,3.328340822100183e-05,0.35279251707864995,0.13333333333333333
rub,1,1,0,0,0,0,0,0,0,0,0,0,0,0,0,1,1,0.0,3,1,rub,3.328340822100183e-05,0.35279251707864995,0.13333333333333333
quiring,0,0,0,0,0,0,0,0,0,0,0,0,0,0,0,1,1,0.0,7,1,quiring,3.328340822100183e-05,0.35279251707864995,0.0
belongs,0,1,0,0,0,0,0,0,0,0,0,0,0,0,0,1,1,0.0,7,1,belongs,3.328340822100183e-05,0.35279251707864995,0.06666666666666667
refuses,0,1,0,0,0,0,0,0,0,0,0,0,0,0,0,1,1,0.0,7,1,refuses,3.328340822100183e-05,0.35279251707864995,0.06666666666666667
doesn,0,0,0,0,0,0,0,0,0,0,0,0,0,0,0,1,1,0.0,5,1,doesn,3.328340822100183e-05,0.35279251707864995,0.0
imoney,0,0,0,0,0,0,0,0,0,0,0,0,0,0,0,1,1,0.0,6,1,imoney,3.328340822100183e-05,0.35279251707864995,0.0
richer,0,0,0,0,0,0,0,0,0,0,0,0,0,0,0,1,1,0.765,6,1,richer,3.328340822100183e-05,0.35279251707864995,0.0
intelligent,0,0,1,0,0,0,0,0,0,0,0,0,0,0,0,1,1,0.5095,11,1,intelligent,3.328340822100183e-05,0.35279251707864995,0.06666666666666667
ofthe,0,0,0,0,0,0,0,0,0,0,0,0,0,0,0,1,1,0.0,5,1,ofthe,3.328340822100183e-05,0.35279251707864995,0.0
proval,0,0,0,0,0,0,0,0,0,0,0,0,0,0,0,1,1,0.5994,6,1,proval,3.328340822100183e-05,0.35279251707864995,0.0
cately,0,0,0,0,0,0,0,0,0,0,0,0,0,0,0,1,1,0.0,6,1,cately,3.328340822100183e-05,0.35279251707864995,0.0
classe,0,0,0,0,0,0,0,0,0,0,0,0,0,0,0,1,1,0.5267,6,1,classe,3.328340822100183e-05,0.35279251707864995,0.0
steamers,1,1,0,0,0,0,0,0,0,0,0,0,0,0,0,1,1,0.5267,8,1,steamers,3.328340822100183e-05,0.35279251707864995,0.13333333333333333
coasters,1,0,0,0,0,0,0,0,0,0,0,0,0,0,0,1,1,0.5267,8,1,coasters,3.328340822100183e-05,0.35279251707864995,0.06666666666666667
dredgers,1,0,0,0,0,0,0,0,0,0,0,0,0,0,0,1,1,0.5267,8,1,dredgers,3.328340822100183e-05,0.35279251707864995,0.06666666666666667
scows,1,0,0,0,0,0,0,0,0,0,0,0,0,0,0,1,1,0.5267,5,1,scows,3.328340822100183e-05,0.35279251707864995,0.06666666666666667
impudent,0,0,1,0,0,0,0,0,0,0,0,0,0,0,0,1,1,0.5267,8,1,impudent,3.328340822100183e-05,0.35279251707864995,0.06666666666666667
ciously,0,0,0,0,0,0,0,0,0,0,0,0,0,0,0,1,1,0.5267,7,1,ciously,3.328340822100183e-05,0.35279251707864995,0.0
tomed,0,0,0,0,0,0,0,0,0,0,0,0,0,0,0,1,1,0.2382,5,1,tomed,3.328340822100183e-05,0.35279251707864995,0.0
rounded,0,1,1,0,0,0,0,0,0,0,0,0,0,0,0,1,1,0.0,7,1,rounded,3.328340822100183e-05,0.35279251707864995,0.13333333333333333
mint,1,1,1,0,0,0,0,0,0,0,0,0,0,0,0,1,1,0.0,4,1,mint,3.328340822100183e-05,0.35279251707864995,0.2
prescribed,0,0,1,0,0,0,0,0,0,0,0,0,0,0,0,1,1,0.0,10,1,prescribed,3.328340822100183e-05,0.35279251707864995,0.06666666666666667
law,1,0,0,0,0,0,0,0,0,0,0,0,0,0,0,1,1,0.0,3,1,law,3.328340822100183e-05,0.35279251707864995,0.06666666666666667
republic,1,0,0,0,0,0,0,0,0,0,0,0,0,0,0,1,1,0.0,8,1,republic,3.328340822100183e-05,0.35279251707864995,0.06666666666666667
woven,1,1,1,0,0,0,0,0,0,0,0,0,0,0,0,1,1,0.0,5,1,woven,3.328340822100183e-05,0.35279251707864995,0.2
deli,1,0,0,0,0,0,0,0,0,0,0,0,0,0,0,1,1,0.0,4,1,deli,3.328340822100183e-05,0.35279251707864995,0.06666666666666667
contentment,1,0,0,0,0,0,0,0,0,0,0,0,0,0,0,1,1,0.3612,11,1,contentment,3.328340822100183e-05,0.35279251707864995,0.06666666666666667
tress,1,0,0,0,0,0,0,0,0,0,0,0,0,0,0,1,1,0.0,5,1,tress,3.328340822100183e-05,0.35279251707864995,0.06666666666666667
sary,0,0,0,0,0,0,0,0,0,0,0,0,0,0,0,1,1,0.0,4,1,sary,3.328340822100183e-05,0.35279251707864995,0.0
slip,1,1,0,0,0,0,0,0,0,0,0,0,0,0,0,1,1,-0.3182,4,1,slip,3.328340822100183e-05,0.35279251707864995,0.13333333333333333
pristine,0,0,1,0,0,0,0,0,0,0,0,0,0,0,0,1,1,-0.3182,8,1,pristine,3.328340822100183e-05,0.35279251707864995,0.06666666666666667
intimate,1,1,1,0,0,0,0,0,0,0,0,0,0,0,0,1,1,0.2382,8,1,intimate,3.328340822100183e-05,0.35279251707864995,0.2
observe,0,1,0,0,0,0,0,0,0,0,0,0,0,0,0,1,1,0.2382,7,1,observe,3.328340822100183e-05,0.35279251707864995,0.06666666666666667
eyelet,1,0,0,0,0,0,0,0,0,0,0,0,0,0,0,1,1,0.2382,6,1,eyelet,3.328340822100183e-05,0.35279251707864995,0.06666666666666667
bid,1,1,0,0,0,0,0,0,0,0,0,0,0,0,0,1,1,-0.3182,3,1,bid,3.328340822100183e-05,0.35279251707864995,0.13333333333333333
pillows,1,1,0,0,0,0,0,0,0,0,0,0,0,0,0,1,1,-0.3182,7,1,pillows,3.328340822100183e-05,0.35279251707864995,0.13333333333333333
emb,0,0,0,0,0,0,0,0,0,0,0,0,0,0,0,1,1,0.0,3,1,emb,3.328340822100183e-05,0.35279251707864995,0.0
oidery,0,0,0,0,0,0,0,0,0,0,0,0,0,0,0,1,1,0.0,6,1,oidery,3.328340822100183e-05,0.35279251707864995,0.0
ashes,0,1,0,0,0,0,0,0,0,0,0,0,0,0,0,1,1,0.2023,5,1,ashes,3.328340822100183e-05,0.35279251707864995,0.06666666666666667
recess,1,1,0,0,0,0,0,0,0,0,0,0,0,0,0,1,1,0.2023,6,1,recess,3.328340822100183e-05,0.35279251707864995,0.13333333333333333
fine,1,0,1,1,0,0,0,0,0,0,0,0,0,0,0,1,1,0.2023,4,1,fine,3.328340822100183e-05,0.35279251707864995,0.2
lace,1,1,0,0,0,0,0,0,0,0,0,0,0,0,0,1,1,0.2023,4,1,lace,3.328340822100183e-05,0.35279251707864995,0.13333333333333333
drowsily,0,0,0,1,0,0,0,0,0,0,0,0,0,0,0,1,1,0.8122,8,1,drowsily,3.328340822100183e-05,0.35279251707864995,0.06666666666666667
burnished,0,0,1,0,0,0,0,0,0,0,0,0,0,0,0,1,1,0.8122,9,1,burnished,3.328340822100183e-05,0.35279251707864995,0.06666666666666667
shades,0,1,0,0,0,0,0,0,0,0,0,0,0,0,0,1,1,0.5859,6,1,shades,3.328340822100183e-05,0.35279251707864995,0.06666666666666667
palaces,1,0,0,0,0,0,0,0,0,0,0,0,0,0,0,1,1,0.6997,7,1,palaces,3.328340822100183e-05,0.35279251707864995,0.06666666666666667
berland,0,0,0,0,0,0,0,0,0,0,0,0,0,0,0,1,1,0.6997,7,1,berland,3.328340822100183e-05,0.35279251707864995,0.0
mountains,1,0,0,0,0,0,0,0,0,0,0,0,0,0,0,1,1,0.6997,9,1,mountains,3.328340822100183e-05,0.35279251707864995,0.06666666666666667
moons,1,1,0,0,0,0,0,0,0,0,0,0,0,0,0,1,1,0.6997,5,1,moons,3.328340822100183e-05,0.35279251707864995,0.13333333333333333
plumpness,1,0,0,0,0,0,0,0,0,0,0,0,0,0,0,1,1,-0.3182,9,1,plumpness,3.328340822100183e-05,0.35279251707864995,0.06666666666666667
wood,1,0,1,0,0,0,0,0,0,0,0,0,0,0,0,1,1,-0.34,4,1,wood,3.328340822100183e-05,0.35279251707864995,0.13333333333333333
cracks,1,1,0,0,0,0,0,0,0,0,0,0,0,0,0,1,1,-0.34,6,1,cracks,3.328340822100183e-05,0.35279251707864995,0.13333333333333333
sneezed,0,1,0,0,0,0,0,0,0,0,0,0,0,0,0,1,1,0.4215,7,1,sneezed,3.328340822100183e-05,0.35279251707864995,0.06666666666666667
drooped,0,1,0,0,0,0,0,0,0,0,0,0,0,0,0,1,1,0.0,7,1,drooped,3.328340822100183e-05,0.35279251707864995,0.06666666666666667
stretching,1,1,1,0,0,0,0,0,0,0,0,0,0,0,0,1,1,0.0,10,1,stretching,3.328340822100183e-05,0.35279251707864995,0.2
tided,0,1,0,0,0,0,0,0,0,0,0,0,0,0,0,1,1,0.0,5,1,tided,3.328340822100183e-05,0.35279251707864995,0.06666666666666667
yawned,0,1,0,0,0,0,0,0,0,0,0,0,0,0,0,1,1,0.0,6,1,yawned,3.328340822100183e-05,0.35279251707864995,0.06666666666666667
salad,1,0,0,0,0,0,0,0,0,0,0,0,0,0,0,1,1,0.0,5,1,salad,3.328340822100183e-05,0.35279251707864995,0.06666666666666667
joined,0,1,1,0,0,0,0,0,0,0,0,0,0,0,0,1,1,0.4215,6,1,joined,3.328340822100183e-05,0.35279251707864995,0.13333333333333333
laugh,1,1,0,0,0,0,0,0,0,0,0,0,0,0,0,1,1,0.4215,5,1,laugh,3.328340822100183e-05,0.35279251707864995,0.13333333333333333
vile,1,0,1,0,0,0,0,0,0,0,0,0,0,0,0,1,1,-0.6249,4,1,vile,3.328340822100183e-05,0.35279251707864995,0.13333333333333333
indiscreet,0,0,1,0,0,0,0,0,0,0,0,0,0,0,0,1,1,0.0,10,1,indiscreet,3.328340822100183e-05,0.35279251707864995,0.06666666666666667
harmonizing,0,1,0,0,0,0,0,0,0,0,0,0,0,0,0,1,1,-0.293,11,1,harmonizing,3.328340822100183e-05,0.35279251707864995,0.06666666666666667
indelicate,0,0,1,0,0,0,0,0,0,0,0,0,0,0,0,1,1,-0.293,10,1,indelicate,3.328340822100183e-05,0.35279251707864995,0.06666666666666667
musing,1,0,1,0,0,0,0,0,0,0,0,0,0,0,0,1,1,-0.293,6,1,musing,3.328340822100183e-05,0.35279251707864995,0.13333333333333333
prefer,0,1,0,0,0,0,0,0,0,0,0,0,0,0,0,1,1,0.0,6,1,prefer,3.328340822100183e-05,0.35279251707864995,0.06666666666666667
octopus,1,0,0,0,0,0,0,0,0,0,0,0,0,0,0,1,1,0.0,7,1,octopus,3.328340822100183e-05,0.35279251707864995,0.06666666666666667
princeton,1,0,0,0,0,0,0,0,0,0,0,0,0,0,0,1,1,0.0,9,1,princeton,3.328340822100183e-05,0.35279251707864995,0.06666666666666667
champlain,1,0,0,0,0,0,0,0,0,0,0,0,0,0,0,1,1,0.0,9,1,champlain,3.328340822100183e-05,0.35279251707864995,0.06666666666666667
contrast,1,1,0,0,0,0,0,0,0,0,0,0,0,0,0,1,1,0.5267,8,1,contrast,3.328340822100183e-05,0.35279251707864995,0.13333333333333333
sel,0,0,0,0,0,0,0,0,0,0,0,0,0,0,0,1,1,0.5267,3,1,sel,3.328340822100183e-05,0.35279251707864995,0.0
demonstrative,1,0,1,0,0,0,0,0,0,0,0,0,0,0,0,1,1,0.0,13,1,demonstrative,3.328340822100183e-05,0.35279251707864995,0.13333333333333333
marched,0,1,0,0,0,0,0,0,0,0,0,0,0,0,0,1,1,0.0,7,1,marched,3.328340822100183e-05,0.35279251707864995,0.06666666666666667
lapping,1,1,0,0,0,0,0,0,0,0,0,0,0,0,0,1,1,0.0,7,1,lapping,3.328340822100183e-05,0.35279251707864995,0.13333333333333333
erie,1,0,0,0,0,0,0,0,0,0,0,0,0,0,0,1,1,0.0,4,1,erie,3.328340822100183e-05,0.35279251707864995,0.06666666666666667
farra,0,0,0,0,0,0,0,0,0,0,0,0,0,0,0,1,1,-0.25,5,1,farra,3.328340822100183e-05,0.35279251707864995,0.0
gut,1,1,0,0,0,0,0,0,0,0,0,0,0,0,0,1,1,-0.25,3,1,gut,3.328340822100183e-05,0.35279251707864995,0.13333333333333333
los,0,0,0,0,0,0,0,0,0,0,0,0,0,0,0,1,1,-0.25,3,1,los,3.328340822100183e-05,0.35279251707864995,0.0
dakota,1,0,0,0,0,0,0,0,0,0,0,0,0,0,0,1,1,-0.25,6,1,dakota,3.328340822100183e-05,0.35279251707864995,0.06666666666666667
squatty,0,0,1,0,0,0,0,0,0,0,0,0,0,0,0,1,1,-0.25,7,1,squatty,3.328340822100183e-05,0.35279251707864995,0.06666666666666667
fort,1,1,0,0,0,0,0,0,0,0,0,0,0,0,0,1,1,0.5267,4,1,fort,3.328340822100183e-05,0.35279251707864995,0.13333333333333333
tarpon,1,0,0,0,0,0,0,0,0,0,0,0,0,0,0,1,1,0.0,6,1,tarpon,3.328340822100183e-05,0.35279251707864995,0.06666666666666667
tified,0,0,0,0,0,0,0,0,0,0,0,0,0,0,0,1,1,0.0,6,1,tified,3.328340822100183e-05,0.35279251707864995,0.0
needless,0,0,1,0,0,0,0,0,0,0,0,0,0,0,0,1,1,0.0,8,1,needless,3.328340822100183e-05,0.35279251707864995,0.06666666666666667
idle,1,1,1,0,0,0,0,0,0,0,0,0,0,0,0,1,1,0.0,4,1,idle,3.328340822100183e-05,0.35279251707864995,0.2
cabane,1,0,0,0,0,0,0,0,0,0,0,0,0,0,0,1,1,-0.6597,6,1,cabane,3.328340822100183e-05,0.35279251707864995,0.06666666666666667
races,1,1,0,0,0,0,0,0,0,0,0,0,0,0,0,1,1,0.0,5,1,races,3.328340822100183e-05,0.35279251707864995,0.13333333333333333
overlooking,0,1,1,0,0,0,0,0,0,0,0,0,0,0,0,1,1,0.0,11,1,overlooking,3.328340822100183e-05,0.35279251707864995,0.13333333333333333
wharves,1,0,0,0,0,0,0,0,0,0,0,0,0,0,0,1,1,0.0,7,1,wharves,3.328340822100183e-05,0.35279251707864995,0.06666666666666667
metropolis,1,0,0,0,0,0,0,0,0,0,0,0,0,0,0,1,1,0.0,10,1,metropolis,3.328340822100183e-05,0.35279251707864995,0.06666666666666667
heap,1,1,0,1,0,0,0,0,0,0,0,0,0,0,0,1,1,0.0,4,1,heap,3.328340822100183e-05,0.35279251707864995,0.2
seasons,1,1,0,0,0,0,0,0,0,0,0,0,0,0,0,1,1,0.0,7,1,seasons,3.328340822100183e-05,0.35279251707864995,0.13333333333333333
unkind,0,0,1,0,0,0,0,0,0,0,0,0,0,0,0,1,1,-0.3818,6,1,unkind,3.328340822100183e-05,0.35279251707864995,0.06666666666666667
filth,1,0,0,0,0,0,0,0,0,0,0,0,0,0,0,1,1,0.0,5,1,filth,3.328340822100183e-05,0.35279251707864995,0.06666666666666667
lit,1,1,1,0,0,0,0,0,0,0,0,0,0,0,0,1,1,0.0,3,1,lit,3.328340822100183e-05,0.35279251707864995,0.2
tle,0,0,0,0,0,0,0,0,0,0,0,0,0,0,0,1,1,0.0,3,1,tle,3.328340822100183e-05,0.35279251707864995,0.0
oppressive,0,0,1,0,0,0,0,0,0,0,0,0,0,0,0,1,1,-0.5719,10,1,oppressive,3.328340822100183e-05,0.35279251707864995,0.06666666666666667
hangings,0,0,0,0,0,0,0,0,0,0,0,0,0,0,0,1,1,0.0,8,1,hangings,3.328340822100183e-05,0.35279251707864995,0.0
watches,1,1,0,0,0,0,0,0,0,0,0,0,0,0,0,1,1,0.4939,7,1,watches,3.328340822100183e-05,0.35279251707864995,0.13333333333333333
knee,1,0,0,0,0,0,0,0,0,0,0,0,0,0,0,1,1,0.4939,4,1,knee,3.328340822100183e-05,0.35279251707864995,0.06666666666666667
tightening,1,0,0,0,0,0,0,0,0,0,0,0,0,0,0,1,1,0.4939,10,1,tightening,3.328340822100183e-05,0.35279251707864995,0.06666666666666667
padded,0,1,1,0,0,0,0,0,0,0,0,0,0,0,0,1,1,0.4939,6,1,padded,3.328340822100183e-05,0.35279251707864995,0.13333333333333333
bet,1,1,0,0,0,0,0,0,0,0,0,0,0,0,0,1,1,0.0,3,1,bet,3.328340822100183e-05,0.35279251707864995,0.13333333333333333
vain,0,0,1,0,0,0,0,0,0,0,0,0,0,0,0,1,1,-0.6369,4,1,vain,3.328340822100183e-05,0.35279251707864995,0.06666666666666667
tling,0,0,0,0,0,0,0,0,0,0,0,0,0,0,0,1,1,-0.6369,5,1,tling,3.328340822100183e-05,0.35279251707864995,0.0
sleet,1,1,0,0,0,0,0,0,0,0,0,0,0,0,0,1,1,-0.34,5,1,sleet,3.328340822100183e-05,0.35279251707864995,0.13333333333333333
roofs,1,1,0,0,0,0,0,0,0,0,0,0,0,0,0,1,1,-0.2732,5,1,roofs,3.328340822100183e-05,0.35279251707864995,0.13333333333333333
december,1,0,0,0,0,0,0,0,0,0,0,0,0,0,0,1,1,-0.2732,8,1,december,3.328340822100183e-05,0.35279251707864995,0.06666666666666667
choosing,0,1,0,0,0,0,0,0,0,0,0,0,0,0,0,1,1,0.0,8,1,choosing,3.328340822100183e-05,0.35279251707864995,0.06666666666666667
needle,1,1,0,0,0,0,0,0,0,0,0,0,0,0,0,1,1,0.0,6,1,needle,3.328340822100183e-05,0.35279251707864995,0.13333333333333333
ringers,1,0,0,0,0,0,0,0,0,0,0,0,0,0,0,1,1,0.0,7,1,ringers,3.328340822100183e-05,0.35279251707864995,0.06666666666666667
garment,1,0,0,0,0,0,0,0,0,0,0,0,0,0,0,1,1,0.0,7,1,garment,3.328340822100183e-05,0.35279251707864995,0.06666666666666667
jyg,0,0,0,0,0,0,0,0,0,0,0,0,0,0,0,1,1,0.0,3,1,jyg,3.328340822100183e-05,0.35279251707864995,0.0
flame,1,1,0,0,0,0,0,0,0,0,0,0,0,0,0,1,1,0.0,5,1,flame,3.328340822100183e-05,0.35279251707864995,0.13333333333333333
smaller,0,0,1,0,0,0,0,0,0,0,0,0,0,0,0,1,1,0.0,7,1,smaller,3.328340822100183e-05,0.35279251707864995,0.06666666666666667
stray,1,1,1,0,0,0,0,0,0,0,0,0,0,0,0,1,1,0.0,5,1,stray,3.328340822100183e-05,0.35279251707864995,0.2
waning,1,1,1,0,0,0,0,0,0,0,0,0,0,0,0,1,1,0.0,6,1,waning,3.328340822100183e-05,0.35279251707864995,0.2
chimneys,1,0,0,0,0,0,0,0,0,0,0,0,0,0,0,1,1,0.0,8,1,chimneys,3.328340822100183e-05,0.35279251707864995,0.06666666666666667
yond,0,0,0,0,0,0,0,0,0,0,0,0,0,0,0,1,1,0.3612,4,1,yond,3.328340822100183e-05,0.35279251707864995,0.0
receding,1,1,1,0,0,0,0,0,0,0,0,0,0,0,0,1,1,0.3612,8,1,receding,3.328340822100183e-05,0.35279251707864995,0.2
growling,1,0,0,0,0,0,0,0,0,0,0,0,0,0,0,1,1,0.3612,8,1,growling,3.328340822100183e-05,0.35279251707864995,0.06666666666666667
menacing,0,1,1,0,0,0,0,0,0,0,0,0,0,0,0,1,1,0.3612,8,1,menacing,3.328340822100183e-05,0.35279251707864995,0.13333333333333333
meat,1,0,0,0,0,0,0,0,0,0,0,0,0,0,0,1,1,0.0,4,1,meat,3.328340822100183e-05,0.35279251707864995,0.06666666666666667
sink,1,1,0,0,0,0,0,0,0,0,0,0,0,0,0,1,1,0.0,4,1,sink,3.328340822100183e-05,0.35279251707864995,0.13333333333333333
emphasis,1,0,0,0,0,0,0,0,0,0,0,0,0,0,0,1,1,0.0,8,1,emphasis,3.328340822100183e-05,0.35279251707864995,0.06666666666666667
wing,1,0,0,0,0,0,0,0,0,0,0,0,0,0,0,1,1,0.0,4,1,wing,3.328340822100183e-05,0.35279251707864995,0.06666666666666667
tells,1,1,0,0,0,0,0,0,0,0,0,0,0,0,0,1,1,0.0,5,1,tells,3.328340822100183e-05,0.35279251707864995,0.13333333333333333
piercing,0,1,1,0,0,0,0,0,0,0,0,0,0,0,0,1,1,-0.3612,8,1,piercing,3.328340822100183e-05,0.35279251707864995,0.13333333333333333
flint,1,0,0,0,0,0,0,0,0,0,0,0,0,0,0,1,1,-0.3612,5,1,flint,3.328340822100183e-05,0.35279251707864995,0.06666666666666667
domes,1,0,0,0,0,0,0,0,0,0,0,0,0,0,0,1,1,0.3182,5,1,domes,3.328340822100183e-05,0.35279251707864995,0.06666666666666667
shield,1,1,0,0,0,0,0,0,0,0,0,0,0,0,0,1,1,0.5267,6,1,shield,3.328340822100183e-05,0.35279251707864995,0.13333333333333333
mysterious,0,0,1,0,0,0,0,0,0,0,0,0,0,0,0,1,1,-0.4404,10,1,mysterious,3.328340822100183e-05,0.35279251707864995,0.06666666666666667
pigeon,1,0,0,0,0,0,0,0,0,0,0,0,0,0,0,1,1,-0.4404,6,1,pigeon,3.328340822100183e-05,0.35279251707864995,0.06666666666666667
shop,1,1,0,0,0,0,0,0,0,0,0,0,0,0,0,1,1,0.3182,4,1,shop,3.328340822100183e-05,0.35279251707864995,0.13333333333333333
impetuous,0,0,1,0,0,0,0,0,0,0,0,0,0,0,0,1,1,0.3182,9,1,impetuous,3.328340822100183e-05,0.35279251707864995,0.06666666666666667
cocktail,1,0,0,0,0,0,0,0,0,0,0,0,0,0,0,1,1,0.0276,8,1,cocktail,3.328340822100183e-05,0.35279251707864995,0.06666666666666667
ious,1,0,0,0,0,0,0,0,0,0,0,0,0,0,0,1,1,0.0276,4,1,ious,3.328340822100183e-05,0.35279251707864995,0.06666666666666667
stead,1,0,0,0,0,0,0,0,0,0,0,0,0,0,0,1,1,0.0276,5,1,stead,3.328340822100183e-05,0.35279251707864995,0.06666666666666667
impos,0,0,0,0,0,0,0,0,0,0,0,0,0,0,0,1,1,0.5267,5,1,impos,3.328340822100183e-05,0.35279251707864995,0.0
sible,0,0,0,0,0,0,0,0,0,0,0,0,0,0,0,1,1,0.5267,5,1,sible,3.328340822100183e-05,0.35279251707864995,0.0
ivory,1,0,0,0,0,0,0,0,0,0,0,0,0,0,0,1,1,0.5267,5,1,ivory,3.328340822100183e-05,0.35279251707864995,0.06666666666666667
mate,1,0,0,0,0,0,0,0,0,0,0,0,0,0,0,1,1,0.5267,4,1,mate,3.328340822100183e-05,0.35279251707864995,0.06666666666666667
cafes,1,0,0,0,0,0,0,0,0,0,0,0,0,0,0,1,1,0.4588,5,1,cafes,3.328340822100183e-05,0.35279251707864995,0.06666666666666667
res,1,0,0,0,0,0,0,0,0,0,0,0,0,0,0,1,1,0.4588,3,1,res,3.328340822100183e-05,0.35279251707864995,0.06666666666666667
taurants,0,0,0,0,0,0,0,0,0,0,0,0,0,0,0,1,1,0.4588,8,1,taurants,3.328340822100183e-05,0.35279251707864995,0.0
sheridan,1,0,0,0,0,0,0,0,0,0,0,0,0,0,0,1,1,0.4588,8,1,sheridan,3.328340822100183e-05,0.35279251707864995,0.06666666666666667
stark,0,0,1,1,0,0,0,0,0,0,0,0,0,0,0,1,1,-0.4019,5,1,stark,3.328340822100183e-05,0.35279251707864995,0.13333333333333333
recovered,0,0,1,0,0,0,0,0,0,0,0,0,0,0,0,1,1,-0.6757,9,1,recovered,3.328340822100183e-05,0.35279251707864995,0.06666666666666667
slapped,0,1,1,0,0,0,0,0,0,0,0,0,0,0,0,1,1,-0.6757,7,1,slapped,3.328340822100183e-05,0.35279251707864995,0.13333333333333333
cured,0,1,1,0,0,0,0,0,0,0,0,0,0,0,0,1,1,-0.6757,5,1,cured,3.328340822100183e-05,0.35279251707864995,0.13333333333333333
staten,0,0,0,0,0,0,0,0,0,0,0,0,0,0,0,1,1,0.5267,6,1,staten,3.328340822100183e-05,0.35279251707864995,0.0
dyed,0,1,1,0,0,0,0,0,0,0,0,0,0,0,0,1,1,0.5267,4,1,dyed,3.328340822100183e-05,0.35279251707864995,0.13333333333333333
brigs,1,0,0,0,0,0,0,0,0,0,0,0,0,0,0,1,1,0.5267,5,1,brigs,3.328340822100183e-05,0.35279251707864995,0.06666666666666667
transports,0,1,0,0,0,0,0,0,0,0,0,0,0,0,0,1,1,0.5267,10,1,transports,3.328340822100183e-05,0.35279251707864995,0.06666666666666667
warmer,1,0,0,0,0,0,0,0,0,0,0,0,0,0,0,1,1,-0.34,6,1,warmer,3.328340822100183e-05,0.35279251707864995,0.06666666666666667
whining,0,1,1,0,0,0,0,0,0,0,0,0,0,0,0,1,1,-0.34,7,1,whining,3.328340822100183e-05,0.35279251707864995,0.13333333333333333
ably,0,0,0,1,0,0,0,0,0,0,0,0,0,0,0,1,1,-0.34,4,1,ably,3.328340822100183e-05,0.35279251707864995,0.06666666666666667
unconcern,1,0,0,0,0,0,0,0,0,0,0,0,0,0,0,1,1,-0.34,9,1,unconcern,3.328340822100183e-05,0.35279251707864995,0.06666666666666667
wouldn,0,0,0,0,0,0,0,0,0,0,0,0,0,0,0,1,1,-0.34,6,1,wouldn,3.328340822100183e-05,0.35279251707864995,0.0
curls,1,1,0,0,0,0,0,0,0,0,0,0,0,0,0,1,1,-0.5106,5,1,curls,3.328340822100183e-05,0.35279251707864995,0.13333333333333333
inscription,1,0,0,0,0,0,0,0,0,0,0,0,0,0,0,1,1,-0.34,11,1,inscription,3.328340822100183e-05,0.35279251707864995,0.06666666666666667
ornamented,0,1,1,0,0,0,0,0,0,0,0,0,0,0,0,1,1,-0.34,10,1,ornamented,3.328340822100183e-05,0.35279251707864995,0.13333333333333333
dairy,1,0,0,0,0,0,0,0,0,0,0,0,0,0,0,1,1,0.4939,5,1,dairy,3.328340822100183e-05,0.35279251707864995,0.06666666666666667
maids,1,0,0,0,0,0,0,0,0,0,0,0,0,0,0,1,1,0.4939,5,1,maids,3.328340822100183e-05,0.35279251707864995,0.06666666666666667
central,1,0,1,0,0,0,0,0,0,0,0,0,0,0,0,1,1,0.0,7,1,central,3.328340822100183e-05,0.35279251707864995,0.13333333333333333
driveway,1,0,0,0,0,0,0,0,0,0,0,0,0,0,0,1,1,0.0,8,1,driveway,3.328340822100183e-05,0.35279251707864995,0.06666666666666667
frock,1,1,0,0,0,0,0,0,0,0,0,0,0,0,0,1,1,0.0,5,1,frock,3.328340822100183e-05,0.35279251707864995,0.13333333333333333
suffer,0,1,0,0,0,0,0,0,0,0,0,0,0,0,0,1,1,-0.5423,6,1,suffer,3.328340822100183e-05,0.35279251707864995,0.06666666666666667
alcohol,1,0,0,0,0,0,0,0,0,0,0,0,0,0,0,1,1,0.0,7,1,alcohol,3.328340822100183e-05,0.35279251707864995,0.06666666666666667
exploits,1,1,0,0,0,0,0,0,0,0,0,0,0,0,0,1,1,-0.6378,8,1,exploits,3.328340822100183e-05,0.35279251707864995,0.13333333333333333
occupants,1,0,0,0,0,0,0,0,0,0,0,0,0,0,0,1,1,0.34,9,1,occupants,3.328340822100183e-05,0.35279251707864995,0.06666666666666667
troopers,1,0,0,0,0,0,0,0,0,0,0,0,0,0,0,1,1,0.34,8,1,troopers,3.328340822100183e-05,0.35279251707864995,0.06666666666666667
languidly,0,0,0,1,0,0,0,0,0,0,0,0,0,0,0,1,1,0.34,9,1,languidly,3.328340822100183e-05,0.35279251707864995,0.06666666666666667
lolling,0,0,1,0,0,0,0,0,0,0,0,0,0,0,0,1,1,0.34,7,1,lolling,3.328340822100183e-05,0.35279251707864995,0.06666666666666667
benches,1,1,0,0,0,0,0,0,0,0,0,0,0,0,0,1,1,0.34,7,1,benches,3.328340822100183e-05,0.35279251707864995,0.13333333333333333
haeow,0,0,0,0,0,0,0,0,0,0,0,0,0,0,0,1,1,0.4939,5,1,haeow,3.328340822100183e-05,0.35279251707864995,0.0
meal,1,0,0,0,0,0,0,0,0,0,0,0,0,0,0,1,1,0.0,4,1,meal,3.328340822100183e-05,0.35279251707864995,0.06666666666666667
tapping,1,1,0,0,0,0,0,0,0,0,0,0,0,0,0,1,1,0.0,7,1,tapping,3.328340822100183e-05,0.35279251707864995,0.13333333333333333
phew,0,0,0,0,0,0,0,0,0,0,0,0,0,0,0,1,1,0.0,4,1,phew,3.328340822100183e-05,0.35279251707864995,0.0
miser,1,0,0,0,0,0,0,0,0,0,0,0,0,0,0,1,1,-0.4215,5,1,miser,3.328340822100183e-05,0.35279251707864995,0.06666666666666667
papa,1,0,0,0,0,0,0,0,0,0,0,0,0,0,0,1,1,0.3612,4,1,papa,3.328340822100183e-05,0.35279251707864995,0.06666666666666667
cottard,0,0,0,0,0,0,0,0,0,0,0,0,0,0,0,1,1,0.3612,7,1,cottard,3.328340822100183e-05,0.35279251707864995,0.0
curtains,1,1,0,0,0,0,0,0,0,0,0,0,0,0,0,1,1,-0.3818,8,1,curtains,3.328340822100183e-05,0.35279251707864995,0.13333333333333333
taken,0,1,1,0,0,0,0,0,0,0,0,0,0,0,0,1,1,0.0,5,1,taken,3.328340822100183e-05,0.35279251707864995,0.13333333333333333
worry,1,1,0,0,0,0,0,0,0,0,0,0,0,0,0,1,1,0.1567,5,1,worry,3.328340822100183e-05,0.35279251707864995,0.13333333333333333
bled,1,1,0,0,0,0,0,0,0,0,0,0,0,0,0,1,1,0.1027,4,1,bled,3.328340822100183e-05,0.35279251707864995,0.13333333333333333
jgl,0,0,0,0,0,0,0,0,0,0,0,0,0,0,0,1,1,-0.34,3,1,jgl,3.328340822100183e-05,0.35279251707864995,0.0
aces,1,1,0,0,0,0,0,0,0,0,0,0,0,0,0,1,1,0.0,4,1,aces,3.328340822100183e-05,0.35279251707864995,0.13333333333333333
powdering,1,0,0,0,0,0,0,0,0,0,0,0,0,0,0,1,1,-0.4767,9,1,powdering,3.328340822100183e-05,0.35279251707864995,0.06666666666666667
tiny,1,0,1,0,0,0,0,0,0,0,0,0,0,0,0,1,1,-0.4767,4,1,tiny,3.328340822100183e-05,0.35279251707864995,0.13333333333333333
crystalline,1,0,1,0,0,0,0,0,0,0,0,0,0,0,0,1,1,-0.4767,11,1,crystalline,3.328340822100183e-05,0.35279251707864995,0.13333333333333333
cheer,1,1,0,0,0,0,0,0,0,0,0,0,0,0,0,1,1,0.7351,5,1,cheer,3.328340822100183e-05,0.35279251707864995,0.13333333333333333
gen,1,0,0,0,0,0,0,0,0,0,0,0,0,0,0,1,1,0.0,3,1,gen,3.328340822100183e-05,0.35279251707864995,0.06666666666666667
eral,0,0,0,0,0,0,0,0,0,0,0,0,0,0,0,1,1,0.0,4,1,eral,3.328340822100183e-05,0.35279251707864995,0.0
basins,1,0,0,0,0,0,0,0,0,0,0,0,0,0,0,1,1,0.2023,6,1,basins,3.328340822100183e-05,0.35279251707864995,0.06666666666666667
glistened,0,0,0,0,0,0,0,0,0,0,0,0,0,0,0,1,1,0.5647,9,1,glistened,3.328340822100183e-05,0.35279251707864995,0.0
bination,0,0,0,0,0,0,0,0,0,0,0,0,0,0,0,1,1,0.1531,8,1,bination,3.328340822100183e-05,0.35279251707864995,0.0
knobs,1,0,0,0,0,0,0,0,0,0,0,0,0,0,0,1,1,0.1531,5,1,knobs,3.328340822100183e-05,0.35279251707864995,0.06666666666666667
stuyvesant,1,0,0,0,0,0,0,0,0,0,0,0,0,0,0,1,1,0.34,10,1,stuyvesant,3.328340822100183e-05,0.35279251707864995,0.06666666666666667
monstrosity,1,0,0,0,0,0,0,0,0,0,0,0,0,0,0,1,1,0.34,11,1,monstrosity,3.328340822100183e-05,0.35279251707864995,0.06666666666666667
garibaldi,1,0,0,0,0,0,0,0,0,0,0,0,0,0,0,1,1,0.34,9,1,garibaldi,3.328340822100183e-05,0.35279251707864995,0.06666666666666667
freshly,0,0,0,1,0,0,0,0,0,0,0,0,0,0,0,1,1,0.0,7,1,freshly,3.328340822100183e-05,0.35279251707864995,0.06666666666666667
beds,1,1,0,0,0,0,0,0,0,0,0,0,0,0,0,1,1,0.0,4,1,beds,3.328340822100183e-05,0.35279251707864995,0.13333333333333333
flock,1,1,0,0,0,0,0,0,0,0,0,0,0,0,0,1,1,0.0,5,1,flock,3.328340822100183e-05,0.35279251707864995,0.13333333333333333
memorial,1,0,1,0,0,0,0,0,0,0,0,0,0,0,0,1,1,0.0,8,1,memorial,3.328340822100183e-05,0.35279251707864995,0.13333333333333333
commotion,1,0,0,0,0,0,0,0,0,0,0,0,0,0,0,1,1,0.2023,9,1,commotion,3.328340822100183e-05,0.35279251707864995,0.06666666666666667
loiterers,1,0,0,0,0,0,0,0,0,0,0,0,0,0,0,1,1,0.2023,9,1,loiterers,3.328340822100183e-05,0.35279251707864995,0.06666666666666667
strides,1,1,0,0,0,0,0,0,0,0,0,0,0,0,0,1,1,-0.3818,7,1,strides,3.328340822100183e-05,0.35279251707864995,0.13333333333333333
sparkle,1,1,0,0,0,0,0,0,0,0,0,0,0,0,0,1,1,0.2023,7,1,sparkle,3.328340822100183e-05,0.35279251707864995,0.13333333333333333
nook,1,0,0,0,0,0,0,0,0,0,0,0,0,0,0,1,1,0.2023,4,1,nook,3.328340822100183e-05,0.35279251707864995,0.06666666666666667
nestling,1,1,0,0,0,0,0,0,0,0,0,0,0,0,0,1,1,-0.2263,8,1,nestling,3.328340822100183e-05,0.35279251707864995,0.13333333333333333
ashamed,0,0,1,0,0,0,0,0,0,0,0,0,0,0,0,1,1,-0.6378,7,1,ashamed,3.328340822100183e-05,0.35279251707864995,0.06666666666666667
quit,1,1,1,0,0,0,0,0,0,0,0,0,0,0,0,1,1,0.7227,4,1,quit,3.328340822100183e-05,0.35279251707864995,0.2
anybody,0,0,0,0,0,0,0,0,0,0,0,0,0,0,1,1,1,0.0,7,1,anybody,3.328340822100183e-05,0.35279251707864995,0.06666666666666667
pretended,0,1,1,0,0,0,0,0,0,0,0,0,0,0,0,1,1,0.0,9,1,pretended,3.328340822100183e-05,0.35279251707864995,0.13333333333333333
snivel,1,1,0,0,0,0,0,0,0,0,0,0,0,0,0,1,1,0.0,6,1,snivel,3.328340822100183e-05,0.35279251707864995,0.13333333333333333
thrusting,1,1,0,0,0,0,0,0,0,0,0,0,0,0,0,1,1,0.0,9,1,thrusting,3.328340822100183e-05,0.35279251707864995,0.13333333333333333
drain,1,1,0,0,0,0,0,0,0,0,0,0,0,0,0,1,1,0.0,5,1,drain,3.328340822100183e-05,0.35279251707864995,0.13333333333333333
introduction,1,0,0,0,0,0,0,0,0,0,0,0,0,0,0,1,1,-0.6378,12,1,introduction,3.328340822100183e-05,0.35279251707864995,0.06666666666666667
german,1,0,1,0,0,0,0,0,0,0,0,0,0,0,0,1,1,-0.6378,6,1,german,3.328340822100183e-05,0.35279251707864995,0.13333333333333333
variety,1,0,0,0,0,0,0,0,0,0,0,0,0,0,0,1,1,-0.6378,7,1,variety,3.328340822100183e-05,0.35279251707864995,0.06666666666666667
condescends,0,1,0,0,0,0,0,0,0,0,0,0,0,0,0,1,1,0.0,11,1,condescends,3.328340822100183e-05,0.35279251707864995,0.06666666666666667
writhed,0,1,1,0,0,0,0,0,0,0,0,0,0,0,0,1,1,0.0,7,1,writhed,3.328340822100183e-05,0.35279251707864995,0.13333333333333333
hurrying,0,0,1,0,0,0,0,0,0,0,0,0,0,0,0,1,1,0.0,8,1,hurrying,3.328340822100183e-05,0.35279251707864995,0.06666666666666667
quavered,0,0,0,0,0,0,0,0,0,0,0,0,0,0,0,1,1,0.0,8,1,quavered,3.328340822100183e-05,0.35279251707864995,0.0
fffe,0,0,0,0,0,0,0,0,0,0,0,0,0,0,0,1,1,0.0,4,1,fffe,3.328340822100183e-05,0.35279251707864995,0.0
crease,1,0,0,0,0,0,0,0,0,0,0,0,0,0,0,1,1,0.951,6,1,crease,3.328340822100183e-05,0.35279251707864995,0.06666666666666667
emperor,1,0,0,0,0,0,0,0,0,0,0,0,0,0,0,1,1,0.951,7,1,emperor,3.328340822100183e-05,0.35279251707864995,0.06666666666666667
buds,1,1,0,0,0,0,0,0,0,0,0,0,0,0,0,1,1,0.4404,4,1,buds,3.328340822100183e-05,0.35279251707864995,0.13333333333333333
holds,1,1,0,0,0,0,0,0,0,0,0,0,0,0,0,1,1,0.951,5,1,holds,3.328340822100183e-05,0.35279251707864995,0.13333333333333333
lift,1,1,0,0,0,0,0,0,0,0,0,0,0,0,0,1,1,0.951,4,1,lift,3.328340822100183e-05,0.35279251707864995,0.13333333333333333
swing,1,1,0,0,0,0,0,0,0,0,0,0,0,0,0,1,1,0.1531,5,1,swing,3.328340822100183e-05,0.35279251707864995,0.13333333333333333
limit,1,1,0,0,0,0,0,0,0,0,0,0,0,0,0,1,1,0.0,5,1,limit,3.328340822100183e-05,0.35279251707864995,0.13333333333333333
sive,0,0,0,0,0,0,0,0,0,0,0,0,0,0,0,1,1,0.951,4,1,sive,3.328340822100183e-05,0.35279251707864995,0.0
liked,0,1,1,0,0,0,0,0,0,0,0,0,0,0,0,1,1,0.7184,5,1,liked,3.328340822100183e-05,0.35279251707864995,0.13333333333333333
slicing,1,1,0,0,0,0,0,0,0,0,0,0,0,0,0,1,1,0.128,7,1,slicing,3.328340822100183e-05,0.35279251707864995,0.13333333333333333
sous,1,0,0,0,0,0,0,0,0,0,0,0,0,0,0,1,1,0.3182,4,1,sous,3.328340822100183e-05,0.35279251707864995,0.06666666666666667
blockaded,0,1,1,0,0,0,0,0,0,0,0,0,0,0,0,1,1,0.0,9,1,blockaded,3.328340822100183e-05,0.35279251707864995,0.13333333333333333
riff,1,1,0,0,0,0,0,0,0,0,0,0,0,0,0,1,1,0.0,4,1,riff,3.328340822100183e-05,0.35279251707864995,0.13333333333333333
raff,0,0,0,0,0,0,0,0,0,0,0,0,0,0,0,1,1,0.0,4,1,raff,3.328340822100183e-05,0.35279251707864995,0.0
clattered,0,0,0,0,0,0,0,0,0,0,0,0,0,0,0,1,1,0.0,9,1,clattered,3.328340822100183e-05,0.35279251707864995,0.0
ilde,0,0,0,0,0,0,0,0,0,0,0,0,0,0,0,1,1,0.0,4,1,ilde,3.328340822100183e-05,0.35279251707864995,0.0
rats,1,1,0,0,0,0,0,0,0,0,0,0,0,0,0,1,1,0.7227,4,1,rats,3.328340822100183e-05,0.35279251707864995,0.13333333333333333
sneered,0,1,0,0,0,0,0,0,0,0,0,0,0,0,0,1,1,-0.296,7,1,sneered,3.328340822100183e-05,0.35279251707864995,0.06666666666666667
loafing,0,0,0,0,0,0,0,0,0,0,0,0,0,0,0,1,1,-0.296,7,1,loafing,3.328340822100183e-05,0.35279251707864995,0.0
retreated,1,1,0,0,0,0,0,0,0,0,0,0,0,0,0,1,1,0.5023,9,1,retreated,3.328340822100183e-05,0.35279251707864995,0.13333333333333333
sixteen,1,0,1,0,0,0,0,0,0,0,0,0,0,0,0,1,1,0.0,7,1,sixteen,3.328340822100183e-05,0.35279251707864995,0.13333333333333333
lightly,0,0,0,1,0,0,0,0,0,0,0,0,0,0,0,1,1,0.4939,7,1,lightly,3.328340822100183e-05,0.35279251707864995,0.06666666666666667
rights,1,1,1,0,0,0,0,0,0,0,0,0,0,0,0,1,1,0.0,6,1,rights,3.328340822100183e-05,0.35279251707864995,0.2
serpente,0,0,0,0,0,0,0,0,0,0,0,0,0,0,0,1,1,0.7184,8,1,serpente,3.328340822100183e-05,0.35279251707864995,0.0
clinked,0,1,0,0,0,0,0,0,0,0,0,0,0,0,0,1,1,0.0,7,1,clinked,3.328340822100183e-05,0.35279251707864995,0.06666666666666667
showers,1,1,0,0,0,0,0,0,0,0,0,0,0,0,0,1,1,0.0,7,1,showers,3.328340822100183e-05,0.35279251707864995,0.13333333333333333
alighting,0,1,0,0,0,0,0,0,0,0,0,0,0,0,0,1,1,0.0,9,1,alighting,3.328340822100183e-05,0.35279251707864995,0.06666666666666667
tiled,0,1,1,0,0,0,0,0,0,0,0,0,0,0,0,1,1,0.0,5,1,tiled,3.328340822100183e-05,0.35279251707864995,0.13333333333333333
downward,0,0,1,1,0,0,0,0,0,0,0,0,0,0,0,1,1,0.0,8,1,downward,3.328340822100183e-05,0.35279251707864995,0.13333333333333333
yelled,0,1,1,0,0,0,0,0,0,0,0,0,0,0,0,1,1,0.0,6,1,yelled,3.328340822100183e-05,0.35279251707864995,0.13333333333333333
jgij,0,0,0,0,0,0,0,0,0,0,0,0,0,0,0,1,1,0.0,4,1,jgij,3.328340822100183e-05,0.35279251707864995,0.0
ket,1,0,0,0,0,0,0,0,0,0,0,0,0,0,0,1,1,0.0,3,1,ket,3.328340822100183e-05,0.35279251707864995,0.06666666666666667
curbstone,1,0,0,0,0,0,0,0,0,0,0,0,0,0,0,1,1,0.5023,9,1,curbstone,3.328340822100183e-05,0.35279251707864995,0.06666666666666667
selves,1,0,0,0,0,0,0,0,0,0,0,0,0,0,0,1,1,-0.2755,6,1,selves,3.328340822100183e-05,0.35279251707864995,0.06666666666666667
service,1,1,0,0,0,0,0,0,0,0,0,0,0,0,0,1,1,-0.2755,7,1,service,3.328340822100183e-05,0.35279251707864995,0.13333333333333333
feed,1,1,0,0,0,0,0,0,0,0,0,0,0,0,0,1,1,-0.2755,4,1,feed,3.328340822100183e-05,0.35279251707864995,0.13333333333333333
stung,0,1,1,0,0,0,0,0,0,0,0,0,0,0,0,1,1,-0.4767,5,1,stung,3.328340822100183e-05,0.35279251707864995,0.13333333333333333
thieves,1,0,0,0,0,0,0,0,0,0,0,0,0,0,0,1,1,-0.4767,7,1,thieves,3.328340822100183e-05,0.35279251707864995,0.06666666666666667
shyly,0,0,0,1,0,0,0,0,0,0,0,0,0,0,0,1,1,-0.1779,5,1,shyly,3.328340822100183e-05,0.35279251707864995,0.06666666666666667
ar,1,0,0,0,0,0,0,0,0,0,0,0,0,0,0,1,1,0.7215,2,1,ar,3.328340822100183e-05,0.35279251707864995,0.06666666666666667
eagerness,1,0,0,0,0,0,0,0,0,0,0,0,0,0,0,1,1,0.0772,9,1,eagerness,3.328340822100183e-05,0.35279251707864995,0.06666666666666667
advance,1,1,1,0,0,0,0,0,0,0,0,0,0,0,0,1,1,0.0772,7,1,advance,3.328340822100183e-05,0.35279251707864995,0.2
intricate,0,0,1,0,0,0,0,0,0,0,0,0,0,0,0,1,1,0.882,9,1,intricate,3.328340822100183e-05,0.35279251707864995,0.06666666666666667
haunt,1,1,0,0,0,0,0,0,0,0,0,0,0,0,0,1,1,-0.4767,5,1,haunt,3.328340822100183e-05,0.35279251707864995,0.13333333333333333
hart,1,0,0,0,0,0,0,0,0,0,0,0,0,0,0,1,1,0.2263,4,1,hart,3.328340822100183e-05,0.35279251707864995,0.06666666666666667
intend,0,1,0,0,0,0,0,0,0,0,0,0,0,0,0,1,1,0.0,6,1,intend,3.328340822100183e-05,0.35279251707864995,0.06666666666666667
unpleasant,0,0,1,0,0,0,0,0,0,0,0,0,0,0,0,1,1,-0.4767,10,1,unpleasant,3.328340822100183e-05,0.35279251707864995,0.06666666666666667
peal,1,1,0,0,0,0,0,0,0,0,0,0,0,0,0,1,1,0.4939,4,1,peal,3.328340822100183e-05,0.35279251707864995,0.13333333333333333
abstinence,1,0,0,0,0,0,0,0,0,0,0,0,0,0,0,1,1,0.882,10,1,abstinence,3.328340822100183e-05,0.35279251707864995,0.06666666666666667
fleshly,0,0,1,0,0,0,0,0,0,0,0,0,0,0,0,1,1,0.882,7,1,fleshly,3.328340822100183e-05,0.35279251707864995,0.06666666666666667
pleasures,1,0,0,0,0,0,0,0,0,0,0,0,0,0,0,1,1,0.882,9,1,pleasures,3.328340822100183e-05,0.35279251707864995,0.06666666666666667
famine,1,0,0,0,0,0,0,0,0,0,0,0,0,0,0,1,1,0.0,6,1,famine,3.328340822100183e-05,0.35279251707864995,0.06666666666666667
stout,1,0,1,0,0,0,0,0,0,0,0,0,0,0,0,1,1,0.5994,5,1,stout,3.328340822100183e-05,0.35279251707864995,0.13333333333333333
laughter,1,0,0,0,0,0,0,0,0,0,0,0,0,0,0,1,1,0.4939,8,1,laughter,3.328340822100183e-05,0.35279251707864995,0.06666666666666667
harshly,0,0,0,1,0,0,0,0,0,0,0,0,0,0,0,1,1,0.4939,7,1,harshly,3.328340822100183e-05,0.35279251707864995,0.06666666666666667
accident,1,0,0,0,0,0,0,0,0,0,0,0,0,0,0,1,1,0.1901,8,1,accident,3.328340822100183e-05,0.35279251707864995,0.06666666666666667
usurer,1,0,0,0,0,0,0,0,0,0,0,0,0,0,0,1,1,0.5423,6,1,usurer,3.328340822100183e-05,0.35279251707864995,0.06666666666666667
insolent,0,0,1,0,0,0,0,0,0,0,0,0,0,0,0,1,1,0.0,8,1,insolent,3.328340822100183e-05,0.35279251707864995,0.06666666666666667
deliver,0,1,0,0,0,0,0,0,0,0,0,0,0,0,0,1,1,0.2732,7,1,deliver,3.328340822100183e-05,0.35279251707864995,0.06666666666666667
addressing,0,1,0,0,0,0,0,0,0,0,0,0,0,0,0,1,1,0.2732,10,1,addressing,3.328340822100183e-05,0.35279251707864995,0.06666666666666667
buttons,1,1,0,0,0,0,0,0,0,0,0,0,0,0,0,1,1,0.2732,7,1,buttons,3.328340822100183e-05,0.35279251707864995,0.13333333333333333
honors,0,1,0,0,0,0,0,0,0,0,0,0,0,0,0,1,1,0.2732,6,1,honors,3.328340822100183e-05,0.35279251707864995,0.06666666666666667
jgf,0,0,0,0,0,0,0,0,0,0,0,0,0,0,0,1,1,0.2732,3,1,jgf,3.328340822100183e-05,0.35279251707864995,0.0
blew,0,1,0,0,0,0,0,0,0,0,0,0,0,0,0,1,1,0.882,4,1,blew,3.328340822100183e-05,0.35279251707864995,0.06666666666666667
herald,1,0,0,0,0,0,0,0,0,0,0,0,0,0,0,1,1,0.4215,6,1,herald,3.328340822100183e-05,0.35279251707864995,0.06666666666666667
meteor,1,0,0,0,0,0,0,0,0,0,0,0,0,0,0,1,1,0.4215,6,1,meteor,3.328340822100183e-05,0.35279251707864995,0.06666666666666667
combination,1,0,0,0,0,0,0,0,0,0,0,0,0,0,0,1,1,0.4215,11,1,combination,3.328340822100183e-05,0.35279251707864995,0.06666666666666667
splinters,1,1,0,0,0,0,0,0,0,0,0,0,0,0,0,1,1,-0.7684,9,1,splinters,3.328340822100183e-05,0.35279251707864995,0.13333333333333333
bleecker,0,0,0,0,0,0,0,0,0,0,0,0,0,0,0,1,1,-0.7684,8,1,bleecker,3.328340822100183e-05,0.35279251707864995,0.0
wooster,0,0,0,0,0,0,0,0,0,0,0,0,0,0,0,1,1,-0.7684,7,1,wooster,3.328340822100183e-05,0.35279251707864995,0.0
aimed,0,1,0,0,0,0,0,0,0,0,0,0,0,0,0,1,1,-0.7684,5,1,aimed,3.328340822100183e-05,0.35279251707864995,0.06666666666666667
smirking,0,1,0,0,0,0,0,0,0,0,0,0,0,0,0,1,1,0.0516,8,1,smirking,3.328340822100183e-05,0.35279251707864995,0.06666666666666667
jaunty,0,0,1,0,0,0,0,0,0,0,0,0,0,0,0,1,1,0.296,6,1,jaunty,3.328340822100183e-05,0.35279251707864995,0.06666666666666667
busbys,0,0,0,0,0,0,0,0,0,0,0,0,0,0,0,1,1,0.296,6,1,busbys,3.328340822100183e-05,0.35279251707864995,0.0
double,1,1,1,1,0,0,0,0,0,0,0,0,0,0,0,1,1,0.296,6,1,double,3.328340822100183e-05,0.35279251707864995,0.26666666666666666
stripe,1,1,0,0,0,0,0,0,0,0,0,0,0,0,0,1,1,0.296,6,1,stripe,3.328340822100183e-05,0.35279251707864995,0.13333333333333333
molded,0,1,1,0,0,0,0,0,0,0,0,0,0,0,0,1,1,0.296,6,1,molded,3.328340822100183e-05,0.35279251707864995,0.13333333333333333
skirted,0,1,0,0,0,0,0,0,0,0,0,0,0,0,0,1,1,-0.7684,7,1,skirted,3.328340822100183e-05,0.35279251707864995,0.06666666666666667
dick,1,0,0,0,0,0,0,0,0,0,0,0,0,0,0,1,1,-0.7684,4,1,dick,3.328340822100183e-05,0.35279251707864995,0.06666666666666667
comfortably,0,0,0,1,0,0,0,0,0,0,0,0,0,0,0,1,1,0.4215,11,1,comfortably,3.328340822100183e-05,0.35279251707864995,0.06666666666666667
groan,1,1,0,0,0,0,0,0,0,0,0,0,0,0,0,1,1,0.0,5,1,groan,3.328340822100183e-05,0.35279251707864995,0.13333333333333333
ikiie,0,0,0,0,0,0,0,0,0,0,0,0,0,0,0,1,1,-0.4767,5,1,ikiie,3.328340822100183e-05,0.35279251707864995,0.0
firewood,1,0,0,0,0,0,0,0,0,0,0,0,0,0,0,1,1,-0.4767,8,1,firewood,3.328340822100183e-05,0.35279251707864995,0.06666666666666667
needed,0,1,1,0,0,0,0,0,0,0,0,0,0,0,0,1,1,-0.4767,6,1,needed,3.328340822100183e-05,0.35279251707864995,0.13333333333333333
whew,0,0,0,0,0,0,0,0,0,0,0,0,0,0,0,1,1,-0.4767,4,1,whew,3.328340822100183e-05,0.35279251707864995,0.0
smashed,0,1,1,0,0,0,0,0,0,0,0,0,0,0,0,1,1,0.0516,7,1,smashed,3.328340822100183e-05,0.35279251707864995,0.13333333333333333
fitting,1,1,1,0,0,0,0,0,0,0,0,0,0,0,0,1,1,0.296,7,1,fitting,3.328340822100183e-05,0.35279251707864995,0.2
jackets,1,1,0,0,0,0,0,0,0,0,0,0,0,0,0,1,1,0.296,7,1,jackets,3.328340822100183e-05,0.35279251707864995,0.13333333333333333
bardment,0,0,0,0,0,0,0,0,0,0,0,0,0,0,0,1,1,0.7215,8,1,bardment,3.328340822100183e-05,0.35279251707864995,0.0
trails,1,1,0,0,0,0,0,0,0,0,0,0,0,0,0,1,1,0.7215,6,1,trails,3.328340822100183e-05,0.35279251707864995,0.13333333333333333
nymph,1,0,0,0,0,0,0,0,0,0,0,0,0,0,0,1,1,0.0516,5,1,nymph,3.328340822100183e-05,0.35279251707864995,0.06666666666666667
freeze,1,1,0,0,0,0,0,0,0,0,0,0,0,0,0,1,1,0.0516,6,1,freeze,3.328340822100183e-05,0.35279251707864995,0.13333333333333333
match,1,1,0,0,0,0,0,0,0,0,0,0,0,0,0,1,1,0.4019,5,1,match,3.328340822100183e-05,0.35279251707864995,0.13333333333333333
gayly,0,0,0,0,0,0,0,0,0,0,0,0,0,0,0,1,1,0.8271,5,1,gayly,3.328340822100183e-05,0.35279251707864995,0.0
nineteen,1,0,1,0,0,0,0,0,0,0,0,0,0,0,0,1,1,0.0,8,1,nineteen,3.328340822100183e-05,0.35279251707864995,0.13333333333333333
guernalecs,0,0,0,0,0,0,0,0,0,0,0,0,0,0,0,1,1,0.0,10,1,guernalecs,3.328340822100183e-05,0.35279251707864995,0.0
unison,1,0,0,0,0,0,0,0,0,0,0,0,0,0,0,1,1,0.2023,6,1,unison,3.328340822100183e-05,0.35279251707864995,0.06666666666666667
regimental,0,0,1,0,0,0,0,0,0,0,0,0,0,0,0,1,1,0.2023,10,1,regimental,3.328340822100183e-05,0.35279251707864995,0.06666666666666667
timbre,1,0,0,0,0,0,0,0,0,0,0,0,0,0,0,1,1,0.3182,6,1,timbre,3.328340822100183e-05,0.35279251707864995,0.06666666666666667
stroked,0,1,0,0,0,0,0,0,0,0,0,0,0,0,0,1,1,0.3182,7,1,stroked,3.328340822100183e-05,0.35279251707864995,0.06666666666666667
vincent,1,0,0,0,0,0,0,0,0,0,0,0,0,0,0,1,1,0.0,7,1,vincent,3.328340822100183e-05,0.35279251707864995,0.06666666666666667
lot,1,1,0,1,0,0,0,0,0,0,0,0,0,0,0,1,1,0.296,3,1,lot,3.328340822100183e-05,0.35279251707864995,0.2
tight,0,0,1,1,0,0,0,0,0,0,0,0,0,0,0,1,1,0.296,5,1,tight,3.328340822100183e-05,0.35279251707864995,0.13333333333333333
pales,1,1,0,0,0,0,0,0,0,0,0,0,0,0,0,1,1,0.0,5,1,pales,3.328340822100183e-05,0.35279251707864995,0.13333333333333333
tireur,0,0,0,0,0,0,0,0,0,0,0,0,0,0,0,1,1,0.4215,6,1,tireur,3.328340822100183e-05,0.35279251707864995,0.0
rocket,1,1,0,0,0,0,0,0,0,0,0,0,0,0,0,1,1,-0.4019,6,1,rocket,3.328340822100183e-05,0.35279251707864995,0.13333333333333333
hundred,1,0,1,0,0,0,0,0,0,0,0,0,0,0,0,1,1,0.0,7,1,hundred,3.328340822100183e-05,0.35279251707864995,0.13333333333333333
berries,1,1,0,0,0,0,0,0,0,0,0,0,0,0,0,1,1,0.0,7,1,berries,3.328340822100183e-05,0.35279251707864995,0.13333333333333333
campaign,1,1,0,0,0,0,0,0,0,0,0,0,0,0,0,1,1,0.0,8,1,campaign,3.328340822100183e-05,0.35279251707864995,0.13333333333333333
farms,1,1,0,0,0,0,0,0,0,0,0,0,0,0,0,1,1,0.0,5,1,farms,3.328340822100183e-05,0.35279251707864995,0.13333333333333333
carbines,1,0,0,0,0,0,0,0,0,0,0,0,0,0,0,1,1,0.0,8,1,carbines,3.328340822100183e-05,0.35279251707864995,0.06666666666666667
bobbed,0,1,0,0,0,0,0,0,0,0,0,0,0,0,0,1,1,0.2023,6,1,bobbed,3.328340822100183e-05,0.35279251707864995,0.06666666666666667
tering,0,0,0,0,0,0,0,0,0,0,0,0,0,0,0,1,1,-0.4767,6,1,tering,3.328340822100183e-05,0.35279251707864995,0.0
bastion,1,0,0,0,0,0,0,0,0,0,0,0,0,0,0,1,1,-0.4215,7,1,bastion,3.328340822100183e-05,0.35279251707864995,0.06666666666666667
starve,0,1,0,0,0,0,0,0,0,0,0,0,0,0,0,1,1,-0.4404,6,1,starve,3.328340822100183e-05,0.35279251707864995,0.06666666666666667
signalled,0,0,0,0,0,0,0,0,0,0,0,0,0,0,0,1,1,0.0,9,1,signalled,3.328340822100183e-05,0.35279251707864995,0.0
vale,1,0,0,0,0,0,0,0,0,0,0,0,0,0,0,1,1,0.0,4,1,vale,3.328340822100183e-05,0.35279251707864995,0.06666666666666667
rien,0,0,0,0,0,0,0,0,0,0,0,0,0,0,0,1,1,0.0,4,1,rien,3.328340822100183e-05,0.35279251707864995,0.0
devils,1,1,0,0,0,0,0,0,0,0,0,0,0,0,0,1,1,-0.5719,6,1,devils,3.328340822100183e-05,0.35279251707864995,0.13333333333333333
elled,0,0,0,0,0,0,0,0,0,0,0,0,0,0,0,1,1,0.4215,5,1,elled,3.328340822100183e-05,0.35279251707864995,0.0
roast,1,1,1,0,0,0,0,0,0,0,0,0,0,0,0,1,1,0.5994,5,1,roast,3.328340822100183e-05,0.35279251707864995,0.2
luxuries,1,0,0,0,0,0,0,0,0,0,0,0,0,0,0,1,1,0.0,8,1,luxuries,3.328340822100183e-05,0.35279251707864995,0.06666666666666667
enjoying,0,1,0,0,0,0,0,0,0,0,0,0,0,0,0,1,1,0.0516,8,1,enjoying,3.328340822100183e-05,0.35279251707864995,0.06666666666666667
explain,0,1,0,0,0,0,0,0,0,0,0,0,0,0,0,1,1,0.0516,7,1,explain,3.328340822100183e-05,0.35279251707864995,0.06666666666666667
mor,1,0,0,0,0,0,0,0,0,0,0,0,0,0,0,1,1,-0.2023,3,1,mor,3.328340822100183e-05,0.35279251707864995,0.06666666666666667
headquarters,1,1,0,0,0,0,0,0,0,0,0,0,0,0,0,1,1,-0.2023,12,1,headquarters,3.328340822100183e-05,0.35279251707864995,0.13333333333333333
volunteers,1,1,0,0,0,0,0,0,0,0,0,0,0,0,0,1,1,0.0,10,1,volunteers,3.328340822100183e-05,0.35279251707864995,0.13333333333333333
grow,0,1,0,0,0,0,0,0,0,0,0,0,0,0,0,1,1,0.2732,4,1,grow,3.328340822100183e-05,0.35279251707864995,0.06666666666666667
thoughtfully,0,0,0,1,0,0,0,0,0,0,0,0,0,0,0,1,1,-0.3089,12,1,thoughtfully,3.328340822100183e-05,0.35279251707864995,0.06666666666666667
wages,1,0,0,0,0,0,0,0,0,0,0,0,0,0,0,1,1,-0.3089,5,1,wages,3.328340822100183e-05,0.35279251707864995,0.06666666666666667
apply,0,1,0,0,0,0,0,0,0,0,0,0,0,0,0,1,1,0.0,5,1,apply,3.328340822100183e-05,0.35279251707864995,0.06666666666666667
vados,0,0,0,0,0,0,0,0,0,0,0,0,0,0,0,1,1,0.6705,5,1,vados,3.328340822100183e-05,0.35279251707864995,0.0
igth,0,0,0,0,0,0,0,0,0,0,0,0,0,0,0,1,1,0.6705,4,1,igth,3.328340822100183e-05,0.35279251707864995,0.0
eager,1,0,1,0,0,0,0,0,0,0,0,0,0,0,0,1,1,0.6705,5,1,eager,3.328340822100183e-05,0.35279251707864995,0.13333333333333333
rapt,1,0,1,0,0,0,0,0,0,0,0,0,0,0,0,1,1,0.6705,4,1,rapt,3.328340822100183e-05,0.35279251707864995,0.13333333333333333
peat,1,0,0,0,0,0,0,0,0,0,0,0,0,0,0,1,1,0.6705,4,1,peat,3.328340822100183e-05,0.35279251707864995,0.06666666666666667
goggle,1,1,0,0,0,0,0,0,0,0,0,0,0,0,0,1,1,0.6369,6,1,goggle,3.328340822100183e-05,0.35279251707864995,0.13333333333333333
tify,0,0,0,0,0,0,0,0,0,0,0,0,0,0,0,1,1,0.6369,4,1,tify,3.328340822100183e-05,0.35279251707864995,0.0
conclusive,0,0,1,0,0,0,0,0,0,0,0,0,0,0,0,1,1,0.0,10,1,conclusive,3.328340822100183e-05,0.35279251707864995,0.06666666666666667
proofs,0,1,0,0,0,0,0,0,0,0,0,0,0,0,0,1,1,0.0516,6,1,proofs,3.328340822100183e-05,0.35279251707864995,0.06666666666666667
swindling,0,0,0,0,0,0,0,0,0,0,0,0,0,0,0,1,1,0.0516,9,1,swindling,3.328340822100183e-05,0.35279251707864995,0.0
committee,1,0,0,0,0,0,0,0,0,0,0,0,0,0,0,1,1,0.0516,9,1,committee,3.328340822100183e-05,0.35279251707864995,0.06666666666666667
cheat,1,1,0,0,0,0,0,0,0,0,0,0,0,0,0,1,1,-0.5994,5,1,cheat,3.328340822100183e-05,0.35279251707864995,0.13333333333333333
substitutes,1,1,0,0,0,0,0,0,0,0,0,0,0,0,0,1,1,0.0,11,1,substitutes,3.328340822100183e-05,0.35279251707864995,0.13333333333333333
syl,0,0,0,0,0,0,0,0,0,0,0,0,0,0,0,1,1,0.6369,3,1,syl,3.328340822100183e-05,0.35279251707864995,0.0
via,1,0,0,0,0,0,0,0,0,0,0,0,0,0,0,1,1,0.6369,3,1,via,3.328340822100183e-05,0.35279251707864995,0.06666666666666667
sti,0,0,0,0,0,0,0,0,0,0,0,0,0,0,0,1,1,-0.4939,3,1,sti,3.328340822100183e-05,0.35279251707864995,0.0
pitiful,0,0,1,0,0,0,0,0,0,0,0,0,0,0,0,1,1,-0.4939,7,1,pitiful,3.328340822100183e-05,0.35279251707864995,0.06666666666666667
guns,1,1,1,0,0,0,0,0,0,0,0,0,0,0,0,1,1,-0.4939,4,1,guns,3.328340822100183e-05,0.35279251707864995,0.2
citizen,1,0,0,0,0,0,0,0,0,0,0,0,0,0,0,1,1,0.0,7,1,citizen,3.328340822100183e-05,0.35279251707864995,0.06666666666666667
citizenship,1,0,0,0,0,0,0,0,0,0,0,0,0,0,0,1,1,0.6369,11,1,citizenship,3.328340822100183e-05,0.35279251707864995,0.06666666666666667
privilege,1,1,0,0,0,0,0,0,0,0,0,0,0,0,0,1,1,0.6369,9,1,privilege,3.328340822100183e-05,0.35279251707864995,0.13333333333333333
rubbing,1,1,0,0,0,0,0,0,0,0,0,0,0,0,0,1,1,0.6369,7,1,rubbing,3.328340822100183e-05,0.35279251707864995,0.13333333333333333
formerly,0,0,0,1,0,0,0,0,0,0,0,0,0,0,0,1,1,0.6369,8,1,formerly,3.328340822100183e-05,0.35279251707864995,0.06666666666666667
inhabited,0,0,1,0,0,0,0,0,0,0,0,0,0,0,0,1,1,0.0,9,1,inhabited,3.328340822100183e-05,0.35279251707864995,0.06666666666666667
eastern,0,0,1,0,0,0,0,0,0,0,0,0,0,0,0,1,1,-0.4215,7,1,eastern,3.328340822100183e-05,0.35279251707864995,0.06666666666666667
flared,0,1,1,0,0,0,0,0,0,0,0,0,0,0,0,1,1,0.7215,6,1,flared,3.328340822100183e-05,0.35279251707864995,0.13333333333333333
bonfire,1,0,0,0,0,0,0,0,0,0,0,0,0,0,0,1,1,0.7215,7,1,bonfire,3.328340822100183e-05,0.35279251707864995,0.06666666666666667
sortie,1,0,0,0,0,0,0,0,0,0,0,0,0,0,0,1,1,0.0,6,1,sortie,3.328340822100183e-05,0.35279251707864995,0.06666666666666667
neuf,0,0,0,0,0,0,0,0,0,0,0,0,0,0,0,1,1,0.0,4,1,neuf,3.328340822100183e-05,0.35279251707864995,0.0
colorless,0,0,1,0,0,0,0,0,0,0,0,0,0,0,0,1,1,0.4939,9,1,colorless,3.328340822100183e-05,0.35279251707864995,0.06666666666666667
squat,1,1,1,0,0,0,0,0,0,0,0,0,0,0,0,1,1,0.0,5,1,squat,3.328340822100183e-05,0.35279251707864995,0.2
ting,1,1,0,0,0,0,0,0,0,0,0,0,0,0,0,1,1,0.0,4,1,ting,3.328340822100183e-05,0.35279251707864995,0.13333333333333333
snarling,1,1,0,0,0,0,0,0,0,0,0,0,0,0,0,1,1,0.3182,8,1,snarling,3.328340822100183e-05,0.35279251707864995,0.13333333333333333
silenced,0,1,1,0,0,0,0,0,0,0,0,0,0,0,0,1,1,0.0,8,1,silenced,3.328340822100183e-05,0.35279251707864995,0.13333333333333333
bargain,1,1,1,0,0,0,0,0,0,0,0,0,0,0,0,1,1,0.2023,7,1,bargain,3.328340822100183e-05,0.35279251707864995,0.2
sparks,1,1,0,0,0,0,0,0,0,0,0,0,0,0,0,1,1,0.0,6,1,sparks,3.328340822100183e-05,0.35279251707864995,0.13333333333333333
invite,1,1,0,0,0,0,0,0,0,0,0,0,0,0,0,1,1,-0.1531,6,1,invite,3.328340822100183e-05,0.35279251707864995,0.13333333333333333
heel,1,1,0,0,0,0,0,0,0,0,0,0,0,0,0,1,1,0.0,4,1,heel,3.328340822100183e-05,0.35279251707864995,0.13333333333333333
revolver,1,0,0,0,0,0,0,0,0,0,0,0,0,0,0,1,1,-0.2382,8,1,revolver,3.328340822100183e-05,0.35279251707864995,0.06666666666666667
slinking,0,1,0,0,0,0,0,0,0,0,0,0,0,0,0,1,1,-0.2382,8,1,slinking,3.328340822100183e-05,0.35279251707864995,0.06666666666666667
surveyed,0,1,0,0,0,0,0,0,0,0,0,0,0,0,0,1,1,0.6486,8,1,surveyed,3.328340822100183e-05,0.35279251707864995,0.06666666666666667
trick,1,0,0,0,0,0,0,0,0,0,0,0,0,0,0,1,1,0.6486,5,1,trick,3.328340822100183e-05,0.35279251707864995,0.06666666666666667
sailant,0,0,0,0,0,0,0,0,0,0,0,0,0,0,0,1,1,0.0,7,1,sailant,3.328340822100183e-05,0.35279251707864995,0.0
enthusiasm,1,0,0,0,0,0,0,0,0,0,0,0,0,0,0,1,1,0.5106,10,1,enthusiasm,3.328340822100183e-05,0.35279251707864995,0.06666666666666667
pairer,1,0,0,0,0,0,0,0,0,0,0,0,0,0,0,1,1,0.4939,6,1,pairer,3.328340822100183e-05,0.35279251707864995,0.06666666666666667
turkey,1,0,0,0,0,0,0,0,0,0,0,0,0,0,0,1,1,0.1779,6,1,turkey,3.328340822100183e-05,0.35279251707864995,0.06666666666666667
cash,1,1,0,0,0,0,0,0,0,0,0,0,0,0,0,1,1,0.4588,4,1,cash,3.328340822100183e-05,0.35279251707864995,0.13333333333333333
francois,0,0,0,0,0,0,0,0,0,0,0,0,0,0,0,1,1,0.0,8,1,francois,3.328340822100183e-05,0.35279251707864995,0.0
vulsively,0,0,0,0,0,0,0,0,0,0,0,0,0,0,0,1,1,0.0,9,1,vulsively,3.328340822100183e-05,0.35279251707864995,0.0
uttered,0,0,1,0,0,0,0,0,0,0,0,0,0,0,0,1,1,0.4404,7,1,uttered,3.328340822100183e-05,0.35279251707864995,0.06666666666666667
cest,1,0,0,0,0,0,0,0,0,0,0,0,0,0,0,1,1,0.0,4,1,cest,3.328340822100183e-05,0.35279251707864995,0.06666666666666667
toi,0,0,0,0,0,0,0,0,0,0,0,0,0,0,0,1,1,0.0,3,1,toi,3.328340822100183e-05,0.35279251707864995,0.0
quilly,0,0,0,0,0,0,0,0,0,0,0,0,0,0,0,1,1,0.0,6,1,quilly,3.328340822100183e-05,0.35279251707864995,0.0
bundle,1,1,0,0,0,0,0,0,0,0,0,0,0,0,0,1,1,0.2732,6,1,bundle,3.328340822100183e-05,0.35279251707864995,0.13333333333333333
ica,0,0,0,0,0,0,0,0,0,0,0,0,0,0,0,1,1,0.2732,3,1,ica,3.328340822100183e-05,0.35279251707864995,0.0
robbing,0,1,0,0,0,0,0,0,0,0,0,0,0,0,0,1,1,-0.5994,7,1,robbing,3.328340822100183e-05,0.35279251707864995,0.06666666666666667
current,1,0,1,0,0,0,0,0,0,0,0,0,0,0,0,1,1,-0.25,7,1,current,3.328340822100183e-05,0.35279251707864995,0.13333333333333333
tearing,0,1,1,0,0,0,0,0,0,0,0,0,0,0,0,1,1,-0.25,7,1,tearing,3.328340822100183e-05,0.35279251707864995,0.13333333333333333
tvark,0,0,0,0,0,0,0,0,0,0,0,0,0,0,0,1,1,0.0,5,1,tvark,3.328340822100183e-05,0.35279251707864995,0.0
queer,1,1,1,0,0,0,0,0,0,0,0,0,0,0,0,1,1,0.0,5,1,queer,3.328340822100183e-05,0.35279251707864995,0.2
satian,0,0,0,0,0,0,0,0,0,0,0,0,0,0,0,1,1,-0.631,6,1,satian,3.328340822100183e-05,0.35279251707864995,0.0
marseillaise,1,0,0,0,0,0,0,0,0,0,0,0,0,0,0,1,1,0.0,12,1,marseillaise,3.328340822100183e-05,0.35279251707864995,0.06666666666666667
oo,1,0,0,0,0,0,0,0,0,0,0,0,0,0,0,1,1,0.0,2,1,oo,3.328340822100183e-05,0.35279251707864995,0.06666666666666667
formez,0,0,0,0,0,0,0,0,0,0,0,0,0,0,0,1,1,0.0,6,1,formez,3.328340822100183e-05,0.35279251707864995,0.0
discuss,0,0,0,0,0,0,0,0,0,0,0,0,0,0,0,1,1,-0.481,7,1,discuss,3.328340822100183e-05,0.35279251707864995,0.0
beauties,1,0,0,0,0,0,0,0,0,0,0,0,0,0,0,1,1,-0.481,8,1,beauties,3.328340822100183e-05,0.35279251707864995,0.06666666666666667
sculpture,1,0,0,0,0,0,0,0,0,0,0,0,0,0,0,1,1,-0.481,9,1,sculpture,3.328340822100183e-05,0.35279251707864995,0.06666666666666667
openly,0,0,0,1,0,0,0,0,0,0,0,0,0,0,0,1,1,-0.481,6,1,openly,3.328340822100183e-05,0.35279251707864995,0.06666666666666667
suspected,0,1,1,0,0,0,0,0,0,0,0,0,0,0,0,1,1,-0.481,9,1,suspected,3.328340822100183e-05,0.35279251707864995,0.13333333333333333
roti,0,0,0,0,0,0,0,0,0,0,0,0,0,0,0,1,1,0.3182,4,1,roti,3.328340822100183e-05,0.35279251707864995,0.0
vegetables,1,0,0,0,0,0,0,0,0,0,0,0,0,0,0,1,1,0.3182,10,1,vegetables,3.328340822100183e-05,0.35279251707864995,0.06666666666666667
potatoes,1,0,0,0,0,0,0,0,0,0,0,0,0,0,0,1,1,0.0,8,1,potatoes,3.328340822100183e-05,0.35279251707864995,0.06666666666666667
irlandaises,0,0,0,0,0,0,0,0,0,0,0,0,0,0,0,1,1,0.0,11,1,irlandaises,3.328340822100183e-05,0.35279251707864995,0.0
miscellaneous,0,0,1,0,0,0,0,0,0,0,0,0,0,0,0,1,1,0.0,13,1,miscellaneous,3.328340822100183e-05,0.35279251707864995,0.06666666666666667
tewed,0,0,0,0,0,0,0,0,0,0,0,0,0,0,0,1,1,0.0,5,1,tewed,3.328340822100183e-05,0.35279251707864995,0.0
remnant,1,0,1,0,0,0,0,0,0,0,0,0,0,0,0,1,1,0.4404,7,1,remnant,3.328340822100183e-05,0.35279251707864995,0.13333333333333333
hovered,0,0,0,0,0,0,0,0,0,0,0,0,0,0,0,1,1,0.0,7,1,hovered,3.328340822100183e-05,0.35279251707864995,0.0
refilled,0,0,0,0,0,0,0,0,0,0,0,0,0,0,0,1,1,-0.128,8,1,refilled,3.328340822100183e-05,0.35279251707864995,0.0
applause,1,0,0,0,0,0,0,0,0,0,0,0,0,0,0,1,1,-0.128,8,1,applause,3.328340822100183e-05,0.35279251707864995,0.06666666666666667
provoked,0,1,1,0,0,0,0,0,0,0,0,0,0,0,0,1,1,-0.128,8,1,provoked,3.328340822100183e-05,0.35279251707864995,0.13333333333333333
currant,1,0,0,0,0,0,0,0,0,0,0,0,0,0,0,1,1,0.0,7,1,currant,3.328340822100183e-05,0.35279251707864995,0.06666666666666667
tea,1,0,0,0,0,0,0,0,0,0,0,0,0,0,0,1,1,0.0,3,1,tea,3.328340822100183e-05,0.35279251707864995,0.06666666666666667
liqueurs,1,0,0,0,0,0,0,0,0,0,0,0,0,0,0,1,1,-0.34,8,1,liqueurs,3.328340822100183e-05,0.35279251707864995,0.06666666666666667
frantically,0,0,0,1,0,0,0,0,0,0,0,0,0,0,0,1,1,-0.34,11,1,frantically,3.328340822100183e-05,0.35279251707864995,0.06666666666666667
tureen,1,0,0,0,0,0,0,0,0,0,0,0,0,0,0,1,1,-0.34,6,1,tureen,3.328340822100183e-05,0.35279251707864995,0.06666666666666667
chat,1,0,0,0,0,0,0,0,0,0,0,0,0,0,0,1,1,-0.1531,4,1,chat,3.328340822100183e-05,0.35279251707864995,0.06666666666666667
streamers,1,0,0,0,0,0,0,0,0,0,0,0,0,0,0,1,1,0.0,9,1,streamers,3.328340822100183e-05,0.35279251707864995,0.06666666666666667
descending,0,1,1,0,0,0,0,0,0,0,0,0,0,0,0,1,1,0.0,10,1,descending,3.328340822100183e-05,0.35279251707864995,0.13333333333333333
tops,1,1,1,0,0,0,0,0,0,0,0,0,0,0,0,1,1,0.0,4,1,tops,3.328340822100183e-05,0.35279251707864995,0.2
enveloping,0,0,1,0,0,0,0,0,0,0,0,0,0,0,0,1,1,0.0,10,1,enveloping,3.328340822100183e-05,0.35279251707864995,0.06666666666666667
sulphurous,0,0,1,0,0,0,0,0,0,0,0,0,0,0,0,1,1,0.0,10,1,sulphurous,3.328340822100183e-05,0.35279251707864995,0.06666666666666667
pall,1,1,0,0,0,0,0,0,0,0,0,0,0,0,0,1,1,-0.4767,4,1,pall,3.328340822100183e-05,0.35279251707864995,0.13333333333333333
neighbors,1,1,0,0,0,0,0,0,0,0,0,0,0,0,0,1,1,-0.128,9,1,neighbors,3.328340822100183e-05,0.35279251707864995,0.13333333333333333
financial,0,0,1,0,0,0,0,0,0,0,0,0,0,0,0,1,1,0.5106,9,1,financial,3.328340822100183e-05,0.35279251707864995,0.06666666666666667
disputed,0,0,1,0,0,0,0,0,0,0,0,0,0,0,0,1,1,0.5106,8,1,disputed,3.328340822100183e-05,0.35279251707864995,0.06666666666666667
sway,1,0,0,0,0,0,0,0,0,0,0,0,0,0,0,1,1,0.5106,4,1,sway,3.328340822100183e-05,0.35279251707864995,0.06666666666666667
cases,1,1,0,0,0,0,0,0,0,0,0,0,0,0,0,1,1,0.4939,5,1,cases,3.328340822100183e-05,0.35279251707864995,0.13333333333333333
poorly,0,0,1,1,0,0,0,0,0,0,0,0,0,0,0,1,1,0.5106,6,1,poorly,3.328340822100183e-05,0.35279251707864995,0.13333333333333333
pursue,0,1,0,0,0,0,0,0,0,0,0,0,0,0,0,1,1,0.5106,6,1,pursue,3.328340822100183e-05,0.35279251707864995,0.06666666666666667
monotonous,0,0,1,0,0,0,0,0,0,0,0,0,0,0,0,1,1,0.0,10,1,monotonous,3.328340822100183e-05,0.35279251707864995,0.06666666666666667
emptied,0,1,1,0,0,0,0,0,0,0,0,0,0,0,0,1,1,-0.128,7,1,emptied,3.328340822100183e-05,0.35279251707864995,0.13333333333333333
spider,1,0,0,0,0,0,0,0,0,0,0,0,0,0,0,1,1,0.0516,6,1,spider,3.328340822100183e-05,0.35279251707864995,0.06666666666666667
eared,0,0,1,0,0,0,0,0,0,0,0,0,0,0,0,1,1,0.0,5,1,eared,3.328340822100183e-05,0.35279251707864995,0.06666666666666667
matthews,0,0,0,0,0,0,0,0,0,0,0,0,0,0,0,1,1,0.0,8,1,matthews,3.328340822100183e-05,0.35279251707864995,0.0
ornaments,1,1,0,0,0,0,0,0,0,0,0,0,0,0,0,1,1,0.0,9,1,ornaments,3.328340822100183e-05,0.35279251707864995,0.13333333333333333
talent,1,0,0,0,0,0,0,0,0,0,0,0,0,0,0,1,1,0.5106,6,1,talent,3.328340822100183e-05,0.35279251707864995,0.06666666666666667
treble,1,1,1,0,0,0,0,0,0,0,0,0,0,0,0,1,1,0.3612,6,1,treble,3.328340822100183e-05,0.35279251707864995,0.2
adjusted,0,1,1,0,0,0,0,0,0,0,0,0,0,0,0,1,1,0.0,8,1,adjusted,3.328340822100183e-05,0.35279251707864995,0.13333333333333333
social,1,0,1,0,0,0,0,0,0,0,0,0,0,0,0,1,1,0.5106,6,1,social,3.328340822100183e-05,0.35279251707864995,0.13333333333333333
war,1,1,1,1,0,0,0,0,0,0,0,0,0,0,0,1,1,-0.481,3,1,war,3.328340822100183e-05,0.35279251707864995,0.26666666666666666
vive,0,0,0,0,0,0,0,0,0,0,0,0,0,0,0,1,1,0.0,4,1,vive,3.328340822100183e-05,0.35279251707864995,0.0
eaten,0,1,1,0,0,0,0,0,0,0,0,0,0,0,0,1,1,-0.3818,5,1,eaten,3.328340822100183e-05,0.35279251707864995,0.13333333333333333
portion,1,0,0,0,0,0,0,0,0,0,0,0,0,0,0,1,1,-0.3818,7,1,portion,3.328340822100183e-05,0.35279251707864995,0.06666666666666667
crush,1,1,0,0,0,0,0,0,0,0,0,0,0,0,0,1,1,-0.5423,5,1,crush,3.328340822100183e-05,0.35279251707864995,0.13333333333333333
invader,1,0,0,0,0,0,0,0,0,0,0,0,0,0,0,1,1,-0.5423,7,1,invader,3.328340822100183e-05,0.35279251707864995,0.06666666666666667
cheers,0,1,0,0,0,0,0,0,0,0,0,0,0,0,0,1,1,0.0,6,1,cheers,3.328340822100183e-05,0.35279251707864995,0.06666666666666667
knuckles,1,1,0,0,0,0,0,0,0,0,0,0,0,0,0,1,1,0.0,8,1,knuckles,3.328340822100183e-05,0.35279251707864995,0.13333333333333333
ridly,0,0,0,0,0,0,0,0,0,0,0,0,0,0,0,1,1,0.0,5,1,ridly,3.328340822100183e-05,0.35279251707864995,0.0
saucily,0,0,0,1,0,0,0,0,0,0,0,0,0,0,0,1,1,0.5106,7,1,saucily,3.328340822100183e-05,0.35279251707864995,0.06666666666666667
animated,0,1,1,0,0,0,0,0,0,0,0,0,0,0,0,1,1,0.0,8,1,animated,3.328340822100183e-05,0.35279251707864995,0.13333333333333333
ripples,1,1,0,0,0,0,0,0,0,0,0,0,0,0,0,1,1,0.0,7,1,ripples,3.328340822100183e-05,0.35279251707864995,0.13333333333333333
geon,1,0,0,0,0,0,0,0,0,0,0,0,0,0,0,1,1,0.0,4,1,geon,3.328340822100183e-05,0.35279251707864995,0.06666666666666667
amiss,1,0,1,1,0,0,0,0,0,0,0,0,0,0,0,1,1,0.0,5,1,amiss,3.328340822100183e-05,0.35279251707864995,0.2
thome,0,0,0,0,0,0,0,0,0,0,0,0,0,0,0,1,1,0.0,5,1,thome,3.328340822100183e-05,0.35279251707864995,0.0
fiance,1,0,0,0,0,0,0,0,0,0,0,0,0,0,0,1,1,-0.3818,6,1,fiance,3.328340822100183e-05,0.35279251707864995,0.06666666666666667
hasty,0,0,1,0,0,0,0,0,0,0,0,0,0,0,0,1,1,0.0,5,1,hasty,3.328340822100183e-05,0.35279251707864995,0.06666666666666667
savagely,0,0,0,1,0,0,0,0,0,0,0,0,0,0,0,1,1,-0.765,8,1,savagely,3.328340822100183e-05,0.35279251707864995,0.06666666666666667
dispatch,1,1,0,0,0,0,0,0,0,0,0,0,0,0,0,1,1,-0.765,8,1,dispatch,3.328340822100183e-05,0.35279251707864995,0.13333333333333333
identify,0,1,0,0,0,0,0,0,0,0,0,0,0,0,0,1,1,-0.765,8,1,identify,3.328340822100183e-05,0.35279251707864995,0.06666666666666667
claim,1,1,0,0,0,0,0,0,0,0,0,0,0,0,0,1,1,-0.765,5,1,claim,3.328340822100183e-05,0.35279251707864995,0.13333333333333333
rascally,0,0,1,1,0,0,0,0,0,0,0,0,0,0,0,1,1,-0.765,8,1,rascally,3.328340822100183e-05,0.35279251707864995,0.13333333333333333
deathly,0,0,1,1,0,0,0,0,0,0,0,0,0,0,0,1,1,0.4497,7,1,deathly,3.328340822100183e-05,0.35279251707864995,0.13333333333333333
stamping,1,1,0,0,0,0,0,0,0,0,0,0,0,0,0,1,1,-0.5106,8,1,stamping,3.328340822100183e-05,0.35279251707864995,0.13333333333333333
soma,1,0,0,0,0,0,0,0,0,0,0,0,0,0,0,1,1,0.4497,4,1,soma,3.328340822100183e-05,0.35279251707864995,0.06666666666666667
oft,0,0,0,1,0,0,0,0,0,0,0,0,0,0,0,1,1,-0.296,3,1,oft,3.328340822100183e-05,0.35279251707864995,0.06666666666666667
dially,0,0,0,0,0,0,0,0,0,0,0,0,0,0,0,1,1,-0.296,6,1,dially,3.328340822100183e-05,0.35279251707864995,0.0
lingering,0,0,1,0,0,0,0,0,0,0,0,0,0,0,0,1,1,-0.296,9,1,lingering,3.328340822100183e-05,0.35279251707864995,0.06666666666666667
downstairs,0,0,1,1,0,0,0,0,0,0,0,0,0,0,0,1,1,-0.296,10,1,downstairs,3.328340822100183e-05,0.35279251707864995,0.13333333333333333
banisters,1,0,0,0,0,0,0,0,0,0,0,0,0,0,0,1,1,-0.296,9,1,banisters,3.328340822100183e-05,0.35279251707864995,0.06666666666666667
banged,0,1,0,0,0,0,0,0,0,0,0,0,0,0,0,1,1,-0.296,6,1,banged,3.328340822100183e-05,0.35279251707864995,0.06666666666666667
knock,1,1,0,0,0,0,0,0,0,0,0,0,0,0,0,1,1,-0.296,5,1,knock,3.328340822100183e-05,0.35279251707864995,0.13333333333333333
worst,1,1,1,1,0,0,0,0,0,0,0,0,0,0,0,1,1,-0.7684,5,1,worst,3.328340822100183e-05,0.35279251707864995,0.26666666666666666
fist,1,0,0,0,0,0,0,0,0,0,0,0,0,0,0,1,1,-0.25,4,1,fist,3.328340822100183e-05,0.35279251707864995,0.06666666666666667
haste,1,0,0,0,0,0,0,0,0,0,0,0,0,0,0,1,1,-0.25,5,1,haste,3.328340822100183e-05,0.35279251707864995,0.06666666666666667
bedroom,1,0,0,0,0,0,0,0,0,0,0,0,0,0,0,1,1,0.0,7,1,bedroom,3.328340822100183e-05,0.35279251707864995,0.06666666666666667
curly,1,0,1,0,0,0,0,0,0,0,0,0,0,0,0,1,1,0.0,5,1,curly,3.328340822100183e-05,0.35279251707864995,0.13333333333333333
gaze,1,1,0,0,0,0,0,0,0,0,0,0,0,0,0,1,1,0.0,4,1,gaze,3.328340822100183e-05,0.35279251707864995,0.13333333333333333
awake,0,0,1,0,0,0,0,0,0,0,0,0,0,0,0,1,1,-0.5994,5,1,awake,3.328340822100183e-05,0.35279251707864995,0.06666666666666667
prayed,0,1,0,0,0,0,0,0,0,0,0,0,0,0,0,1,1,-0.5994,6,1,prayed,3.328340822100183e-05,0.35279251707864995,0.06666666666666667
protested,0,1,0,0,0,0,0,0,0,0,0,0,0,0,0,1,1,-0.128,9,1,protested,3.328340822100183e-05,0.35279251707864995,0.06666666666666667
irregular,1,0,1,0,0,0,0,0,0,0,0,0,0,0,0,1,1,-0.3818,9,1,irregular,3.328340822100183e-05,0.35279251707864995,0.13333333333333333
amid,0,0,0,0,0,0,0,0,0,0,0,0,0,0,0,1,1,-0.6124,4,1,amid,3.328340822100183e-05,0.35279251707864995,0.0
shouts,1,1,0,0,0,0,0,0,0,0,0,0,0,0,0,1,1,-0.6124,6,1,shouts,3.328340822100183e-05,0.35279251707864995,0.13333333333333333
ceived,0,0,0,0,0,0,0,0,0,0,0,0,0,0,0,1,1,-0.7227,6,1,ceived,3.328340822100183e-05,0.35279251707864995,0.0
weeping,1,1,1,0,0,0,0,0,0,0,0,0,0,0,0,1,1,-0.7227,7,1,weeping,3.328340822100183e-05,0.35279251707864995,0.2
grown,0,1,1,0,0,0,0,0,0,0,0,0,0,0,0,1,1,-0.7227,5,1,grown,3.328340822100183e-05,0.35279251707864995,0.13333333333333333
suffered,0,0,0,0,0,0,0,0,0,0,0,0,0,0,0,1,1,-0.4939,8,1,suffered,3.328340822100183e-05,0.35279251707864995,0.0
dusenberry,0,0,0,0,0,0,0,0,0,0,0,0,0,0,0,1,1,-0.4404,10,1,dusenberry,3.328340822100183e-05,0.35279251707864995,0.0
gospel,1,0,0,0,0,0,0,0,0,0,0,0,0,0,0,1,1,-0.4404,6,1,gospel,3.328340822100183e-05,0.35279251707864995,0.06666666666666667
fairbeach,0,0,0,0,0,0,0,0,0,0,0,0,0,0,0,1,1,-0.4404,9,1,fairbeach,3.328340822100183e-05,0.35279251707864995,0.0
paired,0,1,1,0,0,0,0,0,0,0,0,0,0,0,0,1,1,0.0,6,1,paired,3.328340822100183e-05,0.35279251707864995,0.13333333333333333
fin,1,1,0,0,0,0,0,0,0,0,0,0,0,0,0,1,1,0.0,3,1,fin,3.328340822100183e-05,0.35279251707864995,0.13333333333333333
gerless,0,0,0,0,0,0,0,0,0,0,0,0,0,0,0,1,1,0.0,7,1,gerless,3.328340822100183e-05,0.35279251707864995,0.0
strkrt,0,0,0,0,0,0,0,0,0,0,0,0,0,0,0,1,1,0.0,6,1,strkrt,3.328340822100183e-05,0.35279251707864995,0.0
finish,1,1,0,0,0,0,0,0,0,0,0,0,0,0,0,1,1,-0.25,6,1,finish,3.328340822100183e-05,0.35279251707864995,0.13333333333333333
devotion,1,0,0,0,0,0,0,0,0,0,0,0,0,0,0,1,1,-0.545,8,1,devotion,3.328340822100183e-05,0.35279251707864995,0.06666666666666667
clinched,0,1,1,0,0,0,0,0,0,0,0,0,0,0,0,1,1,-0.545,8,1,clinched,3.328340822100183e-05,0.35279251707864995,0.13333333333333333
ror,1,0,0,0,0,0,0,0,0,0,0,0,0,0,0,1,1,0.395,3,1,ror,3.328340822100183e-05,0.35279251707864995,0.06666666666666667
unfortunates,1,0,0,0,0,0,0,0,0,0,0,0,0,0,0,1,1,0.9286,12,1,unfortunates,3.328340822100183e-05,0.35279251707864995,0.06666666666666667
imprison,0,1,0,0,0,0,0,0,0,0,0,0,0,0,0,1,1,0.9286,8,1,imprison,3.328340822100183e-05,0.35279251707864995,0.06666666666666667
mania,1,0,0,0,0,0,0,0,0,0,0,0,0,0,0,1,1,-0.1275,5,1,mania,3.328340822100183e-05,0.35279251707864995,0.06666666666666667
rep,1,0,0,0,0,0,0,0,0,0,0,0,0,0,0,1,1,0.0,3,1,rep,3.328340822100183e-05,0.35279251707864995,0.06666666666666667
utation,0,0,0,0,0,0,0,0,0,0,0,0,0,0,0,1,1,0.0,7,1,utation,3.328340822100183e-05,0.35279251707864995,0.0
hi,0,0,0,0,0,0,0,0,0,0,0,0,0,0,0,1,1,0.0,2,0,hi,3.328340822100183e-05,0.35279251707864995,0.0
demned,0,0,0,0,0,0,0,0,0,0,0,0,0,0,0,1,1,-0.5106,6,1,demned,3.328340822100183e-05,0.35279251707864995,0.0
ple,0,0,0,0,0,0,0,0,0,0,0,0,0,0,0,1,1,-0.5106,3,1,ple,3.328340822100183e-05,0.35279251707864995,0.0
ister,0,0,0,0,0,0,0,0,0,0,0,0,0,0,0,1,1,-0.5106,5,1,ister,3.328340822100183e-05,0.35279251707864995,0.0
carriage,1,0,0,0,0,0,0,0,0,0,0,0,0,0,0,1,1,-0.5106,8,1,carriage,3.328340822100183e-05,0.35279251707864995,0.06666666666666667
prison,1,0,0,0,0,0,0,0,0,0,0,0,0,0,0,1,1,-0.5106,6,1,prison,3.328340822100183e-05,0.35279251707864995,0.06666666666666667
impatient,0,0,1,0,0,0,0,0,0,0,0,0,0,0,0,1,1,-0.545,9,1,impatient,3.328340822100183e-05,0.35279251707864995,0.06666666666666667
passionate,1,0,1,0,0,0,0,0,0,0,0,0,0,0,0,1,1,-0.545,10,1,passionate,3.328340822100183e-05,0.35279251707864995,0.13333333333333333
furs,1,0,0,0,0,0,0,0,0,0,0,0,0,0,0,1,1,-0.5106,4,1,furs,3.328340822100183e-05,0.35279251707864995,0.06666666666666667
scoundrel,1,0,0,0,0,0,0,0,0,0,0,0,0,0,0,1,1,0.4404,9,1,scoundrel,3.328340822100183e-05,0.35279251707864995,0.06666666666666667
stare,1,1,0,0,0,0,0,0,0,0,0,0,0,0,0,1,1,0.4404,5,1,stare,3.328340822100183e-05,0.35279251707864995,0.13333333333333333
prevented,0,1,0,0,0,0,0,0,0,0,0,0,0,0,0,1,1,0.4404,9,1,prevented,3.328340822100183e-05,0.35279251707864995,0.06666666666666667
complications,1,0,0,0,0,0,0,0,0,0,0,0,0,0,0,1,1,0.4404,13,1,complications,3.328340822100183e-05,0.35279251707864995,0.06666666666666667
jump,1,1,0,0,0,0,0,0,0,0,0,0,0,0,0,1,1,0.0,4,1,jump,3.328340822100183e-05,0.35279251707864995,0.13333333333333333
wark,1,0,0,0,0,0,0,0,0,0,0,0,0,0,0,1,1,0.4019,4,1,wark,3.328340822100183e-05,0.35279251707864995,0.06666666666666667
linking,0,0,0,0,0,0,0,0,0,0,0,0,0,0,0,1,1,0.0,7,1,linking,3.328340822100183e-05,0.35279251707864995,0.0
wife,1,0,0,0,0,0,0,0,0,0,0,0,0,0,0,1,1,-0.7506,4,1,wife,3.328340822100183e-05,0.35279251707864995,0.06666666666666667
limbs,1,0,0,0,0,0,0,0,0,0,0,0,0,0,0,1,1,0.0516,5,1,limbs,3.328340822100183e-05,0.35279251707864995,0.06666666666666667
contracting,0,1,0,0,0,0,0,0,0,0,0,0,0,0,0,1,1,0.0516,11,1,contracting,3.328340822100183e-05,0.35279251707864995,0.06666666666666667
belly,1,1,0,0,0,0,0,0,0,0,0,0,0,0,0,1,1,0.0516,5,1,belly,3.328340822100183e-05,0.35279251707864995,0.13333333333333333
howling,1,1,1,1,0,0,0,0,0,0,0,0,0,0,0,1,1,0.0516,7,1,howling,3.328340822100183e-05,0.35279251707864995,0.26666666666666666
scratching,0,1,1,0,0,0,0,0,0,0,0,0,0,0,0,1,1,0.0516,10,1,scratching,3.328340822100183e-05,0.35279251707864995,0.13333333333333333
clawing,0,1,0,0,0,0,0,0,0,0,0,0,0,0,0,1,1,0.0516,7,1,clawing,3.328340822100183e-05,0.35279251707864995,0.06666666666666667
citement,0,0,0,0,0,0,0,0,0,0,0,0,0,0,0,1,1,-0.1275,8,1,citement,3.328340822100183e-05,0.35279251707864995,0.0
engulfed,0,1,1,0,0,0,0,0,0,0,0,0,0,0,0,1,1,0.0,8,1,engulfed,3.328340822100183e-05,0.35279251707864995,0.13333333333333333
swarmed,0,0,0,0,0,0,0,0,0,0,0,0,0,0,0,1,1,-0.5719,7,1,swarmed,3.328340822100183e-05,0.35279251707864995,0.0
grimace,1,1,0,0,0,0,0,0,0,0,0,0,0,0,0,1,1,-0.8898,7,1,grimace,3.328340822100183e-05,0.35279251707864995,0.13333333333333333
battles,1,1,0,0,0,0,0,0,0,0,0,0,0,0,0,1,1,-0.8898,7,1,battles,3.328340822100183e-05,0.35279251707864995,0.13333333333333333
ashen,0,0,1,0,0,0,0,0,0,0,0,0,0,0,0,1,1,-0.8898,5,1,ashen,3.328340822100183e-05,0.35279251707864995,0.06666666666666667
triumph,1,0,0,0,0,0,0,0,0,0,0,0,0,0,0,1,1,0.4767,7,1,triumph,3.328340822100183e-05,0.35279251707864995,0.06666666666666667
savage,1,1,1,0,0,0,0,0,0,0,0,0,0,0,0,1,1,-0.8555,6,1,savage,3.328340822100183e-05,0.35279251707864995,0.2
australia,1,0,0,0,0,0,0,0,0,0,0,0,0,0,0,1,1,-0.7506,9,1,australia,3.328340822100183e-05,0.35279251707864995,0.06666666666666667
edges,1,1,0,0,0,0,0,0,0,0,0,0,0,0,0,1,1,0.0,5,1,edges,3.328340822100183e-05,0.35279251707864995,0.13333333333333333
watery,0,0,1,0,0,0,0,0,0,0,0,0,0,0,0,1,1,0.0,6,1,watery,3.328340822100183e-05,0.35279251707864995,0.06666666666666667
cleaving,0,1,0,0,0,0,0,0,0,0,0,0,0,0,0,1,1,0.0516,8,1,cleaving,3.328340822100183e-05,0.35279251707864995,0.06666666666666667
roused,0,0,0,0,0,0,0,0,0,0,0,0,0,0,0,1,1,-0.4767,6,1,roused,3.328340822100183e-05,0.35279251707864995,0.0
begun,0,1,0,0,0,0,0,0,0,0,0,0,0,0,0,1,1,-0.4767,5,1,begun,3.328340822100183e-05,0.35279251707864995,0.06666666666666667
peopled,0,1,1,0,0,0,0,0,0,0,0,0,0,0,0,1,1,0.0,7,1,peopled,3.328340822100183e-05,0.35279251707864995,0.13333333333333333
phantoms,1,0,0,0,0,0,0,0,0,0,0,0,0,0,0,1,1,0.0,8,1,phantoms,3.328340822100183e-05,0.35279251707864995,0.06666666666666667
lengthening,1,0,1,0,0,0,0,0,0,0,0,0,0,0,0,1,1,0.0,11,1,lengthening,3.328340822100183e-05,0.35279251707864995,0.13333333333333333
anuther,0,0,0,0,0,0,0,0,0,0,0,0,0,0,0,1,1,0.0,7,1,anuther,3.328340822100183e-05,0.35279251707864995,0.0
dreary,0,0,1,0,0,0,0,0,0,0,0,0,0,0,0,1,1,-0.545,6,1,dreary,3.328340822100183e-05,0.35279251707864995,0.06666666666666667
siege,1,0,0,0,0,0,0,0,0,0,0,0,0,0,0,1,1,-0.545,5,1,siege,3.328340822100183e-05,0.35279251707864995,0.06666666666666667
plaint,1,0,0,0,0,0,0,0,0,0,0,0,0,0,0,1,1,-0.545,6,1,plaint,3.328340822100183e-05,0.35279251707864995,0.06666666666666667
teased,0,1,1,0,0,0,0,0,0,0,0,0,0,0,0,1,1,-0.545,6,1,teased,3.328340822100183e-05,0.35279251707864995,0.13333333333333333
ob,1,0,0,0,0,0,0,0,0,0,0,0,0,0,0,1,1,0.0,2,1,ob,3.328340822100183e-05,0.35279251707864995,0.06666666666666667
jects,0,0,0,0,0,0,0,0,0,0,0,0,0,0,0,1,1,0.0,5,1,jects,3.328340822100183e-05,0.35279251707864995,0.0
pallor,1,0,0,0,0,0,0,0,0,0,0,0,0,0,0,1,1,0.0,6,1,pallor,3.328340822100183e-05,0.35279251707864995,0.06666666666666667
intelligence,1,0,0,0,0,0,0,0,0,0,0,0,0,0,0,1,1,0.9286,12,1,intelligence,3.328340822100183e-05,0.35279251707864995,0.06666666666666667
scratches,1,1,0,0,0,0,0,0,0,0,0,0,0,0,0,1,1,0.0,9,1,scratches,3.328340822100183e-05,0.35279251707864995,0.13333333333333333
ficial,0,0,0,0,0,0,0,0,0,0,0,0,0,0,0,1,1,0.0,6,1,ficial,3.328340822100183e-05,0.35279251707864995,0.0
displaced,0,1,0,0,0,0,0,0,0,0,0,0,0,0,0,1,1,0.0,9,1,displaced,3.328340822100183e-05,0.35279251707864995,0.06666666666666667
agree,0,1,0,0,0,0,0,0,0,0,0,0,0,0,0,1,1,0.1779,5,1,agree,3.328340822100183e-05,0.35279251707864995,0.06666666666666667
silhouettes,1,1,0,0,0,0,0,0,0,0,0,0,0,0,0,1,1,0.0516,11,1,silhouettes,3.328340822100183e-05,0.35279251707864995,0.13333333333333333
endless,0,0,1,0,0,0,0,0,0,0,0,0,0,0,0,1,1,-0.7351,7,1,endless,3.328340822100183e-05,0.35279251707864995,0.06666666666666667
assier,0,0,0,0,0,0,0,0,0,0,0,0,0,0,0,1,1,-0.7351,6,1,assier,3.328340822100183e-05,0.35279251707864995,0.0
leather,1,1,0,0,0,0,0,0,0,0,0,0,0,0,0,1,1,0.0,7,1,leather,3.328340822100183e-05,0.35279251707864995,0.13333333333333333
settees,1,0,0,0,0,0,0,0,0,0,0,0,0,0,0,1,1,0.0,7,1,settees,3.328340822100183e-05,0.35279251707864995,0.06666666666666667
commonly,0,0,0,1,0,0,0,0,0,0,0,0,0,0,0,1,1,-0.5267,8,1,commonly,3.328340822100183e-05,0.35279251707864995,0.06666666666666667
theatrical,1,0,1,0,0,0,0,0,0,0,0,0,0,0,0,1,1,-0.5267,10,1,theatrical,3.328340822100183e-05,0.35279251707864995,0.13333333333333333
properties,1,0,0,0,0,0,0,0,0,0,0,0,0,0,0,1,1,-0.5267,10,1,properties,3.328340822100183e-05,0.35279251707864995,0.06666666666666667
magnificently,0,0,0,1,0,0,0,0,0,0,0,0,0,0,0,1,1,0.9286,13,1,magnificently,3.328340822100183e-05,0.35279251707864995,0.06666666666666667
developed,0,0,1,0,0,0,0,0,0,0,0,0,0,0,0,1,1,0.9286,9,1,developed,3.328340822100183e-05,0.35279251707864995,0.06666666666666667
remarkable,0,0,1,0,0,0,0,0,0,0,0,0,0,0,0,1,1,0.9286,10,1,remarkable,3.328340822100183e-05,0.35279251707864995,0.06666666666666667
kepi,1,0,0,0,0,0,0,0,0,0,0,0,0,0,0,1,1,0.0772,4,1,kepi,3.328340822100183e-05,0.35279251707864995,0.06666666666666667
tireurs,0,0,0,0,0,0,0,0,0,0,0,0,0,0,0,1,1,-0.296,7,1,tireurs,3.328340822100183e-05,0.35279251707864995,0.0
ders,0,0,0,0,0,0,0,0,0,0,0,0,0,0,0,1,1,0.0,4,1,ders,3.328340822100183e-05,0.35279251707864995,0.0
buckle,1,1,0,0,0,0,0,0,0,0,0,0,0,0,0,1,1,0.0,6,1,buckle,3.328340822100183e-05,0.35279251707864995,0.13333333333333333
spy,1,1,0,0,0,0,0,0,0,0,0,0,0,0,0,1,1,0.0,3,1,spy,3.328340822100183e-05,0.35279251707864995,0.13333333333333333
sighing,0,1,0,0,0,0,0,0,0,0,0,0,0,0,0,1,1,0.3818,7,1,sighing,3.328340822100183e-05,0.35279251707864995,0.06666666666666667
managable,0,0,0,0,0,0,0,0,0,0,0,0,0,0,0,1,1,0.5994,9,1,managable,3.328340822100183e-05,0.35279251707864995,0.0
session,1,0,0,0,0,0,0,0,0,0,0,0,0,0,0,1,1,0.2023,7,1,session,3.328340822100183e-05,0.35279251707864995,0.06666666666666667
creeping,0,1,1,0,0,0,0,0,0,0,0,0,0,0,0,1,1,-0.1275,8,1,creeping,3.328340822100183e-05,0.35279251707864995,0.13333333333333333
bye,1,0,1,0,0,0,0,0,0,0,0,0,0,0,0,1,1,0.0,3,1,bye,3.328340822100183e-05,0.35279251707864995,0.13333333333333333
events,1,0,0,0,0,0,0,0,0,0,0,0,0,0,0,1,1,-0.8898,6,1,events,3.328340822100183e-05,0.35279251707864995,0.06666666666666667
shaken,0,1,1,0,0,0,0,0,0,0,0,0,0,0,0,1,1,-0.8898,6,1,shaken,3.328340822100183e-05,0.35279251707864995,0.13333333333333333
terribly,0,0,0,1,0,0,0,0,0,0,0,0,0,0,0,1,1,-0.8898,8,1,terribly,3.328340822100183e-05,0.35279251707864995,0.06666666666666667
fade,1,1,0,0,0,0,0,0,0,0,0,0,0,0,0,1,1,-0.8898,4,1,fade,3.328340822100183e-05,0.35279251707864995,0.13333333333333333
horrible,1,0,1,0,0,0,0,0,0,0,0,0,0,0,0,1,1,-0.8898,8,1,horrible,3.328340822100183e-05,0.35279251707864995,0.13333333333333333
belong,0,1,0,0,0,0,0,0,0,0,0,0,0,0,0,1,1,0.0772,6,1,belong,3.328340822100183e-05,0.35279251707864995,0.06666666666666667
tassets,1,0,0,0,0,0,0,0,0,0,0,0,0,0,0,1,1,-0.5267,7,1,tassets,3.328340822100183e-05,0.35279251707864995,0.06666666666666667
cuissard,0,0,0,0,0,0,0,0,0,0,0,0,0,0,0,1,1,-0.5267,8,1,cuissard,3.328340822100183e-05,0.35279251707864995,0.0
hoofs,1,1,0,0,0,0,0,0,0,0,0,0,0,0,0,1,1,0.0,5,1,hoofs,3.328340822100183e-05,0.35279251707864995,0.13333333333333333
wagons,1,0,0,0,0,0,0,0,0,0,0,0,0,0,0,1,1,0.0,6,1,wagons,3.328340822100183e-05,0.35279251707864995,0.06666666666666667
rusty,0,0,1,0,0,0,0,0,0,0,0,0,0,0,0,1,1,0.0,5,1,rusty,3.328340822100183e-05,0.35279251707864995,0.06666666666666667
mobile,1,0,1,0,0,0,0,0,0,0,0,0,0,0,0,1,1,0.0,6,1,mobile,3.328340822100183e-05,0.35279251707864995,0.13333333333333333
rents,1,1,0,0,0,0,0,0,0,0,0,0,0,0,0,1,1,0.0,5,1,rents,3.328340822100183e-05,0.35279251707864995,0.13333333333333333
huddled,0,1,1,0,0,0,0,0,0,0,0,0,0,0,0,1,1,0.0,7,1,huddled,3.328340822100183e-05,0.35279251707864995,0.13333333333333333
manoeuvring,1,0,0,0,0,0,0,0,0,0,0,0,0,0,0,1,1,0.0,11,1,manoeuvring,3.328340822100183e-05,0.35279251707864995,0.06666666666666667
county,1,0,1,0,0,0,0,0,0,0,0,0,0,0,0,1,1,0.0,6,1,county,3.328340822100183e-05,0.35279251707864995,0.13333333333333333
apron,1,0,0,0,0,0,0,0,0,0,0,0,0,0,0,1,1,-0.4497,5,1,apron,3.328340822100183e-05,0.35279251707864995,0.06666666666666667
instance,1,0,0,0,0,0,0,0,0,0,0,0,0,0,0,1,1,-0.7506,8,1,instance,3.328340822100183e-05,0.35279251707864995,0.06666666666666667
ako,0,0,0,0,0,0,0,0,0,0,0,0,0,0,0,1,1,-0.7506,3,1,ako,3.328340822100183e-05,0.35279251707864995,0.0
leathern,0,0,1,0,0,0,0,0,0,0,0,0,0,0,0,1,1,-0.4497,8,1,leathern,3.328340822100183e-05,0.35279251707864995,0.06666666666666667
stoves,1,0,0,0,0,0,0,0,0,0,0,0,0,0,0,1,1,-0.5267,6,1,stoves,3.328340822100183e-05,0.35279251707864995,0.06666666666666667
pell,1,0,0,0,0,0,0,0,0,0,0,0,0,0,0,1,1,-0.5267,4,1,pell,3.328340822100183e-05,0.35279251707864995,0.06666666666666667
wreathed,0,1,1,0,0,0,0,0,0,0,0,0,0,0,0,1,1,0.0,8,1,wreathed,3.328340822100183e-05,0.35279251707864995,0.13333333333333333
column,1,0,0,0,0,0,0,0,0,0,0,0,0,0,0,1,1,-0.4019,6,1,column,3.328340822100183e-05,0.35279251707864995,0.06666666666666667
vague,1,0,1,0,0,0,0,0,0,0,0,0,0,0,0,1,1,-0.4019,5,1,vague,3.328340822100183e-05,0.35279251707864995,0.13333333333333333
blackened,0,0,1,0,0,0,0,0,0,0,0,0,0,0,0,1,1,-0.4767,9,1,blackened,3.328340822100183e-05,0.35279251707864995,0.06666666666666667
convinced,0,0,1,0,0,0,0,0,0,0,0,0,0,0,0,1,1,0.4019,9,1,convinced,3.328340822100183e-05,0.35279251707864995,0.06666666666666667
inten,0,0,0,0,0,0,0,0,0,0,0,0,0,0,0,1,1,0.4019,5,1,inten,3.328340822100183e-05,0.35279251707864995,0.0
tional,0,0,0,0,0,0,0,0,0,0,0,0,0,0,0,1,1,0.4019,6,1,tional,3.328340822100183e-05,0.35279251707864995,0.0
regi,0,0,0,0,0,0,0,0,0,0,0,0,0,0,0,1,1,0.0,4,1,regi,3.328340822100183e-05,0.35279251707864995,0.0
dle,0,0,0,0,0,0,0,0,0,0,0,0,0,0,0,1,1,-0.4019,3,1,dle,3.328340822100183e-05,0.35279251707864995,0.0
continuous,0,0,1,0,0,0,0,0,0,0,0,0,0,0,0,1,1,0.0,10,1,continuous,3.328340822100183e-05,0.35279251707864995,0.06666666666666667
xvith,0,0,0,0,0,0,0,0,0,0,0,0,0,0,0,1,1,0.0,5,1,xvith,3.328340822100183e-05,0.35279251707864995,0.0
action,1,1,0,0,0,0,0,0,0,0,0,0,0,0,0,1,1,0.0,6,1,action,3.328340822100183e-05,0.35279251707864995,0.13333333333333333
rifled,0,1,1,0,0,0,0,0,0,0,0,0,0,0,0,1,1,0.0,6,1,rifled,3.328340822100183e-05,0.35279251707864995,0.13333333333333333
orderlies,1,0,0,0,0,0,0,0,0,0,0,0,0,0,0,1,1,-0.4215,9,1,orderlies,3.328340822100183e-05,0.35279251707864995,0.06666666666666667
sped,0,1,0,0,0,0,0,0,0,0,0,0,0,0,0,1,1,-0.4215,4,1,sped,3.328340822100183e-05,0.35279251707864995,0.06666666666666667
meadows,1,0,0,0,0,0,0,0,0,0,0,0,0,0,0,1,1,0.0,7,1,meadows,3.328340822100183e-05,0.35279251707864995,0.06666666666666667
memory,1,0,0,0,0,0,0,0,0,0,0,0,0,0,0,1,1,0.0191,6,1,memory,3.328340822100183e-05,0.35279251707864995,0.06666666666666667
precise,0,0,1,0,0,0,0,0,0,0,0,0,0,0,0,1,1,0.0191,7,1,precise,3.328340822100183e-05,0.35279251707864995,0.06666666666666667
plates,1,1,0,0,0,0,0,0,0,0,0,0,0,0,0,1,1,-0.1002,6,1,plates,3.328340822100183e-05,0.35279251707864995,0.13333333333333333
armorer,1,0,0,0,0,0,0,0,0,0,0,0,0,0,0,1,1,0.9585,7,1,armorer,3.328340822100183e-05,0.35279251707864995,0.06666666666666667
visiting,1,0,1,0,0,0,0,0,0,0,0,0,0,0,0,1,1,0.9585,8,1,visiting,3.328340822100183e-05,0.35279251707864995,0.13333333333333333
sensation,1,0,0,0,0,0,0,0,0,0,0,0,0,0,0,1,1,0.9585,9,1,sensation,3.328340822100183e-05,0.35279251707864995,0.06666666666666667
tured,0,0,0,0,0,0,0,0,0,0,0,0,0,0,0,1,1,0.4588,5,1,tured,3.328340822100183e-05,0.35279251707864995,0.0
ceremonies,1,0,0,0,0,0,0,0,0,0,0,0,0,0,0,1,1,0.0,10,1,ceremonies,3.328340822100183e-05,0.35279251707864995,0.06666666666666667
uhlans,1,0,0,0,0,0,0,0,0,0,0,0,0,0,0,1,1,-0.3612,6,1,uhlans,3.328340822100183e-05,0.35279251707864995,0.06666666666666667
treasures,0,0,0,0,0,0,0,0,0,0,0,0,0,0,0,1,1,0.4215,9,1,treasures,3.328340822100183e-05,0.35279251707864995,0.0
amateurs,1,0,0,0,0,0,0,0,0,0,0,0,0,0,0,1,1,0.4215,8,1,amateurs,3.328340822100183e-05,0.35279251707864995,0.06666666666666667
negotiated,0,1,0,0,0,0,0,0,0,0,0,0,0,0,0,1,1,0.0,10,1,negotiated,3.328340822100183e-05,0.35279251707864995,0.06666666666666667
complete,0,1,1,0,0,0,0,0,0,0,0,0,0,0,0,1,1,0.0,8,1,complete,3.328340822100183e-05,0.35279251707864995,0.13333333333333333
demented,0,0,1,0,0,0,0,0,0,0,0,0,0,0,0,1,1,-0.1002,8,1,demented,3.328340822100183e-05,0.35279251707864995,0.06666666666666667
acquire,0,1,0,0,0,0,0,0,0,0,0,0,0,0,0,1,1,0.0,7,1,acquire,3.328340822100183e-05,0.35279251707864995,0.06666666666666667
trivial,1,0,1,0,0,0,0,0,0,0,0,0,0,0,0,1,1,0.0191,7,1,trivial,3.328340822100183e-05,0.35279251707864995,0.13333333333333333
stirrups,1,0,0,0,0,0,0,0,0,0,0,0,0,0,0,1,1,-0.3612,8,1,stirrups,3.328340822100183e-05,0.35279251707864995,0.06666666666666667
buglers,1,0,0,0,0,0,0,0,0,0,0,0,0,0,0,1,1,0.3612,7,1,buglers,3.328340822100183e-05,0.35279251707864995,0.06666666666666667
gal,1,0,0,0,0,0,0,0,0,0,0,0,0,0,0,1,1,0.3612,3,1,gal,3.328340822100183e-05,0.35279251707864995,0.06666666666666667
battal,0,0,0,0,0,0,0,0,0,0,0,0,0,0,0,1,1,0.0,6,1,battal,3.328340822100183e-05,0.35279251707864995,0.0
ion,1,0,0,0,0,0,0,0,0,0,0,0,0,0,0,1,1,0.0,3,1,ion,3.328340822100183e-05,0.35279251707864995,0.06666666666666667
crimsoned,0,0,0,0,0,0,0,0,0,0,0,0,0,0,0,1,1,0.0,9,1,crimsoned,3.328340822100183e-05,0.35279251707864995,0.0
stirrup,1,0,0,0,0,0,0,0,0,0,0,0,0,0,0,1,1,0.0,7,1,stirrup,3.328340822100183e-05,0.35279251707864995,0.06666666666666667
horribly,0,0,0,1,0,0,0,0,0,0,0,0,0,0,0,1,1,-0.3612,8,1,horribly,3.328340822100183e-05,0.35279251707864995,0.06666666666666667
loping,0,1,0,0,0,0,0,0,0,0,0,0,0,0,0,1,1,0.3612,6,1,loping,3.328340822100183e-05,0.35279251707864995,0.06666666666666667
orderly,1,0,1,1,0,0,0,0,0,0,0,0,0,0,0,1,1,0.3612,7,1,orderly,3.328340822100183e-05,0.35279251707864995,0.2
reined,0,1,0,0,0,0,0,0,0,0,0,0,0,0,0,1,1,0.3612,6,1,reined,3.328340822100183e-05,0.35279251707864995,0.06666666666666667
fused,0,1,1,0,0,0,0,0,0,0,0,0,0,0,0,1,1,0.3612,5,1,fused,3.328340822100183e-05,0.35279251707864995,0.13333333333333333
mists,0,1,0,0,0,0,0,0,0,0,0,0,0,0,0,1,1,0.3612,5,1,mists,3.328340822100183e-05,0.35279251707864995,0.06666666666666667
astrakan,0,0,0,0,0,0,0,0,0,0,0,0,0,0,0,1,1,-0.3612,8,1,astrakan,3.328340822100183e-05,0.35279251707864995,0.0
dolman,1,0,0,0,0,0,0,0,0,0,0,0,0,0,0,1,1,-0.3612,6,1,dolman,3.328340822100183e-05,0.35279251707864995,0.06666666666666667
sticking,0,1,1,0,0,0,0,0,0,0,0,0,0,0,0,1,1,-0.3612,8,1,sticking,3.328340822100183e-05,0.35279251707864995,0.13333333333333333
reared,0,1,0,0,0,0,0,0,0,0,0,0,0,0,0,1,1,0.0,6,1,reared,3.328340822100183e-05,0.35279251707864995,0.06666666666666667
ditch,1,1,0,0,0,0,0,0,0,0,0,0,0,0,0,1,1,0.0,5,1,ditch,3.328340822100183e-05,0.35279251707864995,0.13333333333333333
meadow,1,0,0,0,0,0,0,0,0,0,0,0,0,0,0,1,1,0.0,6,1,meadow,3.328340822100183e-05,0.35279251707864995,0.06666666666666667
killing,1,1,1,0,0,0,0,0,0,0,0,0,0,0,0,1,1,-0.8481,7,1,killing,3.328340822100183e-05,0.35279251707864995,0.2
crushing,0,1,1,0,0,0,0,0,0,0,0,0,0,0,0,1,1,-0.8481,8,1,crushing,3.328340822100183e-05,0.35279251707864995,0.13333333333333333
fling,1,1,0,0,0,0,0,0,0,0,0,0,0,0,0,1,1,0.4019,5,1,fling,3.328340822100183e-05,0.35279251707864995,0.13333333333333333
exhaustion,1,0,0,0,0,0,0,0,0,0,0,0,0,0,0,1,1,-0.3612,10,1,exhaustion,3.328340822100183e-05,0.35279251707864995,0.06666666666666667
caissons,1,0,0,0,0,0,0,0,0,0,0,0,0,0,0,1,1,-0.5118,8,1,caissons,3.328340822100183e-05,0.35279251707864995,0.06666666666666667
socks,1,1,0,0,0,0,0,0,0,0,0,0,0,0,0,1,1,0.0,5,1,socks,3.328340822100183e-05,0.35279251707864995,0.13333333333333333
halted,0,1,1,0,0,0,0,0,0,0,0,0,0,0,0,1,1,0.0,6,1,halted,3.328340822100183e-05,0.35279251707864995,0.13333333333333333
dismantled,0,0,1,0,0,0,0,0,0,0,0,0,0,0,0,1,1,0.0,10,1,dismantled,3.328340822100183e-05,0.35279251707864995,0.06666666666666667
terrific,0,0,1,0,0,0,0,0,0,0,0,0,0,0,0,1,1,0.4767,8,1,terrific,3.328340822100183e-05,0.35279251707864995,0.06666666666666667
uniform,1,1,1,0,0,0,0,0,0,0,0,0,0,0,0,1,1,-0.5267,7,1,uniform,3.328340822100183e-05,0.35279251707864995,0.2
helmet,1,0,0,0,0,0,0,0,0,0,0,0,0,0,0,1,1,-0.5267,6,1,helmet,3.328340822100183e-05,0.35279251707864995,0.06666666666666667
inches,1,0,0,0,0,0,0,0,0,0,0,0,0,0,0,1,1,-0.5267,6,1,inches,3.328340822100183e-05,0.35279251707864995,0.06666666666666667
cleaned,0,1,1,0,0,0,0,0,0,0,0,0,0,0,0,1,1,0.0,7,1,cleaned,3.328340822100183e-05,0.35279251707864995,0.13333333333333333
flask,1,0,0,0,0,0,0,0,0,0,0,0,0,0,0,1,1,-0.4767,5,1,flask,3.328340822100183e-05,0.35279251707864995,0.06666666666666667
ridden,0,1,1,0,0,0,0,0,0,0,0,0,0,0,0,1,1,0.0,6,1,ridden,3.328340822100183e-05,0.35279251707864995,0.13333333333333333
kicked,0,1,0,0,0,0,0,0,0,0,0,0,0,0,0,1,1,0.0,6,1,kicked,3.328340822100183e-05,0.35279251707864995,0.06666666666666667
bursting,0,1,1,0,0,0,0,0,0,0,0,0,0,0,0,1,1,0.0,8,1,bursting,3.328340822100183e-05,0.35279251707864995,0.13333333333333333
splashing,1,1,0,0,0,0,0,0,0,0,0,0,0,0,0,1,1,0.0,9,1,splashing,3.328340822100183e-05,0.35279251707864995,0.13333333333333333
dread,1,0,1,0,0,0,0,0,0,0,0,0,0,0,0,1,1,-0.6808,5,1,dread,3.328340822100183e-05,0.35279251707864995,0.13333333333333333
unknown,1,0,1,0,0,0,0,0,0,0,0,0,0,0,0,1,1,-0.6808,7,1,unknown,3.328340822100183e-05,0.35279251707864995,0.13333333333333333
scurity,0,0,0,0,0,0,0,0,0,0,0,0,0,0,0,1,1,-0.6808,7,1,scurity,3.328340822100183e-05,0.35279251707864995,0.0
auguration,0,0,0,0,0,0,0,0,0,0,0,0,0,0,0,1,1,0.0,10,1,auguration,3.328340822100183e-05,0.35279251707864995,0.0
request,1,1,0,0,0,0,0,0,0,0,0,0,0,0,0,1,1,0.0,7,1,request,3.328340822100183e-05,0.35279251707864995,0.13333333333333333
slighest,0,0,0,0,0,0,0,0,0,0,0,0,0,0,0,1,1,-0.25,8,1,slighest,3.328340822100183e-05,0.35279251707864995,0.0
continue,1,1,0,0,0,0,0,0,0,0,0,0,0,0,0,1,1,0.4404,8,1,continue,3.328340822100183e-05,0.35279251707864995,0.13333333333333333
sistently,0,0,0,0,0,0,0,0,0,0,0,0,0,0,0,1,1,0.4404,9,1,sistently,3.328340822100183e-05,0.35279251707864995,0.0
stainbridge,0,0,0,0,0,0,0,0,0,0,0,0,0,0,0,1,1,0.0,11,1,stainbridge,3.328340822100183e-05,0.35279251707864995,0.0
shaped,0,1,1,0,0,0,0,0,0,0,0,0,0,0,0,1,1,-0.3612,6,1,shaped,3.328340822100183e-05,0.35279251707864995,0.13333333333333333
rode,1,1,0,0,0,0,0,0,0,0,0,0,0,0,0,1,1,0.0,4,1,rode,3.328340822100183e-05,0.35279251707864995,0.13333333333333333
thrilling,0,1,1,0,0,0,0,0,0,0,0,0,0,0,0,1,1,0.9585,9,1,thrilling,3.328340822100183e-05,0.35279251707864995,0.13333333333333333
secretly,0,0,0,1,0,0,0,0,0,0,0,0,0,0,0,1,1,0.9585,8,1,secretly,3.328340822100183e-05,0.35279251707864995,0.06666666666666667
polishing,1,1,0,0,0,0,0,0,0,0,0,0,0,0,0,1,1,0.9585,9,1,polishing,3.328340822100183e-05,0.35279251707864995,0.13333333333333333
dilating,0,1,0,0,0,0,0,0,0,0,0,0,0,0,0,1,1,0.9585,8,1,dilating,3.328340822100183e-05,0.35279251707864995,0.06666666666666667
philippe,0,0,0,0,0,0,0,0,0,0,0,0,0,0,0,1,1,-0.2263,8,1,philippe,3.328340822100183e-05,0.35279251707864995,0.0
terrified,0,1,1,0,0,0,0,0,0,0,0,0,0,0,0,1,1,-0.7269,9,1,terrified,3.328340822100183e-05,0.35279251707864995,0.13333333333333333
streaming,0,1,1,0,0,0,0,0,0,0,0,0,0,0,0,1,1,-0.7269,9,1,streaming,3.328340822100183e-05,0.35279251707864995,0.13333333333333333
swam,0,1,0,0,0,0,0,0,0,0,0,0,0,0,0,1,1,0.4019,4,1,swam,3.328340822100183e-05,0.35279251707864995,0.06666666666666667
saddle,1,1,0,0,0,0,0,0,0,0,0,0,0,0,0,1,1,-0.5267,6,1,saddle,3.328340822100183e-05,0.35279251707864995,0.13333333333333333
twisted,0,1,1,0,0,0,0,0,0,0,0,0,0,0,0,1,1,-0.5267,7,1,twisted,3.328340822100183e-05,0.35279251707864995,0.13333333333333333
xvho,0,0,0,0,0,0,0,0,0,0,0,0,0,0,0,1,1,-0.2263,4,1,xvho,3.328340822100183e-05,0.35279251707864995,0.0
brushing,1,1,0,0,0,0,0,0,0,0,0,0,0,0,0,1,1,0.3182,8,1,brushing,3.328340822100183e-05,0.35279251707864995,0.13333333333333333
swish,1,0,1,0,0,0,0,0,0,0,0,0,0,0,0,1,1,0.9585,5,1,swish,3.328340822100183e-05,0.35279251707864995,0.13333333333333333
embroidery,1,0,0,0,0,0,0,0,0,0,0,0,0,0,0,1,1,0.4215,10,1,embroidery,3.328340822100183e-05,0.35279251707864995,0.06666666666666667
amine,1,0,0,0,0,0,0,0,0,0,0,0,0,0,0,1,1,0.4215,5,1,amine,3.328340822100183e-05,0.35279251707864995,0.06666666666666667
addition,1,0,0,0,0,0,0,0,0,0,0,0,0,0,0,1,1,0.4215,8,1,addition,3.328340822100183e-05,0.35279251707864995,0.06666666666666667
clot,1,1,0,0,0,0,0,0,0,0,0,0,0,0,0,1,1,-0.2263,4,1,clot,3.328340822100183e-05,0.35279251707864995,0.13333333333333333
hen,1,0,0,0,0,0,0,0,0,0,0,0,0,0,0,1,1,-0.4767,3,1,hen,3.328340822100183e-05,0.35279251707864995,0.06666666666666667
belfry,1,0,0,0,0,0,0,0,0,0,0,0,0,0,0,1,1,-0.4767,6,1,belfry,3.328340822100183e-05,0.35279251707864995,0.06666666666666667
army,1,0,0,0,0,0,0,0,0,0,0,0,0,0,0,1,1,-0.4767,4,1,army,3.328340822100183e-05,0.35279251707864995,0.06666666666666667
spattered,0,0,1,0,0,0,0,0,0,0,0,0,0,0,0,1,1,-0.3612,9,1,spattered,3.328340822100183e-05,0.35279251707864995,0.06666666666666667
slime,1,1,0,0,0,0,0,0,0,0,0,0,0,0,0,1,1,-0.3612,5,1,slime,3.328340822100183e-05,0.35279251707864995,0.13333333333333333
infuriated,0,1,1,0,0,0,0,0,0,0,0,0,0,0,0,1,1,-0.7184,10,1,infuriated,3.328340822100183e-05,0.35279251707864995,0.13333333333333333
tumble,1,1,0,0,0,0,0,0,0,0,0,0,0,0,0,1,1,-0.5267,6,1,tumble,3.328340822100183e-05,0.35279251707864995,0.13333333333333333
fantry,0,0,0,0,0,0,0,0,0,0,0,0,0,0,0,1,1,-0.5118,6,1,fantry,3.328340822100183e-05,0.35279251707864995,0.0
riotous,0,0,1,0,0,0,0,0,0,0,0,0,0,0,0,1,1,-0.5118,7,1,riotous,3.328340822100183e-05,0.35279251707864995,0.06666666666666667
turmoil,0,0,0,0,0,0,0,0,0,0,0,0,0,0,0,1,1,-0.5118,7,1,turmoil,3.328340822100183e-05,0.35279251707864995,0.0
horsemen,1,0,0,0,0,0,0,0,0,0,0,0,0,0,0,1,1,-0.5118,8,1,horsemen,3.328340822100183e-05,0.35279251707864995,0.06666666666666667
dumb,0,0,1,0,0,0,0,0,0,0,0,0,0,0,0,1,1,-0.5118,4,1,dumb,3.328340822100183e-05,0.35279251707864995,0.06666666666666667
riers,0,0,0,0,0,0,0,0,0,0,0,0,0,0,0,1,1,-0.5118,5,1,riers,3.328340822100183e-05,0.35279251707864995,0.0
cutting,1,1,1,0,0,0,0,0,0,0,0,0,0,0,0,1,1,-0.2263,7,1,cutting,3.328340822100183e-05,0.35279251707864995,0.2
naked,0,0,1,0,0,0,0,0,0,0,0,0,0,0,0,1,1,-0.2263,5,1,naked,3.328340822100183e-05,0.35279251707864995,0.06666666666666667
exploded,0,1,1,0,0,0,0,0,0,0,0,0,0,0,0,1,1,-0.2263,8,1,exploded,3.328340822100183e-05,0.35279251707864995,0.13333333333333333
fold,1,1,1,0,0,0,0,0,0,0,0,0,0,0,0,1,1,0.0,4,1,fold,3.328340822100183e-05,0.35279251707864995,0.2
filling,1,1,0,0,0,0,0,0,0,0,0,0,0,0,0,1,1,0.0,7,1,filling,3.328340822100183e-05,0.35279251707864995,0.13333333333333333
swarming,1,0,1,0,0,0,0,0,0,0,0,0,0,0,0,1,1,0.0,8,1,swarming,3.328340822100183e-05,0.35279251707864995,0.13333333333333333
jn,0,0,0,0,0,0,0,0,0,0,0,0,0,0,0,1,1,0.0,2,0,jn,3.328340822100183e-05,0.35279251707864995,0.0
parnasse,0,0,0,0,0,0,0,0,0,0,0,0,0,0,0,1,1,0.0,8,1,parnasse,3.328340822100183e-05,0.35279251707864995,0.0
projectiles,1,0,0,0,0,0,0,0,0,0,0,0,0,0,0,1,1,0.0,11,1,projectiles,3.328340822100183e-05,0.35279251707864995,0.06666666666666667
cocked,0,1,0,0,0,0,0,0,0,0,0,0,0,0,0,1,1,0.0,6,1,cocked,3.328340822100183e-05,0.35279251707864995,0.06666666666666667
sharp,1,0,1,1,0,0,0,0,0,0,0,0,0,0,0,1,1,-0.7351,5,1,sharp,3.328340822100183e-05,0.35279251707864995,0.2
visit,1,1,0,0,0,0,0,0,0,0,0,0,0,0,0,1,1,0.0,5,1,visit,3.328340822100183e-05,0.35279251707864995,0.13333333333333333
overcoat,1,0,0,0,0,0,0,0,0,0,0,0,0,0,0,1,1,0.0,8,1,overcoat,3.328340822100183e-05,0.35279251707864995,0.06666666666666667
fortifi,0,0,0,0,0,0,0,0,0,0,0,0,0,0,0,1,1,0.0,7,1,fortifi,3.328340822100183e-05,0.35279251707864995,0.0
slate,1,1,1,0,0,0,0,0,0,0,0,0,0,0,0,1,1,-0.2263,5,1,slate,3.328340822100183e-05,0.35279251707864995,0.2
plunged,0,1,0,0,0,0,0,0,0,0,0,0,0,0,0,1,1,-0.2263,7,1,plunged,3.328340822100183e-05,0.35279251707864995,0.06666666666666667
personally,0,0,0,1,0,0,0,0,0,0,0,0,0,0,0,1,1,0.7845,10,1,personally,3.328340822100183e-05,0.35279251707864995,0.06666666666666667
atten,0,0,0,0,0,0,0,0,0,0,0,0,0,0,0,1,1,0.7845,5,1,atten,3.328340822100183e-05,0.35279251707864995,0.0
aperture,1,0,0,0,0,0,0,0,0,0,0,0,0,0,0,1,1,-0.7351,8,1,aperture,3.328340822100183e-05,0.35279251707864995,0.06666666666666667
resounded,0,1,0,0,0,0,0,0,0,0,0,0,0,0,0,1,1,0.0,9,1,resounded,3.328340822100183e-05,0.35279251707864995,0.06666666666666667
crack,1,1,1,0,0,0,0,0,0,0,0,0,0,0,0,1,1,0.0,5,1,crack,3.328340822100183e-05,0.35279251707864995,0.2
rained,0,1,0,0,0,0,0,0,0,0,0,0,0,0,0,1,1,-0.3612,6,1,rained,3.328340822100183e-05,0.35279251707864995,0.06666666666666667
displayed,0,1,1,0,0,0,0,0,0,0,0,0,0,0,0,1,1,0.1877,9,1,displayed,3.328340822100183e-05,0.35279251707864995,0.13333333333333333
forted,0,1,0,0,0,0,0,0,0,0,0,0,0,0,0,1,1,0.1877,6,1,forted,3.328340822100183e-05,0.35279251707864995,0.06666666666666667
cellars,1,0,0,0,0,0,0,0,0,0,0,0,0,0,0,1,1,0.1877,7,1,cellars,3.328340822100183e-05,0.35279251707864995,0.06666666666666667
claimed,0,1,0,0,0,0,0,0,0,0,0,0,0,0,0,1,1,-0.7351,7,1,claimed,3.328340822100183e-05,0.35279251707864995,0.06666666666666667
support,1,1,0,0,0,0,0,0,0,0,0,0,0,0,0,1,1,0.4019,7,1,support,3.328340822100183e-05,0.35279251707864995,0.13333333333333333
rammer,1,0,0,0,0,0,0,0,0,0,0,0,0,0,0,1,1,-0.8047,6,1,rammer,3.328340822100183e-05,0.35279251707864995,0.06666666666666667
fighting,1,1,1,0,0,0,0,0,0,0,0,0,0,0,0,1,1,-0.2263,8,1,fighting,3.328340822100183e-05,0.35279251707864995,0.2
blows,1,1,0,0,0,0,0,0,0,0,0,0,0,0,0,1,1,-0.2263,5,1,blows,3.328340822100183e-05,0.35279251707864995,0.13333333333333333
clinking,1,1,1,0,0,0,0,0,0,0,0,0,0,0,0,1,1,-0.7351,8,1,clinking,3.328340822100183e-05,0.35279251707864995,0.2
struggled,0,1,0,0,0,0,0,0,0,0,0,0,0,0,0,1,1,-0.7351,9,1,struggled,3.328340822100183e-05,0.35279251707864995,0.06666666666666667
shoving,0,1,0,0,0,0,0,0,0,0,0,0,0,0,0,1,1,-0.7351,7,1,shoving,3.328340822100183e-05,0.35279251707864995,0.06666666666666667
volver,0,0,0,0,0,0,0,0,0,0,0,0,0,0,0,1,1,-0.7351,6,1,volver,3.328340822100183e-05,0.35279251707864995,0.0
blush,1,1,0,0,0,0,0,0,0,0,0,0,0,0,0,1,1,0.4939,5,1,blush,3.328340822100183e-05,0.35279251707864995,0.13333333333333333
anathemas,1,0,0,0,0,0,0,0,0,0,0,0,0,0,0,1,1,0.296,9,1,anathemas,3.328340822100183e-05,0.35279251707864995,0.06666666666666667
zigzagged,0,1,0,0,0,0,0,0,0,0,0,0,0,0,0,1,1,0.0,9,1,zigzagged,3.328340822100183e-05,0.35279251707864995,0.06666666666666667
scrambled,0,1,1,0,0,0,0,0,0,0,0,0,0,0,0,1,1,0.34,9,1,scrambled,3.328340822100183e-05,0.35279251707864995,0.13333333333333333
stomach,1,1,0,0,0,0,0,0,0,0,0,0,0,0,0,1,1,0.34,7,1,stomach,3.328340822100183e-05,0.35279251707864995,0.13333333333333333
easily,0,0,0,1,0,0,0,0,0,0,0,0,0,0,0,1,1,0.34,6,1,easily,3.328340822100183e-05,0.35279251707864995,0.06666666666666667
flooded,0,1,1,0,0,0,0,0,0,0,0,0,0,0,0,1,1,-0.5106,7,1,flooded,3.328340822100183e-05,0.35279251707864995,0.13333333333333333
stench,1,0,0,0,0,0,0,0,0,0,0,0,0,0,0,1,1,-0.5106,6,1,stench,3.328340822100183e-05,0.35279251707864995,0.06666666666666667
flitting,1,1,1,0,0,0,0,0,0,0,0,0,0,0,0,1,1,0.0,8,1,flitting,3.328340822100183e-05,0.35279251707864995,0.2
forms,1,1,0,0,0,0,0,0,0,0,0,0,0,0,0,1,1,0.0,5,1,forms,3.328340822100183e-05,0.35279251707864995,0.13333333333333333
debris,1,0,0,0,0,0,0,0,0,0,0,0,0,0,0,1,1,0.0,6,1,debris,3.328340822100183e-05,0.35279251707864995,0.06666666666666667
absolute,1,0,1,0,0,0,0,0,0,0,0,0,0,0,0,1,1,0.0,8,1,absolute,3.328340822100183e-05,0.35279251707864995,0.13333333333333333
hammer,1,1,0,0,0,0,0,0,0,0,0,0,0,0,0,1,1,0.0,6,1,hammer,3.328340822100183e-05,0.35279251707864995,0.13333333333333333
fussed,0,1,0,0,0,0,0,0,0,0,0,0,0,0,0,1,1,0.0,6,1,fussed,3.328340822100183e-05,0.35279251707864995,0.06666666666666667
embroidering,1,0,0,0,0,0,0,0,0,0,0,0,0,0,0,1,1,-0.5267,12,1,embroidering,3.328340822100183e-05,0.35279251707864995,0.06666666666666667
riveting,1,0,1,0,0,0,0,0,0,0,0,0,0,0,0,1,1,-0.5267,8,1,riveting,3.328340822100183e-05,0.35279251707864995,0.13333333333333333
peered,0,1,0,0,0,0,0,0,0,0,0,0,0,0,0,1,1,-0.4939,6,1,peered,3.328340822100183e-05,0.35279251707864995,0.06666666666666667
fearfully,0,0,0,1,0,0,0,0,0,0,0,0,0,0,0,1,1,-0.4939,9,1,fearfully,3.328340822100183e-05,0.35279251707864995,0.06666666666666667
clang,1,1,0,0,0,0,0,0,0,0,0,0,0,0,0,1,1,-0.4939,5,1,clang,3.328340822100183e-05,0.35279251707864995,0.13333333333333333
parade,1,1,0,0,0,0,0,0,0,0,0,0,0,0,0,1,1,-0.4939,6,1,parade,3.328340822100183e-05,0.35279251707864995,0.13333333333333333
ically,0,0,0,0,0,0,0,0,0,0,0,0,0,0,0,1,1,-0.0516,6,1,ically,3.328340822100183e-05,0.35279251707864995,0.0
slabs,1,0,0,0,0,0,0,0,0,0,0,0,0,0,0,1,1,-0.0516,5,1,slabs,3.328340822100183e-05,0.35279251707864995,0.06666666666666667
rejoined,0,1,0,0,0,0,0,0,0,0,0,0,0,0,0,1,1,-0.0516,8,1,rejoined,3.328340822100183e-05,0.35279251707864995,0.06666666666666667
berth,1,1,0,0,0,0,0,0,0,0,0,0,0,0,0,1,1,0.0,5,1,berth,3.328340822100183e-05,0.35279251707864995,0.13333333333333333
champs,1,1,0,0,0,0,0,0,0,0,0,0,0,0,0,1,1,0.0516,6,1,champs,3.328340822100183e-05,0.35279251707864995,0.13333333333333333
concorde,0,0,0,0,0,0,0,0,0,0,0,0,0,0,0,1,1,0.0516,8,1,concorde,3.328340822100183e-05,0.35279251707864995,0.0
straggled,0,0,0,0,0,0,0,0,0,0,0,0,0,0,0,1,1,0.0516,9,1,straggled,3.328340822100183e-05,0.35279251707864995,0.0
fragments,1,0,0,0,0,0,0,0,0,0,0,0,0,0,0,1,1,0.0516,9,1,fragments,3.328340822100183e-05,0.35279251707864995,0.06666666666666667
borne,0,0,0,0,0,0,0,0,0,0,0,0,0,0,0,1,1,0.0,5,1,borne,3.328340822100183e-05,0.35279251707864995,0.0
ragged,0,1,1,0,0,0,0,0,0,0,0,0,0,0,0,1,1,0.0,6,1,ragged,3.328340822100183e-05,0.35279251707864995,0.13333333333333333
lout,1,0,0,0,0,0,0,0,0,0,0,0,0,0,0,1,1,0.296,4,1,lout,3.328340822100183e-05,0.35279251707864995,0.06666666666666667
file,1,1,0,0,0,0,0,0,0,0,0,0,0,0,0,1,1,0.0,4,1,file,3.328340822100183e-05,0.35279251707864995,0.13333333333333333
filed,0,1,0,0,0,0,0,0,0,0,0,0,0,0,0,1,1,-0.836,5,1,filed,3.328340822100183e-05,0.35279251707864995,0.06666666666666667
crowd,1,1,0,0,0,0,0,0,0,0,0,0,0,0,0,1,1,-0.836,5,1,crowd,3.328340822100183e-05,0.35279251707864995,0.13333333333333333
ours,0,0,0,0,0,0,0,0,0,0,0,0,0,0,1,1,1,0.0,4,1,ours,3.328340822100183e-05,0.35279251707864995,0.06666666666666667
spectre,1,0,0,0,0,0,0,0,0,0,0,0,0,0,0,1,1,0.0,7,1,spectre,3.328340822100183e-05,0.35279251707864995,0.06666666666666667
annihilation,1,0,0,0,0,0,0,0,0,0,0,0,0,0,0,1,1,0.0,12,1,annihilation,3.328340822100183e-05,0.35279251707864995,0.06666666666666667
shadowy,0,0,1,0,0,0,0,0,0,0,0,0,0,0,0,1,1,-0.3818,7,1,shadowy,3.328340822100183e-05,0.35279251707864995,0.06666666666666667
tottered,0,0,0,0,0,0,0,0,0,0,0,0,0,0,0,1,1,-0.8674,8,1,tottered,3.328340822100183e-05,0.35279251707864995,0.0
outward,0,0,1,1,0,0,0,0,0,0,0,0,0,0,0,1,1,-0.8674,7,1,outward,3.328340822100183e-05,0.35279251707864995,0.13333333333333333
pillow,1,1,0,0,0,0,0,0,0,0,0,0,0,0,0,1,1,0.0,6,1,pillow,3.328340822100183e-05,0.35279251707864995,0.13333333333333333
benefited,0,0,0,0,0,0,0,0,0,0,0,0,0,0,0,1,1,0.0,9,1,benefited,3.328340822100183e-05,0.35279251707864995,0.0
providing,0,1,0,0,0,0,0,0,0,0,0,0,0,0,0,1,1,-0.765,9,1,providing,3.328340822100183e-05,0.35279251707864995,0.06666666666666667
destruction,1,0,0,0,0,0,0,0,0,0,0,0,0,0,0,1,1,-0.765,11,1,destruction,3.328340822100183e-05,0.35279251707864995,0.06666666666666667
existence,0,0,0,0,0,0,0,0,0,0,0,0,0,0,0,1,1,-0.765,9,1,existence,3.328340822100183e-05,0.35279251707864995,0.0
fitth,0,0,0,0,0,0,0,0,0,0,0,0,0,0,0,1,1,-0.836,5,1,fitth,3.328340822100183e-05,0.35279251707864995,0.0
western,1,0,1,0,0,0,0,0,0,0,0,0,0,0,0,1,1,-0.836,7,1,western,3.328340822100183e-05,0.35279251707864995,0.13333333333333333
clares,1,0,0,0,0,0,0,0,0,0,0,0,0,0,0,1,1,-0.2732,6,1,clares,3.328340822100183e-05,0.35279251707864995,0.06666666666666667
stree,0,0,0,0,0,0,0,0,0,0,0,0,0,0,0,1,1,0.34,5,1,stree,3.328340822100183e-05,0.35279251707864995,0.0
generally,0,0,0,1,0,0,0,0,0,0,0,0,0,0,0,1,1,0.34,9,1,generally,3.328340822100183e-05,0.35279251707864995,0.06666666666666667
understood,0,1,1,0,0,0,0,0,0,0,0,0,0,0,0,1,1,0.34,10,1,understood,3.328340822100183e-05,0.35279251707864995,0.13333333333333333
ha,0,0,0,0,0,0,0,0,0,0,0,0,0,0,0,1,1,0.34,2,0,ha,3.328340822100183e-05,0.35279251707864995,0.0
plaster,1,1,0,0,0,0,0,0,0,0,0,0,0,0,0,1,1,0.0,7,1,plaster,3.328340822100183e-05,0.35279251707864995,0.13333333333333333
third,1,0,1,1,0,0,0,0,0,0,0,0,0,0,0,1,1,0.0,5,1,third,3.328340822100183e-05,0.35279251707864995,0.2
iloor,0,0,0,0,0,0,0,0,0,0,0,0,0,0,0,1,1,0.0,5,1,iloor,3.328340822100183e-05,0.35279251707864995,0.0
hinges,1,1,0,0,0,0,0,0,0,0,0,0,0,0,0,1,1,0.0,6,1,hinges,3.328340822100183e-05,0.35279251707864995,0.13333333333333333
torches,1,1,0,0,0,0,0,0,0,0,0,0,0,0,0,1,1,-0.5106,7,1,torches,3.328340822100183e-05,0.35279251707864995,0.13333333333333333
montparnasse,0,0,0,0,0,0,0,0,0,0,0,0,0,0,0,1,1,0.34,12,1,montparnasse,3.328340822100183e-05,0.35279251707864995,0.0
fare,1,1,0,0,0,0,0,0,0,0,0,0,0,0,0,1,1,0.0,4,1,fare,3.328340822100183e-05,0.35279251707864995,0.13333333333333333
visits,1,1,0,0,0,0,0,0,0,0,0,0,0,0,0,1,1,0.0,6,1,visits,3.328340822100183e-05,0.35279251707864995,0.13333333333333333
rambled,0,0,0,0,0,0,0,0,0,0,0,0,0,0,0,1,1,0.0,7,1,rambled,3.328340822100183e-05,0.35279251707864995,0.0
mnxious,0,0,0,0,0,0,0,0,0,0,0,0,0,0,0,1,1,0.0,7,1,mnxious,3.328340822100183e-05,0.35279251707864995,0.0
nous,1,0,0,0,0,0,0,0,0,0,0,0,0,0,0,1,1,0.0,4,1,nous,3.328340822100183e-05,0.35279251707864995,0.06666666666666667
pariah,1,0,0,0,0,0,0,0,0,0,0,0,0,0,0,1,1,0.34,6,1,pariah,3.328340822100183e-05,0.35279251707864995,0.06666666666666667
establish,0,1,0,0,0,0,0,0,0,0,0,0,0,0,0,1,1,0.2023,9,1,establish,3.328340822100183e-05,0.35279251707864995,0.06666666666666667
town,1,0,0,0,0,0,0,0,0,0,0,0,0,0,0,1,1,0.2023,4,1,town,3.328340822100183e-05,0.35279251707864995,0.06666666666666667
intolerable,0,0,1,0,0,0,0,0,0,0,0,0,0,0,0,1,1,-0.765,11,1,intolerable,3.328340822100183e-05,0.35279251707864995,0.06666666666666667
believed,0,1,0,0,0,0,0,0,0,0,0,0,0,0,0,1,1,0.0,8,1,believed,3.328340822100183e-05,0.35279251707864995,0.06666666666666667
shied,0,1,0,0,0,0,0,0,0,0,0,0,0,0,0,1,1,0.5859,5,1,shied,3.328340822100183e-05,0.35279251707864995,0.06666666666666667
violently,0,0,0,1,0,0,0,0,0,0,0,0,0,0,0,1,1,0.5859,9,1,violently,3.328340822100183e-05,0.35279251707864995,0.06666666666666667
vice,1,0,1,0,0,0,0,0,0,0,0,0,0,0,0,1,1,0.5859,4,1,vice,3.328340822100183e-05,0.35279251707864995,0.13333333333333333
uits,0,0,0,0,0,0,0,0,0,0,0,0,0,0,0,1,1,0.5859,4,1,uits,3.328340822100183e-05,0.35279251707864995,0.0
view,1,1,0,0,0,0,0,0,0,0,0,0,0,0,0,1,1,0.0,4,1,view,3.328340822100183e-05,0.35279251707864995,0.13333333333333333
spectators,1,0,0,0,0,0,0,0,0,0,0,0,0,0,0,1,1,0.4118,10,1,spectators,3.328340822100183e-05,0.35279251707864995,0.06666666666666667
lancers,1,0,0,0,0,0,0,0,0,0,0,0,0,0,0,1,1,0.4118,7,1,lancers,3.328340822100183e-05,0.35279251707864995,0.06666666666666667
hollow,1,1,1,0,0,0,0,0,0,0,0,0,0,0,0,1,1,0.4118,6,1,hollow,3.328340822100183e-05,0.35279251707864995,0.2
victims,1,0,0,0,0,0,0,0,0,0,0,0,0,0,0,1,1,0.2023,7,1,victims,3.328340822100183e-05,0.35279251707864995,0.06666666666666667
provided,0,1,0,0,0,0,0,0,0,0,0,0,0,0,0,1,1,0.2023,8,1,provided,3.328340822100183e-05,0.35279251707864995,0.06666666666666667
removal,1,0,0,0,0,0,0,0,0,0,0,0,0,0,0,1,1,0.0,7,1,removal,3.328340822100183e-05,0.35279251707864995,0.06666666666666667
suicides,0,0,0,0,0,0,0,0,0,0,0,0,0,0,0,1,1,0.2023,8,1,suicides,3.328340822100183e-05,0.35279251707864995,0.0
jairne,0,0,0,0,0,0,0,0,0,0,0,0,0,0,0,1,1,0.0,6,1,jairne,3.328340822100183e-05,0.35279251707864995,0.0
foi,0,0,0,0,0,0,0,0,0,0,0,0,0,0,0,1,1,0.0,3,1,foi,3.328340822100183e-05,0.35279251707864995,0.0
americains,0,0,0,0,0,0,0,0,0,0,0,0,0,0,0,1,1,0.0,10,1,americains,3.328340822100183e-05,0.35279251707864995,0.0
surtout,1,0,0,0,0,0,0,0,0,0,0,0,0,0,0,1,1,0.0,7,1,surtout,3.328340822100183e-05,0.35279251707864995,0.06666666666666667
sairvants,0,0,0,0,0,0,0,0,0,0,0,0,0,0,0,1,1,0.0,9,1,sairvants,3.328340822100183e-05,0.35279251707864995,0.0
respectability,1,0,0,0,0,0,0,0,0,0,0,0,0,0,0,1,1,0.5267,14,1,respectability,3.328340822100183e-05,0.35279251707864995,0.06666666666666667
bis,1,0,0,1,0,0,0,0,0,0,0,0,0,0,0,1,1,-0.4767,3,1,bis,3.328340822100183e-05,0.35279251707864995,0.13333333333333333
electric,1,0,1,0,0,0,0,0,0,0,0,0,0,0,0,1,1,0.0,8,1,electric,3.328340822100183e-05,0.35279251707864995,0.13333333333333333
steaming,1,1,1,1,0,0,0,0,0,0,0,0,0,0,0,1,1,-0.8674,8,1,steaming,3.328340822100183e-05,0.35279251707864995,0.26666666666666666
plus,1,0,1,0,0,0,1,0,0,0,0,0,0,0,0,1,1,0.0,4,1,plus,3.328340822100183e-05,0.35279251707864995,0.2
inoins,0,0,0,0,0,0,0,0,0,0,0,0,0,0,0,1,1,0.0,6,1,inoins,3.328340822100183e-05,0.35279251707864995,0.0
yott,0,0,0,0,0,0,0,0,0,0,0,0,0,0,0,1,1,0.0,4,1,yott,3.328340822100183e-05,0.35279251707864995,0.0
comme,0,0,0,0,0,0,0,0,0,0,0,0,0,0,0,1,1,0.0,5,1,comme,3.328340822100183e-05,0.35279251707864995,0.0
hort,0,0,0,0,0,0,0,0,0,0,0,0,0,0,0,1,1,0.0,4,1,hort,3.328340822100183e-05,0.35279251707864995,0.0
yess,0,0,0,0,0,0,0,0,0,0,0,0,0,0,0,1,1,0.0,4,1,yess,3.328340822100183e-05,0.35279251707864995,0.0
ho,1,0,0,0,0,0,0,0,0,0,0,0,0,0,0,1,1,0.0,2,1,ho,3.328340822100183e-05,0.35279251707864995,0.06666666666666667
blount,0,0,0,0,0,0,0,0,0,0,0,0,0,0,0,1,1,0.4118,6,1,blount,3.328340822100183e-05,0.35279251707864995,0.0
major,1,1,1,0,0,0,0,0,0,0,0,0,0,0,0,1,1,0.4118,5,1,major,3.328340822100183e-05,0.35279251707864995,0.2
commanding,0,1,1,0,0,0,0,0,0,0,0,0,0,0,0,1,1,0.4118,10,1,commanding,3.328340822100183e-05,0.35279251707864995,0.13333333333333333
brooklyn,1,0,0,0,0,0,0,0,0,0,0,0,0,0,0,1,1,0.4118,8,1,brooklyn,3.328340822100183e-05,0.35279251707864995,0.06666666666666667
inspector,1,0,0,0,0,0,0,0,0,0,0,0,0,0,0,1,1,0.4118,9,1,inspector,3.328340822100183e-05,0.35279251707864995,0.06666666666666667
police,1,0,0,0,0,0,0,0,0,0,0,0,0,0,0,1,1,0.4118,6,1,police,3.328340822100183e-05,0.35279251707864995,0.06666666666666667
character,1,1,0,0,0,0,0,0,0,0,0,0,0,0,0,1,1,0.0258,9,1,character,3.328340822100183e-05,0.35279251707864995,0.13333333333333333
pensionaires,0,0,0,0,0,0,0,0,0,0,0,0,0,0,0,1,1,0.0,12,1,pensionaires,3.328340822100183e-05,0.35279251707864995,0.0
restaurants,1,0,0,0,0,0,0,0,0,0,0,0,0,0,0,1,1,-0.2023,11,1,restaurants,3.328340822100183e-05,0.35279251707864995,0.06666666666666667
italian,1,0,1,0,0,0,0,0,0,0,0,0,0,0,0,1,1,-0.2023,7,1,italian,3.328340822100183e-05,0.35279251707864995,0.13333333333333333
enclosed,0,1,1,0,0,0,0,0,0,0,0,0,0,0,0,1,1,-0.2023,8,1,enclosed,3.328340822100183e-05,0.35279251707864995,0.13333333333333333
garrison,1,1,0,0,0,0,0,0,0,0,0,0,0,0,0,1,1,0.4118,8,1,garrison,3.328340822100183e-05,0.35279251707864995,0.13333333333333333
buftby,0,0,0,0,0,0,0,0,0,0,0,0,0,0,0,1,1,0.4118,6,1,buftby,3.328340822100183e-05,0.35279251707864995,0.0
free,1,1,1,1,0,0,0,0,0,0,0,0,0,0,0,1,1,0.4118,4,1,free,3.328340822100183e-05,0.35279251707864995,0.26666666666666666
works,1,1,0,0,0,0,0,0,0,0,0,0,0,0,0,1,1,0.4118,5,1,works,3.328340822100183e-05,0.35279251707864995,0.13333333333333333
livingston,1,0,0,0,0,0,0,0,0,0,0,0,0,0,0,1,1,0.4118,10,1,livingston,3.328340822100183e-05,0.35279251707864995,0.06666666666666667
morality,1,0,0,0,0,0,0,0,0,0,0,0,0,0,0,1,1,0.1779,8,1,morality,3.328340822100183e-05,0.35279251707864995,0.06666666666666667
il,0,0,0,0,0,0,0,0,0,0,0,0,0,0,0,1,1,-0.1513,2,0,il,3.328340822100183e-05,0.35279251707864995,0.0
existe,0,0,0,0,0,0,0,0,0,0,0,0,0,0,0,1,1,-0.1513,6,1,existe,3.328340822100183e-05,0.35279251707864995,0.0
myclientelle,0,0,0,0,0,0,0,0,0,0,0,0,0,0,0,1,1,0.0,12,1,myclientelle,3.328340822100183e-05,0.35279251707864995,0.0
ome,0,0,0,0,0,0,0,0,0,0,0,0,0,0,0,1,1,0.0,3,1,ome,3.328340822100183e-05,0.35279251707864995,0.0
mentor,1,1,0,0,0,0,0,0,0,0,0,0,0,0,0,1,1,0.0258,6,1,mentor,3.328340822100183e-05,0.35279251707864995,0.13333333333333333
nxea,0,0,0,0,0,0,0,0,0,0,0,0,0,0,0,1,1,0.0258,4,1,nxea,3.328340822100183e-05,0.35279251707864995,0.0
careful,0,0,1,0,0,0,0,0,0,0,0,0,0,0,0,1,1,0.0258,7,1,careful,3.328340822100183e-05,0.35279251707864995,0.06666666666666667
pas,1,0,0,0,0,0,0,0,0,0,0,0,0,0,0,1,1,-0.1513,3,1,pas,3.328340822100183e-05,0.35279251707864995,0.06666666666666667
eyeing,0,0,0,0,0,0,0,0,0,0,0,0,0,0,0,1,1,0.5106,6,1,eyeing,3.328340822100183e-05,0.35279251707864995,0.0
brief,1,1,1,0,0,0,0,0,0,0,0,0,0,0,0,1,1,0.1655,5,1,brief,3.328340822100183e-05,0.35279251707864995,0.2
vigorous,0,0,1,0,0,0,0,0,0,0,0,0,0,0,0,1,1,0.1655,8,1,vigorous,3.328340822100183e-05,0.35279251707864995,0.06666666666666667
handshake,1,0,0,0,0,0,0,0,0,0,0,0,0,0,0,1,1,0.1655,9,1,handshake,3.328340822100183e-05,0.35279251707864995,0.06666666666666667
joel,1,0,0,0,0,0,0,0,0,0,0,0,0,0,0,1,1,0.0,4,1,joel,3.328340822100183e-05,0.35279251707864995,0.06666666666666667
shuffling,1,1,1,0,0,0,0,0,0,0,0,0,0,0,0,1,1,0.0,9,1,shuffling,3.328340822100183e-05,0.35279251707864995,0.2
stain,1,1,0,0,0,0,0,0,0,0,0,0,0,0,0,1,1,0.0258,5,1,stain,3.328340822100183e-05,0.35279251707864995,0.13333333333333333
rolls,1,1,0,0,0,0,0,0,0,0,0,0,0,0,0,1,1,0.5859,5,1,rolls,3.328340822100183e-05,0.35279251707864995,0.13333333333333333
diffidently,0,0,0,1,0,0,0,0,0,0,0,0,0,0,0,1,1,0.0,11,1,diffidently,3.328340822100183e-05,0.35279251707864995,0.06666666666666667
pathetic,0,0,1,0,0,0,0,0,0,0,0,0,0,0,0,1,1,-0.5719,8,1,pathetic,3.328340822100183e-05,0.35279251707864995,0.06666666666666667
tact,1,0,0,0,0,0,0,0,0,0,0,0,0,0,0,1,1,-0.5719,4,1,tact,3.328340822100183e-05,0.35279251707864995,0.06666666666666667
tray,1,0,0,0,0,0,0,0,0,0,0,0,0,0,0,1,1,-0.5719,4,1,tray,3.328340822100183e-05,0.35279251707864995,0.06666666666666667
balanced,0,1,1,0,0,0,0,0,0,0,0,0,0,0,0,1,1,-0.5719,8,1,balanced,3.328340822100183e-05,0.35279251707864995,0.13333333333333333
invitation,1,0,1,0,0,0,0,0,0,0,0,0,0,0,0,1,1,0.5719,10,1,invitation,3.328340822100183e-05,0.35279251707864995,0.13333333333333333
spikes,1,1,0,0,0,0,0,0,0,0,0,0,0,0,0,1,1,0.5719,6,1,spikes,3.328340822100183e-05,0.35279251707864995,0.13333333333333333
leered,0,1,0,0,0,0,0,0,0,0,0,0,0,0,0,1,1,-0.5719,6,1,leered,3.328340822100183e-05,0.35279251707864995,0.06666666666666667
ankles,1,0,0,0,0,0,0,0,0,0,0,0,0,0,0,1,1,-0.5719,6,1,ankles,3.328340822100183e-05,0.35279251707864995,0.06666666666666667
deposited,0,0,0,0,0,0,0,0,0,0,0,0,0,0,0,1,1,0.0,9,1,deposited,3.328340822100183e-05,0.35279251707864995,0.0
counterpart,1,0,0,0,0,0,0,0,0,0,0,0,0,0,0,1,1,-0.4767,11,1,counterpart,3.328340822100183e-05,0.35279251707864995,0.06666666666666667
disappointed,0,1,1,0,0,0,0,0,0,0,0,0,0,0,0,1,1,-0.4767,12,1,disappointed,3.328340822100183e-05,0.35279251707864995,0.13333333333333333
intensified,0,1,1,0,0,0,0,0,0,0,0,0,0,0,0,1,1,-0.5719,11,1,intensified,3.328340822100183e-05,0.35279251707864995,0.13333333333333333
pleas,1,0,0,0,0,0,0,0,0,0,0,0,0,0,0,1,1,0.0,5,1,pleas,3.328340822100183e-05,0.35279251707864995,0.06666666666666667
astang,0,0,0,0,0,0,0,0,0,0,0,0,0,0,0,1,1,0.0,6,1,astang,3.328340822100183e-05,0.35279251707864995,0.0
depression,1,0,0,0,0,0,0,0,0,0,0,0,0,0,0,1,1,-0.5719,10,1,depression,3.328340822100183e-05,0.35279251707864995,0.06666666666666667
talkative,0,0,1,0,0,0,0,0,0,0,0,0,0,0,0,1,1,0.8197,9,1,talkative,3.328340822100183e-05,0.35279251707864995,0.06666666666666667
complacent,0,0,1,0,0,0,0,0,0,0,0,0,0,0,0,1,1,-0.0772,10,1,complacent,3.328340822100183e-05,0.35279251707864995,0.06666666666666667
argued,0,1,0,0,0,0,0,0,0,0,0,0,0,0,0,1,1,0.0516,6,1,argued,3.328340822100183e-05,0.35279251707864995,0.06666666666666667
merits,1,0,0,0,0,0,0,0,0,0,0,0,0,0,0,1,1,0.0516,6,1,merits,3.328340822100183e-05,0.35279251707864995,0.06666666666666667
marche,1,0,0,0,0,0,0,0,0,0,0,0,0,0,0,1,1,0.0516,6,1,marche,3.328340822100183e-05,0.35279251707864995,0.06666666666666667
confined,0,1,1,0,0,0,0,0,0,0,0,0,0,0,0,1,1,0.0516,8,1,confined,3.328340822100183e-05,0.35279251707864995,0.13333333333333333
snuffy,0,0,1,0,0,0,0,0,0,0,0,0,0,0,0,1,1,-0.5719,6,1,snuffy,3.328340822100183e-05,0.35279251707864995,0.06666666666666667
slap,1,1,0,1,0,0,0,0,0,0,0,0,0,0,0,1,1,-0.25,4,1,slap,3.328340822100183e-05,0.35279251707864995,0.2
tu,0,0,0,0,0,0,0,0,0,0,0,0,0,0,0,1,1,-0.25,2,0,tu,3.328340822100183e-05,0.35279251707864995,0.0
fe,1,0,0,0,0,0,0,0,0,0,0,0,0,0,0,1,1,0.4588,2,1,fe,3.328340822100183e-05,0.35279251707864995,0.06666666666666667
roce,0,0,0,0,0,0,0,0,0,0,0,0,0,0,0,1,1,0.4588,4,1,roce,3.328340822100183e-05,0.35279251707864995,0.0
akj,0,0,0,0,0,0,0,0,0,0,0,0,0,0,0,1,1,0.0,3,1,akj,3.328340822100183e-05,0.35279251707864995,0.0
inwardly,0,0,0,1,0,0,0,0,0,0,0,0,0,0,0,1,1,-0.5267,8,1,inwardly,3.328340822100183e-05,0.35279251707864995,0.06666666666666667
raging,0,1,1,0,0,0,0,0,0,0,0,0,0,0,0,1,1,-0.5267,6,1,raging,3.328340822100183e-05,0.35279251707864995,0.13333333333333333
icans,0,0,0,0,0,0,0,0,0,0,0,0,0,0,0,1,1,0.0,5,1,icans,3.328340822100183e-05,0.35279251707864995,0.0
fountains,1,0,0,0,0,0,0,0,0,0,0,0,0,0,0,1,1,-0.2023,9,1,fountains,3.328340822100183e-05,0.35279251707864995,0.06666666666666667
building,1,1,1,0,0,0,0,0,0,0,0,0,0,0,0,1,1,0.4118,8,1,building,3.328340822100183e-05,0.35279251707864995,0.2
classical,0,0,1,0,0,0,0,0,0,0,0,0,0,0,0,1,1,0.4118,9,1,classical,3.328340822100183e-05,0.35279251707864995,0.06666666666666667
architecture,1,0,0,0,0,0,0,0,0,0,0,0,0,0,0,1,1,0.4118,12,1,architecture,3.328340822100183e-05,0.35279251707864995,0.06666666666666667
expense,1,1,0,0,0,0,0,0,0,0,0,0,0,0,0,1,1,0.2263,7,1,expense,3.328340822100183e-05,0.35279251707864995,0.13333333333333333
gratefully,0,0,0,1,0,0,0,0,0,0,0,0,0,0,0,1,1,0.3612,10,1,gratefully,3.328340822100183e-05,0.35279251707864995,0.06666666666666667
nourished,0,1,1,0,0,0,0,0,0,0,0,0,0,0,0,1,1,0.3612,9,1,nourished,3.328340822100183e-05,0.35279251707864995,0.13333333333333333
tinctly,0,0,0,0,0,0,0,0,0,0,0,0,0,0,0,1,1,0.3612,7,1,tinctly,3.328340822100183e-05,0.35279251707864995,0.0
essence,1,0,0,0,0,0,0,0,0,0,0,0,0,0,0,1,1,-0.8993,7,1,essence,3.328340822100183e-05,0.35279251707864995,0.06666666666666667
principles,1,0,0,0,0,0,0,0,0,0,0,0,0,0,0,1,1,-0.8993,10,1,principles,3.328340822100183e-05,0.35279251707864995,0.06666666666666667
wicked,0,0,1,0,0,0,0,0,0,0,0,0,0,0,0,1,1,-0.8993,6,1,wicked,3.328340822100183e-05,0.35279251707864995,0.06666666666666667
promulgated,0,1,1,0,0,0,0,0,0,0,0,0,0,0,0,1,1,-0.8993,11,1,promulgated,3.328340822100183e-05,0.35279251707864995,0.13333333333333333
convictions,1,0,0,0,0,0,0,0,0,0,0,0,0,0,0,1,1,-0.8993,11,1,convictions,3.328340822100183e-05,0.35279251707864995,0.06666666666666667
ress,0,0,0,0,0,0,0,0,0,0,0,0,0,0,0,1,1,0.4118,4,1,ress,3.328340822100183e-05,0.35279251707864995,0.0
university,1,0,0,0,0,0,0,0,0,0,0,0,0,0,0,1,1,0.4118,10,1,university,3.328340822100183e-05,0.35279251707864995,0.06666666666666667
ionic,0,0,1,0,0,0,0,0,0,0,0,0,0,0,0,1,1,0.4118,5,1,ionic,3.328340822100183e-05,0.35279251707864995,0.06666666666666667
customer,1,0,0,0,0,0,0,0,0,0,0,0,0,0,0,1,1,0.5719,8,1,customer,3.328340822100183e-05,0.35279251707864995,0.06666666666666667
replying,0,0,0,0,0,0,0,0,0,0,0,0,0,0,0,1,1,0.3612,8,1,replying,3.328340822100183e-05,0.35279251707864995,0.0
question,1,1,0,0,0,0,0,0,0,0,0,0,0,0,0,1,1,0.3612,8,1,question,3.328340822100183e-05,0.35279251707864995,0.13333333333333333
entente,1,0,0,0,0,0,0,0,0,0,0,0,0,0,0,1,1,0.3612,7,1,entente,3.328340822100183e-05,0.35279251707864995,0.06666666666666667
cordiale,0,0,0,0,0,0,0,0,0,0,0,0,0,0,0,1,1,0.3612,8,1,cordiale,3.328340822100183e-05,0.35279251707864995,0.0
protectorate,1,0,0,0,0,0,0,0,0,0,0,0,0,0,0,1,1,0.3612,12,1,protectorate,3.328340822100183e-05,0.35279251707864995,0.06666666666666667
desert,1,1,1,0,0,0,0,0,0,0,0,0,0,0,0,1,1,0.3612,6,1,desert,3.328340822100183e-05,0.35279251707864995,0.2
cynic,1,0,1,0,0,0,0,0,0,0,0,0,0,0,0,1,1,-0.34,5,1,cynic,3.328340822100183e-05,0.35279251707864995,0.13333333333333333
freshness,1,0,0,0,0,0,0,0,0,0,0,0,0,0,0,1,1,0.0,9,1,freshness,3.328340822100183e-05,0.35279251707864995,0.06666666666666667
gutters,1,1,0,0,0,0,0,0,0,0,0,0,0,0,0,1,1,0.8126,7,1,gutters,3.328340822100183e-05,0.35279251707864995,0.13333333333333333
acted,0,1,0,0,0,0,0,0,0,0,0,0,0,0,0,1,1,0.0,5,1,acted,3.328340822100183e-05,0.35279251707864995,0.06666666666666667
agent,1,0,0,0,0,0,0,0,0,0,0,0,0,0,0,1,1,0.0,5,1,agent,3.328340822100183e-05,0.35279251707864995,0.06666666666666667
manufacturing,0,1,0,0,0,0,0,0,0,0,0,0,0,0,0,1,1,0.0,13,1,manufacturing,3.328340822100183e-05,0.35279251707864995,0.06666666666666667
troy,1,0,1,0,0,0,0,0,0,0,0,0,0,0,0,1,1,0.0,4,1,troy,3.328340822100183e-05,0.35279251707864995,0.13333333333333333
skeptical,0,0,1,0,0,0,0,0,0,0,0,0,0,0,0,1,1,0.5719,9,1,skeptical,3.328340822100183e-05,0.35279251707864995,0.06666666666666667
withdrew,0,0,0,0,0,0,0,0,0,0,0,0,0,0,0,1,1,0.5719,8,1,withdrew,3.328340822100183e-05,0.35279251707864995,0.0
ruffling,1,1,0,0,0,0,0,0,0,0,0,0,0,0,0,1,1,0.8126,8,1,ruffling,3.328340822100183e-05,0.35279251707864995,0.13333333333333333
blackbirds,1,0,0,0,0,0,0,0,0,0,0,0,0,0,0,1,1,0.0,10,1,blackbirds,3.328340822100183e-05,0.35279251707864995,0.06666666666666667
ripple,1,1,1,0,0,0,0,0,0,0,0,0,0,0,0,1,1,0.0,6,1,ripple,3.328340822100183e-05,0.35279251707864995,0.2
soms,1,0,0,0,0,0,0,0,0,0,0,0,0,0,0,1,1,0.0,4,1,soms,3.328340822100183e-05,0.35279251707864995,0.06666666666666667
americans,1,0,0,0,0,0,0,0,0,0,0,0,0,0,0,1,1,0.0,9,1,americans,3.328340822100183e-05,0.35279251707864995,0.06666666666666667
ser,1,0,0,0,0,0,0,0,0,0,0,0,0,0,0,1,1,0.0,3,1,ser,3.328340822100183e-05,0.35279251707864995,0.06666666666666667
enely,0,0,0,0,0,0,0,0,0,0,0,0,0,0,0,1,1,0.0,5,1,enely,3.328340822100183e-05,0.35279251707864995,0.0
stormed,0,1,0,0,0,0,0,0,0,0,0,0,0,0,0,1,1,0.0,7,1,stormed,3.328340822100183e-05,0.35279251707864995,0.06666666666666667
passes,1,1,0,0,0,0,0,0,0,0,0,0,0,0,0,1,1,-0.296,6,1,passes,3.328340822100183e-05,0.35279251707864995,0.13333333333333333
college,1,0,0,0,0,0,0,0,0,0,0,0,0,0,0,1,1,0.3446,7,1,college,3.328340822100183e-05,0.35279251707864995,0.06666666666666667
jean,1,0,0,0,0,0,0,0,0,0,0,0,0,0,0,1,1,0.3446,4,1,jean,3.328340822100183e-05,0.35279251707864995,0.06666666666666667
carolus,1,0,0,0,0,0,0,0,0,0,0,0,0,0,0,1,1,0.3446,7,1,carolus,3.328340822100183e-05,0.35279251707864995,0.06666666666666667
charm,1,1,0,0,0,0,0,0,0,0,0,0,0,0,0,1,1,0.3446,5,1,charm,3.328340822100183e-05,0.35279251707864995,0.13333333333333333
throaty,0,0,1,0,0,0,0,0,0,0,0,0,0,0,0,1,1,0.4939,7,1,throaty,3.328340822100183e-05,0.35279251707864995,0.06666666666666667
trills,1,1,0,0,0,0,0,0,0,0,0,0,0,0,0,1,1,0.4939,6,1,trills,3.328340822100183e-05,0.35279251707864995,0.13333333333333333
merry,0,0,1,0,0,0,0,0,0,0,0,0,0,0,0,1,1,0.8126,5,1,merry,3.328340822100183e-05,0.35279251707864995,0.06666666666666667
luxembourg,1,0,0,0,0,0,0,0,0,0,0,0,0,0,0,1,1,0.0,10,1,luxembourg,3.328340822100183e-05,0.35279251707864995,0.06666666666666667
kne,0,0,0,0,0,0,0,0,0,0,0,0,0,0,0,1,1,0.9001,3,1,kne,3.328340822100183e-05,0.35279251707864995,0.0
vision,1,0,0,0,0,0,0,0,0,0,0,0,0,0,0,1,1,0.9001,6,1,vision,3.328340822100183e-05,0.35279251707864995,0.06666666666666667
mullins,0,0,0,0,0,0,0,0,0,0,0,0,0,0,0,1,1,0.9001,7,1,mullins,3.328340822100183e-05,0.35279251707864995,0.0
milkweed,1,0,0,0,0,0,0,0,0,0,0,0,0,0,0,1,1,0.9001,8,1,milkweed,3.328340822100183e-05,0.35279251707864995,0.06666666666666667
pansy,1,0,0,0,0,0,0,0,0,0,0,0,0,0,0,1,1,0.9001,5,1,pansy,3.328340822100183e-05,0.35279251707864995,0.06666666666666667
blushed,0,1,0,0,0,0,0,0,0,0,0,0,0,0,0,1,1,0.0,7,1,blushed,3.328340822100183e-05,0.35279251707864995,0.06666666666666667
models,1,1,0,0,0,0,0,0,0,0,0,0,0,0,0,1,1,0.0,6,1,models,3.328340822100183e-05,0.35279251707864995,0.13333333333333333
address,1,1,0,0,0,0,0,0,0,0,0,0,0,0,0,1,1,0.3612,7,1,address,3.328340822100183e-05,0.35279251707864995,0.13333333333333333
sympathetic,0,0,1,0,0,0,0,0,0,0,0,0,0,0,0,1,1,0.4215,11,1,sympathetic,3.328340822100183e-05,0.35279251707864995,0.06666666666666667
mamma,1,0,0,0,0,0,0,0,0,0,0,0,0,0,0,1,1,0.4215,5,1,mamma,3.328340822100183e-05,0.35279251707864995,0.06666666666666667
statues,1,0,0,0,0,0,0,0,0,0,0,0,0,0,0,1,1,0.0,7,1,statues,3.328340822100183e-05,0.35279251707864995,0.06666666666666667
mrs,1,0,0,0,0,0,0,0,0,0,0,0,0,0,0,1,1,0.0,3,1,mrs,3.328340822100183e-05,0.35279251707864995,0.06666666666666667
mildly,0,0,0,1,0,0,0,0,0,0,0,0,0,0,0,1,1,0.0,6,1,mildly,3.328340822100183e-05,0.35279251707864995,0.06666666666666667
resem,0,0,0,0,0,0,0,0,0,0,0,0,0,0,0,1,1,0.0,5,1,resem,3.328340822100183e-05,0.35279251707864995,0.0
blance,0,0,0,0,0,0,0,0,0,0,0,0,0,0,0,1,1,0.0,6,1,blance,3.328340822100183e-05,0.35279251707864995,0.0
banality,1,0,0,0,0,0,0,0,0,0,0,0,0,0,0,1,1,-0.2023,8,1,banality,3.328340822100183e-05,0.35279251707864995,0.06666666666666667
allowed,0,1,1,0,0,0,0,0,0,0,0,0,0,0,0,1,1,-0.2023,7,1,allowed,3.328340822100183e-05,0.35279251707864995,0.13333333333333333
thrive,0,1,0,0,0,0,0,0,0,0,0,0,0,0,0,1,1,-0.8993,6,1,thrive,3.328340822100183e-05,0.35279251707864995,0.06666666666666667
advanced,0,1,1,0,0,0,0,0,0,0,0,0,0,0,0,1,1,0.5849,8,1,advanced,3.328340822100183e-05,0.35279251707864995,0.13333333333333333
literary,0,0,1,0,0,0,0,0,0,0,0,0,0,0,0,1,1,0.5849,8,1,literary,3.328340822100183e-05,0.35279251707864995,0.06666666666666667
anarchists,1,0,0,0,0,0,0,0,0,0,0,0,0,0,0,1,1,0.5849,10,1,anarchists,3.328340822100183e-05,0.35279251707864995,0.06666666666666667
infectious,0,0,1,0,0,0,0,0,0,0,0,0,0,0,0,1,1,0.5849,10,1,infectious,3.328340822100183e-05,0.35279251707864995,0.06666666666666667
trembles,1,1,0,0,0,0,0,0,0,0,0,0,0,0,0,1,1,0.8034,8,1,trembles,3.328340822100183e-05,0.35279251707864995,0.13333333333333333
epaulettes,1,0,0,0,0,0,0,0,0,0,0,0,0,0,0,1,1,0.1779,10,1,epaulettes,3.328340822100183e-05,0.35279251707864995,0.06666666666666667
sword,1,0,0,0,0,0,0,0,0,0,0,0,0,0,0,1,1,0.1779,5,1,sword,3.328340822100183e-05,0.35279251707864995,0.06666666666666667
unchained,0,1,1,0,0,0,0,0,0,0,0,0,0,0,0,1,1,0.1779,9,1,unchained,3.328340822100183e-05,0.35279251707864995,0.13333333333333333
stupendous,0,0,1,0,0,0,0,0,0,0,0,0,0,0,0,1,1,0.8034,10,1,stupendous,3.328340822100183e-05,0.35279251707864995,0.06666666666666667
creation,1,0,0,0,0,0,0,0,0,0,0,0,0,0,0,1,1,0.8034,8,1,creation,3.328340822100183e-05,0.35279251707864995,0.06666666666666667
irresistible,0,0,1,0,0,0,0,0,0,0,0,0,0,0,0,1,1,0.8034,12,1,irresistible,3.328340822100183e-05,0.35279251707864995,0.06666666666666667
poison,1,1,0,0,0,0,0,0,0,0,0,0,0,0,0,1,1,-0.8993,6,1,poison,3.328340822100183e-05,0.35279251707864995,0.13333333333333333
lurked,0,1,0,0,0,0,0,0,0,0,0,0,0,0,0,1,1,-0.8993,6,1,lurked,3.328340822100183e-05,0.35279251707864995,0.06666666666666667
deciding,0,1,1,0,0,0,0,0,0,0,0,0,0,0,0,1,1,0.0,8,1,deciding,3.328340822100183e-05,0.35279251707864995,0.13333333333333333
dodged,0,1,0,0,0,0,0,0,0,0,0,0,0,0,0,1,1,0.0,6,1,dodged,3.328340822100183e-05,0.35279251707864995,0.06666666666666667
raced,0,1,0,0,0,0,0,0,0,0,0,0,0,0,0,1,1,-0.6833,5,1,raced,3.328340822100183e-05,0.35279251707864995,0.06666666666666667
bull,1,1,1,0,0,0,0,0,0,0,0,0,0,0,0,1,1,-0.6833,4,1,bull,3.328340822100183e-05,0.35279251707864995,0.2
toy,1,1,0,0,0,0,0,0,0,0,0,0,0,0,0,1,1,0.4939,3,1,toy,3.328340822100183e-05,0.35279251707864995,0.13333333333333333
boats,1,1,0,0,0,0,0,0,0,0,0,0,0,0,0,1,1,0.4939,5,1,boats,3.328340822100183e-05,0.35279251707864995,0.13333333333333333
sails,1,1,0,0,0,0,0,0,0,0,0,0,0,0,0,1,1,0.4939,5,1,sails,3.328340822100183e-05,0.35279251707864995,0.13333333333333333
limp,1,1,1,0,0,0,0,0,0,0,0,0,0,0,0,1,1,0.4939,4,1,limp,3.328340822100183e-05,0.35279251707864995,0.2
owner,1,0,0,0,0,0,0,0,0,0,0,0,0,0,0,1,1,0.0,5,1,owner,3.328340822100183e-05,0.35279251707864995,0.06666666666666667
disclaim,0,1,0,0,0,0,0,0,0,0,0,0,0,0,0,1,1,0.0,8,1,disclaim,3.328340822100183e-05,0.35279251707864995,0.06666666666666667
poser,1,0,0,0,0,0,0,0,0,0,0,0,0,0,0,1,1,0.0,5,1,poser,3.328340822100183e-05,0.35279251707864995,0.06666666666666667
tempt,0,1,0,0,0,0,0,0,0,0,0,0,0,0,0,1,1,-0.4215,5,1,tempt,3.328340822100183e-05,0.35279251707864995,0.06666666666666667
lation,1,0,0,0,0,0,0,0,0,0,0,0,0,0,0,1,1,-0.4215,6,1,lation,3.328340822100183e-05,0.35279251707864995,0.06666666666666667
yawning,1,1,1,0,0,0,0,0,0,0,0,0,0,0,0,1,1,-0.4215,7,1,yawning,3.328340822100183e-05,0.35279251707864995,0.2
dirt,1,0,1,0,0,0,0,0,0,0,0,0,0,0,0,1,1,0.1779,4,1,dirt,3.328340822100183e-05,0.35279251707864995,0.13333333333333333
complain,0,1,0,0,0,0,0,0,0,0,0,0,0,0,0,1,1,-0.3612,8,1,complain,3.328340822100183e-05,0.35279251707864995,0.06666666666666667
sponsor,1,1,0,0,0,0,0,0,0,0,0,0,0,0,0,1,1,0.296,7,1,sponsor,3.328340822100183e-05,0.35279251707864995,0.13333333333333333
tabby,1,0,1,0,0,0,0,0,0,0,0,0,0,0,0,1,1,0.0,5,1,tabby,3.328340822100183e-05,0.35279251707864995,0.13333333333333333
angthing,0,0,0,0,0,0,0,0,0,0,0,0,0,0,0,1,1,0.5023,8,1,angthing,3.328340822100183e-05,0.35279251707864995,0.0
revoir,0,0,0,0,0,0,0,0,0,0,0,0,0,0,0,1,1,0.5023,6,1,revoir,3.328340822100183e-05,0.35279251707864995,0.0
tempered,0,0,1,0,0,0,0,0,0,0,0,0,0,0,0,1,1,-0.25,8,1,tempered,3.328340822100183e-05,0.35279251707864995,0.06666666666666667
droll,1,0,1,0,0,0,0,0,0,0,0,0,0,0,0,1,1,0.296,5,1,droll,3.328340822100183e-05,0.35279251707864995,0.13333333333333333
tracing,1,1,0,0,0,0,0,0,0,0,0,0,0,0,0,1,1,0.296,7,1,tracing,3.328340822100183e-05,0.35279251707864995,0.13333333333333333
mistaken,0,1,1,0,0,0,0,0,0,0,0,0,0,0,0,1,1,-0.6846,8,1,mistaken,3.328340822100183e-05,0.35279251707864995,0.13333333333333333
versailles,1,0,0,0,0,0,0,0,0,0,0,0,0,0,0,1,1,0.0,10,1,versailles,3.328340822100183e-05,0.35279251707864995,0.06666666666666667
imperceptible,0,0,1,0,0,0,0,0,0,0,0,0,0,0,0,1,1,0.0,13,1,imperceptible,3.328340822100183e-05,0.35279251707864995,0.06666666666666667
edgment,0,0,0,0,0,0,0,0,0,0,0,0,0,0,0,1,1,0.0,7,1,edgment,3.328340822100183e-05,0.35279251707864995,0.0
parisienne,1,0,0,0,0,0,0,0,0,0,0,0,0,0,0,1,1,0.7841,10,1,parisienne,3.328340822100183e-05,0.35279251707864995,0.06666666666666667
brings,0,1,0,0,0,0,0,0,0,0,0,0,0,0,0,1,1,0.0,6,1,brings,3.328340822100183e-05,0.35279251707864995,0.06666666666666667
wincing,1,1,0,0,0,0,0,0,0,0,0,0,0,0,0,1,1,0.765,7,1,wincing,3.328340822100183e-05,0.35279251707864995,0.13333333333333333
deners,0,0,0,0,0,0,0,0,0,0,0,0,0,0,0,1,1,0.0,6,1,deners,3.328340822100183e-05,0.35279251707864995,0.0
prospects,1,1,0,0,0,0,0,0,0,0,0,0,0,0,0,1,1,0.296,9,1,prospects,3.328340822100183e-05,0.35279251707864995,0.13333333333333333
foimself,0,0,0,0,0,0,0,0,0,0,0,0,0,0,0,1,1,0.5267,8,1,foimself,3.328340822100183e-05,0.35279251707864995,0.0
fun,1,0,1,0,0,0,0,0,0,0,0,0,0,0,0,1,1,0.5106,3,1,fun,3.328340822100183e-05,0.35279251707864995,0.13333333333333333
embarrassing,1,1,1,0,0,0,0,0,0,0,0,0,0,0,0,1,1,0.8979,12,1,embarrassing,3.328340822100183e-05,0.35279251707864995,0.2
ation,0,0,0,0,0,0,0,0,0,0,0,0,0,0,0,1,1,0.4497,5,1,ation,3.328340822100183e-05,0.35279251707864995,0.0
varnishing,1,1,0,0,0,0,0,0,0,0,0,0,0,0,0,1,1,0.4497,10,1,varnishing,3.328340822100183e-05,0.35279251707864995,0.13333333333333333
buttonhole,1,0,0,0,0,0,0,0,0,0,0,0,0,0,0,1,1,0.4497,10,1,buttonhole,3.328340822100183e-05,0.35279251707864995,0.06666666666666667
merriment,0,0,0,0,0,0,0,0,0,0,0,0,0,0,0,1,1,0.5267,9,1,merriment,3.328340822100183e-05,0.35279251707864995,0.0
pat,1,0,1,1,0,0,0,0,0,0,0,0,0,0,0,1,1,0.5267,3,1,pat,3.328340822100183e-05,0.35279251707864995,0.2
copies,1,1,0,0,0,0,0,0,0,0,0,0,0,0,0,1,1,0.0,6,1,copies,3.328340822100183e-05,0.35279251707864995,0.13333333333333333
marbles,1,1,0,0,0,0,0,0,0,0,0,0,0,0,0,1,1,-0.2732,7,1,marbles,3.328340822100183e-05,0.35279251707864995,0.13333333333333333
crowned,0,1,1,0,0,0,0,0,0,0,0,0,0,0,0,1,1,-0.2732,7,1,crowned,3.328340822100183e-05,0.35279251707864995,0.13333333333333333
june,1,0,0,0,0,0,0,0,0,0,0,0,0,0,0,1,1,0.0,4,1,june,3.328340822100183e-05,0.35279251707864995,0.06666666666666667
respect,1,1,0,0,0,0,0,0,0,0,0,0,0,0,0,1,1,0.802,7,1,respect,3.328340822100183e-05,0.35279251707864995,0.13333333333333333
diffi,0,0,0,0,0,0,0,0,0,0,0,0,0,0,0,1,1,0.0,5,1,diffi,3.328340822100183e-05,0.35279251707864995,0.0
dently,0,0,0,0,0,0,0,0,0,0,0,0,0,0,0,1,1,0.0,6,1,dently,3.328340822100183e-05,0.35279251707864995,0.0
surprise,1,1,0,0,0,0,0,0,0,0,0,0,0,0,0,1,1,0.2732,8,1,surprise,3.328340822100183e-05,0.35279251707864995,0.13333333333333333
pick,1,1,0,0,0,0,0,0,0,0,0,0,0,0,0,1,1,-0.1779,4,1,pick,3.328340822100183e-05,0.35279251707864995,0.13333333333333333
riveted,0,0,0,0,0,0,0,0,0,0,0,0,0,0,0,1,1,-0.1779,7,1,riveted,3.328340822100183e-05,0.35279251707864995,0.0
sailor,1,0,0,0,0,0,0,0,0,0,0,0,0,0,0,1,1,0.1531,6,1,sailor,3.328340822100183e-05,0.35279251707864995,0.06666666666666667
roots,1,1,0,0,0,0,0,0,0,0,0,0,0,0,0,1,1,0.4939,5,1,roots,3.328340822100183e-05,0.35279251707864995,0.13333333333333333
surely,0,0,0,1,0,0,0,0,0,0,0,0,0,0,0,1,1,0.4939,6,1,surely,3.328340822100183e-05,0.35279251707864995,0.06666666666666667
veau,0,0,0,0,0,0,0,0,0,0,0,0,0,0,0,1,1,0.0,4,1,veau,3.328340822100183e-05,0.35279251707864995,0.0
lately,0,0,0,1,0,0,0,0,0,0,0,0,0,0,0,1,1,0.0,6,1,lately,3.328340822100183e-05,0.35279251707864995,0.06666666666666667
tilting,1,1,0,0,0,0,0,0,0,0,0,0,0,0,0,1,1,0.0,7,1,tilting,3.328340822100183e-05,0.35279251707864995,0.13333333333333333
courtois,0,0,0,0,0,0,0,0,0,0,0,0,0,0,0,1,1,0.4019,8,1,courtois,3.328340822100183e-05,0.35279251707864995,0.0
obliged,0,1,1,0,0,0,0,0,0,0,0,0,0,0,0,1,1,-0.5719,7,1,obliged,3.328340822100183e-05,0.35279251707864995,0.13333333333333333
treatment,1,0,0,0,0,0,0,0,0,0,0,0,0,0,0,1,1,-0.5719,9,1,treatment,3.328340822100183e-05,0.35279251707864995,0.06666666666666667
insanity,1,0,0,0,0,0,0,0,0,0,0,0,0,0,0,1,1,-0.5719,8,1,insanity,3.328340822100183e-05,0.35279251707864995,0.06666666666666667
coals,1,1,0,0,0,0,0,0,0,0,0,0,0,0,0,1,1,-0.1779,5,1,coals,3.328340822100183e-05,0.35279251707864995,0.13333333333333333
shaking,1,1,1,0,0,0,0,0,0,0,0,0,0,0,0,1,1,-0.1779,7,1,shaking,3.328340822100183e-05,0.35279251707864995,0.2
reread,0,1,0,0,0,0,0,0,0,0,0,0,0,0,0,1,1,-0.1779,6,1,reread,3.328340822100183e-05,0.35279251707864995,0.06666666666666667
assails,0,1,0,0,0,0,0,0,0,0,0,0,0,0,0,1,1,-0.1779,7,1,assails,3.328340822100183e-05,0.35279251707864995,0.06666666666666667
impulsively,0,0,0,1,0,0,0,0,0,0,0,0,0,0,0,1,1,-0.25,11,1,impulsively,3.328340822100183e-05,0.35279251707864995,0.06666666666666667
pounced,0,1,0,0,0,0,0,0,0,0,0,0,0,0,0,1,1,-0.25,7,1,pounced,3.328340822100183e-05,0.35279251707864995,0.06666666666666667
ostentatiously,0,0,0,1,0,0,0,0,0,0,0,0,0,0,0,1,1,-0.25,14,1,ostentatiously,3.328340822100183e-05,0.35279251707864995,0.06666666666666667
sweetest,0,0,0,0,0,0,0,0,0,0,0,0,0,0,0,1,1,0.743,8,1,sweetest,3.328340822100183e-05,0.35279251707864995,0.0
funny,1,0,1,1,0,0,0,0,0,0,0,0,0,0,0,1,1,0.5719,5,1,funny,3.328340822100183e-05,0.35279251707864995,0.2
solemnly,0,0,0,1,0,0,0,0,0,0,0,0,0,0,0,1,1,0.5719,8,1,solemnly,3.328340822100183e-05,0.35279251707864995,0.06666666666666667
hundreds,1,0,0,0,0,0,0,0,0,0,0,0,0,0,0,1,1,0.0,8,1,hundreds,3.328340822100183e-05,0.35279251707864995,0.06666666666666667
rens,1,0,0,0,0,0,0,0,0,0,0,0,0,0,0,1,1,0.4019,4,1,rens,3.328340822100183e-05,0.35279251707864995,0.06666666666666667
customs,1,0,0,0,0,0,0,0,0,0,0,0,0,0,0,1,1,0.1027,7,1,customs,3.328340822100183e-05,0.35279251707864995,0.06666666666666667
studied,0,1,1,0,0,0,0,0,0,0,0,0,0,0,0,1,1,0.0,7,1,studied,3.328340822100183e-05,0.35279251707864995,0.13333333333333333
custom,1,0,1,0,0,0,0,0,0,0,0,0,0,0,0,1,1,0.0,6,1,custom,3.328340822100183e-05,0.35279251707864995,0.13333333333333333
fhb,0,0,0,0,0,0,0,0,0,0,0,0,0,0,0,1,1,0.0,3,1,fhb,3.328340822100183e-05,0.35279251707864995,0.0
pang,1,0,0,0,0,0,0,0,0,0,0,0,0,0,0,1,1,0.0,4,1,pang,3.328340822100183e-05,0.35279251707864995,0.06666666666666667
countrymen,1,0,0,0,0,0,0,0,0,0,0,0,0,0,0,1,1,0.6652,10,1,countrymen,3.328340822100183e-05,0.35279251707864995,0.06666666666666667
yacht,1,1,0,0,0,0,0,0,0,0,0,0,0,0,0,1,1,0.6652,5,1,yacht,3.328340822100183e-05,0.35279251707864995,0.13333333333333333
limply,0,0,0,1,0,0,0,0,0,0,0,0,0,0,0,1,1,-0.25,6,1,limply,3.328340822100183e-05,0.35279251707864995,0.06666666666666667
active,1,0,1,0,0,0,0,0,0,0,0,0,0,0,0,1,1,0.7351,6,1,active,3.328340822100183e-05,0.35279251707864995,0.13333333333333333
energetic,0,0,1,0,0,0,0,0,0,0,0,0,0,0,0,1,1,0.7351,9,1,energetic,3.328340822100183e-05,0.35279251707864995,0.06666666666666667
apollo,1,0,0,0,0,0,0,0,0,0,0,0,0,0,0,1,1,0.6652,6,1,apollo,3.328340822100183e-05,0.35279251707864995,0.06666666666666667
ceremony,1,0,0,0,0,0,0,0,0,0,0,0,0,0,0,1,1,0.2732,8,1,ceremony,3.328340822100183e-05,0.35279251707864995,0.06666666666666667
intimately,0,0,0,1,0,0,0,0,0,0,0,0,0,0,0,1,1,0.0,10,1,intimately,3.328340822100183e-05,0.35279251707864995,0.06666666666666667
tissot,0,0,0,0,0,0,0,0,0,0,0,0,0,0,0,1,1,0.0,6,1,tissot,3.328340822100183e-05,0.35279251707864995,0.0
hoped,0,1,0,0,0,0,0,0,0,0,0,0,0,0,0,1,1,0.5267,5,1,hoped,3.328340822100183e-05,0.35279251707864995,0.06666666666666667
ceive,0,0,0,0,0,0,0,0,0,0,0,0,0,0,0,1,1,-0.6486,5,1,ceive,3.328340822100183e-05,0.35279251707864995,0.0
uneasy,0,0,1,0,0,0,0,0,0,0,0,0,0,0,0,1,1,-0.5106,6,1,uneasy,3.328340822100183e-05,0.35279251707864995,0.06666666666666667
ciety,0,0,0,0,0,0,0,0,0,0,0,0,0,0,0,1,1,0.7717,5,1,ciety,3.328340822100183e-05,0.35279251707864995,0.0
ventured,0,1,0,0,0,0,0,0,0,0,0,0,0,0,0,1,1,0.7717,8,1,ventured,3.328340822100183e-05,0.35279251707864995,0.06666666666666667
antry,0,0,0,0,0,0,0,0,0,0,0,0,0,0,0,1,1,0.7717,5,1,antry,3.328340822100183e-05,0.35279251707864995,0.0
chaperoned,0,1,0,0,0,0,0,0,0,0,0,0,0,0,0,1,1,0.6652,10,1,chaperoned,3.328340822100183e-05,0.35279251707864995,0.06666666666666667
cycle,1,1,0,0,0,0,0,0,0,0,0,0,0,0,0,1,1,0.0,5,1,cycle,3.328340822100183e-05,0.35279251707864995,0.13333333333333333
prohibiting,0,0,0,0,0,0,0,0,0,0,0,0,0,0,0,1,1,0.0,11,1,prohibiting,3.328340822100183e-05,0.35279251707864995,0.0
ambitious,0,0,1,0,0,0,0,0,0,0,0,0,0,0,0,1,1,0.7351,9,1,ambitious,3.328340822100183e-05,0.35279251707864995,0.06666666666666667
sensible,1,0,1,0,0,0,0,0,0,0,0,0,0,0,0,1,1,0.8442,8,1,sensible,3.328340822100183e-05,0.35279251707864995,0.13333333333333333
juno,1,0,0,0,0,0,0,0,0,0,0,0,0,0,0,1,1,0.6652,4,1,juno,3.328340822100183e-05,0.35279251707864995,0.06666666666666667
nouveau,0,0,0,0,0,0,0,0,0,0,0,0,0,0,0,1,1,0.5574,7,1,nouveau,3.328340822100183e-05,0.35279251707864995,0.0
appetizing,0,0,1,0,0,0,0,0,0,0,0,0,0,0,0,1,1,0.5574,10,1,appetizing,3.328340822100183e-05,0.35279251707864995,0.06666666666666667
bowl,1,1,0,0,0,0,0,0,0,0,0,0,0,0,0,1,1,0.5574,4,1,bowl,3.328340822100183e-05,0.35279251707864995,0.13333333333333333
squinting,0,1,1,0,0,0,0,0,0,0,0,0,0,0,0,1,1,0.0,9,1,squinting,3.328340822100183e-05,0.35279251707864995,0.13333333333333333
squeedunk,0,0,0,0,0,0,0,0,0,0,0,0,0,0,0,1,1,0.0,9,1,squeedunk,3.328340822100183e-05,0.35279251707864995,0.0
oshkosh,0,0,0,0,0,0,0,0,0,0,0,0,0,0,0,1,1,0.0,7,1,oshkosh,3.328340822100183e-05,0.35279251707864995,0.0
iiesitated,0,0,0,0,0,0,0,0,0,0,0,0,0,0,0,1,1,0.743,10,1,iiesitated,3.328340822100183e-05,0.35279251707864995,0.0
courage,1,0,0,0,0,0,0,0,0,0,0,0,0,0,0,1,1,0.743,7,1,courage,3.328340822100183e-05,0.35279251707864995,0.06666666666666667
frankness,1,0,0,0,0,0,0,0,0,0,0,0,0,0,0,1,1,0.743,9,1,frankness,3.328340822100183e-05,0.35279251707864995,0.06666666666666667
daisies,1,0,0,0,0,0,0,0,0,0,0,0,0,0,0,1,1,0.0,7,1,daisies,3.328340822100183e-05,0.35279251707864995,0.06666666666666667
caped,0,0,1,0,0,0,0,0,0,0,0,0,0,0,0,1,1,0.0,5,1,caped,3.328340822100183e-05,0.35279251707864995,0.06666666666666667
phere,0,0,0,0,0,0,0,0,0,0,0,0,0,0,0,1,1,0.0,5,1,phere,3.328340822100183e-05,0.35279251707864995,0.0
berry,1,1,0,0,0,0,0,0,0,0,0,0,0,0,0,1,1,0.0,5,1,berry,3.328340822100183e-05,0.35279251707864995,0.13333333333333333
talks,1,1,0,0,0,0,0,0,0,0,0,0,0,0,0,1,1,0.8442,5,1,talks,3.328340822100183e-05,0.35279251707864995,0.13333333333333333
formality,1,0,0,0,0,0,0,0,0,0,0,0,0,0,0,1,1,0.0,9,1,formality,3.328340822100183e-05,0.35279251707864995,0.06666666666666667
description,1,0,0,0,0,0,0,0,0,0,0,0,0,0,0,1,1,0.7269,11,1,description,3.328340822100183e-05,0.35279251707864995,0.06666666666666667
correct,0,1,1,0,0,0,0,0,0,0,0,0,0,0,0,1,1,0.0772,7,1,correct,3.328340822100183e-05,0.35279251707864995,0.13333333333333333
balance,1,1,0,0,0,0,0,0,0,0,0,0,0,0,0,1,1,-0.3182,7,1,balance,3.328340822100183e-05,0.35279251707864995,0.13333333333333333
inclined,0,1,1,0,0,0,0,0,0,0,0,0,0,0,0,1,1,0.0,8,1,inclined,3.328340822100183e-05,0.35279251707864995,0.13333333333333333
naturally,0,0,0,1,0,0,0,0,0,0,0,0,0,0,0,1,1,0.6249,9,1,naturally,3.328340822100183e-05,0.35279251707864995,0.06666666666666667
envy,1,1,0,0,0,0,0,0,0,0,0,0,0,0,0,1,1,0.6249,4,1,envy,3.328340822100183e-05,0.35279251707864995,0.13333333333333333
respected,0,1,1,0,0,0,0,0,0,0,0,0,0,0,0,1,1,0.6249,9,1,respected,3.328340822100183e-05,0.35279251707864995,0.13333333333333333
trousers,1,0,0,0,0,0,0,0,0,0,0,0,0,0,0,1,1,-0.4019,8,1,trousers,3.328340822100183e-05,0.35279251707864995,0.06666666666666667
tram,1,1,0,0,0,0,0,0,0,0,0,0,0,0,0,1,1,0.5106,4,1,tram,3.328340822100183e-05,0.35279251707864995,0.13333333333333333
bigotry,1,0,0,0,0,0,0,0,0,0,0,0,0,0,0,1,1,0.6428,7,1,bigotry,3.328340822100183e-05,0.35279251707864995,0.06666666666666667
ecutive,0,0,0,0,0,0,0,0,0,0,0,0,0,0,0,1,1,0.6597,7,1,ecutive,3.328340822100183e-05,0.35279251707864995,0.0
squadrons,1,0,0,0,0,0,0,0,0,0,0,0,0,0,0,1,1,0.6428,9,1,squadrons,3.328340822100183e-05,0.35279251707864995,0.06666666666666667
mistake,1,1,0,0,0,0,0,0,0,0,0,0,0,0,0,1,1,-0.34,7,1,mistake,3.328340822100183e-05,0.35279251707864995,0.13333333333333333
mercifully,0,0,0,1,0,0,0,0,0,0,0,0,0,0,0,1,1,-0.5719,10,1,mercifully,3.328340822100183e-05,0.35279251707864995,0.06666666666666667
fee,1,0,0,0,0,0,0,0,0,0,0,0,0,0,0,1,1,-0.34,3,1,fee,3.328340822100183e-05,0.35279251707864995,0.06666666666666667
puritanical,1,0,1,0,0,0,0,0,0,0,0,0,0,0,0,1,1,0.7269,11,1,puritanical,3.328340822100183e-05,0.35279251707864995,0.13333333333333333
shouldn,0,0,0,0,0,0,0,0,0,0,0,0,0,0,0,1,1,0.0,7,1,shouldn,3.328340822100183e-05,0.35279251707864995,0.0
behave,0,1,0,0,0,0,0,0,0,0,0,0,0,0,0,1,1,0.0,6,1,behave,3.328340822100183e-05,0.35279251707864995,0.06666666666666667
embourg,0,0,0,0,0,0,0,0,0,0,0,0,0,0,0,1,1,0.0,7,1,embourg,3.328340822100183e-05,0.35279251707864995,0.0
sist,1,0,0,0,0,0,0,0,0,0,0,0,0,0,0,1,1,0.5574,4,1,sist,3.328340822100183e-05,0.35279251707864995,0.06666666666666667
delightful,0,0,1,0,0,0,0,0,0,0,0,0,0,0,0,1,1,0.7269,10,1,delightful,3.328340822100183e-05,0.35279251707864995,0.06666666666666667
splitting,1,1,1,0,0,0,0,0,0,0,0,0,0,0,0,1,1,0.6249,9,1,splitting,3.328340822100183e-05,0.35279251707864995,0.2
tiful,0,0,0,0,0,0,0,0,0,0,0,0,0,0,0,1,1,0.6249,5,1,tiful,3.328340822100183e-05,0.35279251707864995,0.0
seriously,0,0,0,1,0,0,0,0,0,0,0,0,0,0,0,1,1,-0.5106,9,1,seriously,3.328340822100183e-05,0.35279251707864995,0.06666666666666667
ersing,0,0,0,0,0,0,0,0,0,0,0,0,0,0,0,1,1,0.7003,6,1,ersing,3.328340822100183e-05,0.35279251707864995,0.0
key,1,1,1,0,0,0,0,0,0,0,0,0,0,0,0,1,1,0.0,3,1,key,3.328340822100183e-05,0.35279251707864995,0.2
muttering,1,0,1,0,0,0,0,0,0,0,0,0,0,0,0,1,1,0.0,9,1,muttering,3.328340822100183e-05,0.35279251707864995,0.13333333333333333
tacked,0,1,0,0,0,0,0,0,0,0,0,0,0,0,0,1,1,0.0,6,1,tacked,3.328340822100183e-05,0.35279251707864995,0.06666666666666667
richard,0,0,0,0,0,0,0,0,0,0,0,0,0,0,0,1,1,0.0,7,1,richard,3.328340822100183e-05,0.35279251707864995,0.0
caresses,1,1,0,0,0,0,0,0,0,0,0,0,0,0,0,1,1,0.34,8,1,caresses,3.328340822100183e-05,0.35279251707864995,0.13333333333333333
jcnovv,0,0,0,0,0,0,0,0,0,0,0,0,0,0,0,1,1,0.7269,6,1,jcnovv,3.328340822100183e-05,0.35279251707864995,0.0
illusions,0,0,0,0,0,0,0,0,0,0,0,0,0,0,0,1,1,0.4019,9,1,illusions,3.328340822100183e-05,0.35279251707864995,0.0
pelled,0,0,0,0,0,0,0,0,0,0,0,0,0,0,0,1,1,0.4019,6,1,pelled,3.328340822100183e-05,0.35279251707864995,0.0
tun,1,0,0,0,0,0,0,0,0,0,0,0,0,0,0,1,1,0.3612,3,1,tun,3.328340822100183e-05,0.35279251707864995,0.06666666666666667
globe,1,0,0,0,0,0,0,0,0,0,0,0,0,0,0,1,1,0.3612,5,1,globe,3.328340822100183e-05,0.35279251707864995,0.06666666666666667
hills,1,1,0,0,0,0,0,0,0,0,0,0,0,0,0,1,1,0.3612,5,1,hills,3.328340822100183e-05,0.35279251707864995,0.13333333333333333
opal,1,0,0,0,0,0,0,0,0,0,0,0,0,0,0,1,1,0.3612,4,1,opal,3.328340822100183e-05,0.35279251707864995,0.06666666666666667
chimney,1,0,0,0,0,0,0,0,0,0,0,0,0,0,0,1,1,-0.34,7,1,chimney,3.328340822100183e-05,0.35279251707864995,0.06666666666666667
dogs,1,0,0,0,0,0,0,0,0,0,0,0,0,0,0,1,1,-0.228,4,1,dogs,3.328340822100183e-05,0.35279251707864995,0.06666666666666667
decency,1,0,0,0,0,0,0,0,0,0,0,0,0,0,0,1,1,0.4588,7,1,decency,3.328340822100183e-05,0.35279251707864995,0.06666666666666667
blackguard,1,0,0,0,0,0,0,0,0,0,0,0,0,0,0,1,1,0.4588,10,1,blackguard,3.328340822100183e-05,0.35279251707864995,0.06666666666666667
loffat,0,0,0,0,0,0,0,0,0,0,0,0,0,0,0,1,1,0.4588,6,1,loffat,3.328340822100183e-05,0.35279251707864995,0.0
eruption,1,0,0,0,0,0,0,0,0,0,0,0,0,0,0,1,1,0.4588,8,1,eruption,3.328340822100183e-05,0.35279251707864995,0.06666666666666667
elliot,0,0,0,0,0,0,0,0,0,0,0,0,0,0,0,1,1,0.34,6,1,elliot,3.328340822100183e-05,0.35279251707864995,0.0
piece,1,1,0,0,0,0,0,0,0,0,0,0,0,0,0,1,1,0.34,5,1,piece,3.328340822100183e-05,0.35279251707864995,0.13333333333333333
hello,1,0,0,0,0,0,0,0,0,0,0,0,0,0,0,1,1,0.34,5,1,hello,3.328340822100183e-05,0.35279251707864995,0.06666666666666667
absently,0,0,0,1,0,0,0,0,0,0,0,0,0,0,0,1,1,0.34,8,1,absently,3.328340822100183e-05,0.35279251707864995,0.06666666666666667
jezabel,0,0,0,0,0,0,0,0,0,0,0,0,0,0,0,1,1,0.4588,7,1,jezabel,3.328340822100183e-05,0.35279251707864995,0.0
swears,1,1,0,0,0,0,0,0,0,0,0,0,0,0,0,1,1,0.0516,6,1,swears,3.328340822100183e-05,0.35279251707864995,0.13333333333333333
helyett,0,0,0,0,0,0,0,0,0,0,0,0,0,0,0,1,1,0.0,7,1,helyett,3.328340822100183e-05,0.35279251707864995,0.0
avas,0,0,0,0,0,0,0,0,0,0,0,0,0,0,0,1,1,0.0,4,1,avas,3.328340822100183e-05,0.35279251707864995,0.0
cur,1,0,1,0,0,0,0,0,0,0,0,0,0,0,0,1,1,0.0,3,1,cur,3.328340822100183e-05,0.35279251707864995,0.13333333333333333
style,1,1,0,0,0,0,0,0,0,0,0,0,0,0,0,1,1,0.0,5,1,style,3.328340822100183e-05,0.35279251707864995,0.13333333333333333
introduced,0,1,0,0,0,0,0,0,0,0,0,0,0,0,0,1,1,0.2732,10,1,introduced,3.328340822100183e-05,0.35279251707864995,0.06666666666666667
rustic,1,0,1,0,0,0,0,0,0,0,0,0,0,0,0,1,1,0.4588,6,1,rustic,3.328340822100183e-05,0.35279251707864995,0.13333333333333333
ear,1,0,0,0,0,0,0,0,0,0,0,0,0,0,0,1,1,0.6249,3,1,ear,3.328340822100183e-05,0.35279251707864995,0.06666666666666667
sealed,0,1,1,0,0,0,0,0,0,0,0,0,0,0,0,1,1,0.0,6,1,sealed,3.328340822100183e-05,0.35279251707864995,0.13333333333333333
jvc,0,0,0,0,0,0,0,0,0,0,0,0,0,0,0,1,1,-0.296,3,1,jvc,3.328340822100183e-05,0.35279251707864995,0.0
dulgent,0,0,0,0,0,0,0,0,0,0,0,0,0,0,0,1,1,0.0,7,1,dulgent,3.328340822100183e-05,0.35279251707864995,0.0
minded,0,1,1,0,0,0,0,0,0,0,0,0,0,0,0,1,1,0.4588,6,1,minded,3.328340822100183e-05,0.35279251707864995,0.13333333333333333
bred,0,1,0,0,0,0,0,0,0,0,0,0,0,0,0,1,1,0.4588,4,1,bred,3.328340822100183e-05,0.35279251707864995,0.06666666666666667
village,1,0,0,0,0,0,0,0,0,0,0,0,0,0,0,1,1,0.4588,7,1,village,3.328340822100183e-05,0.35279251707864995,0.06666666666666667
gerous,0,0,0,0,0,0,0,0,0,0,0,0,0,0,0,1,1,0.4588,6,1,gerous,3.328340822100183e-05,0.35279251707864995,0.0
pitiable,0,0,1,0,0,0,0,0,0,0,0,0,0,0,0,1,1,0.6428,8,1,pitiable,3.328340822100183e-05,0.35279251707864995,0.06666666666666667
gress,0,0,0,0,0,0,0,0,0,0,0,0,0,0,0,1,1,0.6428,5,1,gress,3.328340822100183e-05,0.35279251707864995,0.0
religions,1,0,0,0,0,0,0,0,0,0,0,0,0,0,0,1,1,0.6428,9,1,religions,3.328340822100183e-05,0.35279251707864995,0.06666666666666667
banjo,1,0,0,0,0,0,0,0,0,0,0,0,0,0,0,1,1,-0.228,5,1,banjo,3.328340822100183e-05,0.35279251707864995,0.06666666666666667
arose,0,0,0,0,0,0,0,0,0,0,0,0,0,0,0,1,1,0.0,5,1,arose,3.328340822100183e-05,0.35279251707864995,0.0
fools,1,1,0,0,0,0,0,0,0,0,0,0,0,0,0,1,1,0.0,5,1,fools,3.328340822100183e-05,0.35279251707864995,0.13333333333333333
toddled,0,1,0,0,0,0,0,0,0,0,0,0,0,0,0,1,1,0.0,7,1,toddled,3.328340822100183e-05,0.35279251707864995,0.06666666666666667
kit,1,0,0,0,0,0,0,0,0,0,0,0,0,0,0,1,1,0.0,3,1,kit,3.328340822100183e-05,0.35279251707864995,0.06666666666666667
dismantling,1,0,0,0,0,0,0,0,0,0,0,0,0,0,0,1,1,0.6428,11,1,dismantling,3.328340822100183e-05,0.35279251707864995,0.06666666666666667
elevated,0,0,1,0,0,0,0,0,0,0,0,0,0,0,0,1,1,0.6428,8,1,elevated,3.328340822100183e-05,0.35279251707864995,0.06666666666666667
railroads,1,1,0,0,0,0,0,0,0,0,0,0,0,0,0,1,1,0.6428,9,1,railroads,3.328340822100183e-05,0.35279251707864995,0.13333333333333333
intolerance,1,0,0,0,0,0,0,0,0,0,0,0,0,0,0,1,1,0.6428,11,1,intolerance,3.328340822100183e-05,0.35279251707864995,0.06666666666666667
kindness,1,0,0,0,0,0,0,0,0,0,0,0,0,0,0,1,1,0.6428,8,1,kindness,3.328340822100183e-05,0.35279251707864995,0.06666666666666667
charity,1,0,0,0,0,0,0,0,0,0,0,0,0,0,0,1,1,0.6428,7,1,charity,3.328340822100183e-05,0.35279251707864995,0.06666666666666667
native,1,0,1,0,0,0,0,0,0,0,0,0,0,0,0,1,1,0.6428,6,1,native,3.328340822100183e-05,0.35279251707864995,0.13333333333333333
tuted,0,0,0,0,0,0,0,0,0,0,0,0,0,0,0,1,1,0.6428,5,1,tuted,3.328340822100183e-05,0.35279251707864995,0.0
afifeo,0,0,0,0,0,0,0,0,0,0,0,0,0,0,0,1,1,0.0,6,1,afifeo,3.328340822100183e-05,0.35279251707864995,0.0
blended,0,1,1,0,0,0,0,0,0,0,0,0,0,0,0,1,1,0.0,7,1,blended,3.328340822100183e-05,0.35279251707864995,0.13333333333333333
wardrobe,1,0,0,0,0,0,0,0,0,0,0,0,0,0,0,1,1,0.8074,8,1,wardrobe,3.328340822100183e-05,0.35279251707864995,0.06666666666666667
tecture,0,0,0,0,0,0,0,0,0,0,0,0,0,0,0,1,1,0.0,7,1,tecture,3.328340822100183e-05,0.35279251707864995,0.0
parks,1,1,0,0,0,0,0,0,0,0,0,0,0,0,0,1,1,0.0,5,1,parks,3.328340822100183e-05,0.35279251707864995,0.13333333333333333
population,1,0,0,0,0,0,0,0,0,0,0,0,0,0,0,1,1,0.0,10,1,population,3.328340822100183e-05,0.35279251707864995,0.06666666666666667
caucasus,1,0,0,0,0,0,0,0,0,0,0,0,0,0,0,1,1,0.6428,8,1,caucasus,3.328340822100183e-05,0.35279251707864995,0.06666666666666667
signalized,0,1,0,0,0,0,0,0,0,0,0,0,0,0,0,1,1,0.6428,10,1,signalized,3.328340822100183e-05,0.35279251707864995,0.06666666666666667
borrowed,0,1,0,0,0,0,0,0,0,0,0,0,0,0,0,1,1,-0.228,8,1,borrowed,3.328340822100183e-05,0.35279251707864995,0.06666666666666667
fan,1,1,0,0,0,0,0,0,0,0,0,0,0,0,0,1,1,0.3182,3,1,fan,3.328340822100183e-05,0.35279251707864995,0.13333333333333333
add,1,1,0,0,0,0,0,0,0,0,0,0,0,0,0,1,1,0.3182,3,1,add,3.328340822100183e-05,0.35279251707864995,0.13333333333333333
substitute,1,1,1,0,0,0,0,0,0,0,0,0,0,0,0,1,1,0.3182,10,1,substitute,3.328340822100183e-05,0.35279251707864995,0.2
jacket,1,1,0,0,0,0,0,0,0,0,0,0,0,0,0,1,1,0.0,6,1,jacket,3.328340822100183e-05,0.35279251707864995,0.13333333333333333
replace,0,1,0,0,0,0,0,0,0,0,0,0,0,0,0,1,1,0.0,7,1,replace,3.328340822100183e-05,0.35279251707864995,0.06666666666666667
departed,1,1,1,0,0,0,0,0,0,0,0,0,0,0,0,1,1,0.0,8,1,departed,3.328340822100183e-05,0.35279251707864995,0.2
snort,1,1,0,0,0,0,0,0,0,0,0,0,0,0,0,1,1,0.0,5,1,snort,3.328340822100183e-05,0.35279251707864995,0.13333333333333333
darkening,0,0,1,0,0,0,0,0,0,0,0,0,0,0,0,1,1,0.0,9,1,darkening,3.328340822100183e-05,0.35279251707864995,0.06666666666666667
carolling,1,1,0,0,0,0,0,0,0,0,0,0,0,0,0,1,1,-0.4019,9,1,carolling,3.328340822100183e-05,0.35279251707864995,0.13333333333333333
aglow,0,0,1,0,0,0,0,0,0,0,0,0,0,0,0,1,1,-0.4019,5,1,aglow,3.328340822100183e-05,0.35279251707864995,0.06666666666666667
liery,0,0,0,0,0,0,0,0,0,0,0,0,0,0,0,1,1,-0.4019,5,1,liery,3.328340822100183e-05,0.35279251707864995,0.0
valhalla,1,0,0,0,0,0,0,0,0,0,0,0,0,0,0,1,1,-0.4019,8,1,valhalla,3.328340822100183e-05,0.35279251707864995,0.06666666666666667
array,1,0,0,0,0,0,0,0,0,0,0,0,0,0,0,1,1,-0.4019,5,1,array,3.328340822100183e-05,0.35279251707864995,0.06666666666666667
lion,1,0,0,0,0,0,0,0,0,0,0,0,0,0,0,1,1,-0.4767,4,1,lion,3.328340822100183e-05,0.35279251707864995,0.06666666666666667
brass,1,0,0,0,0,0,0,0,0,0,0,0,0,0,0,1,1,-0.4767,5,1,brass,3.328340822100183e-05,0.35279251707864995,0.06666666666666667
noist,0,0,0,0,0,0,0,0,0,0,0,0,0,0,0,1,1,-0.4019,5,1,noist,3.328340822100183e-05,0.35279251707864995,0.0
cries,1,1,0,0,0,0,0,0,0,0,0,0,0,0,0,1,1,-0.4019,5,1,cries,3.328340822100183e-05,0.35279251707864995,0.13333333333333333
stream,1,1,0,0,0,0,0,0,0,0,0,0,0,0,0,1,1,0.0,6,1,stream,3.328340822100183e-05,0.35279251707864995,0.13333333333333333
priests,1,0,0,0,0,0,0,0,0,0,0,0,0,0,0,1,1,-0.6901,7,1,priests,3.328340822100183e-05,0.35279251707864995,0.06666666666666667
buckled,0,1,0,0,0,0,0,0,0,0,0,0,0,0,0,1,1,-0.6901,7,1,buckled,3.328340822100183e-05,0.35279251707864995,0.06666666666666667
slouchy,0,0,1,0,0,0,0,0,0,0,0,0,0,0,0,1,1,-0.6901,7,1,slouchy,3.328340822100183e-05,0.35279251707864995,0.06666666666666667
bar,1,1,1,0,0,0,0,0,0,0,0,0,0,0,0,1,1,-0.34,3,1,bar,3.328340822100183e-05,0.35279251707864995,0.2
smouldering,1,0,1,0,0,0,0,0,0,0,0,0,0,0,0,1,1,-0.34,11,1,smouldering,3.328340822100183e-05,0.35279251707864995,0.13333333333333333
slouching,0,1,1,0,0,0,0,0,0,0,0,0,0,0,0,1,1,-0.6901,9,1,slouching,3.328340822100183e-05,0.35279251707864995,0.13333333333333333
rakish,0,0,1,0,0,0,0,0,0,0,0,0,0,0,0,1,1,-0.6901,6,1,rakish,3.328340822100183e-05,0.35279251707864995,0.06666666666666667
hats,1,1,0,0,0,0,0,0,0,0,0,0,0,0,0,1,1,-0.6901,4,1,hats,3.328340822100183e-05,0.35279251707864995,0.13333333333333333
bearing,1,1,1,0,0,0,0,0,0,0,0,0,0,0,0,1,1,-0.6901,7,1,bearing,3.328340822100183e-05,0.35279251707864995,0.2
boxes,1,1,0,0,0,0,0,0,0,0,0,0,0,0,0,1,1,-0.6901,5,1,boxes,3.328340822100183e-05,0.35279251707864995,0.13333333333333333
rets,0,1,0,0,0,0,0,0,0,0,0,0,0,0,0,1,1,-0.6901,4,1,rets,3.328340822100183e-05,0.35279251707864995,0.06666666666666667
canes,0,1,0,0,0,0,0,0,0,0,0,0,0,0,0,1,1,-0.6901,5,1,canes,3.328340822100183e-05,0.35279251707864995,0.06666666666666667
cers,0,0,0,0,0,0,0,0,0,0,0,0,0,0,0,1,1,-0.6901,4,1,cers,3.328340822100183e-05,0.35279251707864995,0.0
od,0,0,0,0,0,0,0,0,0,0,0,0,0,0,0,1,1,0.0,2,0,od,3.328340822100183e-05,0.35279251707864995,0.0
son,1,0,0,0,0,0,0,0,0,0,0,0,0,0,0,1,1,0.0,3,1,son,3.328340822100183e-05,0.35279251707864995,0.06666666666666667
symphonies,1,0,0,0,0,0,0,0,0,0,0,0,0,0,0,1,1,-0.6901,10,1,symphonies,3.328340822100183e-05,0.35279251707864995,0.06666666666666667
turquoise,1,0,0,0,0,0,0,0,0,0,0,0,0,0,0,1,1,-0.6901,9,1,turquoise,3.328340822100183e-05,0.35279251707864995,0.06666666666666667
ponderous,0,0,1,0,0,0,0,0,0,0,0,0,0,0,0,1,1,-0.6901,9,1,ponderous,3.328340822100183e-05,0.35279251707864995,0.06666666666666667
pastry,1,0,0,0,0,0,0,0,0,0,0,0,0,0,0,1,1,-0.6901,6,1,pastry,3.328340822100183e-05,0.35279251707864995,0.06666666666666667
oa,0,0,0,0,0,0,0,0,0,0,0,0,0,0,0,1,1,-0.6901,2,0,oa,3.328340822100183e-05,0.35279251707864995,0.0
shambling,1,0,0,0,0,0,0,0,0,0,0,0,0,0,0,1,1,-0.6901,9,1,shambling,3.328340822100183e-05,0.35279251707864995,0.06666666666666667
nuisance,1,0,0,0,0,0,0,0,0,0,0,0,0,0,0,1,1,0.0,8,1,nuisance,3.328340822100183e-05,0.35279251707864995,0.06666666666666667
intruding,0,1,1,0,0,0,0,0,0,0,0,0,0,0,0,1,1,0.0,9,1,intruding,3.328340822100183e-05,0.35279251707864995,0.13333333333333333
rades,1,0,0,0,0,0,0,0,0,0,0,0,0,0,0,1,1,0.0,5,1,rades,3.328340822100183e-05,0.35279251707864995,0.06666666666666667
sarcastic,0,0,1,0,0,0,0,0,0,0,0,0,0,0,0,1,1,-0.3851,9,1,sarcastic,3.328340822100183e-05,0.35279251707864995,0.06666666666666667
deserves,0,1,0,0,0,0,0,0,0,0,0,0,0,0,0,1,1,0.7003,8,1,deserves,3.328340822100183e-05,0.35279251707864995,0.06666666666666667
utterly,0,0,0,1,0,0,0,0,0,0,0,0,0,0,0,1,1,-0.5209,7,1,utterly,3.328340822100183e-05,0.35279251707864995,0.06666666666666667
rigible,0,0,0,0,0,0,0,0,0,0,0,0,0,0,0,1,1,-0.5209,7,1,rigible,3.328340822100183e-05,0.35279251707864995,0.0
allowance,1,1,0,0,0,0,0,0,0,0,0,0,0,0,0,1,1,0.0,9,1,allowance,3.328340822100183e-05,0.35279251707864995,0.13333333333333333
carefully,0,0,0,1,0,0,0,0,0,0,0,0,0,0,0,1,1,-0.1531,9,1,carefully,3.328340822100183e-05,0.35279251707864995,0.06666666666666667
proceeded,0,1,0,0,0,0,0,0,0,0,0,0,0,0,0,1,1,-0.1531,9,1,proceeded,3.328340822100183e-05,0.35279251707864995,0.06666666666666667
furtively,0,0,0,1,0,0,0,0,0,0,0,0,0,0,0,1,1,-0.6901,9,1,furtively,3.328340822100183e-05,0.35279251707864995,0.06666666666666667
smokers,1,0,0,0,0,0,0,0,0,0,0,0,0,0,0,1,1,-0.6901,7,1,smokers,3.328340822100183e-05,0.35279251707864995,0.06666666666666667
steady,1,1,1,1,0,0,0,0,0,0,0,0,0,0,0,1,1,-0.6901,6,1,steady,3.328340822100183e-05,0.35279251707864995,0.26666666666666666
circle,1,1,0,0,0,0,0,0,0,0,0,0,0,0,0,1,1,-0.6901,6,1,circle,3.328340822100183e-05,0.35279251707864995,0.13333333333333333
furtive,0,0,1,0,0,0,0,0,0,0,0,0,0,0,0,1,1,0.0,7,1,furtive,3.328340822100183e-05,0.35279251707864995,0.06666666666666667
pedestal,1,0,0,0,0,0,0,0,0,0,0,0,0,0,0,1,1,0.0,8,1,pedestal,3.328340822100183e-05,0.35279251707864995,0.06666666666666667
ming,1,0,0,0,0,0,0,0,0,0,0,0,0,0,0,1,1,-0.4767,4,1,ming,3.328340822100183e-05,0.35279251707864995,0.06666666666666667
bronze,1,1,1,0,0,0,0,0,0,0,0,0,0,0,0,1,1,-0.4767,6,1,bronze,3.328340822100183e-05,0.35279251707864995,0.2
unheeding,0,0,1,0,0,0,0,0,0,0,0,0,0,0,0,1,1,0.4019,9,1,unheeding,3.328340822100183e-05,0.35279251707864995,0.06666666666666667
otherwise,0,0,1,1,0,0,0,0,0,0,0,0,0,0,0,1,1,0.4019,9,1,otherwise,3.328340822100183e-05,0.35279251707864995,0.13333333333333333
toss,1,1,0,0,0,0,0,0,0,0,0,0,0,0,0,1,1,0.0,4,1,toss,3.328340822100183e-05,0.35279251707864995,0.13333333333333333
gives,0,1,0,0,0,0,0,0,0,0,0,0,0,0,0,1,1,-0.6908,5,1,gives,3.328340822100183e-05,0.35279251707864995,0.06666666666666667
experience,1,1,0,0,0,0,0,0,0,0,0,0,0,0,0,1,1,0.0,10,1,experience,3.328340822100183e-05,0.35279251707864995,0.13333333333333333
hast,0,0,0,0,0,0,0,0,0,0,0,0,0,0,0,1,1,0.0,4,1,hast,3.328340822100183e-05,0.35279251707864995,0.0
epau,0,0,0,0,0,0,0,0,0,0,0,0,0,0,0,1,1,-0.4767,4,1,epau,3.328340822100183e-05,0.35279251707864995,0.0
lettes,0,0,0,0,0,0,0,0,0,0,0,0,0,0,0,1,1,-0.4767,6,1,lettes,3.328340822100183e-05,0.35279251707864995,0.0
ferme,1,0,0,0,0,0,0,0,0,0,0,0,0,0,0,1,1,0.0,5,1,ferme,3.328340822100183e-05,0.35279251707864995,0.06666666666666667
bugle,1,1,0,0,0,0,0,0,0,0,0,0,0,0,0,1,1,0.0,5,1,bugle,3.328340822100183e-05,0.35279251707864995,0.13333333333333333
imustre,0,0,0,0,0,0,0,0,0,0,0,0,0,0,0,1,1,-0.25,7,1,imustre,3.328340822100183e-05,0.35279251707864995,0.0
ern,1,0,0,0,0,0,0,0,0,0,0,0,0,0,0,1,1,0.0,3,1,ern,3.328340822100183e-05,0.35279251707864995,0.06666666666666667
plished,0,0,0,0,0,0,0,0,0,0,0,0,0,0,0,1,1,-0.1531,7,1,plished,3.328340822100183e-05,0.35279251707864995,0.0
onet,0,0,0,0,0,0,0,0,0,0,0,0,0,0,0,1,1,-0.4767,4,1,onet,3.328340822100183e-05,0.35279251707864995,0.0
affected,1,1,1,0,0,0,0,0,0,0,0,0,0,0,0,1,1,0.7517,8,1,affected,3.328340822100183e-05,0.35279251707864995,0.2
glee,0,0,0,0,0,0,0,0,0,0,0,0,0,0,0,1,1,0.7517,4,1,glee,3.328340822100183e-05,0.35279251707864995,0.0
demand,1,1,0,0,0,0,0,0,0,0,0,0,0,0,0,1,1,0.7517,6,1,demand,3.328340822100183e-05,0.35279251707864995,0.13333333333333333
consented,0,0,0,0,0,0,0,0,0,0,0,0,0,0,0,1,1,0.7517,9,1,consented,3.328340822100183e-05,0.35279251707864995,0.0
delightedly,0,0,0,1,0,0,0,0,0,0,0,0,0,0,0,1,1,0.7517,11,1,delightedly,3.328340822100183e-05,0.35279251707864995,0.06666666666666667
conviction,1,0,0,0,0,0,0,0,0,0,0,0,0,0,0,1,1,-0.4939,10,1,conviction,3.328340822100183e-05,0.35279251707864995,0.06666666666666667
garding,0,0,0,0,0,0,0,0,0,0,0,0,0,0,0,1,1,-0.4939,7,1,garding,3.328340822100183e-05,0.35279251707864995,0.0
advised,0,1,1,0,0,0,0,0,0,0,0,0,0,0,0,1,1,-0.4939,7,1,advised,3.328340822100183e-05,0.35279251707864995,0.13333333333333333
stopping,1,1,1,0,0,0,0,0,0,0,0,0,0,0,0,1,1,-0.1531,8,1,stopping,3.328340822100183e-05,0.35279251707864995,0.2
restaurant,1,0,0,0,0,0,0,0,0,0,0,0,0,0,0,1,1,-0.2263,10,1,restaurant,3.328340822100183e-05,0.35279251707864995,0.06666666666666667
panelled,0,1,0,0,0,0,0,0,0,0,0,0,0,0,0,1,1,-0.2263,8,1,panelled,3.328340822100183e-05,0.35279251707864995,0.06666666666666667
peated,0,0,0,0,0,0,0,0,0,0,0,0,0,0,0,1,1,-0.2263,6,1,peated,3.328340822100183e-05,0.35279251707864995,0.0
noiselessly,0,0,0,1,0,0,0,0,0,0,0,0,0,0,0,1,1,-0.2263,11,1,noiselessly,3.328340822100183e-05,0.35279251707864995,0.06666666666666667
ami,1,0,0,0,0,0,0,0,0,0,0,0,0,0,0,1,1,0.7517,3,1,ami,3.328340822100183e-05,0.35279251707864995,0.06666666666666667
testing,1,1,0,0,0,0,0,0,0,0,0,0,0,0,0,1,1,0.7517,7,1,testing,3.328340822100183e-05,0.35279251707864995,0.13333333333333333
welcomed,0,1,1,0,0,0,0,0,0,0,0,0,0,0,0,1,1,0.7517,8,1,welcomed,3.328340822100183e-05,0.35279251707864995,0.13333333333333333
rado,0,0,0,0,0,0,0,0,0,0,0,0,0,0,0,1,1,0.8761,4,1,rado,3.328340822100183e-05,0.35279251707864995,0.0
cabinets,1,0,0,0,0,0,0,0,0,0,0,0,0,0,0,1,1,-0.2263,8,1,cabinets,3.328340822100183e-05,0.35279251707864995,0.06666666666666667
madelon,0,0,0,0,0,0,0,0,0,0,0,0,0,0,0,1,1,-0.2263,7,1,madelon,3.328340822100183e-05,0.35279251707864995,0.0
elbows,1,1,0,0,0,0,0,0,0,0,0,0,0,0,0,1,1,0.5423,6,1,elbows,3.328340822100183e-05,0.35279251707864995,0.13333333333333333
vanity,1,0,0,0,0,0,0,0,0,0,0,0,0,0,0,1,1,-0.2263,6,1,vanity,3.328340822100183e-05,0.35279251707864995,0.06666666666666667
eugene,1,0,0,0,0,0,0,0,0,0,0,0,0,0,0,1,1,0.8761,6,1,eugene,3.328340822100183e-05,0.35279251707864995,0.06666666666666667
mer,0,0,0,0,0,0,0,0,0,0,0,0,0,0,0,1,1,0.0,3,1,mer,3.328340822100183e-05,0.35279251707864995,0.0
coles,1,0,0,0,0,0,0,0,0,0,0,0,0,0,0,1,1,0.0,5,1,coles,3.328340822100183e-05,0.35279251707864995,0.06666666666666667
ceives,0,0,0,0,0,0,0,0,0,0,0,0,0,0,0,1,1,0.4019,6,1,ceives,3.328340822100183e-05,0.35279251707864995,0.0
bisque,1,0,0,0,0,0,0,0,0,0,0,0,0,0,0,1,1,0.8761,6,1,bisque,3.328340822100183e-05,0.35279251707864995,0.06666666666666667
mery,0,0,0,0,0,0,0,0,0,0,0,0,0,0,0,1,1,0.8761,4,1,mery,3.328340822100183e-05,0.35279251707864995,0.0
courses,1,1,0,0,0,0,0,0,0,0,0,0,0,0,0,1,1,0.8761,7,1,courses,3.328340822100183e-05,0.35279251707864995,0.13333333333333333
ville,0,0,0,0,0,0,0,0,0,0,0,0,0,0,0,1,1,0.8761,5,1,ville,3.328340822100183e-05,0.35279251707864995,0.0
cirque,1,0,0,0,0,0,0,0,0,0,0,0,0,0,0,1,1,0.8761,6,1,cirque,3.328340822100183e-05,0.35279251707864995,0.06666666666666667
greatly,0,0,0,1,0,0,0,0,0,0,0,0,0,0,0,1,1,0.8761,7,1,greatly,3.328340822100183e-05,0.35279251707864995,0.06666666666666667
funnier,0,0,1,0,0,0,0,0,0,0,0,0,0,0,0,1,1,0.8761,7,1,funnier,3.328340822100183e-05,0.35279251707864995,0.06666666666666667
institutions,1,0,0,0,0,0,0,0,0,0,0,0,0,0,0,1,1,0.7351,12,1,institutions,3.328340822100183e-05,0.35279251707864995,0.06666666666666667
instinctive,0,0,1,0,0,0,0,0,0,0,0,0,0,0,0,1,1,-0.4939,11,1,instinctive,3.328340822100183e-05,0.35279251707864995,0.06666666666666667
distress,1,1,0,0,0,0,0,0,0,0,0,0,0,0,0,1,1,0.1779,8,1,distress,3.328340822100183e-05,0.35279251707864995,0.13333333333333333
sooner,1,0,0,1,0,0,0,0,0,0,0,0,0,0,0,1,1,0.0,6,1,sooner,3.328340822100183e-05,0.35279251707864995,0.13333333333333333
passionately,0,0,0,1,0,0,0,0,0,0,0,0,0,0,0,1,1,0.2023,12,1,passionately,3.328340822100183e-05,0.35279251707864995,0.06666666666666667
rette,0,0,0,0,0,0,0,0,0,0,0,0,0,0,0,1,1,0.2023,5,1,rette,3.328340822100183e-05,0.35279251707864995,0.0
antly,0,0,0,0,0,0,0,0,0,0,0,0,0,0,0,1,1,0.5106,5,1,antly,3.328340822100183e-05,0.35279251707864995,0.0
lessons,1,0,0,0,0,0,0,0,0,0,0,0,0,0,0,1,1,0.8338,7,1,lessons,3.328340822100183e-05,0.35279251707864995,0.06666666666666667
measure,1,1,0,0,0,0,0,0,0,0,0,0,0,0,0,1,1,0.6597,7,1,measure,3.328340822100183e-05,0.35279251707864995,0.13333333333333333
preservation,1,0,0,0,0,0,0,0,0,0,0,0,0,0,0,1,1,0.6597,12,1,preservation,3.328340822100183e-05,0.35279251707864995,0.06666666666666667
naturalization,1,0,0,0,0,0,0,0,0,0,0,0,0,0,0,1,1,0.6597,14,1,naturalization,3.328340822100183e-05,0.35279251707864995,0.06666666666666667
vied,0,0,0,0,0,0,0,0,0,0,0,0,0,0,0,1,1,0.0,4,1,vied,3.328340822100183e-05,0.35279251707864995,0.0
arts,0,0,0,0,0,0,0,0,0,0,0,0,0,0,0,1,1,0.0,4,1,arts,3.328340822100183e-05,0.35279251707864995,0.0
portfolio,1,0,0,0,0,0,0,0,0,0,0,0,0,0,0,1,1,0.0,9,1,portfolio,3.328340822100183e-05,0.35279251707864995,0.06666666666666667
subsidizing,0,1,0,0,0,0,0,0,0,0,0,0,0,0,0,1,1,0.5719,11,1,subsidizing,3.328340822100183e-05,0.35279251707864995,0.06666666666666667
academy,1,0,0,0,0,0,0,0,0,0,0,0,0,0,0,1,1,0.7351,7,1,academy,3.328340822100183e-05,0.35279251707864995,0.06666666666666667
bock,1,0,0,0,0,0,0,0,0,0,0,0,0,0,0,1,1,0.0,4,1,bock,3.328340822100183e-05,0.35279251707864995,0.06666666666666667
pany,0,0,0,0,0,0,0,0,0,0,0,0,0,0,0,1,1,0.0,4,1,pany,3.328340822100183e-05,0.35279251707864995,0.0
waters,1,1,0,0,0,0,0,0,0,0,0,0,0,0,0,1,1,0.0,6,1,waters,3.328340822100183e-05,0.35279251707864995,0.13333333333333333
training,1,1,0,0,0,0,0,0,0,0,0,0,0,0,0,1,1,-0.296,8,1,training,3.328340822100183e-05,0.35279251707864995,0.13333333333333333
barristers,1,0,0,0,0,0,0,0,0,0,0,0,0,0,0,1,1,-0.296,10,1,barristers,3.328340822100183e-05,0.35279251707864995,0.06666666666666667
consequently,0,0,0,1,0,0,0,0,0,0,0,0,0,0,0,1,1,-0.296,12,1,consequently,3.328340822100183e-05,0.35279251707864995,0.06666666666666667
treaties,1,0,0,0,0,0,0,0,0,0,0,0,0,0,0,1,1,0.6597,8,1,treaties,3.328340822100183e-05,0.35279251707864995,0.06666666666666667
england,1,0,0,0,0,0,0,0,0,0,0,0,0,0,0,1,1,0.6597,7,1,england,3.328340822100183e-05,0.35279251707864995,0.06666666666666667
lonely,0,0,1,0,0,0,0,0,0,0,0,0,0,0,0,1,1,-0.3612,6,1,lonely,3.328340822100183e-05,0.35279251707864995,0.06666666666666667
hearty,1,0,1,0,0,0,0,0,0,0,0,0,0,0,0,1,1,0.7517,6,1,hearty,3.328340822100183e-05,0.35279251707864995,0.13333333333333333
deuce,1,0,0,0,0,0,0,0,0,0,0,0,0,0,0,1,1,0.7517,5,1,deuce,3.328340822100183e-05,0.35279251707864995,0.06666666666666667
rv,1,0,0,0,0,0,0,0,0,0,0,0,0,0,0,1,1,0.0,2,1,rv,3.328340822100183e-05,0.35279251707864995,0.06666666666666667
hie,1,0,0,0,0,0,0,0,0,0,0,0,0,0,0,1,1,0.0,3,1,hie,3.328340822100183e-05,0.35279251707864995,0.06666666666666667
painful,0,0,1,0,0,0,0,0,0,0,0,0,0,0,0,1,1,-0.25,7,1,painful,3.328340822100183e-05,0.35279251707864995,0.06666666666666667
meeting,1,1,0,0,0,0,0,0,0,0,0,0,0,0,0,1,1,-0.25,7,1,meeting,3.328340822100183e-05,0.35279251707864995,0.13333333333333333
capucines,1,0,0,0,0,0,0,0,0,0,0,0,0,0,0,1,1,0.0,9,1,capucines,3.328340822100183e-05,0.35279251707864995,0.06666666666666667
existing,0,1,1,0,0,0,0,0,0,0,0,0,0,0,0,1,1,-0.91,8,1,existing,3.328340822100183e-05,0.35279251707864995,0.13333333333333333
horrors,1,0,0,0,0,0,0,0,0,0,0,0,0,0,0,1,1,-0.91,7,1,horrors,3.328340822100183e-05,0.35279251707864995,0.06666666666666667
triots,0,0,0,0,0,0,0,0,0,0,0,0,0,0,0,1,1,-0.296,6,1,triots,3.328340822100183e-05,0.35279251707864995,0.0
pertained,0,1,0,0,0,0,0,0,0,0,0,0,0,0,0,1,1,0.0258,9,1,pertained,3.328340822100183e-05,0.35279251707864995,0.06666666666666667
omelet,1,0,0,0,0,0,0,0,0,0,0,0,0,0,0,1,1,0.7517,6,1,omelet,3.328340822100183e-05,0.35279251707864995,0.06666666666666667
meantime,0,0,0,1,0,0,0,0,0,0,0,0,0,0,0,1,1,0.7517,8,1,meantime,3.328340822100183e-05,0.35279251707864995,0.06666666666666667
whisper,1,1,0,0,0,0,0,0,0,0,0,0,0,0,0,1,1,0.7517,7,1,whisper,3.328340822100183e-05,0.35279251707864995,0.13333333333333333
ass,1,0,0,0,0,0,0,0,0,0,0,0,0,0,0,1,1,0.7517,3,1,ass,3.328340822100183e-05,0.35279251707864995,0.06666666666666667
waiian,0,0,0,0,0,0,0,0,0,0,0,0,0,0,0,1,1,0.2023,6,1,waiian,3.328340822100183e-05,0.35279251707864995,0.0
territory,1,0,0,0,0,0,0,0,0,0,0,0,0,0,0,1,1,0.2023,9,1,territory,3.328340822100183e-05,0.35279251707864995,0.06666666666666667
worth,1,0,1,0,0,0,0,0,0,0,0,0,0,0,0,1,1,0.2023,5,1,worth,3.328340822100183e-05,0.35279251707864995,0.13333333333333333
widened,0,0,0,0,0,0,0,0,0,0,0,0,0,0,0,1,1,0.0,7,1,widened,3.328340822100183e-05,0.35279251707864995,0.0
squares,1,1,0,0,0,0,0,0,0,0,0,0,0,0,0,1,1,0.0,7,1,squares,3.328340822100183e-05,0.35279251707864995,0.13333333333333333
structures,1,1,0,0,0,0,0,0,0,0,0,0,0,0,0,1,1,0.0,10,1,structures,3.328340822100183e-05,0.35279251707864995,0.13333333333333333
perial,0,0,0,0,0,0,0,0,0,0,0,0,0,0,0,1,1,-0.91,6,1,perial,3.328340822100183e-05,0.35279251707864995,0.0
replacing,0,1,0,0,0,0,0,0,0,0,0,0,0,0,0,1,1,-0.91,9,1,replacing,3.328340822100183e-05,0.35279251707864995,0.06666666666666667
roofed,0,1,1,0,0,0,0,0,0,0,0,0,0,0,0,1,1,0.4019,6,1,roofed,3.328340822100183e-05,0.35279251707864995,0.13333333333333333
party,1,1,1,0,0,0,0,0,0,0,0,0,0,0,0,1,1,0.4019,5,1,party,3.328340822100183e-05,0.35279251707864995,0.2
sunshades,1,0,0,0,0,0,0,0,0,0,0,0,0,0,0,1,1,0.4019,9,1,sunshades,3.328340822100183e-05,0.35279251707864995,0.06666666666666667
non,0,0,1,0,0,0,0,0,0,0,0,0,0,0,0,1,1,0.4019,3,1,non,3.328340822100183e-05,0.35279251707864995,0.06666666666666667
combatant,1,0,1,0,0,0,0,0,0,0,0,0,0,0,0,1,1,0.4019,9,1,combatant,3.328340822100183e-05,0.35279251707864995,0.13333333333333333
bordered,0,0,1,0,0,0,0,0,0,0,0,0,0,0,0,1,1,0.0258,8,1,bordered,3.328340822100183e-05,0.35279251707864995,0.06666666666666667
knowledged,0,0,0,0,0,0,0,0,0,0,0,0,0,0,0,1,1,0.0258,10,1,knowledged,3.328340822100183e-05,0.35279251707864995,0.0
cuban,1,0,1,0,0,0,0,0,0,0,0,0,0,0,0,1,1,0.2023,5,1,cuban,3.328340822100183e-05,0.35279251707864995,0.13333333333333333
decision,1,0,0,0,0,0,0,0,0,0,0,0,0,0,0,1,1,0.8338,8,1,decision,3.328340822100183e-05,0.35279251707864995,0.06666666666666667
rod,1,0,0,0,0,0,0,0,0,0,0,0,0,0,0,1,1,0.34,3,1,rod,3.328340822100183e-05,0.35279251707864995,0.06666666666666667
sportsmanship,1,0,0,0,0,0,0,0,0,0,0,0,0,0,0,1,1,0.0258,13,1,sportsmanship,3.328340822100183e-05,0.35279251707864995,0.06666666666666667
prevent,0,1,0,0,0,0,0,0,0,0,0,0,0,0,0,1,1,0.0258,7,1,prevent,3.328340822100183e-05,0.35279251707864995,0.06666666666666667
asserted,0,1,1,0,0,0,0,0,0,0,0,0,0,0,0,1,1,-0.4215,8,1,asserted,3.328340822100183e-05,0.35279251707864995,0.13333333333333333
hook,1,1,0,0,0,0,0,0,0,0,0,0,0,0,0,1,1,0.0,4,1,hook,3.328340822100183e-05,0.35279251707864995,0.13333333333333333
destined,0,1,1,0,0,0,0,0,0,0,0,0,0,0,0,1,1,0.0,8,1,destined,3.328340822100183e-05,0.35279251707864995,0.13333333333333333
brilliant,1,0,1,0,0,0,0,0,0,0,0,0,0,0,0,1,1,0.891,9,1,brilliant,3.328340822100183e-05,0.35279251707864995,0.13333333333333333
wavered,0,0,0,0,0,0,0,0,0,0,0,0,0,0,0,1,1,0.0,7,1,wavered,3.328340822100183e-05,0.35279251707864995,0.0
yello,0,0,0,0,0,0,0,0,0,0,0,0,0,0,0,1,1,0.0,5,1,yello,3.328340822100183e-05,0.35279251707864995,0.0
flip,1,1,1,0,0,0,0,0,0,0,0,0,0,0,0,1,1,0.0,4,1,flip,3.328340822100183e-05,0.35279251707864995,0.2
quills,1,0,0,0,0,0,0,0,0,0,0,0,0,0,0,1,1,0.0,6,1,quills,3.328340822100183e-05,0.35279251707864995,0.06666666666666667
hooked,0,1,1,0,0,0,0,0,0,0,0,0,0,0,0,1,1,0.0,6,1,hooked,3.328340822100183e-05,0.35279251707864995,0.13333333333333333
announced,0,1,1,0,0,0,0,0,0,0,0,0,0,0,0,1,1,0.0,9,1,announced,3.328340822100183e-05,0.35279251707864995,0.13333333333333333
altred,0,0,0,0,0,0,0,0,0,0,0,0,0,0,0,1,1,0.0,6,1,altred,3.328340822100183e-05,0.35279251707864995,0.0
pokes,1,1,0,0,0,0,0,0,0,0,0,0,0,0,0,1,1,0.0,5,1,pokes,3.328340822100183e-05,0.35279251707864995,0.13333333333333333
admitting,0,1,0,0,0,0,0,0,0,0,0,0,0,0,0,1,1,-0.4588,9,1,admitting,3.328340822100183e-05,0.35279251707864995,0.06666666666666667
leafy,0,0,1,0,0,0,0,0,0,0,0,0,0,0,0,1,1,0.0,5,1,leafy,3.328340822100183e-05,0.35279251707864995,0.06666666666666667
magpies,1,0,0,0,0,0,0,0,0,0,0,0,0,0,0,1,1,0.0,7,1,magpies,3.328340822100183e-05,0.35279251707864995,0.06666666666666667
jays,1,0,0,0,0,0,0,0,0,0,0,0,0,0,0,1,1,0.0,4,1,jays,3.328340822100183e-05,0.35279251707864995,0.06666666666666667
shrieked,0,1,1,0,0,0,0,0,0,0,0,0,0,0,0,1,1,0.0,8,1,shrieked,3.328340822100183e-05,0.35279251707864995,0.13333333333333333
flocks,1,1,0,0,0,0,0,0,0,0,0,0,0,0,0,1,1,0.0,6,1,flocks,3.328340822100183e-05,0.35279251707864995,0.13333333333333333
twittering,1,0,0,0,0,0,0,0,0,0,0,0,0,0,0,1,1,0.0,10,1,twittering,3.328340822100183e-05,0.35279251707864995,0.06666666666666667
gull,1,1,0,0,0,0,0,0,0,0,0,0,0,0,0,1,1,0.0,4,1,gull,3.328340822100183e-05,0.35279251707864995,0.13333333333333333
manding,0,0,0,0,0,0,0,0,0,0,0,0,0,0,0,1,1,0.5719,7,1,manding,3.328340822100183e-05,0.35279251707864995,0.0
creel,1,0,0,0,0,0,0,0,0,0,0,0,0,0,0,1,1,0.4939,5,1,creel,3.328340822100183e-05,0.35279251707864995,0.06666666666666667
sounds,1,1,0,0,0,0,0,0,0,0,0,0,0,0,0,1,1,0.0,6,1,sounds,3.328340822100183e-05,0.35279251707864995,0.13333333333333333
jl,0,0,0,0,0,0,0,0,0,0,0,0,0,0,0,1,1,0.0,2,0,jl,3.328340822100183e-05,0.35279251707864995,0.0
rouen,0,0,0,0,0,0,0,0,0,0,0,0,0,0,0,1,1,0.0,5,1,rouen,3.328340822100183e-05,0.35279251707864995,0.0
danced,0,1,0,0,0,0,0,0,0,0,0,0,0,0,0,1,1,0.0,6,1,danced,3.328340822100183e-05,0.35279251707864995,0.06666666666666667
marsh,1,0,0,0,0,0,0,0,0,0,0,0,0,0,0,1,1,0.0,5,1,marsh,3.328340822100183e-05,0.35279251707864995,0.06666666666666667
frankly,0,0,0,1,0,0,0,0,0,0,0,0,0,0,0,1,1,-0.4588,7,1,frankly,3.328340822100183e-05,0.35279251707864995,0.06666666666666667
affairs,1,0,0,0,0,0,0,0,0,0,0,0,0,0,0,1,1,-0.2732,7,1,affairs,3.328340822100183e-05,0.35279251707864995,0.06666666666666667
settles,1,1,0,0,0,0,0,0,0,0,0,0,0,0,0,1,1,0.4767,7,1,settles,3.328340822100183e-05,0.35279251707864995,0.13333333333333333
grin,1,1,0,0,0,0,0,0,0,0,0,0,0,0,0,1,1,0.4767,4,1,grin,3.328340822100183e-05,0.35279251707864995,0.13333333333333333
eluded,0,1,0,0,0,0,0,0,0,0,0,0,0,0,0,1,1,-0.4588,6,1,eluded,3.328340822100183e-05,0.35279251707864995,0.06666666666666667
casting,1,1,0,0,0,0,0,0,0,0,0,0,0,0,0,1,1,0.6486,7,1,casting,3.328340822100183e-05,0.35279251707864995,0.13333333333333333
lazily,0,0,0,1,0,0,0,0,0,0,0,0,0,0,0,1,1,0.6486,6,1,lazily,3.328340822100183e-05,0.35279251707864995,0.06666666666666667
feather,1,1,0,0,0,0,0,0,0,0,0,0,0,0,0,1,1,0.6486,7,1,feather,3.328340822100183e-05,0.35279251707864995,0.13333333333333333
baskets,1,0,0,0,0,0,0,0,0,0,0,0,0,0,0,1,1,0.5719,7,1,baskets,3.328340822100183e-05,0.35279251707864995,0.06666666666666667
enjoyed,0,1,0,0,0,0,0,0,0,0,0,0,0,0,0,1,1,0.8667,7,1,enjoyed,3.328340822100183e-05,0.35279251707864995,0.06666666666666667
roche,0,0,0,0,0,0,0,0,0,0,0,0,0,0,0,1,1,0.8667,5,1,roche,3.328340822100183e-05,0.35279251707864995,0.0
lazare,0,0,0,0,0,0,0,0,0,0,0,0,0,0,0,1,1,0.0,6,1,lazare,3.328340822100183e-05,0.35279251707864995,0.0
lame,1,0,1,0,0,0,0,0,0,0,0,0,0,0,0,1,1,-0.4215,4,1,lame,3.328340822100183e-05,0.35279251707864995,0.13333333333333333
lilac,1,0,1,0,0,0,0,0,0,0,0,0,0,0,0,1,1,-0.4215,5,1,lilac,3.328340822100183e-05,0.35279251707864995,0.13333333333333333
phlox,1,0,0,0,0,0,0,0,0,0,0,0,0,0,0,1,1,-0.4215,5,1,phlox,3.328340822100183e-05,0.35279251707864995,0.06666666666666667
rheumatic,1,0,1,0,0,0,0,0,0,0,0,0,0,0,0,1,1,-0.4215,9,1,rheumatic,3.328340822100183e-05,0.35279251707864995,0.13333333333333333
shrub,1,0,0,0,0,0,0,0,0,0,0,0,0,0,0,1,1,-0.4215,5,1,shrub,3.328340822100183e-05,0.35279251707864995,0.06666666666666667
beguile,0,0,0,0,0,0,0,0,0,0,0,0,0,0,0,1,1,0.0,7,1,beguile,3.328340822100183e-05,0.35279251707864995,0.0
functory,0,0,0,0,0,0,0,0,0,0,0,0,0,0,0,1,1,0.0,8,1,functory,3.328340822100183e-05,0.35279251707864995,0.0
somewhat,1,0,0,1,0,0,0,0,0,0,0,0,0,0,0,1,1,0.0,8,1,somewhat,3.328340822100183e-05,0.35279251707864995,0.13333333333333333
fiery,0,0,1,0,0,0,0,0,0,0,0,0,0,0,0,1,1,-0.0258,5,1,fiery,3.328340822100183e-05,0.35279251707864995,0.06666666666666667
missed,0,1,1,0,0,0,0,0,0,0,0,0,0,0,0,1,1,0.4939,6,1,missed,3.328340822100183e-05,0.35279251707864995,0.13333333333333333
ments,0,0,0,0,0,0,0,0,0,0,0,0,0,0,0,1,1,0.8667,5,1,ments,3.328340822100183e-05,0.35279251707864995,0.0
flirtation,0,0,0,0,0,0,0,0,0,0,0,0,0,0,0,1,1,0.8667,10,1,flirtation,3.328340822100183e-05,0.35279251707864995,0.0
liot,0,0,0,0,0,0,0,0,0,0,0,0,0,0,0,1,1,0.8667,4,1,liot,3.328340822100183e-05,0.35279251707864995,0.0
cierge,1,0,0,0,0,0,0,0,0,0,0,0,0,0,0,1,1,-0.0258,6,1,cierge,3.328340822100183e-05,0.35279251707864995,0.06666666666666667
mission,1,0,0,0,0,0,0,0,0,0,0,0,0,0,0,1,1,-0.128,7,1,mission,3.328340822100183e-05,0.35279251707864995,0.06666666666666667
ivy,1,0,0,0,0,0,0,0,0,0,0,0,0,0,0,1,1,-0.128,3,1,ivy,3.328340822100183e-05,0.35279251707864995,0.06666666666666667
boot,1,1,0,0,0,0,0,0,0,0,0,0,0,0,0,1,1,0.5719,4,1,boot,3.328340822100183e-05,0.35279251707864995,0.13333333333333333
drift,1,1,0,0,0,0,0,0,0,0,0,0,0,0,0,1,1,0.0,5,1,drift,3.328340822100183e-05,0.35279251707864995,0.13333333333333333
clatter,1,1,0,0,0,0,0,0,0,0,0,0,0,0,0,1,1,0.0,7,1,clatter,3.328340822100183e-05,0.35279251707864995,0.13333333333333333
sabots,1,0,0,0,0,0,0,0,0,0,0,0,0,0,0,1,1,0.0,6,1,sabots,3.328340822100183e-05,0.35279251707864995,0.06666666666666667
blackbird,1,0,0,0,0,0,0,0,0,0,0,0,0,0,0,1,1,0.0,9,1,blackbird,3.328340822100183e-05,0.35279251707864995,0.06666666666666667
shaggy,0,0,1,0,0,0,0,0,0,0,0,0,0,0,0,1,1,0.0,6,1,shaggy,3.328340822100183e-05,0.35279251707864995,0.06666666666666667
maudlin,1,0,1,0,0,0,0,0,0,0,0,0,0,0,0,1,1,0.0,7,1,maudlin,3.328340822100183e-05,0.35279251707864995,0.13333333333333333
providence,1,0,0,0,0,0,0,0,0,0,0,0,0,0,0,1,1,0.0,10,1,providence,3.328340822100183e-05,0.35279251707864995,0.06666666666666667
wagged,0,1,0,0,0,0,0,0,0,0,0,0,0,0,0,1,1,0.0,6,1,wagged,3.328340822100183e-05,0.35279251707864995,0.06666666666666667
battering,1,0,0,0,0,0,0,0,0,0,0,0,0,0,0,1,1,-0.0258,9,1,battering,3.328340822100183e-05,0.35279251707864995,0.06666666666666667
gendarme,1,0,0,0,0,0,0,0,0,0,0,0,0,0,0,1,1,-0.0258,8,1,gendarme,3.328340822100183e-05,0.35279251707864995,0.06666666666666667
coursed,0,1,1,0,0,0,0,0,0,0,0,0,0,0,0,1,1,-0.0258,7,1,coursed,3.328340822100183e-05,0.35279251707864995,0.13333333333333333
perance,0,0,0,0,0,0,0,0,0,0,0,0,0,0,0,1,1,-0.0258,7,1,perance,3.328340822100183e-05,0.35279251707864995,0.0
te,0,0,0,0,0,0,0,0,0,0,0,0,0,0,0,1,1,0.5574,2,0,te,3.328340822100183e-05,0.35279251707864995,0.0
tte,0,0,0,0,0,0,0,0,0,0,0,0,0,0,0,1,1,0.5574,3,1,tte,3.328340822100183e-05,0.35279251707864995,0.0
whisked,0,1,0,0,0,0,0,0,0,0,0,0,0,0,0,1,1,0.5574,7,1,whisked,3.328340822100183e-05,0.35279251707864995,0.06666666666666667
cups,1,1,0,0,0,0,0,0,0,0,0,0,0,0,0,1,1,0.5574,4,1,cups,3.328340822100183e-05,0.35279251707864995,0.13333333333333333
croissons,0,0,0,0,0,0,0,0,0,0,0,0,0,0,0,1,1,0.5574,9,1,croissons,3.328340822100183e-05,0.35279251707864995,0.0
pats,1,0,0,0,0,0,0,0,0,0,0,0,0,0,0,1,1,0.4767,4,1,pats,3.328340822100183e-05,0.35279251707864995,0.06666666666666667
stamped,0,1,1,0,0,0,0,0,0,0,0,0,0,0,0,1,1,0.4767,7,1,stamped,3.328340822100183e-05,0.35279251707864995,0.13333333333333333
saturated,0,1,1,0,0,0,0,0,0,0,0,0,0,0,0,1,1,0.4767,9,1,saturated,3.328340822100183e-05,0.35279251707864995,0.13333333333333333
hued,0,1,1,0,0,0,0,0,0,0,0,0,0,0,0,1,1,0.6808,4,1,hued,3.328340822100183e-05,0.35279251707864995,0.13333333333333333
waved,0,1,1,0,0,0,0,0,0,0,0,0,0,0,0,1,1,0.0,5,1,waved,3.328340822100183e-05,0.35279251707864995,0.13333333333333333
shedding,1,1,0,0,0,0,0,0,0,0,0,0,0,0,0,1,1,0.7096,8,1,shedding,3.328340822100183e-05,0.35279251707864995,0.13333333333333333
goin,0,0,0,0,0,0,0,0,0,0,0,0,0,0,0,1,1,0.0,4,1,goin,3.328340822100183e-05,0.35279251707864995,0.0
alluding,0,1,0,0,0,0,0,0,0,0,0,0,0,0,0,1,1,0.5859,8,1,alluding,3.328340822100183e-05,0.35279251707864995,0.06666666666666667
ole,0,0,0,0,0,0,0,0,0,0,0,0,0,0,0,1,1,0.0,3,1,ole,3.328340822100183e-05,0.35279251707864995,0.0
acle,0,0,0,0,0,0,0,0,0,0,0,0,0,0,0,1,1,0.0,4,1,acle,3.328340822100183e-05,0.35279251707864995,0.0
condescension,1,0,0,0,0,0,0,0,0,0,0,0,0,0,0,1,1,0.8126,13,1,condescension,3.328340822100183e-05,0.35279251707864995,0.06666666666666667
cruise,1,1,0,0,0,0,0,0,0,0,0,0,0,0,0,1,1,-0.0772,6,1,cruise,3.328340822100183e-05,0.35279251707864995,0.13333333333333333
reclining,1,1,1,0,0,0,0,0,0,0,0,0,0,0,0,1,1,0.8126,9,1,reclining,3.328340822100183e-05,0.35279251707864995,0.2
permitted,0,1,1,0,0,0,0,0,0,0,0,0,0,0,0,1,1,0.8126,9,1,permitted,3.328340822100183e-05,0.35279251707864995,0.13333333333333333
aroused,0,1,1,0,0,0,0,0,0,0,0,0,0,0,0,1,1,0.8126,7,1,aroused,3.328340822100183e-05,0.35279251707864995,0.13333333333333333
tolerably,0,0,0,1,0,0,0,0,0,0,0,0,0,0,0,1,1,-0.296,9,1,tolerably,3.328340822100183e-05,0.35279251707864995,0.06666666666666667
retraced,0,0,0,0,0,0,0,0,0,0,0,0,0,0,0,1,1,-0.296,8,1,retraced,3.328340822100183e-05,0.35279251707864995,0.0
pressure,1,0,0,0,0,0,0,0,0,0,0,0,0,0,0,1,1,0.6808,8,1,pressure,3.328340822100183e-05,0.35279251707864995,0.06666666666666667
iris,1,0,0,0,0,0,0,0,0,0,0,0,0,0,0,1,1,0.6808,4,1,iris,3.328340822100183e-05,0.35279251707864995,0.06666666666666667
forelegs,1,0,0,0,0,0,0,0,0,0,0,0,0,0,0,1,1,0.4767,8,1,forelegs,3.328340822100183e-05,0.35279251707864995,0.06666666666666667
sentries,1,0,0,0,0,0,0,0,0,0,0,0,0,0,0,1,1,0.4767,8,1,sentries,3.328340822100183e-05,0.35279251707864995,0.06666666666666667
paced,0,1,1,0,0,0,0,0,0,0,0,0,0,0,0,1,1,0.4767,5,1,paced,3.328340822100183e-05,0.35279251707864995,0.13333333333333333
surround,1,1,0,0,0,0,0,0,0,0,0,0,0,0,0,1,1,-0.0772,8,1,surround,3.328340822100183e-05,0.35279251707864995,0.13333333333333333
fowl,1,1,0,0,0,0,0,0,0,0,0,0,0,0,0,1,1,-0.0772,4,1,fowl,3.328340822100183e-05,0.35279251707864995,0.13333333333333333
cropped,0,1,1,0,0,0,0,0,0,0,0,0,0,0,0,1,1,-0.0772,7,1,cropped,3.328340822100183e-05,0.35279251707864995,0.13333333333333333
herbage,1,0,0,0,0,0,0,0,0,0,0,0,0,0,0,1,1,-0.0772,7,1,herbage,3.328340822100183e-05,0.35279251707864995,0.06666666666666667
aimless,0,0,1,0,0,0,0,0,0,0,0,0,0,0,0,1,1,-0.0772,7,1,aimless,3.328340822100183e-05,0.35279251707864995,0.06666666666666667
chin,1,1,1,0,0,0,0,0,0,0,0,0,0,0,0,1,1,0.0,4,1,chin,3.328340822100183e-05,0.35279251707864995,0.2
untied,0,1,1,0,0,0,0,0,0,0,0,0,0,0,0,1,1,0.0,6,1,untied,3.328340822100183e-05,0.35279251707864995,0.13333333333333333
pin,1,1,0,0,0,0,0,0,0,0,0,0,0,0,0,1,1,0.0,3,1,pin,3.328340822100183e-05,0.35279251707864995,0.13333333333333333
fortress,1,0,0,0,0,0,0,0,0,0,0,0,0,0,0,1,1,-0.2732,8,1,fortress,3.328340822100183e-05,0.35279251707864995,0.06666666666666667
ghost,1,1,0,0,0,0,0,0,0,0,0,0,0,0,0,1,1,0.0,5,1,ghost,3.328340822100183e-05,0.35279251707864995,0.13333333333333333
streamed,0,1,0,0,0,0,0,0,0,0,0,0,0,0,0,1,1,0.3612,8,1,streamed,3.328340822100183e-05,0.35279251707864995,0.06666666666666667
mafoi,0,0,0,0,0,0,0,0,0,0,0,0,0,0,0,1,1,-0.1779,5,1,mafoi,3.328340822100183e-05,0.35279251707864995,0.0
scampered,0,0,0,0,0,0,0,0,0,0,0,0,0,0,0,1,1,-0.1779,9,1,scampered,3.328340822100183e-05,0.35279251707864995,0.0
crunch,1,1,0,0,0,0,0,0,0,0,0,0,0,0,0,1,1,0.4767,6,1,crunch,3.328340822100183e-05,0.35279251707864995,0.13333333333333333
chime,1,1,0,0,0,0,0,0,0,0,0,0,0,0,0,1,1,0.4767,5,1,chime,3.328340822100183e-05,0.35279251707864995,0.13333333333333333
pice,1,0,0,0,0,0,0,0,0,0,0,0,0,0,0,1,1,0.4767,4,1,pice,3.328340822100183e-05,0.35279251707864995,0.06666666666666667
mused,0,0,0,0,0,0,0,0,0,0,0,0,0,0,0,1,1,0.4767,5,1,mused,3.328340822100183e-05,0.35279251707864995,0.0
glad,0,0,1,0,0,0,0,0,0,0,0,0,0,0,0,1,1,0.8271,4,1,glad,3.328340822100183e-05,0.35279251707864995,0.06666666666666667
admitted,0,1,1,0,0,0,0,0,0,0,0,0,0,0,0,1,1,0.1027,8,1,admitted,3.328340822100183e-05,0.35279251707864995,0.13333333333333333
mute,1,0,1,0,0,0,0,0,0,0,0,0,0,0,0,1,1,0.4767,4,1,mute,3.328340822100183e-05,0.35279251707864995,0.13333333333333333
ourselves,1,0,0,0,0,0,0,0,0,0,0,0,0,0,1,1,1,0.0,9,1,ourselves,3.328340822100183e-05,0.35279251707864995,0.13333333333333333
eloquent,0,0,1,0,0,0,0,0,0,0,0,0,0,0,0,1,1,0.4767,8,1,eloquent,3.328340822100183e-05,0.35279251707864995,0.06666666666666667
glances,1,1,0,0,0,0,0,0,0,0,0,0,0,0,0,1,1,0.4767,7,1,glances,3.328340822100183e-05,0.35279251707864995,0.13333333333333333
superfluous,0,0,1,0,0,0,0,0,0,0,0,0,0,0,0,1,1,0.4767,11,1,superfluous,3.328340822100183e-05,0.35279251707864995,0.06666666666666667
chocolate,1,0,1,0,0,0,0,0,0,0,0,0,0,0,0,1,1,0.0,9,1,chocolate,3.328340822100183e-05,0.35279251707864995,0.13333333333333333
confessed,0,1,1,0,0,0,0,0,0,0,0,0,0,0,0,1,1,0.0,9,1,confessed,3.328340822100183e-05,0.35279251707864995,0.13333333333333333
wih,0,0,0,0,0,0,0,0,0,0,0,0,0,0,0,1,1,0.0,3,1,wih,3.328340822100183e-05,0.35279251707864995,0.0
indefinable,1,0,1,0,0,0,0,0,0,0,0,0,0,0,0,1,1,0.4019,11,1,indefinable,3.328340822100183e-05,0.35279251707864995,0.13333333333333333
doubting,0,1,1,0,0,0,0,0,0,0,0,0,0,0,0,1,1,-0.34,8,1,doubting,3.328340822100183e-05,0.35279251707864995,0.13333333333333333
michel,0,0,0,0,0,0,0,0,0,0,0,0,0,0,0,1,1,0.6908,6,1,michel,3.328340822100183e-05,0.35279251707864995,0.0
cre,0,0,0,0,0,0,0,0,0,0,0,0,0,0,0,1,1,0.6908,3,1,cre,3.328340822100183e-05,0.35279251707864995,0.0
merie,0,0,0,0,0,0,0,0,0,0,0,0,0,0,0,1,1,0.6908,5,1,merie,3.328340822100183e-05,0.35279251707864995,0.0
neat,1,0,1,0,0,0,0,0,0,0,0,0,0,0,0,1,1,0.6908,4,1,neat,3.328340822100183e-05,0.35279251707864995,0.13333333333333333
auburn,0,0,1,0,0,0,0,0,0,0,0,0,0,0,0,1,1,0.5574,6,1,auburn,3.328340822100183e-05,0.35279251707864995,0.06666666666666667
haired,0,0,1,0,0,0,0,0,0,0,0,0,0,0,0,1,1,0.5574,6,1,haired,3.328340822100183e-05,0.35279251707864995,0.06666666666666667
napkin,1,0,0,0,0,0,0,0,0,0,0,0,0,0,0,1,1,0.5574,6,1,napkin,3.328340822100183e-05,0.35279251707864995,0.06666666666666667
zinc,1,1,0,0,0,0,0,0,0,0,0,0,0,0,0,1,1,0.5574,4,1,zinc,3.328340822100183e-05,0.35279251707864995,0.13333333333333333
subsiding,0,1,1,0,0,0,0,0,0,0,0,0,0,0,0,1,1,0.0,9,1,subsiding,3.328340822100183e-05,0.35279251707864995,0.13333333333333333
watching,0,1,0,0,0,0,0,0,0,0,0,0,0,0,0,1,1,0.3612,8,1,watching,3.328340822100183e-05,0.35279251707864995,0.06666666666666667
tumult,1,0,0,0,0,0,0,0,0,0,0,0,0,0,0,1,1,0.4203,6,1,tumult,3.328340822100183e-05,0.35279251707864995,0.06666666666666667
flooding,1,1,1,0,0,0,0,0,0,0,0,0,0,0,0,1,1,0.3818,8,1,flooding,3.328340822100183e-05,0.35279251707864995,0.2
brightness,1,0,0,0,0,0,0,0,0,0,0,0,0,0,0,1,1,0.3818,10,1,brightness,3.328340822100183e-05,0.35279251707864995,0.06666666666666667
trusted,0,1,1,0,0,0,0,0,0,0,0,0,0,0,0,1,1,0.8555,7,1,trusted,3.328340822100183e-05,0.35279251707864995,0.13333333333333333
worshipped,0,1,1,0,0,0,0,0,0,0,0,0,0,0,0,1,1,0.8555,10,1,worshipped,3.328340822100183e-05,0.35279251707864995,0.13333333333333333
inured,0,1,1,0,0,0,0,0,0,0,0,0,0,0,0,1,1,0.2732,6,1,inured,3.328340822100183e-05,0.35279251707864995,0.13333333333333333
denying,0,1,0,0,0,0,0,0,0,0,0,0,0,0,0,1,1,-0.5423,7,1,denying,3.328340822100183e-05,0.35279251707864995,0.06666666666666667
counter,1,1,1,1,0,0,0,0,0,0,0,0,0,0,0,1,1,-0.5423,7,1,counter,3.328340822100183e-05,0.35279251707864995,0.26666666666666666
intro,1,0,0,0,0,0,0,0,0,0,0,0,0,0,0,1,1,-0.6705,5,1,intro,3.328340822100183e-05,0.35279251707864995,0.06666666666666667
duction,1,0,0,0,0,0,0,0,0,0,0,0,0,0,0,1,1,-0.6705,7,1,duction,3.328340822100183e-05,0.35279251707864995,0.06666666666666667
assaulted,0,0,1,0,0,0,0,0,0,0,0,0,0,0,0,1,1,-0.6705,9,1,assaulted,3.328340822100183e-05,0.35279251707864995,0.06666666666666667
neighbor,1,1,1,0,0,0,0,0,0,0,0,0,0,0,0,1,1,-0.6705,8,1,neighbor,3.328340822100183e-05,0.35279251707864995,0.2
boulanger,0,0,0,0,0,0,0,0,0,0,0,0,0,0,0,1,1,0.0,9,1,boulanger,3.328340822100183e-05,0.35279251707864995,0.0
lefebvre,0,0,0,0,0,0,0,0,0,0,0,0,0,0,0,1,1,0.0,8,1,lefebvre,3.328340822100183e-05,0.35279251707864995,0.0
qu,0,0,0,0,0,0,0,0,0,0,0,0,0,0,0,1,1,-0.1779,2,0,qu,3.328340822100183e-05,0.35279251707864995,0.0
adding,0,1,0,0,0,0,0,0,0,0,0,0,0,0,0,1,1,-0.1779,6,1,adding,3.328340822100183e-05,0.35279251707864995,0.06666666666666667
fragrance,1,0,0,0,0,0,0,0,0,0,0,0,0,0,0,1,1,0.4767,9,1,fragrance,3.328340822100183e-05,0.35279251707864995,0.06666666666666667
pastures,1,0,0,0,0,0,0,0,0,0,0,0,0,0,0,1,1,0.4767,8,1,pastures,3.328340822100183e-05,0.35279251707864995,0.06666666666666667
absurd,1,0,1,0,0,0,0,0,0,0,0,0,0,0,0,1,1,0.2732,6,1,absurd,3.328340822100183e-05,0.35279251707864995,0.13333333333333333
croisson,0,0,0,0,0,0,0,0,0,0,0,0,0,0,0,1,1,0.2732,8,1,croisson,3.328340822100183e-05,0.35279251707864995,0.0
proves,0,1,0,0,0,0,0,0,0,0,0,0,0,0,0,1,1,0.5267,6,1,proves,3.328340822100183e-05,0.35279251707864995,0.06666666666666667
quarrel,1,1,0,0,0,0,0,0,0,0,0,0,0,0,0,1,1,-0.5423,7,1,quarrel,3.328340822100183e-05,0.35279251707864995,0.13333333333333333
gong,1,1,0,0,0,0,0,0,0,0,0,0,0,0,0,1,1,-0.1779,4,1,gong,3.328340822100183e-05,0.35279251707864995,0.13333333333333333
arched,0,1,1,0,0,0,0,0,0,0,0,0,0,0,0,1,1,-0.1779,6,1,arched,3.328340822100183e-05,0.35279251707864995,0.13333333333333333
locomotive,1,0,1,0,0,0,0,0,0,0,0,0,0,0,0,1,1,0.4939,10,1,locomotive,3.328340822100183e-05,0.35279251707864995,0.13333333333333333
glided,0,1,0,0,0,0,0,0,0,0,0,0,0,0,0,1,1,0.4939,6,1,glided,3.328340822100183e-05,0.35279251707864995,0.06666666666666667
charges,1,1,0,0,0,0,0,0,0,0,0,0,0,0,0,1,1,-0.5423,7,1,charges,3.328340822100183e-05,0.35279251707864995,0.13333333333333333
murphy,1,0,0,0,0,0,0,0,0,0,0,0,0,0,0,1,1,-0.5423,6,1,murphy,3.328340822100183e-05,0.35279251707864995,0.06666666666666667
madam,1,0,0,0,0,0,0,0,0,0,0,0,0,0,0,1,1,-0.5423,5,1,madam,3.328340822100183e-05,0.35279251707864995,0.06666666666666667
hail,1,1,0,0,0,0,0,0,0,0,0,0,0,0,0,1,1,0.0772,4,1,hail,3.328340822100183e-05,0.35279251707864995,0.13333333333333333
ingless,0,0,0,0,0,0,0,0,0,0,0,0,0,0,0,1,1,0.4203,7,1,ingless,3.328340822100183e-05,0.35279251707864995,0.0
emerald,1,0,0,0,0,0,0,0,0,0,0,0,0,0,0,1,1,0.3612,7,1,emerald,3.328340822100183e-05,0.35279251707864995,0.06666666666666667
torrent,1,0,1,0,0,0,0,0,0,0,0,0,0,0,0,1,1,0.3612,7,1,torrent,3.328340822100183e-05,0.35279251707864995,0.13333333333333333
lean,0,1,1,0,0,0,0,0,0,0,0,0,0,0,0,1,1,0.0,4,1,lean,3.328340822100183e-05,0.35279251707864995,0.13333333333333333
drowned,0,1,1,0,0,0,0,0,0,0,0,0,0,0,0,1,1,-0.5994,7,1,drowned,3.328340822100183e-05,0.35279251707864995,0.13333333333333333
whistled,0,1,0,0,0,0,0,0,0,0,0,0,0,0,0,1,1,0.0,8,1,whistled,3.328340822100183e-05,0.35279251707864995,0.06666666666666667
trestle,1,0,0,0,0,0,0,0,0,0,0,0,0,0,0,1,1,0.0,7,1,trestle,3.328340822100183e-05,0.35279251707864995,0.06666666666666667
broad,1,0,1,1,0,0,0,0,0,0,0,0,0,0,0,1,1,0.0,5,1,broad,3.328340822100183e-05,0.35279251707864995,0.2
supplied,0,1,0,0,0,0,0,0,0,0,0,0,0,0,0,1,1,0.0,8,1,supplied,3.328340822100183e-05,0.35279251707864995,0.06666666666666667
pa,1,0,0,0,0,0,0,0,0,0,0,0,0,0,0,1,1,0.0,2,1,pa,3.328340822100183e-05,0.35279251707864995,0.06666666666666667
rental,1,0,1,0,0,0,0,0,0,0,0,0,0,0,0,1,1,0.0,6,1,rental,3.328340822100183e-05,0.35279251707864995,0.13333333333333333
cording,1,1,0,0,0,0,0,0,0,0,0,0,0,0,0,1,1,0.0,7,1,cording,3.328340822100183e-05,0.35279251707864995,0.13333333333333333
creased,0,0,1,0,0,0,0,0,0,0,0,0,0,0,0,1,1,0.0,7,1,creased,3.328340822100183e-05,0.35279251707864995,0.06666666666666667
territorial,1,0,1,0,0,0,0,0,0,0,0,0,0,0,0,1,1,0.0,11,1,territorial,3.328340822100183e-05,0.35279251707864995,0.13333333333333333
coaling,0,1,0,0,0,0,0,0,0,0,0,0,0,0,0,1,1,0.2023,7,1,coaling,3.328340822100183e-05,0.35279251707864995,0.06666666666666667
defence,1,0,0,0,0,0,0,0,0,0,0,0,0,0,0,1,1,0.6705,7,1,defence,3.328340822100183e-05,0.35279251707864995,0.06666666666666667
pro,1,0,1,1,0,0,0,0,0,0,0,0,0,0,0,1,1,0.4215,3,1,pro,3.328340822100183e-05,0.35279251707864995,0.2
gramme,1,0,0,0,0,0,0,0,0,0,0,0,0,0,0,1,1,0.4215,6,1,gramme,3.328340822100183e-05,0.35279251707864995,0.06666666666666667
adopted,0,1,1,0,0,0,0,0,0,0,0,0,0,0,0,1,1,0.4215,7,1,adopted,3.328340822100183e-05,0.35279251707864995,0.13333333333333333
serve,1,1,0,0,0,0,0,0,0,0,0,0,0,0,0,1,1,0.0,5,1,serve,3.328340822100183e-05,0.35279251707864995,0.13333333333333333
rons,0,0,0,0,0,0,0,0,0,0,0,0,0,0,0,1,1,0.0,4,1,rons,3.328340822100183e-05,0.35279251707864995,0.0
navigable,0,0,1,0,0,0,0,0,0,0,0,0,0,0,0,1,1,0.0,9,1,navigable,3.328340822100183e-05,0.35279251707864995,0.06666666666666667
seas,0,0,0,0,0,0,0,0,0,0,0,0,0,0,0,1,1,0.0,4,1,seas,3.328340822100183e-05,0.35279251707864995,0.0
steam,1,1,0,0,0,0,0,0,0,0,0,0,0,0,0,1,1,0.0,5,1,steam,3.328340822100183e-05,0.35279251707864995,0.13333333333333333
julian,1,0,1,0,0,0,0,0,0,0,0,0,0,0,0,1,1,-0.6705,6,1,julian,3.328340822100183e-05,0.35279251707864995,0.13333333333333333
thundered,0,0,0,0,0,0,0,0,0,0,0,0,0,0,0,1,1,0.0,9,1,thundered,3.328340822100183e-05,0.35279251707864995,0.0
tunnel,1,1,0,0,0,0,0,0,0,0,0,0,0,0,0,1,1,0.0,6,1,tunnel,3.328340822100183e-05,0.35279251707864995,0.13333333333333333
roared,0,1,0,0,0,0,0,0,0,0,0,0,0,0,0,1,1,0.0,6,1,roared,3.328340822100183e-05,0.35279251707864995,0.06666666666666667
dashing,0,1,1,0,0,0,0,0,0,0,0,0,0,0,0,1,1,-0.5106,7,1,dashing,3.328340822100183e-05,0.35279251707864995,0.13333333333333333
strong,0,0,1,1,0,0,0,0,0,0,0,0,0,0,0,1,1,0.9505,6,1,strong,3.328340822100183e-05,0.35279251707864995,0.13333333333333333
worthy,1,0,1,0,0,0,0,0,0,0,0,0,0,0,0,1,1,0.4203,6,1,worthy,3.328340822100183e-05,0.35279251707864995,0.13333333333333333
practically,0,0,0,1,0,0,0,0,0,0,0,0,0,0,0,1,1,0.4215,11,1,practically,3.328340822100183e-05,0.35279251707864995,0.06666666666666667
cordial,1,0,1,0,0,0,0,0,0,0,0,0,0,0,0,1,1,0.6369,7,1,cordial,3.328340822100183e-05,0.35279251707864995,0.13333333333333333
majestic,0,0,1,0,0,0,0,0,0,0,0,0,0,0,0,1,1,0.7506,8,1,majestic,3.328340822100183e-05,0.35279251707864995,0.06666666666666667
unbent,0,0,1,0,0,0,0,0,0,0,0,0,0,0,0,1,1,0.7506,6,1,unbent,3.328340822100183e-05,0.35279251707864995,0.06666666666666667
amused,0,1,1,0,0,0,0,0,0,0,0,0,0,0,0,1,1,0.4215,6,1,amused,3.328340822100183e-05,0.35279251707864995,0.13333333333333333
unmolested,0,0,1,0,0,0,0,0,0,0,0,0,0,0,0,1,1,0.0,10,1,unmolested,3.328340822100183e-05,0.35279251707864995,0.06666666666666667
smirked,0,1,0,0,0,0,0,0,0,0,0,0,0,0,0,1,1,0.09,7,1,smirked,3.328340822100183e-05,0.35279251707864995,0.06666666666666667
agitated,0,1,1,0,0,0,0,0,0,0,0,0,0,0,0,1,1,0.09,8,1,agitated,3.328340822100183e-05,0.35279251707864995,0.13333333333333333
bluest,0,0,1,0,0,0,0,0,0,0,0,0,0,0,0,1,1,0.0,6,1,bluest,3.328340822100183e-05,0.35279251707864995,0.06666666666666667
prodigue,0,0,0,0,0,0,0,0,0,0,0,0,0,0,0,1,1,0.4404,8,1,prodigue,3.328340822100183e-05,0.35279251707864995,0.0
freely,0,0,0,1,0,0,0,0,0,0,0,0,0,0,0,1,1,0.4404,6,1,freely,3.328340822100183e-05,0.35279251707864995,0.06666666666666667
ney,1,0,0,0,0,0,0,0,0,0,0,0,0,0,0,1,1,-0.631,3,1,ney,3.328340822100183e-05,0.35279251707864995,0.06666666666666667
ultimately,0,0,0,1,0,0,0,0,0,0,0,0,0,0,0,1,1,-0.631,10,1,ultimately,3.328340822100183e-05,0.35279251707864995,0.06666666666666667
kid,1,1,0,0,0,0,0,0,0,0,0,0,0,0,0,1,1,-0.631,3,1,kid,3.328340822100183e-05,0.35279251707864995,0.13333333333333333
wednesday,1,0,0,0,0,0,0,0,0,0,0,0,0,0,0,1,1,0.0,9,1,wednesday,3.328340822100183e-05,0.35279251707864995,0.06666666666666667
biting,1,1,1,0,0,0,0,0,0,0,0,0,0,0,0,1,1,0.0,6,1,biting,3.328340822100183e-05,0.35279251707864995,0.2
unaffected,1,0,1,0,0,0,0,0,0,0,0,0,0,0,0,1,1,0.5106,10,1,unaffected,3.328340822100183e-05,0.35279251707864995,0.13333333333333333
professor,1,0,0,0,0,0,0,0,0,0,0,0,0,0,0,1,1,0.0,9,1,professor,3.328340822100183e-05,0.35279251707864995,0.06666666666666667
noncommittal,0,0,1,0,0,0,0,0,0,0,0,0,0,0,0,1,1,0.0,12,1,noncommittal,3.328340822100183e-05,0.35279251707864995,0.06666666666666667
jam,1,1,0,0,0,0,0,0,0,0,0,0,0,0,0,1,1,0.6705,3,1,jam,3.328340822100183e-05,0.35279251707864995,0.13333333333333333
sentinels,1,0,0,0,0,0,0,0,0,0,0,0,0,0,0,1,1,-0.5106,9,1,sentinels,3.328340822100183e-05,0.35279251707864995,0.06666666666666667
vermilion,1,1,1,0,0,0,0,0,0,0,0,0,0,0,0,1,1,-0.5106,9,1,vermilion,3.328340822100183e-05,0.35279251707864995,0.2
omnibuses,1,0,0,0,0,0,0,0,0,0,0,0,0,0,0,1,1,-0.5106,9,1,omnibuses,3.328340822100183e-05,0.35279251707864995,0.06666666666666667
ugly,0,0,1,0,0,0,0,0,0,0,0,0,0,0,0,1,1,-0.5106,4,1,ugly,3.328340822100183e-05,0.35279251707864995,0.06666666666666667
spitting,1,1,0,0,0,0,0,0,0,0,0,0,0,0,0,1,1,-0.5106,8,1,spitting,3.328340822100183e-05,0.35279251707864995,0.13333333333333333
griffins,1,0,0,0,0,0,0,0,0,0,0,0,0,0,0,1,1,-0.5106,8,1,griffins,3.328340822100183e-05,0.35279251707864995,0.06666666666666667
lined,0,1,1,0,0,0,0,0,0,0,0,0,0,0,0,1,1,0.0,5,1,lined,3.328340822100183e-05,0.35279251707864995,0.13333333333333333
terraces,1,1,0,0,0,0,0,0,0,0,0,0,0,0,0,1,1,0.0,8,1,terraces,3.328340822100183e-05,0.35279251707864995,0.13333333333333333
phalt,0,0,0,0,0,0,0,0,0,0,0,0,0,0,0,1,1,0.0,5,1,phalt,3.328340822100183e-05,0.35279251707864995,0.0
zone,1,1,0,0,0,0,0,0,0,0,0,0,0,0,0,1,1,0.0,4,1,zone,3.328340822100183e-05,0.35279251707864995,0.13333333333333333
famous,0,0,1,0,0,0,0,0,0,0,0,0,0,0,0,1,1,0.0,6,1,famous,3.328340822100183e-05,0.35279251707864995,0.06666666666666667
bourgeois,1,0,1,0,0,0,0,0,0,0,0,0,0,0,0,1,1,0.0,9,1,bourgeois,3.328340822100183e-05,0.35279251707864995,0.13333333333333333
appearance,1,0,0,0,0,0,0,0,0,0,0,0,0,0,0,1,1,0.0,10,1,appearance,3.328340822100183e-05,0.35279251707864995,0.06666666666666667
blushing,1,1,1,0,0,0,0,0,0,0,0,0,0,0,0,1,1,0.5859,8,1,blushing,3.328340822100183e-05,0.35279251707864995,0.2
adoration,1,0,0,0,0,0,0,0,0,0,0,0,0,0,0,1,1,0.7717,9,1,adoration,3.328340822100183e-05,0.35279251707864995,0.06666666666666667
parapet,1,0,0,0,0,0,0,0,0,0,0,0,0,0,0,1,1,0.0,7,1,parapet,3.328340822100183e-05,0.35279251707864995,0.06666666666666667
tide,1,1,0,0,0,0,0,0,0,0,0,0,0,0,0,1,1,0.0,4,1,tide,3.328340822100183e-05,0.35279251707864995,0.13333333333333333
sprinklers,1,0,0,0,0,0,0,0,0,0,0,0,0,0,0,1,1,0.3182,10,1,sprinklers,3.328340822100183e-05,0.35279251707864995,0.06666666666666667
spread,1,1,1,0,0,0,0,0,0,0,0,0,0,0,0,1,1,0.3182,6,1,spread,3.328340822100183e-05,0.35279251707864995,0.2
obtrusive,0,0,1,0,0,0,0,0,0,0,0,0,0,0,0,1,1,0.3182,9,1,obtrusive,3.328340822100183e-05,0.35279251707864995,0.06666666666666667
credulous,0,0,1,0,0,0,0,0,0,0,0,0,0,0,0,1,1,0.3182,9,1,credulous,3.328340822100183e-05,0.35279251707864995,0.06666666666666667
sights,1,1,0,0,0,0,0,0,0,0,0,0,0,0,0,1,1,0.0,6,1,sights,3.328340822100183e-05,0.35279251707864995,0.13333333333333333
stanley,1,0,0,0,0,0,0,0,0,0,0,0,0,0,0,1,1,0.0,7,1,stanley,3.328340822100183e-05,0.35279251707864995,0.06666666666666667
amiable,0,0,1,0,0,0,0,0,0,0,0,0,0,0,0,1,1,0.0,7,1,amiable,3.328340822100183e-05,0.35279251707864995,0.06666666666666667
vermouth,1,0,0,0,0,0,0,0,0,0,0,0,0,0,0,1,1,0.0,8,1,vermouth,3.328340822100183e-05,0.35279251707864995,0.06666666666666667
cern,0,0,0,0,0,0,0,0,0,0,0,0,0,0,0,1,1,0.0,4,1,cern,3.328340822100183e-05,0.35279251707864995,0.0
requested,0,1,1,0,0,0,0,0,0,0,0,0,0,0,0,1,1,0.0,9,1,requested,3.328340822100183e-05,0.35279251707864995,0.13333333333333333
telegraphic,0,0,1,0,0,0,0,0,0,0,0,0,0,0,0,1,1,0.0,11,1,telegraphic,3.328340822100183e-05,0.35279251707864995,0.06666666666666667
feats,1,0,0,0,0,0,0,0,0,0,0,0,0,0,0,1,1,0.0,5,1,feats,3.328340822100183e-05,0.35279251707864995,0.06666666666666667
winner,1,0,0,0,0,0,0,0,0,0,0,0,0,0,0,1,1,0.5859,6,1,winner,3.328340822100183e-05,0.35279251707864995,0.06666666666666667
boldly,0,0,0,1,0,0,0,0,0,0,0,0,0,0,0,1,1,0.09,6,1,boldly,3.328340822100183e-05,0.35279251707864995,0.06666666666666667
slang,1,1,0,0,0,0,0,0,0,0,0,0,0,0,0,1,1,0.09,5,1,slang,3.328340822100183e-05,0.35279251707864995,0.13333333333333333
bon,0,0,0,0,0,0,0,0,0,0,0,0,0,0,0,1,1,0.09,3,1,bon,3.328340822100183e-05,0.35279251707864995,0.0
cerning,0,0,0,0,0,0,0,0,0,0,0,0,0,0,0,1,1,0.25,7,1,cerning,3.328340822100183e-05,0.35279251707864995,0.0
immortal,1,0,1,0,0,0,0,0,0,0,0,0,0,0,0,1,1,0.25,8,1,immortal,3.328340822100183e-05,0.35279251707864995,0.13333333333333333
ent,1,0,0,0,0,0,0,0,0,0,0,0,0,0,0,1,1,0.25,3,1,ent,3.328340822100183e-05,0.35279251707864995,0.06666666666666667
cercle,0,0,0,0,0,0,0,0,0,0,0,0,0,0,0,1,1,0.25,6,1,cercle,3.328340822100183e-05,0.35279251707864995,0.0
hastened,0,0,0,0,0,0,0,0,0,0,0,0,0,0,0,1,1,0.0,8,1,hastened,3.328340822100183e-05,0.35279251707864995,0.0
overtake,0,1,0,0,0,0,0,0,0,0,0,0,0,0,0,1,1,0.0,8,1,overtake,3.328340822100183e-05,0.35279251707864995,0.06666666666666667
jove,0,0,0,0,0,0,0,0,0,0,0,0,0,0,0,1,1,0.0,4,1,jove,3.328340822100183e-05,0.35279251707864995,0.0
thr,0,0,0,0,0,0,0,0,0,0,0,0,0,0,0,1,1,0.0,3,1,thr,3.328340822100183e-05,0.35279251707864995,0.0
clamation,1,0,0,0,0,0,0,0,0,0,0,0,0,0,0,1,1,0.0,9,1,clamation,3.328340822100183e-05,0.35279251707864995,0.06666666666666667
commune,1,1,0,0,0,0,0,0,0,0,0,0,0,0,0,1,1,0.0,7,1,commune,3.328340822100183e-05,0.35279251707864995,0.13333333333333333
nationality,1,0,0,0,0,0,0,0,0,0,0,0,0,0,0,1,1,-0.4767,11,1,nationality,3.328340822100183e-05,0.35279251707864995,0.06666666666666667
blandly,0,0,0,1,0,0,0,0,0,0,0,0,0,0,0,1,1,-0.4767,7,1,blandly,3.328340822100183e-05,0.35279251707864995,0.06666666666666667
trified,0,0,0,0,0,0,0,0,0,0,0,0,0,0,0,1,1,0.0,7,1,trified,3.328340822100183e-05,0.35279251707864995,0.0
opinion,1,0,0,0,0,0,0,0,0,0,0,0,0,0,0,1,1,0.0,7,1,opinion,3.328340822100183e-05,0.35279251707864995,0.06666666666666667
bargaining,1,1,0,0,0,0,0,0,0,0,0,0,0,0,0,1,1,0.0,10,1,bargaining,3.328340822100183e-05,0.35279251707864995,0.13333333333333333
spiration,0,0,0,0,0,0,0,0,0,0,0,0,0,0,0,1,1,0.0,9,1,spiration,3.328340822100183e-05,0.35279251707864995,0.0
braced,0,1,1,0,0,0,0,0,0,0,0,0,0,0,0,1,1,0.5859,6,1,braced,3.328340822100183e-05,0.35279251707864995,0.13333333333333333
gar,1,0,0,0,0,0,0,0,0,0,0,0,0,0,0,1,1,0.3182,3,1,gar,3.328340822100183e-05,0.35279251707864995,0.06666666666666667
cool,1,1,1,1,0,0,0,0,0,0,0,0,0,0,0,1,1,0.3182,4,1,cool,3.328340822100183e-05,0.35279251707864995,0.26666666666666666
bush,1,1,1,0,0,0,0,0,0,0,0,0,0,0,0,1,1,0.0,4,1,bush,3.328340822100183e-05,0.35279251707864995,0.2
trio,1,0,0,0,0,0,0,0,0,0,0,0,0,0,0,1,1,0.0,4,1,trio,3.328340822100183e-05,0.35279251707864995,0.06666666666666667
boding,1,1,1,0,0,0,0,0,0,0,0,0,0,0,0,1,1,0.0,6,1,boding,3.328340822100183e-05,0.35279251707864995,0.2
elli,1,0,0,0,0,0,0,0,0,0,0,0,0,0,0,1,1,0.3612,4,1,elli,3.328340822100183e-05,0.35279251707864995,0.06666666666666667
ott,0,0,0,0,0,0,0,0,0,0,0,0,0,0,0,1,1,0.3612,3,1,ott,3.328340822100183e-05,0.35279251707864995,0.0
conscientiousness,1,0,0,0,0,0,0,0,0,0,0,0,0,0,0,1,1,0.3612,17,1,conscientiousness,3.328340822100183e-05,0.35279251707864995,0.06666666666666667
team,1,1,0,0,0,0,0,0,0,0,0,0,0,0,0,1,1,0.3612,4,1,team,3.328340822100183e-05,0.35279251707864995,0.13333333333333333
perpetual,0,0,1,0,0,0,0,0,0,0,0,0,0,0,0,1,1,-0.128,9,1,perpetual,3.328340822100183e-05,0.35279251707864995,0.06666666666666667
barrier,1,0,0,0,0,0,0,0,0,0,0,0,0,0,0,1,1,-0.128,7,1,barrier,3.328340822100183e-05,0.35279251707864995,0.06666666666666667
traffic,1,1,0,0,0,0,0,0,0,0,0,0,0,0,0,1,1,-0.128,7,1,traffic,3.328340822100183e-05,0.35279251707864995,0.13333333333333333
rapin,0,0,0,0,0,0,0,0,0,0,0,0,0,0,0,1,1,0.9201,5,1,rapin,3.328340822100183e-05,0.35279251707864995,0.0
rapins,0,0,0,0,0,0,0,0,0,0,0,0,0,0,0,1,1,0.9201,6,1,rapins,3.328340822100183e-05,0.35279251707864995,0.0
unfortunate,1,0,1,0,0,0,0,0,0,0,0,0,0,0,0,1,1,0.9201,11,1,unfortunate,3.328340822100183e-05,0.35279251707864995,0.13333333333333333
occasions,1,1,0,0,0,0,0,0,0,0,0,0,0,0,0,1,1,0.9201,9,1,occasions,3.328340822100183e-05,0.35279251707864995,0.13333333333333333
gloomily,0,0,0,1,0,0,0,0,0,0,0,0,0,0,0,1,1,0.9201,8,1,gloomily,3.328340822100183e-05,0.35279251707864995,0.06666666666666667
wenty,0,0,0,0,0,0,0,0,0,0,0,0,0,0,0,1,1,0.0,5,1,wenty,3.328340822100183e-05,0.35279251707864995,0.0
drowning,1,1,0,0,0,0,0,0,0,0,0,0,0,0,0,1,1,0.0,8,1,drowning,3.328340822100183e-05,0.35279251707864995,0.13333333333333333
shoddy,1,0,1,0,0,0,0,0,0,0,0,0,0,0,0,1,1,0.3182,6,1,shoddy,3.328340822100183e-05,0.35279251707864995,0.13333333333333333
winter,1,1,1,0,0,0,0,0,0,0,0,0,0,0,0,1,1,0.3182,6,1,winter,3.328340822100183e-05,0.35279251707864995,0.2
transaction,1,0,0,0,0,0,0,0,0,0,0,0,0,0,0,1,1,-0.2263,11,1,transaction,3.328340822100183e-05,0.35279251707864995,0.06666666666666667
inspect,0,1,0,0,0,0,0,0,0,0,0,0,0,0,0,1,1,-0.2263,7,1,inspect,3.328340822100183e-05,0.35279251707864995,0.06666666666666667
yarn,0,1,0,0,0,0,0,0,0,0,0,0,0,0,0,1,1,-0.2263,4,1,yarn,3.328340822100183e-05,0.35279251707864995,0.06666666666666667
ception,0,0,0,0,0,0,0,0,0,0,0,0,0,0,0,1,1,-0.2263,7,1,ception,3.328340822100183e-05,0.35279251707864995,0.0
attractive,0,0,1,0,0,0,0,0,0,0,0,0,0,0,0,1,1,0.8885,10,1,attractive,3.328340822100183e-05,0.35279251707864995,0.06666666666666667
cloudless,0,0,1,0,0,0,0,0,0,0,0,0,0,0,0,1,1,0.0,9,1,cloudless,3.328340822100183e-05,0.35279251707864995,0.06666666666666667
sum,1,0,0,0,0,0,0,0,0,0,0,0,0,0,0,1,1,-0.1335,3,1,sum,3.328340822100183e-05,0.35279251707864995,0.06666666666666667
total,1,1,1,0,0,0,0,0,0,0,0,0,0,0,0,1,1,-0.1335,5,1,total,3.328340822100183e-05,0.35279251707864995,0.2
intimidate,0,1,0,0,0,0,0,0,0,0,0,0,0,0,0,1,1,-0.1335,10,1,intimidate,3.328340822100183e-05,0.35279251707864995,0.06666666666666667
contained,0,1,1,0,0,0,0,0,0,0,0,0,0,0,0,1,1,0.0,9,1,contained,3.328340822100183e-05,0.35279251707864995,0.13333333333333333
furniture,1,0,0,0,0,0,0,0,0,0,0,0,0,0,0,1,1,0.0,9,1,furniture,3.328340822100183e-05,0.35279251707864995,0.06666666666666667
lilies,1,0,0,0,0,0,0,0,0,0,0,0,0,0,0,1,1,0.0,6,1,lilies,3.328340822100183e-05,0.35279251707864995,0.06666666666666667
tulips,1,0,0,0,0,0,0,0,0,0,0,0,0,0,0,1,1,0.0,6,1,tulips,3.328340822100183e-05,0.35279251707864995,0.06666666666666667
peas,1,0,0,0,0,0,0,0,0,0,0,0,0,0,0,1,1,0.0,4,1,peas,3.328340822100183e-05,0.35279251707864995,0.06666666666666667
caged,0,1,0,0,0,0,0,0,0,0,0,0,0,0,0,1,1,0.0258,5,1,caged,3.328340822100183e-05,0.35279251707864995,0.06666666666666667
sweetness,1,0,0,0,0,0,0,0,0,0,0,0,0,0,0,1,1,0.0258,9,1,sweetness,3.328340822100183e-05,0.35279251707864995,0.06666666666666667
undoubtedly,0,0,0,1,0,0,0,0,0,0,0,0,0,0,0,1,1,0.1027,11,1,undoubtedly,3.328340822100183e-05,0.35279251707864995,0.06666666666666667
want,0,1,0,0,0,0,0,0,0,0,0,0,0,0,0,1,1,0.1027,4,1,want,3.328340822100183e-05,0.35279251707864995,0.06666666666666667
feeler,1,0,0,0,0,0,0,0,0,0,0,0,0,0,0,1,1,0.1027,6,1,feeler,3.328340822100183e-05,0.35279251707864995,0.06666666666666667
glared,0,1,0,0,0,0,0,0,0,0,0,0,0,0,0,1,1,-0.2382,6,1,glared,3.328340822100183e-05,0.35279251707864995,0.06666666666666667
ball,1,1,0,0,0,0,0,0,0,0,0,0,0,0,0,1,1,-0.2382,4,1,ball,3.328340822100183e-05,0.35279251707864995,0.13333333333333333
thumb,1,0,0,0,0,0,0,0,0,0,0,0,0,0,0,1,1,0.0,5,1,thumb,3.328340822100183e-05,0.35279251707864995,0.06666666666666667
wasted,0,1,1,0,0,0,0,0,0,0,0,0,0,0,0,1,1,-0.4939,6,1,wasted,3.328340822100183e-05,0.35279251707864995,0.13333333333333333
eulogize,0,1,0,0,0,0,0,0,0,0,0,0,0,0,0,1,1,0.3178,8,1,eulogize,3.328340822100183e-05,0.35279251707864995,0.06666666666666667
prize,1,1,1,0,0,0,0,0,0,0,0,0,0,0,0,1,1,0.3178,5,1,prize,3.328340822100183e-05,0.35279251707864995,0.2
gorgeous,0,0,1,0,0,0,0,0,0,0,0,0,0,0,0,1,1,0.3178,8,1,gorgeous,3.328340822100183e-05,0.35279251707864995,0.06666666666666667
refracting,0,1,0,0,0,0,0,0,0,0,0,0,0,0,0,1,1,-0.0772,10,1,refracting,3.328340822100183e-05,0.35279251707864995,0.06666666666666667
cleared,0,1,1,0,0,0,0,0,0,0,0,0,0,0,0,1,1,-0.0772,7,1,cleared,3.328340822100183e-05,0.35279251707864995,0.13333333333333333
brook,1,0,0,0,0,0,0,0,0,0,0,0,0,0,0,1,1,0.3182,5,1,brook,3.328340822100183e-05,0.35279251707864995,0.06666666666666667
skimmed,0,1,1,0,0,0,0,0,0,0,0,0,0,0,0,1,1,0.3182,7,1,skimmed,3.328340822100183e-05,0.35279251707864995,0.13333333333333333
barrassed,0,0,0,0,0,0,0,0,0,0,0,0,0,0,0,1,1,-0.0772,9,1,barrassed,3.328340822100183e-05,0.35279251707864995,0.0
devoured,0,1,1,0,0,0,0,0,0,0,0,0,0,0,0,1,1,0.0,8,1,devoured,3.328340822100183e-05,0.35279251707864995,0.13333333333333333
thirst,1,1,0,0,0,0,0,0,0,0,0,0,0,0,0,1,1,0.0,6,1,thirst,3.328340822100183e-05,0.35279251707864995,0.13333333333333333
astronomical,0,0,1,0,0,0,0,0,0,0,0,0,0,0,0,1,1,0.0,12,1,astronomical,3.328340822100183e-05,0.35279251707864995,0.06666666666666667
investigations,1,0,0,0,0,0,0,0,0,0,0,0,0,0,0,1,1,0.0,14,1,investigations,3.328340822100183e-05,0.35279251707864995,0.06666666666666667
elec,0,0,0,0,0,0,0,0,0,0,0,0,0,0,0,1,1,0.0,4,1,elec,3.328340822100183e-05,0.35279251707864995,0.0
burying,1,1,0,0,0,0,0,0,0,0,0,0,0,0,0,1,1,0.5267,7,1,burying,3.328340822100183e-05,0.35279251707864995,0.13333333333333333
gain,1,1,0,0,0,0,0,0,0,0,0,0,0,0,0,1,1,0.5267,4,1,gain,3.328340822100183e-05,0.35279251707864995,0.13333333333333333
adminis,0,0,0,0,0,0,0,0,0,0,0,0,0,0,0,1,1,0.4215,7,1,adminis,3.328340822100183e-05,0.35279251707864995,0.0
tration,0,0,0,0,0,0,0,0,0,0,0,0,0,0,0,1,1,0.4215,7,1,tration,3.328340822100183e-05,0.35279251707864995,0.0
tariff,1,1,0,0,0,0,0,0,0,0,0,0,0,0,0,1,1,0.0,6,1,tariff,3.328340822100183e-05,0.35279251707864995,0.13333333333333333
originally,0,0,0,1,0,0,0,0,0,0,0,0,0,0,0,1,1,0.0,10,1,originally,3.328340822100183e-05,0.35279251707864995,0.06666666666666667
hdtel,0,0,0,0,0,0,0,0,0,0,0,0,0,0,0,1,1,-0.0516,5,1,hdtel,3.328340822100183e-05,0.35279251707864995,0.0
nity,0,0,0,0,0,0,0,0,0,0,0,0,0,0,0,1,1,-0.0516,4,1,nity,3.328340822100183e-05,0.35279251707864995,0.0
peating,0,0,0,0,0,0,0,0,0,0,0,0,0,0,0,1,1,-0.0516,7,1,peating,3.328340822100183e-05,0.35279251707864995,0.0
fills,1,1,0,0,0,0,0,0,0,0,0,0,0,0,0,1,1,0.0,5,1,fills,3.328340822100183e-05,0.35279251707864995,0.13333333333333333
victories,1,0,0,0,0,0,0,0,0,0,0,0,0,0,0,1,1,0.2023,9,1,victories,3.328340822100183e-05,0.35279251707864995,0.06666666666666667
gartenlaube,0,0,0,0,0,0,0,0,0,0,0,0,0,0,0,1,1,0.2023,11,1,gartenlaube,3.328340822100183e-05,0.35279251707864995,0.0
forces,1,1,0,0,0,0,0,0,0,0,0,0,0,0,0,1,1,0.2023,6,1,forces,3.328340822100183e-05,0.35279251707864995,0.13333333333333333
samoan,1,0,1,0,0,0,0,0,0,0,0,0,0,0,0,1,1,0.2023,6,1,samoan,3.328340822100183e-05,0.35279251707864995,0.13333333333333333
visible,0,0,1,0,0,0,0,0,0,0,0,0,0,0,0,1,1,0.2023,7,1,visible,3.328340822100183e-05,0.35279251707864995,0.06666666666666667
scars,1,1,0,0,0,0,0,0,0,0,0,0,0,0,0,1,1,0.2023,5,1,scars,3.328340822100183e-05,0.35279251707864995,0.13333333333333333
temporary,1,0,1,0,0,0,0,0,0,0,0,0,0,0,0,1,1,0.2023,9,1,temporary,3.328340822100183e-05,0.35279251707864995,0.13333333333333333
winthrop,0,0,0,0,0,0,0,0,0,0,0,0,0,0,0,1,1,0.4215,8,1,winthrop,3.328340822100183e-05,0.35279251707864995,0.0
sleeves,1,0,0,0,0,0,0,0,0,0,0,0,0,0,0,1,1,0.0,7,1,sleeves,3.328340822100183e-05,0.35279251707864995,0.06666666666666667
songs,1,0,0,0,0,0,0,0,0,0,0,0,0,0,0,1,1,-0.8652,5,1,songs,3.328340822100183e-05,0.35279251707864995,0.06666666666666667
maw,1,0,0,0,0,0,0,0,0,0,0,0,0,0,0,1,1,0.0,3,1,maw,3.328340822100183e-05,0.35279251707864995,0.06666666666666667
dedf,0,0,0,0,0,0,0,0,0,0,0,0,0,0,0,1,1,0.0,4,1,dedf,3.328340822100183e-05,0.35279251707864995,0.0
ggg,0,0,0,0,0,0,0,0,0,0,0,0,0,0,0,1,1,0.0,3,1,ggg,3.328340822100183e-05,0.35279251707864995,0.0
pation,0,0,0,0,0,0,0,0,0,0,0,0,0,0,0,1,1,0.2023,6,1,pation,3.328340822100183e-05,0.35279251707864995,0.0
invading,0,1,1,0,0,0,0,0,0,0,0,0,0,0,0,1,1,0.2023,8,1,invading,3.328340822100183e-05,0.35279251707864995,0.13333333333333333
naval,0,0,1,0,0,0,0,0,0,0,0,0,0,0,0,1,1,0.2023,5,1,naval,3.328340822100183e-05,0.35279251707864995,0.06666666666666667
astonishment,1,0,0,0,0,0,0,0,0,0,0,0,0,0,0,1,1,0.0,12,1,astonishment,3.328340822100183e-05,0.35279251707864995,0.06666666666666667
wreck,1,0,0,0,0,0,0,0,0,0,0,0,0,0,0,1,1,-0.2382,5,1,wreck,3.328340822100183e-05,0.35279251707864995,0.06666666666666667
intemperate,0,0,1,0,0,0,0,0,0,0,0,0,0,0,0,1,1,0.0,11,1,intemperate,3.328340822100183e-05,0.35279251707864995,0.06666666666666667
calculating,0,1,1,0,0,0,0,0,0,0,0,0,0,0,0,1,1,0.0,11,1,calculating,3.328340822100183e-05,0.35279251707864995,0.13333333333333333
voyons,0,0,0,0,0,0,0,0,0,0,0,0,0,0,0,1,1,0.0,6,1,voyons,3.328340822100183e-05,0.35279251707864995,0.0
chons,0,0,0,0,0,0,0,0,0,0,0,0,0,0,0,1,1,0.0,5,1,chons,3.328340822100183e-05,0.35279251707864995,0.0
vie,0,0,0,0,0,0,0,0,0,0,0,0,0,0,0,1,1,0.0,3,1,vie,3.328340822100183e-05,0.35279251707864995,0.0
shirt,1,1,0,0,0,0,0,0,0,0,0,0,0,0,0,1,1,0.0,5,1,shirt,3.328340822100183e-05,0.35279251707864995,0.13333333333333333
gorging,0,1,0,0,0,0,0,0,0,0,0,0,0,0,0,1,1,-0.1335,7,1,gorging,3.328340822100183e-05,0.35279251707864995,0.06666666666666667
tribute,1,0,0,0,0,0,0,0,0,0,0,0,0,0,0,1,1,-0.1335,7,1,tribute,3.328340822100183e-05,0.35279251707864995,0.06666666666666667
murmur,1,1,0,0,0,0,0,0,0,0,0,0,0,0,0,1,1,-0.1335,6,1,murmur,3.328340822100183e-05,0.35279251707864995,0.13333333333333333
tingling,1,1,1,0,0,0,0,0,0,0,0,0,0,0,0,1,1,0.0258,8,1,tingling,3.328340822100183e-05,0.35279251707864995,0.2
incentive,1,0,1,0,0,0,0,0,0,0,0,0,0,0,0,1,1,0.0258,9,1,incentive,3.328340822100183e-05,0.35279251707864995,0.13333333333333333
foiled,0,1,1,0,0,0,0,0,0,0,0,0,0,0,0,1,1,0.0258,6,1,foiled,3.328340822100183e-05,0.35279251707864995,0.13333333333333333
hordes,1,0,0,0,0,0,0,0,0,0,0,0,0,0,0,1,1,-0.4404,6,1,hordes,3.328340822100183e-05,0.35279251707864995,0.06666666666666667
summoned,0,0,0,0,0,0,0,0,0,0,0,0,0,0,0,1,1,-0.4404,8,1,summoned,3.328340822100183e-05,0.35279251707864995,0.0
damn,1,0,1,1,0,0,0,0,0,0,0,0,0,0,0,1,1,-0.4019,4,1,damn,3.328340822100183e-05,0.35279251707864995,0.2
wrung,0,1,0,0,0,0,0,0,0,0,0,0,0,0,0,1,1,-0.34,5,1,wrung,3.328340822100183e-05,0.35279251707864995,0.06666666666666667
thorns,1,0,0,0,0,0,0,0,0,0,0,0,0,0,0,1,1,-0.34,6,1,thorns,3.328340822100183e-05,0.35279251707864995,0.06666666666666667
prick,1,1,0,0,0,0,0,0,0,0,0,0,0,0,0,1,1,-0.34,5,1,prick,3.328340822100183e-05,0.35279251707864995,0.13333333333333333
pent,0,0,1,0,0,0,0,0,0,0,0,0,0,0,0,1,1,-0.34,4,1,pent,3.328340822100183e-05,0.35279251707864995,0.06666666666666667
wrath,1,0,1,0,0,0,0,0,0,0,0,0,0,0,0,1,1,-0.34,5,1,wrath,3.328340822100183e-05,0.35279251707864995,0.13333333333333333
escaped,0,1,1,0,0,0,0,0,0,0,0,0,0,0,0,1,1,-0.34,7,1,escaped,3.328340822100183e-05,0.35279251707864995,0.13333333333333333
buy,1,1,0,0,0,0,0,0,0,0,0,0,0,0,0,1,1,0.0,3,1,buy,3.328340822100183e-05,0.35279251707864995,0.13333333333333333
invested,0,1,1,0,0,0,0,0,0,0,0,0,0,0,0,1,1,0.296,8,1,invested,3.328340822100183e-05,0.35279251707864995,0.13333333333333333
lux,1,0,0,0,0,0,0,0,0,0,0,0,0,0,0,1,1,0.296,3,1,lux,3.328340822100183e-05,0.35279251707864995,0.06666666666666667
uries,0,0,0,0,0,0,0,0,0,0,0,0,0,0,0,1,1,0.296,5,1,uries,3.328340822100183e-05,0.35279251707864995,0.0
ridicule,1,1,0,0,0,0,0,0,0,0,0,0,0,0,0,1,1,0.296,8,1,ridicule,3.328340822100183e-05,0.35279251707864995,0.13333333333333333
hunted,0,1,1,0,0,0,0,0,0,0,0,0,0,0,0,1,1,0.296,6,1,hunted,3.328340822100183e-05,0.35279251707864995,0.13333333333333333
supplication,1,0,0,0,0,0,0,0,0,0,0,0,0,0,0,1,1,0.0,12,1,supplication,3.328340822100183e-05,0.35279251707864995,0.06666666666666667
threaded,0,1,1,0,0,0,0,0,0,0,0,0,0,0,0,1,1,0.0,8,1,threaded,3.328340822100183e-05,0.35279251707864995,0.13333333333333333
ous,1,0,0,0,0,0,0,0,0,0,0,0,0,0,0,1,1,0.0,3,1,ous,3.328340822100183e-05,0.35279251707864995,0.06666666666666667
shrubs,1,0,0,0,0,0,0,0,0,0,0,0,0,0,0,1,1,0.0,6,1,shrubs,3.328340822100183e-05,0.35279251707864995,0.06666666666666667
addressed,0,1,1,0,0,0,0,0,0,0,0,0,0,0,0,1,1,0.0,9,1,addressed,3.328340822100183e-05,0.35279251707864995,0.13333333333333333
coming,1,1,1,0,0,0,0,0,0,0,0,0,0,0,0,1,1,0.0,6,1,coming,3.328340822100183e-05,0.35279251707864995,0.2
discretion,1,0,0,0,0,0,0,0,0,0,0,0,0,0,0,1,1,0.0,10,1,discretion,3.328340822100183e-05,0.35279251707864995,0.06666666666666667
possesses,0,1,0,0,0,0,0,0,0,0,0,0,0,0,0,1,1,0.0,9,1,possesses,3.328340822100183e-05,0.35279251707864995,0.06666666666666667
smell,1,1,0,0,0,0,0,0,0,0,0,0,0,0,0,1,1,0.0,5,1,smell,3.328340822100183e-05,0.35279251707864995,0.13333333333333333
ought,1,0,0,1,0,0,0,0,0,0,0,0,0,0,0,1,1,0.4404,5,1,ought,3.328340822100183e-05,0.35279251707864995,0.13333333333333333
phasis,1,0,0,0,0,0,0,0,0,0,0,0,0,0,0,1,1,0.4404,6,1,phasis,3.328340822100183e-05,0.35279251707864995,0.06666666666666667
revel,1,1,0,0,0,0,0,0,0,0,0,0,0,0,0,1,1,0.0,5,1,revel,3.328340822100183e-05,0.35279251707864995,0.13333333333333333
suggested,0,1,1,0,0,0,0,0,0,0,0,0,0,0,0,1,1,0.0,9,1,suggested,3.328340822100183e-05,0.35279251707864995,0.13333333333333333
plaintive,0,0,1,0,0,0,0,0,0,0,0,0,0,0,0,1,1,0.0,9,1,plaintive,3.328340822100183e-05,0.35279251707864995,0.06666666666666667
howl,1,1,0,0,0,0,0,0,0,0,0,0,0,0,0,1,1,0.0,4,1,howl,3.328340822100183e-05,0.35279251707864995,0.13333333333333333
kicking,1,1,0,0,0,0,0,0,0,0,0,0,0,0,0,1,1,0.0,7,1,kicking,3.328340822100183e-05,0.35279251707864995,0.13333333333333333
soured,0,1,1,0,0,0,0,0,0,0,0,0,0,0,0,1,1,0.3818,6,1,soured,3.328340822100183e-05,0.35279251707864995,0.13333333333333333
haled,0,0,0,0,0,0,0,0,0,0,0,0,0,0,0,1,1,-0.4215,5,1,haled,3.328340822100183e-05,0.35279251707864995,0.0
folding,1,1,1,0,0,0,0,0,0,0,0,0,0,0,0,1,1,-0.4215,7,1,folding,3.328340822100183e-05,0.35279251707864995,0.2
fought,0,1,0,0,0,0,0,0,0,0,0,0,0,0,0,1,1,-0.3182,6,1,fought,3.328340822100183e-05,0.35279251707864995,0.06666666666666667
tabourets,1,0,0,0,0,0,0,0,0,0,0,0,0,0,0,1,1,-0.3182,9,1,tabourets,3.328340822100183e-05,0.35279251707864995,0.06666666666666667
squabbled,0,0,0,0,0,0,0,0,0,0,0,0,0,0,0,1,1,-0.3182,9,1,squabbled,3.328340822100183e-05,0.35279251707864995,0.0
palettes,1,0,0,0,0,0,0,0,0,0,0,0,0,0,0,1,1,-0.3182,8,1,palettes,3.328340822100183e-05,0.35279251707864995,0.06666666666666667
rent,1,1,1,0,0,0,0,0,0,0,0,0,0,0,0,1,1,-0.3182,4,1,rent,3.328340822100183e-05,0.35279251707864995,0.2
former,1,0,1,0,0,0,0,0,0,0,0,0,0,0,0,1,1,-0.4404,6,1,former,3.328340822100183e-05,0.35279251707864995,0.13333333333333333
floral,1,0,1,0,0,0,0,0,0,0,0,0,0,0,0,1,1,0.4019,6,1,floral,3.328340822100183e-05,0.35279251707864995,0.13333333333333333
invites,1,1,0,0,0,0,0,0,0,0,0,0,0,0,0,1,1,0.4019,7,1,invites,3.328340822100183e-05,0.35279251707864995,0.13333333333333333
posed,0,1,1,0,0,0,0,0,0,0,0,0,0,0,0,1,1,-0.4404,5,1,posed,3.328340822100183e-05,0.35279251707864995,0.13333333333333333
dispensed,0,1,1,0,0,0,0,0,0,0,0,0,0,0,0,1,1,-0.4404,9,1,dispensed,3.328340822100183e-05,0.35279251707864995,0.13333333333333333
stale,1,1,1,0,0,0,0,0,0,0,0,0,0,0,0,1,1,-0.4404,5,1,stale,3.328340822100183e-05,0.35279251707864995,0.2
apparition,1,0,0,0,0,0,0,0,0,0,0,0,0,0,0,1,1,-0.4404,10,1,apparition,3.328340822100183e-05,0.35279251707864995,0.06666666666666667
flitted,0,1,0,0,0,0,0,0,0,0,0,0,0,0,0,1,1,-0.4404,7,1,flitted,3.328340822100183e-05,0.35279251707864995,0.06666666666666667
battling,1,1,0,0,0,0,0,0,0,0,0,0,0,0,0,1,1,-0.4404,8,1,battling,3.328340822100183e-05,0.35279251707864995,0.13333333333333333
som,1,0,0,0,0,0,0,0,0,0,0,0,0,0,0,1,1,0.0,3,1,som,3.328340822100183e-05,0.35279251707864995,0.06666666666666667
onday,0,0,0,0,0,0,0,0,0,0,0,0,0,0,0,1,1,-0.3182,5,1,onday,3.328340822100183e-05,0.35279251707864995,0.0
outflanked,0,1,0,0,0,0,0,0,0,0,0,0,0,0,0,1,1,-0.0772,10,1,outflanked,3.328340822100183e-05,0.35279251707864995,0.06666666666666667
wards,1,0,0,0,0,0,0,0,0,0,0,0,0,0,0,1,1,-0.0772,5,1,wards,3.328340822100183e-05,0.35279251707864995,0.06666666666666667
rev,1,0,0,0,0,0,0,0,0,0,0,0,0,0,0,1,1,0.0,3,1,rev,3.328340822100183e-05,0.35279251707864995,0.06666666666666667
olution,0,0,0,0,0,0,0,0,0,0,0,0,0,0,0,1,1,0.0,7,1,olution,3.328340822100183e-05,0.35279251707864995,0.0
acute,1,0,1,0,0,0,0,0,0,0,0,0,0,0,0,1,1,0.0,5,1,acute,3.328340822100183e-05,0.35279251707864995,0.13333333333333333
jules,0,0,0,0,0,0,0,0,0,0,0,0,0,0,0,1,1,0.5267,5,1,jules,3.328340822100183e-05,0.35279251707864995,0.0
dirty,0,1,1,0,0,0,0,0,0,0,0,0,0,0,0,1,1,-0.4404,5,1,dirty,3.328340822100183e-05,0.35279251707864995,0.13333333333333333
palmier,1,0,1,0,0,0,0,0,0,0,0,0,0,0,0,1,1,-0.4404,7,1,palmier,3.328340822100183e-05,0.35279251707864995,0.13333333333333333
siers,1,0,0,0,0,0,0,0,0,0,0,0,0,0,0,1,1,0.5267,5,1,siers,3.328340822100183e-05,0.35279251707864995,0.06666666666666667
caron,1,0,0,0,0,0,0,0,0,0,0,0,0,0,0,1,1,0.0,5,1,caron,3.328340822100183e-05,0.35279251707864995,0.06666666666666667
bang,1,1,0,1,0,0,0,0,0,0,0,0,0,0,0,1,1,0.0,4,1,bang,3.328340822100183e-05,0.35279251707864995,0.2
spat,1,1,0,0,0,0,0,0,0,0,0,0,0,0,0,1,1,0.0,4,1,spat,3.328340822100183e-05,0.35279251707864995,0.13333333333333333
miles,1,0,0,0,0,0,0,0,0,0,0,0,0,0,0,1,1,0.2732,5,1,miles,3.328340822100183e-05,0.35279251707864995,0.06666666666666667
resemblance,1,0,0,0,0,0,0,0,0,0,0,0,0,0,0,1,1,0.6369,11,1,resemblance,3.328340822100183e-05,0.35279251707864995,0.06666666666666667
utterance,1,0,0,0,0,0,0,0,0,0,0,0,0,0,0,1,1,0.0,9,1,utterance,3.328340822100183e-05,0.35279251707864995,0.06666666666666667
rippled,0,1,1,0,0,0,0,0,0,0,0,0,0,0,0,1,1,0.0,7,1,rippled,3.328340822100183e-05,0.35279251707864995,0.13333333333333333
gait,1,0,0,0,0,0,0,0,0,0,0,0,0,0,0,1,1,0.1531,4,1,gait,3.328340822100183e-05,0.35279251707864995,0.06666666666666667
peculiar,0,0,1,0,0,0,0,0,0,0,0,0,0,0,0,1,1,0.1531,8,1,peculiar,3.328340822100183e-05,0.35279251707864995,0.06666666666666667
bias,1,1,1,1,0,0,0,0,0,0,0,0,0,0,0,1,1,-0.2023,4,1,bias,3.328340822100183e-05,0.35279251707864995,0.26666666666666666
moodily,0,0,0,1,0,0,0,0,0,0,0,0,0,0,0,1,1,-0.2023,7,1,moodily,3.328340822100183e-05,0.35279251707864995,0.06666666666666667
stalled,0,1,0,0,0,0,0,0,0,0,0,0,0,0,0,1,1,-0.2023,7,1,stalled,3.328340822100183e-05,0.35279251707864995,0.06666666666666667
fights,1,1,0,0,0,0,0,0,0,0,0,0,0,0,0,1,1,0.5267,6,1,fights,3.328340822100183e-05,0.35279251707864995,0.13333333333333333
resignation,1,0,0,0,0,0,0,0,0,0,0,0,0,0,0,1,1,0.5267,11,1,resignation,3.328340822100183e-05,0.35279251707864995,0.06666666666666667
lambs,1,1,0,0,0,0,0,0,0,0,0,0,0,0,0,1,1,0.5267,5,1,lambs,3.328340822100183e-05,0.35279251707864995,0.13333333333333333
walks,1,1,0,0,0,0,0,0,0,0,0,0,0,0,0,1,1,0.0,5,1,walks,3.328340822100183e-05,0.35279251707864995,0.13333333333333333
anywhere,0,0,0,1,0,0,0,0,0,0,0,0,0,0,0,1,1,0.0,8,1,anywhere,3.328340822100183e-05,0.35279251707864995,0.06666666666666667
profession,1,0,0,0,0,0,0,0,0,0,0,0,0,0,0,1,1,0.0,10,1,profession,3.328340822100183e-05,0.35279251707864995,0.06666666666666667
quarrelled,0,1,0,0,0,0,0,0,0,0,0,0,0,0,0,1,1,-0.4215,10,1,quarrelled,3.328340822100183e-05,0.35279251707864995,0.06666666666666667
chattered,0,0,0,0,0,0,0,0,0,0,0,0,0,0,0,1,1,-0.4215,9,1,chattered,3.328340822100183e-05,0.35279251707864995,0.0
increased,0,1,1,0,0,0,0,0,0,0,0,0,0,0,0,1,1,0.2732,9,1,increased,3.328340822100183e-05,0.35279251707864995,0.13333333333333333
distance,1,1,0,0,0,0,0,0,0,0,0,0,0,0,0,1,1,0.2732,8,1,distance,3.328340822100183e-05,0.35279251707864995,0.13333333333333333
walking,1,1,1,0,0,0,0,0,0,0,0,0,0,0,0,1,1,0.1531,7,1,walking,3.328340822100183e-05,0.35279251707864995,0.2
tagging,1,1,0,0,0,0,0,0,0,0,0,0,0,0,0,1,1,0.0,7,1,tagging,3.328340822100183e-05,0.35279251707864995,0.13333333333333333
petticoat,1,0,0,0,0,0,0,0,0,0,0,0,0,0,0,1,1,0.0,9,1,petticoat,3.328340822100183e-05,0.35279251707864995,0.06666666666666667
wrathfully,0,0,0,1,0,0,0,0,0,0,0,0,0,0,0,1,1,-0.7096,10,1,wrathfully,3.328340822100183e-05,0.35279251707864995,0.06666666666666667
idiot,1,0,0,0,0,0,0,0,0,0,0,0,0,0,0,1,1,-0.7096,5,1,idiot,3.328340822100183e-05,0.35279251707864995,0.06666666666666667
george,1,0,0,0,0,0,0,0,0,0,0,0,0,0,0,1,1,0.0,6,1,george,3.328340822100183e-05,0.35279251707864995,0.06666666666666667
sheer,1,1,1,1,0,0,0,0,0,0,0,0,0,0,0,1,1,0.0,5,1,sheer,3.328340822100183e-05,0.35279251707864995,0.26666666666666666
regulations,0,0,0,0,0,0,0,0,0,0,0,0,0,0,0,1,1,0.5719,11,1,regulations,3.328340822100183e-05,0.35279251707864995,0.0
sumed,0,0,0,0,0,0,0,0,0,0,0,0,0,0,0,1,1,0.5719,5,1,sumed,3.328340822100183e-05,0.35279251707864995,0.0
credit,1,1,0,0,0,0,0,0,0,0,0,0,0,0,0,1,1,0.7615,6,1,credit,3.328340822100183e-05,0.35279251707864995,0.13333333333333333
babbled,0,1,0,0,0,0,0,0,0,0,0,0,0,0,0,1,1,-0.1531,7,1,babbled,3.328340822100183e-05,0.35279251707864995,0.06666666666666667
quavering,0,0,1,0,0,0,0,0,0,0,0,0,0,0,0,1,1,-0.1531,9,1,quavering,3.328340822100183e-05,0.35279251707864995,0.06666666666666667
minated,0,0,0,0,0,0,0,0,0,0,0,0,0,0,0,1,1,0.0,7,1,minated,3.328340822100183e-05,0.35279251707864995,0.0
erratic,1,0,1,0,0,0,0,0,0,0,0,0,0,0,0,1,1,0.0,7,1,erratic,3.328340822100183e-05,0.35279251707864995,0.13333333333333333
lescing,0,0,0,0,0,0,0,0,0,0,0,0,0,0,0,1,1,0.3612,7,1,lescing,3.328340822100183e-05,0.35279251707864995,0.0
discussed,0,0,0,0,0,0,0,0,0,0,0,0,0,0,0,1,1,0.3612,9,1,discussed,3.328340822100183e-05,0.35279251707864995,0.0
unfeigned,0,0,1,0,0,0,0,0,0,0,0,0,0,0,0,1,1,0.3612,9,1,unfeigned,3.328340822100183e-05,0.35279251707864995,0.06666666666666667
suppressed,0,1,1,0,0,0,0,0,0,0,0,0,0,0,0,1,1,-0.5719,10,1,suppressed,3.328340822100183e-05,0.35279251707864995,0.13333333333333333
aspirations,1,0,0,0,0,0,0,0,0,0,0,0,0,0,0,1,1,0.0,11,1,aspirations,3.328340822100183e-05,0.35279251707864995,0.06666666666666667
cle,0,0,0,0,0,0,0,0,0,0,0,0,0,0,0,1,1,-0.1779,3,1,cle,3.328340822100183e-05,0.35279251707864995,0.0
mence,0,0,0,0,0,0,0,0,0,0,0,0,0,0,0,1,1,-0.1779,5,1,mence,3.328340822100183e-05,0.35279251707864995,0.0
tellec,0,0,0,0,0,0,0,0,0,0,0,0,0,0,0,1,1,-0.1779,6,1,tellec,3.328340822100183e-05,0.35279251707864995,0.0
fifine,0,0,0,0,0,0,0,0,0,0,0,0,0,0,0,1,1,-0.1779,6,1,fifine,3.328340822100183e-05,0.35279251707864995,0.0
anguish,1,1,0,0,0,0,0,0,0,0,0,0,0,0,0,1,1,-0.1779,7,1,anguish,3.328340822100183e-05,0.35279251707864995,0.13333333333333333
deny,0,1,0,0,0,0,0,0,0,0,0,0,0,0,0,1,1,0.7615,4,1,deny,3.328340822100183e-05,0.35279251707864995,0.06666666666666667
strutted,0,0,0,0,0,0,0,0,0,0,0,0,0,0,0,1,1,0.0,8,1,strutted,3.328340822100183e-05,0.35279251707864995,0.0
beheld,0,0,0,0,0,0,0,0,0,0,0,0,0,0,0,1,1,0.0,6,1,beheld,3.328340822100183e-05,0.35279251707864995,0.0
bengal,1,0,0,0,0,0,0,0,0,0,0,0,0,0,0,1,1,0.6369,6,1,bengal,3.328340822100183e-05,0.35279251707864995,0.06666666666666667
gnashed,0,1,0,0,0,0,0,0,0,0,0,0,0,0,0,1,1,0.128,7,1,gnashed,3.328340822100183e-05,0.35279251707864995,0.06666666666666667
timidity,1,0,0,0,0,0,0,0,0,0,0,0,0,0,0,1,1,0.1027,8,1,timidity,3.328340822100183e-05,0.35279251707864995,0.06666666666666667
properly,0,0,0,1,0,0,0,0,0,0,0,0,0,0,0,1,1,0.6369,8,1,properly,3.328340822100183e-05,0.35279251707864995,0.06666666666666667
tiptoe,1,1,1,1,0,0,0,0,0,0,0,0,0,0,0,1,1,0.8625,6,1,tiptoe,3.328340822100183e-05,0.35279251707864995,0.26666666666666666
inanity,1,0,0,0,0,0,0,0,0,0,0,0,0,0,0,1,1,0.8625,7,1,inanity,3.328340822100183e-05,0.35279251707864995,0.06666666666666667
returning,0,1,1,0,0,0,0,0,0,0,0,0,0,0,0,1,1,0.0,9,1,returning,3.328340822100183e-05,0.35279251707864995,0.13333333333333333
occa,0,0,0,0,0,0,0,0,0,0,0,0,0,0,0,1,1,0.0,4,1,occa,3.328340822100183e-05,0.35279251707864995,0.0
sionally,0,0,0,0,0,0,0,0,0,0,0,0,0,0,0,1,1,0.0,8,1,sionally,3.328340822100183e-05,0.35279251707864995,0.0
straw,1,1,1,0,0,0,0,0,0,0,0,0,0,0,0,1,1,0.0,5,1,straw,3.328340822100183e-05,0.35279251707864995,0.2
sustaining,0,1,0,0,0,0,0,0,0,0,0,0,0,0,0,1,1,-0.4201,10,1,sustaining,3.328340822100183e-05,0.35279251707864995,0.06666666666666667
placing,1,1,0,0,0,0,0,0,0,0,0,0,0,0,0,1,1,0.0,7,1,placing,3.328340822100183e-05,0.35279251707864995,0.13333333333333333
fluttering,1,0,1,0,0,0,0,0,0,0,0,0,0,0,0,1,1,0.0516,10,1,fluttering,3.328340822100183e-05,0.35279251707864995,0.13333333333333333
shine,0,1,0,0,0,0,0,0,0,0,0,0,0,0,0,1,1,0.0,5,1,shine,3.328340822100183e-05,0.35279251707864995,0.06666666666666667
drafts,1,1,0,0,0,0,0,0,0,0,0,0,0,0,0,1,1,0.4939,6,1,drafts,3.328340822100183e-05,0.35279251707864995,0.13333333333333333
fa,1,0,0,0,0,0,0,0,0,0,0,0,0,0,0,1,1,0.0,2,1,fa,3.328340822100183e-05,0.35279251707864995,0.06666666666666667
miliar,0,0,0,0,0,0,0,0,0,0,0,0,0,0,0,1,1,0.0,6,1,miliar,3.328340822100183e-05,0.35279251707864995,0.0
proved,0,1,1,0,0,0,0,0,0,0,0,0,0,0,0,1,1,0.0,6,1,proved,3.328340822100183e-05,0.35279251707864995,0.13333333333333333
anticipated,0,1,1,0,0,0,0,0,0,0,0,0,0,0,0,1,1,0.0,11,1,anticipated,3.328340822100183e-05,0.35279251707864995,0.13333333333333333
quest,1,1,0,0,0,0,0,0,0,0,0,0,0,0,0,1,1,0.0,5,1,quest,3.328340822100183e-05,0.35279251707864995,0.13333333333333333
mysteriously,0,0,0,1,0,0,0,0,0,0,0,0,0,0,0,1,1,0.0,12,1,mysteriously,3.328340822100183e-05,0.35279251707864995,0.06666666666666667
safely,0,0,0,1,0,0,0,0,0,0,0,0,0,0,0,1,1,-0.4588,6,1,safely,3.328340822100183e-05,0.35279251707864995,0.06666666666666667
winced,0,1,0,0,0,0,0,0,0,0,0,0,0,0,0,1,1,0.4391,6,1,winced,3.328340822100183e-05,0.35279251707864995,0.06666666666666667
goods,0,0,0,0,0,0,0,0,0,0,0,0,0,0,0,1,1,0.4391,5,1,goods,3.328340822100183e-05,0.35279251707864995,0.0
chattels,1,0,0,0,0,0,0,0,0,0,0,0,0,0,0,1,1,0.4391,8,1,chattels,3.328340822100183e-05,0.35279251707864995,0.06666666666666667
cooled,0,1,1,0,0,0,0,0,0,0,0,0,0,0,0,1,1,-0.0516,6,1,cooled,3.328340822100183e-05,0.35279251707864995,0.13333333333333333
proportions,0,1,0,0,0,0,0,0,0,0,0,0,0,0,0,1,1,-0.0516,11,1,proportions,3.328340822100183e-05,0.35279251707864995,0.06666666666666667
protestations,1,0,0,0,0,0,0,0,0,0,0,0,0,0,0,1,1,0.0,13,1,protestations,3.328340822100183e-05,0.35279251707864995,0.06666666666666667
marriage,1,0,0,0,0,0,0,0,0,0,0,0,0,0,0,1,1,0.0,8,1,marriage,3.328340822100183e-05,0.35279251707864995,0.06666666666666667
unquestioning,0,0,1,0,0,0,0,0,0,0,0,0,0,0,0,1,1,0.9403,13,1,unquestioning,3.328340822100183e-05,0.35279251707864995,0.06666666666666667
grateful,0,0,1,0,0,0,0,0,0,0,0,0,0,0,0,1,1,0.3384,8,1,grateful,3.328340822100183e-05,0.35279251707864995,0.06666666666666667
petal,1,0,0,0,0,0,0,0,0,0,0,0,0,0,0,1,1,0.0,5,1,petal,3.328340822100183e-05,0.35279251707864995,0.06666666666666667
accept,0,1,0,0,0,0,0,0,0,0,0,0,0,0,0,1,1,0.3818,6,1,accept,3.328340822100183e-05,0.35279251707864995,0.06666666666666667
valescent,0,0,0,0,0,0,0,0,0,0,0,0,0,0,0,1,1,0.0,9,1,valescent,3.328340822100183e-05,0.35279251707864995,0.0
authority,1,0,0,0,0,0,0,0,0,0,0,0,0,0,0,1,1,0.0,9,1,authority,3.328340822100183e-05,0.35279251707864995,0.06666666666666667
aided,0,0,1,0,0,0,0,0,0,0,0,0,0,0,0,1,1,0.0,5,1,aided,3.328340822100183e-05,0.35279251707864995,0.06666666666666667
salutes,1,1,0,0,0,0,0,0,0,0,0,0,0,0,0,1,1,0.0,7,1,salutes,3.328340822100183e-05,0.35279251707864995,0.13333333333333333
blessed,0,1,1,0,0,0,0,0,0,0,0,0,0,0,0,1,1,0.7783,7,1,blessed,3.328340822100183e-05,0.35279251707864995,0.13333333333333333
amusement,1,0,0,0,0,0,0,0,0,0,0,0,0,0,0,1,1,0.3612,9,1,amusement,3.328340822100183e-05,0.35279251707864995,0.06666666666666667
refusal,1,0,0,0,0,0,0,0,0,0,0,0,0,0,0,1,1,0.7783,7,1,refusal,3.328340822100183e-05,0.35279251707864995,0.06666666666666667
thanked,0,1,0,0,0,0,0,0,0,0,0,0,0,0,0,1,1,0.7783,7,1,thanked,3.328340822100183e-05,0.35279251707864995,0.06666666666666667
encounters,1,0,0,0,0,0,0,0,0,0,0,0,0,0,0,1,1,-0.3071,10,1,encounters,3.328340822100183e-05,0.35279251707864995,0.06666666666666667
steering,1,1,0,0,0,0,0,0,0,0,0,0,0,0,0,1,1,-0.3071,8,1,steering,3.328340822100183e-05,0.35279251707864995,0.13333333333333333
uncovering,0,0,0,0,0,0,0,0,0,0,0,0,0,0,0,1,1,-0.3071,10,1,uncovering,3.328340822100183e-05,0.35279251707864995,0.0
opinioiv,0,0,0,0,0,0,0,0,0,0,0,0,0,0,0,1,1,-0.3071,8,1,opinioiv,3.328340822100183e-05,0.35279251707864995,0.0
jealous,0,0,1,0,0,0,0,0,0,0,0,0,0,0,0,1,1,-0.3071,7,1,jealous,3.328340822100183e-05,0.35279251707864995,0.06666666666666667
nedy,0,0,0,0,0,0,0,0,0,0,0,0,0,0,0,1,1,0.0,4,1,nedy,3.328340822100183e-05,0.35279251707864995,0.0
aittmor,0,0,0,0,0,0,0,0,0,0,0,0,0,0,0,1,1,0.0,7,1,aittmor,3.328340822100183e-05,0.35279251707864995,0.0
vivian,0,0,0,0,0,0,0,0,0,0,0,0,0,0,0,1,1,0.0,6,1,vivian,3.328340822100183e-05,0.35279251707864995,0.0
robert,1,0,0,0,0,0,0,0,0,0,0,0,0,0,0,1,1,0.0,6,1,robert,3.328340822100183e-05,0.35279251707864995,0.06666666666666667
illustrations,1,0,0,0,0,0,0,0,0,0,0,0,0,0,0,1,1,0.0,13,1,illustrations,3.328340822100183e-05,0.35279251707864995,0.06666666666666667
u,1,0,1,0,0,0,0,0,0,0,0,0,0,0,0,1,1,0.0,1,1,u,3.328340822100183e-05,0.35279251707864995,0.13333333333333333
lustrations,0,0,0,0,0,0,0,0,0,0,0,0,0,0,0,1,1,0.0,11,1,lustrations,3.328340822100183e-05,0.35279251707864995,0.0
mastered,0,0,1,0,0,0,0,0,0,0,0,0,0,0,0,1,1,0.0,8,1,mastered,3.328340822100183e-05,0.35279251707864995,0.06666666666666667
bars,1,1,0,0,0,0,0,0,0,0,0,0,0,0,0,1,1,-0.0516,4,1,bars,3.328340822100183e-05,0.35279251707864995,0.13333333333333333
surged,0,1,0,0,0,0,0,0,0,0,0,0,0,0,0,1,1,0.25,6,1,surged,3.328340822100183e-05,0.35279251707864995,0.06666666666666667
brain,1,1,0,0,0,0,0,0,0,0,0,0,0,0,0,1,1,0.25,5,1,brain,3.328340822100183e-05,0.35279251707864995,0.13333333333333333
soned,0,0,0,0,0,0,0,0,0,0,0,0,0,0,0,1,1,0.1779,5,1,soned,3.328340822100183e-05,0.35279251707864995,0.0
curtained,0,1,1,0,0,0,0,0,0,0,0,0,0,0,0,1,1,0.1779,9,1,curtained,3.328340822100183e-05,0.35279251707864995,0.13333333333333333
surging,1,1,1,0,0,0,0,0,0,0,0,0,0,0,0,1,1,0.1779,7,1,surging,3.328340822100183e-05,0.35279251707864995,0.2
struggling,0,1,1,0,0,0,0,0,0,0,0,0,0,0,0,1,1,-0.3818,10,1,struggling,3.328340822100183e-05,0.35279251707864995,0.13333333333333333
prismatic,0,0,1,0,0,0,0,0,0,0,0,0,0,0,0,1,1,0.0,9,1,prismatic,3.328340822100183e-05,0.35279251707864995,0.06666666666666667
chintz,1,0,0,0,0,0,0,0,0,0,0,0,0,0,0,1,1,-0.3818,6,1,chintz,3.328340822100183e-05,0.35279251707864995,0.06666666666666667
curtain,1,1,0,0,0,0,0,0,0,0,0,0,0,0,0,1,1,-0.3818,7,1,curtain,3.328340822100183e-05,0.35279251707864995,0.13333333333333333
umbrella,1,0,1,0,0,0,0,0,0,0,0,0,0,0,0,1,1,0.0,8,1,umbrella,3.328340822100183e-05,0.35279251707864995,0.13333333333333333
unfurled,0,1,0,0,0,0,0,0,0,0,0,0,0,0,0,1,1,0.0,8,1,unfurled,3.328340822100183e-05,0.35279251707864995,0.06666666666666667
ink,1,1,0,0,0,0,0,0,0,0,0,0,0,0,0,1,1,0.0,3,1,ink,3.328340822100183e-05,0.35279251707864995,0.13333333333333333
sheets,1,1,0,0,0,0,0,0,0,0,0,0,0,0,0,1,1,0.0,6,1,sheets,3.328340822100183e-05,0.35279251707864995,0.13333333333333333
expressionless,0,0,1,0,0,0,0,0,0,0,0,0,0,0,0,1,1,0.5982,14,1,expressionless,3.328340822100183e-05,0.35279251707864995,0.06666666666666667
deepened,0,0,1,0,0,0,0,0,0,0,0,0,0,0,0,1,1,0.5982,8,1,deepened,3.328340822100183e-05,0.35279251707864995,0.06666666666666667
fatherly,0,0,1,0,0,0,0,0,0,0,0,0,0,0,0,1,1,0.0,8,1,fatherly,3.328340822100183e-05,0.35279251707864995,0.06666666666666667
whitened,0,0,1,0,0,0,0,0,0,0,0,0,0,0,0,1,1,0.5982,8,1,whitened,3.328340822100183e-05,0.35279251707864995,0.06666666666666667
curve,1,0,0,0,0,0,0,0,0,0,0,0,0,0,0,1,1,0.5982,5,1,curve,3.328340822100183e-05,0.35279251707864995,0.06666666666666667
infantine,0,0,1,0,0,0,0,0,0,0,0,0,0,0,0,1,1,0.5982,9,1,infantine,3.328340822100183e-05,0.35279251707864995,0.06666666666666667
clearer,1,0,0,0,0,0,0,0,0,0,0,0,0,0,0,1,1,-0.1027,7,1,clearer,3.328340822100183e-05,0.35279251707864995,0.06666666666666667
tightened,0,0,1,0,0,0,0,0,0,0,0,0,0,0,0,1,1,-0.6124,9,1,tightened,3.328340822100183e-05,0.35279251707864995,0.06666666666666667
dully,0,0,0,1,0,0,0,0,0,0,0,0,0,0,0,1,1,-0.2732,5,1,dully,3.328340822100183e-05,0.35279251707864995,0.06666666666666667
ky,0,0,0,0,0,0,0,0,0,0,0,0,0,0,0,1,1,0.0,2,0,ky,3.328340822100183e-05,0.35279251707864995,0.0
sinister,0,0,1,0,0,0,0,0,0,0,0,0,0,0,0,1,1,-0.5267,8,1,sinister,3.328340822100183e-05,0.35279251707864995,0.06666666666666667
dissonant,0,0,1,0,0,0,0,0,0,0,0,0,0,0,0,1,1,0.5434,9,1,dissonant,3.328340822100183e-05,0.35279251707864995,0.06666666666666667
crate,1,1,0,0,0,0,0,0,0,0,0,0,0,0,0,1,1,0.5434,5,1,crate,3.328340822100183e-05,0.35279251707864995,0.13333333333333333
learned,0,1,1,0,0,0,0,0,0,0,0,0,0,0,0,1,1,0.0,7,1,learned,3.328340822100183e-05,0.35279251707864995,0.13333333333333333
scientific,0,0,1,0,0,0,0,0,0,0,0,0,0,0,0,1,1,0.0,10,1,scientific,3.328340822100183e-05,0.35279251707864995,0.06666666666666667
vivid,1,0,1,0,0,0,0,0,0,0,0,0,0,0,0,1,1,0.0,5,1,vivid,3.328340822100183e-05,0.35279251707864995,0.13333333333333333
telligence,0,0,0,0,0,0,0,0,0,0,0,0,0,0,0,1,1,0.0,10,1,telligence,3.328340822100183e-05,0.35279251707864995,0.0
moreover,0,0,0,1,0,0,0,0,0,0,0,0,0,0,0,1,1,-0.5267,8,1,moreover,3.328340822100183e-05,0.35279251707864995,0.06666666666666667
ccile,0,0,0,0,0,0,0,0,0,0,0,0,0,0,0,1,1,0.4019,5,1,ccile,3.328340822100183e-05,0.35279251707864995,0.0
usually,0,0,0,1,0,0,0,0,0,0,0,0,0,0,0,1,1,0.0,7,1,usually,3.328340822100183e-05,0.35279251707864995,0.06666666666666667
supposed,0,1,1,0,0,0,0,0,0,0,0,0,0,0,0,1,1,0.0,8,1,supposed,3.328340822100183e-05,0.35279251707864995,0.13333333333333333
christian,1,0,1,1,0,0,0,0,0,0,0,0,0,0,0,1,1,0.0,9,1,christian,3.328340822100183e-05,0.35279251707864995,0.2
tected,0,0,0,0,0,0,0,0,0,0,0,0,0,0,0,1,1,0.0,6,1,tected,3.328340822100183e-05,0.35279251707864995,0.0
lery,0,0,0,0,0,0,0,0,0,0,0,0,0,0,0,1,1,0.0,4,1,lery,3.328340822100183e-05,0.35279251707864995,0.0
reigned,0,1,0,0,0,0,0,0,0,0,0,0,0,0,0,1,1,-0.5267,7,1,reigned,3.328340822100183e-05,0.35279251707864995,0.06666666666666667
chord,1,1,0,0,0,0,0,0,0,0,0,0,0,0,0,1,1,-0.5267,5,1,chord,3.328340822100183e-05,0.35279251707864995,0.13333333333333333
publisher,1,0,0,0,0,0,0,0,0,0,0,0,0,0,0,1,1,0.0,9,1,publisher,3.328340822100183e-05,0.35279251707864995,0.06666666666666667
copyrighted,0,1,1,0,0,0,0,0,0,0,0,0,0,0,0,1,1,0.7845,11,1,copyrighted,3.328340822100183e-05,0.35279251707864995,0.13333333333333333
britain,1,0,0,0,0,0,0,0,0,0,0,0,0,0,0,1,1,0.7845,7,1,britain,3.328340822100183e-05,0.35279251707864995,0.06666666666666667
trumpeter,1,0,0,0,0,0,0,0,0,0,0,0,0,0,0,1,1,0.0,9,1,trumpeter,3.328340822100183e-05,0.35279251707864995,0.06666666666666667
bijou,1,0,1,0,0,0,0,0,0,0,0,0,0,0,0,1,1,0.0,5,1,bijou,3.328340822100183e-05,0.35279251707864995,0.13333333333333333
reveries,1,0,0,0,0,0,0,0,0,0,0,0,0,0,0,1,1,0.0,8,1,reveries,3.328340822100183e-05,0.35279251707864995,0.06666666666666667
librar,0,0,0,0,0,0,0,0,0,0,0,0,0,0,0,1,1,0.0,6,1,librar,3.328340822100183e-05,0.35279251707864995,0.0
ike,0,0,0,0,0,0,0,0,0,0,0,0,0,0,0,1,1,0.0,3,1,ike,3.328340822100183e-05,0.35279251707864995,0.0
ordination,1,0,0,0,0,0,0,0,0,0,0,0,0,0,0,1,1,0.0,10,1,ordination,3.328340822100183e-05,0.35279251707864995,0.06666666666666667
scuttle,1,0,0,0,0,0,0,0,0,0,0,0,0,0,0,1,1,-0.3818,7,1,scuttle,3.328340822100183e-05,0.35279251707864995,0.06666666666666667
rejecting,0,1,0,0,0,0,0,0,0,0,0,0,0,0,0,1,1,-0.4588,9,1,rejecting,3.328340822100183e-05,0.35279251707864995,0.06666666666666667
uncer,0,0,0,0,0,0,0,0,0,0,0,0,0,0,0,1,1,-0.4588,5,1,uncer,3.328340822100183e-05,0.35279251707864995,0.0
tain,0,0,0,0,0,0,0,0,0,0,0,0,0,0,0,1,1,-0.4588,4,1,tain,3.328340822100183e-05,0.35279251707864995,0.0
fagade,0,0,0,0,0,0,0,0,0,0,0,0,0,0,0,1,1,0.1027,6,1,fagade,3.328340822100183e-05,0.35279251707864995,0.0
foothold,1,0,0,0,0,0,0,0,0,0,0,0,0,0,0,1,1,0.1027,8,1,foothold,3.328340822100183e-05,0.35279251707864995,0.06666666666666667
obstinacy,0,0,0,0,0,0,0,0,0,0,0,0,0,0,0,1,1,-0.6486,9,1,obstinacy,3.328340822100183e-05,0.35279251707864995,0.0
