word,noun,verb,adjective,adverb,auxiliary,compositions,conjunctions,determiners,existential_determiners,modifiers,negative_quantifiers,prepositions,universal_determiners,possessive_determiners,pronouns,frequency,review_count,avg_sentiment,length,confident,resolved_word,relative_frequency,double_log_freq,participation_score,overarcing_theme
the,0,0,0,1,0,0,0,1,0,0,0,0,0,0,0,1778,514,-0.1804651856017992,3,1,the,0.1231984478935698,0.7625036403018557,0.1333333333333333,"countries, cold, us, ussr, war"
and,1,0,0,0,0,0,1,0,0,0,0,0,0,0,0,734,403,-0.0825914168937329,3,1,and,0.0508592017738359,0.7457138552360976,0.1333333333333333,"countries, cold, us, ussr, war"
of,0,0,0,0,0,0,0,0,0,0,0,1,0,0,0,649,354,-0.1336223420647147,2,1,of,0.0449695121951219,0.7431495551214262,0.0666666666666666,"countries, cold, us, ussr, war"
in,1,0,1,1,0,0,0,0,0,0,0,1,0,0,0,353,273,-0.109298583569405,2,1,in,0.0244595343680709,0.7294786794214851,0.2666666666666666,"countries, cold, us, ussr, war"
to,0,0,0,0,0,0,0,0,0,0,0,1,0,0,0,301,228,0.005397342192691,2,1,to,0.0208564301552106,0.7256012541915292,0.0666666666666666,"countries, cold, us, ussr, war"
a,1,0,0,0,0,0,0,1,1,0,0,0,0,0,0,243,195,-0.1449831275720165,1,1,a,0.0168375831485587,0.7201726905627681,0.2,"countries, cold, us, ussr, war"
us,0,0,0,0,0,0,0,0,0,0,0,0,0,0,1,235,202,-0.1407034042553191,2,1,us,0.0162832594235033,0.7192996495600339,0.0666666666666666,"countries, cold, us, ussr, war"
ussr,0,0,0,0,0,0,0,0,0,0,0,0,0,0,0,200,178,-0.1836940000000001,4,1,ussr,0.0138580931263858,0.7149977972429479,0.0,"countries, cold, us, ussr, war"
war,1,1,1,1,0,0,0,0,0,0,0,0,0,0,0,196,145,-0.6615423469387756,3,1,war,0.013580931263858,0.7144473594668377,0.2666666666666666,"countries, cold, us, ussr, war"
countries,1,0,0,0,0,0,0,0,0,0,0,0,0,0,0,135,115,-0.0081822222222222,9,1,countries,0.0093542128603104,0.7037930116945237,0.0666666666666666,"countries, cold, us, ussr, war"
cold,1,0,1,1,0,0,0,0,0,0,0,0,0,0,0,110,96,-0.6406027272727276,4,1,cold,0.0076219512195121,0.6975063903803305,0.2,"countries, cold, us, ussr, war"
on,0,0,1,1,0,0,0,0,0,0,0,1,0,0,0,101,91,-0.0803069306930693,2,1,on,0.0069983370288248,0.694786511508806,0.2,"countries, cold, us, ussr, war"
was,0,1,0,0,1,0,0,0,0,0,0,0,0,0,0,95,81,-0.1991326315789473,3,1,was,0.0065825942350332,0.6927971477338802,0.1333333333333333,"countries, cold, us, ussr, war"
between,1,0,0,1,0,0,0,0,0,0,0,0,0,0,0,93,76,-0.2887731182795698,7,1,between,0.0064440133037694,0.6920984047010715,0.1333333333333333,"countries, cold, us, ussr, war"
international,1,0,1,0,0,0,0,0,0,0,0,0,0,0,0,92,75,-0.1588130434782609,13,1,international,0.0063747228381374,0.6917418571940166,0.1333333333333333,"countries, cold, us, ussr, war"
is,0,1,0,0,1,0,0,0,0,0,0,0,0,0,0,89,70,-0.1734303370786517,2,1,is,0.0061668514412416,0.6906420386261555,0.1333333333333333,"countries, cold, us, ussr, war"
as,1,0,0,0,0,0,0,0,0,0,0,0,0,0,0,88,75,-0.0976454545454545,2,1,as,0.0060975609756097,0.6902649379933511,0.0666666666666666,"countries, cold, us, ussr, war"
world,1,0,1,0,0,0,0,0,0,0,0,0,0,0,0,85,76,-0.2219811764705881,5,1,world,0.0058896895787139,0.6891001806412381,0.1333333333333333,"countries, cold, us, ussr, war"
military,1,0,1,0,0,0,0,0,0,0,0,0,0,0,0,84,70,-0.0007404761904761,8,1,military,0.005820399113082,0.6887002699067727,0.1333333333333333,"countries, cold, us, ussr, war"
economic,0,0,1,0,0,0,0,0,0,0,0,0,0,0,0,83,65,-0.1341,8,1,economic,0.0057511086474501,0.6882942616598658,0.0666666666666666,"countries, cold, us, ussr, war"
for,0,0,0,0,0,0,1,0,0,0,0,1,0,0,0,78,75,-0.15165,3,1,for,0.0054046563192904,0.6861665279438015,0.1333333333333333,"countries, cold, us, ussr, war"
has,0,0,0,0,1,0,0,0,0,0,0,0,0,0,0,78,68,0.0318923076923077,3,1,has,0.0054046563192904,0.6861665279438015,0.0666666666666666,"countries, cold, us, ussr, war"
that,1,0,0,1,0,1,1,1,0,0,0,0,0,0,1,68,63,-0.0233132352941176,4,1,that,0.0047117516629711,0.6813369800735739,0.4,"countries, cold, us, ussr, war"
an,1,0,0,0,0,0,0,1,1,0,0,0,0,0,0,67,62,-0.0284388059701492,2,1,an,0.0046424611973392,0.6808043476166022,0.2,"countries, cold, us, ussr, war"
by,1,0,0,1,0,0,0,0,0,0,0,1,0,0,0,66,61,-0.176410606060606,2,1,by,0.0045731707317073,0.6802614307792342,0.2,"countries, cold, us, ussr, war"
with,1,0,0,0,0,0,0,0,0,0,0,1,0,0,0,63,61,-0.158879365079365,4,1,with,0.0043652993348115,0.6785672301966525,0.1333333333333333,"countries, cold, us, ussr, war"
its,1,0,0,0,0,0,0,0,0,0,0,0,0,1,0,57,52,0.1224421052631579,3,1,its,0.0039495565410199,0.6748452867147411,0.1333333333333333,"countries, cold, us, ussr, war"
eastern,0,0,1,0,0,0,0,0,0,0,0,0,0,0,0,55,48,-0.044890909090909,7,1,eastern,0.003810975609756,0.6734908190761342,0.0666666666666666,"countries, cold, us, ussr, war"
this,1,0,0,1,0,0,0,1,0,0,0,0,0,0,1,54,54,-0.1384074074074074,4,1,this,0.0037416851441241,0.6727895226904915,0.2666666666666666,"countries, cold, us, ussr, war"
soviet,1,0,1,0,0,0,0,0,0,0,0,0,0,0,0,54,51,-0.0768,6,1,soviet,0.0037416851441241,0.6727895226904915,0.1333333333333333,"countries, cold, us, ussr, war"
other,1,0,1,1,0,0,1,0,0,0,0,0,0,0,1,54,48,-0.0106018518518518,5,1,other,0.0037416851441241,0.6727895226904915,0.3333333333333333,"countries, cold, us, ussr, war"
relations,1,0,0,0,0,0,0,0,0,0,0,0,0,0,0,50,43,-0.1310819999999999,9,1,relations,0.0034645232815964,0.6698067935179771,0.0666666666666666,"countries, cold, us, ussr, war"
two,1,0,1,0,0,0,0,0,0,0,0,0,0,0,0,50,49,-0.19518,3,1,two,0.0034645232815964,0.6698067935179771,0.1333333333333333,"countries, cold, us, ussr, war"
which,1,0,0,0,0,1,0,0,0,0,0,0,0,0,1,48,47,-0.2031999999999999,5,1,which,0.0033259423503325,0.6681970379894457,0.2,"countries, cold, us, ussr, war"
s,1,0,0,0,0,0,0,0,0,0,0,0,0,0,0,48,39,-0.0719395833333333,1,1,s,0.0033259423503325,0.6681970379894457,0.0666666666666666,"countries, cold, us, ussr, war"
political,1,0,1,0,0,0,0,0,0,0,0,0,0,0,0,46,43,-0.1064695652173913,9,1,political,0.0031873614190687,0.6664978557621422,0.1333333333333333,"countries, cold, us, ussr, war"
it,1,0,0,0,0,0,0,0,0,0,0,0,0,0,1,46,41,-0.1964608695652173,2,1,it,0.0031873614190687,0.6664978557621422,0.1333333333333333,"countries, cold, us, ussr, war"
their,0,0,0,0,0,0,0,0,0,0,0,0,0,1,0,45,36,0.0185022222222222,5,1,their,0.0031180709534368,0.6656118611656676,0.0666666666666666,"countries, cold, us, ussr, war"
after,0,0,1,1,0,0,1,0,0,0,0,0,0,0,0,44,41,-0.27315,5,1,after,0.0030487804878048,0.664699894291389,0.2,"countries, cold, us, ussr, war"
from,0,0,0,0,0,0,0,0,0,0,0,1,0,0,0,44,40,-0.1900068181818182,4,1,from,0.0030487804878048,0.664699894291389,0.0666666666666666,"countries, cold, us, ussr, war"
have,0,1,0,0,1,0,0,0,0,0,0,0,0,0,0,44,38,0.0560499999999999,4,1,have,0.0030487804878048,0.664699894291389,0.1333333333333333,"countries, cold, us, ussr, war"
europe,1,0,0,0,0,0,0,0,0,0,0,0,0,0,0,43,42,-0.1790209302325581,6,1,europe,0.0029794900221729,0.6637605539783985,0.0666666666666666,"countries, cold, us, ussr, war"
european,1,0,1,0,0,0,0,0,0,0,0,0,0,0,0,43,36,-0.0004418604651162,8,1,european,0.0029794900221729,0.6637605539783985,0.1333333333333333,"countries, cold, us, ussr, war"
development,1,0,0,0,0,0,0,0,0,0,0,0,0,0,0,42,40,0.1392595238095238,11,1,development,0.002910199556541,0.6627923278454898,0.0666666666666666,"countries, cold, us, ussr, war"
doctrine,1,0,0,0,0,0,0,0,0,0,0,0,0,0,0,40,35,-0.016455,8,1,doctrine,0.0027716186252771,0.6607625402758197,0.0666666666666666,"countries, cold, us, ussr, war"
also,0,0,0,1,0,0,0,0,0,0,0,0,0,0,0,37,37,-0.2352351351351351,4,1,also,0.0025637472283813,0.6574555658168466,0.0666666666666666,"countries, cold, us, ussr, war"
at,1,0,0,0,0,0,0,0,0,0,0,1,0,0,0,37,35,-0.0552891891891892,2,1,at,0.0025637472283813,0.6574555658168466,0.1333333333333333,"countries, cold, us, ussr, war"
power,1,1,1,0,0,0,0,0,0,0,0,0,0,0,0,36,31,0.0031472222222222,5,1,power,0.0024944567627494,0.6562743313773061,0.2,"countries, cold, us, ussr, war"
had,0,0,0,0,1,0,0,0,0,0,0,0,0,0,0,36,32,-0.1425833333333333,3,1,had,0.0024944567627494,0.6562743313773061,0.0666666666666666,"countries, cold, us, ussr, war"
system,1,0,0,0,0,0,0,0,0,0,0,0,0,0,0,33,28,-0.304960606060606,6,1,system,0.0022865853658536,0.6524554708460382,0.0666666666666666,"countries, cold, us, ussr, war"
socialist,1,0,1,0,0,0,0,0,0,0,0,0,0,0,0,33,26,0.0552121212121212,9,1,socialist,0.0022865853658536,0.6524554708460382,0.1333333333333333,"countries, cold, us, ussr, war"
were,1,1,0,0,1,0,0,0,0,0,0,0,0,0,0,32,28,-0.2193875,4,1,were,0.0022172949002217,0.6510797546220851,0.2,"countries, cold, us, ussr, war"
during,0,0,0,0,0,0,0,0,0,0,0,0,0,0,0,31,30,-0.4844419354838708,6,1,during,0.0021480044345898,0.6496462468470389,0.0,"countries, cold, us, ussr, war"
important,0,0,1,0,0,0,0,0,0,0,0,0,0,0,0,31,30,0.0708419354838709,9,1,important,0.0021480044345898,0.6496462468470389,0.0666666666666666,"countries, cold, us, ussr, war"
china,1,0,1,0,0,0,0,0,0,0,0,0,0,0,0,31,28,0.0674193548387096,5,1,china,0.0021480044345898,0.6496462468470389,0.1333333333333333,"countries, cold, us, ussr, war"
global,1,0,1,0,0,0,0,0,0,0,0,0,0,0,0,31,31,-0.1089709677419355,6,1,global,0.0021480044345898,0.6496462468470389,0.1333333333333333,"countries, cold, us, ussr, war"
time,1,1,0,0,0,0,0,0,0,0,0,0,0,0,0,29,29,-0.2393172413793103,4,1,time,0.0020094235033259,0.6465873928647587,0.1333333333333333,"countries, cold, us, ussr, war"
confrontation,1,0,0,0,0,0,0,0,0,0,0,0,0,0,0,28,27,-0.6382071428571428,13,1,confrontation,0.001940133037694,0.644951443477734,0.0666666666666666,"countries, cold, us, ussr, war"
such,0,0,1,1,0,0,0,0,0,0,0,0,0,0,0,28,26,-0.1578892857142857,4,1,such,0.001940133037694,0.644951443477734,0.1333333333333333,"countries, cold, us, ussr, war"
are,1,0,0,0,1,0,0,0,0,0,0,0,0,0,0,28,24,-0.1413,3,1,are,0.001940133037694,0.644951443477734,0.1333333333333333,"countries, cold, us, ussr, war"
policy,1,0,0,0,0,0,0,0,0,0,0,0,0,0,0,28,24,0.1020428571428571,6,1,policy,0.001940133037694,0.644951443477734,0.0666666666666666,"countries, cold, us, ussr, war"
pattern,1,1,0,0,0,0,0,0,0,0,0,0,0,0,0,27,23,-0.4636555555555555,7,1,pattern,0.001870842572062,0.6432363202993117,0.1333333333333333,"countries, cold, us, ussr, war"
not,1,0,0,1,0,0,1,0,0,0,1,0,0,0,0,26,26,-0.1815923076923077,3,1,not,0.0018015521064301,0.6414349232056878,0.2666666666666666,"countries, cold, us, ussr, war"
but,1,0,0,1,0,0,1,0,0,0,0,0,0,0,0,25,25,-0.217528,3,1,but,0.0017322616407982,0.6395392040666789,0.2,"countries, cold, us, ussr, war"
been,1,0,0,0,1,0,0,0,0,0,0,0,0,0,0,24,19,-0.1270291666666666,4,1,been,0.0016629711751662,0.6375399955160673,0.1333333333333333,"countries, cold, us, ussr, war"
impact,1,1,0,0,0,0,0,0,0,0,0,0,0,0,0,23,23,-0.1717217391304348,6,1,impact,0.0015936807095343,0.6354268000766977,0.1333333333333333,"countries, cold, us, ussr, war"
cultural,0,0,1,0,0,0,0,0,0,0,0,0,0,0,0,23,19,-0.1322,8,1,cultural,0.0015936807095343,0.6354268000766977,0.0666666666666666,"countries, cold, us, ussr, war"
western,1,0,1,0,0,0,0,0,0,0,0,0,0,0,0,23,19,-0.0627869565217391,7,1,western,0.0015936807095343,0.6354268000766977,0.1333333333333333,"countries, cold, us, ussr, war"
national,1,0,1,0,0,0,0,0,0,0,0,0,0,0,0,23,21,0.1828608695652173,8,1,national,0.0015936807095343,0.6354268000766977,0.1333333333333333,"countries, cold, us, ussr, war"
interests,0,1,0,0,0,0,0,0,0,0,0,0,0,0,0,23,22,0.2580565217391304,9,1,interests,0.0015936807095343,0.6354268000766977,0.0666666666666666,"countries, cold, us, ussr, war"
major,1,1,1,0,0,0,0,0,0,0,0,0,0,0,0,23,20,-0.2945,5,1,major,0.0015936807095343,0.6354268000766977,0.2,"countries, cold, us, ussr, war"
security,1,0,0,0,0,0,0,0,0,0,0,0,0,0,0,23,22,0.1281260869565217,8,1,security,0.0015936807095343,0.6354268000766977,0.0666666666666666,"countries, cold, us, ussr, war"
these,0,0,0,0,0,0,0,1,0,0,0,0,0,0,1,22,22,0.0963454545454545,5,1,these,0.0015243902439024,0.6331875282688906,0.1333333333333333,"countries, cold, us, ussr, war"
led,1,1,1,0,0,0,0,0,0,0,0,0,0,0,0,22,17,-0.3577727272727273,3,1,led,0.0015243902439024,0.6331875282688906,0.2,"countries, cold, us, ussr, war"
arms,1,1,0,0,0,0,0,0,0,0,0,0,0,0,0,22,19,-0.2929772727272727,4,1,arms,0.0015243902439024,0.6331875282688906,0.1333333333333333,"countries, cold, us, ussr, war"
research,1,1,0,0,0,0,0,0,0,0,0,0,0,0,0,22,22,0.0714363636363636,8,1,research,0.0015243902439024,0.6331875282688906,0.1333333333333333,"countries, cold, us, ussr, war"
nuclear,0,0,1,0,0,0,0,0,0,0,0,0,0,0,0,22,19,-0.3339545454545454,7,1,nuclear,0.0015243902439024,0.6331875282688906,0.0666666666666666,"countries, cold, us, ussr, war"
large,1,0,1,1,0,0,0,0,0,0,0,0,0,0,0,22,22,-0.07515,5,1,large,0.0015243902439024,0.6331875282688906,0.2,"countries, cold, us, ussr, war"
against,0,0,0,0,0,0,1,0,0,0,0,0,0,0,0,21,20,-0.2845714285714286,7,1,against,0.0014550997782705,0.6308081703830098,0.0666666666666666,"countries, cold, us, ussr, war"
cooperation,1,0,0,0,0,0,0,0,0,0,0,0,0,0,0,21,19,0.2715666666666667,11,1,cooperation,0.0014550997782705,0.6308081703830098,0.0666666666666666,"countries, cold, us, ussr, war"
end,1,1,0,0,0,0,0,0,0,0,0,0,0,0,0,21,21,-0.3342952380952381,3,1,end,0.0014550997782705,0.6308081703830098,0.1333333333333333,"countries, cold, us, ussr, war"
plan,1,1,0,0,0,0,0,0,0,0,0,0,0,0,0,21,17,-0.115547619047619,4,1,plan,0.0014550997782705,0.6308081703830098,0.1333333333333333,"countries, cold, us, ussr, war"
technology,1,0,0,0,0,0,0,0,0,0,0,0,0,0,0,21,14,0.0114761904761904,10,1,technology,0.0014550997782705,0.6308081703830098,0.0666666666666666,"countries, cold, us, ussr, war"
more,1,0,1,1,0,0,0,0,0,0,0,0,0,0,0,20,19,-0.29989,4,1,more,0.0013858093126385,0.6282723810177272,0.2,"countries, cold, us, ussr, war"
afghanistan,1,0,0,0,0,0,0,0,0,0,0,0,0,0,0,20,16,-0.28941,11,1,afghanistan,0.0013858093126385,0.6282723810177272,0.0666666666666666,"countries, cold, us, ussr, war"
new,0,0,1,1,0,0,0,0,0,0,0,0,0,0,0,20,20,-0.19298,3,1,new,0.0013858093126385,0.6282723810177272,0.1333333333333333,"countries, cold, us, ussr, war"
asia,1,0,0,0,0,0,0,0,0,0,0,0,0,0,0,20,18,-0.0846099999999999,4,1,asia,0.0013858093126385,0.6282723810177272,0.0666666666666666,"countries, cold, us, ussr, war"
missile,1,0,0,0,0,0,0,0,0,0,0,0,0,0,0,20,17,-0.22275,7,1,missile,0.0013858093126385,0.6282723810177272,0.0666666666666666,"countries, cold, us, ussr, war"
issue,1,1,0,0,0,0,0,0,0,0,0,0,0,0,0,19,19,-0.0530315789473684,5,1,issue,0.0013165188470066,0.6255609474815194,0.1333333333333333,"countries, cold, us, ussr, war"
ii,0,0,0,0,0,0,0,0,0,0,0,0,0,0,0,19,18,-0.6337052631578948,2,0,ii,0.0013165188470066,0.6255609474815194,0.0,"countries, cold, us, ussr, war"
missiles,1,0,0,0,0,0,0,0,0,0,0,0,0,0,0,19,16,-0.1866578947368421,8,1,missiles,0.0013165188470066,0.6255609474815194,0.0666666666666666,"countries, cold, us, ussr, war"
strategic,0,0,1,0,0,0,0,0,0,0,0,0,0,0,0,19,18,-0.1375947368421052,9,1,strategic,0.0013165188470066,0.6255609474815194,0.0666666666666666,"countries, cold, us, ussr, war"
sides,1,1,0,0,0,0,0,0,0,0,0,0,0,0,0,19,18,-0.3034631578947368,5,1,sides,0.0013165188470066,0.6255609474815194,0.1333333333333333,"countries, cold, us, ussr, war"
foreign,1,0,1,0,0,0,0,0,0,0,0,0,0,0,0,18,17,0.02025,7,1,foreign,0.0012472283813747,0.6226511014835566,0.1333333333333333,"countries, cold, us, ussr, war"
advances,1,1,0,0,0,0,0,0,0,0,0,0,0,0,0,18,18,-0.0064111111111111,8,1,advances,0.0012472283813747,0.6226511014835566,0.1333333333333333,"countries, cold, us, ussr, war"
certain,0,0,1,1,0,0,0,0,1,0,0,0,0,0,0,18,16,0.1306,7,1,certain,0.0012472283813747,0.6226511014835566,0.2,"countries, cold, us, ussr, war"
crisis,1,0,0,0,0,0,0,0,0,0,0,0,0,0,0,18,16,-0.7299444444444443,6,1,crisis,0.0012472283813747,0.6226511014835566,0.0666666666666666,"countries, cold, us, ussr, war"
affairs,1,0,0,0,0,0,0,0,0,0,0,0,0,0,0,17,17,0.2129529411764705,7,1,affairs,0.0011779379157427,0.6195156162140293,0.0666666666666666,"countries, cold, us, ussr, war"
vol,1,0,0,0,0,0,0,0,0,0,0,0,0,0,0,17,17,0.0,3,1,vol,0.0011779379157427,0.6195156162140293,0.0666666666666666,"countries, cold, us, ussr, war"
warsaw,1,0,0,0,0,0,0,0,0,0,0,0,0,0,0,17,14,-0.1462235294117647,6,1,warsaw,0.0011779379157427,0.6195156162140293,0.0666666666666666,"countries, cold, us, ussr, war"
nato,0,0,0,0,0,0,0,0,0,0,0,0,0,0,0,17,16,-0.1493058823529411,4,1,nato,0.0011779379157427,0.6195156162140293,0.0,"countries, cold, us, ussr, war"
diplomatic,0,0,1,0,0,0,0,0,0,0,0,0,0,0,0,17,16,0.1409470588235294,10,1,diplomatic,0.0011779379157427,0.6195156162140293,0.0666666666666666,"countries, cold, us, ussr, war"
many,1,0,1,0,0,0,0,0,0,0,0,0,0,0,1,17,17,-0.3183882352941177,4,1,many,0.0011779379157427,0.6195156162140293,0.2,"countries, cold, us, ussr, war"
economy,1,0,0,0,0,0,0,0,0,0,0,0,0,0,0,17,17,0.0824705882352941,7,1,economy,0.0011779379157427,0.6195156162140293,0.0666666666666666,"countries, cold, us, ussr, war"
berlin,1,0,0,0,0,0,0,0,0,0,0,0,0,0,0,17,11,-0.2656352941176471,6,1,berlin,0.0011779379157427,0.6195156162140293,0.0666666666666666,"countries, cold, us, ussr, war"
each,1,0,1,1,0,0,0,0,0,0,0,0,1,0,1,17,16,0.0503823529411764,4,1,each,0.0011779379157427,0.6195156162140293,0.3333333333333333,"countries, cold, us, ussr, war"
one,1,0,1,0,0,0,0,0,1,0,0,0,0,0,1,17,17,-0.163035294117647,3,1,one,0.0011779379157427,0.6195156162140293,0.2666666666666666,"countries, cold, us, ussr, war"
century,1,0,0,0,0,0,0,0,0,0,0,0,0,0,0,17,17,-0.0840941176470588,7,1,century,0.0011779379157427,0.6195156162140293,0.0666666666666666,"countries, cold, us, ussr, war"
humanities,0,0,0,0,0,0,0,0,0,0,0,0,0,0,0,17,17,0.0,10,1,humanities,0.0011779379157427,0.6195156162140293,0.0,"countries, cold, us, ussr, war"
strategy,1,0,0,0,0,0,0,0,0,0,0,0,0,0,0,16,15,-0.310175,8,1,strategy,0.0011086474501108,0.6161216046825284,0.0666666666666666,"countries, cold, us, ussr, war"
or,0,0,0,0,0,0,1,0,0,0,0,0,0,0,0,16,13,-0.25235,2,1,or,0.0011086474501108,0.6161216046825284,0.0666666666666666,"countries, cold, us, ussr, war"
vietnam,1,0,0,0,0,0,0,0,0,0,0,0,0,0,0,16,15,-0.44726875,7,1,vietnam,0.0011086474501108,0.6161216046825284,0.0666666666666666,"countries, cold, us, ussr, war"
they,0,0,0,0,0,0,0,0,0,0,0,0,0,0,1,16,14,0.27630625,4,1,they,0.0011086474501108,0.6161216046825284,0.0666666666666666,"countries, cold, us, ussr, war"
reform,1,1,0,0,0,0,0,0,0,0,0,0,0,0,0,16,14,-0.126025,6,1,reform,0.0011086474501108,0.6161216046825284,0.1333333333333333,"countries, cold, us, ussr, war"
both,0,0,1,0,0,0,1,0,0,0,0,0,0,0,1,16,15,-0.00758125,4,1,both,0.0011086474501108,0.6161216046825284,0.2,"countries, cold, us, ussr, war"
reagan,1,0,0,0,0,0,0,0,0,0,0,0,0,0,0,16,13,-0.04145625,6,1,reagan,0.0011086474501108,0.6161216046825284,0.0666666666666666,"countries, cold, us, ussr, war"
made,1,1,1,0,0,0,0,0,0,0,0,0,0,0,0,16,16,0.0764875,4,1,made,0.0011086474501108,0.6161216046825284,0.2,"countries, cold, us, ussr, war"
pact,1,0,0,0,0,0,0,0,0,0,0,0,0,0,0,16,14,-0.203525,4,1,pact,0.0011086474501108,0.6161216046825284,0.0666666666666666,"countries, cold, us, ussr, war"
there,1,0,0,1,0,0,0,0,0,0,0,0,0,0,0,16,14,-0.2747375,5,1,there,0.0011086474501108,0.6161216046825284,0.1333333333333333,"countries, cold, us, ussr, war"
out,1,1,1,1,0,0,0,0,0,0,0,0,0,0,0,15,15,-0.2782533333333333,3,1,out,0.0010393569844789,0.6124288945957818,0.2666666666666666,"countries, cold, us, ussr, war"
example,1,0,0,0,0,0,0,0,0,0,0,0,0,0,0,15,15,-0.3006066666666667,7,1,example,0.0010393569844789,0.6124288945957818,0.0666666666666666,"countries, cold, us, ussr, war"
east,1,0,1,1,0,0,0,0,0,0,0,0,0,0,0,15,13,-0.18906,4,1,east,0.0010393569844789,0.6124288945957818,0.2,"countries, cold, us, ussr, war"
th,0,0,0,0,0,0,0,0,0,0,0,0,0,0,0,15,15,-0.0964933333333333,2,0,th,0.0010393569844789,0.6124288945957818,0.0,"countries, cold, us, ussr, war"
camp,1,1,1,0,0,0,0,0,0,0,0,0,0,0,0,15,10,-0.3430666666666667,4,1,camp,0.0010393569844789,0.6124288945957818,0.2,"countries, cold, us, ussr, war"
period,1,0,0,0,0,0,0,0,0,0,0,0,0,0,0,15,15,-0.0873733333333333,6,1,period,0.0010393569844789,0.6124288945957818,0.0666666666666666,"countries, cold, us, ussr, war"
state,1,1,1,0,0,0,0,0,0,0,0,0,0,0,0,15,15,-0.2777599999999999,5,1,state,0.0010393569844789,0.6124288945957818,0.2,"countries, cold, us, ussr, war"
early,1,0,1,1,0,0,0,0,0,0,0,0,0,0,0,15,14,-0.2703133333333333,5,1,early,0.0010393569844789,0.6124288945957818,0.2,"countries, cold, us, ussr, war"
carter,1,0,0,0,0,0,0,0,0,0,0,0,0,0,0,15,12,-0.0032666666666666,6,1,carter,0.0010393569844789,0.6124288945957818,0.0666666666666666,"countries, cold, us, ussr, war"
through,1,0,1,1,0,0,0,0,0,0,0,0,0,0,0,15,15,0.1314333333333333,7,1,through,0.0010393569844789,0.6124288945957818,0.2,"countries, cold, us, ussr, war"
influence,1,1,0,0,0,0,0,0,0,0,0,0,0,0,0,15,14,-0.00912,9,1,influence,0.0010393569844789,0.6124288945957818,0.1333333333333333,"countries, cold, us, ussr, war"
changes,1,1,0,0,0,0,0,0,0,0,0,0,0,0,0,14,14,-0.1603642857142857,7,1,changes,0.000970066518847,0.6083877907186052,0.1333333333333333,"countries, cold, us, ussr, war"
long,1,0,1,1,0,0,0,0,0,0,0,0,0,0,0,14,14,-0.626992857142857,4,1,long,0.000970066518847,0.6083877907186052,0.2,"countries, cold, us, ussr, war"
nixon,1,0,0,0,0,0,0,0,0,0,0,0,0,0,0,14,11,0.1745,5,1,nixon,0.000970066518847,0.6083877907186052,0.0666666666666666,"countries, cold, us, ussr, war"
established,0,1,1,0,0,0,0,0,0,0,0,0,0,0,0,14,14,-0.2049285714285714,11,1,established,0.000970066518847,0.6083877907186052,0.1333333333333333,"countries, cold, us, ussr, war"
race,1,1,0,0,0,0,0,0,0,0,0,0,0,0,0,14,13,-0.3059428571428571,4,1,race,0.000970066518847,0.6083877907186052,0.1333333333333333,"countries, cold, us, ussr, war"
people,1,1,0,0,0,0,0,0,0,0,0,0,0,0,0,14,14,0.1280928571428572,6,1,people,0.000970066518847,0.6083877907186052,0.1333333333333333,"countries, cold, us, ussr, war"
country,1,0,1,0,0,0,0,0,0,0,0,0,0,0,0,14,12,0.25325,7,1,country,0.000970066518847,0.6083877907186052,0.1333333333333333,"countries, cold, us, ussr, war"
order,1,1,0,0,0,0,0,0,0,0,0,0,0,0,0,14,13,-0.3030571428571428,5,1,order,0.000970066518847,0.6083877907186052,0.1333333333333333,"countries, cold, us, ussr, war"
role,1,0,0,0,0,0,0,0,0,0,0,0,0,0,0,14,13,0.2408428571428571,4,1,role,0.000970066518847,0.6083877907186052,0.0666666666666666,"countries, cold, us, ussr, war"
control,1,1,0,0,0,0,0,0,0,0,0,0,0,0,0,14,13,0.0139642857142857,7,1,control,0.000970066518847,0.6083877907186052,0.1333333333333333,"countries, cold, us, ussr, war"
force,1,1,0,0,0,0,0,0,0,0,0,0,0,0,0,14,12,-0.0710571428571428,5,1,force,0.000970066518847,0.6083877907186052,0.1333333333333333,"countries, cold, us, ussr, war"
treaty,1,0,0,0,0,0,0,0,0,0,0,0,0,0,0,14,11,-0.2407071428571428,6,1,treaty,0.000970066518847,0.6083877907186052,0.0666666666666666,"countries, cold, us, ussr, war"
position,1,1,0,0,0,0,0,0,0,0,0,0,0,0,0,14,14,-0.0522571428571428,8,1,position,0.000970066518847,0.6083877907186052,0.1333333333333333,"countries, cold, us, ussr, war"
scale,1,1,0,0,0,0,0,0,0,0,0,0,0,0,0,14,13,-0.4633071428571429,5,1,scale,0.000970066518847,0.6083877907186052,0.1333333333333333,"countries, cold, us, ussr, war"
since,0,0,0,1,0,0,1,0,0,0,0,0,0,0,0,14,14,0.0048071428571428,5,1,since,0.000970066518847,0.6083877907186052,0.1333333333333333,"countries, cold, us, ussr, war"
situation,1,0,0,0,0,0,0,0,0,0,0,0,0,0,0,14,14,-0.2269214285714286,9,1,situation,0.000970066518847,0.6083877907186052,0.0666666666666666,"countries, cold, us, ussr, war"
wars,0,1,0,0,0,0,0,0,0,0,0,0,0,0,0,13,13,-0.5370769230769231,4,1,wars,0.000900776053215,0.6039359308784116,0.0666666666666666,"countries, cold, us, ussr, war"
gradually,0,0,0,1,0,0,0,0,0,0,0,0,0,0,0,13,13,-0.1744307692307692,9,1,gradually,0.000900776053215,0.6039359308784116,0.0666666666666666,"countries, cold, us, ussr, war"
will,1,1,0,0,0,0,0,0,0,1,0,0,0,0,0,13,10,0.0729307692307692,4,1,will,0.000900776053215,0.6039359308784116,0.2,"countries, cold, us, ussr, war"
great,1,0,1,1,0,0,0,0,0,0,0,0,0,0,0,13,11,0.2342076923076922,5,1,great,0.000900776053215,0.6039359308784116,0.2,"countries, cold, us, ussr, war"
systems,1,0,0,0,0,0,0,0,0,0,0,0,0,0,0,13,12,-0.3432307692307693,7,1,systems,0.000900776053215,0.6039359308784116,0.0666666666666666,"countries, cold, us, ussr, war"
series,1,0,0,0,0,0,0,0,0,0,0,0,0,0,0,13,12,-0.1295923076923077,6,1,series,0.000900776053215,0.6039359308784116,0.0666666666666666,"countries, cold, us, ussr, war"
u,1,0,1,0,0,0,0,0,0,0,0,0,0,0,0,13,13,-0.1281384615384615,1,1,u,0.000900776053215,0.6039359308784116,0.1333333333333333,"countries, cold, us, ussr, war"
establishment,1,0,0,0,0,0,0,0,0,0,0,0,0,0,0,13,12,0.2122846153846153,13,1,establishment,0.000900776053215,0.6039359308784116,0.0666666666666666,"countries, cold, us, ussr, war"
sino,0,0,0,0,0,0,0,0,0,0,0,0,0,0,0,13,10,-0.0725,4,1,sino,0.000900776053215,0.6039359308784116,0.0,"countries, cold, us, ussr, war"
nations,1,0,0,0,0,0,0,0,0,0,0,0,0,0,0,13,12,-0.0438615384615384,7,1,nations,0.000900776053215,0.6039359308784116,0.0666666666666666,"countries, cold, us, ussr, war"
forces,1,1,0,0,0,0,0,0,0,0,0,0,0,0,0,13,12,-0.142776923076923,6,1,forces,0.000900776053215,0.6039359308784116,0.1333333333333333,"countries, cold, us, ussr, war"
extent,1,0,0,0,0,0,0,0,0,0,0,0,0,0,0,13,13,0.1909230769230769,6,1,extent,0.000900776053215,0.6039359308784116,0.0666666666666666,"countries, cold, us, ussr, war"
means,1,1,0,0,0,0,0,0,0,0,0,0,0,0,0,12,11,-0.1692999999999999,5,1,means,0.0008314855875831,0.5989937658314455,0.1333333333333333,"countries, cold, us, ussr, war"
exchanges,1,1,0,0,0,0,0,0,0,0,0,0,0,0,0,12,11,0.0739583333333332,9,1,exchanges,0.0008314855875831,0.5989937658314455,0.1333333333333333,"countries, cold, us, ussr, war"
collapse,1,1,0,0,0,0,0,0,0,0,0,0,0,0,0,12,12,-0.4839916666666666,8,1,collapse,0.0008314855875831,0.5989937658314455,0.1333333333333333,"countries, cold, us, ussr, war"
some,0,0,1,1,0,0,0,0,1,0,0,0,0,0,1,12,12,-0.1303583333333333,4,1,some,0.0008314855875831,0.5989937658314455,0.2666666666666666,"countries, cold, us, ussr, war"
marshall,1,0,0,0,0,0,0,0,0,0,0,0,0,0,0,12,11,-0.1395499999999999,8,1,marshall,0.0008314855875831,0.5989937658314455,0.0666666666666666,"countries, cold, us, ussr, war"
states,1,1,0,0,0,0,0,0,0,0,0,0,0,0,0,12,12,-0.1220916666666667,6,1,states,0.0008314855875831,0.5989937658314455,0.1333333333333333,"countries, cold, us, ussr, war"
strength,1,0,0,0,0,0,0,0,0,0,0,0,0,0,0,12,12,0.4087749999999999,8,1,strength,0.0008314855875831,0.5989937658314455,0.0666666666666666,"countries, cold, us, ussr, war"
all,0,0,1,1,0,0,1,0,0,0,0,0,1,0,1,12,12,0.0899916666666666,3,1,all,0.0008314855875831,0.5989937658314455,0.3333333333333333,"countries, cold, us, ussr, war"
high,1,0,1,1,0,0,0,0,0,0,0,0,0,0,0,12,11,-0.3571416666666667,4,1,high,0.0008314855875831,0.5989937658314455,0.2,"countries, cold, us, ussr, war"
under,0,0,1,1,0,0,0,0,0,0,0,1,0,0,0,12,12,-0.274625,5,1,under,0.0008314855875831,0.5989937658314455,0.2,"countries, cold, us, ussr, war"
social,1,0,1,0,0,0,0,0,0,0,0,0,0,0,0,12,12,-0.2247166666666666,6,1,social,0.0008314855875831,0.5989937658314455,0.1333333333333333,"countries, cold, us, ussr, war"
be,0,1,0,0,1,0,0,0,0,0,0,0,0,0,0,12,11,0.224475,2,1,be,0.0008314855875831,0.5989937658314455,0.1333333333333333,"countries, cold, us, ussr, war"
camps,1,1,0,0,0,0,0,0,0,0,0,0,0,0,0,12,12,-0.3424,5,1,camps,0.0008314855875831,0.5989937658314455,0.1333333333333333,"countries, cold, us, ussr, war"
american,1,0,1,0,0,0,0,0,0,0,0,0,0,0,0,12,11,0.3315583333333333,8,1,american,0.0008314855875831,0.5989937658314455,0.1333333333333333,"countries, cold, us, ussr, war"
historical,1,0,1,0,0,0,0,0,0,0,0,0,0,0,0,12,11,-0.1004583333333333,10,1,historical,0.0008314855875831,0.5989937658314455,0.1333333333333333,"countries, cold, us, ussr, war"
balance,1,1,0,0,0,0,0,0,0,0,0,0,0,0,0,12,9,0.22965,7,1,balance,0.0008314855875831,0.5989937658314455,0.1333333333333333,"countries, cold, us, ussr, war"
communist,1,0,1,0,0,0,0,0,0,0,0,0,0,0,0,12,11,0.0478916666666666,9,1,communist,0.0008314855875831,0.5989937658314455,0.1333333333333333,"countries, cold, us, ussr, war"
north,1,0,1,1,0,0,0,0,0,0,0,0,0,0,0,12,10,-0.0239833333333333,5,1,north,0.0008314855875831,0.5989937658314455,0.2,"countries, cold, us, ussr, war"
ussr's,0,0,0,0,0,0,0,0,0,0,0,0,0,0,0,12,11,-0.3242416666666666,6,1,ussr's,0.0008314855875831,0.5989937658314455,0.0,"countries, cold, us, ussr, war"
began,0,1,0,0,0,0,0,0,0,0,0,0,0,0,0,12,11,-0.0139999999999999,5,1,began,0.0008314855875831,0.5989937658314455,0.0666666666666666,"countries, cold, us, ussr, war"
should,1,0,0,0,0,0,0,0,0,1,0,0,0,0,0,12,11,0.50075,6,1,should,0.0008314855875831,0.5989937658314455,0.1333333333333333,"countries, cold, us, ussr, war"
conflict,1,1,0,0,0,0,0,0,0,0,0,0,0,0,0,12,12,-0.3984166666666667,8,1,conflict,0.0008314855875831,0.5989937658314455,0.1333333333333333,"countries, cold, us, ussr, war"
third,1,0,1,1,0,0,0,0,0,0,0,0,0,0,0,12,12,-0.1047416666666666,5,1,third,0.0008314855875831,0.5989937658314455,0.2,"countries, cold, us, ussr, war"
stability,1,0,0,0,0,0,0,0,0,0,0,0,0,0,0,11,11,0.2849818181818181,9,1,stability,0.0007621951219512,0.5934578873666095,0.0666666666666666,"countries, cold, us, ussr, war"
west,1,0,1,1,0,0,0,0,0,0,0,0,0,0,0,11,11,-0.0026636363636363,4,1,west,0.0007621951219512,0.5934578873666095,0.2,"countries, cold, us, ussr, war"
resources,1,0,0,0,0,0,0,0,0,0,0,0,0,0,0,11,11,-0.1792272727272727,9,1,resources,0.0007621951219512,0.5934578873666095,0.0666666666666666,"countries, cold, us, ussr, war"
independence,1,0,0,0,0,0,0,0,0,0,0,0,0,0,0,11,10,0.1999454545454545,12,1,independence,0.0007621951219512,0.5934578873666095,0.0666666666666666,"countries, cold, us, ussr, war"
based,0,1,1,0,0,0,0,0,0,0,0,0,0,0,0,11,11,-0.0633545454545454,5,1,based,0.0007621951219512,0.5934578873666095,0.1333333333333333,"countries, cold, us, ussr, war"
socialism,1,0,0,0,0,0,0,0,0,0,0,0,0,0,0,11,11,-0.0235090909090909,9,1,socialism,0.0007621951219512,0.5934578873666095,0.0666666666666666,"countries, cold, us, ussr, war"
only,1,0,1,1,0,0,1,0,0,0,0,0,0,0,0,11,11,0.0770272727272727,4,1,only,0.0007621951219512,0.5934578873666095,0.2666666666666666,"countries, cold, us, ussr, war"
central,1,0,1,0,0,0,0,0,0,0,0,0,0,0,0,11,11,-0.0493818181818181,7,1,central,0.0007621951219512,0.5934578873666095,0.1333333333333333,"countries, cold, us, ussr, war"
into,0,0,0,0,0,0,0,0,0,0,0,1,0,0,0,11,11,-0.3513454545454545,4,1,into,0.0007621951219512,0.5934578873666095,0.0666666666666666,"countries, cold, us, ussr, war"
he,1,0,0,0,0,0,0,0,0,0,0,0,0,0,1,11,11,-0.1509454545454545,2,1,he,0.0007621951219512,0.5934578873666095,0.1333333333333333,"countries, cold, us, ussr, war"
capitalist,1,0,1,0,0,0,0,0,0,0,0,0,0,0,0,11,11,-0.2586272727272727,10,1,capitalist,0.0007621951219512,0.5934578873666095,0.1333333333333333,"countries, cold, us, ussr, war"
competition,1,0,0,0,0,0,0,0,0,0,0,0,0,0,0,11,9,-0.4528727272727273,11,1,competition,0.0007621951219512,0.5934578873666095,0.0666666666666666,"countries, cold, us, ussr, war"
https,0,0,0,0,0,0,0,0,0,0,0,0,0,0,0,11,11,0.0400363636363636,5,1,https,0.0007621951219512,0.5934578873666095,0.0,"countries, cold, us, ussr, war"
became,0,1,0,0,0,0,0,0,0,0,0,0,0,0,0,11,10,-0.021590909090909,6,1,became,0.0007621951219512,0.5934578873666095,0.0666666666666666,"countries, cold, us, ussr, war"
movement,1,0,0,0,0,0,0,0,0,0,0,0,0,0,0,10,10,0.0074299999999999,8,1,movement,0.0006929046563192,0.5871908758202614,0.0666666666666666,"countries, cold, us, ussr, war"
etc,0,0,0,0,0,0,0,0,0,0,0,0,0,0,0,10,10,0.06914,3,1,etc,0.0006929046563192,0.5871908758202614,0.0,"countries, cold, us, ussr, war"
superpowers,1,0,0,0,0,0,0,0,0,0,0,0,0,0,0,10,9,-0.07715,11,1,superpowers,0.0006929046563192,0.5871908758202614,0.0666666666666666,"countries, cold, us, ussr, war"
yalta,1,0,0,0,0,0,0,0,0,0,0,0,0,0,0,10,7,-0.7140899999999999,5,1,yalta,0.0006929046563192,0.5871908758202614,0.0666666666666666,"countries, cold, us, ussr, war"
sovereignty,1,0,0,0,0,0,0,0,0,0,0,0,0,0,0,10,9,-0.1099599999999999,11,1,sovereignty,0.0006929046563192,0.5871908758202614,0.0666666666666666,"countries, cold, us, ussr, war"
assistance,1,0,0,0,0,0,0,0,0,0,0,0,0,0,0,10,9,0.24527,10,1,assistance,0.0006929046563192,0.5871908758202614,0.0666666666666666,"countries, cold, us, ussr, war"
program,1,1,0,0,0,0,0,0,0,0,0,0,0,0,0,10,10,-0.02976,7,1,program,0.0006929046563192,0.5871908758202614,0.1333333333333333,"countries, cold, us, ussr, war"
support,1,1,0,0,0,0,0,0,0,0,0,0,0,0,0,10,10,0.3571,7,1,support,0.0006929046563192,0.5871908758202614,0.1333333333333333,"countries, cold, us, ussr, war"
any,0,0,1,1,0,0,0,0,0,0,0,0,1,0,1,10,8,-0.3337599999999999,3,1,any,0.0006929046563192,0.5871908758202614,0.2666666666666666,"countries, cold, us, ussr, war"
peaceful,0,0,1,0,0,0,0,0,0,0,0,0,0,0,0,10,10,0.6324699999999999,8,1,peaceful,0.0006929046563192,0.5871908758202614,0.0666666666666666,"countries, cold, us, ussr, war"
korean,1,0,1,0,0,0,0,0,0,0,0,0,0,0,0,10,8,-0.6054999999999999,6,1,korean,0.0006929046563192,0.5871908758202614,0.1333333333333333,"countries, cold, us, ussr, war"
germany,1,0,0,0,0,0,0,0,0,0,0,0,0,0,0,10,10,-0.2733,7,1,germany,0.0006929046563192,0.5871908758202614,0.0666666666666666,"countries, cold, us, ussr, war"
further,0,0,1,1,0,0,0,0,0,0,0,0,0,0,0,10,10,-0.2886499999999999,7,1,further,0.0006929046563192,0.5871908758202614,0.1333333333333333,"countries, cold, us, ussr, war"
theory,1,0,0,0,0,0,0,0,0,0,0,0,0,0,0,9,9,0.0017999999999999,6,1,theory,0.0006236141906873,0.5800052903735844,0.0666666666666666,"countries, cold, us, ussr, war"
gulf,1,0,0,0,0,0,0,0,0,0,0,0,0,0,0,9,7,-0.0092111111111111,4,1,gulf,0.0006236141906873,0.5800052903735844,0.0666666666666666,"countries, cold, us, ussr, war"
ideological,0,0,1,0,0,0,0,0,0,0,0,0,0,0,0,9,8,-0.2275444444444444,11,1,ideological,0.0006236141906873,0.5800052903735844,0.0666666666666666,"countries, cold, us, ussr, war"
landscape,1,1,0,0,0,0,0,0,0,0,0,0,0,0,0,9,9,0.0475,9,1,landscape,0.0006236141906873,0.5800052903735844,0.1333333333333333,"countries, cold, us, ussr, war"
weapons,1,0,0,0,0,0,0,0,0,0,0,0,0,0,0,9,9,-0.3123666666666667,7,1,weapons,0.0006236141906873,0.5800052903735844,0.0666666666666666,"countries, cold, us, ussr, war"
significant,1,0,1,0,0,0,0,0,0,0,0,0,0,0,0,9,9,-0.0426555555555555,11,1,significant,0.0006236141906873,0.5800052903735844,0.1333333333333333,"countries, cold, us, ussr, war"
own,0,1,1,0,0,0,0,0,0,0,0,0,0,0,0,9,8,0.1118444444444444,3,1,own,0.0006236141906873,0.5800052903735844,0.1333333333333333,"countries, cold, us, ussr, war"
non,0,0,1,0,0,0,0,0,0,0,0,0,0,0,0,9,8,0.2786888888888889,3,1,non,0.0006236141906873,0.5800052903735844,0.0666666666666666,"countries, cold, us, ussr, war"
emerged,0,1,0,0,0,0,0,0,0,0,0,0,0,0,0,9,8,-0.3707,7,1,emerged,0.0006236141906873,0.5800052903735844,0.0666666666666666,"countries, cold, us, ussr, war"
second,1,1,1,1,0,0,0,0,0,0,0,0,0,0,0,9,8,-0.4494777777777778,6,1,second,0.0006236141906873,0.5800052903735844,0.2666666666666666,"countries, cold, us, ussr, war"
well,1,1,1,1,0,0,0,0,0,0,0,0,0,0,0,9,9,0.2092222222222222,4,1,well,0.0006236141906873,0.5800052903735844,0.2666666666666666,"countries, cold, us, ussr, war"
forward,1,1,1,1,0,0,0,0,0,0,0,0,0,0,0,9,9,0.4075111111111111,7,1,forward,0.0006236141906873,0.5800052903735844,0.2666666666666666,"countries, cold, us, ussr, war"
region,1,0,0,0,0,0,0,0,0,0,0,0,0,0,0,9,7,0.3162111111111111,6,1,region,0.0006236141906873,0.5800052903735844,0.0666666666666666,"countries, cold, us, ussr, war"
peace,1,0,0,0,0,0,0,0,0,0,0,0,0,0,0,9,9,0.5020222222222223,5,1,peace,0.0006236141906873,0.5800052903735844,0.0666666666666666,"countries, cold, us, ussr, war"
defense,1,0,0,0,0,0,0,0,0,0,0,0,0,0,0,9,9,0.1515444444444444,7,1,defense,0.0006236141906873,0.5800052903735844,0.0666666666666666,"countries, cold, us, ussr, war"
so,1,0,0,1,0,0,1,0,0,0,0,0,0,0,0,9,8,0.0580333333333333,2,1,so,0.0006236141906873,0.5800052903735844,0.2,"countries, cold, us, ussr, war"
president,1,0,0,0,0,0,0,0,0,0,0,0,0,0,0,9,8,-0.1174222222222222,9,1,president,0.0006236141906873,0.5800052903735844,0.0666666666666666,"countries, cold, us, ussr, war"
truman,1,0,0,0,0,0,0,0,0,0,0,0,0,0,0,9,7,-0.2282777777777777,6,1,truman,0.0006236141906873,0.5800052903735844,0.0666666666666666,"countries, cold, us, ussr, war"
including,0,1,0,0,0,0,0,0,0,0,0,0,0,0,0,9,9,0.0138111111111111,9,1,including,0.0006236141906873,0.5800052903735844,0.0666666666666666,"countries, cold, us, ussr, war"
take,1,1,0,0,0,0,0,0,0,0,0,0,0,0,0,9,9,-0.2484222222222222,4,1,take,0.0006236141906873,0.5800052903735844,0.1333333333333333,"countries, cold, us, ussr, war"
cuba,1,0,0,0,0,0,0,0,0,0,0,0,0,0,0,9,7,-0.1059888888888889,4,1,cuba,0.0006236141906873,0.5800052903735844,0.0666666666666666,"countries, cold, us, ussr, war"
gorbachev,1,0,0,0,0,0,0,0,0,0,0,0,0,0,0,9,9,-0.1497555555555555,9,1,gorbachev,0.0006236141906873,0.5800052903735844,0.0666666666666666,"countries, cold, us, ussr, war"
over,1,0,1,1,0,0,0,0,0,0,0,1,0,0,0,9,9,-0.1675666666666667,4,1,over,0.0006236141906873,0.5800052903735844,0.2666666666666666,"countries, cold, us, ussr, war"
independent,1,0,1,0,0,0,0,0,0,0,0,0,0,0,0,9,8,0.2430888888888889,11,1,independent,0.0006236141906873,0.5800052903735844,0.1333333333333333,"countries, cold, us, ussr, war"
anti,1,0,1,0,0,0,0,0,0,0,0,0,0,0,0,9,8,-0.2314222222222222,4,1,anti,0.0006236141906873,0.5800052903735844,0.1333333333333333,"countries, cold, us, ussr, war"
space,1,1,0,0,0,0,0,0,0,0,0,0,0,0,0,9,8,-0.2300666666666666,5,1,space,0.0006236141906873,0.5800052903735844,0.1333333333333333,"countries, cold, us, ussr, war"
struggle,1,1,0,0,0,0,0,0,0,0,0,0,0,0,0,9,9,-0.5117222222222222,8,1,struggle,0.0006236141906873,0.5800052903735844,0.1333333333333333,"countries, cold, us, ussr, war"
trade,1,1,1,0,0,0,0,0,0,0,0,0,0,0,0,9,9,0.0167777777777777,5,1,trade,0.0006236141906873,0.5800052903735844,0.2,"countries, cold, us, ussr, war"
brezhnev,1,0,0,0,0,0,0,0,0,0,0,0,0,0,0,9,7,-0.0729,8,1,brezhnev,0.0006236141906873,0.5800052903735844,0.0666666666666666,"countries, cold, us, ussr, war"
promoted,0,1,0,0,0,0,0,0,0,0,0,0,0,0,0,9,9,0.3207666666666666,8,1,promoted,0.0006236141906873,0.5800052903735844,0.0666666666666666,"countries, cold, us, ussr, war"
model,1,1,1,0,0,0,0,0,0,0,0,0,0,0,0,9,5,-0.1367111111111111,5,1,model,0.0006236141906873,0.5800052903735844,0.2,"countries, cold, us, ussr, war"
org,0,0,0,0,0,0,0,0,0,0,0,0,0,0,0,9,9,0.0,3,1,org,0.0006236141906873,0.5800052903735844,0.0,"countries, cold, us, ussr, war"
influenced,0,1,0,0,0,0,0,0,0,0,0,0,0,0,0,8,8,0.2231375,10,1,influenced,0.0005543237250554,0.571637330557974,0.0666666666666666,"countries, cold, us, ussr, war"
took,0,1,0,0,0,0,0,0,0,0,0,0,0,0,0,8,8,-0.2259375,4,1,took,0.0005543237250554,0.571637330557974,0.0666666666666666,"countries, cold, us, ussr, war"
domestic,1,0,1,0,0,0,0,0,0,0,0,0,0,0,0,8,8,0.0249125,8,1,domestic,0.0005543237250554,0.571637330557974,0.1333333333333333,"countries, cold, us, ussr, war"
range,1,1,0,0,0,0,0,0,0,0,0,0,0,0,0,8,5,-0.1038999999999999,5,1,range,0.0005543237250554,0.571637330557974,0.1333333333333333,"countries, cold, us, ussr, war"
first,1,0,1,1,0,0,0,0,0,0,0,0,0,0,0,8,8,0.222625,5,1,first,0.0005543237250554,0.571637330557974,0.2,"countries, cold, us, ussr, war"
hegemony,1,0,0,0,0,0,0,0,0,0,0,0,0,0,0,8,7,-0.3473375,8,1,hegemony,0.0005543237250554,0.571637330557974,0.0666666666666666,"countries, cold, us, ussr, war"
mentality,1,0,0,0,0,0,0,0,0,0,0,0,0,0,0,8,7,-0.5365375,9,1,mentality,0.0005543237250554,0.571637330557974,0.0666666666666666,"countries, cold, us, ussr, war"
then,1,0,1,1,0,0,1,0,0,0,0,0,0,0,0,8,8,-0.0486874999999999,4,1,then,0.0005543237250554,0.571637330557974,0.2666666666666666,"countries, cold, us, ussr, war"
people's,0,0,0,0,0,0,0,0,0,0,0,0,0,0,0,8,8,0.0274749999999999,8,1,people's,0.0005543237250554,0.571637330557974,0.0,"countries, cold, us, ussr, war"
same,0,0,1,1,0,0,0,0,0,0,0,0,0,0,0,8,8,0.1850875,4,1,same,0.0005543237250554,0.571637330557974,0.1333333333333333,"countries, cold, us, ussr, war"
ideas,1,0,0,0,0,0,0,0,0,0,0,0,0,0,0,8,7,-0.0272499999999999,5,1,ideas,0.0005543237250554,0.571637330557974,0.0666666666666666,"countries, cold, us, ussr, war"
put,1,1,0,0,0,0,0,0,0,0,0,0,0,0,0,8,8,0.2821249999999999,3,1,put,0.0005543237250554,0.571637330557974,0.1333333333333333,"countries, cold, us, ussr, war"
parties,1,1,0,0,0,0,0,0,0,0,0,0,0,0,0,8,7,0.354425,7,1,parties,0.0005543237250554,0.571637330557974,0.1333333333333333,"countries, cold, us, ussr, war"
bloc,1,0,0,0,0,0,0,0,0,0,0,0,0,0,0,8,7,0.3532,4,1,bloc,0.0005543237250554,0.571637330557974,0.0666666666666666,"countries, cold, us, ussr, war"
maintain,0,1,0,0,0,0,0,0,0,0,0,0,0,0,0,8,8,-0.0138249999999999,8,1,maintain,0.0005543237250554,0.571637330557974,0.0666666666666666,"countries, cold, us, ussr, war"
principles,1,0,0,0,0,0,0,0,0,0,0,0,0,0,0,8,7,0.1098,10,1,principles,0.0005543237250554,0.571637330557974,0.0666666666666666,"countries, cold, us, ussr, war"
conflicts,1,1,0,0,0,0,0,0,0,0,0,0,0,0,0,8,8,-0.4279875000000001,9,1,conflicts,0.0005543237250554,0.571637330557974,0.1333333333333333,"countries, cold, us, ussr, war"
marxism,1,0,0,0,0,0,0,0,0,0,0,0,0,0,0,8,6,-0.277925,7,1,marxism,0.0005543237250554,0.571637330557974,0.0666666666666666,"countries, cold, us, ussr, war"
information,1,0,0,0,0,0,0,0,0,0,0,0,0,0,0,8,7,0.143925,11,1,information,0.0005543237250554,0.571637330557974,0.0666666666666666,"countries, cold, us, ussr, war"
around,0,0,0,1,0,0,0,0,0,0,0,0,0,0,0,8,8,-0.220475,6,1,around,0.0005543237250554,0.571637330557974,0.0666666666666666,"countries, cold, us, ussr, war"
iron,1,1,1,0,0,0,0,0,0,0,0,0,0,0,0,8,8,-0.0931625,4,1,iron,0.0005543237250554,0.571637330557974,0.2,"countries, cold, us, ussr, war"
bipolar,0,0,1,0,0,0,0,0,0,0,0,0,0,0,0,8,8,-0.4405,7,1,bipolar,0.0005543237250554,0.571637330557974,0.0666666666666666,"countries, cold, us, ussr, war"
science,1,0,0,0,0,0,0,0,0,0,0,0,0,0,0,8,6,0.0167874999999999,7,1,science,0.0005543237250554,0.571637330557974,0.0666666666666666,"countries, cold, us, ussr, war"
hand,1,1,0,0,0,0,0,0,0,0,0,0,0,0,0,8,8,0.6445875,4,1,hand,0.0005543237250554,0.571637330557974,0.1333333333333333,"countries, cold, us, ussr, war"
however,0,0,0,1,0,0,1,0,0,0,0,0,0,0,0,8,8,-0.085725,7,1,however,0.0005543237250554,0.571637330557974,0.1333333333333333,"countries, cold, us, ussr, war"
basic,1,0,1,0,0,0,0,0,0,0,0,0,0,0,0,8,8,-0.2479375,5,1,basic,0.0005543237250554,0.571637330557974,0.1333333333333333,"countries, cold, us, ussr, war"
speech,1,0,0,0,0,0,0,0,0,0,0,0,0,0,0,8,7,0.071625,6,1,speech,0.0005543237250554,0.571637330557974,0.0666666666666666,"countries, cold, us, ussr, war"
curtain,1,1,0,0,0,0,0,0,0,0,0,0,0,0,0,8,8,-0.0931625,7,1,curtain,0.0005543237250554,0.571637330557974,0.1333333333333333,"countries, cold, us, ussr, war"
heavy,1,0,1,1,0,0,0,0,0,0,0,0,0,0,0,8,8,-0.3154875,5,1,heavy,0.0005543237250554,0.571637330557974,0.2,"countries, cold, us, ussr, war"
internal,0,0,1,0,0,0,0,0,0,0,0,0,0,0,0,8,8,0.1014124999999999,8,1,internal,0.0005543237250554,0.571637330557974,0.0666666666666666,"countries, cold, us, ussr, war"
place,1,1,0,0,0,0,0,0,0,0,0,0,0,0,0,8,8,-0.29895,5,1,place,0.0005543237250554,0.571637330557974,0.1333333333333333,"countries, cold, us, ussr, war"
different,1,0,1,0,0,0,0,0,0,0,0,0,0,0,0,8,8,-0.1730875,9,1,different,0.0005543237250554,0.571637330557974,0.1333333333333333,"countries, cold, us, ussr, war"
leading,1,1,1,0,0,0,0,0,0,0,0,0,0,0,0,8,8,-0.05855,7,1,leading,0.0005543237250554,0.571637330557974,0.2,"countries, cold, us, ussr, war"
when,1,0,0,1,0,0,1,0,0,0,0,0,0,0,0,8,8,0.12225,4,1,when,0.0005543237250554,0.571637330557974,0.2,"countries, cold, us, ussr, war"
south,1,0,1,1,0,0,0,0,0,0,0,0,0,0,0,8,8,-0.1422375,5,1,south,0.0005543237250554,0.571637330557974,0.2,"countries, cold, us, ussr, war"
while,1,0,0,0,0,0,1,0,0,0,0,0,0,0,0,8,8,0.1211874999999999,5,1,while,0.0005543237250554,0.571637330557974,0.1333333333333333,"countries, cold, us, ussr, war"
exacerbated,0,1,0,0,0,0,0,0,0,0,0,0,0,0,0,8,8,-0.550175,11,1,exacerbated,0.0005543237250554,0.571637330557974,0.0666666666666666,"countries, cold, us, ussr, war"
administration,1,0,0,0,0,0,0,0,0,0,0,0,0,0,0,8,8,-0.0237,14,1,administration,0.0005543237250554,0.571637330557974,0.0666666666666666,"countries, cold, us, ussr, war"
itself,0,0,0,0,0,0,0,0,0,0,0,0,0,0,1,7,6,0.2890142857142857,6,1,itself,0.0004850332594235,0.5617012295157272,0.0666666666666666,"countries, cold, us, ussr, war"
star,1,1,1,0,0,0,0,0,0,0,0,0,0,0,0,7,7,-0.2767714285714285,4,1,star,0.0004850332594235,0.5617012295157272,0.2,"countries, cold, us, ussr, war"
proposed,0,1,1,0,0,0,0,0,0,0,0,0,0,0,0,7,7,-0.0660428571428571,8,1,proposed,0.0004850332594235,0.5617012295157272,0.1333333333333333,"countries, cold, us, ussr, war"
territorial,1,0,1,0,0,0,0,0,0,0,0,0,0,0,0,7,5,-0.0882857142857143,11,1,territorial,0.0004850332594235,0.5617012295157272,0.1333333333333333,"countries, cold, us, ussr, war"
known,1,0,1,0,0,0,0,0,0,0,0,0,0,0,0,7,7,-0.3148285714285714,5,1,known,0.0004850332594235,0.5617012295157272,0.1333333333333333,"countries, cold, us, ussr, war"
developed,0,0,1,0,0,0,0,0,0,0,0,0,0,0,0,7,7,0.0743857142857142,9,1,developed,0.0004850332594235,0.5617012295157272,0.0666666666666666,"countries, cold, us, ussr, war"
revolution,1,0,0,0,0,0,0,0,0,0,0,0,0,0,0,7,7,0.0786,10,1,revolution,0.0004850332594235,0.5617012295157272,0.0666666666666666,"countries, cold, us, ussr, war"
cuban,1,0,1,0,0,0,0,0,0,0,0,0,0,0,0,7,6,-0.6527142857142857,5,1,cuban,0.0004850332594235,0.5617012295157272,0.1333333333333333,"countries, cold, us, ussr, war"
beginning,1,1,1,0,0,0,0,0,0,0,0,0,0,0,0,7,7,-0.6374571428571428,9,1,beginning,0.0004850332594235,0.5617012295157272,0.2,"countries, cold, us, ussr, war"
changed,0,1,1,0,0,0,0,0,0,0,0,0,0,0,0,7,6,0.0804,7,1,changed,0.0004850332594235,0.5617012295157272,0.1333333333333333,"countries, cold, us, ussr, war"
material,1,0,1,0,0,0,0,0,0,0,0,0,0,0,0,7,7,-0.3019428571428571,8,1,material,0.0004850332594235,0.5617012295157272,0.1333333333333333,"countries, cold, us, ussr, war"
external,1,0,1,0,0,0,0,0,0,0,0,0,0,0,0,7,7,0.3387142857142858,8,1,external,0.0004850332594235,0.5617012295157272,0.1333333333333333,"countries, cold, us, ussr, war"
party,1,1,1,0,0,0,0,0,0,0,0,0,0,0,0,7,5,0.0537142857142857,5,1,party,0.0004850332594235,0.5617012295157272,0.2,"countries, cold, us, ussr, war"
did,0,1,0,0,1,0,0,0,0,0,0,0,0,0,0,7,7,-0.1968571428571428,3,1,did,0.0004850332594235,0.5617012295157272,0.1333333333333333,"countries, cold, us, ussr, war"
d,1,0,0,0,0,0,0,0,0,0,0,0,0,0,0,7,7,-0.0818428571428571,1,1,d,0.0004850332594235,0.5617012295157272,0.0666666666666666,"countries, cold, us, ussr, war"
late,1,0,1,1,0,0,0,0,0,0,0,0,0,0,0,7,7,-0.0142428571428571,4,1,late,0.0004850332594235,0.5617012295157272,0.2,"countries, cold, us, ussr, war"
fierce,0,0,1,0,0,0,0,0,0,0,0,0,0,0,0,7,7,-0.4261857142857143,6,1,fierce,0.0004850332594235,0.5617012295157272,0.0666666666666666,"countries, cold, us, ussr, war"
government,1,0,0,0,0,0,0,0,0,0,0,0,0,0,0,7,7,0.1560142857142857,10,1,government,0.0004850332594235,0.5617012295157272,0.0666666666666666,"countries, cold, us, ussr, war"
ruling,1,1,1,0,0,0,0,0,0,0,0,0,0,0,0,7,6,0.4337,6,1,ruling,0.0004850332594235,0.5617012295157272,0.2,"countries, cold, us, ussr, war"
gorbachev's,0,0,0,0,0,0,0,0,0,0,0,0,0,0,0,7,7,0.0332571428571428,11,1,gorbachev's,0.0004850332594235,0.5617012295157272,0.0,"countries, cold, us, ussr, war"
formed,0,1,1,0,0,0,0,0,0,0,0,0,0,0,0,7,7,-0.2345,6,1,formed,0.0004850332594235,0.5617012295157272,0.1333333333333333,"countries, cold, us, ussr, war"
within,0,0,0,1,0,0,0,0,0,0,0,0,0,0,0,7,7,0.3107,6,1,within,0.0004850332594235,0.5617012295157272,0.0666666666666666,"countries, cold, us, ussr, war"
contradictions,0,0,0,0,0,0,0,0,0,0,0,0,0,0,0,7,7,-0.7316428571428572,14,1,contradictions,0.0004850332594235,0.5617012295157272,0.0,"countries, cold, us, ussr, war"
would,0,0,0,0,0,0,0,0,0,1,0,0,0,0,0,7,5,-0.0858428571428571,5,1,would,0.0004850332594235,0.5617012295157272,0.0666666666666666,"countries, cold, us, ussr, war"
number,1,1,0,0,0,0,0,0,0,0,0,0,0,0,0,7,6,0.2905428571428571,6,1,number,0.0004850332594235,0.5617012295157272,0.1333333333333333,"countries, cold, us, ussr, war"
alliance,1,0,0,0,0,0,0,0,0,0,0,0,0,0,0,7,7,-0.2473571428571428,8,1,alliance,0.0004850332594235,0.5617012295157272,0.0666666666666666,"countries, cold, us, ussr, war"
local,1,0,1,0,0,0,0,0,0,0,0,0,0,0,0,7,7,-0.6590999999999999,5,1,local,0.0004850332594235,0.5617012295157272,0.1333333333333333,"countries, cold, us, ussr, war"
regime,1,0,0,0,0,0,0,0,0,0,0,0,0,0,0,7,6,-0.2812142857142857,6,1,regime,0.0004850332594235,0.5617012295157272,0.0666666666666666,"countries, cold, us, ussr, war"
could,0,0,0,0,0,0,0,0,0,1,0,0,0,0,0,7,6,-0.1360428571428571,5,1,could,0.0004850332594235,0.5617012295157272,0.0666666666666666,"countries, cold, us, ussr, war"
cities,1,0,0,0,0,0,0,0,0,0,0,0,0,0,0,7,6,-0.4893,6,1,cities,0.0004850332594235,0.5617012295157272,0.0666666666666666,"countries, cold, us, ussr, war"
culture,1,1,0,0,0,0,0,0,0,0,0,0,0,0,0,7,5,0.2654857142857142,7,1,culture,0.0004850332594235,0.5617012295157272,0.1333333333333333,"countries, cold, us, ussr, war"
emphasizes,0,0,0,0,0,0,0,0,0,0,0,0,0,0,0,7,7,-0.0276857142857142,10,1,emphasizes,0.0004850332594235,0.5617012295157272,0.0,"countries, cold, us, ussr, war"
tensions,1,0,0,0,0,0,0,0,0,0,0,0,0,0,0,7,7,-0.6446142857142858,8,1,tensions,0.0004850332594235,0.5617012295157272,0.0666666666666666,"countries, cold, us, ussr, war"
strengthened,0,0,1,0,0,0,0,0,0,0,0,0,0,0,0,7,7,0.4284857142857143,12,1,strengthened,0.0004850332594235,0.5617012295157272,0.0666666666666666,"countries, cold, us, ussr, war"
market,1,1,0,0,0,0,0,0,0,0,0,0,0,0,0,7,7,-0.1251571428571428,6,1,market,0.0004850332594235,0.5617012295157272,0.1333333333333333,"countries, cold, us, ussr, war"
result,1,1,0,0,0,0,0,0,0,0,0,0,0,0,0,7,7,-0.2472142857142857,6,1,result,0.0004850332594235,0.5617012295157272,0.1333333333333333,"countries, cold, us, ussr, war"
than,0,0,0,0,0,0,1,0,0,0,0,0,0,0,0,7,7,-0.0979142857142857,4,1,than,0.0004850332594235,0.5617012295157272,0.0666666666666666,"countries, cold, us, ussr, war"
background,1,1,0,0,0,0,0,0,0,0,0,0,0,0,0,7,7,-0.2225285714285714,10,1,background,0.0004850332594235,0.5617012295157272,0.1333333333333333,"countries, cold, us, ussr, war"
can,1,1,0,0,0,0,0,0,0,1,0,0,0,0,0,7,7,0.0518428571428571,3,1,can,0.0004850332594235,0.5617012295157272,0.2,"countries, cold, us, ussr, war"
aspect,1,0,0,0,0,0,0,0,0,0,0,0,0,0,0,7,7,-0.1966428571428571,6,1,aspect,0.0004850332594235,0.5617012295157272,0.0666666666666666,"countries, cold, us, ussr, war"
organization,1,0,0,0,0,0,0,0,0,0,0,0,0,0,0,6,5,0.1359666666666666,12,1,organization,0.0004157427937915,0.5496051325127768,0.0666666666666666,"countries, cold, us, ussr, war"
directly,0,0,0,1,0,0,1,0,0,0,0,0,0,0,0,6,6,-0.6779833333333333,8,1,directly,0.0004157427937915,0.5496051325127768,0.1333333333333333,"countries, cold, us, ussr, war"
implemented,0,1,1,0,0,0,0,0,0,0,0,0,0,0,0,6,6,-0.1748666666666666,11,1,implemented,0.0004157427937915,0.5496051325127768,0.1333333333333333,"countries, cold, us, ussr, war"
ideology,1,0,0,0,0,0,0,0,0,0,0,0,0,0,0,6,5,0.0183999999999999,8,1,ideology,0.0004157427937915,0.5496051325127768,0.0666666666666666,"countries, cold, us, ussr, war"
troops,1,1,0,0,0,0,0,0,0,0,0,0,0,0,0,6,6,0.1285166666666666,6,1,troops,0.0004157427937915,0.5496051325127768,0.1333333333333333,"countries, cold, us, ussr, war"
developing,0,0,1,0,0,0,0,0,0,0,0,0,0,0,0,6,6,0.2499166666666666,10,1,developing,0.0004157427937915,0.5496051325127768,0.0666666666666666,"countries, cold, us, ussr, war"
form,1,1,0,0,0,0,0,0,0,0,0,0,0,0,0,6,6,0.0562166666666666,4,1,form,0.0004157427937915,0.5496051325127768,0.1333333333333333,"countries, cold, us, ussr, war"
close,1,1,1,1,0,0,0,0,0,0,0,0,0,0,0,6,5,-0.0486,5,1,close,0.0004157427937915,0.5496051325127768,0.2666666666666666,"countries, cold, us, ussr, war"
several,1,0,1,0,0,0,0,0,0,0,0,0,0,0,1,6,6,-0.2098833333333333,7,1,several,0.0004157427937915,0.5496051325127768,0.2,"countries, cold, us, ussr, war"
democratic,0,0,1,0,0,0,0,0,0,0,0,0,0,0,0,6,5,-0.0038666666666666,10,1,democratic,0.0004157427937915,0.5496051325127768,0.0666666666666666,"countries, cold, us, ussr, war"
refers,0,1,0,0,0,0,0,0,0,0,0,0,0,0,0,6,6,0.0045833333333333,6,1,refers,0.0004157427937915,0.5496051325127768,0.0666666666666666,"countries, cold, us, ussr, war"
other's,1,0,0,0,0,0,0,0,0,0,0,0,0,0,0,6,6,0.28785,7,1,other's,0.0004157427937915,0.5496051325127768,0.0666666666666666,"countries, cold, us, ussr, war"
environment,1,0,0,0,0,0,0,0,0,0,0,0,0,0,0,6,6,0.2436999999999999,11,1,environment,0.0004157427937915,0.5496051325127768,0.0666666666666666,"countries, cold, us, ussr, war"
use,1,1,0,0,0,0,0,0,0,0,0,0,0,0,0,6,6,0.0639833333333333,3,1,use,0.0004157427937915,0.5496051325127768,0.1333333333333333,"countries, cold, us, ussr, war"
satellites,1,1,0,0,0,0,0,0,0,0,0,0,0,0,0,6,5,-0.0569666666666666,10,1,satellites,0.0004157427937915,0.5496051325127768,0.1333333333333333,"countries, cold, us, ussr, war"
losses,1,0,0,0,0,0,0,0,0,0,0,0,0,0,0,6,5,-0.2613499999999999,6,1,losses,0.0004157427937915,0.5496051325127768,0.0666666666666666,"countries, cold, us, ussr, war"
still,1,1,1,1,0,0,0,0,0,0,0,0,0,0,0,6,6,-0.5137,5,1,still,0.0004157427937915,0.5496051325127768,0.2666666666666666,"countries, cold, us, ussr, war"
process,1,1,0,0,0,0,0,0,0,0,0,0,0,0,0,6,6,-0.2092666666666666,7,1,process,0.0004157427937915,0.5496051325127768,0.1333333333333333,"countries, cold, us, ussr, war"
marked,0,1,1,0,0,0,0,0,0,0,0,0,0,0,0,6,6,-0.5249833333333334,6,1,marked,0.0004157427937915,0.5496051325127768,0.1333333333333333,"countries, cold, us, ussr, war"
strong,0,0,1,1,0,0,0,0,0,0,0,0,0,0,0,6,6,0.7224666666666666,6,1,strong,0.0004157427937915,0.5496051325127768,0.1333333333333333,"countries, cold, us, ussr, war"
values,1,1,0,0,0,0,0,0,0,0,0,0,0,0,0,6,6,0.4041833333333333,6,1,values,0.0004157427937915,0.5496051325127768,0.1333333333333333,"countries, cold, us, ussr, war"
become,0,1,0,0,0,0,0,0,0,0,0,0,0,0,0,6,6,0.5375166666666666,6,1,become,0.0004157427937915,0.5496051325127768,0.0666666666666666,"countries, cold, us, ussr, war"
provided,0,1,0,0,0,0,0,0,0,0,0,0,0,0,0,6,6,0.1693166666666666,8,1,provided,0.0004157427937915,0.5496051325127768,0.0666666666666666,"countries, cold, us, ussr, war"
promote,0,1,0,0,0,0,0,0,0,0,0,0,0,0,0,6,6,0.54595,7,1,promote,0.0004157427937915,0.5496051325127768,0.0666666666666666,"countries, cold, us, ussr, war"
powers,1,1,0,0,0,0,0,0,0,0,0,0,0,0,0,6,5,-0.2323333333333333,6,1,powers,0.0004157427937915,0.5496051325127768,0.1333333333333333,"countries, cold, us, ussr, war"
churchill,1,0,0,0,0,0,0,0,0,0,0,0,0,0,0,6,6,-0.1403,9,1,churchill,0.0004157427937915,0.5496051325127768,0.0666666666666666,"countries, cold, us, ussr, war"
spread,1,1,1,0,0,0,0,0,0,0,0,0,0,0,0,6,6,0.2798333333333333,6,1,spread,0.0004157427937915,0.5496051325127768,0.2,"countries, cold, us, ussr, war"
difficult,0,0,1,0,0,0,0,0,0,0,0,0,0,0,0,6,5,0.0080666666666667,9,1,difficult,0.0004157427937915,0.5496051325127768,0.0666666666666666,"countries, cold, us, ussr, war"
fields,1,1,0,0,0,0,0,0,0,0,0,0,0,0,0,6,6,0.1651333333333333,6,1,fields,0.0004157427937915,0.5496051325127768,0.1333333333333333,"countries, cold, us, ussr, war"
japan,1,1,1,0,0,0,0,0,0,0,0,0,0,0,0,6,6,-0.03845,5,1,japan,0.0004157427937915,0.5496051325127768,0.2,"countries, cold, us, ussr, war"
among,0,0,0,0,0,0,0,0,0,0,0,0,0,0,0,6,6,0.4734333333333334,5,1,among,0.0004157427937915,0.5496051325127768,0.0,"countries, cold, us, ussr, war"
technological,0,0,1,0,0,0,0,0,0,0,0,0,0,0,0,6,6,-0.01915,13,1,technological,0.0004157427937915,0.5496051325127768,0.0666666666666666,"countries, cold, us, ussr, war"
atlantic,1,0,1,0,0,0,0,0,0,0,0,0,0,0,0,6,5,0.0149999999999999,8,1,atlantic,0.0004157427937915,0.5496051325127768,0.1333333333333333,"countries, cold, us, ussr, war"
expansion,1,0,0,0,0,0,0,0,0,0,0,0,0,0,0,6,6,0.2645166666666667,9,1,expansion,0.0004157427937915,0.5496051325127768,0.0666666666666666,"countries, cold, us, ussr, war"
far,1,0,1,1,0,0,0,0,0,0,0,0,0,0,0,6,6,-0.3496166666666666,3,1,far,0.0004157427937915,0.5496051325127768,0.2,"countries, cold, us, ussr, war"
communism,1,0,0,0,0,0,0,0,0,0,0,0,0,0,0,6,6,-0.1772166666666666,9,1,communism,0.0004157427937915,0.5496051325127768,0.0666666666666666,"countries, cold, us, ussr, war"
growth,1,0,0,0,0,0,0,0,0,0,0,0,0,0,0,6,5,0.0541833333333333,6,1,growth,0.0004157427937915,0.5496051325127768,0.0666666666666666,"countries, cold, us, ussr, war"
develop,0,1,0,0,0,0,0,0,0,0,0,0,0,0,0,6,6,0.4810833333333333,7,1,develop,0.0004157427937915,0.5496051325127768,0.0666666666666666,"countries, cold, us, ussr, war"
due,1,0,1,1,0,0,0,0,0,0,0,0,0,0,0,6,6,-0.2002833333333333,3,1,due,0.0004157427937915,0.5496051325127768,0.2,"countries, cold, us, ussr, war"
years,1,0,0,0,0,0,0,0,0,0,0,0,0,0,0,6,6,-0.38275,5,1,years,0.0004157427937915,0.5496051325127768,0.0666666666666666,"countries, cold, us, ussr, war"
profound,0,0,1,0,0,0,0,0,0,0,0,0,0,0,0,6,6,0.0160166666666666,8,1,profound,0.0004157427937915,0.5496051325127768,0.0666666666666666,"countries, cold, us, ussr, war"
freedom,1,0,0,0,0,0,0,0,0,0,0,0,0,0,0,6,3,0.8718499999999999,7,1,freedom,0.0004157427937915,0.5496051325127768,0.0666666666666666,"countries, cold, us, ussr, war"
transformation,1,0,0,0,0,0,0,0,0,0,0,0,0,0,0,6,6,-0.34035,14,1,transformation,0.0004157427937915,0.5496051325127768,0.0666666666666666,"countries, cold, us, ussr, war"
reaching,1,1,0,0,0,0,0,0,0,0,0,0,0,0,0,6,6,-0.1953666666666667,8,1,reaching,0.0004157427937915,0.5496051325127768,0.1333333333333333,"countries, cold, us, ussr, war"
containment,1,0,0,0,0,0,0,0,0,0,0,0,0,0,0,6,5,-0.7043499999999999,11,1,containment,0.0004157427937915,0.5496051325127768,0.0666666666666666,"countries, cold, us, ussr, war"
affected,1,1,1,0,0,0,0,0,0,0,0,0,0,0,0,6,6,-0.5598166666666666,8,1,affected,0.0004157427937915,0.5496051325127768,0.2,"countries, cold, us, ussr, war"
although,0,0,0,1,0,0,1,0,0,0,0,0,0,0,0,6,6,-0.5740000000000001,8,1,although,0.0004157427937915,0.5496051325127768,0.1333333333333333,"countries, cold, us, ussr, war"
republic,1,0,0,0,0,0,0,0,0,0,0,0,0,0,0,6,5,0.1675833333333333,8,1,republic,0.0004157427937915,0.5496051325127768,0.0666666666666666,"countries, cold, us, ussr, war"
differences,0,0,0,0,0,0,0,0,0,0,0,0,0,0,0,6,6,0.06465,11,1,differences,0.0004157427937915,0.5496051325127768,0.0,"countries, cold, us, ussr, war"
common,1,0,1,0,0,0,0,0,0,0,0,0,0,0,0,6,5,0.2329666666666666,6,1,common,0.0004157427937915,0.5496051325127768,0.1333333333333333,"countries, cold, us, ussr, war"
division,1,0,0,0,0,0,0,0,0,0,0,0,0,0,0,6,6,-0.44805,8,1,division,0.0004157427937915,0.5496051325127768,0.0666666666666666,"countries, cold, us, ussr, war"
tension,1,0,0,0,0,0,0,0,0,0,0,0,0,0,0,6,6,-0.4817333333333333,7,1,tension,0.0004157427937915,0.5496051325127768,0.0666666666666666,"countries, cold, us, ussr, war"
doi,0,0,0,0,0,0,0,0,0,0,0,0,0,0,0,6,6,0.0,3,1,doi,0.0004157427937915,0.5496051325127768,0.0,"countries, cold, us, ussr, war"
already,0,0,0,1,0,0,0,0,0,0,0,0,0,0,0,6,6,-0.4296333333333333,7,1,already,0.0004157427937915,0.5496051325127768,0.0666666666666666,"countries, cold, us, ussr, war"
up,0,1,1,1,0,0,0,0,0,0,0,0,0,0,0,5,5,-0.00406,2,1,up,0.0003464523281596,0.5343829898349378,0.2,"countries, cold, us, ussr, war"
globalization,1,0,0,0,0,0,0,0,0,0,0,0,0,0,0,5,5,-0.1991,13,1,globalization,0.0003464523281596,0.5343829898349378,0.0666666666666666,"countries, cold, us, ussr, war"
following,1,1,1,0,0,0,0,0,0,0,0,0,0,0,0,5,5,-0.55874,9,1,following,0.0003464523281596,0.5343829898349378,0.2,"countries, cold, us, ussr, war"
counter,1,1,1,1,0,0,0,0,0,0,0,0,0,0,0,5,5,0.27482,7,1,counter,0.0003464523281596,0.5343829898349378,0.2666666666666666,"countries, cold, us, ussr, war"
escalated,0,1,0,0,0,0,0,0,0,0,0,0,0,0,0,5,5,-0.4997199999999999,9,1,escalated,0.0003464523281596,0.5343829898349378,0.0666666666666666,"countries, cold, us, ussr, war"
framework,1,0,0,0,0,0,0,0,0,0,0,0,0,0,0,5,5,-0.01052,9,1,framework,0.0003464523281596,0.5343829898349378,0.0666666666666666,"countries, cold, us, ussr, war"
structure,1,1,0,0,0,0,0,0,0,0,0,0,0,0,0,5,5,-0.54228,9,1,structure,0.0003464523281596,0.5343829898349378,0.1333333333333333,"countries, cold, us, ussr, war"
results,1,1,0,0,0,0,0,0,0,0,0,0,0,0,0,5,5,-0.30732,7,1,results,0.0003464523281596,0.5343829898349378,0.1333333333333333,"countries, cold, us, ussr, war"
main,1,0,1,0,0,0,0,0,0,0,0,0,0,0,0,5,5,0.14118,4,1,main,0.0003464523281596,0.5343829898349378,0.1333333333333333,"countries, cold, us, ussr, war"
analysis,1,0,0,0,0,0,0,0,0,0,0,0,0,0,0,5,5,-0.1470199999999999,8,1,analysis,0.0003464523281596,0.5343829898349378,0.0666666666666666,"countries, cold, us, ussr, war"
marking,1,1,0,0,0,0,0,0,0,0,0,0,0,0,0,5,5,-0.59206,7,1,marking,0.0003464523281596,0.5343829898349378,0.1333333333333333,"countries, cold, us, ussr, war"
goal,1,0,0,0,0,0,0,0,0,0,0,0,0,0,0,5,5,0.27202,4,1,goal,0.0003464523281596,0.5343829898349378,0.0666666666666666,"countries, cold, us, ussr, war"
evolution,1,0,0,0,0,0,0,0,0,0,0,0,0,0,0,5,5,-0.08842,9,1,evolution,0.0003464523281596,0.5343829898349378,0.0666666666666666,"countries, cold, us, ussr, war"
middle,1,1,1,0,0,0,0,0,0,0,0,0,0,0,0,5,5,-0.44154,6,1,middle,0.0003464523281596,0.5343829898349378,0.2,"countries, cold, us, ussr, war"
aspects,1,0,0,0,0,0,0,0,0,0,0,0,0,0,0,5,5,-0.4091,7,1,aspects,0.0003464523281596,0.5343829898349378,0.0666666666666666,"countries, cold, us, ussr, war"
education,1,0,0,0,0,0,0,0,0,0,0,0,0,0,0,5,5,0.23996,9,1,education,0.0003464523281596,0.5343829898349378,0.0666666666666666,"countries, cold, us, ussr, war"
introduction,1,0,0,0,0,0,0,0,0,0,0,0,0,0,0,5,4,-0.69954,12,1,introduction,0.0003464523281596,0.5343829898349378,0.0666666666666666,"countries, cold, us, ussr, war"
significantly,0,0,0,1,0,0,0,0,0,0,0,0,0,0,0,5,5,0.197,13,1,significantly,0.0003464523281596,0.5343829898349378,0.0666666666666666,"countries, cold, us, ussr, war"
issues,1,1,0,0,0,0,0,0,0,0,0,0,0,0,0,5,5,0.2973,6,1,issues,0.0003464523281596,0.5343829898349378,0.1333333333333333,"countries, cold, us, ussr, war"
liberation,1,0,0,0,0,0,0,0,0,0,0,0,0,0,0,5,5,0.1684,10,1,liberation,0.0003464523281596,0.5343829898349378,0.0666666666666666,"countries, cold, us, ussr, war"
law,1,0,0,0,0,0,0,0,0,0,0,0,0,0,0,5,5,-0.3528,3,1,law,0.0003464523281596,0.5343829898349378,0.0666666666666666,"countries, cold, us, ussr, war"
history,1,0,0,0,0,0,0,0,0,0,0,0,0,0,0,5,5,0.38946,7,1,history,0.0003464523281596,0.5343829898349378,0.0666666666666666,"countries, cold, us, ussr, war"
aligned,0,1,1,0,0,0,0,0,0,0,0,0,0,0,0,5,5,0.2095399999999999,7,1,aligned,0.0003464523281596,0.5343829898349378,0.1333333333333333,"countries, cold, us, ussr, war"
hegemonism,0,0,0,0,0,0,0,0,0,0,0,0,0,0,0,5,4,-0.24192,10,1,hegemonism,0.0003464523281596,0.5343829898349378,0.0,"countries, cold, us, ussr, war"
america,1,0,0,0,0,0,0,0,0,0,0,0,0,0,0,5,5,0.20004,7,1,america,0.0003464523281596,0.5343829898349378,0.0666666666666666,"countries, cold, us, ussr, war"
policies,1,0,0,0,0,0,0,0,0,0,0,0,0,0,0,5,5,-0.2016399999999999,8,1,policies,0.0003464523281596,0.5343829898349378,0.0666666666666666,"countries, cold, us, ussr, war"
cpsu,0,0,0,0,0,0,0,0,0,0,0,0,0,0,0,5,4,-0.14734,4,1,cpsu,0.0003464523281596,0.5343829898349378,0.0,"countries, cold, us, ussr, war"
part,1,0,1,1,0,0,0,0,0,0,0,0,0,0,0,5,5,-0.16524,4,1,part,0.0003464523281596,0.5343829898349378,0.2,"countries, cold, us, ussr, war"
threat,1,0,0,0,0,0,0,0,0,0,0,0,0,0,0,5,5,-0.3941599999999999,6,1,threat,0.0003464523281596,0.5343829898349378,0.0666666666666666,"countries, cold, us, ussr, war"
conference,1,0,0,0,0,0,0,0,0,0,0,0,0,0,0,5,5,-0.48954,10,1,conference,0.0003464523281596,0.5343829898349378,0.0666666666666666,"countries, cold, us, ussr, war"
played,0,1,1,0,0,0,0,0,0,0,0,0,0,0,0,5,4,0.2616799999999999,6,1,played,0.0003464523281596,0.5343829898349378,0.1333333333333333,"countries, cold, us, ussr, war"
most,0,0,1,1,0,0,0,0,0,0,0,0,0,0,0,5,5,-0.4646,4,1,most,0.0003464523281596,0.5343829898349378,0.1333333333333333,"countries, cold, us, ussr, war"
three,1,0,1,0,0,0,0,0,0,0,0,0,0,0,0,5,5,-0.19154,5,1,three,0.0003464523281596,0.5343829898349378,0.1333333333333333,"countries, cold, us, ussr, war"
divided,0,1,1,0,0,0,0,0,0,0,0,0,0,0,0,5,5,-0.2865,7,1,divided,0.0003464523281596,0.5343829898349378,0.1333333333333333,"countries, cold, us, ussr, war"
free,1,1,1,1,0,0,0,0,0,0,0,0,0,0,0,5,5,0.57088,4,1,free,0.0003464523281596,0.5343829898349378,0.2666666666666666,"countries, cold, us, ussr, war"
energy,1,0,0,0,0,0,0,0,0,0,0,0,0,0,0,5,4,-0.3336,6,1,energy,0.0003464523281596,0.5343829898349378,0.0666666666666666,"countries, cold, us, ussr, war"
scientific,0,0,1,0,0,0,0,0,0,0,0,0,0,0,0,5,5,0.3409399999999999,10,1,scientific,0.0003464523281596,0.5343829898349378,0.0666666666666666,"countries, cold, us, ussr, war"
life,1,0,0,0,0,0,0,0,0,0,0,0,0,0,0,5,5,0.5579600000000001,4,1,life,0.0003464523281596,0.5343829898349378,0.0666666666666666,"countries, cold, us, ussr, war"
complex,1,0,1,0,0,0,0,0,0,0,0,0,0,0,0,5,5,-0.24148,7,1,complex,0.0003464523281596,0.5343829898349378,0.1333333333333333,"countries, cold, us, ussr, war"
exchange,1,1,0,0,0,0,0,0,0,0,0,0,0,0,0,5,5,-0.4471,8,1,exchange,0.0003464523281596,0.5343829898349378,0.1333333333333333,"countries, cold, us, ussr, war"
avoid,0,1,0,0,0,0,0,0,0,0,0,0,0,0,0,5,5,-0.72832,5,1,avoid,0.0003464523281596,0.5343829898349378,0.0666666666666666,"countries, cold, us, ussr, war"
road,1,0,1,0,0,0,0,0,0,0,0,0,0,0,0,5,5,-0.27724,4,1,road,0.0003464523281596,0.5343829898349378,0.1333333333333333,"countries, cold, us, ussr, war"
colonial,1,0,1,0,0,0,0,0,0,0,0,0,0,0,0,5,4,-0.19366,8,1,colonial,0.0003464523281596,0.5343829898349378,0.1333333333333333,"countries, cold, us, ussr, war"
human,1,0,1,0,0,0,0,0,0,0,0,0,0,0,0,5,5,-0.21578,5,1,human,0.0003464523281596,0.5343829898349378,0.1333333333333333,"countries, cold, us, ussr, war"
public,1,0,1,0,0,0,0,0,0,0,0,0,0,0,0,5,5,-0.1548399999999999,6,1,public,0.0003464523281596,0.5343829898349378,0.1333333333333333,"countries, cold, us, ussr, war"
before,0,0,0,1,0,0,1,0,0,0,0,0,0,0,0,5,4,-0.56578,6,1,before,0.0003464523281596,0.5343829898349378,0.1333333333333333,"countries, cold, us, ussr, war"
various,0,0,1,0,0,0,0,0,0,0,0,0,0,0,0,5,5,-0.24992,7,1,various,0.0003464523281596,0.5343829898349378,0.0666666666666666,"countries, cold, us, ussr, war"
regarded,0,1,0,0,0,0,0,0,0,0,0,0,0,0,0,5,5,-0.36844,8,1,regarded,0.0003464523281596,0.5343829898349378,0.0666666666666666,"countries, cold, us, ussr, war"
arena,1,0,0,0,0,0,0,0,0,0,0,0,0,0,0,5,5,0.36584,5,1,arena,0.0003464523281596,0.5343829898349378,0.0666666666666666,"countries, cold, us, ussr, war"
status,1,0,0,0,0,0,0,0,0,0,0,0,0,0,0,5,5,0.68682,6,1,status,0.0003464523281596,0.5343829898349378,0.0666666666666666,"countries, cold, us, ussr, war"
quickly,0,0,0,1,0,0,0,0,0,0,0,0,0,0,0,5,5,-0.10912,7,1,quickly,0.0003464523281596,0.5343829898349378,0.0666666666666666,"countries, cold, us, ussr, war"
economies,1,0,0,0,0,0,0,0,0,0,0,0,0,0,0,5,5,0.0036,9,1,economies,0.0003464523281596,0.5343829898349378,0.0666666666666666,"countries, cold, us, ussr, war"
ground,1,1,1,0,0,0,0,0,0,0,0,0,0,0,0,5,5,-0.075,6,1,ground,0.0003464523281596,0.5343829898349378,0.2,"countries, cold, us, ussr, war"
no,1,0,0,1,0,0,0,0,0,0,1,0,0,0,0,5,5,-0.17372,2,1,no,0.0003464523281596,0.5343829898349378,0.2,"countries, cold, us, ussr, war"
recovery,1,0,0,0,0,0,0,0,0,0,0,0,0,0,0,5,5,0.35816,8,1,recovery,0.0003464523281596,0.5343829898349378,0.0666666666666666,"countries, cold, us, ussr, war"
thinking,1,1,1,0,0,0,0,0,0,0,0,0,0,0,0,5,5,-0.62688,8,1,thinking,0.0003464523281596,0.5343829898349378,0.2,"countries, cold, us, ussr, war"
short,1,0,1,1,0,0,0,0,0,0,0,0,0,0,0,5,5,-0.14326,5,1,short,0.0003464523281596,0.5343829898349378,0.2,"countries, cold, us, ussr, war"
gains,1,1,0,0,0,0,0,0,0,0,0,0,0,0,0,5,4,-0.1277599999999999,5,1,gains,0.0003464523281596,0.5343829898349378,0.1333333333333333,"countries, cold, us, ussr, war"
field,1,1,0,0,0,0,0,0,0,0,0,0,0,0,0,5,5,0.0714399999999999,5,1,field,0.0003464523281596,0.5343829898349378,0.1333333333333333,"countries, cold, us, ussr, war"
former,1,0,1,0,0,0,0,0,0,0,0,0,0,0,0,5,5,-0.0255,6,1,former,0.0003464523281596,0.5343829898349378,0.1333333333333333,"countries, cold, us, ussr, war"
maintained,0,1,1,0,0,0,0,0,0,0,0,0,0,0,0,5,5,-0.20348,10,1,maintained,0.0003464523281596,0.5343829898349378,0.1333333333333333,"countries, cold, us, ussr, war"
declared,0,1,1,0,0,0,0,0,0,0,0,0,0,0,0,5,5,-0.2537,8,1,declared,0.0003464523281596,0.5343829898349378,0.1333333333333333,"countries, cold, us, ussr, war"
later,0,0,1,1,0,0,0,0,0,0,0,0,0,0,0,5,5,-0.16036,5,1,later,0.0003464523281596,0.5343829898349378,0.1333333333333333,"countries, cold, us, ussr, war"
deployment,1,0,0,0,0,0,0,0,0,0,0,0,0,0,0,5,5,-0.32058,10,1,deployment,0.0003464523281596,0.5343829898349378,0.0666666666666666,"countries, cold, us, ussr, war"
geopolitical,0,0,1,0,0,0,0,0,0,0,0,0,0,0,0,5,5,-0.3129,12,1,geopolitical,0.0003464523281596,0.5343829898349378,0.0666666666666666,"countries, cold, us, ussr, war"
c,1,0,0,0,0,0,0,0,0,0,0,0,0,0,0,5,5,0.0,1,1,c,0.0003464523281596,0.5343829898349378,0.0666666666666666,"countries, cold, us, ussr, war"
factors,1,1,0,0,0,0,0,0,0,0,0,0,0,0,0,5,5,-0.0765999999999999,7,1,factors,0.0003464523281596,0.5343829898349378,0.1333333333333333,"countries, cold, us, ussr, war"
signed,0,1,1,0,0,0,0,0,0,0,0,0,0,0,0,5,5,-0.21774,6,1,signed,0.0003464523281596,0.5343829898349378,0.1333333333333333,"countries, cold, us, ussr, war"
finally,0,0,0,1,0,0,0,0,0,0,0,0,0,0,0,5,5,-0.4671599999999999,7,1,finally,0.0003464523281596,0.5343829898349378,0.0666666666666666,"countries, cold, us, ussr, war"
united,0,1,1,0,0,0,0,0,0,0,0,0,0,0,0,5,5,0.1567,6,1,united,0.0003464523281596,0.5343829898349378,0.1333333333333333,"countries, cold, us, ussr, war"
mutual,1,0,1,0,0,0,0,0,0,0,0,0,0,0,0,5,5,0.13692,6,1,mutual,0.0003464523281596,0.5343829898349378,0.1333333333333333,"countries, cold, us, ussr, war"
union,1,0,1,0,0,0,0,0,0,0,0,0,0,0,0,5,5,-0.0200799999999999,5,1,union,0.0003464523281596,0.5343829898349378,0.1333333333333333,"countries, cold, us, ussr, war"
core,1,1,0,0,0,0,0,0,0,0,0,0,0,0,0,5,5,0.2241,4,1,core,0.0003464523281596,0.5343829898349378,0.1333333333333333,"countries, cold, us, ussr, war"
came,1,1,0,0,0,0,0,0,0,0,0,0,0,0,0,5,5,-0.0784199999999999,4,1,came,0.0003464523281596,0.5343829898349378,0.1333333333333333,"countries, cold, us, ussr, war"
basis,1,0,0,0,0,0,0,0,0,0,0,0,0,0,0,5,5,-0.0716999999999999,5,1,basis,0.0003464523281596,0.5343829898349378,0.0666666666666666,"countries, cold, us, ussr, war"
peninsula,1,0,0,0,0,0,0,0,0,0,0,0,0,0,0,5,4,-0.3621,9,1,peninsula,0.0003464523281596,0.5343829898349378,0.0666666666666666,"countries, cold, us, ussr, war"
related,0,1,1,0,0,0,0,0,0,0,0,0,0,0,0,4,3,-0.4951,7,1,related,0.0002771618625277,0.5143212870569726,0.1333333333333333,"countries, cold, us, ussr, war"
investment,1,0,0,0,0,0,0,0,0,0,0,0,0,0,0,4,4,0.3735,10,1,investment,0.0002771618625277,0.5143212870569726,0.0666666666666666,"countries, cold, us, ussr, war"
intelligence,1,0,0,0,0,0,0,0,0,0,0,0,0,0,0,4,4,0.190875,12,1,intelligence,0.0002771618625277,0.5143212870569726,0.0666666666666666,"countries, cold, us, ussr, war"
difficulties,1,0,0,0,0,0,0,0,0,0,0,0,0,0,0,4,4,-0.428675,12,1,difficulties,0.0002771618625277,0.5143212870569726,0.0666666666666666,"countries, cold, us, ussr, war"
even,1,1,1,1,0,0,0,0,0,0,0,0,0,0,0,4,4,-0.0908,4,1,even,0.0002771618625277,0.5143212870569726,0.2666666666666666,"countries, cold, us, ussr, war"
increased,0,1,1,0,0,0,0,0,0,0,0,0,0,0,0,4,4,-0.023575,9,1,increased,0.0002771618625277,0.5143212870569726,0.1333333333333333,"countries, cold, us, ussr, war"
laser,1,0,0,0,0,0,0,0,0,0,0,0,0,0,0,4,3,-0.4100999999999999,5,1,laser,0.0002771618625277,0.5143212870569726,0.0666666666666666,"countries, cold, us, ussr, war"
britain,1,0,0,0,0,0,0,0,0,0,0,0,0,0,0,4,4,-0.0388,7,1,britain,0.0002771618625277,0.5143212870569726,0.0666666666666666,"countries, cold, us, ussr, war"
contain,0,1,0,0,0,0,0,0,0,0,0,0,0,0,0,4,4,0.0300749999999999,7,1,contain,0.0002771618625277,0.5143212870569726,0.0666666666666666,"countries, cold, us, ussr, war"
aggravated,0,0,1,0,0,0,0,0,0,0,0,0,0,0,0,4,4,-0.74905,10,1,aggravated,0.0002771618625277,0.5143212870569726,0.0666666666666666,"countries, cold, us, ussr, war"
lost,0,1,1,0,0,0,0,0,0,0,0,0,0,0,0,4,4,-0.4756749999999999,4,1,lost,0.0002771618625277,0.5143212870569726,0.1333333333333333,"countries, cold, us, ussr, war"
event,1,0,0,0,0,0,0,0,0,0,0,0,0,0,0,4,4,-0.0344249999999999,5,1,event,0.0002771618625277,0.5143212870569726,0.0666666666666666,"countries, cold, us, ussr, war"
last,1,1,1,1,0,0,0,0,0,0,0,0,0,0,0,4,4,0.013975,4,1,last,0.0002771618625277,0.5143212870569726,0.2666666666666666,"countries, cold, us, ussr, war"
held,0,1,1,0,0,0,0,0,0,0,0,0,0,0,0,4,4,-0.1190249999999999,4,1,held,0.0002771618625277,0.5143212870569726,0.1333333333333333,"countries, cold, us, ussr, war"
tente,0,0,0,0,0,0,0,0,0,0,0,0,0,0,0,4,4,-0.156075,5,1,tente,0.0002771618625277,0.5143212870569726,0.0,"countries, cold, us, ussr, war"
deterrence,1,0,0,0,0,0,0,0,0,0,0,0,0,0,0,4,4,-0.0451999999999999,10,1,deterrence,0.0002771618625277,0.5143212870569726,0.0666666666666666,"countries, cold, us, ussr, war"
regions,1,0,0,0,0,0,0,0,0,0,0,0,0,0,0,4,4,-0.23485,7,1,regions,0.0002771618625277,0.5143212870569726,0.0666666666666666,"countries, cold, us, ussr, war"
burden,1,1,0,0,0,0,0,0,0,0,0,0,0,0,0,4,4,0.0233,6,1,burden,0.0002771618625277,0.5143212870569726,0.1333333333333333,"countries, cold, us, ussr, war"
importance,1,0,0,0,0,0,0,0,0,0,0,0,0,0,0,4,4,0.7162250000000001,10,1,importance,0.0002771618625277,0.5143212870569726,0.0666666666666666,"countries, cold, us, ussr, war"
progress,1,1,0,0,0,0,0,0,0,0,0,0,0,0,0,4,4,0.35815,8,1,progress,0.0002771618625277,0.5143212870569726,0.1333333333333333,"countries, cold, us, ussr, war"
fundamental,1,0,1,0,0,0,0,0,0,0,0,0,0,0,0,4,4,0.0238,11,1,fundamental,0.0002771618625277,0.5143212870569726,0.1333333333333333,"countries, cold, us, ussr, war"
resulting,0,1,1,0,0,0,0,0,0,0,0,0,0,0,0,4,4,-0.382075,9,1,resulting,0.0002771618625277,0.5143212870569726,0.1333333333333333,"countries, cold, us, ussr, war"
society,1,0,0,0,0,0,0,0,0,0,0,0,0,0,0,4,4,0.182025,7,1,society,0.0002771618625277,0.5143212870569726,0.0666666666666666,"countries, cold, us, ussr, war"
china's,0,0,0,0,0,0,0,0,0,0,0,0,0,0,0,4,4,-0.0077999999999999,7,1,china's,0.0002771618625277,0.5143212870569726,0.0,"countries, cold, us, ussr, war"
safeguard,1,1,0,0,0,0,0,0,0,0,0,0,0,0,0,4,4,0.738975,9,1,safeguard,0.0002771618625277,0.5143212870569726,0.1333333333333333,"countries, cold, us, ussr, war"
relatively,0,0,0,1,0,0,0,0,0,0,0,0,0,0,0,4,4,-0.256025,10,1,relatively,0.0002771618625277,0.5143212870569726,0.0666666666666666,"countries, cold, us, ussr, war"
theoretical,0,0,1,0,0,0,0,0,0,0,0,0,0,0,0,4,3,-0.1956,11,1,theoretical,0.0002771618625277,0.5143212870569726,0.0666666666666666,"countries, cold, us, ussr, war"
created,0,1,0,0,0,0,0,0,0,0,0,0,0,0,0,4,4,0.318225,7,1,created,0.0002771618625277,0.5143212870569726,0.0666666666666666,"countries, cold, us, ussr, war"
action,1,1,0,0,0,0,0,0,0,0,0,0,0,0,0,4,4,0.22145,6,1,action,0.0002771618625277,0.5143212870569726,0.1333333333333333,"countries, cold, us, ussr, war"
way,1,0,0,1,0,0,0,0,0,0,0,0,0,0,0,4,4,0.4073749999999999,3,1,way,0.0002771618625277,0.5143212870569726,0.1333333333333333,"countries, cold, us, ussr, war"
forming,0,1,0,0,0,0,0,0,0,0,0,0,0,0,0,4,4,-0.392775,7,1,forming,0.0002771618625277,0.5143212870569726,0.0666666666666666,"countries, cold, us, ussr, war"
measures,1,1,0,0,0,0,0,0,0,0,0,0,0,0,0,4,4,0.054275,8,1,measures,0.0002771618625277,0.5143212870569726,0.1333333333333333,"countries, cold, us, ussr, war"
inf,0,0,0,0,0,0,0,0,0,0,0,0,0,0,0,4,3,-0.2619,3,1,inf,0.0002771618625277,0.5143212870569726,0.0,"countries, cold, us, ussr, war"
invested,0,1,1,0,0,0,0,0,0,0,0,0,0,0,0,4,4,0.1065749999999999,8,1,invested,0.0002771618625277,0.5143212870569726,0.1333333333333333,"countries, cold, us, ussr, war"
hoped,0,1,0,0,0,0,0,0,0,0,0,0,0,0,0,4,4,0.513125,5,1,hoped,0.0002771618625277,0.5143212870569726,0.0666666666666666,"countries, cold, us, ussr, war"
brought,0,1,0,0,0,0,0,0,0,0,0,0,0,0,0,4,4,-0.1037249999999999,7,1,brought,0.0002771618625277,0.5143212870569726,0.0666666666666666,"countries, cold, us, ussr, war"
reforms,1,1,0,0,0,0,0,0,0,0,0,0,0,0,0,4,4,0.1523,7,1,reforms,0.0002771618625277,0.5143212870569726,0.1333333333333333,"countries, cold, us, ussr, war"
resolve,1,1,0,0,0,0,0,0,0,0,0,0,0,0,0,4,4,0.4147499999999999,7,1,resolve,0.0002771618625277,0.5143212870569726,0.1333333333333333,"countries, cold, us, ussr, war"
carried,0,1,0,0,0,0,0,0,0,0,0,0,0,0,0,4,4,-0.0436499999999999,7,1,carried,0.0002771618625277,0.5143212870569726,0.0666666666666666,"countries, cold, us, ussr, war"
launched,0,1,0,0,0,0,0,0,0,0,0,0,0,0,0,4,4,-0.3823,8,1,launched,0.0002771618625277,0.5143212870569726,0.0666666666666666,"countries, cold, us, ussr, war"
making,1,1,0,0,0,0,0,0,0,0,0,0,0,0,0,4,4,-0.188475,6,1,making,0.0002771618625277,0.5143212870569726,0.1333333333333333,"countries, cold, us, ussr, war"
democracy,1,0,0,0,0,0,0,0,0,0,0,0,0,0,0,4,4,-0.1531,9,1,democracy,0.0002771618625277,0.5143212870569726,0.0666666666666666,"countries, cold, us, ussr, war"
delivered,0,0,0,0,0,0,0,0,0,0,0,0,0,0,0,4,4,0.0358999999999999,9,1,delivered,0.0002771618625277,0.5143212870569726,0.0,"countries, cold, us, ussr, war"
community,1,0,1,0,0,0,0,0,0,0,0,0,0,0,0,4,4,-0.583575,9,1,community,0.0002771618625277,0.5143212870569726,0.1333333333333333,"countries, cold, us, ussr, war"
them,0,0,0,0,0,0,0,0,0,0,0,0,0,0,1,4,4,0.4045499999999999,4,1,them,0.0002771618625277,0.5143212870569726,0.0666666666666666,"countries, cold, us, ussr, war"
win,1,1,0,0,0,0,0,0,0,0,0,0,0,0,0,4,3,0.0968,3,1,win,0.0002771618625277,0.5143212870569726,0.1333333333333333,"countries, cold, us, ussr, war"
financial,0,0,1,0,0,0,0,0,0,0,0,0,0,0,0,4,4,-0.342675,9,1,financial,0.0002771618625277,0.5143212870569726,0.0666666666666666,"countries, cold, us, ussr, war"
highly,0,0,0,1,0,0,0,0,0,0,0,0,0,0,0,4,4,-0.7758750000000001,6,1,highly,0.0002771618625277,0.5143212870569726,0.0666666666666666,"countries, cold, us, ussr, war"
indirectly,0,0,0,1,0,0,0,0,0,0,0,0,0,0,0,4,4,-0.4282249999999999,10,1,indirectly,0.0002771618625277,0.5143212870569726,0.0666666666666666,"countries, cold, us, ussr, war"
low,1,0,1,1,0,0,0,0,0,0,0,0,0,0,0,4,4,-0.4323249999999999,3,1,low,0.0002771618625277,0.5143212870569726,0.2,"countries, cold, us, ussr, war"
events,1,0,0,0,0,0,0,0,0,0,0,0,0,0,0,4,4,-0.608075,6,1,events,0.0002771618625277,0.5143212870569726,0.0666666666666666,"countries, cold, us, ussr, war"
disputes,1,0,0,0,0,0,0,0,0,0,0,0,0,0,0,4,4,-0.25105,8,1,disputes,0.0002771618625277,0.5143212870569726,0.0666666666666666,"countries, cold, us, ussr, war"
integrity,1,0,0,0,0,0,0,0,0,0,0,0,0,0,0,4,4,-0.035275,9,1,integrity,0.0002771618625277,0.5143212870569726,0.0666666666666666,"countries, cold, us, ussr, war"
attempt,1,0,0,0,0,0,0,0,0,0,0,0,0,0,0,4,4,0.492275,7,1,attempt,0.0002771618625277,0.5143212870569726,0.0666666666666666,"countries, cold, us, ussr, war"
construction,1,0,0,0,0,0,0,0,0,0,0,0,0,0,0,4,4,-0.13065,12,1,construction,0.0002771618625277,0.5143212870569726,0.0666666666666666,"countries, cold, us, ussr, war"
rise,1,1,0,0,0,0,0,0,0,0,0,0,0,0,0,4,4,-0.345975,4,1,rise,0.0002771618625277,0.5143212870569726,0.1333333333333333,"countries, cold, us, ussr, war"
point,1,1,0,0,0,0,0,0,0,0,0,0,0,0,0,4,4,-0.316725,5,1,point,0.0002771618625277,0.5143212870569726,0.1333333333333333,"countries, cold, us, ussr, war"
fascist,1,0,1,0,0,0,0,0,0,0,0,0,0,0,0,4,2,-0.6167499999999999,7,1,fascist,0.0002771618625277,0.5143212870569726,0.1333333333333333,"countries, cold, us, ussr, war"
allies,1,1,0,0,0,0,0,0,0,0,0,0,0,0,0,4,4,0.17045,6,1,allies,0.0002771618625277,0.5143212870569726,0.1333333333333333,"countries, cold, us, ussr, war"
wall,1,1,0,0,0,0,0,0,0,0,0,0,0,0,0,4,3,-0.550675,4,1,wall,0.0002771618625277,0.5143212870569726,0.1333333333333333,"countries, cold, us, ussr, war"
include,1,1,0,0,0,0,0,0,0,0,0,0,0,0,0,4,4,0.0544749999999999,7,1,include,0.0002771618625277,0.5143212870569726,0.1333333333333333,"countries, cold, us, ussr, war"
deeply,0,0,0,1,0,0,0,0,0,0,0,0,0,0,0,4,3,0.0948249999999999,6,1,deeply,0.0002771618625277,0.5143212870569726,0.0666666666666666,"countries, cold, us, ussr, war"
believed,0,1,0,0,0,0,0,0,0,0,0,0,0,0,0,4,4,0.291975,8,1,believed,0.0002771618625277,0.5143212870569726,0.0666666666666666,"countries, cold, us, ussr, war"
diplomacy,1,0,0,0,0,0,0,0,0,0,0,0,0,0,0,4,3,0.3395999999999999,9,1,diplomacy,0.0002771618625277,0.5143212870569726,0.0666666666666666,"countries, cold, us, ussr, war"
regional,1,0,1,0,0,0,0,0,0,0,0,0,0,0,0,4,4,-0.3152749999999999,8,1,regional,0.0002771618625277,0.5143212870569726,0.1333333333333333,"countries, cold, us, ussr, war"
right,1,1,1,1,0,0,0,0,0,0,0,0,0,0,0,4,4,-0.0844999999999999,5,1,right,0.0002771618625277,0.5143212870569726,0.2666666666666666,"countries, cold, us, ussr, war"
lasted,0,1,0,0,0,0,0,0,0,0,0,0,0,0,0,4,4,-0.604125,6,1,lasted,0.0002771618625277,0.5143212870569726,0.0666666666666666,"countries, cold, us, ussr, war"
media,1,0,0,0,0,0,0,0,0,0,0,0,0,0,0,4,3,0.064,5,1,media,0.0002771618625277,0.5143212870569726,0.0666666666666666,"countries, cold, us, ussr, war"
persian,1,0,1,0,0,0,0,0,0,0,0,0,0,0,0,4,4,0.46315,7,1,persian,0.0002771618625277,0.5143212870569726,0.1333333333333333,"countries, cold, us, ussr, war"
accelerated,0,1,1,0,0,0,0,0,0,0,0,0,0,0,0,4,4,-0.132125,11,1,accelerated,0.0002771618625277,0.5143212870569726,0.1333333333333333,"countries, cold, us, ussr, war"
enhanced,0,1,1,0,0,0,0,0,0,0,0,0,0,0,0,4,4,0.3062249999999999,8,1,enhanced,0.0002771618625277,0.5143212870569726,0.1333333333333333,"countries, cold, us, ussr, war"
attention,1,0,0,0,0,0,0,0,0,0,0,0,0,0,0,4,4,0.19605,9,1,attention,0.0002771618625277,0.5143212870569726,0.0666666666666666,"countries, cold, us, ussr, war"
achieve,0,1,0,0,0,0,0,0,0,0,0,0,0,0,0,4,4,0.2300749999999999,7,1,achieve,0.0002771618625277,0.5143212870569726,0.0666666666666666,"countries, cold, us, ussr, war"
key,1,1,1,0,0,0,0,0,0,0,0,0,0,0,0,4,4,-0.2076,3,1,key,0.0002771618625277,0.5143212870569726,0.2,"countries, cold, us, ussr, war"
powerful,0,0,1,1,0,0,0,0,0,0,0,0,0,0,0,4,4,-0.177775,8,1,powerful,0.0002771618625277,0.5143212870569726,0.1333333333333333,"countries, cold, us, ussr, war"
goals,1,0,0,0,0,0,0,0,0,0,0,0,0,0,0,4,4,-0.0079,5,1,goals,0.0002771618625277,0.5143212870569726,0.0666666666666666,"countries, cold, us, ussr, war"
family,1,0,0,0,0,0,0,0,0,0,0,0,0,0,0,4,2,0.13935,6,1,family,0.0002771618625277,0.5143212870569726,0.0666666666666666,"countries, cold, us, ussr, war"
propaganda,1,0,1,0,0,0,0,0,0,0,0,0,0,0,0,4,4,0.079575,10,1,propaganda,0.0002771618625277,0.5143212870569726,0.1333333333333333,"countries, cold, us, ussr, war"
problems,1,0,0,0,0,0,0,0,0,0,0,0,0,0,0,4,4,-0.33985,8,1,problems,0.0002771618625277,0.5143212870569726,0.0666666666666666,"countries, cold, us, ussr, war"
failure,1,0,0,0,0,0,0,0,0,0,0,0,0,0,0,4,4,-0.8286500000000001,7,1,failure,0.0002771618625277,0.5143212870569726,0.0666666666666666,"countries, cold, us, ussr, war"
humane,0,0,1,0,0,0,0,0,0,0,0,0,0,0,0,4,3,-0.1159,6,1,humane,0.0002771618625277,0.5143212870569726,0.0666666666666666,"countries, cold, us, ussr, war"
prompted,0,1,0,0,0,0,0,0,0,0,0,0,0,0,0,4,4,-0.777575,8,1,prompted,0.0002771618625277,0.5143212870569726,0.0666666666666666,"countries, cold, us, ussr, war"
bases,1,1,0,0,0,0,0,0,0,0,0,0,0,0,0,4,4,0.055,5,1,bases,0.0002771618625277,0.5143212870569726,0.1333333333333333,"countries, cold, us, ussr, war"
capable,0,0,1,0,0,0,0,0,0,0,0,0,0,0,0,4,4,0.2017999999999999,7,1,capable,0.0002771618625277,0.5143212870569726,0.0666666666666666,"countries, cold, us, ussr, war"
politics,1,0,0,0,0,0,0,0,0,0,0,0,0,0,0,4,3,-0.292325,8,1,politics,0.0002771618625277,0.5143212870569726,0.0666666666666666,"countries, cold, us, ussr, war"
increasing,0,1,1,0,0,0,0,0,0,0,0,0,0,0,0,4,4,0.123475,10,1,increasing,0.0002771618625277,0.5143212870569726,0.1333333333333333,"countries, cold, us, ussr, war"
march,1,1,0,0,0,0,0,0,0,0,0,0,0,0,0,4,4,0.18575,5,1,march,0.0002771618625277,0.5143212870569726,0.1333333333333333,"countries, cold, us, ussr, war"
ideologies,1,0,0,0,0,0,0,0,0,0,0,0,0,0,0,4,3,-0.421375,10,1,ideologies,0.0002771618625277,0.5143212870569726,0.0666666666666666,"countries, cold, us, ussr, war"
upheaval,1,0,0,0,0,0,0,0,0,0,0,0,0,0,0,4,2,0.3062,8,1,upheaval,0.0002771618625277,0.5143212870569726,0.0666666666666666,"countries, cold, us, ussr, war"
km,0,0,0,0,0,0,0,0,0,0,0,0,0,0,0,4,2,-0.05295,2,0,km,0.0002771618625277,0.5143212870569726,0.0,"countries, cold, us, ussr, war"
ties,1,1,0,0,0,0,0,0,0,0,0,0,0,0,0,4,4,0.16195,4,1,ties,0.0002771618625277,0.5143212870569726,0.1333333333333333,"countries, cold, us, ussr, war"
german,1,0,1,0,0,0,0,0,0,0,0,0,0,0,0,4,4,-0.349725,6,1,german,0.0002771618625277,0.5143212870569726,0.1333333333333333,"countries, cold, us, ussr, war"
intervene,0,1,0,0,0,0,0,0,0,0,0,0,0,0,0,4,4,-0.32425,9,1,intervene,0.0002771618625277,0.5143212870569726,0.0666666666666666,"countries, cold, us, ussr, war"
adjustment,1,0,0,0,0,0,0,0,0,0,0,0,0,0,0,4,4,0.129575,10,1,adjustment,0.0002771618625277,0.5143212870569726,0.0666666666666666,"countries, cold, us, ussr, war"
multi,0,0,0,0,0,0,0,0,0,0,0,0,0,0,0,4,4,-0.518725,5,1,multi,0.0002771618625277,0.5143212870569726,0.0,"countries, cold, us, ussr, war"
used,0,1,1,0,0,0,0,0,0,0,0,0,0,0,0,4,4,0.0416,4,1,used,0.0002771618625277,0.5143212870569726,0.1333333333333333,"countries, cold, us, ussr, war"
independently,0,0,0,1,0,0,0,0,0,0,0,0,0,0,0,4,3,0.342875,13,1,independently,0.0002771618625277,0.5143212870569726,0.0666666666666666,"countries, cold, us, ussr, war"
vietnamese,1,0,1,0,0,0,0,0,0,0,0,0,0,0,0,4,3,-0.464225,10,1,vietnamese,0.0002771618625277,0.5143212870569726,0.1333333333333333,"countries, cold, us, ussr, war"
specific,1,0,1,0,0,0,0,0,0,0,0,0,0,0,0,4,4,0.4052,8,1,specific,0.0002771618625277,0.5143212870569726,0.1333333333333333,"countries, cold, us, ussr, war"
respect,1,1,0,0,0,0,0,0,0,0,0,0,0,0,0,4,4,0.6850499999999999,7,1,respect,0.0002771618625277,0.5143212870569726,0.1333333333333333,"countries, cold, us, ussr, war"
outbreak,1,0,0,0,0,0,0,0,0,0,0,0,0,0,0,4,4,-0.42105,8,1,outbreak,0.0002771618625277,0.5143212870569726,0.0666666666666666,"countries, cold, us, ussr, war"
africa,1,0,0,0,0,0,0,0,0,0,0,0,0,0,0,4,4,0.291575,6,1,africa,0.0002771618625277,0.5143212870569726,0.0666666666666666,"countries, cold, us, ussr, war"
latin,1,0,1,0,0,0,0,0,0,0,0,0,0,0,0,4,4,0.50635,5,1,latin,0.0002771618625277,0.5143212870569726,0.1333333333333333,"countries, cold, us, ussr, war"
enormous,0,0,1,0,0,0,0,0,0,0,0,0,0,0,0,4,4,-0.6727750000000001,8,1,enormous,0.0002771618625277,0.5143212870569726,0.0666666666666666,"countries, cold, us, ussr, war"
called,0,1,1,0,0,0,0,0,0,0,0,0,0,0,0,4,4,-0.194475,6,1,called,0.0002771618625277,0.5143212870569726,0.1333333333333333,"countries, cold, us, ussr, war"
signing,1,1,0,0,0,0,0,0,0,0,0,0,0,0,0,4,4,0.176225,7,1,signing,0.0002771618625277,0.5143212870569726,0.1333333333333333,"countries, cold, us, ussr, war"
term,1,1,0,0,0,0,0,0,0,0,0,0,0,0,0,4,4,-0.2857,4,1,term,0.0002771618625277,0.5143212870569726,0.1333333333333333,"countries, cold, us, ussr, war"
unite,0,1,0,0,0,0,0,0,0,0,0,0,0,0,0,4,4,-0.408475,5,1,unite,0.0002771618625277,0.5143212870569726,0.0666666666666666,"countries, cold, us, ussr, war"
agreement,1,0,0,0,0,0,0,0,0,0,0,0,0,0,0,4,4,0.1241999999999999,9,1,agreement,0.0002771618625277,0.5143212870569726,0.0666666666666666,"countries, cold, us, ussr, war"
interception,1,0,0,0,0,0,0,0,0,0,0,0,0,0,0,4,4,-0.0718249999999999,12,1,interception,0.0002771618625277,0.5143212870569726,0.0666666666666666,"countries, cold, us, ussr, war"
economically,0,0,0,1,0,0,0,0,0,0,0,0,0,0,0,4,4,-0.268425,12,1,economically,0.0002771618625277,0.5143212870569726,0.0666666666666666,"countries, cold, us, ussr, war"
land,1,1,1,0,0,0,0,0,0,0,0,0,0,0,0,3,3,0.3052666666666666,4,1,land,0.0002078713968957,0.4860001779968491,0.2,"countries, cold, us, ussr, war"
includes,1,1,0,0,0,0,0,0,0,0,0,0,0,0,0,3,3,-0.5046333333333333,8,1,includes,0.0002078713968957,0.4860001779968491,0.1333333333333333,"countries, cold, us, ussr, war"
www,0,0,0,0,0,0,0,0,0,0,0,0,0,0,0,3,3,0.0,3,1,www,0.0002078713968957,0.4860001779968491,0.0,"countries, cold, us, ussr, war"
gov,1,0,0,0,0,0,0,0,0,0,0,0,0,0,0,3,3,0.0,3,1,gov,0.0002078713968957,0.4860001779968491,0.0666666666666666,"countries, cold, us, ussr, war"
com,0,0,0,0,0,0,0,0,0,0,0,0,0,0,0,3,3,0.0,3,1,com,0.0002078713968957,0.4860001779968491,0.0,"countries, cold, us, ussr, war"
cnki,0,0,0,0,0,0,0,0,0,0,0,0,0,0,0,3,3,0.0,4,1,cnki,0.0002078713968957,0.4860001779968491,0.0,"countries, cold, us, ussr, war"
incoming,1,0,1,0,0,0,0,0,0,0,0,0,0,0,0,3,3,-0.2708666666666666,8,1,incoming,0.0002078713968957,0.4860001779968491,0.1333333333333333,"countries, cold, us, ussr, war"
radars,0,0,0,0,0,0,0,0,0,0,0,0,0,0,0,3,3,-0.1953,6,1,radars,0.0002078713968957,0.4860001779968491,0.0,"countries, cold, us, ussr, war"
warning,1,1,1,0,0,0,0,0,0,0,0,0,0,0,0,3,2,-0.5713666666666667,7,1,warning,0.0002078713968957,0.4860001779968491,0.2,"countries, cold, us, ussr, war"
f,1,0,0,0,0,0,0,0,0,0,0,0,0,0,0,3,2,0.0,1,1,f,0.0002078713968957,0.4860001779968491,0.0666666666666666,"countries, cold, us, ussr, war"
baidu,0,0,0,0,0,0,0,0,0,0,0,0,0,0,0,3,3,0.0,5,1,baidu,0.0002078713968957,0.4860001779968491,0.0,"countries, cold, us, ussr, war"
cn,1,0,0,0,0,0,0,0,0,0,0,0,0,0,0,3,3,0.0,2,1,cn,0.0002078713968957,0.4860001779968491,0.0666666666666666,"countries, cold, us, ussr, war"
facing,1,1,0,0,0,0,0,0,0,0,0,0,0,0,0,3,3,-0.2624333333333333,6,1,facing,0.0002078713968957,0.4860001779968491,0.1333333333333333,"countries, cold, us, ussr, war"
huge,0,0,1,0,0,0,0,0,0,0,0,0,0,0,0,3,3,0.1377333333333333,4,1,huge,0.0002078713968957,0.4860001779968491,0.0666666666666666,"countries, cold, us, ussr, war"
ensure,0,0,0,0,0,0,0,0,0,0,0,0,0,0,0,3,3,0.6020333333333333,6,1,ensure,0.0002078713968957,0.4860001779968491,0.0,"countries, cold, us, ussr, war"
reconnaissance,1,0,0,0,0,0,0,0,0,0,0,0,0,0,0,3,2,-0.0734333333333333,14,1,reconnaissance,0.0002078713968957,0.4860001779968491,0.0666666666666666,"countries, cold, us, ussr, war"
j,1,0,0,0,0,0,0,0,0,0,0,0,0,0,0,3,3,0.0,1,1,j,0.0002078713968957,0.4860001779968491,0.0666666666666666,"countries, cold, us, ussr, war"
referred,0,1,0,0,0,0,0,0,0,0,0,0,0,0,0,3,3,-0.0109333333333333,8,1,referred,0.0002078713968957,0.4860001779968491,0.0666666666666666,"countries, cold, us, ussr, war"
left,1,1,1,1,0,0,0,0,0,0,0,0,0,0,0,3,3,-0.7442000000000001,4,1,left,0.0002078713968957,0.4860001779968491,0.2666666666666666,"countries, cold, us, ussr, war"
dissolution,1,0,0,0,0,0,0,0,0,0,0,0,0,0,0,3,2,-0.5518666666666667,11,1,dissolution,0.0002078713968957,0.4860001779968491,0.0666666666666666,"countries, cold, us, ussr, war"
five,1,0,1,0,0,0,0,0,0,0,0,0,0,0,0,3,3,0.5919333333333333,4,1,five,0.0002078713968957,0.4860001779968491,0.1333333333333333,"countries, cold, us, ussr, war"
czech,1,0,1,0,0,0,0,0,0,0,0,0,0,0,0,3,2,-0.0436333333333333,5,1,czech,0.0002078713968957,0.4860001779968491,0.1333333333333333,"countries, cold, us, ussr, war"
collective,1,0,1,0,0,0,0,0,0,0,0,0,0,0,0,3,2,0.3688,10,1,collective,0.0002078713968957,0.4860001779968491,0.1333333333333333,"countries, cold, us, ussr, war"
location,1,0,0,0,0,0,0,0,0,0,0,0,0,0,0,3,3,-0.0810333333333333,8,1,location,0.0002078713968957,0.4860001779968491,0.0666666666666666,"countries, cold, us, ussr, war"
equipment,1,0,0,0,0,0,0,0,0,0,0,0,0,0,0,3,3,0.4082666666666666,9,1,equipment,0.0002078713968957,0.4860001779968491,0.0666666666666666,"countries, cold, us, ussr, war"
offensive,0,0,1,0,0,0,0,0,0,0,0,0,0,0,0,3,3,-0.0094999999999999,9,1,offensive,0.0002078713968957,0.4860001779968491,0.0666666666666666,"countries, cold, us, ussr, war"
upheavals,1,0,0,0,0,0,0,0,0,0,0,0,0,0,0,3,3,-0.4923999999999999,9,1,upheavals,0.0002078713968957,0.4860001779968491,0.0666666666666666,"countries, cold, us, ussr, war"
prague,1,0,0,0,0,0,0,0,0,0,0,0,0,0,0,3,3,-0.1847,6,1,prague,0.0002078713968957,0.4860001779968491,0.0666666666666666,"countries, cold, us, ussr, war"
able,0,0,1,0,0,0,0,0,0,0,0,0,0,0,0,3,3,-0.3890666666666666,4,1,able,0.0002078713968957,0.4860001779968491,0.0666666666666666,"countries, cold, us, ussr, war"
sent,1,1,1,0,0,0,0,0,0,0,0,0,0,0,0,3,3,0.2013,4,1,sent,0.0002078713968957,0.4860001779968491,0.2,"countries, cold, us, ussr, war"
indian,1,0,1,0,0,0,0,0,0,0,0,0,0,0,0,3,3,-0.0211666666666666,6,1,indian,0.0002078713968957,0.4860001779968491,0.1333333333333333,"countries, cold, us, ussr, war"
make,1,1,0,0,0,0,0,0,0,0,0,0,0,0,0,3,3,-0.0803999999999999,4,1,make,0.0002078713968957,0.4860001779968491,0.1333333333333333,"countries, cold, us, ussr, war"
triggered,0,0,0,0,0,0,0,0,0,0,0,0,0,0,0,3,3,-0.6902666666666667,9,1,triggered,0.0002078713968957,0.4860001779968491,0.0,"countries, cold, us, ussr, war"
pretext,1,0,0,0,0,0,0,0,0,0,0,0,0,0,0,3,3,-0.6748999999999999,7,1,pretext,0.0002078713968957,0.4860001779968491,0.0666666666666666,"countries, cold, us, ussr, war"
principle,1,0,0,0,0,0,0,0,0,0,0,0,0,0,0,3,3,0.0840333333333333,9,1,principle,0.0002078713968957,0.4860001779968491,0.0666666666666666,"countries, cold, us, ussr, war"
carrying,1,1,0,0,0,0,0,0,0,0,0,0,0,0,0,3,3,0.4331333333333333,8,1,carrying,0.0002078713968957,0.4860001779968491,0.1333333333333333,"countries, cold, us, ussr, war"
conducive,0,0,1,0,0,0,0,0,0,0,0,0,0,0,0,3,3,0.3452,9,1,conducive,0.0002078713968957,0.4860001779968491,0.0666666666666666,"countries, cold, us, ussr, war"
safeguarding,0,1,0,0,0,0,0,0,0,0,0,0,0,0,0,3,3,0.8019666666666666,12,1,safeguarding,0.0002078713968957,0.4860001779968491,0.0666666666666666,"countries, cold, us, ussr, war"
rapid,1,0,1,0,0,0,0,0,0,0,0,0,0,0,0,3,3,-0.0242333333333333,5,1,rapid,0.0002078713968957,0.4860001779968491,0.1333333333333333,"countries, cold, us, ussr, war"
aimed,0,1,0,0,0,0,0,0,0,0,0,0,0,0,0,3,3,0.1812,5,1,aimed,0.0002078713968957,0.4860001779968491,0.0666666666666666,"countries, cold, us, ussr, war"
negative,1,0,1,0,0,0,0,0,0,0,0,0,0,0,0,3,3,-0.0164333333333333,8,1,negative,0.0002078713968957,0.4860001779968491,0.1333333333333333,"countries, cold, us, ussr, war"
oil,1,1,0,0,0,0,0,0,0,0,0,0,0,0,0,3,3,0.5577,3,1,oil,0.0002078713968957,0.4860001779968491,0.1333333333333333,"countries, cold, us, ussr, war"
invasion,1,0,0,0,0,0,0,0,0,0,0,0,0,0,0,3,3,-0.1161333333333333,8,1,invasion,0.0002078713968957,0.4860001779968491,0.0666666666666666,"countries, cold, us, ussr, war"
achievements,1,0,0,0,0,0,0,0,0,0,0,0,0,0,0,3,3,0.2277666666666666,12,1,achievements,0.0002078713968957,0.4860001779968491,0.0666666666666666,"countries, cold, us, ussr, war"
activities,1,0,0,0,0,0,0,0,0,0,0,0,0,0,0,3,3,0.2978,10,1,activities,0.0002078713968957,0.4860001779968491,0.0666666666666666,"countries, cold, us, ussr, war"
conditions,1,1,0,0,0,0,0,0,0,0,0,0,0,0,0,3,3,0.5236,10,1,conditions,0.0002078713968957,0.4860001779968491,0.1333333333333333,"countries, cold, us, ussr, war"
being,1,1,0,0,1,0,0,0,0,0,0,0,0,0,0,3,3,0.4540333333333333,5,1,being,0.0002078713968957,0.4860001779968491,0.2,"countries, cold, us, ussr, war"
level,1,1,1,0,0,0,0,0,0,0,0,0,0,0,0,3,3,-0.1668666666666666,5,1,level,0.0002078713968957,0.4860001779968491,0.2,"countries, cold, us, ussr, war"
reflecting,1,1,1,0,0,0,0,0,0,0,0,0,0,0,0,3,3,-0.4667999999999999,10,1,reflecting,0.0002078713968957,0.4860001779968491,0.2,"countries, cold, us, ussr, war"
eventually,0,0,0,1,0,0,0,0,0,0,0,0,0,0,0,3,3,0.3013333333333333,10,1,eventually,0.0002078713968957,0.4860001779968491,0.0666666666666666,"countries, cold, us, ussr, war"
alliances,0,0,0,0,0,0,0,0,0,0,0,0,0,0,0,3,3,-0.0679666666666666,9,1,alliances,0.0002078713968957,0.4860001779968491,0.0,"countries, cold, us, ussr, war"
equal,1,1,1,0,0,0,0,0,0,0,0,0,0,0,0,3,3,0.3149666666666666,5,1,equal,0.0002078713968957,0.4860001779968491,0.2,"countries, cold, us, ussr, war"
path,1,0,0,0,0,0,0,0,0,0,0,0,0,0,0,3,3,0.2182333333333333,4,1,path,0.0002078713968957,0.4860001779968491,0.0666666666666666,"countries, cold, us, ussr, war"
wanted,0,1,1,0,0,0,0,0,0,0,0,0,0,0,0,3,3,-0.2828666666666666,6,1,wanted,0.0002078713968957,0.4860001779968491,0.1333333333333333,"countries, cold, us, ussr, war"
washington,1,0,0,0,0,0,0,0,0,0,0,0,0,0,0,3,3,0.0171333333333333,10,1,washington,0.0002078713968957,0.4860001779968491,0.0666666666666666,"countries, cold, us, ussr, war"
april,1,0,0,0,0,0,0,0,0,0,0,0,0,0,0,3,3,0.4122666666666667,5,1,april,0.0002078713968957,0.4860001779968491,0.0666666666666666,"countries, cold, us, ussr, war"
never,0,0,0,1,0,0,0,0,0,0,1,0,0,0,0,3,3,-0.6749333333333333,5,1,never,0.0002078713968957,0.4860001779968491,0.1333333333333333,"countries, cold, us, ussr, war"
big,1,0,1,1,0,0,0,0,0,0,0,0,0,0,0,3,2,-0.2123,3,1,big,0.0002078713968957,0.4860001779968491,0.2,"countries, cold, us, ussr, war"
deteriorated,0,1,0,0,0,0,0,0,0,0,0,0,0,0,0,3,3,0.1348666666666666,12,1,deteriorated,0.0002078713968957,0.4860001779968491,0.0666666666666666,"countries, cold, us, ussr, war"
deterioration,1,0,0,0,0,0,0,0,0,0,0,0,0,0,0,3,3,0.0674333333333333,13,1,deterioration,0.0002078713968957,0.4860001779968491,0.0666666666666666,"countries, cold, us, ussr, war"
france,1,0,0,0,0,0,0,0,0,0,0,0,0,0,0,3,3,0.5306000000000001,6,1,france,0.0002078713968957,0.4860001779968491,0.0666666666666666,"countries, cold, us, ussr, war"
members,1,0,0,0,0,0,0,0,0,0,0,0,0,0,0,3,3,-0.0768333333333333,7,1,members,0.0002078713968957,0.4860001779968491,0.0666666666666666,"countries, cold, us, ussr, war"
formally,0,0,0,1,0,0,0,0,0,0,0,0,0,0,0,3,3,-0.1761,8,1,formally,0.0002078713968957,0.4860001779968491,0.0666666666666666,"countries, cold, us, ussr, war"
slovakia,1,0,0,0,0,0,0,0,0,0,0,0,0,0,0,3,2,-0.0436333333333333,8,1,slovakia,0.0002078713968957,0.4860001779968491,0.0666666666666666,"countries, cold, us, ussr, war"
armed,0,1,1,0,0,0,0,0,0,0,0,0,0,0,0,3,3,-0.2450333333333333,5,1,armed,0.0002078713968957,0.4860001779968491,0.1333333333333333,"countries, cold, us, ussr, war"
contributions,1,0,0,0,0,0,0,0,0,0,0,0,0,0,0,3,3,0.5211333333333333,13,1,contributions,0.0002078713968957,0.4860001779968491,0.0666666666666666,"countries, cold, us, ussr, war"
toward,0,0,1,0,0,0,0,0,0,0,0,0,0,0,0,3,3,-0.3712,6,1,toward,0.0002078713968957,0.4860001779968491,0.0666666666666666,"countries, cold, us, ussr, war"
allowing,0,1,0,0,0,0,0,0,0,0,0,0,0,0,0,3,3,-0.0359333333333333,8,1,allowing,0.0002078713968957,0.4860001779968491,0.0666666666666666,"countries, cold, us, ussr, war"
oppose,0,1,0,0,0,0,0,0,0,0,0,0,0,0,0,3,3,-0.1563333333333333,6,1,oppose,0.0002078713968957,0.4860001779968491,0.0666666666666666,"countries, cold, us, ussr, war"
emphasizing,1,0,0,0,0,0,0,0,0,0,0,0,0,0,0,3,3,0.0718333333333333,11,1,emphasizing,0.0002078713968957,0.4860001779968491,0.0666666666666666,"countries, cold, us, ussr, war"
leadership,1,0,0,0,0,0,0,0,0,0,0,0,0,0,0,3,3,-0.3086666666666667,10,1,leadership,0.0002078713968957,0.4860001779968491,0.0666666666666666,"countries, cold, us, ussr, war"
class,1,0,0,0,0,0,0,0,0,0,0,0,0,0,0,3,3,0.2553333333333333,5,1,class,0.0002078713968957,0.4860001779968491,0.0666666666666666,"countries, cold, us, ussr, war"
unequal,0,0,1,0,0,0,0,0,0,0,0,0,0,0,0,3,3,-0.3422333333333333,7,1,unequal,0.0002078713968957,0.4860001779968491,0.0666666666666666,"countries, cold, us, ussr, war"
pursued,1,1,1,0,0,0,0,0,0,0,0,0,0,0,0,3,3,0.1793666666666666,7,1,pursued,0.0002078713968957,0.4860001779968491,0.2,"countries, cold, us, ussr, war"
newly,0,0,0,1,0,0,0,0,0,0,0,0,0,0,0,3,3,0.5287999999999999,5,1,newly,0.0002078713968957,0.4860001779968491,0.0666666666666666,"countries, cold, us, ussr, war"
jointly,0,0,0,1,0,0,0,0,0,0,0,0,0,0,0,3,3,0.0400999999999999,7,1,jointly,0.0002078713968957,0.4860001779968491,0.0666666666666666,"countries, cold, us, ussr, war"
promoting,0,1,0,0,0,0,0,0,0,0,0,0,0,0,0,3,3,0.1705999999999999,9,1,promoting,0.0002078713968957,0.4860001779968491,0.0666666666666666,"countries, cold, us, ussr, war"
half,1,0,1,1,0,0,0,0,0,0,0,0,0,0,0,3,3,-0.6421333333333333,4,1,half,0.0002078713968957,0.4860001779968491,0.2,"countries, cold, us, ussr, war"
extremely,0,0,0,1,0,0,0,0,0,0,0,0,0,0,0,3,3,-0.1741333333333333,9,1,extremely,0.0002078713968957,0.4860001779968491,0.0666666666666666,"countries, cold, us, ussr, war"
rights,1,1,1,0,0,0,0,0,0,0,0,0,0,0,0,3,2,0.7196333333333333,6,1,rights,0.0002078713968957,0.4860001779968491,0.2,"countries, cold, us, ussr, war"
prices,1,1,0,0,0,0,0,0,0,0,0,0,0,0,0,3,2,-0.3662666666666667,6,1,prices,0.0002078713968957,0.4860001779968491,0.1333333333333333,"countries, cold, us, ussr, war"
products,0,0,0,0,0,0,0,0,0,0,0,0,0,0,0,3,3,0.0315,8,1,products,0.0002078713968957,0.4860001779968491,0.0,"countries, cold, us, ussr, war"
sea,1,0,1,0,0,0,0,0,0,0,0,0,0,0,0,3,2,-0.0853333333333333,3,1,sea,0.0002078713968957,0.4860001779968491,0.1333333333333333,"countries, cold, us, ussr, war"
across,1,0,1,1,0,0,0,0,0,0,0,0,0,0,0,3,3,-0.0426666666666666,6,1,across,0.0002078713968957,0.4860001779968491,0.2,"countries, cold, us, ussr, war"
october,1,0,0,0,0,0,0,0,0,0,0,0,0,0,0,3,3,0.0132333333333333,7,1,october,0.0002078713968957,0.4860001779968491,0.0666666666666666,"countries, cold, us, ussr, war"
blockade,1,1,0,0,0,0,0,0,0,0,0,0,0,0,0,3,3,0.0389666666666666,8,1,blockade,0.0002078713968957,0.4860001779968491,0.1333333333333333,"countries, cold, us, ussr, war"
warheads,1,0,0,0,0,0,0,0,0,0,0,0,0,0,0,3,3,-0.0123333333333333,8,1,warheads,0.0002078713968957,0.4860001779968491,0.0666666666666666,"countries, cold, us, ussr, war"
intervention,1,0,0,0,0,0,0,0,0,0,0,0,0,0,0,3,3,-0.3505,12,1,intervention,0.0002078713968957,0.4860001779968491,0.0666666666666666,"countries, cold, us, ussr, war"
stopped,0,1,1,0,0,0,0,0,0,0,0,0,0,0,0,3,3,-0.6749333333333333,7,1,stopped,0.0002078713968957,0.4860001779968491,0.1333333333333333,"countries, cold, us, ussr, war"
areas,1,0,0,0,0,0,0,0,0,0,0,0,0,0,0,3,3,-0.2187666666666667,5,1,areas,0.0002078713968957,0.4860001779968491,0.0666666666666666,"countries, cold, us, ussr, war"
agreements,0,0,0,0,0,0,0,0,0,0,0,0,0,0,0,3,3,0.458,10,1,agreements,0.0002078713968957,0.4860001779968491,0.0,"countries, cold, us, ussr, war"
reached,0,1,0,0,0,0,0,0,0,0,0,0,0,0,0,3,3,0.1936333333333333,7,1,reached,0.0002078713968957,0.4860001779968491,0.0666666666666666,"countries, cold, us, ussr, war"
hegemonic,0,0,1,0,0,0,0,0,0,0,0,0,0,0,0,3,3,-0.5484,9,1,hegemonic,0.0002078713968957,0.4860001779968491,0.0666666666666666,"countries, cold, us, ussr, war"
stage,1,1,0,0,0,0,0,0,0,0,0,0,0,0,0,3,3,-0.3228333333333333,5,1,stage,0.0002078713968957,0.4860001779968491,0.1333333333333333,"countries, cold, us, ussr, war"
extensive,0,0,1,0,0,0,0,0,0,0,0,0,0,0,0,3,3,-0.1233333333333333,9,1,extensive,0.0002078713968957,0.4860001779968491,0.0666666666666666,"countries, cold, us, ussr, war"
movements,1,0,0,0,0,0,0,0,0,0,0,0,0,0,0,3,3,0.5478666666666666,9,1,movements,0.0002078713968957,0.4860001779968491,0.0666666666666666,"countries, cold, us, ussr, war"
decline,1,1,0,0,0,0,0,0,0,0,0,0,0,0,0,3,3,-0.5290333333333334,7,1,decline,0.0002078713968957,0.4860001779968491,0.1333333333333333,"countries, cold, us, ussr, war"
strategies,0,0,0,0,0,0,0,0,0,0,0,0,0,0,0,3,3,-0.5906333333333333,10,1,strategies,0.0002078713968957,0.4860001779968491,0.0,"countries, cold, us, ussr, war"
resistance,1,0,0,0,0,0,0,0,0,0,0,0,0,0,0,3,3,0.0638666666666666,10,1,resistance,0.0002078713968957,0.4860001779968491,0.0666666666666666,"countries, cold, us, ussr, war"
turmoil,0,0,0,0,0,0,0,0,0,0,0,0,0,0,0,3,3,-0.1141666666666666,7,1,turmoil,0.0002078713968957,0.4860001779968491,0.0,"countries, cold, us, ussr, war"
increasingly,0,0,0,1,0,0,0,0,0,0,0,0,0,0,0,3,3,0.3617999999999999,12,1,increasingly,0.0002078713968957,0.4860001779968491,0.0666666666666666,"countries, cold, us, ussr, war"
worlds,0,0,0,0,0,0,0,0,0,0,0,0,0,0,0,3,3,0.1437666666666666,6,1,worlds,0.0002078713968957,0.4860001779968491,0.0,"countries, cold, us, ussr, war"
game,1,0,1,0,0,0,0,0,0,0,0,0,0,0,0,3,3,-0.8028666666666667,4,1,game,0.0002078713968957,0.4860001779968491,0.1333333333333333,"countries, cold, us, ussr, war"
afghan,1,0,1,0,0,0,0,0,0,0,0,0,0,0,0,3,2,-0.4285333333333334,6,1,afghan,0.0002078713968957,0.4860001779968491,0.1333333333333333,"countries, cold, us, ussr, war"
protect,0,1,0,0,0,0,0,0,0,0,0,0,0,0,0,3,3,0.7860666666666667,7,1,protect,0.0002078713968957,0.4860001779968491,0.0666666666666666,"countries, cold, us, ussr, war"
amount,1,1,0,0,0,0,0,0,0,0,0,0,0,0,0,3,3,0.5639333333333333,6,1,amount,0.0002078713968957,0.4860001779968491,0.1333333333333333,"countries, cold, us, ussr, war"
university,1,0,0,0,0,0,0,0,0,0,0,0,0,0,0,3,3,0.0,10,1,university,0.0002078713968957,0.4860001779968491,0.0666666666666666,"countries, cold, us, ussr, war"
intermediate,1,0,1,0,0,0,0,0,0,0,0,0,0,0,0,3,2,-0.4323999999999999,12,1,intermediate,0.0002078713968957,0.4860001779968491,0.1333333333333333,"countries, cold, us, ussr, war"
harry,0,1,0,0,0,0,0,0,0,0,0,0,0,0,0,3,3,-0.4197,5,1,harry,0.0002078713968957,0.4860001779968491,0.0666666666666666,"countries, cold, us, ussr, war"
minister,1,1,0,0,0,0,0,0,0,0,0,0,0,0,0,3,3,0.0478666666666666,8,1,minister,0.0002078713968957,0.4860001779968491,0.1333333333333333,"countries, cold, us, ussr, war"
heart,1,0,0,0,0,0,0,0,0,0,0,0,0,0,0,3,3,0.0522333333333333,5,1,heart,0.0002078713968957,0.4860001779968491,0.0666666666666666,"countries, cold, us, ussr, war"
administration's,0,0,0,0,0,0,0,0,0,0,0,0,0,0,0,3,3,0.4185,16,1,administration's,0.0002078713968957,0.4860001779968491,0.0,"countries, cold, us, ussr, war"
understanding,1,1,1,0,0,0,0,0,0,0,0,0,0,0,0,3,3,0.4039,13,1,understanding,0.0002078713968957,0.4860001779968491,0.2,"countries, cold, us, ussr, war"
mode,1,0,0,0,0,0,0,0,0,0,0,0,0,0,0,3,3,-0.4785999999999999,4,1,mode,0.0002078713968957,0.4860001779968491,0.0666666666666666,"countries, cold, us, ussr, war"
because,0,0,0,0,0,0,1,0,0,0,0,0,0,0,0,3,3,-0.3799999999999999,7,1,because,0.0002078713968957,0.4860001779968491,0.0666666666666666,"countries, cold, us, ussr, war"
existence,0,0,0,0,0,0,0,0,0,0,0,0,0,0,0,3,3,-0.7703333333333333,9,1,existence,0.0002078713968957,0.4860001779968491,0.0,"countries, cold, us, ussr, war"
another,0,0,1,0,0,0,0,0,0,0,0,0,0,0,1,3,3,-0.4884666666666666,7,1,another,0.0002078713968957,0.4860001779968491,0.1333333333333333,"countries, cold, us, ussr, war"
tense,1,1,1,0,0,0,0,0,0,0,0,0,0,0,0,3,3,-0.8743,5,1,tense,0.0002078713968957,0.4860001779968491,0.2,"countries, cold, us, ussr, war"
re,1,0,0,0,0,0,0,0,0,0,0,0,0,0,0,3,3,-0.7174,2,1,re,0.0002078713968957,0.4860001779968491,0.0666666666666666,"countries, cold, us, ussr, war"
implementation,1,0,0,0,0,0,0,0,0,0,0,0,0,0,0,3,3,0.2014,14,1,implementation,0.0002078713968957,0.4860001779968491,0.0666666666666666,"countries, cold, us, ussr, war"
nixon's,0,0,0,0,0,0,0,0,0,0,0,0,0,0,0,3,3,-0.1589,7,1,nixon's,0.0002078713968957,0.4860001779968491,0.0,"countries, cold, us, ussr, war"
tonkin,0,0,0,0,0,0,0,0,0,0,0,0,0,0,0,3,1,-0.5423,6,1,tonkin,0.0002078713968957,0.4860001779968491,0.0,"countries, cold, us, ussr, war"
city,1,0,0,0,0,0,0,0,0,0,0,0,0,0,0,3,2,0.5880666666666667,4,1,city,0.0002078713968957,0.4860001779968491,0.0666666666666666,"countries, cold, us, ussr, war"
southeast,1,0,1,1,0,0,0,0,0,0,0,0,0,0,0,3,3,-0.6318,9,1,southeast,0.0002078713968957,0.4860001779968491,0.2,"countries, cold, us, ussr, war"
reunification,1,0,0,0,0,0,0,0,0,0,0,0,0,0,0,3,1,0.5106,13,1,reunification,0.0002078713968957,0.4860001779968491,0.0666666666666666,"countries, cold, us, ussr, war"
full,1,1,1,1,0,0,0,0,0,0,0,0,0,0,0,3,3,-0.8067333333333333,4,1,full,0.0002078713968957,0.4860001779968491,0.2666666666666666,"countries, cold, us, ussr, war"
clear,1,1,1,1,0,0,0,0,0,0,0,0,0,0,0,3,3,0.8215666666666667,5,1,clear,0.0002078713968957,0.4860001779968491,0.2666666666666666,"countries, cold, us, ussr, war"
asian,1,0,1,0,0,0,0,0,0,0,0,0,0,0,0,3,3,0.4775333333333333,5,1,asian,0.0002078713968957,0.4860001779968491,0.1333333333333333,"countries, cold, us, ussr, war"
recover,1,1,0,0,0,0,0,0,0,0,0,0,0,0,0,3,3,0.5044333333333334,7,1,recover,0.0002078713968957,0.4860001779968491,0.1333333333333333,"countries, cold, us, ussr, war"
seen,1,1,1,0,0,0,0,0,0,0,0,0,0,0,0,3,3,-0.0458,4,1,seen,0.0002078713968957,0.4860001779968491,0.2,"countries, cold, us, ussr, war"
strongly,0,0,0,1,0,0,0,0,0,0,0,0,0,0,0,3,3,0.0617333333333333,8,1,strongly,0.0002078713968957,0.4860001779968491,0.0666666666666666,"countries, cold, us, ussr, war"
perspective,1,0,0,0,0,0,0,0,0,0,0,0,0,0,0,3,3,-0.0766666666666666,11,1,perspective,0.0002078713968957,0.4860001779968491,0.0666666666666666,"countries, cold, us, ussr, war"
faced,0,1,1,0,0,0,0,0,0,0,0,0,0,0,0,3,3,0.0458333333333333,5,1,faced,0.0002078713968957,0.4860001779968491,0.1333333333333333,"countries, cold, us, ussr, war"
adopted,0,1,1,0,0,0,0,0,0,0,0,0,0,0,0,3,3,-0.6824333333333333,7,1,adopted,0.0002078713968957,0.4860001779968491,0.1333333333333333,"countries, cold, us, ussr, war"
politically,0,0,0,1,0,0,0,0,0,0,0,0,0,0,0,3,3,-0.1397,11,1,politically,0.0002078713968957,0.4860001779968491,0.0666666666666666,"countries, cold, us, ussr, war"
stable,1,1,1,0,0,0,0,0,0,0,0,0,0,0,0,3,3,0.3587,6,1,stable,0.0002078713968957,0.4860001779968491,0.2,"countries, cold, us, ussr, war"
enhance,0,1,0,0,0,0,0,0,0,0,0,0,0,0,0,3,3,0.6031,7,1,enhance,0.0002078713968957,0.4860001779968491,0.0666666666666666,"countries, cold, us, ussr, war"
turkey,1,0,0,0,0,0,0,0,0,0,0,0,0,0,0,3,3,-0.0727,6,1,turkey,0.0002078713968957,0.4860001779968491,0.0666666666666666,"countries, cold, us, ussr, war"
emphasized,0,0,1,0,0,0,0,0,0,0,0,0,0,0,0,3,3,0.0199,10,1,emphasized,0.0002078713968957,0.4860001779968491,0.0666666666666666,"countries, cold, us, ussr, war"
return,1,1,0,0,0,0,0,0,0,0,0,0,0,0,0,3,3,0.1183,6,1,return,0.0002078713968957,0.4860001779968491,0.1333333333333333,"countries, cold, us, ussr, war"
muslim,1,0,1,0,0,0,0,0,0,0,0,0,0,0,0,3,2,-0.1339666666666666,6,1,muslim,0.0002078713968957,0.4860001779968491,0.1333333333333333,"countries, cold, us, ussr, war"
help,0,1,0,0,0,0,0,0,0,0,0,0,0,0,0,3,3,0.8267666666666668,4,1,help,0.0002078713968957,0.4860001779968491,0.0666666666666666,"countries, cold, us, ussr, war"
industrial,1,0,1,0,0,0,0,0,0,0,0,0,0,0,0,3,3,0.2607666666666667,10,1,industrial,0.0002078713968957,0.4860001779968491,0.1333333333333333,"countries, cold, us, ussr, war"
his,0,0,0,0,0,0,0,0,0,0,0,0,0,1,1,3,2,-0.5176,3,1,his,0.0002078713968957,0.4860001779968491,0.1333333333333333,"countries, cold, us, ussr, war"
taken,0,1,1,0,0,0,0,0,0,0,0,0,0,0,0,3,3,-0.1164666666666666,5,1,taken,0.0002078713968957,0.4860001779968491,0.1333333333333333,"countries, cold, us, ussr, war"
side,1,1,1,0,0,0,0,0,0,0,0,0,0,0,0,3,3,-0.5446333333333333,4,1,side,0.0002078713968957,0.4860001779968491,0.2,"countries, cold, us, ussr, war"
involved,0,1,1,0,0,0,0,0,0,0,0,0,0,0,0,3,3,-0.1007,8,1,involved,0.0002078713968957,0.4860001779968491,0.1333333333333333,"countries, cold, us, ussr, war"
year,1,0,0,0,0,0,0,0,0,0,0,0,0,0,0,3,3,-0.3612666666666667,4,1,year,0.0002078713968957,0.4860001779968491,0.0666666666666666,"countries, cold, us, ussr, war"
presence,1,0,0,0,0,0,0,0,0,0,0,0,0,0,0,3,3,0.3705666666666666,8,1,presence,0.0002078713968957,0.4860001779968491,0.0666666666666666,"countries, cold, us, ussr, war"
caused,0,1,0,0,0,0,0,0,0,0,0,0,0,0,0,3,3,-0.8428666666666667,6,1,caused,0.0002078713968957,0.4860001779968491,0.0666666666666666,"countries, cold, us, ussr, war"
change,1,1,0,0,0,0,0,0,0,0,0,0,0,0,0,3,3,0.5790000000000001,6,1,change,0.0002078713968957,0.4860001779968491,0.1333333333333333,"countries, cold, us, ussr, war"
weakened,0,0,1,0,0,0,0,0,0,0,0,0,0,0,0,3,3,-0.3515,8,1,weakened,0.0002078713968957,0.4860001779968491,0.0666666666666666,"countries, cold, us, ussr, war"
intensified,0,1,1,0,0,0,0,0,0,0,0,0,0,0,0,3,3,-0.6983333333333333,11,1,intensified,0.0002078713968957,0.4860001779968491,0.1333333333333333,"countries, cold, us, ussr, war"
symbol,1,0,0,0,0,0,0,0,0,0,0,0,0,0,0,3,3,0.1262666666666666,6,1,symbol,0.0002078713968957,0.4860001779968491,0.0666666666666666,"countries, cold, us, ussr, war"
prime,1,1,1,0,0,0,0,0,0,0,0,0,0,0,0,3,3,0.0478666666666666,5,1,prime,0.0002078713968957,0.4860001779968491,0.2,"countries, cold, us, ussr, war"
day,1,0,0,0,0,0,0,0,0,0,0,0,0,0,0,3,3,-0.7778999999999999,3,1,day,0.0002078713968957,0.4860001779968491,0.0666666666666666,"countries, cold, us, ussr, war"
theories,0,0,0,0,0,0,0,0,0,0,0,0,0,0,0,3,2,-0.8652333333333333,8,1,theories,0.0002078713968957,0.4860001779968491,0.0,"countries, cold, us, ussr, war"
growing,1,1,1,0,0,0,0,0,0,0,0,0,0,0,0,3,2,-0.0264333333333333,7,1,growing,0.0002078713968957,0.4860001779968491,0.2,"countries, cold, us, ussr, war"
victory,1,0,0,0,0,0,0,0,0,0,0,0,0,0,0,3,3,-0.5130333333333333,7,1,victory,0.0002078713968957,0.4860001779968491,0.0666666666666666,"countries, cold, us, ussr, war"
advocated,0,0,0,0,0,0,0,0,0,0,0,0,0,0,0,3,3,-0.0733333333333333,9,1,advocated,0.0002078713968957,0.4860001779968491,0.0,"countries, cold, us, ussr, war"
uk,0,0,0,0,0,0,0,0,0,0,0,0,0,0,0,3,3,-0.1060666666666666,2,0,uk,0.0002078713968957,0.4860001779968491,0.0,"countries, cold, us, ussr, war"
defeat,1,0,0,0,0,0,0,0,0,0,0,0,0,0,0,3,3,-0.7234333333333334,6,1,defeat,0.0002078713968957,0.4860001779968491,0.0666666666666666,"countries, cold, us, ussr, war"
spheres,1,0,0,0,0,0,0,0,0,0,0,0,0,0,0,3,3,-0.5084666666666666,7,1,spheres,0.0002078713968957,0.4860001779968491,0.0666666666666666,"countries, cold, us, ussr, war"
implications,0,0,0,0,0,0,0,0,0,0,0,0,0,0,0,3,3,-0.5216666666666666,12,1,implications,0.0002078713968957,0.4860001779968491,0.0,"countries, cold, us, ussr, war"
responsibility,1,0,0,0,0,0,0,0,0,0,0,0,0,0,0,3,3,0.5468999999999999,14,1,responsibility,0.0002078713968957,0.4860001779968491,0.0666666666666666,"countries, cold, us, ussr, war"
down,1,1,1,1,0,0,0,0,0,0,0,0,0,0,0,3,3,0.1255666666666667,4,1,down,0.0002078713968957,0.4860001779968491,0.2666666666666666,"countries, cold, us, ussr, war"
trying,0,1,1,0,0,0,0,0,0,0,0,0,0,0,0,3,3,-0.1497,6,1,trying,0.0002078713968957,0.4860001779968491,0.1333333333333333,"countries, cold, us, ussr, war"
establish,0,1,0,0,0,0,0,0,0,0,0,0,0,0,0,3,3,0.1344,9,1,establish,0.0002078713968957,0.4860001779968491,0.0666666666666666,"countries, cold, us, ussr, war"
detail,1,1,0,0,0,0,0,0,0,0,0,0,0,0,0,3,2,0.0,6,1,detail,0.0002078713968957,0.4860001779968491,0.1333333333333333,"countries, cold, us, ussr, war"
if,1,0,0,0,0,0,1,0,0,0,0,0,0,0,0,3,3,0.0409666666666666,2,1,if,0.0002078713968957,0.4860001779968491,0.1333333333333333,"countries, cold, us, ussr, war"
original,1,0,1,0,0,0,0,0,0,0,0,0,0,0,0,3,3,-0.5313333333333333,8,1,original,0.0002078713968957,0.4860001779968491,0.1333333333333333,"countries, cold, us, ussr, war"
modern,1,0,1,0,0,0,0,0,0,0,0,0,0,0,0,3,3,-0.0643333333333333,6,1,modern,0.0002078713968957,0.4860001779968491,0.1333333333333333,"countries, cold, us, ussr, war"
providing,0,1,0,0,0,0,0,0,0,0,0,0,0,0,0,3,3,0.3843666666666667,9,1,providing,0.0002078713968957,0.4860001779968491,0.0666666666666666,"countries, cold, us, ussr, war"
decision,1,0,0,0,0,0,0,0,0,0,0,0,0,0,0,3,3,0.0894666666666666,8,1,decision,0.0002078713968957,0.4860001779968491,0.0666666666666666,"countries, cold, us, ussr, war"
needs,1,1,0,1,0,0,0,0,0,0,0,0,0,0,0,3,3,-0.0832,5,1,needs,0.0002078713968957,0.4860001779968491,0.2,"countries, cold, us, ussr, war"
advanced,0,1,1,0,0,0,0,0,0,0,0,0,0,0,0,3,3,-0.0384666666666666,8,1,advanced,0.0002078713968957,0.4860001779968491,0.1333333333333333,"countries, cold, us, ussr, war"
mainly,0,0,0,1,0,0,0,0,0,0,0,0,0,0,0,3,2,-0.0649333333333333,6,1,mainly,0.0002078713968957,0.4860001779968491,0.0666666666666666,"countries, cold, us, ussr, war"
broke,0,1,1,0,0,0,0,0,0,0,0,0,0,0,0,3,3,-0.5981333333333333,5,1,broke,0.0002078713968957,0.4860001779968491,0.1333333333333333,"countries, cold, us, ussr, war"
korea,1,0,0,0,0,0,0,0,0,0,0,0,0,0,0,3,2,-0.2725333333333333,5,1,korea,0.0002078713968957,0.4860001779968491,0.0666666666666666,"countries, cold, us, ussr, war"
coexistence,1,0,0,0,0,0,0,0,0,0,0,0,0,0,0,3,3,0.6079333333333333,11,1,coexistence,0.0002078713968957,0.4860001779968491,0.0666666666666666,"countries, cold, us, ussr, war"
intensity,1,0,0,0,0,0,0,0,0,0,0,0,0,0,0,3,3,-0.4976666666666666,9,1,intensity,0.0002078713968957,0.4860001779968491,0.0666666666666666,"countries, cold, us, ussr, war"
unable,0,0,1,0,0,0,0,0,0,0,0,0,0,0,0,3,3,0.4485333333333334,6,1,unable,0.0002078713968957,0.4860001779968491,0.0666666666666666,"countries, cold, us, ussr, war"
opposed,0,1,1,0,0,0,0,0,0,0,0,0,0,0,0,3,3,0.1362999999999999,7,1,opposed,0.0002078713968957,0.4860001779968491,0.1333333333333333,"countries, cold, us, ussr, war"
journal,1,0,0,0,0,0,0,0,0,0,0,0,0,0,0,2,2,0.0,7,1,journal,0.0001385809312638,0.4412300856834651,0.0666666666666666,"countries, cold, us, ussr, war"
hot,0,0,1,1,0,0,0,0,0,0,0,0,0,0,0,2,2,-0.84215,3,1,hot,0.0001385809312638,0.4412300856834651,0.1333333333333333,"countries, cold, us, ussr, war"
trend,1,0,0,0,0,0,0,0,0,0,0,0,0,0,0,2,2,-0.5104500000000001,5,1,trend,0.0001385809312638,0.4412300856834651,0.0666666666666666,"countries, cold, us, ussr, war"
polarization,1,0,0,0,0,0,0,0,0,0,0,0,0,0,0,2,2,-0.5104500000000001,12,1,polarization,0.0001385809312638,0.4412300856834651,0.0666666666666666,"countries, cold, us, ussr, war"
increases,1,1,0,0,0,0,0,0,0,0,0,0,0,0,0,2,2,-0.632,9,1,increases,0.0001385809312638,0.4412300856834651,0.1333333333333333,"countries, cold, us, ussr, war"
proliferation,1,0,0,0,0,0,0,0,0,0,0,0,0,0,0,2,2,-0.4906,13,1,proliferation,0.0001385809312638,0.4412300856834651,0.0666666666666666,"countries, cold, us, ussr, war"
normal,1,0,1,0,0,0,0,0,0,0,0,0,0,0,0,2,2,0.24695,6,1,normal,0.0001385809312638,0.4412300856834651,0.1333333333333333,"countries, cold, us, ussr, war"
shake,1,1,0,0,0,0,0,0,0,0,0,0,0,0,0,2,2,0.74655,5,1,shake,0.0001385809312638,0.4412300856834651,0.1333333333333333,"countries, cold, us, ussr, war"
opportunities,1,0,0,0,0,0,0,0,0,0,0,0,0,0,0,2,2,0.65855,13,1,opportunities,0.0001385809312638,0.4412300856834651,0.0666666666666666,"countries, cold, us, ussr, war"
posters,1,0,0,0,0,0,0,0,0,0,0,0,0,0,0,2,2,0.2422,7,1,posters,0.0001385809312638,0.4412300856834651,0.0666666666666666,"countries, cold, us, ussr, war"
identity,1,0,0,0,0,0,0,0,0,0,0,0,0,0,0,2,2,0.0065,8,1,identity,0.0001385809312638,0.4412300856834651,0.0666666666666666,"countries, cold, us, ussr, war"
exaggerated,0,0,1,0,0,0,0,0,0,0,0,0,0,0,0,2,1,-0.2023,11,1,exaggerated,0.0001385809312638,0.4412300856834651,0.0666666666666666,"countries, cold, us, ussr, war"
engaged,0,1,1,0,0,0,0,0,0,0,0,0,0,0,0,2,2,-0.34995,7,1,engaged,0.0001385809312638,0.4412300856834651,0.1333333333333333,"countries, cold, us, ussr, war"
psychological,0,0,1,0,0,0,0,0,0,0,0,0,0,0,0,2,2,-0.15295,13,1,psychological,0.0001385809312638,0.4412300856834651,0.0666666666666666,"countries, cold, us, ussr, war"
provoked,0,1,1,0,0,0,0,0,0,0,0,0,0,0,0,2,2,-0.37495,8,1,provoked,0.0001385809312638,0.4412300856834651,0.1333333333333333,"countries, cold, us, ussr, war"
decided,0,1,1,0,0,0,0,0,0,0,0,0,0,0,0,2,2,0.3853,7,1,decided,0.0001385809312638,0.4412300856834651,0.1333333333333333,"countries, cold, us, ussr, war"
spring,1,1,1,0,0,0,0,0,0,0,0,0,0,0,0,2,2,-0.1372,6,1,spring,0.0001385809312638,0.4412300856834651,0.2,"countries, cold, us, ussr, war"
management,1,0,0,0,0,0,0,0,0,0,0,0,0,0,0,2,2,-0.6337,10,1,management,0.0001385809312638,0.4412300856834651,0.0666666666666666,"countries, cold, us, ussr, war"
task,1,1,0,0,0,0,0,0,0,0,0,0,0,0,0,2,2,0.0407499999999999,4,1,task,0.0001385809312638,0.4412300856834651,0.1333333333333333,"countries, cold, us, ussr, war"
constantly,0,0,0,1,0,0,0,0,0,0,0,0,0,0,0,2,2,-0.1372,10,1,constantly,0.0001385809312638,0.4412300856834651,0.0666666666666666,"countries, cold, us, ussr, war"
expanding,0,1,1,0,0,0,0,0,0,0,0,0,0,0,0,2,2,-0.30465,9,1,expanding,0.0001385809312638,0.4412300856834651,0.1333333333333333,"countries, cold, us, ussr, war"
purpose,1,1,0,0,0,0,0,0,0,0,0,0,0,0,0,2,2,0.1947,7,1,purpose,0.0001385809312638,0.4412300856834651,0.1333333333333333,"countries, cold, us, ussr, war"
establishing,0,1,0,0,0,0,0,0,0,0,0,0,0,0,0,2,2,0.40605,12,1,establishing,0.0001385809312638,0.4412300856834651,0.0666666666666666,"countries, cold, us, ussr, war"
adjustments,1,0,0,0,0,0,0,0,0,0,0,0,0,0,0,2,2,0.0824,11,1,adjustments,0.0001385809312638,0.4412300856834651,0.0666666666666666,"countries, cold, us, ussr, war"
concessions,1,0,0,0,0,0,0,0,0,0,0,0,0,0,0,2,2,-0.36755,11,1,concessions,0.0001385809312638,0.4412300856834651,0.0666666666666666,"countries, cold, us, ussr, war"
shifts,1,1,0,0,0,0,0,0,0,0,0,0,0,0,0,2,2,-0.1631,6,1,shifts,0.0001385809312638,0.4412300856834651,0.1333333333333333,"countries, cold, us, ussr, war"
respond,1,1,0,0,0,0,0,0,0,0,0,0,0,0,0,2,2,-0.5836,7,1,respond,0.0001385809312638,0.4412300856834651,0.1333333333333333,"countries, cold, us, ussr, war"
times,1,1,0,0,0,0,0,0,0,0,0,0,0,0,0,2,2,-0.5984,5,1,times,0.0001385809312638,0.4412300856834651,0.1333333333333333,"countries, cold, us, ussr, war"
spy,1,1,0,0,0,0,0,0,0,0,0,0,0,0,0,2,2,0.2294999999999999,3,1,spy,0.0001385809312638,0.4412300856834651,0.1333333333333333,"countries, cold, us, ussr, war"
allowed,0,1,1,0,0,0,0,0,0,0,0,0,0,0,0,2,2,0.1818499999999999,7,1,allowed,0.0001385809312638,0.4412300856834651,0.1333333333333333,"countries, cold, us, ussr, war"
aggression,1,0,0,0,0,0,0,0,0,0,0,0,0,0,0,2,2,-0.8561,10,1,aggression,0.0001385809312638,0.4412300856834651,0.0666666666666666,"countries, cold, us, ussr, war"
refrain,1,1,0,0,0,0,0,0,0,0,0,0,0,0,0,2,2,-0.1817499999999999,7,1,refrain,0.0001385809312638,0.4412300856834651,0.1333333333333333,"countries, cold, us, ussr, war"
undermines,0,0,0,0,0,0,0,0,0,0,0,0,0,0,0,2,2,-0.7814,10,1,undermines,0.0001385809312638,0.4412300856834651,0.0,"countries, cold, us, ussr, war"
light,1,1,1,1,0,0,0,0,0,0,0,0,0,0,0,2,2,-0.1639499999999999,5,1,light,0.0001385809312638,0.4412300856834651,0.2666666666666666,"countries, cold, us, ussr, war"
absolute,1,0,1,0,0,0,0,0,0,0,0,0,0,0,0,2,2,0.7242,8,1,absolute,0.0001385809312638,0.4412300856834651,0.1333333333333333,"countries, cold, us, ussr, war"
targets,1,1,0,0,0,0,0,0,0,0,0,0,0,0,0,2,2,0.06255,7,1,targets,0.0001385809312638,0.4412300856834651,0.1333333333333333,"countries, cold, us, ussr, war"
resolution,1,0,0,0,0,0,0,0,0,0,0,0,0,0,0,2,2,-0.08025,10,1,resolution,0.0001385809312638,0.4412300856834651,0.0666666666666666,"countries, cold, us, ussr, war"
followed,0,1,0,0,0,0,0,0,0,0,0,0,0,0,0,2,2,-0.21675,8,1,followed,0.0001385809312638,0.4412300856834651,0.0666666666666666,"countries, cold, us, ussr, war"
longer,1,0,1,1,0,0,0,0,0,0,0,0,0,0,0,2,2,-0.2535,6,1,longer,0.0001385809312638,0.4412300856834651,0.2,"countries, cold, us, ussr, war"
formulated,0,1,1,0,0,0,0,0,0,0,0,0,0,0,0,2,2,-0.31495,10,1,formulated,0.0001385809312638,0.4412300856834651,0.1333333333333333,"countries, cold, us, ussr, war"
circumstances,1,0,0,0,0,0,0,0,0,0,0,0,0,0,0,2,2,0.41695,13,1,circumstances,0.0001385809312638,0.4412300856834651,0.0666666666666666,"countries, cold, us, ussr, war"
us',0,0,0,0,0,0,0,0,0,0,0,0,0,0,0,2,2,0.6729,3,1,us',0.0001385809312638,0.4412300856834651,0.0,"countries, cold, us, ussr, war"
rebuild,1,1,0,0,0,0,0,0,0,0,0,0,0,0,0,2,2,-0.0907,7,1,rebuild,0.0001385809312638,0.4412300856834651,0.1333333333333333,"countries, cold, us, ussr, war"
widespread,0,0,1,0,0,0,0,0,0,0,0,0,0,0,0,2,2,-0.5931500000000001,10,1,widespread,0.0001385809312638,0.4412300856834651,0.0666666666666666,"countries, cold, us, ussr, war"
displaced,0,1,0,0,0,0,0,0,0,0,0,0,0,0,0,2,2,-0.79375,9,1,displaced,0.0001385809312638,0.4412300856834651,0.0666666666666666,"countries, cold, us, ussr, war"
especially,0,0,0,1,0,0,0,0,0,0,0,0,0,0,0,2,2,-0.05165,10,1,especially,0.0001385809312638,0.4412300856834651,0.0666666666666666,"countries, cold, us, ussr, war"
sign,1,1,1,0,0,0,0,0,0,0,0,0,0,0,0,2,2,-0.72565,4,1,sign,0.0001385809312638,0.4412300856834651,0.2,"countries, cold, us, ussr, war"
dictatorship,1,0,0,0,0,0,0,0,0,0,0,0,0,0,0,2,1,0.3818,12,1,dictatorship,0.0001385809312638,0.4412300856834651,0.0666666666666666,"countries, cold, us, ussr, war"
endless,0,0,1,0,0,0,0,0,0,0,0,0,0,0,0,2,2,0.0962,7,1,endless,0.0001385809312638,0.4412300856834651,0.0666666666666666,"countries, cold, us, ussr, war"
posed,0,1,1,0,0,0,0,0,0,0,0,0,0,0,0,2,2,0.06365,5,1,posed,0.0001385809312638,0.4412300856834651,0.1333333333333333,"countries, cold, us, ussr, war"
future,1,0,1,0,0,0,0,0,0,0,0,0,0,0,0,2,2,0.41305,6,1,future,0.0001385809312638,0.4412300856834651,0.1333333333333333,"countries, cold, us, ussr, war"
cannot,1,0,0,0,0,0,0,0,0,0,0,0,0,0,0,2,2,-0.25905,6,1,cannot,0.0001385809312638,0.4412300856834651,0.0666666666666666,"countries, cold, us, ussr, war"
turning,1,1,1,0,0,0,0,0,0,0,0,0,0,0,0,2,2,-0.696,7,1,turning,0.0001385809312638,0.4412300856834651,0.2,"countries, cold, us, ussr, war"
center,1,1,1,0,0,0,0,0,0,0,0,0,0,0,0,2,2,-0.93885,6,1,center,0.0001385809312638,0.4412300856834651,0.2,"countries, cold, us, ussr, war"
destruction,1,0,0,0,0,0,0,0,0,0,0,0,0,0,0,2,2,-0.39385,11,1,destruction,0.0001385809312638,0.4412300856834651,0.0666666666666666,"countries, cold, us, ussr, war"
relied,0,0,0,0,0,0,0,0,0,0,0,0,0,0,0,2,2,0.1248,6,1,relied,0.0001385809312638,0.4412300856834651,0.0,"countries, cold, us, ussr, war"
damage,1,1,0,0,0,0,0,0,0,0,0,0,0,0,0,2,1,-0.9325,6,1,damage,0.0001385809312638,0.4412300856834651,0.1333333333333333,"countries, cold, us, ussr, war"
climax,1,0,0,0,0,0,0,0,0,0,0,0,0,0,0,2,2,0.1471,6,1,climax,0.0001385809312638,0.4412300856834651,0.0666666666666666,"countries, cold, us, ussr, war"
peak,1,0,1,0,0,0,0,0,0,0,0,0,0,0,0,2,2,0.0257,4,1,peak,0.0001385809312638,0.4412300856834651,0.1333333333333333,"countries, cold, us, ussr, war"
outside,1,0,1,1,0,0,0,0,0,0,0,0,0,0,0,2,2,0.0,7,1,outside,0.0001385809312638,0.4412300856834651,0.2,"countries, cold, us, ussr, war"
party's,0,0,0,0,0,0,0,0,0,0,0,0,0,0,0,2,2,0.2787,7,1,party's,0.0001385809312638,0.4412300856834651,0.0,"countries, cold, us, ussr, war"
threats,1,0,0,0,0,0,0,0,0,0,0,0,0,0,0,2,2,-0.3964,7,1,threats,0.0001385809312638,0.4412300856834651,0.0666666666666666,"countries, cold, us, ussr, war"
centralized,0,1,1,0,0,0,0,0,0,0,0,0,0,0,0,2,2,-0.7699,11,1,centralized,0.0001385809312638,0.4412300856834651,0.1333333333333333,"countries, cold, us, ussr, war"
trumanlibrary,0,0,0,0,0,0,0,0,0,0,0,0,0,0,0,2,2,0.0,13,1,trumanlibrary,0.0001385809312638,0.4412300856834651,0.0,"countries, cold, us, ussr, war"
evolving,0,1,0,0,0,0,0,0,0,0,0,0,0,0,0,2,2,0.0747,8,1,evolving,0.0001385809312638,0.4412300856834651,0.0666666666666666,"countries, cold, us, ussr, war"
defensive,1,0,1,0,0,0,0,0,0,0,0,0,0,0,0,2,2,-0.0509,9,1,defensive,0.0001385809312638,0.4412300856834651,0.1333333333333333,"countries, cold, us, ussr, war"
worsened,0,0,1,0,0,0,0,0,0,0,0,0,0,0,0,2,2,-0.3559,8,1,worsened,0.0001385809312638,0.4412300856834651,0.0666666666666666,"countries, cold, us, ussr, war"
tactical,0,0,1,0,0,0,0,0,0,0,0,0,0,0,0,2,2,0.3625,8,1,tactical,0.0001385809312638,0.4412300856834651,0.0666666666666666,"countries, cold, us, ussr, war"
weaken,0,1,0,0,0,0,0,0,0,0,0,0,0,0,0,2,2,0.0751999999999999,6,1,weaken,0.0001385809312638,0.4412300856834651,0.0666666666666666,"countries, cold, us, ussr, war"
attack,1,1,1,0,0,0,0,0,0,0,0,0,0,0,0,2,2,-0.4063,6,1,attack,0.0001385809312638,0.4412300856834651,0.2,"countries, cold, us, ussr, war"
temporarily,0,0,0,1,0,0,0,0,0,0,0,0,0,0,0,2,2,-0.87635,11,1,temporarily,0.0001385809312638,0.4412300856834651,0.0666666666666666,"countries, cold, us, ussr, war"
danger,1,0,0,0,0,0,0,0,0,0,0,0,0,0,0,2,2,-0.90445,6,1,danger,0.0001385809312638,0.4412300856834651,0.0666666666666666,"countries, cold, us, ussr, war"
effectively,0,0,0,1,0,0,0,0,0,0,0,0,0,0,0,2,2,0.19785,11,1,effectively,0.0001385809312638,0.4412300856834651,0.0666666666666666,"countries, cold, us, ussr, war"
real,1,0,1,1,0,0,0,0,0,0,0,0,0,0,0,2,2,-0.63295,4,1,real,0.0001385809312638,0.4412300856834651,0.2,"countries, cold, us, ussr, war"
saw,1,1,0,0,0,0,0,0,0,0,0,0,0,0,0,2,2,-0.34395,3,1,saw,0.0001385809312638,0.4412300856834651,0.1333333333333333,"countries, cold, us, ussr, war"
violated,0,1,1,0,0,0,0,0,0,0,0,0,0,0,0,2,2,-0.8351999999999999,8,1,violated,0.0001385809312638,0.4412300856834651,0.1333333333333333,"countries, cold, us, ussr, war"
organizations,0,0,0,0,0,0,0,0,0,0,0,0,0,0,0,2,2,0.3987,13,1,organizations,0.0001385809312638,0.4412300856834651,0.0,"countries, cold, us, ussr, war"
multipolar,0,0,1,0,0,0,0,0,0,0,0,0,0,0,0,2,2,0.45005,10,1,multipolar,0.0001385809312638,0.4412300856834651,0.0666666666666666,"countries, cold, us, ussr, war"
liberal,1,0,1,0,0,0,0,0,0,0,0,0,0,0,0,2,2,-0.3454,7,1,liberal,0.0001385809312638,0.4412300856834651,0.1333333333333333,"countries, cold, us, ussr, war"
regimes,1,0,0,0,0,0,0,0,0,0,0,0,0,0,0,2,2,-0.6908,7,1,regimes,0.0001385809312638,0.4412300856834651,0.0666666666666666,"countries, cold, us, ussr, war"
mission,1,0,0,0,0,0,0,0,0,0,0,0,0,0,0,2,2,0.49365,7,1,mission,0.0001385809312638,0.4412300856834651,0.0666666666666666,"countries, cold, us, ussr, war"
proposing,0,1,0,0,0,0,0,0,0,0,0,0,0,0,0,2,2,0.0,9,1,proposing,0.0001385809312638,0.4412300856834651,0.0666666666666666,"countries, cold, us, ussr, war"
guiding,0,1,1,0,0,0,0,0,0,0,0,0,0,0,0,2,2,-0.064,7,1,guiding,0.0001385809312638,0.4412300856834651,0.1333333333333333,"countries, cold, us, ussr, war"
address,1,1,0,0,0,0,0,0,0,0,0,0,0,0,0,2,2,0.3953,7,1,address,0.0001385809312638,0.4412300856834651,0.1333333333333333,"countries, cold, us, ussr, war"
until,0,0,0,0,0,0,1,0,0,0,0,0,0,0,0,2,2,-0.72565,5,1,until,0.0001385809312638,0.4412300856834651,0.0666666666666666,"countries, cold, us, ussr, war"
typical,1,0,1,0,0,0,0,0,0,0,0,0,0,0,0,2,2,-0.3284,7,1,typical,0.0001385809312638,0.4412300856834651,0.1333333333333333,"countries, cold, us, ussr, war"
germany's,0,0,0,0,0,0,0,0,0,0,0,0,0,0,0,2,2,-0.92655,9,1,germany's,0.0001385809312638,0.4412300856834651,0.0,"countries, cold, us, ussr, war"
complete,0,1,1,0,0,0,0,0,0,0,0,0,0,0,0,2,2,-0.6564,8,1,complete,0.0001385809312638,0.4412300856834651,0.1333333333333333,"countries, cold, us, ussr, war"
planned,0,1,1,0,0,0,0,0,0,0,0,0,0,0,0,2,2,-0.29295,7,1,planned,0.0001385809312638,0.4412300856834651,0.1333333333333333,"countries, cold, us, ussr, war"
modeled,0,0,1,0,0,0,0,0,0,0,0,0,0,0,0,2,2,0.0827499999999999,7,1,modeled,0.0001385809312638,0.4412300856834651,0.0666666666666666,"countries, cold, us, ussr, war"
russia,1,0,0,0,0,0,0,0,0,0,0,0,0,0,0,2,2,-0.3243,6,1,russia,0.0001385809312638,0.4412300856834651,0.0666666666666666,"countries, cold, us, ussr, war"
opposition,1,0,0,0,0,0,0,0,0,0,0,0,0,0,0,2,2,0.32515,10,1,opposition,0.0001385809312638,0.4412300856834651,0.0666666666666666,"countries, cold, us, ussr, war"
british,1,0,1,0,0,0,0,0,0,0,0,0,0,0,0,2,2,-0.1088,7,1,british,0.0001385809312638,0.4412300856834651,0.1333333333333333,"countries, cold, us, ussr, war"
demand,1,1,0,0,0,0,0,0,0,0,0,0,0,0,0,2,2,-0.7895,6,1,demand,0.0001385809312638,0.4412300856834651,0.1333333333333333,"countries, cold, us, ussr, war"
prosperous,0,0,1,0,0,0,0,0,0,0,0,0,0,0,0,2,2,-0.0088,10,1,prosperous,0.0001385809312638,0.4412300856834651,0.0666666666666666,"countries, cold, us, ussr, war"
vacuum,1,1,0,0,0,0,0,0,0,0,0,0,0,0,0,2,2,-0.6355,6,1,vacuum,0.0001385809312638,0.4412300856834651,0.1333333333333333,"countries, cold, us, ussr, war"
ignore,0,1,0,0,0,0,0,0,0,0,0,0,0,0,0,2,2,-0.0829499999999999,6,1,ignore,0.0001385809312638,0.4412300856834651,0.0666666666666666,"countries, cold, us, ussr, war"
discuss,0,0,0,0,0,0,0,0,0,0,0,0,0,0,0,2,1,-0.8316,7,1,discuss,0.0001385809312638,0.4412300856834651,0.0,"countries, cold, us, ussr, war"
combination,1,0,0,0,0,0,0,0,0,0,0,0,0,0,0,2,2,0.2997,11,1,combination,0.0001385809312638,0.4412300856834651,0.0666666666666666,"countries, cold, us, ussr, war"
tendencies,1,0,0,0,0,0,0,0,0,0,0,0,0,0,0,2,2,0.0386,10,1,tendencies,0.0001385809312638,0.4412300856834651,0.0666666666666666,"countries, cold, us, ussr, war"
play,1,1,1,0,0,0,0,0,0,0,0,0,0,0,0,2,2,0.28555,4,1,play,0.0001385809312638,0.4412300856834651,0.2,"countries, cold, us, ussr, war"
severely,0,0,0,1,0,0,0,0,0,0,0,0,0,0,0,2,2,-0.5129,8,1,severely,0.0001385809312638,0.4412300856834651,0.0666666666666666,"countries, cold, us, ussr, war"
aid,1,0,0,0,0,0,0,0,0,0,0,0,0,0,0,2,2,-0.2997,3,1,aid,0.0001385809312638,0.4412300856834651,0.0666666666666666,"countries, cold, us, ussr, war"
shape,1,1,0,0,0,0,0,0,0,0,0,0,0,0,0,2,2,-0.43895,5,1,shape,0.0001385809312638,0.4412300856834651,0.1333333333333333,"countries, cold, us, ussr, war"
measure,1,1,0,0,0,0,0,0,0,0,0,0,0,0,0,2,2,0.1215999999999999,7,1,measure,0.0001385809312638,0.4412300856834651,0.1333333333333333,"countries, cold, us, ussr, war"
revolutionary,1,0,1,0,0,0,0,0,0,0,0,0,0,0,0,2,2,0.21075,13,1,revolutionary,0.0001385809312638,0.4412300856834651,0.1333333333333333,"countries, cold, us, ussr, war"
counterattack,1,1,0,0,0,0,0,0,0,0,0,0,0,0,0,2,2,0.21075,13,1,counterattack,0.0001385809312638,0.4412300856834651,0.1333333333333333,"countries, cold, us, ussr, war"
helped,0,1,0,0,0,0,0,0,0,0,0,0,0,0,0,2,2,0.2997,6,1,helped,0.0001385809312638,0.4412300856834651,0.0666666666666666,"countries, cold, us, ussr, war"
area,1,0,0,0,0,0,0,0,0,0,0,0,0,0,0,2,2,0.4253,4,1,area,0.0001385809312638,0.4412300856834651,0.0666666666666666,"countries, cold, us, ussr, war"
primary,1,0,1,0,0,0,0,0,0,0,0,0,0,0,0,2,2,0.2553,7,1,primary,0.0001385809312638,0.4412300856834651,0.1333333333333333,"countries, cold, us, ussr, war"
prevent,0,1,0,0,0,0,0,0,0,0,0,0,0,0,0,2,2,-0.2800499999999999,7,1,prevent,0.0001385809312638,0.4412300856834651,0.0666666666666666,"countries, cold, us, ussr, war"
lead,1,1,0,0,0,0,0,0,0,0,0,0,0,0,0,2,2,0.00835,4,1,lead,0.0001385809312638,0.4412300856834651,0.1333333333333333,"countries, cold, us, ussr, war"
need,1,1,0,0,0,0,0,0,0,0,0,0,0,0,0,2,2,0.1829,4,1,need,0.0001385809312638,0.4412300856834651,0.1333333333333333,"countries, cold, us, ussr, war"
required,0,0,1,0,0,0,0,0,0,0,0,0,0,0,0,2,2,0.03635,8,1,required,0.0001385809312638,0.4412300856834651,0.0666666666666666,"countries, cold, us, ussr, war"
strengthen,0,1,0,0,0,0,0,0,0,0,0,0,0,0,0,2,2,0.6059000000000001,10,1,strengthen,0.0001385809312638,0.4412300856834651,0.0666666666666666,"countries, cold, us, ussr, war"
loans,1,0,0,0,0,0,0,0,0,0,0,0,0,0,0,2,2,-0.2322499999999999,5,1,loans,0.0001385809312638,0.4412300856834651,0.0666666666666666,"countries, cold, us, ussr, war"
guam,1,0,1,0,0,0,0,0,0,0,0,0,0,0,0,2,2,0.24695,4,1,guam,0.0001385809312638,0.4412300856834651,0.1333333333333333,"countries, cold, us, ussr, war"
off,0,0,1,1,0,0,0,0,0,0,0,0,0,0,0,2,2,-0.0613499999999999,3,1,off,0.0001385809312638,0.4412300856834651,0.1333333333333333,"countries, cold, us, ussr, war"
italy,1,0,0,0,0,0,0,0,0,0,0,0,0,0,0,2,2,-0.61675,5,1,italy,0.0001385809312638,0.4412300856834651,0.0666666666666666,"countries, cold, us, ussr, war"
fought,0,1,0,0,0,0,0,0,0,0,0,0,0,0,0,2,2,-0.6403,6,1,fought,0.0001385809312638,0.4412300856834651,0.0666666666666666,"countries, cold, us, ussr, war"
literature,1,0,0,0,0,0,0,0,0,0,0,0,0,0,0,2,2,0.1806,10,1,literature,0.0001385809312638,0.4412300856834651,0.0666666666666666,"countries, cold, us, ussr, war"
focus,1,1,0,0,0,0,0,0,0,0,0,0,0,0,0,2,2,0.50395,5,1,focus,0.0001385809312638,0.4412300856834651,0.1333333333333333,"countries, cold, us, ussr, war"
restore,1,1,0,0,0,0,0,0,0,0,0,0,0,0,0,2,2,0.6423,7,1,restore,0.0001385809312638,0.4412300856834651,0.1333333333333333,"countries, cold, us, ussr, war"
production,1,0,0,0,0,0,0,0,0,0,0,0,0,0,0,2,2,0.68515,10,1,production,0.0001385809312638,0.4412300856834651,0.0666666666666666,"countries, cold, us, ussr, war"
additionally,0,0,0,1,0,0,0,0,0,0,0,0,0,0,0,2,2,0.1594,12,1,additionally,0.0001385809312638,0.4412300856834651,0.0666666666666666,"countries, cold, us, ussr, war"
concerns,0,1,0,0,0,0,0,0,0,0,0,0,0,0,0,2,2,0.4697,8,1,concerns,0.0001385809312638,0.4412300856834651,0.0666666666666666,"countries, cold, us, ussr, war"
attacks,1,1,0,0,0,0,0,0,0,0,0,0,0,0,0,2,2,-0.50825,7,1,attacks,0.0001385809312638,0.4412300856834651,0.1333333333333333,"countries, cold, us, ussr, war"
greater,0,0,1,0,0,0,0,0,0,0,0,0,0,0,0,2,2,-0.3746,7,1,greater,0.0001385809312638,0.4412300856834651,0.0666666666666666,"countries, cold, us, ussr, war"
congress,1,0,0,0,0,0,0,0,0,0,0,0,0,0,0,2,2,-0.27115,8,1,congress,0.0001385809312638,0.4412300856834651,0.0666666666666666,"countries, cold, us, ussr, war"
challenge,1,1,0,0,0,0,0,0,0,0,0,0,0,0,0,2,2,0.1279,9,1,challenge,0.0001385809312638,0.4412300856834651,0.1333333333333333,"countries, cold, us, ussr, war"
remove,1,1,0,0,0,0,0,0,0,0,0,0,0,0,0,2,2,0.2553,6,1,remove,0.0001385809312638,0.4412300856834651,0.1333333333333333,"countries, cold, us, ussr, war"
soldiers,1,1,0,0,0,0,0,0,0,0,0,0,0,0,0,2,2,0.2553,8,1,soldiers,0.0001385809312638,0.4412300856834651,0.1333333333333333,"countries, cold, us, ussr, war"
discussion,1,0,0,0,0,0,0,0,0,0,0,0,0,0,0,2,2,0.0,10,1,discussion,0.0001385809312638,0.4412300856834651,0.0666666666666666,"countries, cold, us, ussr, war"
brief,1,1,1,0,0,0,0,0,0,0,0,0,0,0,0,2,2,-0.3404,5,1,brief,0.0001385809312638,0.4412300856834651,0.2,"countries, cold, us, ussr, war"
attaches,1,1,0,0,0,0,0,0,0,0,0,0,0,0,0,2,2,0.8774500000000001,8,1,attaches,0.0001385809312638,0.4412300856834651,0.1333333333333333,"countries, cold, us, ussr, war"
what,0,0,0,1,0,0,0,0,0,0,0,0,1,0,1,2,1,-0.6249,4,1,what,0.0001385809312638,0.4412300856834651,0.2,"countries, cold, us, ussr, war"
calls,1,1,0,0,0,0,0,0,0,0,0,0,0,0,0,2,2,-0.1946,5,1,calls,0.0001385809312638,0.4412300856834651,0.1333333333333333,"countries, cold, us, ussr, war"
handling,1,1,0,0,0,0,0,0,0,0,0,0,0,0,0,2,2,-0.906,8,1,handling,0.0001385809312638,0.4412300856834651,0.1333333333333333,"countries, cold, us, ussr, war"
antagonism,1,0,0,0,0,0,0,0,0,0,0,0,0,0,0,2,2,-0.33825,10,1,antagonism,0.0001385809312638,0.4412300856834651,0.0666666666666666,"countries, cold, us, ussr, war"
communities,1,0,0,0,0,0,0,0,0,0,0,0,0,0,0,2,2,-0.20095,11,1,communities,0.0001385809312638,0.4412300856834651,0.0666666666666666,"countries, cold, us, ussr, war"
religious,1,0,1,0,0,0,0,0,0,0,0,0,0,0,0,2,2,-0.0309499999999999,9,1,religious,0.0001385809312638,0.4412300856834651,0.1333333333333333,"countries, cold, us, ussr, war"
conclusion,1,0,0,0,0,0,0,0,0,0,0,0,0,0,0,2,2,0.08615,10,1,conclusion,0.0001385809312638,0.4412300856834651,0.0666666666666666,"countries, cold, us, ussr, war"
proposition,1,1,0,0,0,0,0,0,0,0,0,0,0,0,0,2,2,-0.14445,11,1,proposition,0.0001385809312638,0.4412300856834651,0.1333333333333333,"countries, cold, us, ussr, war"
violates,0,1,0,0,0,0,0,0,0,0,0,0,0,0,0,2,2,-0.68065,8,1,violates,0.0001385809312638,0.4412300856834651,0.0666666666666666,"countries, cold, us, ussr, war"
away,0,0,1,1,0,0,0,0,0,0,0,0,0,0,0,2,2,-0.06255,4,1,away,0.0001385809312638,0.4412300856834651,0.1333333333333333,"countries, cold, us, ussr, war"
defeated,1,0,1,0,0,0,0,0,0,0,0,0,0,0,0,2,2,-0.6011500000000001,8,1,defeated,0.0001385809312638,0.4412300856834651,0.1333333333333333,"countries, cold, us, ussr, war"
completely,0,0,0,1,0,0,0,0,0,0,0,0,0,0,0,2,2,-0.69675,10,1,completely,0.0001385809312638,0.4412300856834651,0.0666666666666666,"countries, cold, us, ussr, war"
cautious,0,0,1,0,0,0,0,0,0,0,0,0,0,0,0,2,2,-0.4012,8,1,cautious,0.0001385809312638,0.4412300856834651,0.0666666666666666,"countries, cold, us, ussr, war"
europe's,0,0,0,0,0,0,0,0,0,0,0,0,0,0,0,2,1,0.8225,8,1,europe's,0.0001385809312638,0.4412300856834651,0.0,"countries, cold, us, ussr, war"
consider,0,1,0,0,0,0,0,0,0,0,0,0,0,0,0,2,2,0.09545,8,1,consider,0.0001385809312638,0.4412300856834651,0.0666666666666666,"countries, cold, us, ussr, war"
involvement,1,0,0,0,0,0,0,0,0,0,0,0,0,0,0,2,2,-0.26335,11,1,involvement,0.0001385809312638,0.4412300856834651,0.0666666666666666,"countries, cold, us, ussr, war"
passed,0,1,1,0,0,0,0,0,0,0,0,0,0,0,0,2,2,0.03505,6,1,passed,0.0001385809312638,0.4412300856834651,0.1333333333333333,"countries, cold, us, ussr, war"
incident,1,0,1,0,0,0,0,0,0,0,0,0,0,0,0,2,2,-0.27115,8,1,incident,0.0001385809312638,0.4412300856834651,0.1333333333333333,"countries, cold, us, ussr, war"
cause,1,1,0,0,0,0,0,0,0,0,0,0,0,0,0,2,2,-0.3066,5,1,cause,0.0001385809312638,0.4412300856834651,0.1333333333333333,"countries, cold, us, ussr, war"
imposed,0,0,1,0,0,0,0,0,0,0,0,0,0,0,0,2,2,-0.2541,7,1,imposed,0.0001385809312638,0.4412300856834651,0.0666666666666666,"countries, cold, us, ussr, war"
reflected,0,1,1,0,0,0,0,0,0,0,0,0,0,0,0,2,2,-0.46625,9,1,reflected,0.0001385809312638,0.4412300856834651,0.1333333333333333,"countries, cold, us, ussr, war"
contraction,1,0,0,0,0,0,0,0,0,0,0,0,0,0,0,2,2,-0.19855,11,1,contraction,0.0001385809312638,0.4412300856834651,0.0666666666666666,"countries, cold, us, ussr, war"
discontent,1,1,1,0,0,0,0,0,0,0,0,0,0,0,0,2,2,-0.0600499999999999,10,1,discontent,0.0001385809312638,0.4412300856834651,0.2,"countries, cold, us, ussr, war"
molotov,1,0,0,0,0,0,0,0,0,0,0,0,0,0,0,2,2,0.2553,7,1,molotov,0.0001385809312638,0.4412300856834651,0.0666666666666666,"countries, cold, us, ussr, war"
baltic,1,0,1,0,0,0,0,0,0,0,0,0,0,0,0,2,2,-0.3427,6,1,baltic,0.0001385809312638,0.4412300856834651,0.1333333333333333,"countries, cold, us, ussr, war"
examine,0,1,0,0,0,0,0,0,0,0,0,0,0,0,0,2,2,-0.83775,7,1,examine,0.0001385809312638,0.4412300856834651,0.0666666666666666,"countries, cold, us, ussr, war"
august,1,0,1,0,0,0,0,0,0,0,0,0,0,0,0,2,2,-0.27115,6,1,august,0.0001385809312638,0.4412300856834651,0.1333333333333333,"countries, cold, us, ussr, war"
negotiations,1,0,0,0,0,0,0,0,0,0,0,0,0,0,0,2,2,-0.5442,12,1,negotiations,0.0001385809312638,0.4412300856834651,0.0666666666666666,"countries, cold, us, ussr, war"
occupied,0,1,1,0,0,0,0,0,0,0,0,0,0,0,0,2,2,0.00835,8,1,occupied,0.0001385809312638,0.4412300856834651,0.1333333333333333,"countries, cold, us, ussr, war"
respectively,0,0,0,1,0,0,0,0,0,0,0,0,0,0,0,2,2,-0.158,12,1,respectively,0.0001385809312638,0.4412300856834651,0.0666666666666666,"countries, cold, us, ussr, war"
legal,0,0,1,0,0,0,0,0,0,0,0,0,0,0,0,2,2,-0.32735,5,1,legal,0.0001385809312638,0.4412300856834651,0.0666666666666666,"countries, cold, us, ussr, war"
emerging,0,1,1,0,0,0,0,0,0,0,0,0,0,0,0,2,2,0.26025,8,1,emerging,0.0001385809312638,0.4412300856834651,0.1333333333333333,"countries, cold, us, ussr, war"
logic,1,0,0,0,0,0,0,0,0,0,0,0,0,0,0,2,2,-0.8573999999999999,5,1,logic,0.0001385809312638,0.4412300856834651,0.0666666666666666,"countries, cold, us, ussr, war"
contemporary,1,0,1,0,0,0,0,0,0,0,0,0,0,0,0,2,2,-0.7298,12,1,contemporary,0.0001385809312638,0.4412300856834651,0.1333333333333333,"countries, cold, us, ussr, war"
casualties,1,0,0,0,0,0,0,0,0,0,0,0,0,0,0,2,2,-0.88375,10,1,casualties,0.0001385809312638,0.4412300856834651,0.0666666666666666,"countries, cold, us, ussr, war"
consumed,0,1,1,0,0,0,0,0,0,0,0,0,0,0,0,2,2,-0.6919500000000001,8,1,consumed,0.0001385809312638,0.4412300856834651,0.1333333333333333,"countries, cold, us, ussr, war"
lot,1,1,0,1,0,0,0,0,0,0,0,0,0,0,0,2,2,-0.25565,3,1,lot,0.0001385809312638,0.4412300856834651,0.2,"countries, cold, us, ussr, war"
disintegration,1,0,0,0,0,0,0,0,0,0,0,0,0,0,0,2,2,-0.85595,14,1,disintegration,0.0001385809312638,0.4412300856834651,0.0666666666666666,"countries, cold, us, ussr, war"
suffered,0,0,0,0,0,0,0,0,0,0,0,0,0,0,0,2,2,-0.7737,8,1,suffered,0.0001385809312638,0.4412300856834651,0.0,"countries, cold, us, ussr, war"
relationship,1,0,0,0,0,0,0,0,0,0,0,0,0,0,0,2,2,-0.7697499999999999,12,1,relationship,0.0001385809312638,0.4412300856834651,0.0666666666666666,"countries, cold, us, ussr, war"
terrorism,1,0,0,0,0,0,0,0,0,0,0,0,0,0,0,2,2,-0.2433,9,1,terrorism,0.0001385809312638,0.4412300856834651,0.0666666666666666,"countries, cold, us, ussr, war"
prominent,0,0,1,0,0,0,0,0,0,0,0,0,0,0,0,2,2,0.0580499999999999,9,1,prominent,0.0001385809312638,0.4412300856834651,0.0666666666666666,"countries, cold, us, ussr, war"
degree,1,0,1,0,0,0,0,0,0,0,0,0,0,0,0,2,2,0.3062,6,1,degree,0.0001385809312638,0.4412300856834651,0.1333333333333333,"countries, cold, us, ussr, war"
constituted,0,1,0,0,0,0,0,0,0,0,0,0,0,0,0,2,2,0.3481,11,1,constituted,0.0001385809312638,0.4412300856834651,0.0666666666666666,"countries, cold, us, ussr, war"
challenges,1,1,0,0,0,0,0,0,0,0,0,0,0,0,0,2,2,0.4339,10,1,challenges,0.0001385809312638,0.4412300856834651,0.1333333333333333,"countries, cold, us, ussr, war"
inequality,1,0,0,0,0,0,0,0,0,0,0,0,0,0,0,2,2,0.16815,10,1,inequality,0.0001385809312638,0.4412300856834651,0.0666666666666666,"countries, cold, us, ussr, war"
undergone,0,0,0,0,0,0,0,0,0,0,0,0,0,0,0,2,2,-0.3922,9,1,undergone,0.0001385809312638,0.4412300856834651,0.0,"countries, cold, us, ussr, war"
broken,0,1,1,0,0,0,0,0,0,0,0,0,0,0,0,2,2,-0.7584,6,1,broken,0.0001385809312638,0.4412300856834651,0.1333333333333333,"countries, cold, us, ussr, war"
about,0,0,1,1,0,0,0,0,0,0,0,1,0,0,0,2,2,-0.0637499999999999,5,1,about,0.0001385809312638,0.4412300856834651,0.2,"countries, cold, us, ussr, war"
ethnic,1,0,1,0,0,0,0,0,0,0,0,0,0,0,0,2,2,-0.0309499999999999,6,1,ethnic,0.0001385809312638,0.4412300856834651,0.1333333333333333,"countries, cold, us, ussr, war"
matters,0,0,0,0,0,0,0,0,0,0,0,0,0,0,0,2,2,-0.18805,7,1,matters,0.0001385809312638,0.4412300856834651,0.0,"countries, cold, us, ussr, war"
elimination,1,0,0,0,0,0,0,0,0,0,0,0,0,0,0,2,2,-0.3243,11,1,elimination,0.0001385809312638,0.4412300856834651,0.0666666666666666,"countries, cold, us, ussr, war"
property,1,0,0,0,0,0,0,0,0,0,0,0,0,0,0,2,1,0.9783,8,1,property,0.0001385809312638,0.4412300856834651,0.0666666666666666,"countries, cold, us, ussr, war"
risk,1,1,0,0,0,0,0,0,0,0,0,0,0,0,0,2,2,-0.7198,4,1,risk,0.0001385809312638,0.4412300856834651,0.1333333333333333,"countries, cold, us, ussr, war"
kind,1,0,1,0,0,0,0,0,0,0,0,0,0,0,0,2,2,-0.3137,4,1,kind,0.0001385809312638,0.4412300856834651,0.1333333333333333,"countries, cold, us, ussr, war"
visit,1,1,0,0,0,0,0,0,0,0,0,0,0,0,0,2,2,0.1366,5,1,visit,0.0001385809312638,0.4412300856834651,0.1333333333333333,"countries, cold, us, ussr, war"
rapidly,0,0,0,1,0,0,0,0,0,0,0,0,0,0,0,2,2,-0.2663999999999999,7,1,rapidly,0.0001385809312638,0.4412300856834651,0.0666666666666666,"countries, cold, us, ussr, war"
aerospace,1,0,0,0,0,0,0,0,0,0,0,0,0,0,0,2,2,-0.23095,9,1,aerospace,0.0001385809312638,0.4412300856834651,0.0666666666666666,"countries, cold, us, ussr, war"
confront,0,1,0,0,0,0,0,0,0,0,0,0,0,0,0,2,2,-0.35655,8,1,confront,0.0001385809312638,0.4412300856834651,0.0666666666666666,"countries, cold, us, ussr, war"
winston,0,0,0,0,0,0,0,0,0,0,0,0,0,0,0,2,2,0.0717999999999999,7,1,winston,0.0001385809312638,0.4412300856834651,0.0,"countries, cold, us, ussr, war"
overthrowing,0,1,0,0,0,0,0,0,0,0,0,0,0,0,0,2,2,-0.2433,12,1,overthrowing,0.0001385809312638,0.4412300856834651,0.0666666666666666,"countries, cold, us, ussr, war"
iran,1,0,0,0,0,0,0,0,0,0,0,0,0,0,0,2,2,-0.3404,4,1,iran,0.0001385809312638,0.4412300856834651,0.0666666666666666,"countries, cold, us, ussr, war"
underwent,0,0,0,0,0,0,0,0,0,0,0,0,0,0,0,2,2,-0.3533,9,1,underwent,0.0001385809312638,0.4412300856834651,0.0,"countries, cold, us, ussr, war"
dependent,1,0,1,0,0,0,0,0,0,0,0,0,0,0,0,2,2,-0.16795,9,1,dependent,0.0001385809312638,0.4412300856834651,0.1333333333333333,"countries, cold, us, ussr, war"
bilateral,0,0,1,0,0,0,0,0,0,0,0,0,0,0,0,2,2,-0.12245,9,1,bilateral,0.0001385809312638,0.4412300856834651,0.0666666666666666,"countries, cold, us, ussr, war"
actively,0,0,0,1,0,0,0,0,0,0,0,0,0,0,0,2,2,0.63495,8,1,actively,0.0001385809312638,0.4412300856834651,0.0666666666666666,"countries, cold, us, ussr, war"
article,1,1,0,0,0,0,0,0,0,0,0,0,0,0,0,2,2,-0.76595,7,1,article,0.0001385809312638,0.4412300856834651,0.1333333333333333,"countries, cold, us, ussr, war"
concepts,1,0,0,0,0,0,0,0,0,0,0,0,0,0,0,2,2,-0.46625,8,1,concepts,0.0001385809312638,0.4412300856834651,0.0666666666666666,"countries, cold, us, ussr, war"
forms,1,1,0,0,0,0,0,0,0,0,0,0,0,0,0,2,2,0.66975,5,1,forms,0.0001385809312638,0.4412300856834651,0.1333333333333333,"countries, cold, us, ussr, war"
materials,1,0,0,0,0,0,0,0,0,0,0,0,0,0,0,2,2,-0.14665,9,1,materials,0.0001385809312638,0.4412300856834651,0.0666666666666666,"countries, cold, us, ussr, war"
laid,0,1,1,0,0,0,0,0,0,0,0,0,0,0,0,2,2,0.18735,4,1,laid,0.0001385809312638,0.4412300856834651,0.1333333333333333,"countries, cold, us, ussr, war"
secretly,0,0,0,1,0,0,0,0,0,0,0,0,0,0,0,2,2,-0.05605,8,1,secretly,0.0001385809312638,0.4412300856834651,0.0666666666666666,"countries, cold, us, ussr, war"
aware,0,0,1,0,0,0,0,0,0,0,0,0,0,0,0,2,2,-0.0368499999999999,5,1,aware,0.0001385809312638,0.4412300856834651,0.0666666666666666,"countries, cold, us, ussr, war"
ease,1,1,0,0,0,0,0,0,0,0,0,0,0,0,0,2,2,0.25905,4,1,ease,0.0001385809312638,0.4412300856834651,0.1333333333333333,"countries, cold, us, ussr, war"
sphere,1,0,0,0,0,0,0,0,0,0,0,0,0,0,0,2,2,0.20095,6,1,sphere,0.0001385809312638,0.4412300856834651,0.0666666666666666,"countries, cold, us, ussr, war"
continent,1,0,1,0,0,0,0,0,0,0,0,0,0,0,0,2,2,-0.064,9,1,continent,0.0001385809312638,0.4412300856834651,0.1333333333333333,"countries, cold, us, ussr, war"
emergence,1,0,0,0,0,0,0,0,0,0,0,0,0,0,0,2,2,-0.5103,9,1,emergence,0.0001385809312638,0.4412300856834651,0.0666666666666666,"countries, cold, us, ussr, war"
superpower,1,0,0,0,0,0,0,0,0,0,0,0,0,0,0,2,2,-0.6649499999999999,10,1,superpower,0.0001385809312638,0.4412300856834651,0.0666666666666666,"countries, cold, us, ussr, war"
blocs,1,0,0,0,0,0,0,0,0,0,0,0,0,0,0,2,2,-0.0477,5,1,blocs,0.0001385809312638,0.4412300856834651,0.0666666666666666,"countries, cold, us, ussr, war"
inflation,1,0,0,0,0,0,0,0,0,0,0,0,0,0,0,2,2,-0.58395,9,1,inflation,0.0001385809312638,0.4412300856834651,0.0666666666666666,"countries, cold, us, ussr, war"
numerous,0,0,1,0,0,0,0,0,0,0,0,0,0,0,0,2,2,-0.35105,8,1,numerous,0.0001385809312638,0.4412300856834651,0.0666666666666666,"countries, cold, us, ussr, war"
army,1,0,0,0,0,0,0,0,0,0,0,0,0,0,0,2,2,-0.3548,4,1,army,0.0001385809312638,0.4412300856834651,0.0666666666666666,"countries, cold, us, ussr, war"
post,1,1,1,1,0,0,0,0,0,0,0,0,0,0,0,2,2,-0.21785,4,1,post,0.0001385809312638,0.4412300856834651,0.2666666666666666,"countries, cold, us, ussr, war"
kingdom,1,0,0,0,0,0,0,0,0,0,0,0,0,0,0,2,2,0.5822499999999999,7,1,kingdom,0.0001385809312638,0.4412300856834651,0.0666666666666666,"countries, cold, us, ussr, war"
ballistic,0,0,1,0,0,0,0,0,0,0,0,0,0,0,0,2,2,0.0428999999999999,9,1,ballistic,0.0001385809312638,0.4412300856834651,0.0666666666666666,"countries, cold, us, ussr, war"
continental,1,0,1,0,0,0,0,0,0,0,0,0,0,0,0,2,2,0.30025,11,1,continental,0.0001385809312638,0.4412300856834651,0.1333333333333333,"countries, cold, us, ussr, war"
leaders,1,0,0,0,0,0,0,0,0,0,0,0,0,0,0,2,2,-0.26335,7,1,leaders,0.0001385809312638,0.4412300856834651,0.0666666666666666,"countries, cold, us, ussr, war"
characteristics,1,0,0,0,0,0,0,0,0,0,0,0,0,0,0,2,2,-0.3006,15,1,characteristics,0.0001385809312638,0.4412300856834651,0.0666666666666666,"countries, cold, us, ussr, war"
rule,1,1,0,0,0,0,0,0,0,0,0,0,0,0,0,2,2,-0.4812,4,1,rule,0.0001385809312638,0.4412300856834651,0.1333333333333333,"countries, cold, us, ussr, war"
plans,1,1,0,0,0,0,0,0,0,0,0,0,0,0,0,2,2,-0.2997,5,1,plans,0.0001385809312638,0.4412300856834651,0.1333333333333333,"countries, cold, us, ussr, war"
banner,1,0,1,0,0,0,0,0,0,0,0,0,0,0,0,2,2,-0.2036,6,1,banner,0.0001385809312638,0.4412300856834651,0.1333333333333333,"countries, cold, us, ussr, war"
determine,0,1,0,0,0,0,0,0,0,0,0,0,0,0,0,2,2,-0.2997,9,1,determine,0.0001385809312638,0.4412300856834651,0.0666666666666666,"countries, cold, us, ussr, war"
image,1,1,0,0,0,0,0,0,0,0,0,0,0,0,0,2,2,0.0867,5,1,image,0.0001385809312638,0.4412300856834651,0.1333333333333333,"countries, cold, us, ussr, war"
internationally,0,0,0,1,0,0,0,0,0,0,0,0,0,0,0,2,2,-0.3126,15,1,internationally,0.0001385809312638,0.4412300856834651,0.0666666666666666,"countries, cold, us, ussr, war"
mired,0,1,1,0,0,0,0,0,0,0,0,0,0,0,0,2,2,-0.26425,5,1,mired,0.0001385809312638,0.4412300856834651,0.1333333333333333,"countries, cold, us, ussr, war"
positive,1,0,1,0,0,0,0,0,0,0,0,0,0,0,0,2,2,0.5266,8,1,positive,0.0001385809312638,0.4412300856834651,0.1333333333333333,"countries, cold, us, ussr, war"
shifted,0,1,0,0,0,0,0,0,0,0,0,0,0,0,0,2,2,-0.23835,7,1,shifted,0.0001385809312638,0.4412300856834651,0.0666666666666666,"countries, cold, us, ussr, war"
contributed,0,1,0,0,0,0,0,0,0,0,0,0,0,0,0,2,2,0.40775,11,1,contributed,0.0001385809312638,0.4412300856834651,0.0666666666666666,"countries, cold, us, ussr, war"
artists,1,0,0,0,0,0,0,0,0,0,0,0,0,0,0,2,2,0.2202,7,1,artists,0.0001385809312638,0.4412300856834651,0.0666666666666666,"countries, cold, us, ussr, war"
normalization,1,0,0,0,0,0,0,0,0,0,0,0,0,0,0,2,2,-0.27115,13,1,normalization,0.0001385809312638,0.4412300856834651,0.0666666666666666,"countries, cold, us, ussr, war"
continuous,0,0,1,0,0,0,0,0,0,0,0,0,0,0,0,2,2,0.6608,10,1,continuous,0.0001385809312638,0.4412300856834651,0.0666666666666666,"countries, cold, us, ussr, war"
interference,1,0,0,0,0,0,0,0,0,0,0,0,0,0,0,2,2,0.58375,12,1,interference,0.0001385809312638,0.4412300856834651,0.0666666666666666,"countries, cold, us, ussr, war"
spending,1,1,0,0,0,0,0,0,0,0,0,0,0,0,0,2,2,-0.23835,8,1,spending,0.0001385809312638,0.4412300856834651,0.1333333333333333,"countries, cold, us, ussr, war"
throughout,0,0,0,1,0,0,0,0,0,0,0,0,0,0,0,2,2,0.2704499999999999,10,1,throughout,0.0001385809312638,0.4412300856834651,0.0666666666666666,"countries, cold, us, ussr, war"
potential,1,0,1,0,0,0,0,0,0,0,0,0,0,0,0,2,2,-0.52565,9,1,potential,0.0001385809312638,0.4412300856834651,0.1333333333333333,"countries, cold, us, ussr, war"
labor,1,1,0,0,0,0,0,0,0,0,0,0,0,0,0,2,2,-0.4857,5,1,labor,0.0001385809312638,0.4412300856834651,0.1333333333333333,"countries, cold, us, ussr, war"
productivity,1,0,0,0,0,0,0,0,0,0,0,0,0,0,0,2,2,-0.4857,12,1,productivity,0.0001385809312638,0.4412300856834651,0.0666666666666666,"countries, cold, us, ussr, war"
alignment,1,0,0,0,0,0,0,0,0,0,0,0,0,0,0,2,2,0.0366499999999999,9,1,alignment,0.0001385809312638,0.4412300856834651,0.0666666666666666,"countries, cold, us, ussr, war"
joining,1,1,0,0,0,0,0,0,0,0,0,0,0,0,0,2,2,0.0366499999999999,7,1,joining,0.0001385809312638,0.4412300856834651,0.1333333333333333,"countries, cold, us, ussr, war"
member,1,0,0,0,0,0,0,0,0,0,0,0,0,0,0,2,2,0.5203,6,1,member,0.0001385809312638,0.4412300856834651,0.0666666666666666,"countries, cold, us, ussr, war"
advocates,1,0,0,0,0,0,0,0,0,0,0,0,0,0,0,2,2,0.1909,9,1,advocates,0.0001385809312638,0.4412300856834651,0.0666666666666666,"countries, cold, us, ussr, war"
idea,1,0,0,0,0,0,0,0,0,0,0,0,0,0,0,2,2,0.58865,4,1,idea,0.0001385809312638,0.4412300856834651,0.0666666666666666,"countries, cold, us, ussr, war"
belief,1,0,0,0,0,0,0,0,0,0,0,0,0,0,0,2,2,0.83325,6,1,belief,0.0001385809312638,0.4412300856834651,0.0666666666666666,"countries, cold, us, ussr, war"
manner,1,0,0,0,0,0,0,0,0,0,0,0,0,0,0,2,2,0.6967,6,1,manner,0.0001385809312638,0.4412300856834651,0.0666666666666666,"countries, cold, us, ussr, war"
levels,1,1,0,0,0,0,0,0,0,0,0,0,0,0,0,2,2,-0.4871,6,1,levels,0.0001385809312638,0.4412300856834651,0.1333333333333333,"countries, cold, us, ussr, war"
abandon,1,1,0,0,0,0,0,0,0,0,0,0,0,0,0,2,2,-0.16515,7,1,abandon,0.0001385809312638,0.4412300856834651,0.1333333333333333,"countries, cold, us, ussr, war"
eliminating,0,1,0,0,0,0,0,0,0,0,0,0,0,0,0,2,2,-0.1380499999999999,11,1,eliminating,0.0001385809312638,0.4412300856834651,0.0666666666666666,"countries, cold, us, ussr, war"
realizing,0,1,1,0,0,0,0,0,0,0,0,0,0,0,0,2,2,0.74065,9,1,realizing,0.0001385809312638,0.4412300856834651,0.1333333333333333,"countries, cold, us, ussr, war"
ownership,1,0,0,0,0,0,0,0,0,0,0,0,0,0,0,2,2,0.50715,9,1,ownership,0.0001385809312638,0.4412300856834651,0.0666666666666666,"countries, cold, us, ussr, war"
foundation,1,0,0,0,0,0,0,0,0,0,0,0,0,0,0,2,2,0.2997,10,1,foundation,0.0001385809312638,0.4412300856834651,0.0666666666666666,"countries, cold, us, ussr, war"
tended,0,1,0,0,0,0,0,0,0,0,0,0,0,0,0,2,2,-0.08895,6,1,tended,0.0001385809312638,0.4412300856834651,0.0666666666666666,"countries, cold, us, ussr, war"
confrontational,0,0,1,0,0,0,0,0,0,0,0,0,0,0,0,2,2,-0.507,15,1,confrontational,0.0001385809312638,0.4412300856834651,0.0666666666666666,"countries, cold, us, ussr, war"
build,1,1,0,0,0,0,0,0,0,0,0,0,0,0,0,2,2,-0.27475,5,1,build,0.0001385809312638,0.4412300856834651,0.1333333333333333,"countries, cold, us, ussr, war"
poor,0,0,1,0,0,0,0,0,0,0,0,0,0,0,0,2,2,-0.2235,4,1,poor,0.0001385809312638,0.4412300856834651,0.0666666666666666,"countries, cold, us, ussr, war"
rich,0,0,1,0,0,0,0,0,0,0,0,0,0,0,0,2,2,0.1094,4,1,rich,0.0001385809312638,0.4412300856834651,0.0666666666666666,"countries, cold, us, ussr, war"
peacefully,0,0,0,1,0,0,0,0,0,0,0,0,0,0,0,2,1,0.836,10,1,peacefully,0.0001385809312638,0.4412300856834651,0.0666666666666666,"countries, cold, us, ussr, war"
ideals,1,0,0,0,0,0,0,0,0,0,0,0,0,0,0,2,2,0.5356000000000001,6,1,ideals,0.0001385809312638,0.4412300856834651,0.0666666666666666,"countries, cold, us, ussr, war"
largest,0,0,1,0,0,0,0,0,0,0,0,0,0,0,0,2,1,0.4939,7,1,largest,0.0001385809312638,0.4412300856834651,0.0666666666666666,"countries, cold, us, ussr, war"
consultation,1,0,0,0,0,0,0,0,0,0,0,0,0,0,0,2,2,0.1654,12,1,consultation,0.0001385809312638,0.4412300856834651,0.0666666666666666,"countries, cold, us, ussr, war"
benefit,1,1,0,0,0,0,0,0,0,0,0,0,0,0,0,2,2,0.3773999999999999,7,1,benefit,0.0001385809312638,0.4412300856834651,0.1333333333333333,"countries, cold, us, ussr, war"
arose,0,0,0,0,0,0,0,0,0,0,0,0,0,0,0,2,2,-0.22895,5,1,arose,0.0001385809312638,0.4412300856834651,0.0,"countries, cold, us, ussr, war"
dependence,1,0,0,0,0,0,0,0,0,0,0,0,0,0,0,2,2,-0.2814,10,1,dependence,0.0001385809312638,0.4412300856834651,0.0666666666666666,"countries, cold, us, ussr, war"
neoliberal,1,0,1,0,0,0,0,0,0,0,0,0,0,0,0,2,2,0.0,10,1,neoliberal,0.0001385809312638,0.4412300856834651,0.1333333333333333,"countries, cold, us, ussr, war"
abandoned,0,0,1,0,0,0,0,0,0,0,0,0,0,0,0,2,1,-0.4767,9,1,abandoned,0.0001385809312638,0.4412300856834651,0.0666666666666666,"countries, cold, us, ussr, war"
bullying,1,0,1,0,0,0,0,0,0,0,0,0,0,0,0,2,1,0.296,8,1,bullying,0.0001385809312638,0.4412300856834651,0.1333333333333333,"countries, cold, us, ussr, war"
threatened,0,0,1,0,0,0,0,0,0,0,0,0,0,0,0,2,2,-0.50065,10,1,threatened,0.0001385809312638,0.4412300856834651,0.0666666666666666,"countries, cold, us, ussr, war"
lack,1,0,0,0,0,0,0,0,0,0,0,0,0,0,0,2,2,-0.51695,4,1,lack,0.0001385809312638,0.4412300856834651,0.0666666666666666,"countries, cold, us, ussr, war"
harmony,1,0,0,0,0,0,0,0,0,0,0,0,0,0,0,2,2,-0.18495,7,1,harmony,0.0001385809312638,0.4412300856834651,0.0666666666666666,"countries, cold, us, ussr, war"
concept,1,0,0,0,0,0,0,0,0,0,0,0,0,0,0,2,2,0.66675,7,1,concept,0.0001385809312638,0.4412300856834651,0.0666666666666666,"countries, cold, us, ussr, war"
brother,1,0,1,0,0,0,0,0,0,0,0,0,0,0,0,2,2,-0.66135,7,1,brother,0.0001385809312638,0.4412300856834651,0.1333333333333333,"countries, cold, us, ussr, war"
little,1,0,1,1,0,0,0,0,0,0,0,0,0,0,0,2,2,-0.4795,6,1,little,0.0001385809312638,0.4412300856834651,0.2,"countries, cold, us, ussr, war"
comprehensively,0,0,0,1,0,0,0,0,0,0,0,0,0,0,0,2,2,0.0,15,1,comprehensively,0.0001385809312638,0.4412300856834651,0.0666666666666666,"countries, cold, us, ussr, war"
expand,0,1,0,0,0,0,0,0,0,0,0,0,0,0,0,2,2,-0.2598,6,1,expand,0.0001385809312638,0.4412300856834651,0.0666666666666666,"countries, cold, us, ussr, war"
recent,0,0,1,0,0,0,0,0,0,0,0,0,0,0,0,2,2,0.3193,6,1,recent,0.0001385809312638,0.4412300856834651,0.0666666666666666,"countries, cold, us, ussr, war"
days,1,0,0,1,0,0,0,0,0,0,0,0,0,0,0,2,2,-0.3062,4,1,days,0.0001385809312638,0.4412300856834651,0.1333333333333333,"countries, cold, us, ussr, war"
combined,0,1,1,0,0,0,0,0,0,0,0,0,0,0,0,2,2,-0.24695,8,1,combined,0.0001385809312638,0.4412300856834651,0.1333333333333333,"countries, cold, us, ussr, war"
context,1,0,0,0,0,0,0,0,0,0,0,0,0,0,0,2,2,-0.4158,7,1,context,0.0001385809312638,0.4412300856834651,0.0666666666666666,"countries, cold, us, ussr, war"
rivalry,1,0,0,0,0,0,0,0,0,0,0,0,0,0,0,2,2,-0.5749,7,1,rivalry,0.0001385809312638,0.4412300856834651,0.0666666666666666,"countries, cold, us, ussr, war"
special,1,0,1,0,0,0,0,0,0,0,0,0,0,0,0,2,2,-0.0668,7,1,special,0.0001385809312638,0.4412300856834651,0.1333333333333333,"countries, cold, us, ussr, war"
session,1,0,0,0,0,0,0,0,0,0,0,0,0,0,0,2,2,0.3982,7,1,session,0.0001385809312638,0.4412300856834651,0.0666666666666666,"countries, cold, us, ussr, war"
leader,1,0,0,0,0,0,0,0,0,0,0,0,0,0,0,2,2,0.0,6,1,leader,0.0001385809312638,0.4412300856834651,0.0666666666666666,"countries, cold, us, ussr, war"
necessary,1,0,1,0,0,0,0,0,0,0,0,0,0,0,0,2,2,0.42415,9,1,necessary,0.0001385809312638,0.4412300856834651,0.1333333333333333,"countries, cold, us, ussr, war"
seriously,0,0,0,1,0,0,0,0,0,0,0,0,0,0,0,2,2,-0.4393,9,1,seriously,0.0001385809312638,0.4412300856834651,0.0666666666666666,"countries, cold, us, ussr, war"
ruble,1,0,0,0,0,0,0,0,0,0,0,0,0,0,0,2,1,0.0,5,1,ruble,0.0001385809312638,0.4412300856834651,0.0666666666666666,"countries, cold, us, ussr, war"
moved,0,1,1,0,0,0,0,0,0,0,0,0,0,0,0,2,2,0.0,5,1,moved,0.0001385809312638,0.4412300856834651,0.1333333333333333,"countries, cold, us, ussr, war"
paris,1,0,1,0,0,0,0,0,0,0,0,0,0,0,0,2,2,0.4187999999999999,5,1,paris,0.0001385809312638,0.4412300856834651,0.1333333333333333,"countries, cold, us, ussr, war"
invaded,0,1,0,0,0,0,0,0,0,0,0,0,0,0,0,2,2,-0.23835,7,1,invaded,0.0001385809312638,0.4412300856834651,0.0666666666666666,"countries, cold, us, ussr, war"
defending,0,1,1,0,0,0,0,0,0,0,0,0,0,0,0,2,1,-0.34,9,1,defending,0.0001385809312638,0.4412300856834651,0.1333333333333333,"countries, cold, us, ussr, war"
expanded,0,1,1,0,0,0,0,0,0,0,0,0,0,0,0,2,2,-0.40835,8,1,expanded,0.0001385809312638,0.4412300856834651,0.1333333333333333,"countries, cold, us, ussr, war"
nearly,0,0,0,1,0,0,0,0,0,0,0,0,0,0,0,2,2,-0.90265,6,1,nearly,0.0001385809312638,0.4412300856834651,0.0666666666666666,"countries, cold, us, ussr, war"
irrational,1,0,1,0,0,0,0,0,0,0,0,0,0,0,0,2,2,-0.1574999999999999,10,1,irrational,0.0001385809312638,0.4412300856834651,0.1333333333333333,"countries, cold, us, ussr, war"
old,1,0,1,0,0,0,0,0,0,0,0,0,0,0,0,2,2,-0.82715,3,1,old,0.0001385809312638,0.4412300856834651,0.1333333333333333,"countries, cold, us, ussr, war"
catch,1,1,0,0,0,0,0,0,0,0,0,0,0,0,0,2,2,-0.8371500000000001,5,1,catch,0.0001385809312638,0.4412300856834651,0.1333333333333333,"countries, cold, us, ussr, war"
kremlin,1,0,0,0,0,0,0,0,0,0,0,0,0,0,0,2,2,-0.21075,7,1,kremlin,0.0001385809312638,0.4412300856834651,0.0666666666666666,"countries, cold, us, ussr, war"
widely,0,0,0,1,0,0,0,0,0,0,0,0,0,0,0,2,2,-0.11865,6,1,widely,0.0001385809312638,0.4412300856834651,0.0666666666666666,"countries, cold, us, ussr, war"
leaflets,1,0,0,0,0,0,0,0,0,0,0,0,0,0,0,2,2,0.37635,8,1,leaflets,0.0001385809312638,0.4412300856834651,0.0666666666666666,"countries, cold, us, ussr, war"
governing,0,1,1,0,0,0,0,0,0,0,0,0,0,0,0,2,2,-0.48735,9,1,governing,0.0001385809312638,0.4412300856834651,0.1333333333333333,"countries, cold, us, ussr, war"
ways,1,0,0,1,0,0,0,0,0,0,0,0,0,0,0,2,2,0.6247,4,1,ways,0.0001385809312638,0.4412300856834651,0.1333333333333333,"countries, cold, us, ussr, war"
voice,1,1,0,0,0,0,0,0,0,0,0,0,0,0,0,2,2,-0.08305,5,1,voice,0.0001385809312638,0.4412300856834651,0.1333333333333333,"countries, cold, us, ussr, war"
protection,1,0,0,0,0,0,0,0,0,0,0,0,0,0,0,2,2,0.0551,10,1,protection,0.0001385809312638,0.4412300856834651,0.0666666666666666,"countries, cold, us, ussr, war"
group,1,1,1,0,0,0,0,0,0,0,0,0,0,0,0,2,2,-0.0229999999999999,5,1,group,0.0001385809312638,0.4412300856834651,0.2,"countries, cold, us, ussr, war"
interfere,0,1,0,0,0,0,0,0,0,0,0,0,0,0,0,2,1,-0.296,9,1,interfere,0.0001385809312638,0.4412300856834651,0.0666666666666666,"countries, cold, us, ussr, war"
reason,1,1,0,0,0,0,0,0,0,0,0,0,0,0,0,2,2,-0.148,6,1,reason,0.0001385809312638,0.4412300856834651,0.1333333333333333,"countries, cold, us, ussr, war"
exploration,1,0,0,0,0,0,0,0,0,0,0,0,0,0,0,2,2,-0.1162499999999999,11,1,exploration,0.0001385809312638,0.4412300856834651,0.0666666666666666,"countries, cold, us, ussr, war"
general,1,1,1,0,0,0,0,0,0,0,0,0,0,0,0,2,2,-0.85615,7,1,general,0.0001385809312638,0.4412300856834651,0.2,"countries, cold, us, ussr, war"
subsequent,0,0,1,0,0,0,0,0,0,0,0,0,0,0,0,2,2,0.33185,10,1,subsequent,0.0001385809312638,0.4412300856834651,0.0666666666666666,"countries, cold, us, ussr, war"
radio,1,1,1,0,0,0,0,0,0,0,0,0,0,0,0,2,2,-0.31245,5,1,radio,0.0001385809312638,0.4412300856834651,0.2,"countries, cold, us, ussr, war"
open,1,1,1,0,0,0,0,0,0,0,0,0,0,0,0,2,2,0.20085,4,1,open,0.0001385809312638,0.4412300856834651,0.2,"countries, cold, us, ussr, war"
access,1,1,0,0,0,0,0,0,0,0,0,0,0,0,0,2,2,0.2202,6,1,access,0.0001385809312638,0.4412300856834651,0.1333333333333333,"countries, cold, us, ussr, war"
terms,1,1,0,0,0,0,0,0,0,0,0,0,0,0,0,2,2,0.2588,5,1,terms,0.0001385809312638,0.4412300856834651,0.1333333333333333,"countries, cold, us, ussr, war"
preventing,0,1,0,0,0,0,0,0,0,0,0,0,0,0,0,2,2,-0.12965,10,1,preventing,0.0001385809312638,0.4412300856834651,0.0666666666666666,"countries, cold, us, ussr, war"
solve,1,1,0,0,0,0,0,0,0,0,0,0,0,0,0,2,2,-0.4883999999999999,5,1,solve,0.0001385809312638,0.4412300856834651,0.1333333333333333,"countries, cold, us, ussr, war"
multiple,1,0,1,0,0,0,0,0,0,0,0,0,0,0,0,2,2,0.21005,8,1,multiple,0.0001385809312638,0.4412300856834651,0.1333333333333333,"countries, cold, us, ussr, war"
art,1,0,0,0,0,0,0,0,0,0,0,0,0,0,0,2,2,0.07945,3,1,art,0.0001385809312638,0.4412300856834651,0.0666666666666666,"countries, cold, us, ussr, war"
tool,1,1,0,0,0,0,0,0,0,0,0,0,0,0,0,2,2,0.4196,4,1,tool,0.0001385809312638,0.4412300856834651,0.1333333333333333,"countries, cold, us, ussr, war"
pop,1,1,1,1,0,0,0,0,0,0,0,0,0,0,0,2,1,0.0,3,1,pop,0.0001385809312638,0.4412300856834651,0.2666666666666666,"countries, cold, us, ussr, war"
music,1,0,0,0,0,0,0,0,0,0,0,0,0,0,0,2,2,0.1806,5,1,music,0.0001385809312638,0.4412300856834651,0.0666666666666666,"countries, cold, us, ussr, war"
dominant,1,0,1,0,0,0,0,0,0,0,0,0,0,0,0,2,2,0.4773,8,1,dominant,0.0001385809312638,0.4412300856834651,0.1333333333333333,"countries, cold, us, ussr, war"
vis,1,0,0,0,0,0,0,0,0,0,0,0,0,0,0,2,1,0.8519,3,1,vis,0.0001385809312638,0.4412300856834651,0.0666666666666666,"countries, cold, us, ussr, war"
representative,1,0,1,0,0,0,0,0,0,0,0,0,0,0,0,2,2,0.0726,14,1,representative,0.0001385809312638,0.4412300856834651,0.1333333333333333,"countries, cold, us, ussr, war"
disarmament,0,0,0,0,0,0,0,0,0,0,0,0,0,0,0,2,2,-0.4327,11,1,disarmament,0.0001385809312638,0.4412300856834651,0.0,"countries, cold, us, ussr, war"
impacts,1,1,0,0,0,0,0,0,0,0,0,0,0,0,0,2,2,-0.6950000000000001,7,1,impacts,0.0001385809312638,0.4412300856834651,0.1333333333333333,"countries, cold, us, ussr, war"
nanjing,1,0,0,0,0,0,0,0,0,0,0,0,0,0,0,2,1,-0.5994,7,1,nanjing,0.0001385809312638,0.4412300856834651,0.0666666666666666,"countries, cold, us, ussr, war"
launches,1,1,0,0,0,0,0,0,0,0,0,0,0,0,0,2,2,-0.5264500000000001,8,1,launches,0.0001385809312638,0.4412300856834651,0.1333333333333333,"countries, cold, us, ussr, war"
reduced,0,1,1,0,0,0,0,0,0,0,0,0,0,0,0,2,2,-0.4153,7,1,reduced,0.0001385809312638,0.4412300856834651,0.1333333333333333,"countries, cold, us, ussr, war"
forced,0,1,1,0,0,0,0,0,0,0,0,0,0,0,0,2,2,-0.4226,6,1,forced,0.0001385809312638,0.4412300856834651,0.1333333333333333,"countries, cold, us, ussr, war"
warships,1,0,0,0,0,0,0,0,0,0,0,0,0,0,0,2,2,-0.27115,8,1,warships,0.0001385809312638,0.4412300856834651,0.0666666666666666,"countries, cold, us, ussr, war"
round,1,1,1,1,0,0,0,0,0,0,0,0,0,0,0,2,2,-0.3404,5,1,round,0.0001385809312638,0.4412300856834651,0.2666666666666666,"countries, cold, us, ussr, war"
restricted,0,1,1,0,0,0,0,0,0,0,0,0,0,0,0,2,2,-0.5798,10,1,restricted,0.0001385809312638,0.4412300856834651,0.1333333333333333,"countries, cold, us, ussr, war"
interceptor,1,0,0,0,0,0,0,0,0,0,0,0,0,0,0,2,2,0.23835,11,1,interceptor,0.0001385809312638,0.4412300856834651,0.0666666666666666,"countries, cold, us, ussr, war"
track,1,1,0,0,0,0,0,0,0,0,0,0,0,0,0,2,2,0.0,5,1,track,0.0001385809312638,0.4412300856834651,0.1333333333333333,"countries, cold, us, ussr, war"
w,1,0,0,0,0,0,0,0,0,0,0,0,0,0,0,2,2,0.0,1,1,w,0.0001385809312638,0.4412300856834651,0.0666666666666666,"countries, cold, us, ussr, war"
e,1,0,0,0,0,0,0,0,0,0,0,0,0,0,0,2,1,0.0,1,1,e,0.0001385809312638,0.4412300856834651,0.0666666666666666,"countries, cold, us, ussr, war"
destroy,0,1,0,0,0,0,0,0,0,0,0,0,0,0,0,2,2,-0.69225,7,1,destroy,0.0001385809312638,0.4412300856834651,0.0666666666666666,"countries, cold, us, ussr, war"
creation,1,0,0,0,0,0,0,0,0,0,0,0,0,0,0,2,2,0.01815,8,1,creation,0.0001385809312638,0.4412300856834651,0.0666666666666666,"countries, cold, us, ussr, war"
cgl,0,0,0,0,0,0,0,0,0,0,0,0,0,0,0,2,2,0.0,3,1,cgl,0.0001385809312638,0.4412300856834651,0.0,"countries, cold, us, ussr, war"
particle,1,0,0,0,0,0,0,0,0,0,0,0,0,0,0,2,1,-0.8126,8,1,particle,0.0001385809312638,0.4412300856834651,0.0666666666666666,"countries, cold, us, ussr, war"
abstract,1,1,1,0,0,0,0,0,0,0,0,0,0,0,0,2,2,-0.2294,8,1,abstract,0.0001385809312638,0.4412300856834651,0.2,"countries, cold, us, ussr, war"
issn,0,0,0,0,0,0,0,0,0,0,0,0,0,0,0,2,2,0.0,4,1,issn,0.0001385809312638,0.4412300856834651,0.0,"countries, cold, us, ussr, war"
institute,1,1,0,0,0,0,0,0,0,0,0,0,0,0,0,2,2,0.0,9,1,institute,0.0001385809312638,0.4412300856834651,0.1333333333333333,"countries, cold, us, ussr, war"
placed,0,1,1,0,0,0,0,0,0,0,0,0,0,0,0,2,2,0.0615,6,1,placed,0.0001385809312638,0.4412300856834651,0.1333333333333333,"countries, cold, us, ussr, war"
strategically,0,0,0,1,0,0,0,0,0,0,0,0,0,0,0,2,2,0.5701,13,1,strategically,0.0001385809312638,0.4412300856834651,0.0666666666666666,"countries, cold, us, ussr, war"
greatly,0,0,0,1,0,0,0,0,0,0,0,0,0,0,0,2,2,-0.36525,7,1,greatly,0.0001385809312638,0.4412300856834651,0.0666666666666666,"countries, cold, us, ussr, war"
surveillance,1,0,0,0,0,0,0,0,0,0,0,0,0,0,0,2,1,-0.5859,12,1,surveillance,0.0001385809312638,0.4412300856834651,0.0666666666666666,"countries, cold, us, ussr, war"
deployed,0,1,0,0,0,0,0,0,0,0,0,0,0,0,0,2,2,-0.14615,8,1,deployed,0.0001385809312638,0.4412300856834651,0.0666666666666666,"countries, cold, us, ussr, war"
warfare,0,0,0,0,0,0,0,0,0,0,0,0,0,0,0,2,2,-0.3854,7,1,warfare,0.0001385809312638,0.4412300856834651,0.0,"countries, cold, us, ussr, war"
remains,1,1,0,0,0,0,0,0,0,0,0,0,0,0,0,2,2,-0.0418,7,1,remains,0.0001385809312638,0.4412300856834651,0.1333333333333333,"countries, cold, us, ussr, war"
despite,1,0,0,0,0,0,0,0,0,0,0,0,0,0,0,2,2,-0.7452000000000001,7,1,despite,0.0001385809312638,0.4412300856834651,0.0666666666666666,"countries, cold, us, ussr, war"
proxy,1,0,1,0,0,0,0,0,0,0,0,0,0,0,0,2,2,-0.8613,5,1,proxy,0.0001385809312638,0.4412300856834651,0.1333333333333333,"countries, cold, us, ussr, war"
choice,1,0,1,0,0,0,0,0,0,0,0,0,0,0,0,2,2,0.6787000000000001,6,1,choice,0.0001385809312638,0.4412300856834651,0.1333333333333333,"countries, cold, us, ussr, war"
vigorously,0,0,0,1,0,0,0,0,0,0,0,0,0,0,0,2,2,0.3427,10,1,vigorously,0.0001385809312638,0.4412300856834651,0.0666666666666666,"countries, cold, us, ussr, war"
profoundly,0,0,0,1,0,0,0,0,0,0,0,0,0,0,0,2,2,-0.747,10,1,profoundly,0.0001385809312638,0.4412300856834651,0.0666666666666666,"countries, cold, us, ussr, war"
causes,1,1,0,0,0,0,0,0,0,0,0,0,0,0,0,2,2,-0.5994,6,1,causes,0.0001385809312638,0.4412300856834651,0.1333333333333333,"countries, cold, us, ussr, war"
superiority,1,0,0,0,0,0,0,0,0,0,0,0,0,0,0,2,2,0.7242,11,1,superiority,0.0001385809312638,0.4412300856834651,0.0666666666666666,"countries, cold, us, ussr, war"
initiative,1,0,1,0,0,0,0,0,0,0,0,0,0,0,0,2,2,0.1729,10,1,initiative,0.0001385809312638,0.4412300856834651,0.1333333333333333,"countries, cold, us, ussr, war"
crises,1,0,0,0,0,0,0,0,0,0,0,0,0,0,0,2,2,-0.61215,6,1,crises,0.0001385809312638,0.4412300856834651,0.0666666666666666,"countries, cold, us, ussr, war"
vitality,1,0,0,0,0,0,0,0,0,0,0,0,0,0,0,2,1,0.5574,8,1,vitality,0.0001385809312638,0.4412300856834651,0.0666666666666666,"countries, cold, us, ussr, war"
step,1,1,0,0,0,0,0,0,0,0,0,0,0,0,0,2,1,0.5574,4,1,step,0.0001385809312638,0.4412300856834651,0.1333333333333333,"countries, cold, us, ussr, war"
chaos,1,0,0,0,0,0,0,0,0,0,0,0,0,0,0,2,2,-0.9267,5,1,chaos,0.0001385809312638,0.4412300856834651,0.0666666666666666,"countries, cold, us, ussr, war"
regain,0,0,0,0,0,0,0,0,0,0,0,0,0,0,0,2,2,0.34555,6,1,regain,0.0001385809312638,0.4412300856834651,0.0,"countries, cold, us, ussr, war"
reflection,1,0,0,0,0,0,0,0,0,0,0,0,0,0,0,2,2,-0.1625,10,1,reflection,0.0001385809312638,0.4412300856834651,0.0666666666666666,"countries, cold, us, ussr, war"
inability,1,0,0,0,0,0,0,0,0,0,0,0,0,0,0,2,2,-0.6605,9,1,inability,0.0001385809312638,0.4412300856834651,0.0666666666666666,"countries, cold, us, ussr, war"
substantial,1,0,1,0,0,0,0,0,0,0,0,0,0,0,0,2,2,-0.1042,11,1,substantial,0.0001385809312638,0.4412300856834651,0.1333333333333333,"countries, cold, us, ussr, war"
invest,1,1,0,0,0,0,0,0,0,0,0,0,0,0,0,2,2,-0.3999499999999999,6,1,invest,0.0001385809312638,0.4412300856834651,0.1333333333333333,"countries, cold, us, ussr, war"
beams,1,1,0,0,0,0,0,0,0,0,0,0,0,0,0,2,2,-0.67745,5,1,beams,0.0001385809312638,0.4412300856834651,0.1333333333333333,"countries, cold, us, ussr, war"
ended,0,1,1,0,0,0,0,0,0,0,0,0,0,0,0,2,2,-0.6939500000000001,5,1,ended,0.0001385809312638,0.4412300856834651,0.1333333333333333,"countries, cold, us, ussr, war"
drastic,0,0,1,0,0,0,0,0,0,0,0,0,0,0,0,2,2,0.0474499999999999,7,1,drastic,0.0001385809312638,0.4412300856834651,0.0666666666666666,"countries, cold, us, ussr, war"
grew,0,1,0,0,0,0,0,0,0,0,0,0,0,0,0,2,2,0.54105,4,1,grew,0.0001385809312638,0.4412300856834651,0.0666666666666666,"countries, cold, us, ussr, war"
depth,1,0,0,0,0,0,0,0,0,0,0,0,0,0,0,2,2,0.11315,5,1,depth,0.0001385809312638,0.4412300856834651,0.0666666666666666,"countries, cold, us, ussr, war"
republics,1,0,0,0,0,0,0,0,0,0,0,0,0,0,0,2,2,-0.26335,9,1,republics,0.0001385809312638,0.4412300856834651,0.0666666666666666,"countries, cold, us, ussr, war"
baker,1,0,0,0,0,0,0,0,0,0,0,0,0,0,0,2,2,0.0,5,1,baker,0.0001385809312638,0.4412300856834651,0.0666666666666666,"countries, cold, us, ussr, war"
september,1,0,0,0,0,0,0,0,0,0,0,0,0,0,0,2,2,0.0,9,1,september,0.0001385809312638,0.4412300856834651,0.0666666666666666,"countries, cold, us, ussr, war"
origins,1,0,0,0,0,0,0,0,0,0,0,0,0,0,0,2,2,-0.77395,7,1,origins,0.0001385809312638,0.4412300856834651,0.0666666666666666,"countries, cold, us, ussr, war"
adjusted,0,1,1,0,0,0,0,0,0,0,0,0,0,0,0,2,2,0.07655,8,1,adjusted,0.0001385809312638,0.4412300856834651,0.1333333333333333,"countries, cold, us, ussr, war"
evenly,0,0,0,1,0,0,0,0,0,0,0,0,0,0,0,2,2,-0.91245,6,1,evenly,0.0001385809312638,0.4412300856834651,0.0666666666666666,"countries, cold, us, ussr, war"
matched,0,1,1,0,0,0,0,0,0,0,0,0,0,0,0,2,2,-0.91245,7,1,matched,0.0001385809312638,0.4412300856834651,0.1333333333333333,"countries, cold, us, ussr, war"
tried,0,1,1,0,0,0,0,0,0,0,0,0,0,0,0,2,2,-0.6201,5,1,tried,0.0001385809312638,0.4412300856834651,0.1333333333333333,"countries, cold, us, ussr, war"
blocked,0,1,1,0,0,0,0,0,0,0,0,0,0,0,0,2,2,-0.585,7,1,blocked,0.0001385809312638,0.4412300856834651,0.1333333333333333,"countries, cold, us, ussr, war"
catastrophe,1,0,0,0,0,0,0,0,0,0,0,0,0,0,0,2,2,-0.84125,11,1,catastrophe,0.0001385809312638,0.4412300856834651,0.0666666666666666,"countries, cold, us, ussr, war"
fragmentation,1,0,0,0,0,0,0,0,0,0,0,0,0,0,0,2,2,-0.76595,13,1,fragmentation,0.0001385809312638,0.4412300856834651,0.0666666666666666,"countries, cold, us, ussr, war"
taking,0,1,1,0,0,0,0,0,0,0,0,0,0,0,0,2,2,-0.20095,6,1,taking,0.0001385809312638,0.4412300856834651,0.1333333333333333,"countries, cold, us, ussr, war"
bring,0,1,0,0,0,0,0,0,0,0,0,0,0,0,0,2,2,-0.4801,5,1,bring,0.0001385809312638,0.4412300856834651,0.0666666666666666,"countries, cold, us, ussr, war"
collapsed,0,1,1,0,0,0,0,0,0,0,0,0,0,0,0,2,2,-0.20215,9,1,collapsed,0.0001385809312638,0.4412300856834651,0.1333333333333333,"countries, cold, us, ussr, war"
slow,1,1,1,1,0,0,0,0,0,0,0,0,0,0,0,2,2,-0.26465,4,1,slow,0.0001385809312638,0.4412300856834651,0.2666666666666666,"countries, cold, us, ussr, war"
shortage,1,0,0,0,0,0,0,0,0,0,0,0,0,0,0,2,1,-0.743,8,1,shortage,0.0001385809312638,0.4412300856834651,0.0666666666666666,"countries, cold, us, ussr, war"
nexus,1,0,0,0,0,0,0,0,0,0,0,0,0,0,0,1,1,0.34,5,1,nexus,6.929046563192905e-05,0.3527925170786499,0.0666666666666666,"countries, cold, us, ussr, war"
ewa,0,0,0,0,0,0,0,0,0,0,0,0,0,0,0,1,1,0.0,3,1,ewa,6.929046563192905e-05,0.3527925170786499,0.0,"countries, cold, us, ussr, war"
publishing,0,1,0,0,0,0,0,0,0,0,0,0,0,0,0,1,1,0.0,10,1,publishing,6.929046563192905e-05,0.3527925170786499,0.0666666666666666,"countries, cold, us, ussr, war"
available,0,0,1,0,0,0,0,0,0,0,0,0,0,0,0,1,1,0.0,9,1,available,6.929046563192905e-05,0.3527925170786499,0.0666666666666666,"countries, cold, us, ussr, war"
online,0,0,0,0,0,0,0,0,0,0,0,0,0,0,0,1,1,0.0,6,1,online,6.929046563192905e-05,0.3527925170786499,0.0,"countries, cold, us, ussr, war"
yixuan,0,0,0,0,0,0,0,0,0,0,0,0,0,0,0,1,1,-0.5994,6,1,yixuan,6.929046563192905e-05,0.3527925170786499,0.0,"countries, cold, us, ussr, war"
bai,1,0,0,0,0,0,0,0,0,0,0,0,0,0,0,1,1,-0.5994,3,1,bai,6.929046563192905e-05,0.3527925170786499,0.0666666666666666,"countries, cold, us, ussr, war"
jingling,1,1,1,0,0,0,0,0,0,0,0,0,0,0,0,1,1,-0.5994,8,1,jingling,6.929046563192905e-05,0.3527925170786499,0.2,"countries, cold, us, ussr, war"
school,1,1,0,0,0,0,0,0,0,0,0,0,0,0,0,1,1,-0.5994,6,1,school,6.929046563192905e-05,0.3527925170786499,0.1333333333333333,"countries, cold, us, ussr, war"
hexi,0,0,0,0,0,0,0,0,0,0,0,0,0,0,0,1,1,-0.5994,4,1,hexi,6.929046563192905e-05,0.3527925170786499,0.0,"countries, cold, us, ussr, war"
campus,1,0,0,0,0,0,0,0,0,0,0,0,0,0,0,1,1,-0.5994,6,1,campus,6.929046563192905e-05,0.3527925170786499,0.0666666666666666,"countries, cold, us, ussr, war"
rice,1,1,0,0,0,0,0,0,0,0,0,0,0,0,0,1,1,0.0,4,1,rice,6.929046563192905e-05,0.3527925170786499,0.1333333333333333,"countries, cold, us, ussr, war"
bakerinstitute,0,0,0,0,0,0,0,0,0,0,0,0,0,0,0,1,1,0.0,14,1,bakerinstitute,6.929046563192905e-05,0.3527925170786499,0.0,"countries, cold, us, ussr, war"
sites,1,0,0,0,0,0,0,0,0,0,0,0,0,0,0,1,1,0.0,5,1,sites,6.929046563192905e-05,0.3527925170786499,0.0666666666666666,"countries, cold, us, ussr, war"
qq,0,0,0,0,0,0,0,0,0,0,0,0,0,0,0,1,1,-0.5994,2,0,qq,6.929046563192905e-05,0.3527925170786499,0.0,"countries, cold, us, ussr, war"
poles,1,1,0,0,0,0,0,0,0,0,0,0,0,0,0,1,1,0.7351,5,1,poles,6.929046563192905e-05,0.3527925170786499,0.1333333333333333,"countries, cold, us, ussr, war"
virtue,1,0,0,0,0,0,0,0,0,0,0,0,0,0,0,1,1,0.7351,6,1,virtue,6.929046563192905e-05,0.3527925170786499,0.0666666666666666,"countries, cold, us, ussr, war"
controversy,1,0,0,0,0,0,0,0,0,0,0,0,0,0,0,1,1,0.0,11,1,controversy,6.929046563192905e-05,0.3527925170786499,0.0666666666666666,"countries, cold, us, ussr, war"
reasons,1,1,0,0,0,0,0,0,0,0,0,0,0,0,0,1,1,0.0,7,1,reasons,6.929046563192905e-05,0.3527925170786499,0.1333333333333333,"countries, cold, us, ussr, war"
huang,0,0,0,0,0,0,0,0,0,0,0,0,0,0,0,1,1,0.0,5,1,huang,6.929046563192905e-05,0.3527925170786499,0.0,"countries, cold, us, ussr, war"
h,1,0,0,0,0,0,0,0,0,0,0,0,0,0,0,1,1,0.0,1,1,h,6.929046563192905e-05,0.3527925170786499,0.0666666666666666,"countries, cold, us, ussr, war"
zhang,0,0,0,0,0,0,0,0,0,0,0,0,0,0,0,1,1,0.0,5,1,zhang,6.929046563192905e-05,0.3527925170786499,0.0,"countries, cold, us, ussr, war"
y,1,0,0,0,0,0,0,0,0,0,0,0,0,0,0,1,1,0.0,1,1,y,6.929046563192905e-05,0.3527925170786499,0.0666666666666666,"countries, cold, us, ussr, war"
provocation,1,0,0,0,0,0,0,0,0,0,0,0,0,0,0,1,1,-0.7351,11,1,provocation,6.929046563192905e-05,0.3527925170786499,0.0666666666666666,"countries, cold, us, ussr, war"
guangming,0,0,0,0,0,0,0,0,0,0,0,0,0,0,0,1,1,0.0,9,1,guangming,6.929046563192905e-05,0.3527925170786499,0.0,"countries, cold, us, ussr, war"
net,1,1,1,0,0,0,0,0,0,0,0,0,0,0,0,1,1,0.0,3,1,net,6.929046563192905e-05,0.3527925170786499,0.2,"countries, cold, us, ussr, war"
news,1,0,0,0,0,0,0,0,0,0,0,0,0,0,0,1,1,0.0,4,1,news,6.929046563192905e-05,0.3527925170786499,0.0666666666666666,"countries, cold, us, ussr, war"
text,1,0,0,0,0,0,0,0,0,0,0,0,0,0,0,1,1,0.0,4,1,text,6.929046563192905e-05,0.3527925170786499,0.0666666666666666,"countries, cold, us, ussr, war"
dit,1,0,0,0,0,0,0,0,0,0,0,0,0,0,0,1,1,0.0,3,1,dit,6.929046563192905e-05,0.3527925170786499,0.0666666666666666,"countries, cold, us, ussr, war"
my,0,0,0,0,0,0,0,0,0,0,0,0,0,1,0,1,1,0.0,2,1,my,6.929046563192905e-05,0.3527925170786499,0.0666666666666666,"countries, cold, us, ussr, war"
duty,1,0,0,0,0,0,0,0,0,0,0,0,0,0,0,1,1,0.0,4,1,duty,6.929046563192905e-05,0.3527925170786499,0.0666666666666666,"countries, cold, us, ussr, war"
descended,0,1,0,0,0,0,0,0,0,0,0,0,0,0,0,1,1,0.0,9,1,descended,6.929046563192905e-05,0.3527925170786499,0.0666666666666666,"countries, cold, us, ussr, war"
library,1,0,0,0,0,0,0,0,0,0,0,0,0,0,0,1,1,0.0,7,1,library,6.929046563192905e-05,0.3527925170786499,0.0666666666666666,"countries, cold, us, ussr, war"
presidential,0,0,1,0,0,0,0,0,0,0,0,0,0,0,0,1,1,0.0,12,1,presidential,6.929046563192905e-05,0.3527925170786499,0.0666666666666666,"countries, cold, us, ussr, war"
inquiries,1,0,0,0,0,0,0,0,0,0,0,0,0,0,0,1,1,0.0,9,1,inquiries,6.929046563192905e-05,0.3527925170786499,0.0666666666666666,"countries, cold, us, ussr, war"
wu,1,0,0,0,0,0,0,0,0,0,0,0,0,0,0,1,1,0.0,2,1,wu,6.929046563192905e-05,0.3527925170786499,0.0666666666666666,"countries, cold, us, ussr, war"
lecture,1,1,0,0,0,0,0,0,0,0,0,0,0,0,0,1,1,0.0,7,1,lecture,6.929046563192905e-05,0.3527925170786499,0.1333333333333333,"countries, cold, us, ussr, war"
notes,0,1,0,0,0,0,0,0,0,0,0,0,0,0,0,1,1,0.0,5,1,notes,6.929046563192905e-05,0.3527925170786499,0.0666666666666666,"countries, cold, us, ussr, war"
geopolitics,1,0,0,0,0,0,0,0,0,0,0,0,0,0,0,1,1,0.7351,11,1,geopolitics,6.929046563192905e-05,0.3527925170786499,0.0666666666666666,"countries, cold, us, ussr, war"
militarily,0,0,0,1,0,0,0,0,0,0,0,0,0,0,0,1,1,-0.5106,10,1,militarily,6.929046563192905e-05,0.3527925170786499,0.0666666666666666,"countries, cold, us, ussr, war"
confronts,0,1,0,0,0,0,0,0,0,0,0,0,0,0,0,1,1,-0.5106,9,1,confronts,6.929046563192905e-05,0.3527925170786499,0.0666666666666666,"countries, cold, us, ussr, war"
nationalarchives,0,0,0,0,0,0,0,0,0,0,0,0,0,0,0,1,1,0.0,16,1,nationalarchives,6.929046563192905e-05,0.3527925170786499,0.0,"countries, cold, us, ussr, war"
file,1,1,0,0,0,0,0,0,0,0,0,0,0,0,0,1,1,0.0,4,1,file,6.929046563192905e-05,0.3527925170786499,0.1333333333333333,"countries, cold, us, ussr, war"
filename,1,0,0,0,0,0,0,0,0,0,0,0,0,0,0,1,1,0.0,8,1,filename,6.929046563192905e-05,0.3527925170786499,0.0666666666666666,"countries, cold, us, ussr, war"
nh,0,0,0,0,0,0,0,0,0,0,0,0,0,0,0,1,1,0.4939,2,0,nh,6.929046563192905e-05,0.3527925170786499,0.0,"countries, cold, us, ussr, war"
lu,0,0,0,0,0,0,0,0,0,0,0,0,0,0,0,1,1,0.4939,2,0,lu,6.929046563192905e-05,0.3527925170786499,0.0,"countries, cold, us, ussr, war"
n,1,0,0,0,0,0,0,0,0,0,0,0,0,0,0,1,1,0.4939,1,1,n,6.929046563192905e-05,0.3527925170786499,0.0666666666666666,"countries, cold, us, ussr, war"
lenin,1,0,0,0,0,0,0,0,0,0,0,0,0,0,0,1,1,0.0,5,1,lenin,6.929046563192905e-05,0.3527925170786499,0.0666666666666666,"countries, cold, us, ussr, war"
executive,1,0,1,0,0,0,0,0,0,0,0,0,0,0,0,1,1,0.0,9,1,executive,6.929046563192905e-05,0.3527925170786499,0.1333333333333333,"countries, cold, us, ussr, war"
academy,1,0,0,0,0,0,0,0,0,0,0,0,0,0,0,1,1,0.0,7,1,academy,6.929046563192905e-05,0.3527925170786499,0.0666666666666666,"countries, cold, us, ussr, war"
pudong,0,0,0,0,0,0,0,0,0,0,0,0,0,0,0,1,1,0.0,6,1,pudong,6.929046563192905e-05,0.3527925170786499,0.0,"countries, cold, us, ussr, war"
agents,1,0,0,0,0,0,0,0,0,0,0,0,0,0,0,1,1,0.4215,6,1,agents,6.929046563192905e-05,0.3527925170786499,0.0666666666666666,"countries, cold, us, ussr, war"
operating,0,1,1,0,0,0,0,0,0,0,0,0,0,0,0,1,1,0.4215,9,1,operating,6.929046563192905e-05,0.3527925170786499,0.1333333333333333,"countries, cold, us, ussr, war"
collecting,0,1,0,0,0,0,0,0,0,0,0,0,0,0,0,1,1,0.4215,10,1,collecting,6.929046563192905e-05,0.3527925170786499,0.0666666666666666,"countries, cold, us, ussr, war"
obtained,0,1,0,0,0,0,0,0,0,0,0,0,0,0,0,1,1,0.6369,8,1,obtained,6.929046563192905e-05,0.3527925170786499,0.0666666666666666,"countries, cold, us, ussr, war"
espionage,1,0,0,0,0,0,0,0,0,0,0,0,0,0,0,1,1,0.6369,9,1,espionage,6.929046563192905e-05,0.3527925170786499,0.0666666666666666,"countries, cold, us, ussr, war"
decisions,0,0,0,0,0,0,0,0,0,0,0,0,0,0,0,1,1,0.6369,9,1,decisions,6.929046563192905e-05,0.3527925170786499,0.0,"countries, cold, us, ussr, war"
sdi,0,0,0,0,0,0,0,0,0,0,0,0,0,0,0,1,1,-0.4767,3,1,sdi,6.929046563192905e-05,0.3527925170786499,0.0,"countries, cold, us, ussr, war"
gain,1,1,0,0,0,0,0,0,0,0,0,0,0,0,0,1,1,0.836,4,1,gain,6.929046563192905e-05,0.3527925170786499,0.1333333333333333,"countries, cold, us, ussr, war"
upgrade,1,1,1,1,0,0,0,0,0,0,0,0,0,0,0,1,1,0.6169,7,1,upgrade,6.929046563192905e-05,0.3527925170786499,0.2666666666666666,"countries, cold, us, ussr, war"
arsenal,1,0,0,0,0,0,0,0,0,0,0,0,0,0,0,1,1,0.6169,7,1,arsenal,6.929046563192905e-05,0.3527925170786499,0.0666666666666666,"countries, cold, us, ussr, war"
lag,0,1,0,0,0,0,0,0,0,0,0,0,0,0,0,1,1,0.6169,3,1,lag,6.929046563192905e-05,0.3527925170786499,0.0666666666666666,"countries, cold, us, ussr, war"
behind,1,0,1,1,0,0,0,0,0,0,0,0,0,0,0,1,1,0.6169,6,1,behind,6.929046563192905e-05,0.3527925170786499,0.2,"countries, cold, us, ussr, war"
though,0,0,0,1,0,0,1,0,0,0,0,0,0,0,0,1,1,0.6169,6,1,though,6.929046563192905e-05,0.3527925170786499,0.1333333333333333,"countries, cold, us, ussr, war"
sums,1,0,0,0,0,0,0,0,0,0,0,0,0,0,0,1,1,-0.0258,4,1,sums,6.929046563192905e-05,0.3527925170786499,0.0666666666666666,"countries, cold, us, ussr, war"
money,1,0,0,0,0,0,0,0,0,0,0,0,0,0,0,1,1,-0.0258,5,1,money,6.929046563192905e-05,0.3527925170786499,0.0666666666666666,"countries, cold, us, ussr, war"
confidential,0,0,1,0,0,0,0,0,0,0,0,0,0,0,0,1,1,0.3818,12,1,confidential,6.929046563192905e-05,0.3527925170786499,0.0666666666666666,"countries, cold, us, ussr, war"
capability,1,0,0,0,0,0,0,0,0,0,0,0,0,0,0,1,1,-0.6486,10,1,capability,6.929046563192905e-05,0.3527925170786499,0.0666666666666666,"countries, cold, us, ussr, war"
give,1,1,0,0,0,0,0,0,0,0,0,0,0,0,0,1,1,0.0473,4,1,give,6.929046563192905e-05,0.3527925170786499,0.1333333333333333,"countries, cold, us, ussr, war"
ability,1,0,0,0,0,0,0,0,0,0,0,0,0,0,0,1,1,0.0473,7,1,ability,6.929046563192905e-05,0.3527925170786499,0.0666666666666666,"countries, cold, us, ussr, war"
intercept,1,1,0,0,0,0,0,0,0,0,0,0,0,0,0,1,1,0.0473,9,1,intercept,6.929046563192905e-05,0.3527925170786499,0.1333333333333333,"countries, cold, us, ussr, war"
devote,0,1,0,0,0,0,0,0,0,0,0,0,0,0,0,1,1,0.0516,6,1,devote,6.929046563192905e-05,0.3527925170786499,0.0666666666666666,"countries, cold, us, ussr, war"
coping,1,1,0,0,0,0,0,0,0,0,0,0,0,0,0,1,1,0.0516,6,1,coping,6.929046563192905e-05,0.3527925170786499,0.1333333333333333,"countries, cold, us, ussr, war"
countering,0,0,0,0,0,0,0,0,0,0,0,0,0,0,0,1,1,0.5859,10,1,countering,6.929046563192905e-05,0.3527925170786499,0.0,"countries, cold, us, ussr, war"
pace,1,1,0,0,0,0,0,0,0,0,0,0,0,0,0,1,1,-0.4404,4,1,pace,6.929046563192905e-05,0.3527925170786499,0.1333333333333333,"countries, cold, us, ussr, war"
electronics,1,0,0,0,0,0,0,0,0,0,0,0,0,0,0,1,1,-0.8126,11,1,electronics,6.929046563192905e-05,0.3527925170786499,0.0666666666666666,"countries, cold, us, ussr, war"
automatically,0,0,0,1,0,0,0,0,0,0,0,0,0,0,0,1,1,0.0,13,1,automatically,6.929046563192905e-05,0.3527925170786499,0.0666666666666666,"countries, cold, us, ussr, war"
hit,1,1,1,0,0,0,0,0,0,0,0,0,0,0,0,1,1,0.0,3,1,hit,6.929046563192905e-05,0.3527925170786499,0.2,"countries, cold, us, ussr, war"
equip,0,1,0,0,0,0,0,0,0,0,0,0,0,0,0,1,1,0.0,5,1,equip,6.929046563192905e-05,0.3527925170786499,0.0666666666666666,"countries, cold, us, ussr, war"
network,1,1,0,0,0,0,0,0,0,0,0,0,0,0,0,1,1,0.0,7,1,network,6.929046563192905e-05,0.3527925170786499,0.1333333333333333,"countries, cold, us, ussr, war"
patriot,1,0,0,0,0,0,0,0,0,0,0,0,0,0,0,1,1,-0.6486,7,1,patriot,6.929046563192905e-05,0.3527925170786499,0.0666666666666666,"countries, cold, us, ussr, war"
extension,1,0,0,0,0,0,0,0,0,0,0,0,0,0,0,1,1,-0.6486,9,1,extension,6.929046563192905e-05,0.3527925170786499,0.0666666666666666,"countries, cold, us, ussr, war"
demonstrated,0,1,1,0,0,0,0,0,0,0,0,0,0,0,0,1,1,-0.6486,12,1,demonstrated,6.929046563192905e-05,0.3527925170786499,0.1333333333333333,"countries, cold, us, ussr, war"
installations,1,0,0,0,0,0,0,0,0,0,0,0,0,0,0,1,1,0.2023,13,1,installations,6.929046563192905e-05,0.3527925170786499,0.0666666666666666,"countries, cold, us, ussr, war"
layouts,1,0,0,0,0,0,0,0,0,0,0,0,0,0,0,1,1,0.2023,7,1,layouts,6.929046563192905e-05,0.3527925170786499,0.0666666666666666,"countries, cold, us, ussr, war"
capturing,0,1,0,0,0,0,0,0,0,0,0,0,0,0,0,1,1,0.3818,9,1,capturing,6.929046563192905e-05,0.3527925170786499,0.0666666666666666,"countries, cold, us, ussr, war"
images,1,1,0,0,0,0,0,0,0,0,0,0,0,0,0,1,1,0.3818,6,1,images,6.929046563192905e-05,0.3527925170786499,0.1333333333333333,"countries, cold, us, ussr, war"
obtain,0,1,0,0,0,0,0,0,0,0,0,0,0,0,0,1,1,0.3818,6,1,obtain,6.929046563192905e-05,0.3527925170786499,0.0666666666666666,"countries, cold, us, ussr, war"
opposing,0,1,1,0,0,0,0,0,0,0,0,0,0,0,0,1,1,0.3818,8,1,opposing,6.929046563192905e-05,0.3527925170786499,0.1333333333333333,"countries, cold, us, ussr, war"
side's,0,0,0,0,0,0,0,0,0,0,0,0,0,0,0,1,1,0.3818,6,1,side's,6.929046563192905e-05,0.3527925170786499,0.0,"countries, cold, us, ussr, war"
tests,1,1,0,0,0,0,0,0,0,0,0,0,0,0,0,1,1,0.3818,5,1,tests,6.929046563192905e-05,0.3527925170786499,0.1333333333333333,"countries, cold, us, ussr, war"
achieving,1,1,0,0,0,0,0,0,0,0,0,0,0,0,0,1,1,-0.7351,9,1,achieving,6.929046563192905e-05,0.3527925170786499,0.1333333333333333,"countries, cold, us, ussr, war"
predicament,1,0,0,0,0,0,0,0,0,0,0,0,0,0,0,1,1,-0.7351,11,1,predicament,6.929046563192905e-05,0.3527925170786499,0.0666666666666666,"countries, cold, us, ussr, war"
chinese,1,0,1,0,0,0,0,0,0,0,0,0,0,0,0,1,1,0.4939,7,1,chinese,6.929046563192905e-05,0.3527925170786499,0.1333333333333333,"countries, cold, us, ussr, war"
premier,1,1,1,0,0,0,0,0,0,0,0,0,0,0,0,1,1,0.4939,7,1,premier,6.929046563192905e-05,0.3527925170786499,0.2,"countries, cold, us, ussr, war"
zhou,1,0,0,0,0,0,0,0,0,0,0,0,0,0,0,1,1,0.4939,4,1,zhou,6.929046563192905e-05,0.3527925170786499,0.0666666666666666,"countries, cold, us, ussr, war"
enlai,0,0,0,0,0,0,0,0,0,0,0,0,0,0,0,1,1,0.4939,5,1,enlai,6.929046563192905e-05,0.3527925170786499,0.0,"countries, cold, us, ussr, war"
received,0,1,1,0,0,0,0,0,0,0,0,0,0,0,0,1,1,0.4939,8,1,received,6.929046563192905e-05,0.3527925170786499,0.1333333333333333,"countries, cold, us, ussr, war"
delegation,1,0,0,0,0,0,0,0,0,0,0,0,0,0,0,1,1,0.4939,10,1,delegation,6.929046563192905e-05,0.3527925170786499,0.0666666666666666,"countries, cold, us, ussr, war"
disciplines,1,1,0,0,0,0,0,0,0,0,0,0,0,0,0,1,1,-0.1154,11,1,disciplines,6.929046563192905e-05,0.3527925170786499,0.1333333333333333,"countries, cold, us, ussr, war"
computer,1,0,0,0,0,0,0,0,0,0,0,0,0,0,0,1,1,-0.1154,8,1,computer,6.929046563192905e-05,0.3527925170786499,0.0666666666666666,"countries, cold, us, ussr, war"
whose,0,0,0,0,0,0,0,0,0,0,0,0,0,1,1,1,1,-0.1154,5,1,whose,6.929046563192905e-05,0.3527925170786499,0.1333333333333333,"countries, cold, us, ussr, war"
critical,1,0,1,0,0,0,0,0,0,0,0,0,0,0,0,1,1,-0.1154,8,1,critical,6.929046563192905e-05,0.3527925170786499,0.1333333333333333,"countries, cold, us, ussr, war"
supporting,0,1,1,0,0,0,0,0,0,0,0,0,0,0,0,1,1,-0.1154,10,1,supporting,6.929046563192905e-05,0.3527925170786499,0.1333333333333333,"countries, cold, us, ussr, war"
overwhelmed,0,1,1,0,0,0,0,0,0,0,0,0,0,0,0,1,1,-0.5267,11,1,overwhelmed,6.929046563192905e-05,0.3527925170786499,0.1333333333333333,"countries, cold, us, ussr, war"
keep,1,1,0,0,0,0,0,0,0,0,0,0,0,0,0,1,1,-0.7351,4,1,keep,6.929046563192905e-05,0.3527925170786499,0.1333333333333333,"countries, cold, us, ussr, war"
difficulty,1,0,0,0,0,0,0,0,0,0,0,0,0,0,0,1,1,-0.7351,10,1,difficulty,6.929046563192905e-05,0.3527925170786499,0.0666666666666666,"countries, cold, us, ussr, war"
looking,1,1,1,0,0,0,0,0,0,0,0,0,0,0,0,1,1,0.836,7,1,looking,6.929046563192905e-05,0.3527925170786499,0.2,"countries, cold, us, ussr, war"
weapon,1,0,0,0,0,0,0,0,0,0,0,0,0,0,0,1,1,-0.4767,6,1,weapon,6.929046563192905e-05,0.3527925170786499,0.0666666666666666,"countries, cold, us, ussr, war"
envisage,0,0,0,0,0,0,0,0,0,0,0,0,0,0,0,1,1,-0.4767,8,1,envisage,6.929046563192905e-05,0.3527925170786499,0.0,"countries, cold, us, ussr, war"
platforms,1,0,0,0,0,0,0,0,0,0,0,0,0,0,0,1,1,-0.4767,9,1,platforms,6.929046563192905e-05,0.3527925170786499,0.0666666666666666,"countries, cold, us, ussr, war"
orbit,1,0,0,0,0,0,0,0,0,0,0,0,0,0,0,1,1,-0.4767,5,1,orbit,6.929046563192905e-05,0.3527925170786499,0.0666666666666666,"countries, cold, us, ussr, war"
firing,1,1,0,0,0,0,0,0,0,0,0,0,0,0,0,1,1,-0.5423,6,1,firing,6.929046563192905e-05,0.3527925170786499,0.1333333333333333,"countries, cold, us, ussr, war"
speed,1,1,0,0,0,0,0,0,0,0,0,0,0,0,0,1,1,-0.5423,5,1,speed,6.929046563192905e-05,0.3527925170786499,0.1333333333333333,"countries, cold, us, ussr, war"
destroys,0,1,0,0,0,0,0,0,0,0,0,0,0,0,0,1,1,-0.5423,8,1,destroys,6.929046563192905e-05,0.3527925170786499,0.0666666666666666,"countries, cold, us, ussr, war"
shall,0,0,0,0,0,0,0,0,0,1,0,0,0,0,0,1,1,-0.8402,5,1,shall,6.929046563192905e-05,0.3527925170786499,0.0666666666666666,"countries, cold, us, ussr, war"
deliberately,0,0,0,1,0,0,0,0,0,0,0,0,0,0,0,1,1,-0.2023,12,1,deliberately,6.929046563192905e-05,0.3527925170786499,0.0666666666666666,"countries, cold, us, ussr, war"
unfree,0,0,1,0,0,0,0,0,0,0,0,0,0,0,0,1,1,-0.2023,6,1,unfree,6.929046563192905e-05,0.3527925170786499,0.0666666666666666,"countries, cold, us, ussr, war"
distributing,0,1,0,0,0,0,0,0,0,0,0,0,0,0,0,1,1,-0.128,12,1,distributing,6.929046563192905e-05,0.3527925170786499,0.0666666666666666,"countries, cold, us, ussr, war"
producing,0,1,0,0,0,0,0,0,0,0,0,0,0,0,0,1,1,-0.128,9,1,producing,6.929046563192905e-05,0.3527925170786499,0.0666666666666666,"countries, cold, us, ussr, war"
show,1,1,0,0,0,0,0,0,0,0,0,0,0,0,0,1,1,0.6124,4,1,show,6.929046563192905e-05,0.3527925170786499,0.1333333333333333,"countries, cold, us, ussr, war"
happy,0,0,1,0,0,0,0,0,0,0,0,0,0,0,0,1,1,0.6124,5,1,happy,6.929046563192905e-05,0.3527925170786499,0.0666666666666666,"countries, cold, us, ussr, war"
sense,1,1,0,0,0,0,0,0,0,0,0,0,0,0,0,1,1,0.6124,5,1,sense,6.929046563192905e-05,0.3527925170786499,0.1333333333333333,"countries, cold, us, ussr, war"
indivisible,1,0,1,0,0,0,0,0,0,0,0,0,0,0,0,1,1,0.7351,11,1,indivisible,6.929046563192905e-05,0.3527925170786499,0.1333333333333333,"countries, cold, us, ussr, war"
whole,1,0,1,1,0,0,0,0,0,0,0,0,0,0,0,1,1,0.7351,5,1,whole,6.929046563192905e-05,0.3527925170786499,0.2,"countries, cold, us, ussr, war"
prerequisite,1,0,1,0,0,0,0,0,0,0,0,0,0,0,0,1,1,0.836,12,1,prerequisite,6.929046563192905e-05,0.3527925170786499,0.1333333333333333,"countries, cold, us, ussr, war"
act,1,1,0,0,0,0,0,0,0,0,0,0,0,0,0,1,1,-0.872,3,1,act,6.929046563192905e-05,0.3527925170786499,0.1333333333333333,"countries, cold, us, ussr, war"
infringes,0,0,0,0,0,0,0,0,0,0,0,0,0,0,0,1,1,-0.872,9,1,infringes,6.929046563192905e-05,0.3527925170786499,0.0,"countries, cold, us, ussr, war"
upon,0,0,0,0,0,0,0,0,0,0,0,0,0,0,0,1,1,-0.872,4,1,upon,6.929046563192905e-05,0.3527925170786499,0.0,"countries, cold, us, ussr, war"
violation,1,0,0,0,0,0,0,0,0,0,0,0,0,0,0,1,1,-0.872,9,1,violation,6.929046563192905e-05,0.3527925170786499,0.0666666666666666,"countries, cold, us, ussr, war"
norms,1,0,0,0,0,0,0,0,0,0,0,0,0,0,0,1,1,-0.872,5,1,norms,6.929046563192905e-05,0.3527925170786499,0.0666666666666666,"countries, cold, us, ussr, war"
lurking,0,1,1,0,0,0,0,0,0,0,0,0,0,0,0,1,1,0.3818,7,1,lurking,6.929046563192905e-05,0.3527925170786499,0.1333333333333333,"countries, cold, us, ussr, war"
agencies,1,0,0,0,0,0,0,0,0,0,0,0,0,0,0,1,1,0.3818,8,1,agencies,6.929046563192905e-05,0.3527925170786499,0.0666666666666666,"countries, cold, us, ussr, war"
supreme,0,0,1,0,0,0,0,0,0,0,0,0,0,0,0,1,1,0.7351,7,1,supreme,6.929046563192905e-05,0.3527925170786499,0.0666666666666666,"countries, cold, us, ussr, war"
handle,1,1,0,0,0,0,0,0,0,0,0,0,0,0,0,1,1,0.7351,6,1,handle,6.929046563192905e-05,0.3527925170786499,0.1333333333333333,"countries, cold, us, ussr, war"
water,1,1,0,0,0,0,0,0,0,0,0,0,0,0,0,1,1,0.7351,5,1,water,6.929046563192905e-05,0.3527925170786499,0.1333333333333333,"countries, cold, us, ussr, war"
airspace,1,0,0,0,0,0,0,0,0,0,0,0,0,0,0,1,1,0.7351,8,1,airspace,6.929046563192905e-05,0.3527925170786499,0.0666666666666666,"countries, cold, us, ussr, war"
subsoil,1,0,0,0,0,0,0,0,0,0,0,0,0,0,0,1,1,0.7351,7,1,subsoil,6.929046563192905e-05,0.3527925170786499,0.0666666666666666,"countries, cold, us, ussr, war"
boundaries,1,0,0,0,0,0,0,0,0,0,0,0,0,0,0,1,1,0.7351,10,1,boundaries,6.929046563192905e-05,0.3527925170786499,0.0666666666666666,"countries, cold, us, ussr, war"
satellite,1,1,1,0,0,0,0,0,0,0,0,0,0,0,0,1,1,-0.6249,9,1,satellite,6.929046563192905e-05,0.3527925170786499,0.2,"countries, cold, us, ussr, war"
know,1,1,0,0,0,0,0,0,0,0,0,0,0,0,0,1,1,-0.6249,4,1,know,6.929046563192905e-05,0.3527925170786499,0.1333333333333333,"countries, cold, us, ussr, war"
silos,1,0,0,0,0,0,0,0,0,0,0,0,0,0,0,1,1,-0.6249,5,1,silos,6.929046563192905e-05,0.3527925170786499,0.0666666666666666,"countries, cold, us, ussr, war"
operatives,1,0,0,0,0,0,0,0,0,0,0,0,0,0,0,1,1,0.0772,10,1,operatives,6.929046563192905e-05,0.3527925170786499,0.0666666666666666,"countries, cold, us, ussr, war"
infiltrate,0,1,0,0,0,0,0,0,0,0,0,0,0,0,0,1,1,0.0772,10,1,infiltrate,6.929046563192905e-05,0.3527925170786499,0.0666666666666666,"countries, cold, us, ussr, war"
famous,0,0,1,0,0,0,0,0,0,0,0,0,0,0,0,1,1,0.3818,6,1,famous,6.929046563192905e-05,0.3527925170786499,0.0666666666666666,"countries, cold, us, ussr, war"
networks,1,1,0,0,0,0,0,0,0,0,0,0,0,0,0,1,1,0.3818,8,1,networks,6.929046563192905e-05,0.3527925170786499,0.1333333333333333,"countries, cold, us, ussr, war"
cambridge,1,0,0,0,0,0,0,0,0,0,0,0,0,0,0,1,1,0.3818,9,1,cambridge,6.929046563192905e-05,0.3527925170786499,0.0666666666666666,"countries, cold, us, ussr, war"
contrary,1,0,1,1,0,0,0,0,0,0,0,0,0,0,0,1,1,-0.8402,8,1,contrary,6.929046563192905e-05,0.3527925170786499,0.2,"countries, cold, us, ussr, war"
settling,1,1,0,0,0,0,0,0,0,0,0,0,0,0,0,1,1,-0.8402,8,1,settling,6.929046563192905e-05,0.3527925170786499,0.1333333333333333,"countries, cold, us, ussr, war"
every,0,0,1,0,0,0,0,0,0,0,0,0,1,0,0,1,1,0.0,5,1,every,6.929046563192905e-05,0.3527925170786499,0.1333333333333333,"countries, cold, us, ussr, war"
arbitrary,1,0,1,0,0,0,0,0,0,0,0,0,0,0,0,1,1,0.4767,9,1,arbitrary,6.929046563192905e-05,0.3527925170786499,0.1333333333333333,"countries, cold, us, ussr, war"
embodies,0,1,0,0,0,0,0,0,0,0,0,0,0,0,0,1,1,0.6369,8,1,embodies,6.929046563192905e-05,0.3527925170786499,0.0666666666666666,"countries, cold, us, ussr, war"
autonomy,1,0,0,0,0,0,0,0,0,0,0,0,0,0,0,1,1,0.6369,8,1,autonomy,6.929046563192905e-05,0.3527925170786499,0.0666666666666666,"countries, cold, us, ussr, war"
equality,1,0,0,0,0,0,0,0,0,0,0,0,0,0,0,1,1,0.4588,8,1,equality,6.929046563192905e-05,0.3527925170786499,0.0666666666666666,"countries, cold, us, ussr, war"
follow,0,1,0,0,0,0,0,0,0,0,0,0,0,0,0,1,1,0.4588,6,1,follow,6.929046563192905e-05,0.3527925170786499,0.0666666666666666,"countries, cold, us, ussr, war"
tools,1,1,0,0,0,0,0,0,0,0,0,0,0,0,0,1,1,-0.6249,5,1,tools,6.929046563192905e-05,0.3527925170786499,0.1333333333333333,"countries, cold, us, ussr, war"
broadcasts,1,1,0,0,0,0,0,0,0,0,0,0,0,0,0,1,1,0.4588,10,1,broadcasts,6.929046563192905e-05,0.3527925170786499,0.1333333333333333,"countries, cold, us, ussr, war"
languages,0,0,0,0,0,0,0,0,0,0,0,0,0,0,0,1,1,0.4588,9,1,languages,6.929046563192905e-05,0.3527925170786499,0.0,"countries, cold, us, ussr, war"
spreading,0,1,1,0,0,0,0,0,0,0,0,0,0,0,0,1,1,0.4588,9,1,spreading,6.929046563192905e-05,0.3527925170786499,0.1333333333333333,"countries, cold, us, ussr, war"
portraying,0,1,0,0,0,0,0,0,0,0,0,0,0,0,0,1,1,0.4588,10,1,portraying,6.929046563192905e-05,0.3527925170786499,0.0666666666666666,"countries, cold, us, ussr, war"
authoritarian,1,0,1,0,0,0,0,0,0,0,0,0,0,0,0,1,1,0.4588,13,1,authoritarian,6.929046563192905e-05,0.3527925170786499,0.1333333333333333,"countries, cold, us, ussr, war"
lacks,1,0,0,0,0,0,0,0,0,0,0,0,0,0,0,1,1,0.4588,5,1,lacks,6.929046563192905e-05,0.3527925170786499,0.0666666666666666,"countries, cold, us, ussr, war"
reporting,1,1,0,0,0,0,0,0,0,0,0,0,0,0,0,1,1,-0.2023,9,1,reporting,6.929046563192905e-05,0.3527925170786499,0.1333333333333333,"countries, cold, us, ussr, war"
monitored,0,0,0,0,0,0,0,0,0,0,0,0,0,0,0,1,1,0.2023,9,1,monitored,6.929046563192905e-05,0.3527925170786499,0.0,"countries, cold, us, ussr, war"
spiritual,1,0,1,0,0,0,0,0,0,0,0,0,0,0,0,1,1,0.3612,9,1,spiritual,6.929046563192905e-05,0.3527925170786499,0.1333333333333333,"countries, cold, us, ussr, war"
showcased,0,0,0,0,0,0,0,0,0,0,0,0,0,0,0,1,1,-0.2023,9,1,showcased,6.929046563192905e-05,0.3527925170786499,0.0,"countries, cold, us, ussr, war"
exhibitions,1,0,0,0,0,0,0,0,0,0,0,0,0,0,0,1,1,-0.2023,11,1,exhibitions,6.929046563192905e-05,0.3527925170786499,0.0666666666666666,"countries, cold, us, ussr, war"
confronted,0,1,0,0,0,0,0,0,0,0,0,0,0,0,0,1,1,-0.2023,10,1,confronted,6.929046563192905e-05,0.3527925170786499,0.0666666666666666,"countries, cold, us, ussr, war"
influential,1,0,1,0,0,0,0,0,0,0,0,0,0,0,0,1,1,-0.6815,11,1,influential,6.929046563192905e-05,0.3527925170786499,0.1333333333333333,"countries, cold, us, ussr, war"
voa,0,0,0,0,0,0,0,0,0,0,0,0,0,0,0,1,1,-0.6249,3,1,voa,6.929046563192905e-05,0.3527925170786499,0.0,"countries, cold, us, ussr, war"
moscow,1,0,0,0,0,0,0,0,0,0,0,0,0,0,0,1,1,-0.6249,6,1,moscow,6.929046563192905e-05,0.3527925170786499,0.0666666666666666,"countries, cold, us, ussr, war"
produced,0,1,1,0,0,0,0,0,0,0,0,0,0,0,0,1,1,0.8807,8,1,produced,6.929046563192905e-05,0.3527925170786499,0.1333333333333333,"countries, cold, us, ussr, war"
suggestive,0,0,1,0,0,0,0,0,0,0,0,0,0,0,0,1,1,0.8807,10,1,suggestive,6.929046563192905e-05,0.3527925170786499,0.0666666666666666,"countries, cold, us, ussr, war"
faith,1,0,0,0,0,0,0,0,0,0,0,0,0,0,0,1,1,0.8807,5,1,faith,6.929046563192905e-05,0.3527925170786499,0.0666666666666666,"countries, cold, us, ussr, war"
depicting,1,0,0,0,0,0,0,0,0,0,0,0,0,0,0,1,1,0.8807,9,1,depicting,6.929046563192905e-05,0.3527925170786499,0.0666666666666666,"countries, cold, us, ussr, war"
affluent,1,0,1,0,0,0,0,0,0,0,0,0,0,0,0,1,1,0.8807,8,1,affluent,6.929046563192905e-05,0.3527925170786499,0.1333333333333333,"countries, cold, us, ussr, war"
gathering,1,0,1,0,0,0,0,0,0,0,0,0,0,0,0,1,1,0.5574,9,1,gathering,6.929046563192905e-05,0.3527925170786499,0.1333333333333333,"countries, cold, us, ussr, war"
keyhole,1,0,0,0,0,0,0,0,0,0,0,0,0,0,0,1,1,0.2023,7,1,keyhole,6.929046563192905e-05,0.3527925170786499,0.0666666666666666,"countries, cold, us, ussr, war"
cosmos,1,0,0,0,0,0,0,0,0,0,0,0,0,0,0,1,1,0.2023,6,1,cosmos,6.929046563192905e-05,0.3527925170786499,0.0666666666666666,"countries, cold, us, ussr, war"
coexist,0,1,0,0,0,0,0,0,0,0,0,0,0,0,0,1,1,0.836,7,1,coexist,6.929046563192905e-05,0.3527925170786499,0.0666666666666666,"countries, cold, us, ussr, war"
interact,1,1,0,0,0,0,0,0,0,0,0,0,0,0,0,1,1,0.836,8,1,interact,6.929046563192905e-05,0.3527925170786499,0.1333333333333333,"countries, cold, us, ussr, war"
themselves,0,0,0,0,0,0,0,0,0,0,0,0,0,0,1,1,1,0.836,10,1,themselves,6.929046563192905e-05,0.3527925170786499,0.0666666666666666,"countries, cold, us, ussr, war"
dialogue,1,0,0,0,0,0,0,0,0,0,0,0,0,0,0,1,1,-0.128,8,1,dialogue,6.929046563192905e-05,0.3527925170786499,0.0666666666666666,"countries, cold, us, ussr, war"
harmonious,0,0,1,0,0,0,0,0,0,0,0,0,0,0,0,1,1,-0.128,10,1,harmonious,6.929046563192905e-05,0.3527925170786499,0.0666666666666666,"countries, cold, us, ussr, war"
loose,1,0,1,1,0,0,0,0,0,0,0,0,0,0,0,1,1,-0.128,5,1,loose,6.929046563192905e-05,0.3527925170786499,0.2,"countries, cold, us, ussr, war"
want,0,1,0,0,0,0,0,0,0,0,0,0,0,0,0,1,1,-0.0572,4,1,want,6.929046563192905e-05,0.3527925170786499,0.0666666666666666,"countries, cold, us, ussr, war"
get,1,1,0,0,0,0,0,0,0,0,0,0,0,0,0,1,1,-0.0572,3,1,get,6.929046563192905e-05,0.3527925170786499,0.1333333333333333,"countries, cold, us, ussr, war"
advantages,1,1,0,0,0,0,0,0,0,0,0,0,0,0,0,1,1,0.3612,10,1,advantages,6.929046563192905e-05,0.3527925170786499,0.1333333333333333,"countries, cold, us, ussr, war"
dance,1,1,0,0,0,0,0,0,0,0,0,0,0,0,0,1,1,0.3612,5,1,dance,6.929046563192905e-05,0.3527925170786499,0.1333333333333333,"countries, cold, us, ussr, war"
film,1,1,0,0,0,0,0,0,0,0,0,0,0,0,0,1,1,0.3612,4,1,film,6.929046563192905e-05,0.3527925170786499,0.1333333333333333,"countries, cold, us, ussr, war"
outlook,1,0,0,0,0,0,0,0,0,0,0,0,0,0,0,1,1,0.3612,7,1,outlook,6.929046563192905e-05,0.3527925170786499,0.0666666666666666,"countries, cold, us, ussr, war"
opposes,0,1,0,0,0,0,0,0,0,0,0,0,0,0,0,1,1,0.296,7,1,opposes,6.929046563192905e-05,0.3527925170786499,0.0666666666666666,"countries, cold, us, ussr, war"
behavior,1,0,0,0,0,0,0,0,0,0,0,0,0,0,0,1,1,0.296,8,1,behavior,6.929046563192905e-05,0.3527925170786499,0.0666666666666666,"countries, cold, us, ussr, war"
weak,0,0,1,0,0,0,0,0,0,0,0,0,0,0,0,1,1,0.296,4,1,weak,6.929046563192905e-05,0.3527925170786499,0.0666666666666666,"countries, cold, us, ussr, war"
friendly,1,0,1,0,0,0,0,0,0,0,0,0,0,0,0,1,1,0.296,8,1,friendly,6.929046563192905e-05,0.3527925170786499,0.1333333333333333,"countries, cold, us, ussr, war"
commercial,1,0,1,0,0,0,0,0,0,0,0,0,0,0,0,1,1,0.6542,10,1,commercial,6.929046563192905e-05,0.3527925170786499,0.1333333333333333,"countries, cold, us, ussr, war"
benefits,1,1,0,0,0,0,0,0,0,0,0,0,0,0,0,1,1,0.6542,8,1,benefits,6.929046563192905e-05,0.3527925170786499,0.1333333333333333,"countries, cold, us, ussr, war"
lifestyles,1,0,0,0,0,0,0,0,0,0,0,0,0,0,0,1,1,0.6542,10,1,lifestyles,6.929046563192905e-05,0.3527925170786499,0.0666666666666666,"countries, cold, us, ussr, war"
traditional,0,0,1,0,0,0,0,0,0,0,0,0,0,0,0,1,1,0.6542,11,1,traditional,6.929046563192905e-05,0.3527925170786499,0.0666666666666666,"countries, cold, us, ussr, war"
output,1,1,0,0,0,0,0,0,0,0,0,0,0,0,0,1,1,0.6369,6,1,output,6.929046563192905e-05,0.3527925170786499,0.1333333333333333,"countries, cold, us, ussr, war"
attracting,0,1,0,0,0,0,0,0,0,0,0,0,0,0,0,1,1,0.6369,10,1,attracting,6.929046563192905e-05,0.3527925170786499,0.0666666666666666,"countries, cold, us, ussr, war"
pursuit,1,0,0,0,0,0,0,0,0,0,0,0,0,0,0,1,1,0.6369,7,1,pursuit,6.929046563192905e-05,0.3527925170786499,0.0666666666666666,"countries, cold, us, ussr, war"
young,1,0,1,0,0,0,0,0,0,0,0,0,0,0,0,1,1,0.6369,5,1,young,6.929046563192905e-05,0.3527925170786499,0.1333333333333333,"countries, cold, us, ussr, war"
footing,1,1,0,0,0,0,0,0,0,0,0,0,0,0,0,1,1,0.4588,7,1,footing,6.929046563192905e-05,0.3527925170786499,0.1333333333333333,"countries, cold, us, ussr, war"
prosperity,1,0,0,0,0,0,0,0,0,0,0,0,0,0,0,1,1,0.4588,10,1,prosperity,6.929046563192905e-05,0.3527925170786499,0.0666666666666666,"countries, cold, us, ussr, war"
superior,1,0,1,0,0,0,0,0,0,0,0,0,0,0,0,1,1,0.6124,8,1,superior,6.929046563192905e-05,0.3527925170786499,0.1333333333333333,"countries, cold, us, ussr, war"
replace,0,1,0,0,0,0,0,0,0,0,0,0,0,0,0,1,1,0.6124,7,1,replace,6.929046563192905e-05,0.3527925170786499,0.0666666666666666,"countries, cold, us, ussr, war"
hollywood,1,0,1,0,0,0,0,0,0,0,0,0,0,0,0,1,1,0.0,9,1,hollywood,6.929046563192905e-05,0.3527925170786499,0.1333333333333333,"countries, cold, us, ussr, war"
movies,1,0,0,0,0,0,0,0,0,0,0,0,0,0,0,1,1,0.0,6,1,movies,6.929046563192905e-05,0.3527925170786499,0.0666666666666666,"countries, cold, us, ussr, war"
fast,1,1,1,1,0,0,0,0,0,0,0,0,0,0,0,1,1,0.0,4,1,fast,6.929046563192905e-05,0.3527925170786499,0.2666666666666666,"countries, cold, us, ussr, war"
food,1,0,0,0,0,0,0,0,0,0,0,0,0,0,0,1,1,0.0,4,1,food,6.929046563192905e-05,0.3527925170786499,0.0666666666666666,"countries, cold, us, ussr, war"
resolutely,0,0,0,1,0,0,0,0,0,0,0,0,0,0,0,1,1,-0.2449,10,1,resolutely,6.929046563192905e-05,0.3527925170786499,0.0666666666666666,"countries, cold, us, ussr, war"
getting,1,1,0,0,0,0,0,0,0,0,0,0,0,0,0,1,1,-0.2449,7,1,getting,6.929046563192905e-05,0.3527925170786499,0.1333333333333333,"countries, cold, us, ussr, war"
confrontations,1,0,0,0,0,0,0,0,0,0,0,0,0,0,0,1,1,-0.2449,14,1,confrontations,6.929046563192905e-05,0.3527925170786499,0.0666666666666666,"countries, cold, us, ussr, war"
advocate,1,0,0,0,0,0,0,0,0,0,0,0,0,0,0,1,1,0.7906,8,1,advocate,6.929046563192905e-05,0.3527925170786499,0.0666666666666666,"countries, cold, us, ussr, war"
treat,1,1,0,0,0,0,0,0,0,0,0,0,0,0,0,1,1,0.7906,5,1,treat,6.929046563192905e-05,0.3527925170786499,0.1333333333333333,"countries, cold, us, ussr, war"
equals,1,1,0,0,0,0,0,0,0,0,0,0,0,0,0,1,1,0.7906,6,1,equals,6.929046563192905e-05,0.3527925170786499,0.1333333333333333,"countries, cold, us, ussr, war"
do,1,1,0,0,1,0,0,0,0,0,0,0,0,0,0,1,1,0.7906,2,1,do,6.929046563192905e-05,0.3527925170786499,0.2,"countries, cold, us, ussr, war"
fixed,0,1,1,0,0,0,0,0,0,0,0,0,0,0,0,1,1,0.7906,5,1,fixed,6.929046563192905e-05,0.3527925170786499,0.1333333333333333,"countries, cold, us, ussr, war"
nasser,1,0,0,0,0,0,0,0,0,0,0,0,0,0,0,1,1,0.0,6,1,nasser,6.929046563192905e-05,0.3527925170786499,0.0666666666666666,"countries, cold, us, ussr, war"
jawaharlal,0,0,0,0,0,0,0,0,0,0,0,0,0,0,0,1,1,0.0,10,1,jawaharlal,6.929046563192905e-05,0.3527925170786499,0.0,"countries, cold, us, ussr, war"
nehru,1,0,0,0,0,0,0,0,0,0,0,0,0,0,0,1,1,0.0,5,1,nehru,6.929046563192905e-05,0.3527925170786499,0.0666666666666666,"countries, cold, us, ussr, war"
propagate,0,1,0,0,0,0,0,0,0,0,0,0,0,0,0,1,1,0.3182,9,1,propagate,6.929046563192905e-05,0.3527925170786499,0.0666666666666666,"countries, cold, us, ussr, war"
decide,0,1,0,0,0,0,0,0,0,0,0,0,0,0,0,1,1,0.25,6,1,decide,6.929046563192905e-05,0.3527925170786499,0.0666666666666666,"countries, cold, us, ussr, war"
actions,1,1,0,0,0,0,0,0,0,0,0,0,0,0,0,1,1,0.25,7,1,actions,6.929046563192905e-05,0.3527925170786499,0.1333333333333333,"countries, cold, us, ussr, war"
according,0,1,1,0,0,0,0,0,0,0,0,0,0,0,0,1,1,0.25,9,1,according,6.929046563192905e-05,0.3527925170786499,0.1333333333333333,"countries, cold, us, ussr, war"
judgments,1,0,0,0,0,0,0,0,0,0,0,0,0,0,0,1,1,0.25,9,1,judgments,6.929046563192905e-05,0.3527925170786499,0.0666666666666666,"countries, cold, us, ussr, war"
enjoy,0,1,0,0,0,0,0,0,0,0,0,0,0,0,0,1,1,0.6124,5,1,enjoy,6.929046563192905e-05,0.3527925170786499,0.0666666666666666,"countries, cold, us, ussr, war"
fruits,0,1,0,0,0,0,0,0,0,0,0,0,0,0,0,1,1,0.6124,6,1,fruits,6.929046563192905e-05,0.3527925170786499,0.0666666666666666,"countries, cold, us, ussr, war"
proletariat,0,0,0,0,0,0,0,0,0,0,0,0,0,0,0,1,1,0.0,11,1,proletariat,6.929046563192905e-05,0.3527925170786499,0.0,"countries, cold, us, ussr, war"
incomparably,0,0,0,1,0,0,0,0,0,0,0,0,0,0,0,1,1,0.6124,12,1,incomparably,6.929046563192905e-05,0.3527925170786499,0.0666666666666666,"countries, cold, us, ussr, war"
whirlpool,1,0,0,0,0,0,0,0,0,0,0,0,0,0,0,1,1,-0.0572,9,1,whirlpool,6.929046563192905e-05,0.3527925170786499,0.0666666666666666,"countries, cold, us, ussr, war"
yugoslav,1,0,1,0,0,0,0,0,0,0,0,0,0,0,0,1,1,0.0,8,1,yugoslav,6.929046563192905e-05,0.3527925170786499,0.1333333333333333,"countries, cold, us, ussr, war"
tito,1,0,0,0,0,0,0,0,0,0,0,0,0,0,0,1,1,0.0,4,1,tito,6.929046563192905e-05,0.3527925170786499,0.0666666666666666,"countries, cold, us, ussr, war"
egyptian,1,0,1,0,0,0,0,0,0,0,0,0,0,0,0,1,1,0.0,8,1,egyptian,6.929046563192905e-05,0.3527925170786499,0.1333333333333333,"countries, cold, us, ussr, war"
expansive,0,0,1,0,0,0,0,0,0,0,0,0,0,0,0,1,1,0.8591,9,1,expansive,6.929046563192905e-05,0.3527925170786499,0.0666666666666666,"countries, cold, us, ussr, war"
style,1,1,0,0,0,0,0,0,0,0,0,0,0,0,0,1,1,0.8591,5,1,style,6.929046563192905e-05,0.3527925170786499,0.1333333333333333,"countries, cold, us, ussr, war"
liberalism,1,0,1,0,0,0,0,0,0,0,0,0,0,0,0,1,1,0.8591,10,1,liberalism,6.929046563192905e-05,0.3527925170786499,0.1333333333333333,"countries, cold, us, ussr, war"
linking,0,0,0,0,0,0,0,0,0,0,0,0,0,0,0,1,1,0.8591,7,1,linking,6.929046563192905e-05,0.3527925170786499,0.0,"countries, cold, us, ussr, war"
obligation,1,0,0,0,0,0,0,0,0,0,0,0,0,0,0,1,1,0.8591,10,1,obligation,6.929046563192905e-05,0.3527925170786499,0.0666666666666666,"countries, cold, us, ussr, war"
leninism,1,0,1,0,0,0,0,0,0,0,0,0,0,0,0,1,1,0.6124,8,1,leninism,6.929046563192905e-05,0.3527925170786499,0.1333333333333333,"countries, cold, us, ussr, war"
exploitation,1,0,0,0,0,0,0,0,0,0,0,0,0,0,0,1,1,0.6124,12,1,exploitation,6.929046563192905e-05,0.3527925170786499,0.0666666666666666,"countries, cold, us, ussr, war"
oppression,1,0,0,0,0,0,0,0,0,0,0,0,0,0,0,1,1,0.6124,10,1,oppression,6.929046563192905e-05,0.3527925170786499,0.0666666666666666,"countries, cold, us, ussr, war"
mao,1,0,0,0,0,0,0,0,0,0,0,0,0,0,0,1,1,0.2023,3,1,mao,6.929046563192905e-05,0.3527925170786499,0.0666666666666666,"countries, cold, us, ussr, war"
zedong's,0,0,0,0,0,0,0,0,0,0,0,0,0,0,0,1,1,0.2023,8,1,zedong's,6.929046563192905e-05,0.3527925170786499,0.0,"countries, cold, us, ussr, war"
differentiation,1,0,0,0,0,0,0,0,0,0,0,0,0,0,0,1,1,0.8957,15,1,differentiation,6.929046563192905e-05,0.3527925170786499,0.0666666666666666,"countries, cold, us, ussr, war"
reorganization,1,0,0,0,0,0,0,0,0,0,0,0,0,0,0,1,1,0.8957,14,1,reorganization,6.929046563192905e-05,0.3527925170786499,0.0666666666666666,"countries, cold, us, ussr, war"
escalating,0,1,0,0,0,0,0,0,0,0,0,0,0,0,0,1,1,0.2263,10,1,escalating,6.929046563192905e-05,0.3527925170786499,0.0666666666666666,"countries, cold, us, ussr, war"
becoming,1,1,1,0,0,0,0,0,0,0,0,0,0,0,0,1,1,0.2263,8,1,becoming,6.929046563192905e-05,0.3527925170786499,0.2,"countries, cold, us, ussr, war"
vigor,1,0,0,0,0,0,0,0,0,0,0,0,0,0,0,1,1,0.8591,5,1,vigor,6.929046563192905e-05,0.3527925170786499,0.0666666666666666,"countries, cold, us, ussr, war"
african,1,0,1,0,0,0,0,0,0,0,0,0,0,0,0,1,1,0.8591,7,1,african,6.929046563192905e-05,0.3527925170786499,0.1333333333333333,"countries, cold, us, ussr, war"
participation,1,0,0,0,0,0,0,0,0,0,0,0,0,0,0,1,1,0.9783,13,1,participation,6.929046563192905e-05,0.3527925170786499,0.0666666666666666,"countries, cold, us, ussr, war"
nam,0,0,0,0,0,0,0,0,0,0,0,0,0,0,0,1,1,0.7845,3,1,nam,6.929046563192905e-05,0.3527925170786499,0.0,"countries, cold, us, ussr, war"
given,1,1,1,0,0,0,0,0,0,0,0,0,0,0,0,1,1,0.7845,5,1,given,6.929046563192905e-05,0.3527925170786499,0.2,"countries, cold, us, ussr, war"
favorable,0,0,1,0,0,0,0,0,0,0,0,0,0,0,0,1,1,0.7845,9,1,favorable,6.929046563192905e-05,0.3527925170786499,0.0666666666666666,"countries, cold, us, ussr, war"
birth,1,0,0,0,0,0,0,0,0,0,0,0,0,0,0,1,1,0.7845,5,1,birth,6.929046563192905e-05,0.3527925170786499,0.0666666666666666,"countries, cold, us, ussr, war"
purposes,1,1,0,0,0,0,0,0,0,0,0,0,0,0,0,1,1,0.4939,8,1,purposes,6.929046563192905e-05,0.3527925170786499,0.1333333333333333,"countries, cold, us, ussr, war"
constraint,1,0,0,0,0,0,0,0,0,0,0,0,0,0,0,1,1,0.4939,10,1,constraint,6.929046563192905e-05,0.3527925170786499,0.0666666666666666,"countries, cold, us, ussr, war"
assertion,1,0,0,0,0,0,0,0,0,0,0,0,0,0,0,1,1,0.2023,9,1,assertion,6.929046563192905e-05,0.3527925170786499,0.0666666666666666,"countries, cold, us, ussr, war"
very,0,0,1,1,0,0,0,0,0,0,0,0,0,0,0,1,1,-0.7351,4,1,very,6.929046563192905e-05,0.3527925170786499,0.1333333333333333,"countries, cold, us, ussr, war"
roots,1,1,0,0,0,0,0,0,0,0,0,0,0,0,0,1,1,0.0,5,1,roots,6.929046563192905e-05,0.3527925170786499,0.1333333333333333,"countries, cold, us, ussr, war"
john,1,0,0,0,0,0,0,0,0,0,0,0,0,0,0,1,1,0.0,4,1,john,6.929046563192905e-05,0.3527925170786499,0.0666666666666666,"countries, cold, us, ussr, war"
locke,1,0,0,0,0,0,0,0,0,0,0,0,0,0,0,1,1,0.0,5,1,locke,6.929046563192905e-05,0.3527925170786499,0.0666666666666666,"countries, cold, us, ussr, war"
emphasize,0,0,0,0,0,0,0,0,0,0,0,0,0,0,0,1,1,0.9783,9,1,emphasize,6.929046563192905e-05,0.3527925170786499,0.0,"countries, cold, us, ussr, war"
individual,1,0,1,0,0,0,0,0,0,0,0,0,0,0,0,1,1,0.9783,10,1,individual,6.929046563192905e-05,0.3527925170786499,0.1333333333333333,"countries, cold, us, ussr, war"
believing,1,1,0,0,0,0,0,0,0,0,0,0,0,0,0,1,1,0.9783,9,1,believing,6.929046563192905e-05,0.3527925170786499,0.1333333333333333,"countries, cold, us, ussr, war"
rooted,0,1,1,0,0,0,0,0,0,0,0,0,0,0,0,1,1,0.9783,6,1,rooted,6.929046563192905e-05,0.3527925170786499,0.1333333333333333,"countries, cold, us, ussr, war"
cooperate,0,0,0,0,0,0,0,0,0,0,0,0,0,0,0,1,1,0.7906,9,1,cooperate,6.929046563192905e-05,0.3527925170786499,0.0,"countries, cold, us, ussr, war"
flexible,1,0,1,0,0,0,0,0,0,0,0,0,0,0,0,1,1,0.7906,8,1,flexible,6.929046563192905e-05,0.3527925170786499,0.1333333333333333,"countries, cold, us, ussr, war"
diverse,0,0,1,0,0,0,0,0,0,0,0,0,0,0,0,1,1,0.7906,7,1,diverse,6.929046563192905e-05,0.3527925170786499,0.0666666666666666,"countries, cold, us, ussr, war"
buy,1,1,0,0,0,0,0,0,0,0,0,0,0,0,0,1,1,-0.1779,3,1,buy,6.929046563192905e-05,0.3527925170786499,0.1333333333333333,"countries, cold, us, ussr, war"
raw,1,0,1,0,0,0,0,0,0,0,0,0,0,0,0,1,1,-0.1779,3,1,raw,6.929046563192905e-05,0.3527925170786499,0.1333333333333333,"countries, cold, us, ussr, war"
lower,0,1,1,0,0,0,0,0,0,0,0,0,0,0,0,1,1,-0.1779,5,1,lower,6.929046563192905e-05,0.3527925170786499,0.1333333333333333,"countries, cold, us, ussr, war"
sell,1,1,0,0,0,0,0,0,0,0,0,0,0,0,0,1,1,-0.1779,4,1,sell,6.929046563192905e-05,0.3527925170786499,0.1333333333333333,"countries, cold, us, ussr, war"
higher,0,0,1,0,0,0,0,0,0,0,0,0,0,0,0,1,1,-0.1779,6,1,higher,6.929046563192905e-05,0.3527925170786499,0.0666666666666666,"countries, cold, us, ussr, war"
interrelationship,1,0,0,0,0,0,0,0,0,0,0,0,0,0,0,1,1,0.7713,17,1,interrelationship,6.929046563192905e-05,0.3527925170786499,0.0666666666666666,"countries, cold, us, ussr, war"
analyzing,0,1,0,0,0,0,0,0,0,0,0,0,0,0,0,1,1,0.7713,9,1,analyzing,6.929046563192905e-05,0.3527925170786499,0.0666666666666666,"countries, cold, us, ussr, war"
hopes,1,1,0,0,0,0,0,0,0,0,0,0,0,0,0,1,1,0.8225,5,1,hopes,6.929046563192905e-05,0.3527925170786499,0.1333333333333333,"countries, cold, us, ussr, war"
integration,1,0,0,0,0,0,0,0,0,0,0,0,0,0,0,1,1,0.8225,11,1,integration,6.929046563192905e-05,0.3527925170786499,0.0666666666666666,"countries, cold, us, ussr, war"
intensifying,0,1,1,0,0,0,0,0,0,0,0,0,0,0,0,1,1,-0.7351,12,1,intensifying,6.929046563192905e-05,0.3527925170786499,0.1333333333333333,"countries, cold, us, ussr, war"
commonly,0,0,0,1,0,0,0,0,0,0,0,0,0,0,0,1,1,0.0,8,1,commonly,6.929046563192905e-05,0.3527925170786499,0.0666666666666666,"countries, cold, us, ussr, war"
needed,0,1,1,0,0,0,0,0,0,0,0,0,0,0,0,1,1,0.5106,6,1,needed,6.929046563192905e-05,0.3527925170786499,0.1333333333333333,"countries, cold, us, ussr, war"
increase,1,1,0,0,0,0,0,0,0,0,0,0,0,0,0,1,1,0.5106,8,1,increase,6.929046563192905e-05,0.3527925170786499,0.1333333333333333,"countries, cold, us, ussr, war"
gaining,0,1,0,0,0,0,0,0,0,0,0,0,0,0,0,1,1,0.4215,7,1,gaining,6.929046563192905e-05,0.3527925170786499,0.0666666666666666,"countries, cold, us, ussr, war"
consolidating,0,1,0,0,0,0,0,0,0,0,0,0,0,0,0,1,1,0.4215,13,1,consolidating,6.929046563192905e-05,0.3527925170786499,0.0666666666666666,"countries, cold, us, ussr, war"
driving,1,1,1,0,0,0,0,0,0,0,0,0,0,0,0,1,1,0.4215,7,1,driving,6.929046563192905e-05,0.3527925170786499,0.2,"countries, cold, us, ussr, war"
pushes,1,1,0,0,0,0,0,0,0,0,0,0,0,0,0,1,1,0.4215,6,1,pushes,6.929046563192905e-05,0.3527925170786499,0.1333333333333333,"countries, cold, us, ussr, war"
concise,0,0,1,0,0,0,0,0,0,0,0,0,0,0,0,1,1,0.7713,7,1,concise,6.929046563192905e-05,0.3527925170786499,0.0666666666666666,"countries, cold, us, ussr, war"
enabling,0,1,1,0,0,0,0,0,0,0,0,0,0,0,0,1,1,0.7713,8,1,enabling,6.929046563192905e-05,0.3527925170786499,0.1333333333333333,"countries, cold, us, ussr, war"
clearly,0,0,0,1,0,0,0,0,0,0,0,0,0,0,0,1,1,0.7713,7,1,clearly,6.929046563192905e-05,0.3527925170786499,0.0666666666666666,"countries, cold, us, ussr, war"
understand,0,1,0,0,0,0,0,0,0,0,0,0,0,0,0,1,1,0.7713,10,1,understand,6.929046563192905e-05,0.3527925170786499,0.0666666666666666,"countries, cold, us, ussr, war"
territories,1,0,0,0,0,0,0,0,0,0,0,0,0,0,0,1,1,-0.8462,11,1,territories,6.929046563192905e-05,0.3527925170786499,0.0666666666666666,"countries, cold, us, ussr, war"
populations,1,0,0,0,0,0,0,0,0,0,0,0,0,0,0,1,1,-0.8462,11,1,populations,6.929046563192905e-05,0.3527925170786499,0.0666666666666666,"countries, cold, us, ussr, war"
abundant,0,0,1,0,0,0,0,0,0,0,0,0,0,0,0,1,1,-0.8462,8,1,abundant,6.929046563192905e-05,0.3527925170786499,0.0666666666666666,"countries, cold, us, ussr, war"
oppressed,0,1,1,0,0,0,0,0,0,0,0,0,0,0,0,1,1,-0.8462,9,1,oppressed,6.929046563192905e-05,0.3527925170786499,0.1333333333333333,"countries, cold, us, ussr, war"
exploited,0,1,1,0,0,0,0,0,0,0,0,0,0,0,0,1,1,-0.8462,9,1,exploited,6.929046563192905e-05,0.3527925170786499,0.1333333333333333,"countries, cold, us, ussr, war"
colonialism,1,0,1,0,0,0,0,0,0,0,0,0,0,0,0,1,1,-0.8462,11,1,colonialism,6.929046563192905e-05,0.3527925170786499,0.1333333333333333,"countries, cold, us, ussr, war"
imperialism,1,0,0,0,0,0,0,0,0,0,0,0,0,0,0,1,1,-0.8462,11,1,imperialism,6.929046563192905e-05,0.3527925170786499,0.0666666666666666,"countries, cold, us, ussr, war"
backward,0,0,1,1,0,0,0,0,0,0,0,0,0,0,0,1,1,-0.8462,8,1,backward,6.929046563192905e-05,0.3527925170786499,0.1333333333333333,"countries, cold, us, ussr, war"
gained,0,1,0,0,0,0,0,0,0,0,0,0,0,0,0,1,1,0.8591,6,1,gained,6.929046563192905e-05,0.3527925170786499,0.0666666666666666,"countries, cold, us, ussr, war"
strongest,0,0,0,0,0,0,0,0,0,0,0,0,0,0,0,1,1,0.6705,9,1,strongest,6.929046563192905e-05,0.3527925170786499,0.0,"countries, cold, us, ussr, war"
smaller,0,0,1,0,0,0,0,0,0,0,0,0,0,0,0,1,1,0.6124,7,1,smaller,6.929046563192905e-05,0.3527925170786499,0.0666666666666666,"countries, cold, us, ussr, war"
controlled,0,1,1,0,0,0,0,0,0,0,0,0,0,0,0,1,1,0.6124,10,1,controlled,6.929046563192905e-05,0.3527925170786499,0.1333333333333333,"countries, cold, us, ussr, war"
varying,0,1,1,0,0,0,0,0,0,0,0,0,0,0,0,1,1,0.6124,7,1,varying,6.929046563192905e-05,0.3527925170786499,0.1333333333333333,"countries, cold, us, ussr, war"
degrees,1,0,0,0,0,0,0,0,0,0,0,0,0,0,0,1,1,0.6124,7,1,degrees,6.929046563192905e-05,0.3527925170786499,0.0666666666666666,"countries, cold, us, ussr, war"
tendency,1,0,0,0,0,0,0,0,0,0,0,0,0,0,0,1,1,0.6124,8,1,tendency,6.929046563192905e-05,0.3527925170786499,0.0666666666666666,"countries, cold, us, ussr, war"
vast,1,0,1,0,0,0,0,0,0,0,0,0,0,0,0,1,1,-0.8462,4,1,vast,6.929046563192905e-05,0.3527925170786499,0.1333333333333333,"countries, cold, us, ussr, war"
pursue,0,1,0,0,0,0,0,0,0,0,0,0,0,0,0,1,1,0.6124,6,1,pursue,6.929046563192905e-05,0.3527925170786499,0.0666666666666666,"countries, cold, us, ussr, war"
building,1,1,1,0,0,0,0,0,0,0,0,0,0,0,0,1,1,0.8689,8,1,building,6.929046563192905e-05,0.3527925170786499,0.2,"countries, cold, us, ussr, war"
june,1,0,0,0,0,0,0,0,0,0,0,0,0,0,0,1,1,0.0,4,1,june,6.929046563192905e-05,0.3527925170786499,0.0666666666666666,"countries, cold, us, ussr, war"
secretary,1,0,0,0,0,0,0,0,0,0,0,0,0,0,0,1,1,0.0,9,1,secretary,6.929046563192905e-05,0.3527925170786499,0.0666666666666666,"countries, cold, us, ussr, war"
george,1,0,0,0,0,0,0,0,0,0,0,0,0,0,0,1,1,0.0,6,1,george,6.929046563192905e-05,0.3527925170786499,0.0666666666666666,"countries, cold, us, ussr, war"
harvard,1,0,0,0,0,0,0,0,0,0,0,0,0,0,0,1,1,0.0,7,1,harvard,6.929046563192905e-05,0.3527925170786499,0.0666666666666666,"countries, cold, us, ussr, war"
renaissance,1,0,0,0,0,0,0,0,0,0,0,0,0,0,0,1,1,0.0,11,1,renaissance,6.929046563192905e-05,0.3527925170786499,0.0666666666666666,"countries, cold, us, ussr, war"
elements,1,0,0,0,0,0,0,0,0,0,0,0,0,0,0,1,1,0.4019,8,1,elements,6.929046563192905e-05,0.3527925170786499,0.0666666666666666,"countries, cold, us, ussr, war"
true,1,1,1,1,0,0,0,0,0,0,0,0,0,0,0,1,1,0.4939,4,1,true,6.929046563192905e-05,0.3527925170786499,0.2666666666666666,"countries, cold, us, ussr, war"
we,0,0,0,0,0,0,0,0,0,0,0,0,0,0,1,1,1,-0.5423,2,1,we,6.929046563192905e-05,0.3527925170786499,0.0666666666666666,"countries, cold, us, ussr, war"
firmly,0,0,0,1,0,0,0,0,0,0,0,0,0,0,0,1,1,-0.5423,6,1,firmly,6.929046563192905e-05,0.3527925170786499,0.0666666666666666,"countries, cold, us, ussr, war"
believe,0,1,0,0,0,0,0,0,0,0,0,0,0,0,0,1,1,-0.5423,7,1,believe,6.929046563192905e-05,0.3527925170786499,0.0666666666666666,"countries, cold, us, ussr, war"
possibility,1,0,0,0,0,0,0,0,0,0,0,0,0,0,0,1,1,-0.5423,11,1,possibility,6.929046563192905e-05,0.3527925170786499,0.0666666666666666,"countries, cold, us, ussr, war"
dealing,1,1,0,0,0,0,0,0,0,0,0,0,0,0,0,1,1,0.6124,7,1,dealing,6.929046563192905e-05,0.3527925170786499,0.1333333333333333,"countries, cold, us, ussr, war"
often,0,0,1,1,0,0,0,0,0,0,0,0,0,0,0,1,1,0.6124,5,1,often,6.929046563192905e-05,0.3527925170786499,0.1333333333333333,"countries, cold, us, ussr, war"
sacrifice,1,1,0,0,0,0,0,0,0,0,0,0,0,0,0,1,1,0.6124,9,1,sacrifice,6.929046563192905e-05,0.3527925170786499,0.1333333333333333,"countries, cold, us, ussr, war"
nature,1,0,0,0,0,0,0,0,0,0,0,0,0,0,0,1,1,-0.886,6,1,nature,6.929046563192905e-05,0.3527925170786499,0.0666666666666666,"countries, cold, us, ussr, war"
viewing,1,1,0,0,0,0,0,0,0,0,0,0,0,0,0,1,1,-0.886,7,1,viewing,6.929046563192905e-05,0.3527925170786499,0.1333333333333333,"countries, cold, us, ussr, war"
sees,1,1,0,0,0,0,0,0,0,0,0,0,0,0,0,1,1,-0.6249,4,1,sees,6.929046563192905e-05,0.3527925170786499,0.1333333333333333,"countries, cold, us, ussr, war"
zero,1,1,1,0,0,0,0,0,0,0,0,0,0,0,0,1,1,-0.6249,4,1,zero,6.929046563192905e-05,0.3527925170786499,0.2,"countries, cold, us, ussr, war"
sum,1,0,0,0,0,0,0,0,0,0,0,0,0,0,0,1,1,-0.6249,3,1,sum,6.929046563192905e-05,0.3527925170786499,0.0666666666666666,"countries, cold, us, ussr, war"
where,0,0,0,1,0,0,1,0,0,0,0,0,0,0,0,1,1,-0.6249,5,1,where,6.929046563192905e-05,0.3527925170786499,0.1333333333333333,"countries, cold, us, ussr, war"
necessarily,0,0,0,1,0,0,0,0,0,0,0,0,0,0,0,1,1,-0.6249,11,1,necessarily,6.929046563192905e-05,0.3527925170786499,0.0666666666666666,"countries, cold, us, ussr, war"
loses,0,1,0,0,0,0,0,0,0,0,0,0,0,0,0,1,1,-0.6249,5,1,loses,6.929046563192905e-05,0.3527925170786499,0.0666666666666666,"countries, cold, us, ussr, war"
connections,0,0,0,0,0,0,0,0,0,0,0,0,0,0,0,1,1,0.5106,11,1,connections,6.929046563192905e-05,0.3527925170786499,0.0,"countries, cold, us, ussr, war"
solidify,0,1,0,0,0,0,0,0,0,0,0,0,0,0,0,1,1,0.5106,8,1,solidify,6.929046563192905e-05,0.3527925170786499,0.0666666666666666,"countries, cold, us, ussr, war"
program's,0,0,0,0,0,0,0,0,0,0,0,0,0,0,0,1,1,0.0,9,1,program's,6.929046563192905e-05,0.3527925170786499,0.0,"countries, cold, us, ussr, war"
objectives,1,0,0,0,0,0,0,0,0,0,0,0,0,0,0,1,1,0.0,10,1,objectives,6.929046563192905e-05,0.3527925170786499,0.0666666666666666,"countries, cold, us, ussr, war"
bulgaria,1,0,0,0,0,0,0,0,0,0,0,0,0,0,0,1,1,0.8225,8,1,bulgaria,6.929046563192905e-05,0.3527925170786499,0.0666666666666666,"countries, cold, us, ussr, war"
hungary,1,0,0,0,0,0,0,0,0,0,0,0,0,0,0,1,1,0.8225,7,1,hungary,6.929046563192905e-05,0.3527925170786499,0.0666666666666666,"countries, cold, us, ussr, war"
poland,1,0,0,0,0,0,0,0,0,0,0,0,0,0,0,1,1,0.8225,6,1,poland,6.929046563192905e-05,0.3527925170786499,0.0666666666666666,"countries, cold, us, ussr, war"
stresses,0,1,0,0,0,0,0,0,0,0,0,0,0,0,0,1,1,-0.5423,8,1,stresses,6.929046563192905e-05,0.3527925170786499,0.0666666666666666,"countries, cold, us, ussr, war"
rules,1,1,0,0,0,0,0,0,0,0,0,0,0,0,0,1,1,-0.743,5,1,rules,6.929046563192905e-05,0.3527925170786499,0.1333333333333333,"countries, cold, us, ussr, war"
mindset,1,0,0,0,0,0,0,0,0,0,0,0,0,0,0,1,1,-0.743,7,1,mindset,6.929046563192905e-05,0.3527925170786499,0.0666666666666666,"countries, cold, us, ussr, war"
function,1,1,0,0,0,0,0,0,0,0,0,0,0,0,0,1,1,-0.1027,8,1,function,6.929046563192905e-05,0.3527925170786499,0.1333333333333333,"countries, cold, us, ussr, war"
sixties,1,0,0,0,0,0,0,0,0,0,0,0,0,0,0,1,1,-0.5994,7,1,sixties,6.929046563192905e-05,0.3527925170786499,0.0666666666666666,"countries, cold, us, ussr, war"
begun,0,1,0,0,0,0,0,0,0,0,0,0,0,0,0,1,1,-0.5994,5,1,begun,6.929046563192905e-05,0.3527925170786499,0.0666666666666666,"countries, cold, us, ussr, war"
quo,0,0,0,0,0,0,0,0,0,0,0,0,0,0,0,1,1,0.7003,3,1,quo,6.929046563192905e-05,0.3527925170786499,0.0,"countries, cold, us, ussr, war"
november,1,0,0,0,0,0,0,0,0,0,0,0,0,0,0,1,1,0.5106,8,1,november,6.929046563192905e-05,0.3527925170786499,0.0666666666666666,"countries, cold, us, ussr, war"
wrote,0,1,0,0,0,0,0,0,0,0,0,0,0,0,0,1,1,0.5106,5,1,wrote,6.929046563192905e-05,0.3527925170786499,0.0666666666666666,"countries, cold, us, ussr, war"
aiding,0,0,0,0,0,0,0,0,0,0,0,0,0,0,0,1,1,0.2023,6,1,aiding,6.929046563192905e-05,0.3527925170786499,0.0,"countries, cold, us, ussr, war"
regards,1,1,0,0,0,0,0,0,0,0,0,0,0,0,0,1,1,0.8689,7,1,regards,6.929046563192905e-05,0.3527925170786499,0.1333333333333333,"countries, cold, us, ussr, war"
one's,0,0,0,0,0,0,0,0,0,0,0,0,0,0,0,1,1,0.8074,5,1,one's,6.929046563192905e-05,0.3527925170786499,0.0,"countries, cold, us, ussr, war"
escalation,1,0,0,0,0,0,0,0,0,0,0,0,0,0,0,1,1,0.8074,10,1,escalation,6.929046563192905e-05,0.3527925170786499,0.0666666666666666,"countries, cold, us, ussr, war"
ignores,0,1,0,0,0,0,0,0,0,0,0,0,0,0,0,1,1,0.1027,7,1,ignores,6.929046563192905e-05,0.3527925170786499,0.0666666666666666,"countries, cold, us, ussr, war"
hinders,1,0,0,0,0,0,0,0,0,0,0,0,0,0,0,1,1,0.1027,7,1,hinders,6.929046563192905e-05,0.3527925170786499,0.0666666666666666,"countries, cold, us, ussr, war"
unilateralism,1,0,0,0,0,0,0,0,0,0,0,0,0,0,0,1,1,-0.743,13,1,unilateralism,6.929046563192905e-05,0.3527925170786499,0.0666666666666666,"countries, cold, us, ussr, war"
acts,0,1,0,0,0,0,0,0,0,0,0,0,0,0,0,1,1,-0.743,4,1,acts,6.929046563192905e-05,0.3527925170786499,0.0666666666666666,"countries, cold, us, ussr, war"
greece,1,0,0,0,0,0,0,0,0,0,0,0,0,0,0,1,1,0.0258,6,1,greece,6.929046563192905e-05,0.3527925170786499,0.0666666666666666,"countries, cold, us, ussr, war"
resist,1,1,0,0,0,0,0,0,0,0,0,0,0,0,0,1,1,0.0258,6,1,resist,6.929046563192905e-05,0.3527925170786499,0.1333333333333333,"countries, cold, us, ussr, war"
shift,1,1,0,0,0,0,0,0,0,0,0,0,0,0,0,1,1,-0.7351,5,1,shift,6.929046563192905e-05,0.3527925170786499,0.1333333333333333,"countries, cold, us, ussr, war"
wartime,1,0,0,0,0,0,0,0,0,0,0,0,0,0,0,1,1,-0.7351,7,1,wartime,6.929046563192905e-05,0.3527925170786499,0.0666666666666666,"countries, cold, us, ussr, war"
kicked,0,1,0,0,0,0,0,0,0,0,0,0,0,0,0,1,1,-0.7351,6,1,kicked,6.929046563192905e-05,0.3527925170786499,0.0666666666666666,"countries, cold, us, ussr, war"
reconstruction,1,0,0,0,0,0,0,0,0,0,0,0,0,0,0,1,1,-0.5994,14,1,reconstruction,6.929046563192905e-05,0.3527925170786499,0.0666666666666666,"countries, cold, us, ussr, war"
torn,0,1,1,0,0,0,0,0,0,0,0,0,0,0,0,1,1,-0.5994,4,1,torn,6.929046563192905e-05,0.3527925170786499,0.1333333333333333,"countries, cold, us, ussr, war"
essential,1,0,1,0,0,0,0,0,0,0,0,0,0,0,0,1,1,0.296,9,1,essential,6.929046563192905e-05,0.3527925170786499,0.1333333333333333,"countries, cold, us, ussr, war"
technical,1,0,1,0,0,0,0,0,0,0,0,0,0,0,0,1,1,0.4019,9,1,technical,6.929046563192905e-05,0.3527925170786499,0.1333333333333333,"countries, cold, us, ussr, war"
grants,1,1,0,0,0,0,0,0,0,0,0,0,0,0,0,1,1,0.2263,6,1,grants,6.929046563192905e-05,0.3527925170786499,0.1333333333333333,"countries, cold, us, ussr, war"
infrastructure,1,0,0,0,0,0,0,0,0,0,0,0,0,0,0,1,1,0.7579,14,1,infrastructure,6.929046563192905e-05,0.3527925170786499,0.0666666666666666,"countries, cold, us, ussr, war"
agricultural,0,0,1,0,0,0,0,0,0,0,0,0,0,0,0,1,1,0.7579,12,1,agricultural,6.929046563192905e-05,0.3527925170786499,0.0666666666666666,"countries, cold, us, ussr, war"
formulate,0,1,0,0,0,0,0,0,0,0,0,0,0,0,0,1,1,0.5994,9,1,formulate,6.929046563192905e-05,0.3527925170786499,0.0666666666666666,"countries, cold, us, ussr, war"
unified,0,1,1,0,0,0,0,0,0,0,0,0,0,0,0,1,1,0.5994,7,1,unified,6.929046563192905e-05,0.3527925170786499,0.1333333333333333,"countries, cold, us, ussr, war"
assist,1,1,0,0,0,0,0,0,0,0,0,0,0,0,0,1,1,0.5106,6,1,assist,6.929046563192905e-05,0.3527925170786499,0.1333333333333333,"countries, cold, us, ussr, war"
provide,0,1,0,0,0,0,0,0,0,0,0,0,0,0,0,1,1,0.0258,7,1,provide,6.929046563192905e-05,0.3527925170786499,0.0666666666666666,"countries, cold, us, ussr, war"
exercises,1,1,0,0,0,0,0,0,0,0,0,0,0,0,0,1,1,0.4071,9,1,exercises,6.929046563192905e-05,0.3527925170786499,0.1333333333333333,"countries, cold, us, ussr, war"
separating,1,1,0,0,0,0,0,0,0,0,0,0,0,0,0,1,1,0.4019,10,1,separating,6.929046563192905e-05,0.3527925170786499,0.1333333333333333,"countries, cold, us, ussr, war"
territory,1,0,0,0,0,0,0,0,0,0,0,0,0,0,0,1,1,0.4019,9,1,territory,6.929046563192905e-05,0.3527925170786499,0.0666666666666666,"countries, cold, us, ussr, war"
prevented,0,1,0,0,0,0,0,0,0,0,0,0,0,0,0,1,1,-0.0258,9,1,prevented,6.929046563192905e-05,0.3527925170786499,0.0666666666666666,"countries, cold, us, ussr, war"
mass,1,1,1,0,0,0,0,0,0,0,0,0,0,0,0,1,1,-0.0258,4,1,mass,6.929046563192905e-05,0.3527925170786499,0.2,"countries, cold, us, ussr, war"
population,1,0,0,0,0,0,0,0,0,0,0,0,0,0,0,1,1,-0.0258,10,1,population,6.929046563192905e-05,0.3527925170786499,0.0666666666666666,"countries, cold, us, ussr, war"
migration,1,0,0,0,0,0,0,0,0,0,0,0,0,0,0,1,1,-0.0258,9,1,migration,6.929046563192905e-05,0.3527925170786499,0.0666666666666666,"countries, cold, us, ussr, war"
residents,1,0,0,0,0,0,0,0,0,0,0,0,0,0,0,1,1,-0.0258,9,1,residents,6.929046563192905e-05,0.3527925170786499,0.0666666666666666,"countries, cold, us, ussr, war"
handed,0,1,1,0,0,0,0,0,0,0,0,0,0,0,0,1,1,0.0,6,1,handed,6.929046563192905e-05,0.3527925170786499,0.1333333333333333,"countries, cold, us, ussr, war"
germans,1,0,0,0,0,0,0,0,0,0,0,0,0,0,0,1,1,0.0,7,1,germans,6.929046563192905e-05,0.3527925170786499,0.0666666666666666,"countries, cold, us, ussr, war"
rejected,0,1,1,0,0,0,0,0,0,0,0,0,0,0,0,1,1,-0.836,8,1,rejected,6.929046563192905e-05,0.3527925170786499,0.1333333333333333,"countries, cold, us, ussr, war"
erupted,0,1,0,0,0,0,0,0,0,0,0,0,0,0,0,1,1,-0.836,7,1,erupted,6.929046563192905e-05,0.3527925170786499,0.0666666666666666,"countries, cold, us, ussr, war"
standoff,1,0,0,0,0,0,0,0,0,0,0,0,0,0,0,1,1,0.0,8,1,standoff,6.929046563192905e-05,0.3527925170786499,0.0666666666666666,"countries, cold, us, ussr, war"
ensued,0,0,0,0,0,0,0,0,0,0,0,0,0,0,0,1,1,0.0,6,1,ensued,6.929046563192905e-05,0.3527925170786499,0.0,"countries, cold, us, ussr, war"
preparations,0,0,0,0,0,0,0,0,0,0,0,0,0,0,0,1,1,0.4071,12,1,preparations,6.929046563192905e-05,0.3527925170786499,0.0,"countries, cold, us, ussr, war"
backed,0,1,1,0,0,0,0,0,0,0,0,0,0,0,0,1,1,0.4071,6,1,backed,6.929046563192905e-05,0.3527925170786499,0.1333333333333333,"countries, cold, us, ussr, war"
contents,1,1,0,0,0,0,0,0,0,0,0,0,0,0,0,1,1,0.0,8,1,contents,6.929046563192905e-05,0.3527925170786499,0.1333333333333333,"countries, cold, us, ussr, war"
declare,0,1,0,0,0,0,0,0,0,0,0,0,0,0,0,1,1,-0.6908,7,1,declare,6.929046563192905e-05,0.3527925170786499,0.0666666666666666,"countries, cold, us, ussr, war"
hostile,1,0,1,0,0,0,0,0,0,0,0,0,0,0,0,1,1,-0.6908,7,1,hostile,6.929046563192905e-05,0.3527925170786499,0.1333333333333333,"countries, cold, us, ussr, war"
institutions,1,0,0,0,0,0,0,0,0,0,0,0,0,0,0,1,1,-0.6908,12,1,institutions,6.929046563192905e-05,0.3527925170786499,0.0666666666666666,"countries, cold, us, ussr, war"
totalitarian,1,0,1,0,0,0,0,0,0,0,0,0,0,0,0,1,1,-0.6908,12,1,totalitarian,6.929046563192905e-05,0.3527925170786499,0.1333333333333333,"countries, cold, us, ussr, war"
six,1,0,1,0,0,0,0,0,0,0,0,0,0,0,0,1,1,0.5106,3,1,six,6.929046563192905e-05,0.3527925170786499,0.1333333333333333,"countries, cold, us, ussr, war"
months,1,0,0,0,0,0,0,0,0,0,0,0,0,0,0,1,1,0.5106,6,1,months,6.929046563192905e-05,0.3527925170786499,0.0666666666666666,"countries, cold, us, ussr, war"
otherwise,0,0,1,1,0,0,0,0,0,0,0,0,0,0,0,1,1,0.0,9,1,otherwise,6.929046563192905e-05,0.3527925170786499,0.1333333333333333,"countries, cold, us, ussr, war"
governments,0,0,0,0,0,0,0,0,0,0,0,0,0,0,0,1,1,0.5106,11,1,governments,6.929046563192905e-05,0.3527925170786499,0.0,"countries, cold, us, ussr, war"
requesting,0,1,0,0,0,0,0,0,0,0,0,0,0,0,0,1,1,0.5106,10,1,requesting,6.929046563192905e-05,0.3527925170786499,0.0666666666666666,"countries, cold, us, ussr, war"
considered,0,0,1,0,0,0,0,0,0,0,0,0,0,0,0,1,1,-0.7351,10,1,considered,6.929046563192905e-05,0.3527925170786499,0.0666666666666666,"countries, cold, us, ussr, war"
formal,1,0,1,0,0,0,0,0,0,0,0,0,0,0,0,1,1,-0.7351,6,1,formal,6.929046563192905e-05,0.3527925170786499,0.1333333333333333,"countries, cold, us, ussr, war"
hostilities,1,0,0,0,0,0,0,0,0,0,0,0,0,0,0,1,1,-0.6597,11,1,hostilities,6.929046563192905e-05,0.3527925170786499,0.0666666666666666,"countries, cold, us, ussr, war"
competitions,0,0,0,0,0,0,0,0,0,0,0,0,0,0,0,1,1,-0.6597,12,1,competitions,6.929046563192905e-05,0.3527925170786499,0.0,"countries, cold, us, ussr, war"
joint,1,1,1,0,0,0,0,0,0,0,0,0,0,0,0,1,1,0.0,5,1,joint,6.929046563192905e-05,0.3527925170786499,0.2,"countries, cold, us, ussr, war"
containing,0,1,0,0,0,0,0,0,0,0,0,0,0,0,0,1,1,0.0,10,1,containing,6.929046563192905e-05,0.3527925170786499,0.0666666666666666,"countries, cold, us, ussr, war"
places,1,1,0,0,0,0,0,0,0,0,0,0,0,0,0,1,1,0.25,6,1,places,6.929046563192905e-05,0.3527925170786499,0.1333333333333333,"countries, cold, us, ussr, war"
pointed,0,1,1,0,0,0,0,0,0,0,0,0,0,0,0,1,1,0.0,7,1,pointed,6.929046563192905e-05,0.3527925170786499,0.1333333333333333,"countries, cold, us, ussr, war"
fifth,1,0,1,1,0,0,0,0,0,0,0,0,0,0,0,1,1,0.0,5,1,fifth,6.929046563192905e-05,0.3527925170786499,0.2,"countries, cold, us, ussr, war"
column,1,0,0,0,0,0,0,0,0,0,0,0,0,0,0,1,1,0.0,6,1,column,6.929046563192905e-05,0.3527925170786499,0.0666666666666666,"countries, cold, us, ussr, war"
indefinitely,0,0,0,1,0,0,0,0,0,0,0,0,0,0,0,1,1,-0.1326,12,1,indefinitely,6.929046563192905e-05,0.3527925170786499,0.0666666666666666,"countries, cold, us, ussr, war"
adopt,0,1,0,0,0,0,0,0,0,0,0,0,0,0,0,1,1,-0.1326,5,1,adopt,6.929046563192905e-05,0.3527925170786499,0.0666666666666666,"countries, cold, us, ussr, war"
appeasement,1,0,0,0,0,0,0,0,0,0,0,0,0,0,0,1,1,-0.1326,11,1,appeasement,6.929046563192905e-05,0.3527925170786499,0.0666666666666666,"countries, cold, us, ussr, war"
recognize,0,1,0,0,0,0,0,0,0,0,0,0,0,0,0,1,1,-0.0258,9,1,recognize,6.929046563192905e-05,0.3527925170786499,0.0666666666666666,"countries, cold, us, ussr, war"
succeeded,0,1,0,0,0,0,0,0,0,0,0,0,0,0,0,1,1,0.4215,9,1,succeeded,6.929046563192905e-05,0.3527925170786499,0.0666666666666666,"countries, cold, us, ussr, war"
always,0,0,0,1,0,0,0,0,0,0,0,0,0,0,0,1,1,-0.6901,6,1,always,6.929046563192905e-05,0.3527925170786499,0.0666666666666666,"countries, cold, us, ussr, war"
backyard,1,0,0,0,0,0,0,0,0,0,0,0,0,0,0,1,1,-0.6901,8,1,backyard,6.929046563192905e-05,0.3527925170786499,0.0666666666666666,"countries, cold, us, ussr, war"
disturbed,0,1,1,0,0,0,0,0,0,0,0,0,0,0,0,1,1,-0.6901,9,1,disturbed,6.929046563192905e-05,0.3527925170786499,0.1333333333333333,"countries, cold, us, ussr, war"
overthrow,1,1,0,0,0,0,0,0,0,0,0,0,0,0,0,1,1,-0.6901,9,1,overthrow,6.929046563192905e-05,0.3527925170786499,0.1333333333333333,"countries, cold, us, ussr, war"
sanctions,1,1,0,0,0,0,0,0,0,0,0,0,0,0,0,1,1,-0.6901,9,1,sanctions,6.929046563192905e-05,0.3527925170786499,0.1333333333333333,"countries, cold, us, ussr, war"
hemisphere,1,0,0,0,0,0,0,0,0,0,0,0,0,0,0,1,1,0.25,10,1,hemisphere,6.929046563192905e-05,0.3527925170786499,0.0666666666666666,"countries, cold, us, ussr, war"
counterbalance,1,0,0,0,0,0,0,0,0,0,0,0,0,0,0,1,1,0.25,14,1,counterbalance,6.929046563192905e-05,0.3527925170786499,0.0666666666666666,"countries, cold, us, ussr, war"
embodiment,1,0,0,0,0,0,0,0,0,0,0,0,0,0,0,1,1,-0.93,10,1,embodiment,6.929046563192905e-05,0.3527925170786499,0.0666666666666666,"countries, cold, us, ussr, war"
highlighting,1,1,0,0,0,0,0,0,0,0,0,0,0,0,0,1,1,-0.93,12,1,highlighting,6.929046563192905e-05,0.3527925170786499,0.1333333333333333,"countries, cold, us, ussr, war"
shocked,0,1,1,0,0,0,0,0,0,0,0,0,0,0,0,1,1,-0.9705,7,1,shocked,6.929046563192905e-05,0.3527925170786499,0.1333333333333333,"countries, cold, us, ussr, war"
intense,0,0,1,0,0,0,0,0,0,0,0,0,0,0,0,1,1,-0.9705,7,1,intense,6.929046563192905e-05,0.3527925170786499,0.0666666666666666,"countries, cold, us, ussr, war"
bringing,0,1,0,0,0,0,0,0,0,0,0,0,0,0,0,1,1,-0.9705,8,1,bringing,6.929046563192905e-05,0.3527925170786499,0.0666666666666666,"countries, cold, us, ussr, war"
brink,1,0,0,0,0,0,0,0,0,0,0,0,0,0,0,1,1,-0.9705,5,1,brink,6.929046563192905e-05,0.3527925170786499,0.0666666666666666,"countries, cold, us, ussr, war"
fidel,0,0,0,0,0,0,0,0,0,0,0,0,0,0,0,1,1,0.4215,5,1,fidel,6.929046563192905e-05,0.3527925170786499,0.0,"countries, cold, us, ussr, war"
castro's,0,0,0,0,0,0,0,0,0,0,0,0,0,0,0,1,1,0.4215,8,1,castro's,6.929046563192905e-05,0.3527925170786499,0.0,"countries, cold, us, ussr, war"
eased,0,1,1,0,0,0,0,0,0,0,0,0,0,0,0,1,1,-0.9008,5,1,eased,6.929046563192905e-05,0.3527925170786499,0.1333333333333333,"countries, cold, us, ussr, war"
resolved,0,1,1,0,0,0,0,0,0,0,0,0,0,0,0,1,1,-0.9008,8,1,resolved,6.929046563192905e-05,0.3527925170786499,0.1333333333333333,"countries, cold, us, ussr, war"
realized,0,1,1,0,0,0,0,0,0,0,0,0,0,0,0,1,1,-0.9008,8,1,realized,6.929046563192905e-05,0.3527925170786499,0.1333333333333333,"countries, cold, us, ussr, war"
stabilized,0,1,1,0,0,0,0,0,0,0,0,0,0,0,0,1,1,-0.8519,10,1,stabilized,6.929046563192905e-05,0.3527925170786499,0.1333333333333333,"countries, cold, us, ussr, war"
stark,0,0,1,1,0,0,0,0,0,0,0,0,0,0,0,1,1,-0.8519,5,1,stark,6.929046563192905e-05,0.3527925170786499,0.1333333333333333,"countries, cold, us, ussr, war"
fall,1,1,0,0,0,0,0,0,0,0,0,0,0,0,0,1,1,-0.8519,4,1,fall,6.929046563192905e-05,0.3527925170786499,0.1333333333333333,"countries, cold, us, ussr, war"
reunited,0,1,0,0,0,0,0,0,0,0,0,0,0,0,0,1,1,-0.8519,8,1,reunited,6.929046563192905e-05,0.3527925170786499,0.0666666666666666,"countries, cold, us, ussr, war"
again,0,0,0,1,0,0,0,0,0,0,0,0,0,0,0,1,1,-0.8519,5,1,again,6.929046563192905e-05,0.3527925170786499,0.0666666666666666,"countries, cold, us, ussr, war"
waters,1,1,0,0,0,0,0,0,0,0,0,0,0,0,0,1,1,0.0772,6,1,waters,6.929046563192905e-05,0.3527925170786499,0.1333333333333333,"countries, cold, us, ussr, war"
raised,0,1,1,0,0,0,0,0,0,0,0,0,0,0,0,1,1,-0.0258,6,1,raised,6.929046563192905e-05,0.3527925170786499,0.1333333333333333,"countries, cold, us, ussr, war"
highest,0,0,1,0,0,0,0,0,0,0,0,0,0,0,0,1,1,-0.0258,7,1,highest,6.929046563192905e-05,0.3527925170786499,0.0666666666666666,"countries, cold, us, ussr, war"
alert,1,0,1,0,0,0,0,0,0,0,0,0,0,0,0,1,1,-0.0258,5,1,alert,6.929046563192905e-05,0.3527925170786499,0.1333333333333333,"countries, cold, us, ussr, war"
ultimately,0,0,0,1,0,0,0,0,0,0,0,0,0,0,0,1,1,0.0,10,1,ultimately,6.929046563192905e-05,0.3527925170786499,0.0666666666666666,"countries, cold, us, ussr, war"
consented,0,0,0,0,0,0,0,0,0,0,0,0,0,0,0,1,1,0.0,9,1,consented,6.929046563192905e-05,0.3527925170786499,0.0,"countries, cold, us, ussr, war"
associated,0,1,1,0,0,0,0,0,0,0,0,0,0,0,0,1,1,0.0,10,1,associated,6.929046563192905e-05,0.3527925170786499,0.1333333333333333,"countries, cold, us, ussr, war"
titled,0,0,1,0,0,0,0,0,0,0,0,0,0,0,0,1,1,0.743,6,1,titled,6.929046563192905e-05,0.3527925170786499,0.0666666666666666,"countries, cold, us, ussr, war"
kennedy,1,0,0,0,0,0,0,0,0,0,0,0,0,0,0,1,1,0.4215,7,1,kennedy,6.929046563192905e-05,0.3527925170786499,0.0666666666666666,"countries, cold, us, ussr, war"
televised,0,0,0,0,0,0,0,0,0,0,0,0,0,0,0,1,1,0.4215,9,1,televised,6.929046563192905e-05,0.3527925170786499,0.0,"countries, cold, us, ussr, war"
quarantine,1,1,0,0,0,0,0,0,0,0,0,0,0,0,0,1,1,0.4215,10,1,quarantine,6.929046563192905e-05,0.3527925170786499,0.1333333333333333,"countries, cold, us, ussr, war"
continuing,0,1,1,0,0,0,0,0,0,0,0,0,0,0,0,1,1,0.4215,10,1,continuing,6.929046563192905e-05,0.3527925170786499,0.1333333333333333,"countries, cold, us, ussr, war"
send,1,1,0,0,0,0,0,0,0,0,0,0,0,0,0,1,1,0.4215,4,1,send,6.929046563192905e-05,0.3527925170786499,0.1333333333333333,"countries, cold, us, ussr, war"
navy,1,0,0,0,0,0,0,0,0,0,0,0,0,0,0,1,1,0.0772,4,1,navy,6.929046563192905e-05,0.3527925170786499,0.0666666666666666,"countries, cold, us, ussr, war"
dispatched,0,1,1,0,0,0,0,0,0,0,0,0,0,0,0,1,1,0.0772,10,1,dispatched,6.929046563192905e-05,0.3527925170786499,0.1333333333333333,"countries, cold, us, ussr, war"
ships,1,1,0,0,0,0,0,0,0,0,0,0,0,0,0,1,1,0.0772,5,1,ships,6.929046563192905e-05,0.3527925170786499,0.1333333333333333,"countries, cold, us, ussr, war"
proximity,1,0,0,0,0,0,0,0,0,0,0,0,0,0,0,1,1,0.5233,9,1,proximity,6.929046563192905e-05,0.3527925170786499,0.0666666666666666,"countries, cold, us, ussr, war"
valuable,1,0,1,0,0,0,0,0,0,0,0,0,0,0,0,1,1,0.5233,8,1,valuable,6.929046563192905e-05,0.3527925170786499,0.1333333333333333,"countries, cold, us, ussr, war"
deploying,0,1,0,0,0,0,0,0,0,0,0,0,0,0,0,1,1,0.3818,9,1,deploying,6.929046563192905e-05,0.3527925170786499,0.0666666666666666,"countries, cold, us, ussr, war"
medium,1,0,1,0,0,0,0,0,0,0,0,0,0,0,0,1,1,0.3818,6,1,medium,6.929046563192905e-05,0.3527925170786499,0.1333333333333333,"countries, cold, us, ussr, war"
il,0,0,0,0,0,0,0,0,0,0,0,0,0,0,0,1,1,0.3818,2,0,il,6.929046563192905e-05,0.3527925170786499,0.0,"countries, cold, us, ussr, war"
bombers,1,0,0,0,0,0,0,0,0,0,0,0,0,0,0,1,1,0.3818,7,1,bombers,6.929046563192905e-05,0.3527925170786499,0.0666666666666666,"countries, cold, us, ussr, war"
strike,1,1,0,0,0,0,0,0,0,0,0,0,0,0,0,1,1,0.0772,6,1,strike,6.929046563192905e-05,0.3527925170786499,0.1333333333333333,"countries, cold, us, ussr, war"
parts,1,0,0,0,0,0,0,0,0,0,0,0,0,0,0,1,1,0.0772,5,1,parts,6.929046563192905e-05,0.3527925170786499,0.0666666666666666,"countries, cold, us, ussr, war"
assume,0,1,0,0,0,0,0,0,0,0,0,0,0,0,0,1,1,-0.0258,6,1,assume,6.929046563192905e-05,0.3527925170786499,0.0666666666666666,"countries, cold, us, ussr, war"
studied,0,1,1,0,0,0,0,0,0,0,0,0,0,0,0,1,1,-0.4939,7,1,studied,6.929046563192905e-05,0.3527925170786499,0.1333333333333333,"countries, cold, us, ussr, war"
dangers,1,0,0,0,0,0,0,0,0,0,0,0,0,0,0,1,1,-0.4939,7,1,dangers,6.929046563192905e-05,0.3527925170786499,0.0666666666666666,"countries, cold, us, ussr, war"
together,0,0,1,1,0,0,0,0,0,0,0,0,0,0,0,1,1,-0.4939,8,1,together,6.929046563192905e-05,0.3527925170786499,0.1333333333333333,"countries, cold, us, ussr, war"
english,1,0,1,0,0,0,0,0,0,0,0,0,0,0,0,1,1,-0.4939,7,1,english,6.929046563192905e-05,0.3527925170786499,0.1333333333333333,"countries, cold, us, ussr, war"
speaking,1,1,1,0,0,0,0,0,0,0,0,0,0,0,0,1,1,-0.4939,8,1,speaking,6.929046563192905e-05,0.3527925170786499,0.2,"countries, cold, us, ussr, war"
cuba's,0,0,0,0,0,0,0,0,0,0,0,0,0,0,0,1,1,0.5233,6,1,cuba's,6.929046563192905e-05,0.3527925170786499,0.0,"countries, cold, us, ussr, war"
geographical,0,0,1,0,0,0,0,0,0,0,0,0,0,0,0,1,1,0.5233,12,1,geographical,6.929046563192905e-05,0.3527925170786499,0.0666666666666666,"countries, cold, us, ussr, war"
aftermath,1,0,0,0,0,0,0,0,0,0,0,0,0,0,0,1,1,-0.8807,9,1,aftermath,6.929046563192905e-05,0.3527925170786499,0.0666666666666666,"countries, cold, us, ussr, war"
hotline,1,0,0,0,0,0,0,0,0,0,0,0,0,0,0,1,1,-0.8807,7,1,hotline,6.929046563192905e-05,0.3527925170786499,0.0666666666666666,"countries, cold, us, ussr, war"
communicate,0,1,0,0,0,0,0,0,0,0,0,0,0,0,0,1,1,-0.8807,11,1,communicate,6.929046563192905e-05,0.3527925170786499,0.0666666666666666,"countries, cold, us, ussr, war"
case,1,1,0,0,0,0,0,0,0,0,0,0,0,0,0,1,1,-0.8807,4,1,case,6.929046563192905e-05,0.3527925170786499,0.1333333333333333,"countries, cold, us, ussr, war"
emergency,1,0,1,0,0,0,0,0,0,0,0,0,0,0,0,1,1,-0.8807,9,1,emergency,6.929046563192905e-05,0.3527925170786499,0.1333333333333333,"countries, cold, us, ussr, war"
miscalculation,1,0,0,0,0,0,0,0,0,0,0,0,0,0,0,1,1,-0.8807,14,1,miscalculation,6.929046563192905e-05,0.3527925170786499,0.0666666666666666,"countries, cold, us, ussr, war"
limitation,1,0,0,0,0,0,0,0,0,0,0,0,0,0,0,1,1,-0.6997,10,1,limitation,6.929046563192905e-05,0.3527925170786499,0.0666666666666666,"countries, cold, us, ussr, war"
along,0,0,0,1,0,0,0,0,0,0,0,0,0,0,0,1,1,-0.4939,5,1,along,6.929046563192905e-05,0.3527925170786499,0.0666666666666666,"countries, cold, us, ussr, war"
protracted,0,0,1,0,0,0,0,0,0,0,0,0,0,0,0,1,1,0.0,10,1,protracted,6.929046563192905e-05,0.3527925170786499,0.0666666666666666,"countries, cold, us, ussr, war"
talks,1,1,0,0,0,0,0,0,0,0,0,0,0,0,0,1,1,0.0,5,1,talks,6.929046563192905e-05,0.3527925170786499,0.1333333333333333,"countries, cold, us, ussr, war"
compromises,1,1,0,0,0,0,0,0,0,0,0,0,0,0,0,1,1,0.0,11,1,compromises,6.929046563192905e-05,0.3527925170786499,0.1333333333333333,"countries, cold, us, ussr, war"
destroyed,0,1,1,0,0,0,0,0,0,0,0,0,0,0,0,1,1,-0.4939,9,1,destroyed,6.929046563192905e-05,0.3527925170786499,0.1333333333333333,"countries, cold, us, ussr, war"
pledged,0,1,1,0,0,0,0,0,0,0,0,0,0,0,0,1,1,-0.4939,7,1,pledged,6.929046563192905e-05,0.3527925170786499,0.1333333333333333,"countries, cold, us, ussr, war"
invade,0,1,0,0,0,0,0,0,0,0,0,0,0,0,0,1,1,-0.4939,6,1,invade,6.929046563192905e-05,0.3527925170786499,0.0666666666666666,"countries, cold, us, ussr, war"
dismantle,0,0,0,0,0,0,0,0,0,0,0,0,0,0,0,1,1,-0.3818,9,1,dismantle,6.929046563192905e-05,0.3527925170786499,0.0,"countries, cold, us, ussr, war"
transport,1,1,0,0,0,0,0,0,0,0,0,0,0,0,0,1,1,-0.3818,9,1,transport,6.929046563192905e-05,0.3527925170786499,0.1333333333333333,"countries, cold, us, ussr, war"
adriatic,1,0,1,0,0,0,0,0,0,0,0,0,0,0,0,1,1,-0.128,8,1,adriatic,6.929046563192905e-05,0.3527925170786499,0.1333333333333333,"countries, cold, us, ussr, war"
lowered,0,0,1,0,0,0,0,0,0,0,0,0,0,0,0,1,1,-0.128,7,1,lowered,6.929046563192905e-05,0.3527925170786499,0.0666666666666666,"countries, cold, us, ussr, war"
ancient,1,0,1,0,0,0,0,0,0,0,0,0,0,0,0,1,1,-0.0258,7,1,ancient,6.929046563192905e-05,0.3527925170786499,0.1333333333333333,"countries, cold, us, ussr, war"
vienna,1,0,0,0,0,0,0,0,0,0,0,0,0,0,0,1,1,-0.0258,6,1,vienna,6.929046563192905e-05,0.3527925170786499,0.0666666666666666,"countries, cold, us, ussr, war"
budapest,1,0,0,0,0,0,0,0,0,0,0,0,0,0,0,1,1,-0.0258,8,1,budapest,6.929046563192905e-05,0.3527925170786499,0.0666666666666666,"countries, cold, us, ussr, war"
belgrade,1,0,0,0,0,0,0,0,0,0,0,0,0,0,0,1,1,-0.0258,8,1,belgrade,6.929046563192905e-05,0.3527925170786499,0.0666666666666666,"countries, cold, us, ussr, war"
bucharest,1,0,0,0,0,0,0,0,0,0,0,0,0,0,0,1,1,-0.0258,9,1,bucharest,6.929046563192905e-05,0.3527925170786499,0.0666666666666666,"countries, cold, us, ussr, war"
pressure,1,0,0,0,0,0,0,0,0,0,0,0,0,0,0,1,1,0.0,8,1,pressure,6.929046563192905e-05,0.3527925170786499,0.0666666666666666,"countries, cold, us, ussr, war"
pillars,1,0,0,0,0,0,0,0,0,0,0,0,0,0,0,1,1,0.743,7,1,pillars,6.929046563192905e-05,0.3527925170786499,0.0666666666666666,"countries, cold, us, ussr, war"
leonard,1,0,0,0,0,0,0,0,0,0,0,0,0,0,0,1,1,0.743,7,1,leonard,6.929046563192905e-05,0.3527925170786499,0.0666666666666666,"countries, cold, us, ussr, war"
spencer,1,0,0,0,0,0,0,0,0,0,0,0,0,0,0,1,1,0.743,7,1,spencer,6.929046563192905e-05,0.3527925170786499,0.0666666666666666,"countries, cold, us, ussr, war"
westminster,1,0,0,0,0,0,0,0,0,0,0,0,0,0,0,1,1,0.743,11,1,westminster,6.929046563192905e-05,0.3527925170786499,0.0666666666666666,"countries, cold, us, ussr, war"
college,1,0,0,0,0,0,0,0,0,0,0,0,0,0,0,1,1,0.743,7,1,college,6.929046563192905e-05,0.3527925170786499,0.0666666666666666,"countries, cold, us, ussr, war"
fulton,1,0,0,0,0,0,0,0,0,0,0,0,0,0,0,1,1,0.743,6,1,fulton,6.929046563192905e-05,0.3527925170786499,0.0666666666666666,"countries, cold, us, ussr, war"
szczecin,0,0,0,0,0,0,0,0,0,0,0,0,0,0,0,1,1,-0.128,8,1,szczecin,6.929046563192905e-05,0.3527925170786499,0.0,"countries, cold, us, ussr, war"
trieste,0,0,0,0,0,0,0,0,0,0,0,0,0,0,0,1,1,-0.128,7,1,trieste,6.929046563192905e-05,0.3527925170786499,0.0,"countries, cold, us, ussr, war"
bombing,1,0,0,0,0,0,0,0,0,0,0,0,0,0,0,1,1,0.4939,7,1,bombing,6.929046563192905e-05,0.3527925170786499,0.0666666666666666,"countries, cold, us, ussr, war"
effective,0,0,1,0,0,0,0,0,0,0,0,0,0,0,0,1,1,0.7964,9,1,effective,6.929046563192905e-05,0.3527925170786499,0.0666666666666666,"countries, cold, us, ussr, war"
conferences,1,0,0,0,0,0,0,0,0,0,0,0,0,0,0,1,1,-0.5994,11,1,conferences,6.929046563192905e-05,0.3527925170786499,0.0666666666666666,"countries, cold, us, ussr, war"
occurred,0,1,0,0,0,0,0,0,0,0,0,0,0,0,0,1,1,-0.5994,8,1,occurred,6.929046563192905e-05,0.3527925170786499,0.0666666666666666,"countries, cold, us, ussr, war"
crimea,1,0,0,0,0,0,0,0,0,0,0,0,0,0,0,1,1,-0.8316,6,1,crimea,6.929046563192905e-05,0.3527925170786499,0.0666666666666666,"countries, cold, us, ussr, war"
heads,0,1,0,1,0,0,0,0,0,0,0,0,0,0,0,1,1,-0.8316,5,1,heads,6.929046563192905e-05,0.3527925170786499,0.1333333333333333,"countries, cold, us, ussr, war"
roosevelt,1,0,0,0,0,0,0,0,0,0,0,0,0,0,0,1,1,-0.8316,9,1,roosevelt,6.929046563192905e-05,0.3527925170786499,0.0666666666666666,"countries, cold, us, ussr, war"
stalin,1,0,0,0,0,0,0,0,0,0,0,0,0,0,0,1,1,-0.8316,6,1,stalin,6.929046563192905e-05,0.3527925170786499,0.0666666666666666,"countries, cold, us, ussr, war"
vietnam's,0,0,0,0,0,0,0,0,0,0,0,0,0,0,0,1,1,-0.5423,9,1,vietnam's,6.929046563192905e-05,0.3527925170786499,0.0,"countries, cold, us, ussr, war"
provocations,1,0,0,0,0,0,0,0,0,0,0,0,0,0,0,1,1,-0.5423,12,1,provocations,6.929046563192905e-05,0.3527925170786499,0.0666666666666666,"countries, cold, us, ussr, war"
using,0,1,0,0,0,0,0,0,0,0,0,0,0,0,0,1,1,-0.5423,5,1,using,6.929046563192905e-05,0.3527925170786499,0.0666666666666666,"countries, cold, us, ussr, war"
guise,1,0,0,0,0,0,0,0,0,0,0,0,0,0,0,1,1,-0.5423,5,1,guise,6.929046563192905e-05,0.3527925170786499,0.0666666666666666,"countries, cold, us, ussr, war"
claimed,0,1,0,0,0,0,0,0,0,0,0,0,0,0,0,1,1,-0.5423,7,1,claimed,6.929046563192905e-05,0.3527925170786499,0.0666666666666666,"countries, cold, us, ussr, war"
torpedo,1,1,0,0,0,0,0,0,0,0,0,0,0,0,0,1,1,-0.5423,7,1,torpedo,6.929046563192905e-05,0.3527925170786499,0.1333333333333333,"countries, cold, us, ussr, war"
boats,1,1,0,0,0,0,0,0,0,0,0,0,0,0,0,1,1,-0.5423,5,1,boats,6.929046563192905e-05,0.3527925170786499,0.1333333333333333,"countries, cold, us, ussr, war"
attacked,0,1,0,0,0,0,0,0,0,0,0,0,0,0,0,1,1,-0.5423,8,1,attacked,6.929046563192905e-05,0.3527925170786499,0.0666666666666666,"countries, cold, us, ussr, war"
positioning,1,1,1,0,0,0,0,0,0,0,0,0,0,0,0,1,1,-0.8439,11,1,positioning,6.929046563192905e-05,0.3527925170786499,0.2,"countries, cold, us, ussr, war"
feared,0,1,0,0,0,0,0,0,0,0,0,0,0,0,0,1,1,-0.2732,6,1,feared,6.929046563192905e-05,0.3527925170786499,0.0666666666666666,"countries, cold, us, ussr, war"
trigger,1,1,0,0,0,0,0,0,0,0,0,0,0,0,0,1,1,-0.2732,7,1,trigger,6.929046563192905e-05,0.3527925170786499,0.1333333333333333,"countries, cold, us, ussr, war"
domino,1,0,0,0,0,0,0,0,0,0,0,0,0,0,0,1,1,-0.2732,6,1,domino,6.929046563192905e-05,0.3527925170786499,0.0666666666666666,"countries, cold, us, ussr, war"
effect,1,1,0,0,0,0,0,0,0,0,0,0,0,0,0,1,1,-0.2732,6,1,effect,6.929046563192905e-05,0.3527925170786499,0.1333333333333333,"countries, cold, us, ussr, war"
switch,1,1,1,0,0,0,0,0,0,0,0,0,0,0,0,1,1,-0.2732,6,1,switch,6.929046563192905e-05,0.3527925170786499,0.2,"countries, cold, us, ussr, war"
france's,0,0,0,0,0,0,0,0,0,0,0,0,0,0,0,1,1,-0.4767,8,1,france's,6.929046563192905e-05,0.3527925170786499,0.0,"countries, cold, us, ussr, war"
johnson,1,0,0,0,0,0,0,0,0,0,0,0,0,0,0,1,1,-0.5423,7,1,johnson,6.929046563192905e-05,0.3527925170786499,0.0666666666666666,"countries, cold, us, ussr, war"
parallel,1,1,1,0,0,0,0,0,0,0,0,0,0,0,0,1,1,-0.4939,8,1,parallel,6.929046563192905e-05,0.3527925170786499,0.2,"countries, cold, us, ussr, war"
officially,0,0,0,1,0,0,0,0,0,0,0,0,0,0,0,1,1,0.0,10,1,officially,6.929046563192905e-05,0.3527925170786499,0.0666666666666666,"countries, cold, us, ussr, war"
nation,1,0,0,0,0,0,0,0,0,0,0,0,0,0,0,1,1,0.5106,6,1,nation,6.929046563192905e-05,0.3527925170786499,0.0666666666666666,"countries, cold, us, ussr, war"
prepare,0,1,0,0,0,0,0,0,0,0,0,0,0,0,0,1,1,0.5106,7,1,prepare,6.929046563192905e-05,0.3527925170786499,0.0666666666666666,"countries, cold, us, ussr, war"
considerable,0,0,1,0,0,0,0,0,0,0,0,0,0,0,0,1,1,-0.9661,12,1,considerable,6.929046563192905e-05,0.3527925170786499,0.0666666666666666,"countries, cold, us, ussr, war"
opening,1,0,1,0,0,0,0,0,0,0,0,0,0,0,0,1,1,-0.9661,7,1,opening,6.929046563192905e-05,0.3527925170786499,0.1333333333333333,"countries, cold, us, ussr, war"
prelude,1,1,0,0,0,0,0,0,0,0,0,0,0,0,0,1,1,-0.9661,7,1,prelude,6.929046563192905e-05,0.3527925170786499,0.1333333333333333,"countries, cold, us, ussr, war"
northeast,1,0,0,1,0,0,0,0,0,0,0,0,0,0,0,1,1,-0.9661,9,1,northeast,6.929046563192905e-05,0.3527925170786499,0.1333333333333333,"countries, cold, us, ussr, war"
killed,0,1,0,0,0,0,0,0,0,0,0,0,0,0,0,1,1,-0.8555,6,1,killed,6.929046563192905e-05,0.3527925170786499,0.0666666666666666,"countries, cold, us, ussr, war"
wounded,1,1,1,0,0,0,0,0,0,0,0,0,0,0,0,1,1,0.0,7,1,wounded,6.929046563192905e-05,0.3527925170786499,0.2,"countries, cold, us, ussr, war"
negatively,0,0,0,1,0,0,0,0,0,0,0,0,0,0,0,1,1,-0.5106,10,1,negatively,6.929046563192905e-05,0.3527925170786499,0.0666666666666666,"countries, cold, us, ussr, war"
moreover,0,0,0,1,0,0,0,0,0,0,0,0,0,0,0,1,1,-0.5994,8,1,moreover,6.929046563192905e-05,0.3527925170786499,0.0666666666666666,"countries, cold, us, ussr, war"
massive,1,0,1,0,0,0,0,0,0,0,0,0,0,0,0,1,1,-0.5994,7,1,massive,6.929046563192905e-05,0.3527925170786499,0.1333333333333333,"countries, cold, us, ussr, war"
damaged,0,1,1,0,0,0,0,0,0,0,0,0,0,0,0,1,1,-0.7783,7,1,damaged,6.929046563192905e-05,0.3527925170786499,0.1333333333333333,"countries, cold, us, ussr, war"
caution,1,1,0,0,0,0,0,0,0,0,0,0,0,0,0,1,1,-0.7783,7,1,caution,6.929046563192905e-05,0.3527925170786499,0.1333333333333333,"countries, cold, us, ussr, war"
abroad,0,0,1,1,0,0,0,0,0,0,0,0,0,0,0,1,1,-0.7783,6,1,abroad,6.929046563192905e-05,0.3527925170786499,0.1333333333333333,"countries, cold, us, ussr, war"
tet,1,0,0,0,0,0,0,0,0,0,0,0,0,0,0,1,1,-0.3612,3,1,tet,6.929046563192905e-05,0.3527925170786499,0.0666666666666666,"countries, cold, us, ussr, war"
surprise,1,1,0,0,0,0,0,0,0,0,0,0,0,0,0,1,1,-0.0772,8,1,surprise,6.929046563192905e-05,0.3527925170786499,0.1333333333333333,"countries, cold, us, ussr, war"
saigon,0,0,0,0,0,0,0,0,0,0,0,0,0,0,0,1,1,-0.0772,6,1,saigon,6.929046563192905e-05,0.3527925170786499,0.0,"countries, cold, us, ussr, war"
viet,0,0,0,0,0,0,0,0,0,0,0,0,0,0,0,1,1,-0.7096,4,1,viet,6.929046563192905e-05,0.3527925170786499,0.0,"countries, cold, us, ussr, war"
cong,0,0,0,0,0,0,0,0,0,0,0,0,0,0,0,1,1,-0.7096,4,1,cong,6.929046563192905e-05,0.3527925170786499,0.0,"countries, cold, us, ussr, war"
face,1,1,0,0,0,0,0,0,0,0,0,0,0,0,0,1,1,-0.7096,4,1,face,6.929046563192905e-05,0.3527925170786499,0.1333333333333333,"countries, cold, us, ussr, war"
see,1,1,0,1,0,0,0,0,0,0,0,0,0,0,0,1,1,-0.1779,3,1,see,6.929046563192905e-05,0.3527925170786499,0.2,"countries, cold, us, ussr, war"
quagmire,1,0,0,0,0,0,0,0,0,0,0,0,0,0,0,1,1,-0.3506,8,1,quagmire,6.929046563192905e-05,0.3527925170786499,0.0666666666666666,"countries, cold, us, ussr, war"
compromise,1,1,0,0,0,0,0,0,0,0,0,0,0,0,0,1,1,0.0,10,1,compromise,6.929046563192905e-05,0.3527925170786499,0.1333333333333333,"countries, cold, us, ussr, war"
marines,1,0,0,0,0,0,0,0,0,0,0,0,0,0,0,1,1,0.0,7,1,marines,6.929046563192905e-05,0.3527925170786499,0.0666666666666666,"countries, cold, us, ussr, war"
landed,0,1,1,0,0,0,0,0,0,0,0,0,0,0,0,1,1,0.0,6,1,landed,6.929046563192905e-05,0.3527925170786499,0.1333333333333333,"countries, cold, us, ussr, war"
da,1,0,0,0,0,0,0,0,0,0,0,0,0,0,0,1,1,0.0,2,1,da,6.929046563192905e-05,0.3527925170786499,0.0666666666666666,"countries, cold, us, ussr, war"
nang,1,0,0,0,0,0,0,0,0,0,0,0,0,0,0,1,1,0.0,4,1,nang,6.929046563192905e-05,0.3527925170786499,0.0666666666666666,"countries, cold, us, ussr, war"
official,1,0,1,0,0,0,0,0,0,0,0,0,0,0,0,1,1,0.0,8,1,official,6.929046563192905e-05,0.3527925170786499,0.1333333333333333,"countries, cold, us, ussr, war"
january,1,0,0,0,0,0,0,0,0,0,0,0,0,0,0,1,1,-0.3612,7,1,january,6.929046563192905e-05,0.3527925170786499,0.0666666666666666,"countries, cold, us, ussr, war"
front,1,1,1,0,0,0,0,0,0,0,0,0,0,0,0,1,1,-0.3612,5,1,front,6.929046563192905e-05,0.3527925170786499,0.2,"countries, cold, us, ussr, war"
gave,0,1,0,0,0,0,0,0,0,0,0,0,0,0,0,1,1,-0.8316,4,1,gave,6.929046563192905e-05,0.3527925170786499,0.0666666666666666,"countries, cold, us, ussr, war"
prevailed,0,1,0,0,0,0,0,0,0,0,0,0,0,0,0,1,1,-0.8316,9,1,prevailed,6.929046563192905e-05,0.3527925170786499,0.0666666666666666,"countries, cold, us, ussr, war"
start,1,1,0,0,0,0,0,0,0,0,0,0,0,0,0,1,1,-0.8316,5,1,start,6.929046563192905e-05,0.3527925170786499,0.1333333333333333,"countries, cold, us, ussr, war"
does,1,1,0,0,1,0,0,0,0,0,0,0,0,0,0,1,1,-0.9624,4,1,does,6.929046563192905e-05,0.3527925170786499,0.2,"countries, cold, us, ussr, war"
participate,0,1,0,0,0,0,0,0,0,0,0,0,0,0,0,1,1,-0.9624,11,1,participate,6.929046563192905e-05,0.3527925170786499,0.0666666666666666,"countries, cold, us, ussr, war"
ultimate,1,0,1,0,0,0,0,0,0,0,0,0,0,0,0,1,1,-0.7964,8,1,ultimate,6.929046563192905e-05,0.3527925170786499,0.1333333333333333,"countries, cold, us, ussr, war"
demise,1,1,0,0,0,0,0,0,0,0,0,0,0,0,0,1,1,-0.7964,6,1,demise,6.929046563192905e-05,0.3527925170786499,0.1333333333333333,"countries, cold, us, ussr, war"
powers',0,0,0,0,0,0,0,0,0,0,0,0,0,0,0,1,1,0.0,7,1,powers',6.929046563192905e-05,0.3527925170786499,0.0,"countries, cold, us, ussr, war"
irretrievability,0,0,0,0,0,0,0,0,0,0,0,0,0,0,0,1,1,0.2023,16,1,irretrievability,6.929046563192905e-05,0.3527925170786499,0.0,"countries, cold, us, ussr, war"
summer,1,1,1,1,0,0,0,0,0,0,0,0,0,0,0,1,1,0.2023,6,1,summer,6.929046563192905e-05,0.3527925170786499,0.2666666666666666,"countries, cold, us, ussr, war"
dispute,1,0,0,0,0,0,0,0,0,0,0,0,0,0,0,1,1,-0.0387,7,1,dispute,6.929046563192905e-05,0.3527925170786499,0.0666666666666666,"countries, cold, us, ussr, war"
cycles,1,1,0,0,0,0,0,0,0,0,0,0,0,0,0,1,1,-0.0387,6,1,cycles,6.929046563192905e-05,0.3527925170786499,0.1333333333333333,"countries, cold, us, ussr, war"
cycle,1,1,0,0,0,0,0,0,0,0,0,0,0,0,0,1,1,-0.0387,5,1,cycle,6.929046563192905e-05,0.3527925170786499,0.1333333333333333,"countries, cold, us, ussr, war"
freed,0,1,1,0,0,0,0,0,0,0,0,0,0,0,0,1,1,-0.0387,5,1,freed,6.929046563192905e-05,0.3527925170786499,0.1333333333333333,"countries, cold, us, ussr, war"
apparent,0,0,1,0,0,0,0,0,0,0,0,0,0,0,0,1,1,0.5719,8,1,apparent,6.929046563192905e-05,0.3527925170786499,0.0666666666666666,"countries, cold, us, ussr, war"
ploy,1,0,0,0,0,0,0,0,0,0,0,0,0,0,0,1,1,0.5719,4,1,ploy,6.929046563192905e-05,0.3527925170786499,0.0666666666666666,"countries, cold, us, ussr, war"
below,0,0,0,1,0,0,0,0,0,0,0,0,0,0,0,1,1,0.0,5,1,below,6.929046563192905e-05,0.3527925170786499,0.0666666666666666,"countries, cold, us, ussr, war"
founding,0,1,0,0,0,0,0,0,0,0,0,0,0,0,0,1,1,0.0,8,1,founding,6.929046563192905e-05,0.3527925170786499,0.0666666666666666,"countries, cold, us, ussr, war"
wave,1,1,0,0,0,0,0,0,0,0,0,0,0,0,0,1,1,0.0,4,1,wave,6.929046563192905e-05,0.3527925170786499,0.1333333333333333,"countries, cold, us, ussr, war"
stations,1,1,0,0,0,0,0,0,0,0,0,0,0,0,0,1,1,0.0,8,1,stations,6.929046563192905e-05,0.3527925170786499,0.1333333333333333,"countries, cold, us, ussr, war"
fleet,1,0,1,0,0,0,0,0,0,0,0,0,0,0,0,1,1,0.0,5,1,fleet,6.929046563192905e-05,0.3527925170786499,0.1333333333333333,"countries, cold, us, ussr, war"
cracks,1,1,0,0,0,0,0,0,0,0,0,0,0,0,0,1,1,0.0,6,1,cracks,6.929046563192905e-05,0.3527925170786499,0.1333333333333333,"countries, cold, us, ussr, war"
appear,0,1,0,0,0,0,0,0,0,0,0,0,0,0,0,1,1,0.0,6,1,appear,6.929046563192905e-05,0.3527925170786499,0.0666666666666666,"countries, cold, us, ussr, war"
sharply,0,0,0,1,0,0,0,0,0,0,0,0,0,0,0,1,1,0.2023,7,1,sharply,6.929046563192905e-05,0.3527925170786499,0.0666666666666666,"countries, cold, us, ussr, war"
consultative,0,0,1,0,0,0,0,0,0,0,0,0,0,0,0,1,1,0.7964,12,1,consultative,6.929046563192905e-05,0.3527925170786499,0.0666666666666666,"countries, cold, us, ussr, war"
committee,1,0,0,0,0,0,0,0,0,0,0,0,0,0,0,1,1,0.7964,9,1,committee,6.929046563192905e-05,0.3527925170786499,0.0666666666666666,"countries, cold, us, ussr, war"
abolish,0,1,0,0,0,0,0,0,0,0,0,0,0,0,0,1,1,0.7964,7,1,abolish,6.929046563192905e-05,0.3527925170786499,0.0666666666666666,"countries, cold, us, ussr, war"
pact's,0,0,0,0,0,0,0,0,0,0,0,0,0,0,0,1,1,0.7964,6,1,pact's,6.929046563192905e-05,0.3527925170786499,0.0,"countries, cold, us, ussr, war"
apparatus,1,0,0,0,0,0,0,0,0,0,0,0,0,0,0,1,1,0.7964,9,1,apparatus,6.929046563192905e-05,0.3527925170786499,0.0666666666666666,"countries, cold, us, ussr, war"
validity,1,0,0,0,0,0,0,0,0,0,0,0,0,0,0,1,1,0.7964,8,1,validity,6.929046563192905e-05,0.3527925170786499,0.0666666666666666,"countries, cold, us, ussr, war"
positions,1,1,0,0,0,0,0,0,0,0,0,0,0,0,0,1,1,-0.8316,9,1,positions,6.929046563192905e-05,0.3527925170786499,0.1333333333333333,"countries, cold, us, ussr, war"
described,0,1,1,0,0,0,0,0,0,0,0,0,0,0,0,1,1,0.0,9,1,described,6.929046563192905e-05,0.3527925170786499,0.1333333333333333,"countries, cold, us, ussr, war"
convening,0,1,0,0,0,0,0,0,0,0,0,0,0,0,0,1,1,0.1779,9,1,convening,6.929046563192905e-05,0.3527925170786499,0.0666666666666666,"countries, cold, us, ussr, war"
concrete,1,1,1,0,0,0,0,0,0,0,0,0,0,0,0,1,1,0.1779,8,1,concrete,6.929046563192905e-05,0.3527925170786499,0.2,"countries, cold, us, ussr, war"
refused,0,1,0,0,0,0,0,0,0,0,0,0,0,0,0,1,1,0.1779,7,1,refused,6.929046563192905e-05,0.3527925170786499,0.0666666666666666,"countries, cold, us, ussr, war"
protests,1,1,0,0,0,0,0,0,0,0,0,0,0,0,0,1,1,-0.4767,8,1,protests,6.929046563192905e-05,0.3527925170786499,0.1333333333333333,"countries, cold, us, ussr, war"
meeting,1,1,0,0,0,0,0,0,0,0,0,0,0,0,0,1,1,-0.0516,7,1,meeting,6.929046563192905e-05,0.3527925170786499,0.1333333333333333,"countries, cold, us, ussr, war"
july,1,0,0,0,0,0,0,0,0,0,0,0,0,0,0,1,1,-0.0516,4,1,july,6.929046563192905e-05,0.3527925170786499,0.0666666666666666,"countries, cold, us, ussr, war"
announced,0,1,1,0,0,0,0,0,0,0,0,0,0,0,0,1,1,-0.0516,9,1,announced,6.929046563192905e-05,0.3527925170786499,0.1333333333333333,"countries, cold, us, ussr, war"
february,1,0,0,0,0,0,0,0,0,0,0,0,0,0,0,1,1,0.7964,8,1,february,6.929046563192905e-05,0.3527925170786499,0.0666666666666666,"countries, cold, us, ussr, war"
attitude,1,0,0,0,0,0,0,0,0,0,0,0,0,0,0,1,1,-0.6369,8,1,attitude,6.929046563192905e-05,0.3527925170786499,0.0666666666666666,"countries, cold, us, ussr, war"
unhappy,0,0,1,0,0,0,0,0,0,0,0,0,0,0,0,1,1,-0.6369,7,1,unhappy,6.929046563192905e-05,0.3527925170786499,0.0666666666666666,"countries, cold, us, ussr, war"
aroused,0,1,1,0,0,0,0,0,0,0,0,0,0,0,0,1,1,-0.6858,7,1,aroused,6.929046563192905e-05,0.3527925170786499,0.1333333333333333,"countries, cold, us, ussr, war"
resentment,1,0,0,0,0,0,0,0,0,0,0,0,0,0,0,1,1,-0.6858,10,1,resentment,6.929046563192905e-05,0.3527925170786499,0.0666666666666666,"countries, cold, us, ussr, war"
addition,1,0,0,0,0,0,0,0,0,0,0,0,0,0,0,1,1,-0.4215,8,1,addition,6.929046563192905e-05,0.3527925170786499,0.0666666666666666,"countries, cold, us, ussr, war"
border,1,1,0,0,0,0,0,0,0,0,0,0,0,0,0,1,1,-0.5574,6,1,border,6.929046563192905e-05,0.3527925170786499,0.1333333333333333,"countries, cold, us, ussr, war"
neutrality,1,0,0,0,0,0,0,0,0,0,0,0,0,0,0,1,1,-0.5574,10,1,neutrality,6.929046563192905e-05,0.3527925170786499,0.0666666666666666,"countries, cold, us, ussr, war"
countered,0,0,0,0,0,0,0,0,0,0,0,0,0,0,0,1,1,0.0772,9,1,countered,6.929046563192905e-05,0.3527925170786499,0.0,"countries, cold, us, ussr, war"
zone,1,1,0,0,0,0,0,0,0,0,0,0,0,0,0,1,1,-0.34,4,1,zone,6.929046563192905e-05,0.3527925170786499,0.1333333333333333,"countries, cold, us, ussr, war"
perception,1,0,0,0,0,0,0,0,0,0,0,0,0,0,0,1,1,0.0,10,1,perception,6.929046563192905e-05,0.3527925170786499,0.0666666666666666,"countries, cold, us, ussr, war"
stalinist,1,0,1,0,0,0,0,0,0,0,0,0,0,0,0,1,1,0.0,9,1,stalinist,6.929046563192905e-05,0.3527925170786499,0.1333333333333333,"countries, cold, us, ussr, war"
opinions,1,0,0,0,0,0,0,0,0,0,0,0,0,0,0,1,1,0.0,8,1,opinions,6.929046563192905e-05,0.3527925170786499,0.0666666666666666,"countries, cold, us, ussr, war"
widened,0,0,0,0,0,0,0,0,0,0,0,0,0,0,0,1,1,0.2023,7,1,widened,6.929046563192905e-05,0.3527925170786499,0.0,"countries, cold, us, ussr, war"
chauvinism,1,0,0,0,0,0,0,0,0,0,0,0,0,0,0,1,1,0.25,10,1,chauvinism,6.929046563192905e-05,0.3527925170786499,0.0666666666666666,"countries, cold, us, ussr, war"
clashed,0,1,0,0,0,0,0,0,0,0,0,0,0,0,0,1,1,0.25,7,1,clashed,6.929046563192905e-05,0.3527925170786499,0.0666666666666666,"countries, cold, us, ussr, war"
showed,0,1,0,0,0,0,0,0,0,0,0,0,0,0,0,1,1,-0.6369,6,1,showed,6.929046563192905e-05,0.3527925170786499,0.0666666666666666,"countries, cold, us, ussr, war"
ratify,0,0,0,0,0,0,0,0,0,0,0,0,0,0,0,1,1,0.1779,6,1,ratify,6.929046563192905e-05,0.3527925170786499,0.0,"countries, cold, us, ussr, war"
initially,0,0,0,1,0,0,0,0,0,0,0,0,0,0,0,1,1,0.7506,9,1,initially,6.929046563192905e-05,0.3527925170786499,0.0666666666666666,"countries, cold, us, ussr, war"
practice,1,1,0,0,0,0,0,0,0,0,0,0,0,0,0,1,1,0.7506,8,1,practice,6.929046563192905e-05,0.3527925170786499,0.1333333333333333,"countries, cold, us, ussr, war"
sharp,1,0,1,1,0,0,0,0,0,0,0,0,0,0,0,1,1,-0.4767,5,1,sharp,6.929046563192905e-05,0.3527925170786499,0.2,"countries, cold, us, ussr, war"
implementing,0,1,0,0,0,0,0,0,0,0,0,0,0,0,0,1,1,-0.4767,12,1,implementing,6.929046563192905e-05,0.3527925170786499,0.0666666666666666,"countries, cold, us, ussr, war"
retaliation,1,0,0,0,0,0,0,0,0,0,0,0,0,0,0,1,1,-0.4767,11,1,retaliation,6.929046563192905e-05,0.3527925170786499,0.0666666666666666,"countries, cold, us, ussr, war"
prevention,1,0,0,0,0,0,0,0,0,0,0,0,0,0,0,1,1,-0.34,10,1,prevention,6.929046563192905e-05,0.3527925170786499,0.0666666666666666,"countries, cold, us, ussr, war"
reversed,0,0,1,0,0,0,0,0,0,0,0,0,0,0,0,1,1,-0.34,8,1,reversed,6.929046563192905e-05,0.3527925170786499,0.0666666666666666,"countries, cold, us, ussr, war"
active,1,0,1,0,0,0,0,0,0,0,0,0,0,0,0,1,1,0.5106,6,1,active,6.929046563192905e-05,0.3527925170786499,0.1333333333333333,"countries, cold, us, ussr, war"
engagement,1,0,0,0,0,0,0,0,0,0,0,0,0,0,0,1,1,0.5106,10,1,engagement,6.929046563192905e-05,0.3527925170786499,0.0666666666666666,"countries, cold, us, ussr, war"
canada,1,0,0,0,0,0,0,0,0,0,0,0,0,0,0,1,1,0.0,6,1,canada,6.929046563192905e-05,0.3527925170786499,0.0666666666666666,"countries, cold, us, ussr, war"
founded,0,1,1,0,0,0,0,0,0,0,0,0,0,0,0,1,1,0.0,7,1,founded,6.929046563192905e-05,0.3527925170786499,0.1333333333333333,"countries, cold, us, ussr, war"
federal,1,0,1,0,0,0,0,0,0,0,0,0,0,0,0,1,1,0.6597,7,1,federal,6.929046563192905e-05,0.3527925170786499,0.1333333333333333,"countries, cold, us, ussr, war"
join,1,1,0,0,0,0,0,0,0,0,0,0,0,0,0,1,1,0.6597,4,1,join,6.929046563192905e-05,0.3527925170786499,0.1333333333333333,"countries, cold, us, ussr, war"
jeopardized,0,0,0,0,0,0,0,0,0,0,0,0,0,0,0,1,1,0.34,11,1,jeopardized,6.929046563192905e-05,0.3527925170786499,0.0,"countries, cold, us, ussr, war"
asked,0,1,0,0,0,0,0,0,0,0,0,0,0,0,0,1,1,0.1779,5,1,asked,6.929046563192905e-05,0.3527925170786499,0.0666666666666666,"countries, cold, us, ussr, war"
expansionist,1,0,1,0,0,0,0,0,0,0,0,0,0,0,0,1,1,0.0,12,1,expansionist,6.929046563192905e-05,0.3527925170786499,0.1333333333333333,"countries, cold, us, ussr, war"
pay,1,1,0,0,0,0,0,0,0,0,0,0,0,0,0,1,1,-0.1027,3,1,pay,6.929046563192905e-05,0.3527925170786499,0.1333333333333333,"countries, cold, us, ussr, war"
achievement,1,0,0,0,0,0,0,0,0,0,0,0,0,0,0,1,1,-0.1027,11,1,achievement,6.929046563192905e-05,0.3527925170786499,0.0666666666666666,"countries, cold, us, ussr, war"
partnership,1,0,0,0,0,0,0,0,0,0,0,0,0,0,0,1,1,-0.1027,11,1,partnership,6.929046563192905e-05,0.3527925170786499,0.0666666666666666,"countries, cold, us, ussr, war"
sentiment,1,0,0,0,0,0,0,0,0,0,0,0,0,0,0,1,1,0.8999,9,1,sentiment,6.929046563192905e-05,0.3527925170786499,0.0666666666666666,"countries, cold, us, ussr, war"
closely,0,0,0,1,0,0,0,0,0,0,0,0,0,0,0,1,1,0.0,7,1,closely,6.929046563192905e-05,0.3527925170786499,0.0666666666666666,"countries, cold, us, ussr, war"
victorious,0,0,1,0,0,0,0,0,0,0,0,0,0,0,0,1,1,-0.7096,10,1,victorious,6.929046563192905e-05,0.3527925170786499,0.0666666666666666,"countries, cold, us, ussr, war"
impossible,1,0,1,0,0,0,0,0,0,0,0,0,0,0,0,1,1,-0.7783,10,1,impossible,6.929046563192905e-05,0.3527925170786499,0.1333333333333333,"countries, cold, us, ussr, war"
actually,0,0,0,1,0,0,0,0,0,0,0,0,0,0,0,1,1,0.0516,8,1,actually,6.929046563192905e-05,0.3527925170786499,0.0666666666666666,"countries, cold, us, ussr, war"
undermined,0,0,0,0,0,0,0,0,0,0,0,0,0,0,0,1,1,0.0516,10,1,undermined,6.929046563192905e-05,0.3527925170786499,0.0,"countries, cold, us, ussr, war"
exacerbating,0,1,1,0,0,0,0,0,0,0,0,0,0,0,0,1,1,-0.836,12,1,exacerbating,6.929046563192905e-05,0.3527925170786499,0.1333333333333333,"countries, cold, us, ussr, war"
revolt,1,1,0,0,0,0,0,0,0,0,0,0,0,0,0,1,1,-0.2732,6,1,revolt,6.929046563192905e-05,0.3527925170786499,0.1333333333333333,"countries, cold, us, ussr, war"
standing,1,1,1,0,0,0,0,0,0,0,0,0,0,0,0,1,1,-0.431,8,1,standing,6.929046563192905e-05,0.3527925170786499,0.2,"countries, cold, us, ussr, war"
woes,1,0,0,0,0,0,0,0,0,0,0,0,0,0,0,1,1,-0.2732,4,1,woes,6.929046563192905e-05,0.3527925170786499,0.0666666666666666,"countries, cold, us, ussr, war"
manifestation,1,0,0,0,0,0,0,0,0,0,0,0,0,0,0,1,1,-0.6705,13,1,manifestation,6.929046563192905e-05,0.3527925170786499,0.0666666666666666,"countries, cold, us, ussr, war"
harms,1,1,0,0,0,0,0,0,0,0,0,0,0,0,0,1,1,-0.6705,5,1,harms,6.929046563192905e-05,0.3527925170786499,0.1333333333333333,"countries, cold, us, ussr, war"
scope,1,0,0,0,0,0,0,0,0,0,0,0,0,0,0,1,1,-0.8378,5,1,scope,6.929046563192905e-05,0.3527925170786499,0.0666666666666666,"countries, cold, us, ussr, war"
vs,1,0,0,0,0,0,0,0,0,0,0,0,0,0,0,1,1,-0.0258,2,1,vs,6.929046563192905e-05,0.3527925170786499,0.0666666666666666,"countries, cold, us, ussr, war"
threw,0,1,0,0,0,0,0,0,0,0,0,0,0,0,0,1,1,-0.5994,5,1,threw,6.929046563192905e-05,0.3527925170786499,0.0666666666666666,"countries, cold, us, ussr, war"
fearing,0,1,0,0,0,0,0,0,0,0,0,0,0,0,0,1,1,-0.5719,7,1,fearing,6.929046563192905e-05,0.3527925170786499,0.0666666666666666,"countries, cold, us, ussr, war"
unity,0,0,0,0,0,0,0,0,0,0,0,0,0,0,0,1,1,0.3818,5,1,unity,6.929046563192905e-05,0.3527925170786499,0.0,"countries, cold, us, ussr, war"
treats,1,1,0,0,0,0,0,0,0,0,0,0,0,0,0,1,1,0.0,6,1,treats,6.929046563192905e-05,0.3527925170786499,0.1333333333333333,"countries, cold, us, ussr, war"
internationalism,1,0,0,0,0,0,0,0,0,0,0,0,0,0,0,1,1,0.0516,16,1,internationalism,6.929046563192905e-05,0.3527925170786499,0.0666666666666666,"countries, cold, us, ussr, war"
brezhnevism,0,0,0,0,0,0,0,0,0,0,0,0,0,0,0,1,1,0.0516,11,1,brezhnevism,6.929046563192905e-05,0.3527925170786499,0.0,"countries, cold, us, ussr, war"
leonid,1,0,0,0,0,0,0,0,0,0,0,0,0,0,0,1,1,0.0,6,1,leonid,6.929046563192905e-05,0.3527925170786499,0.0666666666666666,"countries, cold, us, ussr, war"
propositions,0,1,0,0,0,0,0,0,0,0,0,0,0,0,0,1,1,0.0,12,1,propositions,6.929046563192905e-05,0.3527925170786499,0.0666666666666666,"countries, cold, us, ussr, war"
collectively,0,0,0,1,0,0,0,0,0,0,0,0,0,0,0,1,1,0.0,12,1,collectively,6.929046563192905e-05,0.3527925170786499,0.0666666666666666,"countries, cold, us, ussr, war"
limited,0,0,1,0,0,0,0,0,0,0,0,0,0,0,0,1,1,-0.5994,7,1,limited,6.929046563192905e-05,0.3527925170786499,0.0666666666666666,"countries, cold, us, ussr, war"
holds,1,1,0,0,0,0,0,0,0,0,0,0,0,0,0,1,1,-0.5994,5,1,holds,6.929046563192905e-05,0.3527925170786499,0.1333333333333333,"countries, cold, us, ussr, war"
joined,0,1,1,0,0,0,0,0,0,0,0,0,0,0,0,1,1,-0.9231,6,1,joined,6.929046563192905e-05,0.3527925170786499,0.1333333333333333,"countries, cold, us, ussr, war"
satisfactory,0,0,1,0,0,0,0,0,0,0,0,0,0,0,0,1,1,-0.8378,12,1,satisfactory,6.929046563192905e-05,0.3527925170786499,0.0666666666666666,"countries, cold, us, ussr, war"
intention,1,0,0,0,0,0,0,0,0,0,0,0,0,0,0,1,1,-0.8378,9,1,intention,6.929046563192905e-05,0.3527925170786499,0.0666666666666666,"countries, cold, us, ussr, war"
instead,0,0,0,1,0,0,0,0,0,0,0,0,0,0,0,1,1,0.7845,7,1,instead,6.929046563192905e-05,0.3527925170786499,0.0666666666666666,"countries, cold, us, ussr, war"
encouraging,0,1,1,0,0,0,0,0,0,0,0,0,0,0,0,1,1,0.7845,11,1,encouraging,6.929046563192905e-05,0.3527925170786499,0.1333333333333333,"countries, cold, us, ussr, war"
air,1,1,1,0,0,0,0,0,0,0,0,0,0,0,0,1,1,-0.211,3,1,air,6.929046563192905e-05,0.3527925170786499,0.2,"countries, cold, us, ussr, war"
naval,0,0,1,0,0,0,0,0,0,0,0,0,0,0,0,1,1,-0.211,5,1,naval,6.929046563192905e-05,0.3527925170786499,0.0666666666666666,"countries, cold, us, ussr, war"
engage,0,1,0,0,0,0,0,0,0,0,0,0,0,0,0,1,1,-0.211,6,1,engage,6.929046563192905e-05,0.3527925170786499,0.0666666666666666,"countries, cold, us, ussr, war"
combat,1,0,0,0,0,0,0,0,0,0,0,0,0,0,0,1,1,-0.211,6,1,combat,6.929046563192905e-05,0.3527925170786499,0.0666666666666666,"countries, cold, us, ussr, war"
behalf,1,0,0,0,0,0,0,0,0,0,0,0,0,0,0,1,1,-0.211,6,1,behalf,6.929046563192905e-05,0.3527925170786499,0.0666666666666666,"countries, cold, us, ussr, war"
realistic,0,0,1,0,0,0,0,0,0,0,0,0,0,0,0,1,1,0.128,9,1,realistic,6.929046563192905e-05,0.3527925170786499,0.0666666666666666,"countries, cold, us, ussr, war"
unofficial,0,0,1,0,0,0,0,0,0,0,0,0,0,0,0,1,1,0.0,10,1,unofficial,6.929046563192905e-05,0.3527925170786499,0.0666666666666666,"countries, cold, us, ussr, war"
press,1,1,0,0,0,0,0,0,0,0,0,0,0,0,0,1,1,0.0,5,1,press,6.929046563192905e-05,0.3527925170786499,0.1333333333333333,"countries, cold, us, ussr, war"
summed,0,0,0,0,0,0,0,0,0,0,0,0,0,0,0,1,1,0.4939,6,1,summed,6.929046563192905e-05,0.3527925170786499,0.0,"countries, cold, us, ussr, war"
partner,1,1,0,0,0,0,0,0,0,0,0,0,0,0,0,1,1,0.4939,7,1,partner,6.929046563192905e-05,0.3527925170786499,0.1333333333333333,"countries, cold, us, ussr, war"
negotiation,1,0,0,0,0,0,0,0,0,0,0,0,0,0,0,1,1,0.4939,11,1,negotiation,6.929046563192905e-05,0.3527925170786499,0.0666666666666666,"countries, cold, us, ussr, war"
ceased,0,0,0,0,0,0,0,0,0,0,0,0,0,0,0,1,1,0.7845,6,1,ceased,6.929046563192905e-05,0.3527925170786499,0.0,"countries, cold, us, ussr, war"
commitment,1,0,0,0,0,0,0,0,0,0,0,0,0,0,0,1,1,0.7845,10,1,commitment,6.929046563192905e-05,0.3527925170786499,0.0666666666666666,"countries, cold, us, ussr, war"
deploy,1,1,0,0,0,0,0,0,0,0,0,0,0,0,0,1,1,0.7845,6,1,deploy,6.929046563192905e-05,0.3527925170786499,0.1333333333333333,"countries, cold, us, ussr, war"
product,1,0,0,0,0,0,0,0,0,0,0,0,0,0,0,1,1,0.0,7,1,product,6.929046563192905e-05,0.3527925170786499,0.0666666666666666,"countries, cold, us, ussr, war"
inevitability,1,0,0,0,0,0,0,0,0,0,0,0,0,0,0,1,1,0.0,13,1,inevitability,6.929046563192905e-05,0.3527925170786499,0.0666666666666666,"countries, cold, us, ussr, war"
contingency,1,0,0,0,0,0,0,0,0,0,0,0,0,0,0,1,1,0.0,11,1,contingency,6.929046563192905e-05,0.3527925170786499,0.0666666666666666,"countries, cold, us, ussr, war"
domestically,0,0,0,1,0,0,0,0,0,0,0,0,0,0,0,1,1,0.1531,12,1,domestically,6.929046563192905e-05,0.3527925170786499,0.0666666666666666,"countries, cold, us, ussr, war"
popular,0,0,1,0,0,0,0,0,0,0,0,0,0,0,0,1,1,0.1531,7,1,popular,6.929046563192905e-05,0.3527925170786499,0.0666666666666666,"countries, cold, us, ussr, war"
reduce,0,1,0,0,0,0,0,0,0,0,0,0,0,0,0,1,1,0.1531,6,1,reduce,6.929046563192905e-05,0.3527925170786499,0.0666666666666666,"countries, cold, us, ussr, war"
commensurate,0,0,1,0,0,0,0,0,0,0,0,0,0,0,0,1,1,0.4939,12,1,commensurate,6.929046563192905e-05,0.3527925170786499,0.0666666666666666,"countries, cold, us, ussr, war"
outlined,0,0,1,0,0,0,0,0,0,0,0,0,0,0,0,1,1,0.0,8,1,outlined,6.929046563192905e-05,0.3527925170786499,0.0666666666666666,"countries, cold, us, ussr, war"
victors,1,0,0,0,0,0,0,0,0,0,0,0,0,0,0,1,1,-0.7783,7,1,victors,6.929046563192905e-05,0.3527925170786499,0.0666666666666666,"countries, cold, us, ussr, war"
here,1,0,1,1,0,0,0,0,0,0,0,0,0,0,0,1,1,-0.7783,4,1,here,6.929046563192905e-05,0.3527925170786499,0.2,"countries, cold, us, ussr, war"
decisive,0,0,1,0,0,0,0,0,0,0,0,0,0,0,0,1,1,-0.1531,8,1,decisive,6.929046563192905e-05,0.3527925170786499,0.0666666666666666,"countries, cold, us, ussr, war"
battlefield,1,0,0,0,0,0,0,0,0,0,0,0,0,0,0,1,1,-0.7232,11,1,battlefield,6.929046563192905e-05,0.3527925170786499,0.0666666666666666,"countries, cold, us, ussr, war"
lose,0,1,0,0,0,0,0,0,0,0,0,0,0,0,0,1,1,-0.4645,4,1,lose,6.929046563192905e-05,0.3527925170786499,0.0666666666666666,"countries, cold, us, ussr, war"
previous,0,0,1,0,0,0,0,0,0,0,0,0,0,0,0,1,1,0.0772,8,1,previous,6.929046563192905e-05,0.3527925170786499,0.0666666666666666,"countries, cold, us, ussr, war"
isolationist,1,0,1,0,0,0,0,0,0,0,0,0,0,0,0,1,1,0.0772,12,1,isolationist,6.929046563192905e-05,0.3527925170786499,0.1333333333333333,"countries, cold, us, ussr, war"
depleted,0,0,1,0,0,0,0,0,0,0,0,0,0,0,0,1,1,-0.9231,8,1,depleted,6.929046563192905e-05,0.3527925170786499,0.0666666666666666,"countries, cold, us, ussr, war"
entry,1,0,0,0,0,0,0,0,0,0,0,0,0,0,0,1,1,0.5719,5,1,entry,6.929046563192905e-05,0.3527925170786499,0.0666666666666666,"countries, cold, us, ussr, war"
eurasia,1,0,0,0,0,0,0,0,0,0,0,0,0,0,0,1,1,0.3182,7,1,eurasia,6.929046563192905e-05,0.3527925170786499,0.0666666666666666,"countries, cold, us, ussr, war"
block,1,1,0,0,0,0,0,0,0,0,0,0,0,0,0,1,1,0.3182,5,1,block,6.929046563192905e-05,0.3527925170786499,0.1333333333333333,"countries, cold, us, ussr, war"
directions,1,0,0,0,0,0,0,0,0,0,0,0,0,0,0,1,1,0.3182,10,1,directions,6.929046563192905e-05,0.3527925170786499,0.0666666666666666,"countries, cold, us, ussr, war"
predominantly,0,0,0,1,0,0,0,0,0,0,0,0,0,0,0,1,1,0.0,13,1,predominantly,6.929046563192905e-05,0.3527925170786499,0.0666666666666666,"countries, cold, us, ussr, war"
authorities,1,0,0,0,0,0,0,0,0,0,0,0,0,0,0,1,1,-0.4019,11,1,authorities,6.929046563192905e-05,0.3527925170786499,0.0666666666666666,"countries, cold, us, ussr, war"
rigid,0,0,1,0,0,0,0,0,0,0,0,0,0,0,0,1,1,-0.4019,5,1,rigid,6.929046563192905e-05,0.3527925170786499,0.0666666666666666,"countries, cold, us, ussr, war"
imbalance,1,0,0,0,0,0,0,0,0,0,0,0,0,0,0,1,1,-0.8126,9,1,imbalance,6.929046563192905e-05,0.3527925170786499,0.0666666666666666,"countries, cold, us, ussr, war"
relationships,1,0,0,0,0,0,0,0,0,0,0,0,0,0,0,1,1,0.2732,13,1,relationships,6.929046563192905e-05,0.3527925170786499,0.0666666666666666,"countries, cold, us, ussr, war"
persisted,0,1,0,0,0,0,0,0,0,0,0,0,0,0,0,1,1,-0.5994,9,1,persisted,6.929046563192905e-05,0.3527925170786499,0.0666666666666666,"countries, cold, us, ussr, war"
decades,1,0,0,0,0,0,0,0,0,0,0,0,0,0,0,1,1,-0.5994,7,1,decades,6.929046563192905e-05,0.3527925170786499,0.0666666666666666,"countries, cold, us, ussr, war"
lasting,1,1,1,0,0,0,0,0,0,0,0,0,0,0,0,1,1,-0.5994,7,1,lasting,6.929046563192905e-05,0.3527925170786499,0.2,"countries, cold, us, ussr, war"
located,0,1,1,0,0,0,0,0,0,0,0,0,0,0,0,1,1,-0.7334,7,1,located,6.929046563192905e-05,0.3527925170786499,0.1333333333333333,"countries, cold, us, ussr, war"
connecting,0,1,1,0,0,0,0,0,0,0,0,0,0,0,0,1,1,-0.7334,10,1,connecting,6.929046563192905e-05,0.3527925170786499,0.1333333333333333,"countries, cold, us, ussr, war"
traditionally,0,0,0,1,0,0,0,0,0,0,0,0,0,0,0,1,1,0.5719,13,1,traditionally,6.929046563192905e-05,0.3527925170786499,0.0666666666666666,"countries, cold, us, ussr, war"
barrier,1,0,0,0,0,0,0,0,0,0,0,0,0,0,0,1,1,0.5719,7,1,barrier,6.929046563192905e-05,0.3527925170786499,0.0666666666666666,"countries, cold, us, ussr, war"
relative,1,0,1,0,0,0,0,0,0,0,0,0,0,0,0,1,1,0.9001,8,1,relative,6.929046563192905e-05,0.3527925170786499,0.1333333333333333,"countries, cold, us, ussr, war"
centers,1,1,0,0,0,0,0,0,0,0,0,0,0,0,0,1,1,0.9001,7,1,centers,6.929046563192905e-05,0.3527925170786499,0.1333333333333333,"countries, cold, us, ussr, war"
multilateral,0,0,1,0,0,0,0,0,0,0,0,0,0,0,0,1,1,0.9001,12,1,multilateral,6.929046563192905e-05,0.3527925170786499,0.0666666666666666,"countries, cold, us, ussr, war"
greatest,0,0,1,0,0,0,0,0,0,0,0,0,0,0,0,1,1,0.9001,8,1,greatest,6.929046563192905e-05,0.3527925170786499,0.0666666666666666,"countries, cold, us, ussr, war"
pursuing,0,1,1,0,0,0,0,0,0,0,0,0,0,0,0,1,1,-0.5994,8,1,pursuing,6.929046563192905e-05,0.3527925170786499,0.1333333333333333,"countries, cold, us, ussr, war"
lightened,0,0,0,0,0,0,0,0,0,0,0,0,0,0,0,1,1,0.296,9,1,lightened,6.929046563192905e-05,0.3527925170786499,0.0,"countries, cold, us, ussr, war"
seek,1,1,0,0,0,0,0,0,0,0,0,0,0,0,0,1,1,0.296,4,1,seek,6.929046563192905e-05,0.3527925170786499,0.1333333333333333,"countries, cold, us, ussr, war"
trip,1,1,0,0,0,0,0,0,0,0,0,0,0,0,0,1,1,-0.4767,4,1,trip,6.929046563192905e-05,0.3527925170786499,0.1333333333333333,"countries, cold, us, ussr, war"
ranged,0,1,1,0,0,0,0,0,0,0,0,0,0,0,0,1,1,-0.5574,6,1,ranged,6.929046563192905e-05,0.3527925170786499,0.1333333333333333,"countries, cold, us, ussr, war"
pacific,1,0,1,0,0,0,0,0,0,0,0,0,0,0,0,1,1,-0.5574,7,1,pacific,6.929046563192905e-05,0.3527925170786499,0.1333333333333333,"countries, cold, us, ussr, war"
devastated,0,1,1,0,0,0,0,0,0,0,0,0,0,0,0,1,1,-0.836,10,1,devastated,6.929046563192905e-05,0.3527925170786499,0.1333333333333333,"countries, cold, us, ussr, war"
ruins,1,1,0,0,0,0,0,0,0,0,0,0,0,0,0,1,1,-0.9393,5,1,ruins,6.929046563192905e-05,0.3527925170786499,0.1333333333333333,"countries, cold, us, ussr, war"
violent,1,0,1,0,0,0,0,0,0,0,0,0,0,0,0,1,1,-0.9393,7,1,violent,6.929046563192905e-05,0.3527925170786499,0.1333333333333333,"countries, cold, us, ussr, war"
devastation,1,0,0,0,0,0,0,0,0,0,0,0,0,0,0,1,1,-0.7096,11,1,devastation,6.929046563192905e-05,0.3527925170786499,0.0666666666666666,"countries, cold, us, ussr, war"
numbers,1,1,0,0,0,0,0,0,0,0,0,0,0,0,0,1,1,-0.7096,7,1,numbers,6.929046563192905e-05,0.3527925170786499,0.1333333333333333,"countries, cold, us, ussr, war"
connotations,1,0,0,0,0,0,0,0,0,0,0,0,0,0,0,1,1,0.128,12,1,connotations,6.929046563192905e-05,0.3527925170786499,0.0666666666666666,"countries, cold, us, ussr, war"
captured,0,1,0,0,0,0,0,0,0,0,0,0,0,0,0,1,1,-0.6428,8,1,captured,6.929046563192905e-05,0.3527925170786499,0.0666666666666666,"countries, cold, us, ussr, war"
communication,1,0,0,0,0,0,0,0,0,0,0,0,0,0,0,1,1,-0.6428,13,1,communication,6.929046563192905e-05,0.3527925170786499,0.0666666666666666,"countries, cold, us, ussr, war"
arteries,1,0,0,0,0,0,0,0,0,0,0,0,0,0,0,1,1,-0.6428,8,1,arteries,6.929046563192905e-05,0.3527925170786499,0.0666666666666666,"countries, cold, us, ussr, war"
stages,1,1,0,0,0,0,0,0,0,0,0,0,0,0,0,1,1,-0.6428,6,1,stages,6.929046563192905e-05,0.3527925170786499,0.1333333333333333,"countries, cold, us, ussr, war"
bogged,0,0,0,0,0,0,0,0,0,0,0,0,0,0,0,1,1,-0.6428,6,1,bogged,6.929046563192905e-05,0.3527925170786499,0.0,"countries, cold, us, ussr, war"
continuation,1,0,0,0,0,0,0,0,0,0,0,0,0,0,0,1,1,-0.8537,12,1,continuation,6.929046563192905e-05,0.3527925170786499,0.0666666666666666,"countries, cold, us, ussr, war"
driven,0,1,1,0,0,0,0,0,0,0,0,0,0,0,0,1,1,-0.9022,6,1,driven,6.929046563192905e-05,0.3527925170786499,0.1333333333333333,"countries, cold, us, ussr, war"
seeks,0,1,0,0,0,0,0,0,0,0,0,0,0,0,0,1,1,-0.9022,5,1,seeks,6.929046563192905e-05,0.3527925170786499,0.0666666666666666,"countries, cold, us, ussr, war"
reinforced,0,1,1,0,0,0,0,0,0,0,0,0,0,0,0,1,1,0.5994,10,1,reinforced,6.929046563192905e-05,0.3527925170786499,0.1333333333333333,"countries, cold, us, ussr, war"
highlighted,0,1,0,0,0,0,0,0,0,0,0,0,0,0,0,1,1,0.5994,11,1,highlighted,6.929046563192905e-05,0.3527925170786499,0.0666666666666666,"countries, cold, us, ussr, war"
fighting,1,1,1,0,0,0,0,0,0,0,0,0,0,0,0,1,1,-0.8885,8,1,fighting,6.929046563192905e-05,0.3527925170786499,0.2,"countries, cold, us, ussr, war"
taliban,1,0,0,0,0,0,0,0,0,0,0,0,0,0,0,1,1,-0.8885,7,1,taliban,6.929046563192905e-05,0.3527925170786499,0.0666666666666666,"countries, cold, us, ussr, war"
al,0,0,0,0,0,0,0,0,0,0,0,0,0,0,0,1,1,-0.8885,2,0,al,6.929046563192905e-05,0.3527925170786499,0.0,"countries, cold, us, ussr, war"
qaeda,0,0,0,0,0,0,0,0,0,0,0,0,0,0,0,1,1,-0.8885,5,1,qaeda,6.929046563192905e-05,0.3527925170786499,0.0,"countries, cold, us, ussr, war"
participants,1,0,0,0,0,0,0,0,0,0,0,0,0,0,0,1,1,0.0,12,1,participants,6.929046563192905e-05,0.3527925170786499,0.0666666666666666,"countries, cold, us, ussr, war"
consideration,1,0,0,0,0,0,0,0,0,0,0,0,0,0,0,1,1,0.5267,13,1,consideration,6.929046563192905e-05,0.3527925170786499,0.0666666666666666,"countries, cold, us, ussr, war"
fascism,1,0,0,0,0,0,0,0,0,0,0,0,0,0,0,1,1,-0.3182,7,1,fascism,6.929046563192905e-05,0.3527925170786499,0.0666666666666666,"countries, cold, us, ussr, war"
minions,1,0,0,0,0,0,0,0,0,0,0,0,0,0,0,1,1,-0.3182,7,1,minions,6.929046563192905e-05,0.3527925170786499,0.0666666666666666,"countries, cold, us, ussr, war"
concealed,0,1,1,0,0,0,0,0,0,0,0,0,0,0,0,1,1,-0.1027,9,1,concealed,6.929046563192905e-05,0.3527925170786499,0.1333333333333333,"countries, cold, us, ussr, war"
particularly,0,0,0,1,0,0,0,0,0,0,0,0,0,0,0,1,1,0.34,12,1,particularly,6.929046563192905e-05,0.3527925170786499,0.0666666666666666,"countries, cold, us, ussr, war"
attuned,0,1,1,0,0,0,0,0,0,0,0,0,0,0,0,1,1,0.34,7,1,attuned,6.929046563192905e-05,0.3527925170786499,0.1333333333333333,"countries, cold, us, ussr, war"
entered,0,0,0,0,0,0,0,0,0,0,0,0,0,0,0,1,1,-0.6808,7,1,entered,6.929046563192905e-05,0.3527925170786499,0.0,"countries, cold, us, ussr, war"
khomeini,1,0,0,0,0,0,0,0,0,0,0,0,0,0,0,1,1,-0.6808,8,1,khomeini,6.929046563192905e-05,0.3527925170786499,0.0666666666666666,"countries, cold, us, ussr, war"
islamic,0,0,1,0,0,0,0,0,0,0,0,0,0,0,0,1,1,-0.6808,7,1,islamic,6.929046563192905e-05,0.3527925170786499,0.0666666666666666,"countries, cold, us, ussr, war"
hard,1,0,1,1,0,0,0,0,0,0,0,0,0,0,0,1,1,-0.8126,4,1,hard,6.929046563192905e-05,0.3527925170786499,0.2,"countries, cold, us, ussr, war"
accelerates,0,1,0,0,0,0,0,0,0,0,0,0,0,0,0,1,1,-0.8126,11,1,accelerates,6.929046563192905e-05,0.3527925170786499,0.0666666666666666,"countries, cold, us, ussr, war"
review,1,1,1,0,0,0,0,0,0,0,0,0,0,0,0,1,1,0.0,6,1,review,6.929046563192905e-05,0.3527925170786499,0.2,"countries, cold, us, ussr, war"
unprecedented,0,0,1,0,0,0,0,0,0,0,0,0,0,0,0,1,1,-0.9485,13,1,unprecedented,6.929046563192905e-05,0.3527925170786499,0.0666666666666666,"countries, cold, us, ussr, war"
involving,0,1,0,0,0,0,0,0,0,0,0,0,0,0,0,1,1,0.0,9,1,involving,6.929046563192905e-05,0.3527925170786499,0.0666666666666666,"countries, cold, us, ussr, war"
billion,1,0,1,0,0,0,0,0,0,0,0,0,0,0,0,1,1,0.0,7,1,billion,6.929046563192905e-05,0.3527925170786499,0.1333333333333333,"countries, cold, us, ussr, war"
wwii,0,0,0,0,0,0,0,0,0,0,0,0,0,0,0,1,1,-0.3182,4,1,wwii,6.929046563192905e-05,0.3527925170786499,0.0,"countries, cold, us, ussr, war"
axis,1,0,0,0,0,0,0,0,0,0,0,0,0,0,0,1,1,-0.3182,4,1,axis,6.929046563192905e-05,0.3527925170786499,0.0666666666666666,"countries, cold, us, ussr, war"
tremendous,0,0,1,0,0,0,0,0,0,0,0,0,0,0,0,1,1,0.4364,10,1,tremendous,6.929046563192905e-05,0.3527925170786499,0.0666666666666666,"countries, cold, us, ussr, war"
scholars,1,0,0,0,0,0,0,0,0,0,0,0,0,0,0,1,1,0.4404,8,1,scholars,6.929046563192905e-05,0.3527925170786499,0.0666666666666666,"countries, cold, us, ussr, war"
students,1,0,0,0,0,0,0,0,0,0,0,0,0,0,0,1,1,0.4404,8,1,students,6.929046563192905e-05,0.3527925170786499,0.0666666666666666,"countries, cold, us, ussr, war"
personnel,0,0,0,0,0,0,0,0,0,0,0,0,0,0,0,1,1,0.4404,9,1,personnel,6.929046563192905e-05,0.3527925170786499,0.0,"countries, cold, us, ussr, war"
frequently,0,0,0,1,0,0,0,0,0,0,0,0,0,0,0,1,1,0.4404,10,1,frequently,6.929046563192905e-05,0.3527925170786499,0.0666666666666666,"countries, cold, us, ussr, war"
come,0,1,0,0,0,0,0,0,0,0,0,0,0,0,0,1,1,0.4404,4,1,come,6.929046563192905e-05,0.3527925170786499,0.0666666666666666,"countries, cold, us, ussr, war"
gone,0,1,1,0,0,0,0,0,0,0,0,0,0,0,0,1,1,0.4404,4,1,gone,6.929046563192905e-05,0.3527925170786499,0.1333333333333333,"countries, cold, us, ussr, war"
friendship,1,0,0,0,0,0,0,0,0,0,0,0,0,0,0,1,1,0.4404,10,1,friendship,6.929046563192905e-05,0.3527925170786499,0.0666666666666666,"countries, cold, us, ussr, war"
ongoing,1,0,1,0,0,0,0,0,0,0,0,0,0,0,0,1,1,-0.5994,7,1,ongoing,6.929046563192905e-05,0.3527925170786499,0.1333333333333333,"countries, cold, us, ussr, war"
legacy,1,0,0,0,0,0,0,0,0,0,0,0,0,0,0,1,1,-0.5574,6,1,legacy,6.929046563192905e-05,0.3527925170786499,0.0666666666666666,"countries, cold, us, ussr, war"
guerrilla,1,0,1,0,0,0,0,0,0,0,0,0,0,0,0,1,1,-0.6428,9,1,guerrilla,6.929046563192905e-05,0.3527925170786499,0.1333333333333333,"countries, cold, us, ussr, war"
almost,1,0,0,1,0,0,0,0,0,0,0,0,0,0,0,1,1,-0.835,6,1,almost,6.929046563192905e-05,0.3527925170786499,0.1333333333333333,"countries, cold, us, ussr, war"
decade,1,0,0,0,0,0,0,0,0,0,0,0,0,0,0,1,1,-0.835,6,1,decade,6.929046563192905e-05,0.3527925170786499,0.0666666666666666,"countries, cold, us, ussr, war"
discussions,1,0,0,0,0,0,0,0,0,0,0,0,0,0,0,1,1,0.0,11,1,discussions,6.929046563192905e-05,0.3527925170786499,0.0666666666666666,"countries, cold, us, ussr, war"
laying,1,1,0,0,0,0,0,0,0,0,0,0,0,0,0,1,1,0.0,6,1,laying,6.929046563192905e-05,0.3527925170786499,0.1333333333333333,"countries, cold, us, ussr, war"
hostility,1,0,0,0,0,0,0,0,0,0,0,0,0,0,0,1,1,-0.5423,9,1,hostility,6.929046563192905e-05,0.3527925170786499,0.0666666666666666,"countries, cold, us, ussr, war"
india,1,0,0,0,0,0,0,0,0,0,0,0,0,0,0,1,1,0.2023,5,1,india,6.929046563192905e-05,0.3527925170786499,0.0666666666666666,"countries, cold, us, ussr, war"
boosted,0,1,0,0,0,0,0,0,0,0,0,0,0,0,0,1,1,0.0631,7,1,boosted,6.929046563192905e-05,0.3527925170786499,0.0666666666666666,"countries, cold, us, ussr, war"
distribution,1,0,0,0,0,0,0,0,0,0,0,0,0,0,0,1,1,0.1027,12,1,distribution,6.929046563192905e-05,0.3527925170786499,0.0666666666666666,"countries, cold, us, ussr, war"
challengers,1,0,0,0,0,0,0,0,0,0,0,0,0,0,0,1,1,0.1027,11,1,challengers,6.929046563192905e-05,0.3527925170786499,0.0666666666666666,"countries, cold, us, ussr, war"
competitors,1,0,0,0,0,0,0,0,0,0,0,0,0,0,0,1,1,0.1027,11,1,competitors,6.929046563192905e-05,0.3527925170786499,0.0666666666666666,"countries, cold, us, ussr, war"
subject,1,1,1,1,0,0,0,0,0,0,0,0,0,0,0,1,1,-0.5994,7,1,subject,6.929046563192905e-05,0.3527925170786499,0.2666666666666666,"countries, cold, us, ussr, war"
origin,1,0,0,0,0,0,0,0,0,0,0,0,0,0,0,1,1,-0.5994,6,1,origin,6.929046563192905e-05,0.3527925170786499,0.0666666666666666,"countries, cold, us, ussr, war"
outcome,1,0,0,0,0,0,0,0,0,0,0,0,0,0,0,1,1,-0.5994,7,1,outcome,6.929046563192905e-05,0.3527925170786499,0.0666666666666666,"countries, cold, us, ussr, war"
unipolar,0,0,1,0,0,0,0,0,0,0,0,0,0,0,0,1,1,-0.9022,8,1,unipolar,6.929046563192905e-05,0.3527925170786499,0.0666666666666666,"countries, cold, us, ussr, war"
adopts,0,1,0,0,0,0,0,0,0,0,0,0,0,0,0,1,1,-0.9022,6,1,adopts,6.929046563192905e-05,0.3527925170786499,0.0666666666666666,"countries, cold, us, ussr, war"
multipolarity,0,0,0,0,0,0,0,0,0,0,0,0,0,0,0,1,1,-0.9022,13,1,multipolarity,6.929046563192905e-05,0.3527925170786499,0.0,"countries, cold, us, ussr, war"
creating,0,1,0,0,0,0,0,0,0,0,0,0,0,0,0,1,1,-0.9022,8,1,creating,6.929046563192905e-05,0.3527925170786499,0.0666666666666666,"countries, cold, us, ussr, war"
interlinked,0,0,0,0,0,0,0,0,0,0,0,0,0,0,0,1,1,-0.9022,11,1,interlinked,6.929046563192905e-05,0.3527925170786499,0.0,"countries, cold, us, ussr, war"
predicted,0,1,1,0,0,0,0,0,0,0,0,0,0,0,0,1,1,-0.8126,9,1,predicted,6.929046563192905e-05,0.3527925170786499,0.1333333333333333,"countries, cold, us, ussr, war"
declining,0,1,1,0,0,0,0,0,0,0,0,0,0,0,0,1,1,-0.8126,9,1,declining,6.929046563192905e-05,0.3527925170786499,0.1333333333333333,"countries, cold, us, ussr, war"
cyber,0,0,0,0,0,0,0,0,0,0,0,0,0,0,0,1,1,-0.8126,5,1,cyber,6.929046563192905e-05,0.3527925170786499,0.0,"countries, cold, us, ussr, war"
declares,0,1,0,0,0,0,0,0,0,0,0,0,0,0,0,1,1,0.0258,8,1,declares,6.929046563192905e-05,0.3527925170786499,0.0666666666666666,"countries, cold, us, ussr, war"
infringement,1,0,0,0,0,0,0,0,0,0,0,0,0,0,0,1,1,0.0258,12,1,infringement,6.929046563192905e-05,0.3527925170786499,0.0666666666666666,"countries, cold, us, ussr, war"
vital,0,0,1,0,0,0,0,0,0,0,0,0,0,0,0,1,1,0.0258,5,1,vital,6.929046563192905e-05,0.3527925170786499,0.0666666666666666,"countries, cold, us, ussr, war"
retaliate,0,1,0,0,0,0,0,0,0,0,0,0,0,0,0,1,1,0.0258,9,1,retaliate,6.929046563192905e-05,0.3527925170786499,0.0666666666666666,"countries, cold, us, ussr, war"
makes,1,1,0,0,0,0,0,0,0,0,0,0,0,0,0,1,1,0.886,5,1,makes,6.929046563192905e-05,0.3527925170786499,0.1333333333333333,"countries, cold, us, ussr, war"
determination,1,0,0,0,0,0,0,0,0,0,0,0,0,0,0,1,1,0.886,13,1,determination,6.929046563192905e-05,0.3527925170786499,0.0666666666666666,"countries, cold, us, ussr, war"
ensuring,0,0,0,0,0,0,0,0,0,0,0,0,0,0,0,1,1,0.8225,8,1,ensuring,6.929046563192905e-05,0.3527925170786499,0.0,"countries, cold, us, ussr, war"
swift,1,0,1,1,0,0,0,0,0,0,0,0,0,0,0,1,1,0.8225,5,1,swift,6.929046563192905e-05,0.3527925170786499,0.2,"countries, cold, us, ussr, war"
collaboration,1,0,0,0,0,0,0,0,0,0,0,0,0,0,0,1,1,0.4215,13,1,collaboration,6.929046563192905e-05,0.3527925170786499,0.0666666666666666,"countries, cold, us, ussr, war"
advancing,0,1,1,0,0,0,0,0,0,0,0,0,0,0,0,1,1,0.4215,9,1,advancing,6.929046563192905e-05,0.3527925170786499,0.1333333333333333,"countries, cold, us, ussr, war"
players,1,0,0,0,0,0,0,0,0,0,0,0,0,0,0,1,1,0.5267,7,1,players,6.929046563192905e-05,0.3527925170786499,0.0666666666666666,"countries, cold, us, ussr, war"
pro,1,0,1,1,0,0,0,0,0,0,0,0,0,0,0,1,1,0.0,3,1,pro,6.929046563192905e-05,0.3527925170786499,0.2,"countries, cold, us, ussr, war"
pahlavi,1,0,0,0,0,0,0,0,0,0,0,0,0,0,0,1,1,0.0,7,1,pahlavi,6.929046563192905e-05,0.3527925170786499,0.0666666666666666,"countries, cold, us, ussr, war"
dynasty,1,0,0,0,0,0,0,0,0,0,0,0,0,0,0,1,1,0.0,7,1,dynasty,6.929046563192905e-05,0.3527925170786499,0.0666666666666666,"countries, cold, us, ussr, war"
overthrown,0,1,1,0,0,0,0,0,0,0,0,0,0,0,0,1,1,0.0,10,1,overthrown,6.929046563192905e-05,0.3527925170786499,0.1333333333333333,"countries, cold, us, ussr, war"
jimmy,1,0,0,0,0,0,0,0,0,0,0,0,0,0,0,1,1,0.0,5,1,jimmy,6.929046563192905e-05,0.3527925170786499,0.0666666666666666,"countries, cold, us, ussr, war"
shed,1,1,1,0,0,0,0,0,0,0,0,0,0,0,0,1,1,0.0,4,1,shed,6.929046563192905e-05,0.3527925170786499,0.2,"countries, cold, us, ussr, war"
breakup,1,0,0,0,0,0,0,0,0,0,0,0,0,0,0,1,1,-0.765,7,1,breakup,6.929046563192905e-05,0.3527925170786499,0.0666666666666666,"countries, cold, us, ussr, war"
yugoslavia,1,0,0,0,0,0,0,0,0,0,0,0,0,0,0,1,1,-0.765,10,1,yugoslavia,6.929046563192905e-05,0.3527925170786499,0.0666666666666666,"countries, cold, us, ussr, war"
dollar,1,0,0,0,0,0,0,0,0,0,0,0,0,0,0,1,1,0.0,6,1,dollar,6.929046563192905e-05,0.3527925170786499,0.0666666666666666,"countries, cold, us, ussr, war"
facilitating,0,1,0,0,0,0,0,0,0,0,0,0,0,0,0,1,1,0.0,12,1,facilitating,6.929046563192905e-05,0.3527925170786499,0.0666666666666666,"countries, cold, us, ussr, war"
positively,0,0,0,1,0,0,0,0,0,0,0,0,0,0,0,1,1,0.7845,10,1,positively,6.929046563192905e-05,0.3527925170786499,0.0666666666666666,"countries, cold, us, ussr, war"
impacting,0,1,0,0,0,0,0,0,0,0,0,0,0,0,0,1,1,0.7845,9,1,impacting,6.929046563192905e-05,0.3527925170786499,0.0666666666666666,"countries, cold, us, ussr, war"
maintenance,1,0,0,0,0,0,0,0,0,0,0,0,0,0,0,1,1,0.7845,11,1,maintenance,6.929046563192905e-05,0.3527925170786499,0.0666666666666666,"countries, cold, us, ussr, war"
peoples,1,1,0,0,0,0,0,0,0,0,0,0,0,0,0,1,1,0.4404,7,1,peoples,6.929046563192905e-05,0.3527925170786499,0.1333333333333333,"countries, cold, us, ussr, war"
slowly,0,0,0,1,0,0,0,0,0,0,0,0,0,0,0,1,1,0.0,6,1,slowly,6.929046563192905e-05,0.3527925170786499,0.0666666666666666,"countries, cold, us, ussr, war"
crucial,0,0,1,0,0,0,0,0,0,0,0,0,0,0,0,1,1,0.0258,7,1,crucial,6.929046563192905e-05,0.3527925170786499,0.0666666666666666,"countries, cold, us, ussr, war"
consistently,0,0,0,1,0,0,0,0,0,0,0,0,0,0,0,1,1,0.7845,12,1,consistently,6.929046563192905e-05,0.3527925170786499,0.0666666666666666,"countries, cold, us, ussr, war"
dissolved,0,1,1,0,0,0,0,0,0,0,0,0,0,0,0,1,1,-0.3818,9,1,dissolved,6.929046563192905e-05,0.3527925170786499,0.1333333333333333,"countries, cold, us, ussr, war"
reorganized,0,1,1,0,0,0,0,0,0,0,0,0,0,0,0,1,1,-0.3818,11,1,reorganized,6.929046563192905e-05,0.3527925170786499,0.1333333333333333,"countries, cold, us, ussr, war"
frameworks,1,0,0,0,0,0,0,0,0,0,0,0,0,0,0,1,1,-0.3818,10,1,frameworks,6.929046563192905e-05,0.3527925170786499,0.0666666666666666,"countries, cold, us, ussr, war"
partnerships,1,0,0,0,0,0,0,0,0,0,0,0,0,0,0,1,1,-0.3818,12,1,partnerships,6.929046563192905e-05,0.3527925170786499,0.0666666666666666,"countries, cold, us, ussr, war"
methods,1,0,0,0,0,0,0,0,0,0,0,0,0,0,0,1,1,0.4019,7,1,methods,6.929046563192905e-05,0.3527925170786499,0.0666666666666666,"countries, cold, us, ussr, war"
direct,0,1,1,1,0,0,0,0,0,0,0,0,0,0,0,1,1,0.4019,6,1,direct,6.929046563192905e-05,0.3527925170786499,0.2,"countries, cold, us, ussr, war"
insurgents,1,0,0,0,0,0,0,0,0,0,0,0,0,0,0,1,1,0.4019,10,1,insurgents,6.929046563192905e-05,0.3527925170786499,0.0666666666666666,"countries, cold, us, ussr, war"
compete,0,1,0,0,0,0,0,0,0,0,0,0,0,0,0,1,1,0.2023,7,1,compete,6.929046563192905e-05,0.3527925170786499,0.0666666666666666,"countries, cold, us, ussr, war"
restoring,0,1,0,0,0,0,0,0,0,0,0,0,0,0,0,1,1,0.8519,9,1,restoring,6.929046563192905e-05,0.3527925170786499,0.0666666666666666,"countries, cold, us, ussr, war"
outweighed,0,1,0,0,0,0,0,0,0,0,0,0,0,0,0,1,1,0.1531,10,1,outweighed,6.929046563192905e-05,0.3527925170786499,0.0666666666666666,"countries, cold, us, ussr, war"
copyright,1,1,1,0,0,0,0,0,0,0,0,0,0,0,0,1,1,0.2263,9,1,copyright,6.929046563192905e-05,0.3527925170786499,0.2,"countries, cold, us, ussr, war"
authors,1,1,0,0,0,0,0,0,0,0,0,0,0,0,0,1,1,0.2263,7,1,authors,6.929046563192905e-05,0.3527925170786499,0.1333333333333333,"countries, cold, us, ussr, war"
neoconservative,1,0,0,0,0,0,0,0,0,0,0,0,0,0,0,1,1,0.2732,15,1,neoconservative,6.929046563192905e-05,0.3527925170786499,0.0666666666666666,"countries, cold, us, ussr, war"
formulation,1,0,0,0,0,0,0,0,0,0,0,0,0,0,0,1,1,0.2023,11,1,formulation,6.929046563192905e-05,0.3527925170786499,0.0666666666666666,"countries, cold, us, ussr, war"
multifaceted,0,0,1,0,0,0,0,0,0,0,0,0,0,0,0,1,1,0.0,12,1,multifaceted,6.929046563192905e-05,0.3527925170786499,0.0666666666666666,"countries, cold, us, ussr, war"
element,1,0,0,0,0,0,0,0,0,0,0,0,0,0,0,1,1,-0.7579,7,1,element,6.929046563192905e-05,0.3527925170786499,0.0666666666666666,"countries, cold, us, ussr, war"
response,1,0,0,0,0,0,0,0,0,0,0,0,0,0,0,1,1,-0.7579,8,1,response,6.929046563192905e-05,0.3527925170786499,0.0666666666666666,"countries, cold, us, ussr, war"
nicaragua,1,0,0,0,0,0,0,0,0,0,0,0,0,0,0,1,1,0.0,9,1,nicaragua,6.929046563192905e-05,0.3527925170786499,0.0666666666666666,"countries, cold, us, ussr, war"
grenada,1,0,1,0,0,0,0,0,0,0,0,0,0,0,0,1,1,0.0,7,1,grenada,6.929046563192905e-05,0.3527925170786499,0.1333333333333333,"countries, cold, us, ussr, war"
libya,1,0,0,0,0,0,0,0,0,0,0,0,0,0,0,1,1,0.0,5,1,libya,6.929046563192905e-05,0.3527925170786499,0.0666666666666666,"countries, cold, us, ussr, war"
attached,0,1,1,0,0,0,0,0,0,0,0,0,0,0,0,1,1,0.5106,8,1,attached,6.929046563192905e-05,0.3527925170786499,0.1333333333333333,"countries, cold, us, ussr, war"
orientation,1,0,0,0,0,0,0,0,0,0,0,0,0,0,0,1,1,0.5106,11,1,orientation,6.929046563192905e-05,0.3527925170786499,0.0666666666666666,"countries, cold, us, ussr, war"
complicated,0,1,1,0,0,0,0,0,0,0,0,0,0,0,0,1,1,0.25,11,1,complicated,6.929046563192905e-05,0.3527925170786499,0.1333333333333333,"countries, cold, us, ussr, war"
disadvantage,1,1,0,0,0,0,0,0,0,0,0,0,0,0,0,1,1,-0.6124,12,1,disadvantage,6.929046563192905e-05,0.3527925170786499,0.1333333333333333,"countries, cold, us, ussr, war"
irritated,0,1,1,0,0,0,0,0,0,0,0,0,0,0,0,1,1,-0.4767,9,1,irritated,6.929046563192905e-05,0.3527925170786499,0.1333333333333333,"countries, cold, us, ussr, war"
who,1,0,0,0,0,1,0,0,0,0,0,0,0,0,1,1,1,-0.4767,3,1,who,6.929046563192905e-05,0.3527925170786499,0.2,"countries, cold, us, ussr, war"
fighter,1,0,0,0,0,0,0,0,0,0,0,0,0,0,0,1,1,-0.4767,7,1,fighter,6.929046563192905e-05,0.3527925170786499,0.0666666666666666,"countries, cold, us, ussr, war"
neoconservatives,1,0,0,0,0,0,0,0,0,0,0,0,0,0,0,1,1,0.2732,16,1,neoconservatives,6.929046563192905e-05,0.3527925170786499,0.0666666666666666,"countries, cold, us, ussr, war"
region's,0,0,0,0,0,0,0,0,0,0,0,0,0,0,0,1,1,0.8225,8,1,region's,6.929046563192905e-05,0.3527925170786499,0.0,"countries, cold, us, ussr, war"
hardline,1,0,0,0,0,0,0,0,0,0,0,0,0,0,0,1,1,-0.4767,8,1,hardline,6.929046563192905e-05,0.3527925170786499,0.0666666666666666,"countries, cold, us, ussr, war"
office,1,0,0,0,0,0,0,0,0,0,0,0,0,0,0,1,1,-0.4767,6,1,office,6.929046563192905e-05,0.3527925170786499,0.0666666666666666,"countries, cold, us, ussr, war"
types,1,1,0,0,0,0,0,0,0,0,0,0,0,0,0,1,1,-0.4767,5,1,types,6.929046563192905e-05,0.3527925170786499,0.1333333333333333,"countries, cold, us, ussr, war"
budget,1,1,0,0,0,0,0,0,0,0,0,0,0,0,0,1,1,-0.4767,6,1,budget,6.929046563192905e-05,0.3527925170786499,0.1333333333333333,"countries, cold, us, ussr, war"
groundwork,1,0,0,0,0,0,0,0,0,0,0,0,0,0,0,1,1,-0.2247,10,1,groundwork,6.929046563192905e-05,0.3527925170786499,0.0666666666666666,"countries, cold, us, ussr, war"
aggressive,0,0,1,0,0,0,0,0,0,0,0,0,0,0,0,1,1,-0.2247,10,1,aggressive,6.929046563192905e-05,0.3527925170786499,0.0666666666666666,"countries, cold, us, ussr, war"
inclined,0,1,1,0,0,0,0,0,0,0,0,0,0,0,0,1,1,0.5574,8,1,inclined,6.929046563192905e-05,0.3527925170786499,0.1333333333333333,"countries, cold, us, ussr, war"
failed,0,1,1,0,0,0,0,0,0,0,0,0,0,0,0,1,1,-0.9274,6,1,failed,6.929046563192905e-05,0.3527925170786499,0.1333333333333333,"countries, cold, us, ussr, war"
grasp,1,1,0,0,0,0,0,0,0,0,0,0,0,0,0,1,1,-0.9274,5,1,grasp,6.929046563192905e-05,0.3527925170786499,0.1333333333333333,"countries, cold, us, ussr, war"
productive,0,0,1,0,0,0,0,0,0,0,0,0,0,0,0,1,1,-0.9274,10,1,productive,6.929046563192905e-05,0.3527925170786499,0.0666666666666666,"countries, cold, us, ussr, war"
replaced,0,1,0,0,0,0,0,0,0,0,0,0,0,0,0,1,1,-0.9274,8,1,replaced,6.929046563192905e-05,0.3527925170786499,0.0666666666666666,"countries, cold, us, ussr, war"
private,1,0,1,0,0,0,0,0,0,0,0,0,0,0,0,1,1,0.4019,7,1,private,6.929046563192905e-05,0.3527925170786499,0.1333333333333333,"countries, cold, us, ussr, war"
avoided,0,1,0,0,0,0,0,0,0,0,0,0,0,0,0,1,1,-0.8807,7,1,avoided,6.929046563192905e-05,0.3527925170786499,0.0666666666666666,"countries, cold, us, ussr, war"
coexisted,0,1,0,0,0,0,0,0,0,0,0,0,0,0,0,1,1,-0.8807,9,1,coexisted,6.929046563192905e-05,0.3527925170786499,0.0666666666666666,"countries, cold, us, ussr, war"
learned,0,1,1,0,0,0,0,0,0,0,0,0,0,0,0,1,1,0.4215,7,1,learned,6.929046563192905e-05,0.3527925170786499,0.1333333333333333,"countries, cold, us, ussr, war"
abolition,1,0,1,0,0,0,0,0,0,0,0,0,0,0,0,1,1,-0.128,9,1,abolition,6.929046563192905e-05,0.3527925170786499,0.1333333333333333,"countries, cold, us, ussr, war"
deviates,1,1,0,0,0,0,0,0,0,0,0,0,0,0,0,1,1,0.4019,8,1,deviates,6.929046563192905e-05,0.3527925170786499,0.1333333333333333,"countries, cold, us, ussr, war"
requirements,1,0,0,0,0,0,0,0,0,0,0,0,0,0,0,1,1,0.4019,12,1,requirements,6.929046563192905e-05,0.3527925170786499,0.0666666666666666,"countries, cold, us, ussr, war"
pluralism,1,0,1,0,0,0,0,0,0,0,0,0,0,0,0,1,1,0.4019,9,1,pluralism,6.929046563192905e-05,0.3527925170786499,0.1333333333333333,"countries, cold, us, ussr, war"
essentially,0,0,0,1,0,0,0,0,0,0,0,0,0,0,0,1,1,0.4019,11,1,essentially,6.929046563192905e-05,0.3527925170786499,0.0666666666666666,"countries, cold, us, ussr, war"
accelerate,0,1,0,0,0,0,0,0,0,0,0,0,0,0,0,1,1,0.0,10,1,accelerate,6.929046563192905e-05,0.3527925170786499,0.0666666666666666,"countries, cold, us, ussr, war"
socio,0,0,0,0,0,0,0,0,0,0,0,0,0,0,0,1,1,0.0,5,1,socio,6.929046563192905e-05,0.3527925170786499,0.0,"countries, cold, us, ussr, war"
acceleration,1,0,0,0,0,0,0,0,0,0,0,0,0,0,0,1,1,-0.9274,12,1,acceleration,6.929046563192905e-05,0.3527925170786499,0.0666666666666666,"countries, cold, us, ussr, war"
creativecommons,0,0,0,0,0,0,0,0,0,0,0,0,0,0,0,1,1,0.4404,15,1,creativecommons,6.929046563192905e-05,0.3527925170786499,0.0,"countries, cold, us, ussr, war"
licenses,0,1,0,0,0,0,0,0,0,0,0,0,0,0,0,1,1,0.0,8,1,licenses,6.929046563192905e-05,0.3527925170786499,0.0666666666666666,"countries, cold, us, ussr, war"
gorbachevism,0,0,0,0,0,0,0,0,0,0,0,0,0,0,0,1,1,0.2023,12,1,gorbachevism,6.929046563192905e-05,0.3527925170786499,0.0,"countries, cold, us, ussr, war"
collection,1,0,0,0,0,0,0,0,0,0,0,0,0,0,0,1,1,0.2023,10,1,collection,6.929046563192905e-05,0.3527925170786499,0.0666666666666666,"countries, cold, us, ussr, war"
academic,1,0,1,0,0,0,0,0,0,0,0,0,0,0,0,1,1,-0.34,8,1,academic,6.929046563192905e-05,0.3527925170786499,0.1333333333333333,"countries, cold, us, ussr, war"
circles,1,1,0,0,0,0,0,0,0,0,0,0,0,0,0,1,1,-0.34,7,1,circles,6.929046563192905e-05,0.3527925170786499,0.1333333333333333,"countries, cold, us, ussr, war"
portrayed,0,1,1,0,0,0,0,0,0,0,0,0,0,0,0,1,1,-0.128,9,1,portrayed,6.929046563192905e-05,0.3527925170786499,0.1333333333333333,"countries, cold, us, ussr, war"
totalitarianism,0,0,0,0,0,0,0,0,0,0,0,0,0,0,0,1,1,-0.128,15,1,totalitarianism,6.929046563192905e-05,0.3527925170786499,0.0,"countries, cold, us, ussr, war"
submitted,0,1,0,0,0,0,0,0,0,0,0,0,0,0,0,1,1,0.4404,9,1,submitted,6.929046563192905e-05,0.3527925170786499,0.0666666666666666,"countries, cold, us, ussr, war"
possible,1,0,1,0,0,0,0,0,0,0,0,0,0,0,0,1,1,0.4404,8,1,possible,6.929046563192905e-05,0.3527925170786499,0.1333333333333333,"countries, cold, us, ussr, war"
publication,1,0,0,0,0,0,0,0,0,0,0,0,0,0,0,1,1,0.4404,11,1,publication,6.929046563192905e-05,0.3527925170786499,0.0666666666666666,"countries, cold, us, ussr, war"
creative,0,0,1,0,0,0,0,0,0,0,0,0,0,0,0,1,1,0.4404,8,1,creative,6.929046563192905e-05,0.3527925170786499,0.0666666666666666,"countries, cold, us, ussr, war"
commons,1,0,0,0,0,0,0,0,0,0,0,0,0,0,0,1,1,0.4404,7,1,commons,6.929046563192905e-05,0.3527925170786499,0.0666666666666666,"countries, cold, us, ussr, war"
attribution,1,0,0,0,0,0,0,0,0,0,0,0,0,0,0,1,1,0.4404,11,1,attribution,6.929046563192905e-05,0.3527925170786499,0.0666666666666666,"countries, cold, us, ussr, war"
cc,1,0,0,0,0,0,0,0,0,0,0,0,0,0,0,1,1,0.4404,2,1,cc,6.929046563192905e-05,0.3527925170786499,0.0666666666666666,"countries, cold, us, ussr, war"
license,1,1,0,0,0,0,0,0,0,0,0,0,0,0,0,1,1,0.4404,7,1,license,6.929046563192905e-05,0.3527925170786499,0.1333333333333333,"countries, cold, us, ussr, war"
sober,0,1,1,0,0,0,0,0,0,0,0,0,0,0,0,1,1,0.8074,5,1,sober,6.929046563192905e-05,0.3527925170786499,0.1333333333333333,"countries, cold, us, ussr, war"
minded,0,1,1,0,0,0,0,0,0,0,0,0,0,0,0,1,1,0.8074,6,1,minded,6.929046563192905e-05,0.3527925170786499,0.1333333333333333,"countries, cold, us, ussr, war"
course,1,1,0,1,0,0,0,0,0,0,0,0,0,0,0,1,1,0.8074,6,1,course,6.929046563192905e-05,0.3527925170786499,0.2,"countries, cold, us, ussr, war"
strengthens,0,1,0,0,0,0,0,0,0,0,0,0,0,0,0,1,1,0.8074,11,1,strengthens,6.929046563192905e-05,0.3527925170786499,0.0666666666666666,"countries, cold, us, ussr, war"
convictions,1,0,0,0,0,0,0,0,0,0,0,0,0,0,0,1,1,0.8074,11,1,convictions,6.929046563192905e-05,0.3527925170786499,0.0666666666666666,"countries, cold, us, ussr, war"
shoulders,1,1,0,0,0,0,0,0,0,0,0,0,0,0,0,1,1,0.8074,9,1,shoulders,6.929046563192905e-05,0.3527925170786499,0.1333333333333333,"countries, cold, us, ussr, war"
innovation,1,0,0,0,0,0,0,0,0,0,0,0,0,0,0,1,1,-0.4588,10,1,innovation,6.929046563192905e-05,0.3527925170786499,0.0666666666666666,"countries, cold, us, ussr, war"
distorted,0,0,1,0,0,0,0,0,0,0,0,0,0,0,0,1,1,-0.4588,9,1,distorted,6.929046563192905e-05,0.3527925170786499,0.0666666666666666,"countries, cold, us, ussr, war"
redeem,0,1,0,0,0,0,0,0,0,0,0,0,0,0,0,1,1,0.4767,6,1,redeem,6.929046563192905e-05,0.3527925170786499,0.0666666666666666,"countries, cold, us, ussr, war"
rejuvenate,0,1,0,0,0,0,0,0,0,0,0,0,0,0,0,1,1,0.4767,10,1,rejuvenate,6.929046563192905e-05,0.3527925170786499,0.0666666666666666,"countries, cold, us, ussr, war"
fulfill,0,0,0,0,0,0,0,0,0,0,0,0,0,0,0,1,1,0.4767,7,1,fulfill,6.929046563192905e-05,0.3527925170786499,0.0,"countries, cold, us, ussr, war"
embarked,0,1,0,0,0,0,0,0,0,0,0,0,0,0,0,1,1,0.4767,8,1,embarked,6.929046563192905e-05,0.3527925170786499,0.0666666666666666,"countries, cold, us, ussr, war"
fact,1,0,0,0,0,0,0,0,0,0,0,0,0,0,0,1,1,0.5574,4,1,fact,6.929046563192905e-05,0.3527925170786499,0.0666666666666666,"countries, cold, us, ussr, war"
tells,1,1,0,0,0,0,0,0,0,0,0,0,0,0,0,1,1,0.5574,5,1,tells,6.929046563192905e-05,0.3527925170786499,0.1333333333333333,"countries, cold, us, ussr, war"
source,1,1,0,0,0,0,0,0,0,0,0,0,0,0,0,1,1,0.5574,6,1,source,6.929046563192905e-05,0.3527925170786499,0.1333333333333333,"countries, cold, us, ussr, war"
orderly,1,0,1,1,0,0,0,0,0,0,0,0,0,0,0,1,1,0.5574,7,1,orderly,6.929046563192905e-05,0.3527925170786499,0.2,"countries, cold, us, ussr, war"
line,1,1,0,0,0,0,0,0,0,0,0,0,0,0,0,1,1,0.4019,4,1,line,6.929046563192905e-05,0.3527925170786499,0.1333333333333333,"countries, cold, us, ussr, war"
planning,1,1,0,0,0,0,0,0,0,0,0,0,0,0,0,1,1,-0.9274,8,1,planning,6.929046563192905e-05,0.3527925170786499,0.1333333333333333,"countries, cold, us, ussr, war"
really,0,0,0,1,0,0,0,0,0,0,0,0,0,0,0,1,1,-0.9274,6,1,really,6.929046563192905e-05,0.3527925170786499,0.0666666666666666,"countries, cold, us, ussr, war"
turn,1,1,0,0,0,0,0,0,0,0,0,0,0,0,0,1,1,-0.9274,4,1,turn,6.929046563192905e-05,0.3527925170786499,0.1333333333333333,"countries, cold, us, ussr, war"
went,1,1,0,0,0,0,0,0,0,0,0,0,0,0,0,1,1,-0.9274,4,1,went,6.929046563192905e-05,0.3527925170786499,0.1333333333333333,"countries, cold, us, ussr, war"
idling,0,1,1,0,0,0,0,0,0,0,0,0,0,0,0,1,1,-0.9274,6,1,idling,6.929046563192905e-05,0.3527925170786499,0.1333333333333333,"countries, cold, us, ussr, war"
deepening,1,0,1,0,0,0,0,0,0,0,0,0,0,0,0,1,1,-0.9274,9,1,deepening,6.929046563192905e-05,0.3527925170786499,0.1333333333333333,"countries, cold, us, ussr, war"
renewing,1,0,1,0,0,0,0,0,0,0,0,0,0,0,0,1,1,0.4767,8,1,renewing,6.929046563192905e-05,0.3527925170786499,0.1333333333333333,"countries, cold, us, ussr, war"
experience,1,1,0,0,0,0,0,0,0,0,0,0,0,0,0,1,1,0.4215,10,1,experience,6.929046563192905e-05,0.3527925170786499,0.1333333333333333,"countries, cold, us, ussr, war"
applied,0,1,1,0,0,0,0,0,0,0,0,0,0,0,0,1,1,0.4215,7,1,applied,6.929046563192905e-05,0.3527925170786499,0.1333333333333333,"countries, cold, us, ussr, war"
overall,1,0,1,1,0,0,0,0,0,0,0,0,0,0,0,1,1,0.4215,7,1,overall,6.929046563192905e-05,0.3527925170786499,0.2,"countries, cold, us, ussr, war"
sprang,0,1,0,0,0,0,0,0,0,0,0,0,0,0,0,1,1,0.3818,6,1,sprang,6.929046563192905e-05,0.3527925170786499,0.0666666666666666,"countries, cold, us, ussr, war"
stronger,0,0,0,0,0,0,0,0,0,0,0,0,0,0,0,1,1,0.3818,8,1,stronger,6.929046563192905e-05,0.3527925170786499,0.0,"countries, cold, us, ussr, war"
rose,1,1,1,0,0,0,0,0,0,0,0,0,0,0,0,1,1,0.3818,4,1,rose,6.929046563192905e-05,0.3527925170786499,0.2,"countries, cold, us, ussr, war"
accordingly,0,0,0,1,0,0,0,0,0,0,0,0,0,0,0,1,1,0.3818,11,1,accordingly,6.929046563192905e-05,0.3527925170786499,0.0666666666666666,"countries, cold, us, ussr, war"
integral,1,0,1,0,0,0,0,0,0,0,0,0,0,0,0,1,1,0.4019,8,1,integral,6.929046563192905e-05,0.3527925170786499,0.1333333333333333,"countries, cold, us, ussr, war"
soon,0,0,0,1,0,0,0,0,0,0,0,0,0,0,0,1,1,0.0,4,1,soon,6.929046563192905e-05,0.3527925170786499,0.0666666666666666,"countries, cold, us, ussr, war"
regressed,0,1,0,0,0,0,0,0,0,0,0,0,0,0,0,1,1,0.0,9,1,regressed,6.929046563192905e-05,0.3527925170786499,0.0666666666666666,"countries, cold, us, ussr, war"
stagnation,1,0,0,0,0,0,0,0,0,0,0,0,0,0,0,1,1,0.0,10,1,stagnation,6.929046563192905e-05,0.3527925170786499,0.0666666666666666,"countries, cold, us, ussr, war"
serious,0,0,1,0,0,0,0,0,0,0,0,0,0,0,0,1,1,-0.296,7,1,serious,6.929046563192905e-05,0.3527925170786499,0.0666666666666666,"countries, cold, us, ussr, war"
subjects,1,1,0,0,0,0,0,0,0,0,0,0,0,0,0,1,1,0.0,8,1,subjects,6.929046563192905e-05,0.3527925170786499,0.1333333333333333,"countries, cold, us, ussr, war"
receptors,1,0,0,0,0,0,0,0,0,0,0,0,0,0,0,1,1,0.0,9,1,receptors,6.929046563192905e-05,0.3527925170786499,0.0666666666666666,"countries, cold, us, ussr, war"
liberalization,1,0,0,0,0,0,0,0,0,0,0,0,0,0,0,1,1,0.0,14,1,liberalization,6.929046563192905e-05,0.3527925170786499,0.0666666666666666,"countries, cold, us, ussr, war"
explained,0,1,0,0,0,0,0,0,0,0,0,0,0,0,0,1,1,0.0,9,1,explained,6.929046563192905e-05,0.3527925170786499,0.0666666666666666,"countries, cold, us, ussr, war"
deviated,0,1,0,0,0,0,0,0,0,0,0,0,0,0,0,1,1,-0.4588,8,1,deviated,6.929046563192905e-05,0.3527925170786499,0.0666666666666666,"countries, cold, us, ussr, war"
essence,1,0,0,0,0,0,0,0,0,0,0,0,0,0,0,1,1,-0.4588,7,1,essence,6.929046563192905e-05,0.3527925170786499,0.0666666666666666,"countries, cold, us, ussr, war"
reflects,0,1,0,0,0,0,0,0,0,0,0,0,0,0,0,1,1,-0.6361,8,1,reflects,6.929046563192905e-05,0.3527925170786499,0.0666666666666666,"countries, cold, us, ussr, war"
defects,1,1,0,0,0,0,0,0,0,0,0,0,0,0,0,1,1,-0.6361,7,1,defects,6.929046563192905e-05,0.3527925170786499,0.1333333333333333,"countries, cold, us, ussr, war"
provides,0,1,0,0,0,0,0,0,0,0,0,0,0,0,0,1,1,-0.6361,8,1,provides,6.929046563192905e-05,0.3527925170786499,0.0666666666666666,"countries, cold, us, ussr, war"
teaching,1,1,0,0,0,0,0,0,0,0,0,0,0,0,0,1,1,-0.6361,8,1,teaching,6.929046563192905e-05,0.3527925170786499,0.1333333333333333,"countries, cold, us, ussr, war"
modernization,1,0,0,0,0,0,0,0,0,0,0,0,0,0,0,1,1,-0.6361,13,1,modernization,6.929046563192905e-05,0.3527925170786499,0.0666666666666666,"countries, cold, us, ussr, war"
today,1,0,0,1,0,0,0,0,0,0,0,0,0,0,0,1,1,-0.6361,5,1,today,6.929046563192905e-05,0.3527925170786499,0.1333333333333333,"countries, cold, us, ussr, war"
best,1,0,1,1,0,0,0,0,0,0,0,0,0,0,0,1,1,-0.9442,4,1,best,6.929046563192905e-05,0.3527925170786499,0.2,"countries, cold, us, ussr, war"
dismembered,0,0,0,0,0,0,0,0,0,0,0,0,0,0,0,1,1,-0.4588,11,1,dismembered,6.929046563192905e-05,0.3527925170786499,0.0,"countries, cold, us, ussr, war"
denied,0,1,0,0,0,0,0,0,0,0,0,0,0,0,0,1,1,-0.4588,6,1,denied,6.929046563192905e-05,0.3527925170786499,0.0666666666666666,"countries, cold, us, ussr, war"
humanist,1,0,1,0,0,0,0,0,0,0,0,0,0,0,0,1,1,-0.4588,8,1,humanist,6.929046563192905e-05,0.3527925170786499,0.1333333333333333,"countries, cold, us, ussr, war"
interpretations,0,0,0,0,0,0,0,0,0,0,0,0,0,0,0,1,1,-0.4588,15,1,interpretations,6.929046563192905e-05,0.3527925170786499,0.0,"countries, cold, us, ussr, war"
preached,0,1,0,0,0,0,0,0,0,0,0,0,0,0,0,1,1,-0.4588,8,1,preached,6.929046563192905e-05,0.3527925170786499,0.0666666666666666,"countries, cold, us, ussr, war"
obsolescence,1,0,0,0,0,0,0,0,0,0,0,0,0,0,0,1,1,-0.4588,12,1,obsolescence,6.929046563192905e-05,0.3527925170786499,0.0666666666666666,"countries, cold, us, ussr, war"
fundamentally,0,0,0,1,0,0,0,0,0,0,0,0,0,0,0,1,1,-0.4588,13,1,fundamentally,6.929046563192905e-05,0.3527925170786499,0.0666666666666666,"countries, cold, us, ussr, war"
affecting,0,1,1,0,0,0,0,0,0,0,0,0,0,0,0,1,1,-0.4767,9,1,affecting,6.929046563192905e-05,0.3527925170786499,0.1333333333333333,"countries, cold, us, ussr, war"
kept,0,1,1,0,0,0,0,0,0,0,0,0,0,0,0,1,1,-0.8316,4,1,kept,6.929046563192905e-05,0.3527925170786499,0.1333333333333333,"countries, cold, us, ussr, war"
uneasy,0,0,1,0,0,0,0,0,0,0,0,0,0,0,0,1,1,-0.8316,6,1,uneasy,6.929046563192905e-05,0.3527925170786499,0.0666666666666666,"countries, cold, us, ussr, war"
heated,0,1,1,0,0,0,0,0,0,0,0,0,0,0,0,1,1,-0.5994,6,1,heated,6.929046563192905e-05,0.3527925170786499,0.1333333333333333,"countries, cold, us, ussr, war"
resulted,0,1,0,0,0,0,0,0,0,0,0,0,0,0,0,1,1,-0.5994,8,1,resulted,6.929046563192905e-05,0.3527925170786499,0.0666666666666666,"countries, cold, us, ussr, war"
frequent,0,1,1,0,0,0,0,0,0,0,0,0,0,0,0,1,1,-0.5994,8,1,frequent,6.929046563192905e-05,0.3527925170786499,0.1333333333333333,"countries, cold, us, ussr, war"
hindered,0,0,0,0,0,0,0,0,0,0,0,0,0,0,0,1,1,-0.8176,8,1,hindered,6.929046563192905e-05,0.3527925170786499,0.0,"countries, cold, us, ussr, war"
caught,0,1,0,0,0,0,0,0,0,0,0,0,0,0,0,1,1,-0.8176,6,1,caught,6.929046563192905e-05,0.3527925170786499,0.0666666666666666,"countries, cold, us, ussr, war"
stipulates,0,1,0,0,0,0,0,0,0,0,0,0,0,0,0,1,1,-0.296,10,1,stipulates,6.929046563192905e-05,0.3527925170786499,0.0666666666666666,"countries, cold, us, ussr, war"
possess,0,1,0,0,0,0,0,0,0,0,0,0,0,0,0,1,1,-0.296,7,1,possess,6.929046563192905e-05,0.3527925170786499,0.0666666666666666,"countries, cold, us, ussr, war"
produce,1,1,0,0,0,0,0,0,0,0,0,0,0,0,0,1,1,-0.296,7,1,produce,6.929046563192905e-05,0.3527925170786499,0.1333333333333333,"countries, cold, us, ussr, war"
test,1,1,1,0,0,0,0,0,0,0,0,0,0,0,0,1,1,-0.296,4,1,test,6.929046563192905e-05,0.3527925170786499,0.2,"countries, cold, us, ussr, war"
cruise,1,1,0,0,0,0,0,0,0,0,0,0,0,0,0,1,1,-0.296,6,1,cruise,6.929046563192905e-05,0.3527925170786499,0.1333333333333333,"countries, cold, us, ussr, war"
defined,0,1,1,0,0,0,0,0,0,0,0,0,0,0,0,1,1,0.1901,7,1,defined,6.929046563192905e-05,0.3527925170786499,0.1333333333333333,"countries, cold, us, ussr, war"
having,1,1,0,0,0,0,0,0,0,0,0,0,0,0,0,1,1,0.1901,6,1,having,6.929046563192905e-05,0.3527925170786499,0.1333333333333333,"countries, cold, us, ussr, war"
exceeding,0,1,1,1,0,0,0,0,0,0,0,0,0,0,0,1,1,0.1901,9,1,exceeding,6.929046563192905e-05,0.3527925170786499,0.2,"countries, cold, us, ussr, war"
astonishing,0,0,1,0,0,0,0,0,0,0,0,0,0,0,0,1,1,0.1531,11,1,astonishing,6.929046563192905e-05,0.3527925170786499,0.0666666666666666,"countries, cold, us, ussr, war"
ones,1,0,0,0,0,0,0,0,0,0,0,0,0,0,0,1,1,0.1531,4,1,ones,6.929046563192905e-05,0.3527925170786499,0.0666666666666666,"countries, cold, us, ussr, war"
maintaining,0,1,0,0,0,0,0,0,0,0,0,0,0,0,0,1,1,-0.3887,11,1,maintaining,6.929046563192905e-05,0.3527925170786499,0.0666666666666666,"countries, cold, us, ussr, war"
arsenals,1,0,0,0,0,0,0,0,0,0,0,0,0,0,0,1,1,-0.3887,8,1,arsenals,6.929046563192905e-05,0.3527925170786499,0.0666666666666666,"countries, cold, us, ussr, war"
imposes,0,0,0,0,0,0,0,0,0,0,0,0,0,0,0,1,1,-0.3887,7,1,imposes,6.929046563192905e-05,0.3527925170786499,0.0,"countries, cold, us, ussr, war"
mikhail,0,0,0,0,0,0,0,0,0,0,0,0,0,0,0,1,1,0.0,7,1,mikhail,6.929046563192905e-05,0.3527925170786499,0.0,"countries, cold, us, ussr, war"
december,1,0,0,0,0,0,0,0,0,0,0,0,0,0,0,1,1,0.0,8,1,december,6.929046563192905e-05,0.3527925170786499,0.0666666666666666,"countries, cold, us, ussr, war"
shorter,1,0,0,0,0,0,0,0,0,0,0,0,0,0,0,1,1,0.0,7,1,shorter,6.929046563192905e-05,0.3527925170786499,0.0666666666666666,"countries, cold, us, ussr, war"
clarified,0,1,1,0,0,0,0,0,0,0,0,0,0,0,0,1,1,-0.6597,9,1,clarified,6.929046563192905e-05,0.3527925170786499,0.1333333333333333,"countries, cold, us, ussr, war"
tough,1,0,1,1,0,0,0,0,0,0,0,0,0,0,0,1,1,-0.6597,5,1,tough,6.929046563192905e-05,0.3527925170786499,0.2,"countries, cold, us, ussr, war"
plunged,0,1,0,0,0,0,0,0,0,0,0,0,0,0,0,1,1,-0.926,7,1,plunged,6.929046563192905e-05,0.3527925170786499,0.0666666666666666,"countries, cold, us, ussr, war"
distortion,1,0,0,0,0,0,0,0,0,0,0,0,0,0,0,1,1,-0.926,10,1,distortion,6.929046563192905e-05,0.3527925170786499,0.0666666666666666,"countries, cold, us, ussr, war"
improper,0,0,1,0,0,0,0,0,0,0,0,0,0,0,0,1,1,-0.926,8,1,improper,6.929046563192905e-05,0.3527925170786499,0.0666666666666666,"countries, cold, us, ussr, war"
question,1,1,0,0,0,0,0,0,0,0,0,0,0,0,0,1,1,-0.926,8,1,question,6.929046563192905e-05,0.3527925170786499,0.1333333333333333,"countries, cold, us, ussr, war"
obvious,0,0,1,0,0,0,0,0,0,0,0,0,0,0,0,1,1,-0.6597,7,1,obvious,6.929046563192905e-05,0.3527925170786499,0.0666666666666666,"countries, cold, us, ussr, war"
features,1,0,0,0,0,0,0,0,0,0,0,0,0,0,0,1,1,-0.6597,8,1,features,6.929046563192905e-05,0.3527925170786499,0.0666666666666666,"countries, cold, us, ussr, war"
perestroika,1,0,0,0,0,0,0,0,0,0,0,0,0,0,0,1,1,0.128,11,1,perestroika,6.929046563192905e-05,0.3527925170786499,0.0666666666666666,"countries, cold, us, ussr, war"
misconception,1,0,0,0,0,0,0,0,0,0,0,0,0,0,0,1,1,0.128,13,1,misconception,6.929046563192905e-05,0.3527925170786499,0.0666666666666666,"countries, cold, us, ussr, war"
races,1,1,0,0,0,0,0,0,0,0,0,0,0,0,0,1,1,-0.891,5,1,races,6.929046563192905e-05,0.3527925170786499,0.1333333333333333,"countries, cold, us, ussr, war"
efforts,1,0,0,0,0,0,0,0,0,0,0,0,0,0,0,1,1,-0.891,7,1,efforts,6.929046563192905e-05,0.3527925170786499,0.0666666666666666,"countries, cold, us, ussr, war"
unprecedentedly,0,0,0,1,0,0,0,0,0,0,0,0,0,0,0,1,1,-0.891,15,1,unprecedentedly,6.929046563192905e-05,0.3527925170786499,0.0666666666666666,"countries, cold, us, ussr, war"
grave,1,0,1,1,0,0,0,0,0,0,0,0,0,0,0,1,1,-0.891,5,1,grave,6.929046563192905e-05,0.3527925170786499,0.2,"countries, cold, us, ussr, war"
turned,0,1,1,0,0,0,0,0,0,0,0,0,0,0,0,1,1,-0.4767,6,1,turned,6.929046563192905e-05,0.3527925170786499,0.1333333333333333,"countries, cold, us, ussr, war"
introduced,0,1,0,0,0,0,0,0,0,0,0,0,0,0,0,1,1,-0.6597,10,1,introduced,6.929046563192905e-05,0.3527925170786499,0.0666666666666666,"countries, cold, us, ussr, war"
started,0,1,0,0,0,0,0,0,0,0,0,0,0,0,0,1,1,-0.4588,7,1,started,6.929046563192905e-05,0.3527925170786499,0.0666666666666666,"countries, cold, us, ussr, war"
helping,1,1,0,0,0,0,0,0,0,0,0,0,0,0,0,1,1,0.5267,7,1,helping,6.929046563192905e-05,0.3527925170786499,0.1333333333333333,"countries, cold, us, ussr, war"
stabilize,0,1,0,0,0,0,0,0,0,0,0,0,0,0,0,1,1,0.5267,9,1,stabilize,6.929046563192905e-05,0.3527925170786499,0.0666666666666666,"countries, cold, us, ussr, war"
adverse,0,0,1,0,0,0,0,0,0,0,0,0,0,0,0,1,1,-0.3612,7,1,adverse,6.929046563192905e-05,0.3527925170786499,0.0666666666666666,"countries, cold, us, ussr, war"
reactions,1,0,0,0,0,0,0,0,0,0,0,0,0,0,0,1,1,-0.3612,9,1,reactions,6.929046563192905e-05,0.3527925170786499,0.0666666666666666,"countries, cold, us, ussr, war"
overly,0,0,0,1,0,0,0,0,0,0,0,0,0,0,0,1,1,-0.5859,6,1,overly,6.929046563192905e-05,0.3527925170786499,0.0666666666666666,"countries, cold, us, ussr, war"
lacked,0,0,0,0,0,0,0,0,0,0,0,0,0,0,0,1,1,-0.5859,6,1,lacked,6.929046563192905e-05,0.3527925170786499,0.0,"countries, cold, us, ussr, war"
regulation,1,0,1,0,0,0,0,0,0,0,0,0,0,0,0,1,1,-0.5859,10,1,regulation,6.929046563192905e-05,0.3527925170786499,0.1333333333333333,"countries, cold, us, ussr, war"
russia's,0,0,0,0,0,0,0,0,0,0,0,0,0,0,0,1,1,0.0,8,1,russia's,6.929046563192905e-05,0.3527925170786499,0.0,"countries, cold, us, ussr, war"
compliance,0,0,0,0,0,0,0,0,0,0,0,0,0,0,0,1,1,0.0,10,1,compliance,6.929046563192905e-05,0.3527925170786499,0.0,"countries, cold, us, ussr, war"
withdraw,0,1,0,0,0,0,0,0,0,0,0,0,0,0,0,1,1,-0.1531,8,1,withdraw,6.929046563192905e-05,0.3527925170786499,0.0666666666666666,"countries, cold, us, ussr, war"
spark,1,1,0,0,0,0,0,0,0,0,0,0,0,0,0,1,1,-0.1531,5,1,spark,6.929046563192905e-05,0.3527925170786499,0.1333333333333333,"countries, cold, us, ussr, war"
debate,1,1,0,0,0,0,0,0,0,0,0,0,0,0,0,1,1,-0.1531,6,1,debate,6.929046563192905e-05,0.3527925170786499,0.1333333333333333,"countries, cold, us, ussr, war"
nato's,0,0,0,0,0,0,0,0,0,0,0,0,0,0,0,1,1,-0.1531,6,1,nato's,6.929046563192905e-05,0.3527925170786499,0.0,"countries, cold, us, ussr, war"
likely,1,0,1,1,0,0,0,0,0,0,0,0,0,0,0,1,1,-0.4215,6,1,likely,6.929046563192905e-05,0.3527925170786499,0.2,"countries, cold, us, ussr, war"
options,1,0,0,0,0,0,0,0,0,0,0,0,0,0,0,1,1,-0.4215,7,1,options,6.929046563192905e-05,0.3527925170786499,0.0666666666666666,"countries, cold, us, ussr, war"
beyond,0,0,0,1,0,0,0,0,0,0,0,0,0,0,0,1,1,-0.8316,6,1,beyond,6.929046563192905e-05,0.3527925170786499,0.0666666666666666,"countries, cold, us, ussr, war"
keywords,1,0,0,0,0,0,0,0,0,0,0,0,0,0,0,1,1,-0.5994,8,1,keywords,6.929046563192905e-05,0.3527925170786499,0.0666666666666666,"countries, cold, us, ussr, war"
originated,0,1,0,0,0,0,0,0,0,0,0,0,0,0,0,1,1,-0.8316,10,1,originated,6.929046563192905e-05,0.3527925170786499,0.0666666666666666,"countries, cold, us, ussr, war"
naturally,0,0,0,1,0,0,0,0,0,0,0,0,0,0,0,1,1,0.2484,9,1,naturally,6.929046563192905e-05,0.3527925170786499,0.0666666666666666,"countries, cold, us, ussr, war"
hurt,1,1,1,0,0,0,0,0,0,0,0,0,0,0,0,1,1,-0.6486,4,1,hurt,6.929046563192905e-05,0.3527925170786499,0.2,"countries, cold, us, ussr, war"
urgently,0,0,0,1,0,0,0,0,0,0,0,0,0,0,0,1,1,0.34,8,1,urgently,6.929046563192905e-05,0.3527925170786499,0.0666666666666666,"countries, cold, us, ussr, war"
reconstruct,0,1,0,0,0,0,0,0,0,0,0,0,0,0,0,1,1,0.34,11,1,reconstruct,6.929046563192905e-05,0.3527925170786499,0.0666666666666666,"countries, cold, us, ussr, war"
plunge,1,1,0,0,0,0,0,0,0,0,0,0,0,0,0,1,1,-0.8126,6,1,plunge,6.929046563192905e-05,0.3527925170786499,0.1333333333333333,"countries, cold, us, ussr, war"
plays,0,1,0,0,0,0,0,0,0,0,0,0,0,0,0,1,1,0.7184,5,1,plays,6.929046563192905e-05,0.3527925170786499,0.0666666666666666,"countries, cold, us, ussr, war"
cornerstone,1,0,0,0,0,0,0,0,0,0,0,0,0,0,0,1,1,0.7184,11,1,cornerstone,6.929046563192905e-05,0.3527925170786499,0.0666666666666666,"countries, cold, us, ussr, war"
dealt,0,1,0,0,0,0,0,0,0,0,0,0,0,0,0,1,1,-0.6486,5,1,dealt,6.929046563192905e-05,0.3527925170786499,0.0666666666666666,"countries, cold, us, ussr, war"
blow,1,1,0,0,0,0,0,0,0,0,0,0,0,0,0,1,1,-0.6486,4,1,blow,6.929046563192905e-05,0.3527925170786499,0.1333333333333333,"countries, cold, us, ussr, war"
fragile,0,0,1,0,0,0,0,0,0,0,0,0,0,0,0,1,1,-0.6486,7,1,fragile,6.929046563192905e-05,0.3527925170786499,0.0666666666666666,"countries, cold, us, ussr, war"
present,1,1,1,0,0,0,0,0,0,0,0,0,0,0,0,1,1,-0.8316,7,1,present,6.929046563192905e-05,0.3527925170786499,0.2,"countries, cold, us, ussr, war"
periods,1,0,0,0,0,0,0,0,0,0,0,0,0,0,0,1,1,-0.8316,7,1,periods,6.929046563192905e-05,0.3527925170786499,0.0666666666666666,"countries, cold, us, ussr, war"
pre,0,0,1,0,0,0,0,0,0,0,0,0,0,0,0,1,1,-0.8316,3,1,pre,6.929046563192905e-05,0.3527925170786499,0.0666666666666666,"countries, cold, us, ussr, war"
reality,1,0,0,0,0,0,0,0,0,0,0,0,0,0,0,1,1,0.8344,7,1,reality,6.929046563192905e-05,0.3527925170786499,0.0666666666666666,"countries, cold, us, ussr, war"
inertia,1,0,0,0,0,0,0,0,0,0,0,0,0,0,0,1,1,0.6908,7,1,inertia,6.929046563192905e-05,0.3527925170786499,0.0666666666666666,"countries, cold, us, ussr, war"
touch,1,1,0,0,0,0,0,0,0,0,0,0,0,0,0,1,1,0.6908,5,1,touch,6.929046563192905e-05,0.3527925170786499,0.1333333333333333,"countries, cold, us, ussr, war"
trends,1,0,0,0,0,0,0,0,0,0,0,0,0,0,0,1,1,0.6908,6,1,trends,6.929046563192905e-05,0.3527925170786499,0.0666666666666666,"countries, cold, us, ussr, war"
experienced,0,1,1,0,0,0,0,0,0,0,0,0,0,0,0,1,1,0.128,11,1,experienced,6.929046563192905e-05,0.3527925170786499,0.1333333333333333,"countries, cold, us, ussr, war"
meet,1,1,1,0,0,0,0,0,0,0,0,0,0,0,0,1,1,-0.3855,4,1,meet,6.929046563192905e-05,0.3527925170786499,0.2,"countries, cold, us, ussr, war"
abandoning,1,0,0,0,0,0,0,0,0,0,0,0,0,0,0,1,1,-0.7469,10,1,abandoning,6.929046563192905e-05,0.3527925170786499,0.0666666666666666,"countries, cold, us, ussr, war"
embracing,0,1,0,0,0,0,0,0,0,0,0,0,0,0,0,1,1,-0.7469,9,1,embracing,6.929046563192905e-05,0.3527925170786499,0.0666666666666666,"countries, cold, us, ussr, war"
mechanisms,1,0,0,0,0,0,0,0,0,0,0,0,0,0,0,1,1,-0.6124,10,1,mechanisms,6.929046563192905e-05,0.3527925170786499,0.0666666666666666,"countries, cold, us, ussr, war"
bureaucracy,1,0,0,0,0,0,0,0,0,0,0,0,0,0,0,1,1,-0.6124,11,1,bureaucracy,6.929046563192905e-05,0.3527925170786499,0.0666666666666666,"countries, cold, us, ussr, war"
corruption,1,0,0,0,0,0,0,0,0,0,0,0,0,0,0,1,1,-0.6124,10,1,corruption,6.929046563192905e-05,0.3527925170786499,0.0666666666666666,"countries, cold, us, ussr, war"
breeding,1,1,1,0,0,0,0,0,0,0,0,0,0,0,0,1,1,-0.6124,8,1,breeding,6.929046563192905e-05,0.3527925170786499,0.2,"countries, cold, us, ussr, war"
problem,1,0,0,0,0,0,0,0,0,0,0,0,0,0,0,1,1,-0.6124,7,1,problem,6.929046563192905e-05,0.3527925170786499,0.0666666666666666,"countries, cold, us, ussr, war"
shortcomings,1,0,0,0,0,0,0,0,0,0,0,0,0,0,0,1,1,0.8344,12,1,shortcomings,6.929046563192905e-05,0.3527925170786499,0.0666666666666666,"countries, cold, us, ussr, war"
felt,1,1,1,0,0,0,0,0,0,0,0,0,0,0,0,1,1,0.8344,4,1,felt,6.929046563192905e-05,0.3527925170786499,0.2,"countries, cold, us, ussr, war"
promotion,1,0,0,0,0,0,0,0,0,0,0,0,0,0,0,1,1,0.8344,9,1,promotion,6.929046563192905e-05,0.3527925170786499,0.0666666666666666,"countries, cold, us, ussr, war"
daily,1,0,1,1,0,0,0,0,0,0,0,0,0,0,0,1,1,-0.743,5,1,daily,6.929046563192905e-05,0.3527925170786499,0.2,"countries, cold, us, ussr, war"
consumer,1,0,0,0,0,0,0,0,0,0,0,0,0,0,0,1,1,-0.743,8,1,consumer,6.929046563192905e-05,0.3527925170786499,0.0666666666666666,"countries, cold, us, ussr, war"
goods,0,0,0,0,0,0,0,0,0,0,0,0,0,0,0,1,1,-0.743,5,1,goods,6.929046563192905e-05,0.3527925170786499,0.0,"countries, cold, us, ussr, war"
export,1,1,0,0,0,0,0,0,0,0,0,0,0,0,0,1,1,-0.743,6,1,export,6.929046563192905e-05,0.3527925170786499,0.1333333333333333,"countries, cold, us, ussr, war"
performance,1,0,0,0,0,0,0,0,0,0,0,0,0,0,0,1,1,-0.743,11,1,performance,6.929046563192905e-05,0.3527925170786499,0.0666666666666666,"countries, cold, us, ussr, war"
debts,1,0,0,0,0,0,0,0,0,0,0,0,0,0,0,1,1,-0.743,5,1,debts,6.929046563192905e-05,0.3527925170786499,0.0666666666666666,"countries, cold, us, ussr, war"
soaring,1,1,1,0,0,0,0,0,0,0,0,0,0,0,0,1,1,-0.743,7,1,soaring,6.929046563192905e-05,0.3527925170786499,0.2,"countries, cold, us, ussr, war"
supervision,1,0,0,0,0,0,0,0,0,0,0,0,0,0,0,1,1,-0.6124,11,1,supervision,6.929046563192905e-05,0.3527925170786499,0.0666666666666666,"countries, cold, us, ussr, war"
mechanism,1,0,0,0,0,0,0,0,0,0,0,0,0,0,0,1,1,-0.5859,9,1,mechanism,6.929046563192905e-05,0.3527925170786499,0.0666666666666666,"countries, cold, us, ussr, war"
imbalanced,0,0,0,0,0,0,0,0,0,0,0,0,0,0,0,1,1,-0.5859,10,1,imbalanced,6.929046563192905e-05,0.3527925170786499,0.0,"countries, cold, us, ussr, war"
sector,1,0,0,0,0,0,0,0,0,0,0,0,0,0,0,1,1,-0.5859,6,1,sector,6.929046563192905e-05,0.3527925170786499,0.0666666666666666,"countries, cold, us, ussr, war"
contradiction,1,0,0,0,0,0,0,0,0,0,0,0,0,0,0,1,1,-0.743,13,1,contradiction,6.929046563192905e-05,0.3527925170786499,0.0666666666666666,"countries, cold, us, ussr, war"
introduce,0,1,0,0,0,0,0,0,0,0,0,0,0,0,0,1,1,-0.9325,9,1,introduce,6.929046563192905e-05,0.3527925170786499,0.0666666666666666,"countries, cold, us, ussr, war"
emphasis,1,0,0,0,0,0,0,0,0,0,0,0,0,0,0,1,1,-0.9325,8,1,emphasis,6.929046563192905e-05,0.3527925170786499,0.0666666666666666,"countries, cold, us, ussr, war"
association,1,0,0,0,0,0,0,0,0,0,0,0,0,0,0,1,1,-0.5106,11,1,association,6.929046563192905e-05,0.3527925170786499,0.0666666666666666,"countries, cold, us, ussr, war"
supply,1,1,0,1,0,0,0,0,0,0,0,0,0,0,0,1,1,-0.743,6,1,supply,6.929046563192905e-05,0.3527925170786499,0.2,"countries, cold, us, ussr, war"
rising,1,1,1,0,0,0,0,0,0,0,0,0,0,0,0,1,1,-0.6573,6,1,rising,6.929046563192905e-05,0.3527925170786499,0.2,"countries, cold, us, ussr, war"
unemployment,1,0,0,0,0,0,0,0,0,0,0,0,0,0,0,1,1,-0.6573,12,1,unemployment,6.929046563192905e-05,0.3527925170786499,0.0666666666666666,"countries, cold, us, ussr, war"
severe,0,0,1,0,0,0,0,0,0,0,0,0,0,0,0,1,1,-0.6573,6,1,severe,6.929046563192905e-05,0.3527925170786499,0.0666666666666666,"countries, cold, us, ussr, war"
differently,0,0,0,1,0,0,0,0,0,0,0,0,0,0,0,1,1,-0.6908,11,1,differently,6.929046563192905e-05,0.3527925170786499,0.0666666666666666,"countries, cold, us, ussr, war"
rate,1,1,0,0,0,0,0,0,0,0,0,0,0,0,0,1,1,-0.6908,4,1,rate,6.929046563192905e-05,0.3527925170786499,0.1333333333333333,"countries, cold, us, ussr, war"
currency,1,0,0,0,0,0,0,0,0,0,0,0,0,0,0,1,1,-0.6908,8,1,currency,6.929046563192905e-05,0.3527925170786499,0.0666666666666666,"countries, cold, us, ussr, war"
adequacy,1,0,0,0,0,0,0,0,0,0,0,0,0,0,0,1,1,-0.6908,8,1,adequacy,6.929046563192905e-05,0.3527925170786499,0.0666666666666666,"countries, cold, us, ussr, war"
fiscal,1,0,1,0,0,0,0,0,0,0,0,0,0,0,0,1,1,-0.6908,6,1,fiscal,6.929046563192905e-05,0.3527925170786499,0.1333333333333333,"countries, cold, us, ussr, war"
administrations,0,0,0,0,0,0,0,0,0,0,0,0,0,0,0,1,1,-0.2023,15,1,administrations,6.929046563192905e-05,0.3527925170786499,0.0,"countries, cold, us, ussr, war"
determined,0,1,1,0,0,0,0,0,0,0,0,0,0,0,0,1,1,-0.3612,10,1,determined,6.929046563192905e-05,0.3527925170786499,0.1333333333333333,"countries, cold, us, ussr, war"
color,1,1,1,0,0,0,0,0,0,0,0,0,0,0,0,1,1,0.1531,5,1,color,6.929046563192905e-05,0.3527925170786499,0.2,"countries, cold, us, ussr, war"
hands,1,1,0,0,0,0,0,0,0,0,0,0,0,0,0,1,1,0.1531,5,1,hands,6.929046563192905e-05,0.3527925170786499,0.1333333333333333,"countries, cold, us, ussr, war"
closer,1,0,1,1,0,0,0,0,0,0,0,0,0,0,0,1,1,0.0,6,1,closer,6.929046563192905e-05,0.3527925170786499,0.2,"countries, cold, us, ussr, war"
multiparty,0,0,0,0,0,0,0,0,0,0,0,0,0,0,0,1,1,0.0,10,1,multiparty,6.929046563192905e-05,0.3527925170786499,0.0,"countries, cold, us, ussr, war"
parliamentary,0,0,1,0,0,0,0,0,0,0,0,0,0,0,0,1,1,0.0,13,1,parliamentary,6.929046563192905e-05,0.3527925170786499,0.0666666666666666,"countries, cold, us, ussr, war"
democracies,1,0,0,0,0,0,0,0,0,0,0,0,0,0,0,1,1,0.0,11,1,democracies,6.929046563192905e-05,0.3527925170786499,0.0666666666666666,"countries, cold, us, ussr, war"
calm,1,1,1,0,0,0,0,0,0,0,0,0,0,0,0,1,1,0.6124,4,1,calm,6.929046563192905e-05,0.3527925170786499,0.2,"countries, cold, us, ussr, war"
reflect,0,1,0,0,0,0,0,0,0,0,0,0,0,0,0,1,1,0.6124,7,1,reflect,6.929046563192905e-05,0.3527925170786499,0.0666666666666666,"countries, cold, us, ussr, war"
rationally,0,0,0,1,0,0,0,0,0,0,0,0,0,0,0,1,1,0.6124,10,1,rationally,6.929046563192905e-05,0.3527925170786499,0.0666666666666666,"countries, cold, us, ussr, war"
regretted,0,1,0,0,0,0,0,0,0,0,0,0,0,0,0,1,1,-0.7269,9,1,regretted,6.929046563192905e-05,0.3527925170786499,0.0666666666666666,"countries, cold, us, ussr, war"
rejection,1,0,0,0,0,0,0,0,0,0,0,0,0,0,0,1,1,-0.7269,9,1,rejection,6.929046563192905e-05,0.3527925170786499,0.0666666666666666,"countries, cold, us, ussr, war"
existed,0,1,0,0,0,0,0,0,0,0,0,0,0,0,0,1,1,-0.7269,7,1,existed,6.929046563192905e-05,0.3527925170786499,0.0666666666666666,"countries, cold, us, ussr, war"
fueling,1,1,0,0,0,0,0,0,0,0,0,0,0,0,0,1,1,0.6808,7,1,fueling,6.929046563192905e-05,0.3527925170786499,0.1333333333333333,"countries, cold, us, ussr, war"
successive,0,0,1,0,0,0,0,0,0,0,0,0,0,0,0,1,1,-0.2023,10,1,successive,6.929046563192905e-05,0.3527925170786499,0.0666666666666666,"countries, cold, us, ussr, war"
evident,0,0,1,0,0,0,0,0,0,0,0,0,0,0,0,1,1,0.2144,7,1,evident,6.929046563192905e-05,0.3527925170786499,0.0666666666666666,"countries, cold, us, ussr, war"
home,1,1,1,1,0,0,0,0,0,0,0,0,0,0,0,1,1,0.2144,4,1,home,6.929046563192905e-05,0.3527925170786499,0.2666666666666666,"countries, cold, us, ussr, war"
attempted,0,0,1,0,0,0,0,0,0,0,0,0,0,0,0,1,1,0.2144,9,1,attempted,6.929046563192905e-05,0.3527925170786499,0.0666666666666666,"countries, cold, us, ussr, war"
implement,1,1,0,0,0,0,0,0,0,0,0,0,0,0,0,1,1,0.2144,9,1,implement,6.929046563192905e-05,0.3527925170786499,0.1333333333333333,"countries, cold, us, ussr, war"
reformers,1,0,0,0,0,0,0,0,0,0,0,0,0,0,0,1,1,0.4019,9,1,reformers,6.929046563192905e-05,0.3527925170786499,0.0666666666666666,"countries, cold, us, ussr, war"
precedence,1,0,0,0,0,0,0,0,0,0,0,0,0,0,0,1,1,0.4019,10,1,precedence,6.929046563192905e-05,0.3527925170786499,0.0666666666666666,"countries, cold, us, ussr, war"
removal,1,0,0,0,0,0,0,0,0,0,0,0,0,0,0,1,1,0.4404,7,1,removal,6.929046563192905e-05,0.3527925170786499,0.0666666666666666,"countries, cold, us, ussr, war"
component,1,0,1,0,0,0,0,0,0,0,0,0,0,0,0,1,1,0.6124,9,1,component,6.929046563192905e-05,0.3527925170786499,0.1333333333333333,"countries, cold, us, ussr, war"
frontier,1,0,1,0,0,0,0,0,0,0,0,0,0,0,0,1,1,-0.4404,8,1,frontier,6.929046563192905e-05,0.3527925170786499,0.1333333333333333,"countries, cold, us, ussr, war"
revolved,0,1,1,0,0,0,0,0,0,0,0,0,0,0,0,1,1,0.0,8,1,revolved,6.929046563192905e-05,0.3527925170786499,0.1333333333333333,"countries, cold, us, ussr, war"
acquiring,1,1,0,0,0,0,0,0,0,0,0,0,0,0,0,1,1,0.2732,9,1,acquiring,6.929046563192905e-05,0.3527925170786499,0.1333333333333333,"countries, cold, us, ussr, war"
likelihood,1,0,0,0,0,0,0,0,0,0,0,0,0,0,0,1,1,-0.3818,10,1,likelihood,6.929046563192905e-05,0.3527925170786499,0.0666666666666666,"countries, cold, us, ussr, war"
fourthly,0,0,0,1,0,0,0,0,0,0,0,0,0,0,0,1,1,-0.5994,8,1,fourthly,6.929046563192905e-05,0.3527925170786499,0.0666666666666666,"countries, cold, us, ussr, war"
contest,1,1,0,0,0,0,0,0,0,0,0,0,0,0,0,1,1,-0.5994,7,1,contest,6.929046563192905e-05,0.3527925170786499,0.1333333333333333,"countries, cold, us, ussr, war"
capitalism,1,0,0,0,0,0,0,0,0,0,0,0,0,0,0,1,1,-0.5994,10,1,capitalism,6.929046563192905e-05,0.3527925170786499,0.0666666666666666,"countries, cold, us, ussr, war"
educational,1,0,1,0,0,0,0,0,0,0,0,0,0,0,0,1,1,-0.0516,11,1,educational,6.929046563192905e-05,0.3527925170786499,0.1333333333333333,"countries, cold, us, ussr, war"
pitted,0,1,1,0,0,0,0,0,0,0,0,0,0,0,0,1,1,-0.3818,6,1,pitted,6.929046563192905e-05,0.3527925170786499,0.1333333333333333,"countries, cold, us, ussr, war"
landing,1,1,0,0,0,0,0,0,0,0,0,0,0,0,0,1,1,0.0,7,1,landing,6.929046563192905e-05,0.3527925170786499,0.1333333333333333,"countries, cold, us, ussr, war"
moon,1,1,0,0,0,0,0,0,0,0,0,0,0,0,0,1,1,0.0,4,1,moon,6.929046563192905e-05,0.3527925170786499,0.1333333333333333,"countries, cold, us, ussr, war"
recipient,1,0,1,0,0,0,0,0,0,0,0,0,0,0,0,1,1,0.2732,9,1,recipient,6.929046563192905e-05,0.3527925170786499,0.1333333333333333,"countries, cold, us, ussr, war"
thirdly,0,0,0,1,0,0,0,0,0,0,0,0,0,0,0,1,1,-0.5994,7,1,thirdly,6.929046563192905e-05,0.3527925170786499,0.0666666666666666,"countries, cold, us, ussr, war"
conventional,1,0,1,0,0,0,0,0,0,0,0,0,0,0,0,1,1,0.0,12,1,conventional,6.929046563192905e-05,0.3527925170786499,0.1333333333333333,"countries, cold, us, ussr, war"
technologies,0,0,0,0,0,0,0,0,0,0,0,0,0,0,0,1,1,0.0,12,1,technologies,6.929046563192905e-05,0.3527925170786499,0.0,"countries, cold, us, ussr, war"
puts,1,1,0,0,0,0,0,0,0,0,0,0,0,0,0,1,1,-0.8822,4,1,puts,6.929046563192905e-05,0.3527925170786499,0.1333333333333333,"countries, cold, us, ussr, war"
notable,1,0,1,0,0,0,0,0,0,0,0,0,0,0,0,1,1,-0.9246,7,1,notable,6.929046563192905e-05,0.3527925170786499,0.1333333333333333,"countries, cold, us, ussr, war"
instance,1,0,0,0,0,0,0,0,0,0,0,0,0,0,0,1,1,-0.9246,8,1,instance,6.929046563192905e-05,0.3527925170786499,0.0666666666666666,"countries, cold, us, ussr, war"
edge,1,1,1,0,0,0,0,0,0,0,0,0,0,0,0,1,1,-0.9246,4,1,edge,6.929046563192905e-05,0.3527925170786499,0.2,"countries, cold, us, ussr, war"
semi,1,0,1,0,0,0,0,0,0,0,0,0,0,0,0,1,1,-0.4404,4,1,semi,6.929046563192905e-05,0.3527925170786499,0.1333333333333333,"countries, cold, us, ussr, war"
advantage,1,1,0,0,0,0,0,0,0,0,0,0,0,0,0,1,1,-0.4404,9,1,advantage,6.929046563192905e-05,0.3527925170786499,0.1333333333333333,"countries, cold, us, ussr, war"
fight,1,1,0,0,0,0,0,0,0,0,0,0,0,0,0,1,1,-0.4404,5,1,fight,6.929046563192905e-05,0.3527925170786499,0.1333333333333333,"countries, cold, us, ussr, war"
secondly,0,0,0,1,0,0,0,0,0,0,0,0,0,0,0,1,1,0.0,8,1,secondly,6.929046563192905e-05,0.3527925170786499,0.0666666666666666,"countries, cold, us, ussr, war"
centered,0,0,1,0,0,0,0,0,0,0,0,0,0,0,0,1,1,0.0,8,1,centered,6.929046563192905e-05,0.3527925170786499,0.0666666666666666,"countries, cold, us, ussr, war"
monetary,0,0,1,0,0,0,0,0,0,0,0,0,0,0,0,1,1,-0.6908,8,1,monetary,6.929046563192905e-05,0.3527925170786499,0.0666666666666666,"countries, cold, us, ussr, war"
earth,1,1,0,0,0,0,0,0,0,0,0,0,0,0,0,1,1,-0.836,5,1,earth,6.929046563192905e-05,0.3527925170786499,0.1333333333333333,"countries, cold, us, ussr, war"
shaking,1,1,1,0,0,0,0,0,0,0,0,0,0,0,0,1,1,-0.836,7,1,shaking,6.929046563192905e-05,0.3527925170786499,0.2,"countries, cold, us, ussr, war"
firstly,0,0,0,1,0,0,0,0,0,0,0,0,0,0,0,1,1,0.0,7,1,firstly,6.929046563192905e-05,0.3527925170786499,0.0666666666666666,"countries, cold, us, ussr, war"
strain,1,1,0,0,0,0,0,0,0,0,0,0,0,0,0,1,1,-0.3182,6,1,strain,6.929046563192905e-05,0.3527925170786499,0.1333333333333333,"countries, cold, us, ussr, war"
participated,0,1,0,0,0,0,0,0,0,0,0,0,0,0,0,1,1,-0.6249,12,1,participated,6.929046563192905e-05,0.3527925170786499,0.0666666666666666,"countries, cold, us, ussr, war"
struggles,1,1,0,0,0,0,0,0,0,0,0,0,0,0,0,1,1,-0.6249,9,1,struggles,6.929046563192905e-05,0.3527925170786499,0.1333333333333333,"countries, cold, us, ussr, war"
worldwide,0,0,1,0,0,0,0,0,0,0,0,0,0,0,0,1,1,-0.6249,9,1,worldwide,6.929046563192905e-05,0.3527925170786499,0.0666666666666666,"countries, cold, us, ussr, war"
enough,1,0,1,1,0,0,0,0,0,0,0,0,0,0,0,1,1,-0.5719,6,1,enough,6.929046563192905e-05,0.3527925170786499,0.2,"countries, cold, us, ussr, war"
planet,1,0,0,0,0,0,0,0,0,0,0,0,0,0,0,1,1,-0.5719,6,1,planet,6.929046563192905e-05,0.3527925170786499,0.0666666666666666,"countries, cold, us, ussr, war"
split,1,1,1,0,0,0,0,0,0,0,0,0,0,0,0,1,1,-0.8968,5,1,split,6.929046563192905e-05,0.3527925170786499,0.2,"countries, cold, us, ussr, war"
sluggish,0,0,1,0,0,0,0,0,0,0,0,0,0,0,0,1,1,-0.8968,8,1,sluggish,6.929046563192905e-05,0.3527925170786499,0.0666666666666666,"countries, cold, us, ussr, war"
adhering,0,1,0,0,0,0,0,0,0,0,0,0,0,0,0,1,1,0.9217,8,1,adhering,6.929046563192905e-05,0.3527925170786499,0.0666666666666666,"countries, cold, us, ussr, war"
move,1,1,0,0,0,0,0,0,0,0,0,0,0,0,0,1,1,0.9217,4,1,move,6.929046563192905e-05,0.3527925170786499,0.1333333333333333,"countries, cold, us, ussr, war"
towards,0,0,0,0,0,0,0,0,0,0,0,0,0,0,0,1,1,0.9217,7,1,towards,6.929046563192905e-05,0.3527925170786499,0.0,"countries, cold, us, ussr, war"
happiness,1,0,0,0,0,0,0,0,0,0,0,0,0,0,0,1,1,0.9217,9,1,happiness,6.929046563192905e-05,0.3527925170786499,0.0666666666666666,"countries, cold, us, ussr, war"
mainstream,1,0,1,0,0,0,0,0,0,0,0,0,0,0,0,1,1,0.7717,10,1,mainstream,6.929046563192905e-05,0.3527925170786499,0.1333333333333333,"countries, cold, us, ussr, war"
adhered,0,1,0,0,0,0,0,0,0,0,0,0,0,0,0,1,1,0.7717,7,1,adhered,6.929046563192905e-05,0.3527925170786499,0.0666666666666666,"countries, cold, us, ussr, war"
break,1,1,0,0,0,0,0,0,0,0,0,0,0,0,0,1,1,-0.886,5,1,break,6.929046563192905e-05,0.3527925170786499,0.1333333333333333,"countries, cold, us, ussr, war"
shrouded,0,1,0,0,0,0,0,0,0,0,0,0,0,0,0,1,1,-0.886,8,1,shrouded,6.929046563192905e-05,0.3527925170786499,0.0666666666666666,"countries, cold, us, ussr, war"
haze,1,1,0,0,0,0,0,0,0,0,0,0,0,0,0,1,1,-0.886,4,1,haze,6.929046563192905e-05,0.3527925170786499,0.1333333333333333,"countries, cold, us, ussr, war"
frantic,0,0,1,0,0,0,0,0,0,0,0,0,0,0,0,1,1,-0.5719,7,1,frantic,6.929046563192905e-05,0.3527925170786499,0.0666666666666666,"countries, cold, us, ussr, war"
tens,0,0,0,0,0,0,0,0,0,0,0,0,0,0,0,1,1,-0.5719,4,1,tens,6.929046563192905e-05,0.3527925170786499,0.0,"countries, cold, us, ussr, war"
thousands,1,0,0,0,0,0,0,0,0,0,0,0,0,0,0,1,1,-0.5719,9,1,thousands,6.929046563192905e-05,0.3527925170786499,0.0666666666666666,"countries, cold, us, ussr, war"
restrictions,1,0,0,0,0,0,0,0,0,0,0,0,0,0,0,1,1,-0.5994,12,1,restrictions,6.929046563192905e-05,0.3527925170786499,0.0666666666666666,"countries, cold, us, ussr, war"
traditions,1,0,0,0,0,0,0,0,0,0,0,0,0,0,0,1,1,-0.0772,10,1,traditions,6.929046563192905e-05,0.3527925170786499,0.0666666666666666,"countries, cold, us, ussr, war"
cultures,1,1,0,0,0,0,0,0,0,0,0,0,0,0,0,1,1,-0.0772,8,1,cultures,6.929046563192905e-05,0.3527925170786499,0.1333333333333333,"countries, cold, us, ussr, war"
fifthly,0,0,0,1,0,0,0,0,0,0,0,0,0,0,0,1,1,-0.4215,7,1,fifthly,6.929046563192905e-05,0.3527925170786499,0.0666666666666666,"countries, cold, us, ussr, war"
diversified,0,1,1,0,0,0,0,0,0,0,0,0,0,0,0,1,1,-0.5994,11,1,diversified,6.929046563192905e-05,0.3527925170786499,0.1333333333333333,"countries, cold, us, ussr, war"
realignment,1,0,0,0,0,0,0,0,0,0,0,0,0,0,0,1,1,-0.5994,11,1,realignment,6.929046563192905e-05,0.3527925170786499,0.0666666666666666,"countries, cold, us, ussr, war"
disintegrating,0,1,0,0,0,0,0,0,0,0,0,0,0,0,0,1,1,0.0,14,1,disintegrating,6.929046563192905e-05,0.3527925170786499,0.0666666666666666,"countries, cold, us, ussr, war"
seeking,1,1,1,0,0,0,0,0,0,0,0,0,0,0,0,1,1,0.25,7,1,seeking,6.929046563192905e-05,0.3527925170786499,0.2,"countries, cold, us, ussr, war"
disseminated,0,0,0,0,0,0,0,0,0,0,0,0,0,0,0,1,1,0.1027,12,1,disseminated,6.929046563192905e-05,0.3527925170786499,0.0,"countries, cold, us, ussr, war"
restrict,0,1,0,0,0,0,0,0,0,0,0,0,0,0,0,1,1,-0.3818,8,1,restrict,6.929046563192905e-05,0.3527925170786499,0.0666666666666666,"countries, cold, us, ussr, war"
clandestine,0,0,1,0,0,0,0,0,0,0,0,0,0,0,0,1,1,0.0,11,1,clandestine,6.929046563192905e-05,0.3527925170786499,0.0666666666666666,"countries, cold, us, ussr, war"
channels,1,1,0,0,0,0,0,0,0,0,0,0,0,0,0,1,1,0.0,8,1,channels,6.929046563192905e-05,0.3527925170786499,0.1333333333333333,"countries, cold, us, ussr, war"
underground,1,0,1,1,0,0,0,0,0,0,0,0,0,0,0,1,1,0.0,11,1,underground,6.929046563192905e-05,0.3527925170786499,0.2,"countries, cold, us, ussr, war"
transmission,1,0,0,0,0,0,0,0,0,0,0,0,0,0,0,1,1,0.0,12,1,transmission,6.929046563192905e-05,0.3527925170786499,0.0666666666666666,"countries, cold, us, ussr, war"
literary,0,0,1,0,0,0,0,0,0,0,0,0,0,0,0,1,1,0.0,8,1,literary,6.929046563192905e-05,0.3527925170786499,0.0666666666666666,"countries, cold, us, ussr, war"
works,1,1,0,0,0,0,0,0,0,0,0,0,0,0,0,1,1,0.0,5,1,works,6.929046563192905e-05,0.3527925170786499,0.1333333333333333,"countries, cold, us, ussr, war"
funds,1,1,0,0,0,0,0,0,0,0,0,0,0,0,0,1,1,0.7783,5,1,funds,6.929046563192905e-05,0.3527925170786499,0.1333333333333333,"countries, cold, us, ussr, war"
improve,0,0,0,0,0,0,0,0,0,0,0,0,0,0,0,1,1,0.7783,7,1,improve,6.929046563192905e-05,0.3527925170786499,0.0,"countries, cold, us, ussr, war"
livelihoods,1,0,0,0,0,0,0,0,0,0,0,0,0,0,0,1,1,0.7783,11,1,livelihoods,6.929046563192905e-05,0.3527925170786499,0.0666666666666666,"countries, cold, us, ussr, war"
health,1,0,0,0,0,0,0,0,0,0,0,0,0,0,0,1,1,0.7783,6,1,health,6.929046563192905e-05,0.3527925170786499,0.0666666666666666,"countries, cold, us, ussr, war"
care,1,1,0,0,0,0,0,0,0,0,0,0,0,0,0,1,1,0.7783,4,1,care,6.929046563192905e-05,0.3527925170786499,0.1333333333333333,"countries, cold, us, ussr, war"
clean,1,1,1,1,0,0,0,0,0,0,0,0,0,0,0,1,1,0.7783,5,1,clean,6.929046563192905e-05,0.3527925170786499,0.2666666666666666,"countries, cold, us, ussr, war"
annual,1,0,1,0,0,0,0,0,0,0,0,0,0,0,0,1,1,-0.7579,6,1,annual,6.929046563192905e-05,0.3527925170786499,0.1333333333333333,"countries, cold, us, ussr, war"
expenditure,0,0,0,0,0,0,0,0,0,0,0,0,0,0,0,1,1,-0.7579,11,1,expenditure,6.929046563192905e-05,0.3527925170786499,0.0,"countries, cold, us, ussr, war"
pain,1,1,0,0,0,0,0,0,0,0,0,0,0,0,0,1,1,-0.9325,4,1,pain,6.929046563192905e-05,0.3527925170786499,0.1333333333333333,"countries, cold, us, ussr, war"
hearts,1,0,0,0,0,0,0,0,0,0,0,0,0,0,0,1,1,-0.9325,6,1,hearts,6.929046563192905e-05,0.3527925170786499,0.0666666666666666,"countries, cold, us, ussr, war"
families,0,0,0,0,0,0,0,0,0,0,0,0,0,0,0,1,1,-0.9325,8,1,families,6.929046563192905e-05,0.3527925170786499,0.0,"countries, cold, us, ussr, war"
participating,0,1,1,0,0,0,0,0,0,0,0,0,0,0,0,1,1,-0.9325,13,1,participating,6.929046563192905e-05,0.3527925170786499,0.1333333333333333,"countries, cold, us, ussr, war"
trouble,1,1,0,0,0,0,0,0,0,0,0,0,0,0,0,1,1,-0.9325,7,1,trouble,6.929046563192905e-05,0.3527925170786499,0.1333333333333333,"countries, cold, us, ussr, war"
accumulated,0,1,1,0,0,0,0,0,0,0,0,0,0,0,0,1,1,-0.9325,11,1,accumulated,6.929046563192905e-05,0.3527925170786499,0.1333333333333333,"countries, cold, us, ussr, war"
ruined,0,1,1,0,0,0,0,0,0,0,0,0,0,0,0,1,1,-0.9325,6,1,ruined,6.929046563192905e-05,0.3527925170786499,0.1333333333333333,"countries, cold, us, ussr, war"
macro,1,0,1,0,0,0,0,0,0,0,0,0,0,0,0,1,1,-0.5994,5,1,macro,6.929046563192905e-05,0.3527925170786499,0.1333333333333333,"countries, cold, us, ussr, war"
relief,1,0,0,0,0,0,0,0,0,0,0,0,0,0,0,1,1,0.9517,6,1,relief,6.929046563192905e-05,0.3527925170786499,0.0666666666666666,"countries, cold, us, ussr, war"
establishes,0,1,0,0,0,0,0,0,0,0,0,0,0,0,0,1,1,0.9517,11,1,establishes,6.929046563192905e-05,0.3527925170786499,0.0666666666666666,"countries, cold, us, ussr, war"
good,1,0,1,1,0,0,0,0,0,0,0,0,0,0,0,1,1,0.9517,4,1,good,6.929046563192905e-05,0.3527925170786499,0.2,"countries, cold, us, ussr, war"
humanity,1,0,0,0,0,0,0,0,0,0,0,0,0,0,0,1,1,-0.7579,8,1,humanity,6.929046563192905e-05,0.3527925170786499,0.0666666666666666,"countries, cold, us, ussr, war"
shadow,1,1,0,0,0,0,0,0,0,0,0,0,0,0,0,1,1,-0.7983,6,1,shadow,6.929046563192905e-05,0.3527925170786499,0.1333333333333333,"countries, cold, us, ussr, war"
countless,0,0,1,0,0,0,0,0,0,0,0,0,0,0,0,1,1,-0.8779,9,1,countless,6.929046563192905e-05,0.3527925170786499,0.0666666666666666,"countries, cold, us, ussr, war"
lives,0,1,0,0,0,0,0,0,0,0,0,0,0,0,0,1,1,-0.8779,5,1,lives,6.929046563192905e-05,0.3527925170786499,0.0666666666666666,"countries, cold, us, ussr, war"
rubble,0,0,0,0,0,0,0,0,0,0,0,0,0,0,0,1,1,-0.8779,6,1,rubble,6.929046563192905e-05,0.3527925170786499,0.0,"countries, cold, us, ussr, war"
attracts,0,1,0,0,0,0,0,0,0,0,0,0,0,0,0,1,1,0.9081,8,1,attracts,6.929046563192905e-05,0.3527925170786499,0.0666666666666666,"countries, cold, us, ussr, war"
creates,0,1,0,0,0,0,0,0,0,0,0,0,0,0,0,1,1,0.9081,7,1,creates,6.929046563192905e-05,0.3527925170786499,0.0666666666666666,"countries, cold, us, ussr, war"
jobs,1,1,0,0,0,0,0,0,0,0,0,0,0,0,0,1,1,0.9081,4,1,jobs,6.929046563192905e-05,0.3527925170786499,0.1333333333333333,"countries, cold, us, ussr, war"
upholds,0,1,0,0,0,0,0,0,0,0,0,0,0,0,0,1,1,0.9517,7,1,upholds,6.929046563192905e-05,0.3527925170786499,0.0666666666666666,"countries, cold, us, ussr, war"
participates,0,1,0,0,0,0,0,0,0,0,0,0,0,0,0,1,1,0.9517,12,1,participates,6.929046563192905e-05,0.3527925170786499,0.0666666666666666,"countries, cold, us, ussr, war"
peacekeeping,1,0,1,0,0,0,0,0,0,0,0,0,0,0,0,1,1,0.9517,12,1,peacekeeping,6.929046563192905e-05,0.3527925170786499,0.1333333333333333,"countries, cold, us, ussr, war"
operations,1,0,0,0,0,0,0,0,0,0,0,0,0,0,0,1,1,0.9517,10,1,operations,6.929046563192905e-05,0.3527925170786499,0.0666666666666666,"countries, cold, us, ussr, war"
humanitarian,1,0,1,0,0,0,0,0,0,0,0,0,0,0,0,1,1,0.9517,12,1,humanitarian,6.929046563192905e-05,0.3527925170786499,0.1333333333333333,"countries, cold, us, ussr, war"
seasia,0,0,0,0,0,0,0,0,0,0,0,0,0,0,0,1,1,0.0,6,1,seasia,6.929046563192905e-05,0.3527925170786499,0.0,"countries, cold, us, ussr, war"
pdf,1,0,0,0,0,0,0,0,0,0,0,0,0,0,0,1,1,0.0,3,1,pdf,6.929046563192905e-05,0.3527925170786499,0.0666666666666666,"countries, cold, us, ussr, war"
liu,0,0,0,0,0,0,0,0,0,0,0,0,0,0,0,1,1,0.0,3,1,liu,6.929046563192905e-05,0.3527925170786499,0.0,"countries, cold, us, ussr, war"
http,0,0,0,0,0,0,0,0,0,0,0,0,0,0,0,1,1,0.0,4,1,http,6.929046563192905e-05,0.3527925170786499,0.0,"countries, cold, us, ussr, war"
kcms,0,0,0,0,0,0,0,0,0,0,0,0,0,0,0,1,1,0.0,4,1,kcms,6.929046563192905e-05,0.3527925170786499,0.0,"countries, cold, us, ussr, war"
aspx,0,0,0,0,0,0,0,0,0,0,0,0,0,0,0,1,1,0.0,4,1,aspx,6.929046563192905e-05,0.3527925170786499,0.0,"countries, cold, us, ussr, war"
dbcode,0,0,0,0,0,0,0,0,0,0,0,0,0,0,0,1,1,0.0,6,1,dbcode,6.929046563192905e-05,0.3527925170786499,0.0,"countries, cold, us, ussr, war"
cmfd,0,0,0,0,0,0,0,0,0,0,0,0,0,0,0,1,1,0.0,4,1,cmfd,6.929046563192905e-05,0.3527925170786499,0.0,"countries, cold, us, ussr, war"
uynugvbgrvzh,0,0,0,0,0,0,0,0,0,0,0,0,0,0,0,1,1,0.0,12,1,uynugvbgrvzh,6.929046563192905e-05,0.3527925170786499,0.0,"countries, cold, us, ussr, war"
hbpmw,0,0,0,0,0,0,0,0,0,0,0,0,0,0,0,1,1,0.0,5,1,hbpmw,6.929046563192905e-05,0.3527925170786499,0.0,"countries, cold, us, ussr, war"
archives,1,1,0,0,0,0,0,0,0,0,0,0,0,0,0,1,1,0.0,8,1,archives,6.929046563192905e-05,0.3527925170786499,0.1333333333333333,"countries, cold, us, ussr, war"
default,1,1,0,0,0,0,0,0,0,0,0,0,0,0,0,1,1,0.0,7,1,default,6.929046563192905e-05,0.3527925170786499,0.1333333333333333,"countries, cold, us, ussr, war"
files,1,1,0,0,0,0,0,0,0,0,0,0,0,0,0,1,1,0.0,5,1,files,6.929046563192905e-05,0.3527925170786499,0.1333333333333333,"countries, cold, us, ussr, war"
import,1,1,0,0,0,0,0,0,0,0,0,0,0,0,0,1,1,0.0,6,1,import,6.929046563192905e-05,0.3527925170786499,0.1333333333333333,"countries, cold, us, ussr, war"
ces,0,0,0,0,0,0,0,0,0,0,0,0,0,0,0,1,1,0.0,3,1,ces,6.929046563192905e-05,0.3527925170786499,0.0,"countries, cold, us, ussr, war"
pub,1,0,0,0,0,0,0,0,0,0,0,0,0,0,0,1,1,0.0,3,1,pub,6.929046563192905e-05,0.3527925170786499,0.0666666666666666,"countries, cold, us, ussr, war"
mbd,0,0,0,0,0,0,0,0,0,0,0,0,0,0,0,1,1,0.0,3,1,mbd,6.929046563192905e-05,0.3527925170786499,0.0,"countries, cold, us, ussr, war"
r,1,0,0,0,0,0,0,0,0,0,0,0,0,0,0,1,1,0.0,1,1,r,6.929046563192905e-05,0.3527925170786499,0.0666666666666666,"countries, cold, us, ussr, war"
qyiohb,0,0,0,0,0,0,0,0,0,0,0,0,0,0,0,1,1,0.0,6,1,qyiohb,6.929046563192905e-05,0.3527925170786499,0.0,"countries, cold, us, ussr, war"
fqg,0,0,0,0,0,0,0,0,0,0,0,0,0,0,0,1,1,0.0,3,1,fqg,6.929046563192905e-05,0.3527925170786499,0.0,"countries, cold, us, ussr, war"
cp,0,0,0,0,0,0,0,0,0,0,0,0,0,0,0,1,1,0.0,2,0,cp,6.929046563192905e-05,0.3527925170786499,0.0,"countries, cold, us, ussr, war"
rs,0,0,0,0,0,0,0,0,0,0,0,0,0,0,0,1,1,0.0,2,0,rs,6.929046563192905e-05,0.3527925170786499,0.0,"countries, cold, us, ussr, war"
ruk,0,0,0,0,0,0,0,0,0,0,0,0,0,0,0,1,1,0.0,3,1,ruk,6.929046563192905e-05,0.3527925170786499,0.0,"countries, cold, us, ussr, war"
rl,1,0,0,0,0,0,0,0,0,0,0,0,0,0,0,1,1,0.0,2,1,rl,6.929046563192905e-05,0.3527925170786499,0.0666666666666666,"countries, cold, us, ussr, war"
proportion,1,1,0,0,0,0,0,0,0,0,0,0,0,0,0,1,1,-0.7579,10,1,proportion,6.929046563192905e-05,0.3527925170786499,0.1333333333333333,"countries, cold, us, ussr, war"
gdp,0,0,0,0,0,0,0,0,0,0,0,0,0,0,0,1,1,-0.7579,3,1,gdp,6.929046563192905e-05,0.3527925170786499,0.0,"countries, cold, us, ussr, war"
remained,0,1,0,0,0,0,0,0,0,0,0,0,0,0,0,1,1,-0.7579,8,1,remained,6.929046563192905e-05,0.3527925170786499,0.0666666666666666,"countries, cold, us, ussr, war"
lagging,1,1,0,0,0,0,0,0,0,0,0,0,0,0,0,1,1,-0.7579,7,1,lagging,6.929046563192905e-05,0.3527925170786499,0.1333333333333333,"countries, cold, us, ussr, war"
livelihood,1,0,0,0,0,0,0,0,0,0,0,0,0,0,0,1,1,-0.7579,10,1,livelihood,6.929046563192905e-05,0.3527925170786499,0.0666666666666666,"countries, cold, us, ussr, war"
references,1,1,0,0,0,0,0,0,0,0,0,0,0,0,0,1,1,0.0,10,1,references,6.929046563192905e-05,0.3527925170786499,0.1333333333333333,"countries, cold, us, ussr, war"
may,1,0,0,0,0,0,0,0,0,1,0,0,0,0,0,1,1,0.0,3,1,may,6.929046563192905e-05,0.3527925170786499,0.1333333333333333,"countries, cold, us, ussr, war"
mo,1,0,0,0,0,0,0,0,0,0,0,0,0,0,0,1,1,0.0,2,1,mo,6.929046563192905e-05,0.3527925170786499,0.0666666666666666,"countries, cold, us, ussr, war"
psychology,1,0,0,0,0,0,0,0,0,0,0,0,0,0,0,1,1,0.0,10,1,psychology,6.929046563192905e-05,0.3527925170786499,0.0666666666666666,"countries, cold, us, ussr, war"
shanxi,0,0,0,0,0,0,0,0,0,0,0,0,0,0,0,1,1,0.0,6,1,shanxi,6.929046563192905e-05,0.3527925170786499,0.0,"countries, cold, us, ussr, war"
edition,1,0,0,0,0,0,0,0,0,0,0,0,0,0,0,1,1,0.0,7,1,edition,6.929046563192905e-05,0.3527925170786499,0.0666666666666666,"countries, cold, us, ussr, war"
collins,1,0,0,0,0,0,0,0,0,0,0,0,0,0,0,1,1,0.0,7,1,collins,6.929046563192905e-05,0.3527925170786499,0.0666666666666666,"countries, cold, us, ussr, war"
g,1,0,0,0,0,0,0,0,0,0,0,0,0,0,0,1,1,0.0,1,1,g,6.929046563192905e-05,0.3527925170786499,0.0666666666666666,"countries, cold, us, ussr, war"
krane,0,0,0,0,0,0,0,0,0,0,0,0,0,0,0,1,1,0.0,5,1,krane,6.929046563192905e-05,0.3527925170786499,0.0,"countries, cold, us, ussr, war"
ater,0,0,0,0,0,0,0,0,0,0,0,0,0,0,0,1,1,0.0,4,1,ater,6.929046563192905e-05,0.3527925170786499,0.0,"countries, cold, us, ussr, war"
shangqing,0,0,0,0,0,0,0,0,0,0,0,0,0,0,0,1,1,0.0,9,1,shangqing,6.929046563192905e-05,0.3527925170786499,0.0,"countries, cold, us, ussr, war"
forum,1,0,0,0,0,0,0,0,0,0,0,0,0,0,0,1,1,0.0,5,1,forum,6.929046563192905e-05,0.3527925170786499,0.0666666666666666,"countries, cold, us, ussr, war"
hoey,0,0,0,0,0,0,0,0,0,0,0,0,0,0,0,1,1,0.0,4,1,hoey,6.929046563192905e-05,0.3527925170786499,0.0,"countries, cold, us, ussr, war"
defence,1,0,0,0,0,0,0,0,0,0,0,0,0,0,0,1,1,0.1027,7,1,defence,6.929046563192905e-05,0.3527925170786499,0.0666666666666666,"countries, cold, us, ussr, war"
palgrave,1,0,0,0,0,0,0,0,0,0,0,0,0,0,0,1,1,0.0,8,1,palgrave,6.929046563192905e-05,0.3527925170786499,0.0666666666666666,"countries, cold, us, ussr, war"
macmillan,0,0,0,0,0,0,0,0,0,0,0,0,0,0,0,1,1,0.0,9,1,macmillan,6.929046563192905e-05,0.3527925170786499,0.0,"countries, cold, us, ussr, war"
ebooks,1,0,0,0,0,0,0,0,0,0,0,0,0,0,0,1,1,0.0,6,1,ebooks,6.929046563192905e-05,0.3527925170786499,0.0666666666666666,"countries, cold, us, ussr, war"
yu,1,0,0,0,0,0,0,0,0,0,0,0,0,0,0,1,1,0.0,2,1,yu,6.929046563192905e-05,0.3527925170786499,0.0666666666666666,"countries, cold, us, ussr, war"
dispatching,1,1,0,0,0,0,0,0,0,0,0,0,0,0,0,1,1,0.0,11,1,dispatching,6.929046563192905e-05,0.3527925170786499,0.1333333333333333,"countries, cold, us, ussr, war"
brezhneva,0,0,0,0,0,0,0,0,0,0,0,0,0,0,0,1,1,0.0,9,1,brezhneva,6.929046563192905e-05,0.3527925170786499,0.0,"countries, cold, us, ussr, war"
v,1,0,0,0,0,0,0,0,0,0,0,0,0,0,0,1,1,0.0,1,1,v,6.929046563192905e-05,0.3527925170786499,0.0666666666666666,"countries, cold, us, ussr, war"
antropologicheskoy,0,0,0,0,0,0,0,0,0,0,0,0,0,0,0,1,1,0.0,18,1,antropologicheskoy,6.929046563192905e-05,0.3527925170786499,0.0,"countries, cold, us, ussr, war"
retrospektive,0,0,0,0,0,0,0,0,0,0,0,0,0,0,0,1,1,0.0,13,1,retrospektive,6.929046563192905e-05,0.3527925170786499,0.0,"countries, cold, us, ussr, war"
era,1,0,0,0,0,0,0,0,0,0,0,0,0,0,0,1,1,0.0,3,1,era,6.929046563192905e-05,0.3527925170786499,0.0666666666666666,"countries, cold, us, ussr, war"
anthropological,0,0,1,0,0,0,0,0,0,0,0,0,0,0,0,1,1,0.0,15,1,anthropological,6.929046563192905e-05,0.3527925170786499,0.0666666666666666,"countries, cold, us, ussr, war"
retrospective,1,0,1,0,0,0,0,0,0,0,0,0,0,0,0,1,1,0.0,13,1,retrospective,6.929046563192905e-05,0.3527925170786499,0.1333333333333333,"countries, cold, us, ussr, war"
antropologicheskij,0,0,0,0,0,0,0,0,0,0,0,0,0,0,0,1,1,0.0,18,1,antropologicheskij,6.929046563192905e-05,0.3527925170786499,0.0,"countries, cold, us, ussr, war"
gmw,0,0,0,0,0,0,0,0,0,0,0,0,0,0,0,1,1,0.0,3,1,gmw,6.929046563192905e-05,0.3527925170786499,0.0,"countries, cold, us, ussr, war"
content,1,1,1,0,0,0,0,0,0,0,0,0,0,0,0,1,1,0.0,7,1,content,6.929046563192905e-05,0.3527925170786499,0.2,"countries, cold, us, ussr, war"
htm,0,0,0,0,0,0,0,0,0,0,0,0,0,0,0,1,1,0.0,3,1,htm,6.929046563192905e-05,0.3527925170786499,0.0,"countries, cold, us, ussr, war"
xue,0,0,0,0,0,0,0,0,0,0,0,0,0,0,0,1,1,0.0,3,1,xue,6.929046563192905e-05,0.3527925170786499,0.0,"countries, cold, us, ussr, war"
m,1,0,0,0,0,0,0,0,0,0,0,0,0,0,0,1,1,0.0,1,1,m,6.929046563192905e-05,0.3527925170786499,0.0666666666666666,"countries, cold, us, ussr, war"
baiburin,0,0,0,0,0,0,0,0,0,0,0,0,0,0,0,1,1,0.0,8,1,baiburin,6.929046563192905e-05,0.3527925170786499,0.0,"countries, cold, us, ussr, war"
kelly,1,0,0,0,0,0,0,0,0,0,0,0,0,0,0,1,1,0.0,5,1,kelly,6.929046563192905e-05,0.3527925170786499,0.0666666666666666,"countries, cold, us, ussr, war"
epokha,0,0,0,0,0,0,0,0,0,0,0,0,0,0,0,1,1,0.0,6,1,epokha,6.929046563192905e-05,0.3527925170786499,0.0,"countries, cold, us, ussr, war"
successfully,0,0,0,1,0,0,0,0,0,0,0,0,0,0,0,1,1,0.0473,12,1,successfully,6.929046563192905e-05,0.3527925170786499,0.0666666666666666,"countries, cold, us, ussr, war"
booster,1,0,0,0,0,0,0,0,0,0,0,0,0,0,0,1,1,-0.5423,7,1,booster,6.929046563192905e-05,0.3527925170786499,0.0666666666666666,"countries, cold, us, ussr, war"
phase,1,1,0,0,0,0,0,0,0,0,0,0,0,0,0,1,1,-0.5423,5,1,phase,6.929046563192905e-05,0.3527925170786499,0.1333333333333333,"countries, cold, us, ussr, war"
launch,1,1,0,0,0,0,0,0,0,0,0,0,0,0,0,1,1,-0.5423,6,1,launch,6.929046563192905e-05,0.3527925170786499,0.1333333333333333,"countries, cold, us, ussr, war"
beam,1,1,0,0,0,0,0,0,0,0,0,0,0,0,0,1,1,-0.8126,4,1,beam,6.929046563192905e-05,0.3527925170786499,0.1333333333333333,"countries, cold, us, ussr, war"
uses,1,1,0,0,0,0,0,0,0,0,0,0,0,0,0,1,1,-0.8126,4,1,uses,6.929046563192905e-05,0.3527925170786499,0.1333333333333333,"countries, cold, us, ussr, war"
velocity,0,0,0,0,0,0,0,0,0,0,0,0,0,0,0,1,1,-0.8126,8,1,velocity,6.929046563192905e-05,0.3527925170786499,0.0,"countries, cold, us, ussr, war"
missile's,0,0,0,0,0,0,0,0,0,0,0,0,0,0,0,1,1,-0.8126,9,1,missile's,6.929046563192905e-05,0.3527925170786499,0.0,"countries, cold, us, ussr, war"
view,1,1,0,0,0,0,0,0,0,0,0,0,0,0,0,1,1,-0.0772,4,1,view,6.929046563192905e-05,0.3527925170786499,0.1333333333333333,"countries, cold, us, ussr, war"
upset,1,1,1,0,0,0,0,0,0,0,0,0,0,0,0,1,1,-0.0772,5,1,upset,6.929046563192905e-05,0.3527925170786499,0.2,"countries, cold, us, ussr, war"
originally,0,0,0,1,0,0,0,0,0,0,0,0,0,0,0,1,1,0.0473,10,1,originally,6.929046563192905e-05,0.3527925170786499,0.0666666666666666,"countries, cold, us, ussr, war"
balanced,0,1,1,0,0,0,0,0,0,0,0,0,0,0,0,1,1,0.0473,8,1,balanced,6.929046563192905e-05,0.3527925170786499,0.1333333333333333,"countries, cold, us, ussr, war"
posture,1,0,0,0,0,0,0,0,0,0,0,0,0,0,0,1,1,0.0473,7,1,posture,6.929046563192905e-05,0.3527925170786499,0.0666666666666666,"countries, cold, us, ussr, war"
mutually,0,0,0,1,0,0,0,0,0,0,0,0,0,0,0,1,1,0.0473,8,1,mutually,6.929046563192905e-05,0.3527925170786499,0.0666666666666666,"countries, cold, us, ussr, war"
assured,0,1,1,0,0,0,0,0,0,0,0,0,0,0,0,1,1,0.0473,7,1,assured,6.929046563192905e-05,0.3527925170786499,0.1333333333333333,"countries, cold, us, ussr, war"
mad,0,0,1,0,0,0,0,0,0,0,0,0,0,0,0,1,1,0.0473,3,1,mad,6.929046563192905e-05,0.3527925170786499,0.0666666666666666,"countries, cold, us, ussr, war"
minutes,1,0,0,0,0,0,0,0,0,0,0,0,0,0,0,1,1,-0.5423,7,1,minutes,6.929046563192905e-05,0.3527925170786499,0.0666666666666666,"countries, cold, us, ussr, war"
phased,0,1,0,0,0,0,0,0,0,0,0,0,0,0,0,1,1,0.0,6,1,phased,6.929046563192905e-05,0.3527925170786499,0.0666666666666666,"countries, cold, us, ussr, war"
array,1,0,0,0,0,0,0,0,0,0,0,0,0,0,0,1,1,0.0,5,1,array,6.929046563192905e-05,0.3527925170786499,0.0666666666666666,"countries, cold, us, ussr, war"
accurately,0,0,0,1,0,0,0,0,0,0,0,0,0,0,0,1,1,0.0,10,1,accurately,6.929046563192905e-05,0.3527925170786499,0.0666666666666666,"countries, cold, us, ussr, war"
trajectory,1,0,0,0,0,0,0,0,0,0,0,0,0,0,0,1,1,0.0,10,1,trajectory,6.929046563192905e-05,0.3527925170786499,0.0666666666666666,"countries, cold, us, ussr, war"
accurate,0,0,1,0,0,0,0,0,0,0,0,0,0,0,0,1,1,0.0,8,1,accurate,6.929046563192905e-05,0.3527925170786499,0.0666666666666666,"countries, cold, us, ussr, war"
target,1,1,0,0,0,0,0,0,0,0,0,0,0,0,0,1,1,0.0,6,1,target,6.929046563192905e-05,0.3527925170786499,0.1333333333333333,"countries, cold, us, ussr, war"
reacted,0,1,0,0,0,0,0,0,0,0,0,0,0,0,0,1,1,-0.3612,7,1,reacted,6.929046563192905e-05,0.3527925170786499,0.0666666666666666,"countries, cold, us, ussr, war"
set,1,1,1,0,0,0,0,0,0,0,0,0,0,0,0,1,1,-0.5859,3,1,set,6.929046563192905e-05,0.3527925170786499,0.2,"countries, cold, us, ussr, war"
infrared,1,0,1,0,0,0,0,0,0,0,0,0,0,0,0,1,1,-0.5423,8,1,infrared,6.929046563192905e-05,0.3527925170786499,0.1333333333333333,"countries, cold, us, ussr, war"
detect,0,1,0,0,0,0,0,0,0,0,0,0,0,0,0,1,1,-0.5423,6,1,detect,6.929046563192905e-05,0.3527925170786499,0.0666666666666666,"countries, cold, us, ussr, war"
thermal,1,0,1,0,0,0,0,0,0,0,0,0,0,0,0,1,1,-0.5423,7,1,thermal,6.929046563192905e-05,0.3527925170786499,0.1333333333333333,"countries, cold, us, ussr, war"
signatures,1,0,0,0,0,0,0,0,0,0,0,0,0,0,0,1,1,-0.5423,10,1,signatures,6.929046563192905e-05,0.3527925170786499,0.0666666666666666,"countries, cold, us, ussr, war"
generated,0,1,0,0,0,0,0,0,0,0,0,0,0,0,0,1,1,-0.5423,9,1,generated,6.929046563192905e-05,0.3527925170786499,0.0666666666666666,"countries, cold, us, ussr, war"
raise,1,1,0,0,0,0,0,0,0,0,0,0,0,0,0,1,1,-0.5423,5,1,raise,6.929046563192905e-05,0.3527925170786499,0.1333333333333333,"countries, cold, us, ussr, war"
alarms,0,1,0,0,0,0,0,0,0,0,0,0,0,0,0,1,1,-0.5423,6,1,alarms,6.929046563192905e-05,0.3527925170786499,0.0666666666666666,"countries, cold, us, ussr, war"
