word,actual,predicted,prob_open,prob_closed,frequency,double_log_freq,word_length,participation_score,avg_sentiment,is_short,has_apostrophe,is_alpha,vowel_count,unique_char_ratio
student,open,open,0.4292696319035133,0.42821694138784466,376,0.7309778372073253,7,0.0666666666666666,0.5979686170212767,False,False,True,2,0.8571428571428571
creating,open,open,0.44898748320133847,0.4213764833204703,488,0.7369622128358153,8,0.0666666666666666,0.603560655737705,False,False,True,3,1.0
honestly,open,open,0.4528716148491955,0.41736745633621,405,0.732716735424051,8,0.0666666666666666,0.6230320987654325,False,False,True,2,1.0
opinion,open,open,0.4370279707960348,0.41661985399998364,276,0.7234335820810239,7,0.0666666666666666,0.5473594202898546,False,False,True,4,0.5714285714285714
world,open,open,0.4281582213459265,0.4088938465490834,680,0.7441290016903946,5,0.1333333333333333,0.5222138235294118,False,False,True,1,1.0
life,open,open,0.41531976651218944,0.4071439945394105,1399,0.7582165948216503,4,0.0666666666666666,0.5934251608291623,True,False,True,2,1.0
well,open,open,0.41596114824711256,0.4061316067430263,1693,0.7616421349082191,4,0.2666666666666666,0.560815121086827,True,False,True,1,0.75
clear,open,open,0.43457597032403567,0.4028812490114289,708,0.7449688205366778,5,0.2666666666666666,0.5408916666666669,False,False,True,2,1.0
person,open,open,0.45384396070375355,0.396582222224683,457,0.7354863593553459,6,0.0666666666666666,0.5032376367614881,False,False,True,2,1.0
ability,open,open,0.45794661453299457,0.39600419698368666,294,0.7250171350269553,7,0.0666666666666666,0.6008462585034006,False,False,True,3,0.8571428571428571
daily,open,open,0.44189111352854915,0.3941853933700711,730,0.7456013044006021,5,0.2,0.5395365753424657,False,False,True,2,1.0
feel,open,open,0.4375258783543092,0.3861890015875391,898,0.749785786046747,4,0.1333333333333333,0.5531902004454345,True,False,True,2,0.75
microsoft,open,open,0.4550044957502509,0.38004010979239683,574,0.7405280779065662,9,0.0666666666666666,0.4966874564459932,False,False,True,3,0.8888888888888888
wow,open,open,0.43542805490893527,0.3695614931016943,291,0.7247615730406372,3,0.1333333333333333,0.7851230240549825,True,False,True,1,0.6666666666666666
uses,open,open,0.3655850286906627,0.3647625311115967,269,0.7227832592189907,4,0.1333333333333333,0.2725895910780667,True,False,True,2,0.75
advice,open,open,0.48079376667143436,0.35055820439980817,341,0.728648563715748,6,0.0666666666666666,0.5596744868035188,False,False,True,3,1.0
stopped,open,open,0.4138437089195711,0.34873406949567876,185,0.712859069831018,7,0.1333333333333333,-0.037767027027027,False,False,True,2,0.8571428571428571
annoying,open,open,0.4665367413592608,0.3470493618545075,490,0.7370535236212625,8,0.1333333333333333,-0.1555299999999999,False,False,True,3,0.75
goes,open,open,0.3652608082630888,0.346485897565586,209,0.7161880460633878,4,0.1333333333333333,0.180123923444976,True,False,True,2,1.0
currently,open,open,0.41423285164098705,0.3367401594390376,175,0.7113101812857874,9,0.0666666666666666,0.4075222857142857,False,False,True,2,0.8888888888888888
garbage,open,open,0.44698149181700436,0.33212311335648265,186,0.71300823543923,7,0.0666666666666666,-0.175916129032258,False,False,True,3,0.7142857142857143
copy,open,open,0.3720139397406643,0.3313835806552722,209,0.7161880460633878,4,0.1333333333333333,0.1630913875598087,True,False,True,1,1.0
space,open,open,0.36830527382222716,0.327406216578683,165,0.7096473894063263,5,0.1333333333333333,0.3760072727272725,False,False,True,2,1.0
technology,open,open,0.4754512115121242,0.3238951760498224,209,0.7161880460633878,10,0.0666666666666666,0.5936387559808612,False,False,True,3,0.9
usually,open,open,0.4208865471543056,0.3228690923208708,156,0.7080400611660581,7,0.0666666666666666,0.4192589743589742,False,False,True,3,0.7142857142857143
asked,open,open,0.4529047888209256,0.3213533334202019,1074,0.7532719942684046,5,0.0666666666666666,0.059110242085661,False,False,True,2,1.0
again,open,open,0.4550177315426955,0.3213299672030988,1171,0.7549153956244028,5,0.0666666666666666,0.0028433817250214,False,False,True,3,0.8
hour,open,open,0.36490916282214325,0.3212416529409464,186,0.71300823543923,4,0.0666666666666666,0.107539247311828,True,False,True,2,1.0
unlimited,open,open,0.42462729458550236,0.31936452977091523,171,0.7106595770106401,9,0.0666666666666666,0.4576298245614034,False,False,True,4,0.8888888888888888
default,open,open,0.4063725693695358,0.31928995426553114,123,0.7009760537519804,7,0.1333333333333333,0.2872756097560976,False,False,True,3,1.0
computer,open,open,0.43142342792603,0.31829357848721557,141,0.7050864548547857,8,0.0666666666666666,0.405836170212766,False,False,True,3,1.0
banana,open,open,0.43240640142743025,0.3173137809358354,183,0.7125577202086669,6,0.0666666666666666,0.0556081967213114,False,False,True,3,0.5
mistake,open,open,0.45649828265988435,0.3144274542831737,200,0.7149977972429479,7,0.1333333333333333,-0.1104395,False,False,True,3,1.0
waste,open,open,0.5020463199490488,0.31391117949241165,497,0.7373696081260498,5,0.2,-0.3630655935613687,False,False,True,2,1.0
replies,open,open,0.4115143016534605,0.3131962854798683,146,0.7061128824048067,7,0.0666666666666666,0.3255616438356166,False,False,True,3,0.8571428571428571
reached,open,open,0.43986118450513395,0.3081085939066042,163,0.709299783140892,7,0.0666666666666666,0.0503325153374233,False,False,True,3,0.8571428571428571
purpose,open,open,0.4325562208074972,0.30355819274690016,140,0.7048757098245103,7,0.1333333333333333,0.3779371428571428,False,False,True,3,0.8571428571428571
terrible,open,open,0.4846111824342205,0.3030251609246129,275,0.7233419227167774,8,0.0666666666666666,-0.4136596363636362,False,False,True,3,0.75
ones,open,open,0.37187728228406725,0.3020552835867803,163,0.709299783140892,4,0.0666666666666666,0.45820490797546,True,False,True,2,1.0
relevant,open,open,0.440326126958275,0.30098786433611807,116,0.6991684735241713,8,0.0666666666666666,0.4277224137931033,False,False,True,3,0.875
intelligence,open,open,0.5255452783590578,0.2986495800809524,312,0.7264864273680133,12,0.0666666666666666,0.6240208333333334,False,False,True,5,0.5833333333333334
services,open,open,0.44422770026366104,0.29679103480200136,122,0.7007258428377477,8,0.1333333333333333,0.442272950819672,False,False,True,3,0.75
completely,open,open,0.4842190982311834,0.294439885296255,502,0.7375921157977706,10,0.0666666666666666,-0.0742641434262948,False,False,True,3,0.8
health,open,open,0.4168244592562136,0.2905552887291459,137,0.7042320139723478,6,0.0666666666666666,0.3533036496350365,False,False,True,2,0.8333333333333334
frustrating,open,open,0.47667262335167476,0.2898614046001545,436,0.7344161197362266,11,0.0666666666666666,-0.3129025229357796,False,False,True,3,0.8181818181818182
direct,open,open,0.4280610890454085,0.28773781934023185,135,0.7037930116945237,6,0.2,0.3645607407407407,False,False,True,2,1.0
seeing,open,open,0.4212584233635929,0.2871605643825737,107,0.6966319365965035,6,0.1333333333333333,0.3588467289719626,False,False,True,3,0.8333333333333334
similar,open,open,0.45176773653148283,0.28617031226683076,131,0.7028900868583718,7,0.1333333333333333,0.4557832061068704,False,False,True,3,0.8571428571428571
style,open,open,0.4956226337542083,0.28160117621778247,228,0.7185052114656592,5,0.1333333333333333,0.5414149122807016,False,False,True,1,1.0
expected,open,open,0.43024445673896744,0.2813083503223631,132,0.7031190226451435,8,0.1333333333333333,0.2474893939393941,False,False,True,3,0.75
hands,open,open,0.5013596026161927,0.28126282815617354,235,0.7192996495600339,5,0.1333333333333333,0.5367778723404253,False,False,True,1,1.0
tier,open,open,0.37752768439569273,0.27965492822184246,163,0.709299783140892,4,0.0666666666666666,0.4718687116564418,True,False,True,2,1.0
compare,open,open,0.4433651413785829,0.279465639047199,110,0.6975063903803305,7,0.0666666666666666,0.3953454545454543,False,False,True,3,1.0
love,open,open,0.5613486071720306,0.2760968371277112,4286,0.7768382586544802,4,0.1333333333333333,0.7954353476434897,True,False,True,2,1.0
depth,open,open,0.5145610232141231,0.27400441698670086,225,0.7181554948054218,5,0.0666666666666666,0.5994253333333335,False,False,True,1,1.0
suddenly,open,open,0.45532384302354195,0.27275280901907173,168,0.7101590967667544,8,0.0666666666666666,-0.0590541666666666,False,False,True,2,0.875
serious,open,open,0.44181710898600557,0.2720074204579287,160,0.7087683061191127,7,0.0666666666666666,0.1161081249999999,False,False,True,4,0.8571428571428571
stupid,open,open,0.5114251465458839,0.2719438019966071,350,0.7292744033340365,6,0.1333333333333333,-0.4260877142857145,False,False,True,2,1.0
helpful,open,open,0.604329479242578,0.26594166166673,2703,0.7695849421315105,7,0.0666666666666666,0.7112720310765835,False,False,True,2,0.8571428571428571
constantly,open,open,0.470175324268772,0.2638650891589357,300,0.7255188300601829,10,0.0666666666666666,-0.0632676666666666,False,False,True,2,0.8
unable,open,open,0.4864988465662403,0.26315125656868915,258,0.7217182650871308,6,0.0666666666666666,-0.057991472868217,False,False,True,3,1.0
told,open,open,0.468344908850077,0.2615464375218546,441,0.7346765074585301,4,0.1333333333333333,0.0161650793650793,True,False,True,1,1.0
desktop,open,open,0.4487063357240344,0.26078811881140584,120,0.7002176099087114,7,0.1333333333333333,0.1893541666666667,False,False,True,2,1.0
friendly,open,open,0.6286435447012934,0.2604534435401991,537,0.7390784725109948,8,0.1333333333333333,0.721006703910614,False,False,True,2,1.0
missing,open,open,0.44850497488696023,0.2591122302373801,151,0.7070963596462714,7,0.1333333333333333,0.1171801324503311,False,False,True,2,0.7142857142857143
indian,open,open,0.4387600140832399,0.2582008802884154,105,0.6960316138420678,6,0.1333333333333333,0.4785942857142857,False,False,True,3,0.6666666666666666
absolute,open,open,0.4567633507441085,0.25616552785774294,148,0.7065112416387991,8,0.1333333333333333,0.1745986486486486,False,False,True,4,1.0
help,open,open,0.5783172860230317,0.2556995378154929,2726,0.7697231556691536,4,0.0666666666666666,0.6524251650770367,True,False,True,1,1.0
requests,open,open,0.45411322685039474,0.2534297419469604,119,0.6999594881495779,8,0.1333333333333333,0.0956924369747899,False,False,True,3,0.75
command,open,open,0.457808003232129,0.25181307379727064,122,0.7007258428377477,7,0.1333333333333333,0.1385459016393442,False,False,True,2,0.8571428571428571
took,open,open,0.3848788142098937,0.2508080965371903,171,0.7106595770106401,4,0.0666666666666666,0.173151461988304,True,False,True,2,0.75
great,open,open,0.5883503244245981,0.2506081592836315,3751,0.7747945558399398,5,0.2,0.7225095174620061,False,False,True,2,1.0
verify,open,open,0.43742612917999857,0.2504720588558231,106,0.6963335605465436,6,0.0666666666666666,0.2107622641509435,False,False,True,2,1.0
uploaded,open,open,0.4573882437788663,0.24929362263721155,150,0.7069029428079567,8,0.0666666666666666,0.1283073333333333,False,False,True,4,0.875
says,open,open,0.5112918994222051,0.2488183452195898,720,0.7453166748312444,4,0.1333333333333333,-0.0573884722222222,True,False,True,1,0.75
glitches,open,open,0.46685064006260935,0.24714405235195017,107,0.6966319365965035,8,0.0666666666666666,0.2247626168224298,False,False,True,2,1.0
offer,open,open,0.3869609120580166,0.24644889798056321,127,0.7019519630583334,5,0.1333333333333333,0.2951031496062991,False,False,True,2,0.8
awesome,open,open,0.6431448681340899,0.2397168363464071,765,0.7465620236631406,7,0.0666666666666666,0.7944532026143788,False,False,True,4,0.8571428571428571
forgets,open,open,0.47729117223837847,0.23782476934080823,116,0.6991684735241713,7,0.0666666666666666,0.0837482758620689,False,False,True,2,1.0
called,open,open,0.4432422756079136,0.237619491751403,119,0.6999594881495779,6,0.1333333333333333,0.1836285714285714,False,False,True,2,0.8333333333333334
allowed,open,open,0.4733662701024405,0.237418717939193,116,0.6991684735241713,7,0.1333333333333333,0.1884724137931035,False,False,True,3,0.8571428571428571
basically,open,open,0.481180894546746,0.23627375503408282,129,0.7024255802729013,9,0.0666666666666666,0.2968031007751937,False,False,True,3,0.7777777777777778
section,open,open,0.47320756583091783,0.23370641695152639,109,0.6972182788426685,7,0.0666666666666666,0.4808550458715596,False,False,True,3,1.0
case,open,open,0.3919724067120454,0.2329456247876816,110,0.6975063903803305,4,0.1333333333333333,0.4118027272727274,True,False,True,2,1.0
including,open,open,0.48229599309802856,0.22945557923955676,123,0.7009760537519804,9,0.0666666666666666,0.3059048780487805,False,False,True,3,0.7777777777777778
ultra,open,open,0.3886220559468095,0.22918446431095799,125,0.7014689038958516,5,0.1333333333333333,0.2922335999999998,False,False,True,2,1.0
according,open,open,0.4857691754533561,0.22829330587473304,119,0.6999594881495779,9,0.1333333333333333,0.3338689075630252,False,False,True,3,0.8888888888888888
team,open,open,0.5808271825667384,0.22570601270577975,403,0.7326017227204014,4,0.1333333333333333,0.6295761786600491,True,False,True,2,1.0
talks,open,open,0.4169881304518738,0.22184585886503622,123,0.7009760537519804,5,0.1333333333333333,0.3921382113821139,False,False,True,1,1.0
means,open,open,0.4309370241955876,0.22148192867324767,145,0.7059111408421231,5,0.1333333333333333,0.3857317241379308,False,False,True,2,1.0
large,open,open,0.4144353410847833,0.22142836085617812,111,0.6977912221253336,5,0.2,0.399717117117117,False,False,True,2,1.0
black,open,open,0.40776190627340425,0.22095954862296266,108,0.696926818099908,5,0.1333333333333333,0.3654009259259259,False,False,True,1,1.0
happen,open,open,0.46885397164481,0.2199290137165848,110,0.6975063903803305,6,0.1333333333333333,0.1284909090909091,False,False,True,2,0.8333333333333334
plans,open,open,0.41275877232878516,0.21775159889919488,109,0.6972182788426685,5,0.1333333333333333,0.4369559633027524,False,False,True,1,1.0
music,open,open,0.4135471706575102,0.21589194681229273,114,0.6986267022996402,5,0.0666666666666666,0.4363043859649124,False,False,True,2,1.0
above,open,open,0.4126156718752483,0.21535028391687458,110,0.6975063903803305,5,0.2,0.4260963636363636,False,False,True,3,1.0
government,open,open,0.5028373755673822,0.21512259435051845,126,0.7017116351057587,10,0.0666666666666666,0.2754,False,False,True,3,0.8
adds,open,open,0.41905565726453337,0.21266518957809924,150,0.7069029428079567,4,0.1333333333333333,0.4276346666666666,True,False,True,1,0.75
smart,open,open,0.6445644541318211,0.21056387970629892,577,0.7406406682910074,5,0.2,0.6845102253032931,False,False,True,1,1.0
happy,open,open,0.6477855329600934,0.20756952622046154,552,0.7396802049830832,5,0.0666666666666666,0.7522210144927539,False,False,True,1,0.8
easily,open,open,0.6527320641978892,0.2030318275674563,408,0.7328879705658047,6,0.0666666666666666,0.6562992647058821,False,False,True,3,1.0
worse,open,open,0.5514654737515577,0.20235192431293458,340,0.7285777869300112,5,0.2,-0.4357017647058825,False,False,True,2,1.0
advanced,open,open,0.5228664331626791,0.20035113556071746,168,0.7101590967667544,8,0.1333333333333333,0.6123440476190475,False,False,True,3,0.75
hope,open,open,0.628013014897777,0.1997127681829766,500,0.7375034345627082,4,0.1333333333333333,0.6388504000000005,True,False,True,2,1.0
easier,open,open,0.6544614014091767,0.19937675268085442,382,0.7313506721331667,6,0.0666666666666666,0.748459685863875,False,False,True,4,0.8333333333333334
india,open,open,0.43088242332722576,0.1979585505803801,112,0.6980728414300967,5,0.0666666666666666,0.4473392857142856,False,False,True,3,0.8
focus,open,open,0.4359773026143701,0.1967994992582789,119,0.6999594881495779,5,0.1333333333333333,0.4421512605042015,False,False,True,2,1.0
thanks,open,open,0.6647602594244446,0.19662039140214188,975,0.7514027014801842,6,0.1333333333333333,0.7489381538461539,False,False,True,1,1.0
sorry,open,open,0.5001019626990844,0.18500897545053077,232,0.7189627891544927,5,0.1333333333333333,-0.0303646551724137,False,False,True,1,0.8
power,open,open,0.4233141986238791,0.18227412260217798,162,0.7091239853193507,5,0.2,0.2493827160493827,False,False,True,2,1.0
added,open,open,0.427436136637309,0.1806080139534672,148,0.7065112416387991,5,0.1333333333333333,0.2651641891891891,False,False,True,2,0.6
network,open,open,0.5457040777499029,0.1786470451836011,117,0.699434974151039,7,0.1333333333333333,0.0307230769230769,False,False,True,2,1.0
truly,open,open,0.6585773526625267,0.178633810437089,373,0.7307887014747101,5,0.0666666666666666,0.7743951742627346,False,False,True,1,1.0
loved,open,open,0.6151335203482634,0.17344287147325643,192,0.7138828545520958,5,0.1333333333333333,0.6868203125000005,False,False,True,2,1.0
loading,open,open,0.5460637094990833,0.17058178261038964,134,0.7035704485836136,7,0.2,-0.0495835820895522,False,False,True,3,1.0
sent,open,open,0.47552932055021396,0.1686551352526414,206,0.7157984443266339,4,0.2,0.052378640776699,True,False,True,1,1.0
keyboard,open,open,0.5328457381532263,0.16722704075247144,120,0.7002176099087114,8,0.0666666666666666,0.0532824999999999,False,False,True,3,1.0
cant,open,open,0.5046549590903431,0.16678805855244877,357,0.7297477878017787,4,0.2,-0.021995238095238,True,False,True,1,1.0
click,open,open,0.43000008148029917,0.15789477548699699,127,0.7019519630583334,5,0.1333333333333333,0.1693440944881889,False,False,True,1,0.8
hindi,open,open,0.44167534880108,0.1550827134667917,156,0.7080400611660581,5,0.0666666666666666,0.1532147435897436,False,False,True,2,0.8
recommended,open,open,0.6932877280601235,0.15070359017100282,282,0.7239751340733026,11,0.1333333333333333,0.6382712765957449,False,False,True,4,0.6363636363636364
dark,open,open,0.42552159336897144,0.14990623108169682,84,0.6887002699067727,4,0.1333333333333333,0.3802833333333333,True,False,True,1,1.0
saved,open,open,0.5062529755223522,0.13981599423459923,177,0.7116286024196924,5,0.1333333333333333,0.5233847457627117,False,False,True,2,1.0
poor,open,open,0.5735578150292212,0.1374083248947035,244,0.7202793341103024,4,0.0666666666666666,-0.3675331967213113,True,False,True,2,0.75
explains,open,open,0.6140904354969345,0.13738555213223538,173,0.7109872129207931,8,0.0666666666666666,0.7426213872832367,False,False,True,3,1.0
decent,open,open,0.5239181431997294,0.1346439565049937,102,0.695103551832043,6,0.1333333333333333,0.2180941176470588,False,False,True,2,0.8333333333333334
mine,open,open,0.4464913849960282,0.13382670844934905,84,0.6887002699067727,4,0.2,0.410535714285714,True,False,True,2,1.0
earlier,open,open,0.5368611459910245,0.13269841813477953,103,0.6954166918442202,7,0.1333333333333333,0.2501941747572814,False,False,True,4,0.7142857142857143
lately,open,open,0.5358745839682373,0.13246120556435922,103,0.6954166918442202,6,0.0666666666666666,0.0970640776699029,False,False,True,2,0.8333333333333334
paste,open,open,0.44635898361509296,0.13031133793563557,103,0.6954166918442202,5,0.1333333333333333,0.1821165048543689,False,False,True,2,1.0
public,open,open,0.5262716761304622,0.12965381246724203,97,0.693477516218902,6,0.1333333333333333,0.2920628865979381,False,False,True,2,1.0
saves,open,open,0.5312772894420917,0.12919427634362468,170,0.7104939698582374,5,0.1333333333333333,0.5629899999999998,False,False,True,2,0.8
notes,open,open,0.5213872972028406,0.12706791695121417,171,0.7106595770106401,5,0.0666666666666666,0.5428643274853803,False,False,True,2,1.0
touch,open,open,0.4478570686211042,0.12612957811471673,86,0.689494158004852,5,0.1333333333333333,0.3258639534883721,False,False,True,2,1.0
connection,open,open,0.5633808706947315,0.12560332266602905,147,0.7063129071679418,10,0.0666666666666666,0.0288013605442176,False,False,True,4,0.6
kept,open,open,0.49337034822817716,0.12557472397850597,176,0.7114699529130536,4,0.1333333333333333,-0.0344215909090909,True,False,True,1,1.0
building,open,open,0.580805687435814,0.12444367554971833,121,0.7004730446200702,8,0.2,0.5596909090909091,False,False,True,3,0.875
query,open,open,0.45025598971995995,0.12444291220818582,94,0.692450129134387,5,0.0666666666666666,0.1096861702127659,False,False,True,2,1.0
capable,open,open,0.5687139297816174,0.12287169767180463,126,0.7017116351057587,7,0.0666666666666666,0.5252928571428571,False,False,True,3,0.8571428571428571
insights,open,open,0.579831408681292,0.12280771812025996,154,0.707667164688214,8,0.0666666666666666,0.6186616883116884,False,False,True,2,0.75
sharing,open,open,0.5817446680495169,0.12155563869562946,135,0.7037930116945237,7,0.2,0.5520785185185186,False,False,True,2,1.0
fantastic,open,open,0.7312050240840522,0.12094519108562331,358,0.7298144925482768,9,0.0666666666666666,0.7705745810055873,False,False,True,3,0.7777777777777778
various,open,open,0.581595137942274,0.11906511873845882,138,0.7044485209146873,7,0.0666666666666666,0.6214949275362321,False,False,True,4,1.0
dumb,open,open,0.542766644382347,0.11733954141567177,176,0.7114699529130536,4,0.0666666666666666,-0.2465431818181814,True,False,True,1,1.0
progress,open,open,0.5841479331969525,0.11507031361703966,107,0.6966319365965035,8,0.1333333333333333,0.5637317757009346,False,False,True,2,0.75
ridiculous,open,open,0.6217695651954441,0.10944305750520206,122,0.7007258428377477,10,0.0666666666666666,-0.253744262295082,False,False,True,5,0.8
unique,open,open,0.5571053424222182,0.10799441619991064,116,0.6991684735241713,6,0.1333333333333333,0.6080482758620689,False,False,True,4,0.8333333333333334
force,open,open,0.49286416390165483,0.10642070246498528,110,0.6975063903803305,5,0.1333333333333333,0.0252772727272727,False,False,True,2,1.0
strong,open,open,0.5615544871989864,0.10590780785347084,115,0.6988990689630948,6,0.1333333333333333,0.6203495652173914,False,False,True,1,1.0
acts,open,open,0.4643554767983417,0.10468068337549934,86,0.689494158004852,4,0.0666666666666666,0.4535674418604651,True,False,True,1,1.0
field,open,open,0.48735454198273725,0.10223397406424461,90,0.6910138024728482,5,0.1333333333333333,0.3950700000000001,False,False,True,2,1.0
order,open,open,0.47896880637831657,0.10221685523038199,88,0.6902649379933511,5,0.1333333333333333,0.3656147727272728,False,False,True,2,0.8
alone,open,open,0.485768076025865,0.10148955714278168,102,0.695103551832043,5,0.1333333333333333,0.4527411764705883,False,False,True,3,1.0
superb,open,open,0.5887357441825086,0.09735021349867944,108,0.696926818099908,6,0.0666666666666666,0.7951388888888886,False,False,True,2,1.0
checking,open,open,0.5855929188682081,0.09677061537898522,84,0.6887002699067727,8,0.1333333333333333,0.3945928571428572,False,False,True,2,0.875
cache,open,open,0.4597863214768498,0.09531694773598129,91,0.6913803651090247,5,0.0666666666666666,0.1226945054945054,False,False,True,2,0.8
hell,open,open,0.5756143623220691,0.09394943249263274,117,0.699434974151039,4,0.0666666666666666,-0.4646393162393163,True,False,True,1,0.75
nonsense,open,open,0.660576014541335,0.09126151884549617,104,0.6957260179566866,8,0.1333333333333333,-0.3504807692307692,False,False,True,3,0.5
supposed,open,open,0.6102503997895087,0.08757350470102314,99,0.6941403698742133,8,0.1333333333333333,0.0527717171717171,False,False,True,3,0.75
crazy,open,open,0.5075667579152227,0.08752615886686535,131,0.7028900868583718,5,0.1333333333333333,0.0222656488549618,False,False,True,1,1.0
noticed,open,open,0.5712397730520872,0.08676251602504058,88,0.6902649379933511,7,0.1333333333333333,0.323365909090909,False,False,True,3,1.0
deleting,open,open,0.6154442072928895,0.08594727144217792,101,0.694786511508806,8,0.0666666666666666,-0.0458207920792079,False,False,True,3,0.875
false,open,open,0.5688049068479495,0.08497879891181008,136,0.7040135220576845,5,0.1333333333333333,-0.1250117647058823,False,False,True,2,1.0
family,open,open,0.6081225452771448,0.08459538580883287,152,0.7072881865044828,6,0.0666666666666666,0.6562828947368423,False,False,True,2,1.0
convenient,open,open,0.6155868434563211,0.08178105153302154,125,0.7014689038958516,10,0.0666666666666666,0.5159399999999996,False,False,True,4,0.7
platforms,open,open,0.601609817389615,0.07900533136656464,139,0.7046630755634303,9,0.0666666666666666,0.4977762589928055,False,False,True,2,1.0
personally,open,open,0.6262244877883857,0.07721809204215249,150,0.7069029428079567,10,0.0666666666666666,0.5815746666666667,False,False,True,3,0.9
instantly,open,open,0.6105831477343575,0.0744930918093879,100,0.6944654816061759,9,0.0666666666666666,0.4799539999999999,False,False,True,2,0.7777777777777778
development,open,open,0.6314229901054721,0.07404089614622711,140,0.7048757098245103,11,0.0666666666666666,0.5507749999999997,False,False,True,4,0.8181818181818182
functionality,open,open,0.604696187533632,0.07379827162930166,92,0.6917418571940166,13,0.0666666666666666,0.2374902173913045,False,False,True,5,0.7692307692307693
crashes,open,open,0.6199865356097026,0.07190397553717431,91,0.6913803651090247,7,0.1333333333333333,0.0223736263736263,False,False,True,2,0.8571428571428571
playing,open,open,0.5978746419499609,0.06942471728900514,87,0.6898823598382903,7,0.2,0.4750298850574711,False,False,True,2,1.0
references,open,open,0.6447584730521766,0.06924351501553268,108,0.696926818099908,10,0.1333333333333333,0.5462861111111109,False,False,True,4,0.6
yesterday,open,open,0.6270994272240157,0.06811950146067154,94,0.692450129134387,9,0.1333333333333333,0.0290968085106383,False,False,True,3,0.7777777777777778
curiosity,open,open,0.6166455435832964,0.06621516187103564,143,0.7055023982410913,9,0.0666666666666666,0.6044727272727267,False,False,True,4,0.8888888888888888
funny,open,open,0.5290575360524482,0.06577211028384866,109,0.6972182788426685,5,0.2,0.5148596330275226,False,False,True,1,0.8
refuses,open,open,0.6668651472675847,0.0639734916356073,91,0.6913803651090247,7,0.0666666666666666,-0.1263208791208792,False,False,True,3,0.7142857142857143
generator,open,open,0.61360644021805,0.0625190699461436,88,0.6902649379933511,9,0.0666666666666666,0.3034636363636363,False,False,True,4,0.7777777777777778
comments,open,open,0.5787868043792539,0.06081228193294856,52,0.6713352524602902,8,0.1333333333333333,0.2819115384615384,False,False,True,2,0.875
microphone,open,open,0.6436709541336428,0.0600962732802787,90,0.6910138024728482,10,0.0666666666666666,0.0470588888888888,False,False,True,4,0.9
precious,open,open,0.5454952419997726,0.05932822885483527,17,0.6195156162140293,8,0.2,0.4392,False,False,True,4,1.0
normally,open,open,0.5800664713585881,0.05808820813712129,52,0.6713352524602902,8,0.0666666666666666,0.2793096153846154,False,False,True,2,0.875
distance,open,open,0.5287388049430036,0.05664763573959854,9,0.5800052903735844,8,0.1333333333333333,0.4393222222222222,False,False,True,3,1.0
doubts,open,open,0.5951037026052638,0.056211185930477484,104,0.6957260179566866,6,0.0666666666666666,0.5992403846153842,False,False,True,2,1.0
pakistan,open,open,0.5392124030898698,0.05574134790507848,27,0.6432363202993117,8,0.1333333333333333,0.2915629629629629,False,False,True,3,0.875
possibly,open,open,0.5475369283758995,0.055730056943772664,30,0.648150460701653,8,0.0666666666666666,0.29138,False,False,True,2,0.875
percent,open,open,0.5417004655162094,0.054290897737778274,41,0.6617935805169496,7,0.1333333333333333,0.2840292682926829,False,False,True,2,0.8571428571428571
politics,open,open,0.5409054295912895,0.05415759289320421,16,0.6161216046825284,8,0.0666666666666666,0.4123749999999999,False,False,True,3,0.875
energy,open,open,0.5729324574295755,0.054033383306827026,49,0.6690125598689335,6,0.0666666666666666,0.4175795918367347,False,False,True,2,0.8333333333333334
calendar,open,open,0.566156000519569,0.053754340948259566,38,0.6585957192988778,8,0.1333333333333333,0.4245000000000002,False,False,True,3,0.875
chart,open,open,0.47764264137151835,0.053483152592090424,48,0.6681970379894457,5,0.1333333333333333,0.3988187499999999,False,False,True,1,1.0
agree,open,open,0.4792764808076621,0.053483152592090424,55,0.6734908190761342,5,0.0666666666666666,0.396430909090909,False,False,True,3,0.8
emotion,open,open,0.5518686712042328,0.05233460515938981,27,0.6432363202993117,7,0.0666666666666666,0.4151074074074074,False,False,True,4,0.8571428571428571
cases,open,open,0.477334956007799,0.051605725028003695,75,0.6848046240657477,5,0.1333333333333333,0.3606266666666665,False,False,True,2,0.8
surprise,open,open,0.5745154555930647,0.05096141229182278,30,0.648150460701653,8,0.1333333333333333,0.4302433333333333,False,False,True,3,0.75
bothered,open,open,0.5402698037461726,0.050804924624663406,12,0.5989937658314455,8,0.0666666666666666,0.43535,False,False,True,3,0.875
trusted,open,open,0.6120156423815535,0.050058559207886225,78,0.6861665279438015,7,0.1333333333333333,0.4280807692307694,False,False,True,2,0.8571428571428571
drawings,open,open,0.5418162518368673,0.04998839252243856,16,0.6161216046825284,8,0.0666666666666666,0.41919375,False,False,True,2,1.0
tested,open,open,0.5802773084437006,0.04949024509758628,75,0.6848046240657477,6,0.1333333333333333,0.2873186666666668,False,False,True,2,0.6666666666666666
element,open,open,0.5207164342470206,0.049452650252333995,9,0.5800052903735844,7,0.0666666666666666,0.4139777777777778,False,False,True,3,0.7142857142857143
delivers,open,open,0.6306922190497567,0.04891413593559405,103,0.6954166918442202,8,0.0666666666666666,0.5665902912621356,False,False,True,3,0.875
systems,open,open,0.5891669120046252,0.048878673778530404,83,0.6882942616598658,7,0.0666666666666666,0.3195843373493975,False,False,True,1,0.7142857142857143
thorough,open,open,0.6183563343131429,0.04863719913381606,74,0.6843351286141285,8,0.1333333333333333,0.4948189189189188,False,False,True,3,0.75
outfits,open,open,0.51373504730766,0.0485587847164088,8,0.571637330557974,7,0.0666666666666666,0.420525,False,False,True,3,0.8571428571428571
concerns,open,open,0.5789644146698809,0.047990693170869625,49,0.6690125598689335,8,0.0666666666666666,0.3264714285714286,False,False,True,2,0.75
creativity,open,open,0.6901164837663719,0.0475752097894951,148,0.7065112416387991,10,0.0666666666666666,0.710083108108108,False,False,True,4,0.8
events,open,open,0.5635067723311044,0.047271535565334366,57,0.6748452867147411,6,0.0666666666666666,0.2938719298245613,False,False,True,2,0.8333333333333334
younger,open,open,0.5438838877152494,0.04722406117326149,11,0.5934578873666095,7,0.1333333333333333,0.4956181818181818,False,False,True,3,1.0
resume,open,open,0.5506002330820224,0.04703826232901001,40,0.6607625402758197,6,0.1333333333333333,0.4356950000000001,False,False,True,3,0.8333333333333334
article,open,open,0.5370982971222854,0.04685727583372381,16,0.6161216046825284,7,0.1333333333333333,0.4288125000000001,False,False,True,3,1.0
syndrome,open,open,0.5197421141597387,0.046831560649187795,5,0.5343829898349378,8,0.0666666666666666,0.28236,False,False,True,2,1.0
controls,open,open,0.5458882049405847,0.04668090336189434,28,0.644951443477734,8,0.0666666666666666,0.3227428571428571,False,False,True,2,0.875
somehow,open,open,0.5806548964265567,0.046395258752571944,52,0.6713352524602902,7,0.0666666666666666,0.08205,False,False,True,3,0.8571428571428571
target,open,open,0.49913244456157096,0.046381728162214586,19,0.6255609474815194,6,0.1333333333333333,0.2809894736842105,False,False,True,2,0.8333333333333334
fraction,open,open,0.5546979854606445,0.04624003259777053,17,0.6195156162140293,8,0.0666666666666666,0.4957941176470588,False,False,True,3,1.0
script,open,open,0.582768885429051,0.04621967759571268,75,0.6848046240657477,6,0.1333333333333333,0.3293253333333334,False,False,True,1,1.0
morals,open,open,0.5171750359222627,0.04596174575635908,27,0.6432363202993117,6,0.0666666666666666,0.2933,False,False,True,2,1.0
optional,open,open,0.5360159332227363,0.04585423685992859,21,0.6308081703830098,8,0.0666666666666666,0.3236857142857143,False,False,True,4,0.875
laptop,open,open,0.5995577073888703,0.045434929788586806,75,0.6848046240657477,6,0.0666666666666666,0.3895039999999997,False,False,True,2,0.8333333333333334
moving,open,open,0.5668869589662477,0.04540644842594165,55,0.6734908190761342,6,0.1333333333333333,0.3267672727272727,False,False,True,2,1.0
applied,open,open,0.5311466572080125,0.04521676645568788,17,0.6195156162140293,7,0.1333333333333333,0.2848117647058823,False,False,True,3,0.8571428571428571
somewhat,open,open,0.5494323265414182,0.04504745616612988,34,0.6537774330630485,8,0.1333333333333333,0.3053470588235294,False,False,True,3,1.0
involved,open,open,0.5517478565274387,0.04504745616612988,31,0.6496462468470389,8,0.1333333333333333,0.299974193548387,False,False,True,3,0.875
prompted,open,open,0.5504204298985207,0.04504745616612988,31,0.6496462468470389,8,0.0666666666666666,0.3049322580645161,False,False,True,2,0.875
unbiased,open,open,0.5517478565274387,0.04504745616612988,32,0.6510797546220851,8,0.0666666666666666,0.302309375,False,False,True,4,1.0
notebook,open,open,0.5466005587781743,0.04503881837698127,17,0.6195156162140293,8,0.0666666666666666,0.3853705882352941,False,False,True,4,0.75
deserves,open,open,0.6366439389128474,0.04476075748634075,95,0.6927971477338802,8,0.0666666666666666,0.539543157894737,False,False,True,3,0.625
sessions,open,open,0.6192291334207957,0.044757950774396336,69,0.6818596751944429,8,0.0666666666666666,0.3725884057971015,False,False,True,3,0.625
included,open,open,0.5712884870802434,0.044707338557611956,36,0.6562743313773061,8,0.1333333333333333,0.4057388888888888,False,False,True,3,0.875
earpiece,open,open,0.5213341054190566,0.04435386827573267,8,0.571637330557974,8,0.0666666666666666,0.3230499999999999,False,False,True,5,0.75
resets,open,open,0.5290934634687764,0.044321094866480525,37,0.6574555658168466,6,0.1333333333333333,0.2886945945945946,False,False,True,2,0.6666666666666666
remain,open,open,0.5467437837386927,0.043896959480311214,38,0.6585957192988778,6,0.1333333333333333,0.3919947368421052,False,False,True,3,1.0
contents,open,open,0.5545512217300843,0.043832391236291075,22,0.6331875282688906,8,0.1333333333333333,0.3908,False,False,True,2,0.75
dialogue,open,open,0.5559748467976172,0.04347047067625371,27,0.6432363202993117,8,0.0666666666666666,0.3719111111111111,False,False,True,5,1.0
breaking,open,open,0.5670271410613235,0.04317490441970962,45,0.6656118611656676,8,0.2,0.3721333333333333,False,False,True,3,1.0
uploads,open,open,0.5965452648351679,0.043038208570008465,62,0.6779793320451609,7,0.1333333333333333,0.3023129032258065,False,False,True,3,1.0
invented,open,open,0.5474417621940418,0.0429834379892069,19,0.6255609474815194,8,0.1333333333333333,0.363678947368421,False,False,True,3,0.75
million,open,open,0.5919176748245665,0.04291608050208255,53,0.672071252218482,7,0.1333333333333333,0.3878018867924528,False,False,True,3,0.7142857142857143
bundle,open,open,0.49082296314438517,0.04278547090034885,11,0.5934578873666095,6,0.1333333333333333,0.4202454545454545,False,False,True,2,1.0
massive,open,open,0.6026982355865087,0.042755554339442114,62,0.6779793320451609,7,0.1333333333333333,0.0798177419354838,False,False,True,3,0.8571428571428571
overlay,open,open,0.5273902857603434,0.04268553970913463,15,0.6124288945957818,7,0.1333333333333333,0.08232,False,False,True,3,1.0
employee,open,open,0.5309334281084348,0.042526089735759436,10,0.5871908758202614,8,0.0666666666666666,0.3389399999999999,False,False,True,4,0.75
putting,open,open,0.617285019336926,0.04248929468292953,81,0.6874632625419423,7,0.0666666666666666,0.3666827160493827,False,False,True,2,0.8571428571428571
organized,open,open,0.6648342387693384,0.04247525399572697,119,0.6999594881495779,9,0.1333333333333333,0.6398689075630247,False,False,True,4,1.0
drawback,open,open,0.5535619599475461,0.04231123586910488,22,0.6331875282688906,8,0.0666666666666666,0.3671909090909091,False,False,True,2,0.875
treat,open,open,0.4850193044763941,0.04228783367940265,59,0.6761398487645733,5,0.1333333333333333,0.4314372881355932,False,False,True,2,0.8
speaker,open,open,0.5903320997849549,0.04226731248339697,50,0.6698067935179771,7,0.0666666666666666,0.4087720000000001,False,False,True,3,0.8571428571428571
thumbnails,open,open,0.5532621307678535,0.042238573995049024,9,0.5800052903735844,10,0.0666666666666666,0.4670444444444445,False,False,True,3,1.0
phrasing,open,open,0.5324323698690651,0.04216272366414686,10,0.5871908758202614,8,0.1333333333333333,0.28469,False,False,True,2,1.0
treating,open,open,0.5324323698690651,0.04216272366414686,10,0.5871908758202614,8,0.0666666666666666,0.28445,False,False,True,3,0.875
enormous,open,open,0.5226183043696611,0.04209695812331034,8,0.571637330557974,8,0.0666666666666666,0.3153374999999999,False,False,True,4,0.875
commonly,open,open,0.530499819315313,0.042039581170717585,7,0.5617012295157272,8,0.0666666666666666,0.3828999999999999,False,False,True,2,0.75
worthy,open,open,0.5203078208389416,0.042038944318516666,24,0.6375399955160673,6,0.1333333333333333,0.3865916666666666,False,False,True,1,1.0
grammar,open,open,0.5623580101187785,0.042030649147366865,41,0.6617935805169496,7,0.0666666666666666,0.3855170731707317,False,False,True,2,0.5714285714285714
caution,open,open,0.5290988963433272,0.04194326123576755,16,0.6161216046825284,7,0.1333333333333333,0.30009375,False,False,True,4,1.0
existed,open,open,0.5440545680520738,0.04191034385423322,18,0.6226511014835566,7,0.0666666666666666,0.4029944444444444,False,False,True,3,0.8571428571428571
swapping,open,open,0.522510810458591,0.041884058876138185,6,0.5496051325127768,8,0.0666666666666666,0.3356999999999999,False,False,True,2,0.875
branch,open,open,0.5045441935013254,0.041853919753854774,19,0.6255609474815194,6,0.1333333333333333,0.3240157894736842,False,False,True,1,1.0
letter,open,open,0.6012671800029856,0.04183004911080147,63,0.6785672301966525,6,0.1333333333333333,0.4106523809523809,False,False,True,2,0.6666666666666666
poster,open,open,0.5320969282198588,0.041820609936225155,36,0.6562743313773061,6,0.0666666666666666,0.3231305555555554,False,False,True,2,1.0
kids,open,open,0.5208291660183161,0.04181100742144306,87,0.6898823598382903,4,0.1333333333333333,0.5124528735632186,True,False,True,1,1.0
empathy,open,open,0.5485329154716251,0.04179306155502537,25,0.6395392040666789,7,0.0666666666666666,0.409032,False,False,True,2,1.0
billions,open,open,0.5329788180457082,0.041756505021385365,7,0.5617012295157272,8,0.0666666666666666,0.4109857142857143,False,False,True,3,0.75
printing,open,open,0.5431579435805325,0.04174825563494407,11,0.5934578873666095,8,0.1333333333333333,0.3986454545454545,False,False,True,2,0.75
symptoms,open,open,0.5417463083227433,0.04174825563494407,11,0.5934578873666095,8,0.0666666666666666,0.3908454545454546,False,False,True,1,0.75
effective,open,open,0.6702810204781552,0.041719687083578795,150,0.7069029428079567,9,0.0666666666666666,0.7222833333333333,False,False,True,4,0.6666666666666666
improving,open,open,0.6679625655068672,0.041719687083578795,138,0.7044485209146873,9,0.0666666666666666,0.7272985507246379,False,False,True,3,0.8888888888888888
chosen,open,open,0.5051703388766672,0.04169394412010678,17,0.6195156162140293,6,0.2,0.3343823529411764,False,False,True,2,1.0
filters,open,open,0.5753979137829177,0.04166300873609627,54,0.6727895226904915,7,0.1333333333333333,0.2671148148148148,False,False,True,2,1.0
invested,open,open,0.5222996520377872,0.04162830251677586,6,0.5496051325127768,8,0.1333333333333333,0.3539833333333333,False,False,True,3,0.875
soulless,open,open,0.5205898032644586,0.04162830251677586,5,0.5343829898349378,8,0.0666666666666666,0.35288,False,False,True,3,0.625
analyze,open,open,0.617567213375447,0.04151323906786809,64,0.6791432659055908,7,0.0666666666666666,0.368975,False,False,True,3,0.8571428571428571
mobiles,open,open,0.5227358973259161,0.04130713642131532,8,0.571637330557974,7,0.0666666666666666,0.4118125,False,False,True,3,1.0
firstly,open,open,0.5277697444199364,0.04130245526158767,16,0.6161216046825284,7,0.0666666666666666,0.32946875,False,False,True,1,1.0
degrees,open,open,0.5129400944422826,0.041248677649347316,6,0.5496051325127768,7,0.0666666666666666,0.3077166666666667,False,False,True,3,0.7142857142857143
regular,open,open,0.6088876582020603,0.04118114566200476,78,0.6861665279438015,7,0.1333333333333333,0.3441115384615385,False,False,True,3,0.8571428571428571
include,open,open,0.6268825388179057,0.04093936807333632,68,0.6813369800735739,7,0.1333333333333333,0.4615338235294116,False,False,True,3,1.0
catches,open,open,0.5216353335253429,0.040895847206393235,10,0.5871908758202614,7,0.0666666666666666,0.33103,False,False,True,2,0.8571428571428571
arabic,open,open,0.5669186824313688,0.040884780554083934,52,0.6713352524602902,6,0.1333333333333333,0.3112326923076923,False,False,True,3,0.8333333333333334
rabbit,open,open,0.4930229478151648,0.04082280215017999,13,0.6039359308784116,6,0.1333333333333333,0.3279615384615385,False,False,True,2,0.8333333333333334
driving,open,open,0.5506987044003976,0.040820408297358036,47,0.6673591784382801,7,0.2,0.3143446808510639,False,False,True,2,0.8571428571428571
copying,open,open,0.5385002827609677,0.04078213690642488,27,0.6432363202993117,7,0.1333333333333333,0.092674074074074,False,False,True,2,1.0
refresh,open,open,0.5490262641449153,0.04077084594511906,29,0.6465873928647587,7,0.1333333333333333,0.0922344827586207,False,False,True,2,0.7142857142857143
frontier,open,open,0.5323781003064414,0.04076071249417012,10,0.5871908758202614,8,0.1333333333333333,0.3473199999999999,False,False,True,3,0.875
effect,open,open,0.5324718357039798,0.0407459659436083,28,0.644951443477734,6,0.1333333333333333,0.3735428571428571,False,False,True,2,0.6666666666666666
voices,open,open,0.5851417064369131,0.040710227255999674,55,0.6734908190761342,6,0.1333333333333333,0.364989090909091,False,False,True,3,1.0
custom,open,open,0.5742751312943931,0.04069434825216982,53,0.672071252218482,6,0.1333333333333333,0.359843396226415,False,False,True,2,1.0
volumes,open,open,0.5117752186054167,0.04060787167516744,5,0.5343829898349378,7,0.0666666666666666,0.33062,False,False,True,3,1.0
mocking,open,open,0.5117752186054167,0.04060787167516744,5,0.5343829898349378,7,0.2,0.33182,False,False,True,2,1.0
private,open,open,0.5912380480011508,0.0405866658875731,67,0.6808043476166022,7,0.1333333333333333,0.2004223880597014,False,False,True,3,1.0
record,open,open,0.5511273520024188,0.04049547573347534,43,0.6637605539783985,6,0.2,0.3747488372093023,False,False,True,2,0.8333333333333334
exists,open,open,0.516137258471831,0.040366789617418734,26,0.6414349232056878,6,0.0666666666666666,0.3083346153846155,False,False,True,2,0.8333333333333334
widget,open,open,0.5310218329301142,0.04035549865611291,31,0.6496462468470389,6,0.0666666666666666,0.3030354838709678,False,False,True,2,1.0
wanting,open,open,0.5358153843516061,0.04034192796581516,36,0.6562743313773061,7,0.2,0.2656055555555556,False,False,True,2,0.8571428571428571
clearer,open,open,0.5256620759512308,0.040337563643531464,21,0.6308081703830098,7,0.0666666666666666,0.2745095238095238,False,False,True,3,0.7142857142857143
spoken,open,open,0.5523947201411744,0.04029207880252589,37,0.6574555658168466,6,0.1333333333333333,0.4078864864864866,False,False,True,2,1.0
shorter,open,open,0.5518678221079132,0.040269144711992604,30,0.648150460701653,7,0.0666666666666666,0.3135966666666667,False,False,True,2,0.8571428571428571
talkback,open,open,0.5396957439084142,0.04022710026775788,13,0.6039359308784116,8,0.0666666666666666,0.3670307692307692,False,False,True,2,0.75
focusing,open,open,0.5394202330014657,0.04022710026775788,11,0.5934578873666095,8,0.0666666666666666,0.3643363636363636,False,False,True,3,1.0
lights,open,open,0.5260575913956274,0.040220097323798214,27,0.6432363202993117,6,0.1333333333333333,0.3579111111111111,False,False,True,1,1.0
follows,open,open,0.5639041190261023,0.04009187071741656,46,0.6664978557621422,7,0.0666666666666666,0.3790804347826088,False,False,True,2,0.7142857142857143
deserve,open,open,0.597260015440513,0.04001581447993962,78,0.6861665279438015,7,0.0666666666666666,0.1490782051282051,False,False,True,3,0.7142857142857143
appears,open,open,0.6022989642602199,0.04001581447993962,78,0.6861665279438015,7,0.0666666666666666,0.1200833333333333,False,False,True,3,0.7142857142857143
rectify,open,open,0.5388144280680367,0.03998621140919294,15,0.6124288945957818,7,0.0666666666666666,0.3967599999999999,False,False,True,2,1.0
utilize,open,open,0.5620471654626307,0.0399752687595925,38,0.6585957192988778,7,0.0666666666666666,0.3668315789473684,False,False,True,4,0.8571428571428571
overly,open,open,0.5424165224092312,0.03996960711366526,40,0.6607625402758197,6,0.0666666666666666,0.3593024999999999,False,False,True,2,1.0
archive,open,open,0.5623678246119004,0.03985200061687674,36,0.6562743313773061,7,0.1333333333333333,0.3658555555555555,False,False,True,3,1.0
dropped,open,open,0.5274171522162607,0.039760785887134116,20,0.6282723810177272,7,0.1333333333333333,0.15515,False,False,True,2,0.7142857142857143
formula,open,open,0.5296278196395161,0.039600342281462426,20,0.6282723810177272,7,0.0666666666666666,0.172045,False,False,True,3,1.0
compile,open,open,0.5264300965960296,0.03955987466665512,9,0.5800052903735844,7,0.1333333333333333,0.3874555555555556,False,False,True,3,1.0
predict,open,open,0.5246915643479627,0.03955987466665512,7,0.5617012295157272,7,0.1333333333333333,0.3973142857142857,False,False,True,2,1.0
equally,open,open,0.542576100399078,0.03948573423245235,13,0.6039359308784116,7,0.0666666666666666,0.4595307692307692,False,False,True,3,0.8571428571428571
adults,open,open,0.590141596122864,0.03940925825996544,49,0.6690125598689335,6,0.0666666666666666,0.4557673469387756,False,False,True,2,1.0
advise,open,open,0.5879434184280014,0.03940925825996544,51,0.6705807189178685,6,0.0666666666666666,0.453278431372549,False,False,True,3,1.0
drawing,open,open,0.5831446815630092,0.03939186087717228,48,0.6681970379894457,7,0.1333333333333333,0.3430875,False,False,True,2,1.0
tweaks,open,open,0.5044178983840244,0.03939074708887778,15,0.6124288945957818,6,0.1333333333333333,0.3985133333333332,False,False,True,2,1.0
ground,open,open,0.5425694940027318,0.039378272108101874,27,0.6432363202993117,6,0.2,0.4413703703703704,False,False,True,2,1.0
translation,open,open,0.6024977972788892,0.03936637737648311,50,0.6698067935179771,11,0.0666666666666666,0.2973260000000001,False,False,True,4,0.7272727272727273
clients,open,open,0.5237516533485087,0.03929349071166731,10,0.5871908758202614,7,0.0666666666666666,0.09219,False,False,True,2,1.0
tuition,open,open,0.5272253339499913,0.03924283474763768,7,0.5617012295157272,7,0.0666666666666666,0.4584714285714285,False,False,True,4,0.7142857142857143
mentally,open,open,0.5357841017929164,0.03924283332223243,20,0.6282723810177272,8,0.0666666666666666,0.27023,False,False,True,2,0.875
careful,open,open,0.594851961206576,0.039233753255127526,68,0.6813369800735739,7,0.0666666666666666,0.1853117647058823,False,False,True,3,1.0
husband,open,open,0.5421709204969491,0.0391862170604063,10,0.5871908758202614,7,0.0666666666666666,0.46575,False,False,True,2,1.0
mundane,open,open,0.5147579277988791,0.03911069527167966,6,0.5496051325127768,7,0.1333333333333333,0.0918833333333333,False,False,True,3,0.8571428571428571
insanely,open,open,0.5652427603707757,0.03900126141688828,24,0.6375399955160673,8,0.0666666666666666,0.4411083333333334,False,False,True,3,0.875
preachy,open,open,0.5274889994010465,0.03889824152918051,5,0.5343829898349378,7,0.0666666666666666,0.46324,False,False,True,2,1.0
russian,open,open,0.527236713455938,0.03889824152918051,6,0.5496051325127768,7,0.1333333333333333,0.46575,False,False,True,3,0.8571428571428571
drives,open,open,0.4874631955435438,0.038885675466387014,10,0.5871908758202614,6,0.1333333333333333,0.29984,False,False,True,2,1.0
specify,open,open,0.5276641520790047,0.03882237431169405,14,0.6083877907186052,7,0.0666666666666666,0.3188214285714286,False,False,True,2,1.0
affect,open,open,0.4987222971825959,0.038804676852191064,16,0.6161216046825284,6,0.1333333333333333,0.3344375,False,False,True,2,0.8333333333333334
advised,open,open,0.5242719673511496,0.038638937053970895,13,0.6039359308784116,7,0.1333333333333333,0.3184923076923077,False,False,True,3,0.8571428571428571
patience,open,open,0.5872552739949332,0.03858729519873097,32,0.6510797546220851,8,0.0666666666666666,0.462990625,False,False,True,4,0.875
outfit,open,open,0.49341409924458496,0.03854430539950102,16,0.6161216046825284,6,0.0666666666666666,0.28028125,False,False,True,3,0.8333333333333334
diagram,open,open,0.5539121679408977,0.038543851595951965,32,0.6510797546220851,7,0.1333333333333333,0.342053125,False,False,True,3,0.8571428571428571
carried,open,open,0.5234205474101198,0.03847111385320988,10,0.5871908758202614,7,0.0666666666666666,0.3321899999999999,False,False,True,3,0.8571428571428571
restore,open,open,0.5330463453142825,0.038445345390707666,38,0.6585957192988778,7,0.1333333333333333,0.2504999999999999,False,False,True,3,0.7142857142857143
deliver,open,open,0.5372900373962094,0.038445345390707666,40,0.6607625402758197,7,0.0666666666666666,0.256025,False,False,True,3,0.8571428571428571
sorted,open,open,0.49100679734052477,0.038358631827091455,10,0.5871908758202614,6,0.0666666666666666,0.35078,False,False,True,2,1.0
realism,open,open,0.5130594175560212,0.03835096152274511,5,0.5343829898349378,7,0.0666666666666666,0.31734,False,False,True,3,1.0
render,open,open,0.49283139766573847,0.03832113460202975,14,0.6083877907186052,6,0.1333333333333333,0.2811499999999999,False,False,True,2,0.6666666666666666
desired,open,open,0.5715635261414691,0.037975211200909895,27,0.6432363202993117,7,0.1333333333333333,0.4536,False,False,True,3,0.7142857142857143
neutral,open,open,0.5604535815097322,0.037975211200909895,22,0.6331875282688906,7,0.1333333333333333,0.4543363636363637,False,False,True,3,1.0
impacts,open,open,0.5114909239644692,0.03792453934973253,8,0.571637330557974,7,0.1333333333333333,0.2013499999999999,False,False,True,2,1.0
clarify,open,open,0.5819582863803457,0.03772472099077694,38,0.6585957192988778,7,0.0666666666666666,0.4572578947368422,False,False,True,2,1.0
ease,open,open,0.5607895684312254,0.037690037653503185,86,0.689494158004852,4,0.1333333333333333,0.752556976744186,True,False,True,3,0.75
python,open,open,0.5509415942989376,0.0375779699991011,28,0.644951443477734,6,0.0666666666666666,0.4550928571428572,False,False,True,1,1.0
headache,open,open,0.5381427707376732,0.037561064442763206,20,0.6282723810177272,8,0.0666666666666666,0.1922349999999999,False,False,True,4,0.625
persons,open,open,0.5303878081238785,0.037459548587196315,15,0.6124288945957818,7,0.1333333333333333,0.3427866666666668,False,False,True,2,0.8571428571428571
measure,open,open,0.5222307412114225,0.03729872801625849,6,0.5496051325127768,7,0.1333333333333333,0.3669666666666666,False,False,True,4,0.8571428571428571
cleared,open,open,0.5441699951603112,0.03722271145779114,41,0.6617935805169496,7,0.1333333333333333,0.1831487804878049,False,False,True,3,0.8571428571428571
quantum,open,open,0.5488474825320037,0.037219823450278744,15,0.6124288945957818,7,0.0666666666666666,0.4560666666666667,False,False,True,3,0.8571428571428571
uniform,open,open,0.5160267863075619,0.0370332118446585,7,0.5617012295157272,7,0.2,0.3408285714285714,False,False,True,3,1.0
banking,open,open,0.5152525376958355,0.03698813579824737,6,0.5496051325127768,7,0.1333333333333333,0.3485833333333333,False,False,True,2,0.8571428571428571
remains,open,open,0.5436118418077014,0.03695377849455768,46,0.6664978557621422,7,0.1333333333333333,0.2220021739130435,False,False,True,3,1.0
boundaries,open,open,0.5937935642914579,0.03679626690321294,29,0.6465873928647587,10,0.0666666666666666,0.4698482758620689,False,False,True,5,1.0
rollout,open,open,0.5275226931849359,0.03679348670774093,7,0.5617012295157272,7,0.0666666666666666,0.4553285714285714,False,False,True,3,0.7142857142857143
iranian,open,open,0.5287862572219064,0.03679348670774093,7,0.5617012295157272,7,0.1333333333333333,0.4560285714285714,False,False,True,4,0.5714285714285714
generic,open,open,0.5855045936834561,0.036772528162727476,55,0.6734908190761342,7,0.1333333333333333,0.1249599999999999,False,False,True,3,0.8571428571428571
outside,open,open,0.5746833411017491,0.036772528162727476,48,0.6681970379894457,7,0.2,0.1433499999999999,False,False,True,4,1.0
objects,open,open,0.5260386183327572,0.03674841066132979,5,0.5343829898349378,7,0.1333333333333333,0.4492199999999999,False,False,True,2,1.0
earning,open,open,0.5282872657728381,0.03674841066132979,5,0.5343829898349378,7,0.0666666666666666,0.4574399999999999,False,False,True,3,0.8571428571428571
production,open,open,0.5685310213473076,0.036727388274042164,21,0.6308081703830098,10,0.0666666666666666,0.4803333333333333,False,False,True,4,0.9
recover,open,open,0.5249706410068283,0.03667479340679035,24,0.6375399955160673,7,0.1333333333333333,0.2253083333333333,False,False,True,3,0.7142857142857143
proceed,open,open,0.5255195366644695,0.03659741923932798,18,0.6226511014835566,7,0.0666666666666666,0.2634333333333333,False,False,True,3,0.8571428571428571
algebra,open,open,0.5163690520460213,0.036571626717286955,7,0.5617012295157272,7,0.0666666666666666,0.1866428571428571,False,False,True,3,0.8571428571428571
misuse,open,open,0.5030153408662724,0.03652809928685774,12,0.5989937658314455,6,0.0666666666666666,0.4449083333333333,False,False,True,3,0.8333333333333334
novice,open,open,0.5000671765352552,0.03652809928685774,10,0.5871908758202614,6,0.1333333333333333,0.4436800000000001,False,False,True,3,1.0
signing,open,open,0.5392303407346265,0.036525783051908005,37,0.6574555658168466,7,0.1333333333333333,0.2098108108108108,False,False,True,2,0.5714285714285714
bullet,open,open,0.5018097415770081,0.0365041006595892,12,0.5989937658314455,6,0.0666666666666666,0.370925,False,False,True,2,0.8333333333333334
behalf,open,open,0.48350307696086453,0.0364649876873336,9,0.5800052903735844,6,0.0666666666666666,0.3782888888888889,False,False,True,2,1.0
googles,open,open,0.5206300443023615,0.03642796872044961,10,0.5871908758202614,7,0.1333333333333333,0.27149,False,False,True,3,0.7142857142857143
cricket,open,open,0.5190422970475199,0.03641398198160482,13,0.6039359308784116,7,0.1333333333333333,0.2535230769230769,False,False,True,2,0.8571428571428571
mother,open,open,0.5592264033539368,0.03637967191355348,35,0.6550492863214452,6,0.1333333333333333,0.4936171428571428,False,False,True,2,1.0
symbols,open,open,0.5252573238568885,0.03630103505394163,15,0.6124288945957818,7,0.0666666666666666,0.2249333333333333,False,False,True,1,0.8571428571428571
media,open,open,0.5106329305936527,0.036205702760651895,76,0.6852661982533583,5,0.0666666666666666,0.4543934210526315,False,False,True,3,1.0
remind,open,open,0.5329289827243994,0.03613709900154052,41,0.6617935805169496,6,0.0666666666666666,0.2769073170731708,False,False,True,2,1.0
judging,open,open,0.5208082550608867,0.03611759779621848,11,0.5934578873666095,7,0.0666666666666666,0.2271727272727272,False,False,True,2,0.8571428571428571
reduced,open,open,0.5456931291881815,0.03600271097781179,44,0.664699894291389,7,0.1333333333333333,0.1344681818181818,False,False,True,3,0.7142857142857143
tapped,open,open,0.4821103161269254,0.03595499807135338,7,0.5617012295157272,6,0.1333333333333333,0.3640285714285714,False,False,True,2,0.8333333333333334
publish,open,open,0.5195284706057365,0.03586660003117228,12,0.5989937658314455,7,0.0666666666666666,0.2307999999999999,False,False,True,2,1.0
pattern,open,open,0.5402335406369418,0.03584468023797734,33,0.6524554708460382,7,0.1333333333333333,0.1585272727272726,False,False,True,2,0.8571428571428571
smartphone,open,open,0.5633948430814115,0.03578856326568787,13,0.6039359308784116,10,0.0666666666666666,0.4810076923076923,False,False,True,3,1.0
billion,open,open,0.5307024335457051,0.03569552759361147,22,0.6331875282688906,7,0.1333333333333333,0.1687318181818181,False,False,True,3,0.7142857142857143
nigeria,open,open,0.5306099518781158,0.03548221284643445,19,0.6255609474815194,7,0.0666666666666666,0.1603421052631579,False,False,True,4,0.8571428571428571
deciding,open,open,0.5511598629129397,0.03542976069335519,10,0.5871908758202614,8,0.1333333333333333,0.4552,False,False,True,3,0.75
nervous,open,open,0.5229861691300751,0.0352987755887113,13,0.6039359308784116,7,0.0666666666666666,0.1640923076923077,False,False,True,3,1.0
lesson,open,open,0.529969215750812,0.03527688556205273,22,0.6331875282688906,6,0.0666666666666666,0.4564545454545455,False,False,True,2,0.8333333333333334
believer,open,open,0.5356596723047368,0.0351417851621294,5,0.5343829898349378,8,0.0666666666666666,0.45454,False,False,True,4,0.75
updating,open,open,0.6008883726636085,0.035053319972965895,61,0.6773791226501839,8,0.1333333333333333,0.2213327868852458,False,False,True,3,1.0
algorithms,open,open,0.5662319282187763,0.03505139942859741,20,0.6282723810177272,10,0.0666666666666666,0.4235300000000001,False,False,True,3,1.0
clearing,open,open,0.6011427689016813,0.03504678316817411,64,0.6791432659055908,8,0.1333333333333333,0.1593828124999999,False,False,True,3,1.0
cookies,open,open,0.505602445906513,0.035013081229569296,5,0.5343829898349378,7,0.0666666666666666,0.23772,False,False,True,4,0.8571428571428571
century,open,open,0.561074508615336,0.035003673903584456,23,0.6354268000766977,7,0.0666666666666666,0.4894695652173912,False,False,True,2,1.0
crucial,open,open,0.5622213057596905,0.035003673903584456,23,0.6354268000766977,7,0.0666666666666666,0.4816304347826086,False,False,True,3,0.8571428571428571
abruptly,open,open,0.5375706690923939,0.034563251957172525,13,0.6039359308784116,8,0.0666666666666666,0.0892076923076923,False,False,True,2,1.0
transition,open,open,0.5543649589469145,0.03455646729668994,8,0.571637330557974,10,0.1333333333333333,0.4653875,False,False,True,4,0.7
pretend,open,open,0.5342308437719385,0.03441124519719564,16,0.6161216046825284,7,0.1333333333333333,0.07705625,False,False,True,2,0.8571428571428571
economic,open,open,0.5274729596958211,0.03439675502943227,10,0.5871908758202614,8,0.0666666666666666,0.2409899999999999,False,False,True,4,0.75
flagged,open,open,0.5325149702523716,0.034324766045440956,22,0.6331875282688906,7,0.0666666666666666,0.1023999999999999,False,False,True,2,0.8571428571428571
circles,open,open,0.540288760742209,0.034324766045440956,28,0.644951443477734,7,0.1333333333333333,0.1037999999999999,False,False,True,2,0.8571428571428571
minimum,open,open,0.5325149702523716,0.034324766045440956,23,0.6354268000766977,7,0.1333333333333333,0.1000173913043478,False,False,True,3,0.5714285714285714
pushing,open,open,0.5447400592530363,0.03431347508413513,34,0.6537774330630485,7,0.2,0.0982882352941176,False,False,True,2,1.0
portion,open,open,0.5257319730025454,0.034286526976353635,11,0.5934578873666095,7,0.0666666666666666,0.1788909090909091,False,False,True,3,0.8571428571428571
majority,open,open,0.5325824602450127,0.034250899846555105,25,0.6395392040666789,8,0.0666666666666666,0.246192,False,False,True,3,1.0
generative,open,open,0.601180248773384,0.034198977748145364,40,0.6607625402758197,10,0.0666666666666666,0.4520725,False,False,True,5,0.8
capping,open,open,0.5093725558861006,0.034184529564537935,5,0.5343829898349378,7,0.1333333333333333,0.1643,False,False,True,2,0.8571428571428571
trained,open,open,0.5457042695810559,0.03417575569055861,37,0.6574555658168466,7,0.1333333333333333,0.1209918918918919,False,False,True,3,1.0
contact,open,open,0.5448160951761571,0.03417575569055861,42,0.6627923278454898,7,0.0666666666666666,0.1452190476190476,False,False,True,2,0.7142857142857143
release,open,open,0.543663388929936,0.03417575569055861,41,0.6617935805169496,7,0.1333333333333333,0.1513073170731706,False,False,True,4,0.7142857142857143
smoothly,open,open,0.6300457776353036,0.034174484637644865,68,0.6813369800735739,8,0.0666666666666666,0.4762029411764706,False,False,True,2,0.875
finished,open,open,0.5857920877738679,0.03415390842090333,54,0.6727895226904915,8,0.1333333333333333,0.1542962962962963,False,False,True,3,0.875
abysmal,open,open,0.5141690409331909,0.034146988190238314,5,0.5343829898349378,7,0.0666666666666666,0.0710599999999999,False,False,True,2,0.8571428571428571
saving,open,open,0.6079917151231814,0.0341063662847941,77,0.6857200900157318,6,0.1333333333333333,0.469953246753247,False,False,True,2,1.0
climate,open,open,0.5177351729788886,0.034069162005277376,7,0.5617012295157272,7,0.0666666666666666,0.1703142857142857,False,False,True,3,1.0
combine,open,open,0.5454111073263426,0.034064848895230156,12,0.5989937658314455,7,0.1333333333333333,0.4867166666666667,False,False,True,3,1.0
madness,open,open,0.5151864585112436,0.03402408595886624,6,0.5496051325127768,7,0.0666666666666666,0.1712333333333333,False,False,True,2,0.8571428571428571
submits,open,open,0.5115832233093559,0.03402408595886624,5,0.5343829898349378,7,0.0666666666666666,0.17168,False,False,True,2,0.8571428571428571
worried,open,open,0.5294676271719613,0.033951007692592246,14,0.6083877907186052,7,0.1333333333333333,0.0985285714285714,False,False,True,3,0.8571428571428571
solves,open,open,0.5862852254890427,0.03392181001845586,57,0.6748452867147411,6,0.1333333333333333,0.4930894736842106,False,False,True,2,0.8333333333333334
forgot,open,open,0.5573489426765625,0.03385588414999858,48,0.6681970379894457,6,0.0666666666666666,0.1913083333333333,False,False,True,2,0.8333333333333334
enhanced,open,open,0.569345474999153,0.03383968538640355,23,0.6354268000766977,8,0.1333333333333333,0.4817695652173912,False,False,True,3,0.75
tasking,open,open,0.5278535836449681,0.03382194941041549,7,0.5617012295157272,7,0.0666666666666666,0.4780857142857142,False,False,True,2,1.0
courses,open,open,0.5349294365412481,0.03382194941041549,9,0.5800052903735844,7,0.1333333333333333,0.4788888888888888,False,False,True,3,0.8571428571428571
planner,open,open,0.5312020952044726,0.03382194941041549,8,0.571637330557974,7,0.0666666666666666,0.4780374999999999,False,False,True,2,0.8571428571428571
chaotic,open,open,0.5273545921958998,0.03377687336400436,5,0.5343829898349378,7,0.0666666666666666,0.48388,False,False,True,3,0.8571428571428571
global,open,open,0.5888788383090486,0.03376629120858999,51,0.6705807189178685,6,0.1333333333333333,0.4815,False,False,True,2,0.8333333333333334
beings,open,open,0.5108397966947987,0.03366870609193871,12,0.5989937658314455,6,0.0666666666666666,0.46435,False,False,True,2,1.0
markdown,open,open,0.5378530497931694,0.03363180137298682,11,0.5934578873666095,8,0.0666666666666666,0.0909545454545454,False,False,True,2,1.0
compares,open,open,0.5383708841134667,0.03356219286275153,12,0.5989937658314455,8,0.0666666666666666,0.2772666666666666,False,False,True,3,1.0
common,open,open,0.5771227519863037,0.03352591187010933,73,0.6838574622042377,6,0.1333333333333333,0.1126397260273972,False,False,True,2,0.6666666666666666
limiting,open,open,0.5524642402906949,0.03338409123598765,45,0.6656118611656676,8,0.0666666666666666,0.1604222222222222,False,False,True,3,0.75
attorney,open,open,0.5359709625838932,0.03333102132582311,10,0.5871908758202614,8,0.0666666666666666,0.1865,False,False,True,3,0.875
transparent,open,open,0.6069596725837673,0.03332292370412041,47,0.6673591784382801,11,0.0666666666666666,0.447036170212766,False,False,True,3,0.6363636363636364
artifact,open,open,0.5578110156087722,0.0333032932078157,47,0.6673591784382801,8,0.0666666666666666,0.1764212765957447,False,False,True,3,0.75
dropping,open,open,0.5360258822797509,0.03323369542805499,14,0.6083877907186052,8,0.2,0.2672857142857143,False,False,True,2,0.875
identity,open,open,0.5546749077139502,0.033223647630315954,45,0.6656118611656676,8,0.0666666666666666,0.16852,False,False,True,3,0.75
provider,open,open,0.5304964515351465,0.033181474870372527,12,0.5989937658314455,8,0.0666666666666666,0.2533,False,False,True,3,0.875
instruct,open,open,0.5304432106488332,0.033181474870372527,11,0.5934578873666095,8,0.1333333333333333,0.2613909090909091,False,False,True,2,0.875
promotes,open,open,0.5291441774556003,0.033181474870372527,10,0.5871908758202614,8,0.0666666666666666,0.2550900000000001,False,False,True,3,0.875
quickest,open,open,0.5304432106488332,0.033181474870372527,11,0.5934578873666095,8,0.0666666666666666,0.2635545454545455,False,False,True,3,1.0
searched,open,open,0.5467269875071717,0.033179997569206025,35,0.6550492863214452,8,0.0666666666666666,0.2195457142857143,False,False,True,3,0.875
resolved,open,open,0.5511682117725991,0.033179997569206025,29,0.6465873928647587,8,0.1333333333333333,0.2266965517241378,False,False,True,3,0.875
lectures,open,open,0.5354146730075126,0.033099054144340403,11,0.5934578873666095,8,0.1333333333333333,0.1944454545454545,False,False,True,3,0.875
remotely,open,open,0.5328581343376386,0.03305025817033183,12,0.5989937658314455,8,0.0666666666666666,0.2655333333333333,False,False,True,3,0.875
implement,open,open,0.5548951176115311,0.03304972338577817,25,0.6395392040666789,9,0.1333333333333333,0.28294,False,False,True,3,0.7777777777777778
pushes,open,open,0.49560668836650135,0.033041975626933624,19,0.6255609474815194,6,0.1333333333333333,0.1923684210526316,False,False,True,2,0.8333333333333334
robot,open,open,0.5117378101619966,0.032947930879452504,83,0.6882942616598658,5,0.0666666666666666,0.4820204819277107,False,False,True,2,0.8
verbal,open,open,0.4950348454564199,0.03294022665737894,18,0.6226511014835566,6,0.1333333333333333,0.2163888888888889,False,False,True,2,1.0
spectrum,open,open,0.5220611803283782,0.03293857538555786,7,0.5617012295157272,8,0.0666666666666666,0.2634571428571428,False,False,True,2,1.0
gujarati,open,open,0.5220611803283782,0.03293857538555786,7,0.5617012295157272,8,0.1333333333333333,0.2527999999999999,False,False,True,4,0.875
cultural,open,open,0.5198419786489112,0.032893499339146724,6,0.5496051325127768,8,0.0666666666666666,0.2578666666666667,False,False,True,3,0.75
routines,open,open,0.558500735701341,0.0328648314512242,17,0.6195156162140293,8,0.0666666666666666,0.4708882352941178,False,False,True,4,1.0
citizen,open,open,0.5233071354349863,0.03283611985068338,10,0.5871908758202614,7,0.0666666666666666,0.13055,False,False,True,3,0.8571428571428571
awkward,open,open,0.5265749531276639,0.03283611985068338,11,0.5934578873666095,7,0.0666666666666666,0.1070363636363636,False,False,True,2,0.7142857142857143
rounded,open,open,0.5262494531956723,0.03283611985068338,12,0.5989937658314455,7,0.1333333333333333,0.1266583333333333,False,False,True,3,0.8571428571428571
launched,open,open,0.5382291396546668,0.03281753017766313,15,0.6124288945957818,8,0.0666666666666666,0.2137866666666666,False,False,True,3,1.0
measures,open,open,0.5242919321234921,0.032807358685517166,8,0.571637330557974,8,0.1333333333333333,0.2690249999999999,False,False,True,4,0.75
successfully,open,open,0.5712951609553866,0.03276578349084311,18,0.6226511014835566,12,0.0666666666666666,0.4719166666666667,False,False,True,3,0.5833333333333334
barrier,open,open,0.5188309088524464,0.03269840045710686,7,0.5617012295157272,7,0.0666666666666666,0.1148857142857143,False,False,True,3,0.7142857142857143
selfish,open,open,0.5188309088524464,0.03269840045710686,7,0.5617012295157272,7,0.0666666666666666,0.1216142857142857,False,False,True,2,0.8571428571428571
knocked,open,open,0.5143134098853566,0.032653324410695725,6,0.5496051325127768,7,0.0666666666666666,0.1510666666666666,False,False,True,2,0.8571428571428571
expects,open,open,0.5143134098853566,0.032653324410695725,6,0.5496051325127768,7,0.0666666666666666,0.1363833333333333,False,False,True,2,0.8571428571428571
tickets,open,open,0.5126789591829138,0.032653324410695725,5,0.5343829898349378,7,0.1333333333333333,0.11754,False,False,True,2,0.8571428571428571
shortcut,open,open,0.5335727124914856,0.032634092919939975,11,0.5934578873666095,8,0.1333333333333333,0.2239454545454545,False,False,True,2,0.875
enabling,open,open,0.5333836413822869,0.032634092919939975,12,0.5989937658314455,8,0.1333333333333333,0.2213999999999999,False,False,True,3,0.875
protocol,open,open,0.533780070858665,0.032634092919939975,11,0.5934578873666095,8,0.0666666666666666,0.2145363636363636,False,False,True,3,0.75
prevents,open,open,0.5345313890096954,0.032514950876585354,15,0.6124288945957818,8,0.0666666666666666,0.24622,False,False,True,2,0.875
reviewed,open,open,0.5338070292600128,0.032514950876585354,14,0.6083877907186052,8,0.0666666666666666,0.2481071428571428,False,False,True,4,0.75
figuring,open,open,0.5514581510196447,0.032458223396029766,13,0.6039359308784116,8,0.0666666666666666,0.4721384615384615,False,False,True,3,0.75
modify,open,open,0.520999517766555,0.032443044181408844,30,0.648150460701653,6,0.0666666666666666,0.23008,False,False,True,2,1.0
tables,open,open,0.5068326733932828,0.032420204360906035,26,0.6414349232056878,6,0.1333333333333333,0.2434346153846154,False,False,True,2,1.0
minimize,open,open,0.5250597511636521,0.03239119343512531,8,0.571637330557974,8,0.0666666666666666,0.2264375,False,False,True,4,0.625
momentum,open,open,0.5275640472404486,0.03239119343512531,9,0.5800052903735844,8,0.0666666666666666,0.2100666666666666,False,False,True,3,0.75
known,open,open,0.5072490893380257,0.03236380678612188,70,0.6823727633956729,5,0.1333333333333333,0.4762728571428569,False,False,True,1,0.8
continuation,open,open,0.5661794067976557,0.03235917543564867,11,0.5934578873666095,12,0.0666666666666666,0.4739818181818181,False,False,True,6,0.5833333333333334
cooldown,open,open,0.5354164607776295,0.03225198690728594,14,0.6083877907186052,8,0.0666666666666666,0.2327142857142857,False,False,True,3,0.75
relation,open,open,0.5385598545346937,0.03221532391121511,8,0.571637330557974,8,0.0666666666666666,0.48605,False,False,True,4,1.0
simulate,open,open,0.542287195871469,0.03221532391121511,9,0.5800052903735844,8,0.1333333333333333,0.4737444444444444,False,False,True,4,1.0
smallest,open,open,0.5352113429751891,0.03221532391121511,7,0.5617012295157272,8,0.0666666666666666,0.4760285714285714,False,False,True,2,0.75
exposing,open,open,0.5344600655810126,0.03217024786480398,6,0.5496051325127768,8,0.0666666666666666,0.4745833333333333,False,False,True,3,1.0
einstein,open,open,0.5323610963562665,0.03217024786480398,5,0.5343829898349378,8,0.0666666666666666,0.4694,False,False,True,4,0.625
mental,open,open,0.5750164867858938,0.03215155591522941,68,0.6813369800735739,6,0.1333333333333333,0.1256220588235294,False,False,True,2,1.0
stored,open,open,0.5005394080184435,0.03210460889913006,24,0.6375399955160673,6,0.0666666666666666,0.2262791666666666,False,False,True,2,1.0
shooting,open,open,0.5170435760275531,0.03204353808763641,5,0.5343829898349378,8,0.1333333333333333,0.24476,False,False,True,3,0.875
recorded,open,open,0.5261836606461477,0.032001455643649715,6,0.5496051325127768,8,0.1333333333333333,0.0959833333333333,False,False,True,3,0.625
leaves,open,open,0.5164819639203122,0.031877500911031656,36,0.6562743313773061,6,0.1333333333333333,0.2352916666666666,False,False,True,3,0.8333333333333334
bother,open,open,0.531020952817676,0.03167287151461703,43,0.6637605539783985,6,0.0666666666666666,0.0811790697674418,False,False,True,2,1.0
exceeded,open,open,0.5512697387931876,0.031534411736639296,33,0.6524554708460382,8,0.0666666666666666,0.1745848484848484,False,False,True,4,0.5
frequent,open,open,0.5519764554392889,0.031396692343062776,37,0.6574555658168466,8,0.1333333333333333,0.1722324324324324,False,False,True,3,0.875
appear,open,open,0.554460928547338,0.03125868116795862,48,0.6681970379894457,6,0.0666666666666666,0.1364583333333333,False,False,True,3,0.6666666666666666
evaluate,open,open,0.5404200870560355,0.03125158992259615,14,0.6083877907186052,8,0.0666666666666666,0.1793357142857143,False,False,True,5,0.75
agreement,open,open,0.5654675379224112,0.031169149103656306,18,0.6226511014835566,9,0.0666666666666666,0.4162611111111112,False,False,True,4,0.7777777777777778
validate,open,open,0.5322835904193824,0.031111109773067466,13,0.6039359308784116,8,0.0666666666666666,0.2379615384615384,False,False,True,4,0.875
american,open,open,0.5899092165825592,0.031110838824046992,58,0.6754997548619163,8,0.1333333333333333,0.1386620689655172,False,False,True,4,0.875
accepted,open,open,0.5374754438289105,0.030988507087373253,13,0.6039359308784116,8,0.1333333333333333,0.1699692307692307,False,False,True,3,0.75
circle,open,open,0.5036197954854071,0.03098840375724917,26,0.6414349232056878,6,0.1333333333333333,0.0978192307692307,False,False,True,2,0.8333333333333334
awareness,open,open,0.5678565476212728,0.030807751745053295,21,0.6308081703830098,9,0.0666666666666666,0.4618904761904761,False,False,True,4,0.6666666666666666
utilization,open,open,0.532800767529067,0.03075830938754492,5,0.5343829898349378,11,0.0666666666666666,0.08906,False,False,True,6,0.7272727272727273
neutrality,open,open,0.5510446375885429,0.030584873751690153,8,0.571637330557974,10,0.0666666666666666,0.4374125,False,False,True,4,0.9
applying,open,open,0.5327308332026554,0.030500054676881452,7,0.5617012295157272,8,0.0666666666666666,0.4912857142857142,False,False,True,2,0.875
dollar,open,open,0.5214093713637046,0.0303308332432085,29,0.6465873928647587,6,0.0666666666666666,0.1617275862068965,False,False,True,2,0.8333333333333334
execution,open,open,0.5562721165974707,0.030328649313531516,19,0.6255609474815194,9,0.0666666666666666,0.2847842105263158,False,False,True,5,0.8888888888888888
highlights,open,open,0.5643695671734226,0.030219229977235043,11,0.5934578873666095,10,0.1333333333333333,0.4323636363636363,False,False,True,2,0.6
obtained,open,open,0.5242529727225956,0.030217683929034057,5,0.5343829898349378,8,0.0666666666666666,0.08116,False,False,True,4,1.0
coverage,open,open,0.5278031128312132,0.030079780715282722,7,0.5617012295157272,8,0.0666666666666666,0.1590142857142857,False,False,True,4,0.875
migrated,open,open,0.52083289364938,0.03003470466887159,5,0.5343829898349378,8,0.0666666666666666,0.1667,False,False,True,3,1.0
interfaces,open,open,0.5446645724404247,0.029931254446009248,6,0.5496051325127768,10,0.0666666666666666,0.4272500000000001,False,False,True,4,0.9
surrounding,open,open,0.5552257113706723,0.02985811161940597,6,0.5496051325127768,11,0.2,0.4175333333333333,False,False,True,4,0.7272727272727273
describe,open,open,0.6389534075046306,0.029753603434011643,89,0.6906420386261555,8,0.0666666666666666,0.5134662921348312,False,False,True,3,0.875
batata,open,open,0.4976366849178031,0.029741400195883512,24,0.6375399955160673,6,0.0666666666666666,0.1584666666666666,False,False,True,3,0.5
expanding,open,open,0.5640936620659599,0.029710244436924462,17,0.6195156162140293,9,0.1333333333333333,0.4446588235294118,False,False,True,3,0.8888888888888888
explained,open,open,0.6455591811372378,0.029468338801451884,81,0.6874632625419423,9,0.0666666666666666,0.444385185185185,False,False,True,4,0.8888888888888888
poetry,open,open,0.5118112849194978,0.029358057513380532,14,0.6083877907186052,6,0.0666666666666666,0.4839714285714285,False,False,True,2,1.0
competitive,open,open,0.5808448396058574,0.02914768684526237,22,0.6331875282688906,11,0.0666666666666666,0.4137863636363637,False,False,True,5,0.7272727272727273
lyrics,open,open,0.5044161573984111,0.028810919050672106,26,0.6414349232056878,6,0.1333333333333333,0.12935,False,False,True,1,1.0
necessarily,open,open,0.5566005801536029,0.028785279214748046,5,0.5343829898349378,11,0.0666666666666666,0.45968,False,False,True,4,0.8181818181818182
integrate,open,open,0.5863611665987637,0.02873402203435252,31,0.6496462468470389,9,0.1333333333333333,0.4341903225806451,False,False,True,4,0.7777777777777778
contract,open,open,0.5393793902860194,0.028663076706760472,25,0.6395392040666789,8,0.1333333333333333,0.149152,False,False,True,2,0.75
internal,open,open,0.5426251140859172,0.028663076706760472,21,0.6308081703830098,8,0.0666666666666666,0.1194571428571428,False,False,True,3,0.875
prices,open,open,0.5206010058656021,0.028661908695789766,37,0.6574555658168466,6,0.1333333333333333,0.1039432432432432,False,False,True,2,1.0
charging,open,open,0.5570225825061582,0.028651785745454652,29,0.6465873928647587,8,0.0666666666666666,0.1412999999999999,False,False,True,2,0.875
straightforward,open,open,0.5867736369703409,0.028522582882102174,42,0.6627923278454898,15,0.1333333333333333,0.4555928571428571,False,False,True,4,0.7333333333333333
streamlined,open,open,0.5581962285754996,0.028485762042701996,5,0.5343829898349378,11,0.1333333333333333,0.4603799999999999,False,False,True,4,0.9090909090909091
dictation,open,open,0.5575414817024711,0.02831776763466216,13,0.6039359308784116,9,0.0666666666666666,0.4819384615384615,False,False,True,4,0.7777777777777778
contacts,open,open,0.5371261511788714,0.02810588109618861,13,0.6039359308784116,8,0.0666666666666666,0.1485923076923077,False,False,True,2,0.75
possibility,open,open,0.5543905557561679,0.02808309222012023,12,0.5989937658314455,11,0.0666666666666666,0.2944916666666667,False,False,True,4,0.7272727272727273
duplicate,open,open,0.5427355520634894,0.028074868149847488,8,0.571637330557974,9,0.2,0.4708625,False,False,True,4,1.0
dictionary,open,open,0.5597571369502826,0.02801648866644874,10,0.5871908758202614,10,0.0666666666666666,0.42379,False,False,True,4,0.9
clarification,open,open,0.57741798974913,0.027877627823414207,17,0.6195156162140293,13,0.0666666666666666,0.4362647058823529,False,False,True,6,0.6923076923076923
willingness,open,open,0.5430536754556442,0.02779511668889444,5,0.5343829898349378,11,0.0666666666666666,0.29432,False,False,True,3,0.6363636363636364
interpret,open,open,0.553073854208845,0.027674806613130053,14,0.6083877907186052,9,0.0666666666666666,0.2960857142857143,False,False,True,3,0.6666666666666666
inaccessible,open,open,0.5573484299869387,0.027664445994218193,9,0.5800052903735844,12,0.1333333333333333,0.4176555555555555,False,False,True,5,0.6666666666666666
recommendations,open,open,0.58490197602726,0.027534299622789884,29,0.6465873928647587,15,0.0666666666666666,0.4430620689655172,False,False,True,6,0.7333333333333333
rendering,open,open,0.5478164516862388,0.027374173704773797,20,0.6282723810177272,9,0.0666666666666666,0.0965799999999999,False,False,True,3,0.6666666666666666
permanent,open,open,0.5626438387399901,0.02735988338843174,16,0.6161216046825284,9,0.1333333333333333,0.4370624999999999,False,False,True,3,0.7777777777777778
commercial,open,open,0.5548451739541204,0.02733973085425949,17,0.6195156162140293,10,0.1333333333333333,0.0729823529411764,False,False,True,4,0.8
accountable,open,open,0.5458149227378176,0.0273140252140713,5,0.5343829898349378,11,0.0666666666666666,0.28124,False,False,True,5,0.8181818181818182
household,open,open,0.5427088553152791,0.027248469870592238,7,0.5617012295157272,9,0.1333333333333333,0.2972857142857142,False,False,True,4,0.7777777777777778
extending,open,open,0.5400600689848022,0.027203393824181105,6,0.5496051325127768,9,0.0666666666666666,0.2948833333333332,False,False,True,3,0.7777777777777778
electronics,open,open,0.5626877239485404,0.02719821324646193,13,0.6039359308784116,11,0.0666666666666666,0.4281076923076922,False,False,True,4,0.8181818181818182
expectation,open,open,0.5682344405577634,0.02706355124391537,12,0.5989937658314455,11,0.0666666666666666,0.4135250000000001,False,False,True,5,0.8181818181818182
avoiding,open,open,0.5335537347861639,0.02703671111842638,9,0.5800052903735844,8,0.0666666666666666,0.1066111111111111,False,False,True,4,0.875
finishes,open,open,0.5315849502867188,0.02703671111842638,9,0.5800052903735844,8,0.1333333333333333,0.1352444444444444,False,False,True,3,0.75
geometry,open,open,0.5316332721038743,0.02703671111842638,7,0.5617012295157272,8,0.0666666666666666,0.0997428571428571,False,False,True,3,0.875
contrary,open,open,0.5292880125771018,0.02703671111842638,8,0.571637330557974,8,0.2,0.1417374999999999,False,False,True,2,0.875
roleplaying,open,open,0.5735039459225847,0.026991935387375588,10,0.5871908758202614,11,0.0666666666666666,0.44982,False,False,True,4,0.9090909090909091
bankrupt,open,open,0.5271157731367843,0.02699163507201525,6,0.5496051325127768,8,0.2,0.1477333333333333,False,False,True,2,1.0
flooding,open,open,0.5226942684225964,0.02699163507201525,5,0.5343829898349378,8,0.2,0.15,False,False,True,3,0.875
organisation,open,open,0.5681992787025013,0.026943232448935983,10,0.5871908758202614,12,0.0666666666666666,0.44308,False,False,True,6,0.6666666666666666
cooperation,open,open,0.5553262444561488,0.026775575712689577,5,0.5343829898349378,11,0.0666666666666666,0.41252,False,False,True,6,0.8181818181818182
grammatical,open,open,0.5595515863881955,0.026749035902560923,7,0.5617012295157272,11,0.0666666666666666,0.4570285714285714,False,False,True,4,0.7272727272727273
talkative,open,open,0.5489623666920825,0.02671037584842265,9,0.5800052903735844,9,0.0666666666666666,0.4370333333333333,False,False,True,4,0.7777777777777778
confirmed,open,open,0.555494739090913,0.026528169331690686,15,0.6124288945957818,9,0.1333333333333333,0.4280933333333333,False,False,True,3,1.0
preferences,open,open,0.573293112763766,0.026232842168944462,35,0.6550492863214452,11,0.0666666666666666,0.3287428571428572,False,False,True,4,0.6363636363636364
summaries,open,open,0.5946600849329604,0.02621348385358391,38,0.6585957192988778,9,0.0666666666666666,0.4564973684210526,False,False,True,4,0.7777777777777778
heart,open,open,0.5882178962322464,0.02620454527096071,98,0.6938110809499752,5,0.0666666666666666,0.736377551020408,False,False,True,2,1.0
obviously,open,open,0.5720895516674875,0.026192382889596556,47,0.6673591784382801,9,0.0666666666666666,0.3203808510638297,False,False,True,4,0.8888888888888888
intrusive,open,open,0.5458080281584489,0.026165025218623496,25,0.6395392040666789,9,0.1333333333333333,0.084072,False,False,True,4,0.8888888888888888
scripting,open,open,0.5590377367122683,0.02600680323199971,14,0.6083877907186052,9,0.0666666666666666,0.4883642857142857,False,False,True,2,0.8888888888888888
depression,open,open,0.5568421030017836,0.025880837230851023,12,0.5989937658314455,10,0.0666666666666666,0.2994083333333333,False,False,True,4,0.8
attention,open,open,0.6251628644120218,0.025680118916257724,72,0.6833713636336338,9,0.0666666666666666,0.2993055555555555,False,False,True,4,0.6666666666666666
storyline,open,open,0.5642816271947503,0.025265949331066243,14,0.6083877907186052,9,0.0666666666666666,0.4528214285714286,False,False,True,3,1.0
manipulate,open,open,0.5576688161411315,0.02524003125667115,11,0.5934578873666095,10,0.0666666666666666,0.3243818181818181,False,False,True,5,0.9
originally,open,open,0.5678777036085692,0.02506725670559581,28,0.644951443477734,10,0.0666666666666666,0.3109535714285715,False,False,True,4,0.8
challenged,open,open,0.5506600043539613,0.024997131771856484,9,0.5800052903735844,10,0.0666666666666666,0.3309888888888889,False,False,True,3,0.8
scheduling,open,open,0.5474557124479563,0.024997131771856484,8,0.571637330557974,10,0.1333333333333333,0.330225,False,False,True,3,1.0
operational,open,open,0.5592695447455012,0.02498424076080631,14,0.6083877907186052,11,0.0666666666666666,0.3062857142857142,False,False,True,6,0.8181818181818182
questioning,open,open,0.5576632075020511,0.024800803503083158,12,0.5989937658314455,11,0.2,0.3020916666666667,False,False,True,5,0.8181818181818182
construction,open,open,0.5712405339431518,0.024753193715776677,13,0.6039359308784116,12,0.0666666666666666,0.4508,False,False,True,4,0.6666666666666666
insight,open,open,0.6525763447883539,0.02462418221079709,64,0.6791432659055908,7,0.0666666666666666,0.6240015625,False,False,True,2,0.8571428571428571
sensitive,open,open,0.645526185744624,0.02461578094742304,76,0.6852661982533583,9,0.1333333333333333,0.389403947368421,False,False,True,4,0.6666666666666666
fundamental,open,open,0.5495512751121625,0.024557904018268496,9,0.5800052903735844,11,0.1333333333333333,0.3033777777777778,False,False,True,4,0.8181818181818182
treatment,open,open,0.5396671928444655,0.0245386596302894,9,0.5800052903735844,9,0.0666666666666666,0.0924222222222222,False,False,True,3,0.6666666666666666
suggested,open,open,0.6024618480615933,0.024537466721328876,52,0.6713352524602902,9,0.1333333333333333,0.3334769230769231,False,False,True,3,0.6666666666666666
mathematics,open,open,0.5806726833372048,0.024359372401126532,46,0.6664978557621422,11,0.0666666666666666,0.3350108695652173,False,False,True,4,0.7272727272727273
transform,open,open,0.5702502428386835,0.024335679963435504,23,0.6354268000766977,9,0.1333333333333333,0.3828913043478261,False,False,True,2,0.8888888888888888
absurd,open,open,0.4999286891815833,0.024227116365196897,21,0.6308081703830098,6,0.1333333333333333,0.0744047619047619,False,False,True,2,1.0
confidently,open,open,0.5949251088444928,0.024142687597427707,38,0.6585957192988778,11,0.0666666666666666,0.3936184210526315,False,False,True,3,0.9090909090909091
wikipedia,open,open,0.5584017704750749,0.024067702233216637,18,0.6226511014835566,9,0.0666666666666666,0.3151166666666667,False,False,True,5,0.7777777777777778
controlling,open,open,0.556440049069411,0.023999739127543735,19,0.6255609474815194,11,0.1333333333333333,0.1786736842105263,False,False,True,3,0.7272727272727273
collected,open,open,0.5437277733301625,0.02396618115355516,9,0.5800052903735844,9,0.1333333333333333,0.3079222222222222,False,False,True,3,0.6666666666666666
represent,open,open,0.5457877642088654,0.02396618115355516,9,0.5800052903735844,9,0.0666666666666666,0.2999777777777777,False,False,True,3,0.6666666666666666
performing,open,open,0.6187984179470737,0.02396236252001252,54,0.6727895226904915,10,0.1333333333333333,0.3431259259259259,False,False,True,3,0.9
competition,open,open,0.6483730310567525,0.02384802644918538,62,0.6779793320451609,11,0.0666666666666666,0.3776774193548388,False,False,True,5,0.7272727272727273
generations,open,open,0.5981277882317081,0.0238361024728732,50,0.6698067935179771,11,0.0666666666666666,0.264214,False,False,True,5,0.8181818181818182
annoys,open,open,0.48924846276957606,0.023693589535019214,13,0.6039359308784116,6,0.1333333333333333,0.0733538461538461,False,False,True,2,0.8333333333333334
presenting,open,open,0.550188766923206,0.023652469414646483,12,0.5989937658314455,10,0.0666666666666666,0.0947166666666666,False,False,True,3,0.8
alternate,open,open,0.5508945846374853,0.02356827466418995,11,0.5934578873666095,9,0.2,0.3256090909090908,False,False,True,4,0.6666666666666666
wondering,open,open,0.5684955738357796,0.023476100260035708,17,0.6195156162140293,9,0.1333333333333333,0.3937941176470587,False,False,True,3,0.8888888888888888
analytical,open,open,0.5780520617157392,0.02339663956265135,28,0.644951443477734,10,0.0666666666666666,0.3609464285714286,False,False,True,4,0.7
expecting,open,open,0.5612087608121261,0.02339550011311461,22,0.6331875282688906,9,0.1333333333333333,0.3175318181818182,False,False,True,3,0.8888888888888888
necessary,open,open,0.6228251300442534,0.02336652590386312,60,0.6767661283438605,9,0.1333333333333333,0.3583166666666666,False,False,True,3,0.7777777777777778
carefully,open,open,0.5736724349840091,0.02321638595104776,29,0.6465873928647587,9,0.0666666666666666,0.3326206896551724,False,False,True,3,0.8888888888888888
temporary,open,open,0.5730482551530979,0.02321638595104776,29,0.6465873928647587,9,0.1333333333333333,0.3366448275862068,False,False,True,3,0.8888888888888888
comparisons,open,open,0.5425417084849605,0.023097898660620935,8,0.571637330557974,11,0.0666666666666666,0.11895,False,False,True,4,0.8181818181818182
regularly,open,open,0.6153808209903342,0.022916228508267925,53,0.672071252218482,9,0.0666666666666666,0.3742207547169812,False,False,True,3,0.7777777777777778
creators,open,open,0.6479931028669368,0.022707939120564128,68,0.6813369800735739,8,0.0666666666666666,0.594210294117647,False,False,True,3,0.875
curriculum,open,open,0.5560692971335442,0.022637768620430262,6,0.5496051325127768,10,0.0666666666666666,0.3853166666666667,False,False,True,4,0.6
incorporate,open,open,0.5394596717715519,0.02262241026814748,6,0.5496051325127768,11,0.1333333333333333,0.1703833333333333,False,False,True,5,0.8181818181818182
encounter,open,open,0.5498421438134982,0.022616129685321004,12,0.5989937658314455,9,0.0666666666666666,0.293775,False,False,True,4,0.7777777777777778
difficulties,open,open,0.5540388146130966,0.022231580620073077,19,0.6255609474815194,12,0.0666666666666666,0.2011315789473684,False,False,True,5,0.75
presented,open,open,0.5844571053646068,0.022068219227047613,30,0.648150460701653,9,0.1333333333333333,0.37322,False,False,True,3,0.7777777777777778
conservative,open,open,0.5496093563751304,0.022048143362349927,11,0.5934578873666095,12,0.1333333333333333,0.2013727272727273,False,False,True,5,0.8333333333333334
formatting,open,open,0.5687622331107636,0.021809239970140414,44,0.664699894291389,10,0.1333333333333333,0.1321227272727273,False,False,True,3,0.9
outstanding,open,open,0.7507462480937565,0.021764200629904515,104,0.6957260179566866,11,0.0666666666666666,0.8363903846153841,False,False,True,4,0.8181818181818182
authorities,open,open,0.5527653078048334,0.021660187891666283,9,0.5800052903735844,11,0.0666666666666666,0.3137,False,False,True,6,0.8181818181818182
evaluation,open,open,0.5588959008938089,0.021620295379751072,12,0.5989937658314455,10,0.0666666666666666,0.3409250000000001,False,False,True,6,0.9
alternatives,open,open,0.5958823791713154,0.021604300207276095,48,0.6681970379894457,12,0.0666666666666666,0.2283145833333333,False,False,True,5,0.75
cooperative,open,open,0.5592260990766267,0.02160281093907353,7,0.5617012295157272,11,0.1333333333333333,0.3821428571428572,False,False,True,6,0.8181818181818182
collecting,open,open,0.5651417531306674,0.021587413248017082,15,0.6124288945957818,10,0.0666666666666666,0.3458266666666667,False,False,True,3,0.8
continuing,open,open,0.5689832705168407,0.0214848934243722,30,0.648150460701653,10,0.1333333333333333,0.2718533333333333,False,False,True,4,0.7
disadvantage,open,open,0.550365692668455,0.021372180829678632,9,0.5800052903735844,12,0.1333333333333333,0.2844777777777778,False,False,True,5,0.75
additionally,open,open,0.5787603756626812,0.021347881078462663,18,0.6226511014835566,12,0.0666666666666666,0.4082444444444444,False,False,True,5,0.6666666666666666
introduce,open,open,0.556184837306636,0.02132697856872974,14,0.6083877907186052,9,0.0666666666666666,0.3322714285714285,False,False,True,4,1.0
identical,open,open,0.5577020378455667,0.021294393006838705,16,0.6161216046825284,9,0.1333333333333333,0.35190625,False,False,True,4,0.8888888888888888
limitation,open,open,0.5706375159476411,0.02121838401840639,46,0.6664978557621422,10,0.0666666666666666,0.1671739130434782,False,False,True,5,0.7
investigate,open,open,0.553201693584142,0.021211847496281456,14,0.6083877907186052,11,0.0666666666666666,0.2158714285714285,False,False,True,5,0.7272727272727273
sentences,open,open,0.6035212238344433,0.021134217602172115,57,0.6748452867147411,9,0.1333333333333333,0.2704719298245614,False,False,True,3,0.5555555555555556
supposedly,open,open,0.5460573680878086,0.021054278708374983,9,0.5800052903735844,10,0.0666666666666666,0.1960888888888889,False,False,True,3,0.8
officially,open,open,0.5658544924392017,0.02103204176811688,10,0.5871908758202614,10,0.0666666666666666,0.37605,False,False,True,4,0.7
technically,open,open,0.5645770905189083,0.021030977177488617,16,0.6161216046825284,11,0.0666666666666666,0.2864375,False,False,True,3,0.8181818181818182
following,open,open,0.6161270979400729,0.020896608870216438,72,0.6833713636336338,9,0.2,0.1610319444444444,False,False,True,3,0.7777777777777778
considered,open,open,0.6010055564896273,0.020853335038115817,49,0.6690125598689335,10,0.0666666666666666,0.230104081632653,False,False,True,4,0.8
personalisation,open,open,0.5251098710653405,0.02078748980208653,7,0.5617012295157272,15,0.0666666666666666,0.2002714285714285,False,False,True,7,0.6666666666666666
clarified,open,open,0.5522743468640499,0.020682935878616845,6,0.5496051325127768,9,0.1333333333333333,0.4025666666666667,False,False,True,4,0.8888888888888888
combining,open,open,0.5461992138903976,0.020644885466829604,9,0.5800052903735844,9,0.2,0.3549555555555556,False,False,True,3,0.7777777777777778
cluttered,open,open,0.5435720958153119,0.020644885466829604,7,0.5617012295157272,9,0.0666666666666666,0.3535428571428571,False,False,True,3,0.7777777777777778
considers,open,open,0.5529455982665694,0.02047686305377202,7,0.5617012295157272,9,0.0666666666666666,0.3981571428571429,False,False,True,3,0.8888888888888888
completes,open,open,0.5521943208723926,0.02043178700736089,6,0.5496051325127768,9,0.0666666666666666,0.3962666666666666,False,False,True,3,0.8888888888888888
disclaimers,open,open,0.5470916503957228,0.02042074167132104,6,0.5496051325127768,11,0.0666666666666666,0.2900833333333333,False,False,True,4,0.8181818181818182
exaggeration,open,open,0.5466245232447595,0.02041718072995704,6,0.5496051325127768,12,0.0666666666666666,0.33565,False,False,True,6,0.75
retention,open,open,0.5490336073149464,0.020182617211280313,23,0.6354268000766977,9,0.0666666666666666,0.1997521739130435,False,False,True,4,0.6666666666666666
revolutionary,open,open,0.5682532550099059,0.02012680970409672,16,0.6161216046825284,13,0.1333333333333333,0.35494375,False,False,True,6,0.8461538461538461
introduction,open,open,0.558121002852261,0.020038478003948264,7,0.5617012295157272,12,0.0666666666666666,0.3916,False,False,True,5,0.6666666666666666
consequences,open,open,0.5575438290213417,0.020038478003948264,8,0.571637330557974,12,0.0666666666666666,0.3906374999999999,False,False,True,5,0.5833333333333334
resolution,open,open,0.5701369817936357,0.01998228468288724,40,0.6607625402758197,10,0.0666666666666666,0.1180499999999999,False,False,True,5,0.9
established,open,open,0.5682941647234996,0.019952008040349016,11,0.5934578873666095,11,0.1333333333333333,0.3758000000000001,False,False,True,4,0.8181818181818182
meanwhile,open,open,0.5516756348803716,0.019808858858431602,17,0.6195156162140293,9,0.1333333333333333,0.2021941176470588,False,False,True,4,0.8888888888888888
scientific,open,open,0.5541384434555726,0.019804532765432804,24,0.6375399955160673,10,0.0666666666666666,0.2224583333333333,False,False,True,4,0.7
statements,open,open,0.5560992350057807,0.019757536684920866,16,0.6161216046825284,10,0.0666666666666666,0.117575,False,False,True,3,0.6
correction,open,open,0.5625836282902821,0.019689591730401433,35,0.6550492863214452,10,0.0666666666666666,0.1659257142857143,False,False,True,4,0.7
conversion,open,open,0.5557325103382672,0.019607118288023216,11,0.5934578873666095,10,0.0666666666666666,0.1815545454545454,False,False,True,4,0.8
locked,open,open,0.6083352197833325,0.019551233537265327,79,0.6866057309469275,6,0.1333333333333333,-0.0394949367088607,False,False,True,2,1.0
repeating,open,open,0.6350023127230157,0.019460527238787058,82,0.6878819851256843,9,0.0666666666666666,-0.0651804878048779,False,False,True,4,0.8888888888888888
inconsistencies,open,open,0.5399553293853626,0.019445509472972907,12,0.5989937658314455,15,0.0666666666666666,0.185825,False,False,True,6,0.4666666666666667
reminding,open,open,0.5577215225038556,0.01936028517563568,13,0.6039359308784116,9,0.0666666666666666,0.3723461538461537,False,False,True,3,0.7777777777777778
win,open,open,0.5268363134109514,0.01934562270579749,32,0.6510797546220851,3,0.1333333333333333,0.8400656249999999,True,False,True,1,1.0
uncomfortable,open,open,0.5618144880542468,0.019188447649428897,19,0.6255609474815194,13,0.0666666666666666,0.1675631578947368,False,False,True,5,0.9230769230769231
protection,open,open,0.5593257928063364,0.019166680733186846,17,0.6195156162140293,10,0.0666666666666666,0.1701705882352941,False,False,True,4,0.8
activation,open,open,0.5572681395958073,0.019166680733186846,15,0.6124288945957818,10,0.0666666666666666,0.1675333333333333,False,False,True,5,0.7
identification,open,open,0.5275951841717158,0.019157533941747112,6,0.5496051325127768,14,0.0666666666666666,0.1867,False,False,True,7,0.6428571428571429
regenerating,open,open,0.5330458349346323,0.019050374966512938,5,0.5343829898349378,12,0.1333333333333333,0.13716,False,False,True,5,0.5833333333333334
classified,open,open,0.5403680760277915,0.01895936162363514,6,0.5496051325127768,10,0.2,0.2077333333333333,False,False,True,4,0.8
alteration,open,open,0.5377671405163185,0.01895936162363514,5,0.5343829898349378,10,0.0666666666666666,0.2274999999999999,False,False,True,5,0.8
halfway,open,open,0.5447922136265316,0.018859670574655166,16,0.6161216046825284,7,0.1333333333333333,-0.0073999999999999,False,False,True,2,0.8571428571428571
conservation,open,open,0.550330559297593,0.018802758060438265,12,0.5989937658314455,12,0.0666666666666666,0.1757416666666666,False,False,True,5,0.8333333333333334
imposed,open,open,0.5403042995989388,0.018676233316932012,13,0.6039359308784116,7,0.0666666666666666,-0.0097538461538461,False,False,True,3,1.0
requirement,open,open,0.5542087500003509,0.018639296276064223,15,0.6124288945957818,11,0.0666666666666666,0.2563333333333333,False,False,True,5,0.7272727272727273
tuesday,open,open,0.530064021790265,0.01853851392335549,7,0.5617012295157272,7,0.0666666666666666,-0.0082,False,False,True,3,1.0
substantially,open,open,0.5557851954498494,0.01853805599971323,9,0.5800052903735844,13,0.0666666666666666,0.3408777777777778,False,False,True,4,0.6923076923076923
percentage,open,open,0.5448360721503834,0.018504929449435485,7,0.5617012295157272,10,0.0666666666666666,0.1285428571428571,False,False,True,4,0.8
constraints,open,open,0.5561461063960108,0.018469845757185854,11,0.5934578873666095,11,0.0666666666666666,0.2730272727272727,False,False,True,3,0.7272727272727273
recommends,open,open,0.5359556894078847,0.018459853403024355,5,0.5343829898349378,10,0.0666666666666666,0.1486,False,False,True,3,0.8
adjustment,open,open,0.5412550239558207,0.018459853403024355,6,0.5496051325127768,10,0.0666666666666666,0.1509333333333333,False,False,True,3,0.9
downgrade,open,open,0.5494780134260085,0.018459538445288384,26,0.6414349232056878,9,0.1333333333333333,0.1451615384615384,False,False,True,3,0.8888888888888888
prompting,open,open,0.5632299920344558,0.01845683730713007,43,0.6637605539783985,9,0.0666666666666666,0.2285372093023255,False,False,True,2,0.8888888888888888
countries,open,open,0.5652811038129267,0.01844824748398256,29,0.6465873928647587,9,0.0666666666666666,0.1036586206896551,False,False,True,4,1.0
recognize,open,open,0.561922846455643,0.018343546951231547,37,0.6574555658168466,9,0.0666666666666666,0.1814972972972972,False,False,True,4,0.8888888888888888
shortcomings,open,open,0.5598974454199871,0.01830356782578784,6,0.5496051325127768,12,0.0666666666666666,0.409,False,False,True,3,0.8333333333333334
activities,open,open,0.6796291213215133,0.018238600406183376,88,0.6902649379933511,10,0.0666666666666666,0.6238784090909092,False,False,True,5,0.7
virtually,open,open,0.5526270696134645,0.018223979044503315,14,0.6083877907186052,9,0.0666666666666666,0.1833,False,False,True,3,0.8888888888888888
theoretical,open,open,0.5398068736598877,0.018167883487115274,6,0.5496051325127768,11,0.0666666666666666,0.2569833333333333,False,False,True,5,0.8181818181818182
processes,open,open,0.5494243841208754,0.018132776172951604,21,0.6308081703830098,9,0.1333333333333333,0.2258571428571428,False,False,True,3,0.6666666666666666
referenced,open,open,0.5551425449558768,0.018051792891277986,11,0.5934578873666095,10,0.1333333333333333,0.1675818181818181,False,False,True,4,0.6
deliberate,open,open,0.5359930493253404,0.01802944105696203,5,0.5343829898349378,10,0.0666666666666666,0.16462,False,False,True,5,0.8
reporting,open,open,0.5484959589630888,0.018029126099226054,23,0.6354268000766977,9,0.1333333333333333,0.1574913043478261,False,False,True,3,0.8888888888888888
corporate,open,open,0.559222979165763,0.018017835137920234,31,0.6496462468470389,9,0.1333333333333333,0.1620870967741935,False,False,True,4,0.7777777777777778
confusion,open,open,0.5592960337846906,0.017983765818069264,37,0.6574555658168466,9,0.0666666666666666,0.2118891891891892,False,False,True,4,0.7777777777777778
ultimately,open,open,0.5658985027945158,0.01797589925137856,17,0.6195156162140293,10,0.0666666666666666,0.2753235294117647,False,False,True,4,0.8
administration,open,open,0.5489769038097373,0.017904146050363196,10,0.5871908758202614,14,0.0666666666666666,0.3787899999999999,False,False,True,6,0.6428571428571429
universal,open,open,0.5443626152607222,0.01790234283471652,13,0.6039359308784116,9,0.1333333333333333,0.1432153846153846,False,False,True,4,1.0
performed,open,open,0.5500355166743783,0.017759017820102894,15,0.6124288945957818,9,0.0666666666666666,0.2041933333333333,False,False,True,3,0.7777777777777778
occasions,open,open,0.5523552270113251,0.017759017820102894,18,0.6226511014835566,9,0.1333333333333333,0.2081833333333333,False,False,True,4,0.6666666666666666
contained,open,open,0.5386082997389485,0.017332681077565075,7,0.5617012295157272,9,0.1333333333333333,0.2103857142857143,False,False,True,4,0.8888888888888888
parameters,open,open,0.5589780657791902,0.017240793761487575,19,0.6255609474815194,10,0.0666666666666666,0.2657052631578946,False,False,True,4,0.7
perplexed,open,open,0.5452559468020334,0.016970892250530813,12,0.5989937658314455,9,0.1333333333333333,0.1513,False,False,True,3,0.6666666666666666
moderately,open,open,0.5378014456361089,0.016900597672579322,5,0.5343829898349378,10,0.0666666666666666,0.25778,False,False,True,4,0.9
telephone,open,open,0.5399797525296475,0.016833172856954293,9,0.5800052903735844,9,0.0666666666666666,0.1340777777777778,False,False,True,4,0.7777777777777778
routine,open,open,0.6243920015352701,0.016795522823590266,35,0.6550492863214452,7,0.1333333333333333,0.4959114285714285,False,False,True,4,1.0
provision,open,open,0.5374793598791577,0.01678809681054316,6,0.5496051325127768,9,0.1333333333333333,0.1184333333333333,False,False,True,4,0.7777777777777778
overnight,open,open,0.5315776889996551,0.016722061760776754,5,0.5343829898349378,9,0.2,0.2373199999999999,False,False,True,3,1.0
rubbish,open,open,0.655919843277353,0.016576676280515477,67,0.6808043476166022,7,0.1333333333333333,-0.1178134328358209,False,False,True,2,0.8571428571428571
citizens,open,open,0.5615525138339119,0.016462089156284734,20,0.6282723810177272,8,0.0666666666666666,0.0342949999999999,False,False,True,3,0.875
ethically,open,open,0.5409653996926822,0.016321962482720012,7,0.5617012295157272,9,0.0666666666666666,0.1784999999999999,False,False,True,3,0.8888888888888888
expired,open,open,0.5532964553983213,0.016197868940797333,25,0.6395392040666789,7,0.0666666666666666,0.055344,False,False,True,3,0.8571428571428571
closing,open,open,0.5523644495852181,0.016197868940797333,22,0.6331875282688906,7,0.2,0.026290909090909,False,False,True,2,1.0
focused,open,open,0.6408112919756486,0.016177957942802527,49,0.6690125598689335,7,0.0666666666666666,0.6338081632653059,False,False,True,3,1.0
standing,open,open,0.6525436297475666,0.016127808138038473,64,0.6791432659055908,8,0.2,0.6048906249999999,False,False,True,2,0.875
charges,open,open,0.5815344529211974,0.016067416708312368,26,0.6414349232056878,7,0.1333333333333333,-0.0882653846153846,False,False,True,2,1.0
repeats,open,open,0.676665094244771,0.01591730008694498,73,0.6838574622042377,7,0.1333333333333333,-0.225558904109589,False,False,True,3,0.8571428571428571
protocols,open,open,0.5553765164603138,0.015897534603702933,10,0.5871908758202614,9,0.0666666666666666,0.27808,False,False,True,3,0.7777777777777778
excuses,open,open,0.5772704952106815,0.01582411058794862,30,0.648150460701653,7,0.1333333333333333,-0.0164799999999999,False,False,True,3,0.7142857142857143
servers,open,open,0.5886659800139634,0.01582411058794862,31,0.6496462468470389,7,0.0666666666666666,-0.0785935483870967,False,False,True,2,0.5714285714285714
trigger,open,open,0.5562391389369222,0.01582411058794862,19,0.6255609474815194,7,0.1333333333333333,-0.0374736842105263,False,False,True,2,0.7142857142857143
nowhere,open,open,0.569931967774769,0.01582411058794862,34,0.6537774330630485,7,0.2,0.0086882352941176,False,False,True,3,0.8571428571428571
traffic,open,open,0.5458982913534056,0.01582411058794862,15,0.6124288945957818,7,0.1333333333333333,0.0156733333333333,False,False,True,2,0.8571428571428571
decides,open,open,0.5613935112033088,0.01582411058794862,18,0.6226511014835566,7,0.0666666666666666,-0.0557666666666666,False,False,True,3,0.7142857142857143
freezes,open,open,0.5940050778939591,0.01582411058794862,29,0.6465873928647587,7,0.1333333333333333,-0.0809862068965517,False,False,True,3,0.7142857142857143
decline,open,open,0.5614978974046365,0.01582411058794862,15,0.6124288945957818,7,0.1333333333333333,-0.0766266666666666,False,False,True,3,0.8571428571428571
rewrite,open,open,0.5484234705863341,0.01582411058794862,14,0.6083877907186052,7,0.1333333333333333,-0.0570428571428571,False,False,True,3,0.7142857142857143
neither,open,open,0.5713220536665305,0.01582411058794862,32,0.6510797546220851,7,0.2666666666666666,0.04353125,False,False,True,3,0.8571428571428571
operation,open,open,0.5510452608394071,0.015700253869047075,17,0.6195156162140293,9,0.0666666666666666,0.2470470588235294,False,False,True,5,0.8888888888888888
dollars,open,open,0.5802945891206795,0.01564131514796097,46,0.6664978557621422,7,0.0666666666666666,0.0571934782608695,False,False,True,2,0.8571428571428571
applies,open,open,0.5371486486836454,0.015640673330225466,11,0.5934578873666095,7,0.0666666666666666,-0.0306818181818181,False,False,True,3,0.8571428571428571
confuse,open,open,0.5409488075556419,0.015640673330225466,12,0.5989937658314455,7,0.0666666666666666,0.0570666666666666,False,False,True,3,1.0
tonight,open,open,0.5408955666693286,0.015640673330225466,11,0.5934578873666095,7,0.1333333333333333,0.0608181818181818,False,False,True,2,0.8571428571428571
wastage,open,open,0.5408955666693286,0.015640673330225466,11,0.5934578873666095,7,0.0666666666666666,0.0589545454545454,False,False,True,3,0.8571428571428571
teachers,open,open,0.6181473825069815,0.015629895388029988,32,0.6510797546220851,8,0.0666666666666666,0.6123312499999999,False,False,True,3,0.875
narrative,open,open,0.5540341568973656,0.01556903716900638,19,0.6255609474815194,9,0.1333333333333333,0.2653526315789473,False,False,True,4,0.7777777777777778
stating,open,open,0.5819905744393048,0.01551650044202053,18,0.6226511014835566,7,0.1333333333333333,-0.1008777777777777,False,False,True,2,0.8571428571428571
sidebar,open,open,0.5787396953827383,0.01551650044202053,17,0.6195156162140293,7,0.0666666666666666,-0.1229117647058823,False,False,True,3,1.0
pasting,open,open,0.5455860540629726,0.015502953936648944,9,0.5800052903735844,7,0.1333333333333333,-0.0768666666666666,False,False,True,2,1.0
corrupt,open,open,0.5284779372406627,0.015502953936648944,7,0.5617012295157272,7,0.1333333333333333,-0.0291999999999999,False,False,True,2,0.8571428571428571
hackers,open,open,0.5302825034547178,0.015502953936648944,7,0.5617012295157272,7,0.0666666666666666,0.0216,False,False,True,2,1.0
enforce,open,open,0.5301978878529587,0.015502953936648944,8,0.571637330557974,7,0.0666666666666666,-0.01435,False,False,True,3,0.8571428571428571
unaware,open,open,0.5182760059931759,0.015457877890237816,5,0.5343829898349378,7,0.1333333333333333,0.0256799999999999,False,False,True,4,0.8571428571428571
pausing,open,open,0.5182760059931759,0.015457877890237816,5,0.5343829898349378,7,0.0666666666666666,0.052,False,False,True,3,1.0
persist,open,open,0.5182760059931759,0.015457877890237816,5,0.5343829898349378,7,0.0666666666666666,0.00234,False,False,True,2,0.8571428571428571
abusing,open,open,0.5350567521357785,0.015457877890237816,6,0.5496051325127768,7,0.0666666666666666,-0.0729333333333333,False,False,True,3,1.0
located,open,open,0.5456382309126404,0.015424971764834702,9,0.5800052903735844,7,0.1333333333333333,-0.087111111111111,False,False,True,3,1.0
growing,open,open,0.6168106474661422,0.015406843042230504,39,0.6596972838889588,7,0.2,0.6046102564102563,False,False,True,2,0.8571428571428571
caveats,open,open,0.5343432370031813,0.015327425657752851,5,0.5343829898349378,7,0.0666666666666666,-0.0894399999999999,False,False,True,3,0.8571428571428571
claimed,open,open,0.5973602852918073,0.015231990163557136,24,0.6375399955160673,7,0.0666666666666666,-0.1625458333333333,False,False,True,3,1.0
published,open,open,0.532981394876931,0.015228841080098124,5,0.5343829898349378,9,0.1333333333333333,0.2449799999999999,False,False,True,3,1.0
damaged,open,open,0.5561716699127209,0.015195343790720855,9,0.5800052903735844,7,0.1333333333333333,-0.1218111111111111,False,False,True,3,0.7142857142857143
environment,open,open,0.6372634672662376,0.015172300836302461,71,0.6828765594899542,11,0.0666666666666666,0.0470014084507042,False,False,True,4,0.7272727272727273
conduct,open,open,0.5423985481358284,0.015150267744309727,5,0.5343829898349378,7,0.0666666666666666,-0.10576,False,False,True,2,0.8571428571428571
upfront,open,open,0.5564914230924713,0.015125116299203593,10,0.5871908758202614,7,0.1333333333333333,0.60194,False,False,True,2,1.0
presence,open,open,0.5713801442509594,0.015028799805699355,15,0.6124288945957818,8,0.0666666666666666,0.6155266666666667,False,False,True,3,0.75
charged,open,open,0.6267837599643682,0.01485823181070842,36,0.6562743313773061,7,0.1333333333333333,-0.1653194444444444,False,False,True,2,1.0
guesses,open,open,0.5978780817990554,0.01485823181070842,18,0.6226511014835566,7,0.1333333333333333,-0.1546944444444444,False,False,True,3,0.5714285714285714
blindly,open,open,0.5970302000581225,0.01485823181070842,19,0.6255609474815194,7,0.0666666666666666,-0.1618736842105263,False,False,True,1,0.8571428571428571
draining,open,open,0.5278933707813516,0.014852843404580813,5,0.5343829898349378,8,0.1333333333333333,-0.0118199999999999,False,False,True,3,0.75
logging,open,open,0.6290542148745873,0.014719404854873514,41,0.6617935805169496,7,0.1333333333333333,-0.2010463414634146,False,False,True,2,0.7142857142857143
elderly,open,open,0.5337731307027531,0.014688020120315356,5,0.5343829898349378,7,0.1333333333333333,0.6104999999999999,False,False,True,2,0.7142857142857143
crafted,open,open,0.5336331893025492,0.014688020120315356,6,0.5496051325127768,7,0.0666666666666666,0.6083,False,False,True,2,1.0
compiled,open,open,0.536988387927146,0.014636779673222244,7,0.5617012295157272,8,0.0666666666666666,0.6095142857142858,False,False,True,3,1.0
subscribers,open,open,0.5730623441451695,0.01453931679051928,28,0.644951443477734,11,0.0666666666666666,0.0636428571428571,False,False,True,3,0.6363636363636364
violate,open,open,0.5769941025543545,0.014535967597150359,13,0.6039359308784116,7,0.1333333333333333,-0.2605384615384615,False,False,True,4,1.0
unhappy,open,open,0.5732222673343017,0.014535967597150359,10,0.5871908758202614,7,0.0666666666666666,-0.28673,False,False,True,2,0.8571428571428571
hurting,open,open,0.5658455379013109,0.014535967597150359,8,0.571637330557974,7,0.0666666666666666,-0.2645875,False,False,True,2,1.0
spreads,open,open,0.5782522229332698,0.014535967597150359,10,0.5871908758202614,7,0.1333333333333333,-0.31747,False,False,True,2,0.8571428571428571
revoked,open,open,0.5671106900994289,0.014535967597150359,7,0.5617012295157272,7,0.0666666666666666,-0.2460142857142857,False,False,True,3,0.8571428571428571
ignores,open,open,0.7021680707245508,0.014530272534343129,50,0.6698067935179771,7,0.0666666666666666,-0.4954820000000001,False,False,True,3,1.0
sisters,open,open,0.5311896454284348,0.01451858182638599,7,0.5617012295157272,7,0.0666666666666666,0.6007285714285714,False,False,True,2,0.7142857142857143
immense,open,open,0.5311896454284348,0.01451858182638599,7,0.5617012295157272,7,0.0666666666666666,0.6001285714285716,False,False,True,3,0.7142857142857143
washing,open,open,0.5594922044704789,0.01449089155073923,5,0.5343829898349378,7,0.0666666666666666,-0.30464,False,False,True,2,1.0
bounce,open,open,0.6082509033425925,0.014410277133435416,31,0.6496462468470389,6,0.1333333333333333,0.6321612903225807,False,False,True,3,1.0
correctness,open,open,0.5567484287027166,0.01432063524512241,10,0.5871908758202614,11,0.0666666666666666,-0.01219,False,False,True,3,0.6363636363636364
annoyed,open,open,0.6237479687053146,0.014316571716475763,25,0.6395392040666789,7,0.1333333333333333,-0.3458879999999999,False,False,True,3,0.8571428571428571
stands,open,open,0.6485263907123717,0.014178213478285564,78,0.6861665279438015,6,0.1333333333333333,0.6122294871794873,False,False,True,1,0.8333333333333334
subscribing,open,open,0.5787818769873141,0.014165558437670566,35,0.6550492863214452,11,0.0666666666666666,0.0612485714285714,False,False,True,3,0.7272727272727273
highlighted,open,open,0.5321389309158366,0.014137839805134758,5,0.5343829898349378,11,0.0666666666666666,-0.0080199999999999,False,False,True,3,0.6363636363636364
suicide,open,open,0.5836492533382187,0.014133134458752607,7,0.5617012295157272,7,0.0666666666666666,-0.3648285714285714,False,False,True,4,0.8571428571428571
suspect,open,open,0.5780676014760373,0.014133134458752607,8,0.571637330557974,7,0.2,-0.3281125,False,False,True,2,0.8571428571428571
attacks,open,open,0.5722284921999097,0.014088058412341476,6,0.5496051325127768,7,0.1333333333333333,-0.33845,False,False,True,2,0.7142857142857143
ignored,open,open,0.6361652698463233,0.01398896865356173,21,0.6308081703830098,7,0.1333333333333333,-0.4169809523809523,False,False,True,3,1.0
instruction,open,open,0.5853733953153821,0.013982762997682918,44,0.664699894291389,11,0.0666666666666666,0.055465909090909,False,False,True,4,0.7272727272727273
corners,open,open,0.5889303920861706,0.013856091230858765,6,0.5496051325127768,7,0.1333333333333333,-0.4019,False,False,True,2,0.8571428571428571
modern,open,open,0.6511901926650012,0.01383715370704093,62,0.6779793320451609,6,0.1333333333333333,0.5705903225806453,False,False,True,2,1.0
furious,open,open,0.6290641086358658,0.013805531395838578,8,0.571637330557974,7,0.0666666666666666,-0.5948,False,False,True,4,0.8571428571428571
scammer,open,open,0.6162022796946945,0.013805531395838578,7,0.5617012295157272,7,0.0666666666666666,-0.4170714285714286,False,False,True,2,0.8571428571428571
blatant,open,open,0.627564700126552,0.013805531395838578,7,0.5617012295157272,7,0.0666666666666666,-0.5203428571428572,False,False,True,2,0.7142857142857143
suffers,open,open,0.6221080604484945,0.013805531395838578,7,0.5617012295157272,7,0.0666666666666666,-0.4533285714285714,False,False,True,2,0.7142857142857143
accuses,open,open,0.6222270655648497,0.013760455349427447,6,0.5496051325127768,7,0.1333333333333333,-0.7839333333333333,False,False,True,3,0.7142857142857143
goddamn,open,open,0.6213805226264981,0.013760455349427447,6,0.5496051325127768,7,0.1333333333333333,-0.6042,False,False,True,2,0.8571428571428571
immoral,open,open,0.6118040050522568,0.013760455349427447,5,0.5343829898349378,7,0.0666666666666666,-0.52786,False,False,True,3,0.8571428571428571
threats,open,open,0.6145264315272498,0.013760455349427447,5,0.5343829898349378,7,0.0666666666666666,-0.71046,False,False,True,2,0.8571428571428571
revenue,open,open,0.5986496984825758,0.013760455349427447,5,0.5343829898349378,7,0.0666666666666666,-0.42304,False,False,True,4,0.7142857142857143
communication,open,open,0.6855507043912962,0.013501066932518761,92,0.6917418571940166,13,0.0666666666666666,0.5533347826086957,False,False,True,6,0.6153846153846154
stores,open,open,0.6144531259930804,0.013417433053337065,46,0.6664978557621422,6,0.1333333333333333,0.5779304347826087,False,False,True,2,0.8333333333333334
classic,open,open,0.5895500970706302,0.01338989003192106,25,0.6395392040666789,7,0.1333333333333333,0.63158,False,False,True,2,0.7142857142857143
virtual,open,open,0.6197986938316876,0.013335415520354603,35,0.6550492863214452,7,0.1333333333333333,0.5865,False,False,True,3,1.0
challenges,open,open,0.6522021471578412,0.013158214657919616,40,0.6607625402758197,10,0.1333333333333333,0.6257100000000001,False,False,True,3,0.8
aspect,open,open,0.6520887083404437,0.013033966201188692,65,0.6797078647811866,6,0.0666666666666666,0.5531000000000001,False,False,True,2,1.0
fingers,open,open,0.5417580142158854,0.012934057435228782,8,0.571637330557974,7,0.1333333333333333,0.591175,False,False,True,2,1.0
negative,open,open,0.642638732459774,0.012770537860513102,60,0.6767661283438605,8,0.1333333333333333,-0.0781449999999999,False,False,True,4,0.875
resource,open,open,0.6515838224097419,0.012739564259809828,55,0.6734908190761342,8,0.0666666666666666,0.627870909090909,False,False,True,4,0.75
tablet,open,open,0.6020130085932799,0.01272111674182557,70,0.6823727633956729,6,0.0666666666666666,0.0144757142857142,False,False,True,2,0.8333333333333334
rarely,open,open,0.6244620738856514,0.012490057319611112,42,0.6627923278454898,6,0.0666666666666666,0.4992785714285714,False,False,True,2,0.8333333333333334
expand,open,open,0.6335021019383882,0.012480884801646002,50,0.6698067935179771,6,0.0666666666666666,0.6427980000000002,False,False,True,2,1.0
writes,open,open,0.6324394815280595,0.012444981273199983,48,0.6681970379894457,6,0.1333333333333333,0.5006479166666666,False,False,True,2,1.0
sticking,open,open,0.5558452428748303,0.012183516115585071,16,0.6161216046825284,8,0.1333333333333333,0.0435374999999999,False,False,True,2,0.875
shocking,open,open,0.5595879179811989,0.012183516115585071,15,0.6124288945957818,8,0.1333333333333333,-0.05176,False,False,True,2,1.0
evidence,open,open,0.5796197834642562,0.01204579672200855,39,0.6596972838889588,8,0.0666666666666666,-0.0248692307692307,False,False,True,4,0.75
stopping,open,open,0.5821016415808903,0.01204579672200855,42,0.6627923278454898,8,0.2,-0.0048904761904761,False,False,True,2,0.875
refund,open,open,0.6702123480695634,0.012005823203387334,79,0.6866057309469275,6,0.1333333333333333,-0.217386075949367,False,False,True,2,1.0
mediocre,open,open,0.5489411785666263,0.012000078857861918,12,0.5989937658314455,8,0.0666666666666666,-0.0481583333333333,False,False,True,4,0.875
alphabet,open,open,0.5498991902881981,0.012000078857861918,11,0.5934578873666095,8,0.0666666666666666,-0.0194454545454545,False,False,True,3,0.875
switches,open,open,0.5465037314553416,0.012000078857861918,10,0.5871908758202614,8,0.1333333333333333,-0.03548,False,False,True,2,0.875
redirect,open,open,0.5504202780503052,0.012000078857861918,12,0.5989937658314455,8,0.2,0.0511,False,False,True,3,0.75
deletion,open,open,0.5624733942189559,0.012000078857861918,10,0.5871908758202614,8,0.0666666666666666,-0.0763,False,False,True,4,0.875
helper,open,open,0.6585988744101293,0.011994321494486756,76,0.6852661982533583,6,0.0666666666666666,0.7320671052631579,False,False,True,2,0.8333333333333334
guides,open,open,0.6391026678485342,0.011994321494486756,52,0.6713352524602902,6,0.1333333333333333,0.6944442307692308,False,False,True,3,1.0
skin,open,open,0.5110722658640218,0.011939050892358555,42,0.6627923278454898,4,0.2,0.5995261904761906,True,False,True,1,1.0
december,open,open,0.5378655994802499,0.011862359464285398,8,0.571637330557974,8,0.0666666666666666,-0.038625,False,False,True,3,0.75
batter,open,open,0.5154540273813398,0.011849872352093544,18,0.6226511014835566,6,0.0666666666666666,0.0005444444444444,False,False,True,2,0.8333333333333334
unavailable,open,open,0.5726345569204249,0.011842270868987733,27,0.6432363202993117,11,0.1333333333333333,0.002574074074074,False,False,True,6,0.7272727272727273
showed,open,open,0.5890261546530511,0.01182824199455479,50,0.6698067935179771,6,0.0666666666666666,0.059928,False,False,True,2,1.0
analyzed,open,open,0.5371126006817876,0.011817283417874268,5,0.5343829898349378,8,0.1333333333333333,-0.0733799999999999,False,False,True,3,0.875
publicly,open,open,0.5358050371529366,0.011817283417874268,6,0.5496051325127768,8,0.0666666666666666,0.0542333333333333,False,False,True,2,0.875
patients,open,open,0.5343950784643444,0.011817283417874268,5,0.5343829898349378,8,0.0666666666666666,-0.06964,False,False,True,3,0.875
midnight,open,open,0.5369876826232021,0.011817283417874268,6,0.5496051325127768,8,0.1333333333333333,0.0564,False,False,True,2,0.875
scanning,open,open,0.528556209537157,0.011817283417874268,5,0.5343829898349378,8,0.1333333333333333,-0.0509999999999999,False,False,True,2,0.75
trillion,open,open,0.5281118524458045,0.011817283417874268,5,0.5343829898349378,8,0.1333333333333333,0.0452,False,False,True,3,0.75
assigned,open,open,0.5288351389796693,0.011817283417874268,5,0.5343829898349378,8,0.1333333333333333,-0.0023399999999999,False,False,True,3,0.875
restriction,open,open,0.579696188104296,0.011764288697173489,21,0.6308081703830098,11,0.1333333333333333,-0.0865904761904761,False,False,True,4,0.7272727272727273
helpless,open,open,0.5576988491350457,0.011731907231800433,7,0.5617012295157272,8,0.0666666666666666,-0.0887714285714285,False,False,True,2,0.625
status,open,open,0.5339482906308234,0.011614978602475474,28,0.644951443477734,6,0.0666666666666666,-0.0409357142857142,False,False,True,2,0.6666666666666666
decide,open,open,0.533394048609174,0.011614978602475474,28,0.644951443477734,6,0.0666666666666666,0.0546285714285714,False,False,True,3,0.6666666666666666
messes,open,open,0.533394048609174,0.011614978602475474,28,0.644951443477734,6,0.1333333333333333,0.0285607142857142,False,False,True,2,0.5
college,open,open,0.6585829738770772,0.01157773515286122,61,0.6773791226501839,7,0.0666666666666666,0.5853540983606556,False,False,True,3,0.7142857142857143
wide,open,open,0.5233496912485924,0.01156414716590304,58,0.6754997548619163,4,0.2,0.6809810344827586,True,False,True,2,1.0
designer,open,open,0.5675483852491545,0.01154527088496475,14,0.6083877907186052,8,0.1333333333333333,0.5831928571428572,False,False,True,3,0.875
unlocked,open,open,0.5574953756305919,0.01150967327194618,6,0.5496051325127768,8,0.1333333333333333,-0.0979666666666666,False,False,True,3,1.0
interact,open,open,0.6678010406988683,0.011421204857236621,75,0.6848046240657477,8,0.1333333333333333,0.5368880000000001,False,False,True,3,0.875
frustration,open,open,0.6697966346894615,0.011376969354143536,54,0.6727895226904915,11,0.0666666666666666,-0.1499,False,False,True,4,0.8181818181818182
path,open,open,0.5137772540395585,0.0112847241026714,40,0.6607625402758197,4,0.0666666666666666,0.497305,True,False,True,1,1.0
planet,open,open,0.5437009092625829,0.01124122024962676,36,0.6562743313773061,6,0.0666666666666666,-0.0284,False,False,True,2,1.0
dear,open,open,0.5423126317469685,0.011214575495078429,67,0.6808043476166022,4,0.2,0.671097014925373,True,False,True,2,1.0
engage,open,open,0.6143639478465003,0.011187670510428606,31,0.6496462468470389,6,0.0666666666666666,0.5099741935483871,False,False,True,3,0.6666666666666666
thumbs,open,open,0.6146691567610024,0.01117901611868746,31,0.6496462468470389,6,0.0666666666666666,0.5414032258064516,False,False,True,1,1.0
interrupted,open,open,0.59706171894437,0.01116090237021093,19,0.6255609474815194,11,0.1333333333333333,-0.1150842105263157,False,False,True,4,0.7272727272727273
interfering,open,open,0.5608270713733113,0.011147355864839347,7,0.5617012295157272,11,0.1333333333333333,-0.0781714285714285,False,False,True,4,0.6363636363636364
role,open,open,0.49659717026661687,0.011082194194344742,35,0.6550492863214452,4,0.0666666666666666,0.6100314285714286,True,False,True,2,1.0
cancel,open,open,0.6691008880835521,0.011029767588325894,76,0.6852661982533583,6,0.1333333333333333,-0.2949105263157895,False,False,True,2,0.8333333333333334
waited,open,open,0.5360133441967941,0.011014254593844666,24,0.6375399955160673,6,0.0666666666666666,-0.082225,False,False,True,3,1.0
invasive,open,open,0.5996159976224863,0.01100131794888773,17,0.6195156162140293,8,0.1333333333333333,-0.1329823529411764,False,False,True,4,0.75
register,open,open,0.6291078582181739,0.01100131794888773,37,0.6574555658168466,8,0.1333333333333333,-0.1511432432432432,False,False,True,3,0.75
charts,open,open,0.599276187635806,0.010990666015505671,29,0.6465873928647587,6,0.1333333333333333,0.6605793103448278,False,False,True,1,1.0
clever,open,open,0.6095581352673906,0.010990666015505671,31,0.6496462468470389,6,0.0666666666666666,0.6866129032258065,False,False,True,2,0.8333333333333334
deactivated,open,open,0.5818015230170581,0.010977465112487777,10,0.5871908758202614,11,0.0666666666666666,-0.1188899999999999,False,False,True,5,0.6363636363636364
studio,open,open,0.5534705290581717,0.010933995849606741,24,0.6375399955160673,6,0.0666666666666666,0.60665,False,False,True,3,1.0
informed,open,open,0.6215235384653022,0.010931946498969279,31,0.6496462468470389,8,0.1333333333333333,0.5085354838709678,False,False,True,3,1.0
explored,open,open,0.6128329495711159,0.010931946498969279,27,0.6432363202993117,8,0.0666666666666666,0.5099592592592592,False,False,True,3,0.875
position,open,open,0.6126855297571151,0.010931946498969279,28,0.644951443477734,8,0.1333333333333333,0.5043964285714286,False,False,True,4,0.75
balanced,open,open,0.5996349034500356,0.010923292107228134,23,0.6354268000766977,8,0.1333333333333333,0.555904347826087,False,False,True,3,0.875
engineer,open,open,0.6306128438743257,0.010923292107228134,29,0.6465873928647587,8,0.1333333333333333,0.5529172413793103,False,False,True,4,0.625
polished,open,open,0.6011507604332018,0.010923292107228134,23,0.6354268000766977,8,0.1333333333333333,0.5636521739130437,False,False,True,3,1.0
disaster,open,open,0.6215262020155075,0.010862490993052825,19,0.6255609474815194,8,0.0666666666666666,-0.3477631578947368,False,False,True,3,0.875
violates,open,open,0.6108771063833383,0.010862490993052825,19,0.6255609474815194,8,0.0666666666666666,-0.2896473684210526,False,False,True,4,1.0
ignoring,open,open,0.6280964430448885,0.010862490993052825,23,0.6354268000766977,8,0.0666666666666666,-0.3577086956521739,False,False,True,3,0.625
existent,open,open,0.5970487875789259,0.010862490993052825,16,0.6161216046825284,8,0.1333333333333333,-0.2042749999999999,False,False,True,3,0.75
struggle,open,open,0.6250368674639678,0.010832043844213756,41,0.6617935805169496,8,0.1333333333333333,0.5156878048780487,False,False,True,2,0.875
collapse,open,open,0.5744969092763341,0.010817880691164577,7,0.5617012295157272,8,0.1333333333333333,-0.1487714285714285,False,False,True,3,0.875
nigerian,open,open,0.5755231137466358,0.010817880691164577,9,0.5800052903735844,8,0.1333333333333333,-0.1270666666666666,False,False,True,4,0.75
broke,open,open,0.5079721971354764,0.010794720470557654,43,0.6637605539783985,5,0.1333333333333333,-0.290906976744186,False,False,True,2,1.0
massages,open,open,0.5620220382285085,0.010772804644753447,5,0.5343829898349378,8,0.1333333333333333,-0.13408,False,False,True,3,0.625
dementia,open,open,0.5757538686240781,0.01067905373532967,7,0.5617012295157272,8,0.0666666666666666,-0.1798,False,False,True,4,0.875
immature,open,open,0.5751891511631488,0.01067905373532967,7,0.5617012295157272,8,0.0666666666666666,-0.1950571428571428,False,False,True,4,0.875
degraded,open,open,0.5970829431006915,0.01067905373532967,8,0.571637330557974,8,0.1333333333333333,-0.3719374999999999,False,False,True,3,0.625
freezing,open,open,0.585728676428711,0.01067905373532967,13,0.6039359308784116,8,0.1333333333333333,-0.2240076923076923,False,False,True,3,0.875
doubling,open,open,0.5793430954154024,0.01063397768891854,5,0.5343829898349378,8,0.2,-0.32624,False,False,True,3,1.0
adapts,open,open,0.6262633195217612,0.010559092065689392,34,0.6537774330630485,6,0.0666666666666666,0.6957617647058824,False,False,True,2,0.8333333333333334
disconnects,open,open,0.5828609764378999,0.010468790957915829,7,0.5617012295157272,11,0.1333333333333333,-0.1704285714285714,False,False,True,3,0.7272727272727273
impress,open,open,0.5655745837908149,0.010443488015335078,14,0.6083877907186052,7,0.1333333333333333,0.57655,False,False,True,2,0.8571428571428571
holiday,open,open,0.5655745837908149,0.010443488015335078,13,0.6039359308784116,7,0.0666666666666666,0.5770538461538461,False,False,True,3,1.0
hopeless,open,open,0.6476644432276444,0.010351450672415637,7,0.5617012295157272,8,0.0666666666666666,-0.4711714285714286,False,False,True,3,0.75
shopping,open,open,0.5803078661527045,0.010322196524897497,14,0.6083877907186052,8,0.1333333333333333,0.5418285714285714,False,False,True,2,0.875
sourcing,open,open,0.5783296949337765,0.010322196524897497,10,0.5871908758202614,8,0.0666666666666666,0.5644600000000001,False,False,True,3,1.0
readable,open,open,0.5830870880836492,0.010322196524897497,15,0.6124288945957818,8,0.0666666666666666,0.5430533333333333,False,False,True,4,0.75
systemic,open,open,0.6349872266172188,0.010306374626004507,5,0.5343829898349378,8,0.0666666666666666,-0.7106999999999999,False,False,True,2,0.875
incident,open,open,0.6172374983081249,0.010306374626004507,5,0.5343829898349378,8,0.1333333333333333,-0.4366999999999999,False,False,True,3,0.75
opinionated,open,open,0.5615015680285947,0.010284887955669793,5,0.5343829898349378,11,0.0666666666666666,-0.28786,False,False,True,6,0.7272727272727273
extend,open,open,0.5408299939925001,0.01028344101212867,19,0.6255609474815194,6,0.0666666666666666,0.6079526315789474,False,False,True,2,0.8333333333333334
driver,open,open,0.5312094989575618,0.01028344101212867,13,0.6039359308784116,6,0.0666666666666666,0.6151384615384615,False,False,True,2,0.8333333333333334
minded,open,open,0.5361144812907633,0.01028344101212867,16,0.6161216046825284,6,0.1333333333333333,0.6028249999999999,False,False,True,2,0.8333333333333334
coders,open,open,0.5308424466878566,0.01028344101212867,11,0.5934578873666095,6,0.0666666666666666,0.6186727272727273,False,False,True,2,1.0
incompetent,open,open,0.6509483913201883,0.010234328120649602,9,0.5800052903735844,11,0.1333333333333333,-0.6448222222222222,False,False,True,4,0.7272727272727273
degradation,open,open,0.6520482298713397,0.010234328120649602,7,0.5617012295157272,11,0.0666666666666666,-0.6252142857142858,False,False,True,5,0.8181818181818182
city,open,open,0.5048018284645213,0.010204696607186313,33,0.6524554708460382,4,0.0666666666666666,0.5202242424242424,True,False,True,1,1.0
vary,open,open,0.49789757981629945,0.010204696607186313,34,0.6537774330630485,4,0.0666666666666666,0.513170588235294,True,False,True,1,1.0
kitchen,open,open,0.549003689977172,0.010200588530520412,9,0.5800052903735844,7,0.0666666666666666,0.5797000000000001,False,False,True,2,1.0
malfunction,open,open,0.6325242409347395,0.01018925207423847,6,0.5496051325127768,11,0.1333333333333333,-0.4640999999999999,False,False,True,4,0.9090909090909091
fabricating,open,open,0.6344070826601101,0.01018925207423847,5,0.5343829898349378,11,0.0666666666666666,-0.56464,False,False,True,4,0.8181818181818182
ineffective,open,open,0.6367734992128959,0.01018925207423847,5,0.5343829898349378,11,0.0666666666666666,-0.79538,False,False,True,5,0.6363636363636364
conflicting,open,open,0.6184300834639248,0.01018925207423847,5,0.5343829898349378,11,0.1333333333333333,-0.4387,False,False,True,3,0.7272727272727273
consumption,open,open,0.585516403694127,0.01015770266368613,13,0.6039359308784116,11,0.0666666666666666,0.5992461538461539,False,False,True,4,0.8181818181818182
facility,open,open,0.5771389462429639,0.010107680119167366,12,0.5989937658314455,8,0.0666666666666666,0.5152833333333332,False,False,True,3,0.875
assisted,open,open,0.581888419244876,0.010107680119167366,19,0.6255609474815194,8,0.1333333333333333,0.5168473684210527,False,False,True,3,0.75
obsessed,open,open,0.5804510702367917,0.010107680119167366,13,0.6039359308784116,8,0.1333333333333333,0.5221230769230769,False,False,True,3,0.625
cartoons,open,open,0.5621426487720317,0.010079297040082832,8,0.571637330557974,8,0.1333333333333333,0.561875,False,False,True,3,0.875
wrapped,open,open,0.534890111741151,0.010006391836446839,6,0.5496051325127768,7,0.1333333333333333,0.5815,False,False,True,2,0.8571428571428571
rights,open,open,0.5751626309319391,0.009979406319177958,26,0.6414349232056878,6,0.2,0.5083038461538462,False,False,True,1,1.0
retry,open,open,0.5166473714783609,0.009830861932358347,44,0.664699894291389,5,0.0666666666666666,-0.2946704545454546,False,False,True,1,0.8
knowledgeable,open,open,0.7071076444220435,0.009769432333064383,85,0.6891001806412381,13,0.0666666666666666,0.6913952941176469,False,False,True,5,0.7692307692307693
restaurant,open,open,0.5511655259059712,0.009720606484797889,5,0.5343829898349378,10,0.0666666666666666,0.5986800000000001,False,False,True,4,0.7
steroids,open,open,0.545761440282319,0.009715659986690257,7,0.5617012295157272,8,0.0666666666666666,0.5310428571428571,False,False,True,3,0.875
workload,open,open,0.5463488712684673,0.009670583940279127,6,0.5496051325127768,8,0.0666666666666666,0.5240833333333333,False,False,True,3,0.875
notch,open,open,0.5379089194979945,0.00961116853966651,45,0.6656118611656676,5,0.1333333333333333,0.6005333333333331,False,False,True,1,1.0
ignore,open,open,0.5872381109722983,0.009604906700472328,25,0.6395392040666789,6,0.0666666666666666,-0.1466,False,False,True,3,1.0
quotes,open,open,0.5338233784384241,0.009522660587180175,14,0.6083877907186052,6,0.1333333333333333,0.5844642857142857,False,False,True,3,1.0
tricky,open,open,0.5293518809761499,0.009522660587180175,10,0.5871908758202614,6,0.0666666666666666,0.58299,False,False,True,1,1.0
invent,open,open,0.6983288529753886,0.009506035572460665,53,0.672071252218482,6,0.0666666666666666,-0.61795283018868,False,False,True,2,0.8333333333333334
scripts,open,open,0.6374737083649141,0.009502140398294735,41,0.6617935805169496,7,0.1333333333333333,0.5518073170731707,False,False,True,1,0.8571428571428571
historical,open,open,0.5932983498744232,0.009489941564012819,20,0.6282723810177272,10,0.1333333333333333,0.56405,False,False,True,4,0.9
subscribed,open,open,0.64810884396842,0.00946711042017288,63,0.6785672301966525,10,0.1333333333333333,-0.0528809523809524,False,False,True,3,0.8
incomplete,open,open,0.6472084186624459,0.00946711042017288,71,0.6828765594899542,10,0.1333333333333333,-0.0365619718309859,False,False,True,4,0.9
powered,open,open,0.6356994582368204,0.009457064351883605,44,0.664699894291389,7,0.0666666666666666,0.5670954545454547,False,False,True,3,0.8571428571428571
parents,open,open,0.5909170559033474,0.009387526647320127,22,0.6331875282688906,7,0.0666666666666666,0.5094954545454545,False,False,True,2,1.0
tailored,open,open,0.6150172824924689,0.009386994619961793,28,0.644951443477734,8,0.0666666666666666,0.6866357142857143,False,False,True,4,1.0
walking,open,open,0.5804066837139437,0.00937887225557898,21,0.6308081703830098,7,0.2,0.5472428571428573,False,False,True,2,1.0
perhaps,open,open,0.6315395383529426,0.00937887225557898,29,0.6465873928647587,7,0.0666666666666666,0.5552965517241379,False,False,True,2,0.8571428571428571
copilots,open,open,0.5867627324948569,0.009350400766597714,12,0.5989937658314455,8,0.0666666666666666,0.6409083333333333,False,False,True,3,0.875
validation,open,open,0.5585188230184023,0.009248628856871671,11,0.5934578873666095,10,0.0666666666666666,0.0449,False,False,True,5,0.8
apologizes,open,open,0.559200321017864,0.009248628856871671,13,0.6039359308784116,10,0.0666666666666666,0.0565538461538461,False,False,True,5,0.9
briefly,open,open,0.5798858733314933,0.009220413655267826,12,0.5989937658314455,7,0.0666666666666666,0.5631583333333333,False,False,True,2,1.0
outlook,open,open,0.5785922863689623,0.009220413655267826,13,0.6039359308784116,7,0.0666666666666666,0.5433538461538462,False,False,True,4,0.7142857142857143
nevertheless,open,open,0.5450712445023342,0.009211339397297949,5,0.5343829898349378,12,0.0666666666666666,0.59436,False,False,True,4,0.6666666666666666
exploring,open,open,0.6841227264187556,0.009166904394055278,90,0.6910138024728482,9,0.1333333333333333,0.6732644444444443,False,False,True,3,1.0
reflect,open,open,0.5755091081300255,0.009164355849848848,21,0.6308081703830098,7,0.0666666666666666,0.5329857142857142,False,False,True,2,0.8571428571428571
regards,open,open,0.6239785079989053,0.009164355849848848,31,0.6496462468470389,7,0.1333333333333333,0.5321806451612904,False,False,True,2,0.8571428571428571
storing,open,open,0.5951712816942206,0.009164355849848848,23,0.6354268000766977,7,0.0666666666666666,0.525704347826087,False,False,True,2,1.0
quicker,open,open,0.6254844373214865,0.009164355849848848,30,0.648150460701653,7,0.0666666666666666,0.5231733333333333,False,False,True,3,1.0
podcast,open,open,0.6305239632442088,0.009164355849848848,32,0.6510797546220851,7,0.1333333333333333,0.52485625,False,False,True,2,1.0
agrees,open,open,0.5013126237366227,0.009138642509284043,15,0.6124288945957818,6,0.0666666666666666,0.0197333333333333,False,False,True,3,0.8333333333333334
commend,open,open,0.576057435163412,0.009133589210412433,10,0.5871908758202614,7,0.1333333333333333,0.6389100000000001,False,False,True,2,0.8571428571428571
dialects,open,open,0.5665999864969115,0.00910750128178305,8,0.571637330557974,8,0.0666666666666666,0.6278874999999999,False,False,True,3,1.0
engineered,open,open,0.5352217190202501,0.00906583341688402,5,0.5343829898349378,10,0.0666666666666666,0.0604599999999999,False,False,True,5,0.6
restarted,open,open,0.5598506369401334,0.009063041853390996,17,0.6195156162140293,9,0.0666666666666666,0.0588235294117646,False,False,True,3,0.6666666666666666
consuming,open,open,0.5828099387682862,0.009063041853390996,30,0.648150460701653,9,0.1333333333333333,0.0620933333333333,False,False,True,3,0.8888888888888888
sharp,open,open,0.5510895717853136,0.0090470912977418,52,0.6713352524602902,5,0.2,0.6147826923076921,False,False,True,1,1.0
goals,open,open,0.5615069555901597,0.009041195019893316,55,0.6734908190761342,5,0.0666666666666666,0.6597109090909089,False,False,True,2,1.0
engaging,open,open,0.6814516589507221,0.00903361276645014,63,0.6785672301966525,8,0.1333333333333333,0.7328476190476191,False,False,True,3,0.625
intense,open,open,0.5772344793224584,0.009005897249537693,14,0.6083877907186052,7,0.0666666666666666,0.5113,False,False,True,3,0.7142857142857143
edition,open,open,0.5790760391060169,0.009005897249537693,12,0.5989937658314455,7,0.0666666666666666,0.5089833333333333,False,False,True,4,0.8571428571428571
accents,open,open,0.5820775310575967,0.009005897249537693,15,0.6124288945957818,7,0.0666666666666666,0.50922,False,False,True,2,0.8571428571428571
refined,open,open,0.5796556950547471,0.009005897249537693,15,0.6124288945957818,7,0.1333333333333333,0.5253399999999999,False,False,True,3,0.8571428571428571
banned,open,open,0.6508062736441224,0.008964731691679266,37,0.6574555658168466,6,0.1333333333333333,-0.4089135135135135,False,False,True,2,0.8333333333333334
closes,open,open,0.49830817301216124,0.00895520525156089,13,0.6039359308784116,6,0.1333333333333333,0.0571384615384615,False,False,True,2,0.8333333333333334
police,open,open,0.5110839949961197,0.00895520525156089,13,0.6039359308784116,6,0.0666666666666666,-0.0616615384615384,False,False,True,3,1.0
delivery,open,open,0.5829368726373972,0.008944357637942312,21,0.6308081703830098,8,0.0666666666666666,0.6656,False,False,True,3,0.875
develops,open,open,0.557987426345078,0.008913304587709473,5,0.5343829898349378,8,0.0666666666666666,0.63374,False,False,True,3,0.875
comforts,open,open,0.5552699580872852,0.008913304587709473,6,0.5496051325127768,8,0.1333333333333333,0.63325,False,False,True,2,0.875
occasion,open,open,0.557987426345078,0.008913304587709473,5,0.5343829898349378,8,0.1333333333333333,0.63504,False,False,True,4,0.75
sensible,open,open,0.5545014830028965,0.008913304587709473,6,0.5496051325127768,8,0.1333333333333333,0.63225,False,False,True,3,0.75
afternoon,open,open,0.5520360671105413,0.008879604595667842,12,0.5989937658314455,9,0.1333333333333333,0.0584916666666666,False,False,True,4,0.7777777777777778
mixing,open,open,0.5157107865106257,0.008877223079746645,11,0.5934578873666095,6,0.1333333333333333,-0.0861545454545454,False,False,True,2,0.8333333333333334
popular,open,open,0.6365808480698012,0.00886072753540462,46,0.6664978557621422,7,0.0666666666666666,0.6446326086956521,False,False,True,3,0.8571428571428571
teaches,open,open,0.6349476995977986,0.008850814224472784,37,0.6574555658168466,7,0.1333333333333333,0.6477945945945945,False,False,True,3,0.8571428571428571
inspires,open,open,0.6314947491660722,0.008849560029822135,31,0.6496462468470389,8,0.0666666666666666,0.7509354838709679,False,False,True,3,0.75
phenomenal,open,open,0.6849888938394796,0.008849076769255783,57,0.6748452867147411,10,0.0666666666666666,0.6272421052631579,False,False,True,4,0.8
figured,open,open,0.5863838715008155,0.008827978583511703,14,0.6083877907186052,7,0.1333333333333333,0.5005214285714285,False,False,True,3,1.0
blowing,open,open,0.6734010203275667,0.008805738178061654,69,0.6818596751944429,7,0.1333333333333333,0.6811855072463768,False,False,True,2,1.0
achieve,open,open,0.6350047915782837,0.008805738178061654,46,0.6664978557621422,7,0.0666666666666666,0.66565,False,False,True,4,0.8571428571428571
greatly,open,open,0.6742057990575728,0.008805738178061654,62,0.6779793320451609,7,0.0666666666666666,0.6536419354838707,False,False,True,2,1.0
green,open,open,0.5186231747110266,0.008793491610215342,29,0.6465873928647587,5,0.2,0.6488344827586207,False,False,True,2,0.8
sorts,open,open,0.5067584162400176,0.008793491610215342,27,0.6432363202993117,5,0.0666666666666666,0.6392407407407407,False,False,True,1,0.8
minds,open,open,0.5315569345692551,0.008793491610215342,33,0.6524554708460382,5,0.1333333333333333,0.673630303030303,False,False,True,1,1.0
cares,open,open,0.5180630702743477,0.008793491610215342,30,0.648150460701653,5,0.0666666666666666,0.6590366666666667,False,False,True,2,1.0
sneakers,open,open,0.5751498911490054,0.008785899037631157,10,0.5871908758202614,8,0.0666666666666666,0.6467200000000001,False,False,True,3,0.75
findings,open,open,0.5808462779524138,0.008785899037631157,13,0.6039359308784116,8,0.0666666666666666,0.6646769230769232,False,False,True,2,0.75
globally,open,open,0.5808462779524138,0.008785899037631157,13,0.6039359308784116,8,0.0666666666666666,0.6555846153846154,False,False,True,2,0.75
addicted,open,open,0.5808462779524138,0.008785899037631157,13,0.6039359308784116,8,0.1333333333333333,0.6705461538461539,False,False,True,3,0.75
ripping,open,open,0.5467037014704691,0.008783317476379586,5,0.5343829898349378,7,0.1333333333333333,0.5371,False,False,True,2,0.7142857142857143
builder,open,open,0.5478302012701197,0.008783317476379586,5,0.5343829898349378,7,0.0666666666666666,0.54864,False,False,True,3,1.0
partial,open,open,0.5587973363459818,0.00876299776472303,8,0.571637330557974,7,0.1333333333333333,0.52995,False,False,True,3,0.8571428571428571
wisdom,open,open,0.5601336919467279,0.008750103865807934,25,0.6395392040666789,6,0.0666666666666666,0.724472,False,False,True,2,1.0
blatantly,open,open,0.5416087712284195,0.008741885202091322,8,0.571637330557974,9,0.0666666666666666,0.0528624999999999,False,False,True,2,0.6666666666666666
scene,open,open,0.5325827882822669,0.008733670952508078,46,0.6664978557621422,5,0.0666666666666666,0.5429434782608696,False,False,True,2,0.8
dynamic,open,open,0.5924796076582574,0.008727546081757031,23,0.6354268000766977,7,0.1333333333333333,0.6608,False,False,True,2,1.0
sourced,open,open,0.6314702557599422,0.008727546081757031,32,0.6510797546220851,7,0.0666666666666666,0.6693031250000001,False,False,True,3,1.0
honesty,open,open,0.6376981256550803,0.008727546081757031,34,0.6537774330630485,7,0.0666666666666666,0.6639294117647059,False,False,True,2,1.0
freedom,open,open,0.6355300358755185,0.008727546081757031,34,0.6537774330630485,7,0.0666666666666666,0.6880352941176471,False,False,True,3,0.8571428571428571
reward,open,open,0.5416519886485004,0.008719473081327934,12,0.5989937658314455,6,0.1333333333333333,0.5427833333333334,False,False,True,2,0.8333333333333334
awhile,open,open,0.5416519886485004,0.008719473081327934,13,0.6039359308784116,6,0.0666666666666666,0.5386307692307694,False,False,True,3,1.0
areas,open,open,0.561440496215686,0.00869751962691719,66,0.6802614307792342,5,0.0666666666666666,0.5972560606060608,False,False,True,3,0.8
young,open,open,0.5688642046498619,0.00869751962691719,71,0.6828765594899542,5,0.1333333333333333,0.6178323943661972,False,False,True,2,1.0
strangely,open,open,0.5385791643742502,0.008696809155680192,6,0.5496051325127768,9,0.0666666666666666,0.05875,False,False,True,2,1.0
revised,open,open,0.5466636258182015,0.008696493031524193,6,0.5496051325127768,7,0.1333333333333333,0.63835,False,False,True,3,0.8571428571428571
rituals,open,open,0.5493810940759942,0.008696493031524193,5,0.5343829898349378,7,0.0666666666666666,0.64002,False,False,True,3,1.0
clouds,open,open,0.5027843462558654,0.00869175569326322,9,0.5800052903735844,6,0.1333333333333333,0.6297444444444446,False,False,True,2,1.0
united,open,open,0.49722451234201126,0.00869175569326322,8,0.571637330557974,6,0.1333333333333333,0.6336249999999999,False,False,True,3,1.0
silver,open,open,0.5500820416352662,0.0086895815784573,22,0.6331875282688906,6,0.2,0.6625136363636366,False,False,True,2,1.0
mission,open,open,0.577821349317921,0.008624076838788838,13,0.6039359308784116,7,0.0666666666666666,0.6443923076923077,False,False,True,3,0.7142857142857143
lighter,open,open,0.5472366409271966,0.008613877117060584,7,0.5617012295157272,7,0.1333333333333333,0.5274571428571428,False,False,True,2,1.0
suited,open,open,0.5352359286825022,0.008586112335489109,10,0.5871908758202614,6,0.1333333333333333,0.6386999999999998,False,False,True,3,1.0
happier,open,open,0.5798552995438172,0.008569087481445874,17,0.6195156162140293,7,0.0666666666666666,0.6730411764705881,False,False,True,3,0.8571428571428571
adviser,open,open,0.5713145322432405,0.008569087481445874,10,0.5871908758202614,7,0.0666666666666666,0.65679,False,False,True,3,1.0
healing,open,open,0.571238069742499,0.008569087481445874,10,0.5871908758202614,7,0.2,0.68867,False,False,True,3,1.0
mindful,open,open,0.5488886731399765,0.008568801070649454,5,0.5343829898349378,7,0.0666666666666666,0.51922,False,False,True,2,1.0
forgive,open,open,0.5488886731399765,0.008568801070649454,5,0.5343829898349378,7,0.0666666666666666,0.52028,False,False,True,3,1.0
graphs,open,open,0.5313830411239263,0.008531122978146143,10,0.5871908758202614,6,0.1333333333333333,0.65689,False,False,True,1,1.0
stocks,open,open,0.5399570679324481,0.008504956675597803,10,0.5871908758202614,6,0.1333333333333333,0.51759,False,False,True,1,0.8333333333333334
street,open,open,0.5427964945555159,0.008504956675597803,13,0.6039359308784116,6,0.0666666666666666,0.5223923076923077,False,False,True,2,0.6666666666666666
christ,open,open,0.5442190295475342,0.008504956675597803,10,0.5871908758202614,6,0.0666666666666666,0.5046999999999999,False,False,True,1,1.0
sticks,open,open,0.5414725329342425,0.008504956675597803,13,0.6039359308784116,6,0.1333333333333333,0.511553846153846,False,False,True,1,0.8333333333333334
medium,open,open,0.5482146874290865,0.008504956675597803,19,0.6255609474815194,6,0.1333333333333333,0.5262315789473684,False,False,True,3,0.8333333333333334
convey,open,open,0.5378748385662222,0.008504956675597803,13,0.6039359308784116,6,0.0666666666666666,0.5353615384615386,False,False,True,2,1.0
curious,open,open,0.6816348343692125,0.008374164228245374,72,0.6833713636336338,7,0.0666666666666666,0.717540277777778,False,False,True,4,0.8571428571428571
broadens,open,open,0.5493393560334873,0.00834880285874292,6,0.5496051325127768,8,0.0666666666666666,0.6555333333333332,False,False,True,3,1.0
followup,open,open,0.5501439028279831,0.00834880285874292,5,0.5343829898349378,8,0.0666666666666666,0.658,False,False,True,3,0.75
parental,open,open,0.5495240517055391,0.00834880285874292,5,0.5343829898349378,8,0.1333333333333333,0.68284,False,False,True,3,0.875
stuffs,open,open,0.5553136392870435,0.00832703800957181,14,0.6083877907186052,6,0.0666666666666666,0.4985071428571428,False,False,True,1,0.6666666666666666
assists,open,open,0.558057336524963,0.008326187996631212,9,0.5800052903735844,7,0.1333333333333333,0.6745444444444444,False,False,True,2,0.5714285714285714
glasses,open,open,0.558057336524963,0.008326187996631212,9,0.5800052903735844,7,0.1333333333333333,0.6591999999999999,False,False,True,2,0.7142857142857143
kill,open,open,0.5036163980121627,0.008303226736341261,43,0.6637605539783985,4,0.1333333333333333,-0.4773674418604651,True,False,True,1,0.75
diverse,open,open,0.6411075478583427,0.00829597213194075,36,0.6562743313773061,7,0.0666666666666666,0.6926055555555556,False,False,True,3,0.8571428571428571
truthful,open,open,0.5803026403729477,0.0082484644474915,14,0.6083877907186052,8,0.0666666666666666,0.7545214285714286,False,False,True,2,0.75
distinct,open,open,0.5849988541470134,0.0082484644474915,11,0.5934578873666095,8,0.0666666666666666,0.7455909090909091,False,False,True,2,0.75
ticket,open,open,0.49658975147970275,0.008203672608635129,7,0.5617012295157272,6,0.1333333333333333,-0.1055857142857142,False,False,True,2,0.8333333333333334
dream,open,open,0.5808013105814441,0.008200194763677502,45,0.6656118611656676,5,0.1333333333333333,0.7715822222222223,False,False,True,2,1.0
researched,open,open,0.6375504872201059,0.008190805607470087,34,0.6537774330630485,10,0.0666666666666666,0.6089735294117646,False,False,True,4,0.7
stylish,open,open,0.6309098174484404,0.008190111491617373,30,0.648150460701653,7,0.0666666666666666,0.7434066666666668,False,False,True,1,0.8571428571428571
compass,open,open,0.5407286317402091,0.008177067348968765,7,0.5617012295157272,7,0.1333333333333333,0.6819285714285714,False,False,True,2,0.8571428571428571
breeze,open,open,0.508653891065116,0.00817037049309212,9,0.5800052903735844,6,0.1333333333333333,0.5586777777777778,False,False,True,3,0.6666666666666666
saver,open,open,0.5498147088952489,0.00816959371058337,56,0.6741758511411072,5,0.0666666666666666,0.5584607142857142,False,False,True,2,1.0
cleaner,open,open,0.5783509088306203,0.008137513531629594,13,0.6039359308784116,7,0.0666666666666666,0.6971384615384615,False,False,True,3,0.8571428571428571
defines,open,open,0.5392354181258158,0.008131991302557635,6,0.5496051325127768,7,0.1333333333333333,0.6748333333333334,False,False,True,3,0.8571428571428571
mechanic,open,open,0.5614707727735156,0.008111425603000212,8,0.571637330557974,8,0.1333333333333333,0.7019375,False,False,True,3,0.875
partners,open,open,0.5607759830854504,0.008111425603000212,8,0.571637330557974,8,0.1333333333333333,0.7357125,False,False,True,2,0.875
flying,open,open,0.5448157140817579,0.008099549028329862,17,0.6195156162140293,6,0.2,0.7416882352941178,False,False,True,1,1.0
understandable,open,open,0.687252109102547,0.008082199860145814,70,0.6823727633956729,14,0.0666666666666666,0.6264571428571428,False,False,True,5,0.7142857142857143
approved,open,open,0.561922793368553,0.008005564962676837,9,0.5800052903735844,8,0.1333333333333333,0.7537666666666666,False,False,True,3,0.875
discovery,open,open,0.6305441422276258,0.008001287712325661,43,0.6637605539783985,9,0.0666666666666666,0.6165511627906975,False,False,True,3,1.0
fluent,open,open,0.4992826880731001,0.007982020389910327,9,0.5800052903735844,6,0.0666666666666666,0.6792777777777776,False,False,True,2,1.0
plants,open,open,0.49961292020853665,0.007982020389910327,9,0.5800052903735844,6,0.1333333333333333,0.6874222222222222,False,False,True,1,1.0
tough,open,open,0.5189269031095367,0.007921890300905397,31,0.6496462468470389,5,0.2,0.5222096774193548,False,False,True,2,1.0
clinical,open,open,0.548618793312485,0.007917228908926639,6,0.5496051325127768,8,0.0666666666666666,0.7192166666666666,False,False,True,3,0.625
blending,open,open,0.548618793312485,0.007917228908926639,6,0.5496051325127768,8,0.1333333333333333,0.7216333333333335,False,False,True,2,0.875
semester,open,open,0.548618793312485,0.007917228908926639,6,0.5496051325127768,8,0.0666666666666666,0.7201666666666666,False,False,True,3,0.625
teenager,open,open,0.548618793312485,0.007917228908926639,6,0.5496051325127768,8,0.0666666666666666,0.7097833333333333,False,False,True,4,0.75
fabulous,open,open,0.6467895348864589,0.007904444016711481,44,0.664699894291389,8,0.0666666666666666,0.7863113636363636,False,False,True,4,0.875
judgment,open,open,0.5449483473956751,0.007856444315014392,7,0.5617012295157272,8,0.0666666666666666,0.7555857142857143,False,False,True,2,1.0
combines,open,open,0.6197750936072217,0.007826251920406856,26,0.6414349232056878,8,0.1333333333333333,0.7748076923076924,False,False,True,3,1.0
pleasure,open,open,0.640027658106795,0.007826251920406856,29,0.6465873928647587,8,0.0666666666666666,0.802813793103448,False,False,True,4,0.875
color,open,open,0.5590548627474751,0.00782002203975876,61,0.6773791226501839,5,0.2,0.5305032786885246,False,False,True,2,0.8
improvements,open,open,0.6831446762145865,0.007759730616274771,71,0.6828765594899542,12,0.0666666666666666,0.6128169014084508,False,False,True,4,0.8333333333333334
evolves,open,open,0.5409095231988239,0.0077454933991524845,7,0.5617012295157272,7,0.0666666666666666,0.7363571428571429,False,False,True,3,0.7142857142857143
flowers,open,open,0.541604312886889,0.0077454933991524845,7,0.5617012295157272,7,0.0666666666666666,0.6982571428571429,False,False,True,2,1.0
counts,open,open,0.5643330814199022,0.007729294615911706,15,0.6124288945957818,6,0.1333333333333333,-0.2038333333333333,False,False,True,2,1.0
sharply,open,open,0.5415139267197796,0.0077004173527413546,5,0.5343829898349378,7,0.0666666666666666,0.74152,False,False,True,1,1.0
fluency,open,open,0.5422087164078448,0.0077004173527413546,5,0.5343829898349378,7,0.0666666666666666,0.7026399999999999,False,False,True,2,1.0
booster,open,open,0.5422087164078448,0.0077004173527413546,5,0.5343829898349378,7,0.0666666666666666,0.6933,False,False,True,3,0.8571428571428571
confess,open,open,0.5415139267197796,0.0077004173527413546,5,0.5343829898349378,7,0.0666666666666666,0.72766,False,False,True,2,0.8571428571428571
amharic,open,open,0.5387964584619868,0.0077004173527413546,6,0.5496051325127768,7,0.1333333333333333,0.7339166666666666,False,False,True,3,0.8571428571428571
asset,open,open,0.5311914464668035,0.007660694257352003,23,0.6354268000766977,5,0.0666666666666666,0.8413217391304348,False,False,True,2,0.8
advises,open,open,0.5384047415870616,0.0075945567124179785,6,0.5496051325127768,7,0.0666666666666666,0.7486499999999999,False,False,True,3,0.8571428571428571
vocabulary,open,open,0.5905249416772548,0.007589710025139451,17,0.6195156162140293,10,0.0666666666666666,0.6169117647058823,False,False,True,4,0.9
slides,open,open,0.4987848665220975,0.007550446440094049,9,0.5800052903735844,6,0.1333333333333333,0.735188888888889,False,False,True,2,0.8333333333333334
severe,open,open,0.5549955959821563,0.007545857358188552,13,0.6039359308784116,6,0.0666666666666666,-0.2303076923076923,False,False,True,3,0.6666666666666666
openly,open,open,0.545470337835818,0.007545857358188552,10,0.5871908758202614,6,0.0666666666666666,-0.2206099999999999,False,False,True,2,1.0
begins,open,open,0.5492893649614469,0.007545857358188552,12,0.5989937658314455,6,0.1333333333333333,-0.2046583333333333,False,False,True,2,1.0
surveillance,open,open,0.6375978417008199,0.0074759680542271605,63,0.6785672301966525,12,0.0666666666666666,0.0032523809523809,False,False,True,5,0.8333333333333334
boost,open,open,0.5165094522633535,0.007388414112074821,26,0.6414349232056878,5,0.1333333333333333,0.7762346153846156,False,False,True,2,0.8
worldwide,open,open,0.5722375801650699,0.007276923987279272,19,0.6255609474815194,9,0.0666666666666666,0.6131947368421053,False,False,True,3,0.7777777777777778
quotas,open,open,0.5249115247436925,0.007239654254767402,8,0.571637330557974,6,0.0666666666666666,-0.201625,False,False,True,3,1.0
steals,open,open,0.5266288302831001,0.007239654254767402,7,0.5617012295157272,6,0.1333333333333333,-0.2349142857142857,False,False,True,2,0.8333333333333334
racist,open,open,0.5902999506850968,0.0072182542952745204,10,0.5871908758202614,6,0.1333333333333333,-0.41523,False,False,True,2,1.0
spontaneous,open,open,0.5628780930631636,0.007197689892662343,7,0.5617012295157272,11,0.0666666666666666,0.6059000000000001,False,False,True,5,0.7272727272727273
absent,open,open,0.5049809231128966,0.007194578208356272,5,0.5343829898349378,6,0.2,-0.21674,False,False,True,2,1.0
keypad,open,open,0.5054620911270671,0.007194578208356272,5,0.5343829898349378,6,0.0666666666666666,-0.2529,False,False,True,2,1.0
upside,open,open,0.5103097711968109,0.007194578208356272,6,0.5496051325127768,6,0.0666666666666666,-0.20325,False,False,True,3,1.0
illustration,open,open,0.5903340000603683,0.0070804429376395105,15,0.6124288945957818,12,0.0666666666666666,0.6208333333333333,False,False,True,5,0.75
sincere,open,open,0.587815267740099,0.007008344781890939,12,0.5989937658314455,7,0.0666666666666666,0.7980583333333332,False,False,True,3,0.8571428571428571
expands,open,open,0.5863910774602167,0.007008344781890939,12,0.5989937658314455,7,0.0666666666666666,0.7853916666666668,False,False,True,2,1.0
inspire,open,open,0.5910510270485273,0.007008344781890939,17,0.6195156162140293,7,0.0666666666666666,0.7811588235294118,False,False,True,3,0.8571428571428571
handsome,open,open,0.5774110972302007,0.006982256853261559,9,0.5800052903735844,8,0.0666666666666666,0.7788777777777778,False,False,True,3,1.0
aggressive,open,open,0.5826248569400395,0.006978326313427023,21,0.6308081703830098,10,0.0666666666666666,-0.0909047619047619,False,False,True,4,0.7
gentle,open,open,0.5784816288747116,0.006944612115973741,22,0.6331875282688906,6,0.2,0.8233272727272727,False,False,True,2,0.8333333333333334
hiding,open,open,0.5642475841730856,0.006866975145442241,5,0.5343829898349378,6,0.1333333333333333,-0.7110200000000001,False,False,True,2,0.8333333333333334
inconvenient,open,open,0.5712810324484235,0.006842984008443979,26,0.6414349232056878,12,0.1333333333333333,-0.0413884615384615,False,False,True,5,0.5833333333333334
diagnosed,open,open,0.5422666888947635,0.0068398278083910335,5,0.5343829898349378,9,0.0666666666666666,0.61348,False,False,True,4,0.8888888888888888
trousers,open,open,0.5583740692775742,0.006833136205599113,7,0.5617012295157272,8,0.0666666666666666,0.7790571428571429,False,False,True,3,0.75
cheerful,open,open,0.5547820454645783,0.006788060159187985,6,0.5496051325127768,8,0.0666666666666666,0.7725333333333334,False,False,True,3,0.875
jacket,open,open,0.565268262228679,0.006786153515662585,11,0.5934578873666095,6,0.1333333333333333,0.8242999999999999,False,False,True,2,1.0
notification,open,open,0.6560418441456896,0.006748637254595208,58,0.6754997548619163,12,0.0666666666666666,-0.0933931034482758,False,False,True,6,0.5833333333333334
pretending,open,open,0.5759799828996132,0.006735020193063274,14,0.6083877907186052,10,0.0666666666666666,-0.0857285714285714,False,False,True,3,0.8
continuous,open,open,0.6775797654685837,0.006729387339946277,67,0.6808043476166022,10,0.0666666666666666,0.5021477611940298,False,False,True,5,0.7
simplifies,open,open,0.6455323738994428,0.006729377455423273,37,0.6574555658168466,10,0.0666666666666666,0.574018918918919,False,False,True,4,0.7
convenience,open,open,0.6436244131696317,0.006729377455423273,39,0.6596972838889588,11,0.0666666666666666,0.5818923076923078,False,False,True,5,0.5454545454545454
assignment,open,open,0.685703918348868,0.0066841352085009915,78,0.6861665279438015,10,0.0666666666666666,0.5254320512820513,False,False,True,3,0.8
understood,open,open,0.6871313960357412,0.0066841352085009915,67,0.6808043476166022,10,0.1333333333333333,0.5180970149253732,False,False,True,4,0.8
productive,open,open,0.6982322926619228,0.0066841352085009915,74,0.6843351286141285,10,0.0666666666666666,0.5567189189189189,False,False,True,4,1.0
assistants,open,open,0.699748149645089,0.0066841352085009915,71,0.6828765594899542,10,0.0666666666666666,0.5666676056338028,False,False,True,3,0.5
accessible,open,open,0.6964525781607084,0.0066841352085009915,64,0.6791432659055908,10,0.0666666666666666,0.5506374999999997,False,False,True,4,0.7
considerable,open,open,0.5538648642866308,0.0066433467587512715,6,0.5496051325127768,12,0.0666666666666666,0.6221833333333333,False,False,True,5,0.9166666666666666
demeanor,open,open,0.5564125919270297,0.006638158724929044,6,0.5496051325127768,8,0.0666666666666666,0.8137,False,False,True,4,0.875
researcher,open,open,0.6215966552954818,0.0066061093127075185,27,0.6432363202993117,10,0.0666666666666666,0.584474074074074,False,False,True,4,0.6
restarting,open,open,0.5851222823123795,0.006597300799486753,39,0.6596972838889588,10,0.0666666666666666,-0.038251282051282,False,False,True,3,0.8
apparently,open,open,0.6029048117695581,0.006597300799486753,39,0.6596972838889588,10,0.0666666666666666,-0.0849384615384615,False,False,True,3,0.8
bullets,open,open,0.5411797059932753,0.006571248603002702,6,0.5496051325127768,7,0.0666666666666666,0.7950166666666667,False,False,True,2,0.8571428571428571
seekers,open,open,0.5446086510830277,0.006571248603002702,5,0.5343829898349378,7,0.0666666666666666,0.7680400000000001,False,False,True,3,0.5714285714285714
powder,open,open,0.7141720258278589,0.006570502331941235,28,0.644951443477734,6,0.1333333333333333,0.8965142857142856,False,False,True,2,1.0
styled,open,open,0.5395827186343701,0.006490783970177201,8,0.571637330557974,6,0.1333333333333333,0.8291375,False,False,True,1,1.0
smartly,open,open,0.5412761973958409,0.00642134716874376,5,0.5343829898349378,7,0.0666666666666666,0.81264,False,False,True,1,1.0
preventing,open,open,0.5471111001295442,0.006413863541763601,8,0.571637330557974,10,0.0666666666666666,-0.0230124999999999,False,False,True,3,0.8
resting,open,open,0.5523792939332295,0.006378307372580374,7,0.5617012295157272,7,0.1333333333333333,0.8146428571428572,False,False,True,2,1.0
inaccuracy,open,open,0.5355895445633369,0.006368787495352471,5,0.5343829898349378,10,0.0666666666666666,0.0387599999999999,False,False,True,4,0.7
adequately,open,open,0.5444524185297851,0.006368787495352471,6,0.5496051325127768,10,0.0666666666666666,-0.02065,False,False,True,5,0.8
dismissive,open,open,0.5379682358392391,0.006368787495352471,5,0.5343829898349378,10,0.0666666666666666,-0.05752,False,False,True,4,0.6
automated,open,open,0.588774134975077,0.006365995931859447,30,0.648150460701653,9,0.0666666666666666,-0.06777,False,False,True,5,0.7777777777777778
bounds,open,open,0.5189731682960879,0.006341663322514756,7,0.5617012295157272,6,0.1333333333333333,0.8352142857142858,False,False,True,2,1.0
regression,open,open,0.5641113802060264,0.0063358813699493565,7,0.5617012295157272,10,0.0666666666666666,-0.0867,False,False,True,4,0.7
significant,open,open,0.6563398768771548,0.00630949060120826,43,0.6637605539783985,11,0.1333333333333333,0.5497674418604651,False,False,True,4,0.7272727272727273
disturbing,open,open,0.6253192467926868,0.0062924942454119495,27,0.6432363202993117,10,0.1333333333333333,-0.1685555555555555,False,False,True,3,0.9
confirmation,open,open,0.561342152173078,0.006285788397872113,11,0.5934578873666095,12,0.0666666666666666,0.0109090909090909,False,False,True,5,0.75
disconnected,open,open,0.5570190964956119,0.006285788397872113,12,0.5989937658314455,12,0.1333333333333333,-0.0271416666666666,False,False,True,4,0.6666666666666666
unsuccessful,open,open,0.5720220510198586,0.006285788397872113,12,0.5989937658314455,12,0.0666666666666666,-0.0740833333333333,False,False,True,4,0.5833333333333334
biblical,open,open,0.6190900838427267,0.0062563668861678546,7,0.5617012295157272,8,0.0666666666666666,0.8323999999999999,False,False,True,3,0.625
suggesting,open,open,0.6073480796210868,0.006186222458492503,23,0.6354268000766977,10,0.0666666666666666,0.5123695652173913,False,False,True,3,0.7
university,open,open,0.6447107151595906,0.006186222458492503,34,0.6537774330630485,10,0.0666666666666666,0.5359617647058823,False,False,True,4,0.9
effortless,open,open,0.641031445972068,0.006186222458492503,36,0.6562743313773061,10,0.0666666666666666,0.5292694444444445,False,False,True,3,0.7
connecting,open,open,0.6402819910085081,0.006186222458492503,29,0.6465873928647587,10,0.1333333333333333,0.5195931034482759,False,False,True,3,0.7
irritated,open,open,0.5510452432844527,0.006182558674136294,12,0.5989937658314455,9,0.1333333333333333,0.0022833333333333,False,False,True,4,0.6666666666666666
sarcastic,open,open,0.5474316965144875,0.006182558674136294,11,0.5934578873666095,9,0.0666666666666666,-0.0448909090909091,False,False,True,3,0.6666666666666666
substance,open,open,0.5483216752125016,0.006182558674136294,11,0.5934578873666095,9,0.0666666666666666,-0.0367454545454545,False,False,True,3,0.8888888888888888
malayalam,open,open,0.5519822940813849,0.006182558674136294,13,0.6039359308784116,9,0.0666666666666666,0.0076461538461538,False,False,True,4,0.4444444444444444
manipulation,open,open,0.5961002195699965,0.006161615509667177,15,0.6124288945957818,12,0.0666666666666666,-0.1159133333333333,False,False,True,6,0.75
throughout,open,open,0.6800939391951439,0.006139200954678928,50,0.6698067935179771,10,0.0666666666666666,0.6365400000000002,False,False,True,4,0.6
insufficient,open,open,0.5358167106132854,0.006102992957884462,5,0.5343829898349378,12,0.0666666666666666,0.0273599999999999,False,False,True,5,0.6666666666666666
automation,open,open,0.5905447823402773,0.006090611961278165,12,0.5989937658314455,10,0.0666666666666666,0.5696083333333333,False,False,True,6,0.7
simplicity,open,open,0.613736235012971,0.006061008858374303,24,0.6375399955160673,10,0.0666666666666666,0.6403375,False,False,True,3,0.8
allowance,open,open,0.5455842739241646,0.006044839280559773,7,0.5617012295157272,9,0.1333333333333333,-0.0570714285714285,False,False,True,4,0.7777777777777778
exception,open,open,0.542177067899924,0.006044839280559773,7,0.5617012295157272,9,0.0666666666666666,0.0015285714285714,False,False,True,4,0.8888888888888888
resetting,open,open,0.5394825229878548,0.006044839280559773,7,0.5617012295157272,9,0.0666666666666666,-0.0419428571428571,False,False,True,3,0.7777777777777778
expressed,open,open,0.542177067899924,0.006044839280559773,7,0.5617012295157272,9,0.1333333333333333,0.0145999999999999,False,False,True,3,0.6666666666666666
publicity,open,open,0.5403725016858689,0.006044839280559773,7,0.5617012295157272,9,0.0666666666666666,-0.0250571428571428,False,False,True,3,0.8888888888888888
mechanism,open,open,0.5403725016858689,0.006044839280559773,7,0.5617012295157272,9,0.0666666666666666,-0.0318,False,False,True,3,0.8888888888888888
appalling,open,open,0.5568773620051938,0.006044839280559773,8,0.571637330557974,9,0.1333333333333333,-0.0812624999999999,False,False,True,3,0.6666666666666666
compliment,open,open,0.5858855217311484,0.006005013730376883,11,0.5934578873666095,10,0.1333333333333333,0.5721818181818181,False,False,True,3,0.9
translates,open,open,0.5848874615962203,0.006005013730376883,14,0.6083877907186052,10,0.1333333333333333,0.57395,False,False,True,3,0.7
intensive,open,open,0.5265938708391145,0.005999763234148643,5,0.5343829898349378,9,0.1333333333333333,-0.0379799999999999,False,False,True,4,0.6666666666666666
informing,open,open,0.5265938708391145,0.005999763234148643,5,0.5343829898349378,9,0.1333333333333333,-0.0424599999999999,False,False,True,3,0.7777777777777778
proceeded,open,open,0.5284744710923339,0.005999763234148643,5,0.5343829898349378,9,0.0666666666666666,0.01066,False,False,True,4,0.6666666666666666
regrets,open,open,0.6085116775691807,0.005994479283571441,5,0.5343829898349378,7,0.0666666666666666,0.8401799999999999,False,False,True,2,0.7142857142857143
smile,open,open,0.61819595228728,0.005950832349806425,28,0.644951443477734,5,0.1333333333333333,0.8868607142857144,False,False,True,2,1.0
suffering,open,open,0.5716776223359238,0.005874948528208204,12,0.5989937658314455,9,0.1333333333333333,-0.0947916666666666,False,False,True,3,0.8888888888888888
greed,open,open,0.5121190905571407,0.005837995744264536,18,0.6226511014835566,5,0.0666666666666666,-0.5037833333333332,False,False,True,2,0.8
particularly,open,open,0.650776574341067,0.005800223513708318,43,0.6637605539783985,12,0.0666666666666666,0.5676418604651162,False,False,True,4,0.75
discontinued,open,open,0.571056312725028,0.005795382811956373,6,0.5496051325127768,12,0.1333333333333333,-0.11175,False,False,True,5,0.75
explicitly,open,open,0.63006387197876,0.005779908936728329,25,0.6395392040666789,10,0.0666666666666666,-0.311552,False,False,True,3,0.8
horrendous,open,open,0.6371240694435875,0.005779908936728329,14,0.6083877907186052,10,0.0666666666666666,-0.3929857142857143,False,False,True,4,0.8
cancelling,open,open,0.6446975157272018,0.005779908936728329,16,0.6161216046825284,10,0.0666666666666666,-0.4030375,False,False,True,3,0.7
resulting,open,open,0.5680517193171201,0.0057372291346316825,8,0.571637330557974,9,0.1333333333333333,-0.112175,False,False,True,3,1.0
fabricated,open,open,0.5806335807475825,0.005735298634840083,9,0.5800052903735844,10,0.1333333333333333,-0.1479555555555555,False,False,True,4,0.9
automatic,open,open,0.6000348051759036,0.005721404453092128,24,0.6375399955160673,9,0.1333333333333333,-0.1828458333333333,False,False,True,5,0.7777777777777778
calculated,open,open,0.569445670768955,0.005690222588428953,5,0.5343829898349378,10,0.1333333333333333,-0.15956,False,False,True,4,0.7
surprised,open,open,0.6854470427834843,0.0056549720980012,82,0.6878819851256843,9,0.1333333333333333,0.706259756097561,False,False,True,3,0.7777777777777778
unresponsive,open,open,0.6113935161399708,0.00565294135509523,19,0.6255609474815194,12,0.0666666666666666,-0.1490631578947368,False,False,True,5,0.75
sparks,open,open,0.5673272862090405,0.0056296982475521696,9,0.5800052903735844,6,0.1333333333333333,0.8454666666666666,False,False,True,1,0.8333333333333334
importantly,open,open,0.6636091211326324,0.005619775272123502,39,0.6596972838889588,11,0.0666666666666666,0.6704076923076924,False,False,True,3,0.9090909090909091
expression,open,open,0.6592372219927075,0.005619775272123502,41,0.6617935805169496,10,0.0666666666666666,0.6554073170731705,False,False,True,4,0.8
affordable,open,open,0.6029950943980059,0.005618371876354824,21,0.6308081703830098,10,0.0666666666666666,0.6405238095238095,False,False,True,4,0.8
electronic,open,open,0.553096125354826,0.005612993597899774,7,0.5617012295157272,10,0.0666666666666666,0.5751000000000001,False,False,True,4,0.8
hallucinating,open,open,0.5845060288182669,0.00560230800910052,37,0.6574555658168466,13,0.1333333333333333,0.0072864864864865,False,False,True,5,0.6923076923076923
medication,open,open,0.5887417911373852,0.0055964716790051754,11,0.5934578873666095,10,0.0666666666666666,-0.1826090909090909,False,False,True,5,0.9
altogether,open,open,0.5929362722079816,0.005585126876161869,10,0.5871908758202614,10,0.0666666666666666,0.54095,False,False,True,4,0.8
backgrounds,open,open,0.6039689535852409,0.005585126876161869,11,0.5934578873666095,11,0.1333333333333333,0.5684636363636364,False,False,True,3,1.0
leadership,open,open,0.5895689130607138,0.005585126876161869,13,0.6039359308784116,10,0.0666666666666666,0.5135307692307692,False,False,True,4,0.9
implemented,open,open,0.6031576276710054,0.005585126876161869,18,0.6226511014835566,11,0.1333333333333333,0.5264888888888889,False,False,True,4,0.7272727272727273
literature,open,open,0.5976885292544665,0.005585126876161869,17,0.6195156162140293,10,0.0666666666666666,0.5428529411764705,False,False,True,5,0.7
versatility,open,open,0.6020320286955592,0.005585126876161869,10,0.5871908758202614,11,0.0666666666666666,0.56135,False,False,True,4,0.8181818181818182
combination,open,open,0.6064769643567434,0.005585126876161869,15,0.6124288945957818,11,0.0666666666666666,0.5589266666666667,False,False,True,5,0.7272727272727273
transforms,open,open,0.5982738484500016,0.005585126876161869,18,0.6226511014835566,10,0.1333333333333333,0.5447277777777778,False,False,True,2,0.8
searchable,open,open,0.5531074585951631,0.005567917551488644,5,0.5343829898349378,10,0.0666666666666666,0.5847,False,False,True,4,0.8
surpassing,open,open,0.5536835563409743,0.005567917551488644,6,0.5496051325127768,10,0.2,0.5799500000000001,False,False,True,3,0.8
inconvenience,open,open,0.5637818200231135,0.005556590144953888,12,0.5989937658314455,13,0.0666666666666666,-0.0266416666666666,False,False,True,6,0.46153846153846156
regretting,open,open,0.5834494578488044,0.0055513956325940455,5,0.5343829898349378,10,0.0666666666666666,-0.32258,False,False,True,3,0.6
outrageous,open,open,0.6479193019755443,0.005500835797573857,7,0.5617012295157272,10,0.0666666666666666,-0.4422714285714285,False,False,True,6,0.8
unbelievably,open,open,0.5864806860111552,0.005495746642876942,17,0.6195156162140293,12,0.0666666666666666,0.5749470588235294,False,False,True,5,0.75
lush,open,open,0.5335763957505582,0.005492697831966963,6,0.5496051325127768,4,0.1333333333333333,0.9126166666666666,True,False,True,1,1.0
personalize,open,open,0.6089744636603872,0.005459913276043668,13,0.6039359308784116,11,0.0666666666666666,0.6307846153846154,False,False,True,5,0.9090909090909091
astonishing,open,open,0.6068700157045068,0.005407208210135878,13,0.6039359308784116,11,0.0666666666666666,0.5002153846153846,False,False,True,4,0.7272727272727273
summarizes,open,open,0.6000432719578314,0.005407208210135878,11,0.5934578873666095,10,0.0666666666666666,0.4998545454545455,False,False,True,4,0.8
highlight,open,open,0.5945442091670682,0.005388304717794547,25,0.6395392040666789,9,0.1333333333333333,0.5106959999999999,False,False,True,2,0.5555555555555556
beneficial,open,open,0.7047733254636769,0.005383634042530755,60,0.6767661283438605,10,0.0666666666666666,0.70485,False,False,True,5,0.8
efficiently,open,open,0.7133776270691086,0.005383634042530755,65,0.6797078647811866,11,0.0666666666666666,0.7295384615384616,False,False,True,4,0.7272727272727273
misinformation,open,open,0.6723711585454656,0.005350630642785514,55,0.6734908190761342,14,0.0666666666666666,-0.3375636363636364,False,False,True,6,0.6428571428571429
copyright,open,open,0.6326671766827597,0.005347646100243416,30,0.648150460701653,9,0.2,-0.1883266666666666,False,False,True,2,1.0
attempted,open,open,0.5949783688481599,0.005347646100243416,14,0.6083877907186052,9,0.0666666666666666,-0.2477785714285714,False,False,True,3,0.6666666666666666
unethical,open,open,0.6254724399183217,0.005347646100243416,24,0.6375399955160673,9,0.0666666666666666,-0.3715083333333334,False,False,True,4,1.0
destroyed,open,open,0.6394542657930287,0.005347646100243416,23,0.6354268000766977,9,0.1333333333333333,-0.3897391304347826,False,False,True,3,0.7777777777777778
connectors,open,open,0.5765944400471593,0.005342227391347206,9,0.5800052903735844,10,0.0666666666666666,0.5278333333333333,False,False,True,3,0.7
advantage,open,open,0.6318472714026785,0.005333654194484311,37,0.6574555658168466,9,0.1333333333333333,0.4978297297297296,False,False,True,4,0.7777777777777778
acknowledged,open,open,0.5905563817474865,0.005330677141537169,7,0.5617012295157272,12,0.1333333333333333,-0.2996142857142857,False,False,True,4,0.8333333333333334
aggressively,open,open,0.600286525685322,0.005330677141537169,10,0.5871908758202614,12,0.0666666666666666,-0.2987499999999999,False,False,True,4,0.75
therapist,open,open,0.6615255189495521,0.005316902545195157,53,0.672071252218482,9,0.0666666666666666,0.6441415094339621,False,False,True,3,0.8888888888888888
encouraging,open,open,0.6357764894738754,0.00530544194622613,26,0.6414349232056878,11,0.1333333333333333,0.7010730769230769,False,False,True,5,0.8181818181818182
attractive,open,open,0.6266950966395621,0.00530544194622613,26,0.6414349232056878,10,0.0666666666666666,0.7014192307692307,False,False,True,4,0.7
personable,open,open,0.6580607436741809,0.00530544194622613,33,0.6524554708460382,10,0.0666666666666666,0.7422090909090908,False,False,True,4,0.9
releasing,open,open,0.5787057253498296,0.00530303579835517,7,0.5617012295157272,9,0.1333333333333333,-0.1541714285714286,False,False,True,4,0.8888888888888888
backwards,open,open,0.5852156087822967,0.00530303579835517,12,0.5989937658314455,9,0.0666666666666666,-0.16375,False,False,True,2,0.8888888888888888
essential,open,open,0.6474877422761366,0.005288578148073181,54,0.6727895226904915,9,0.1333333333333333,0.4979518518518517,False,False,True,4,0.7777777777777778
announced,open,open,0.5711404467882593,0.0052579597519440404,6,0.5496051325127768,9,0.1333333333333333,-0.1356,False,False,True,4,0.7777777777777778
principle,open,open,0.5716750253495819,0.0052579597519440404,6,0.5496051325127768,9,0.0666666666666666,-0.1742333333333333,False,False,True,3,0.7777777777777778
inserting,open,open,0.5716750253495819,0.0052579597519440404,6,0.5496051325127768,9,0.1333333333333333,-0.1741333333333332,False,False,True,3,0.7777777777777778
imprecise,open,open,0.5631822411877186,0.0052579597519440404,5,0.5343829898349378,9,0.0666666666666666,-0.15162,False,False,True,4,0.7777777777777778
inquiries,open,open,0.6290338091841731,0.005210386051768556,33,0.6524554708460382,9,0.0666666666666666,0.4985818181818182,False,False,True,5,0.7777777777777778
determine,open,open,0.5666507930532171,0.00519844159793778,11,0.5934578873666095,9,0.0666666666666666,0.5789000000000001,False,False,True,4,0.7777777777777778
guarantee,open,open,0.5658020403733685,0.00519844159793778,10,0.5871908758202614,9,0.1333333333333333,0.5818099999999999,False,False,True,5,0.7777777777777778
approaching,open,open,0.5718905769299777,0.005193106743684761,7,0.5617012295157272,11,0.1333333333333333,0.5536285714285715,False,False,True,4,0.8181818181818182
chemistry,open,open,0.6110795760517359,0.005165133920323269,27,0.6432363202993117,9,0.0666666666666666,0.5341444444444446,False,False,True,2,1.0
consumers,open,open,0.5764316070060197,0.005164208842520262,7,0.5617012295157272,9,0.0666666666666666,-0.2282142857142857,False,False,True,3,0.8888888888888888
upsetting,open,open,0.5912118883576152,0.005164208842520262,11,0.5934578873666095,9,0.2,-0.3065090909090909,False,False,True,3,0.8888888888888888
stressful,open,open,0.5832053809037429,0.005164208842520262,13,0.6039359308784116,9,0.0666666666666666,-0.180076923076923,False,False,True,2,0.7777777777777778
predicting,open,open,0.5639176025935173,0.005148030697273631,6,0.5496051325127768,10,0.0666666666666666,0.5377833333333334,False,False,True,3,0.9
prevention,open,open,0.5679103056383482,0.005148030697273631,6,0.5496051325127768,10,0.0666666666666666,0.5059666666666667,False,False,True,4,0.8
colleagues,open,open,0.5639176025935173,0.005148030697273631,6,0.5496051325127768,10,0.0666666666666666,0.5536166666666668,False,False,True,5,0.8
recreating,open,open,0.5640094471038068,0.005148030697273631,5,0.5343829898349378,10,0.0666666666666666,0.53928,False,False,True,4,0.8
scattered,open,open,0.5853929616482246,0.005147127238183489,13,0.6039359308784116,9,0.0666666666666666,0.6318615384615385,False,False,True,3,0.7777777777777778
activates,open,open,0.5868051338545753,0.005119132796109132,5,0.5343829898349378,9,0.0666666666666666,-0.3618,False,False,True,4,0.7777777777777778
obsession,open,open,0.5710899150896939,0.005119132796109132,6,0.5496051325127768,9,0.0666666666666666,-0.2664666666666667,False,False,True,4,0.6666666666666666
integrations,open,open,0.5928080666789758,0.005075859788661928,16,0.6161216046825284,12,0.0666666666666666,0.52523125,False,False,True,5,0.75
researchers,open,open,0.616046916256954,0.005075751184286725,24,0.6375399955160673,11,0.0666666666666666,0.7538708333333334,False,False,True,4,0.5454545454545454
violating,open,open,0.647431548212218,0.005068572961088942,13,0.6039359308784116,9,0.0666666666666666,-0.4509923076923077,False,False,True,4,0.8888888888888888
imaginable,open,open,0.5764270213755504,0.005067893143566559,7,0.5617012295157272,10,0.0666666666666666,0.6431714285714285,False,False,True,5,0.8
disgusted,open,open,0.6351554429251199,0.005023496914677812,5,0.5343829898349378,9,0.1333333333333333,-0.5670399999999999,False,False,True,3,0.7777777777777778
worthless,open,open,0.6871461730370838,0.005023496914677812,45,0.6656118611656676,9,0.0666666666666666,-0.5175577777777778,False,False,True,2,0.8888888888888888
reconsider,open,open,0.5725649757361271,0.005022817097155429,6,0.5496051325127768,10,0.0666666666666666,0.6277666666666667,False,False,True,4,0.8
encourages,open,open,0.6539505010544551,0.0050211006609764885,38,0.6585957192988778,10,0.0666666666666666,0.7604157894736843,False,False,True,5,0.9
marvellous,open,open,0.5701512729073327,0.0050151880776587695,7,0.5617012295157272,10,0.0666666666666666,0.4966571428571429,False,False,True,4,0.9
overwhelming,open,open,0.6055118097152277,0.004950646188543727,15,0.6124288945957818,12,0.1333333333333333,0.6345466666666667,False,False,True,4,0.9166666666666666
consciousness,open,open,0.5984311494449903,0.004947779147521272,18,0.6226511014835566,13,0.0666666666666666,0.5279222222222223,False,False,True,5,0.5384615384615384
concerned,open,open,0.5846920926653052,0.004937013344033922,21,0.6308081703830098,9,0.1333333333333333,0.5379428571428571,False,False,True,3,0.6666666666666666
entertainment,open,open,0.6505417829430044,0.004914148758110115,30,0.648150460701653,13,0.0666666666666666,0.6448566666666665,False,False,True,5,0.5384615384615384
experiment,open,open,0.5981630693663286,0.0048954115470771125,10,0.5871908758202614,10,0.1333333333333333,0.67168,False,False,True,4,0.8
consultant,open,open,0.5981630693663286,0.0048954115470771125,10,0.5871908758202614,10,0.0666666666666666,0.6615399999999999,False,False,True,3,0.8
articulate,open,open,0.6003495244372611,0.0048954115470771125,16,0.6161216046825284,10,0.2,0.6522687500000001,False,False,True,5,0.8
sunglasses,open,open,0.5968793661141719,0.0048954115470771125,14,0.6083877907186052,10,0.0666666666666666,0.6648928571428572,False,False,True,3,0.7
collaboration,open,open,0.6172946967445494,0.00485915940076715,24,0.6375399955160673,13,0.0666666666666666,0.6674916666666667,False,False,True,6,0.6923076923076923
affiliate,open,open,0.5379349019208532,0.004806421465460671,7,0.5617012295157272,9,0.1333333333333333,0.5750714285714286,False,False,True,5,0.6666666666666666
intentionally,open,open,0.6567106141083596,0.004784916146342096,18,0.6226511014835566,13,0.0666666666666666,-0.3959666666666667,False,False,True,5,0.6153846153846154
narration,open,open,0.5790253324200569,0.004778554743722766,10,0.5871908758202614,9,0.0666666666666666,0.55931,False,False,True,4,0.6666666666666666
engineers,open,open,0.5856419823366282,0.004778554743722766,19,0.6255609474815194,9,0.1333333333333333,0.5674947368421053,False,False,True,4,0.6666666666666666
spiritual,open,open,0.5841261253534621,0.004778554743722766,19,0.6255609474815194,9,0.1333333333333333,0.5507631578947368,False,False,True,4,0.8888888888888888
implementation,open,open,0.5900516759912431,0.004777903867595902,16,0.6161216046825284,14,0.0666666666666666,0.497825,False,False,True,6,0.6428571428571429
scholarly,open,open,0.5588251472542555,0.00475510710570638,7,0.5617012295157272,9,0.0666666666666666,0.6339714285714286,False,False,True,2,0.8888888888888888
specifications,open,open,0.5826641583313393,0.004732651736150616,11,0.5934578873666095,14,0.0666666666666666,0.5472,False,False,True,6,0.7142857142857143
congratulations,open,open,0.6020088745942983,0.004729630220297777,22,0.6331875282688906,15,0.0666666666666666,0.6521590909090909,False,False,True,6,0.7333333333333333
explorations,open,open,0.5814572643439051,0.0047077467037290625,8,0.571637330557974,12,0.0666666666666666,0.6412,False,False,True,5,0.9166666666666666
simulation,open,open,0.5911186573854731,0.004707501419605412,9,0.5800052903735844,10,0.0666666666666666,0.6439888888888888,False,False,True,5,0.9
companions,open,open,0.6018531626816717,0.004704346363895494,10,0.5871908758202614,10,0.0666666666666666,0.72699,False,False,True,4,0.8
advantages,open,open,0.5999087573246713,0.004704346363895494,11,0.5934578873666095,10,0.1333333333333333,0.6926909090909091,False,False,True,4,0.8
emotionally,open,open,0.6129702587517614,0.004704346363895494,18,0.6226511014835566,11,0.0666666666666666,0.7233777777777778,False,False,True,5,0.8181818181818182
investment,open,open,0.602269287396257,0.004704346363895494,12,0.5989937658314455,10,0.0666666666666666,0.7340666666666666,False,False,True,3,0.7
enthusiasm,open,open,0.5850345224029307,0.004652512062262448,9,0.5800052903735844,10,0.0666666666666666,0.6834333333333333,False,False,True,4,0.9
personalizes,open,open,0.5589565221969637,0.004638763609773689,5,0.5343829898349378,12,0.0666666666666666,0.51156,False,False,True,5,0.8333333333333334
misunderstood,open,open,0.6191312383936859,0.004601478888618943,12,0.5989937658314455,13,0.0666666666666666,-0.3382916666666667,False,False,True,5,0.7692307692307693
heartfelt,open,open,0.5798704768382676,0.004582625509216932,10,0.5871908758202614,9,0.0666666666666666,0.6508100000000001,False,False,True,3,0.7777777777777778
debugging,open,open,0.5853528942734316,0.004582625509216932,18,0.6226511014835566,9,0.0666666666666666,0.6808000000000001,False,False,True,3,0.7777777777777778
impressively,open,open,0.5715554860238835,0.004558626056066618,7,0.5617012295157272,12,0.0666666666666666,0.6376142857142858,False,False,True,4,0.75
poetic,open,open,0.5999945544247413,0.0044754469225342,7,0.5617012295157272,6,0.0666666666666666,0.8553428571428572,False,False,True,3,1.0
parrot,open,open,0.6114948594851952,0.0044754469225342,8,0.571637330557974,6,0.1333333333333333,0.8513,False,False,True,2,0.8333333333333334
constitution,open,open,0.5651272559971519,0.0044608449437476974,5,0.5343829898349378,12,0.0666666666666666,0.50046,False,False,True,5,0.5833333333333334
pilots,open,open,0.598241832972802,0.00443037087612307,5,0.5343829898349378,6,0.0666666666666666,0.8513999999999999,False,False,True,2,1.0
malfunctioning,open,open,0.5627552158024463,0.004397376200146679,5,0.5343829898349378,14,0.1333333333333333,-0.252,False,False,True,5,0.7857142857142857
immensely,open,open,0.5901284943904691,0.004391560326035314,17,0.6195156162140293,9,0.0666666666666666,0.7044176470588236,False,False,True,3,0.7777777777777778
alignment,open,open,0.5850990543776724,0.004391560326035314,13,0.6039359308784116,9,0.0666666666666666,0.7094769230769232,False,False,True,3,0.8888888888888888
encyclopedia,open,open,0.6022369013664594,0.00438614445957717,15,0.6124288945957818,12,0.0666666666666666,0.6497799999999999,False,False,True,5,0.8333333333333334
unprofessional,open,open,0.661952068476525,0.00434681636512649,11,0.5934578873666095,14,0.0666666666666666,-0.741090909090909,False,False,True,6,0.7857142857142857
sacrifice,open,open,0.550035941065305,0.004341458564834527,5,0.5343829898349378,9,0.1333333333333333,0.56848,False,False,True,4,0.7777777777777778
legendary,open,open,0.5583767189720564,0.0043211388531779705,8,0.571637330557974,9,0.1333333333333333,0.5291125,False,False,True,3,0.8888888888888888
editorial,open,open,0.5712705190075564,0.0043211388531779705,9,0.5800052903735844,9,0.1333333333333333,0.5054111111111111,False,False,True,5,0.8888888888888888
foreground,open,open,0.5695006289719676,0.0043123262314183845,7,0.5617012295157272,10,0.1333333333333333,0.7096857142857144,False,False,True,4,0.8
dedication,open,open,0.570459920158932,0.0043123262314183845,7,0.5617012295157272,10,0.0666666666666666,0.7248428571428571,False,False,True,5,0.8
comfortably,open,open,0.5753344630799098,0.0043123262314183845,7,0.5617012295157272,11,0.0666666666666666,0.7427285714285714,False,False,True,3,0.9090909090909091
translator,open,open,0.5699895263553421,0.0042672501850072545,5,0.5343829898349378,10,0.0666666666666666,0.69452,False,False,True,3,0.7
appreciated,open,open,0.7054648995577248,0.004231804678068309,51,0.6705807189178685,11,0.1333333333333333,0.7885352941176469,False,False,True,5,0.7272727272727273
inspiring,open,open,0.6642783330949251,0.004230438835909808,37,0.6574555658168466,9,0.1333333333333333,0.8099756756756757,False,False,True,3,0.6666666666666666
priceless,open,open,0.552249313400269,0.0041906053767398225,7,0.5617012295157272,9,0.0666666666666666,0.6546,False,False,True,3,0.7777777777777778
enjoyable,open,open,0.6868561966067693,0.004185362789498678,57,0.6748452867147411,9,0.0666666666666666,0.7744122807017546,False,False,True,4,0.8888888888888888
motivation,open,open,0.6352787122662128,0.004153612581763683,25,0.6395392040666789,10,0.0666666666666666,0.7813480000000002,False,False,True,5,0.7
remarkable,open,open,0.6769563988755792,0.004153612581763683,36,0.6562743313773061,10,0.0666666666666666,0.7889972222222222,False,False,True,4,0.7
adaptable,open,open,0.5689274596326678,0.004148660841220651,9,0.5800052903735844,9,0.0666666666666666,0.7177111111111111,False,False,True,4,0.7777777777777778
lifestyle,open,open,0.5703518096751793,0.004143220187151979,8,0.571637330557974,9,0.0666666666666666,0.4982375,False,False,True,3,0.7777777777777778
conversationalist,open,open,0.5904066965182617,0.0041285346379671415,13,0.6039359308784116,17,0.0666666666666666,0.6862538461538461,False,False,True,7,0.6470588235294118
joyful,open,open,0.6677227134119998,0.004110959294581707,10,0.5871908758202614,6,0.0666666666666666,0.95345,False,False,True,2,1.0
caring,open,open,0.6724087977631681,0.004110959294581707,19,0.6255609474815194,6,0.1333333333333333,0.8641842105263158,False,False,True,2,1.0
downsides,open,open,0.5508433590098964,0.003999540193558205,7,0.5617012295157272,9,0.0666666666666666,0.7363999999999999,False,False,True,3,0.7777777777777778
respectfully,open,open,0.5746974648857542,0.003952179791580889,8,0.571637330557974,12,0.0666666666666666,0.7101625,False,False,True,3,0.8333333333333334
implementing,open,open,0.5822644884239122,0.003952179791580889,9,0.5800052903735844,12,0.0666666666666666,0.6926777777777777,False,False,True,4,0.6666666666666666
childhood,open,open,0.5537859673089526,0.003949023493078404,6,0.5496051325127768,9,0.0666666666666666,0.5021833333333333,False,False,True,3,0.6666666666666666
kameez,open,open,0.6430543596743689,0.003868059809767044,6,0.5496051325127768,6,0.0666666666666666,0.8973833333333333,False,False,True,3,0.8333333333333334
relief,open,open,0.6257640784877241,0.003868059809767044,5,0.5343829898349378,6,0.0666666666666666,0.86438,False,False,True,3,0.8333333333333334
warmer,open,open,0.6413195604377151,0.003868059809767044,5,0.5343829898349378,6,0.0666666666666666,0.89496,False,False,True,2,0.8333333333333334
satisfaction,open,open,0.5994495730077756,0.003787469848430156,19,0.6255609474815194,12,0.0666666666666666,0.7613894736842105,False,False,True,5,0.6666666666666666
conventional,open,open,0.5655080486046357,0.003757983097507313,5,0.5343829898349378,12,0.1333333333333333,0.74096,False,False,True,5,0.75
respected,open,open,0.5455212472826383,0.0037247733852076707,6,0.5496051325127768,9,0.1333333333333333,0.75225,False,False,True,3,0.7777777777777778
comparatively,open,open,0.5772895457038404,0.003718238510116857,8,0.571637330557974,13,0.0666666666666666,0.7466500000000001,False,False,True,5,0.9230769230769231
imaginations,open,open,0.5651163317297105,0.0036521224571839372,5,0.5343829898349378,12,0.0666666666666666,0.74812,False,False,True,6,0.6666666666666666
personalities,open,open,0.5663429348355071,0.0036299024563666575,6,0.5496051325127768,13,0.0666666666666666,0.71125,False,False,True,6,0.7692307692307693
inspiration,open,open,0.7703960216231156,0.0035870648627159035,39,0.6596972838889588,11,0.0666666666666666,0.858002564102564,False,False,True,5,0.7272727272727273
magnificent,open,open,0.641677063876615,0.003552516999433047,13,0.6039359308784116,11,0.0666666666666666,0.8169153846153846,False,False,True,4,0.8181818181818182
surprising,open,open,0.6232653008497341,0.003552516999433047,17,0.6195156162140293,10,0.1333333333333333,0.7842470588235294,False,False,True,3,0.7
achievement,open,open,0.6265598560054171,0.003552516999433047,14,0.6083877907186052,11,0.0666666666666666,0.7676928571428573,False,False,True,5,0.8181818181818182
americans,open,open,0.5564199354223565,0.0035468547191816785,6,0.5496051325127768,9,0.0666666666666666,0.7638666666666666,False,False,True,4,0.8888888888888888
streamlining,open,open,0.5581370771497524,0.0033503736695419174,5,0.5343829898349378,12,0.0666666666666666,0.7596400000000001,False,False,True,4,0.8333333333333334
excitement,open,open,0.5966775425420936,0.0033096175146183834,8,0.571637330557974,10,0.0666666666666666,0.775925,False,False,True,4,0.7
helpfulness,open,open,0.6082729788631743,0.0033096175146183834,8,0.571637330557974,11,0.0666666666666666,0.795275,False,False,True,3,0.7272727272727273
strengthens,open,open,0.6281298913170421,0.0033096175146183834,9,0.5800052903735844,11,0.0666666666666666,0.8153888888888889,False,False,True,2,0.6363636363636364
relaxed,open,open,0.753282173548518,0.0033061543197625753,16,0.6161216046825284,7,0.1333333333333333,0.903075,False,False,True,3,0.8571428571428571
visualize,open,open,0.5862121314033737,0.0032631756260487537,8,0.571637330557974,9,0.0666666666666666,0.809525,False,False,True,5,0.8888888888888888
framework,open,open,0.5916646872836628,0.0032631756260487537,9,0.5800052903735844,9,0.0666666666666666,0.8035444444444445,False,False,True,3,0.8888888888888888
inquisitive,open,open,0.5921146135859678,0.003160496866955938,7,0.5617012295157272,11,0.0666666666666666,0.7816571428571429,False,False,True,6,0.7272727272727273
lifesaver,open,open,0.6417157047217608,0.0031316772863618186,15,0.6124288945957818,9,0.0666666666666666,0.8248666666666667,False,False,True,4,0.8888888888888888
advancing,open,open,0.5657181861489661,0.0030689789319751784,6,0.5496051325127768,9,0.1333333333333333,0.7894666666666666,False,False,True,3,0.7777777777777778
retaining,open,open,0.5680288651574125,0.0030689789319751784,6,0.5496051325127768,9,0.1333333333333333,0.8007000000000001,False,False,True,4,0.7777777777777778
surpassed,open,open,0.5679036483619159,0.0030689789319751784,5,0.5343829898349378,9,0.0666666666666666,0.77874,False,False,True,3,0.7777777777777778
preserved,open,open,0.5642904175282116,0.0030689789319751784,6,0.5496051325127768,9,0.1333333333333333,0.77065,False,False,True,3,0.6666666666666666
nursing,open,open,0.7335451178468648,0.0030632548349479112,5,0.5343829898349378,7,0.1333333333333333,0.9092,False,False,True,2,0.8571428571428571
needful,open,open,0.7310674121002666,0.0030632548349479112,6,0.5496051325127768,7,0.1333333333333333,0.8907500000000002,False,False,True,3,0.8571428571428571
proudly,open,open,0.7326120842854223,0.0030632548349479112,8,0.571637330557974,7,0.0666666666666666,0.92845,False,False,True,2,1.0
playful,open,open,0.7351889317731313,0.0030632548349479112,8,0.571637330557974,7,0.0666666666666666,0.865275,False,False,True,2,0.8571428571428571
germany,open,open,0.7222459819025108,0.0030632548349479112,5,0.5343829898349378,7,0.0666666666666666,0.86738,False,False,True,2,1.0
itinerary,open,open,0.5792147885308488,0.002980863089400662,6,0.5496051325127768,9,0.1333333333333333,0.81745,False,False,True,4,0.7777777777777778
comforting,open,open,0.6784304629697604,0.0029708654720205802,8,0.571637330557974,10,0.1333333333333333,0.8424875000000001,False,False,True,3,0.9
fuels,open,open,0.5508305479809155,0.00296974568595724,6,0.5496051325127768,5,0.1333333333333333,0.9334833333333332,False,False,True,2,1.0
astounding,open,open,0.6080447342669105,0.0028742148850288566,7,0.5617012295157272,10,0.0666666666666666,0.820542857142857,False,False,True,4,0.9
responsiveness,open,open,0.6135670634101318,0.002785640090323077,12,0.5989937658314455,14,0.0666666666666666,0.809625,False,False,True,5,0.5714285714285714
positively,open,open,0.6391174605902997,0.0027766687779470054,6,0.5496051325127768,10,0.0666666666666666,0.8311166666666666,False,False,True,4,0.9
addiction,open,open,0.6519144552439108,0.0026421110468028593,5,0.5343829898349378,9,0.0666666666666666,0.84252,False,False,True,4,0.7777777777777778
colleague,open,open,0.7345309558171788,0.0023698162790296825,12,0.5989937658314455,9,0.0666666666666666,0.8511583333333334,False,False,True,5,0.7777777777777778
exploding,open,open,0.7197387785378607,0.0020818407478038897,5,0.5343829898349378,9,0.1333333333333333,0.8541399999999999,False,False,True,3,1.0
innovative,open,open,0.7579036188503596,0.0020816746528163903,18,0.6226511014835566,10,0.0666666666666666,0.8598277777777779,False,False,True,5,0.7
empathetic,open,open,0.7749490409519392,0.0018671603124758957,11,0.5934578873666095,10,0.0666666666666666,0.9050090909090912,False,False,True,4,0.8
wonderfully,open,open,0.7666630440444553,0.0018671603124758957,10,0.5871908758202614,11,0.0666666666666666,0.8795299999999999,False,False,True,3,0.9090909090909091
celebrating,open,open,0.7486909896484218,0.0016242608276612323,7,0.5617012295157272,11,0.0666666666666666,0.9450428571428572,False,False,True,4,0.9090909090909091
passionate,open,open,0.7592761615715632,0.0016242608276612323,7,0.5617012295157272,10,0.1333333333333333,0.9155142857142858,False,False,True,5,0.8
astonished,open,open,0.7596278236392083,0.0016242608276612323,5,0.5343829898349378,10,0.0666666666666666,0.9102,False,False,True,4,0.9
responsibly,open,open,0.7470091259108421,0.0016242608276612323,7,0.5617012295157272,11,0.0666666666666666,0.8806999999999999,False,False,True,3,0.9090909090909091
appreciative,open,open,0.7448033341658369,0.0012681621804496717,7,0.5617012295157272,12,0.0666666666666666,0.893357142857143,False,False,True,6,0.6666666666666666
happiness,open,open,0.7708233702742453,0.001259732183975579,11,0.5934578873666095,9,0.0666666666666666,0.9073,False,False,True,3,0.7777777777777778
companionship,open,open,0.7458614810343911,0.0011400815393090165,8,0.571637330557974,13,0.0666666666666666,0.8757,False,False,True,5,0.6923076923076923
colourful,open,open,0.7433599044633614,0.0010168326991609154,5,0.5343829898349378,9,0.0666666666666666,0.86616,False,False,True,4,0.6666666666666666
energetic,open,open,0.757871442461531,0.0010168326991609154,9,0.5800052903735844,9,0.0666666666666666,0.9307888888888888,False,False,True,4,0.7777777777777778
entertain,open,open,0.7408986813142274,0.0010168326991609154,5,0.5343829898349378,9,0.0666666666666666,0.9556,False,False,True,4,0.6666666666666666
