Original_Text,Word_Count,Char_Count,Sentiment_Polarity,Translated_Text,Source_Id,Source_Name,xmin,ymin,xmax,ymax,Page,Total_Sentences
Classiﬁcation with Class,3,23,0.0,Classiﬁcation with Class,2,ClassOverlapping,english,0.9999956143610368,0,Classification with Class,113.67903137207031,78.29671478271484,352.7089538574219,98.22201538085938,0,773
Overlapping: A Systematic Study,4,30,0.0,Overlapping: A Systematic Study,2,ClassOverlapping,english,0.9999949953474526,0,Overlapping: A Systematic Study,67.11360168457031,102.16719818115234,399.3141784667969,122.09249877929688,0,773
Haitao Xiong,2,11,0.0,Haitao Xiong,2,ClassOverlapping,confident_non_english,0.9999964216194925,1,Haitao Xiong,147.8790283203125,136.89697265625,220.02145385742188,147.85586547851562,0,773
Abstract,1,7,0.0,Abstract,2,ClassOverlapping,confident_non_english,0.9999935276990274,1,Abstract,53.67857360839844,199.92652893066406,97.3556137084961,209.88912963867188,0,773
Class overlapping has long been re-,6,34,0.0,Class overlapping has long been re-,2,ClassOverlapping,english,0.999997092955331,0,Class overlapping has long been re-,53.67857360839844,222.6088104248047,221.7615509033203,232.5714111328125,0,773
garded as one of the toughest perva-,7,35,-0.0772,garded as one of the toughest perva-,2,ClassOverlapping,english,0.9999950734282442,0,garded as one of the toughest perva-,53.67857360839844,234.60377502441406,221.78854370117188,244.56637573242188,0,773
sive problems in classiﬁcation. When it,6,38,-0.4019,sive problems in classiﬁcation. When it,2,ClassOverlapping,english,0.9999943302811456,0,sive problems in classification. When it,53.67857360839844,246.4792022705078,221.69888305664062,256.4418029785156,0,773
is combined with class imbalance prob-,6,37,0.0,is combined with class imbalance prob-,2,ClassOverlapping,english,0.9999981157381358,0,is combined with class imbalance prob-,53.67857360839844,258.47418212890625,221.76161193847656,268.436767578125,0,773
"lem, the situation becomes even more",6,35,0.0,"lem, the situation becomes even more",2,ClassOverlapping,english,0.9999965881664253,0,"lem, the situation becomes even more",53.67857360839844,270.349609375,221.75758361816406,280.31219482421875,0,773
"complicated, with few works in the lit-",7,38,0.0,"complicated, with few works in the lit-",2,ClassOverlapping,english,0.9999962960346354,0,"complicated, with few works in the lit-",53.67857360839844,282.3445739746094,221.68588256835938,292.3071594238281,0,773
erature addressing this combinative ef-,5,38,0.0,erature addressing this combinative ef-,2,ClassOverlapping,english,0.9999978705203458,0,erature addressing this combinative ef-,53.67857360839844,294.33953857421875,221.61415100097656,304.3021240234375,0,773
"fect. In this paper, we pay a systematic",8,39,-0.1027,"fect. In this paper, we pay a systematic",2,ClassOverlapping,english,0.9999944479450689,0,"fect. In this paper, we pay a systematic",53.67857360839844,306.2149658203125,221.79147338867188,316.17755126953125,0,773
study on the class overlapping prob-,6,35,0.0,study on the class overlapping prob-,2,ClassOverlapping,english,0.9999975803699954,0,study on the class overlapping prob-,53.67857360839844,318.2099304199219,221.84722900390625,328.1725158691406,0,773
lem and its interrelationship with the,6,37,0.0,lem and its interrelationship with the,2,ClassOverlapping,english,0.9999964940726762,0,lem and its interrelationship with the,53.67857360839844,330.20489501953125,221.71774291992188,340.16748046875,0,773
class imbalance problem. Five widely,5,35,-0.4019,class imbalance problem. Five widely,2,ClassOverlapping,english,0.9999960380525844,0,class imbalance problem. Five widely,53.67857360839844,342.080322265625,221.66297912597656,352.04290771484375,0,773
used classiﬁers and three overlapping-,5,37,0.0,used classiﬁers and three overlapping-,2,ClassOverlapping,english,0.9999963325841884,0,used classifiers and three overlapping-,53.67857360839844,354.0752868652344,222.04248046875,364.0378723144531,0,773
class modeling schemes are employed,5,34,0.0,class modeling schemes are employed,2,ClassOverlapping,english,0.999996611831729,0,class modeling schemes are employed,53.67857360839844,366.07025146484375,221.757568359375,376.0328369140625,0,773
for the comparative study. Extensive,5,35,0.0,for the comparative study. Extensive,2,ClassOverlapping,english,0.999996055894522,0,for the comparative study. Extensive,53.67857360839844,377.9456787109375,221.94789123535156,387.90826416015625,0,773
experimental studies on various real-,5,36,0.0,experimental studies on various real-,2,ClassOverlapping,confident_non_english,0.999991660880085,1,experimental studies on various real-,53.67857360839844,389.9406433105469,221.87713623046875,399.9032287597656,0,773
world data sets reveal that: (1) The,7,35,0.0,world data sets reveal that: (1) The,2,ClassOverlapping,english,0.9999980016881305,0,world data sets reveal that: (1) The,53.67857360839844,401.8160705566406,221.66989135742188,411.7786560058594,0,773
separating scheme is the best among,6,34,0.6369,separating scheme is the best among,2,ClassOverlapping,english,0.9999979349835632,0,separating scheme is the best among,53.67857360839844,413.81103515625,221.78350830078125,423.77362060546875,0,773
the three schemes; (2) The distance-,6,35,0.0,the three schemes; (2) The distance-,2,ClassOverlapping,english,0.9999960660533165,0,the three schemes; (2) The distance-,53.67857360839844,425.8059997558594,221.74766540527344,435.7685852050781,0,773
based classiﬁers are more sensitive than,6,39,0.0,based classiﬁers are more sensitive than,2,ClassOverlapping,english,0.9999961148549459,0,based classifiers are more sensitive than,53.67857360839844,437.6814270019531,221.74758911132812,447.6440124511719,0,773
the rule-based ones to the class overlap-,7,40,0.0,the rule-based ones to the class overlap-,2,ClassOverlapping,english,0.9999985229443131,0,the rule-based ones to the class overlap-,53.67857360839844,449.6763916015625,221.9827117919922,459.63897705078125,0,773
ping problem; (3) As the increase of the,8,39,-0.1027,ping problem; (3) As the increase of the,2,ClassOverlapping,english,0.9999970175414084,0,ping problem; (3) As the increase of the,53.67857360839844,461.6713562011719,221.71376037597656,471.6339416503906,0,773
"class imbalance ratio, the separating",5,36,0.0,"class imbalance ratio, the separating",2,ClassOverlapping,english,0.9999968169407574,0,"class imbalance ratio, the separating",53.67857360839844,473.5467834472656,221.88113403320312,483.5093688964844,0,773
scheme showed higher improvements to,5,35,0.3182,scheme showed higher improvements to,2,ClassOverlapping,english,0.9999961532923988,0,scheme showed higher improvements to,53.67857360839844,485.541748046875,221.70181274414062,495.50433349609375,0,773
"the classiﬁcation performance, in par-",5,37,0.0,"the classiﬁcation performance, in par-",2,ClassOverlapping,english,0.9999974105327111,0,"the classification performance, in par-",53.67857360839844,497.41717529296875,221.88507080078125,507.3797607421875,0,773
ticular for the well-known SVMs.,5,31,0.0,ticular for the well-known SVMs.,2,ClassOverlapping,english,0.999996647791315,0,ticular for the well-known SVMs.,53.67857360839844,509.4121398925781,198.3514862060547,519.374755859375,0,773
Keywords,1,7,0.0,Keywords,2,ClassOverlapping,confident_non_english,0.9999938851616362,1,Keywords,53.67857360839844,535.5764770507812,103.21163177490234,545.5390625,0,773
Classiﬁcation;,1,13,0.0,Classiﬁcation;,2,ClassOverlapping,english,0.9999955596339946,0,Classification;,53.67857360839844,547.4492797851562,114.2452163696289,557.4119262695312,0,773
Class,1,4,0.0,Class,2,ClassOverlapping,english,0.8571370748340374,0,Class,130.8010711669922,547.4492797851562,153.6772003173828,557.4119262695312,0,773
"Overlapping,",1,11,0.0,"Overlapping,",2,ClassOverlapping,uncertain_non_english,0.8571389739985585,0,"Overlapping,",165.7000732421875,547.4492797851562,221.93695068359375,557.4119262695312,0,773
"Class Imbalance, Support Vector Data",5,35,0.4019,"Class Imbalance, Support Vector Data",2,ClassOverlapping,english,0.9999945904924936,0,"Class Imbalance, Support Vector Data",53.67857360839844,559.4442749023438,221.72569274902344,569.4069213867188,0,773
Description (SVDD),2,17,0.0,Description (SVDD),2,ClassOverlapping,maybe_english,0.6403992918701849,0,Description (SVDD),53.67857360839844,571.4392700195312,142.6585235595703,581.4019165039062,0,773
1. Introduction,2,14,0.0,1. Introduction,2,ClassOverlapping,english,0.9999955410034838,0,1. Introduction,53.67857360839844,598.5599975585938,131.4685516357422,608.5225830078125,0,773
When dealing with classiﬁcation tasks,5,36,0.0,When dealing with classiﬁcation tasks,2,ClassOverlapping,english,0.9999969906030706,0,When dealing with classification tasks,53.67857360839844,621.2422485351562,221.81529235839844,631.2048950195312,0,773
"such as fraud detection, network intru-",6,38,-0.5859,"such as fraud detection, network intru-",2,ClassOverlapping,english,0.9999966390306567,0,"such as fraud detection, network intru-",53.67857360839844,633.2372436523438,221.8064727783203,643.1998901367188,0,773
"sion detection, and character recogni-",5,37,0.0,"sion detection, and character recogni-",2,ClassOverlapping,english,0.9999926439579228,0,"sion detection, and character recogni-",244.36273193359375,199.79441833496094,412.56939697265625,209.75701904296875,0,773
"tion, there is often the case that some",8,38,0.0,"tion, there is often the case that some",2,ClassOverlapping,english,0.9999991081646443,0,"tion, there is often the case that some",244.36273193359375,211.7893829345703,412.4707336425781,221.75198364257812,0,773
samples from diﬀerent classes have very,6,38,0.0,samples from diﬀerent classes have very,2,ClassOverlapping,maybe_english,0.7142845854007903,0,samples from different classes have very,244.36273193359375,223.7843475341797,412.5903625488281,233.7469482421875,0,773
similar characteristics. These samples,4,37,0.0,similar characteristics. These samples,2,ClassOverlapping,english,0.9999966670721772,0,similar characteristics. These samples,244.36273193359375,235.65977478027344,412.44573974609375,245.62237548828125,0,773
are called overlapping samples for they,6,38,0.0,are called overlapping samples for they,2,ClassOverlapping,english,0.9999967441250537,0,are called overlapping samples for they,244.36273193359375,247.6547393798828,412.37298583984375,257.6173400878906,0,773
usually reside in overlapping regions in,6,39,0.0,usually reside in overlapping regions in,2,ClassOverlapping,english,0.9999960199826139,0,usually reside in overlapping regions in,244.36273193359375,259.5301818847656,412.4197692871094,269.4927673339844,0,773
the feature space. They also cause the,7,37,0.0,the feature space. They also cause the,2,ClassOverlapping,english,0.9999987087665918,0,the feature space. They also cause the,244.36273193359375,271.525146484375,412.384033203125,281.48773193359375,0,773
"so-called “class overlapping problem”,",4,37,0.0,"so-called “class overlapping problem”,",2,ClassOverlapping,english,0.8571399764366608,0,"so-called class overlapping problem,",244.36273193359375,283.5201110839844,412.50762939453125,293.4826965332031,0,773
which has become one of the tough-,7,33,-0.128,which has become one of the tough-,2,ClassOverlapping,english,0.9999989702653984,0,which has become one of the tough-,244.36273193359375,295.3955383300781,412.4615478515625,305.3581237792969,0,773
est problems in machine learning and,6,35,-0.4019,est problems in machine learning and,2,ClassOverlapping,english,0.9999953585587509,0,est problems in machine learning and,244.36273193359375,307.3905029296875,412.53155517578125,317.35308837890625,0,773
"data mining communities. Indeed, re-",5,35,0.0,"data mining communities. Indeed, re-",2,ClassOverlapping,english,0.9999962890781988,0,"data mining communities. Indeed, re-",244.36273193359375,319.3854675292969,412.4537658691406,329.3480529785156,0,773
searchers have found that misclassiﬁ-,5,36,0.0,searchers have found that misclassiﬁ-,2,ClassOverlapping,english,0.9999969324230773,0,searchers have found that misclassifi-,244.36273193359375,331.2608947753906,412.4080810546875,341.2234802246094,0,773
cation often occurs near class bound-,6,36,0.0,cation often occurs near class bound-,2,ClassOverlapping,english,0.999995706093287,0,cation often occurs near class bound-,244.36273193359375,343.255859375,412.32720947265625,353.21844482421875,0,773
aries where overlapping usually occurs,5,37,0.0,aries where overlapping usually occurs,2,ClassOverlapping,english,0.9999968269251794,0,aries where overlapping usually occurs,244.36273193359375,355.13128662109375,412.4556579589844,365.0938720703125,0,773
"as well [1], and it is hard to ﬁnd a fea-",11,40,0.1779,"as well [1], and it is hard to ﬁnd a fea-",2,ClassOverlapping,english,0.9999959019004969,0,"as well [1], and it is hard to find a fea-",244.36273193359375,367.1262512207031,412.4916687011719,377.0888366699219,0,773
sible solution for it [2].,5,25,0.3182,sible solution for it [2].,2,ClassOverlapping,english,0.9999941548294495,0,sible solution for it [2].,244.36273193359375,379.1212158203125,343.4048156738281,389.08380126953125,0,773
"Given its importance and diﬃculty,",5,33,0.3612,"Given its importance and diﬃculty,",2,ClassOverlapping,english,0.9999953165786443,0,"Given its importance and difficulty,",254.32533264160156,392.5607604980469,412.4217224121094,402.5233459472656,0,773
"in the literature, great research eﬀorts",6,39,0.6249,"in the literature, great research eﬀorts",2,ClassOverlapping,english,0.9999972258673389,0,"in the literature, great research efforts",244.36273193359375,404.4361877441406,412.4778747558594,414.3987731933594,0,773
have been dedicated to the class over-,7,37,0.4588,have been dedicated to the class over-,2,ClassOverlapping,english,0.9999985189433671,0,have been dedicated to the class over-,244.36273193359375,416.43115234375,412.54937744140625,426.39373779296875,0,773
lapping problem. Prati et al. [3] devel-,7,39,-0.4019,lapping problem. Prati et al. [3] devel-,2,ClassOverlapping,uncertain_non_english,0.42857193652861114,0,lapping problem. Prati et al. [3] devel-,244.36273193359375,428.4261169433594,412.4933776855469,438.3887023925781,0,773
oped a systematic study using a set of,8,37,0.0,oped a systematic study using a set of,2,ClassOverlapping,english,0.9999966598792,0,oped a systematic study using a set of,244.36273193359375,440.3015441894531,412.41180419921875,450.2641296386719,0,773
artiﬁcially generated datasets. Results,4,38,0.0,artiﬁcially generated datasets. Results,2,ClassOverlapping,english,0.9999967843932003,0,artificially generated datasets. Results,244.36273193359375,452.2965087890625,412.342041015625,462.25909423828125,0,773
showed that the degree of class overlap-,7,39,0.0,showed that the degree of class overlap-,2,ClassOverlapping,english,0.9999966250212382,0,showed that the degree of class overlap-,244.36273193359375,464.17193603515625,412.7178039550781,474.134521484375,0,773
ping had a strong correlation with class,7,39,0.5106,ping had a strong correlation with class,2,ClassOverlapping,english,0.9999948382022856,0,ping had a strong correlation with class,244.36273193359375,476.1669006347656,412.5374450683594,486.1294860839844,0,773
"imbalance. These researches, however,",4,36,0.0,"imbalance. These researches, however,",2,ClassOverlapping,english,0.9999955118161113,0,"imbalance. These researches, however,",244.36273193359375,488.161865234375,412.5504150390625,498.12445068359375,0,773
mainly work on artiﬁcially generated,5,35,0.0,mainly work on artiﬁcially generated,2,ClassOverlapping,english,0.9999961805732387,0,mainly work on artificially generated,244.36273193359375,500.03729248046875,412.6817626953125,509.9998779296875,0,773
datasets and focus on the eﬀectiveness,6,37,0.0,datasets and focus on the eﬀectiveness,2,ClassOverlapping,english,0.9999955833919657,0,datasets and focus on the effectiveness,244.36273193359375,512.0322265625,412.41607666015625,521.994873046875,0,773
of basic classiﬁers in the presence of,7,37,0.0,of basic classiﬁers in the presence of,2,ClassOverlapping,english,0.9999957861873179,0,of basic classifiers in the presence of,244.36273193359375,524.0271606445312,412.4438171386719,533.9898071289062,0,773
class overlapping.,2,17,0.0,class overlapping.,2,ClassOverlapping,english,0.9999963988802656,0,class overlapping.,244.36273193359375,535.9026489257812,322.6568603515625,545.8652954101562,0,773
"Therefore, from a",3,16,0.0,"Therefore, from a",2,ClassOverlapping,english,0.9999970766991108,0,"Therefore, from a",332.1293029785156,535.9026489257812,412.4598083496094,545.8652954101562,0,773
"practice point of view, there is still a",8,39,0.0,"practice point of view, there is still a",2,ClassOverlapping,english,0.999998389327458,0,"practice point of view, there is still a",244.36273193359375,547.8975830078125,412.4794921875,557.8602294921875,0,773
critical need in conducting a system-,6,36,-0.3182,critical need in conducting a system-,2,ClassOverlapping,english,0.999997407064936,0,critical need in conducting a system-,244.36273193359375,559.7730102539062,412.4576721191406,569.7356567382812,0,773
atic study on the schemes that can ﬁnd,8,37,0.0,atic study on the schemes that can ﬁnd,2,ClassOverlapping,english,0.999997159723749,0,atic study on the schemes that can find,244.36273193359375,571.7680053710938,412.43182373046875,581.7306518554688,0,773
and handle overlapping regions for the,6,37,0.0,and handle overlapping regions for the,2,ClassOverlapping,english,0.99999512806611,0,and handle overlapping regions for the,244.36273193359375,583.762939453125,412.44183349609375,593.7255859375,0,773
real-world data sets.,3,20,0.0,real-world data sets.,2,ClassOverlapping,english,0.9999963311489529,0,real-world data sets.,244.36273193359375,595.6483154296875,332.93218994140625,605.6109619140625,0,773
Our work in this paper aims to,7,29,0.0,Our work in this paper aims to,2,ClassOverlapping,english,0.9999968933751193,0,Our work in this paper aims to,254.32533264160156,609.087890625,412.3561706542969,619.050537109375,0,773
ﬁll this crucial void.,4,21,0.0,ﬁll this crucial void.,2,ClassOverlapping,english,0.9999974348523737,0,fill this crucial void.,244.36273193359375,621.0828247070312,336.2438049316406,631.0454711914062,0,773
"Speciﬁcally, we",2,14,0.0,"Speciﬁcally, we",2,ClassOverlapping,english,0.9999965993703842,0,"Specifically, we",345.2370300292969,621.0828247070312,412.5254211425781,631.0454711914062,0,773
have three major contributions as fol-,6,37,0.0,have three major contributions as fol-,2,ClassOverlapping,english,0.9999969863924738,0,have three major contributions as fol-,244.36273193359375,633.0778198242188,412.4955139160156,643.0404663085938,0,773
"© Atlantis Press, 2010",4,21,0.0,"© Atlantis Press, 2010",2,ClassOverlapping,english,0.9999951731907044,0," Atlantis Press, 2010",53.587158203125,659.6309204101562,124.6115493774414,667.618896484375,0,773
lows.,1,4,-0.2023,lows.,2,ClassOverlapping,uncertain_non_english,0.8571408080814256,0,lows.,53.67903137207031,78.88356018066406,75.1484375,88.84616088867188,1,773
"First,",1,5,0.0,"First,",2,ClassOverlapping,confident_non_english,0.9999941219567924,1,"First,",90.98399353027344,78.88356018066406,114.78962707519531,88.84616088867188,1,773
we use the one-class,4,19,0.0,we use the one-class,2,ClassOverlapping,english,0.9999957546258115,0,we use the one-class,122.94401550292969,78.88356018066406,221.86268615722656,88.84616088867188,1,773
classiﬁcation algorithm Support Vec-,4,35,0.4019,classiﬁcation algorithm Support Vec-,2,ClassOverlapping,english,0.9999945714675503,0,classification algorithm Support Vec-,53.67903137207031,90.87855529785156,221.7839813232422,100.84115600585938,1,773
tor Data Description (SVDD) [4] cre-,6,35,0.0,tor Data Description (SVDD) [4] cre-,2,ClassOverlapping,english,0.9999956748971388,0,tor Data Description (SVDD) [4] cre-,53.67903137207031,102.75398254394531,221.82774353027344,112.71658325195312,1,773
atively to capture the overlapping re-,6,37,0.0,atively to capture the overlapping re-,2,ClassOverlapping,english,0.9999961154437612,0,atively to capture the overlapping re-,53.67903137207031,114.74897766113281,221.8297576904297,124.71157836914062,1,773
gions in real-world data sets.,5,29,0.0,gions in real-world data sets.,2,ClassOverlapping,english,0.9999972326010325,0,gions in real-world data sets.,53.67903137207031,126.74397277832031,190.95867919921875,136.70657348632812,1,773
Sec-,1,3,0.0,Sec-,2,ClassOverlapping,confident_non_english,0.928175156403229,1,Sec-,204.03659057617188,126.74397277832031,221.7610626220703,136.70657348632812,1,773
"ond, we present three simple schemes,",6,36,0.0,"ond, we present three simple schemes,",2,ClassOverlapping,english,0.8571397062918183,0,"ond, we present three simple schemes,",53.67903137207031,138.61940002441406,221.78993225097656,148.58200073242188,1,773
namely the,2,9,0.0,namely the,2,ClassOverlapping,english,0.9999980279480822,0,namely the,53.67903137207031,150.61439514160156,105.04818725585938,160.57699584960938,1,773
separating,1,9,0.0,separating,2,ClassOverlapping,confident_non_english,0.9999981329884555,1,separating,53.679046630859375,162.60939025878906,97.28931427001953,172.57199096679688,1,773
sets with the presence of class over-,7,36,0.0,sets with the presence of class over-,2,ClassOverlapping,english,0.9999974313314289,0,sets with the presence of class over-,53.679046630859375,174.4848175048828,221.9374237060547,184.44741821289062,1,773
lapping.,1,7,0.0,lapping.,2,ClassOverlapping,confident_non_english,0.9999976724344906,1,lapping.,53.679046630859375,186.4797821044922,88.69459533691406,196.4423828125,1,773
These schemes were mainly,4,24,0.0,These schemes were mainly,2,ClassOverlapping,english,0.9999962972666221,0,These schemes were mainly,97.69182586669922,186.4797821044922,221.77700805664062,196.4423828125,1,773
borrowed from the handwriting recog-,5,35,0.0,borrowed from the handwriting recog-,2,ClassOverlapping,english,0.9999969820069797,0,borrowed from the handwriting recog-,53.679046630859375,198.35520935058594,221.95928955078125,208.31781005859375,1,773
"nition [1, 5] and multi-label classiﬁca-",6,39,0.0,"nition [1, 5] and multi-label classiﬁca-",2,ClassOverlapping,uncertain_non_english,0.8571394165736491,0,"nition [1, 5] and multi-label classifica-",53.679046630859375,210.3501739501953,221.90557861328125,220.31277465820312,1,773
"tion [6, 7] studies, although they found",7,39,0.0,"tion [6, 7] studies, although they found",2,ClassOverlapping,english,0.9999979278480325,0,"tion [6, 7] studies, although they found",53.679046630859375,222.3451385498047,221.7909698486328,232.3077392578125,1,773
overlapping samples by the given la-,6,35,0.0,overlapping samples by the given la-,2,ClassOverlapping,english,0.9999971072596885,0,overlapping samples by the given la-,53.679046630859375,234.22056579589844,221.81785583496094,244.18316650390625,1,773
"bels only. Finally, we study the inter-",7,38,0.0,"bels only. Finally, we study the inter-",2,ClassOverlapping,english,0.9999960787418313,0,"bels only. Finally, we study the inter-",53.679046630859375,246.2155303955078,221.8716278076172,256.1781311035156,1,773
relationships between the best,4,29,0.6369,relationships between the best,2,ClassOverlapping,english,0.9999951893214323,0,relationships between the best,53.679046630859375,258.21051025390625,184.77090454101562,268.173095703125,1,773
ing,1,2,0.0,ing,2,ClassOverlapping,uncertain_non_english,0.8571400557429693,0,ing,53.679046630859375,270.0859375,66.9053955078125,280.04852294921875,1,773
with and without the impact of class,7,35,0.0,with and without the impact of class,2,ClassOverlapping,english,0.999999409893866,0,with and without the impact of class,53.679046630859375,282.0809020996094,221.83782958984375,292.0434875488281,1,773
"imbalance [8, 9].",3,16,0.0,"imbalance [8, 9].",2,ClassOverlapping,uncertain_non_english,0.7142831348508936,0,"imbalance [8, 9].",53.679046630859375,293.9563293457031,124.8418960571289,303.9189147949219,1,773
2. Methodology,2,13,0.0,2. Methodology,2,ClassOverlapping,confident_non_english,0.999996969882955,1,2. Methodology,53.679046630859375,319.4033508300781,134.37013244628906,329.365966796875,1,773
2.1. Schemes for ﬁnding,4,22,0.0,2.1. Schemes for ﬁnding,2,ClassOverlapping,maybe_english,0.7142853630720047,0,2.1. Schemes for finding,53.679046630859375,341.48046875,175.33035278320312,351.4430847167969,1,773
overlapping regions,2,18,0.0,overlapping regions,2,ClassOverlapping,confident_non_english,0.9999945010895523,1,overlapping regions,77.32029724121094,353.4754333496094,174.6130828857422,363.43804931640625,1,773
The objective of Support Vector Data,6,35,0.4019,The objective of Support Vector Data,2,ClassOverlapping,english,0.9999961045372863,0,The objective of Support Vector Data,53.679046630859375,372.0730895996094,221.73812866210938,382.0356750488281,1,773
Description (SVDD) is to ﬁnd a sphere,7,36,0.0,Description (SVDD) is to ﬁnd a sphere,2,ClassOverlapping,english,0.9999974833805287,0,Description (SVDD) is to find a sphere,53.679046630859375,383.9485168457031,221.8278350830078,393.9111022949219,1,773
or domain with minimum volume con-,6,33,0.0,or domain with minimum volume con-,2,ClassOverlapping,english,0.9999964865229575,0,or domain with minimum volume con-,53.679046630859375,395.9434814453125,221.72021484375,405.90606689453125,1,773
taining all or most of the data [4].,8,35,0.0,taining all or most of the data [4].,2,ClassOverlapping,english,0.9999970566346656,0,taining all or most of the data [4].,53.679046630859375,407.81890869140625,221.75003051757812,417.781494140625,1,773
Let,1,2,0.0,Let,2,ClassOverlapping,confident_non_english,0.999995277906823,1,Let,53.679046630859375,419.8138732910156,68.22643280029297,429.7764587402344,1,773
i,1,0,0.0,i,2,ClassOverlapping,confident_non_english,0.9999911540893113,1,i,111.6417236328125,419.4638977050781,115.07881927490234,429.426513671875,1,773
be,1,1,0.0,be,2,ClassOverlapping,confident_non_english,0.9999937962535302,1,be,157.83828735351562,419.923095703125,168.030029296875,429.88568115234375,1,773
the,1,2,0.0,the,2,ClassOverlapping,english,0.9999960747418923,0,the,176.67755126953125,419.923095703125,190.4757537841797,429.88568115234375,1,773
given,1,4,0.0,given,2,ClassOverlapping,confident_non_english,0.9999938544545691,1,given,199.00372314453125,419.923095703125,221.81805419921875,429.88568115234375,1,773
training data set of,4,19,0.0,training data set of,2,ClassOverlapping,uncertain_non_english,0.7142849851037485,0,training data set of,53.67930603027344,431.9180603027344,142.99600219726562,441.8806457519531,1,773
In or-,2,5,0.0,In or-,2,ClassOverlapping,english,0.9999949647048096,0,In or-,195.294677734375,431.9180603027344,221.90878295898438,441.8806457519531,1,773
der to ﬁnd the domain with minimum,7,33,0.0,der to ﬁnd the domain with minimum,2,ClassOverlapping,english,0.9999965106507476,0,der to find the domain with minimum,53.669342041015625,443.7934875488281,221.74134826660156,453.7560729980469,1,773
"volume, we should minimize the ra-",6,33,0.0,"volume, we should minimize the ra-",2,ClassOverlapping,english,0.9999957167540785,0,"volume, we should minimize the ra-",53.669342041015625,455.7884521484375,221.89378356933594,465.75103759765625,1,773
dius of sphere with the constraint that,7,38,0.0,dius of sphere with the constraint that,2,ClassOverlapping,english,0.9999972532233714,0,dius of sphere with the constraint that,53.669342041015625,467.7834167480469,221.78219604492188,477.7460021972656,1,773
the distance between a center and data,7,37,0.0,the distance between a center and data,2,ClassOverlapping,english,0.9999971839402457,0,the distance between a center and data,53.669342041015625,479.6588439941406,221.7513427734375,489.6214294433594,1,773
is smaller than the radius.,5,26,0.0,is smaller than the radius.,2,ClassOverlapping,english,0.9999975213480474,0,is smaller than the radius.,53.669342041015625,491.65380859375,175.82077026367188,501.61639404296875,1,773
Suppose,1,6,0.0,Suppose,2,ClassOverlapping,confident_non_english,0.9999938609574269,1,Suppose,185.89793395996094,491.65380859375,221.68360900878906,501.61639404296875,1,773
that,1,3,0.0,that,2,ClassOverlapping,english,0.9999984330683063,0,that,53.669342041015625,503.52923583984375,71.95470428466797,513.4918212890625,1,773
"respectively, the following function is",5,38,0.34,"respectively, the following function is",2,ClassOverlapping,english,0.9999966277979078,0,"respectively, the following function is",53.659385681152344,515.524169921875,221.82412719726562,525.48681640625,1,773
minimized:,1,9,0.0,minimized:,2,ClassOverlapping,confident_non_english,0.9999946738396375,1,minimized:,53.659385681152344,527.5191040039062,101.18895721435547,537.4817504882812,1,773
min,1,2,0.0,min,2,ClassOverlapping,confident_non_english,0.9999937838296914,1,min,65.53480529785156,556.4794311523438,82.11756134033203,566.4420166015625,1,773
"R,ξ",1,2,0.0,"R,ξ",2,ClassOverlapping,uncertain_non_english,0.8571377888621488,0,"R,",67.71903228759766,565.4949340820312,79.7474365234375,572.46875,1,773
q,1,0,0.0,q,2,ClassOverlapping,confident_non_english,0.9999925168148965,1,q,92.19902801513672,556.50390625,96.64234924316406,566.4664916992188,1,773
l,1,0,0.4588,l,2,ClassOverlapping,confident_non_english,0.9999939000748108,1,l,174.6390380859375,546.5349731445312,177.15658569335938,553.5087890625,1,773
,1,0,0.0,,2,ClassOverlapping,unknown,,0,,168.6390380859375,547.02392578125,183.02503967285156,556.9865112304688,1,773
i,1,0,0.0,i,2,ClassOverlapping,confident_non_english,0.9999911540893113,1,i,169.47903442382812,570.6549682617188,172.29644775390625,577.6287841796875,1,773
ξ,1,0,0.0,ξ,2,ClassOverlapping,confident_non_english,0.9999986032231292,1,,184.71902465820312,556.50390625,189.0826416015625,566.4664916992188,1,773
s,1,0,0.0,s,2,ClassOverlapping,confident_non_english,0.9999922001639874,1,s,68.91902923583984,581.9637451171875,72.84429168701172,591.9263305664062,1,773
||,1,1,0.0,||,2,ClassOverlapping,unknown,,0,||,92.20162963867188,581.9439086914062,97.73584747314453,591.906494140625,1,773
ξ,1,0,0.0,ξ,2,ClassOverlapping,confident_non_english,0.9999986032231292,1,,92.20238494873047,596.8280029296875,96.56600189208984,606.7905883789062,1,773
(1),1,2,0.0,(1),2,ClassOverlapping,unknown,,0,(1),208.9598846435547,572.3267211914062,221.71600341796875,582.2893676757812,1,773
where the parameter,3,18,0.0,where the parameter,2,ClassOverlapping,english,0.9999969869560525,0,where the parameter,53.68280029296875,618.8819580078125,142.65281677246094,628.8446044921875,1,773
oﬀbetween the volume of sphere and,6,33,0.0,oﬀbetween the volume of sphere and,2,ClassOverlapping,english,0.9999954718268288,0,offbetween the volume of sphere and,53.68280792236328,630.876953125,221.79376220703125,640.839599609375,1,773
"the number of error, and slack variables",7,39,-0.34,"the number of error, and slack variables",2,ClassOverlapping,english,0.999996945061773,0,"the number of error, and slack variables",244.36697387695312,78.87916564941406,412.6683349609375,88.84176635742188,1,773
ξ,1,0,0.0,ξ,2,ClassOverlapping,confident_non_english,0.9999986032231292,1,,244.36697387695312,90.41499328613281,248.7305908203125,100.37759399414062,1,773
"the Eq. (1), the Lagrangian is intro-",7,36,0.0,"the Eq. (1), the Lagrangian is intro-",2,ClassOverlapping,english,0.9999974552416288,0,"the Eq. (1), the Lagrangian is intro-",244.36697387695312,102.74958801269531,412.5057678222656,112.71218872070312,1,773
duced. For minimizing the Lagrangian,5,35,0.0,duced. For minimizing the Lagrangian,2,ClassOverlapping,english,0.9999981848053645,0,duced. For minimizing the Lagrangian,244.36697387695312,114.74458312988281,412.80364990234375,124.70718383789062,1,773
function,1,7,0.0,function,2,ClassOverlapping,english,0.9999947072739918,0,function,244.36697387695312,126.73957824707031,280.0480651855469,136.70217895507812,1,773
to zero with respect to,5,22,0.4767,to zero with respect to,2,ClassOverlapping,english,0.9999977666251764,0,to zero with respect to,244.36697387695312,138.61500549316406,343.8952941894531,148.57760620117188,1,773
"spectively, leads to:",3,20,0.0,"spectively, leads to:",2,ClassOverlapping,english,0.9999961086045622,0,"spectively, leads to:",244.36691284179688,150.61000061035156,328.9932861328125,160.57260131835938,1,773
l,1,0,0.4588,l,2,ClassOverlapping,confident_non_english,0.9999939000748108,1,l,310.95904541015625,166.85491943359375,313.4765930175781,173.82872009277344,1,773
i,1,0,0.0,i,2,ClassOverlapping,confident_non_english,0.9999911540893113,1,i,305.7990417480469,185.094970703125,308.616455078125,192.0687713623047,1,773
α,1,0,0.0,α,2,ClassOverlapping,confident_non_english,0.9999999999999576,1,,320.31903076171875,173.9439239501953,326.6950988769531,183.90652465820312,1,773
a,1,0,0.0,a,2,ClassOverlapping,confident_non_english,0.9999928551545667,1,a,293.6858825683594,199.01979064941406,298.9560852050781,208.98239135742188,1,773
l,1,0,0.4588,l,2,ClassOverlapping,confident_non_english,0.9999939000748108,1,l,317.31903076171875,191.9349365234375,319.8365783691406,198.9087371826172,1,773
i,1,0,0.0,i,2,ClassOverlapping,confident_non_english,0.9999911540893113,1,i,312.1590270996094,210.1749267578125,314.9764404296875,217.1487274169922,1,773
α,1,0,0.0,α,2,ClassOverlapping,confident_non_english,0.9999999999999576,1,,326.7990417480469,199.02391052246094,333.17510986328125,208.98651123046875,1,773
α,1,0,0.0,α,2,ClassOverlapping,confident_non_english,0.9999999999999576,1,,300.27032470703125,217.2654266357422,306.6463928222656,227.22802734375,1,773
lν,1,1,0.0,lν,2,ClassOverlapping,uncertain_non_english,0.7142840049523348,0,l,324.3990173339844,223.01495361328125,330.9111633300781,229.98875427246094,1,773
(2),1,2,0.0,(2),2,ClassOverlapping,unknown,,0,(2),399.636962890625,192.64720153808594,412.39306640625,202.60980224609375,1,773
According to the Karush-Kuhn-Tucker,4,34,0.0,According to the Karush-Kuhn-Tucker,2,ClassOverlapping,english,0.9999980959239045,0,According to the Karush-Kuhn-Tucker,244.35987854003906,234.64952087402344,412.8335266113281,244.61212158203125,1,773
"(KKT) optimality conditions, we have:",5,36,0.4404,"(KKT) optimality conditions, we have:",2,ClassOverlapping,english,0.9999962757328175,0,"(KKT) optimality conditions, we have:",244.35987854003906,246.5249481201172,412.5803527832031,256.487548828125,1,773
||,1,1,0.0,||,2,ClassOverlapping,unknown,,0,||,257.7994384765625,263.5899658203125,263.3336486816406,273.5525817871094,1,773
(3),1,2,0.0,(3),2,ClassOverlapping,unknown,,0,(3),399.6405334472656,264.0430908203125,412.3966369628906,274.00567626953125,1,773
||,1,1,0.0,||,2,ClassOverlapping,unknown,,0,||,249.40452575683594,281.10809326171875,254.93875122070312,291.0707092285156,1,773
||,1,1,0.0,||,2,ClassOverlapping,unknown,,0,||,256.6000671386719,296.3466491699219,262.13427734375,306.30926513671875,1,773
(5),1,2,0.0,(5),2,ClassOverlapping,unknown,,0,(5),399.6360778808594,296.8031005859375,412.3921813964844,306.76568603515625,1,773
"From the above results, the domain de-",7,37,0.0,"From the above results, the domain de-",2,ClassOverlapping,english,0.9999959730118119,0,"From the above results, the domain de-",244.35899353027344,312.1654357910156,412.4767150878906,322.1280212402344,1,773
scription is represented in terms of only,7,40,0.0,scription is represented in terms of only,2,ClassOverlapping,english,0.999996480514082,0,scription is represented in terms of only,244.35899353027344,324.160400390625,412.54339599609375,334.12298583984375,1,773
support vectors whose Lagrange multi-,5,36,0.4019,support vectors whose Lagrange multi-,2,ClassOverlapping,english,0.9999952073104696,0,support vectors whose Lagrange multi-,244.35899353027344,336.03582763671875,412.306396484375,345.9984130859375,1,773
pliers satisfy,2,13,0.4588,pliers satisfy,2,ClassOverlapping,confident_non_english,0.9997270491430705,1,pliers satisfy,244.35899353027344,348.0307922363281,300.5380554199219,357.9933776855469,1,773
Support,1,6,0.4019,Support,2,ClassOverlapping,confident_non_english,0.9999950431237608,1,Support,377.20513916015625,348.0430908203125,412.4428405761719,358.00567626953125,1,773
vectors deﬁne the boundary of training,6,37,0.0,vectors deﬁne the boundary of training,2,ClassOverlapping,english,0.9999970189073717,0,vectors define the boundary of training,244.36383056640625,359.91851806640625,412.47857666015625,369.881103515625,1,773
"data. So, SVDD can be used to ﬁnd",8,32,0.0,"data. So, SVDD can be used to ﬁnd",2,ClassOverlapping,english,0.8571402937308122,0,"data. So, SVDD can be used to find",244.36383056640625,371.9134826660156,412.4030456542969,381.8760681152344,1,773
"overlapping region, as shown in Fig. 1.",7,38,0.0,"overlapping region, as shown in Fig. 1.",2,ClassOverlapping,english,0.9999949777230104,0,"overlapping region, as shown in Fig. 1.",244.36383056640625,383.908447265625,412.5623779296875,393.87103271484375,1,773
Red dotted and blue dashed line are the,8,38,0.0,Red dotted and blue dashed line are the,2,ClassOverlapping,english,0.999996038563551,0,Red dotted and blue dashed line are the,244.36383056640625,395.78387451171875,412.44512939453125,405.7464599609375,1,773
boundaries of the two classes. The data,7,38,0.0,boundaries of the two classes. The data,2,ClassOverlapping,english,0.9999988078122868,0,boundaries of the two classes. The data,244.36383056640625,407.7788391113281,412.4468688964844,417.7414245605469,1,773
dropped in both two spheres can be,7,33,0.0,dropped in both two spheres can be,2,ClassOverlapping,english,0.9999963622585202,0,dropped in both two spheres can be,244.36383056640625,419.7738037109375,412.3851623535156,429.73638916015625,1,773
thought as the overlapping data which,6,36,0.0,thought as the overlapping data which,2,ClassOverlapping,english,0.9999994175949624,0,thought as the overlapping data which,244.36383056640625,431.64923095703125,412.4726867675781,441.61181640625,1,773
is close to or overlaps with each other.,8,39,0.0,is close to or overlaps with each other.,2,ClassOverlapping,english,0.9999991274404547,0,is close to or overlaps with each other.,244.36383056640625,443.6441955566406,412.5045471191406,453.6067810058594,1,773
Fig. 1: Boundaries described by SVDD.,6,36,0.0,Fig. 1: Boundaries described by SVDD.,2,ClassOverlapping,english,0.9999964773868559,0,Fig. 1: Boundaries described by SVDD.,244.35902404785156,556.2741088867188,404.95806884765625,565.2405395507812,1,773
2.2. Schemes for dealing with,5,28,0.0,2.2. Schemes for dealing with,2,ClassOverlapping,english,0.9999981510139542,0,2.2. Schemes for dealing with,244.35902404785156,588.525634765625,393.3497314453125,598.4882202148438,1,773
class overlapping problem,3,24,-0.4019,class overlapping problem,2,ClassOverlapping,english,0.8571393858000944,0,class overlapping problem,268.0002746582031,600.5205688476562,397.5120849609375,610.483154296875,1,773
The research on this topic mainly fo-,7,36,0.0,The research on this topic mainly fo-,2,ClassOverlapping,english,0.9999973078532202,0,The research on this topic mainly fo-,244.35902404785156,618.8790893554688,412.4281921386719,628.8417358398438,1,773
cuses on schemes for dealing with class,7,38,0.0,cuses on schemes for dealing with class,2,ClassOverlapping,english,0.9999963148970005,0,cuses on schemes for dealing with class,244.35902404785156,630.8740844726562,412.41424560546875,640.8367309570312,1,773
The 2010 International Conference on E-Business Intelligence ,8,60,0.4767,The 2010 International Conference on E-Business Intelligence ,2,ClassOverlapping,english,0.9999955135617984,0,The 2010 International Conference on E-Business Intelligence ,53.7465705871582,50.71527862548828,290.1668395996094,58.69527816772461,1,773
"overlapping problem, which can be di-",6,36,-0.4019,"overlapping problem, which can be di-",2,ClassOverlapping,english,0.9999958251859639,0,"overlapping problem, which can be di-",53.678932189941406,78.77394104003906,221.83071899414062,88.73654174804688,2,773
vided into two strategies.,4,25,0.0,vided into two strategies.,2,ClassOverlapping,english,0.999996619915747,0,vided into two strategies.,53.678932189941406,90.76893615722656,168.81668090820312,100.73153686523438,2,773
One is to,3,8,0.0,One is to,2,ClassOverlapping,english,0.9999975970563812,0,One is to,178.28611755371094,90.76893615722656,221.703125,100.73153686523438,2,773
merge the overlapping classes into a,6,35,0.0,merge the overlapping classes into a,2,ClassOverlapping,english,0.9999977865637261,0,merge the overlapping classes into a,53.678932189941406,102.64436340332031,221.72801208496094,112.60696411132812,2,773
meta-class and ignore the boundary be-,6,37,-0.3612,meta-class and ignore the boundary be-,2,ClassOverlapping,english,0.9999982319826435,0,meta-class and ignore the boundary be-,53.678932189941406,114.63935852050781,221.63035583496094,124.60195922851562,2,773
tween these classes.,3,19,0.0,tween these classes.,2,ClassOverlapping,english,0.9999989456226285,0,tween these classes.,53.678932189941406,126.63435363769531,141.9874267578125,136.59695434570312,2,773
The other is to,4,14,0.0,The other is to,2,ClassOverlapping,english,0.9999978134285463,0,The other is to,151.22276306152344,126.63435363769531,221.68821716308594,136.59695434570312,2,773
separate the overlapping classes by re-,6,38,0.0,separate the overlapping classes by re-,2,ClassOverlapping,english,0.9999961580409593,0,separate the overlapping classes by re-,53.678932189941406,138.50978088378906,221.6991729736328,148.47238159179688,2,773
ﬁning the classiﬁcation boundary in the,6,38,0.0,ﬁning the classiﬁcation boundary in the,2,ClassOverlapping,english,0.9999969502947372,0,fining the classification boundary in the,53.678932189941406,150.50477600097656,221.75689697265625,160.46737670898438,2,773
feature space.,2,13,0.0,feature space.,2,ClassOverlapping,confident_non_english,0.9999960163693906,1,feature space.,53.678932189941406,162.49977111816406,113.43460083007812,172.46237182617188,2,773
"In this paper, we propose and eval-",7,34,0.0,"In this paper, we propose and eval-",2,ClassOverlapping,english,0.9999957502521003,0,"In this paper, we propose and eval-",63.76108169555664,174.8633575439453,221.8416290283203,184.82595825195312,2,773
uate three diﬀerent overlapping-class,4,36,0.0,uate three diﬀerent overlapping-class,2,ClassOverlapping,english,0.9999970984541412,0,uate three different overlapping-class,53.678932189941406,186.8583221435547,222.14146423339844,196.8209228515625,2,773
"modeling schemes, namely the",4,27,0.0,"modeling schemes, namely the",2,ClassOverlapping,english,0.9999979919283218,0,"modeling schemes, namely the",53.678932189941406,198.85328674316406,184.87637329101562,208.81588745117188,2,773
ing,1,2,0.0,ing,2,ClassOverlapping,uncertain_non_english,0.8571400557429693,0,ing,53.678924560546875,210.7287139892578,66.90328216552734,220.69131469726562,2,773
to handle class overlapping problem for,6,38,-0.4019,to handle class overlapping problem for,2,ClassOverlapping,english,0.8571406454286452,0,to handle class overlapping problem for,53.67893981933594,222.7236785888672,221.78282165527344,232.686279296875,2,773
the comparative study.,3,21,0.0,the comparative study.,2,ClassOverlapping,english,0.9999943267732956,0,the comparative study.,53.67893981933594,234.59910583496094,153.41754150390625,244.56170654296875,2,773
The,1,2,0.0,The,2,ClassOverlapping,english,0.999996429801535,0,The,63.76108932495117,247.0847930908203,83.29376220703125,257.0473937988281,2,773
scheme ignores the data in overlapping,6,37,-0.2732,scheme ignores the data in overlapping,2,ClassOverlapping,english,0.9999941071741546,0,scheme ignores the data in overlapping,53.68890380859375,259.07720947265625,222.0329132080078,269.039794921875,2,773
regions and learns on the data in non-,8,37,0.0,regions and learns on the data in non-,2,ClassOverlapping,english,0.9999968689819321,0,regions and learns on the data in non-,53.68890380859375,270.95263671875,221.83773803710938,280.91522216796875,2,773
overlapping region. Each test data will,6,38,0.0,overlapping region. Each test data will,2,ClassOverlapping,english,0.8571396883226273,0,overlapping region. Each test data will,53.68890380859375,282.9476013183594,221.75799560546875,292.9101867675781,2,773
be tested on the model learned by this,8,37,0.0,be tested on the model learned by this,2,ClassOverlapping,english,0.9999966073891919,0,be tested on the model learned by this,53.68890380859375,294.94256591796875,221.68817138671875,304.9051513671875,2,773
scheme.,1,6,0.0,scheme.,2,ClassOverlapping,confident_non_english,0.9999956981514494,1,scheme.,53.68890380859375,306.8179931640625,87.27084350585938,316.78057861328125,2,773
The,1,2,0.0,The,2,ClassOverlapping,english,0.999996429801535,0,The,63.771053314208984,319.30364990234375,83.30372619628906,329.2662658691406,2,773
scheme merges the data from overlap-,6,35,0.0,scheme merges the data from overlap-,2,ClassOverlapping,english,0.857140277554894,0,scheme merges the data from overlap-,53.68890380859375,331.29608154296875,221.937255859375,341.2586669921875,2,773
"ping regions as a new class, labeled",7,35,0.0,"ping regions as a new class, labeled",2,ClassOverlapping,english,0.9999969312349881,0,"ping regions as a new class, labeled",53.68890380859375,343.1715087890625,221.72604370117188,353.13409423828125,2,773
‘overlapping’. Then the scheme focus,5,35,0.0,‘overlapping’. Then the scheme focus,2,ClassOverlapping,english,0.9999980644927987,0,overlapping. Then the scheme focus,53.68890380859375,355.1664733886719,221.70118713378906,365.1290588378906,2,773
on the whole data with ‘overlapping’,6,35,0.0,on the whole data with ‘overlapping’,2,ClassOverlapping,english,0.9999975450172811,0,on the whole data with overlapping,53.68890380859375,367.16143798828125,222.1266632080078,377.1240234375,2,773
class added.,2,11,0.0,class added.,2,ClassOverlapping,maybe_english,0.571427432729286,0,class added.,53.68890380859375,379.036865234375,107.63638305664062,388.99945068359375,2,773
"After that, the scheme",4,21,0.0,"After that, the scheme",2,ClassOverlapping,english,0.9999976645266211,0,"After that, the scheme",117.47644805908203,379.036865234375,221.81082153320312,388.99945068359375,2,773
continues to learn on the data in over-,8,38,0.0,continues to learn on the data in over-,2,ClassOverlapping,english,0.9999970090579071,0,continues to learn on the data in over-,53.68890380859375,391.0318298339844,222.05487060546875,400.9944152832031,2,773
"lapping region. So, two models can be",7,36,0.0,"lapping region. So, two models can be",2,ClassOverlapping,english,0.9999961839032392,0,"lapping region. So, two models can be",53.68890380859375,403.02679443359375,221.71815490722656,412.9893798828125,2,773
got. One is the model of the data that,9,37,0.0,got. One is the model of the data that,2,ClassOverlapping,english,0.9999977992100584,0,got. One is the model of the data that,53.68890380859375,414.9022216796875,221.78790283203125,424.86480712890625,2,773
"adds ‘overlapping’ class, and the other",6,38,0.0,"adds ‘overlapping’ class, and the other",2,ClassOverlapping,english,0.9999980797965935,0,"adds overlapping class, and the other",53.68890380859375,426.8971862792969,221.80178833007812,436.8597717285156,2,773
is the model of the data in overlapping,8,38,0.0,is the model of the data in overlapping,2,ClassOverlapping,english,0.9999963486115817,0,is the model of the data in overlapping,53.68890380859375,438.7726135253906,222.05690002441406,448.7351989746094,2,773
region. Each test data will be ﬁrstly,7,36,0.0,region. Each test data will be ﬁrstly,2,ClassOverlapping,english,0.9999972821444609,0,region. Each test data will be firstly,53.68890380859375,450.767578125,221.8276824951172,460.73016357421875,2,773
tested on the ﬁrst model. If it is clas-,9,39,0.0,tested on the ﬁrst model. If it is clas-,2,ClassOverlapping,english,0.9999986680251622,0,tested on the first model. If it is clas-,53.68890380859375,462.7625427246094,221.79183959960938,472.7251281738281,2,773
"siﬁed as ’overlapping’, it will be tested",7,40,0.0,"siﬁed as ’overlapping’, it will be tested",2,ClassOverlapping,english,0.9999960465361138,0,"sified as overlapping, it will be tested",53.68890380859375,474.6379699707031,221.72613525390625,484.6005554199219,2,773
on the second model to determine its,7,35,0.0,on the second model to determine its,2,ClassOverlapping,english,0.857139547384647,0,on the second model to determine its,53.68890380859375,486.6329345703125,221.66732788085938,496.59552001953125,2,773
original class.,2,14,0.3182,original class.,2,ClassOverlapping,english,0.8571384291237921,0,original class.,53.68890380859375,498.6278991699219,112.73824310302734,508.5904846191406,2,773
The,1,2,0.0,The,2,ClassOverlapping,english,0.999996429801535,0,The,63.771053314208984,510.9940185546875,83.30372619628906,520.9566040039062,2,773
scheme learns on data in overlap-,6,32,0.0,scheme learns on data in overlap-,2,ClassOverlapping,confident_non_english,0.9999972391574792,1,scheme learns on data in overlap-,53.69886779785156,522.9863891601562,221.9851531982422,532.9490356445312,2,773
ping and non-overlapping regions sep-,5,36,0.0,ping and non-overlapping regions sep-,2,ClassOverlapping,maybe_english,0.42857005720919406,0,ping and non-overlapping regions sep-,53.69886779785156,534.9813842773438,221.87545776367188,544.9440307617188,2,773
arately. It can get two models. One is,8,37,0.0,arately. It can get two models. One is,2,ClassOverlapping,english,0.9999961990896542,0,arately. It can get two models. One is,53.69886779785156,546.8568115234375,221.78782653808594,556.8194580078125,2,773
the model of the data in overlapping re-,8,39,0.0,the model of the data in overlapping re-,2,ClassOverlapping,english,0.9999962695282238,0,the model of the data in overlapping re-,53.69886779785156,558.8517456054688,221.85763549804688,568.8143920898438,2,773
"gion, and the other is the model of the",9,38,0.0,"gion, and the other is the model of the",2,ClassOverlapping,english,0.9999981646954584,0,"gion, and the other is the model of the",53.69886779785156,570.7271728515625,221.77783203125,580.6898193359375,2,773
data in non-overlapping region. Each,5,35,0.0,data in non-overlapping region. Each,2,ClassOverlapping,uncertain_non_english,0.7142831690148813,0,data in non-overlapping region. Each,53.69886779785156,582.72216796875,222.03985595703125,592.684814453125,2,773
test data will be tested on the model,8,36,0.0,test data will be tested on the model,2,ClassOverlapping,english,0.9999966513243266,0,test data will be tested on the model,53.69886779785156,594.7171630859375,221.69725036621094,604.6798095703125,2,773
which is determined by that if the test,8,38,0.34,which is determined by that if the test,2,ClassOverlapping,english,0.9999987773408986,0,which is determined by that if the test,53.69886779785156,606.5925903320312,221.79376220703125,616.5552368164062,2,773
data is lying on non-overlapping re-,6,35,-0.5267,data is lying on non-overlapping re-,2,ClassOverlapping,maybe_english,0.5714271880582655,0,data is lying on non-overlapping re-,53.69886779785156,618.5875244140625,221.8276824951172,628.5501708984375,2,773
gions or overlapping regions.,4,28,0.0,gions or overlapping regions.,2,ClassOverlapping,english,0.8571372396032553,0,gions or overlapping regions.,53.69886779785156,630.58251953125,178.395751953125,640.545166015625,2,773
3. Experimental Results,3,22,0.0,3. Experimental Results,2,ClassOverlapping,confident_non_english,0.9999953057084254,1,3. Experimental Results,244.38302612304688,78.58729553222656,367.3314514160156,88.54989624023438,2,773
The main goal of this research is to,8,35,0.0,The main goal of this research is to,2,ClassOverlapping,english,0.9999982559761162,0,The main goal of this research is to,244.38302612304688,101.74775695800781,412.2927551269531,111.71035766601562,2,773
gain some insights on class overlap-,6,35,0.5267,gain some insights on class overlap-,2,ClassOverlapping,english,0.9999944949989297,0,gain some insights on class overlap-,244.38302612304688,113.74275207519531,412.72125244140625,123.70535278320312,2,773
ping problem and its interrelationship,5,37,-0.4019,ping problem and its interrelationship,2,ClassOverlapping,english,0.9999951767548818,0,ping problem and its interrelationship,244.38302612304688,125.61817932128906,412.7499694824219,135.58078002929688,2,773
with class imbalance problem. We will,6,36,-0.4019,with class imbalance problem. We will,2,ClassOverlapping,english,0.9999982350828579,0,with class imbalance problem. We will,244.38302612304688,137.61317443847656,412.3873291015625,147.57577514648438,2,773
investigate how schemes dealing with,5,35,0.0,investigate how schemes dealing with,2,ClassOverlapping,english,0.9999963164214348,0,investigate how schemes dealing with,244.38302612304688,149.60816955566406,412.41033935546875,159.57077026367188,2,773
class overlapping problem aﬀect the,5,34,-0.4019,class overlapping problem aﬀect the,2,ClassOverlapping,english,0.9999983858876276,0,class overlapping problem affect the,244.38302612304688,161.4835968017578,412.42230224609375,171.44619750976562,2,773
performance of learning in such condi-,6,37,0.0,performance of learning in such condi-,2,ClassOverlapping,english,0.8571408608241977,0,performance of learning in such condi-,244.38302612304688,173.4785919189453,412.535888671875,183.44119262695312,2,773
tions.,1,5,0.0,tions.,2,ClassOverlapping,maybe_english,0.7142841508766391,0,tions.,244.38302612304688,185.35401916503906,268.2782897949219,195.31661987304688,2,773
"To make this comparison, ﬁve real-",6,33,0.0,"To make this comparison, ﬁve real-",2,ClassOverlapping,english,0.9999970233188895,0,"To make this comparison, five real-",254.3456268310547,198.0762481689453,412.5617370605469,208.03884887695312,2,773
world binary data sets from UCI and,7,34,0.0,world binary data sets from UCI and,2,ClassOverlapping,english,0.9999960614885965,0,world binary data sets from UCI and,244.38302612304688,210.0712127685547,412.5617370605469,220.0338134765625,2,773
LIBSVM which have diﬀerent overlap-,5,34,0.0,LIBSVM which have diﬀerent overlap-,2,ClassOverlapping,english,0.8571395748450777,0,LIBSVM which have different overlap-,244.38302612304688,221.94664001464844,412.7211608886719,231.90924072265625,2,773
ping ratios calculated by SVDD are se-,7,37,0.0,ping ratios calculated by SVDD are se-,2,ClassOverlapping,english,0.9999964844289426,0,ping ratios calculated by SVDD are se-,244.38302612304688,233.9416046142578,412.5127258300781,243.90420532226562,2,773
lected.,1,6,0.0,lected.,2,ClassOverlapping,english,0.9999963275150855,0,lected.,244.38302612304688,245.81703186035156,272.55926513671875,255.77963256835938,2,773
Table 1 summarizes the data,5,26,0.0,Table 1 summarizes the data,2,ClassOverlapping,english,0.9999977073744256,0,Table 1 summarizes the data,281.0693359375,245.81703186035156,412.4203186035156,255.77963256835938,2,773
"sets. For each data set, it shows the",8,36,0.0,"sets. For each data set, it shows the",2,ClassOverlapping,english,0.9999983716572877,0,"sets. For each data set, it shows the",244.38302612304688,257.81201171875,412.31964111328125,267.77459716796875,2,773
"number of examples (#E), number of",6,33,0.1531,"number of examples (#E), number of",2,ClassOverlapping,english,0.9999979365947289,0,"number of examples (#E), number of",244.38302612304688,269.8069763183594,412.46807861328125,279.7695617675781,2,773
attributes (#A) and the ratio of over-,7,37,0.0,attributes (#A) and the ratio of over-,2,ClassOverlapping,english,0.99999689672482,0,attributes (#A) and the ratio of over-,244.38302612304688,281.6824035644531,412.6624450683594,291.6449890136719,2,773
lapping(ratio).,1,14,0.0,lapping(ratio).,2,ClassOverlapping,confident_non_english,0.9999984144781091,1,lapping(ratio).,244.38302612304688,293.6773681640625,307.67938232421875,303.63995361328125,2,773
Experiments are di-,3,18,0.0,Experiments are di-,2,ClassOverlapping,confident_non_english,0.9999950527793001,1,Experiments are di-,320.5171813964844,293.6773681640625,412.3883361816406,303.63995361328125,2,773
Data Set,2,7,0.0,Data Set,2,ClassOverlapping,confident_non_english,0.9999938723388222,1,Data Set,248.91903686523438,318.53662109375,293.2326965332031,328.4992370605469,2,773
Source,1,5,0.0,Source,2,ClassOverlapping,english,0.9999967494049151,0,Source,298.8390197753906,318.53662109375,332.2635803222656,328.4992370605469,2,773
#E,1,1,0.0,#E,2,ClassOverlapping,confident_non_english,0.9999916439545962,1,#E,339.3990173339844,318.53662109375,356.52374267578125,328.4992370605469,2,773
#A,1,1,0.0,#A,2,ClassOverlapping,confident_non_english,0.9997709097807372,1,#A,360.759033203125,318.53662109375,379.009521484375,328.4992370605469,2,773
ratio,1,4,0.0,ratio,2,ClassOverlapping,maybe_english,0.7142828921073767,0,ratio,383.07904052734375,318.53662109375,406.6904296875,328.4992370605469,2,773
Inosphere,1,8,0.0,Inosphere,2,ClassOverlapping,english,0.9999958477584127,0,Inosphere,250.11903381347656,330.8940734863281,292.1193542480469,340.8566589355469,2,773
UCI,1,2,0.0,UCI,2,ClassOverlapping,confident_non_english,0.999991056316893,1,UCI,306.3990173339844,330.8940734863281,324.63055419921875,340.8566589355469,2,773
41.3%,1,4,0.0,41.3%,2,ClassOverlapping,unknown,,0,41.3%,381.8790283203125,330.8940734863281,408.0666809082031,340.8566589355469,2,773
Sonar,1,4,0.0,Sonar,2,ClassOverlapping,english,0.9999937493960129,0,Sonar,258.51904296875,342.8940734863281,283.56500244140625,352.8566589355469,2,773
UCI,1,2,0.0,UCI,2,ClassOverlapping,confident_non_english,0.999991056316893,1,UCI,306.3990173339844,342.8940734863281,324.63055419921875,352.8566589355469,2,773
20.2%,1,4,0.0,20.2%,2,ClassOverlapping,unknown,,0,20.2%,381.8790283203125,342.8940734863281,408.0666809082031,352.8566589355469,2,773
Splice,1,5,0.0,Splice,2,ClassOverlapping,confident_non_english,0.9999923025630881,1,Splice,258.2790222167969,354.7740783691406,283.7235107421875,364.7366638183594,2,773
LIBSVM,1,5,0.0,LIBSVM,2,ClassOverlapping,confident_non_english,0.9999946210313643,1,LIBSVM,296.07904052734375,354.7740783691406,335.06768798828125,364.7366638183594,2,773
12.6%,1,4,0.0,12.6%,2,ClassOverlapping,unknown,,0,12.6%,381.8790283203125,354.7740783691406,408.0666809082031,364.7366638183594,2,773
Diabetes,1,7,0.0,Diabetes,2,ClassOverlapping,uncertain_non_english,0.7005870805934624,0,Diabetes,252.03903198242188,366.7740783691406,289.813232421875,376.7366638183594,2,773
UCI,1,2,0.0,UCI,2,ClassOverlapping,confident_non_english,0.999991056316893,1,UCI,306.3990173339844,366.7740783691406,324.63055419921875,376.7366638183594,2,773
7.9%,1,3,0.0,7.9%,2,ClassOverlapping,unknown,,0,7.9%,384.3990173339844,366.7740783691406,405.5466003417969,376.7366638183594,2,773
German,1,5,0.0,German,2,ClassOverlapping,uncertain_non_english,0.5714269274405629,0,German,253.47903442382812,378.7740783691406,288.5374450683594,388.7366638183594,2,773
LIBSVM,1,5,0.0,LIBSVM,2,ClassOverlapping,confident_non_english,0.9999946210313643,1,LIBSVM,296.07904052734375,378.7740783691406,335.06768798828125,388.7366638183594,2,773
5.7%,1,3,0.0,5.7%,2,ClassOverlapping,unknown,,0,5.7%,384.3990173339844,378.7740783691406,405.5466003417969,388.7366638183594,2,773
Table 1: Characteristics of Data Sets.,6,37,0.0,Table 1: Characteristics of Data Sets.,2,ClassOverlapping,english,0.9999937601290265,0,Table 1: Characteristics of Data Sets.,246.15902709960938,400.49407958984375,410.5498046875,410.4566650390625,2,773
vided into three scenarios.,4,26,0.0,vided into three scenarios.,2,ClassOverlapping,english,0.9999962946530015,0,vided into three scenarios.,244.3557891845703,414.7704772949219,363.73956298828125,424.7330627441406,2,773
The ﬁrst,2,7,0.0,The ﬁrst,2,ClassOverlapping,english,0.9999975196236202,0,The first,372.96893310546875,414.7704772949219,412.5045471191406,424.7330627441406,2,773
one uses three diﬀerent schemes and,6,34,0.0,one uses three diﬀerent schemes and,2,ClassOverlapping,english,0.9999953719333915,0,one uses three different schemes and,244.3557891845703,426.76544189453125,412.485595703125,436.72802734375,2,773
ﬁve distinct classiﬁers to deal with class,7,41,0.0,ﬁve distinct classiﬁers to deal with class,2,ClassOverlapping,english,0.9999963260651455,0,five distinct classifiers to deal with class,244.3557891845703,438.7604064941406,412.380126953125,448.7229919433594,2,773
overlapping problem for data sets with,6,37,-0.4019,overlapping problem for data sets with,2,ClassOverlapping,english,0.8571383556263013,0,overlapping problem for data sets with,244.3557891845703,450.6358337402344,412.385009765625,460.5984191894531,2,773
diﬀerent overlapping ratios. The sec-,5,36,0.0,diﬀerent overlapping ratios. The sec-,2,ClassOverlapping,english,0.9999971360578652,0,different overlapping ratios. The sec-,244.3557891845703,462.63079833984375,412.4747009277344,472.5933837890625,2,773
ond one compares the original scheme,6,35,0.3182,ond one compares the original scheme,2,ClassOverlapping,english,0.9999947393541309,0,ond one compares the original scheme,244.3557891845703,474.5062255859375,412.4648742675781,484.46881103515625,2,773
with the best scheme in ﬁrst experi-,7,35,0.6369,with the best scheme in ﬁrst experi-,2,ClassOverlapping,english,0.9999978737723113,0,with the best scheme in first experi-,244.3557891845703,486.5011901855469,412.4179382324219,496.4637756347656,2,773
ment and ﬁnds what may aﬀect classiﬁ-,7,36,0.0,ment and ﬁnds what may aﬀect classiﬁ-,2,ClassOverlapping,english,0.999996497651358,0,ment and finds what may affect classifi-,244.3557891845703,498.49615478515625,412.3849792480469,508.458740234375,2,773
cation performance. The third one con-,6,37,0.0,cation performance. The third one con-,2,ClassOverlapping,english,0.9999981428824959,0,cation performance. The third one con-,244.3557891845703,510.3715515136719,412.49462890625,520.3341674804688,2,773
centrates on imbalance data sets gener-,6,38,0.0,centrates on imbalance data sets gener-,2,ClassOverlapping,confident_non_english,0.9999950520960913,1,centrates on imbalance data sets gener-,244.3557891845703,522.3665161132812,412.5125732421875,532.3291625976562,2,773
ated by random sampling to ﬁnd com-,7,34,0.0,ated by random sampling to ﬁnd com-,2,ClassOverlapping,english,0.9999972586971504,0,ated by random sampling to find com-,244.3557891845703,534.3615112304688,412.50848388671875,544.3241577148438,2,773
binative eﬀect.,2,14,0.0,binative eﬀect.,2,ClassOverlapping,english,0.9999959038124929,0,binative effect.,244.3557891845703,546.2368774414062,308.33453369140625,556.1995239257812,2,773
The experiments adopt a ten-fold,5,31,0.1779,The experiments adopt a ten-fold,2,ClassOverlapping,english,0.999996825947823,0,The experiments adopt a ten-fold,254.31838989257812,558.9591674804688,412.35614013671875,568.9218139648438,2,773
cross-validation method.,2,23,0.0,cross-validation method.,2,ClassOverlapping,english,0.9999959123116663,0,cross-validation method.,244.3557891845703,570.8345947265625,353.653564453125,580.7972412109375,2,773
F-measure,1,8,0.0,F-measure,2,ClassOverlapping,confident_non_english,0.9999949453623274,1,F-measure,367.0921325683594,570.8345947265625,412.5534973144531,580.7972412109375,2,773
metric of the both classes is used to,8,36,0.0,metric of the both classes is used to,2,ClassOverlapping,english,0.9999971327976064,0,metric of the both classes is used to,244.3557891845703,582.8295288085938,412.3063659667969,592.7921752929688,2,773
compare the performance of ﬁve clas-,6,35,0.0,compare the performance of ﬁve clas-,2,ClassOverlapping,english,0.9999975030901153,0,compare the performance of five clas-,244.3557891845703,594.8245239257812,412.4148864746094,604.7871704101562,2,773
siﬁcation algorithms with distinct na-,5,37,0.0,siﬁcation algorithms with distinct na-,2,ClassOverlapping,english,0.9999956172437269,0,sification algorithms with distinct na-,244.3557891845703,606.699951171875,412.5135192871094,616.66259765625,2,773
"tures: NB,",2,9,0.0,"tures: NB,",2,ClassOverlapping,uncertain_non_english,0.857137908801529,0,"tures: NB,",244.3557891845703,618.6948852539062,292.7181701660156,628.6575317382812,2,773
"linear kernel), C4.5 and RIPPER.",5,31,0.0,"linear kernel), C4.5 and RIPPER.",2,ClassOverlapping,maybe_english,0.5714293033012591,0,"linear kernel), C4.5 and RIPPER.",244.35580444335938,630.6898803710938,392.2615051269531,640.6525268554688,2,773
The 2010 International Conference on E-Business Intelligence ,8,60,0.4767,The 2010 International Conference on E-Business Intelligence ,2,ClassOverlapping,english,0.9999955135617984,0,The 2010 International Conference on E-Business Intelligence ,179.65542602539062,50.71527862548828,416.0758361816406,58.69527816772461,2,773
3.1. Experiment 1,3,16,0.0,3.1. Experiment 1,2,ClassOverlapping,confident_non_english,0.9999952444776631,1,3.1. Experiment 1,53.67903137207031,78.77650451660156,145.55613708496094,88.73910522460938,3,773
The ﬁrst experiment is over a collection,7,39,0.0,The ﬁrst experiment is over a collection,2,ClassOverlapping,english,0.9999952084649968,0,The first experiment is over a collection,53.67903137207031,100.85108947753906,221.85072326660156,110.81369018554688,3,773
of above ﬁve binary data sets with de-,8,37,0.0,of above ﬁve binary data sets with de-,2,ClassOverlapping,english,0.9999959164369883,0,of above five binary data sets with de-,53.67903137207031,112.72651672363281,221.71820068359375,122.68911743164062,3,773
creasing class overlapping ratios. For,5,37,0.0,creasing class overlapping ratios. For,2,ClassOverlapping,english,0.9999959098346924,0,creasing class overlapping ratios. For,53.67903137207031,124.72151184082031,221.7590789794922,134.68411254882812,3,773
"each data set, the overlapping regions",6,37,0.0,"each data set, the overlapping regions",2,ClassOverlapping,english,0.9999965705028091,0,"each data set, the overlapping regions",53.67903137207031,136.59693908691406,221.90548706054688,146.55953979492188,3,773
are gained by SVDD. So each data set,8,35,0.3818,are gained by SVDD. So each data set,2,ClassOverlapping,english,0.9999958889145595,0,are gained by SVDD. So each data set,53.67903137207031,148.59193420410156,221.7082061767578,158.55453491210938,3,773
can be divided into two parts:,6,29,0.0,can be divided into two parts:,2,ClassOverlapping,english,0.9999973147250854,0,can be divided into two parts:,53.67903137207031,160.58692932128906,194.22940063476562,170.54953002929688,3,773
non-,1,3,0.0,non-,2,ClassOverlapping,confident_non_english,0.9999950717586477,1,non-,202.38577270507812,160.58692932128906,221.79393005371094,170.54953002929688,3,773
overlapping and overlapping.,3,27,0.0,overlapping and overlapping.,2,ClassOverlapping,confident_non_english,0.9999941060321171,1,overlapping and overlapping.,53.67903137207031,172.4623565673828,185.91259765625,182.42495727539062,3,773
After,1,4,0.0,After,2,ClassOverlapping,uncertain_non_english,0.714281620847604,0,After,199.1050567626953,172.4623565673828,221.77792358398438,182.42495727539062,3,773
"that, three overlapping-class modeling",4,37,0.0,"that, three overlapping-class modeling",2,ClassOverlapping,english,0.999997168735179,0,"that, three overlapping-class modeling",53.67903137207031,184.4573211669922,221.756103515625,194.419921875,3,773
schemes described in previous section,5,36,0.0,schemes described in previous section,2,ClassOverlapping,english,0.9999952065028846,0,schemes described in previous section,53.67903137207031,196.45228576660156,221.77195739746094,206.41488647460938,3,773
and ﬁve distinct classiﬁers will be used.,7,40,0.0,and ﬁve distinct classiﬁers will be used.,2,ClassOverlapping,english,0.9999956106015763,0,and five distinct classifiers will be used.,53.67903137207031,208.3277130126953,221.72219848632812,218.29031372070312,3,773
F-measure of both classes will be cal-,7,37,0.0,F-measure of both classes will be cal-,2,ClassOverlapping,english,0.9999964390871114,0,F-measure of both classes will be cal-,53.67903137207031,220.3226776123047,221.7092742919922,230.2852783203125,3,773
culated for comparison.,3,22,0.0,culated for comparison.,2,ClassOverlapping,english,0.999996663914094,0,culated for comparison.,53.67903137207031,232.19810485839844,156.1942138671875,242.16070556640625,3,773
Table 2 shows the performances of,6,32,0.0,Table 2 shows the performances of,2,ClassOverlapping,english,0.9999965667139141,0,Table 2 shows the performances of,63.76118087768555,246.11585998535156,221.8028564453125,256.0784606933594,3,773
the three schemes and ﬁve classiﬁers,6,35,0.0,the three schemes and ﬁve classiﬁers,2,ClassOverlapping,english,0.9999964804105275,0,the three schemes and five classifiers,53.67903137207031,258.11083984375,221.8676300048828,268.07342529296875,3,773
on ﬁve binary data sets.,5,23,0.0,on ﬁve binary data sets.,2,ClassOverlapping,english,0.8571405969918593,0,on five binary data sets.,53.67903137207031,270.1058044433594,164.70924377441406,280.0683898925781,3,773
The values,2,9,0.4019,The values,2,ClassOverlapping,english,0.8571410672264193,0,The values,173.45938110351562,270.1058044433594,221.78199768066406,280.0683898925781,3,773
after the name of data set are the over-,9,39,0.0,after the name of data set are the over-,2,ClassOverlapping,english,0.9999976156012451,0,after the name of data set are the over-,53.67903137207031,281.9812316894531,221.95437622070312,291.9438171386719,3,773
lapping ratio of each data set and the,8,37,0.0,lapping ratio of each data set and the,2,ClassOverlapping,english,0.9999970384015091,0,lapping ratio of each data set and the,53.67903137207031,293.9761962890625,221.76800537109375,303.93878173828125,3,773
results in bold indicate the best val-,7,37,0.7783,results in bold indicate the best val-,2,ClassOverlapping,english,0.9999954920351093,0,results in bold indicate the best val-,53.67903137207031,305.85162353515625,221.81980895996094,315.814208984375,3,773
"ues. As can be seen, F-measures of the",8,37,0.0,"ues. As can be seen, F-measures of the",2,ClassOverlapping,english,0.9999979215641553,0,"ues. As can be seen, F-measures of the",53.67903137207031,317.8465881347656,221.6385040283203,327.8091735839844,3,773
separating,1,9,0.0,separating,2,ClassOverlapping,confident_non_english,0.9999981329884555,1,separating,53.67903137207031,329.841552734375,97.28929901123047,339.80413818359375,3,773
in binary data sets are always higher,7,36,0.0,in binary data sets are always higher,2,ClassOverlapping,english,0.9999960172128128,0,in binary data sets are always higher,53.67902755737305,341.71697998046875,221.75808715820312,351.6795654296875,3,773
than the,2,7,0.0,than the,2,ClassOverlapping,english,0.9999979499974373,0,than the,53.67902755737305,353.7119445800781,91.49506378173828,363.6745300292969,3,773
cause the,2,8,0.0,cause the,2,ClassOverlapping,english,0.9999950360224743,0,cause the,53.688995361328125,365.7069091796875,95.89454650878906,375.66949462890625,3,773
"additional class to the data set, which",7,38,0.0,"additional class to the data set, which",2,ClassOverlapping,english,0.9999962733040507,0,"additional class to the data set, which",53.689002990722656,377.58233642578125,221.84376525878906,387.544921875,3,773
makes the classiﬁcation become more,5,34,0.0,makes the classiﬁcation become more,2,ClassOverlapping,english,0.9999972532982856,0,makes the classification become more,53.689002990722656,389.5773010253906,221.7281951904297,399.5398864746094,3,773
complicated.,1,11,0.0,complicated.,2,ClassOverlapping,english,0.9999949017648087,0,complicated.,53.689002990722656,401.4527282714844,108.54008483886719,411.4153137207031,3,773
Another observation is that for two,6,34,0.0,Another observation is that for two,2,ClassOverlapping,english,0.9999948631795674,0,Another observation is that for two,63.77115249633789,415.3704833984375,221.81890869140625,425.33306884765625,3,773
"data sets,",2,9,0.0,"data sets,",2,ClassOverlapping,uncertain_non_english,0.7142857542285893,0,"data sets,",53.689002990722656,427.3654479980469,97.11597442626953,437.3280334472656,3,773
"overlapping ratio more than 20%, the",6,35,0.0,"overlapping ratio more than 20%, the",2,ClassOverlapping,english,0.9999963713313841,0,"overlapping ratio more than 20%, the",53.68901062011719,439.36041259765625,221.75802612304688,449.322998046875,3,773
separating,1,9,0.0,separating,2,ClassOverlapping,confident_non_english,0.9999981329884555,1,separating,53.68901062011719,451.23583984375,97.29927825927734,461.19842529296875,3,773
scheme,1,5,0.0,scheme,2,ClassOverlapping,confident_non_english,0.9999949462509469,1,scheme,106.61033630371094,451.23583984375,137.38482666015625,461.19842529296875,3,773
performs,1,7,0.0,performs,2,ClassOverlapping,confident_non_english,0.9999922483103846,1,performs,145.91281127929688,451.23583984375,184.2987060546875,461.19842529296875,3,773
almost,1,5,0.0,almost,2,ClassOverlapping,uncertain_non_english,0.857135706728207,0,almost,192.84661865234375,451.23583984375,221.79794311523438,461.19842529296875,3,773
better than the,3,14,0.4404,better than the,2,ClassOverlapping,english,0.9999965030975005,0,better than the,53.68900680541992,463.2308044433594,129.05807495117188,473.1933898925781,3,773
scheme.,1,6,0.0,scheme.,2,ClassOverlapping,confident_non_english,0.9999956981514494,1,scheme.,188.2040252685547,463.2308044433594,221.7859344482422,473.1933898925781,3,773
While for the remaining three data sets,7,38,0.0,While for the remaining three data sets,2,ClassOverlapping,english,0.999996015830465,0,While for the remaining three data sets,53.68901062011719,475.1062316894531,221.7600555419922,485.0688171386719,3,773
"with overlapping ratio less than 20%,",6,36,0.0,"with overlapping ratio less than 20%,",2,ClassOverlapping,english,0.9999978781374766,0,"with overlapping ratio less than 20%,",53.68901062011719,487.1011962890625,221.8606414794922,497.06378173828125,3,773
performance of the,3,17,0.0,performance of the,2,ClassOverlapping,english,0.9999974954316576,0,performance of the,53.68901062011719,499.0961608886719,138.04237365722656,509.0587463378906,3,773
is close to the,4,14,0.0,is close to the,2,ClassOverlapping,english,0.9999966165777557,0,is close to the,53.67906188964844,510.9715881347656,116.63770294189453,520.9342041015625,3,773
the increase of the value of overlap-,7,36,0.5719,the increase of the value of overlap-,2,ClassOverlapping,english,0.9999956760674215,0,the increase of the value of overlap-,53.679054260253906,522.9664916992188,222.0370635986328,532.9291381835938,3,773
"ping ratio, the",3,14,0.0,"ping ratio, the",2,ClassOverlapping,english,0.9999964141970732,0,"ping ratio, the",53.679054260253906,534.9614868164062,117.54928588867188,544.9241333007812,3,773
forms much better than the,5,25,0.4404,forms much better than the,2,ClassOverlapping,english,0.9999969793061655,0,forms much better than the,53.669097900390625,546.8369140625,182.54928588867188,556.799560546875,3,773
ing,1,2,0.0,ing,2,ClassOverlapping,uncertain_non_english,0.8571400557429693,0,ing,53.669097900390625,558.8318481445312,66.8934555053711,568.7944946289062,3,773
is broad. This is because ignoring this,7,38,-0.4019,is broad. This is because ignoring this,2,ClassOverlapping,english,0.9999974078264069,0,is broad. This is because ignoring this,53.669097900390625,570.707275390625,221.6644287109375,580.669921875,3,773
data may lose some important informa-,6,36,-0.2263,data may lose some important informa-,2,ClassOverlapping,uncertain_non_english,0.8571375564895035,0,data may lose some important informa-,53.669097900390625,582.7022705078125,221.78501892089844,592.6649169921875,3,773
tion of each two classes. If the over-,8,37,0.0,tion of each two classes. If the over-,2,ClassOverlapping,english,0.999998926599384,0,tion of each two classes. If the over-,53.669097900390625,594.697265625,221.9872589111328,604.659912109375,3,773
"lapping ratio is high, more informa-",6,35,0.0,"lapping ratio is high, more informa-",2,ClassOverlapping,english,0.99999620589031,0,"lapping ratio is high, more informa-",53.669097900390625,606.5726928710938,221.807861328125,616.5353393554688,3,773
tion will be discarded to bring lower,7,36,-0.5574,tion will be discarded to bring lower,2,ClassOverlapping,english,0.999995006053674,0,tion will be discarded to bring lower,53.669097900390625,618.567626953125,221.89749145507812,628.5302734375,3,773
F-measure.,1,9,0.0,F-measure.,2,ClassOverlapping,confident_non_english,0.9999956179627222,1,F-measure.,53.669097900390625,630.5626220703125,101.89604949951172,640.5252685546875,3,773
These observations support that the,5,34,0.4019,These observations support that the,2,ClassOverlapping,english,0.9999947891652792,0,These observations support that the,254.30589294433594,78.56483459472656,412.32281494140625,88.52743530273438,3,773
separating,1,9,0.0,separating,2,ClassOverlapping,confident_non_english,0.9999981329884555,1,separating,244.34329223632812,90.55982971191406,287.9535827636719,100.52243041992188,3,773
scheme which learns on,4,21,0.0,scheme which learns on,2,ClassOverlapping,english,0.999998116644676,0,scheme which learns on,296.54730224609375,90.55982971191406,412.4561767578125,100.52243041992188,3,773
overlapping and non-overlapping data,4,35,0.0,overlapping and non-overlapping data,2,ClassOverlapping,uncertain_non_english,0.7142832843736716,0,overlapping and non-overlapping data,244.34327697753906,102.43525695800781,412.5019226074219,112.39785766601562,3,773
separately is the best among the three,7,37,0.6369,separately is the best among the three,2,ClassOverlapping,english,0.9999968612110574,0,separately is the best among the three,244.34327697753906,114.43025207519531,412.49200439453125,124.39285278320312,3,773
schemes. The data sets used in the,7,33,0.0,schemes. The data sets used in the,2,ClassOverlapping,english,0.9999946910766603,0,schemes. The data sets used in the,244.34327697753906,126.42524719238281,392.49200439453125,136.38784790039062,3,773
arating,1,6,0.0,arating,2,ClassOverlapping,confident_non_english,0.9999963885549197,1,arating,244.34327697753906,138.30067443847656,274.72125244140625,148.26327514648438,3,773
part which will be good for precisely,7,36,0.4404,part which will be good for precisely,2,ClassOverlapping,english,0.9999959892170265,0,part which will be good for precisely,244.34329223632812,150.29566955566406,412.4422912597656,160.25827026367188,3,773
learning and time costing.,4,25,0.0,learning and time costing.,2,ClassOverlapping,english,0.999996999871515,0,learning and time costing.,244.34329223632812,162.29066467285156,358.03448486328125,172.25326538085938,3,773
3.2. Experiment 2,3,16,0.0,3.2. Experiment 2,2,ClassOverlapping,confident_non_english,0.9999952444776631,1,3.2. Experiment 2,244.34329223632812,190.8560028076172,336.22039794921875,200.818603515625,3,773
The,1,2,0.0,The,2,ClassOverlapping,english,0.999996429801535,0,The,244.34329223632812,210.6491241455078,261.4909362792969,220.61172485351562,3,773
class overlapping problem performs,4,33,-0.4019,class overlapping problem performs,2,ClassOverlapping,maybe_english,0.536785941225976,0,class overlapping problem performs,244.34329223632812,222.52455139160156,412.4721374511719,232.48715209960938,3,773
best is also compared to the scheme,7,34,0.6369,best is also compared to the scheme,2,ClassOverlapping,english,0.9999947291803997,0,best is also compared to the scheme,244.34329223632812,234.51951599121094,412.45623779296875,244.48211669921875,3,773
without dealing with class overlapping,5,37,0.0,without dealing with class overlapping,2,ClassOverlapping,english,0.9999970167599908,0,without dealing with class overlapping,244.34329223632812,246.5144805908203,412.73919677734375,256.4770812988281,3,773
problem called the,3,17,-0.4019,problem called the,2,ClassOverlapping,english,0.9999958749115849,0,problem called the,244.34329223632812,258.3899230957031,325.10015869140625,268.3525085449219,3,773
here.,1,4,0.0,here.,2,ClassOverlapping,confident_non_english,0.9999965932574965,1,here.,244.35324096679688,270.3848876953125,265.4878845214844,280.34747314453125,3,773
The second experiment is de-,5,27,0.0,The second experiment is de-,2,ClassOverlapping,english,0.9999955743028818,0,The second experiment is de-,276.27838134765625,270.3848876953125,412.420166015625,280.34747314453125,3,773
signed to ﬁnd out what may aﬀect the,8,35,0.0,signed to ﬁnd out what may aﬀect the,2,ClassOverlapping,english,0.9999995831471438,0,signed to find out what may affect the,244.35324096679688,282.26031494140625,412.4005126953125,292.222900390625,3,773
performance of overlapping-class mod-,4,36,0.0,performance of overlapping-class mod-,2,ClassOverlapping,english,0.9999946966769895,0,performance of overlapping-class mod-,244.35324096679688,294.2552795410156,412.3008117675781,304.2178649902344,3,773
eling schemes. Data sets and classiﬁers,6,38,0.0,eling schemes. Data sets and classiﬁers,2,ClassOverlapping,english,0.8571409281735494,0,eling schemes. Data sets and classifiers,244.35324096679688,306.250244140625,412.5220031738281,316.21282958984375,3,773
used in this experiment are the same as,8,38,0.0,used in this experiment are the same as,2,ClassOverlapping,english,0.9999982221116732,0,used in this experiment are the same as,244.35324096679688,318.12567138671875,412.4302978515625,328.0882568359375,3,773
those in pervious experiment.,4,28,0.0,those in pervious experiment.,2,ClassOverlapping,english,0.9999964448548802,0,those in pervious experiment.,244.35324096679688,330.1206359863281,373.2692565917969,340.0832214355469,3,773
"Fig. 2, in which F1 and F2 means",8,31,0.0,"Fig. 2, in which F1 and F2 means",2,ClassOverlapping,english,0.9999969084199453,0,"Fig. 2, in which F1 and F2 means",254.3158416748047,342.8428649902344,412.517822265625,352.8054504394531,3,773
"F-measure for class 1 and class 2,",7,33,0.0,"F-measure for class 1 and class 2,",2,ClassOverlapping,english,0.9999963773479332,0,"F-measure for class 1 and class 2,",244.35324096679688,354.7182922363281,412.4581298828125,364.6808776855469,3,773
shows the comparing results of the,6,33,0.0,shows the comparing results of the,2,ClassOverlapping,english,0.9999984722681282,0,shows the comparing results of the,244.35324096679688,366.7132568359375,392.42138671875,376.67584228515625,3,773
arating,1,6,0.0,arating,2,ClassOverlapping,confident_non_english,0.9999963885549197,1,arating,244.35325622558594,378.58868408203125,274.7312316894531,388.55126953125,3,773
Data,1,3,0.0,Data,2,ClassOverlapping,confident_non_english,0.9999938249365765,1,Data,390.9788818359375,378.58868408203125,412.39947509765625,388.55126953125,3,773
sets from left to right are sorted by,8,36,0.0,sets from left to right are sorted by,2,ClassOverlapping,english,0.9999940966875309,0,sets from left to right are sorted by,244.353271484375,390.5836486816406,412.468994140625,400.5462341308594,3,773
the overlapping ratio in ascending or-,6,37,0.0,the overlapping ratio in ascending or-,2,ClassOverlapping,english,0.9999947121377092,0,the overlapping ratio in ascending or-,244.353271484375,402.57861328125,412.6256103515625,412.54119873046875,3,773
der.,1,3,0.0,der.,2,ClassOverlapping,confident_non_english,0.9999790670153428,1,der.,244.353271484375,414.45404052734375,261.047607421875,424.4166259765625,3,773
"One observation is that, for all",6,31,0.0,"One observation is that, for all",2,ClassOverlapping,english,0.9999977892454133,0,"One observation is that, for all",270.1623840332031,414.45404052734375,412.5716857910156,424.4166259765625,3,773
"data sets and classiﬁers, the",5,28,0.0,"data sets and classiﬁers, the",2,ClassOverlapping,english,0.9999966595163301,0,"data sets and classifiers, the",244.353271484375,426.4490051269531,373.2552795410156,436.4115905761719,3,773
ing,1,2,0.0,ing,2,ClassOverlapping,uncertain_non_english,0.8571400557429693,0,ing,244.35328674316406,438.4439697265625,257.57965087890625,448.40655517578125,3,773
original,1,7,0.3182,original,2,ClassOverlapping,uncertain_non_english,0.8571392784451772,0,original,244.35328674316406,450.31939697265625,277.3862609863281,460.281982421875,3,773
results as the,3,13,0.0,results as the,2,ClassOverlapping,english,0.999998194506809,0,results as the,244.353271484375,462.3143615722656,306.4839782714844,472.2769470214844,3,773
An-,1,2,0.0,An-,2,ClassOverlapping,confident_non_english,0.9999992121619692,1,An-,395.99798583984375,462.3044128417969,412.30078125,472.2669982910156,3,773
other observation is that as the overlap-,7,40,0.0,other observation is that as the overlap-,2,ClassOverlapping,english,0.9999978031656596,0,other observation is that as the overlap-,244.353271484375,474.1798095703125,412.721435546875,484.14239501953125,3,773
"ping ratio increases, the gap between",6,36,0.0,"ping ratio increases, the gap between",2,ClassOverlapping,english,0.9999974775514286,0,"ping ratio increases, the gap between",244.353271484375,486.1747741699219,412.3804931640625,496.1373596191406,3,773
the,1,2,0.0,the,2,ClassOverlapping,english,0.9999960747418923,0,the,244.353271484375,498.16973876953125,258.1474914550781,508.13232421875,3,773
is more and more obvious except for,7,34,0.0,is more and more obvious except for,2,ClassOverlapping,english,0.999995721388304,0,is more and more obvious except for,244.35328674316406,510.0451354980469,412.4124755859375,520.0077514648438,3,773
those high F-measure values.,4,27,0.4019,those high F-measure values.,2,ClassOverlapping,english,0.9999976692108999,0,those high F-measure values.,244.35328674316406,522.0401000976562,379.4760437011719,532.0027465820312,3,773
This,1,3,0.0,This,2,ClassOverlapping,english,0.9999964776500386,0,This,392.9056396484375,522.0401000976562,412.33270263671875,532.0027465820312,3,773
is reasonable for that high F-measure,6,36,0.0,is reasonable for that high F-measure,2,ClassOverlapping,english,0.9999972974781102,0,is reasonable for that high F-measure,244.35328674316406,534.0350952148438,412.62139892578125,543.9977416992188,3,773
can diﬃcultly be improved.,4,25,0.4767,can diﬃcultly be improved.,2,ClassOverlapping,english,0.9999957590480892,0,can difficultly be improved.,244.35328674316406,545.9104614257812,367.65447998046875,555.8731079101562,3,773
And be-,2,6,0.0,And be-,2,ClassOverlapping,confident_non_english,0.9999950810449154,1,And be-,375.8058776855469,545.9104614257812,412.38861083984375,555.8731079101562,3,773
cause low overlapping ratio means that,6,37,-0.2732,cause low overlapping ratio means that,2,ClassOverlapping,english,0.9999961709867075,0,cause low overlapping ratio means that,244.35328674316406,557.9054565429688,412.4443359375,567.8681030273438,3,773
there are little data lying on overlap-,7,38,-0.4804,there are little data lying on overlap-,2,ClassOverlapping,english,0.9999956513770494,0,there are little data lying on overlap-,244.35328674316406,569.7808837890625,412.7651062011719,579.7435302734375,3,773
"ping region, overlapping-class model-",4,36,0.0,"ping region, overlapping-class model-",2,ClassOverlapping,maybe_english,0.5714259919409741,0,"ping region, overlapping-class model-",244.35328674316406,581.7758178710938,412.4432067871094,591.7384643554688,3,773
ing schemes can hardly improve the,6,33,0.3832,ing schemes can hardly improve the,2,ClassOverlapping,english,0.9999959024196787,0,ing schemes can hardly improve the,244.35328674316406,593.7708129882812,412.39642333984375,603.7334594726562,3,773
overall performance.,2,19,0.0,overall performance.,2,ClassOverlapping,english,0.8493323215195874,0,overall performance.,244.35328674316406,605.646240234375,332.91680908203125,615.60888671875,3,773
"In addition, we also investigate how",6,35,0.0,"In addition, we also investigate how",2,ClassOverlapping,english,0.9999962706275867,0,"In addition, we also investigate how",254.31588745117188,618.3684692382812,412.5218505859375,628.3311157226562,3,773
the classiﬁers aﬀect the performance.,5,36,0.0,the classiﬁers aﬀect the performance.,2,ClassOverlapping,english,0.9999987739256072,0,the classifiers affect the performance.,244.35328674316406,630.3634643554688,412.4363098144531,640.3261108398438,3,773
The 2010 International Conference on E-Business Intelligence ,8,60,0.4767,The 2010 International Conference on E-Business Intelligence ,2,ClassOverlapping,english,0.9999955135617984,0,The 2010 International Conference on E-Business Intelligence ,53.7465705871582,50.71527862548828,290.1668395996094,58.69527816772461,3,773
Data sets,2,8,0.0,Data sets,2,ClassOverlapping,confident_non_english,0.9999975861212684,1,Data sets,107.79903411865234,84.34002685546875,144.6981201171875,91.31382751464844,4,773
F-measure(class 1),2,17,0.0,F-measure(class 1),2,ClassOverlapping,english,0.9999950236035444,0,F-measure(class 1),168.27903747558594,79.9000244140625,242.0576934814453,86.87382507324219,4,773
F-measure(class 2),2,17,0.0,F-measure(class 2),2,ClassOverlapping,english,0.9999950236035444,0,F-measure(class 2),275.07904052734375,79.9000244140625,348.8576354980469,86.87382507324219,4,773
d,1,0,0.0,d,2,ClassOverlapping,confident_non_english,0.9999925611800029,1,d,167.43902587890625,88.1325912475586,171.560546875,95.10638427734375,4,773
m,1,0,0.0,m,2,ClassOverlapping,confident_non_english,0.9999960350720354,1,m,201.6390380859375,88.1325912475586,208.22230529785156,95.10638427734375,4,773
s,1,0,0.0,s,2,ClassOverlapping,confident_non_english,0.9999922001639874,1,s,238.71902465820312,88.1325912475586,242.11526489257812,95.10638427734375,4,773
d,1,0,0.0,d,2,ClassOverlapping,confident_non_english,0.9999925611800029,1,d,274.2390441894531,88.1325912475586,278.3605651855469,95.10638427734375,4,773
m,1,0,0.0,m,2,ClassOverlapping,confident_non_english,0.9999960350720354,1,m,309.1590270996094,88.1325912475586,315.7423095703125,95.10638427734375,4,773
s,1,0,0.0,s,2,ClassOverlapping,confident_non_english,0.9999922001639874,1,s,346.2390441894531,88.1325912475586,349.6352844238281,95.10638427734375,4,773
Inosphere,1,8,0.0,Inosphere,2,ClassOverlapping,english,0.9999958477584127,0,Inosphere,109.59902954101562,96.219970703125,143.14163208007812,103.19377136230469,4,773
C4.5,1,3,0.0,C4.5,2,ClassOverlapping,uncertain_non_english,0.8561005287716587,0,C4.5,118.3590316772461,104.25994873046875,134.19932556152344,111.23374938964844,4,773
0.766,1,4,0.0,0.766,2,ClassOverlapping,unknown,,0,0.766,160.71902465820312,104.25994873046875,178.82301330566406,111.23374938964844,4,773
0.809,1,4,0.0,0.809,2,ClassOverlapping,unknown,,0,0.809,196.11903381347656,104.25994873046875,214.2230224609375,111.23374938964844,4,773
0.863,1,4,0.0,0.863,2,ClassOverlapping,unknown,,0,0.863,230.19903564453125,104.25994873046875,250.9014892578125,111.23374938964844,4,773
0.788,1,4,0.0,0.788,2,ClassOverlapping,unknown,,0,0.788,267.51904296875,104.25994873046875,285.62298583984375,111.23374938964844,4,773
0.902,1,4,0.0,0.902,2,ClassOverlapping,unknown,,0,0.902,303.6390380859375,104.25994873046875,321.74298095703125,111.23374938964844,4,773
0.925,1,4,0.0,0.925,2,ClassOverlapping,unknown,,0,0.925,337.7190246582031,104.25994873046875,358.4214172363281,111.23374938964844,4,773
NB,1,1,0.0,NB,2,ClassOverlapping,confident_non_english,0.9999982740454141,1,NB,120.51902770996094,112.179931640625,131.96791076660156,119.15373229980469,4,773
0.607,1,4,0.0,0.607,2,ClassOverlapping,unknown,,0,0.607,160.71902465820312,112.179931640625,178.82301330566406,119.15373229980469,4,773
0.849,1,4,0.0,0.849,2,ClassOverlapping,unknown,,0,0.849,196.11903381347656,112.179931640625,214.2230224609375,119.15373229980469,4,773
0.861,1,4,0.0,0.861,2,ClassOverlapping,unknown,,0,0.861,230.19903564453125,112.179931640625,250.9014892578125,119.15373229980469,4,773
0.407,1,4,0.0,0.407,2,ClassOverlapping,unknown,,0,0.407,267.51904296875,112.179931640625,285.62298583984375,119.15373229980469,4,773
0.909,1,4,0.0,0.909,2,ClassOverlapping,unknown,,0,0.909,303.6390380859375,112.179931640625,321.74298095703125,119.15373229980469,4,773
0.914,1,4,0.0,0.914,2,ClassOverlapping,unknown,,0,0.914,337.7190246582031,112.179931640625,358.4214172363281,119.15373229980469,4,773
k,1,0,0.0,k,2,ClassOverlapping,confident_non_english,0.9999957366460038,1,k,116.79903411865234,120.09991455078125,121.03213500976562,127.07371520996094,4,773
0.722,1,4,0.0,0.722,2,ClassOverlapping,unknown,,0,0.722,160.71902465820312,120.09991455078125,178.82301330566406,127.07371520996094,4,773
0.668,1,4,0.0,0.668,2,ClassOverlapping,unknown,,0,0.668,196.11903381347656,120.09991455078125,214.2230224609375,127.07371520996094,4,773
0.805,1,4,0.0,0.805,2,ClassOverlapping,unknown,,0,0.805,230.19903564453125,120.09991455078125,250.9014892578125,127.07371520996094,4,773
0.797,1,4,0.0,0.797,2,ClassOverlapping,unknown,,0,0.797,267.51904296875,120.09991455078125,285.62298583984375,127.07371520996094,4,773
0.873,1,4,0.0,0.873,2,ClassOverlapping,unknown,,0,0.873,303.6390380859375,120.09991455078125,321.74298095703125,127.07371520996094,4,773
0.910,1,4,0.0,0.910,2,ClassOverlapping,unknown,,0,0.910,337.7190246582031,120.09991455078125,358.4214172363281,127.07371520996094,4,773
SVMs,1,3,0.0,SVMs,2,ClassOverlapping,confident_non_english,0.9999968923449256,1,SVMs,115.95903015136719,128.13995361328125,136.6377410888672,135.11375427246094,4,773
0.629,1,4,0.0,0.629,2,ClassOverlapping,unknown,,0,0.629,160.71902465820312,128.13995361328125,178.82301330566406,135.11375427246094,4,773
0.760,1,4,0.0,0.760,2,ClassOverlapping,unknown,,0,0.760,196.11903381347656,128.13995361328125,214.2230224609375,135.11375427246094,4,773
0.786,1,4,0.0,0.786,2,ClassOverlapping,unknown,,0,0.786,230.19903564453125,128.13995361328125,250.9014892578125,135.11375427246094,4,773
0.612,1,4,0.0,0.612,2,ClassOverlapping,unknown,,0,0.612,267.51904296875,128.13995361328125,285.62298583984375,135.11375427246094,4,773
0.897,1,4,0.0,0.897,2,ClassOverlapping,unknown,,0,0.897,303.6390380859375,128.13995361328125,321.74298095703125,135.11375427246094,4,773
0.905,1,4,0.0,0.905,2,ClassOverlapping,unknown,,0,0.905,337.7190246582031,128.13995361328125,358.4214172363281,135.11375427246094,4,773
RIPPER,1,5,0.0,RIPPER,2,ClassOverlapping,confident_non_english,0.999992865862403,1,RIPPER,111.03903198242188,136.0599365234375,141.66796875,143.0337371826172,4,773
0.728,1,4,0.0,0.728,2,ClassOverlapping,unknown,,0,0.728,160.71902465820312,136.0599365234375,178.82301330566406,143.0337371826172,4,773
0.809,1,4,0.0,0.809,2,ClassOverlapping,unknown,,0,0.809,196.11903381347656,136.0599365234375,214.2230224609375,143.0337371826172,4,773
0.848,1,4,0.0,0.848,2,ClassOverlapping,unknown,,0,0.848,230.19903564453125,136.0599365234375,250.9014892578125,143.0337371826172,4,773
0.730,1,4,0.0,0.730,2,ClassOverlapping,unknown,,0,0.730,267.51904296875,136.0599365234375,285.62298583984375,143.0337371826172,4,773
0.892,1,4,0.0,0.892,2,ClassOverlapping,unknown,,0,0.892,303.6390380859375,136.0599365234375,321.74298095703125,143.0337371826172,4,773
0.918,1,4,0.0,0.918,2,ClassOverlapping,unknown,,0,0.918,337.7190246582031,136.0599365234375,358.4214172363281,143.0337371826172,4,773
Sonar,1,4,0.0,Sonar,2,ClassOverlapping,english,0.9999937493960129,0,Sonar,116.31903076171875,144.09991455078125,136.21669006347656,151.07371520996094,4,773
C4.5,1,3,0.0,C4.5,2,ClassOverlapping,uncertain_non_english,0.8561005287716587,0,C4.5,118.3590316772461,152.01995849609375,134.19932556152344,158.99375915527344,4,773
0.620,1,4,0.0,0.620,2,ClassOverlapping,unknown,,0,0.620,160.71902465820312,152.01995849609375,178.82301330566406,158.99375915527344,4,773
0.582,1,4,0.0,0.582,2,ClassOverlapping,unknown,,0,0.582,196.11903381347656,152.01995849609375,214.2230224609375,158.99375915527344,4,773
0.652,1,4,0.0,0.652,2,ClassOverlapping,unknown,,0,0.652,230.19903564453125,152.01995849609375,250.9014892578125,158.99375915527344,4,773
0.593,1,4,0.0,0.593,2,ClassOverlapping,unknown,,0,0.593,267.51904296875,152.01995849609375,285.62298583984375,158.99375915527344,4,773
0.559,1,4,0.0,0.559,2,ClassOverlapping,unknown,,0,0.559,303.6390380859375,152.01995849609375,321.74298095703125,158.99375915527344,4,773
0.701,1,4,0.0,0.701,2,ClassOverlapping,unknown,,0,0.701,337.7190246582031,152.01995849609375,358.4214172363281,158.99375915527344,4,773
NB,1,1,0.0,NB,2,ClassOverlapping,confident_non_english,0.9999982740454141,1,NB,120.51902770996094,159.93994140625,131.96791076660156,166.9137420654297,4,773
0.689,1,4,0.0,0.689,2,ClassOverlapping,unknown,,0,0.689,160.71902465820312,159.93994140625,178.82301330566406,166.9137420654297,4,773
0.560,1,4,0.0,0.560,2,ClassOverlapping,unknown,,0,0.560,196.11903381347656,159.93994140625,214.2230224609375,166.9137420654297,4,773
0.715,1,4,0.0,0.715,2,ClassOverlapping,unknown,,0,0.715,230.19903564453125,159.93994140625,250.9014892578125,166.9137420654297,4,773
0.479,1,4,0.0,0.479,2,ClassOverlapping,unknown,,0,0.479,267.51904296875,159.93994140625,285.62298583984375,166.9137420654297,4,773
0.673,1,4,0.0,0.673,2,ClassOverlapping,unknown,,0,0.673,302.43902587890625,159.93994140625,323.14141845703125,166.9137420654297,4,773
0.663,1,4,0.0,0.663,2,ClassOverlapping,unknown,,0,0.663,339.0390319824219,159.93994140625,357.1429748535156,166.9137420654297,4,773
k,1,0,0.0,k,2,ClassOverlapping,confident_non_english,0.9999957366460038,1,k,116.79903411865234,167.97991943359375,121.03213500976562,174.95372009277344,4,773
0.642,1,4,0.0,0.642,2,ClassOverlapping,unknown,,0,0.642,160.71902465820312,167.97991943359375,178.82301330566406,174.95372009277344,4,773
0.615,1,4,0.0,0.615,2,ClassOverlapping,unknown,,0,0.615,196.11903381347656,167.97991943359375,214.2230224609375,174.95372009277344,4,773
0.651,1,4,0.0,0.651,2,ClassOverlapping,unknown,,0,0.651,230.19903564453125,167.97991943359375,250.9014892578125,174.95372009277344,4,773
0.569,1,4,0.0,0.569,2,ClassOverlapping,unknown,,0,0.569,267.51904296875,167.97991943359375,285.62298583984375,174.95372009277344,4,773
0.623,1,4,0.0,0.623,2,ClassOverlapping,unknown,,0,0.623,303.6390380859375,167.97991943359375,321.74298095703125,174.95372009277344,4,773
0.645,1,4,0.0,0.645,2,ClassOverlapping,unknown,,0,0.645,337.7190246582031,167.97991943359375,358.4214172363281,174.95372009277344,4,773
SVMs,1,3,0.0,SVMs,2,ClassOverlapping,confident_non_english,0.9999968923449256,1,SVMs,115.95903015136719,175.89996337890625,136.6377410888672,182.87376403808594,4,773
0.699,1,4,0.0,0.699,2,ClassOverlapping,unknown,,0,0.699,159.51902770996094,175.89996337890625,180.2214813232422,182.87376403808594,4,773
0.663,1,4,0.0,0.663,2,ClassOverlapping,unknown,,0,0.663,196.11903381347656,175.89996337890625,214.2230224609375,182.87376403808594,4,773
0.676,1,4,0.0,0.676,2,ClassOverlapping,unknown,,0,0.676,231.39903259277344,175.89996337890625,249.50302124023438,182.87376403808594,4,773
0.665,1,4,0.0,0.665,2,ClassOverlapping,unknown,,0,0.665,267.51904296875,175.89996337890625,285.62298583984375,182.87376403808594,4,773
0.689,1,4,0.0,0.689,2,ClassOverlapping,unknown,,0,0.689,303.6390380859375,175.89996337890625,321.74298095703125,182.87376403808594,4,773
0.719,1,4,0.0,0.719,2,ClassOverlapping,unknown,,0,0.719,337.7190246582031,175.89996337890625,358.4214172363281,182.87376403808594,4,773
RIPPER,1,5,0.0,RIPPER,2,ClassOverlapping,confident_non_english,0.999992865862403,1,RIPPER,111.03903198242188,183.93994140625,141.66796875,190.9137420654297,4,773
0.678,1,4,0.0,0.678,2,ClassOverlapping,unknown,,0,0.678,160.71902465820312,183.93994140625,178.82301330566406,190.9137420654297,4,773
0.613,1,4,0.0,0.613,2,ClassOverlapping,unknown,,0,0.613,196.11903381347656,183.93994140625,214.2230224609375,190.9137420654297,4,773
0.678,1,4,0.0,0.678,2,ClassOverlapping,unknown,,0,0.678,230.19903564453125,183.93994140625,250.9014892578125,190.9137420654297,4,773
0.576,1,4,0.0,0.576,2,ClassOverlapping,unknown,,0,0.576,267.51904296875,183.93994140625,285.62298583984375,190.9137420654297,4,773
0.512,1,4,0.0,0.512,2,ClassOverlapping,unknown,,0,0.512,303.6390380859375,183.93994140625,321.74298095703125,190.9137420654297,4,773
0.640,1,4,0.0,0.640,2,ClassOverlapping,unknown,,0,0.640,337.7190246582031,183.93994140625,358.4214172363281,190.9137420654297,4,773
Splice,1,5,0.0,Splice,2,ClassOverlapping,confident_non_english,0.9999923025630881,1,Splice,116.07903289794922,191.85995483398438,136.64476013183594,198.83375549316406,4,773
C4.5,1,3,0.0,C4.5,2,ClassOverlapping,uncertain_non_english,0.8561005287716587,0,C4.5,118.3590316772461,199.89993286132812,134.19932556152344,206.8737335205078,4,773
0.936,1,4,0.0,0.936,2,ClassOverlapping,unknown,,0,0.936,159.51902770996094,199.89993286132812,180.2214813232422,206.8737335205078,4,773
0.926,1,4,0.0,0.926,2,ClassOverlapping,unknown,,0,0.926,196.11903381347656,199.89993286132812,214.2230224609375,206.8737335205078,4,773
0.928,1,4,0.0,0.928,2,ClassOverlapping,unknown,,0,0.928,231.39903259277344,199.89993286132812,249.50302124023438,206.8737335205078,4,773
0.939,1,4,0.0,0.939,2,ClassOverlapping,unknown,,0,0.939,266.31903076171875,199.89993286132812,287.02142333984375,206.8737335205078,4,773
0.929,1,4,0.0,0.929,2,ClassOverlapping,unknown,,0,0.929,303.6390380859375,199.89993286132812,321.74298095703125,206.8737335205078,4,773
0.930,1,4,0.0,0.930,2,ClassOverlapping,unknown,,0,0.930,339.0390319824219,199.89993286132812,357.1429748535156,206.8737335205078,4,773
NB,1,1,0.0,NB,2,ClassOverlapping,confident_non_english,0.9999982740454141,1,NB,120.51902770996094,207.8199462890625,131.96791076660156,214.7937469482422,4,773
0.821,1,4,0.0,0.821,2,ClassOverlapping,unknown,,0,0.821,160.71902465820312,207.8199462890625,178.82301330566406,214.7937469482422,4,773
0.826,1,4,0.0,0.826,2,ClassOverlapping,unknown,,0,0.826,196.11903381347656,207.8199462890625,214.2230224609375,214.7937469482422,4,773
0.829,1,4,0.0,0.829,2,ClassOverlapping,unknown,,0,0.829,230.19903564453125,207.8199462890625,250.9014892578125,214.7937469482422,4,773
0.833,1,4,0.0,0.833,2,ClassOverlapping,unknown,,0,0.833,267.51904296875,207.8199462890625,285.62298583984375,214.7937469482422,4,773
0.831,1,4,0.0,0.831,2,ClassOverlapping,unknown,,0,0.831,303.6390380859375,207.8199462890625,321.74298095703125,214.7937469482422,4,773
0.837,1,4,0.0,0.837,2,ClassOverlapping,unknown,,0,0.837,337.7190246582031,207.8199462890625,358.4214172363281,214.7937469482422,4,773
k,1,0,0.0,k,2,ClassOverlapping,confident_non_english,0.9999957366460038,1,k,116.79903411865234,215.73992919921875,121.03213500976562,222.71372985839844,4,773
0.775,1,4,0.0,0.775,2,ClassOverlapping,unknown,,0,0.775,160.71902465820312,215.73992919921875,178.82301330566406,222.71372985839844,4,773
0.726,1,4,0.0,0.726,2,ClassOverlapping,unknown,,0,0.726,196.11903381347656,215.73992919921875,214.2230224609375,222.71372985839844,4,773
0.784,1,4,0.0,0.784,2,ClassOverlapping,unknown,,0,0.784,230.19903564453125,215.73992919921875,250.9014892578125,222.71372985839844,4,773
0.723,1,4,0.0,0.723,2,ClassOverlapping,unknown,,0,0.723,267.51904296875,215.73992919921875,285.62298583984375,222.71372985839844,4,773
0.551,1,4,0.0,0.551,2,ClassOverlapping,unknown,,0,0.551,303.6390380859375,215.73992919921875,321.74298095703125,222.71372985839844,4,773
0.726,1,4,0.0,0.726,2,ClassOverlapping,unknown,,0,0.726,337.7190246582031,215.73992919921875,358.4214172363281,222.71372985839844,4,773
SVMs,1,3,0.0,SVMs,2,ClassOverlapping,confident_non_english,0.9999968923449256,1,SVMs,115.95903015136719,223.77993774414062,136.6377410888672,230.7537384033203,4,773
0.787,1,4,0.0,0.787,2,ClassOverlapping,unknown,,0,0.787,160.71902465820312,223.77993774414062,178.82301330566406,230.7537384033203,4,773
0.790,1,4,0.0,0.790,2,ClassOverlapping,unknown,,0,0.790,194.7990264892578,223.77993774414062,215.50148010253906,230.7537384033203,4,773
0.783,1,4,0.0,0.783,2,ClassOverlapping,unknown,,0,0.783,231.39903259277344,223.77993774414062,249.50302124023438,230.7537384033203,4,773
0.803,1,4,0.0,0.803,2,ClassOverlapping,unknown,,0,0.803,267.51904296875,223.77993774414062,285.62298583984375,230.7537384033203,4,773
0.804,1,4,0.0,0.804,2,ClassOverlapping,unknown,,0,0.804,302.43902587890625,223.77993774414062,323.14141845703125,230.7537384033203,4,773
0.794,1,4,0.0,0.794,2,ClassOverlapping,unknown,,0,0.794,339.0390319824219,223.77993774414062,357.1429748535156,230.7537384033203,4,773
RIPPER,1,5,0.0,RIPPER,2,ClassOverlapping,confident_non_english,0.999992865862403,1,RIPPER,111.03903198242188,231.699951171875,141.66796875,238.6737518310547,4,773
0.936,1,4,0.0,0.936,2,ClassOverlapping,unknown,,0,0.936,160.71902465820312,231.699951171875,178.82301330566406,238.6737518310547,4,773
0.878,1,4,0.0,0.878,2,ClassOverlapping,unknown,,0,0.878,196.11903381347656,231.699951171875,214.2230224609375,238.6737518310547,4,773
0.941,1,4,0.0,0.941,2,ClassOverlapping,unknown,,0,0.941,230.19903564453125,231.699951171875,250.9014892578125,238.6737518310547,4,773
0.939,1,4,0.0,0.939,2,ClassOverlapping,unknown,,0,0.939,267.51904296875,231.699951171875,285.62298583984375,238.6737518310547,4,773
0.880,1,4,0.0,0.880,2,ClassOverlapping,unknown,,0,0.880,303.6390380859375,231.699951171875,321.74298095703125,238.6737518310547,4,773
0.943,1,4,0.0,0.943,2,ClassOverlapping,unknown,,0,0.943,337.7190246582031,231.699951171875,358.4214172363281,238.6737518310547,4,773
Diabetes,1,7,0.0,Diabetes,2,ClassOverlapping,uncertain_non_english,0.7005870805934624,0,Diabetes,111.15902709960938,239.73992919921875,141.54457092285156,246.71372985839844,4,773
C4.5,1,3,0.0,C4.5,2,ClassOverlapping,uncertain_non_english,0.8561005287716587,0,C4.5,118.3590316772461,247.65994262695312,134.19932556152344,254.6337432861328,4,773
0.622,1,4,0.0,0.622,2,ClassOverlapping,unknown,,0,0.622,159.51902770996094,247.65994262695312,180.2214813232422,254.6337432861328,4,773
0.604,1,4,0.0,0.604,2,ClassOverlapping,unknown,,0,0.604,196.11903381347656,247.65994262695312,214.2230224609375,254.6337432861328,4,773
0.606,1,4,0.0,0.606,2,ClassOverlapping,unknown,,0,0.606,231.39903259277344,247.65994262695312,249.50302124023438,254.6337432861328,4,773
0.804,1,4,0.0,0.804,2,ClassOverlapping,unknown,,0,0.804,266.31903076171875,247.65994262695312,287.02142333984375,254.6337432861328,4,773
0.797,1,4,0.0,0.797,2,ClassOverlapping,unknown,,0,0.797,303.6390380859375,247.65994262695312,321.74298095703125,254.6337432861328,4,773
0.795,1,4,0.0,0.795,2,ClassOverlapping,unknown,,0,0.795,339.0390319824219,247.65994262695312,357.1429748535156,254.6337432861328,4,773
NB,1,1,0.0,NB,2,ClassOverlapping,confident_non_english,0.9999982740454141,1,NB,120.51902770996094,255.57992553710938,131.96791076660156,262.5537109375,4,773
0.623,1,4,0.0,0.623,2,ClassOverlapping,unknown,,0,0.623,160.71902465820312,255.57992553710938,178.82301330566406,262.5537109375,4,773
0.620,1,4,0.0,0.620,2,ClassOverlapping,unknown,,0,0.620,196.11903381347656,255.57992553710938,214.2230224609375,262.5537109375,4,773
0.625,1,4,0.0,0.625,2,ClassOverlapping,unknown,,0,0.625,230.19903564453125,255.57992553710938,250.9014892578125,262.5537109375,4,773
0.8236,1,5,0.0,0.8236,2,ClassOverlapping,unknown,,0,0.8236,265.5990295410156,255.57992553710938,287.6571044921875,262.5537109375,4,773
0.817,1,4,0.0,0.817,2,ClassOverlapping,unknown,,0,0.817,303.6390380859375,255.57992553710938,321.74298095703125,262.5537109375,4,773
0.832,1,4,0.0,0.832,2,ClassOverlapping,unknown,,0,0.832,337.7190246582031,255.57992553710938,358.4214172363281,262.5537109375,4,773
k,1,0,0.0,k,2,ClassOverlapping,confident_non_english,0.9999957366460038,1,k,116.79903411865234,263.61993408203125,121.03213500976562,270.5937194824219,4,773
0.608,1,4,0.0,0.608,2,ClassOverlapping,unknown,,0,0.608,160.71902465820312,263.61993408203125,178.82301330566406,270.5937194824219,4,773
0.600,1,4,0.0,0.600,2,ClassOverlapping,unknown,,0,0.600,196.11903381347656,263.61993408203125,214.2230224609375,270.5937194824219,4,773
0.611,1,4,0.0,0.611,2,ClassOverlapping,unknown,,0,0.611,230.19903564453125,263.61993408203125,250.9014892578125,270.5937194824219,4,773
0.807,1,4,0.0,0.807,2,ClassOverlapping,unknown,,0,0.807,267.51904296875,263.61993408203125,285.62298583984375,270.5937194824219,4,773
0.796,1,4,0.0,0.796,2,ClassOverlapping,unknown,,0,0.796,303.6390380859375,263.61993408203125,321.74298095703125,270.5937194824219,4,773
0.809,1,4,0.0,0.809,2,ClassOverlapping,unknown,,0,0.809,337.7190246582031,263.61993408203125,358.4214172363281,270.5937194824219,4,773
SVMs,1,3,0.0,SVMs,2,ClassOverlapping,confident_non_english,0.9999968923449256,1,SVMs,115.95903015136719,271.5399475097656,136.6377410888672,278.51373291015625,4,773
0.629,1,4,0.0,0.629,2,ClassOverlapping,unknown,,0,0.629,159.51902770996094,271.5399475097656,180.2214813232422,278.51373291015625,4,773
0.617,1,4,0.0,0.617,2,ClassOverlapping,unknown,,0,0.617,196.11903381347656,271.5399475097656,214.2230224609375,278.51373291015625,4,773
0.629,1,4,0.0,0.629,2,ClassOverlapping,unknown,,0,0.629,230.19903564453125,271.5399475097656,250.9014892578125,278.51373291015625,4,773
0.832,1,4,0.0,0.832,2,ClassOverlapping,unknown,,0,0.832,266.31903076171875,271.5399475097656,287.02142333984375,278.51373291015625,4,773
0.824,1,4,0.0,0.824,2,ClassOverlapping,unknown,,0,0.824,303.6390380859375,271.5399475097656,321.74298095703125,278.51373291015625,4,773
0.832,1,4,0.0,0.832,2,ClassOverlapping,unknown,,0,0.832,337.7190246582031,271.5399475097656,358.4214172363281,278.51373291015625,4,773
RIPPER,1,5,0.0,RIPPER,2,ClassOverlapping,confident_non_english,0.999992865862403,1,RIPPER,111.03903198242188,279.5799255371094,141.66796875,286.5537109375,4,773
0.632,1,4,0.0,0.632,2,ClassOverlapping,unknown,,0,0.632,159.51902770996094,279.5799255371094,180.2214813232422,286.5537109375,4,773
0.625,1,4,0.0,0.625,2,ClassOverlapping,unknown,,0,0.625,196.11903381347656,279.5799255371094,214.2230224609375,286.5537109375,4,773
0.631,1,4,0.0,0.631,2,ClassOverlapping,unknown,,0,0.631,231.39903259277344,279.5799255371094,249.50302124023438,286.5537109375,4,773
0.816,1,4,0.0,0.816,2,ClassOverlapping,unknown,,0,0.816,267.51904296875,279.5799255371094,285.62298583984375,286.5537109375,4,773
0.802,1,4,0.0,0.802,2,ClassOverlapping,unknown,,0,0.802,303.6390380859375,279.5799255371094,321.74298095703125,286.5537109375,4,773
0.816,1,4,0.0,0.816,2,ClassOverlapping,unknown,,0,0.816,337.7190246582031,279.5799255371094,358.4214172363281,286.5537109375,4,773
German,1,5,0.0,German,2,ClassOverlapping,uncertain_non_english,0.5714269274405629,0,German,112.3590316772461,287.49993896484375,140.15658569335938,294.4737243652344,4,773
C4.5,1,3,0.0,C4.5,2,ClassOverlapping,uncertain_non_english,0.8561005287716587,0,C4.5,118.3590316772461,295.5399475097656,134.19932556152344,302.51373291015625,4,773
0.523,1,4,0.0,0.523,2,ClassOverlapping,unknown,,0,0.523,160.71902465820312,295.5399475097656,178.82301330566406,302.51373291015625,4,773
0.469,1,4,0.0,0.469,2,ClassOverlapping,unknown,,0,0.469,196.11903381347656,295.5399475097656,214.2230224609375,302.51373291015625,4,773
0.537,1,4,0.0,0.537,2,ClassOverlapping,unknown,,0,0.537,230.19903564453125,295.5399475097656,250.9014892578125,302.51373291015625,4,773
0.828,1,4,0.0,0.828,2,ClassOverlapping,unknown,,0,0.828,266.31903076171875,295.5399475097656,287.02142333984375,302.51373291015625,4,773
0.795,1,4,0.0,0.795,2,ClassOverlapping,unknown,,0,0.795,303.6390380859375,295.5399475097656,321.74298095703125,302.51373291015625,4,773
0.822,1,4,0.0,0.822,2,ClassOverlapping,unknown,,0,0.822,339.0390319824219,295.5399475097656,357.1429748535156,302.51373291015625,4,773
NB,1,1,0.0,NB,2,ClassOverlapping,confident_non_english,0.9999982740454141,1,NB,120.51902770996094,303.4599304199219,131.96791076660156,310.4337158203125,4,773
0.548,1,4,0.0,0.548,2,ClassOverlapping,unknown,,0,0.548,160.71902465820312,303.4599304199219,178.82301330566406,310.4337158203125,4,773
0.553,1,4,0.0,0.553,2,ClassOverlapping,unknown,,0,0.553,196.11903381347656,303.4599304199219,214.2230224609375,310.4337158203125,4,773
0.557,1,4,0.0,0.557,2,ClassOverlapping,unknown,,0,0.557,230.19903564453125,303.4599304199219,250.9014892578125,310.4337158203125,4,773
0.835,1,4,0.0,0.835,2,ClassOverlapping,unknown,,0,0.835,266.31903076171875,303.4599304199219,287.02142333984375,310.4337158203125,4,773
0.808,1,4,0.0,0.808,2,ClassOverlapping,unknown,,0,0.808,303.6390380859375,303.4599304199219,321.74298095703125,310.4337158203125,4,773
0.830,1,4,0.0,0.830,2,ClassOverlapping,unknown,,0,0.830,339.0390319824219,303.4599304199219,357.1429748535156,310.4337158203125,4,773
k,1,0,0.0,k,2,ClassOverlapping,confident_non_english,0.9999957366460038,1,k,116.79903411865234,311.37994384765625,121.03213500976562,318.3537292480469,4,773
0.409,1,4,0.0,0.409,2,ClassOverlapping,unknown,,0,0.409,160.71902465820312,311.37994384765625,178.82301330566406,318.3537292480469,4,773
0.396,1,4,0.0,0.396,2,ClassOverlapping,unknown,,0,0.396,196.11903381347656,311.37994384765625,214.2230224609375,318.3537292480469,4,773
0.423,1,4,0.0,0.423,2,ClassOverlapping,unknown,,0,0.423,230.19903564453125,311.37994384765625,250.9014892578125,318.3537292480469,4,773
0.797,1,4,0.0,0.797,2,ClassOverlapping,unknown,,0,0.797,267.51904296875,311.37994384765625,285.62298583984375,318.3537292480469,4,773
0.798,1,4,0.0,0.798,2,ClassOverlapping,unknown,,0,0.798,303.6390380859375,311.37994384765625,321.74298095703125,318.3537292480469,4,773
0.801,1,4,0.0,0.801,2,ClassOverlapping,unknown,,0,0.801,337.7190246582031,311.37994384765625,358.4214172363281,318.3537292480469,4,773
SVMs,1,3,0.0,SVMs,2,ClassOverlapping,confident_non_english,0.9999968923449256,1,SVMs,115.95903015136719,319.4199523925781,136.6377410888672,326.39373779296875,4,773
0.514,1,4,0.0,0.514,2,ClassOverlapping,unknown,,0,0.514,160.71902465820312,319.4199523925781,178.82301330566406,326.39373779296875,4,773
0.514,1,4,0.0,0.514,2,ClassOverlapping,unknown,,0,0.514,196.11903381347656,319.4199523925781,214.2230224609375,326.39373779296875,4,773
0.541,1,4,0.0,0.541,2,ClassOverlapping,unknown,,0,0.541,230.19903564453125,319.4199523925781,250.9014892578125,326.39373779296875,4,773
0.836,1,4,0.0,0.836,2,ClassOverlapping,unknown,,0,0.836,266.31903076171875,319.4199523925781,287.02142333984375,326.39373779296875,4,773
0.836,1,4,0.0,0.836,2,ClassOverlapping,unknown,,0,0.836,302.43902587890625,319.4199523925781,323.14141845703125,326.39373779296875,4,773
0.832,1,4,0.0,0.832,2,ClassOverlapping,unknown,,0,0.832,339.0390319824219,319.4199523925781,357.1429748535156,326.39373779296875,4,773
RIPPER,1,5,0.0,RIPPER,2,ClassOverlapping,confident_non_english,0.999992865862403,1,RIPPER,111.03903198242188,327.3399353027344,141.66796875,334.313720703125,4,773
0.483,1,4,0.0,0.483,2,ClassOverlapping,unknown,,0,0.483,160.71902465820312,327.3399353027344,178.82301330566406,334.313720703125,4,773
0.536,1,4,0.0,0.536,2,ClassOverlapping,unknown,,0,0.536,194.7990264892578,327.3399353027344,215.50148010253906,334.313720703125,4,773
0.521,1,4,0.0,0.521,2,ClassOverlapping,unknown,,0,0.521,231.39903259277344,327.3399353027344,249.50302124023438,334.313720703125,4,773
0.823,1,4,0.0,0.823,2,ClassOverlapping,unknown,,0,0.823,267.51904296875,327.3399353027344,285.62298583984375,334.313720703125,4,773
0.829,1,4,0.0,0.829,2,ClassOverlapping,unknown,,0,0.829,303.6390380859375,327.3399353027344,321.74298095703125,334.313720703125,4,773
0.830,1,4,0.0,0.830,2,ClassOverlapping,unknown,,0,0.830,337.7190246582031,327.3399353027344,358.4214172363281,334.313720703125,4,773
Table 2: Classiﬁcation Results by Three Schemes and Five Classiﬁers.,10,67,0.0,Table 2: Classiﬁcation Results by Three Schemes and Five Classiﬁers.,2,ClassOverlapping,english,0.9999975671046331,0,Table 2: Classification Results by Three Schemes and Five Classifiers.,80.31893157958984,345.9281005859375,385.89373779296875,355.89068603515625,4,773
Five classiﬁers can be divided into two,7,38,0.0,Five classiﬁers can be divided into two,2,ClassOverlapping,english,0.999995964480082,0,Five classifiers can be divided into two,53.67893981933594,377.8482666015625,221.7360076904297,387.81085205078125,4,773
types.,1,5,0.0,types.,2,ClassOverlapping,english,0.8571388307349053,0,types.,53.67893981933594,389.72369384765625,79.51693725585938,399.686279296875,4,773
C4.5 and RIPPER are rule-,5,24,0.0,C4.5 and RIPPER are rule-,2,ClassOverlapping,confident_non_english,0.9999957710357115,1,C4.5 and RIPPER are rule-,91.14826965332031,389.72369384765625,221.7778778076172,399.686279296875,4,773
"based classiﬁers. NB,",3,20,0.0,"based classiﬁers. NB,",2,ClassOverlapping,english,0.9999964670849197,0,"based classifiers. NB,",53.67893981933594,401.7186584472656,146.31915283203125,411.6812438964844,4,773
are distance-based classiﬁers. The C4.5,5,38,0.0,are distance-based classiﬁers. The C4.5,2,ClassOverlapping,english,0.9999950889796924,0,are distance-based classifiers. The C4.5,53.678932189941406,413.5940856933594,221.65235900878906,423.5566711425781,4,773
algorithm employs a greedy technique,5,35,-0.3182,algorithm employs a greedy technique,2,ClassOverlapping,maybe_english,0.714284422500036,0,algorithm employs a greedy technique,53.678932189941406,425.58905029296875,221.69029235839844,435.5516357421875,4,773
to induce decision trees for classiﬁ-,6,36,0.0,to induce decision trees for classiﬁ-,2,ClassOverlapping,english,0.9999970072983612,0,to induce decision trees for classifi-,53.678932189941406,437.5840148925781,221.811767578125,447.5466003417969,4,773
cation which is a locally classiﬁca-,6,35,0.0,cation which is a locally classiﬁca-,2,ClassOverlapping,english,0.999997828958499,0,cation which is a locally classifica-,53.678932189941406,449.4594421386719,221.887451171875,459.4220275878906,4,773
tion algorithm.,2,14,0.0,tion algorithm.,2,ClassOverlapping,english,0.9999974286574389,0,tion algorithm.,53.678932189941406,461.45440673828125,122.187744140625,471.4169921875,4,773
So the scheme for,4,16,0.0,So the scheme for,2,ClassOverlapping,english,0.9999979984231107,0,So the scheme for,135.61932373046875,461.45440673828125,221.74208068847656,471.4169921875,4,773
dealing with class overlapping problem,5,37,-0.4019,dealing with class overlapping problem,2,ClassOverlapping,english,0.9999973132493266,0,dealing with class overlapping problem,53.678932189941406,473.4493713378906,221.8885040283203,483.4119567871094,4,773
can hardly work well in C4.5.,6,28,0.2075,can hardly work well in C4.5.,2,ClassOverlapping,english,0.999995021921501,0,can hardly work well in C4.5.,53.678932189941406,485.3247985839844,195.20767211914062,495.2873840332031,4,773
For,1,2,0.0,For,2,ClassOverlapping,confident_non_english,0.9999916026111472,1,For,207.20263671875,485.3247985839844,221.79783630371094,495.2873840332031,4,773
"other four classiﬁer (NB,",4,24,0.0,"other four classiﬁer (NB,",2,ClassOverlapping,english,0.9999968846728251,0,"other four classifier (NB,",53.678932189941406,497.31976318359375,162.15672302246094,507.2823486328125,4,773
"and RIPPER), scheme for dealing with",6,35,0.0,"and RIPPER), scheme for dealing with",2,ClassOverlapping,english,0.9999982150605244,0,"and RIPPER), scheme for dealing with",53.67893981933594,509.1951599121094,221.72805786132812,519.1577758789062,4,773
class overlapping problem is useful for,6,38,0.0516,class overlapping problem is useful for,2,ClassOverlapping,english,0.9999966370501187,0,class overlapping problem is useful for,53.67893981933594,521.1901245117188,221.74301147460938,531.1527709960938,4,773
classiﬁcation. But there is a special one,7,40,0.5499,classiﬁcation. But there is a special one,2,ClassOverlapping,english,0.9999955370083795,0,classification. But there is a special one,53.67893981933594,533.1851196289062,221.78582763671875,543.1477661132812,4,773
"which is RIPPER. As can also be seen,",8,36,0.0,"which is RIPPER. As can also be seen,",2,ClassOverlapping,english,0.9999967744437076,0,"which is RIPPER. As can also be seen,",53.67893981933594,545.0604858398438,221.80584716796875,555.0231323242188,4,773
using the,2,8,0.0,using the,2,ClassOverlapping,english,0.9999987736282776,0,using the,53.67893981933594,557.0554809570312,94.00654602050781,567.0181274414062,4,773
performs better on data set,5,26,0.4404,performs better on data set,2,ClassOverlapping,uncertain_non_english,0.8571760864439026,0,performs better on data set,53.67893981933594,569.0504760742188,180.4750213623047,579.0131225585938,4,773
than the,2,7,0.0,than the,2,ClassOverlapping,english,0.9999979499974373,0,than the,53.67893981933594,580.9258422851562,90.52861022949219,590.8884887695312,4,773
the same on data set,5,19,0.0,the same on data set,2,ClassOverlapping,english,0.9999973099633901,0,the same on data set,53.67893981933594,592.9208374023438,143.93511962890625,602.8834838867188,4,773
"converse to the results of NB,",6,29,0.0,"converse to the results of NB,",2,ClassOverlapping,english,0.9999981784925046,0,"converse to the results of NB,",53.67893981933594,604.7962646484375,192.6173553466797,614.7589111328125,4,773
and SVMs.,2,8,0.0,and SVMs.,2,ClassOverlapping,english,0.9999977737425387,0,and SVMs.,53.67893981933594,616.791259765625,103.38434600830078,626.75390625,4,773
The reason is that RIP-,5,22,0.0,The reason is that RIP-,2,ClassOverlapping,english,0.9999964504208062,0,The reason is that RIP-,112.0179443359375,616.791259765625,221.7938690185547,626.75390625,4,773
PER builds rules ﬁrst for the smallest,7,37,0.0,PER builds rules ﬁrst for the smallest,2,ClassOverlapping,english,0.9999976040067692,0,PER builds rules first for the smallest,53.67893981933594,628.7861938476562,221.89549255371094,638.7488403320312,4,773
class and will not build rules for the,8,37,0.0,class and will not build rules for the,2,ClassOverlapping,english,0.9999944271443686,0,class and will not build rules for the,244.36309814453125,377.7486572265625,412.4322509765625,387.71124267578125,4,773
largest class. But the largest class in,7,38,0.0,largest class. But the largest class in,2,ClassOverlapping,english,0.999995750968169,0,largest class. But the largest class in,244.36309814453125,389.62408447265625,412.32464599609375,399.586669921875,4,773
overall regions may be not the largest,7,37,0.0,overall regions may be not the largest,2,ClassOverlapping,english,0.9999959556882528,0,overall regions may be not the largest,244.36309814453125,401.6190490722656,412.6541442871094,411.5816345214844,4,773
class in overlapping regions.,4,28,0.0,class in overlapping regions.,2,ClassOverlapping,english,0.9999959101110353,0,class in overlapping regions.,244.36309814453125,413.4944763183594,366.36993408203125,423.4570617675781,4,773
"In summary, the distance-based clas-",5,35,0.0,"In summary, the distance-based clas-",2,ClassOverlapping,english,0.9999962093981954,0,"In summary, the distance-based clas-",254.32569885253906,426.57537841796875,412.4599914550781,436.5379638671875,4,773
siﬁers are more sensitive than the rule-,7,39,0.0,siﬁers are more sensitive than the rule-,2,ClassOverlapping,english,0.9999951582425045,0,sifiers are more sensitive than the rule-,244.36309814453125,438.4508056640625,412.4389343261719,448.41339111328125,4,773
based ones to the class overlapping,6,34,0.0,based ones to the class overlapping,2,ClassOverlapping,english,0.9999956792362978,0,based ones to the class overlapping,244.36309814453125,450.4457702636719,412.6543273925781,460.4083557128906,4,773
problem.,1,7,-0.4019,problem.,2,ClassOverlapping,confident_non_english,0.9999944153893306,1,problem.,244.36309814453125,462.44073486328125,282.6453857421875,472.4033203125,4,773
3.3. Experiment 3,3,16,0.0,3.3. Experiment 3,2,ClassOverlapping,confident_non_english,0.9999952444776631,1,3.3. Experiment 3,244.36309814453125,492.79931640625,336.2402038574219,502.7619323730469,4,773
"Following previous experiment,",3,29,0.0,"Following previous experiment,",2,ClassOverlapping,english,0.9999953512572826,0,"Following previous experiment,",244.36309814453125,513.2001342773438,388.0028381347656,523.1627807617188,4,773
this,1,3,0.0,this,2,ClassOverlapping,english,0.9999967722934282,0,this,396.2787780761719,513.2001342773438,412.3494567871094,523.1627807617188,4,773
experiment,1,9,0.0,experiment,2,ClassOverlapping,confident_non_english,0.9999933546116446,1,experiment,244.36309814453125,525.0756225585938,292.8441162109375,535.0382690429688,4,773
concentrates,1,11,0.0,concentrates,2,ClassOverlapping,uncertain_non_english,0.7142823878449251,0,concentrates,303.7302551269531,525.0756225585938,357.9139099121094,535.0382690429688,4,773
on,1,1,0.0,on,2,ClassOverlapping,confident_non_english,0.9999927317853112,1,on,368.7402648925781,525.0756225585938,379.31756591796875,535.0382690429688,4,773
three,1,4,0.0,three,2,ClassOverlapping,english,0.9999976863184112,0,three,390.2236328125,525.0756225585938,412.4482116699219,535.0382690429688,4,773
"distance-based classiﬁers (NB,",3,29,0.0,"distance-based classiﬁers (NB,",2,ClassOverlapping,english,0.999995092709595,0,"distance-based classifiers (NB,",244.36309814453125,537.070556640625,382.15594482421875,547.033203125,4,773
and SVMs) for imbalance data set. In,7,35,0.0,and SVMs) for imbalance data set. In,2,ClassOverlapping,english,0.8571402755051684,0,and SVMs) for imbalance data set. In,244.3630828857422,548.9459838867188,412.3861389160156,558.9086303710938,4,773
"order to generate imbalance data set,",6,36,0.0,"order to generate imbalance data set,",2,ClassOverlapping,confident_non_english,0.9999959401942401,1,"order to generate imbalance data set,",244.3630828857422,560.9409790039062,412.3453063964844,570.9036254882812,4,773
the data set with overlapping ratio,6,34,0.0,the data set with overlapping ratio,2,ClassOverlapping,english,0.9999969795671896,0,the data set with overlapping ratio,244.3630828857422,572.9359130859375,412.5007629394531,582.8985595703125,4,773
more than 10% is selected and random,7,35,0.0,more than 10% is selected and random,2,ClassOverlapping,english,0.9999974552443882,0,more than 10% is selected and random,244.3630828857422,584.8113403320312,412.4980773925781,594.7739868164062,4,773
sampling on the small class is used.,7,35,0.0,sampling on the small class is used.,2,ClassOverlapping,english,0.9999976760427798,0,sampling on the small class is used.,244.3630828857422,596.8063354492188,412.4012145996094,606.7689819335938,4,773
"The sampling ratio was set to 0.2, 0.4,",8,38,0.0,"The sampling ratio was set to 0.2, 0.4,",2,ClassOverlapping,english,0.9999967738004519,0,"The sampling ratio was set to 0.2, 0.4,",244.3630828857422,608.80126953125,412.51068115234375,618.763916015625,4,773
"0.6, 0.8.",2,8,0.0,"0.6, 0.8.",2,ClassOverlapping,unknown,,0,"0.6, 0.8.",244.3630828857422,620.6766967773438,278.83660888671875,630.6393432617188,4,773
Fig. 3 shows the classiﬁcation results,6,37,0.0,Fig. 3 shows the classiﬁcation results,2,ClassOverlapping,english,0.9999989612964764,0,Fig. 3 shows the classification results,254.32568359375,633.7576293945312,412.392333984375,643.7202758789062,4,773
The 2010 International Conference on E-Business Intelligence ,8,60,0.4767,The 2010 International Conference on E-Business Intelligence ,2,ClassOverlapping,english,0.9999955135617984,0,The 2010 International Conference on E-Business Intelligence ,179.65542602539062,50.71527862548828,416.0758361816406,58.69527816772461,4,773
Fig. 2: Performances of the,5,26,0.0,Fig. 2: Performances of the,2,ClassOverlapping,english,0.9999978662234579,0,Fig. 2: Performances of the,100.83902740478516,274.64508056640625,220.2607421875,284.607666015625,5,773
of the two schemes on these samples.,7,35,0.0,of the two schemes on these samples.,2,ClassOverlapping,english,0.9999977015334861,0,of the two schemes on these samples.,53.67608642578125,306.56524658203125,221.7631378173828,316.52783203125,5,773
"As can be seen, on data sets which have",9,38,0.0,"As can be seen, on data sets which have",2,ClassOverlapping,english,0.9999967415436197,0,"As can be seen, on data sets which have",53.67608642578125,318.440673828125,221.87466430664062,328.40325927734375,5,773
"high overlapping ratios, the F-measure",5,37,0.0,"high overlapping ratios, the F-measure",2,ClassOverlapping,english,0.9999974704787542,0,"high overlapping ratios, the F-measure",53.67608642578125,330.4356384277344,221.95635986328125,340.3982238769531,5,773
values of the,3,12,0.4019,values of the,2,ClassOverlapping,english,0.9999982840740745,0,values of the,53.67608642578125,342.3110656738281,114.52766418457031,352.2736511230469,5,773
consistently higher than the,4,27,0.0,consistently higher than the,2,ClassOverlapping,english,0.9999988166996467,0,consistently higher than the,53.67608642578125,354.3060302734375,182.8830108642578,364.26861572265625,5,773
"scheme, no matter what the sampling",6,34,-0.0191,"scheme, no matter what the sampling",2,ClassOverlapping,english,0.999997739301326,0,"scheme, no matter what the sampling",53.67608642578125,366.3009948730469,221.76901245117188,376.2635803222656,5,773
ratios are.,2,10,0.0,ratios are.,2,ClassOverlapping,english,0.8571384746160124,0,ratios are.,53.67608642578125,378.1764221191406,99.65248107910156,388.1390075683594,5,773
"Moreover, the",2,12,0.0,"Moreover, the",2,ClassOverlapping,english,0.9999959485772438,0,"Moreover, the",109.96477508544922,378.1764221191406,172.74009704589844,388.1390075683594,5,773
scheme performs much better than the,6,35,0.4404,scheme performs much better than the,2,ClassOverlapping,english,0.9999973229856792,0,scheme performs much better than the,53.67609405517578,390.17138671875,221.68545532226562,400.13397216796875,5,773
original,1,7,0.3182,original,2,ClassOverlapping,uncertain_non_english,0.8571392784451772,0,original,53.67609405517578,402.1663513183594,86.7090835571289,412.1289367675781,5,773
is relatively small and the overlapping,6,38,0.0,is relatively small and the overlapping,2,ClassOverlapping,english,0.9999965915146667,0,is relatively small and the overlapping,53.676090240478516,414.0417785644531,222.06698608398438,424.0043640136719,5,773
ratio is relatively high. As the increase,7,40,0.3182,ratio is relatively high. As the increase,2,ClassOverlapping,english,0.9999974315754069,0,ratio is relatively high. As the increase,53.676090240478516,426.0367431640625,221.92449951171875,435.99932861328125,5,773
"of the size of the rare class, the per-",9,38,0.0,"of the size of the rare class, the per-",2,ClassOverlapping,english,0.9999989347557091,0,"of the size of the rare class, the per-",53.676090240478516,437.91217041015625,221.73519897460938,447.874755859375,5,773
formance gap for SVMs is narrowed.,6,33,0.0,formance gap for SVMs is narrowed.,2,ClassOverlapping,english,0.999995298846734,0,formance gap for SVMs is narrowed.,53.676090240478516,449.9071350097656,222.0839385986328,459.8697204589844,5,773
"However, for NB and",4,18,0.0,"However, for NB and",2,ClassOverlapping,english,0.9999974985819069,0,"However, for NB and",53.676090240478516,461.902099609375,144.06178283691406,471.86468505859375,5,773
mance gap is not obviously narrowed.,6,35,0.0,mance gap is not obviously narrowed.,2,ClassOverlapping,english,0.9999950580439536,0,mance gap is not obviously narrowed.,53.67609405517578,473.77752685546875,222.10377502441406,483.7401123046875,5,773
"In summary, as the increase of the de-",8,37,0.3182,"In summary, as the increase of the de-",2,ClassOverlapping,english,0.9999976173457581,0,"In summary, as the increase of the de-",53.67609405517578,485.7724914550781,221.74517822265625,495.7350769042969,5,773
"gree of class imbalance, the",5,27,0.0,"gree of class imbalance, the",2,ClassOverlapping,english,0.999997498663033,0,"gree of class imbalance, the",53.67609405517578,497.7674560546875,174.36106872558594,507.73004150390625,5,773
scheme showed higher improvements to,5,35,0.3182,scheme showed higher improvements to,2,ClassOverlapping,english,0.9999961532923988,0,scheme showed higher improvements to,53.67609405517578,509.6429138183594,221.69932556152344,519.6055297851562,5,773
"the classiﬁcation performance, in par-",5,37,0.0,"the classiﬁcation performance, in par-",2,ClassOverlapping,english,0.9999974105327111,0,"the classification performance, in par-",53.67609405517578,521.6378173828125,221.88259887695312,531.6004638671875,5,773
ticular for the well-known SVMs.,5,31,0.0,ticular for the well-known SVMs.,2,ClassOverlapping,english,0.999996647791315,0,ticular for the well-known SVMs.,53.67609405517578,533.5132446289062,198.3489990234375,543.4758911132812,5,773
4. Conclusion,2,12,0.0,4. Conclusion,2,ClassOverlapping,english,0.9999938963824426,0,4. Conclusion,53.67609405517578,562.5568237304688,123.26087951660156,572.5194091796875,5,773
"In this paper, we took a systematic",7,34,0.0,"In this paper, we took a systematic",2,ClassOverlapping,english,0.9999964246304597,0,"In this paper, we took a systematic",53.67609405517578,585.8368530273438,221.7770233154297,595.7994995117188,5,773
study on the modeling schemes that,6,33,0.0,study on the modeling schemes that,2,ClassOverlapping,english,0.9999976177024054,0,study on the modeling schemes that,53.67609405517578,597.831787109375,221.74114990234375,607.79443359375,5,773
were proposed speciﬁcally for handling,5,37,0.0,were proposed speciﬁcally for handling,2,ClassOverlapping,english,0.9999959722390921,0,were proposed specifically for handling,53.67609405517578,609.7072143554688,221.7750701904297,619.6698608398438,5,773
class overlapping problem. SVDD was,5,34,-0.4019,class overlapping problem. SVDD was,2,ClassOverlapping,english,0.9999957988722719,0,class overlapping problem. SVDD was,53.67609405517578,621.7022094726562,221.75509643554688,631.6648559570312,5,773
ﬁrst employed to ﬁnd overlapping re-,6,35,0.0,ﬁrst employed to ﬁnd overlapping re-,2,ClassOverlapping,english,0.9999951040457198,0,first employed to find overlapping re-,53.67609405517578,633.6971435546875,221.84475708007812,643.6597900390625,5,773
gions in the data.,4,17,0.0,gions in the data.,2,ClassOverlapping,maybe_english,0.7142812631339872,0,gions in the data.,244.36026000976562,306.4556579589844,329.82525634765625,316.4182434082031,5,773
We found that,3,12,0.0,We found that,2,ClassOverlapping,english,0.9999982661578506,0,We found that,343.1392822265625,306.4556579589844,412.458984375,316.4182434082031,5,773
modeling the overlapping and non-,5,32,0.0,modeling the overlapping and non-,2,ClassOverlapping,english,0.9999962907417749,0,modeling the overlapping and non-,244.36026000976562,318.3310852050781,412.53289794921875,328.2936706542969,5,773
overlapping regions separately was the,5,37,0.0,overlapping regions separately was the,2,ClassOverlapping,english,0.999995192076177,0,overlapping regions separately was the,244.36026000976562,330.3260498046875,412.38958740234375,340.28863525390625,5,773
best scheme for solving the class over-,7,38,0.765,best scheme for solving the class over-,2,ClassOverlapping,english,0.9999966252984154,0,best scheme for solving the class over-,244.36026000976562,342.20147705078125,412.50506591796875,352.1640625,5,773
lapping problem. By further compara-,5,35,-0.4019,lapping problem. By further compara-,2,ClassOverlapping,english,0.9999948120635477,0,lapping problem. By further compara-,244.36026000976562,354.1964416503906,412.6713562011719,364.1590270996094,5,773
tive studies on ﬁve widely used classi-,7,38,0.0,tive studies on ﬁve widely used classi-,2,ClassOverlapping,english,0.9999965712275383,0,tive studies on five widely used classi-,244.36026000976562,366.19140625,412.5928039550781,376.15399169921875,5,773
"ﬁers, we found that the distance-based",6,37,0.0,"ﬁers, we found that the distance-based",2,ClassOverlapping,english,0.9999956331170067,0,"fiers, we found that the distance-based",244.36026000976562,378.06683349609375,412.578857421875,388.0294189453125,5,773
classiﬁers such as SVMs and k-NN were,7,36,0.0,classiﬁers such as SVMs and k-NN were,2,ClassOverlapping,english,0.9999966902868296,0,classifiers such as SVMs and k-NN were,244.36026000976562,390.0617980957031,412.48907470703125,400.0243835449219,5,773
more sensitive than the rule-based ones,6,38,0.0,more sensitive than the rule-based ones,2,ClassOverlapping,english,0.99999792907013,0,more sensitive than the rule-based ones,244.36026000976562,402.0567626953125,412.4363708496094,412.01934814453125,5,773
"to the class overlapping problem, and",6,36,-0.4019,"to the class overlapping problem, and",2,ClassOverlapping,english,0.999997848706978,0,"to the class overlapping problem, and",244.36026000976562,413.93218994140625,412.57086181640625,423.894775390625,5,773
therefore enjoyed a much better per-,6,35,0.7351,therefore enjoyed a much better per-,2,ClassOverlapping,english,0.9999991454348288,0,therefore enjoyed a much better per-,244.36026000976562,425.9271545410156,412.52911376953125,435.8897399902344,5,773
formance using the,3,17,0.0,formance using the,2,ClassOverlapping,english,0.9999979184989474,0,formance using the,244.36026000976562,437.8025817871094,327.5181579589844,447.7651672363281,5,773
"Finally, when combined with the class",6,36,0.0,"Finally, when combined with the class",2,ClassOverlapping,english,0.9999985838696457,0,"Finally, when combined with the class",244.36026000976562,449.79754638671875,412.50201416015625,459.7601318359375,5,773
"imbalance problem, we found that as",6,34,-0.4019,"imbalance problem, we found that as",2,ClassOverlapping,english,0.9999963117053113,0,"imbalance problem, we found that as",244.36026000976562,461.7925109863281,412.50799560546875,471.7550964355469,5,773
"the increase of the degree of imbalance,",7,39,0.3182,"the increase of the degree of imbalance,",2,ClassOverlapping,english,0.999999315438784,0,"the increase of the degree of imbalance,",244.36026000976562,473.6679382324219,412.47711181640625,483.6305236816406,5,773
the,1,2,0.0,the,2,ClassOverlapping,english,0.9999960747418923,0,the,244.36026000976562,485.66290283203125,258.15447998046875,495.62548828125,5,773
improvements to the classiﬁcation per-,5,37,0.3182,improvements to the classiﬁcation per-,2,ClassOverlapping,english,0.9999962180333646,0,improvements to the classification per-,244.36026000976562,497.6578674316406,412.4463195800781,507.6204528808594,5,773
"formance, in particular for SVMs.",5,32,0.0,"formance, in particular for SVMs.",2,ClassOverlapping,english,0.9999933655230657,0,"formance, in particular for SVMs.",244.36026000976562,509.5332946777344,391.7987976074219,519.4959106445312,5,773
Acknowledgements,1,15,0.0,Acknowledgements,2,ClassOverlapping,english,0.8571377004869613,0,Acknowledgements,244.36026000976562,538.5768432617188,339.0597839355469,548.5394287109375,5,773
The research was supported by the Na-,7,36,0.3182,The research was supported by the Na-,2,ClassOverlapping,english,0.9999979734400504,0,The research was supported by the Na-,244.36026000976562,561.8568725585938,412.4193420410156,571.8195190429688,5,773
tional Natural Science Foundation of,5,35,0.3612,tional Natural Science Foundation of,2,ClassOverlapping,english,0.999995493016156,0,tional Natural Science Foundation of,244.36026000976562,573.7322387695312,412.4881286621094,583.6948852539062,5,773
China under Grant Nos.,4,21,0.3612,China under Grant Nos.,2,ClassOverlapping,confident_non_english,0.9999938102620235,1,China under Grant Nos.,244.36026000976562,585.7272338867188,357.9219665527344,595.6898803710938,5,773
"70901002,",1,8,0.0,"70901002,",2,ClassOverlapping,unknown,,0,"70901002,",369.7914123535156,585.7272338867188,412.8417663574219,595.6898803710938,5,773
"90924020, and the PhD Program Foun-",6,34,0.0,"90924020, and the PhD Program Foun-",2,ClassOverlapping,english,0.9999970424090926,0,"90924020, and the PhD Program Foun-",244.36024475097656,597.7222290039062,412.52886962890625,607.6848754882812,5,773
dation of Education Ministry of China,6,36,0.0,dation of Education Ministry of China,2,ClassOverlapping,english,0.9999967748777516,0,dation of Education Ministry of China,244.36024475097656,609.5975952148438,412.4202575683594,619.5602416992188,5,773
under Contract Nos.,3,18,0.0,under Contract Nos.,2,ClassOverlapping,uncertain_non_english,0.857139748017739,0,under Contract Nos.,244.36024475097656,621.5925903320312,338.48492431640625,631.5552368164062,5,773
"200800060005,",1,12,0.0,"200800060005,",2,ClassOverlapping,unknown,,0,"200800060005,",349.879150390625,621.5925903320312,413.10577392578125,631.5552368164062,5,773
20091102120014.,1,14,0.0,20091102120014.,2,ClassOverlapping,unknown,,0,20091102120014.,244.36026000976562,633.5875854492188,317.69085693359375,643.5502319335938,5,773
The 2010 International Conference on E-Business Intelligence ,8,60,0.4767,The 2010 International Conference on E-Business Intelligence ,2,ClassOverlapping,english,0.9999955135617984,0,The 2010 International Conference on E-Business Intelligence ,53.7465705871582,50.71527862548828,290.1668395996094,58.69527816772461,5,773
Fig. 3: The eﬀect of class imbalance on the,9,42,0.0,Fig. 3: The eﬀect of class imbalance on the,2,ClassOverlapping,english,0.999997953714542,0,Fig. 3: The effect of class imbalance on the,66.06973266601562,370.6310729980469,254.4505615234375,380.5936584472656,6,773
References,1,9,0.0,References,2,ClassOverlapping,maybe_english,0.7419798653510794,0,References,53.467041015625,402.4342346191406,107.2909927368164,412.3968505859375,6,773
[1] C.L. Liu.,3,12,0.0,[1] C.L. Liu.,2,ClassOverlapping,uncertain_non_english,0.8571416236980176,0,[1] C.L. Liu.,53.467041015625,430.396728515625,111.43939971923828,440.35931396484375,6,773
Partial discriminative,2,21,0.0,Partial discriminative,2,ClassOverlapping,confident_non_english,0.9999939252285933,1,Partial discriminative,124.51332092285156,430.396728515625,221.65863037109375,440.35931396484375,6,773
training for classiﬁcation of over-,5,34,0.0,training for classiﬁcation of over-,2,ClassOverlapping,english,0.9999965420780511,0,training for classification of over-,69.06847381591797,442.3916931152344,221.82505798339844,452.3542785644531,6,773
lapping classes in document anal-,5,32,0.0,lapping classes in document anal-,2,ClassOverlapping,english,0.9999943821688367,0,lapping classes in document anal-,69.06847381591797,454.2671203613281,221.68954467773438,464.2297058105469,6,773
ysis.,1,4,0.0,ysis.,2,ClassOverlapping,confident_non_english,0.9999983837774647,1,ysis.,69.06847381591797,466.2620849609375,87.79019165039062,476.22467041015625,6,773
"[2] V. García, R. Alejo, J. S. Sánchez,",8,38,0.0,"[2] V. García, R. Alejo, J. S. Sánchez,",2,ClassOverlapping,uncertain_non_english,0.8571396534700896,0,"[2] V. Garcia, R. Alejo, J. S. Sanchez,",53.47700500488281,478.13751220703125,221.6974334716797,488.10009765625,6,773
"J. M. Sotoca, and R. A. Mollineda.",7,33,0.0,"J. M. Sotoca, and R. A. Mollineda.",2,ClassOverlapping,english,0.9999964778285735,0,"J. M. Sotoca, and R. A. Mollineda.",69.07843780517578,490.1324768066406,221.6865234375,500.0950622558594,6,773
Combined eﬀects of class imbalance,5,33,0.0,Combined eﬀects of class imbalance,2,ClassOverlapping,english,0.9999971542718142,0,Combined effects of class imbalance,69.07843780517578,502.12744140625,221.57797241210938,512.0900268554688,6,773
and class overlap on instance-based,5,34,0.0,and class overlap on instance-based,2,ClassOverlapping,english,0.999997969660152,0,and class overlap on instance-based,69.07843780517578,514.0028686523438,221.73529052734375,523.9655151367188,6,773
classiﬁcation.,1,13,0.0,classiﬁcation.,2,ClassOverlapping,maybe_english,0.5365728451943912,0,classification.,69.07843780517578,525.997802734375,126.91730499267578,535.96044921875,6,773
In,1,1,0.0,In,2,ClassOverlapping,confident_non_english,0.9999929242673782,1,In,140.82708740234375,525.997802734375,149.96478271484375,535.96044921875,6,773
"371–378, 2006.",2,13,0.0,"371–378, 2006.",2,ClassOverlapping,unknown,,0,"371378, 2006.",69.07843780517578,537.9927368164062,132.9366912841797,547.9553833007812,6,773
"[3] R.C. Prati, Batista G.E., and M.C.",7,37,0.0,"[3] R.C. Prati, Batista G.E., and M.C.",2,ClassOverlapping,english,0.9999964104542746,0,"[3] R.C. Prati, Batista G.E., and M.C.",53.47700500488281,549.8682250976562,221.5480194091797,559.8308715820312,6,773
Monard.,1,6,0.0,Monard.,2,ClassOverlapping,english,0.9999938355133681,0,Monard.,69.07843780517578,561.8631591796875,106.0994644165039,571.8258056640625,6,773
Class imbalance versus,3,21,0.0,Class imbalance versus,2,ClassOverlapping,english,0.9999953212729544,0,Class imbalance versus,117.25757598876953,561.8631591796875,221.70541381835938,571.8258056640625,6,773
class overlapping: an analysis of a,6,34,0.0,class overlapping: an analysis of a,2,ClassOverlapping,english,0.9999981126517178,0,class overlapping: an analysis of a,69.07843780517578,573.7385864257812,221.55801391601562,583.7012329101562,6,773
learning system behavior.,3,24,0.0,learning system behavior.,2,ClassOverlapping,maybe_english,0.5714266596897113,0,learning system behavior.,69.07843780517578,585.7335815429688,183.23388671875,595.6962280273438,6,773
In,1,1,0.0,In,2,ClassOverlapping,confident_non_english,0.9999929242673782,1,In,191.38528442382812,585.7335815429688,200.52297973632812,595.6962280273438,6,773
CAI,1,2,0.0,CAI,2,ClassOverlapping,english,0.9999906913057575,0,CAI,69.07844543457031,597.728515625,87.44151306152344,607.691162109375,6,773
[4] D. Tax and R. Duin.,6,22,0.0,[4] D. Tax and R. Duin.,2,ClassOverlapping,english,0.999997249539186,0,[4] D. Tax and R. Duin.,53.477012634277344,609.6039428710938,172.3477783203125,619.5665893554688,6,773
Support,1,6,0.4019,Support,2,ClassOverlapping,confident_non_english,0.9999950431237608,1,Support,186.38607788085938,609.6039428710938,221.62979125976562,619.5665893554688,6,773
vector data description.,3,23,0.0,vector data description.,2,ClassOverlapping,uncertain_non_english,0.5769331448893831,0,vector data description.,69.07844543457031,621.5989379882812,175.42120361328125,631.5615844726562,6,773
Machine,1,6,0.0,Machine,2,ClassOverlapping,uncertain_non_english,0.7142845151445937,0,Machine,184.6346435546875,621.5989379882812,221.3747100830078,631.5615844726562,6,773
Learning,1,7,0.0,Learning,2,ClassOverlapping,english,0.9999975201008571,0,Learning,69.07844543457031,633.5938720703125,107.01504516601562,643.5565185546875,6,773
[5] I.T. Podolak.,3,16,0.0,[5] I.T. Podolak.,2,ClassOverlapping,confident_non_english,0.9999962197951908,1,[5] I.T. Podolak.,244.15121459960938,402.3520202636719,319.4566345214844,412.3146057128906,6,773
Hierarchical classi-,2,19,0.0,Hierarchical classi-,2,ClassOverlapping,uncertain_non_english,0.7142836759013413,0,Hierarchical classi-,328.9330749511719,402.3520202636719,412.39581298828125,412.3146057128906,6,773
ﬁer with overlapping class groups.,5,33,0.0,ﬁer with overlapping class groups.,2,ClassOverlapping,english,0.9999980394410872,0,fier with overlapping class groups.,259.7526550292969,414.34698486328125,412.44439697265625,424.3095703125,6,773
Expert Syst. Appl.,3,17,0.0,Expert Syst. Appl.,2,ClassOverlapping,english,0.999995325003378,0,Expert Syst. Appl.,259.7526550292969,426.222412109375,341.1770324707031,436.18499755859375,6,773
2008.,1,4,0.0,2008.,2,ClassOverlapping,unknown,,0,2008.,259.7526550292969,438.2173767089844,282.6825256347656,448.1799621582031,6,773
"[6] M.R. Boutell, J. Luo, X. Shen, and",8,37,0.0,"[6] M.R. Boutell, J. Luo, X. Shen, and",2,ClassOverlapping,english,0.9999971753208492,0,"[6] M.R. Boutell, J. Luo, X. Shen, and",244.15122985839844,450.21234130859375,412.3598327636719,460.1749267578125,6,773
C.M. Browm. Learning multilabel,4,30,0.0,C.M. Browm. Learning multilabel,2,ClassOverlapping,english,0.9999963058089001,0,C.M. Browm. Learning multilabel,259.7526550292969,462.0877685546875,412.1953125,472.05035400390625,6,773
scene classiﬁcation.,2,19,0.0,scene classiﬁcation.,2,ClassOverlapping,confident_non_english,0.9999963702150132,1,scene classification.,259.7526550292969,474.0827331542969,343.6337890625,484.0453186035156,6,773
nit.,1,3,0.0,nit.,2,ClassOverlapping,uncertain_non_english,0.7142823524965315,0,nit.,259.7526550292969,485.9581604003906,274.8051452636719,495.9207458496094,6,773
[7] G.,2,5,0.0,[7] G.,2,ClassOverlapping,confident_non_english,0.999993484118588,1,[7] G.,244.15121459960938,497.953125,270.3229675292969,507.91571044921875,6,773
Tsoumakas,1,8,0.0,Tsoumakas,2,ClassOverlapping,confident_non_english,0.9999942530211232,1,Tsoumakas,278.9605712890625,497.953125,327.41864013671875,507.91571044921875,6,773
and,1,2,0.0,and,2,ClassOverlapping,english,0.9999962275511438,0,and,335.966552734375,497.953125,352.06610107421875,507.91571044921875,6,773
I.,1,1,0.0,I.,2,ClassOverlapping,confident_non_english,0.9999978193369868,1,I.,360.8132629394531,497.953125,367.1793518066406,507.91571044921875,6,773
Katakis.,1,7,0.0,Katakis.,2,ClassOverlapping,confident_non_english,0.9999956156101603,1,Katakis.,375.9364929199219,497.953125,412.4394226074219,507.91571044921875,6,773
Multi–label,1,10,0.0,Multi–label,2,ClassOverlapping,confident_non_english,0.99962963545718,1,Multilabel,259.7526550292969,509.9480895996094,309.62542724609375,519.9107055664062,6,773
classiﬁcation:,1,13,0.0,classiﬁcation:,2,ClassOverlapping,maybe_english,0.5365728451943912,0,classification:,321.85552978515625,509.9480895996094,379.6366271972656,519.9107055664062,6,773
an,1,1,0.0,an,2,ClassOverlapping,confident_non_english,0.9999959121155411,1,an,401.70977783203125,509.9480895996094,412.2861022949219,519.9107055664062,6,773
overview.,1,8,0.0,overview.,2,ClassOverlapping,maybe_english,0.42857184208426535,0,overview.,259.7526550292969,521.823486328125,300.43389892578125,531.7861328125,6,773
ing Min.,2,7,0.0,ing Min.,2,ClassOverlapping,confident_non_english,0.9999979755168174,1,ing Min.,259.7526550292969,533.8184204101562,297.14031982421875,543.7810668945312,6,773
[8] T. Jo and N. Japkowicz.,6,26,0.0,[8] T. Jo and N. Japkowicz.,2,ClassOverlapping,uncertain_non_english,0.8571403263206281,0,[8] T. Jo and N. Japkowicz.,244.15121459960938,545.8134155273438,377.2744140625,555.7760620117188,6,773
Class,1,4,0.0,Class,2,ClassOverlapping,english,0.8571370748340374,0,Class,389.3919372558594,545.8134155273438,412.25811767578125,555.7760620117188,6,773
imbalances versus small disjuncts.,4,33,0.0,imbalances versus small disjuncts.,2,ClassOverlapping,confident_non_english,0.9999956837341004,1,imbalances versus small disjuncts.,259.7526550292969,557.6888427734375,412.1604309082031,567.6514892578125,6,773
ACM,1,2,0.0,ACM,2,ClassOverlapping,confident_non_english,0.9997709097807372,1,ACM,259.7526550292969,569.683837890625,282.7164611816406,579.646484375,6,773
SIGKDD,1,5,0.0,SIGKDD,2,ClassOverlapping,confident_non_english,0.9999956361674904,1,SIGKDD,300.42498779296875,569.683837890625,340.36004638671875,579.646484375,6,773
Explorations,1,11,0.0772,Explorations,2,ClassOverlapping,maybe_english,0.6656831537535892,0,Explorations,358.1582336425781,569.683837890625,412.0210876464844,579.646484375,6,773
Newsletter,1,9,0.0,Newsletter,2,ClassOverlapping,confident_non_english,0.9999942562490749,1,Newsletter,259.7526550292969,581.5592651367188,304.9918212890625,591.5219116210938,6,773
"[9] J. Wu, H. Xiong, and J. Chen. Cog:",9,37,0.0,"[9] J. Wu, H. Xiong, and J. Chen. Cog:",2,ClassOverlapping,english,0.9999949890457239,0,"[9] J. Wu, H. Xiong, and J. Chen. Cog:",244.15122985839844,593.55419921875,412.3507385253906,603.516845703125,6,773
local decomposition for rare class,5,33,0.0,local decomposition for rare class,2,ClassOverlapping,uncertain_non_english,0.5714403967684583,0,local decomposition for rare class,259.7526550292969,605.5491943359375,412.224365234375,615.5118408203125,6,773
analysis.,1,8,0.0,analysis.,2,ClassOverlapping,uncertain_non_english,0.5714272591299973,0,analysis.,259.7526550292969,617.4246215820312,296.87725830078125,627.3872680664062,6,773
2010.,1,4,0.0,2010.,2,ClassOverlapping,unknown,,0,2010.,259.7526550292969,629.4195556640625,282.6825256347656,639.3822021484375,6,773
The 2010 International Conference on E-Business Intelligence ,8,60,0.4767,The 2010 International Conference on E-Business Intelligence ,2,ClassOverlapping,english,0.9999955135617984,0,The 2010 International Conference on E-Business Intelligence ,179.6551971435547,50.71527862548828,416.07562255859375,58.69527816772461,6,773
